,qkey,attribute,group,D_H,R_H
0,MADEUPSHARE2_W45,Overall,Overall,[0.10486347 0.89513653],0.006920697435070365
1,INFOKNOWd_W45,Overall,Overall,[0.58702275 0.41297725],0.011057053756083178
2,NEWSPROBb_W45,Overall,Overall,[0.51553323 0.35304104 0.09882389 0.03260184],0.011729069317290387
3,SMSHARE_W45,Overall,Overall,[0.08429397 0.28308086 0.22386839 0.04037394 0.36838284],0.004455662758405635
4,MADEUPOFT_W45,Overall,Overall,[0.3814991  0.51188557 0.08748221 0.01913312],0.007006892803537958
5,SMLIKESb_W45,Overall,Overall,[0.2587876  0.47709358 0.26411881],0.012692696014014047
6,INFOCHALe_W45,Overall,Overall,[0.45181111 0.33898532 0.1509082  0.05829537],0.021717502926495658
7,MADEUPSHAREWHY_W45,Overall,Overall,[0.27417429 0.08004275 0.18322408 0.46255888],0.0025890688101804665
8,INFORESTRICTb_W45,Overall,Overall,[0.69708783 0.30291217],0.016443366739934857
9,WATCHDOG_3_W45,Overall,Overall,[0.26762989 0.73237011],0.02218182954239334
10,MADEUPSHARE1_W45,Overall,Overall,[0.49071125 0.50928875],0.009299409603509431
11,SMLIKESe_W45,Overall,Overall,[0.78052242 0.17028249 0.04919508],0.00471655199308363
12,MADEUPRESa_W45,Overall,Overall,[0.63627638 0.36372362],0.006989774918439185
13,INFOCHALd_W45,Overall,Overall,[0.44385019 0.35783885 0.14565322 0.05265773],0.02446916647029038
14,INFOOWNd_W45,Overall,Overall,[0.77331332 0.22668668],0.00944325237715095
15,RESTRICTWHO_W45,Overall,Overall,[0.12170494 0.08977976 0.19800435 0.53916911 0.05134185],0.008944633140704813
16,SMLIKESa_W45,Overall,Overall,[0.57038962 0.31545061 0.11415977],0.011629458170577105
17,INFORESTRICTc_W45,Overall,Overall,[0.45926469 0.54073531],0.01028054476298565
18,MADEUPTOPICa_W45,Overall,Overall,[0.7499601  0.22114539 0.02889451 0.        ],0.00483979312998167
19,MADEUPSMCLICK_W45,Overall,Overall,[0.05295437 0.26244745 0.35476906 0.22696136 0.10286776],0.005867948108315592
20,MADEUPLEVELb_W45,Overall,Overall,[0.18346247 0.53132161 0.28521592 0.        ],0.005538568537450729
21,MADEUPRESb_W45,Overall,Overall,[0.43768388 0.56231612],0.00733337932261803
22,INFOKNOWa_W45,Overall,Overall,[0.4357992 0.5642008],0.010551150578785059
23,INFOCREATEd_W45,Overall,Overall,[0.35964296 0.50102808 0.13932896 0.        ],0.011996059189632
24,INFORESTRICTe_W45,Overall,Overall,[0.22557243 0.77442757],0.007797056959798557
25,ACCCHECK_W45,Overall,Overall,[0.2938771  0.46671661 0.17565213 0.06375416],0.00823248284538772
26,NEWSPREFV2_W45,Overall,Overall,[0.07610084 0.08517554 0.41453787 0.12549259 0.29869317],0.003942190245118877
27,SOURCESKEPb_W45,Overall,Overall,[0.02877405 0.36524994 0.4749215  0.13105451],0.004078922234624591
28,INFOCONFUSEd_W45,Overall,Overall,[0.47907395 0.41304094 0.08640653 0.02147858],0.0038380110940496514
29,MADEUPTOPICf_W45,Overall,Overall,[0.26411438 0.58112382 0.1547618  0.        ],0.00836937026670871
30,MADEUPDIS_W45,Overall,Overall,[0.15642968 0.45868139 0.29947044 0.08541849],0.0045811533891709465
31,NEWSPROBe_W45,Overall,Overall,[0.37621249 0.31787035 0.24939086 0.0565263 ],0.005746241698259408
32,MADEUPTOPICb_W45,Overall,Overall,[0.61692898 0.33026067 0.05281035 0.        ],0.005130379195950006
33,INFOCHALa_W45,Overall,Overall,[0.64914613 0.26146362 0.06520667 0.02418358],0.016928223790939483
34,INFOKNOWb_W45,Overall,Overall,[0.65967855 0.34032145],0.013471828492108403
35,MADEUPSMFOL1_W45,Overall,Overall,[0.50246791 0.49753209],0.008917797384245888
36,MADEUPRESd_W45,Overall,Overall,[0.32035045 0.67964955],0.008963653929247363
37,INFOWHYb_W45,Overall,Overall,[0.86772757 0.09869898 0.03357345],0.005125789003583545
38,INFOOWNc_W45,Overall,Overall,[0.59152653 0.40847347],0.012887530968033585
39,INFOCREATEa_W45,Overall,Overall,[0.37836847 0.41152949 0.21010204 0.        ],0.006176224245774298
40,SEEK_W45,Overall,Overall,[0.60245401 0.39754599],0.007430769263747632
41,INFORESTRICTd_W45,Overall,Overall,[0.62767214 0.37232786],0.012817845886101025
42,INFOCONFUSEa_W45,Overall,Overall,[0.67240854 0.24451023 0.05191602 0.03116521],0.0025894110967404084
43,WATCHDOG_1_W45,Overall,Overall,[0.30255476 0.69744524],0.029692977687910335
44,MADEUPIMPd_W45,Overall,Overall,[0.35574279 0.42245848 0.16945422 0.05234451],0.010318494418151379
45,INFOOWNb_W45,Overall,Overall,[0.7945303 0.2054697],0.015287878183118683
46,SMSHARER_W45,Overall,Overall,[0.11975794 0.88024206],0.013038401103805528
47,FCFAIR_W45,Overall,Overall,[0.51361074 0.48638926],0.022255300840826636
48,INFOCONFUSEe_W45,Overall,Overall,[0.63412579 0.27033877 0.06241337 0.03312207],0.004316659911889583
49,MADEUPTOPICe_W45,Overall,Overall,[0.18349147 0.44269788 0.37381065 0.        ],0.004239974999195197
50,INFOOWNa_W45,Overall,Overall,[0.63880941 0.36119059],0.014412837221896286
51,INFOCHALb_W45,Overall,Overall,[0.42699181 0.41048361 0.12866002 0.03386457],0.020199762926803037
52,INFOWHYa_W45,Overall,Overall,[0.71258806 0.22325935 0.06415259],0.006334174884783691
53,SOURCESKEPc_W45,Overall,Overall,[0.04365454 0.48494833 0.37658626 0.09481087],0.001614856554417784
54,SOURCESKEPa_W45,Overall,Overall,[0.36477525 0.49196    0.10391983 0.03934492],0.002432761165223888
55,INFOCHALc_W45,Overall,Overall,[0.41297453 0.41282201 0.14069746 0.033506  ],0.018832716631337877
56,DIGWDOG_3_W45,Overall,Overall,[0.31120007 0.32202443 0.3667755 ],0.007834649063119054
57,VIDOFT_W45,Overall,Overall,[0.15178576 0.51792853 0.26580357 0.06448215],0.015155413382449273
58,MADEUPLEVELa_W45,Overall,Overall,[0.59054858 0.36263165 0.04681977 0.        ],0.007133304207867466
59,INFOCREATEc_W45,Overall,Overall,[0.26493663 0.54718688 0.18787649 0.        ],0.008404075665557823
60,MADEUPIMPb_W45,Overall,Overall,[0.5457362  0.3436769  0.08635271 0.02423419],0.005566837370664474
61,INFOCONFUSEc_W45,Overall,Overall,[0.51997051 0.37576848 0.08103214 0.02322887],0.004082273864002758
62,SMLIKESd_W45,Overall,Overall,[0.1326906  0.34610931 0.52120009],0.004232948995370859
63,NEWS_PLATFORMh_W45,Overall,Overall,[0.43092812 0.32847477 0.15606158 0.08453554],0.001358453679143944
64,INFOCONFUSEb_W45,Overall,Overall,[0.24682767 0.48049116 0.21927774 0.05340343],0.009406310847870648
65,NEWS_PLATFORMg_W45,Overall,Overall,[0.25443501 0.29191268 0.21303108 0.24062124],0.0012042796630672835
66,NEWSPROBc_W45,Overall,Overall,[0.16907398 0.33324293 0.29708423 0.20059887],0.008078504896948967
67,ONLINESOURCE_W45,Overall,Overall,[0.84621848 0.15378152],0.2114150310081775
68,MADEUPSOLVE_W45,Overall,Overall,[0.10428068 0.32755372 0.5681656 ],0.010584237625480076
69,INFOCREATEe_W45,Overall,Overall,[0.54086666 0.38735063 0.07178272 0.        ],0.007573005905002342
70,MADEUPSMFOL2_W45,Overall,Overall,[0.50322409 0.49677591],0.008531134730361583
71,MADEUPIMPc_W45,Overall,Overall,[0.51207569 0.34591941 0.10631925 0.03568566],0.00833247712720608
72,DISAVOID_W45,Overall,Overall,[0.49754521 0.50245479],0.00386667283653379
73,INFOOWNe_W45,Overall,Overall,[0.53638497 0.46361503],0.011851540559201953
74,INFOKNOWe_W45,Overall,Overall,[0.38238002 0.61761998],0.010312066095530183
75,SMLIKESf_W45,Overall,Overall,[0.49128017 0.40823968 0.10048015],0.00467535463783251
76,INFOWHYd_W45,Overall,Overall,[0.124816   0.41148648 0.46369752],0.005989643760872514
77,NEWSPROBa_W45,Overall,Overall,[0.49451492 0.3556181  0.12324605 0.02662093],0.009376915638208446
78,MADEUPIMPe_W45,Overall,Overall,[0.3611096  0.42174678 0.1768111  0.04033252],0.007597041686467043
79,NEWSPROBd_W45,Overall,Overall,[0.18839743 0.42038871 0.28309259 0.10812127],0.0076075149715519015
80,SOURCESKEPe_W45,Overall,Overall,[0.0415081  0.32512551 0.3906081  0.2427583 ],0.010047015491367802
81,INFOWHYc_W45,Overall,Overall,[0.49325996 0.39636353 0.11037651],0.0064620442795611365
82,MADEUPTOPICc_W45,Overall,Overall,[0.17706951 0.5189354  0.30399509 0.        ],0.0037123066445153047
83,MADEUPTOPICd_W45,Overall,Overall,[0.28023231 0.52957332 0.19019437 0.        ],0.005658502841667644
84,INFOCREATEb_W45,Overall,Overall,[0.58621524 0.35955748 0.05422727 0.        ],0.00613944788319703
85,SNSUSE_W45,Overall,Overall,[0.75088059 0.24911941],0.0041261580359956565
86,MEDIALOYAL3_W45,Overall,Overall,[0.39369711 0.60630289],0.006952780041043982
87,MADEUPRESc_W45,Overall,Overall,[0.78137526 0.21862474],0.007600941023875243
88,SMLIKESc_W45,Overall,Overall,[0.35685646 0.40464708 0.23849646],0.012351824094280596
89,LEAD_W45,Overall,Overall,[0.70371925 0.29628075],0.01449792800438379
90,INFOKNOWc_W45,Overall,Overall,[0.46006369 0.53993631],0.009985051800458599
91,MADEUPIMPa_W45,Overall,Overall,[0.68167388 0.24136207 0.05492668 0.02203737],0.00499752510596621
92,INFORESTRICTa_W45,Overall,Overall,[0.20572388 0.79427612],0.00900765206794501
93,MADEUPRESe_W45,Overall,Overall,[0.53128226 0.46871774],0.01373408940088968
94,SOURCESKEPd_W45,Overall,Overall,[0.14657341 0.64960221 0.17351549 0.0303089 ],0.002559220856704448
0,MADEUPSHARE2_W45,CREGION,Midwest,[0.107589 0.892411],0.007898674739601408
1,MADEUPSHARE2_W45,CREGION,Northeast,[0.08510186 0.91489814],0.007796728648085538
2,MADEUPSHARE2_W45,CREGION,South,[0.11401893 0.88598107],0.008627522285082408
3,MADEUPSHARE2_W45,CREGION,West,[0.10271229 0.89728771],0.0026570392001362434
4,INFOKNOWd_W45,CREGION,Midwest,[0.57694593 0.42305407],0.006601876207863487
5,INFOKNOWd_W45,CREGION,Northeast,[0.5774647 0.4225353],0.012349630059674764
6,INFOKNOWd_W45,CREGION,South,[0.59799972 0.40200028],0.01444919772576822
7,INFOKNOWd_W45,CREGION,West,[0.58568195 0.41431805],0.008598970207582355
8,NEWSPROBb_W45,CREGION,Midwest,[0.53227844 0.3578564  0.09051689 0.01934827],0.01239665092213035
9,NEWSPROBb_W45,CREGION,Northeast,[0.53266871 0.35291528 0.102995   0.01142101],0.025731076219058707
10,NEWSPROBb_W45,CREGION,South,[0.48244025 0.35955788 0.10503935 0.05296252],0.0037706368862194146
11,NEWSPROBb_W45,CREGION,West,[0.54085832 0.33843221 0.09318383 0.02752564],0.0132335572910738
12,SMSHARE_W45,CREGION,Midwest,[0.07036399 0.31088693 0.23811382 0.02822747 0.35240779],0.0046182102102814105
13,SMSHARE_W45,CREGION,Northeast,[0.08255837 0.23181657 0.2282589  0.04296098 0.41440517],0.0015609072387190817
14,SMSHARE_W45,CREGION,South,[0.0971607  0.29068017 0.21068948 0.04768311 0.35378654],0.005809974424928381
15,SMSHARE_W45,CREGION,West,[0.07641265 0.28498291 0.22991253 0.03695309 0.37173883],0.0042586512774460995
16,MADEUPOFT_W45,CREGION,Midwest,[0.36782159 0.54461763 0.0712705  0.01629028],0.005568008466474356
17,MADEUPOFT_W45,CREGION,Northeast,[0.36648095 0.5066304  0.10583532 0.02105333],0.012890863001859194
18,MADEUPOFT_W45,CREGION,South,[0.3871389  0.49245343 0.09289227 0.0275154 ],0.006190750166300732
19,MADEUPOFT_W45,CREGION,West,[0.39584688 0.51789655 0.07945722 0.00679936],0.0051508254098551805
20,SMLIKESb_W45,CREGION,Midwest,[0.25511942 0.53985967 0.20502092],0.007238415844212964
21,SMLIKESb_W45,CREGION,Northeast,[0.28874764 0.40820256 0.3030498 ],0.01934259234963296
22,SMLIKESb_W45,CREGION,South,[0.24789114 0.49717364 0.25493522],0.011425508337150423
23,SMLIKESb_W45,CREGION,West,[0.25662117 0.44009432 0.30328451],0.014528288506280681
24,INFOCHALe_W45,CREGION,Midwest,[0.41761636 0.37045364 0.16455547 0.04737453],0.018561825940157966
25,INFOCHALe_W45,CREGION,Northeast,[0.47230336 0.32720757 0.14651368 0.05397539],0.03556344154935927
26,INFOCHALe_W45,CREGION,South,[0.45182759 0.33601708 0.15484908 0.05730625],0.01574702953182027
27,INFOCHALe_W45,CREGION,West,[0.46700436 0.32449532 0.13564759 0.07285274],0.023634929463847557
28,MADEUPSHAREWHY_W45,CREGION,Midwest,[0.26867493 0.03527758 0.21281493 0.48323256],0.0
29,MADEUPSHAREWHY_W45,CREGION,Northeast,[0.32925064 0.18493911 0.08400141 0.40180884],0.0
30,MADEUPSHAREWHY_W45,CREGION,South,[0.27287317 0.04335686 0.20656056 0.47720942],0.006318046866281103
31,MADEUPSHAREWHY_W45,CREGION,West,[0.24728407 0.12062852 0.17659033 0.45549707],0.0
32,INFORESTRICTb_W45,CREGION,Midwest,[0.70307895 0.29692105],0.013510870173642017
33,INFORESTRICTb_W45,CREGION,Northeast,[0.72660611 0.27339389],0.019931060527441567
34,INFORESTRICTb_W45,CREGION,South,[0.66765226 0.33234774],0.016914478972191456
35,INFORESTRICTb_W45,CREGION,West,[0.71668643 0.28331357],0.015658217858979678
36,WATCHDOG_3_W45,CREGION,Midwest,[0.27638401 0.72361599],0.02088712755557228
37,WATCHDOG_3_W45,CREGION,Northeast,[0.28104647 0.71895353],0.0228267511941659
38,WATCHDOG_3_W45,CREGION,South,[0.26201509 0.73798491],0.022050693839692166
39,WATCHDOG_3_W45,CREGION,West,[0.25872459 0.74127541],0.023053928390981013
40,MADEUPSHARE1_W45,CREGION,Midwest,[0.51400087 0.48599913],0.01580282551724742
41,MADEUPSHARE1_W45,CREGION,Northeast,[0.47754368 0.52245632],0.008328541270628313
42,MADEUPSHARE1_W45,CREGION,South,[0.49990412 0.50009588],0.007031563523049589
43,MADEUPSHARE1_W45,CREGION,West,[0.46540305 0.53459695],0.007896009079084509
44,SMLIKESe_W45,CREGION,Midwest,[0.82084886 0.14060877 0.03854237],0.008814803247848505
45,SMLIKESe_W45,CREGION,Northeast,[0.78523068 0.1489139  0.06585542],0.012454091550759838
46,SMLIKESe_W45,CREGION,South,[0.75673523 0.18704629 0.05621848],0.0018969156610465277
47,SMLIKESe_W45,CREGION,West,[0.78270051 0.18367537 0.03362412],0.0
48,MADEUPRESa_W45,CREGION,Midwest,[0.65769552 0.34230448],0.003560674725917008
49,MADEUPRESa_W45,CREGION,Northeast,[0.59877686 0.40122314],0.014491752318503647
50,MADEUPRESa_W45,CREGION,South,[0.63955887 0.36044113],0.007471313532683998
51,MADEUPRESa_W45,CREGION,West,[0.64002315 0.35997685],0.003599101313861147
52,INFOCHALd_W45,CREGION,Midwest,[0.42161455 0.37469219 0.15271117 0.05098209],0.01717764655925627
53,INFOCHALd_W45,CREGION,Northeast,[0.46626764 0.33817441 0.16102208 0.03453588],0.04326553202107103
54,INFOCHALd_W45,CREGION,South,[0.43435638 0.35901538 0.14879679 0.05783145],0.023069927342237284
55,INFOCHALd_W45,CREGION,West,[0.46226442 0.35545414 0.12305237 0.05922907],0.018995484962711008
56,INFOOWNd_W45,CREGION,Midwest,[0.78671177 0.21328823],0.010380667556889161
57,INFOOWNd_W45,CREGION,Northeast,[0.78856676 0.21143324],0.009266084874874726
58,INFOOWNd_W45,CREGION,South,[0.76026478 0.23973522],0.00623554748377198
59,INFOOWNd_W45,CREGION,West,[0.77088896 0.22911104],0.013885046420530326
60,RESTRICTWHO_W45,CREGION,Midwest,[0.10394212 0.07427804 0.22312546 0.55315893 0.04549544],0.011595206429909452
61,RESTRICTWHO_W45,CREGION,Northeast,[0.10885769 0.10969807 0.18379558 0.55229699 0.04535166],0.01685806314363677
62,RESTRICTWHO_W45,CREGION,South,[0.12646631 0.07791841 0.18164697 0.55863497 0.05533334],0.006091905492138594
63,RESTRICTWHO_W45,CREGION,West,[0.13932207 0.1075778  0.2126432  0.48588384 0.05457309],0.005192077208211292
64,SMLIKESa_W45,CREGION,Midwest,[0.55559524 0.35017239 0.09423238],0.011786590046055935
65,SMLIKESa_W45,CREGION,Northeast,[0.58714889 0.28525901 0.1275921 ],0.0054040999958419825
66,SMLIKESa_W45,CREGION,South,[0.58272549 0.30441545 0.11285906],0.012768107554342246
67,SMLIKESa_W45,CREGION,West,[0.55029165 0.32578505 0.12392329],0.014528288506280677
68,INFORESTRICTc_W45,CREGION,Midwest,[0.46385903 0.53614097],0.008805971751098825
69,INFORESTRICTc_W45,CREGION,Northeast,[0.45491467 0.54508533],0.016383992647805594
70,INFORESTRICTc_W45,CREGION,South,[0.44730332 0.55269668],0.006725547126552111
71,INFORESTRICTc_W45,CREGION,West,[0.47772456 0.52227544],0.012679038679952372
72,MADEUPTOPICa_W45,CREGION,Midwest,[0.75400937 0.2202078  0.02578284 0.        ],0.005886009548132603
73,MADEUPTOPICa_W45,CREGION,Northeast,[0.74908773 0.23304125 0.01787103 0.        ],0.008186225141800436
74,MADEUPTOPICa_W45,CREGION,South,[0.75860983 0.20843847 0.0329517  0.        ],0.005680120920726868
75,MADEUPTOPICa_W45,CREGION,West,[0.73292366 0.23377269 0.03330365 0.        ],0.0
76,MADEUPSMCLICK_W45,CREGION,Midwest,[0.05234966 0.29249102 0.38673086 0.18544864 0.08297982],0.005321558563182803
77,MADEUPSMCLICK_W45,CREGION,Northeast,[0.07087588 0.23888287 0.32193662 0.24959411 0.11871052],0.008530795225461366
78,MADEUPSMCLICK_W45,CREGION,South,[0.04885161 0.26446021 0.34946377 0.23729129 0.09993312],0.007516301179330555
79,MADEUPSMCLICK_W45,CREGION,West,[0.04655056 0.25004466 0.36024204 0.22955442 0.11360832],0.0014687393167761352
80,MADEUPLEVELb_W45,CREGION,Midwest,[0.17656993 0.53701681 0.28641325 0.        ],0.008122302701313965
81,MADEUPLEVELb_W45,CREGION,Northeast,[0.20005479 0.48150106 0.31844414 0.        ],0.013762277951732843
82,MADEUPLEVELb_W45,CREGION,South,[0.18738237 0.54717746 0.26544017 0.        ],0.002933807075925713
83,MADEUPLEVELb_W45,CREGION,West,[0.17090655 0.53810367 0.29098978 0.        ],0.0012256275401398523
84,MADEUPRESb_W45,CREGION,Midwest,[0.43445494 0.56554506],0.006981701692697803
85,MADEUPRESb_W45,CREGION,Northeast,[0.43562195 0.56437805],0.012589403659097316
86,MADEUPRESb_W45,CREGION,South,[0.44163277 0.55836723],0.005129781568527045
87,MADEUPRESb_W45,CREGION,West,[0.43575624 0.56424376],0.007209765969936689
88,INFOKNOWa_W45,CREGION,Midwest,[0.44218042 0.55781958],0.007519683955980569
89,INFOKNOWa_W45,CREGION,Northeast,[0.42775273 0.57224727],0.017141078609343042
90,INFOKNOWa_W45,CREGION,South,[0.44466007 0.55533993],0.011799026150774891
91,INFOKNOWa_W45,CREGION,West,[0.42203178 0.57796822],0.006268058822107462
92,INFOCREATEd_W45,CREGION,Midwest,[0.33174183 0.51235743 0.15590074 0.        ],0.01625401090501901
93,INFOCREATEd_W45,CREGION,Northeast,[0.38058243 0.50477237 0.11464519 0.        ],0.012292160748635914
94,INFOCREATEd_W45,CREGION,South,[0.35616268 0.49773083 0.14610649 0.        ],0.007611202343759269
95,INFOCREATEd_W45,CREGION,West,[0.37417136 0.49353587 0.13229277 0.        ],0.014947183683212465
96,INFORESTRICTe_W45,CREGION,Midwest,[0.24328609 0.75671391],0.012749547397257257
97,INFORESTRICTe_W45,CREGION,Northeast,[0.21484396 0.78515604],0.00651241252434046
98,INFORESTRICTe_W45,CREGION,South,[0.22902565 0.77097435],0.005807032605002307
99,INFORESTRICTe_W45,CREGION,West,[0.21250079 0.78749921],0.0075612862594760955
100,ACCCHECK_W45,CREGION,Midwest,[0.28386672 0.43294149 0.2125585  0.07063329],0.009829101580366229
101,ACCCHECK_W45,CREGION,Northeast,[0.30407454 0.49096959 0.1460882  0.05886767],0.010224931113831125
102,ACCCHECK_W45,CREGION,South,[0.29635021 0.46071221 0.17578921 0.06714837],0.010166519303752555
103,ACCCHECK_W45,CREGION,West,[0.29112571 0.48784205 0.16507199 0.05596025],0.002213380973021052
104,NEWSPREFV2_W45,CREGION,Midwest,[0.08436422 0.088758   0.41272739 0.13053458 0.2836158 ],0.0016076387126100788
105,NEWSPREFV2_W45,CREGION,Northeast,[0.09821246 0.07835656 0.37935094 0.12533558 0.31874447],0.0038805405560130984
106,NEWSPREFV2_W45,CREGION,South,[0.06366597 0.07359672 0.45759759 0.12654855 0.27859116],0.003963123618540974
107,NEWSPREFV2_W45,CREGION,West,[0.07198018 0.10573165 0.37362391 0.11942263 0.32924163],0.00602640957215533
108,SOURCESKEPb_W45,CREGION,Midwest,[0.02557184 0.35235412 0.49083427 0.13123977],0.0018442454716716377
109,SOURCESKEPb_W45,CREGION,Northeast,[0.02552916 0.39204533 0.46199665 0.12042886],0.0063722929001893995
110,SOURCESKEPb_W45,CREGION,South,[0.03295395 0.3446738  0.48298895 0.1393833 ],0.004470609561681619
111,SOURCESKEPb_W45,CREGION,West,[0.02737024 0.38948965 0.45758818 0.12555194],0.003703230200167235
112,INFOCONFUSEd_W45,CREGION,Midwest,[0.48570176 0.41954698 0.0717473  0.02300396],0.004345742419936359
113,INFOCONFUSEd_W45,CREGION,Northeast,[0.4759143  0.43602253 0.07089573 0.01716744],0.007894750486026992
114,INFOCONFUSEd_W45,CREGION,South,[0.48154584 0.40110793 0.09312887 0.02421737],0.0036795436612586923
115,INFOCONFUSEd_W45,CREGION,West,[0.47163435 0.40913542 0.10024504 0.01898518],0.0005800133379018366
116,MADEUPTOPICf_W45,CREGION,Midwest,[0.21271358 0.60905921 0.17822721 0.        ],0.007169354234575386
117,MADEUPTOPICf_W45,CREGION,Northeast,[0.31892484 0.51276969 0.16830547 0.        ],0.02390793608907761
118,MADEUPTOPICf_W45,CREGION,South,[0.27676078 0.58155704 0.14168217 0.        ],0.005997397431682664
119,MADEUPTOPICf_W45,CREGION,West,[0.24974548 0.60612105 0.14413347 0.        ],0.0013843359983540349
120,MADEUPDIS_W45,CREGION,Midwest,[0.15152541 0.48270609 0.29610329 0.06966521],0.0030471561873891277
121,MADEUPDIS_W45,CREGION,Northeast,[0.1658929  0.47956069 0.27490719 0.07963922],0.010887079172178887
122,MADEUPDIS_W45,CREGION,South,[0.14861859 0.4540594  0.30307851 0.0942435 ],0.003806984766991804
123,MADEUPDIS_W45,CREGION,West,[0.16619571 0.42915238 0.31506224 0.08958967],0.0024237831420036633
124,NEWSPROBe_W45,CREGION,Midwest,[0.37429829 0.30648457 0.25987843 0.05933871],0.01143667540110241
125,NEWSPROBe_W45,CREGION,Northeast,[0.38190161 0.29644975 0.25172158 0.06992706],0.006676546623536647
126,NEWSPROBe_W45,CREGION,South,[0.39778786 0.33129049 0.21814077 0.05278088],0.00478556012903194
127,NEWSPROBe_W45,CREGION,West,[0.33872943 0.32234568 0.28893252 0.04999237],0.001556850859139662
128,MADEUPTOPICb_W45,CREGION,Midwest,[0.624918   0.30913881 0.06594319 0.        ],0.004094878222831298
129,MADEUPTOPICb_W45,CREGION,Northeast,[0.56938721 0.38600773 0.04460506 0.        ],0.013901139679630893
130,MADEUPTOPICb_W45,CREGION,South,[0.6326543  0.31709787 0.05024783 0.        ],0.002107311480200289
131,MADEUPTOPICb_W45,CREGION,West,[0.62072689 0.32804557 0.05122754 0.        ],0.004156073244937504
132,INFOCHALa_W45,CREGION,Midwest,[0.65251942 0.25886201 0.06323607 0.02538249],0.011805214053332024
133,INFOCHALa_W45,CREGION,Northeast,[0.66037999 0.2391212  0.08239718 0.01810162],0.034778466741933224
134,INFOCHALa_W45,CREGION,South,[0.62533192 0.28248    0.05981528 0.0323728 ],0.011658656209204993
135,INFOCHALa_W45,CREGION,West,[0.67616326 0.24649036 0.06291289 0.01443349],0.016446131195381068
136,INFOKNOWb_W45,CREGION,Midwest,[0.67170073 0.32829927],0.010774715518242535
137,INFOKNOWb_W45,CREGION,Northeast,[0.67338345 0.32661655],0.01803702821676381
138,INFOKNOWb_W45,CREGION,South,[0.65055557 0.34944443],0.013301722849533756
139,INFOKNOWb_W45,CREGION,West,[0.65331405 0.34668595],0.012692134587032224
140,MADEUPSMFOL1_W45,CREGION,Midwest,[0.52522646 0.47477354],0.009709304652186088
141,MADEUPSMFOL1_W45,CREGION,Northeast,[0.47305636 0.52694364],0.007865309488081248
142,MADEUPSMFOL1_W45,CREGION,South,[0.50553162 0.49446838],0.011499704936138406
143,MADEUPSMFOL1_W45,CREGION,West,[0.49955609 0.50044391],0.004610262648731494
144,MADEUPRESd_W45,CREGION,Midwest,[0.32167371 0.67832629],0.007303573723746105
145,MADEUPRESd_W45,CREGION,Northeast,[0.28071364 0.71928636],0.010340871010775006
146,MADEUPRESd_W45,CREGION,South,[0.33029655 0.66970345],0.011022496340268908
147,MADEUPRESd_W45,CREGION,West,[0.33310448 0.66689552],0.0060982367410185164
148,INFOWHYb_W45,CREGION,Midwest,[0.87900564 0.09664745 0.02434691],0.0036906480996386952
149,INFOWHYb_W45,CREGION,Northeast,[0.88046322 0.08896321 0.03057358],0.006947116162385101
150,INFOWHYb_W45,CREGION,South,[0.85118796 0.10575418 0.04305786],0.0037853748747530957
151,INFOWHYb_W45,CREGION,West,[0.87466544 0.09653108 0.02880349],0.0071723570106726935
152,INFOOWNc_W45,CREGION,Midwest,[0.58902276 0.41097724],0.009251501942043846
153,INFOOWNc_W45,CREGION,Northeast,[0.60754742 0.39245258],0.02329708569005893
154,INFOOWNc_W45,CREGION,South,[0.58755919 0.41244081],0.009345778507479353
155,INFOOWNc_W45,CREGION,West,[0.58816951 0.41183049],0.013932830216503407
156,INFOCREATEa_W45,CREGION,Midwest,[0.37656952 0.43670433 0.18672615 0.        ],0.005910505755060958
157,INFOCREATEa_W45,CREGION,Northeast,[0.38629883 0.39584562 0.21785555 0.        ],0.0064645959483500435
158,INFOCREATEa_W45,CREGION,South,[0.40225639 0.40112301 0.1966206  0.        ],0.0056531166999663285
159,INFOCREATEa_W45,CREGION,West,[0.3358855  0.41779501 0.24631949 0.        ],0.007029290995712339
160,SEEK_W45,CREGION,Midwest,[0.57491108 0.42508892],0.005138031526108303
161,SEEK_W45,CREGION,Northeast,[0.60786319 0.39213681],0.007340384600322218
162,SEEK_W45,CREGION,South,[0.59627543 0.40372457],0.007562059066732275
163,SEEK_W45,CREGION,West,[0.63282101 0.36717899],0.009322749482126157
164,INFORESTRICTd_W45,CREGION,Midwest,[0.62840002 0.37159998],0.012620950165768677
165,INFORESTRICTd_W45,CREGION,Northeast,[0.6476963 0.3523037],0.00891088797227596
166,INFORESTRICTd_W45,CREGION,South,[0.5972418 0.4027582],0.013151982469535337
167,INFORESTRICTd_W45,CREGION,West,[0.66068429 0.33931571],0.015405554915500582
168,INFOCONFUSEa_W45,CREGION,Midwest,[0.69078141 0.24618884 0.03589276 0.02713699],0.004408368623871281
169,INFOCONFUSEa_W45,CREGION,Northeast,[0.66335544 0.2585336  0.04409166 0.03401931],0.004673839262840153
170,INFOCONFUSEa_W45,CREGION,South,[0.6613323  0.23708244 0.06446401 0.03712125],0.0005914560050719967
171,INFOCONFUSEa_W45,CREGION,West,[0.68073876 0.2443885  0.05185228 0.02302046],0.0026039525510515448
172,WATCHDOG_1_W45,CREGION,Midwest,[0.33579839 0.66420161],0.029735150427608048
173,WATCHDOG_1_W45,CREGION,Northeast,[0.28120625 0.71879375],0.032463264583261355
174,WATCHDOG_1_W45,CREGION,South,[0.30506279 0.69493721],0.029748456876984797
175,WATCHDOG_1_W45,CREGION,West,[0.28514813 0.71485187],0.02747604784527063
176,MADEUPIMPd_W45,CREGION,Midwest,[0.35528458 0.44376618 0.16360669 0.03734255],0.010521162586469793
177,MADEUPIMPd_W45,CREGION,Northeast,[0.3676725  0.40582585 0.16680975 0.0596919 ],0.013576492295597337
178,MADEUPIMPd_W45,CREGION,South,[0.3579552  0.41065548 0.17545262 0.0559367 ],0.008590178518229291
179,MADEUPIMPd_W45,CREGION,West,[0.34362325 0.43501546 0.16700174 0.05435954],0.010449331313038256
180,INFOOWNb_W45,CREGION,Midwest,[0.81307694 0.18692306],0.011930969218025311
181,INFOOWNb_W45,CREGION,Northeast,[0.84030208 0.15969792],0.018319904513186176
182,INFOOWNb_W45,CREGION,South,[0.76732533 0.23267467],0.015874493388607205
183,INFOOWNb_W45,CREGION,West,[0.78715083 0.21284917],0.015038072075572964
184,SMSHARER_W45,CREGION,Midwest,[0.11696038 0.88303962],0.010604334111723053
185,SMSHARER_W45,CREGION,Northeast,[0.12389863 0.87610137],0.01117938879283453
186,SMSHARER_W45,CREGION,South,[0.12699321 0.87300679],0.01150320119651199
187,SMSHARER_W45,CREGION,West,[0.10661194 0.89338806],0.01933303215565617
188,FCFAIR_W45,CREGION,Midwest,[0.49249759 0.50750241],0.01814963413583718
189,FCFAIR_W45,CREGION,Northeast,[0.58368426 0.41631574],0.028088108300933792
190,FCFAIR_W45,CREGION,South,[0.50552627 0.49447373],0.021279625965569367
191,FCFAIR_W45,CREGION,West,[0.49280486 0.50719514],0.02305946123602166
192,INFOCONFUSEe_W45,CREGION,Midwest,[0.61979154 0.29900327 0.04768812 0.03351707],0.0019355664863204558
193,INFOCONFUSEe_W45,CREGION,Northeast,[0.65954036 0.26211202 0.04845373 0.02989389],0.007482923357304426
194,INFOCONFUSEe_W45,CREGION,South,[0.61415391 0.26380432 0.08038633 0.04165544],0.00492529426618931
195,INFOCONFUSEe_W45,CREGION,West,[0.65970504 0.26151016 0.0572359  0.0215489 ],0.003064515882744756
196,MADEUPTOPICe_W45,CREGION,Midwest,[0.16659568 0.43475229 0.39865203 0.        ],0.002557884952933434
197,MADEUPTOPICe_W45,CREGION,Northeast,[0.18889072 0.45513025 0.35597903 0.        ],0.008093362246040476
198,MADEUPTOPICe_W45,CREGION,South,[0.18363913 0.43926758 0.37709329 0.        ],0.005362752223438482
199,MADEUPTOPICe_W45,CREGION,West,[0.19377277 0.44597522 0.36025201 0.        ],0.0010479256945165136
200,INFOOWNa_W45,CREGION,Midwest,[0.65359248 0.34640752],0.01260713964312738
201,INFOOWNa_W45,CREGION,Northeast,[0.65429357 0.34570643],0.021719715385481845
202,INFOOWNa_W45,CREGION,South,[0.62961715 0.37038285],0.015029881626730494
203,INFOOWNa_W45,CREGION,West,[0.62884042 0.37115958],0.009511974139257808
204,INFOCHALb_W45,CREGION,Midwest,[0.41649343 0.44086368 0.11276989 0.02987299],0.018181258760532164
205,INFOCHALb_W45,CREGION,Northeast,[0.41909057 0.38952462 0.16469382 0.02669099],0.03386930891567105
206,INFOCHALb_W45,CREGION,South,[0.4112232  0.40543381 0.13883877 0.04450422],0.016542618732899295
207,INFOCHALb_W45,CREGION,West,[0.46745544 0.4072013  0.09968146 0.02566181],0.017534695676525103
208,INFOWHYa_W45,CREGION,Midwest,[0.7052316  0.22756069 0.0672077 ],0.004983748479685177
209,INFOWHYa_W45,CREGION,Northeast,[0.70625544 0.22257475 0.07116981],0.015219987116461421
210,INFOWHYa_W45,CREGION,South,[0.71421612 0.21678918 0.0689947 ],0.002948494228988283
211,INFOWHYa_W45,CREGION,West,[0.7212416  0.23035203 0.04840637],0.006251491768108854
212,SOURCESKEPc_W45,CREGION,Midwest,[0.04334103 0.48872869 0.37765487 0.09027542],0.0010202816123825362
213,SOURCESKEPc_W45,CREGION,Northeast,[0.05135621 0.50526558 0.36822036 0.07515786],0.0039781338578619915
214,SOURCESKEPc_W45,CREGION,South,[0.03900336 0.48703806 0.36458426 0.10937432],0.0017227644698033365
215,SOURCESKEPc_W45,CREGION,West,[0.0455836  0.46297949 0.40112991 0.09030699],0.00018600066509942583
216,SOURCESKEPa_W45,CREGION,Midwest,[0.35190062 0.52273671 0.09227243 0.03309025],0.0009304942480786127
217,SOURCESKEPa_W45,CREGION,Northeast,[0.39477808 0.478799   0.08757726 0.03884566],0.0
218,SOURCESKEPa_W45,CREGION,South,[0.36194287 0.47786997 0.1172561  0.04293106],0.003822257490349226
219,SOURCESKEPa_W45,CREGION,West,[0.35804357 0.49711994 0.10529428 0.03954221],0.0033750679350544733
220,INFOCHALc_W45,CREGION,Midwest,[0.40812739 0.42178655 0.14380005 0.02628601],0.01142490379317142
221,INFOCHALc_W45,CREGION,Northeast,[0.4361515  0.39908723 0.13415162 0.03060966],0.03682688231851985
222,INFOCHALc_W45,CREGION,South,[0.39915261 0.41116975 0.14798133 0.04169631],0.016034382371669244
223,INFOCHALc_W45,CREGION,West,[0.42232383 0.41762614 0.13109361 0.02895641],0.016309398971537152
224,DIGWDOG_3_W45,CREGION,Midwest,[0.33469786 0.32009996 0.34520218],0.008175893022522107
225,DIGWDOG_3_W45,CREGION,Northeast,[0.29819575 0.32698122 0.37482303],0.007725492541097475
226,DIGWDOG_3_W45,CREGION,South,[0.29288467 0.32854553 0.37856979],0.007425731123236449
227,DIGWDOG_3_W45,CREGION,West,[0.32972496 0.30951397 0.36076107],0.008270941192120546
228,VIDOFT_W45,CREGION,Midwest,[0.12584712 0.53783047 0.27981813 0.05650427],0.015224280553941434
229,VIDOFT_W45,CREGION,Northeast,[0.14754504 0.49744515 0.30397892 0.05103089],0.022607997987868958
230,VIDOFT_W45,CREGION,South,[0.16703701 0.49587531 0.25318965 0.08389803],0.009416098466265187
231,VIDOFT_W45,CREGION,West,[0.15339915 0.5512747  0.24503457 0.05029158],0.018666396049456795
232,MADEUPLEVELa_W45,CREGION,Midwest,[0.60598083 0.35247927 0.0415399  0.        ],0.004673535542456404
233,MADEUPLEVELa_W45,CREGION,Northeast,[0.62123702 0.33248657 0.0462764  0.        ],0.0186641059107922
234,MADEUPLEVELa_W45,CREGION,South,[0.58130542 0.35979568 0.0588989  0.        ],0.0039469487840576795
235,MADEUPLEVELa_W45,CREGION,West,[0.56883503 0.39852724 0.03263773 0.        ],0.00573971251678534
236,INFOCREATEc_W45,CREGION,Midwest,[0.26341597 0.5610868  0.17549722 0.        ],0.010715838333910375
237,INFOCREATEc_W45,CREGION,Northeast,[0.25846721 0.56139737 0.18013542 0.        ],0.0136244410533295
238,INFOCREATEc_W45,CREGION,South,[0.27502614 0.53802365 0.18695021 0.        ],0.006135929009535235
239,INFOCREATEc_W45,CREGION,West,[0.25521677 0.53867659 0.20610664 0.        ],0.005989501086472212
240,MADEUPIMPb_W45,CREGION,Midwest,[0.53067954 0.3677824  0.08306241 0.01847565],0.006488606916310135
241,MADEUPIMPb_W45,CREGION,Northeast,[0.58400185 0.31662717 0.07316285 0.02620813],0.009204608927786333
242,MADEUPIMPb_W45,CREGION,South,[0.52787378 0.34904353 0.09014278 0.03293991],0.004138039588245652
243,MADEUPIMPb_W45,CREGION,West,[0.55895593 0.33404962 0.09309634 0.01389811],0.004293156816614552
244,INFOCONFUSEc_W45,CREGION,Midwest,[0.50221948 0.41281762 0.06436597 0.02059694],0.0028435426714873238
245,INFOCONFUSEc_W45,CREGION,Northeast,[0.51577508 0.38058392 0.085661   0.01798   ],0.010698143323733662
246,INFOCONFUSEc_W45,CREGION,South,[0.54087628 0.33655446 0.09402821 0.02854105],0.004108624401166231
247,INFOCONFUSEc_W45,CREGION,West,[0.50544457 0.40197565 0.07158095 0.02099883],0.00014634964405740503
248,SMLIKESd_W45,CREGION,Midwest,[0.09908316 0.34138796 0.55952888],0.008458793799784248
249,SMLIKESd_W45,CREGION,Northeast,[0.13649968 0.29519446 0.56830587],0.00926698306874805
250,SMLIKESd_W45,CREGION,South,[0.1460284  0.36245072 0.49152087],0.001896915661046528
251,SMLIKESd_W45,CREGION,West,[0.13641974 0.36056075 0.50301951],0.00063835813511118
252,NEWS_PLATFORMh_W45,CREGION,Midwest,[0.37411337 0.34913624 0.1852006  0.0915498 ],0.0007121389513690873
253,NEWS_PLATFORMh_W45,CREGION,Northeast,[0.46076948 0.34363971 0.13056026 0.06503054],0.0012914648781956264
254,NEWS_PLATFORMh_W45,CREGION,South,[0.4424663  0.31651067 0.15886754 0.0821555 ],0.0018677039103750456
255,NEWS_PLATFORMh_W45,CREGION,West,[0.44036554 0.31784935 0.14494686 0.09683825],0.0011664410217376905
256,INFOCONFUSEb_W45,CREGION,Midwest,[0.24829    0.48220965 0.22051401 0.04898633],0.005307329929030203
257,INFOCONFUSEb_W45,CREGION,Northeast,[0.23871845 0.46286058 0.24150135 0.05691962],0.011332835095180141
258,INFOCONFUSEb_W45,CREGION,South,[0.26490313 0.47936694 0.19933556 0.05639436],0.010447118947384594
259,INFOCONFUSEb_W45,CREGION,West,[0.22268784 0.49404589 0.23336532 0.04990094],0.009921390435284743
260,NEWS_PLATFORMg_W45,CREGION,Midwest,[0.25510687 0.29694951 0.20044932 0.2474943 ],0.0012552425843617523
261,NEWS_PLATFORMg_W45,CREGION,Northeast,[0.27324494 0.27968342 0.20851795 0.23855369],0.0046174400335959554
262,NEWS_PLATFORMg_W45,CREGION,South,[0.27029936 0.29542609 0.21387548 0.22039907],0.00019473597214829003
263,NEWS_PLATFORMg_W45,CREGION,West,[0.21428723 0.29100717 0.22621976 0.26848584],0.00020091161977151643
264,NEWSPROBc_W45,CREGION,Midwest,[0.15002171 0.35899688 0.30477809 0.18620332],0.007539741546076223
265,NEWSPROBc_W45,CREGION,Northeast,[0.17618926 0.32408909 0.28853283 0.21118882],0.017876580644372073
266,NEWSPROBc_W45,CREGION,South,[0.17772638 0.3350877  0.29505391 0.19213202],0.0032563885437643133
267,NEWSPROBc_W45,CREGION,West,[0.16695572 0.3141962  0.29982992 0.21901816],0.008842276777849009
268,ONLINESOURCE_W45,CREGION,Midwest,[0.86297381 0.13702619],0.21608845719175998
269,ONLINESOURCE_W45,CREGION,Northeast,[0.84985574 0.15014426],0.1746903998073753
270,ONLINESOURCE_W45,CREGION,South,[0.83452229 0.16547771],0.21734315560370981
271,ONLINESOURCE_W45,CREGION,West,[0.847236 0.152764],0.225794476686352
272,MADEUPSOLVE_W45,CREGION,Midwest,[0.11712724 0.32346891 0.55940385],0.010212628809818509
273,MADEUPSOLVE_W45,CREGION,Northeast,[0.11920499 0.34078354 0.54001147],0.016473034170757007
274,MADEUPSOLVE_W45,CREGION,South,[0.09151253 0.32629643 0.58219103],0.007592849565682718
275,MADEUPSOLVE_W45,CREGION,West,[0.10220222 0.32327232 0.57452547],0.011263075007217446
276,INFOCREATEe_W45,CREGION,Midwest,[0.58881731 0.35201104 0.05917165 0.        ],0.00679918854502099
277,INFOCREATEe_W45,CREGION,Northeast,[0.51005334 0.4093627  0.08058395 0.        ],0.012650474969728976
278,INFOCREATEe_W45,CREGION,South,[0.53838906 0.39678648 0.06482446 0.        ],0.005676063591381598
279,INFOCREATEe_W45,CREGION,West,[0.52504718 0.38735296 0.08759986 0.        ],0.007482190087503802
280,MADEUPSMFOL2_W45,CREGION,Midwest,[0.50880838 0.49119162],0.006564859391786797
281,MADEUPSMFOL2_W45,CREGION,Northeast,[0.491548 0.508452],0.005309709872326649
282,MADEUPSMFOL2_W45,CREGION,South,[0.4949203 0.5050797],0.011799422897593817
283,MADEUPSMFOL2_W45,CREGION,West,[0.52139399 0.47860601],0.0072620356049014545
284,MADEUPIMPc_W45,CREGION,Midwest,[0.51268058 0.34052506 0.11234768 0.03444669],0.005854687134417696
285,MADEUPIMPc_W45,CREGION,Northeast,[0.54010338 0.33971307 0.09260075 0.0275828 ],0.01360135336488344
286,MADEUPIMPc_W45,CREGION,South,[0.5043763  0.33878221 0.11434918 0.04249231],0.00795971801184642
287,MADEUPIMPc_W45,CREGION,West,[0.50285127 0.36679161 0.09839322 0.0319639 ],0.007151879040002565
288,DISAVOID_W45,CREGION,Midwest,[0.51156226 0.48843774],0.006426557503878646
289,DISAVOID_W45,CREGION,Northeast,[0.50367896 0.49632104],0.003932430698164027
290,DISAVOID_W45,CREGION,South,[0.48947429 0.51052571],0.0033743200787119555
291,DISAVOID_W45,CREGION,West,[0.4934574 0.5065426],0.0023348012870689243
292,INFOOWNe_W45,CREGION,Midwest,[0.54829047 0.45170953],0.014386476161182256
293,INFOOWNe_W45,CREGION,Northeast,[0.5250353 0.4749647],0.017090871379168652
294,INFOOWNe_W45,CREGION,South,[0.55037454 0.44962546],0.0065128593484127745
295,INFOOWNe_W45,CREGION,West,[0.51177362 0.48822638],0.014202907822729942
296,INFOKNOWe_W45,CREGION,Midwest,[0.36676551 0.63323449],0.011268671201611952
297,INFOKNOWe_W45,CREGION,Northeast,[0.37294789 0.62705211],0.012842937498707843
298,INFOKNOWe_W45,CREGION,South,[0.40294957 0.59705043],0.010162184884246183
299,INFOKNOWe_W45,CREGION,West,[0.37038628 0.62961372],0.0077935732116375675
300,SMLIKESf_W45,CREGION,Midwest,[0.47970335 0.43080964 0.08948701],0.008327736715325506
301,SMLIKESf_W45,CREGION,Northeast,[0.49998368 0.39101418 0.10900214],0.00926698306874805
302,SMLIKESf_W45,CREGION,South,[0.47099832 0.40867449 0.12032719],0.0034376010387509237
303,SMLIKESf_W45,CREGION,West,[0.53076666 0.40040165 0.06883169],0.0
304,INFOWHYd_W45,CREGION,Midwest,[0.1126879  0.44920912 0.43810298],0.003707303322128742
305,INFOWHYd_W45,CREGION,Northeast,[0.13100746 0.37023375 0.49875879],0.009375163189378161
306,INFOWHYd_W45,CREGION,South,[0.1358182  0.40109515 0.46308665],0.002871558045475897
307,INFOWHYd_W45,CREGION,West,[0.11320783 0.4257339  0.46105827],0.010455828645246617
308,NEWSPROBa_W45,CREGION,Midwest,[0.44996845 0.40411889 0.11772262 0.02819004],0.009272195684762442
309,NEWSPROBa_W45,CREGION,Northeast,[0.5044841  0.35194859 0.12773488 0.01583243],0.016151233186349992
310,NEWSPROBa_W45,CREGION,South,[0.50147496 0.33350597 0.12684652 0.03817254],0.00561002904666961
311,NEWSPROBa_W45,CREGION,West,[0.51539607 0.35089408 0.11898723 0.01472261],0.010393300007699521
312,MADEUPIMPe_W45,CREGION,Midwest,[0.34309742 0.4388388  0.18642339 0.03164039],0.005215112463285999
313,MADEUPIMPe_W45,CREGION,Northeast,[0.34514112 0.4569331  0.15546837 0.04245741],0.012456853088867787
314,MADEUPIMPe_W45,CREGION,South,[0.36412724 0.39873498 0.18345987 0.05367791],0.006530137043875927
315,MADEUPIMPe_W45,CREGION,West,[0.38428344 0.4170338  0.17362468 0.02505808],0.007752343769708553
316,NEWSPROBd_W45,CREGION,Midwest,[0.15443195 0.45940656 0.28542619 0.1007353 ],0.0126361669687892
317,NEWSPROBd_W45,CREGION,Northeast,[0.19663689 0.43707441 0.24507668 0.12121203],0.00989823014925579
318,NEWSPROBd_W45,CREGION,South,[0.20467587 0.39552623 0.28464078 0.11515712],0.004232452094388685
319,NEWSPROBd_W45,CREGION,West,[0.18561363 0.41381446 0.30728967 0.09328224],0.006885993853694893
320,SOURCESKEPe_W45,CREGION,Midwest,[0.03134401 0.35307802 0.38432006 0.23125791],0.009408512140014745
321,SOURCESKEPe_W45,CREGION,Northeast,[0.0522912  0.31500334 0.38043133 0.25227412],0.0165884711992493
322,SOURCESKEPe_W45,CREGION,South,[0.04865647 0.3347517  0.38343996 0.23315187],0.007264224271781339
323,SOURCESKEPe_W45,CREGION,West,[0.03096068 0.2924275  0.4153399  0.26127192],0.010135870702323132
324,INFOWHYc_W45,CREGION,Midwest,[0.48839262 0.41431433 0.09729305],0.007124373333687748
325,INFOWHYc_W45,CREGION,Northeast,[0.46681468 0.42125756 0.11192776],0.0074830541547596
326,INFOWHYc_W45,CREGION,South,[0.5126639  0.36904472 0.11829139],0.004781368421693123
327,INFOWHYc_W45,CREGION,West,[0.48635883 0.40554077 0.1081004 ],0.007796890980174873
328,MADEUPTOPICc_W45,CREGION,Midwest,[0.14317777 0.57227243 0.2845498  0.        ],0.0021821480948031285
329,MADEUPTOPICc_W45,CREGION,Northeast,[0.17661075 0.50461344 0.3187758  0.        ],0.004421481625515096
330,MADEUPTOPICc_W45,CREGION,South,[0.19420829 0.49805325 0.30773846 0.        ],0.004107365360427578
331,MADEUPTOPICc_W45,CREGION,West,[0.17970119 0.51616349 0.30413533 0.        ],0.0038992926528030967
332,MADEUPTOPICd_W45,CREGION,Midwest,[0.24110349 0.54268467 0.21621185 0.        ],0.004125014627644981
333,MADEUPTOPICd_W45,CREGION,Northeast,[0.27375404 0.52128039 0.20496557 0.        ],0.019506941684966722
334,MADEUPTOPICd_W45,CREGION,South,[0.29010373 0.52552516 0.18437111 0.        ],0.002194248915564227
335,MADEUPTOPICd_W45,CREGION,West,[0.30446037 0.53023946 0.16530017 0.        ],0.0020307960849876108
336,INFOCREATEb_W45,CREGION,Midwest,[0.60928026 0.33797441 0.05274532 0.        ],0.0045692446695324495
337,INFOCREATEb_W45,CREGION,Northeast,[0.569582   0.36734673 0.06307127 0.        ],0.007835490294714175
338,INFOCREATEb_W45,CREGION,South,[0.58760339 0.36157942 0.05081719 0.        ],0.006112209255040305
339,INFOCREATEb_W45,CREGION,West,[0.57611268 0.36956878 0.05431854 0.        ],0.006295862737450247
340,SNSUSE_W45,CREGION,Midwest,[0.76604426 0.23395574],0.0018273690790151925
341,SNSUSE_W45,CREGION,Northeast,[0.75902462 0.24097538],0.008058702178118564
342,SNSUSE_W45,CREGION,South,[0.74782889 0.25217111],0.004321730602642576
343,SNSUSE_W45,CREGION,West,[0.73618167 0.26381833],0.0028845711992839798
344,MEDIALOYAL3_W45,CREGION,Midwest,[0.37736079 0.62263921],0.004174117143465349
345,MEDIALOYAL3_W45,CREGION,Northeast,[0.40154849 0.59845151],0.006790538164655255
346,MEDIALOYAL3_W45,CREGION,South,[0.40967851 0.59032149],0.007179162305085132
347,MEDIALOYAL3_W45,CREGION,West,[0.37666565 0.62333435],0.009177736632668406
348,MADEUPRESc_W45,CREGION,Midwest,[0.78038487 0.21961513],0.006651631171952921
349,MADEUPRESc_W45,CREGION,Northeast,[0.79311802 0.20688198],0.014120656992154099
350,MADEUPRESc_W45,CREGION,South,[0.78405344 0.21594656],0.006911697987923438
351,MADEUPRESc_W45,CREGION,West,[0.76919343 0.23080657],0.004627413883952018
352,SMLIKESc_W45,CREGION,Midwest,[0.32811208 0.4192122  0.25267572],0.011786590046055933
353,SMLIKESc_W45,CREGION,Northeast,[0.39385965 0.38460762 0.22153274],0.0054040999958419825
354,SMLIKESc_W45,CREGION,South,[0.36373102 0.42642146 0.20984752],0.013503524647818895
355,SMLIKESc_W45,CREGION,West,[0.34243597 0.37127994 0.28628409],0.016462264465193697
356,LEAD_W45,CREGION,Midwest,[0.71240476 0.28759524],0.012816537688362278
357,LEAD_W45,CREGION,Northeast,[0.69774725 0.30225275],0.017738984908825306
358,LEAD_W45,CREGION,South,[0.71266756 0.28733244],0.011689433158554398
359,LEAD_W45,CREGION,West,[0.68604969 0.31395031],0.0180438994599845
360,INFOKNOWc_W45,CREGION,Midwest,[0.44955513 0.55044487],0.010508651489452236
361,INFOKNOWc_W45,CREGION,Northeast,[0.472829 0.527171],0.009200053935707088
362,INFOKNOWc_W45,CREGION,South,[0.47381178 0.52618822],0.009356817324112749
363,INFOKNOWc_W45,CREGION,West,[0.43767245 0.56232755],0.011119547816189167
364,MADEUPIMPa_W45,CREGION,Midwest,[0.69207969 0.25020476 0.03984742 0.01786813],0.005528832009212856
365,MADEUPIMPa_W45,CREGION,Northeast,[0.70838687 0.23049406 0.03577458 0.02534449],0.00993271903968903
366,MADEUPIMPa_W45,CREGION,South,[0.66289952 0.24216848 0.06982984 0.02510215],0.003937302190846201
367,MADEUPIMPa_W45,CREGION,West,[0.68250004 0.24039084 0.05876486 0.01834426],0.002500581349663369
368,INFORESTRICTa_W45,CREGION,Midwest,[0.19940727 0.80059273],0.010353038802562577
369,INFORESTRICTa_W45,CREGION,Northeast,[0.1997236 0.8002764],0.011639582308422842
370,INFORESTRICTa_W45,CREGION,South,[0.21076191 0.78923809],0.008715062889701607
371,INFORESTRICTa_W45,CREGION,West,[0.20775609 0.79224391],0.006296627659123004
372,MADEUPRESe_W45,CREGION,Midwest,[0.53488525 0.46511475],0.019730993679943735
373,MADEUPRESe_W45,CREGION,Northeast,[0.51280184 0.48719816],0.01500683747760157
374,MADEUPRESe_W45,CREGION,South,[0.53283494 0.46716506],0.012332164609977433
375,MADEUPRESe_W45,CREGION,West,[0.53950839 0.46049161],0.009699423625131539
376,SOURCESKEPd_W45,CREGION,Midwest,[0.12895079 0.69399726 0.15471735 0.0223346 ],0.001858997859178223
377,SOURCESKEPd_W45,CREGION,Northeast,[0.14933882 0.67126821 0.15663333 0.02275964],0.00477567358996793
378,SOURCESKEPd_W45,CREGION,South,[0.16454734 0.62398766 0.17616538 0.03529962],0.002166106163164031
379,SOURCESKEPd_W45,CREGION,West,[0.13133209 0.63493791 0.19865874 0.03507126],0.002137698948820419
0,MADEUPSHARE2_W45,AGE,18-29,[0.13889003 0.86110997],0.00602346628474002
1,MADEUPSHARE2_W45,AGE,30-49,[0.10475338 0.89524662],0.006720679507949815
2,MADEUPSHARE2_W45,AGE,50-64,[0.09686876 0.90313124],0.0024432845333314545
3,MADEUPSHARE2_W45,AGE,65+,[0.07902687 0.92097313],0.013981695453629883
4,INFOKNOWd_W45,AGE,18-29,[0.5859745 0.4140255],0.006485924527426958
5,INFOKNOWd_W45,AGE,30-49,[0.59635795 0.40364205],0.014500707394417908
6,INFOKNOWd_W45,AGE,50-64,[0.57232128 0.42767872],0.009944536011734102
7,INFOKNOWd_W45,AGE,65+,[0.5910108 0.4089892],0.011416168391218699
8,NEWSPROBb_W45,AGE,18-29,[0.53466583 0.30863699 0.11828683 0.03841035],0.013131342052306224
9,NEWSPROBb_W45,AGE,30-49,[0.52352916 0.35376717 0.09284389 0.02985979],0.013857953729983406
10,NEWSPROBb_W45,AGE,50-64,[0.47881652 0.3734228  0.11542407 0.03233662],0.011655020498853072
11,NEWSPROBb_W45,AGE,65+,[0.53184692 0.37332296 0.07001556 0.02481455],0.006993179257406146
12,SMSHARE_W45,AGE,18-29,[0.07298508 0.2568247  0.23585527 0.06452864 0.36980631],0.0023409754819931337
13,SMSHARE_W45,AGE,30-49,[0.08795559 0.31077341 0.22662215 0.03902516 0.33562369],0.008720290111125245
14,SMSHARE_W45,AGE,50-64,[0.08966169 0.27647308 0.21350594 0.03768009 0.3826792 ],0.002590082779711573
15,SMSHARE_W45,AGE,65+,[0.0786642  0.26655257 0.21838276 0.01195804 0.42444243],0.00039320744604155646
16,MADEUPOFT_W45,AGE,18-29,[0.29994302 0.5381525  0.13022475 0.03167972],0.008436212484466507
17,MADEUPOFT_W45,AGE,30-49,[0.34889767 0.55711744 0.07911339 0.0148715 ],0.004726381948558568
18,MADEUPOFT_W45,AGE,50-64,[0.43164915 0.46058423 0.08885943 0.01890719],0.008077073775426134
19,MADEUPOFT_W45,AGE,65+,[0.45092636 0.4767818  0.05804184 0.01424999],0.008061978791525282
20,SMLIKESb_W45,AGE,18-29,[0.29364857 0.47494684 0.23140458],0.00596458108962288
21,SMLIKESb_W45,AGE,30-49,[0.25847474 0.49139134 0.25013391],0.01356168266876698
22,SMLIKESb_W45,AGE,50-64,[0.24333832 0.46424473 0.29241694],0.015569700700749941
23,SMLIKESb_W45,AGE,65+,[0.22241644 0.47435971 0.30322384],0.016519414857745857
24,INFOCHALe_W45,AGE,18-29,[0.41975126 0.35939536 0.1618308  0.05902258],0.013270225251788392
25,INFOCHALe_W45,AGE,30-49,[0.47082597 0.33309076 0.14276445 0.05331881],0.015105847442279116
26,INFOCHALe_W45,AGE,50-64,[0.44183561 0.33018637 0.15463294 0.07334508],0.029247396434943243
27,INFOCHALe_W45,AGE,65+,[0.46418101 0.34189832 0.14803131 0.04588935],0.031591306119378944
28,MADEUPSHAREWHY_W45,AGE,18-29,[0.37071809 0.13802465 0.14869449 0.34256278],0.0
29,MADEUPSHAREWHY_W45,AGE,30-49,[0.31137579 0.06071119 0.2104662  0.41744681],0.0028185496532015493
30,MADEUPSHAREWHY_W45,AGE,50-64,[0.20819784 0.04059816 0.15496774 0.59623626],0.0
31,MADEUPSHAREWHY_W45,AGE,65+,[0.13765266 0.08730594 0.19415038 0.58089101],0.010886728418901424
32,INFORESTRICTb_W45,AGE,18-29,[0.73205477 0.26794523],0.008439432455447787
33,INFORESTRICTb_W45,AGE,30-49,[0.70081736 0.29918264],0.018604543854035614
34,INFORESTRICTb_W45,AGE,50-64,[0.65765861 0.34234139],0.015298674262051903
35,INFORESTRICTb_W45,AGE,65+,[0.70759788 0.29240212],0.022435732339137555
36,WATCHDOG_3_W45,AGE,18-29,[0.26312219 0.73687781],0.022909307655055174
37,WATCHDOG_3_W45,AGE,30-49,[0.27325309 0.72674691],0.026347104410670785
38,WATCHDOG_3_W45,AGE,50-64,[0.30783412 0.69216588],0.0181488574830082
39,WATCHDOG_3_W45,AGE,65+,[0.2087821 0.7912179],0.019948068898172654
40,MADEUPSHARE1_W45,AGE,18-29,[0.49002575 0.50997425],0.0029978801658853485
41,MADEUPSHARE1_W45,AGE,30-49,[0.45500014 0.54499986],0.007285695234139245
42,MADEUPSHARE1_W45,AGE,50-64,[0.52890601 0.47109399],0.009199135814299866
43,MADEUPSHARE1_W45,AGE,65+,[0.49730856 0.50269144],0.01912216618662427
44,SMLIKESe_W45,AGE,18-29,[0.76094807 0.19832662 0.04072532],0.0006840530318962363
45,SMLIKESe_W45,AGE,30-49,[0.80947308 0.1564525  0.03407442],0.003093542347254495
46,SMLIKESe_W45,AGE,50-64,[0.76263113 0.15192273 0.08544614],0.0056555492005421594
47,SMLIKESe_W45,AGE,65+,[0.77128285 0.19113945 0.0375777 ],0.013065032464487723
48,MADEUPRESa_W45,AGE,18-29,[0.61419711 0.38580289],0.00825915213594122
49,MADEUPRESa_W45,AGE,30-49,[0.6703896 0.3296104],0.007680179697108262
50,MADEUPRESa_W45,AGE,50-64,[0.60563766 0.39436234],0.004650626282526076
51,MADEUPRESa_W45,AGE,65+,[0.64231346 0.35768654],0.007663241505208495
52,INFOCHALd_W45,AGE,18-29,[0.40878809 0.35810124 0.18352832 0.04958234],0.013953037372329316
53,INFOCHALd_W45,AGE,30-49,[0.45279214 0.34276325 0.14617429 0.05827032],0.01958172535610182
54,INFOCHALd_W45,AGE,50-64,[0.45140741 0.35598078 0.12939077 0.06322105],0.03149313242688965
55,INFOCHALd_W45,AGE,65+,[0.45114913 0.38687455 0.12880528 0.03317104],0.034212153038267516
56,INFOOWNd_W45,AGE,18-29,[0.78456069 0.21543931],0.011135248931889963
57,INFOOWNd_W45,AGE,30-49,[0.77223338 0.22776662],0.007106586850161296
58,INFOOWNd_W45,AGE,50-64,[0.76666572 0.23333428],0.00857922753533241
59,INFOOWNd_W45,AGE,65+,[0.77036243 0.22963757],0.01284712401421423
60,RESTRICTWHO_W45,AGE,18-29,[0.12726016 0.09215378 0.23823806 0.46508413 0.07726387],0.006353047013694225
61,RESTRICTWHO_W45,AGE,30-49,[0.12583928 0.09556859 0.22000347 0.49938223 0.05920643],0.008972824555203731
62,RESTRICTWHO_W45,AGE,50-64,[0.13228345 0.09140173 0.16674191 0.57560291 0.03397   ],0.010182752355849187
63,RESTRICTWHO_W45,AGE,65+,[0.09681777 0.07655233 0.16129746 0.63003587 0.03529657],0.00996083736317919
64,SMLIKESa_W45,AGE,18-29,[0.52691188 0.35658841 0.1164997 ],0.008597952877802226
65,SMLIKESa_W45,AGE,30-49,[0.58598685 0.32939205 0.0846211 ],0.012552865421443864
66,SMLIKESa_W45,AGE,50-64,[0.55749839 0.29190987 0.15059174],0.008086519662075435
67,SMLIKESa_W45,AGE,65+,[0.61636396 0.26089068 0.12274536],0.019582417407635395
68,INFORESTRICTc_W45,AGE,18-29,[0.48312162 0.51687838],0.008673984689230885
69,INFORESTRICTc_W45,AGE,30-49,[0.48246601 0.51753399],0.007532766264106829
70,INFORESTRICTc_W45,AGE,50-64,[0.42575623 0.57424377],0.007309225946013973
71,INFORESTRICTc_W45,AGE,65+,[0.44222056 0.55777944],0.020368885183845758
72,MADEUPTOPICa_W45,AGE,18-29,[0.66667509 0.28386101 0.04946389 0.        ],0.0006363803266669258
73,MADEUPTOPICa_W45,AGE,30-49,[0.72395763 0.2448152  0.03122718 0.        ],0.005256890255270018
74,MADEUPTOPICa_W45,AGE,50-64,[0.77364905 0.2009279  0.02542306 0.        ],0.002113951179168346
75,MADEUPTOPICa_W45,AGE,65+,[0.83966785 0.15032962 0.01000253 0.        ],0.011810311087043616
76,MADEUPSMCLICK_W45,AGE,18-29,[0.07773711 0.2951852  0.34794806 0.18348968 0.09563994],0.004202231549077676
77,MADEUPSMCLICK_W45,AGE,30-49,[0.05542112 0.2677092  0.35586266 0.23535582 0.0856512 ],0.00804282744653299
78,MADEUPSMCLICK_W45,AGE,50-64,[0.04441401 0.2553959  0.34128954 0.24981181 0.10908874],0.005220100113907888
79,MADEUPSMCLICK_W45,AGE,65+,[0.02384191 0.21095635 0.38638874 0.23874596 0.14006705],0.004241694221008575
80,MADEUPLEVELb_W45,AGE,18-29,[0.19252579 0.47322986 0.33424435 0.        ],0.0039501270088315235
81,MADEUPLEVELb_W45,AGE,30-49,[0.17652015 0.51895765 0.30452219 0.        ],0.004212446994084241
82,MADEUPLEVELb_W45,AGE,50-64,[0.18716609 0.55770694 0.25512697 0.        ],0.007609856405117516
83,MADEUPLEVELb_W45,AGE,65+,[0.18093069 0.57569915 0.24337016 0.        ],0.006647792773776888
84,MADEUPRESb_W45,AGE,18-29,[0.46840247 0.53159753],0.003790276687122706
85,MADEUPRESb_W45,AGE,30-49,[0.47094815 0.52905185],0.010321373751633714
86,MADEUPRESb_W45,AGE,50-64,[0.42218921 0.57781079],0.008551391379254255
87,MADEUPRESb_W45,AGE,65+,[0.37291718 0.62708282],0.004388612775472982
88,INFOKNOWa_W45,AGE,18-29,[0.44299986 0.55700014],0.010163046215377076
89,INFOKNOWa_W45,AGE,30-49,[0.45464189 0.54535811],0.007371674728676378
90,INFOKNOWa_W45,AGE,50-64,[0.42380953 0.57619047],0.010154899505034587
91,INFOKNOWa_W45,AGE,65+,[0.41146099 0.58853901],0.01682909920552608
92,INFOCREATEd_W45,AGE,18-29,[0.26479681 0.53885666 0.19634653 0.        ],0.006554491871996056
93,INFOCREATEd_W45,AGE,30-49,[0.34937608 0.50727561 0.1433483  0.        ],0.011060397632344456
94,INFOCREATEd_W45,AGE,50-64,[0.41546885 0.46840868 0.11612248 0.        ],0.01319700564515133
95,INFOCREATEd_W45,AGE,65+,[0.40162053 0.49484065 0.10353882 0.        ],0.01739174972818102
96,INFORESTRICTe_W45,AGE,18-29,[0.28075456 0.71924544],0.005258632364915569
97,INFORESTRICTe_W45,AGE,30-49,[0.24030088 0.75969912],0.006931147026908969
98,INFORESTRICTe_W45,AGE,50-64,[0.19348882 0.80651118],0.006640263129064915
99,INFORESTRICTe_W45,AGE,65+,[0.18947585 0.81052415],0.013322299013034921
100,ACCCHECK_W45,AGE,18-29,[0.33078504 0.458147   0.15718842 0.05387953],0.012116938657973832
101,ACCCHECK_W45,AGE,30-49,[0.33812786 0.47305118 0.13560765 0.05321331],0.011228172177381137
102,ACCCHECK_W45,AGE,50-64,[0.28144402 0.46268036 0.18893356 0.06694206],0.004868242839301076
103,ACCCHECK_W45,AGE,65+,[0.20285229 0.47121026 0.24075066 0.0851868 ],0.0038115082361160884
104,NEWSPREFV2_W45,AGE,18-29,[0.05372942 0.08703458 0.17805522 0.30164516 0.37953562],0.001833594852758554
105,NEWSPREFV2_W45,AGE,30-49,[0.04740792 0.09921646 0.32221233 0.15121314 0.37995015],0.005193530769252793
106,NEWSPREFV2_W45,AGE,50-64,[0.07357956 0.08460532 0.57594859 0.03665712 0.22920941],0.003245630050785316
107,NEWSPREFV2_W45,AGE,65+,[0.15002417 0.06154922 0.59275856 0.02210473 0.17356332],0.004893415180951371
108,SOURCESKEPb_W45,AGE,18-29,[0.0417027  0.3827181  0.47441527 0.10116393],0.0006306764643572051
109,SOURCESKEPb_W45,AGE,30-49,[0.02886088 0.38294391 0.46878991 0.11940529],0.0025565200707657635
110,SOURCESKEPb_W45,AGE,50-64,[0.02404319 0.35428513 0.47373952 0.14793216],0.003957325664511371
111,SOURCESKEPb_W45,AGE,65+,[0.02207185 0.33581548 0.48651462 0.15559804],0.010229019026208116
112,INFOCONFUSEd_W45,AGE,18-29,[0.43926278 0.39954023 0.1305138  0.03068319],0.0047220311296716
113,INFOCONFUSEd_W45,AGE,30-49,[0.46292625 0.44076779 0.07270997 0.02359599],0.0015943261480540847
114,INFOCONFUSEd_W45,AGE,50-64,[0.49641195 0.39427262 0.09144679 0.01786863],0.0048424849038603635
115,INFOCONFUSEd_W45,AGE,65+,[0.52506896 0.40155772 0.05971641 0.01365691],0.005428435574435108
116,MADEUPTOPICf_W45,AGE,18-29,[0.23894557 0.57204487 0.18900956 0.        ],0.011741803769519103
117,MADEUPTOPICf_W45,AGE,30-49,[0.26904375 0.55597916 0.17497708 0.        ],0.006823531979369511
118,MADEUPTOPICf_W45,AGE,50-64,[0.27361831 0.59937141 0.12701027 0.        ],0.01139354989461417
119,MADEUPTOPICf_W45,AGE,65+,[0.26056354 0.61537557 0.12406088 0.        ],0.0039360240911548135
120,MADEUPDIS_W45,AGE,18-29,[0.11030764 0.44336611 0.34808741 0.09823884],0.011823495566496828
121,MADEUPDIS_W45,AGE,30-49,[0.13118727 0.46831546 0.32112162 0.07937565],0.005858710973138882
122,MADEUPDIS_W45,AGE,50-64,[0.18806539 0.44563494 0.27279211 0.09350755],0.0009407475435192583
123,MADEUPDIS_W45,AGE,65+,[0.20196296 0.47361752 0.25121856 0.07320096],0.0
124,NEWSPROBe_W45,AGE,18-29,[0.28511006 0.38403492 0.27518671 0.05566831],0.005704283759947084
125,NEWSPROBe_W45,AGE,30-49,[0.34852189 0.29790076 0.29283946 0.06073789],0.004765861658140598
126,NEWSPROBe_W45,AGE,50-64,[0.41183642 0.31671983 0.20809724 0.06334651],0.00521303052020497
127,NEWSPROBe_W45,AGE,65+,[0.46140127 0.28845951 0.20839796 0.04174126],0.008127490188797428
128,MADEUPTOPICb_W45,AGE,18-29,[0.62322639 0.29067557 0.08609804 0.        ],0.007721247445875601
129,MADEUPTOPICb_W45,AGE,30-49,[0.63410842 0.32550764 0.04038393 0.        ],0.00253623222358377
130,MADEUPTOPICb_W45,AGE,50-64,[0.57911677 0.37530198 0.04558125 0.        ],0.00862365503483789
131,MADEUPTOPICb_W45,AGE,65+,[0.62613335 0.32308887 0.05077778 0.        ],0.0025761404434402686
132,INFOCHALa_W45,AGE,18-29,[0.57215139 0.31510479 0.08737486 0.02536895],0.013817381993384354
133,INFOCHALa_W45,AGE,30-49,[0.6273188  0.27144057 0.07328735 0.02795328],0.014402061301663553
134,INFOCHALa_W45,AGE,50-64,[0.651002   0.2556453  0.06192371 0.03142899],0.01833758460301589
135,INFOCHALa_W45,AGE,65+,[0.75803934 0.20009613 0.03433074 0.00753379],0.022558363667476374
136,INFOKNOWb_W45,AGE,18-29,[0.68080581 0.31919419],0.013255446839895121
137,INFOKNOWb_W45,AGE,30-49,[0.68285063 0.31714937],0.010872323341677351
138,INFOKNOWb_W45,AGE,50-64,[0.61518461 0.38481539],0.010906366477030787
139,INFOKNOWb_W45,AGE,65+,[0.6587466 0.3412534],0.021439685965900887
140,MADEUPSMFOL1_W45,AGE,18-29,[0.48143661 0.51856339],0.006674258273754827
141,MADEUPSMFOL1_W45,AGE,30-49,[0.53857572 0.46142428],0.01184264533547753
142,MADEUPSMFOL1_W45,AGE,50-64,[0.48276549 0.51723451],0.0032580394141650108
143,MADEUPSMFOL1_W45,AGE,65+,[0.4794041 0.5205959],0.014389518876662228
144,MADEUPRESd_W45,AGE,18-29,[0.37440199 0.62559801],0.005587891491612331
145,MADEUPRESd_W45,AGE,30-49,[0.34123913 0.65876087],0.006898184458998907
146,MADEUPRESd_W45,AGE,50-64,[0.29763555 0.70236445],0.016737751662226255
147,MADEUPRESd_W45,AGE,65+,[0.26063312 0.73936688],0.0058114393014614
148,INFOWHYb_W45,AGE,18-29,[0.80685452 0.14611877 0.04702671],0.003872104551202017
149,INFOWHYb_W45,AGE,30-49,[0.86161379 0.10959959 0.02878662],0.009194841358248263
150,INFOWHYb_W45,AGE,50-64,[0.85848339 0.1002558  0.04126081],0.002802032369069855
151,INFOWHYb_W45,AGE,65+,[0.9498099  0.03258439 0.01760571],0.0026556107375176013
152,INFOOWNc_W45,AGE,18-29,[0.58118318 0.41881682],0.011293096325574802
153,INFOOWNc_W45,AGE,30-49,[0.60703988 0.39296012],0.008586094560156804
154,INFOOWNc_W45,AGE,50-64,[0.58288428 0.41711572],0.012068307716124195
155,INFOOWNc_W45,AGE,65+,[0.58403961 0.41596039],0.022795123862957296
156,INFOCREATEa_W45,AGE,18-29,[0.30500434 0.46063572 0.23435994 0.        ],0.004699832617487236
157,INFOCREATEa_W45,AGE,30-49,[0.33910669 0.43583995 0.22505336 0.        ],0.005210089567431487
158,INFOCREATEa_W45,AGE,50-64,[0.41260852 0.40184912 0.18554236 0.        ],0.007663496500115419
159,INFOCREATEa_W45,AGE,65+,[0.47057477 0.33813576 0.19128948 0.        ],0.007369592574313772
160,SEEK_W45,AGE,18-29,[0.38276422 0.61723578],0.011885279457548555
161,SEEK_W45,AGE,30-49,[0.53278958 0.46721042],0.0032815075097989707
162,SEEK_W45,AGE,50-64,[0.68915763 0.31084237],0.011934717591104023
163,SEEK_W45,AGE,65+,[0.82017848 0.17982152],0.004162303686561854
164,INFORESTRICTd_W45,AGE,18-29,[0.63095095 0.36904905],0.013192352412143548
165,INFORESTRICTd_W45,AGE,30-49,[0.62734221 0.37265779],0.014746956112395456
166,INFORESTRICTd_W45,AGE,50-64,[0.6085256 0.3914744],0.011494095029772942
167,INFORESTRICTd_W45,AGE,65+,[0.64701972 0.35298028],0.011068597257576196
168,INFOCONFUSEa_W45,AGE,18-29,[0.60247528 0.2809262  0.07449497 0.04210355],0.003202197338522913
169,INFOCONFUSEa_W45,AGE,30-49,[0.65260198 0.27683032 0.04272632 0.02784138],0.001830869466665092
170,INFOCONFUSEa_W45,AGE,50-64,[0.70665906 0.20969307 0.05635928 0.02728858],0.003814378761812933
171,INFOCONFUSEa_W45,AGE,65+,[0.73235688 0.20064196 0.0395582  0.02744297],0.001686063316922886
172,WATCHDOG_1_W45,AGE,18-29,[0.24895672 0.75104328],0.027046063333026567
173,WATCHDOG_1_W45,AGE,30-49,[0.28349912 0.71650088],0.030201369526951936
174,WATCHDOG_1_W45,AGE,50-64,[0.33805086 0.66194914],0.026029836922949853
175,WATCHDOG_1_W45,AGE,65+,[0.33580381 0.66419619],0.03545220546278937
176,MADEUPIMPd_W45,AGE,18-29,[0.30187921 0.48623958 0.15722033 0.05466088],0.01241750009371994
177,MADEUPIMPd_W45,AGE,30-49,[0.34890075 0.41509288 0.18087319 0.05513317],0.0049289079374630436
178,MADEUPIMPd_W45,AGE,50-64,[0.38250783 0.37571141 0.17719995 0.06458081],0.013110618152257612
179,MADEUPIMPd_W45,AGE,65+,[0.38629932 0.43371958 0.14989675 0.03008435],0.01368468555399125
180,INFOOWNb_W45,AGE,18-29,[0.77566229 0.22433771],0.011405414860361195
181,INFOOWNb_W45,AGE,30-49,[0.82030741 0.17969259],0.01612007281497293
182,INFOOWNb_W45,AGE,50-64,[0.76772314 0.23227686],0.012168211773697103
183,INFOOWNb_W45,AGE,65+,[0.80555722 0.19444278],0.021928554975294594
184,SMSHARER_W45,AGE,18-29,[0.13165087 0.86834913],0.006503584901996209
185,SMSHARER_W45,AGE,30-49,[0.09677806 0.90322194],0.008464145897530249
186,SMSHARER_W45,AGE,50-64,[0.13262331 0.86737669],0.012222242176182549
187,SMSHARER_W45,AGE,65+,[0.1329333 0.8670667],0.03540050378524858
188,FCFAIR_W45,AGE,18-29,[0.52605317 0.47394683],0.019147585696462986
189,FCFAIR_W45,AGE,30-49,[0.53596467 0.46403533],0.019029101193134428
190,FCFAIR_W45,AGE,50-64,[0.49844889 0.50155111],0.026725548518865865
191,FCFAIR_W45,AGE,65+,[0.48358251 0.51641749],0.02514969070210953
192,INFOCONFUSEe_W45,AGE,18-29,[0.55928767 0.2984667  0.09195368 0.05029195],0.0027414550545204045
193,INFOCONFUSEe_W45,AGE,30-49,[0.63161787 0.29188681 0.05170716 0.02478816],0.005405891062056399
194,INFOCONFUSEe_W45,AGE,50-64,[0.67386096 0.23940659 0.05560644 0.03112601],0.0038952653179068985
195,INFOCONFUSEe_W45,AGE,65+,[0.66289796 0.24787639 0.06015581 0.02906984],0.0046560934511348335
196,MADEUPTOPICe_W45,AGE,18-29,[0.20216809 0.45269209 0.34513983 0.        ],0.004616989316558611
197,MADEUPTOPICe_W45,AGE,30-49,[0.18536913 0.44259325 0.37203762 0.        ],0.005294055535759894
198,MADEUPTOPICe_W45,AGE,50-64,[0.19417242 0.39726383 0.40856376 0.        ],0.003205916017335474
199,MADEUPTOPICe_W45,AGE,65+,[0.14602427 0.49562256 0.35835316 0.        ],0.0035691600768604213
200,INFOOWNa_W45,AGE,18-29,[0.64963218 0.35036782],0.011297003710435386
201,INFOOWNa_W45,AGE,30-49,[0.6538162 0.3461838],0.01198411545311848
202,INFOOWNa_W45,AGE,50-64,[0.61967217 0.38032783],0.014601154223080344
203,INFOOWNa_W45,AGE,65+,[0.6241319 0.3758681],0.021436395122176984
204,INFOCHALb_W45,AGE,18-29,[0.36862517 0.42626715 0.16615327 0.03895441],0.012786365890580003
205,INFOCHALb_W45,AGE,30-49,[0.4191477  0.41002986 0.13921916 0.03160329],0.015865656513582144
206,INFOCHALb_W45,AGE,50-64,[0.43024965 0.40477348 0.11667809 0.04829878],0.029537066304147798
207,INFOCHALb_W45,AGE,65+,[0.48949965 0.40617273 0.08994269 0.01438493],0.022918528503942964
208,INFOWHYa_W45,AGE,18-29,[0.73905333 0.20964163 0.05130504],0.0036736459974693733
209,INFOWHYa_W45,AGE,30-49,[0.74608484 0.2076035  0.04631167],0.006293515619115895
210,INFOWHYa_W45,AGE,50-64,[0.6892549 0.2287569 0.0819882],0.00612047718858696
211,INFOWHYa_W45,AGE,65+,[0.65880091 0.25693526 0.08426383],0.009380181858736814
212,SOURCESKEPc_W45,AGE,18-29,[0.04592583 0.48203129 0.36754006 0.10450282],0.0021016593336639724
213,SOURCESKEPc_W45,AGE,30-49,[0.0457368  0.47752835 0.38054325 0.0961916 ],0.0021406174370936725
214,SOURCESKEPc_W45,AGE,50-64,[0.04600779 0.49717206 0.36128356 0.09553659],0.001007177294487215
215,SOURCESKEPc_W45,AGE,65+,[0.03165184 0.488056   0.39959981 0.08069235],0.0010564431428387916
216,SOURCESKEPa_W45,AGE,18-29,[0.29850869 0.52851063 0.12666878 0.04631191],0.0007980080338838913
217,SOURCESKEPa_W45,AGE,30-49,[0.34394905 0.50630199 0.11195654 0.03779241],0.002027760644967717
218,SOURCESKEPa_W45,AGE,50-64,[0.38414283 0.48159982 0.09120108 0.04305627],0.002529059548932086
219,SOURCESKEPa_W45,AGE,65+,[0.43821036 0.44596483 0.08526339 0.03056142],0.004628480644558505
220,INFOCHALc_W45,AGE,18-29,[0.37321249 0.41902468 0.17275391 0.03500892],0.013454012658937912
221,INFOCHALc_W45,AGE,30-49,[0.40940754 0.41026891 0.14245815 0.0378654 ],0.01504843515454617
222,INFOCHALc_W45,AGE,50-64,[0.40386395 0.41004439 0.14431658 0.04177507],0.02887848624458552
223,INFOCHALc_W45,AGE,65+,[0.47099974 0.41839501 0.09607672 0.01452853],0.017690460680320645
224,DIGWDOG_3_W45,AGE,18-29,[0.30179485 0.33977407 0.35843108],0.012030548531135138
225,DIGWDOG_3_W45,AGE,30-49,[0.30033197 0.3549637  0.34470434],0.008127560027954481
226,DIGWDOG_3_W45,AGE,50-64,[0.2959683  0.30963806 0.39439364],0.007841624768209852
227,DIGWDOG_3_W45,AGE,65+,[0.36325367 0.25678685 0.37995948],0.0028301459255926135
228,VIDOFT_W45,AGE,18-29,[0.17082234 0.50275407 0.27857465 0.04784893],0.010808501949485079
229,VIDOFT_W45,AGE,30-49,[0.17142783 0.54705354 0.23739445 0.04412418],0.010905965644734856
230,VIDOFT_W45,AGE,50-64,[0.15478109 0.50434336 0.25139219 0.08948335],0.018655610377346907
231,VIDOFT_W45,AGE,65+,[0.09397035 0.50042597 0.32191873 0.08368496],0.0221642499058183
232,MADEUPLEVELa_W45,AGE,18-29,[0.54592693 0.36961847 0.08445459 0.        ],0.00868263181662389
233,MADEUPLEVELa_W45,AGE,30-49,[0.57866723 0.37778767 0.0435451  0.        ],0.006185830648046483
234,MADEUPLEVELa_W45,AGE,50-64,[0.58441726 0.37984784 0.03573489 0.        ],0.00505457415727581
235,MADEUPLEVELa_W45,AGE,65+,[0.66167527 0.31181718 0.02650755 0.        ],0.009934984440194588
236,INFOCREATEc_W45,AGE,18-29,[0.31456089 0.50849132 0.17694778 0.        ],0.0030045115032983254
237,INFOCREATEc_W45,AGE,30-49,[0.2729603  0.55123484 0.17580486 0.        ],0.010564937848291498
238,INFOCREATEc_W45,AGE,50-64,[0.25462868 0.57429249 0.17107883 0.        ],0.009534666021676848
239,INFOCREATEc_W45,AGE,65+,[0.21592741 0.54549512 0.23857748 0.        ],0.008747749524590414
240,MADEUPIMPb_W45,AGE,18-29,[0.48325028 0.37938691 0.09694357 0.04041925],0.006477309644116683
241,MADEUPIMPb_W45,AGE,30-49,[0.57275118 0.31590398 0.08230724 0.0290376 ],0.007667027563434112
242,MADEUPIMPb_W45,AGE,50-64,[0.5662195  0.33251013 0.08883543 0.01243494],0.0031335050511122
243,MADEUPIMPb_W45,AGE,65+,[0.54065785 0.36716497 0.07648191 0.01569527],0.004362833649549837
244,INFOCONFUSEc_W45,AGE,18-29,[0.46785417 0.39526827 0.1004407  0.03643686],0.006544951193601663
245,INFOCONFUSEc_W45,AGE,30-49,[0.49245628 0.4114611  0.07906407 0.01701855],0.0049467620467311115
246,INFOCONFUSEc_W45,AGE,50-64,[0.5574009  0.33961012 0.07838351 0.02460546],0.002890666988633816
247,INFOCONFUSEc_W45,AGE,65+,[0.56915872 0.34382396 0.06811624 0.01890108],0.001774242436918993
248,SMLIKESd_W45,AGE,18-29,[0.17535924 0.39376001 0.43088075],0.001301004955622304
249,SMLIKESd_W45,AGE,30-49,[0.13892254 0.33725257 0.52382489],0.001582569741374864
250,SMLIKESd_W45,AGE,50-64,[0.10414644 0.31999262 0.57586093],0.003474948412330509
251,SMLIKESd_W45,AGE,65+,[0.10072885 0.3353469  0.56392425],0.016119216687910002
252,NEWS_PLATFORMh_W45,AGE,18-29,[0.41088901 0.33684825 0.19266421 0.05959852],0.0006157759914306906
253,NEWS_PLATFORMh_W45,AGE,30-49,[0.4832461  0.33025138 0.12537198 0.06113054],0.0007590095912351374
254,NEWS_PLATFORMh_W45,AGE,50-64,[0.40869645 0.34378741 0.14926175 0.09825439],0.0022347690297837178
255,NEWS_PLATFORMh_W45,AGE,65+,[0.39186822 0.30056313 0.17826727 0.12930137],0.001975250669908753
256,INFOCONFUSEb_W45,AGE,18-29,[0.21194257 0.48140837 0.2477319  0.05891716],0.010259973388734989
257,INFOCONFUSEb_W45,AGE,30-49,[0.21478835 0.48718724 0.24300749 0.05501693],0.005513534887565929
258,INFOCONFUSEb_W45,AGE,50-64,[0.28104813 0.47074865 0.19383035 0.05437287],0.013553629028793203
259,INFOCONFUSEb_W45,AGE,65+,[0.29085717 0.48179844 0.18284352 0.04450086],0.009767491823769623
260,NEWS_PLATFORMg_W45,AGE,18-29,[0.39790186 0.32352052 0.15326148 0.12531615],0.0
261,NEWS_PLATFORMg_W45,AGE,30-49,[0.30318592 0.32922597 0.20476039 0.16282772],0.0021920004876612815
262,NEWS_PLATFORMg_W45,AGE,50-64,[0.18256805 0.28324707 0.24689834 0.28728653],0.0007943021242002228
263,NEWS_PLATFORMg_W45,AGE,65+,[0.12223054 0.21144646 0.24237807 0.42394493],0.0012997317649894313
264,NEWSPROBc_W45,AGE,18-29,[0.1538065  0.31974629 0.34075413 0.18569308],0.013131342052306224
265,NEWSPROBc_W45,AGE,30-49,[0.1667104  0.29153863 0.33385854 0.20789243],0.007073040402511843
266,NEWSPROBc_W45,AGE,50-64,[0.17849437 0.37689133 0.24425625 0.20035806],0.008515616999058218
267,NEWSPROBc_W45,AGE,65+,[0.17864536 0.36021515 0.26235771 0.19878179],0.004278975600883067
268,ONLINESOURCE_W45,AGE,18-29,[0.78043294 0.21956706],0.21183467106636372
269,ONLINESOURCE_W45,AGE,30-49,[0.84560015 0.15439985],0.20329208116393552
270,ONLINESOURCE_W45,AGE,50-64,[0.86321648 0.13678352],0.23509860186904444
271,ONLINESOURCE_W45,AGE,65+,[0.89434127 0.10565873],0.18877897890623876
272,MADEUPSOLVE_W45,AGE,18-29,[0.11235705 0.46146291 0.42618004],0.010173827026265176
273,MADEUPSOLVE_W45,AGE,30-49,[0.09205529 0.32619273 0.58175198],0.00879824204186461
274,MADEUPSOLVE_W45,AGE,50-64,[0.10218308 0.28147376 0.61634316],0.008403545667985702
275,MADEUPSOLVE_W45,AGE,65+,[0.11936157 0.25750957 0.62312886],0.01687012133304778
276,INFOCREATEe_W45,AGE,18-29,[0.3862085  0.46961134 0.14418017 0.        ],0.004812776052367584
277,INFOCREATEe_W45,AGE,30-49,[0.49847839 0.42566725 0.07585436 0.        ],0.008004152940963264
278,INFOCREATEe_W45,AGE,50-64,[0.61197461 0.34555936 0.04246602 0.        ],0.009341324301847012
279,INFOCREATEe_W45,AGE,65+,[0.66954562 0.29739473 0.03305965 0.        ],0.007339182959624865
280,MADEUPSMFOL2_W45,AGE,18-29,[0.48529659 0.51470341],0.00935165623999664
281,MADEUPSMFOL2_W45,AGE,30-49,[0.55649586 0.44350414],0.007415814790889318
282,MADEUPSMFOL2_W45,AGE,50-64,[0.47499484 0.52500516],0.006233465127562248
283,MADEUPSMFOL2_W45,AGE,65+,[0.44694644 0.55305356],0.01375038103732478
284,MADEUPIMPc_W45,AGE,18-29,[0.35629164 0.44860519 0.13419966 0.06090351],0.012065552919972572
285,MADEUPIMPc_W45,AGE,30-49,[0.48243588 0.35468537 0.12117412 0.04170464],0.009043070989984
286,MADEUPIMPc_W45,AGE,50-64,[0.58088181 0.30841962 0.08635794 0.02434063],0.005558697746254904
287,MADEUPIMPc_W45,AGE,65+,[0.62433075 0.27898934 0.08091414 0.01576576],0.007097773554681231
288,DISAVOID_W45,AGE,18-29,[0.48453009 0.51546991],0.006449548850029647
289,DISAVOID_W45,AGE,30-49,[0.52820674 0.47179326],0.004600805988309708
290,DISAVOID_W45,AGE,50-64,[0.47460347 0.52539653],0.003957899412171543
291,DISAVOID_W45,AGE,65+,[0.48543084 0.51456916],0.0
292,INFOOWNe_W45,AGE,18-29,[0.58712459 0.41287541],0.007598871073140727
293,INFOOWNe_W45,AGE,30-49,[0.55943448 0.44056552],0.006878590693582593
294,INFOOWNe_W45,AGE,50-64,[0.50616222 0.49383778],0.016731496903278815
295,INFOOWNe_W45,AGE,65+,[0.4833865 0.5166135],0.0181587719146138
296,INFOKNOWe_W45,AGE,18-29,[0.39818338 0.60181662],0.0072158007530866985
297,INFOKNOWe_W45,AGE,30-49,[0.39152813 0.60847187],0.009066717994627436
298,INFOKNOWe_W45,AGE,50-64,[0.37685015 0.62314985],0.009405040126462885
299,INFOKNOWe_W45,AGE,65+,[0.35833636 0.64166364],0.01672361668972356
300,SMLIKESf_W45,AGE,18-29,[0.51874371 0.40938392 0.07187237],0.0006840530318962363
301,SMLIKESf_W45,AGE,30-49,[0.48614257 0.43744178 0.07641565],0.004524179965284259
302,SMLIKESf_W45,AGE,50-64,[0.46384522 0.38832139 0.14783339],0.003474948412330509
303,SMLIKESf_W45,AGE,65+,[0.5088874 0.3689058 0.1222068],0.01306503246448772
304,INFOWHYd_W45,AGE,18-29,[0.15723337 0.49266802 0.35009861],0.0036736459974693733
305,INFOWHYd_W45,AGE,30-49,[0.12999719 0.46174879 0.40825402],0.0054788904359776135
306,INFOWHYd_W45,AGE,50-64,[0.11855825 0.37039194 0.5110498 ],0.006761810042189731
307,INFOWHYd_W45,AGE,65+,[0.09309981 0.30371114 0.60318905],0.008200149534329123
308,NEWSPROBa_W45,AGE,18-29,[0.46499673 0.37814206 0.12420537 0.03265584],0.008328140006633006
309,NEWSPROBa_W45,AGE,30-49,[0.46587118 0.35536477 0.14759487 0.03116918],0.010734718436505771
310,NEWSPROBa_W45,AGE,50-64,[0.52585406 0.33426163 0.11192773 0.02795658],0.007073233012949309
311,NEWSPROBa_W45,AGE,65+,[0.527072   0.36370434 0.09765005 0.01157361],0.0112215051115343
312,MADEUPIMPe_W45,AGE,18-29,[0.34051191 0.42643605 0.16792477 0.06512727],0.006722989351519491
313,MADEUPIMPe_W45,AGE,30-49,[0.38326956 0.40491111 0.16985915 0.04196018],0.008798692547523183
314,MADEUPIMPe_W45,AGE,50-64,[0.37606117 0.4031951  0.18690525 0.03383849],0.008017266006212677
315,MADEUPIMPe_W45,AGE,65+,[0.32787636 0.46452138 0.18584307 0.02175919],0.005999166178796389
316,NEWSPROBd_W45,AGE,18-29,[0.20725504 0.43001817 0.27119953 0.09152726],0.006334478859912212
317,NEWSPROBd_W45,AGE,30-49,[0.17845168 0.39983455 0.31236414 0.10934963],0.006918955107424837
318,NEWSPROBd_W45,AGE,50-64,[0.2191111  0.38055223 0.27596107 0.12437561],0.00767563858131657
319,NEWSPROBd_W45,AGE,65+,[0.14206596 0.4985416  0.25773927 0.10165316],0.00994328486224338
320,SOURCESKEPe_W45,AGE,18-29,[0.08160523 0.40630336 0.37556406 0.13652735],0.0021580287431934675
321,SOURCESKEPe_W45,AGE,30-49,[0.04566947 0.36714371 0.38222868 0.20495814],0.008828336992260601
322,SOURCESKEPe_W45,AGE,50-64,[0.02216757 0.29637628 0.40553553 0.27592062],0.009083916788754825
323,SOURCESKEPe_W45,AGE,65+,[0.01953804 0.20807732 0.40422885 0.36815578],0.021245465427474533
324,INFOWHYc_W45,AGE,18-29,[0.47027359 0.4241189  0.10560751],0.0036736459974693733
325,INFOWHYc_W45,AGE,30-49,[0.46820001 0.43580032 0.09599967],0.00732927470798808
326,INFOWHYc_W45,AGE,50-64,[0.51963034 0.3577282  0.12264146],0.0053240651430401685
327,INFOWHYc_W45,AGE,65+,[0.52144942 0.35627279 0.12227779],0.00931958267762749
328,MADEUPTOPICc_W45,AGE,18-29,[0.19286203 0.47885737 0.3282806  0.        ],0.002149707261026382
329,MADEUPTOPICc_W45,AGE,30-49,[0.18612889 0.50600841 0.3078627  0.        ],0.003030468843190949
330,MADEUPTOPICc_W45,AGE,50-64,[0.16888629 0.541316   0.28979771 0.        ],0.0029996118781426143
331,MADEUPTOPICc_W45,AGE,65+,[0.15681747 0.54852565 0.29465689 0.        ],0.007300121054000875
332,MADEUPTOPICd_W45,AGE,18-29,[0.27377448 0.48409494 0.24213058 0.        ],0.007165455498185944
333,MADEUPTOPICd_W45,AGE,30-49,[0.307712   0.52055985 0.17172815 0.        ],0.005525441190003886
334,MADEUPTOPICd_W45,AGE,50-64,[0.29030324 0.51045963 0.19923712 0.        ],0.006801163299229057
335,MADEUPTOPICd_W45,AGE,65+,[0.22727139 0.61140203 0.16132658 0.        ],0.003028382848013864
336,INFOCREATEb_W45,AGE,18-29,[0.49107626 0.41924789 0.08967585 0.        ],0.005322533442868591
337,INFOCREATEb_W45,AGE,30-49,[0.53933215 0.39645959 0.06420826 0.        ],0.006444755098402466
338,INFOCREATEb_W45,AGE,50-64,[0.63749156 0.3225196  0.03998884 0.        ],0.0024046475250341717
339,INFOCREATEb_W45,AGE,65+,[0.68834299 0.28961789 0.02203912 0.        ],0.011233115615697776
340,SNSUSE_W45,AGE,18-29,[0.86208113 0.13791887],0.003972984062473022
341,SNSUSE_W45,AGE,30-49,[0.83634826 0.16365174],0.006385946538569062
342,SNSUSE_W45,AGE,50-64,[0.69607579 0.30392421],0.002220832542752113
343,SNSUSE_W45,AGE,65+,[0.57415885 0.42584115],0.003019443620360838
344,MEDIALOYAL3_W45,AGE,18-29,[0.27526228 0.72473772],0.008948164351018298
345,MEDIALOYAL3_W45,AGE,30-49,[0.36503748 0.63496252],0.004894448707568622
346,MEDIALOYAL3_W45,AGE,50-64,[0.44212167 0.55787833],0.007355388867395052
347,MEDIALOYAL3_W45,AGE,65+,[0.49229617 0.50770383],0.007936480825179832
348,MADEUPRESc_W45,AGE,18-29,[0.77044081 0.22955919],0.006654644496877595
349,MADEUPRESc_W45,AGE,30-49,[0.8167718 0.1832282],0.005559733621267488
350,MADEUPRESc_W45,AGE,50-64,[0.75839366 0.24160634],0.010375516015405916
351,MADEUPRESc_W45,AGE,65+,[0.76170429 0.23829571],0.008427004469919275
352,SMLIKESc_W45,AGE,18-29,[0.30269083 0.43487982 0.26242935],0.012236301470582588
353,SMLIKESc_W45,AGE,30-49,[0.35674837 0.42272762 0.220524  ],0.012552865421443862
354,SMLIKESc_W45,AGE,50-64,[0.35935273 0.37498285 0.26566442],0.008086519662075435
355,SMLIKESc_W45,AGE,65+,[0.42981687 0.36791799 0.20226515],0.018830816200181108
356,LEAD_W45,AGE,18-29,[0.67428003 0.32571997],0.009548538112058452
357,LEAD_W45,AGE,30-49,[0.6933313 0.3066687],0.010445816810010194
358,LEAD_W45,AGE,50-64,[0.73100054 0.26899946],0.017346670532626937
359,LEAD_W45,AGE,65+,[0.71379466 0.28620534],0.022611085249899
360,INFOKNOWc_W45,AGE,18-29,[0.48265384 0.51734616],0.004778390227740643
361,INFOKNOWc_W45,AGE,30-49,[0.46347936 0.53652064],0.010872310030457149
362,INFOKNOWc_W45,AGE,50-64,[0.44888747 0.55111253],0.010822280264832123
363,INFOKNOWc_W45,AGE,65+,[0.446376 0.553624],0.012698755609960316
364,MADEUPIMPa_W45,AGE,18-29,[0.5642397  0.30935189 0.0786629  0.04774551],0.006477309644116684
365,MADEUPIMPa_W45,AGE,30-49,[0.65766362 0.24230456 0.07615724 0.02387458],0.0056229720203062146
366,MADEUPIMPa_W45,AGE,50-64,[0.72404516 0.22832324 0.03524622 0.01238537],0.002427087503768512
367,MADEUPIMPa_W45,AGE,65+,[0.78175746 0.19002421 0.02206295 0.00615537],0.005849216551987182
368,INFORESTRICTa_W45,AGE,18-29,[0.24514079 0.75485921],0.0067482774847320405
369,INFORESTRICTa_W45,AGE,30-49,[0.20628873 0.79371127],0.009660535413205064
370,INFORESTRICTa_W45,AGE,50-64,[0.17762328 0.82237672],0.010033019675295449
371,INFORESTRICTa_W45,AGE,65+,[0.2036861 0.7963139],0.008930904414796407
372,MADEUPRESe_W45,AGE,18-29,[0.56380023 0.43619977],0.007714866804029774
373,MADEUPRESe_W45,AGE,30-49,[0.57576036 0.42423964],0.007459729244968105
374,MADEUPRESe_W45,AGE,50-64,[0.49635766 0.50364234],0.014097540290567393
375,MADEUPRESe_W45,AGE,65+,[0.47027968 0.52972032],0.029798466244361367
376,SOURCESKEPd_W45,AGE,18-29,[0.15581354 0.6012073  0.1809056  0.06207356],0.0003264615872358963
377,SOURCESKEPd_W45,AGE,30-49,[0.1484922  0.64983424 0.17768364 0.02398992],0.003824074479278221
378,SOURCESKEPd_W45,AGE,50-64,[0.13925689 0.67833353 0.1610261  0.02138349],0.0022222218648549168
379,SOURCESKEPd_W45,AGE,65+,[0.14501162 0.66224672 0.1728168  0.01992487],0.003134766311710083
0,MADEUPSHARE2_W45,SEX,Female,[0.09559685 0.90440315],0.009865231390212236
1,MADEUPSHARE2_W45,SEX,Male,[0.11482078 0.88517922],0.003739897006760297
2,INFOKNOWd_W45,SEX,Female,[0.60364911 0.39635089],0.009618997173520803
3,INFOKNOWd_W45,SEX,Male,[0.56868422 0.43131578],0.012634237818185953
4,NEWSPROBb_W45,SEX,Female,[0.49439274 0.36537406 0.09849331 0.04173989],0.01675652103238763
5,NEWSPROBb_W45,SEX,Male,[0.5381451  0.33978226 0.09924506 0.02282758],0.006289977951639737
6,SMSHARE_W45,SEX,Female,[0.09676842 0.29591626 0.22180292 0.03957063 0.34594177],0.00564174359571037
7,SMSHARE_W45,SEX,Male,[0.06926556 0.26777225 0.22622916 0.04137779 0.39535524],0.003020152343137963
8,MADEUPOFT_W45,SEX,Female,[0.36347356 0.52685121 0.09036411 0.01931112],0.008868722197167509
9,MADEUPOFT_W45,SEX,Male,[0.4013949  0.49511793 0.08451466 0.01897252],0.004999998209286869
10,SMLIKESb_W45,SEX,Female,[0.27351369 0.48419992 0.24228639],0.015476433842788937
11,SMLIKESb_W45,SEX,Male,[0.24143695 0.46905791 0.28950514],0.009357351936133905
12,INFOCHALe_W45,SEX,Female,[0.46097025 0.34690131 0.14225836 0.04987008],0.028034052071234973
13,INFOCHALe_W45,SEX,Male,[0.44228455 0.33010042 0.1602102  0.06740483],0.01490541900725113
14,MADEUPSHAREWHY_W45,SEX,Female,[0.30125559 0.07755112 0.14797337 0.47321992],0.005480306802973666
15,MADEUPSHAREWHY_W45,SEX,Male,[0.25049175 0.08240503 0.21324975 0.45385347],0.0
16,INFORESTRICTb_W45,SEX,Female,[0.64462671 0.35537329],0.024393453645904395
17,INFORESTRICTb_W45,SEX,Male,[0.75348723 0.24651277],0.007851685926342304
18,WATCHDOG_3_W45,SEX,Female,[0.29330721 0.70669279],0.025336450200968228
19,WATCHDOG_3_W45,SEX,Male,[0.23966835 0.76033165],0.018798367732831323
20,MADEUPSHARE1_W45,SEX,Female,[0.49113587 0.50886413],0.0120905149583755
21,MADEUPSHARE1_W45,SEX,Male,[0.49029833 0.50970167],0.006288853098192064
22,SMLIKESe_W45,SEX,Female,[0.77857861 0.17570258 0.04571882],0.005020102864384741
23,SMLIKESe_W45,SEX,Male,[0.78276227 0.16376014 0.05347759],0.004347983917442038
24,MADEUPRESa_W45,SEX,Female,[0.60220102 0.39779898],0.008275424149355491
25,MADEUPRESa_W45,SEX,Male,[0.67346598 0.32653402],0.005607491264908083
26,INFOCHALd_W45,SEX,Female,[0.45538981 0.3587878  0.13586509 0.0499573 ],0.03283311154589926
27,INFOCHALd_W45,SEX,Male,[0.43209995 0.35595814 0.15632039 0.05562151],0.015442017553227933
28,INFOOWNd_W45,SEX,Female,[0.75159976 0.24840024],0.012464062775012455
29,INFOOWNd_W45,SEX,Male,[0.79646761 0.20353239],0.0061839082937155555
30,RESTRICTWHO_W45,SEX,Female,[0.12318813 0.08789902 0.16973252 0.56745903 0.05172129],0.013733813373077228
31,RESTRICTWHO_W45,SEX,Male,[0.1200888  0.09174648 0.22867413 0.50847124 0.05101935],0.003767372751018273
32,SMLIKESa_W45,SEX,Female,[0.56086503 0.31429177 0.1248432 ],0.013220821472238901
33,SMLIKESa_W45,SEX,Male,[0.58178193 0.31714128 0.10107679],0.009726909146726283
34,INFORESTRICTc_W45,SEX,Female,[0.41110422 0.58889578],0.014219543981013752
35,INFORESTRICTc_W45,SEX,Male,[0.51160464 0.48839536],0.006027165504187671
36,MADEUPTOPICa_W45,SEX,Female,[0.73390458 0.24017748 0.02591794 0.        ],0.006738824428239996
37,MADEUPTOPICa_W45,SEX,Male,[0.76808748 0.19973836 0.03217416 0.        ],0.002801539237251257
38,MADEUPSMCLICK_W45,SEX,Female,[0.0635324  0.26436897 0.3465588  0.22282666 0.10271317],0.004108217178756162
39,MADEUPSMCLICK_W45,SEX,Male,[0.04011207 0.26012076 0.36473364 0.23217714 0.10285639],0.008007544026593719
40,MADEUPLEVELb_W45,SEX,Female,[0.19580153 0.5470652  0.25713327 0.        ],0.006586350834165949
41,MADEUPLEVELb_W45,SEX,Male,[0.16984989 0.51375523 0.31639488 0.        ],0.004400179550533664
42,MADEUPRESb_W45,SEX,Female,[0.46291898 0.53708102],0.008018360807751037
43,MADEUPRESb_W45,SEX,Male,[0.41052291 0.58947709],0.00660284683911946
44,INFOKNOWa_W45,SEX,Female,[0.45443161 0.54556839],0.010319290415129929
45,INFOKNOWa_W45,SEX,Male,[0.41542242 0.58457758],0.01081986067826371
46,INFOCREATEd_W45,SEX,Female,[0.33065621 0.53340265 0.13594113 0.        ],0.013441043817417005
47,INFOCREATEd_W45,SEX,Male,[0.3909774  0.46579805 0.14322455 0.        ],0.010450936917171102
48,INFORESTRICTe_W45,SEX,Female,[0.20284829 0.79715171],0.010539895504134238
49,INFORESTRICTe_W45,SEX,Male,[0.25023908 0.74976092],0.004836356315545521
50,ACCCHECK_W45,SEX,Female,[0.25262184 0.47594782 0.20169766 0.06973268],0.01007883543789869
51,ACCCHECK_W45,SEX,Male,[0.33891579 0.45654511 0.14713579 0.05740332],0.006244381989652956
52,NEWSPREFV2_W45,SEX,Female,[0.06839921 0.08018457 0.44783583 0.14353569 0.26004469],0.004461658762110888
53,NEWSPREFV2_W45,SEX,Male,[0.08339484 0.09072096 0.37868434 0.10616016 0.3410397 ],0.0033855147455253737
54,SOURCESKEPb_W45,SEX,Female,[0.02684606 0.36399089 0.47928564 0.12987742],0.006174789624498893
55,SOURCESKEPb_W45,SEX,Male,[0.03090247 0.36721061 0.46954561 0.13234131],0.001813491602525566
56,INFOCONFUSEd_W45,SEX,Female,[0.46424558 0.4229562  0.09312548 0.01967274],0.0024455954629430047
57,INFOCONFUSEd_W45,SEX,Male,[0.4954474  0.40183103 0.07924403 0.02347754],0.0053538451073221385
58,MADEUPTOPICf_W45,SEX,Female,[0.24705761 0.60998823 0.14295416 0.        ],0.0077030694981167465
59,MADEUPTOPICf_W45,SEX,Male,[0.28276098 0.54958831 0.16765071 0.        ],0.009095372389773652
60,MADEUPDIS_W45,SEX,Female,[0.14125274 0.45726089 0.30784619 0.09364018],0.0059979528415638975
61,MADEUPDIS_W45,SEX,Male,[0.17309247 0.46020857 0.29002643 0.07667253],0.003052728706161779
62,NEWSPROBe_W45,SEX,Female,[0.32124568 0.36189634 0.25291805 0.06393994],0.009000691818840303
63,NEWSPROBe_W45,SEX,Male,[0.43574173 0.27082111 0.24474978 0.04868739],0.002230995031722197
64,MADEUPTOPICb_W45,SEX,Female,[0.64980985 0.30691097 0.04327919 0.        ],0.00544575800973004
65,MADEUPTOPICb_W45,SEX,Male,[0.58070594 0.35602377 0.06327029 0.        ],0.004788749919495965
66,INFOCHALa_W45,SEX,Female,[0.63521593 0.27135875 0.06898465 0.02444067],0.021887255967736666
67,INFOCHALa_W45,SEX,Male,[0.66446143 0.25032843 0.06126213 0.02394801],0.011579953961293516
68,INFOKNOWb_W45,SEX,Female,[0.65463526 0.34536474],0.013669402172267043
69,INFOKNOWb_W45,SEX,Male,[0.66500596 0.33499404],0.013279790312869858
70,MADEUPSMFOL1_W45,SEX,Female,[0.49707077 0.50292923],0.010778382669766344
71,MADEUPSMFOL1_W45,SEX,Male,[0.50907003 0.49092997],0.006667450172288068
72,MADEUPRESd_W45,SEX,Female,[0.29599524 0.70400476],0.009114196243343713
73,MADEUPRESd_W45,SEX,Male,[0.34685018 0.65314982],0.00881518968427598
74,INFOWHYb_W45,SEX,Female,[0.83858698 0.12522694 0.03618608],0.005625932870130815
75,INFOWHYb_W45,SEX,Male,[0.89906768 0.07013284 0.03079949],0.0045920096627608455
76,INFOOWNc_W45,SEX,Female,[0.56774264 0.43225736],0.01644452546313858
77,INFOOWNc_W45,SEX,Male,[0.61700678 0.38299322],0.00905257122805985
78,INFOCREATEa_W45,SEX,Female,[0.37127954 0.43876956 0.1899509  0.        ],0.006530641727315467
79,INFOCREATEa_W45,SEX,Male,[0.38598257 0.38167723 0.2323402  0.        ],0.0058017130330697605
80,SEEK_W45,SEX,Female,[0.55529771 0.44470229],0.006011600419321709
81,SEEK_W45,SEX,Male,[0.65343501 0.34656499],0.008981514232850742
82,INFORESTRICTd_W45,SEX,Female,[0.59501207 0.40498793],0.017022130745666088
83,INFORESTRICTd_W45,SEX,Male,[0.66290022 0.33709978],0.008281041634287672
84,INFOCONFUSEa_W45,SEX,Female,[0.66538109 0.24685797 0.05430772 0.03345322],0.0030643199716875323
85,INFOCONFUSEa_W45,SEX,Male,[0.67981714 0.24203301 0.04941128 0.02873857],0.002078818451733361
86,WATCHDOG_1_W45,SEX,Female,[0.30997584 0.69002416],0.0372696540015336
87,WATCHDOG_1_W45,SEX,Male,[0.2949438 0.7050562],0.021527899499168467
88,MADEUPIMPd_W45,SEX,Female,[0.37343438 0.43778615 0.14621993 0.04255954],0.01388550269983207
89,MADEUPIMPd_W45,SEX,Male,[0.33729522 0.40514828 0.19459662 0.06295988],0.006468454338849235
90,INFOOWNb_W45,SEX,Female,[0.76076025 0.23923975],0.019598688050355095
91,INFOOWNb_W45,SEX,Male,[0.83089564 0.16910436],0.010639651327992815
92,SMSHARER_W45,SEX,Female,[0.11430619 0.88569381],0.017043265378379486
93,SMSHARER_W45,SEX,Male,[0.12637251 0.87362749],0.007910906542488737
94,FCFAIR_W45,SEX,Female,[0.55332104 0.44667896],0.029309570932392406
95,FCFAIR_W45,SEX,Male,[0.47093584 0.52906416],0.014644335179486618
96,INFOCONFUSEe_W45,SEX,Female,[0.64260414 0.26267156 0.06210257 0.03262173],0.004104948821734221
97,INFOCONFUSEe_W45,SEX,Male,[0.62446399 0.27896299 0.06285357 0.03371945],0.004553274736454756
98,MADEUPTOPICe_W45,SEX,Female,[0.17604373 0.42945378 0.39450248 0.        ],0.005643871243188196
99,MADEUPTOPICe_W45,SEX,Male,[0.19119844 0.45755868 0.35124288 0.        ],0.0027542798471409105
100,INFOOWNa_W45,SEX,Female,[0.60994243 0.39005757],0.01672504528904002
101,INFOOWNa_W45,SEX,Male,[0.6698959 0.3301041],0.011929863258641208
102,INFOCHALb_W45,SEX,Female,[0.4036823  0.42373744 0.13734908 0.03523118],0.024911406147222395
103,INFOCHALb_W45,SEX,Male,[0.45237942 0.3956177  0.1195486  0.03245428],0.01512506790291652
104,INFOWHYa_W45,SEX,Female,[0.73711582 0.2067793  0.05610488],0.008745927984003221
105,INFOWHYa_W45,SEX,Male,[0.68608207 0.24097884 0.07293909],0.0037299997532062633
106,SOURCESKEPc_W45,SEX,Female,[0.05346524 0.50587323 0.36037151 0.08029002],0.0008988229660408578
107,SOURCESKEPc_W45,SEX,Male,[0.03307473 0.46172035 0.39447207 0.11073286],0.002393766633479765
108,SOURCESKEPa_W45,SEX,Female,[0.39078419 0.48774289 0.08554191 0.035931  ],0.004379445198779814
109,SOURCESKEPa_W45,SEX,Male,[0.33634925 0.49662151 0.12393356 0.04309567],0.00032635393306204065
110,INFOCHALc_W45,SEX,Female,[0.38859754 0.43269077 0.14421715 0.03449454],0.02161068056076443
111,INFOCHALc_W45,SEX,Male,[0.43959493 0.39076934 0.13713916 0.03249657],0.015852082740900282
112,DIGWDOG_3_W45,SEX,Female,[0.30265082 0.31938079 0.3779684 ],0.010671600342789009
113,DIGWDOG_3_W45,SEX,Male,[0.32024473 0.32519374 0.35456153],0.0047531570092083884
114,VIDOFT_W45,SEX,Female,[0.14419513 0.52148831 0.2646222  0.06969436],0.022229068223502717
115,VIDOFT_W45,SEX,Male,[0.15991823 0.5135539  0.26750568 0.05902219],0.007511758050910153
116,MADEUPLEVELa_W45,SEX,Female,[0.57298184 0.37045666 0.0565615  0.        ],0.006970024141846916
117,MADEUPLEVELa_W45,SEX,Male,[0.60959816 0.3540277  0.03637414 0.        ],0.007321475504717344
118,INFOCREATEc_W45,SEX,Female,[0.2893997  0.55644017 0.15416013 0.        ],0.010656371976651409
119,INFOCREATEc_W45,SEX,Male,[0.23853073 0.53674254 0.22472673 0.        ],0.005966318160965663
120,MADEUPIMPb_W45,SEX,Female,[0.54676802 0.34463767 0.08062061 0.0279737 ],0.0080089222721228
121,MADEUPIMPb_W45,SEX,Male,[0.54495844 0.34212312 0.09267765 0.02024079],0.002928517658267483
122,INFOCONFUSEc_W45,SEX,Female,[0.51476145 0.38105737 0.08402644 0.02015474],0.0024883543301846937
123,INFOCONFUSEc_W45,SEX,Male,[0.52498094 0.37049878 0.07790917 0.02661112],0.005816960668160778
124,SMLIKESd_W45,SEX,Female,[0.14486942 0.35088455 0.50424602],0.004141115623586064
125,SMLIKESd_W45,SEX,Male,[0.11786519 0.33985392 0.5422809 ],0.004347983917442038
126,NEWS_PLATFORMh_W45,SEX,Female,[0.40552082 0.34064349 0.16949482 0.08434086],0.001995753504454036
127,NEWS_PLATFORMh_W45,SEX,Male,[0.45892031 0.31570301 0.14123616 0.08414052],0.0006697882863756029
128,INFOCONFUSEb_W45,SEX,Female,[0.2849264  0.48740188 0.17998289 0.04768883],0.010709445378064909
129,INFOCONFUSEb_W45,SEX,Male,[0.20570463 0.47250011 0.26212495 0.05967031],0.008009044908906741
130,NEWS_PLATFORMg_W45,SEX,Female,[0.3071428  0.30855785 0.18472899 0.19957036],0.0009936337980815425
131,NEWS_PLATFORMg_W45,SEX,Male,[0.1974634  0.27434031 0.2437406  0.28445569],0.0014346218786774967
132,NEWSPROBc_W45,SEX,Female,[0.1822394  0.35858579 0.28590954 0.17326528],0.01117655523055158
133,NEWSPROBc_W45,SEX,Male,[0.15501648 0.3061881  0.30863866 0.23015676],0.004727362492744317
134,ONLINESOURCE_W45,SEX,Female,[0.84620869 0.15379131],0.2264508386528946
135,ONLINESOURCE_W45,SEX,Male,[0.84638172 0.15361828],0.1948622165690636
136,MADEUPSOLVE_W45,SEX,Female,[0.1055453  0.35208387 0.54237083],0.012315855468749989
137,MADEUPSOLVE_W45,SEX,Male,[0.10308765 0.30036865 0.5965437 ],0.008724388215879793
138,INFOCREATEe_W45,SEX,Female,[0.49475347 0.42513286 0.08011367 0.        ],0.009116591744882281
139,INFOCREATEe_W45,SEX,Male,[0.5899386 0.347163  0.0628984 0.       ],0.00591176558284074
140,MADEUPSMFOL2_W45,SEX,Female,[0.51248556 0.48751444],0.008426548001502165
141,MADEUPSMFOL2_W45,SEX,Male,[0.49238353 0.50761647],0.00866472302396357
142,MADEUPIMPc_W45,SEX,Female,[0.51161846 0.34908854 0.09817802 0.04111498],0.009657607362484067
143,MADEUPIMPc_W45,SEX,Male,[0.51285075 0.34211583 0.11515834 0.02987508],0.0069095998195021135
144,DISAVOID_W45,SEX,Female,[0.49667055 0.50332945],0.006034540969472545
145,DISAVOID_W45,SEX,Male,[0.49863185 0.50136815],0.0015228369182138878
146,INFOOWNe_W45,SEX,Female,[0.52496254 0.47503746],0.013995920008944425
147,INFOOWNe_W45,SEX,Male,[0.54828274 0.45171726],0.009546298604709747
148,INFOKNOWe_W45,SEX,Female,[0.41741105 0.58258895],0.010285046072829006
149,INFOKNOWe_W45,SEX,Male,[0.3442831 0.6557169],0.01035831509049303
150,SMLIKESf_W45,SEX,Female,[0.52678807 0.37554491 0.09766701],0.004945223366549426
151,SMLIKESf_W45,SEX,Male,[0.44815657 0.44785941 0.10398402],0.004347983917442038
152,INFOWHYd_W45,SEX,Female,[0.13732463 0.41149235 0.45118302],0.007857235470854113
153,INFOWHYd_W45,SEX,Male,[0.11151426 0.4111869  0.47729884],0.003974829519992014
154,NEWSPROBa_W45,SEX,Female,[0.48491203 0.36196938 0.12280448 0.03031411],0.013876073712235256
155,NEWSPROBa_W45,SEX,Male,[0.50530394 0.34807345 0.12392384 0.02269876],0.004514780181639528
156,MADEUPIMPe_W45,SEX,Female,[0.35391251 0.4419875  0.16564998 0.03845002],0.010241246379444919
157,MADEUPIMPe_W45,SEX,Male,[0.36889961 0.39967364 0.18899805 0.04242871],0.004742941480582095
158,NEWSPROBd_W45,SEX,Female,[0.18554638 0.45862546 0.25124719 0.10458096],0.010404800441217131
159,NEWSPROBd_W45,SEX,Male,[0.19196849 0.37912571 0.31668165 0.11222415],0.004593066791673597
160,SOURCESKEPe_W45,SEX,Female,[0.04582836 0.37925938 0.3817053  0.19320696],0.008597693438306265
161,SOURCESKEPe_W45,SEX,Male,[0.03687915 0.26679935 0.40080004 0.29552146],0.011634751651741378
162,INFOWHYc_W45,SEX,Female,[0.54506798 0.35911046 0.09582156],0.00884736480820809
163,INFOWHYc_W45,SEX,Male,[0.43696309 0.4369777  0.1260592 ],0.0038867350575298824
164,MADEUPTOPICc_W45,SEX,Female,[0.16911329 0.52177916 0.30910755 0.        ],0.006275332521788454
165,MADEUPTOPICc_W45,SEX,Male,[0.1853843  0.51683334 0.29778236 0.        ],0.0009568463357734815
166,MADEUPTOPICd_W45,SEX,Female,[0.27731671 0.54791545 0.17476784 0.        ],0.004307391781330786
167,MADEUPTOPICd_W45,SEX,Male,[0.28364675 0.50928245 0.2070708  0.        ],0.00714963434084812
168,INFOCREATEb_W45,SEX,Female,[0.58642483 0.36981982 0.04375536 0.        ],0.007485292062021745
169,INFOCREATEb_W45,SEX,Male,[0.58619557 0.34824831 0.06555612 0.        ],0.0047013303164333475
170,SNSUSE_W45,SEX,Female,[0.79352797 0.20647203],0.005020429692962871
171,SNSUSE_W45,SEX,Male,[0.7056082 0.2943918],0.0031634595428638272
172,MEDIALOYAL3_W45,SEX,Female,[0.42743214 0.57256786],0.006337889040662828
173,MEDIALOYAL3_W45,SEX,Male,[0.35663792 0.64336208],0.007630818390797005
174,MADEUPRESc_W45,SEX,Female,[0.76100486 0.23899514],0.007588580796055182
175,MADEUPRESc_W45,SEX,Male,[0.80309748 0.19690252],0.007626839283313588
176,SMLIKESc_W45,SEX,Female,[0.3797945  0.38392225 0.23628325],0.013220821472238901
177,SMLIKESc_W45,SEX,Male,[0.3291018  0.42990844 0.24098976],0.011318588866488405
178,LEAD_W45,SEX,Female,[0.7424057 0.2575943],0.016269435986564905
179,LEAD_W45,SEX,Male,[0.66144152 0.33855848],0.01260126896093947
180,INFOKNOWc_W45,SEX,Female,[0.48306402 0.51693598],0.008753330531993576
181,INFOKNOWc_W45,SEX,Male,[0.43507604 0.56492396],0.011336784240234984
182,MADEUPIMPa_W45,SEX,Female,[0.68408033 0.24148999 0.05010465 0.02432504],0.006760976513083314
183,MADEUPIMPa_W45,SEX,Male,[0.67943419 0.2407374  0.06022564 0.01960276],0.0030939783853616
184,INFORESTRICTa_W45,SEX,Female,[0.17677584 0.82322416],0.012367754978804765
185,INFORESTRICTa_W45,SEX,Male,[0.23702587 0.76297413],0.005379763418430109
186,MADEUPRESe_W45,SEX,Female,[0.53016906 0.46983094],0.014544681090824324
187,MADEUPRESe_W45,SEX,Male,[0.53280148 0.46719852],0.012877907329085928
188,SOURCESKEPd_W45,SEX,Female,[0.15976912 0.66540962 0.15226044 0.02256082],0.0029179799464305223
189,SOURCESKEPd_W45,SEX,Male,[0.13252008 0.63190069 0.19682693 0.0387523 ],0.0021744969892191325
0,MADEUPSHARE2_W45,EDUCATION,Associate's degree,[0.09843254 0.90156746],0.003950087303136201
1,MADEUPSHARE2_W45,EDUCATION,College graduate/some postgrad,[0.06746144 0.93253856],0.006361205865070988
2,MADEUPSHARE2_W45,EDUCATION,High school graduate,[0.12784058 0.87215942],0.010575426758661393
3,MADEUPSHARE2_W45,EDUCATION,Less than high school,[0.17720334 0.82279666],0.00349484952188054
4,MADEUPSHARE2_W45,EDUCATION,Postgraduate,[0.0615205 0.9384795],0.006782749291419791
5,MADEUPSHARE2_W45,EDUCATION,"Some college, no degree",[0.10523347 0.89476653],0.005120907323942188
6,INFOKNOWd_W45,EDUCATION,Associate's degree,[0.57676612 0.42323388],0.005982219004240033
7,INFOKNOWd_W45,EDUCATION,College graduate/some postgrad,[0.54776527 0.45223473],0.004608685556921667
8,INFOKNOWd_W45,EDUCATION,High school graduate,[0.643808 0.356192],0.01642659176716885
9,INFOKNOWd_W45,EDUCATION,Less than high school,[0.57538036 0.42461964],0.023316013137653118
10,INFOKNOWd_W45,EDUCATION,Postgraduate,[0.53003613 0.46996387],0.009510573464816936
11,INFOKNOWd_W45,EDUCATION,"Some college, no degree",[0.58583161 0.41416839],0.007431137024394733
12,NEWSPROBb_W45,EDUCATION,Associate's degree,[0.57063647 0.33971712 0.06631114 0.02333527],0.0
13,NEWSPROBb_W45,EDUCATION,College graduate/some postgrad,[0.58987988 0.3549803  0.04961605 0.00552377],0.009381684243336186
14,NEWSPROBb_W45,EDUCATION,High school graduate,[0.47612927 0.36739186 0.10769603 0.04878284],0.025519748789774525
15,NEWSPROBb_W45,EDUCATION,Less than high school,[0.33859079 0.32852738 0.21454672 0.11833511],0.0
16,NEWSPROBb_W45,EDUCATION,Postgraduate,[0.5539391  0.38185716 0.06302444 0.0011793 ],0.0030554843000980296
17,NEWSPROBb_W45,EDUCATION,"Some college, no degree",[0.53180735 0.33272115 0.1132165  0.022255  ],0.008436333288715023
18,SMSHARE_W45,EDUCATION,Associate's degree,[0.09416199 0.23791765 0.27848873 0.0398945  0.34953714],0.0023401474218356314
19,SMSHARE_W45,EDUCATION,College graduate/some postgrad,[0.05413881 0.23962196 0.2651515  0.04894164 0.39214609],0.007765765022714356
20,SMSHARE_W45,EDUCATION,High school graduate,[0.11048074 0.27415708 0.1997385  0.0356661  0.37995758],0.00519987087275326
21,SMSHARE_W45,EDUCATION,Less than high school,[0.09725641 0.37331264 0.12369316 0.06735315 0.33838464],0.0033873048027292774
22,SMSHARE_W45,EDUCATION,Postgraduate,[0.0502796  0.24474509 0.29337965 0.02720491 0.38439075],0.002666801155820579
23,SMSHARE_W45,EDUCATION,"Some college, no degree",[0.0836492  0.32874822 0.20308549 0.03795276 0.34656434],0.003345570260047838
24,MADEUPOFT_W45,EDUCATION,Associate's degree,[0.38689177 0.50924785 0.08349851 0.02036188],0.004405005903688111
25,MADEUPOFT_W45,EDUCATION,College graduate/some postgrad,[0.34555243 0.55231915 0.09791588 0.00421255],0.006881319836351066
26,MADEUPOFT_W45,EDUCATION,High school graduate,[0.39886916 0.49191825 0.08766407 0.02154852],0.005314190607468307
27,MADEUPOFT_W45,EDUCATION,Less than high school,[0.3083241  0.50460261 0.09616911 0.09090418],0.02404616172001355
28,MADEUPOFT_W45,EDUCATION,Postgraduate,[0.34278575 0.54718038 0.10721265 0.00282122],0.006515965214033087
29,MADEUPOFT_W45,EDUCATION,"Some college, no degree",[0.43087115 0.49152333 0.06692915 0.01067637],0.004432799462219367
30,SMLIKESb_W45,EDUCATION,Associate's degree,[0.28937434 0.50819074 0.20243492],0.009327174743551284
31,SMLIKESb_W45,EDUCATION,College graduate/some postgrad,[0.25451227 0.49905971 0.24642802],0.0010397448198273137
32,SMLIKESb_W45,EDUCATION,High school graduate,[0.22808964 0.47073153 0.30117883],0.018612837231391684
33,SMLIKESb_W45,EDUCATION,Less than high school,[0.26156809 0.40417558 0.33425633],0.023965724464070512
34,SMLIKESb_W45,EDUCATION,Postgraduate,[0.2927573  0.47954674 0.22769596],0.00992281557511163
35,SMLIKESb_W45,EDUCATION,"Some college, no degree",[0.26725461 0.48734453 0.24540086],0.012465752594948105
36,INFOCHALe_W45,EDUCATION,Associate's degree,[0.42446836 0.36420014 0.15102787 0.06030363],0.02184394510407095
37,INFOCHALe_W45,EDUCATION,College graduate/some postgrad,[0.45577158 0.36921643 0.14518191 0.02983008],0.023738421703139737
38,INFOCHALe_W45,EDUCATION,High school graduate,[0.42600381 0.32626153 0.17458489 0.07314977],0.023623680216994736
39,INFOCHALe_W45,EDUCATION,Less than high school,[0.47019358 0.29301466 0.12279828 0.11399348],0.030837969354257755
40,INFOCHALe_W45,EDUCATION,Postgraduate,[0.49167815 0.34734096 0.1276574  0.03332349],0.012705109113854657
41,INFOCHALe_W45,EDUCATION,"Some college, no degree",[0.46170835 0.33600783 0.14779219 0.05449164],0.017904834464829395
42,MADEUPSHAREWHY_W45,EDUCATION,Associate's degree,[0.1422442  0.07748537 0.21387128 0.56639914],0.0
43,MADEUPSHAREWHY_W45,EDUCATION,College graduate/some postgrad,[0.32218639 0.03354232 0.25190519 0.3923661 ],0.0
44,MADEUPSHAREWHY_W45,EDUCATION,High school graduate,[0.2811425  0.09606963 0.13778774 0.48500012],0.0026293056884751317
45,MADEUPSHAREWHY_W45,EDUCATION,Less than high school,[0.27044193 0.2076762  0.12900142 0.39288046],0.0
46,MADEUPSHAREWHY_W45,EDUCATION,Postgraduate,[0.27714276 0.00664061 0.22318704 0.4930296 ],0.0
47,MADEUPSHAREWHY_W45,EDUCATION,"Some college, no degree",[0.28963425 0.02430401 0.23011341 0.45594833],0.007198494999948087
48,INFORESTRICTb_W45,EDUCATION,Associate's degree,[0.69416957 0.30583043],0.011223497522235133
49,INFORESTRICTb_W45,EDUCATION,College graduate/some postgrad,[0.82056417 0.17943583],0.008522735548057374
50,INFORESTRICTb_W45,EDUCATION,High school graduate,[0.59372543 0.40627457],0.025146468591090595
51,INFORESTRICTb_W45,EDUCATION,Less than high school,[0.59593863 0.40406137],0.015483057509714506
52,INFORESTRICTb_W45,EDUCATION,Postgraduate,[0.86595664 0.13404336],0.006027395717664003
53,INFORESTRICTb_W45,EDUCATION,"Some college, no degree",[0.67742003 0.32257997],0.018744074616424616
54,WATCHDOG_3_W45,EDUCATION,Associate's degree,[0.24883903 0.75116097],0.010029957508467555
55,WATCHDOG_3_W45,EDUCATION,College graduate/some postgrad,[0.23964589 0.76035411],0.020734298678156925
56,WATCHDOG_3_W45,EDUCATION,High school graduate,[0.27061685 0.72938315],0.018393313871190645
57,WATCHDOG_3_W45,EDUCATION,Less than high school,[0.36566907 0.63433093],0.05522706781552095
58,WATCHDOG_3_W45,EDUCATION,Postgraduate,[0.26418987 0.73581013],0.022749300428436807
59,WATCHDOG_3_W45,EDUCATION,"Some college, no degree",[0.25995331 0.74004669],0.02070910783544382
60,MADEUPSHARE1_W45,EDUCATION,Associate's degree,[0.47052127 0.52947873],0.011376268680479487
61,MADEUPSHARE1_W45,EDUCATION,College graduate/some postgrad,[0.43294444 0.56705556],0.0131453604988518
62,MADEUPSHARE1_W45,EDUCATION,High school graduate,[0.52027844 0.47972156],0.007008219668161178
63,MADEUPSHARE1_W45,EDUCATION,Less than high school,[0.53147889 0.46852111],0.008212167406781856
64,MADEUPSHARE1_W45,EDUCATION,Postgraduate,[0.42188801 0.57811199],0.00978992288070871
65,MADEUPSHARE1_W45,EDUCATION,"Some college, no degree",[0.52891495 0.47108505],0.008722876030141113
66,SMLIKESe_W45,EDUCATION,Associate's degree,[0.83636674 0.10042499 0.06320827],0.004958758163471855
67,SMLIKESe_W45,EDUCATION,College graduate/some postgrad,[0.86894414 0.10538294 0.02567292],0.001618208168425753
68,SMLIKESe_W45,EDUCATION,High school graduate,[0.74045705 0.21983958 0.03970336],0.00334155026565286
69,SMLIKESe_W45,EDUCATION,Less than high school,[0.5466243  0.27438466 0.17899104],0.006927375404972644
70,SMLIKESe_W45,EDUCATION,Postgraduate,[0.89525044 0.08848792 0.01626164],0.000997663989443914
71,SMLIKESe_W45,EDUCATION,"Some college, no degree",[0.76878526 0.18705954 0.0441552 ],0.009810470010218859
72,MADEUPRESa_W45,EDUCATION,Associate's degree,[0.67512233 0.32487767],0.0014791434835132885
73,MADEUPRESa_W45,EDUCATION,College graduate/some postgrad,[0.63820707 0.36179293],0.004353569938085719
74,MADEUPRESa_W45,EDUCATION,High school graduate,[0.60814105 0.39185895],0.005967097316351796
75,MADEUPRESa_W45,EDUCATION,Less than high school,[0.51880782 0.48119218],0.013632069759670705
76,MADEUPRESa_W45,EDUCATION,Postgraduate,[0.64909231 0.35090769],0.004257978299232124
77,MADEUPRESa_W45,EDUCATION,"Some college, no degree",[0.69080792 0.30919208],0.011674662060308417
78,INFOCHALd_W45,EDUCATION,Associate's degree,[0.43770823 0.34188818 0.16229772 0.05810586],0.02680367466146067
79,INFOCHALd_W45,EDUCATION,College graduate/some postgrad,[0.488174   0.36814523 0.11395529 0.02972549],0.019873828403109715
80,INFOCHALd_W45,EDUCATION,High school graduate,[0.39077073 0.3707804  0.17359856 0.06485031],0.0346827012318244
81,INFOCHALd_W45,EDUCATION,Less than high school,[0.42154503 0.34346851 0.12540662 0.10957983],0.04057323986837899
82,INFOCHALd_W45,EDUCATION,Postgraduate,[0.55730496 0.31398688 0.11082072 0.01788744],0.013425259420213356
83,INFOCHALd_W45,EDUCATION,"Some college, no degree",[0.42179613 0.37091618 0.15565159 0.0516361 ],0.01354539673796086
84,INFOOWNd_W45,EDUCATION,Associate's degree,[0.77774963 0.22225037],0.011480265294026789
85,INFOOWNd_W45,EDUCATION,College graduate/some postgrad,[0.81751168 0.18248832],0.007492012026755885
86,INFOOWNd_W45,EDUCATION,High school graduate,[0.74334534 0.25665466],0.012060376401539858
87,INFOOWNd_W45,EDUCATION,Less than high school,[0.61022115 0.38977885],0.00365585104649047
88,INFOOWNd_W45,EDUCATION,Postgraduate,[0.83177203 0.16822797],0.006925580676434109
89,INFOOWNd_W45,EDUCATION,"Some college, no degree",[0.80551536 0.19448464],0.009149239892783094
90,RESTRICTWHO_W45,EDUCATION,Associate's degree,[0.10738998 0.08060658 0.20272874 0.5650253  0.0442494 ],0.007450445062504636
91,RESTRICTWHO_W45,EDUCATION,College graduate/some postgrad,[0.10644413 0.11800584 0.23131987 0.5109882  0.03324197],0.011138487692037916
92,RESTRICTWHO_W45,EDUCATION,High school graduate,[0.12819744 0.06398219 0.16726486 0.56552643 0.07502908],0.007994070090127125
93,RESTRICTWHO_W45,EDUCATION,Less than high school,[0.18535475 0.09107449 0.14786156 0.50933209 0.06637711],0.008846759287813444
94,RESTRICTWHO_W45,EDUCATION,Postgraduate,[0.11802873 0.12424612 0.25463934 0.4641974  0.03888842],0.013046119830550429
95,RESTRICTWHO_W45,EDUCATION,"Some college, no degree",[0.11005931 0.08518044 0.19691357 0.56974372 0.03810297],0.006815905843287947
96,SMLIKESa_W45,EDUCATION,Associate's degree,[0.53891108 0.38704607 0.07404285],0.01581685993006502
97,SMLIKESa_W45,EDUCATION,College graduate/some postgrad,[0.68686911 0.24716661 0.06596428],0.0
98,SMLIKESa_W45,EDUCATION,High school graduate,[0.53076776 0.30358441 0.16564782],0.013329805698467909
99,SMLIKESa_W45,EDUCATION,Less than high school,[0.37183731 0.4431599  0.18500279],0.023965724464070512
100,SMLIKESa_W45,EDUCATION,Postgraduate,[0.69176211 0.25536088 0.05287701],0.00992281557511163
101,SMLIKESa_W45,EDUCATION,"Some college, no degree",[0.55030965 0.34007806 0.10961229],0.012465752594948108
102,INFORESTRICTc_W45,EDUCATION,Associate's degree,[0.43241774 0.56758226],0.010285506189476448
103,INFORESTRICTc_W45,EDUCATION,College graduate/some postgrad,[0.53467819 0.46532181],0.005886434615185443
104,INFORESTRICTc_W45,EDUCATION,High school graduate,[0.40342765 0.59657235],0.011963701536721766
105,INFORESTRICTc_W45,EDUCATION,Less than high school,[0.40207701 0.59792299],0.01012461332208411
106,INFORESTRICTc_W45,EDUCATION,Postgraduate,[0.55731003 0.44268997],0.009641634533893865
107,INFORESTRICTc_W45,EDUCATION,"Some college, no degree",[0.45115178 0.54884822],0.011908072038526776
108,MADEUPTOPICa_W45,EDUCATION,Associate's degree,[0.80276377 0.14648022 0.05075601 0.        ],0.006246636962306839
109,MADEUPTOPICa_W45,EDUCATION,College graduate/some postgrad,[0.78438217 0.19646307 0.01915476 0.        ],0.002486314952916445
110,MADEUPTOPICa_W45,EDUCATION,High school graduate,[0.71223826 0.25558505 0.03217669 0.        ],0.00476554728221125
111,MADEUPTOPICa_W45,EDUCATION,Less than high school,[0.64454378 0.28958873 0.0658675  0.        ],0.00567946636548225
112,MADEUPTOPICa_W45,EDUCATION,Postgraduate,[0.77832987 0.21778861 0.00388152 0.        ],0.010176485729028227
113,MADEUPTOPICa_W45,EDUCATION,"Some college, no degree",[0.77099666 0.20370131 0.02530202 0.        ],0.0011470612929847619
114,MADEUPSMCLICK_W45,EDUCATION,Associate's degree,[0.04606369 0.27307382 0.38545021 0.21404522 0.08136706],0.005115778640985772
115,MADEUPSMCLICK_W45,EDUCATION,College graduate/some postgrad,[0.04251654 0.25171285 0.3886587  0.25949925 0.05761266],0.004833060768574698
116,MADEUPSMCLICK_W45,EDUCATION,High school graduate,[0.07030581 0.27629665 0.31325431 0.21779819 0.12234503],0.005130932510857342
117,MADEUPSMCLICK_W45,EDUCATION,Less than high school,[0.06546859 0.22305691 0.30703291 0.24833108 0.15611051],0.011591121480123423
118,MADEUPSMCLICK_W45,EDUCATION,Postgraduate,[0.02467491 0.2271395  0.40190655 0.23783883 0.10844021],0.008373045319115367
119,MADEUPSMCLICK_W45,EDUCATION,"Some college, no degree",[0.05259947 0.28193757 0.36434031 0.20414231 0.09698034],0.004451764925662097
120,MADEUPLEVELb_W45,EDUCATION,Associate's degree,[0.1607315  0.57676628 0.26250222 0.        ],0.00240869551732927
121,MADEUPLEVELb_W45,EDUCATION,College graduate/some postgrad,[0.1302135  0.51782182 0.35196468 0.        ],0.004010926876175343
122,MADEUPLEVELb_W45,EDUCATION,High school graduate,[0.22743216 0.53584135 0.23672649 0.        ],0.007260072559107598
123,MADEUPLEVELb_W45,EDUCATION,Less than high school,[0.24860589 0.51553268 0.23586142 0.        ],0.0027831204586919365
124,MADEUPLEVELb_W45,EDUCATION,Postgraduate,[0.12638236 0.4923558  0.38126184 0.        ],0.004120488110787944
125,MADEUPLEVELb_W45,EDUCATION,"Some college, no degree",[0.18501801 0.54903733 0.26594466 0.        ],0.007498995570785521
126,MADEUPRESb_W45,EDUCATION,Associate's degree,[0.44700099 0.55299901],0.00397095685343699
127,MADEUPRESb_W45,EDUCATION,College graduate/some postgrad,[0.42089188 0.57910812],0.003221743861127121
128,MADEUPRESb_W45,EDUCATION,High school graduate,[0.43309824 0.56690176],0.009363889910100426
129,MADEUPRESb_W45,EDUCATION,Less than high school,[0.39097427 0.60902573],0.019245310814927547
130,MADEUPRESb_W45,EDUCATION,Postgraduate,[0.40090967 0.59909033],0.005618162500737079
131,MADEUPRESb_W45,EDUCATION,"Some college, no degree",[0.49068262 0.50931738],0.005814310843703002
132,INFOKNOWa_W45,EDUCATION,Associate's degree,[0.37931198 0.62068802],0.011986236205362396
133,INFOKNOWa_W45,EDUCATION,College graduate/some postgrad,[0.34985486 0.65014514],0.00444416815462023
134,INFOKNOWa_W45,EDUCATION,High school graduate,[0.51321427 0.48678573],0.018529526737196808
135,INFOKNOWa_W45,EDUCATION,Less than high school,[0.5050287 0.4949713],0.006282056340827093
136,INFOKNOWa_W45,EDUCATION,Postgraduate,[0.35004525 0.64995475],0.00906493864346332
137,INFOKNOWa_W45,EDUCATION,"Some college, no degree",[0.44818031 0.55181969],0.006718471386718942
138,INFOCREATEd_W45,EDUCATION,Associate's degree,[0.34451995 0.51511528 0.14036477 0.        ],0.019393312661622572
139,INFOCREATEd_W45,EDUCATION,College graduate/some postgrad,[0.35757914 0.49266036 0.1497605  0.        ],0.006793124355386856
140,INFOCREATEd_W45,EDUCATION,High school graduate,[0.36797582 0.5021151  0.12990908 0.        ],0.016658400232105672
141,INFOCREATEd_W45,EDUCATION,Less than high school,[0.37796869 0.46366281 0.1583685  0.        ],0.0048388945549974315
142,INFOCREATEd_W45,EDUCATION,Postgraduate,[0.38867759 0.50780346 0.10351895 0.        ],0.01074531030317215
143,INFOCREATEd_W45,EDUCATION,"Some college, no degree",[0.33444499 0.50851479 0.15704021 0.        ],0.009616618563057861
144,INFORESTRICTe_W45,EDUCATION,Associate's degree,[0.20112134 0.79887866],0.009371906488264465
145,INFORESTRICTe_W45,EDUCATION,College graduate/some postgrad,[0.22892522 0.77107478],0.003210991009380361
146,INFORESTRICTe_W45,EDUCATION,High school graduate,[0.21954782 0.78045218],0.006012644068507103
147,INFORESTRICTe_W45,EDUCATION,Less than high school,[0.27235054 0.72764946],0.008921194060795673
148,INFORESTRICTe_W45,EDUCATION,Postgraduate,[0.21300475 0.78699525],0.011773670855301547
149,INFORESTRICTe_W45,EDUCATION,"Some college, no degree",[0.23177285 0.76822715],0.010312927926290185
150,ACCCHECK_W45,EDUCATION,Associate's degree,[0.29448032 0.47442704 0.18351847 0.04757417],0.0010038330440311249
151,ACCCHECK_W45,EDUCATION,College graduate/some postgrad,[0.33348356 0.46759756 0.17411698 0.0248019 ],0.006651307946897762
152,ACCCHECK_W45,EDUCATION,High school graduate,[0.24336877 0.47410531 0.18619552 0.0963304 ],0.013555636956070682
153,ACCCHECK_W45,EDUCATION,Less than high school,[0.20975871 0.42203547 0.217406   0.15079982],0.0121214936211497
154,ACCCHECK_W45,EDUCATION,Postgraduate,[0.37645785 0.44494642 0.15139531 0.02720042],0.00407734449956419
155,ACCCHECK_W45,EDUCATION,"Some college, no degree",[0.31273367 0.48133008 0.15986713 0.04606911],0.00482736096621281
156,NEWSPREFV2_W45,EDUCATION,Associate's degree,[0.07390422 0.08498491 0.39608164 0.11611893 0.32891031],0.005971445728314434
157,NEWSPREFV2_W45,EDUCATION,College graduate/some postgrad,[0.08188869 0.1011468  0.29650902 0.09625713 0.42419836],0.00024738754691079265
158,NEWSPREFV2_W45,EDUCATION,High school graduate,[0.07185924 0.07391299 0.51415047 0.13945919 0.20061811],0.005154074916937652
159,NEWSPREFV2_W45,EDUCATION,Less than high school,[0.0670912  0.05245344 0.58703869 0.13269033 0.16072634],0.0
160,NEWSPREFV2_W45,EDUCATION,Postgraduate,[0.113487   0.12021115 0.26367204 0.0927525  0.4098773 ],0.004585697675222601
161,NEWSPREFV2_W45,EDUCATION,"Some college, no degree",[0.05959641 0.07703073 0.40704761 0.14945182 0.30687342],0.0054616675542824645
162,SOURCESKEPb_W45,EDUCATION,Associate's degree,[0.0326664  0.36550905 0.47971112 0.12211344],0.0003882643647318192
163,SOURCESKEPb_W45,EDUCATION,College graduate/some postgrad,[0.01955454 0.35123582 0.50098645 0.12822318],0.007689369350724144
164,SOURCESKEPb_W45,EDUCATION,High school graduate,[0.02571858 0.38030787 0.4543418  0.13963176],0.003980742512960164
165,SOURCESKEPb_W45,EDUCATION,Less than high school,[0.04610661 0.42935299 0.37581742 0.14872299],0.0
166,SOURCESKEPb_W45,EDUCATION,Postgraduate,[0.02461607 0.33403111 0.5269482  0.11440462],0.004765336664389898
167,SOURCESKEPb_W45,EDUCATION,"Some college, no degree",[0.03439829 0.35022786 0.48888505 0.12648879],0.003389310472931456
168,INFOCONFUSEd_W45,EDUCATION,Associate's degree,[0.51540276 0.3904574  0.07701724 0.01712259],0.001392097408762944
169,INFOCONFUSEd_W45,EDUCATION,College graduate/some postgrad,[0.48997819 0.43440746 0.06357259 0.01204176],0.00046166517092798037
170,INFOCONFUSEd_W45,EDUCATION,High school graduate,[0.44245424 0.43656537 0.09330266 0.02767773],0.008000960159846707
171,INFOCONFUSEd_W45,EDUCATION,Less than high school,[0.41866256 0.37180598 0.16358243 0.04594903],0.0
172,INFOCONFUSEd_W45,EDUCATION,Postgraduate,[0.52719242 0.39656129 0.06205491 0.01419138],0.00092080612570746
173,INFOCONFUSEd_W45,EDUCATION,"Some college, no degree",[0.49737712 0.40052707 0.08492659 0.01716922],0.005049077053896436
174,MADEUPTOPICf_W45,EDUCATION,Associate's degree,[0.2174442  0.64898365 0.13357215 0.        ],0.0016268501508567704
175,MADEUPTOPICf_W45,EDUCATION,College graduate/some postgrad,[0.22952733 0.60377775 0.16669492 0.        ],0.004052973974850521
176,MADEUPTOPICf_W45,EDUCATION,High school graduate,[0.31624007 0.51916902 0.16459091 0.        ],0.01714235781992738
177,MADEUPTOPICf_W45,EDUCATION,Less than high school,[0.31536674 0.56369734 0.12093592 0.        ],0.0
178,MADEUPTOPICf_W45,EDUCATION,Postgraduate,[0.18573613 0.64360832 0.17065555 0.        ],0.007359938215551974
179,MADEUPTOPICf_W45,EDUCATION,"Some college, no degree",[0.2708024  0.58355124 0.14564636 0.        ],0.006444004939592318
180,MADEUPDIS_W45,EDUCATION,Associate's degree,[0.13185897 0.45992336 0.34500197 0.0632157 ],0.0
181,MADEUPDIS_W45,EDUCATION,College graduate/some postgrad,[0.13057925 0.51258272 0.30063616 0.05620188],0.0006300271440465499
182,MADEUPDIS_W45,EDUCATION,High school graduate,[0.17111971 0.43503123 0.28445781 0.10939125],0.007717993779649539
183,MADEUPDIS_W45,EDUCATION,Less than high school,[0.16215124 0.38086432 0.28475849 0.17222595],0.0121214936211497
184,MADEUPDIS_W45,EDUCATION,Postgraduate,[0.15289856 0.50341755 0.29679916 0.04688473],0.003113489792762715
185,MADEUPDIS_W45,EDUCATION,"Some college, no degree",[0.1673082  0.45245296 0.30587808 0.07436075],0.0034115870935505096
186,NEWSPROBe_W45,EDUCATION,Associate's degree,[0.34951968 0.39943278 0.20893606 0.04211148],0.002006619449468655
187,NEWSPROBe_W45,EDUCATION,College graduate/some postgrad,[0.34552513 0.32075606 0.28269323 0.05102557],0.009701620904393658
188,NEWSPROBe_W45,EDUCATION,High school graduate,[0.40417704 0.29275825 0.24381096 0.05925375],0.004677710704848833
189,NEWSPROBe_W45,EDUCATION,Less than high school,[0.3649491  0.36380971 0.17794512 0.09329607],0.006305965545012015
190,NEWSPROBe_W45,EDUCATION,Postgraduate,[0.30405816 0.3153812  0.31126944 0.06929119],0.0029910115264544855
191,NEWSPROBe_W45,EDUCATION,"Some college, no degree",[0.41939011 0.29930627 0.23832762 0.04297599],0.006809875582845705
192,MADEUPTOPICb_W45,EDUCATION,Associate's degree,[0.64827046 0.29625462 0.05547493 0.        ],0.0026954348263323775
193,MADEUPTOPICb_W45,EDUCATION,College graduate/some postgrad,[0.61723984 0.33931229 0.04344787 0.        ],0.0014927123038945955
194,MADEUPTOPICb_W45,EDUCATION,High school graduate,[0.60983245 0.3444111  0.04575646 0.        ],0.007811923941494552
195,MADEUPTOPICb_W45,EDUCATION,Less than high school,[0.6116555  0.30160011 0.08674439 0.        ],0.0018224570639196055
196,MADEUPTOPICb_W45,EDUCATION,Postgraduate,[0.5849726  0.36981182 0.04521558 0.        ],0.005432127208940064
197,MADEUPTOPICb_W45,EDUCATION,"Some college, no degree",[0.63378664 0.30713181 0.05908156 0.        ],0.006271947071005477
198,INFOCHALa_W45,EDUCATION,Associate's degree,[0.64463031 0.25869349 0.06450216 0.03217404],0.013576924344522298
199,INFOCHALa_W45,EDUCATION,College graduate/some postgrad,[0.71353553 0.24005218 0.04040265 0.00600964],0.012252474811429763
200,INFOCHALa_W45,EDUCATION,High school graduate,[0.59731209 0.28635633 0.08125545 0.03507613],0.023520118018088537
201,INFOCHALa_W45,EDUCATION,Less than high school,[0.48095107 0.34165799 0.09644539 0.08094554],0.02527263299445325
202,INFOCHALa_W45,EDUCATION,Postgraduate,[0.75025264 0.20627746 0.03816553 0.00530436],0.008301284095502867
203,INFOCHALa_W45,EDUCATION,"Some college, no degree",[0.67048565 0.25110048 0.06751253 0.01090135],0.013483553679977884
204,INFOKNOWb_W45,EDUCATION,Associate's degree,[0.64006609 0.35993391],0.013553180564564792
205,INFOKNOWb_W45,EDUCATION,College graduate/some postgrad,[0.69199655 0.30800345],0.005580373090600014
206,INFOKNOWb_W45,EDUCATION,High school graduate,[0.66021806 0.33978194],0.025582107578152418
207,INFOKNOWb_W45,EDUCATION,Less than high school,[0.55020888 0.44979112],0.0074287582275423605
208,INFOKNOWb_W45,EDUCATION,Postgraduate,[0.71513745 0.28486255],0.009976309702242
209,INFOKNOWb_W45,EDUCATION,"Some college, no degree",[0.65054828 0.34945172],0.007972568664369496
210,MADEUPSMFOL1_W45,EDUCATION,Associate's degree,[0.49889931 0.50110069],0.01480516249206936
211,MADEUPSMFOL1_W45,EDUCATION,College graduate/some postgrad,[0.4942617 0.5057383],0.008047386964266453
212,MADEUPSMFOL1_W45,EDUCATION,High school graduate,[0.47497729 0.52502271],0.007219663318209597
213,MADEUPSMFOL1_W45,EDUCATION,Less than high school,[0.48147754 0.51852246],0.015634418850543137
214,MADEUPSMFOL1_W45,EDUCATION,Postgraduate,[0.51744483 0.48255517],0.011516772863779771
215,MADEUPSMFOL1_W45,EDUCATION,"Some college, no degree",[0.54283964 0.45716036],0.00485225109758717
216,MADEUPRESd_W45,EDUCATION,Associate's degree,[0.312403 0.687597],0.00800014317681309
217,MADEUPRESd_W45,EDUCATION,College graduate/some postgrad,[0.30462252 0.69537748],0.008375025283994173
218,MADEUPRESd_W45,EDUCATION,High school graduate,[0.30712396 0.69287604],0.011248558541118024
219,MADEUPRESd_W45,EDUCATION,Less than high school,[0.31022605 0.68977395],0.016407386609683747
220,MADEUPRESd_W45,EDUCATION,Postgraduate,[0.33913123 0.66086877],0.005195223204122224
221,MADEUPRESd_W45,EDUCATION,"Some college, no degree",[0.34463871 0.65536129],0.006335066567671988
222,INFOWHYb_W45,EDUCATION,Associate's degree,[0.9002005  0.06808119 0.03171831],0.004657720445770209
223,INFOWHYb_W45,EDUCATION,College graduate/some postgrad,[0.94575905 0.04436611 0.00987484],0.0022910297576937385
224,INFOWHYb_W45,EDUCATION,High school graduate,[0.82798233 0.12579865 0.04621902],0.007920115832589671
225,INFOWHYb_W45,EDUCATION,Less than high school,[0.6385416  0.24824168 0.11321672],0.00898669188963211
226,INFOWHYb_W45,EDUCATION,Postgraduate,[0.9429784  0.05226978 0.00475183],0.003224956852896982
227,INFOWHYb_W45,EDUCATION,"Some college, no degree",[0.88701397 0.0899725  0.02301353],0.0029069277179711124
228,INFOOWNc_W45,EDUCATION,Associate's degree,[0.60444013 0.39555987],0.021639907164440777
229,INFOOWNc_W45,EDUCATION,College graduate/some postgrad,[0.58751583 0.41248417],0.011442103556016376
230,INFOOWNc_W45,EDUCATION,High school graduate,[0.60996376 0.39003624],0.01581998981076699
231,INFOOWNc_W45,EDUCATION,Less than high school,[0.47609853 0.52390147],0.004585613494175879
232,INFOOWNc_W45,EDUCATION,Postgraduate,[0.57958225 0.42041775],0.008845130805175239
233,INFOOWNc_W45,EDUCATION,"Some college, no degree",[0.61758736 0.38241264],0.01189870604076574
234,INFOCREATEa_W45,EDUCATION,Associate's degree,[0.37601413 0.41810972 0.20587615 0.        ],0.008172845288241835
235,INFOCREATEa_W45,EDUCATION,College graduate/some postgrad,[0.31544883 0.40263995 0.28191123 0.        ],0.002803766057709732
236,INFOCREATEa_W45,EDUCATION,High school graduate,[0.44858378 0.41750691 0.13390932 0.        ],0.009673262679731799
237,INFOCREATEa_W45,EDUCATION,Less than high school,[0.43948299 0.4290767  0.13144032 0.        ],0.0022828452725682435
238,INFOCREATEa_W45,EDUCATION,Postgraduate,[0.27013421 0.36335095 0.36651484 0.        ],0.005463865617850732
239,INFOCREATEa_W45,EDUCATION,"Some college, no degree",[0.37254568 0.43056924 0.19688508 0.        ],0.005098285204311566
240,SEEK_W45,EDUCATION,Associate's degree,[0.55815032 0.44184968],0.001150878194932253
241,SEEK_W45,EDUCATION,College graduate/some postgrad,[0.67379129 0.32620871],0.006002910907858409
242,SEEK_W45,EDUCATION,High school graduate,[0.56188106 0.43811894],0.003394127593162164
243,SEEK_W45,EDUCATION,Less than high school,[0.54915711 0.45084289],0.041015901366600827
244,SEEK_W45,EDUCATION,Postgraduate,[0.71773118 0.28226882],0.001907510587409775
245,SEEK_W45,EDUCATION,"Some college, no degree",[0.57162453 0.42837547],0.007214310636772934
246,INFORESTRICTd_W45,EDUCATION,Associate's degree,[0.65986848 0.34013152],0.010060263717113023
247,INFORESTRICTd_W45,EDUCATION,College graduate/some postgrad,[0.71579349 0.28420651],0.006033438467138585
248,INFORESTRICTd_W45,EDUCATION,High school graduate,[0.53454119 0.46545881],0.015402096513675063
249,INFORESTRICTd_W45,EDUCATION,Less than high school,[0.52337876 0.47662124],0.021244939725851716
250,INFORESTRICTd_W45,EDUCATION,Postgraduate,[0.76365073 0.23634927],0.008633771747765376
251,INFORESTRICTd_W45,EDUCATION,"Some college, no degree",[0.6296034 0.3703966],0.013562882371997398
252,INFOCONFUSEa_W45,EDUCATION,Associate's degree,[0.71428657 0.19656982 0.04727005 0.04187356],0.0017015664638778331
253,INFOCONFUSEa_W45,EDUCATION,College graduate/some postgrad,[0.72645147 0.22102425 0.03471259 0.01781169],0.0015470367236832846
254,INFOCONFUSEa_W45,EDUCATION,High school graduate,[0.62839124 0.27274475 0.06264355 0.03622046],0.003554930006442845
255,INFOCONFUSEa_W45,EDUCATION,Less than high school,[0.56857758 0.24889045 0.11823661 0.06429536],0.002091072314021022
256,INFOCONFUSEa_W45,EDUCATION,Postgraduate,[0.72604487 0.22993233 0.02562885 0.01839395],0.003740605697491657
257,INFOCONFUSEa_W45,EDUCATION,"Some college, no degree",[0.67890245 0.25090194 0.0441675  0.02602811],0.002000365792539515
258,WATCHDOG_1_W45,EDUCATION,Associate's degree,[0.33481271 0.66518729],0.024928643834918288
259,WATCHDOG_1_W45,EDUCATION,College graduate/some postgrad,[0.25249845 0.74750155],0.026877705695154564
260,WATCHDOG_1_W45,EDUCATION,High school graduate,[0.33482288 0.66517712],0.03195042116687473
261,WATCHDOG_1_W45,EDUCATION,Less than high school,[0.31986917 0.68013083],0.03192116759856899
262,WATCHDOG_1_W45,EDUCATION,Postgraduate,[0.21805028 0.78194972],0.016456371666002025
263,WATCHDOG_1_W45,EDUCATION,"Some college, no degree",[0.32977978 0.67022022],0.03691240776734625
264,MADEUPIMPd_W45,EDUCATION,Associate's degree,[0.3503388  0.43450777 0.16892764 0.04622579],0.008574130103259466
265,MADEUPIMPd_W45,EDUCATION,College graduate/some postgrad,[0.34206277 0.44316647 0.1806258  0.03414496],0.007918872219913258
266,MADEUPIMPd_W45,EDUCATION,High school graduate,[0.38631755 0.39329469 0.15952992 0.06085784],0.01784040825947566
267,MADEUPIMPd_W45,EDUCATION,Less than high school,[0.34446698 0.40557728 0.15532924 0.09462649],0.012737653034466404
268,MADEUPIMPd_W45,EDUCATION,Postgraduate,[0.29490922 0.44620547 0.22616319 0.03272212],0.007707954803223377
269,MADEUPIMPd_W45,EDUCATION,"Some college, no degree",[0.36625903 0.4343886  0.1457101  0.05364226],0.0034262548519638147
270,INFOOWNb_W45,EDUCATION,Associate's degree,[0.78928141 0.21071859],0.008953007965832278
271,INFOOWNb_W45,EDUCATION,College graduate/some postgrad,[0.89766037 0.10233963],0.0043652943788221685
272,INFOOWNb_W45,EDUCATION,High school graduate,[0.73372016 0.26627984],0.027436137691350875
273,INFOOWNb_W45,EDUCATION,Less than high school,[0.60886532 0.39113468],0.007482275296691048
274,INFOOWNb_W45,EDUCATION,Postgraduate,[0.89803201 0.10196799],0.0078102865494759045
275,INFOOWNb_W45,EDUCATION,"Some college, no degree",[0.80658845 0.19341155],0.016307562988395932
276,SMSHARER_W45,EDUCATION,Associate's degree,[0.10875897 0.89124103],0.011393263217844792
277,SMSHARER_W45,EDUCATION,College graduate/some postgrad,[0.07978951 0.92021049],0.010725535281894443
278,SMSHARER_W45,EDUCATION,High school graduate,[0.16307943 0.83692057],0.011929227837005122
279,SMSHARER_W45,EDUCATION,Less than high school,[0.15147192 0.84852808],0.002149035266184509
280,SMSHARER_W45,EDUCATION,Postgraduate,[0.0791014 0.9208986],0.011702893325808275
281,SMSHARER_W45,EDUCATION,"Some college, no degree",[0.10929964 0.89070036],0.021419626125637314
282,FCFAIR_W45,EDUCATION,Associate's degree,[0.48321553 0.51678447],0.02143313236544187
283,FCFAIR_W45,EDUCATION,College graduate/some postgrad,[0.54756138 0.45243862],0.023921776966940308
284,FCFAIR_W45,EDUCATION,High school graduate,[0.46035924 0.53964076],0.027119914017249055
285,FCFAIR_W45,EDUCATION,Less than high school,[0.51199859 0.48800141],0.032423815052708305
286,FCFAIR_W45,EDUCATION,Postgraduate,[0.61983657 0.38016343],0.010964986094973275
287,FCFAIR_W45,EDUCATION,"Some college, no degree",[0.51027494 0.48972506],0.017949603848385016
288,INFOCONFUSEe_W45,EDUCATION,Associate's degree,[0.64281907 0.26695994 0.04950059 0.0407204 ],0.0034697075279230697
289,INFOCONFUSEe_W45,EDUCATION,College graduate/some postgrad,[0.6876713  0.25569944 0.04215173 0.01447753],0.0009532873676979412
290,INFOCONFUSEe_W45,EDUCATION,High school graduate,[0.60402088 0.29458948 0.06623095 0.03515869],0.009722242303510464
291,INFOCONFUSEe_W45,EDUCATION,Less than high school,[0.50169275 0.26853157 0.14159323 0.08818246],0.0
292,INFOCONFUSEe_W45,EDUCATION,Postgraduate,[0.67404762 0.2593649  0.05154548 0.01504199],0.0024585583188780386
293,INFOCONFUSEe_W45,EDUCATION,"Some college, no degree",[0.65318756 0.25985608 0.05473681 0.03221955],0.0028396228580628647
294,MADEUPTOPICe_W45,EDUCATION,Associate's degree,[0.16520803 0.4426566  0.39213537 0.        ],0.0
295,MADEUPTOPICe_W45,EDUCATION,College graduate/some postgrad,[0.17559651 0.43865485 0.38574864 0.        ],0.0015307197785388038
296,MADEUPTOPICe_W45,EDUCATION,High school graduate,[0.21000211 0.45672533 0.33327256 0.        ],0.005996425691835942
297,MADEUPTOPICe_W45,EDUCATION,Less than high school,[0.19735847 0.36127986 0.44136167 0.        ],0.006303914136584931
298,MADEUPTOPICe_W45,EDUCATION,Postgraduate,[0.12152532 0.39658519 0.48188949 0.        ],0.008407729541120847
299,MADEUPTOPICe_W45,EDUCATION,"Some college, no degree",[0.19251655 0.4793736  0.32810985 0.        ],0.0009967150149278587
300,INFOOWNa_W45,EDUCATION,Associate's degree,[0.62554706 0.37445294],0.009971768382498185
301,INFOOWNa_W45,EDUCATION,College graduate/some postgrad,[0.64279439 0.35720561],0.005971650753990661
302,INFOOWNa_W45,EDUCATION,High school graduate,[0.64663551 0.35336449],0.02754262112100386
303,INFOOWNa_W45,EDUCATION,Less than high school,[0.52748242 0.47251758],0.005793395644940171
304,INFOOWNa_W45,EDUCATION,Postgraduate,[0.65939529 0.34060471],0.007458193184985261
305,INFOOWNa_W45,EDUCATION,"Some college, no degree",[0.66188835 0.33811165],0.011522694758721991
306,INFOCHALb_W45,EDUCATION,Associate's degree,[0.43512928 0.40459988 0.11075205 0.04951878],0.016656327439539428
307,INFOCHALb_W45,EDUCATION,College graduate/some postgrad,[0.48932633 0.39583364 0.1111342  0.00370582],0.01564519606861194
308,INFOCHALb_W45,EDUCATION,High school graduate,[0.36300574 0.43204675 0.15667775 0.04826975],0.024826351523608577
309,INFOCHALb_W45,EDUCATION,Less than high school,[0.38229575 0.39242779 0.12169583 0.10358063],0.03238775905834496
310,INFOCHALb_W45,EDUCATION,Postgraduate,[0.48601532 0.40203091 0.10323652 0.00871725],0.012477687653926366
311,INFOCHALb_W45,EDUCATION,"Some college, no degree",[0.4397788  0.40924908 0.12975293 0.02121919],0.017389340427111554
312,INFOWHYa_W45,EDUCATION,Associate's degree,[0.7421345  0.19739617 0.06046934],0.0028511500593750507
313,INFOWHYa_W45,EDUCATION,College graduate/some postgrad,[0.70261107 0.24947768 0.04791124],0.0007168625286978612
314,INFOWHYa_W45,EDUCATION,High school graduate,[0.69089027 0.22279744 0.08631229],0.012972701515191693
315,INFOWHYa_W45,EDUCATION,Less than high school,[0.73498093 0.14612923 0.11888984],0.004292370024839307
316,INFOWHYa_W45,EDUCATION,Postgraduate,[0.70449239 0.24886139 0.04664622],0.00634575156378481
317,INFOWHYa_W45,EDUCATION,"Some college, no degree",[0.73242419 0.22855049 0.03902532],0.004090246405126512
318,SOURCESKEPc_W45,EDUCATION,Associate's degree,[0.05876359 0.49271182 0.36065142 0.08787317],0.0
319,SOURCESKEPc_W45,EDUCATION,College graduate/some postgrad,[0.03378998 0.5048887  0.38491248 0.07640883],0.0007131803271606908
320,SOURCESKEPc_W45,EDUCATION,High school graduate,[0.04397797 0.48375712 0.35752788 0.11473703],0.00436782167302529
321,SOURCESKEPc_W45,EDUCATION,Less than high school,[0.08434311 0.45272269 0.36825397 0.09468024],0.0
322,SOURCESKEPc_W45,EDUCATION,Postgraduate,[0.02277245 0.554885   0.35648101 0.06586154],0.0
323,SOURCESKEPc_W45,EDUCATION,"Some college, no degree",[0.04232206 0.44064042 0.41652631 0.1005112 ],0.0008812430887888852
324,SOURCESKEPa_W45,EDUCATION,Associate's degree,[0.33843019 0.53518915 0.09926917 0.02711149],0.0005330168236502904
325,SOURCESKEPa_W45,EDUCATION,College graduate/some postgrad,[0.44602139 0.46566854 0.06898884 0.01932123],0.0037991792629128345
326,SOURCESKEPa_W45,EDUCATION,High school graduate,[0.32405065 0.50395523 0.11779821 0.05419591],0.0030771936894710738
327,SOURCESKEPa_W45,EDUCATION,Less than high school,[0.27269235 0.50846994 0.1400263  0.07881142],0.004095722554361514
328,SOURCESKEPa_W45,EDUCATION,Postgraduate,[0.50172666 0.41052222 0.065037   0.02271412],0.0015860839210989155
329,SOURCESKEPa_W45,EDUCATION,"Some college, no degree",[0.32229152 0.52153643 0.12304605 0.033126  ],0.0011994414845161398
330,INFOCHALc_W45,EDUCATION,Associate's degree,[0.39109965 0.4405423  0.12860532 0.03975273],0.020538216304479974
331,INFOCHALc_W45,EDUCATION,College graduate/some postgrad,[0.4778933  0.38869304 0.12653086 0.0068828 ],0.018662739354039105
332,INFOCHALc_W45,EDUCATION,High school graduate,[0.35633788 0.42940919 0.1637254  0.05052753],0.022310067655768418
333,INFOCHALc_W45,EDUCATION,Less than high school,[0.33336125 0.38063374 0.20156893 0.08443608],0.03568878145280516
334,INFOCHALc_W45,EDUCATION,Postgraduate,[0.48594908 0.40956595 0.09415509 0.01032988],0.008840783001465697
335,INFOCHALc_W45,EDUCATION,"Some college, no degree",[0.42979283 0.41402208 0.13238303 0.02380206],0.01174712189263061
336,DIGWDOG_3_W45,EDUCATION,Associate's degree,[0.27542767 0.35735802 0.36721431],0.003692177163630627
337,DIGWDOG_3_W45,EDUCATION,College graduate/some postgrad,[0.35701619 0.36057125 0.28241256],0.01022226300978327
338,DIGWDOG_3_W45,EDUCATION,High school graduate,[0.30241769 0.26068455 0.43689776],0.0074560969851329
339,DIGWDOG_3_W45,EDUCATION,Less than high school,[0.2316482  0.31287213 0.45547967],0.011541501384376585
340,DIGWDOG_3_W45,EDUCATION,Postgraduate,[0.36417519 0.36569372 0.27013108],0.005382827298051759
341,DIGWDOG_3_W45,EDUCATION,"Some college, no degree",[0.29836814 0.3329623  0.36866955],0.007626408906401024
342,VIDOFT_W45,EDUCATION,Associate's degree,[0.18281714 0.51547295 0.25385095 0.04785896],0.021309616896221142
343,VIDOFT_W45,EDUCATION,College graduate/some postgrad,[0.11041748 0.53488961 0.31869079 0.03600212],0.02085140498114614
344,VIDOFT_W45,EDUCATION,High school graduate,[0.17210819 0.50781285 0.2331739  0.08690506],0.01506164650397204
345,VIDOFT_W45,EDUCATION,Less than high school,[0.16645472 0.46493404 0.21325094 0.1553603 ],0.009748834868351614
346,VIDOFT_W45,EDUCATION,Postgraduate,[0.08690928 0.52620677 0.35452351 0.03236044],0.01672291891878831
347,VIDOFT_W45,EDUCATION,"Some college, no degree",[0.17501419 0.53563523 0.24129389 0.0480567 ],0.009710290080219675
348,MADEUPLEVELa_W45,EDUCATION,Associate's degree,[0.61892518 0.33598562 0.04508921 0.        ],0.005261156259896617
349,MADEUPLEVELa_W45,EDUCATION,College graduate/some postgrad,[0.61109139 0.35979643 0.02911218 0.        ],0.0010008481719335739
350,MADEUPLEVELa_W45,EDUCATION,High school graduate,[0.57944776 0.3739164  0.04663584 0.        ],0.011954010263939701
351,MADEUPLEVELa_W45,EDUCATION,Less than high school,[0.47227869 0.42463503 0.10308627 0.        ],0.002751077235658327
352,MADEUPLEVELa_W45,EDUCATION,Postgraduate,[0.63637723 0.33383926 0.02978351 0.        ],0.004071873011719609
353,MADEUPLEVELa_W45,EDUCATION,"Some college, no degree",[0.59287947 0.35688192 0.05023861 0.        ],0.009652626969888948
354,INFOCREATEc_W45,EDUCATION,Associate's degree,[0.27027668 0.53309776 0.19662556 0.        ],0.004076135252481979
355,INFOCREATEc_W45,EDUCATION,College graduate/some postgrad,[0.23992346 0.56237776 0.19769878 0.        ],0.00593716931988239
356,INFOCREATEc_W45,EDUCATION,High school graduate,[0.28007952 0.53380743 0.18611305 0.        ],0.010576148290322381
357,INFOCREATEc_W45,EDUCATION,Less than high school,[0.33116154 0.49213575 0.17670271 0.        ],0.017018925782875883
358,INFOCREATEc_W45,EDUCATION,Postgraduate,[0.20819682 0.58862785 0.20317533 0.        ],0.0058450323471944095
359,INFOCREATEc_W45,EDUCATION,"Some college, no degree",[0.27302429 0.55520271 0.17177301 0.        ],0.007803140283674678
360,MADEUPIMPb_W45,EDUCATION,Associate's degree,[0.58761996 0.31932937 0.07040574 0.02264492],0.0013337817762732202
361,MADEUPIMPb_W45,EDUCATION,College graduate/some postgrad,[0.60625841 0.30486272 0.07928748 0.00959139],0.0033735305839821036
362,MADEUPIMPb_W45,EDUCATION,High school graduate,[0.49871428 0.38215885 0.08746817 0.03165871],0.011956596009395392
363,MADEUPIMPb_W45,EDUCATION,Less than high school,[0.45732791 0.33969662 0.12554329 0.07743218],0.002626205294336623
364,MADEUPIMPb_W45,EDUCATION,Postgraduate,[0.58948601 0.34308014 0.06259897 0.00483488],0.003406077196215865
365,MADEUPIMPb_W45,EDUCATION,"Some college, no degree",[0.55005872 0.33686868 0.09536674 0.01770585],0.0029263629550925845
366,INFOCONFUSEc_W45,EDUCATION,Associate's degree,[0.53072963 0.38175045 0.05542247 0.03209746],0.0003882643647318192
367,INFOCONFUSEc_W45,EDUCATION,College graduate/some postgrad,[0.53883382 0.391328   0.06198003 0.00785814],0.005572355360289516
368,INFOCONFUSEc_W45,EDUCATION,High school graduate,[0.51842096 0.36404092 0.08888424 0.02865388],0.0034588347254126055
369,INFOCONFUSEc_W45,EDUCATION,Less than high school,[0.41431647 0.38420489 0.13619778 0.06528085],0.0
370,INFOCONFUSEc_W45,EDUCATION,Postgraduate,[0.48916279 0.43525744 0.07043347 0.00514629],0.0006718976805624083
371,INFOCONFUSEc_W45,EDUCATION,"Some college, no degree",[0.55889764 0.34046951 0.08107959 0.01955326],0.008697782266767
372,SMLIKESd_W45,EDUCATION,Associate's degree,[0.10025175 0.30212666 0.59762159],0.004958758163471855
373,SMLIKESd_W45,EDUCATION,College graduate/some postgrad,[0.12551365 0.32894777 0.54553858],0.002438306622654184
374,SMLIKESd_W45,EDUCATION,High school graduate,[0.1296105  0.41035729 0.46003221],0.001496911950389659
375,SMLIKESd_W45,EDUCATION,Less than high school,[0.22487991 0.35113194 0.42398815],0.006927375404972644
376,SMLIKESd_W45,EDUCATION,Postgraduate,[0.08339046 0.29661365 0.61999588],0.000997663989443914
377,SMLIKESd_W45,EDUCATION,"Some college, no degree",[0.14519169 0.31735182 0.53745648],0.00950301480896064
378,NEWS_PLATFORMh_W45,EDUCATION,Associate's degree,[0.43340509 0.34022163 0.1198698  0.10650348],0.005234294982916482
379,NEWS_PLATFORMh_W45,EDUCATION,College graduate/some postgrad,[0.52842373 0.32431159 0.0975362  0.04972848],0.00038645033024952086
380,NEWS_PLATFORMh_W45,EDUCATION,High school graduate,[0.3607164  0.33781392 0.19261443 0.10885525],0.0012215647174428986
381,NEWS_PLATFORMh_W45,EDUCATION,Less than high school,[0.26346031 0.36216269 0.21270684 0.16167016],0.0014898296151169862
382,NEWS_PLATFORMh_W45,EDUCATION,Postgraduate,[0.57404424 0.28167859 0.10689638 0.0373808 ],0.0024452155118038646
383,NEWS_PLATFORMh_W45,EDUCATION,"Some college, no degree",[0.42628985 0.32902672 0.17425665 0.07042677],8.921452946698705e-05
384,INFOCONFUSEb_W45,EDUCATION,Associate's degree,[0.27707576 0.48831308 0.18066377 0.0539474 ],0.006275398436601877
385,INFOCONFUSEb_W45,EDUCATION,College graduate/some postgrad,[0.21539885 0.43915196 0.28767775 0.05777144],0.0026041708029922593
386,INFOCONFUSEb_W45,EDUCATION,High school graduate,[0.27796215 0.50224193 0.18212983 0.0376661 ],0.01927582813003694
387,INFOCONFUSEb_W45,EDUCATION,Less than high school,[0.19372687 0.54146809 0.19178603 0.07301901],0.00924607417083836
388,INFOCONFUSEb_W45,EDUCATION,Postgraduate,[0.17331614 0.45236037 0.31370474 0.06061875],0.0018821645966706879
389,INFOCONFUSEb_W45,EDUCATION,"Some college, no degree",[0.28110344 0.47619566 0.18609136 0.05660954],0.005876888370694933
390,NEWS_PLATFORMg_W45,EDUCATION,Associate's degree,[0.25462905 0.27673897 0.23603774 0.23259424],0.0005330168236502904
391,NEWS_PLATFORMg_W45,EDUCATION,College graduate/some postgrad,[0.24134295 0.27944858 0.22280792 0.25640055],0.0
392,NEWS_PLATFORMg_W45,EDUCATION,High school graduate,[0.26901311 0.29105411 0.19193982 0.24799295],0.00295627149770211
393,NEWS_PLATFORMg_W45,EDUCATION,Less than high school,[0.24906506 0.35416871 0.17332226 0.22344397],0.0016068331908483048
394,NEWS_PLATFORMg_W45,EDUCATION,Postgraduate,[0.20057373 0.27547329 0.25389366 0.27005931],0.001134938802649734
395,NEWS_PLATFORMg_W45,EDUCATION,"Some college, no degree",[0.27660117 0.29670961 0.21402404 0.21266519],0.0
396,NEWSPROBc_W45,EDUCATION,Associate's degree,[0.16474064 0.37625374 0.27340731 0.1855983 ],0.0023634936263174063
397,NEWSPROBc_W45,EDUCATION,College graduate/some postgrad,[0.11855486 0.30592282 0.35991188 0.21561043],0.008321976196139102
398,NEWSPROBc_W45,EDUCATION,High school graduate,[0.17189711 0.36839446 0.26340415 0.19630428],0.015255001213985547
399,NEWSPROBc_W45,EDUCATION,Less than high school,[0.24837831 0.26074968 0.3096675  0.1812045 ],0.0
400,NEWSPROBc_W45,EDUCATION,Postgraduate,[0.12628643 0.31281207 0.3519104  0.2089911 ],0.004962970167151921
401,NEWSPROBc_W45,EDUCATION,"Some college, no degree",[0.19667651 0.33313241 0.26696342 0.20322766],0.005718769444586115
402,ONLINESOURCE_W45,EDUCATION,Associate's degree,[0.86031227 0.13968773],0.16136867704732216
403,ONLINESOURCE_W45,EDUCATION,College graduate/some postgrad,[0.90394732 0.09605268],0.135348089652078
404,ONLINESOURCE_W45,EDUCATION,High school graduate,[0.80021714 0.19978286],0.2922686747879846
405,ONLINESOURCE_W45,EDUCATION,Less than high school,[0.63877811 0.36122189],0.34988081156870743
406,ONLINESOURCE_W45,EDUCATION,Postgraduate,[0.92365597 0.07634403],0.10585362044579187
407,ONLINESOURCE_W45,EDUCATION,"Some college, no degree",[0.84986195 0.15013805],0.20118819664312187
408,MADEUPSOLVE_W45,EDUCATION,Associate's degree,[0.11778662 0.32864354 0.55356984],0.02160946261261067
409,MADEUPSOLVE_W45,EDUCATION,College graduate/some postgrad,[0.10371497 0.30708292 0.58920211],0.009524243331518143
410,MADEUPSOLVE_W45,EDUCATION,High school graduate,[0.10409848 0.34637994 0.54952158],0.007502683260540414
411,MADEUPSOLVE_W45,EDUCATION,Less than high school,[0.11894619 0.35415224 0.52690158],0.020550446593837507
412,MADEUPSOLVE_W45,EDUCATION,Postgraduate,[0.12437811 0.27034068 0.60528121],0.013162401691789668
413,MADEUPSOLVE_W45,EDUCATION,"Some college, no degree",[0.08352486 0.34157908 0.57489606],0.005727478097958233
414,INFOCREATEe_W45,EDUCATION,Associate's degree,[0.58398413 0.34291583 0.07310005 0.        ],0.006738461199953645
415,INFOCREATEe_W45,EDUCATION,College graduate/some postgrad,[0.54034806 0.39439238 0.06525956 0.        ],0.0030487015345836282
416,INFOCREATEe_W45,EDUCATION,High school graduate,[0.54391155 0.40047149 0.05561696 0.        ],0.009515990767805346
417,INFOCREATEe_W45,EDUCATION,Less than high school,[0.43902685 0.47168869 0.08928446 0.        ],0.0034083498673749303
418,INFOCREATEe_W45,EDUCATION,Postgraduate,[0.57001891 0.37356877 0.05641232 0.        ],0.00867983870635881
419,INFOCREATEe_W45,EDUCATION,"Some college, no degree",[0.53879639 0.36086416 0.10033944 0.        ],0.00963766759221024
420,MADEUPSMFOL2_W45,EDUCATION,Associate's degree,[0.48318645 0.51681355],0.005789493024225787
421,MADEUPSMFOL2_W45,EDUCATION,College graduate/some postgrad,[0.56886933 0.43113067],0.006371228836661364
422,MADEUPSMFOL2_W45,EDUCATION,High school graduate,[0.4485001 0.5514999],0.0025895821893923985
423,MADEUPSMFOL2_W45,EDUCATION,Less than high school,[0.45485235 0.54514765],0.03477320109505722
424,MADEUPSMFOL2_W45,EDUCATION,Postgraduate,[0.58931331 0.41068669],0.007005541511596391
425,MADEUPSMFOL2_W45,EDUCATION,"Some college, no degree",[0.50195711 0.49804289],0.00993961540959503
426,MADEUPIMPc_W45,EDUCATION,Associate's degree,[0.53575061 0.32184176 0.09840452 0.04400312],0.0008007649526229298
427,MADEUPIMPc_W45,EDUCATION,College graduate/some postgrad,[0.49828238 0.36801034 0.12234134 0.01136595],0.004835660735399741
428,MADEUPIMPc_W45,EDUCATION,High school graduate,[0.53045373 0.34255423 0.08936964 0.03762239],0.014342235838880257
429,MADEUPIMPc_W45,EDUCATION,Less than high school,[0.43716213 0.32507389 0.13502967 0.10273431],0.015038160323894502
430,MADEUPIMPc_W45,EDUCATION,Postgraduate,[0.5201504  0.35435445 0.10876693 0.01672823],0.006599765640874538
431,MADEUPIMPc_W45,EDUCATION,"Some college, no degree",[0.5132756  0.34753915 0.10775321 0.03143204],0.004713524890057355
432,DISAVOID_W45,EDUCATION,Associate's degree,[0.50486389 0.49513611],0.0016673630684799444
433,DISAVOID_W45,EDUCATION,College graduate/some postgrad,[0.54908603 0.45091397],0.0007571423404109319
434,DISAVOID_W45,EDUCATION,High school graduate,[0.43486195 0.56513805],0.004337730357494711
435,DISAVOID_W45,EDUCATION,Less than high school,[0.45623841 0.54376159],0.009411834686102153
436,DISAVOID_W45,EDUCATION,Postgraduate,[0.5341543 0.4658457],0.0047786098221715995
437,DISAVOID_W45,EDUCATION,"Some college, no degree",[0.5328151 0.4671849],0.003942292169227333
438,INFOOWNe_W45,EDUCATION,Associate's degree,[0.50505126 0.49494874],0.011464156386000617
439,INFOOWNe_W45,EDUCATION,College graduate/some postgrad,[0.4879712 0.5120288],0.009669406231319806
440,INFOOWNe_W45,EDUCATION,High school graduate,[0.57229338 0.42770662],0.01477335945680612
441,INFOOWNe_W45,EDUCATION,Less than high school,[0.5425215 0.4574785],0.013937214623593656
442,INFOOWNe_W45,EDUCATION,Postgraduate,[0.46079106 0.53920894],0.007631405644005795
443,INFOOWNe_W45,EDUCATION,"Some college, no degree",[0.58366904 0.41633096],0.011314336876687758
444,INFOKNOWe_W45,EDUCATION,Associate's degree,[0.36740819 0.63259181],0.007208606490607195
445,INFOKNOWe_W45,EDUCATION,College graduate/some postgrad,[0.29831603 0.70168397],0.010353417129578057
446,INFOKNOWe_W45,EDUCATION,High school graduate,[0.45427989 0.54572011],0.014105557755488732
447,INFOKNOWe_W45,EDUCATION,Less than high school,[0.51995857 0.48004143],0.012292100420212948
448,INFOKNOWe_W45,EDUCATION,Postgraduate,[0.27083296 0.72916704],0.008014295707483712
449,INFOKNOWe_W45,EDUCATION,"Some college, no degree",[0.37352665 0.62647335],0.00722809953836234
450,SMLIKESf_W45,EDUCATION,Associate's degree,[0.4661434  0.42732411 0.10653249],0.004958758163471854
451,SMLIKESf_W45,EDUCATION,College graduate/some postgrad,[0.53025076 0.40113153 0.06861771],0.0051199010951836895
452,SMLIKESf_W45,EDUCATION,High school graduate,[0.49227768 0.41220114 0.09552117],0.0014969119503896592
453,SMLIKESf_W45,EDUCATION,Less than high school,[0.37908103 0.36117545 0.25974353],0.006927375404972643
454,SMLIKESf_W45,EDUCATION,Postgraduate,[0.47185968 0.4348785  0.09326182],0.000997663989443914
455,SMLIKESf_W45,EDUCATION,"Some college, no degree",[0.51875369 0.40573421 0.07551209],0.009389831907502068
456,INFOWHYd_W45,EDUCATION,Associate's degree,[0.1079562  0.39380048 0.49824333],0.010144486299116432
457,INFOWHYd_W45,EDUCATION,College graduate/some postgrad,[0.07775814 0.45447706 0.46776481],0.000895099464128654
458,INFOWHYd_W45,EDUCATION,High school graduate,[0.14721978 0.37982113 0.47295909],0.008153086266845983
459,INFOWHYd_W45,EDUCATION,Less than high school,[0.24778805 0.33726986 0.41494208],0.010018295513727987
460,INFOWHYd_W45,EDUCATION,Postgraduate,[0.06150456 0.45107174 0.4874237 ],0.007529842834559213
461,INFOWHYd_W45,EDUCATION,"Some college, no degree",[0.12872639 0.43086535 0.44040826],0.0030861080206518003
462,NEWSPROBa_W45,EDUCATION,Associate's degree,[0.50548571 0.33837923 0.1247601  0.03137496],0.010737143892877355
463,NEWSPROBa_W45,EDUCATION,College graduate/some postgrad,[0.48878798 0.37160856 0.12670539 0.01289807],0.00784296728951823
464,NEWSPROBa_W45,EDUCATION,High school graduate,[0.4759734  0.34575514 0.14195418 0.03631728],0.01438395217584341
465,NEWSPROBa_W45,EDUCATION,Less than high school,[0.47480302 0.29451933 0.1548565  0.07582114],0.007177793490575774
466,NEWSPROBa_W45,EDUCATION,Postgraduate,[0.48943696 0.39759707 0.10907725 0.00388873],0.002069734157546278
467,NEWSPROBa_W45,EDUCATION,"Some college, no degree",[0.52745157 0.36297489 0.0923844  0.01718914],0.008584751135984899
468,MADEUPIMPe_W45,EDUCATION,Associate's degree,[0.39365166 0.39743987 0.15786382 0.05104466],0.001981895374954345
469,MADEUPIMPe_W45,EDUCATION,College graduate/some postgrad,[0.38000714 0.4190811  0.18130645 0.01960532],0.007258150198930223
470,MADEUPIMPe_W45,EDUCATION,High school graduate,[0.34489378 0.41763395 0.19252224 0.04495003],0.011932054853162502
471,MADEUPIMPe_W45,EDUCATION,Less than high school,[0.33650196 0.44243691 0.12930722 0.09175392],0.0072218082165567835
472,MADEUPIMPe_W45,EDUCATION,Postgraduate,[0.35200639 0.42985227 0.18797389 0.03016744],0.01106895103750848
473,MADEUPIMPe_W45,EDUCATION,"Some college, no degree",[0.36811126 0.42841626 0.17111535 0.03235712],0.0025777776078999685
474,NEWSPROBd_W45,EDUCATION,Associate's degree,[0.20290483 0.41827976 0.24104976 0.13776565],0.002006619449468655
475,NEWSPROBd_W45,EDUCATION,College graduate/some postgrad,[0.18638176 0.43099328 0.29009348 0.09253147],0.0051234011788066644
476,NEWSPROBd_W45,EDUCATION,High school graduate,[0.16895873 0.39673218 0.3131132  0.12119589],0.013653905201266843
477,NEWSPROBd_W45,EDUCATION,Less than high school,[0.26303581 0.41412061 0.19582877 0.1270148 ],0.013110332263551662
478,NEWSPROBd_W45,EDUCATION,Postgraduate,[0.15562406 0.44451717 0.30676014 0.09309863],0.0033854310793535324
479,NEWSPROBd_W45,EDUCATION,"Some college, no degree",[0.20049663 0.43300914 0.2724493  0.09404494],0.004326677160364422
480,SOURCESKEPe_W45,EDUCATION,Associate's degree,[0.02574875 0.33177565 0.40342111 0.23905449],0.01055055433065071
481,SOURCESKEPe_W45,EDUCATION,College graduate/some postgrad,[0.02755917 0.3109507  0.3983488  0.26314133],0.006670229886830309
482,SOURCESKEPe_W45,EDUCATION,High school graduate,[0.04504715 0.35159825 0.36309262 0.24026198],0.015147622548622758
483,SOURCESKEPe_W45,EDUCATION,Less than high school,[0.08458709 0.34215797 0.42610967 0.14714526],0.013834496185110946
484,SOURCESKEPe_W45,EDUCATION,Postgraduate,[0.02052073 0.28370648 0.41105426 0.28471854],0.005244024540835849
485,SOURCESKEPe_W45,EDUCATION,"Some college, no degree",[0.05048414 0.31775606 0.39036242 0.24139737],0.007233901617646815
486,INFOWHYc_W45,EDUCATION,Associate's degree,[0.50490963 0.3740176  0.12107277],0.0033641848203010923
487,INFOWHYc_W45,EDUCATION,College graduate/some postgrad,[0.41499293 0.47639753 0.10860954],0.002825129624982356
488,INFOWHYc_W45,EDUCATION,High school graduate,[0.54443467 0.34266391 0.11290141],0.006977919637414463
489,INFOWHYc_W45,EDUCATION,Less than high school,[0.56276755 0.29457513 0.14265732],0.0047510436091618745
490,INFOWHYc_W45,EDUCATION,Postgraduate,[0.38103524 0.50860225 0.11036251],0.010976504892222334
491,INFOWHYc_W45,EDUCATION,"Some college, no degree",[0.52163413 0.38632077 0.0920451 ],0.0078055204897247025
492,MADEUPTOPICc_W45,EDUCATION,Associate's degree,[0.19615051 0.50458824 0.29926125 0.        ],0.0019618611103899776
493,MADEUPTOPICc_W45,EDUCATION,College graduate/some postgrad,[0.17348899 0.52212499 0.30438602 0.        ],0.002335005798593279
494,MADEUPTOPICc_W45,EDUCATION,High school graduate,[0.13310301 0.5480293  0.31886768 0.        ],0.0014330811945208854
495,MADEUPTOPICc_W45,EDUCATION,Less than high school,[0.23597515 0.50885292 0.25517193 0.        ],0.009693005358261097
496,MADEUPTOPICc_W45,EDUCATION,Postgraduate,[0.17861721 0.46986131 0.35152148 0.        ],0.005233996422585233
497,MADEUPTOPICc_W45,EDUCATION,"Some college, no degree",[0.20668883 0.51587043 0.27744074 0.        ],0.0035911324336103207
498,MADEUPTOPICd_W45,EDUCATION,Associate's degree,[0.28389134 0.5221093  0.19399936 0.        ],0.0016338574904760268
499,MADEUPTOPICd_W45,EDUCATION,College graduate/some postgrad,[0.26343268 0.52785115 0.20871617 0.        ],0.001026118786992733
500,MADEUPTOPICd_W45,EDUCATION,High school graduate,[0.29174417 0.51923708 0.18901875 0.        ],0.01261715717420615
501,MADEUPTOPICd_W45,EDUCATION,Less than high school,[0.23331112 0.57483137 0.19185751 0.        ],0.0
502,MADEUPTOPICd_W45,EDUCATION,Postgraduate,[0.270275   0.54713847 0.18258653 0.        ],0.0050207432777048195
503,MADEUPTOPICd_W45,EDUCATION,"Some college, no degree",[0.29630218 0.52261621 0.18108161 0.        ],0.0040640593407016675
504,INFOCREATEb_W45,EDUCATION,Associate's degree,[0.5892444  0.36101196 0.04974364 0.        ],0.014498290471569222
505,INFOCREATEb_W45,EDUCATION,College graduate/some postgrad,[0.52070653 0.42061094 0.05868253 0.        ],0.0006219104604401721
506,INFOCREATEb_W45,EDUCATION,High school graduate,[0.61257653 0.33786151 0.04956197 0.        ],0.010581394174172155
507,INFOCREATEb_W45,EDUCATION,Less than high school,[0.65477174 0.2761325  0.06909577 0.        ],0.0
508,INFOCREATEb_W45,EDUCATION,Postgraduate,[0.51863556 0.42331913 0.0580453  0.        ],0.008010600504482109
509,INFOCREATEb_W45,EDUCATION,"Some college, no degree",[0.61743868 0.33103386 0.05152746 0.        ],0.002364469234204328
510,SNSUSE_W45,EDUCATION,Associate's degree,[0.76460549 0.23539451],0.0
511,SNSUSE_W45,EDUCATION,College graduate/some postgrad,[0.77978006 0.22021994],0.004656339739809357
512,SNSUSE_W45,EDUCATION,High school graduate,[0.73612444 0.26387556],0.008923012281912982
513,SNSUSE_W45,EDUCATION,Less than high school,[0.65549009 0.34450991],0.0
514,SNSUSE_W45,EDUCATION,Postgraduate,[0.75113729 0.24886271],0.001597562604236649
515,SNSUSE_W45,EDUCATION,"Some college, no degree",[0.77762072 0.22237928],0.002089434723206622
516,MEDIALOYAL3_W45,EDUCATION,Associate's degree,[0.38356912 0.61643088],0.0003882643647318192
517,MEDIALOYAL3_W45,EDUCATION,College graduate/some postgrad,[0.40903669 0.59096331],0.0022445593281913085
518,MEDIALOYAL3_W45,EDUCATION,High school graduate,[0.40152893 0.59847107],0.008144523966916502
519,MEDIALOYAL3_W45,EDUCATION,Less than high school,[0.40903075 0.59096925],0.019353418052440324
520,MEDIALOYAL3_W45,EDUCATION,Postgraduate,[0.42053259 0.57946741],0.006784935376744402
521,MEDIALOYAL3_W45,EDUCATION,"Some college, no degree",[0.35618986 0.64381014],0.007151757421411502
522,MADEUPRESc_W45,EDUCATION,Associate's degree,[0.8120802 0.1879198],0.009392930737035817
523,MADEUPRESc_W45,EDUCATION,College graduate/some postgrad,[0.83557399 0.16442601],0.003586303079528761
524,MADEUPRESc_W45,EDUCATION,High school graduate,[0.73343296 0.26656704],0.007069337098549131
525,MADEUPRESc_W45,EDUCATION,Less than high school,[0.63913228 0.36086772],0.006962594978232232
526,MADEUPRESc_W45,EDUCATION,Postgraduate,[0.83983675 0.16016325],0.006586835639278622
527,MADEUPRESc_W45,EDUCATION,"Some college, no degree",[0.80972605 0.19027395],0.01150195140117589
528,SMLIKESc_W45,EDUCATION,Associate's degree,[0.38729795 0.41086443 0.20183762],0.020576239631496133
529,SMLIKESc_W45,EDUCATION,College graduate/some postgrad,[0.44306195 0.3765565  0.18038155],0.002413812413698531
530,SMLIKESc_W45,EDUCATION,High school graduate,[0.29795932 0.3833593  0.31868138],0.012926152573488826
531,SMLIKESc_W45,EDUCATION,Less than high school,[0.24583053 0.4547687  0.29940077],0.023965724464070515
532,SMLIKESc_W45,EDUCATION,Postgraduate,[0.48590804 0.39251234 0.12157962],0.00992281557511163
533,SMLIKESc_W45,EDUCATION,"Some college, no degree",[0.32459894 0.44046891 0.23493215],0.012465752594948108
534,LEAD_W45,EDUCATION,Associate's degree,[0.69962502 0.30037498],0.022082147016385587
535,LEAD_W45,EDUCATION,College graduate/some postgrad,[0.66633938 0.33366062],0.018377050724103176
536,LEAD_W45,EDUCATION,High school graduate,[0.74058852 0.25941148],0.00985972890188394
537,LEAD_W45,EDUCATION,Less than high school,[0.7212205 0.2787795],0.013479503143111183
538,LEAD_W45,EDUCATION,Postgraduate,[0.67292269 0.32707731],0.014886679039999627
539,LEAD_W45,EDUCATION,"Some college, no degree",[0.69581348 0.30418652],0.014863593333890496
540,INFOKNOWc_W45,EDUCATION,Associate's degree,[0.46319426 0.53680574],0.010209425933405507
541,INFOKNOWc_W45,EDUCATION,College graduate/some postgrad,[0.41242747 0.58757253],0.003457019382230017
542,INFOKNOWc_W45,EDUCATION,High school graduate,[0.51169077 0.48830923],0.013550638760340678
543,INFOKNOWc_W45,EDUCATION,Less than high school,[0.55150608 0.44849392],0.023068280407065586
544,INFOKNOWc_W45,EDUCATION,Postgraduate,[0.357092 0.642908],0.008299584347823415
545,INFOKNOWc_W45,EDUCATION,"Some college, no degree",[0.45562813 0.54437187],0.006469565586256596
546,MADEUPIMPa_W45,EDUCATION,Associate's degree,[0.71501306 0.20588719 0.05661343 0.02248633],0.0025149121986046356
547,MADEUPIMPa_W45,EDUCATION,College graduate/some postgrad,[0.72264434 0.2301174  0.03799431 0.00924396],0.0029099940859730823
548,MADEUPIMPa_W45,EDUCATION,High school graduate,[0.65398516 0.24768982 0.06856013 0.02976489],0.010540966435080254
549,MADEUPIMPa_W45,EDUCATION,Less than high school,[0.56481326 0.27344869 0.09088762 0.07085043],0.0026262052943366236
550,MADEUPIMPa_W45,EDUCATION,Postgraduate,[0.73502735 0.2377902  0.02517683 0.00200562],0.0020493906957060643
551,MADEUPIMPa_W45,EDUCATION,"Some college, no degree",[0.68463844 0.24676924 0.05395875 0.01463356],0.0029392955533662783
552,INFORESTRICTa_W45,EDUCATION,Associate's degree,[0.18674165 0.81325835],0.00996051907801555
553,INFORESTRICTa_W45,EDUCATION,College graduate/some postgrad,[0.2144628 0.7855372],0.004492115992400028
554,INFORESTRICTa_W45,EDUCATION,High school graduate,[0.19606513 0.80393487],0.0127836074729556
555,INFORESTRICTa_W45,EDUCATION,Less than high school,[0.24747522 0.75252478],0.0060817085734489644
556,INFORESTRICTa_W45,EDUCATION,Postgraduate,[0.20912194 0.79087806],0.010432275176019587
557,INFORESTRICTa_W45,EDUCATION,"Some college, no degree",[0.20229877 0.79770123],0.006538394340749186
558,MADEUPRESe_W45,EDUCATION,Associate's degree,[0.55943729 0.44056271],0.014836257219270796
559,MADEUPRESe_W45,EDUCATION,College graduate/some postgrad,[0.55511832 0.44488168],0.011328348252273671
560,MADEUPRESe_W45,EDUCATION,High school graduate,[0.48644997 0.51355003],0.015103475636313514
561,MADEUPRESe_W45,EDUCATION,Less than high school,[0.48663539 0.51336461],0.019096745762129694
562,MADEUPRESe_W45,EDUCATION,Postgraduate,[0.57065826 0.42934174],0.011679684559556154
563,MADEUPRESe_W45,EDUCATION,"Some college, no degree",[0.5548428 0.4451572],0.012424753505404144
564,SOURCESKEPd_W45,EDUCATION,Associate's degree,[0.14751676 0.63298611 0.18489784 0.03459929],0.0015728249117491276
565,SOURCESKEPd_W45,EDUCATION,College graduate/some postgrad,[0.12357646 0.67164182 0.18318609 0.02159563],0.0018259515261153582
566,SOURCESKEPd_W45,EDUCATION,High school graduate,[0.15750334 0.65978838 0.14841236 0.03429592],0.003967662595401012
567,SOURCESKEPd_W45,EDUCATION,Less than high school,[0.18422427 0.64001335 0.13219987 0.04356252],0.0027002974058209935
568,SOURCESKEPd_W45,EDUCATION,Postgraduate,[0.12884234 0.6633326  0.19474366 0.0130814 ],0.0012778656517623943
569,SOURCESKEPd_W45,EDUCATION,"Some college, no degree",[0.14632822 0.62106305 0.1977862  0.03482253],0.0017361296337130286
0,MADEUPSHARE2_W45,CITIZEN,No,[0.16636001 0.83363999],0.003918611889187031
1,MADEUPSHARE2_W45,CITIZEN,Yes,[0.10082678 0.89917322],0.007112059430794589
2,INFOKNOWd_W45,CITIZEN,No,[0.60954054 0.39045946],0.04175650824424901
3,INFOKNOWd_W45,CITIZEN,Yes,[0.58519816 0.41480184],0.009343225003770689
4,NEWSPROBb_W45,CITIZEN,No,[0.41488963 0.33922541 0.14576099 0.10012397],0.04844012658128447
5,NEWSPROBb_W45,CITIZEN,Yes,[0.52249271 0.35405973 0.09512778 0.02831977],0.00898872208514174
6,SMSHARE_W45,CITIZEN,No,[0.11166713 0.33258927 0.19253679 0.00326858 0.35993822],0.01881552976281927
7,SMSHARE_W45,CITIZEN,Yes,[0.0827813  0.28006319 0.22557878 0.04297934 0.3685974 ],0.0035045113790357755
8,MADEUPOFT_W45,CITIZEN,No,[0.31129245 0.57000139 0.10304631 0.01565985],0.01816036633106304
9,MADEUPOFT_W45,CITIZEN,Yes,[0.38524311 0.50863522 0.08673608 0.01938559],0.00639311875160399
10,SMLIKESb_W45,CITIZEN,No,[0.26139546 0.35032509 0.38827945],0.05909600080694258
11,SMLIKESb_W45,CITIZEN,Yes,[0.25859149 0.48702288 0.25438563],0.00894002050477743
12,INFOCHALe_W45,CITIZEN,No,[0.50610706 0.34835233 0.08454004 0.06100057],0.06485967434215538
13,INFOCHALe_W45,CITIZEN,Yes,[0.4498393  0.33766837 0.15418922 0.05830311],0.01895654343859412
14,MADEUPSHAREWHY_W45,CITIZEN,No,[0.29038826 0.21067485 0.16235563 0.33658126],0.0
15,MADEUPSHAREWHY_W45,CITIZEN,Yes,[0.27493431 0.06837386 0.18672632 0.46996552],0.002854477370197683
16,INFORESTRICTb_W45,CITIZEN,No,[0.64736348 0.35263652],0.027131044144200162
17,INFORESTRICTb_W45,CITIZEN,Yes,[0.69987162 0.30012838],0.01566690658658924
18,WATCHDOG_3_W45,CITIZEN,No,[0.35001183 0.64998817],0.053306193519561146
19,WATCHDOG_3_W45,CITIZEN,Yes,[0.26186919 0.73813081],0.020279101774307452
20,MADEUPSHARE1_W45,CITIZEN,No,[0.47931817 0.52068183],0.01635543655385148
21,MADEUPSHARE1_W45,CITIZEN,Yes,[0.49107477 0.50892523],0.008925572358429742
22,SMLIKESe_W45,CITIZEN,No,[0.9229341  0.03742655 0.03963936],0.0
23,SMLIKESe_W45,CITIZEN,Yes,[0.77469231 0.17751182 0.04779586],0.004996736441948834
24,MADEUPRESa_W45,CITIZEN,No,[0.63010832 0.36989168],0.018581682342968798
25,MADEUPRESa_W45,CITIZEN,Yes,[0.63725512 0.36274488],0.0063510049691209835
26,INFOCHALd_W45,CITIZEN,No,[0.46322837 0.36034896 0.14340486 0.03301781],0.07391422274664287
27,INFOCHALd_W45,CITIZEN,Yes,[0.44395422 0.35708728 0.14567289 0.05328561],0.021381376024438382
28,INFOOWNd_W45,CITIZEN,No,[0.65963325 0.34036675],0.01525498125383234
29,INFOOWNd_W45,CITIZEN,Yes,[0.77983993 0.22016007],0.008729809098038587
30,RESTRICTWHO_W45,CITIZEN,No,[0.14302031 0.07861582 0.32984368 0.37897063 0.06954955],0.027917424510026552
31,RESTRICTWHO_W45,CITIZEN,Yes,[0.12088102 0.09011073 0.18966248 0.54907936 0.0502664 ],0.007891728116798464
32,SMLIKESa_W45,CITIZEN,No,[0.47571328 0.39821061 0.12607611],0.06943853188646425
33,SMLIKESa_W45,CITIZEN,Yes,[0.57747852 0.30966427 0.11285721],0.006947539420643974
34,INFORESTRICTc_W45,CITIZEN,No,[0.4384767 0.5615233],0.014808871760417123
35,INFORESTRICTc_W45,CITIZEN,Yes,[0.46120214 0.53879786],0.010053437238917716
36,MADEUPTOPICa_W45,CITIZEN,No,[0.61872815 0.347068   0.03420384 0.        ],0.0
37,MADEUPTOPICa_W45,CITIZEN,Yes,[0.75771813 0.21377534 0.02850653 0.        ],0.004642670398421571
38,MADEUPSMCLICK_W45,CITIZEN,No,[0.05030869 0.2862281  0.32951193 0.22205247 0.11189881],0.007339302768419715
39,MADEUPSMCLICK_W45,CITIZEN,Yes,[0.05329802 0.26020734 0.35657646 0.22779625 0.10212193],0.0053287994967369835
40,MADEUPLEVELb_W45,CITIZEN,No,[0.23852656 0.48843194 0.2730415  0.        ],0.008010783999342306
41,MADEUPLEVELb_W45,CITIZEN,Yes,[0.17982616 0.53477386 0.28539998 0.        ],0.005414320333612833
42,MADEUPRESb_W45,CITIZEN,No,[0.45514846 0.54485154],0.003918611889187032
43,MADEUPRESb_W45,CITIZEN,Yes,[0.43668635 0.56331365],0.007549446940504301
44,INFOKNOWa_W45,CITIZEN,No,[0.48253365 0.51746635],0.01785679491689957
45,INFOKNOWa_W45,CITIZEN,Yes,[0.43297793 0.56702207],0.01016682907687349
46,INFOCREATEd_W45,CITIZEN,No,[0.26213464 0.61634916 0.1215162  0.        ],0.017368036135961332
47,INFOCREATEd_W45,CITIZEN,Yes,[0.36578009 0.49424763 0.13997228 0.        ],0.011585963462508593
48,INFORESTRICTe_W45,CITIZEN,No,[0.27021668 0.72978332],0.003918611889187032
49,INFORESTRICTe_W45,CITIZEN,Yes,[0.22246165 0.77753835],0.00804088311241783
50,ACCCHECK_W45,CITIZEN,No,[0.2799567  0.48706407 0.1663745  0.06660473],0.03316671562037223
51,ACCCHECK_W45,CITIZEN,Yes,[0.29518126 0.46557273 0.17586582 0.06338019],0.006121352219269448
52,NEWSPREFV2_W45,CITIZEN,No,[0.03846772 0.06984308 0.30386246 0.24162778 0.34619897],0.005426427580214093
53,NEWSPREFV2_W45,CITIZEN,Yes,[0.07846557 0.0863005  0.42080272 0.11821393 0.29621728],0.0038694524675188633
54,SOURCESKEPb_W45,CITIZEN,No,[0.04623096 0.5219269  0.32548436 0.10635777],0.0
55,SOURCESKEPb_W45,CITIZEN,Yes,[0.02667041 0.35672165 0.48411439 0.13249356],0.004081228646764487
56,INFOCONFUSEd_W45,CITIZEN,No,[0.4687669  0.42358446 0.09397677 0.01367188],0.008511755447498442
57,INFOCONFUSEd_W45,CITIZEN,Yes,[0.48041103 0.41171398 0.08589041 0.02198458],0.003583494282764269
58,MADEUPTOPICf_W45,CITIZEN,No,[0.36189417 0.49684398 0.14126184 0.        ],0.016083249127530563
59,MADEUPTOPICf_W45,CITIZEN,Yes,[0.25764024 0.58659186 0.1557679  0.        ],0.007863094606469676
60,MADEUPDIS_W45,CITIZEN,No,[0.14628541 0.44159519 0.31387541 0.09824399],0.013740471561960328
61,MADEUPDIS_W45,CITIZEN,Yes,[0.15746777 0.4597159  0.29806013 0.0847562 ],0.004073633486423051
62,NEWSPROBe_W45,CITIZEN,No,[0.30941356 0.37076114 0.19686575 0.12295955],0.0
63,NEWSPROBe_W45,CITIZEN,Yes,[0.38027914 0.31425326 0.25216111 0.0533065 ],0.005778852168849784
64,MADEUPTOPICb_W45,CITIZEN,No,[0.58039807 0.38305624 0.03654569 0.        ],0.00691871343833
65,MADEUPTOPICb_W45,CITIZEN,Yes,[0.61986218 0.32700583 0.05313199 0.        ],0.005022285226717299
66,INFOCHALa_W45,CITIZEN,No,[0.52010527 0.3403539  0.11809941 0.02144141],0.06305164951359725
67,INFOCHALa_W45,CITIZEN,Yes,[0.65715234 0.25686517 0.0619426  0.02403989],0.013789805855687084
68,INFOKNOWb_W45,CITIZEN,No,[0.59347542 0.40652458],0.037639563990804224
69,INFOKNOWb_W45,CITIZEN,Yes,[0.66380911 0.33619089],0.01213679958986032
70,MADEUPSMFOL1_W45,CITIZEN,No,[0.55130967 0.44869033],0.023607129302855887
71,MADEUPSMFOL1_W45,CITIZEN,Yes,[0.49918702 0.50081298],0.007294692441949595
72,MADEUPRESd_W45,CITIZEN,No,[0.28868058 0.71131942],0.009345039469401125
73,MADEUPRESd_W45,CITIZEN,Yes,[0.32276256 0.67723744],0.008968578581521938
74,INFOWHYb_W45,CITIZEN,No,[0.78853473 0.16127509 0.05019017],0.01374047156196033
75,INFOWHYb_W45,CITIZEN,Yes,[0.87356172 0.0942653  0.03217298],0.004497234541649578
76,INFOOWNc_W45,CITIZEN,No,[0.52791885 0.47208115],0.023320627207915567
77,INFOOWNc_W45,CITIZEN,Yes,[0.59550961 0.40449039],0.012138597659897846
78,INFOCREATEa_W45,CITIZEN,No,[0.36136396 0.46458946 0.17404658 0.        ],0.014046265234185243
79,INFOCREATEa_W45,CITIZEN,Yes,[0.38006014 0.40815808 0.21178178 0.        ],0.005740447394652871
80,SEEK_W45,CITIZEN,No,[0.53072574 0.46927426],0.024071938447528918
81,SEEK_W45,CITIZEN,Yes,[0.60627209 0.39372791],0.006506027296933892
82,INFORESTRICTd_W45,CITIZEN,No,[0.55660007 0.44339993],0.009345039469401125
83,INFORESTRICTd_W45,CITIZEN,Yes,[0.63207622 0.36792378],0.012682649728467594
84,INFOCONFUSEa_W45,CITIZEN,No,[0.5565861  0.35101558 0.03313665 0.05926167],0.0075271389601212916
85,INFOCONFUSEa_W45,CITIZEN,Yes,[0.68022956 0.23731387 0.05278881 0.02966777],0.00231616613014589
86,WATCHDOG_1_W45,CITIZEN,No,[0.25804817 0.74195183],0.0761900444182443
87,WATCHDOG_1_W45,CITIZEN,Yes,[0.30390382 0.69609618],0.02698204371326913
88,MADEUPIMPd_W45,CITIZEN,No,[0.3620549  0.42893375 0.16340048 0.04561088],0.014781185122232643
89,MADEUPIMPd_W45,CITIZEN,Yes,[0.35457108 0.42275793 0.16979515 0.05287584],0.009963477373982397
90,INFOOWNb_W45,CITIZEN,No,[0.71296613 0.28703387],0.051021039398932176
91,INFOOWNb_W45,CITIZEN,Yes,[0.79892659 0.20107341],0.012994760083724473
92,SMSHARER_W45,CITIZEN,No,[0.13196895 0.86803105],0.004410323595775704
93,SMSHARER_W45,CITIZEN,Yes,[0.11897914 0.88102086],0.013666094602269132
94,FCFAIR_W45,CITIZEN,No,[0.57867473 0.42132527],0.06688995751108819
95,FCFAIR_W45,CITIZEN,Yes,[0.50969474 0.49030526],0.019781878501694834
96,INFOCONFUSEe_W45,CITIZEN,No,[0.58380944 0.30962086 0.05832562 0.04824409],0.005426427580214093
97,INFOCONFUSEe_W45,CITIZEN,Yes,[0.63708316 0.26847661 0.06207873 0.03236149],0.004266340142875703
98,MADEUPTOPICe_W45,CITIZEN,No,[0.17406594 0.5109222  0.31501186 0.        ],0.0
99,MADEUPTOPICe_W45,CITIZEN,Yes,[0.18373411 0.43823766 0.37802823 0.        ],0.003981734537158406
100,INFOOWNa_W45,CITIZEN,No,[0.53078902 0.46921098],0.032519865370681335
101,INFOOWNa_W45,CITIZEN,Yes,[0.64546447 0.35453553],0.013119973271466022
102,INFOCHALb_W45,CITIZEN,No,[0.39233886 0.45206292 0.11665889 0.03893932],0.06847807709381137
103,INFOCHALb_W45,CITIZEN,Yes,[0.42956941 0.40787214 0.12923008 0.03332837],0.017142070413256622
104,INFOWHYa_W45,CITIZEN,No,[0.78553465 0.1390347  0.07543065],0.022224332012830778
105,INFOWHYa_W45,CITIZEN,Yes,[0.70840978 0.22828934 0.06330088],0.0054489052501651
106,SOURCESKEPc_W45,CITIZEN,No,[0.06649759 0.48159845 0.40987196 0.042032  ],0.0
107,SOURCESKEPc_W45,CITIZEN,Yes,[0.04164682 0.48551911 0.37493116 0.0979029 ],0.0017115315893131383
108,SOURCESKEPa_W45,CITIZEN,No,[0.26676933 0.58937725 0.1357049  0.00814852],0.005426427580214093
109,SOURCESKEPa_W45,CITIZEN,Yes,[0.37057376 0.4859666  0.10222827 0.04123137],0.002269659876034126
110,INFOCHALc_W45,CITIZEN,No,[0.37160588 0.45482335 0.14408408 0.0294867 ],0.058656217421038055
111,INFOCHALc_W45,CITIZEN,Yes,[0.41525647 0.4107958  0.14035692 0.0335908 ],0.016058394792427853
112,DIGWDOG_3_W45,CITIZEN,No,[0.27840978 0.29087721 0.43071301],0.009875996557038096
113,DIGWDOG_3_W45,CITIZEN,Yes,[0.31363237 0.32335787 0.36300976],0.007580877846198623
114,VIDOFT_W45,CITIZEN,No,[0.17227487 0.54537065 0.21860547 0.06374901],0.022835248734803644
115,VIDOFT_W45,CITIZEN,Yes,[0.15108715 0.51620083 0.26820972 0.06450229],0.014763477584172631
116,MADEUPLEVELa_W45,CITIZEN,No,[0.52067944 0.40817519 0.07114537 0.        ],0.0078818930367
117,MADEUPLEVELa_W45,CITIZEN,Yes,[0.59545057 0.35939483 0.0451546  0.        ],0.007112117134307744
118,INFOCREATEc_W45,CITIZEN,No,[0.24632407 0.54655529 0.20712064 0.        ],0.02973804311048641
119,INFOCREATEc_W45,CITIZEN,Yes,[0.26633731 0.54697084 0.18669186 0.        ],0.007244969560667427
120,MADEUPIMPb_W45,CITIZEN,No,[0.43632852 0.43025465 0.08878937 0.04462746],0.01916689914217442
121,MADEUPIMPb_W45,CITIZEN,Yes,[0.55222054 0.3391851  0.08558782 0.02300654],0.004721342724594911
122,INFOCONFUSEc_W45,CITIZEN,No,[0.38818019 0.44251355 0.13539512 0.03391114],0.0
123,INFOCONFUSEc_W45,CITIZEN,Yes,[0.52829253 0.37232623 0.0766935  0.02268774],0.00432666335307236
124,SMLIKESd_W45,CITIZEN,No,[0.28280485 0.4019825  0.31521264],0.0
125,SMLIKESd_W45,CITIZEN,Yes,[0.12438157 0.34075195 0.53486648],0.004484405246268053
126,NEWS_PLATFORMh_W45,CITIZEN,No,[0.4430829  0.34859465 0.12216533 0.08615712],0.0
127,NEWS_PLATFORMh_W45,CITIZEN,Yes,[0.43073793 0.32652115 0.15804632 0.08469459],0.0014397788943624013
128,INFOCONFUSEb_W45,CITIZEN,No,[0.22190746 0.50896749 0.22632628 0.04279877],0.01744161597435315
129,INFOCONFUSEb_W45,CITIZEN,Yes,[0.24755729 0.47917845 0.21925573 0.05400853],0.00860621834887599
130,NEWS_PLATFORMg_W45,CITIZEN,No,[0.38001192 0.40360228 0.10489474 0.11149107],0.0
131,NEWS_PLATFORMg_W45,CITIZEN,Yes,[0.24670108 0.2856275  0.2192646  0.24840683],0.0012763750935451755
132,NEWSPROBc_W45,CITIZEN,No,[0.22167264 0.26154284 0.26766189 0.24912262],0.03913930394288823
133,NEWSPROBc_W45,CITIZEN,Yes,[0.16598131 0.33847099 0.29868709 0.19686061],0.006018207892168257
134,ONLINESOURCE_W45,CITIZEN,No,[0.75218233 0.24781767],0.23939587314251695
135,ONLINESOURCE_W45,CITIZEN,Yes,[0.85099448 0.14900552],0.20925389351274284
136,MADEUPSOLVE_W45,CITIZEN,No,[0.12030324 0.36072402 0.51897274],0.023903648933260437
137,MADEUPSOLVE_W45,CITIZEN,Yes,[0.10301468 0.32493073 0.57205458],0.009857856227911724
138,INFOCREATEe_W45,CITIZEN,No,[0.33077938 0.52078272 0.1484379  0.        ],0.027034531379581034
139,INFOCREATEe_W45,CITIZEN,Yes,[0.55311163 0.37913602 0.06775235 0.        ],0.006529209494860652
140,MADEUPSMFOL2_W45,CITIZEN,No,[0.53141332 0.46858668],0.023607129302855887
141,MADEUPSMFOL2_W45,CITIZEN,Yes,[0.50140739 0.49859261],0.007546328290061214
142,MADEUPIMPc_W45,CITIZEN,No,[0.42041684 0.42580757 0.10184489 0.0519307 ],0.032257074754412154
143,MADEUPIMPc_W45,CITIZEN,Yes,[0.51698135 0.34196211 0.10654029 0.03451626],0.006802404410996173
144,DISAVOID_W45,CITIZEN,No,[0.4697042 0.5302958],0.003918611889187032
145,DISAVOID_W45,CITIZEN,Yes,[0.49922947 0.50077053],0.0035291291731263273
146,INFOOWNe_W45,CITIZEN,No,[0.52374389 0.47625611],0.003918611889187032
147,INFOOWNe_W45,CITIZEN,Yes,[0.53711292 0.46288708],0.012338092508352601
148,INFOKNOWe_W45,CITIZEN,No,[0.52492402 0.47507598],0.024564817542767476
149,INFOKNOWe_W45,CITIZEN,Yes,[0.37476141 0.62523859],0.009531773145014756
150,SMLIKESf_W45,CITIZEN,No,[0.64965568 0.25395187 0.09639245],0.0
151,SMLIKESf_W45,CITIZEN,Yes,[0.48335083 0.41539883 0.10125034],0.004953091778093321
152,INFOWHYd_W45,CITIZEN,No,[0.24190038 0.3831166  0.37498302],0.01991894304304587
153,INFOWHYd_W45,CITIZEN,Yes,[0.11803911 0.4127316  0.4692293 ],0.005214915402645206
154,NEWSPROBa_W45,CITIZEN,No,[0.48134623 0.33626357 0.11123805 0.07115214],0.030057159013404514
155,NEWSPROBa_W45,CITIZEN,Yes,[0.49615724 0.35679359 0.12338311 0.02366606],0.008228147709223518
156,MADEUPIMPe_W45,CITIZEN,No,[0.34062744 0.42726335 0.1434212  0.08868802],0.01374047156196033
157,MADEUPIMPe_W45,CITIZEN,Yes,[0.36280175 0.42121971 0.17847262 0.03750591],0.007270071013050982
158,NEWSPROBd_W45,CITIZEN,No,[0.27128811 0.42369518 0.19762014 0.10739657],0.0
159,NEWSPROBd_W45,CITIZEN,Yes,[0.18357513 0.42141851 0.2869411  0.10806527],0.007997452626687185
160,SOURCESKEPe_W45,CITIZEN,No,[0.09328932 0.40793513 0.40767283 0.09110272],0.0
161,SOURCESKEPe_W45,CITIZEN,Yes,[0.03830507 0.32014338 0.38980221 0.25174933],0.010648490322407724
162,INFOWHYc_W45,CITIZEN,No,[0.60814663 0.31605874 0.07579464],0.026516610647458756
163,INFOWHYc_W45,CITIZEN,Yes,[0.48698582 0.40059596 0.11241822],0.005340216986983857
164,MADEUPTOPICc_W45,CITIZEN,No,[0.21859928 0.47720458 0.30419613 0.        ],0.0
165,MADEUPTOPICc_W45,CITIZEN,Yes,[0.17378655 0.52130517 0.30490828 0.        ],0.0034494192103252034
166,MADEUPTOPICd_W45,CITIZEN,No,[0.27282047 0.49764546 0.22953407 0.        ],0.007019275590943364
167,MADEUPTOPICd_W45,CITIZEN,Yes,[0.28096343 0.53219376 0.1868428  0.        ],0.0055797654166795385
168,INFOCREATEb_W45,CITIZEN,No,[0.47706564 0.43240697 0.09052739 0.        ],0.025241984150736297
169,INFOCREATEb_W45,CITIZEN,Yes,[0.59266743 0.35528691 0.05204566 0.        ],0.005078211065955329
170,SNSUSE_W45,CITIZEN,No,[0.86802126 0.13197874],0.013740471561960328
171,SNSUSE_W45,CITIZEN,Yes,[0.74487858 0.25512142],0.003591399372303261
172,MEDIALOYAL3_W45,CITIZEN,No,[0.30423222 0.69576778],0.00840381144127042
173,MEDIALOYAL3_W45,CITIZEN,Yes,[0.39780363 0.60219637],0.0065448002509984815
174,MADEUPRESc_W45,CITIZEN,No,[0.66627568 0.33372432],0.003918611889187032
175,MADEUPRESc_W45,CITIZEN,Yes,[0.78798819 0.21201181],0.0077447837935293844
176,SMLIKESc_W45,CITIZEN,No,[0.41802628 0.41014903 0.17182469],0.07535498733254821
177,SMLIKESc_W45,CITIZEN,Yes,[0.35227696 0.40489772 0.24282532],0.007248711390245832
178,LEAD_W45,CITIZEN,No,[0.65991223 0.34008777],0.003918611889187032
179,LEAD_W45,CITIZEN,Yes,[0.70576628 0.29423372],0.015054665935028787
180,INFOKNOWc_W45,CITIZEN,No,[0.54247419 0.45752581],0.033801460416335145
181,INFOKNOWc_W45,CITIZEN,Yes,[0.45477185 0.54522815],0.008659655484473635
182,MADEUPIMPa_W45,CITIZEN,No,[0.56410028 0.30025639 0.11078723 0.0248561 ],0.009345039469401127
183,MADEUPIMPa_W45,CITIZEN,Yes,[0.68960124 0.23725982 0.05140889 0.02173005],0.00476501341050994
184,INFORESTRICTa_W45,CITIZEN,No,[0.22432207 0.77567793],0.009345039469401125
185,INFORESTRICTa_W45,CITIZEN,Yes,[0.20400117 0.79599883],0.008797994496535812
186,MADEUPRESe_W45,CITIZEN,No,[0.58297185 0.41702815],0.02401782799580032
187,MADEUPRESe_W45,CITIZEN,Yes,[0.5287911 0.4712089],0.013189780782140828
188,SOURCESKEPd_W45,CITIZEN,No,[0.18869908 0.58784199 0.20653132 0.01692761],0.0
189,SOURCESKEPd_W45,CITIZEN,Yes,[0.14400885 0.65292744 0.17190869 0.03115502],0.0024705487956548683
0,MADEUPSHARE2_W45,MARITAL,Divorced,[0.09889903 0.90110097],0.01127109696711644
1,MADEUPSHARE2_W45,MARITAL,Married,[0.0831635 0.9168365],0.007372394901600641
2,MADEUPSHARE2_W45,MARITAL,Never been married,[0.1482666 0.8517334],0.00551966556576029
3,MADEUPSHARE2_W45,MARITAL,Separated,[0.12805576 0.87194424],0.0029521897463171474
4,MADEUPSHARE2_W45,MARITAL,Widowed,[0.10991623 0.89008377],0.008721229915444804
5,INFOKNOWd_W45,MARITAL,Divorced,[0.60274957 0.39725043],0.00925561705217602
6,INFOKNOWd_W45,MARITAL,Married,[0.58410949 0.41589051],0.009346370567864231
7,INFOKNOWd_W45,MARITAL,Never been married,[0.55439343 0.44560657],0.010261450709107282
8,INFOKNOWd_W45,MARITAL,Separated,[0.63751117 0.36248883],0.005165678284576012
9,INFOKNOWd_W45,MARITAL,Widowed,[0.63320469 0.36679531],0.02676152829834395
10,NEWSPROBb_W45,MARITAL,Divorced,[0.48113103 0.40269109 0.08753427 0.0286436 ],0.015951577094256906
11,NEWSPROBb_W45,MARITAL,Married,[0.52631895 0.35099722 0.09031733 0.0323665 ],0.01067692511060329
12,NEWSPROBb_W45,MARITAL,Never been married,[0.53148937 0.31333249 0.13198146 0.02319667],0.008664575381199474
13,NEWSPROBb_W45,MARITAL,Separated,[0.52837489 0.34423477 0.12034331 0.00704703],0.08736260399360338
14,NEWSPROBb_W45,MARITAL,Widowed,[0.49293468 0.41588958 0.04726266 0.04391308],0.0
15,SMSHARE_W45,MARITAL,Divorced,[0.07817243 0.26611405 0.23461085 0.02214566 0.39895701],0.015550164669553362
16,SMSHARE_W45,MARITAL,Married,[0.08150033 0.26701826 0.22961261 0.03382713 0.38804168],0.002714533475878239
17,SMSHARE_W45,MARITAL,Never been married,[0.06960759 0.28519131 0.22227064 0.06813736 0.35479309],0.002241497966523216
18,SMSHARE_W45,MARITAL,Separated,[0.10097411 0.32463725 0.1835255  0.01827444 0.37258869],0.028154046669219956
19,SMSHARE_W45,MARITAL,Widowed,[0.16044861 0.29447388 0.18989047 0.00777958 0.34740746],0.0
20,MADEUPOFT_W45,MARITAL,Divorced,[0.43497235 0.47211378 0.07847995 0.01443392],0.007991993312558923
21,MADEUPOFT_W45,MARITAL,Married,[0.40014745 0.51030651 0.07542873 0.01411731],0.007481293271401533
22,MADEUPOFT_W45,MARITAL,Never been married,[0.32147258 0.53326714 0.11443929 0.03082099],0.008066531422903377
23,MADEUPOFT_W45,MARITAL,Separated,[0.37902348 0.50234063 0.08148075 0.03715515],0.0
24,MADEUPOFT_W45,MARITAL,Widowed,[0.43879553 0.46456812 0.09139913 0.00523723],0.010702552200226118
25,SMLIKESb_W45,MARITAL,Divorced,[0.21781815 0.46081267 0.32136918],0.019931782243924744
26,SMLIKESb_W45,MARITAL,Married,[0.25619557 0.46693302 0.27687142],0.013873377924039778
27,SMLIKESb_W45,MARITAL,Never been married,[0.29120447 0.4967076  0.21208793],0.009136762578619725
28,SMLIKESb_W45,MARITAL,Separated,[0.17711664 0.35738467 0.46549869],0.05281058884484064
29,SMLIKESb_W45,MARITAL,Widowed,[0.20062419 0.49449801 0.30487779],0.007299144010188675
30,INFOCHALe_W45,MARITAL,Divorced,[0.47395472 0.31938451 0.14450625 0.06215451],0.03544505120011147
31,INFOCHALe_W45,MARITAL,Married,[0.45475896 0.34325112 0.14444584 0.05754408],0.02220541738284871
32,INFOCHALe_W45,MARITAL,Never been married,[0.43557851 0.34509363 0.15211477 0.06721308],0.016987547211220626
33,INFOCHALe_W45,MARITAL,Separated,[0.38489203 0.34374386 0.13588394 0.13548017],0.036526905838169574
34,INFOCHALe_W45,MARITAL,Widowed,[0.47929164 0.28938561 0.1934367  0.03788604],0.011880145022189714
35,MADEUPSHAREWHY_W45,MARITAL,Divorced,[0.26599057 0.         0.20219777 0.53181166],0.0
36,MADEUPSHAREWHY_W45,MARITAL,Married,[0.17784312 0.09850401 0.19256542 0.53108745],0.004124094348236358
37,MADEUPSHAREWHY_W45,MARITAL,Never been married,[0.40394427 0.06379651 0.16896931 0.36328992],0.0
38,MADEUPSHAREWHY_W45,MARITAL,Separated,[0.31889728 0.25393452 0.20102246 0.22614574],0.0
39,MADEUPSHAREWHY_W45,MARITAL,Widowed,[0.20193528 0.05645495 0.17871148 0.5628983 ],0.0
40,INFORESTRICTb_W45,MARITAL,Divorced,[0.65609123 0.34390877],0.02844511181873428
41,INFORESTRICTb_W45,MARITAL,Married,[0.69355121 0.30644879],0.017434730949456745
42,INFORESTRICTb_W45,MARITAL,Never been married,[0.73796953 0.26203047],0.009585912171360572
43,INFORESTRICTb_W45,MARITAL,Separated,[0.56556158 0.43443842],0.03339303120232781
44,INFORESTRICTb_W45,MARITAL,Widowed,[0.63379184 0.36620816],0.008363985074558775
45,WATCHDOG_3_W45,MARITAL,Divorced,[0.29533567 0.70466433],0.017390454212055668
46,WATCHDOG_3_W45,MARITAL,Married,[0.2442721 0.7557279],0.022097601539608092
47,WATCHDOG_3_W45,MARITAL,Never been married,[0.28467621 0.71532379],0.02251284774612116
48,WATCHDOG_3_W45,MARITAL,Separated,[0.36896194 0.63103806],0.046694667167725606
49,WATCHDOG_3_W45,MARITAL,Widowed,[0.25714589 0.74285411],0.028081266573339477
50,MADEUPSHARE1_W45,MARITAL,Divorced,[0.49158017 0.50841983],0.013534179404441604
51,MADEUPSHARE1_W45,MARITAL,Married,[0.4796275 0.5203725],0.007861722408802941
52,MADEUPSHARE1_W45,MARITAL,Never been married,[0.505513 0.494487],0.010003190454358043
53,MADEUPSHARE1_W45,MARITAL,Separated,[0.5389 0.4611],0.0
54,MADEUPSHARE1_W45,MARITAL,Widowed,[0.49252867 0.50747133],0.023475301432405008
55,SMLIKESe_W45,MARITAL,Divorced,[0.73915646 0.21857045 0.04227309],0.019290678996339933
56,SMLIKESe_W45,MARITAL,Married,[0.80688014 0.148256   0.04486387],0.003467378291920385
57,SMLIKESe_W45,MARITAL,Never been married,[0.77690426 0.16588891 0.05720683],0.003979326400571185
58,SMLIKESe_W45,MARITAL,Separated,[0.66209804 0.30678385 0.03111811],0.0
59,SMLIKESe_W45,MARITAL,Widowed,[0.73603957 0.21280364 0.05115679],0.003334727524111663
60,MADEUPRESa_W45,MARITAL,Divorced,[0.62907475 0.37092525],0.00966333834530439
61,MADEUPRESa_W45,MARITAL,Married,[0.6549551 0.3450449],0.007064693305717007
62,MADEUPRESa_W45,MARITAL,Never been married,[0.61373026 0.38626974],0.005255836225723082
63,MADEUPRESa_W45,MARITAL,Separated,[0.56130024 0.43869976],0.0042126037404358494
64,MADEUPRESa_W45,MARITAL,Widowed,[0.65348122 0.34651878],0.003744746963266732
65,INFOCHALd_W45,MARITAL,Divorced,[0.43368054 0.36735653 0.12785159 0.07111134],0.03461328955613385
66,INFOCHALd_W45,MARITAL,Married,[0.46610564 0.34964665 0.14105423 0.04319348],0.02294681788805562
67,INFOCHALd_W45,MARITAL,Never been married,[0.43246104 0.34462674 0.15933458 0.06357764],0.02467393620717513
68,INFOCHALd_W45,MARITAL,Separated,[0.39656084 0.37398046 0.18850504 0.04095366],0.06007334315554382
69,INFOCHALd_W45,MARITAL,Widowed,[0.44229674 0.37474688 0.14704377 0.0359126 ],0.02756967323188733
70,INFOOWNd_W45,MARITAL,Divorced,[0.77398329 0.22601671],0.010002657452567239
71,INFOOWNd_W45,MARITAL,Married,[0.78095454 0.21904546],0.007304236398837438
72,INFOOWNd_W45,MARITAL,Never been married,[0.7855644 0.2144356],0.01335148672712486
73,INFOOWNd_W45,MARITAL,Separated,[0.71173598 0.28826402],0.020720255434978508
74,INFOOWNd_W45,MARITAL,Widowed,[0.69539407 0.30460593],0.008425171731683282
75,RESTRICTWHO_W45,MARITAL,Divorced,[0.15540932 0.06883167 0.16494775 0.56401033 0.04680092],0.0129202072679086
76,RESTRICTWHO_W45,MARITAL,Married,[0.10650871 0.08837764 0.19634527 0.57181008 0.0369583 ],0.008119272955115501
77,RESTRICTWHO_W45,MARITAL,Never been married,[0.12813251 0.10351925 0.22438328 0.46589694 0.07806803],0.007772466654194543
78,RESTRICTWHO_W45,MARITAL,Separated,[0.22365741 0.10510591 0.1858538  0.41623725 0.06914563],0.01075220416745843
79,RESTRICTWHO_W45,MARITAL,Widowed,[0.09085191 0.06524835 0.1498763  0.61074069 0.08328275],0.008415382265374036
80,SMLIKESa_W45,MARITAL,Divorced,[0.50480787 0.35587568 0.13931645],0.021039913525252862
81,SMLIKESa_W45,MARITAL,Married,[0.58419743 0.30982114 0.10598142],0.010274785278885971
82,SMLIKESa_W45,MARITAL,Never been married,[0.57143257 0.32283894 0.10572848],0.011723075760388186
83,SMLIKESa_W45,MARITAL,Separated,[0.44484638 0.28691787 0.26823575],0.05281058884484064
84,SMLIKESa_W45,MARITAL,Widowed,[0.54361932 0.31931506 0.13706562],0.007299144010188675
85,INFORESTRICTc_W45,MARITAL,Divorced,[0.42278362 0.57721638],0.010316367146201096
86,INFORESTRICTc_W45,MARITAL,Married,[0.45079094 0.54920906],0.010568029199318865
87,INFORESTRICTc_W45,MARITAL,Never been married,[0.50040673 0.49959327],0.013541975629067199
88,INFORESTRICTc_W45,MARITAL,Separated,[0.39116038 0.60883962],0.020720255434978508
89,INFORESTRICTc_W45,MARITAL,Widowed,[0.38231052 0.61768948],0.007374711165752763
90,MADEUPTOPICa_W45,MARITAL,Divorced,[0.77870571 0.20686976 0.01442453 0.        ],0.006311245043183127
91,MADEUPTOPICa_W45,MARITAL,Married,[0.7802824  0.19476612 0.02495148 0.        ],0.00392012255555944
92,MADEUPTOPICa_W45,MARITAL,Never been married,[0.68091666 0.28003128 0.03905206 0.        ],0.002938759704373504
93,MADEUPTOPICa_W45,MARITAL,Separated,[0.63762166 0.35622025 0.00615809 0.        ],0.0
94,MADEUPTOPICa_W45,MARITAL,Widowed,[0.81630999 0.18060137 0.00308864 0.        ],0.018791633493644835
95,MADEUPSMCLICK_W45,MARITAL,Divorced,[0.04543039 0.25498152 0.33816583 0.24049392 0.12092834],0.024145108078544694
96,MADEUPSMCLICK_W45,MARITAL,Married,[0.04195916 0.23578997 0.37113721 0.25624362 0.09487004],0.001963116145737247
97,MADEUPSMCLICK_W45,MARITAL,Never been married,[0.0777437  0.29028569 0.35262255 0.18298559 0.09636247],0.009349629832722632
98,MADEUPSMCLICK_W45,MARITAL,Separated,[0.05138496 0.34751578 0.24506278 0.17177848 0.184258  ],0.0
99,MADEUPSMCLICK_W45,MARITAL,Widowed,[0.04312768 0.28756566 0.37734575 0.17719548 0.11476543],0.0055575886267406486
100,MADEUPLEVELb_W45,MARITAL,Divorced,[0.20244125 0.56977631 0.22778244 0.        ],0.01131839931206594
101,MADEUPLEVELb_W45,MARITAL,Married,[0.16584815 0.53418021 0.29997164 0.        ],0.004320081055080347
102,MADEUPLEVELb_W45,MARITAL,Never been married,[0.19947983 0.49872432 0.30179585 0.        ],0.004583979739241299
103,MADEUPLEVELb_W45,MARITAL,Separated,[0.19799416 0.64383052 0.15817532 0.        ],0.0
104,MADEUPLEVELb_W45,MARITAL,Widowed,[0.19946696 0.57049223 0.23004081 0.        ],0.0017082888444321688
105,MADEUPRESb_W45,MARITAL,Divorced,[0.46461691 0.53538309],0.010433595560500154
106,MADEUPRESb_W45,MARITAL,Married,[0.43636494 0.56363506],0.007136723137465378
107,MADEUPRESb_W45,MARITAL,Never been married,[0.4406782 0.5593218],0.007004382800772029
108,MADEUPRESb_W45,MARITAL,Separated,[0.42620716 0.57379284],0.009220198723265552
109,MADEUPRESb_W45,MARITAL,Widowed,[0.44574258 0.55425742],0.008436038630694365
110,INFOKNOWa_W45,MARITAL,Divorced,[0.44390607 0.55609393],0.011349498514371973
111,INFOKNOWa_W45,MARITAL,Married,[0.41381291 0.58618709],0.010318616816025122
112,INFOKNOWa_W45,MARITAL,Never been married,[0.4399015 0.5600985],0.009867212194898575
113,INFOKNOWa_W45,MARITAL,Separated,[0.60759539 0.39240461],0.006697683728768893
114,INFOKNOWa_W45,MARITAL,Widowed,[0.49443798 0.50556202],0.010771221135641435
115,INFOCREATEd_W45,MARITAL,Divorced,[0.37320066 0.50799987 0.11879947 0.        ],0.01719087609288382
116,INFOCREATEd_W45,MARITAL,Married,[0.37683237 0.48345411 0.13971352 0.        ],0.010078865694919422
117,INFOCREATEd_W45,MARITAL,Never been married,[0.31161394 0.51785632 0.17052975 0.        ],0.012059759311996668
118,INFOCREATEd_W45,MARITAL,Separated,[0.31136063 0.5911298  0.09750957 0.        ],0.02647457975367695
119,INFOCREATEd_W45,MARITAL,Widowed,[0.37714981 0.50585143 0.11699877 0.        ],0.012782229539548919
120,INFORESTRICTe_W45,MARITAL,Divorced,[0.19334626 0.80665374],0.010469746951901776
121,INFORESTRICTe_W45,MARITAL,Married,[0.2001755 0.7998245],0.007532104973649153
122,INFORESTRICTe_W45,MARITAL,Never been married,[0.28189236 0.71810764],0.007258215496464569
123,INFORESTRICTe_W45,MARITAL,Separated,[0.1781315 0.8218685],0.022252260879171388
124,INFORESTRICTe_W45,MARITAL,Widowed,[0.21875953 0.78124047],0.00878853985134183
125,ACCCHECK_W45,MARITAL,Divorced,[0.26712416 0.47925962 0.18635285 0.06726337],0.011708028908401613
126,ACCCHECK_W45,MARITAL,Married,[0.28871866 0.47907457 0.1753599  0.05684686],0.007227453592289719
127,ACCCHECK_W45,MARITAL,Never been married,[0.34345257 0.44449913 0.14888711 0.06316119],0.009001705349974852
128,ACCCHECK_W45,MARITAL,Separated,[0.15501588 0.48606332 0.26458552 0.09433528],0.008018052439790072
129,ACCCHECK_W45,MARITAL,Widowed,[0.14045404 0.46132425 0.2472035  0.1510182 ],0.014221003851888651
130,NEWSPREFV2_W45,MARITAL,Divorced,[0.0799647  0.09659657 0.52070961 0.07298035 0.22974878],0.0004019476359207207
131,NEWSPREFV2_W45,MARITAL,Married,[0.07572277 0.09132752 0.4426076  0.08794398 0.30239812],0.002846100540972745
132,NEWSPREFV2_W45,MARITAL,Never been married,[0.07138794 0.07420793 0.26052086 0.22482641 0.36905687],0.004997062558804046
133,NEWSPREFV2_W45,MARITAL,Separated,[0.06826388 0.06259379 0.45211789 0.16279046 0.25423398],0.032955122956181214
134,NEWSPREFV2_W45,MARITAL,Widowed,[0.11941459 0.04291058 0.67058872 0.03798333 0.12910278],0.0
135,SOURCESKEPb_W45,MARITAL,Divorced,[0.02524766 0.36830092 0.45136681 0.15508462],0.0043661571978795555
136,SOURCESKEPb_W45,MARITAL,Married,[0.02448998 0.34173365 0.49653232 0.13724405],0.004973474342130524
137,SOURCESKEPb_W45,MARITAL,Never been married,[0.03723476 0.40800218 0.45287271 0.10189035],0.0017358306006529543
138,SOURCESKEPb_W45,MARITAL,Separated,[0.0452815  0.50199132 0.3742549  0.07847228],0.0
139,SOURCESKEPb_W45,MARITAL,Widowed,[0.01402539 0.35632834 0.42971418 0.19993209],0.009188680605919108
140,INFOCONFUSEd_W45,MARITAL,Divorced,[0.47934878 0.44679868 0.05276747 0.02108506],0.006181273709925029
141,INFOCONFUSEd_W45,MARITAL,Married,[0.50654359 0.39708309 0.0800456  0.01632771],0.002556451009326556
142,INFOCONFUSEd_W45,MARITAL,Never been married,[0.4370096  0.42028707 0.11066747 0.03203586],0.004046622163633669
143,INFOCONFUSEd_W45,MARITAL,Separated,[0.44024547 0.38590566 0.12279395 0.05105492],0.0
144,INFOCONFUSEd_W45,MARITAL,Widowed,[0.5127186  0.40816632 0.07666193 0.00245315],0.0016644684706284827
145,MADEUPTOPICf_W45,MARITAL,Divorced,[0.29207795 0.55923509 0.14868696 0.        ],0.006819146221024708
146,MADEUPTOPICf_W45,MARITAL,Married,[0.24851327 0.59746105 0.15402568 0.        ],0.006367834376271195
147,MADEUPTOPICf_W45,MARITAL,Never been married,[0.25392204 0.57056209 0.17551586 0.        ],0.01299220670745348
148,MADEUPTOPICf_W45,MARITAL,Separated,[0.52381353 0.44557267 0.0306138  0.        ],0.0
149,MADEUPTOPICf_W45,MARITAL,Widowed,[0.28505992 0.56338433 0.15155575 0.        ],0.01235625328574349
150,MADEUPDIS_W45,MARITAL,Divorced,[0.15204835 0.42848368 0.3376372  0.08183076],0.007975943245178299
151,MADEUPDIS_W45,MARITAL,Married,[0.17436273 0.47257711 0.28323158 0.06982859],0.0017924274079177186
152,MADEUPDIS_W45,MARITAL,Never been married,[0.11466649 0.44514926 0.33662843 0.10355582],0.009617435230932664
153,MADEUPDIS_W45,MARITAL,Separated,[0.16834229 0.40434251 0.33561182 0.09170338],0.021717290601817176
154,MADEUPDIS_W45,MARITAL,Widowed,[0.19294066 0.44375993 0.28626922 0.07703019],0.0
155,NEWSPROBe_W45,MARITAL,Divorced,[0.37452613 0.32597393 0.23813071 0.06136923],0.01536028330758429
156,NEWSPROBe_W45,MARITAL,Married,[0.42287444 0.30482916 0.22724602 0.04505038],0.003922764702277028
157,NEWSPROBe_W45,MARITAL,Never been married,[0.30997328 0.32474737 0.28203947 0.08323988],0.007966614228478367
158,NEWSPROBe_W45,MARITAL,Separated,[0.16785457 0.47604802 0.29503742 0.06105999],0.0
159,NEWSPROBe_W45,MARITAL,Widowed,[0.43776586 0.24809668 0.29000967 0.02412779],0.0
160,MADEUPTOPICb_W45,MARITAL,Divorced,[0.56449752 0.38838043 0.04712206 0.        ],0.008132518830580953
161,MADEUPTOPICb_W45,MARITAL,Married,[0.6164563  0.33551261 0.04803108 0.        ],0.0015821837845639657
162,MADEUPTOPICb_W45,MARITAL,Never been married,[0.63061205 0.30129022 0.06809773 0.        ],0.009503450879455148
163,MADEUPTOPICb_W45,MARITAL,Separated,[0.55840051 0.35165172 0.08994777 0.        ],0.0
164,MADEUPTOPICb_W45,MARITAL,Widowed,[0.67824214 0.31131428 0.01044358 0.        ],0.00380621153328118
165,INFOCHALa_W45,MARITAL,Divorced,[0.65761867 0.24551945 0.06195544 0.03490644],0.026763445978407293
166,INFOCHALa_W45,MARITAL,Married,[0.67820317 0.23948013 0.0623601  0.0199566 ],0.015571018152651233
167,INFOCHALa_W45,MARITAL,Never been married,[0.61130856 0.28980016 0.07033788 0.0285534 ],0.014657222206055451
168,INFOCHALa_W45,MARITAL,Separated,[0.49343661 0.33328449 0.14400916 0.02926973],0.05533706787204045
169,INFOCHALa_W45,MARITAL,Widowed,[0.65964674 0.26077349 0.06978047 0.00979929],0.005559316078539051
170,INFOKNOWb_W45,MARITAL,Divorced,[0.63447021 0.36552979],0.014768365299082516
171,INFOKNOWb_W45,MARITAL,Married,[0.65811202 0.34188798],0.01483521203006997
172,INFOKNOWb_W45,MARITAL,Never been married,[0.68208145 0.31791855],0.004336073446352882
173,INFOKNOWb_W45,MARITAL,Separated,[0.66337186 0.33662814],0.027764571063884236
174,INFOKNOWb_W45,MARITAL,Widowed,[0.65210149 0.34789851],0.014909237880709149
175,MADEUPSMFOL1_W45,MARITAL,Divorced,[0.49847952 0.50152048],0.012579964385072482
176,MADEUPSMFOL1_W45,MARITAL,Married,[0.51606443 0.48393557],0.010083150469557954
177,MADEUPSMFOL1_W45,MARITAL,Never been married,[0.46848053 0.53151947],0.007788103816900618
178,MADEUPSMFOL1_W45,MARITAL,Separated,[0.41499338 0.58500662],0.0
179,MADEUPSMFOL1_W45,MARITAL,Widowed,[0.52911642 0.47088358],0.009774780704889118
180,MADEUPRESd_W45,MARITAL,Divorced,[0.31072021 0.68927979],0.013235130345484406
181,MADEUPRESd_W45,MARITAL,Married,[0.31095016 0.68904984],0.011496156089036159
182,MADEUPRESd_W45,MARITAL,Never been married,[0.32907625 0.67092375],0.00655748198221288
183,MADEUPRESd_W45,MARITAL,Separated,[0.26381487 0.73618513],0.010194678070478934
184,MADEUPRESd_W45,MARITAL,Widowed,[0.32351579 0.67648421],0.0017697067524751152
185,INFOWHYb_W45,MARITAL,Divorced,[0.88975527 0.08542413 0.02482059],0.012142993352689214
186,INFOWHYb_W45,MARITAL,Married,[0.90049138 0.07468001 0.02482861],0.003057554599548419
187,INFOWHYb_W45,MARITAL,Never been married,[0.81835834 0.12884896 0.0527927 ],0.0037589725368803264
188,INFOWHYb_W45,MARITAL,Separated,[0.73698958 0.20157277 0.06143765],0.02484142040025487
189,INFOWHYb_W45,MARITAL,Widowed,[0.87058465 0.10440761 0.02500775],0.0061434569997764685
190,INFOOWNc_W45,MARITAL,Divorced,[0.59445 0.40555],0.01166531558445101
191,INFOOWNc_W45,MARITAL,Married,[0.58677262 0.41322738],0.010482891813811087
192,INFOOWNc_W45,MARITAL,Never been married,[0.61564161 0.38435839],0.017205981069645163
193,INFOOWNc_W45,MARITAL,Separated,[0.54719992 0.45280008],0.020720255434978508
194,INFOOWNc_W45,MARITAL,Widowed,[0.57195537 0.42804463],0.012389809701131623
195,INFOCREATEa_W45,MARITAL,Divorced,[0.39285897 0.40968904 0.19745199 0.        ],0.009873492568023149
196,INFOCREATEa_W45,MARITAL,Married,[0.40721178 0.39606638 0.19672184 0.        ],0.0033210967013698085
197,INFOCREATEa_W45,MARITAL,Never been married,[0.30401515 0.44188263 0.25410222 0.        ],0.006603573783394262
198,INFOCREATEa_W45,MARITAL,Separated,[0.3880801  0.40164262 0.21027727 0.        ],0.02213971194512347
199,INFOCREATEa_W45,MARITAL,Widowed,[0.49175643 0.3515616  0.15668197 0.        ],0.008848333858645164
200,SEEK_W45,MARITAL,Divorced,[0.66857814 0.33142186],0.007644972554933286
201,SEEK_W45,MARITAL,Married,[0.653272 0.346728],0.006776856116766784
202,SEEK_W45,MARITAL,Never been married,[0.48533029 0.51466971],0.00882428021010808
203,SEEK_W45,MARITAL,Separated,[0.46890971 0.53109029],0.03242177884524618
204,SEEK_W45,MARITAL,Widowed,[0.70299239 0.29700761],0.0036786736302737927
205,INFORESTRICTd_W45,MARITAL,Divorced,[0.59535709 0.40464291],0.0215010941691607
206,INFORESTRICTd_W45,MARITAL,Married,[0.6251618 0.3748382],0.011438255333574591
207,INFORESTRICTd_W45,MARITAL,Never been married,[0.66661211 0.33338789],0.015808497226771776
208,INFORESTRICTd_W45,MARITAL,Separated,[0.50123463 0.49876537],0.020720255434978508
209,INFORESTRICTd_W45,MARITAL,Widowed,[0.62299526 0.37700474],0.006569888072287326
210,INFOCONFUSEa_W45,MARITAL,Divorced,[0.71721714 0.23139665 0.03353821 0.017848  ],0.001749326883927439
211,INFOCONFUSEa_W45,MARITAL,Married,[0.69948931 0.22547098 0.04780639 0.02723332],0.0017458553230040158
212,INFOCONFUSEa_W45,MARITAL,Never been married,[0.61844915 0.26948916 0.06960844 0.04245325],0.004893173639838065
213,INFOCONFUSEa_W45,MARITAL,Separated,[0.61662953 0.23479824 0.08256936 0.06600287],0.0
214,INFOCONFUSEa_W45,MARITAL,Widowed,[0.66703473 0.24365735 0.06975027 0.01955765],0.0022248337598217214
215,WATCHDOG_1_W45,MARITAL,Divorced,[0.31824011 0.68175989],0.04372933923388707
216,WATCHDOG_1_W45,MARITAL,Married,[0.32324018 0.67675982],0.029600665091547556
217,WATCHDOG_1_W45,MARITAL,Never been married,[0.24728594 0.75271406],0.02241840803193624
218,WATCHDOG_1_W45,MARITAL,Separated,[0.24434108 0.75565892],0.047348409062079246
219,WATCHDOG_1_W45,MARITAL,Widowed,[0.33763114 0.66236886],0.034005746521802716
220,MADEUPIMPd_W45,MARITAL,Divorced,[0.3859766  0.40181765 0.16695653 0.04524922],0.011883395506347467
221,MADEUPIMPd_W45,MARITAL,Married,[0.35428481 0.41477998 0.17368511 0.0572501 ],0.009909805114225439
222,MADEUPIMPd_W45,MARITAL,Never been married,[0.299567   0.46998782 0.17750031 0.05294487],0.01370450817149353
223,MADEUPIMPd_W45,MARITAL,Separated,[0.42160729 0.43734736 0.07069269 0.07035266],0.003124129798437697
224,MADEUPIMPd_W45,MARITAL,Widowed,[0.48834515 0.38789644 0.11268366 0.01107475],0.011736866072665187
225,INFOOWNb_W45,MARITAL,Divorced,[0.77960736 0.22039264],0.015958186728500304
226,INFOOWNb_W45,MARITAL,Married,[0.80813319 0.19186681],0.01339967749140347
227,INFOOWNb_W45,MARITAL,Never been married,[0.80649704 0.19350296],0.00866066330914509
228,INFOOWNb_W45,MARITAL,Separated,[0.61090335 0.38909665],0.03966419048987207
229,INFOOWNb_W45,MARITAL,Widowed,[0.73689184 0.26310816],0.030715519931633035
230,SMSHARER_W45,MARITAL,Divorced,[0.13496695 0.86503305],0.017849718627982576
231,SMSHARER_W45,MARITAL,Married,[0.10221648 0.89778352],0.014056450733254029
232,SMSHARER_W45,MARITAL,Never been married,[0.13168876 0.86831124],0.008182985987514064
233,SMSHARER_W45,MARITAL,Separated,[0.13630127 0.86369873],0.03536812386091808
234,SMSHARER_W45,MARITAL,Widowed,[0.13537096 0.86462904],0.03107456011576036
235,FCFAIR_W45,MARITAL,Divorced,[0.52322481 0.47677519],0.030610872308495553
236,FCFAIR_W45,MARITAL,Married,[0.48529605 0.51470395],0.024098010751027656
237,FCFAIR_W45,MARITAL,Never been married,[0.54672247 0.45327753],0.015220540142727496
238,FCFAIR_W45,MARITAL,Separated,[0.54018932 0.45981068],0.030778161150435447
239,FCFAIR_W45,MARITAL,Widowed,[0.52271937 0.47728063],0.027536699006667786
240,INFOCONFUSEe_W45,MARITAL,Divorced,[0.64908133 0.280126   0.05289377 0.0178989 ],0.006724125094566205
241,INFOCONFUSEe_W45,MARITAL,Married,[0.66344086 0.25072489 0.05422969 0.03160457],0.0036056338915630842
242,INFOCONFUSEe_W45,MARITAL,Never been married,[0.561409   0.30964415 0.08074239 0.04820446],0.004049370318743253
243,INFOCONFUSEe_W45,MARITAL,Separated,[0.63144904 0.25285442 0.10194601 0.01375054],0.020720255434978508
244,INFOCONFUSEe_W45,MARITAL,Widowed,[0.66634689 0.2559154  0.05814067 0.01959703],0.0
245,MADEUPTOPICe_W45,MARITAL,Divorced,[0.15224834 0.43616888 0.41158277 0.        ],0.0077189568801548005
246,MADEUPTOPICe_W45,MARITAL,Married,[0.15470632 0.45090514 0.39438853 0.        ],0.0036344059928519034
247,MADEUPTOPICe_W45,MARITAL,Never been married,[0.19838333 0.45359471 0.34802196 0.        ],0.0008002103315457933
248,MADEUPTOPICe_W45,MARITAL,Separated,[0.2599228  0.39924258 0.34083462 0.        ],0.0
249,MADEUPTOPICe_W45,MARITAL,Widowed,[0.22813061 0.49234164 0.27952776 0.        ],0.004129926077741638
250,INFOOWNa_W45,MARITAL,Divorced,[0.62852048 0.37147952],0.011781197883042938
251,INFOOWNa_W45,MARITAL,Married,[0.63331732 0.36668268],0.011848999505994155
252,INFOOWNa_W45,MARITAL,Never been married,[0.67385737 0.32614263],0.016473430941097007
253,INFOOWNa_W45,MARITAL,Separated,[0.57194258 0.42805742],0.03515178271441616
254,INFOOWNa_W45,MARITAL,Widowed,[0.58941014 0.41058986],0.011644868099898266
255,INFOCHALb_W45,MARITAL,Divorced,[0.45482205 0.40205697 0.09903301 0.04408797],0.03074442776044438
256,INFOCHALb_W45,MARITAL,Married,[0.43426032 0.41204626 0.12733292 0.0263605 ],0.01875924853591667
257,INFOCHALb_W45,MARITAL,Never been married,[0.41235259 0.3982851  0.14997267 0.03938963],0.014703623187827305
258,INFOCHALb_W45,MARITAL,Separated,[0.2986674  0.52909788 0.11580247 0.05643225],0.05533706787204044
259,INFOCHALb_W45,MARITAL,Widowed,[0.45300963 0.37915594 0.14259765 0.02523679],0.019443266554008937
260,INFOWHYa_W45,MARITAL,Divorced,[0.71290594 0.22223147 0.06486259],0.005496039378857882
261,INFOWHYa_W45,MARITAL,Married,[0.70442473 0.23228251 0.06329277],0.005980425865072999
262,INFOWHYa_W45,MARITAL,Never been married,[0.71969011 0.22318732 0.05712257],0.005812776517698789
263,INFOWHYa_W45,MARITAL,Separated,[0.75129062 0.20943688 0.0392725 ],0.02171729060181718
264,INFOWHYa_W45,MARITAL,Widowed,[0.6978545  0.22302452 0.07912098],0.0062129361002207836
265,SOURCESKEPc_W45,MARITAL,Divorced,[0.04111948 0.47878349 0.37680824 0.10328879],0.000685085954423151
266,SOURCESKEPc_W45,MARITAL,Married,[0.03947884 0.4987823  0.37027142 0.09146744],0.0018794467271628262
267,SOURCESKEPc_W45,MARITAL,Never been married,[0.05076632 0.47423139 0.36258297 0.11241931],0.0026876547472494995
268,SOURCESKEPc_W45,MARITAL,Separated,[0.01648669 0.50771086 0.38570144 0.09010102],0.0
269,SOURCESKEPc_W45,MARITAL,Widowed,[0.04563206 0.47185379 0.41195455 0.07055961],0.0
270,SOURCESKEPa_W45,MARITAL,Divorced,[0.40999283 0.48326653 0.0699886  0.03675204],0.0
271,SOURCESKEPa_W45,MARITAL,Married,[0.37540504 0.48188637 0.10373641 0.03897218],0.004210560310307847
272,SOURCESKEPa_W45,MARITAL,Never been married,[0.34758624 0.50164818 0.10622291 0.04454268],0.0014169654225341232
273,SOURCESKEPa_W45,MARITAL,Separated,[0.26730311 0.5578881  0.16080041 0.01400837],0.0
274,SOURCESKEPa_W45,MARITAL,Widowed,[0.38952535 0.45882666 0.12860406 0.02304393],0.0
275,INFOCHALc_W45,MARITAL,Divorced,[0.42131965 0.42464007 0.11786722 0.03617306],0.02632869608297887
276,INFOCHALc_W45,MARITAL,Married,[0.41232851 0.42060668 0.13574103 0.03132378],0.018479495813426207
277,INFOCHALc_W45,MARITAL,Never been married,[0.41547255 0.39160623 0.15016326 0.04275796],0.016083091365393258
278,INFOCHALc_W45,MARITAL,Separated,[0.27902192 0.4753495  0.22357362 0.02205497],0.05505003324625843
279,INFOCHALc_W45,MARITAL,Widowed,[0.46603238 0.37911978 0.14236364 0.0124842 ],0.002377057681095634
280,DIGWDOG_3_W45,MARITAL,Divorced,[0.3226955  0.29620125 0.38110325],0.011478148843906688
281,DIGWDOG_3_W45,MARITAL,Married,[0.33518909 0.30648563 0.35832527],0.007084976866223602
282,DIGWDOG_3_W45,MARITAL,Never been married,[0.2874362  0.34013158 0.37243221],0.009189466855830506
283,DIGWDOG_3_W45,MARITAL,Separated,[0.18864606 0.36815222 0.44320172],0.002327860189547929
284,DIGWDOG_3_W45,MARITAL,Widowed,[0.28829555 0.294105   0.41759945],0.002107358965877842
285,VIDOFT_W45,MARITAL,Divorced,[0.14230384 0.51971111 0.27070427 0.06728078],0.019776300478559564
286,VIDOFT_W45,MARITAL,Married,[0.14491844 0.52281561 0.26644814 0.06581782],0.013438098180701085
287,VIDOFT_W45,MARITAL,Never been married,[0.16667879 0.49363564 0.28420542 0.05548015],0.009743042465549238
288,VIDOFT_W45,MARITAL,Separated,[0.13698241 0.52761147 0.2757186  0.05968752],0.05129753750313806
289,VIDOFT_W45,MARITAL,Widowed,[0.14333776 0.49675356 0.27657767 0.08333101],0.02574256139053845
290,MADEUPLEVELa_W45,MARITAL,Divorced,[0.58228231 0.38456544 0.03315225 0.        ],0.00967004085790376
291,MADEUPLEVELa_W45,MARITAL,Married,[0.61846168 0.34688465 0.03465367 0.        ],0.0060001168165120045
292,MADEUPLEVELa_W45,MARITAL,Never been married,[0.56488967 0.36627903 0.0688313  0.        ],0.00782860307972001
293,MADEUPLEVELa_W45,MARITAL,Separated,[0.46396591 0.40787007 0.12816402 0.        ],0.0
294,MADEUPLEVELa_W45,MARITAL,Widowed,[0.61316931 0.36387459 0.02295609 0.        ],0.0017055747214943812
295,INFOCREATEc_W45,MARITAL,Divorced,[0.23946325 0.5804822  0.18005454 0.        ],0.008289349679408049
296,INFOCREATEc_W45,MARITAL,Married,[0.24252132 0.55188531 0.20559336 0.        ],0.007014120859901485
297,INFOCREATEc_W45,MARITAL,Never been married,[0.32053055 0.52033376 0.15913569 0.        ],0.011260010994044896
298,INFOCREATEc_W45,MARITAL,Separated,[0.28893764 0.57054057 0.14052179 0.        ],0.022156464144788172
299,INFOCREATEc_W45,MARITAL,Widowed,[0.26883657 0.50144838 0.22971505 0.        ],0.010039311327306871
300,MADEUPIMPb_W45,MARITAL,Divorced,[0.52482864 0.35100341 0.09577562 0.02839234],0.011192735502704254
301,MADEUPIMPb_W45,MARITAL,Married,[0.56135955 0.34392762 0.07914994 0.0155629 ],0.0037565807660111376
302,MADEUPIMPb_W45,MARITAL,Never been married,[0.52642628 0.34143064 0.09835616 0.03378692],0.0070135223237649084
303,MADEUPIMPb_W45,MARITAL,Separated,[0.54397991 0.31072529 0.10353623 0.04175857],0.024841420400254874
304,MADEUPIMPb_W45,MARITAL,Widowed,[0.49071164 0.40644825 0.08599772 0.01684239],0.006642903786486897
305,INFOCONFUSEc_W45,MARITAL,Divorced,[0.51738707 0.40932819 0.05341303 0.01987171],0.004053944706863014
306,INFOCONFUSEc_W45,MARITAL,Married,[0.54580768 0.35923932 0.0751538  0.0197992 ],0.0036597777434720924
307,INFOCONFUSEc_W45,MARITAL,Never been married,[0.46977116 0.41128291 0.087719   0.03122693],0.006827825194866832
308,INFOCONFUSEc_W45,MARITAL,Separated,[0.45270487 0.38566639 0.11905101 0.04257773],0.0
309,INFOCONFUSEc_W45,MARITAL,Widowed,[0.57542758 0.34110041 0.07146572 0.01200629],0.0
310,SMLIKESd_W45,MARITAL,Divorced,[0.13332678 0.33031822 0.536355  ],0.01929067899633993
311,SMLIKESd_W45,MARITAL,Married,[0.09153503 0.34658476 0.56188021],0.003289157245210594
312,SMLIKESd_W45,MARITAL,Never been married,[0.1804517  0.35594674 0.46360155],0.002376402776548997
313,SMLIKESd_W45,MARITAL,Separated,[0.3113621  0.24200574 0.44663216],0.0
314,SMLIKESd_W45,MARITAL,Widowed,[0.18575796 0.33004345 0.48419859],0.003334727524111663
315,NEWS_PLATFORMh_W45,MARITAL,Divorced,[0.39506492 0.32228666 0.14438338 0.13826503],0.000191230030438677
316,NEWS_PLATFORMh_W45,MARITAL,Married,[0.45959607 0.31451957 0.15189917 0.07398519],0.0015621429864535973
317,NEWS_PLATFORMh_W45,MARITAL,Never been married,[0.41795924 0.36093828 0.14772634 0.07337613],0.0009252242779567403
318,NEWS_PLATFORMh_W45,MARITAL,Separated,[0.30120855 0.37377461 0.19216193 0.1328549 ],0.0
319,NEWS_PLATFORMh_W45,MARITAL,Widowed,[0.28889468 0.37036182 0.1986571  0.1420864 ],0.00610508110562319
320,INFOCONFUSEb_W45,MARITAL,Divorced,[0.2597738  0.51473786 0.18399556 0.04149278],0.012845881881260575
321,INFOCONFUSEb_W45,MARITAL,Married,[0.26398034 0.47057966 0.21734862 0.04809138],0.010303964054957091
322,INFOCONFUSEb_W45,MARITAL,Never been married,[0.19479601 0.4694091  0.26425377 0.07154111],0.008780798298699679
323,INFOCONFUSEb_W45,MARITAL,Separated,[0.25855913 0.46857216 0.21841778 0.05445092],0.007766663284788887
324,INFOCONFUSEb_W45,MARITAL,Widowed,[0.31762459 0.49336889 0.15190419 0.03710233],0.0019085263815062986
325,NEWS_PLATFORMg_W45,MARITAL,Divorced,[0.21229117 0.26181859 0.25494179 0.27094845],0.0
326,NEWS_PLATFORMg_W45,MARITAL,Married,[0.21939393 0.27587121 0.2389049  0.26582995],0.0022430094332493307
327,NEWS_PLATFORMg_W45,MARITAL,Never been married,[0.31794133 0.33620713 0.17130125 0.17455029],0.0003419409414037551
328,NEWS_PLATFORMg_W45,MARITAL,Separated,[0.2597112  0.37024912 0.14141335 0.22862632],0.0
329,NEWS_PLATFORMg_W45,MARITAL,Widowed,[0.17564125 0.30039514 0.16250996 0.36145365],0.0
330,NEWSPROBc_W45,MARITAL,Divorced,[0.16103174 0.39785251 0.24926471 0.19185103],0.015951577094256906
331,NEWSPROBc_W45,MARITAL,Married,[0.16385463 0.33808437 0.29171207 0.20634894],0.004752673548386612
332,NEWSPROBc_W45,MARITAL,Never been married,[0.16792401 0.30656929 0.34063789 0.1848688 ],0.008664575381199474
333,NEWSPROBc_W45,MARITAL,Separated,[0.21924668 0.50177655 0.12573978 0.15323699],0.06121364785102055
334,NEWSPROBc_W45,MARITAL,Widowed,[0.21595835 0.33205299 0.24549128 0.20649738],0.0
335,ONLINESOURCE_W45,MARITAL,Divorced,[0.87681941 0.12318059],0.2518373301601035
336,ONLINESOURCE_W45,MARITAL,Married,[0.86953269 0.13046731],0.20083213771670883
337,ONLINESOURCE_W45,MARITAL,Never been married,[0.8028827 0.1971173],0.19864215259045814
338,ONLINESOURCE_W45,MARITAL,Separated,[0.70168403 0.29831597],0.3238157813162486
339,ONLINESOURCE_W45,MARITAL,Widowed,[0.88479502 0.11520498],0.2245641631371982
340,MADEUPSOLVE_W45,MARITAL,Divorced,[0.10733164 0.2811195  0.61154886],0.014147412678227375
341,MADEUPSOLVE_W45,MARITAL,Married,[0.09644137 0.29502471 0.60853392],0.010110786240069709
342,MADEUPSOLVE_W45,MARITAL,Never been married,[0.11677275 0.38805964 0.4951676 ],0.01179276514282506
343,MADEUPSOLVE_W45,MARITAL,Separated,[0.12531164 0.35966775 0.51502061],0.0015320054441928812
344,MADEUPSOLVE_W45,MARITAL,Widowed,[0.13307928 0.2720682  0.59485253],0.011970382846744253
345,INFOCREATEe_W45,MARITAL,Divorced,[0.55240726 0.3937911  0.05380164 0.        ],0.011917999352201452
346,INFOCREATEe_W45,MARITAL,Married,[0.60076741 0.34805839 0.0511742  0.        ],0.007103619388217224
347,INFOCREATEe_W45,MARITAL,Never been married,[0.43526833 0.4410701  0.12366157 0.        ],0.006445778666352885
348,INFOCREATEe_W45,MARITAL,Separated,[0.44150325 0.42550365 0.13299309 0.        ],0.021820709150716495
349,INFOCREATEe_W45,MARITAL,Widowed,[0.60476659 0.33563314 0.05960027 0.        ],0.006253454682438148
350,MADEUPSMFOL2_W45,MARITAL,Divorced,[0.4780752 0.5219248],0.015171074741319
351,MADEUPSMFOL2_W45,MARITAL,Married,[0.53347609 0.46652391],0.006752156847293825
352,MADEUPSMFOL2_W45,MARITAL,Never been married,[0.45520988 0.54479012],0.004884332448592545
353,MADEUPSMFOL2_W45,MARITAL,Separated,[0.4159614 0.5840386],0.04203122256105976
354,MADEUPSMFOL2_W45,MARITAL,Widowed,[0.40371821 0.59628179],0.004165793452629719
355,MADEUPIMPc_W45,MARITAL,Divorced,[0.56395551 0.32077926 0.09258606 0.02267918],0.011073050768844071
356,MADEUPIMPc_W45,MARITAL,Married,[0.55736807 0.32135519 0.09672372 0.02455301],0.00716415878271573
357,MADEUPIMPc_W45,MARITAL,Never been married,[0.39795938 0.40585266 0.14349634 0.05269162],0.007486846503349967
358,MADEUPIMPc_W45,MARITAL,Separated,[0.42371154 0.38065785 0.11391828 0.08171233],0.003124129798437696
359,MADEUPIMPc_W45,MARITAL,Widowed,[0.58998647 0.32619618 0.06815091 0.01566645],0.002476102344329436
360,DISAVOID_W45,MARITAL,Divorced,[0.50012198 0.49987802],0.009212050834934597
361,DISAVOID_W45,MARITAL,Married,[0.5120921 0.4879079],0.0027163595753305677
362,DISAVOID_W45,MARITAL,Never been married,[0.4734007 0.5265993],0.006311886595568819
363,DISAVOID_W45,MARITAL,Separated,[0.40777953 0.59222047],0.0
364,DISAVOID_W45,MARITAL,Widowed,[0.44529699 0.55470301],0.0007132949562454984
365,INFOOWNe_W45,MARITAL,Divorced,[0.53932715 0.46067285],0.013696841906950516
366,INFOOWNe_W45,MARITAL,Married,[0.51417707 0.48582293],0.010422931267638628
367,INFOOWNe_W45,MARITAL,Never been married,[0.56958778 0.43041222],0.011741401481869865
368,INFOOWNe_W45,MARITAL,Separated,[0.51246172 0.48753828],0.03515178271441616
369,INFOOWNe_W45,MARITAL,Widowed,[0.44179161 0.55820839],0.0121307481248431
370,INFOKNOWe_W45,MARITAL,Divorced,[0.3809688 0.6190312],0.009391938273274059
371,INFOKNOWe_W45,MARITAL,Married,[0.36026938 0.63973062],0.010524850552375575
372,INFOKNOWe_W45,MARITAL,Never been married,[0.39541862 0.60458138],0.006984077514404729
373,INFOKNOWe_W45,MARITAL,Separated,[0.55353241 0.44646759],0.021529913223288226
374,INFOKNOWe_W45,MARITAL,Widowed,[0.42434862 0.57565138],0.010317655084281546
375,SMLIKESf_W45,MARITAL,Divorced,[0.45140331 0.43781753 0.11077916],0.025390122352013766
376,SMLIKESf_W45,MARITAL,Married,[0.48940677 0.40493267 0.10566056],0.002303000185405829
377,SMLIKESf_W45,MARITAL,Never been married,[0.50917044 0.40640943 0.08442014],0.0017996635118712372
378,SMLIKESf_W45,MARITAL,Separated,[0.55752572 0.30687856 0.13559571],0.0
379,SMLIKESf_W45,MARITAL,Widowed,[0.51130244 0.38812404 0.10057351],0.003334727524111663
380,INFOWHYd_W45,MARITAL,Divorced,[0.11674837 0.39050895 0.49274268],0.011492963722046123
381,INFOWHYd_W45,MARITAL,Married,[0.11846529 0.37835562 0.50317909],0.0043623637200509895
382,INFOWHYd_W45,MARITAL,Never been married,[0.14164303 0.4685144  0.38984256],0.004540562563554188
383,INFOWHYd_W45,MARITAL,Separated,[0.12258535 0.43595526 0.44145939],0.02484142040025487
384,INFOWHYd_W45,MARITAL,Widowed,[0.11767584 0.33277133 0.54955283],0.006535479808653055
385,NEWSPROBa_W45,MARITAL,Divorced,[0.4903601  0.37027108 0.11901193 0.0203569 ],0.017120591583591277
386,NEWSPROBa_W45,MARITAL,Married,[0.5216581  0.34333847 0.11265281 0.02235063],0.006668960402537553
387,NEWSPROBa_W45,MARITAL,Never been married,[0.45594313 0.37499625 0.13974647 0.02931415],0.011980405446814094
388,NEWSPROBa_W45,MARITAL,Separated,[0.46997874 0.35727071 0.15316803 0.01958252],0.046550616086597364
389,NEWSPROBa_W45,MARITAL,Widowed,[0.5222908  0.33742728 0.12347049 0.01681143],0.0026126542339281003
390,MADEUPIMPe_W45,MARITAL,Divorced,[0.33872209 0.42575006 0.20362569 0.03190216],0.011404639946144686
391,MADEUPIMPe_W45,MARITAL,Married,[0.35223303 0.43567906 0.17409941 0.03798851],0.0072096279789221045
392,MADEUPIMPe_W45,MARITAL,Never been married,[0.35674651 0.40879647 0.19051117 0.04394585],0.007024639565697892
393,MADEUPIMPe_W45,MARITAL,Separated,[0.45155018 0.36005812 0.13565778 0.05273392],0.02484142040025487
394,MADEUPIMPe_W45,MARITAL,Widowed,[0.39138163 0.43872178 0.14681523 0.02308136],0.0026937284759174884
395,NEWSPROBd_W45,MARITAL,Divorced,[0.17224883 0.41833021 0.27313558 0.13628538],0.015264141524745891
396,NEWSPROBd_W45,MARITAL,Married,[0.17250757 0.43418857 0.28704416 0.1062597 ],0.007127055354558698
397,NEWSPROBd_W45,MARITAL,Never been married,[0.21449129 0.37026668 0.29625725 0.11898478],0.007219371780341249
398,NEWSPROBd_W45,MARITAL,Separated,[0.15983036 0.45217733 0.27811693 0.10987538],0.0
399,NEWSPROBd_W45,MARITAL,Widowed,[0.24724582 0.46226278 0.209545   0.0809464 ],0.002598475747234647
400,SOURCESKEPe_W45,MARITAL,Divorced,[0.03804915 0.30268343 0.41722226 0.24204516],0.009010898255021004
401,SOURCESKEPe_W45,MARITAL,Married,[0.02510506 0.29123412 0.40546599 0.27819483],0.011152440734190123
402,SOURCESKEPe_W45,MARITAL,Never been married,[0.07044992 0.38539921 0.36331386 0.18083702],0.007243233417147269
403,SOURCESKEPe_W45,MARITAL,Separated,[0.03819292 0.39976909 0.38905818 0.17297981],0.0
404,SOURCESKEPe_W45,MARITAL,Widowed,[0.04088435 0.24329602 0.40590882 0.3099108 ],0.029500537564814237
405,INFOWHYc_W45,MARITAL,Divorced,[0.49594732 0.39560239 0.10845029],0.0065548713332119184
406,INFOWHYc_W45,MARITAL,Married,[0.49298605 0.39814627 0.10886768],0.005071468097140255
407,INFOWHYc_W45,MARITAL,Never been married,[0.47261546 0.4171777  0.11020684],0.0036920067787518137
408,INFOWHYc_W45,MARITAL,Separated,[0.52433487 0.37353601 0.10212912],0.02171729060181718
409,INFOWHYc_W45,MARITAL,Widowed,[0.56007683 0.32257649 0.11734668],0.0053700448637883005
410,MADEUPTOPICc_W45,MARITAL,Divorced,[0.17723696 0.56415903 0.25860402 0.        ],0.010060436069969118
411,MADEUPTOPICc_W45,MARITAL,Married,[0.16432021 0.50778093 0.32789886 0.        ],0.0017898549742398331
412,MADEUPTOPICc_W45,MARITAL,Never been married,[0.20343703 0.49143638 0.30512659 0.        ],0.0031732490357014994
413,MADEUPTOPICc_W45,MARITAL,Separated,[0.16668573 0.54344817 0.2898661  0.        ],0.0
414,MADEUPTOPICc_W45,MARITAL,Widowed,[0.15992188 0.65695976 0.18311836 0.        ],0.013153350067496787
415,MADEUPTOPICd_W45,MARITAL,Divorced,[0.30460599 0.52575592 0.16963809 0.        ],0.007732491902236926
416,MADEUPTOPICd_W45,MARITAL,Married,[0.26947735 0.55353094 0.1769917  0.        ],0.003456298639439952
417,MADEUPTOPICd_W45,MARITAL,Never been married,[0.26362974 0.50221895 0.23415131 0.        ],0.008368640308770554
418,MADEUPTOPICd_W45,MARITAL,Separated,[0.28412744 0.46924969 0.24662287 0.        ],0.0
419,MADEUPTOPICd_W45,MARITAL,Widowed,[0.25002607 0.60316686 0.14680707 0.        ],0.003815258079015647
420,INFOCREATEb_W45,MARITAL,Divorced,[0.63150072 0.33180517 0.03669411 0.        ],0.006853208661436803
421,INFOCREATEb_W45,MARITAL,Married,[0.5933419 0.3559547 0.0507034 0.       ],0.004865997254624639
422,INFOCREATEb_W45,MARITAL,Never been married,[0.52381554 0.40753183 0.06865264 0.        ],0.006981035803933243
423,INFOCREATEb_W45,MARITAL,Separated,[0.63113856 0.30802979 0.06083164 0.        ],0.02173812543784967
424,INFOCREATEb_W45,MARITAL,Widowed,[0.68528523 0.29500543 0.01970934 0.        ],0.009267390727527405
425,SNSUSE_W45,MARITAL,Divorced,[0.70424986 0.29575014],0.0055905117277616646
426,SNSUSE_W45,MARITAL,Married,[0.73700577 0.26299423],0.0031021805262474006
427,SNSUSE_W45,MARITAL,Never been married,[0.81215355 0.18784645],0.0048708768168145905
428,SNSUSE_W45,MARITAL,Separated,[0.69820787 0.30179213],0.021717290601817176
429,SNSUSE_W45,MARITAL,Widowed,[0.6124058 0.3875942],0.0
430,MEDIALOYAL3_W45,MARITAL,Divorced,[0.42615513 0.57384487],0.0041188794942396585
431,MEDIALOYAL3_W45,MARITAL,Married,[0.40408709 0.59591291],0.007139193391983656
432,MEDIALOYAL3_W45,MARITAL,Never been married,[0.32855334 0.67144666],0.00818849662849185
433,MEDIALOYAL3_W45,MARITAL,Separated,[0.39105175 0.60894825],0.0
434,MEDIALOYAL3_W45,MARITAL,Widowed,[0.5133014 0.4866986],0.011531687909052835
435,MADEUPRESc_W45,MARITAL,Divorced,[0.80236279 0.19763721],0.008093154147047327
436,MADEUPRESc_W45,MARITAL,Married,[0.78596484 0.21403516],0.008008127253845226
437,MADEUPRESc_W45,MARITAL,Never been married,[0.78664291 0.21335709],0.010782218961088531
438,MADEUPRESc_W45,MARITAL,Separated,[0.73672562 0.26327438],0.0
439,MADEUPRESc_W45,MARITAL,Widowed,[0.70516803 0.29483197],0.007682605530914252
440,SMLIKESc_W45,MARITAL,Divorced,[0.41460054 0.30535695 0.28004252],0.01993178224392474
441,SMLIKESc_W45,MARITAL,Married,[0.38308237 0.39610917 0.22080846],0.010274785278885971
442,SMLIKESc_W45,MARITAL,Never been married,[0.32100026 0.44275307 0.23624666],0.013619815911117293
443,SMLIKESc_W45,MARITAL,Separated,[0.23040188 0.44561315 0.32398498],0.05281058884484064
444,SMLIKESc_W45,MARITAL,Widowed,[0.41088663 0.29968964 0.28942373],0.007299144010188673
445,LEAD_W45,MARITAL,Divorced,[0.72959387 0.27040613],0.01316519571430415
446,LEAD_W45,MARITAL,Married,[0.71805643 0.28194357],0.012609008623184962
447,LEAD_W45,MARITAL,Never been married,[0.64259347 0.35740653],0.01920655400140731
448,LEAD_W45,MARITAL,Separated,[0.78983107 0.21016893],0.0
449,LEAD_W45,MARITAL,Widowed,[0.74910303 0.25089697],0.01767278993448281
450,INFOKNOWc_W45,MARITAL,Divorced,[0.43895635 0.56104365],0.0071574361413097
451,INFOKNOWc_W45,MARITAL,Married,[0.4446944 0.5553056],0.010917877900360348
452,INFOKNOWc_W45,MARITAL,Never been married,[0.46694565 0.53305435],0.003941540151481565
453,INFOKNOWc_W45,MARITAL,Separated,[0.51942972 0.48057028],0.04254361648122987
454,INFOKNOWc_W45,MARITAL,Widowed,[0.51118124 0.48881876],0.01173376561664854
455,MADEUPIMPa_W45,MARITAL,Divorced,[0.73223605 0.20966566 0.04445083 0.01364746],0.010663133065063269
456,MADEUPIMPa_W45,MARITAL,Married,[0.70480704 0.23424295 0.04638434 0.01456567],0.0038745074667975435
457,MADEUPIMPa_W45,MARITAL,Never been married,[0.62795484 0.25852363 0.0750188  0.03850273],0.006118907288538401
458,MADEUPIMPa_W45,MARITAL,Separated,[0.6452313  0.19358587 0.12271767 0.03846516],0.003124129798437696
459,MADEUPIMPa_W45,MARITAL,Widowed,[0.74120506 0.23670916 0.01485438 0.0072314 ],0.011595181061373677
460,INFORESTRICTa_W45,MARITAL,Divorced,[0.18625222 0.81374778],0.008661766054242338
461,INFORESTRICTa_W45,MARITAL,Married,[0.19121667 0.80878333],0.008894961031955632
462,INFORESTRICTa_W45,MARITAL,Never been married,[0.23206754 0.76793246],0.01099996600426837
463,INFORESTRICTa_W45,MARITAL,Separated,[0.17030474 0.82969526],0.022252260879171388
464,INFORESTRICTa_W45,MARITAL,Widowed,[0.22408493 0.77591507],0.004776963653026347
465,MADEUPRESe_W45,MARITAL,Divorced,[0.53290035 0.46709965],0.008254729922103429
466,MADEUPRESe_W45,MARITAL,Married,[0.52632925 0.47367075],0.017046931900559906
467,MADEUPRESe_W45,MARITAL,Never been married,[0.54200422 0.45799578],0.011494953264216788
468,MADEUPRESe_W45,MARITAL,Separated,[0.50663031 0.49336969],0.008018052439790072
469,MADEUPRESe_W45,MARITAL,Widowed,[0.50899302 0.49100698],0.02459482643379197
470,SOURCESKEPd_W45,MARITAL,Divorced,[0.14940665 0.64080504 0.18639302 0.02339529],0.001845541996957743
471,SOURCESKEPd_W45,MARITAL,Married,[0.13889059 0.67195776 0.16710382 0.02204784],0.0031364331647802724
472,SOURCESKEPd_W45,MARITAL,Never been married,[0.14931508 0.63098994 0.16986233 0.04983266],0.0012931929992718793
473,SOURCESKEPd_W45,MARITAL,Separated,[0.06676753 0.59408795 0.30629976 0.03284476],0.00922019872326555
474,SOURCESKEPd_W45,MARITAL,Widowed,[0.18922458 0.621701   0.15919996 0.02987445],0.004375329159514682
0,MADEUPSHARE2_W45,RELIG,Agnostic,[0.06908897 0.93091103],0.002542030442209717
1,MADEUPSHARE2_W45,RELIG,Atheist,[0.04599001 0.95400999],0.005530682012561508
2,MADEUPSHARE2_W45,RELIG,Buddhist,[0.08810832 0.91189168],0.0
3,MADEUPSHARE2_W45,RELIG,Hindu,[0.19113094 0.80886906],0.030089610801329405
4,MADEUPSHARE2_W45,RELIG,Jewish,[0.07173153 0.92826847],0.0
5,MADEUPSHARE2_W45,RELIG,Mormon,[0.16001135 0.83998865],0.0
6,MADEUPSHARE2_W45,RELIG,Muslim,[0.20593407 0.79406593],0.0
7,MADEUPSHARE2_W45,RELIG,Nothing in particular,[0.13477587 0.86522413],0.006107353646189182
8,MADEUPSHARE2_W45,RELIG,Orthodox,[0.13145235 0.86854765],0.0
9,MADEUPSHARE2_W45,RELIG,Other,[0.07270301 0.92729699],0.010732230657805333
10,MADEUPSHARE2_W45,RELIG,Protestant,[0.10591731 0.89408269],0.009860271403318908
11,MADEUPSHARE2_W45,RELIG,Roman Catholic,[0.09183464 0.90816536],0.0028619049756907983
12,INFOKNOWd_W45,RELIG,Agnostic,[0.58231561 0.41768439],0.0029972575694439917
13,INFOKNOWd_W45,RELIG,Atheist,[0.55389347 0.44610653],0.0
14,INFOKNOWd_W45,RELIG,Buddhist,[0.51410321 0.48589679],0.0
15,INFOKNOWd_W45,RELIG,Hindu,[0.43306536 0.56693464],0.030089610801329405
16,INFOKNOWd_W45,RELIG,Jewish,[0.5013835 0.4986165],0.0
17,INFOKNOWd_W45,RELIG,Mormon,[0.627622 0.372378],0.0022417605949059116
18,INFOKNOWd_W45,RELIG,Muslim,[0.31164456 0.68835544],0.09356018298805319
19,INFOKNOWd_W45,RELIG,Nothing in particular,[0.58739728 0.41260272],0.012017929948164434
20,INFOKNOWd_W45,RELIG,Orthodox,[0.52292807 0.47707193],0.0
21,INFOKNOWd_W45,RELIG,Other,[0.56337533 0.43662467],0.007802022600750368
22,INFOKNOWd_W45,RELIG,Protestant,[0.61250641 0.38749359],0.011747980539756004
23,INFOKNOWd_W45,RELIG,Roman Catholic,[0.56451297 0.43548703],0.014174394259383468
24,NEWSPROBb_W45,RELIG,Agnostic,[0.71359329 0.23859407 0.04551526 0.00229738],0.0
25,NEWSPROBb_W45,RELIG,Atheist,[0.621048   0.30487777 0.04553518 0.02853905],0.0
26,NEWSPROBb_W45,RELIG,Buddhist,[0.46587799 0.51457887 0.01954314 0.        ],0.0
27,NEWSPROBb_W45,RELIG,Hindu,[0.39760897 0.58513585 0.01725518 0.        ],0.0567913745042046
28,NEWSPROBb_W45,RELIG,Jewish,[0.46372332 0.36903114 0.15602681 0.01121873],0.0
29,NEWSPROBb_W45,RELIG,Mormon,[0.53729614 0.3550579  0.02415531 0.08349066],0.0
30,NEWSPROBb_W45,RELIG,Muslim,[0.55379699 0.31012008 0.13608294 0.        ],0.0
31,NEWSPROBb_W45,RELIG,Nothing in particular,[0.56265536 0.30026216 0.10198669 0.03509579],0.0037001584851369777
32,NEWSPROBb_W45,RELIG,Orthodox,[0.64595615 0.13033868 0.05248181 0.17122336],0.0
33,NEWSPROBb_W45,RELIG,Other,[0.45216532 0.4766808  0.06692258 0.0042313 ],0.0
34,NEWSPROBb_W45,RELIG,Protestant,[0.47484845 0.3828819  0.10934377 0.03292587],0.012886805710847788
35,NEWSPROBb_W45,RELIG,Roman Catholic,[0.46592108 0.37180754 0.11605448 0.0462169 ],0.01499380087895342
36,SMSHARE_W45,RELIG,Agnostic,[0.03436689 0.19060428 0.3182815  0.06339515 0.39335218],0.0
37,SMSHARE_W45,RELIG,Atheist,[0.02589511 0.20292352 0.30926632 0.05242002 0.40949503],0.002620559465493501
38,SMSHARE_W45,RELIG,Buddhist,[0.12771937 0.26919171 0.33469551 0.03242732 0.23596609],0.0
39,SMSHARE_W45,RELIG,Hindu,[0.08185761 0.48908248 0.20491947 0.         0.22414043],0.03258973212532987
40,SMSHARE_W45,RELIG,Jewish,[0.02083118 0.26614086 0.29794719 0.02112593 0.39395484],0.0
41,SMSHARE_W45,RELIG,Mormon,[0.08443378 0.2213864  0.29441459 0.0363177  0.36344754],0.0
42,SMSHARE_W45,RELIG,Muslim,[0.14612807 0.30873687 0.14507495 0.04921006 0.35085004],0.0
43,SMSHARE_W45,RELIG,Nothing in particular,[0.09675684 0.27141602 0.21337077 0.05093901 0.36751736],0.0010020767209719473
44,SMSHARE_W45,RELIG,Orthodox,[0.04008071 0.23000951 0.32821593 0.02224961 0.37944425],0.0
45,SMSHARE_W45,RELIG,Other,[0.07461665 0.25781149 0.28987917 0.01978005 0.35791263],0.009433371715967576
46,SMSHARE_W45,RELIG,Protestant,[0.09109165 0.31143564 0.21090624 0.03478051 0.35178596],0.005726165716995204
47,SMSHARE_W45,RELIG,Roman Catholic,[0.09305132 0.29519676 0.18867208 0.03605004 0.3870298 ],0.006269354807134167
48,MADEUPOFT_W45,RELIG,Agnostic,[0.30424481 0.60412649 0.09036321 0.00126549],0.0015726593093358548
49,MADEUPOFT_W45,RELIG,Atheist,[0.32358888 0.58299499 0.07898544 0.01443069],0.002708835836048526
50,MADEUPOFT_W45,RELIG,Buddhist,[0.31867467 0.38030169 0.30102364 0.        ],0.0
51,MADEUPOFT_W45,RELIG,Hindu,[0.33028319 0.56182181 0.10789499 0.        ],0.030089610801329405
52,MADEUPOFT_W45,RELIG,Jewish,[0.37391613 0.49452228 0.08576301 0.04579858],0.004979699491655493
53,MADEUPOFT_W45,RELIG,Mormon,[0.39441923 0.54850564 0.05707513 0.        ],0.01684299642590531
54,MADEUPOFT_W45,RELIG,Muslim,[0.1791937  0.42199426 0.31490309 0.08390896],0.11052317703204527
55,MADEUPOFT_W45,RELIG,Nothing in particular,[0.37387528 0.48795306 0.09443839 0.04373328],0.007324899383678841
56,MADEUPOFT_W45,RELIG,Orthodox,[0.36177598 0.57613653 0.06208749 0.        ],0.0
57,MADEUPOFT_W45,RELIG,Other,[0.51489975 0.44912655 0.03378476 0.00218894],0.0
58,MADEUPOFT_W45,RELIG,Protestant,[0.40108081 0.50288869 0.08272051 0.01330999],0.006406821004894511
59,MADEUPOFT_W45,RELIG,Roman Catholic,[0.39058655 0.51377109 0.083903   0.01173936],0.006083351976960736
60,SMLIKESb_W45,RELIG,Agnostic,[0.32131806 0.40629917 0.27238277],0.0
61,SMLIKESb_W45,RELIG,Atheist,[0.23990401 0.50019902 0.25989697],0.006228840034882289
62,SMLIKESb_W45,RELIG,Buddhist,[0.32248329 0.50064155 0.17687516],0.0
63,SMLIKESb_W45,RELIG,Hindu,[0.24727736 0.3329385  0.41978414],0.059320447499418116
64,SMLIKESb_W45,RELIG,Jewish,[0.18523413 0.50858444 0.30618143],0.0
65,SMLIKESb_W45,RELIG,Mormon,[0.1553651  0.70433611 0.14029879],0.036556482777833896
66,SMLIKESb_W45,RELIG,Muslim,[0.13300802 0.83727415 0.02971783],0.0
67,SMLIKESb_W45,RELIG,Nothing in particular,[0.24299096 0.48888282 0.26812622],0.0012132695735634599
68,SMLIKESb_W45,RELIG,Orthodox,[0.86229586 0.13770414 0.        ],0.0
69,SMLIKESb_W45,RELIG,Other,[0.3410917  0.46051158 0.19839672],0.01744024437461593
70,SMLIKESb_W45,RELIG,Protestant,[0.26058471 0.48555683 0.25385846],0.015949531748843948
71,SMLIKESb_W45,RELIG,Roman Catholic,[0.26285602 0.44321006 0.29393392],0.021013024469152156
72,INFOCHALe_W45,RELIG,Agnostic,[0.50138922 0.33611526 0.11872133 0.04377419],0.0
73,INFOCHALe_W45,RELIG,Atheist,[0.53108736 0.26934202 0.14909475 0.05047588],0.010403805777344097
74,INFOCHALe_W45,RELIG,Buddhist,[0.46306705 0.28336006 0.12806478 0.12550811],0.0
75,INFOCHALe_W45,RELIG,Hindu,[0.42492798 0.41811467 0.08067289 0.07628446],0.12585003800600789
76,INFOCHALe_W45,RELIG,Jewish,[0.38182879 0.37694029 0.1805972  0.06063372],0.045181792125331986
77,INFOCHALe_W45,RELIG,Mormon,[0.52111363 0.28042438 0.16117022 0.03729177],0.011784275059897823
78,INFOCHALe_W45,RELIG,Muslim,[0.29958345 0.54283798 0.0499195  0.10765907],0.0
79,INFOCHALe_W45,RELIG,Nothing in particular,[0.43760256 0.33360097 0.15704049 0.07175598],0.009229476755379343
80,INFOCHALe_W45,RELIG,Orthodox,[0.31047718 0.42398243 0.19380061 0.07173978],0.06685085700775246
81,INFOCHALe_W45,RELIG,Other,[0.54108444 0.32946858 0.10781445 0.02163254],0.003637415403401943
82,INFOCHALe_W45,RELIG,Protestant,[0.44395373 0.33525073 0.16112549 0.05967006],0.022831000539629918
83,INFOCHALe_W45,RELIG,Roman Catholic,[0.44169365 0.37427898 0.13697858 0.04704879],0.03558291332579426
84,MADEUPSHAREWHY_W45,RELIG,Agnostic,[0.5874594  0.         0.06623291 0.34630769],0.0
85,MADEUPSHAREWHY_W45,RELIG,Atheist,[0.23689885 0.11157916 0.         0.65152199],0.0
86,MADEUPSHAREWHY_W45,RELIG,Buddhist,[0.42679837 0.         0.         0.57320163],0.0
87,MADEUPSHAREWHY_W45,RELIG,Hindu,[0.06205392 0.         0.16270605 0.77524002],0.0
88,MADEUPSHAREWHY_W45,RELIG,Jewish,[0.32729158 0.         0.2321499  0.44055852],0.13822361857191212
89,MADEUPSHAREWHY_W45,RELIG,Mormon,[0.30900386 0.40025864 0.13831892 0.15241858],0.0
90,MADEUPSHAREWHY_W45,RELIG,Muslim,[0.1769389  0.53669206 0.18228118 0.10408787],0.0
91,MADEUPSHAREWHY_W45,RELIG,Nothing in particular,[0.28080995 0.05670736 0.23127112 0.43121156],0.0
92,MADEUPSHAREWHY_W45,RELIG,Orthodox,[0.24646384 0.         0.         0.75353616],0.0
93,MADEUPSHAREWHY_W45,RELIG,Other,[0.46712288 0.         0.23930888 0.29356824],0.0
94,MADEUPSHAREWHY_W45,RELIG,Protestant,[0.2525646  0.08360778 0.18059747 0.48323015],0.0
95,MADEUPSHAREWHY_W45,RELIG,Roman Catholic,[0.25367935 0.03852331 0.19322741 0.51456993],0.006278987322276561
96,INFORESTRICTb_W45,RELIG,Agnostic,[0.90735348 0.09264652],0.0018418592065838491
97,INFORESTRICTb_W45,RELIG,Atheist,[0.9328537 0.0671463],0.0
98,INFORESTRICTb_W45,RELIG,Buddhist,[0.73949976 0.26050024],0.0
99,INFORESTRICTb_W45,RELIG,Hindu,[0.77157527 0.22842473],0.030089610801329405
100,INFORESTRICTb_W45,RELIG,Jewish,[0.88528024 0.11471976],0.004607141292707221
101,INFORESTRICTb_W45,RELIG,Mormon,[0.7659923 0.2340077],0.01614098827604118
102,INFORESTRICTb_W45,RELIG,Muslim,[0.44782319 0.55217681],0.0
103,INFORESTRICTb_W45,RELIG,Nothing in particular,[0.68408751 0.31591249],0.01023785455543139
104,INFORESTRICTb_W45,RELIG,Orthodox,[0.78582375 0.21417625],0.0
105,INFORESTRICTb_W45,RELIG,Other,[0.81370188 0.18629812],0.009482641289646718
106,INFORESTRICTb_W45,RELIG,Protestant,[0.64434451 0.35565549],0.02161844954684147
107,INFORESTRICTb_W45,RELIG,Roman Catholic,[0.64579311 0.35420689],0.01673765618641823
108,WATCHDOG_3_W45,RELIG,Agnostic,[0.27783833 0.72216167],0.0083880529937698
109,WATCHDOG_3_W45,RELIG,Atheist,[0.28533665 0.71466335],0.017443543534972083
110,WATCHDOG_3_W45,RELIG,Buddhist,[0.3695843 0.6304157],0.0
111,WATCHDOG_3_W45,RELIG,Hindu,[0.49661798 0.50338202],0.030089610801329405
112,WATCHDOG_3_W45,RELIG,Jewish,[0.23758963 0.76241037],0.03021111742924291
113,WATCHDOG_3_W45,RELIG,Mormon,[0.20075702 0.79924298],0.0
114,WATCHDOG_3_W45,RELIG,Muslim,[0.25807239 0.74192761],0.11547040088463228
115,WATCHDOG_3_W45,RELIG,Nothing in particular,[0.28107105 0.71892895],0.015010875550930539
116,WATCHDOG_3_W45,RELIG,Orthodox,[0.23505132 0.76494868],0.0
117,WATCHDOG_3_W45,RELIG,Other,[0.24258948 0.75741052],0.01700302818557039
118,WATCHDOG_3_W45,RELIG,Protestant,[0.2467278 0.7532722],0.026186147985241777
119,WATCHDOG_3_W45,RELIG,Roman Catholic,[0.28462623 0.71537377],0.017112185654060887
120,MADEUPSHARE1_W45,RELIG,Agnostic,[0.48799458 0.51200542],0.0
121,MADEUPSHARE1_W45,RELIG,Atheist,[0.4252656 0.5747344],0.006628388210859562
122,MADEUPSHARE1_W45,RELIG,Buddhist,[0.54233822 0.45766178],0.0
123,MADEUPSHARE1_W45,RELIG,Hindu,[0.27733489 0.72266511],0.030089610801329405
124,MADEUPSHARE1_W45,RELIG,Jewish,[0.48414347 0.51585653],0.006736228570089479
125,MADEUPSHARE1_W45,RELIG,Mormon,[0.47388379 0.52611621],0.011784275059897821
126,MADEUPSHARE1_W45,RELIG,Muslim,[0.58410852 0.41589148],0.0
127,MADEUPSHARE1_W45,RELIG,Nothing in particular,[0.46777894 0.53222106],0.00590605459213835
128,MADEUPSHARE1_W45,RELIG,Orthodox,[0.5561466 0.4438534],0.0
129,MADEUPSHARE1_W45,RELIG,Other,[0.59762088 0.40237912],0.016323149835451894
130,MADEUPSHARE1_W45,RELIG,Protestant,[0.5126078 0.4873922],0.015184039886967787
131,MADEUPSHARE1_W45,RELIG,Roman Catholic,[0.48056682 0.51943318],0.0033213405217601614
132,SMLIKESe_W45,RELIG,Agnostic,[0.94655183 0.04713518 0.00631299],0.0
133,SMLIKESe_W45,RELIG,Atheist,[0.92456148 0.07543852 0.        ],0.005871734009107116
134,SMLIKESe_W45,RELIG,Buddhist,[0.92145399 0.07854601 0.        ],0.0
135,SMLIKESe_W45,RELIG,Hindu,[0.73747079 0.         0.26252921],0.08636087345496037
136,SMLIKESe_W45,RELIG,Jewish,[0.87713076 0.09111081 0.03175842],0.0
137,SMLIKESe_W45,RELIG,Mormon,[0.7001252  0.22715696 0.07271784],0.0
138,SMLIKESe_W45,RELIG,Muslim,[0.82803263 0.17196737 0.        ],0.0
139,SMLIKESe_W45,RELIG,Nothing in particular,[0.73795387 0.1921428  0.06990333],0.0024120593313286453
140,SMLIKESe_W45,RELIG,Orthodox,[0.91742621 0.08257379 0.        ],0.0
141,SMLIKESe_W45,RELIG,Other,[0.88444078 0.10885792 0.0067013 ],0.036615527085158514
142,SMLIKESe_W45,RELIG,Protestant,[0.74892974 0.18816608 0.06290418],0.0036871133750747053
143,SMLIKESe_W45,RELIG,Roman Catholic,[0.78821232 0.19440283 0.01738485],0.006438232676375719
144,MADEUPRESa_W45,RELIG,Agnostic,[0.70134324 0.29865676],0.0034964287463588382
145,MADEUPRESa_W45,RELIG,Atheist,[0.70819954 0.29180046],0.0030007786865035324
146,MADEUPRESa_W45,RELIG,Buddhist,[0.66669418 0.33330582],0.0
147,MADEUPRESa_W45,RELIG,Hindu,[0.52974447 0.47025553],0.06601975571001117
148,MADEUPRESa_W45,RELIG,Jewish,[0.61245068 0.38754932],0.01134039561818774
149,MADEUPRESa_W45,RELIG,Mormon,[0.75819112 0.24180888],0.0
150,MADEUPRESa_W45,RELIG,Muslim,[0.61843261 0.38156739],0.0
151,MADEUPRESa_W45,RELIG,Nothing in particular,[0.59462412 0.40537588],0.0019337175386347728
152,MADEUPRESa_W45,RELIG,Orthodox,[0.74955876 0.25044124],0.014538143750996444
153,MADEUPRESa_W45,RELIG,Other,[0.64803711 0.35196289],0.0
154,MADEUPRESa_W45,RELIG,Protestant,[0.6365445 0.3634555],0.007554845889710859
155,MADEUPRESa_W45,RELIG,Roman Catholic,[0.63446762 0.36553238],0.01012554668259851
156,INFOCHALd_W45,RELIG,Agnostic,[0.46376415 0.34683823 0.12952482 0.0598728 ],0.008697933324661641
157,INFOCHALd_W45,RELIG,Atheist,[0.46487395 0.37022511 0.11381152 0.05108943],0.010271901419636409
158,INFOCHALd_W45,RELIG,Buddhist,[0.52801189 0.33998289 0.05635614 0.07564908],0.0
159,INFOCHALd_W45,RELIG,Hindu,[0.55033301 0.4064388  0.01231669 0.03091149],0.06601975571001116
160,INFOCHALd_W45,RELIG,Jewish,[0.48781217 0.27806674 0.19191732 0.04220376],0.017962686986417446
161,INFOCHALd_W45,RELIG,Mormon,[0.5341922  0.26594856 0.10185537 0.09800386],0.0
162,INFOCHALd_W45,RELIG,Muslim,[0.24592954 0.56813044 0.10143994 0.08450008],0.0
163,INFOCHALd_W45,RELIG,Nothing in particular,[0.45081392 0.31827483 0.15853333 0.07237791],0.011814523425644185
164,INFOCHALd_W45,RELIG,Orthodox,[0.38472522 0.18184745 0.38417995 0.04924738],0.06685085700775246
165,INFOCHALd_W45,RELIG,Other,[0.48182242 0.37732505 0.11218247 0.02867006],0.0
166,INFOCHALd_W45,RELIG,Protestant,[0.43213021 0.3682258  0.15207364 0.04757035],0.028457133319360547
167,INFOCHALd_W45,RELIG,Roman Catholic,[0.44061267 0.38156046 0.14245817 0.0353687 ],0.03944899084952949
168,INFOOWNd_W45,RELIG,Agnostic,[0.84005135 0.15994865],0.0010926572241447387
169,INFOOWNd_W45,RELIG,Atheist,[0.89054826 0.10945174],0.009935976814678619
170,INFOOWNd_W45,RELIG,Buddhist,[0.62863244 0.37136756],0.0
171,INFOOWNd_W45,RELIG,Hindu,[0.58563841 0.41436159],0.030089610801329405
172,INFOOWNd_W45,RELIG,Jewish,[0.83396337 0.16603663],0.013452077360782303
173,INFOOWNd_W45,RELIG,Mormon,[0.76147554 0.23852446],0.01610439150982956
174,INFOOWNd_W45,RELIG,Muslim,[0.70367853 0.29632147],0.0
175,INFOOWNd_W45,RELIG,Nothing in particular,[0.75660653 0.24339347],0.005761434562917147
176,INFOOWNd_W45,RELIG,Orthodox,[0.82858576 0.17141424],0.0
177,INFOOWNd_W45,RELIG,Other,[0.78805095 0.21194905],0.018308684343590374
178,INFOOWNd_W45,RELIG,Protestant,[0.77412 0.22588],0.011687384172609033
179,INFOOWNd_W45,RELIG,Roman Catholic,[0.73741044 0.26258956],0.005843325721430516
180,RESTRICTWHO_W45,RELIG,Agnostic,[0.12837765 0.14477899 0.29387192 0.39579476 0.03717668],0.0011943002180703295
181,RESTRICTWHO_W45,RELIG,Atheist,[0.15302275 0.14507426 0.26022097 0.38278388 0.05889814],0.008821297572996743
182,RESTRICTWHO_W45,RELIG,Buddhist,[0.08987316 0.17082157 0.18174365 0.54086198 0.01669964],0.0
183,RESTRICTWHO_W45,RELIG,Hindu,[0.08361137 0.16401288 0.26554544 0.47243142 0.01439889],0.030089610801329405
184,RESTRICTWHO_W45,RELIG,Jewish,[0.15573551 0.14132266 0.1807675  0.45943118 0.06274315],0.0
185,RESTRICTWHO_W45,RELIG,Mormon,[0.09081637 0.07605514 0.26488681 0.47254685 0.09569483],0.0
186,RESTRICTWHO_W45,RELIG,Muslim,[0.31359668 0.03753791 0.1510037  0.41589647 0.08196524],0.0
187,RESTRICTWHO_W45,RELIG,Nothing in particular,[0.12120831 0.10323374 0.19690144 0.50574538 0.07291112],0.007537427945778567
188,RESTRICTWHO_W45,RELIG,Orthodox,[0.19939092 0.09516531 0.00856666 0.62925713 0.06761997],0.021686048597887128
189,RESTRICTWHO_W45,RELIG,Other,[0.15331417 0.06866955 0.31745617 0.40242179 0.05813832],0.003990535650903098
190,RESTRICTWHO_W45,RELIG,Protestant,[0.12158311 0.06773123 0.16863307 0.60456588 0.03748671],0.010866312320395633
191,RESTRICTWHO_W45,RELIG,Roman Catholic,[0.09765905 0.08097319 0.20426724 0.56627346 0.05082705],0.007453543940528355
192,SMLIKESa_W45,RELIG,Agnostic,[0.74629001 0.20118335 0.05252664],0.0
193,SMLIKESa_W45,RELIG,Atheist,[0.70983614 0.24503433 0.04512953],0.00622884003488229
194,SMLIKESa_W45,RELIG,Buddhist,[0.67208851 0.25213462 0.07577688],0.0
195,SMLIKESa_W45,RELIG,Hindu,[0.73046325 0.26953675 0.        ],0.059320447499418116
196,SMLIKESa_W45,RELIG,Jewish,[0.78756343 0.16738262 0.04505395],0.0
197,SMLIKESa_W45,RELIG,Mormon,[0.62049556 0.2065367  0.17296774],0.03655648277783389
198,SMLIKESa_W45,RELIG,Muslim,[0.55171708 0.38475569 0.06352723],0.0
199,SMLIKESa_W45,RELIG,Nothing in particular,[0.54709197 0.32754202 0.12536601],0.00121326957356346
200,SMLIKESa_W45,RELIG,Orthodox,[0.86229586 0.         0.13770414],0.0
201,SMLIKESa_W45,RELIG,Other,[0.67905661 0.16047236 0.16047103],0.027548496216938775
202,SMLIKESa_W45,RELIG,Protestant,[0.53000396 0.32511065 0.14488539],0.010895667096813146
203,SMLIKESa_W45,RELIG,Roman Catholic,[0.54346412 0.38502964 0.07150624],0.025246856409026464
204,INFORESTRICTc_W45,RELIG,Agnostic,[0.56917903 0.43082097],0.0010926572241447387
205,INFORESTRICTc_W45,RELIG,Atheist,[0.63093727 0.36906273],0.0
206,INFORESTRICTc_W45,RELIG,Buddhist,[0.58443488 0.41556512],0.0
207,INFORESTRICTc_W45,RELIG,Hindu,[0.38825245 0.61174755],0.030089610801329405
208,INFORESTRICTc_W45,RELIG,Jewish,[0.6485625 0.3514375],0.0
209,INFORESTRICTc_W45,RELIG,Mormon,[0.328807 0.671193],0.010627208053140037
210,INFORESTRICTc_W45,RELIG,Muslim,[0.33471058 0.66528942],0.0
211,INFORESTRICTc_W45,RELIG,Nothing in particular,[0.46118132 0.53881868],0.004906933941759957
212,INFORESTRICTc_W45,RELIG,Orthodox,[0.53224996 0.46775004],0.0
213,INFORESTRICTc_W45,RELIG,Other,[0.53300971 0.46699029],0.007234082923411569
214,INFORESTRICTc_W45,RELIG,Protestant,[0.42438981 0.57561019],0.012878126157093467
215,INFORESTRICTc_W45,RELIG,Roman Catholic,[0.4225715 0.5774285],0.013159606413357823
216,MADEUPTOPICa_W45,RELIG,Agnostic,[0.8267772 0.1732228 0.        0.       ],0.0
217,MADEUPTOPICa_W45,RELIG,Atheist,[0.84206356 0.14528642 0.01265002 0.        ],0.0
218,MADEUPTOPICa_W45,RELIG,Buddhist,[0.68271817 0.31728183 0.         0.        ],0.0
219,MADEUPTOPICa_W45,RELIG,Hindu,[0.83709706 0.16290294 0.         0.        ],0.0
220,MADEUPTOPICa_W45,RELIG,Jewish,[0.84316641 0.15683359 0.         0.        ],0.0
221,MADEUPTOPICa_W45,RELIG,Mormon,[0.70525885 0.25663662 0.03810454 0.        ],0.0
222,MADEUPTOPICa_W45,RELIG,Muslim,[0.89587552 0.10412448 0.         0.        ],0.0
223,MADEUPTOPICa_W45,RELIG,Nothing in particular,[0.70369624 0.25175833 0.04454543 0.        ],0.0035420832632977904
224,MADEUPTOPICa_W45,RELIG,Orthodox,[0.83536333 0.16463667 0.         0.        ],0.0
225,MADEUPTOPICa_W45,RELIG,Other,[0.87177978 0.1201309  0.00808933 0.        ],0.026894448168560757
226,MADEUPTOPICa_W45,RELIG,Protestant,[0.74204265 0.23046465 0.0274927  0.        ],0.004504868110880042
227,MADEUPTOPICa_W45,RELIG,Roman Catholic,[0.74935273 0.21366832 0.03697895 0.        ],0.007765438028791548
228,MADEUPSMCLICK_W45,RELIG,Agnostic,[0.06534459 0.31743191 0.36579961 0.2030971  0.04832679],0.0
229,MADEUPSMCLICK_W45,RELIG,Atheist,[0.03887756 0.23725868 0.40240696 0.24104364 0.08041316],0.002620559465493501
230,MADEUPSMCLICK_W45,RELIG,Buddhist,[0.         0.27353018 0.31635386 0.28053603 0.12957993],0.0
231,MADEUPSMCLICK_W45,RELIG,Hindu,[0.02013571 0.30093374 0.46001956 0.10847509 0.11043589],0.03258973212532987
232,MADEUPSMCLICK_W45,RELIG,Jewish,[0.0330374  0.20068693 0.38589164 0.29098463 0.08939939],0.0
233,MADEUPSMCLICK_W45,RELIG,Mormon,[0.04647309 0.22814878 0.47427184 0.10270616 0.14840013],0.0
234,MADEUPSMCLICK_W45,RELIG,Muslim,[0.02658177 0.32628066 0.21922396 0.42791362 0.        ],0.0
235,MADEUPSMCLICK_W45,RELIG,Nothing in particular,[0.06289304 0.26280101 0.31745848 0.23620974 0.12063773],0.007417578306334709
236,MADEUPSMCLICK_W45,RELIG,Orthodox,[0.04008071 0.28043534 0.40337629 0.27610765 0.        ],0.0
237,MADEUPSMCLICK_W45,RELIG,Other,[0.02906505 0.25500088 0.32748863 0.26309043 0.12535501],0.0
238,MADEUPSMCLICK_W45,RELIG,Protestant,[0.0469869  0.27256272 0.35761245 0.22265691 0.10018102],0.007414678209829034
239,MADEUPSMCLICK_W45,RELIG,Roman Catholic,[0.06678257 0.22072252 0.37443308 0.22707731 0.11098451],0.0008423859920489133
240,MADEUPLEVELb_W45,RELIG,Agnostic,[0.0970948  0.51643753 0.38646767 0.        ],0.0
241,MADEUPLEVELb_W45,RELIG,Atheist,[0.09483962 0.45417996 0.45098041 0.        ],0.0
242,MADEUPLEVELb_W45,RELIG,Buddhist,[0.26757756 0.46116677 0.27125567 0.        ],0.0
243,MADEUPLEVELb_W45,RELIG,Hindu,[0.17711613 0.62310066 0.19978321 0.        ],0.030089610801329405
244,MADEUPLEVELb_W45,RELIG,Jewish,[0.12240653 0.58392587 0.2936676  0.        ],0.0
245,MADEUPLEVELb_W45,RELIG,Mormon,[0.12373496 0.62068417 0.25558087 0.        ],0.0
246,MADEUPLEVELb_W45,RELIG,Muslim,[0.12217797 0.53330579 0.34451625 0.        ],0.0
247,MADEUPLEVELb_W45,RELIG,Nothing in particular,[0.21713331 0.49736202 0.28550467 0.        ],0.0032028568285543436
248,MADEUPLEVELb_W45,RELIG,Orthodox,[0.32086824 0.18744793 0.49168383 0.        ],0.045164808409865344
249,MADEUPLEVELb_W45,RELIG,Other,[0.22074657 0.5412563  0.23799713 0.        ],0.0
250,MADEUPLEVELb_W45,RELIG,Protestant,[0.19322758 0.54758497 0.25918745 0.        ],0.00640770734789902
251,MADEUPLEVELb_W45,RELIG,Roman Catholic,[0.1826555  0.55802074 0.25932376 0.        ],0.008313459538381477
252,MADEUPRESb_W45,RELIG,Agnostic,[0.38751053 0.61248947],0.0027986537025623684
253,MADEUPRESb_W45,RELIG,Atheist,[0.33671935 0.66328065],0.0
254,MADEUPRESb_W45,RELIG,Buddhist,[0.29985394 0.70014606],0.0
255,MADEUPRESb_W45,RELIG,Hindu,[0.51735535 0.48264465],0.030089610801329405
256,MADEUPRESb_W45,RELIG,Jewish,[0.33236456 0.66763544],0.007911500859928658
257,MADEUPRESb_W45,RELIG,Mormon,[0.49663418 0.50336582],0.0
258,MADEUPRESb_W45,RELIG,Muslim,[0.61455907 0.38544093],0.0
259,MADEUPRESb_W45,RELIG,Nothing in particular,[0.44829869 0.55170131],0.006352979059588622
260,MADEUPRESb_W45,RELIG,Orthodox,[0.29788236 0.70211764],0.0
261,MADEUPRESb_W45,RELIG,Other,[0.50756826 0.49243174],0.008590224344613418
262,MADEUPRESb_W45,RELIG,Protestant,[0.45622805 0.54377195],0.00933549130503617
263,MADEUPRESb_W45,RELIG,Roman Catholic,[0.42883215 0.57116785],0.0013838343251596223
264,INFOKNOWa_W45,RELIG,Agnostic,[0.337692 0.662308],0.002399282118091566
265,INFOKNOWa_W45,RELIG,Atheist,[0.32898329 0.67101671],0.0019565038322270152
266,INFOKNOWa_W45,RELIG,Buddhist,[0.28669625 0.71330375],0.0
267,INFOKNOWa_W45,RELIG,Hindu,[0.24749927 0.75250073],0.030089610801329405
268,INFOKNOWa_W45,RELIG,Jewish,[0.34515771 0.65484229],0.0067362285700894795
269,INFOKNOWa_W45,RELIG,Mormon,[0.47191585 0.52808415],0.0022417605949059116
270,INFOKNOWa_W45,RELIG,Muslim,[0.52547239 0.47452761],0.0
271,INFOKNOWa_W45,RELIG,Nothing in particular,[0.467749 0.532251],0.008253630228701351
272,INFOKNOWa_W45,RELIG,Orthodox,[0.45161646 0.54838354],0.0
273,INFOKNOWa_W45,RELIG,Other,[0.44915367 0.55084633],0.007802022600750368
274,INFOKNOWa_W45,RELIG,Protestant,[0.45260054 0.54739946],0.013934628899173804
275,INFOKNOWa_W45,RELIG,Roman Catholic,[0.44493097 0.55506903],0.006532088431545257
276,INFOCREATEd_W45,RELIG,Agnostic,[0.38367385 0.49438778 0.12193836 0.        ],0.009409667930633895
277,INFOCREATEd_W45,RELIG,Atheist,[0.41894841 0.49087757 0.09017403 0.        ],0.001946454942428373
278,INFOCREATEd_W45,RELIG,Buddhist,[0.6200881  0.23066488 0.14924702 0.        ],0.0
279,INFOCREATEd_W45,RELIG,Hindu,[0.33945546 0.4131792  0.24736534 0.        ],0.03184694127830533
280,INFOCREATEd_W45,RELIG,Jewish,[0.39904989 0.53128975 0.06966037 0.        ],0.0025182325092042122
281,INFOCREATEd_W45,RELIG,Mormon,[0.36910548 0.4586843  0.17221022 0.        ],0.0
282,INFOCREATEd_W45,RELIG,Muslim,[0.27830554 0.52605059 0.19564387 0.        ],0.0
283,INFOCREATEd_W45,RELIG,Nothing in particular,[0.3716295  0.4844843  0.14388619 0.        ],0.007784919418029793
284,INFOCREATEd_W45,RELIG,Orthodox,[0.388412   0.45967931 0.15190869 0.        ],0.06530755365031235
285,INFOCREATEd_W45,RELIG,Other,[0.41342731 0.49271317 0.09385952 0.        ],0.01147812401227237
286,INFOCREATEd_W45,RELIG,Protestant,[0.34518895 0.51432504 0.14048601 0.        ],0.014421126424918999
287,INFOCREATEd_W45,RELIG,Roman Catholic,[0.33292079 0.50984635 0.15723287 0.        ],0.013444938623935643
288,INFORESTRICTe_W45,RELIG,Agnostic,[0.2482308 0.7517692],0.0010926572241447387
289,INFORESTRICTe_W45,RELIG,Atheist,[0.20730646 0.79269354],0.0029226404269254145
290,INFORESTRICTe_W45,RELIG,Buddhist,[0.28114174 0.71885826],0.0
291,INFORESTRICTe_W45,RELIG,Hindu,[0.23098143 0.76901857],0.030089610801329405
292,INFORESTRICTe_W45,RELIG,Jewish,[0.21745088 0.78254912],0.0
293,INFORESTRICTe_W45,RELIG,Mormon,[0.19760747 0.80239253],0.010627208053140038
294,INFORESTRICTe_W45,RELIG,Muslim,[0.2917775 0.7082225],0.0
295,INFORESTRICTe_W45,RELIG,Nothing in particular,[0.24783304 0.75216696],0.0027354940043733313
296,INFORESTRICTe_W45,RELIG,Orthodox,[0.13490483 0.86509517],0.0
297,INFORESTRICTe_W45,RELIG,Other,[0.25230025 0.74769975],0.018660993107003174
298,INFORESTRICTe_W45,RELIG,Protestant,[0.22023734 0.77976266],0.010623518781980368
299,INFORESTRICTe_W45,RELIG,Roman Catholic,[0.20405611 0.79594389],0.007757433849555953
300,ACCCHECK_W45,RELIG,Agnostic,[0.37510163 0.49153559 0.09547685 0.03788594],0.0
301,ACCCHECK_W45,RELIG,Atheist,[0.48011346 0.39261702 0.10066584 0.02660369],0.0
302,ACCCHECK_W45,RELIG,Buddhist,[0.38906984 0.28340587 0.2111501  0.11637419],0.0
303,ACCCHECK_W45,RELIG,Hindu,[0.18630243 0.72699168 0.07056824 0.01613765],0.030089610801329405
304,ACCCHECK_W45,RELIG,Jewish,[0.32743234 0.42839322 0.15970071 0.08447373],0.0
305,ACCCHECK_W45,RELIG,Mormon,[0.22870301 0.54247134 0.168084   0.06074164],0.0
306,ACCCHECK_W45,RELIG,Muslim,[0.28542452 0.36671691 0.24495247 0.1029061 ],0.0
307,ACCCHECK_W45,RELIG,Nothing in particular,[0.25346144 0.4736176  0.1962401  0.07668086],0.00560934572126146
308,ACCCHECK_W45,RELIG,Orthodox,[0.24371877 0.63592273 0.09197685 0.02838164],0.0
309,ACCCHECK_W45,RELIG,Other,[0.45778521 0.39745709 0.11345999 0.0312977 ],0.007234082923411569
310,ACCCHECK_W45,RELIG,Protestant,[0.27943032 0.45183774 0.2040088  0.06472314],0.009680726704461561
311,ACCCHECK_W45,RELIG,Roman Catholic,[0.26754847 0.51924325 0.15089664 0.06231164],0.009658638866378234
312,NEWSPREFV2_W45,RELIG,Agnostic,[0.0693435  0.08949355 0.21925088 0.13296409 0.48894798],0.0006920445137576824
313,NEWSPREFV2_W45,RELIG,Atheist,[0.08344031 0.10890655 0.16106113 0.14995844 0.49663356],0.0
314,NEWSPREFV2_W45,RELIG,Buddhist,[0.09992143 0.14221876 0.1287196  0.17585246 0.45328775],0.0
315,NEWSPREFV2_W45,RELIG,Hindu,[0.03693115 0.02546432 0.23701885 0.21710695 0.48347872],0.0
316,NEWSPREFV2_W45,RELIG,Jewish,[0.1717715  0.07639737 0.31778911 0.08453954 0.34950248],0.0
317,NEWSPREFV2_W45,RELIG,Mormon,[0.04009205 0.11695422 0.37019631 0.06512077 0.40763665],0.003668877435020748
318,NEWSPREFV2_W45,RELIG,Muslim,[0.01782099 0.04504128 0.21599415 0.36061688 0.3605267 ],0.0282710222017344
319,NEWSPREFV2_W45,RELIG,Nothing in particular,[0.0778111  0.08920875 0.36894068 0.15691746 0.30712201],0.0042322009264746776
320,NEWSPREFV2_W45,RELIG,Orthodox,[0.08469431 0.08917845 0.33267492 0.07969706 0.41375526],0.0
321,NEWSPREFV2_W45,RELIG,Other,[0.12859117 0.14562842 0.26997312 0.14070086 0.31510642],0.0
322,NEWSPREFV2_W45,RELIG,Protestant,[0.07385837 0.07688788 0.49651641 0.1070073  0.24573004],0.0037831256153187404
323,NEWSPREFV2_W45,RELIG,Roman Catholic,[0.06976497 0.08442607 0.50006505 0.10751658 0.23822734],0.0019252911744914508
324,SOURCESKEPb_W45,RELIG,Agnostic,[0.02431312 0.3319991  0.52371332 0.11997446],0.0035756366684741065
325,SOURCESKEPb_W45,RELIG,Atheist,[0.02009315 0.31235124 0.5425236  0.12503201],0.00041646854445703346
326,SOURCESKEPb_W45,RELIG,Buddhist,[0.         0.28049683 0.45679739 0.26270579],0.0
327,SOURCESKEPb_W45,RELIG,Hindu,[0.06761216 0.58901795 0.24464958 0.09872031],0.0
328,SOURCESKEPb_W45,RELIG,Jewish,[0.03706354 0.33381394 0.48557458 0.14354795],0.031189076960440956
329,SOURCESKEPb_W45,RELIG,Mormon,[0.02675243 0.32858789 0.59239101 0.05226867],0.0
330,SOURCESKEPb_W45,RELIG,Muslim,[0.03258147 0.60936858 0.22816883 0.12988112],0.0
331,SOURCESKEPb_W45,RELIG,Nothing in particular,[0.0328483  0.37399888 0.46831212 0.12484071],0.0011383081113381553
332,SOURCESKEPb_W45,RELIG,Orthodox,[0.03048473 0.47924167 0.35001671 0.1402569 ],0.0
333,SOURCESKEPb_W45,RELIG,Other,[0.02646521 0.40227027 0.40093084 0.17033367],0.002203926547670479
334,SOURCESKEPb_W45,RELIG,Protestant,[0.02840409 0.34395875 0.4877234  0.13991376],0.004715259299237857
335,SOURCESKEPb_W45,RELIG,Roman Catholic,[0.0268544  0.41394167 0.43804708 0.12115685],0.0062023455415488845
336,INFOCONFUSEd_W45,RELIG,Agnostic,[0.43976181 0.41284912 0.12489121 0.02249785],0.0
337,INFOCONFUSEd_W45,RELIG,Atheist,[0.43070209 0.4539212  0.08423665 0.03114006],0.0
338,INFOCONFUSEd_W45,RELIG,Buddhist,[0.38588568 0.41458973 0.05561376 0.14391083],0.0
339,INFOCONFUSEd_W45,RELIG,Hindu,[0.53842857 0.42278594 0.03878549 0.        ],0.0
340,INFOCONFUSEd_W45,RELIG,Jewish,[0.4673102  0.49400241 0.03868739 0.        ],0.0
341,INFOCONFUSEd_W45,RELIG,Mormon,[0.6388696  0.34868415 0.01244625 0.        ],0.0
342,INFOCONFUSEd_W45,RELIG,Muslim,[0.41559831 0.33455791 0.16787853 0.08196524],0.0
343,INFOCONFUSEd_W45,RELIG,Nothing in particular,[0.44649097 0.42686742 0.09314887 0.03349274],0.003325707689994966
344,INFOCONFUSEd_W45,RELIG,Orthodox,[0.53003818 0.43022177 0.03974005 0.        ],0.05354569374868798
345,INFOCONFUSEd_W45,RELIG,Other,[0.54513091 0.31891876 0.10707289 0.02887743],0.0
346,INFOCONFUSEd_W45,RELIG,Protestant,[0.50094524 0.40669762 0.0782571  0.01410004],0.004682891388689835
347,INFOCONFUSEd_W45,RELIG,Roman Catholic,[0.48925891 0.40178962 0.09376517 0.0151863 ],0.005771669292895137
348,MADEUPTOPICf_W45,RELIG,Agnostic,[0.28399752 0.57767455 0.13832792 0.        ],0.006250085886701604
349,MADEUPTOPICf_W45,RELIG,Atheist,[0.22877452 0.53242937 0.23879611 0.        ],0.01505928046135408
350,MADEUPTOPICf_W45,RELIG,Buddhist,[0.35976749 0.36874707 0.27148544 0.        ],0.0
351,MADEUPTOPICf_W45,RELIG,Hindu,[0.14805497 0.77351891 0.07842612 0.        ],0.05921201012132217
352,MADEUPTOPICf_W45,RELIG,Jewish,[0.150711   0.70197224 0.14731676 0.        ],0.02186901993115627
353,MADEUPTOPICf_W45,RELIG,Mormon,[0.27564065 0.46902364 0.25533571 0.        ],0.0
354,MADEUPTOPICf_W45,RELIG,Muslim,[0.27958661 0.72041339 0.         0.        ],0.0
355,MADEUPTOPICf_W45,RELIG,Nothing in particular,[0.28997525 0.57727813 0.13274662 0.        ],0.000956601868270001
356,MADEUPTOPICf_W45,RELIG,Orthodox,[0.40657568 0.28857138 0.30485294 0.        ],0.17122336313757117
357,MADEUPTOPICf_W45,RELIG,Other,[0.37134233 0.51500241 0.11365526 0.        ],0.0
358,MADEUPTOPICf_W45,RELIG,Protestant,[0.24676197 0.61221505 0.14102299 0.        ],0.007900298359452355
359,MADEUPTOPICf_W45,RELIG,Roman Catholic,[0.2671229  0.54446385 0.18841325 0.        ],0.006525191062673293
360,MADEUPDIS_W45,RELIG,Agnostic,[0.16330998 0.49777417 0.2898013  0.04911456],0.0
361,MADEUPDIS_W45,RELIG,Atheist,[0.12813338 0.50150484 0.31302938 0.0573324 ],0.0027088358360485266
362,MADEUPDIS_W45,RELIG,Buddhist,[0.15864637 0.50982234 0.2151571  0.11637419],0.0
363,MADEUPDIS_W45,RELIG,Hindu,[0.05478345 0.62505274 0.27102259 0.04914122],0.030089610801329405
364,MADEUPDIS_W45,RELIG,Jewish,[0.21690661 0.47589716 0.23538444 0.07181179],0.0
365,MADEUPDIS_W45,RELIG,Mormon,[0.08754314 0.5455394  0.30000416 0.0669133 ],0.0
366,MADEUPDIS_W45,RELIG,Muslim,[0.03856163 0.51391036 0.34570224 0.10182577],0.0
367,MADEUPDIS_W45,RELIG,Nothing in particular,[0.14299781 0.42424408 0.32778292 0.10497519],0.006482358322640437
368,MADEUPDIS_W45,RELIG,Orthodox,[0.09784324 0.50051839 0.32501273 0.07662564],0.0
369,MADEUPDIS_W45,RELIG,Other,[0.20711054 0.49377305 0.17918378 0.11993263],0.009438009471082047
370,MADEUPDIS_W45,RELIG,Protestant,[0.16380817 0.45612577 0.29098995 0.08907611],0.005110707226271152
371,MADEUPDIS_W45,RELIG,Roman Catholic,[0.17168369 0.45652641 0.29968244 0.07210746],0.003082255156792835
372,NEWSPROBe_W45,RELIG,Agnostic,[0.36246173 0.24932834 0.35117561 0.03703432],0.0
373,NEWSPROBe_W45,RELIG,Atheist,[0.20326705 0.31425962 0.40548623 0.07698709],0.004524696446791054
374,NEWSPROBe_W45,RELIG,Buddhist,[0.38920372 0.44130244 0.16949383 0.        ],0.0
375,NEWSPROBe_W45,RELIG,Hindu,[0.54712637 0.23391335 0.14223557 0.07672471],0.07641900880425989
376,NEWSPROBe_W45,RELIG,Jewish,[0.36716241 0.2471326  0.29462087 0.09108413],0.0
377,NEWSPROBe_W45,RELIG,Mormon,[0.46018539 0.26103022 0.26056028 0.01822411],0.0
378,NEWSPROBe_W45,RELIG,Muslim,[0.21603815 0.54660029 0.01504666 0.22231491],0.0
379,NEWSPROBe_W45,RELIG,Nothing in particular,[0.3059559  0.3232359  0.29912873 0.07167946],0.0023252452669221724
380,NEWSPROBe_W45,RELIG,Orthodox,[0.2430545  0.55182386 0.16169179 0.04342985],0.0
381,NEWSPROBe_W45,RELIG,Other,[0.44939348 0.21392299 0.23886772 0.09781581],0.007996012717997417
382,NEWSPROBe_W45,RELIG,Protestant,[0.43179436 0.31674084 0.20998595 0.04147885],0.006748610913623011
383,NEWSPROBe_W45,RELIG,Roman Catholic,[0.38680551 0.35033129 0.19648181 0.06638139],0.009634713924193487
384,MADEUPTOPICb_W45,RELIG,Agnostic,[0.59997396 0.34177502 0.05825102 0.        ],0.0
385,MADEUPTOPICb_W45,RELIG,Atheist,[0.62393797 0.33790985 0.03815219 0.        ],0.0013449117452684462
386,MADEUPTOPICb_W45,RELIG,Buddhist,[0.56733394 0.38917311 0.04349295 0.        ],0.0
387,MADEUPTOPICb_W45,RELIG,Hindu,[0.26232771 0.62598005 0.11169224 0.        ],0.0567913745042046
388,MADEUPTOPICb_W45,RELIG,Jewish,[0.65722012 0.31759784 0.02518204 0.        ],0.012133379339439261
389,MADEUPTOPICb_W45,RELIG,Mormon,[0.55094443 0.44905557 0.         0.        ],0.0
390,MADEUPTOPICb_W45,RELIG,Muslim,[0.47154093 0.39744979 0.13100928 0.        ],0.0
391,MADEUPTOPICb_W45,RELIG,Nothing in particular,[0.58935662 0.35672353 0.05391985 0.        ],0.0014303173711502704
392,MADEUPTOPICb_W45,RELIG,Orthodox,[0.54038154 0.24940546 0.210213   0.        ],0.17122336313757117
393,MADEUPTOPICb_W45,RELIG,Other,[0.66270427 0.29186821 0.04542752 0.        ],0.0
394,MADEUPTOPICb_W45,RELIG,Protestant,[0.6173159  0.32878564 0.05389846 0.        ],0.007163128316433575
395,MADEUPTOPICb_W45,RELIG,Roman Catholic,[0.67870978 0.27700209 0.04428814 0.        ],0.002819093730889491
396,INFOCHALa_W45,RELIG,Agnostic,[0.69232582 0.24806874 0.04844716 0.01115828],0.011329522843421563
397,INFOCHALa_W45,RELIG,Atheist,[0.67643082 0.22867617 0.07933609 0.01555692],0.0036486788053045572
398,INFOCHALa_W45,RELIG,Buddhist,[0.67571056 0.16186323 0.16242621 0.        ],0.0
399,INFOCHALa_W45,RELIG,Hindu,[0.56878523 0.4187833  0.01243147 0.        ],0.07464281480424977
400,INFOCHALa_W45,RELIG,Jewish,[0.77888236 0.14272267 0.0191873  0.05920767],0.012766305412097561
401,INFOCHALa_W45,RELIG,Mormon,[0.76393385 0.20768077 0.02838538 0.        ],0.011784275059897821
402,INFOCHALa_W45,RELIG,Muslim,[0.31083551 0.52735388 0.08717553 0.07463507],0.0
403,INFOCHALa_W45,RELIG,Nothing in particular,[0.62275974 0.26877616 0.07030743 0.03815666],0.006025687536605045
404,INFOCHALa_W45,RELIG,Orthodox,[0.70021493 0.12832967 0.13390879 0.03754661],0.18808304419682
405,INFOCHALa_W45,RELIG,Other,[0.74570351 0.17148556 0.07546368 0.00734726],0.0
406,INFOCHALa_W45,RELIG,Protestant,[0.64988122 0.26447389 0.06426086 0.02138404],0.01642252135220483
407,INFOCHALa_W45,RELIG,Roman Catholic,[0.63945043 0.27644759 0.06441491 0.01968707],0.02841019689558754
408,INFOKNOWb_W45,RELIG,Agnostic,[0.73850962 0.26149038],0.0011943002180703295
409,INFOKNOWb_W45,RELIG,Atheist,[0.75321884 0.24678116],0.0
410,INFOKNOWb_W45,RELIG,Buddhist,[0.59419684 0.40580316],0.0
411,INFOKNOWb_W45,RELIG,Hindu,[0.48694172 0.51305828],0.030089610801329405
412,INFOKNOWb_W45,RELIG,Jewish,[0.74583287 0.25416713],0.004607141292707221
413,INFOKNOWb_W45,RELIG,Mormon,[0.76696134 0.23303866],0.00551378022290114
414,INFOKNOWb_W45,RELIG,Muslim,[0.60301017 0.39698983],0.05205762922254848
415,INFOKNOWb_W45,RELIG,Nothing in particular,[0.64299974 0.35700026],0.013633500123747337
416,INFOKNOWb_W45,RELIG,Orthodox,[0.63655262 0.36344738],0.0
417,INFOKNOWb_W45,RELIG,Other,[0.7050544 0.2949456],0.017284663890397085
418,INFOKNOWb_W45,RELIG,Protestant,[0.65319618 0.34680382],0.01644031224903728
419,INFOKNOWb_W45,RELIG,Roman Catholic,[0.6206957 0.3793043],0.00977204042815318
420,MADEUPSMFOL1_W45,RELIG,Agnostic,[0.59196956 0.40803044],0.0
421,MADEUPSMFOL1_W45,RELIG,Atheist,[0.583402 0.416598],0.006547538730785947
422,MADEUPSMFOL1_W45,RELIG,Buddhist,[0.470936 0.529064],0.0
423,MADEUPSMFOL1_W45,RELIG,Hindu,[0.56402798 0.43597202],0.032589732125329875
424,MADEUPSMFOL1_W45,RELIG,Jewish,[0.45753328 0.54246672],0.0
425,MADEUPSMFOL1_W45,RELIG,Mormon,[0.69804367 0.30195633],0.029918146912253807
426,MADEUPSMFOL1_W45,RELIG,Muslim,[0.6372509 0.3627491],0.0
427,MADEUPSMFOL1_W45,RELIG,Nothing in particular,[0.46825004 0.53174996],0.0030485457675595348
428,MADEUPSMFOL1_W45,RELIG,Orthodox,[0.56927762 0.43072238],0.0
429,MADEUPSMFOL1_W45,RELIG,Other,[0.62940199 0.37059801],0.0
430,MADEUPSMFOL1_W45,RELIG,Protestant,[0.49612255 0.50387745],0.011727580392744888
431,MADEUPSMFOL1_W45,RELIG,Roman Catholic,[0.46336601 0.53663399],0.011460038228565188
432,MADEUPRESd_W45,RELIG,Agnostic,[0.38674588 0.61325412],0.0007415160833782356
433,MADEUPRESd_W45,RELIG,Atheist,[0.3941123 0.6058877],0.0031764306187009005
434,MADEUPRESd_W45,RELIG,Buddhist,[0.44120892 0.55879108],0.0
435,MADEUPRESd_W45,RELIG,Hindu,[0.40577977 0.59422023],0.030089610801329405
436,MADEUPRESd_W45,RELIG,Jewish,[0.33270755 0.66729245],0.0
437,MADEUPRESd_W45,RELIG,Mormon,[0.4238432 0.5761568],0.011784275059897818
438,MADEUPRESd_W45,RELIG,Muslim,[0.47654158 0.52345842],0.028271022201734403
439,MADEUPRESd_W45,RELIG,Nothing in particular,[0.31967804 0.68032196],0.0037034826557578206
440,MADEUPRESd_W45,RELIG,Orthodox,[0.32737679 0.67262321],0.014538143750996444
441,MADEUPRESd_W45,RELIG,Other,[0.42916373 0.57083627],0.001973942866178526
442,MADEUPRESd_W45,RELIG,Protestant,[0.29686703 0.70313297],0.012765910910358442
443,MADEUPRESd_W45,RELIG,Roman Catholic,[0.29059024 0.70940976],0.008205292796893887
444,INFOWHYb_W45,RELIG,Agnostic,[0.95234083 0.04544188 0.00221729],0.0
445,INFOWHYb_W45,RELIG,Atheist,[0.92006464 0.05984816 0.02008719],0.0017046228481677273
446,INFOWHYb_W45,RELIG,Buddhist,[0.92278069 0.07721931 0.        ],0.0
447,INFOWHYb_W45,RELIG,Hindu,[0.744632 0.255368 0.      ],0.030089610801329405
448,INFOWHYb_W45,RELIG,Jewish,[0.87994944 0.07448004 0.04557052],0.0
449,INFOWHYb_W45,RELIG,Mormon,[0.95603842 0.04396158 0.        ],0.0
450,INFOWHYb_W45,RELIG,Muslim,[0.77862685 0.0900848  0.13128835],0.0
451,INFOWHYb_W45,RELIG,Nothing in particular,[0.82578092 0.13029604 0.04392304],0.0019961001625181073
452,INFOWHYb_W45,RELIG,Orthodox,[0.96029531 0.02198155 0.01772315],0.045164808409865344
453,INFOWHYb_W45,RELIG,Other,[0.92281908 0.06830978 0.00887114],0.0037977779282384163
454,INFOWHYb_W45,RELIG,Protestant,[0.86829264 0.09712604 0.03458132],0.004932578174240225
455,INFOWHYb_W45,RELIG,Roman Catholic,[0.86341996 0.10297495 0.03360509],0.008679702386676057
456,INFOOWNc_W45,RELIG,Agnostic,[0.58607298 0.41392702],0.00901235540804703
457,INFOOWNc_W45,RELIG,Atheist,[0.72002387 0.27997613],0.0033906500226853317
458,INFOOWNc_W45,RELIG,Buddhist,[0.54961165 0.45038835],0.0
459,INFOOWNc_W45,RELIG,Hindu,[0.46367285 0.53632715],0.06601975571001117
460,INFOOWNc_W45,RELIG,Jewish,[0.53273623 0.46726377],0.013452077360782303
461,INFOOWNc_W45,RELIG,Mormon,[0.56078706 0.43921294],0.016104391509829563
462,INFOOWNc_W45,RELIG,Muslim,[0.39564728 0.60435272],0.0
463,INFOOWNc_W45,RELIG,Nothing in particular,[0.58896048 0.41103952],0.009879285326786114
464,INFOOWNc_W45,RELIG,Orthodox,[0.45566583 0.54433417],0.0
465,INFOOWNc_W45,RELIG,Other,[0.59080626 0.40919374],0.0
466,INFOOWNc_W45,RELIG,Protestant,[0.59656204 0.40343796],0.013432249890929747
467,INFOOWNc_W45,RELIG,Roman Catholic,[0.56514116 0.43485884],0.012302784210818915
468,INFOCREATEa_W45,RELIG,Agnostic,[0.18614985 0.49556542 0.31828473 0.        ],0.002739163225915902
469,INFOCREATEa_W45,RELIG,Atheist,[0.18697173 0.30034847 0.5126798  0.        ],0.007077622532266682
470,INFOCREATEa_W45,RELIG,Buddhist,[0.39539554 0.29475325 0.30985121 0.        ],0.0
471,INFOCREATEa_W45,RELIG,Hindu,[0.21876596 0.48043066 0.30080338 0.        ],0.031234658153967133
472,INFOCREATEa_W45,RELIG,Jewish,[0.27313695 0.39664413 0.33021892 0.        ],0.0
473,INFOCREATEa_W45,RELIG,Mormon,[0.40613001 0.48235524 0.11151474 0.        ],0.0
474,INFOCREATEa_W45,RELIG,Muslim,[0.26480219 0.43902609 0.29617172 0.        ],0.0
475,INFOCREATEa_W45,RELIG,Nothing in particular,[0.36496697 0.42878934 0.20624369 0.        ],0.0053977151654096885
476,INFOCREATEa_W45,RELIG,Orthodox,[0.3365128  0.50308468 0.16040252 0.        ],0.046672766955046234
477,INFOCREATEa_W45,RELIG,Other,[0.35298183 0.39923388 0.2477843  0.        ],0.014066189803424582
478,INFOCREATEa_W45,RELIG,Protestant,[0.44373526 0.39847205 0.15779269 0.        ],0.0050616149861518935
479,INFOCREATEa_W45,RELIG,Roman Catholic,[0.39660247 0.4233366  0.18006093 0.        ],0.009592589718232783
480,SEEK_W45,RELIG,Agnostic,[0.68997912 0.31002088],0.012275329777916316
481,SEEK_W45,RELIG,Atheist,[0.66601234 0.33398766],0.002298715078250432
482,SEEK_W45,RELIG,Buddhist,[0.74843416 0.25156584],0.0
483,SEEK_W45,RELIG,Hindu,[0.62005597 0.37994403],0.030089610801329405
484,SEEK_W45,RELIG,Jewish,[0.79296899 0.20703101],0.0
485,SEEK_W45,RELIG,Mormon,[0.63269693 0.36730307],0.0
486,SEEK_W45,RELIG,Muslim,[0.38146386 0.61853614],0.0
487,SEEK_W45,RELIG,Nothing in particular,[0.52645146 0.47354854],0.007854222067387723
488,SEEK_W45,RELIG,Orthodox,[0.56546356 0.43453644],0.0
489,SEEK_W45,RELIG,Other,[0.60420437 0.39579563],0.002203926547670479
490,SEEK_W45,RELIG,Protestant,[0.60234355 0.39765645],0.007084155946382095
491,SEEK_W45,RELIG,Roman Catholic,[0.63173581 0.36826419],0.008488927730823919
492,INFORESTRICTd_W45,RELIG,Agnostic,[0.75242399 0.24757601],0.018341480338710962
493,INFORESTRICTd_W45,RELIG,Atheist,[0.76502825 0.23497175],0.0
494,INFORESTRICTd_W45,RELIG,Buddhist,[0.68756755 0.31243245],0.0
495,INFORESTRICTd_W45,RELIG,Hindu,[0.53051079 0.46948921],0.030089610801329405
496,INFORESTRICTd_W45,RELIG,Jewish,[0.70400411 0.29599589],0.0024034753441935014
497,INFORESTRICTd_W45,RELIG,Mormon,[0.65011233 0.34988767],0.010627208053140037
498,INFORESTRICTd_W45,RELIG,Muslim,[0.31090209 0.68909791],0.0
499,INFORESTRICTd_W45,RELIG,Nothing in particular,[0.62740641 0.37259359],0.011198986891612235
500,INFORESTRICTd_W45,RELIG,Orthodox,[0.69679493 0.30320507],0.0
501,INFORESTRICTd_W45,RELIG,Other,[0.66870406 0.33129594],0.01869658127263098
502,INFORESTRICTd_W45,RELIG,Protestant,[0.60993789 0.39006211],0.013422776685520832
503,INFORESTRICTd_W45,RELIG,Roman Catholic,[0.5799724 0.4200276],0.013451361668817734
504,INFOCONFUSEa_W45,RELIG,Agnostic,[0.747539   0.20659848 0.02425461 0.02160791],0.0
505,INFOCONFUSEa_W45,RELIG,Atheist,[0.74008068 0.20527169 0.02078306 0.03386456],0.0
506,INFOCONFUSEa_W45,RELIG,Buddhist,[0.67402518 0.1850986  0.01669964 0.12417659],0.0
507,INFOCONFUSEa_W45,RELIG,Hindu,[0.67563082 0.24713317 0.07723601 0.        ],0.057798191850165874
508,INFOCONFUSEa_W45,RELIG,Jewish,[0.80890945 0.15167883 0.02650669 0.01290503],0.0
509,INFOCONFUSEa_W45,RELIG,Mormon,[0.73675453 0.24607943 0.01716604 0.        ],0.0
510,INFOCONFUSEa_W45,RELIG,Muslim,[0.38211198 0.41570583 0.10768659 0.0944956 ],0.0
511,INFOCONFUSEa_W45,RELIG,Nothing in particular,[0.63595265 0.27213709 0.05816935 0.0337409 ],0.00018720715711706702
512,INFOCONFUSEa_W45,RELIG,Orthodox,[0.79219463 0.20780537 0.         0.        ],0.045164808409865344
513,INFOCONFUSEa_W45,RELIG,Other,[0.77101224 0.17685171 0.03326532 0.01887073],0.0
514,INFOCONFUSEa_W45,RELIG,Protestant,[0.67509261 0.23551233 0.06051123 0.02888384],0.0035015157005272384
515,INFOCONFUSEa_W45,RELIG,Roman Catholic,[0.64494814 0.27312561 0.05278918 0.02913707],0.0030554664574817475
516,WATCHDOG_1_W45,RELIG,Agnostic,[0.17215108 0.82784892],0.017998905323235826
517,WATCHDOG_1_W45,RELIG,Atheist,[0.1150489 0.8849511],0.004044082522458601
518,WATCHDOG_1_W45,RELIG,Buddhist,[0.20006521 0.79993479],0.0
519,WATCHDOG_1_W45,RELIG,Hindu,[0.36978762 0.63021238],0.030089610801329405
520,WATCHDOG_1_W45,RELIG,Jewish,[0.19120431 0.80879569],0.03561252891210845
521,WATCHDOG_1_W45,RELIG,Mormon,[0.35912417 0.64087583],0.012369480934568203
522,WATCHDOG_1_W45,RELIG,Muslim,[0.17471407 0.82528593],0.05205762922254848
523,WATCHDOG_1_W45,RELIG,Nothing in particular,[0.28981522 0.71018478],0.023093775719088543
524,WATCHDOG_1_W45,RELIG,Orthodox,[0.24659085 0.75340915],0.04516480840986534
525,WATCHDOG_1_W45,RELIG,Other,[0.26420015 0.73579985],0.007234082923411568
526,WATCHDOG_1_W45,RELIG,Protestant,[0.36803957 0.63196043],0.03604854307273838
527,WATCHDOG_1_W45,RELIG,Roman Catholic,[0.28951419 0.71048581],0.0325886477546492
528,MADEUPIMPd_W45,RELIG,Agnostic,[0.32253551 0.45356942 0.19015849 0.03373659],0.008873569868443317
529,MADEUPIMPd_W45,RELIG,Atheist,[0.29090454 0.45028948 0.20522292 0.05358306],0.0037247687685326887
530,MADEUPIMPd_W45,RELIG,Buddhist,[0.3428399  0.43656551 0.1042204  0.11637419],0.0
531,MADEUPIMPd_W45,RELIG,Hindu,[0.35786098 0.45991021 0.18222881 0.        ],0.04073628384560511
532,MADEUPIMPd_W45,RELIG,Jewish,[0.34205556 0.39751867 0.165584   0.09484177],0.0
533,MADEUPIMPd_W45,RELIG,Mormon,[0.28595324 0.48700188 0.1653946  0.06165029],0.005477183456689522
534,MADEUPIMPd_W45,RELIG,Muslim,[0.33509191 0.46084324 0.09465281 0.10941204],0.0
535,MADEUPIMPd_W45,RELIG,Nothing in particular,[0.35693228 0.39734665 0.18449096 0.06123011],0.004899915240561542
536,MADEUPIMPd_W45,RELIG,Orthodox,[0.49677251 0.24600125 0.21206143 0.04516481],0.0
537,MADEUPIMPd_W45,RELIG,Other,[0.39204911 0.38263283 0.18334844 0.04196962],0.0
538,MADEUPIMPd_W45,RELIG,Protestant,[0.36289954 0.43037296 0.15623781 0.0504897 ],0.013829170108982004
539,MADEUPIMPd_W45,RELIG,Roman Catholic,[0.37770309 0.41660228 0.16494672 0.04074792],0.013253738765646375
540,INFOOWNb_W45,RELIG,Agnostic,[0.94601172 0.05398828],0.0010926572241447387
541,INFOOWNb_W45,RELIG,Atheist,[0.94810283 0.05189717],0.0
542,INFOOWNb_W45,RELIG,Buddhist,[0.7734676 0.2265324],0.0
543,INFOOWNb_W45,RELIG,Hindu,[0.69768252 0.30231748],0.030089610801329405
544,INFOOWNb_W45,RELIG,Jewish,[0.89190949 0.10809051],0.011493496812783917
545,INFOOWNb_W45,RELIG,Mormon,[0.83855423 0.16144577],0.0216181717327307
546,INFOOWNb_W45,RELIG,Muslim,[0.67984795 0.32015205],0.0
547,INFOOWNb_W45,RELIG,Nothing in particular,[0.76183266 0.23816734],0.008736566740195944
548,INFOOWNb_W45,RELIG,Orthodox,[0.89340002 0.10659998],0.0
549,INFOOWNb_W45,RELIG,Other,[0.8560679 0.1439321],0.009482641289646718
550,INFOOWNb_W45,RELIG,Protestant,[0.76065535 0.23934465],0.018076045114892005
551,INFOOWNb_W45,RELIG,Roman Catholic,[0.79514246 0.20485754],0.019582859497589977
552,SMSHARER_W45,RELIG,Agnostic,[0.06656984 0.93343016],0.009844103629454107
553,SMSHARER_W45,RELIG,Atheist,[0.08456765 0.91543235],0.007100375612819954
554,SMSHARER_W45,RELIG,Buddhist,[0.09975232 0.90024768],0.0
555,SMSHARER_W45,RELIG,Hindu,[0.17029132 0.82970868],0.07150528359356252
556,SMSHARER_W45,RELIG,Jewish,[0.08618372 0.91381628],0.0
557,SMSHARER_W45,RELIG,Mormon,[0.04940844 0.95059156],0.03880846116900068
558,SMSHARER_W45,RELIG,Muslim,[0.05741991 0.94258009],0.0
559,SMSHARER_W45,RELIG,Nothing in particular,[0.12695134 0.87304866],0.008541683243542318
560,SMSHARER_W45,RELIG,Orthodox,[0.1188005 0.8811995],0.022249606972742888
561,SMSHARER_W45,RELIG,Other,[0.19333561 0.80666439],0.0
562,SMSHARER_W45,RELIG,Protestant,[0.12744034 0.87255966],0.013080805271595039
563,SMSHARER_W45,RELIG,Roman Catholic,[0.1252179 0.8747821],0.015478834406104132
564,FCFAIR_W45,RELIG,Agnostic,[0.62392539 0.37607461],0.007605619064011321
565,FCFAIR_W45,RELIG,Atheist,[0.67522679 0.32477321],0.00755344031271136
566,FCFAIR_W45,RELIG,Buddhist,[0.47153306 0.52846694],0.008218956981902144
567,FCFAIR_W45,RELIG,Hindu,[0.7214833 0.2785167],0.045741684608703266
568,FCFAIR_W45,RELIG,Jewish,[0.59683137 0.40316863],0.010243929162338948
569,FCFAIR_W45,RELIG,Mormon,[0.37349466 0.62650534],0.017298055282798958
570,FCFAIR_W45,RELIG,Muslim,[0.53516509 0.46483491],0.0
571,FCFAIR_W45,RELIG,Nothing in particular,[0.51825529 0.48174471],0.017720429580085753
572,FCFAIR_W45,RELIG,Orthodox,[0.37737488 0.62262512],0.020142745240446996
573,FCFAIR_W45,RELIG,Other,[0.57462871 0.42537129],0.027317102103362897
574,FCFAIR_W45,RELIG,Protestant,[0.47498584 0.52501416],0.023630043127939527
575,FCFAIR_W45,RELIG,Roman Catholic,[0.49452823 0.50547177],0.03238827859059431
576,INFOCONFUSEe_W45,RELIG,Agnostic,[0.64553496 0.27428976 0.05900357 0.02117171],0.0012650746667446312
577,INFOCONFUSEe_W45,RELIG,Atheist,[0.66920011 0.28386406 0.02523562 0.02170021],0.0
578,INFOCONFUSEe_W45,RELIG,Buddhist,[0.62869121 0.33579699 0.0277094  0.0078024 ],0.0
579,INFOCONFUSEe_W45,RELIG,Hindu,[0.64311982 0.29729039 0.05958979 0.        ],0.0
580,INFOCONFUSEe_W45,RELIG,Jewish,[0.70857785 0.20533994 0.07198677 0.01409544],0.0049967137904379415
581,INFOCONFUSEe_W45,RELIG,Mormon,[0.7451162  0.22405892 0.02383067 0.00699421],0.0
582,INFOCONFUSEe_W45,RELIG,Muslim,[0.54769517 0.31493667 0.04287256 0.0944956 ],0.0
583,INFOCONFUSEe_W45,RELIG,Nothing in particular,[0.60288972 0.27382907 0.07411374 0.04916746],0.0
584,INFOCONFUSEe_W45,RELIG,Orthodox,[0.77882029 0.09888999 0.12228972 0.        ],0.04516480840986535
585,INFOCONFUSEe_W45,RELIG,Other,[0.7300887  0.25441467 0.00936894 0.00612769],0.01293219331679376
586,INFOCONFUSEe_W45,RELIG,Protestant,[0.62450534 0.2778807  0.06709413 0.03051983],0.003930650185993306
587,INFOCONFUSEe_W45,RELIG,Roman Catholic,[0.65693619 0.24623388 0.06051433 0.0363156 ],0.005730333200822771
588,MADEUPTOPICe_W45,RELIG,Agnostic,[0.10232252 0.47238457 0.42529291 0.        ],0.0
589,MADEUPTOPICe_W45,RELIG,Atheist,[0.20461375 0.40936208 0.38602417 0.        ],0.0
590,MADEUPTOPICe_W45,RELIG,Buddhist,[0.09347535 0.35250391 0.55402074 0.        ],0.0
591,MADEUPTOPICe_W45,RELIG,Hindu,[0.39468649 0.51725486 0.08805865 0.        ],0.0
592,MADEUPTOPICe_W45,RELIG,Jewish,[0.09136509 0.49322723 0.41540768 0.        ],0.0
593,MADEUPTOPICe_W45,RELIG,Mormon,[0.29130363 0.38349269 0.32520369 0.        ],0.0
594,MADEUPTOPICe_W45,RELIG,Muslim,[0.3032273  0.42799144 0.26878126 0.        ],0.012427802251449111
595,MADEUPTOPICe_W45,RELIG,Nothing in particular,[0.21220787 0.41992147 0.36787066 0.        ],0.0
596,MADEUPTOPICe_W45,RELIG,Orthodox,[0.09653667 0.65945488 0.24400845 0.        ],0.0
597,MADEUPTOPICe_W45,RELIG,Other,[0.1975834 0.4782172 0.3241994 0.       ],0.0050875171627411675
598,MADEUPTOPICe_W45,RELIG,Protestant,[0.18972466 0.44548483 0.36479051 0.        ],0.0032136344299990753
599,MADEUPTOPICe_W45,RELIG,Roman Catholic,[0.14674089 0.4518695  0.40138961 0.        ],0.009563102898893337
600,INFOOWNa_W45,RELIG,Agnostic,[0.70295276 0.29704724],0.0023561561653752815
601,INFOOWNa_W45,RELIG,Atheist,[0.7495052 0.2504948],0.0
602,INFOOWNa_W45,RELIG,Buddhist,[0.62577499 0.37422501],0.0
603,INFOOWNa_W45,RELIG,Hindu,[0.45993684 0.54006316],0.030089610801329405
604,INFOOWNa_W45,RELIG,Jewish,[0.68812135 0.31187865],0.0011737132494987696
605,INFOOWNa_W45,RELIG,Mormon,[0.49189554 0.50810446],0.01610439150982956
606,INFOOWNa_W45,RELIG,Muslim,[0.69486409 0.30513591],0.0
607,INFOOWNa_W45,RELIG,Nothing in particular,[0.64654382 0.35345618],0.014741376277931149
608,INFOOWNa_W45,RELIG,Orthodox,[0.627783 0.372217],0.0
609,INFOOWNa_W45,RELIG,Other,[0.65606947 0.34393053],0.00789784917745458
610,INFOOWNa_W45,RELIG,Protestant,[0.62675582 0.37324418],0.015509487017554063
611,INFOOWNa_W45,RELIG,Roman Catholic,[0.60053047 0.39946953],0.015504060418912367
612,INFOCHALb_W45,RELIG,Agnostic,[0.44926808 0.44429136 0.08730679 0.01913378],0.0
613,INFOCHALb_W45,RELIG,Atheist,[0.52516428 0.38293514 0.07216085 0.01973973],0.0056024482811160075
614,INFOCHALb_W45,RELIG,Buddhist,[0.57275599 0.26481779 0.1532923  0.00913392],0.0
615,INFOCHALb_W45,RELIG,Hindu,[0.42987009 0.46727064 0.10285927 0.        ],0.06601975571001117
616,INFOCHALb_W45,RELIG,Jewish,[0.39008213 0.4468077  0.10318895 0.05992122],0.0
617,INFOCHALb_W45,RELIG,Mormon,[0.4611108  0.37741991 0.15856067 0.00290862],0.011784275059897818
618,INFOCHALb_W45,RELIG,Muslim,[0.14733769 0.62604675 0.1288215  0.09779406],0.0
619,INFOCHALb_W45,RELIG,Nothing in particular,[0.42224624 0.38481669 0.14646308 0.04647398],0.007659735664777268
620,INFOCHALb_W45,RELIG,Orthodox,[0.35588772 0.3613415  0.28277078 0.        ],0.06685085700775246
621,INFOCHALb_W45,RELIG,Other,[0.62450555 0.26294531 0.10296787 0.00958128],0.0
622,INFOCHALb_W45,RELIG,Protestant,[0.40367509 0.42632547 0.13549625 0.03450319],0.022526475342840663
623,INFOCHALb_W45,RELIG,Roman Catholic,[0.42963864 0.41610413 0.12549037 0.02876686],0.03814714940856531
624,INFOWHYa_W45,RELIG,Agnostic,[0.76873773 0.20041714 0.03084512],0.0007415160833782356
625,INFOWHYa_W45,RELIG,Atheist,[0.75679176 0.18998471 0.05322353],0.004263184180460975
626,INFOWHYa_W45,RELIG,Buddhist,[0.6488974  0.32319824 0.02790436],0.0
627,INFOWHYa_W45,RELIG,Hindu,[0.76624822 0.16591461 0.06783716],0.030089610801329405
628,INFOWHYa_W45,RELIG,Jewish,[0.56206045 0.34190592 0.09603363],0.0
629,INFOWHYa_W45,RELIG,Mormon,[0.70123749 0.23646831 0.0622942 ],0.0
630,INFOWHYa_W45,RELIG,Muslim,[0.82410358 0.07428632 0.1016101 ],0.0
631,INFOWHYa_W45,RELIG,Nothing in particular,[0.6991882  0.22703901 0.07377279],0.002230348146317774
632,INFOWHYa_W45,RELIG,Orthodox,[0.62527296 0.29318899 0.08153805],0.045164808409865344
633,INFOWHYa_W45,RELIG,Other,[0.82016963 0.17552555 0.00430482],0.0
634,INFOWHYa_W45,RELIG,Protestant,[0.6976603  0.23246445 0.06987526],0.0052977658398224116
635,INFOWHYa_W45,RELIG,Roman Catholic,[0.73579903 0.20574069 0.05846028],0.013824945866254603
636,SOURCESKEPc_W45,RELIG,Agnostic,[0.03220613 0.51169101 0.37242804 0.08367481],0.0
637,SOURCESKEPc_W45,RELIG,Atheist,[0.01393563 0.47028689 0.43377383 0.08200364],0.0
638,SOURCESKEPc_W45,RELIG,Buddhist,[0.15340763 0.40122094 0.36534215 0.08002928],0.0
639,SOURCESKEPc_W45,RELIG,Hindu,[0.14624037 0.62243681 0.18304229 0.04828053],0.0
640,SOURCESKEPc_W45,RELIG,Jewish,[0.04023233 0.48514438 0.3572843  0.117339  ],0.0
641,SOURCESKEPc_W45,RELIG,Mormon,[0.02936603 0.43616737 0.41263205 0.12183455],0.0
642,SOURCESKEPc_W45,RELIG,Muslim,[0.12472893 0.45844039 0.25484844 0.16198224],0.0
643,SOURCESKEPc_W45,RELIG,Nothing in particular,[0.04320897 0.45832695 0.38557811 0.11288597],0.0004986745159224857
644,SOURCESKEPc_W45,RELIG,Orthodox,[0.07643988 0.62184047 0.20528181 0.09643784],0.0
645,SOURCESKEPc_W45,RELIG,Other,[0.01149019 0.51057974 0.34722731 0.13070276],0.002203926547670479
646,SOURCESKEPc_W45,RELIG,Protestant,[0.04606926 0.48318623 0.37251822 0.0982263 ],0.0010342804462152727
647,SOURCESKEPc_W45,RELIG,Roman Catholic,[0.0450096  0.51339811 0.37853796 0.06305434],0.0024898282529033835
648,SOURCESKEPa_W45,RELIG,Agnostic,[0.43092855 0.46554227 0.09897182 0.00455735],0.0022609500662834855
649,SOURCESKEPa_W45,RELIG,Atheist,[0.45565198 0.43877822 0.07139062 0.03417919],0.0
650,SOURCESKEPa_W45,RELIG,Buddhist,[0.3218821  0.47104329 0.16437318 0.04270143],0.0
651,SOURCESKEPa_W45,RELIG,Hindu,[0.47930661 0.40412695 0.11656645 0.        ],0.0
652,SOURCESKEPa_W45,RELIG,Jewish,[0.53063617 0.35621067 0.10558866 0.00756451],0.018026704721336856
653,SOURCESKEPa_W45,RELIG,Mormon,[0.27351497 0.62934529 0.0620879  0.03505184],0.0
654,SOURCESKEPa_W45,RELIG,Muslim,[0.38244108 0.33864175 0.16543622 0.11348095],0.0
655,SOURCESKEPa_W45,RELIG,Nothing in particular,[0.3338261  0.50573377 0.10511482 0.0553253 ],0.00022263986085465599
656,SOURCESKEPa_W45,RELIG,Orthodox,[0.41676414 0.49651202 0.08672384 0.        ],0.0
657,SOURCESKEPa_W45,RELIG,Other,[0.36194944 0.43113696 0.09093132 0.11598228],0.0
658,SOURCESKEPa_W45,RELIG,Protestant,[0.35682907 0.4938672  0.11481667 0.03448706],0.002929720756469614
659,SOURCESKEPa_W45,RELIG,Roman Catholic,[0.35410374 0.52034006 0.08826797 0.03728823],0.0042368241673990375
660,INFOCHALc_W45,RELIG,Agnostic,[0.45604564 0.44370261 0.07655191 0.02369984],0.0
661,INFOCHALc_W45,RELIG,Atheist,[0.51757608 0.33197791 0.12975993 0.02068608],0.004131519646738344
662,INFOCHALc_W45,RELIG,Buddhist,[0.44450574 0.35868609 0.08043398 0.11637419],0.0
663,INFOCHALc_W45,RELIG,Hindu,[0.38197805 0.50825509 0.10976686 0.        ],0.06601975571001117
664,INFOCHALc_W45,RELIG,Jewish,[0.5056733  0.38833514 0.04284803 0.06314353],0.022681296756978483
665,INFOCHALc_W45,RELIG,Mormon,[0.4438541  0.39419081 0.15904647 0.00290862],0.011784275059897821
666,INFOCHALc_W45,RELIG,Muslim,[0.23559088 0.56842435 0.09819072 0.09779406],0.0
667,INFOCHALc_W45,RELIG,Nothing in particular,[0.40186624 0.38729373 0.15670259 0.05413744],0.009265022366647061
668,INFOCHALc_W45,RELIG,Orthodox,[0.38050482 0.317732   0.15371088 0.14805229],0.06685085700775248
669,INFOCHALc_W45,RELIG,Other,[0.62736732 0.31407639 0.05534222 0.00321407],0.0
670,INFOCHALc_W45,RELIG,Protestant,[0.38760933 0.43094735 0.15204097 0.02940235],0.021841627950123562
671,INFOCHALc_W45,RELIG,Roman Catholic,[0.40753632 0.43373505 0.13766483 0.0210638 ],0.029908445853660606
672,DIGWDOG_3_W45,RELIG,Agnostic,[0.33864535 0.38291256 0.27844209],0.00807628233540162
673,DIGWDOG_3_W45,RELIG,Atheist,[0.36579317 0.29641625 0.33779058],0.007148003443129662
674,DIGWDOG_3_W45,RELIG,Buddhist,[0.42823356 0.33002031 0.24174613],0.0
675,DIGWDOG_3_W45,RELIG,Hindu,[0.24497034 0.48934787 0.26568179],0.030351332131891565
676,DIGWDOG_3_W45,RELIG,Jewish,[0.45560151 0.29025253 0.25414597],0.0062455502541056
677,DIGWDOG_3_W45,RELIG,Mormon,[0.26086499 0.42497814 0.31415687],0.0
678,DIGWDOG_3_W45,RELIG,Muslim,[0.47834993 0.22096994 0.30068014],0.0
679,DIGWDOG_3_W45,RELIG,Nothing in particular,[0.28867567 0.31353405 0.39779028],0.0074107015335665855
680,DIGWDOG_3_W45,RELIG,Orthodox,[0.17375918 0.34965485 0.47658597],0.0
681,DIGWDOG_3_W45,RELIG,Other,[0.36492991 0.33767458 0.29739552],0.0
682,DIGWDOG_3_W45,RELIG,Protestant,[0.29621307 0.32498384 0.37880309],0.008097714447064275
683,DIGWDOG_3_W45,RELIG,Roman Catholic,[0.31914674 0.30410496 0.37674829],0.008792928010248675
684,VIDOFT_W45,RELIG,Agnostic,[0.12472989 0.55861306 0.3007204  0.01593665],0.0007108334209905908
685,VIDOFT_W45,RELIG,Atheist,[0.10074521 0.52764506 0.33263116 0.03897856],0.005023103271809515
686,VIDOFT_W45,RELIG,Buddhist,[0.09839543 0.57194539 0.19558638 0.13407281],0.07381227740964204
687,VIDOFT_W45,RELIG,Hindu,[0.06388627 0.73122664 0.2048871  0.        ],0.06601975571001117
688,VIDOFT_W45,RELIG,Jewish,[0.11777986 0.46530494 0.31401593 0.10289927],0.010299602163808269
689,VIDOFT_W45,RELIG,Mormon,[0.19847079 0.60913114 0.19239807 0.        ],0.02235677664880645
690,VIDOFT_W45,RELIG,Muslim,[0.11258786 0.4685206  0.34425647 0.07463507],0.0
691,VIDOFT_W45,RELIG,Nothing in particular,[0.17590891 0.48838887 0.25339072 0.0823115 ],0.00859149251954544
692,VIDOFT_W45,RELIG,Orthodox,[0.06904024 0.61084935 0.27663537 0.04347504],0.0
693,VIDOFT_W45,RELIG,Other,[0.18875781 0.43412212 0.3182849  0.05883517],0.021170202625100963
694,VIDOFT_W45,RELIG,Protestant,[0.15242927 0.50983224 0.26427194 0.07346654],0.022976505147995097
695,VIDOFT_W45,RELIG,Roman Catholic,[0.15058998 0.55785341 0.24154773 0.05000888],0.009653452804930084
696,MADEUPLEVELa_W45,RELIG,Agnostic,[0.68401975 0.30000961 0.01597064 0.        ],0.0
697,MADEUPLEVELa_W45,RELIG,Atheist,[0.64597795 0.33305855 0.0209635  0.        ],0.0017399942165923176
698,MADEUPLEVELa_W45,RELIG,Buddhist,[0.56521715 0.37127002 0.06351283 0.        ],0.0
699,MADEUPLEVELa_W45,RELIG,Hindu,[0.63789647 0.21283794 0.14926559 0.        ],0.03043977626396296
700,MADEUPLEVELa_W45,RELIG,Jewish,[0.68065555 0.29704756 0.02229688 0.        ],0.00828924611612968
701,MADEUPLEVELa_W45,RELIG,Mormon,[0.64675667 0.35036899 0.00287434 0.        ],0.0
702,MADEUPLEVELa_W45,RELIG,Muslim,[0.18421904 0.69927966 0.1165013  0.        ],0.0
703,MADEUPLEVELa_W45,RELIG,Nothing in particular,[0.57200794 0.36598276 0.06200931 0.        ],0.00044541065102725905
704,MADEUPLEVELa_W45,RELIG,Orthodox,[0.50572825 0.49427175 0.         0.        ],0.1663969955989329
705,MADEUPLEVELa_W45,RELIG,Other,[0.68304152 0.26483276 0.05212572 0.        ],0.0
706,MADEUPLEVELa_W45,RELIG,Protestant,[0.59237197 0.35791475 0.04971328 0.        ],0.00910044738243577
707,MADEUPLEVELa_W45,RELIG,Roman Catholic,[0.55217222 0.40834203 0.03948575 0.        ],0.006737634208369082
708,INFOCREATEc_W45,RELIG,Agnostic,[0.29318491 0.54414059 0.16267451 0.        ],0.005453202936566376
709,INFOCREATEc_W45,RELIG,Atheist,[0.23926764 0.56451086 0.1962215  0.        ],0.013061041798765109
710,INFOCREATEc_W45,RELIG,Buddhist,[0.34260183 0.42309274 0.23430543 0.        ],0.0
711,INFOCREATEc_W45,RELIG,Hindu,[0.16139365 0.46715068 0.37145567 0.        ],0.030089610801329405
712,INFOCREATEc_W45,RELIG,Jewish,[0.25700682 0.54172744 0.20126574 0.        ],0.007384597157983394
713,INFOCREATEc_W45,RELIG,Mormon,[0.17529956 0.70100895 0.12369149 0.        ],0.0
714,INFOCREATEc_W45,RELIG,Muslim,[0.2486315  0.55631606 0.19505243 0.        ],0.0
715,INFOCREATEc_W45,RELIG,Nothing in particular,[0.27905672 0.54812623 0.17281705 0.        ],0.00527833619283829
716,INFOCREATEc_W45,RELIG,Orthodox,[0.30063098 0.62007973 0.0792893  0.        ],0.048072896450526446
717,INFOCREATEc_W45,RELIG,Other,[0.20409806 0.55151589 0.24438606 0.        ],0.011526465599197431
718,INFOCREATEc_W45,RELIG,Protestant,[0.25617715 0.54829819 0.19552466 0.        ],0.009015012408442541
719,INFOCREATEc_W45,RELIG,Roman Catholic,[0.28262907 0.53572578 0.18164515 0.        ],0.0060435104404944736
720,MADEUPIMPb_W45,RELIG,Agnostic,[0.67141646 0.26408363 0.05967338 0.00482653],0.0
721,MADEUPIMPb_W45,RELIG,Atheist,[0.58781588 0.32398925 0.06980263 0.01839224],0.0
722,MADEUPIMPb_W45,RELIG,Buddhist,[0.56153319 0.31108286 0.01100976 0.11637419],0.0
723,MADEUPIMPb_W45,RELIG,Hindu,[0.45918682 0.47248432 0.0573519  0.01097697],0.030089610801329412
724,MADEUPIMPb_W45,RELIG,Jewish,[0.61244174 0.27822682 0.0577952  0.05153624],0.0
725,MADEUPIMPb_W45,RELIG,Mormon,[0.58023622 0.34246844 0.07729534 0.        ],0.0
726,MADEUPIMPb_W45,RELIG,Muslim,[0.31044084 0.51222651 0.08283704 0.0944956 ],0.0
727,MADEUPIMPb_W45,RELIG,Nothing in particular,[0.53359941 0.32280942 0.10339109 0.04020008],0.002822258509680328
728,MADEUPIMPb_W45,RELIG,Orthodox,[0.55968959 0.25768962 0.13745599 0.04516481],0.0
729,MADEUPIMPb_W45,RELIG,Other,[0.7288179  0.24396789 0.02499648 0.00221773],0.012981389298749629
730,MADEUPIMPb_W45,RELIG,Protestant,[0.52171593 0.3614018  0.09640798 0.02047428],0.004971561471346026
731,MADEUPIMPb_W45,RELIG,Roman Catholic,[0.53677782 0.37693507 0.07090033 0.01538678],0.010715198051942708
732,INFOCONFUSEc_W45,RELIG,Agnostic,[0.49102894 0.44431105 0.05682663 0.00783338],0.006167149283673697
733,INFOCONFUSEc_W45,RELIG,Atheist,[0.43632747 0.46778607 0.07776013 0.01812633],0.012791320374232334
734,INFOCONFUSEc_W45,RELIG,Buddhist,[0.37175308 0.58401064 0.01669964 0.02753664],0.0
735,INFOCONFUSEc_W45,RELIG,Hindu,[0.45489575 0.44052421 0.10458004 0.        ],0.0
736,INFOCONFUSEc_W45,RELIG,Jewish,[0.48802585 0.39159536 0.06518328 0.05519551],0.0
737,INFOCONFUSEc_W45,RELIG,Mormon,[0.59510517 0.37767395 0.02027525 0.00694563],0.0
738,INFOCONFUSEc_W45,RELIG,Muslim,[0.50383751 0.30061347 0.10519904 0.09034998],0.0
739,INFOCONFUSEc_W45,RELIG,Nothing in particular,[0.48932861 0.39058063 0.08800507 0.0320857 ],0.0005585319323659925
740,INFOCONFUSEc_W45,RELIG,Orthodox,[0.46221213 0.26638679 0.27140108 0.        ],0.04516480840986534
741,INFOCONFUSEc_W45,RELIG,Other,[0.58959233 0.32764407 0.07671515 0.00604845],0.0
742,INFOCONFUSEc_W45,RELIG,Protestant,[0.55055874 0.35296162 0.07906021 0.01741943],0.002512079726080115
743,INFOCONFUSEc_W45,RELIG,Roman Catholic,[0.52439473 0.35418246 0.09231536 0.02910745],0.005673581569402735
744,SMLIKESd_W45,RELIG,Agnostic,[0.08303102 0.32925237 0.58771661],0.0
745,SMLIKESd_W45,RELIG,Atheist,[0.04266552 0.26484118 0.6924933 ],0.005871734009107115
746,SMLIKESd_W45,RELIG,Buddhist,[0.         0.33479531 0.66520469],0.0
747,SMLIKESd_W45,RELIG,Hindu,[0.34858745 0.38888334 0.26252921],0.08636087345496037
748,SMLIKESd_W45,RELIG,Jewish,[0.0525436  0.43232139 0.51513501],0.0
749,SMLIKESd_W45,RELIG,Mormon,[0.07844032 0.24428415 0.67727553],0.0
750,SMLIKESd_W45,RELIG,Muslim,[0.08788435 0.65280785 0.2593078 ],0.0
751,SMLIKESd_W45,RELIG,Nothing in particular,[0.15798702 0.3379116  0.50410138],0.0006382314129041052
752,SMLIKESd_W45,RELIG,Orthodox,[0.10201098 0.31551649 0.58247253],0.0
753,SMLIKESd_W45,RELIG,Other,[0.08603559 0.31418536 0.59977906],0.036615527085158514
754,SMLIKESd_W45,RELIG,Protestant,[0.14510513 0.34160478 0.51329009],0.004791716379920447
755,SMLIKESd_W45,RELIG,Roman Catholic,[0.12885239 0.39341086 0.47773675],0.0027601560017759268
756,NEWS_PLATFORMh_W45,RELIG,Agnostic,[0.56673127 0.28302408 0.12067307 0.02957158],0.0
757,NEWS_PLATFORMh_W45,RELIG,Atheist,[0.57055908 0.2294119  0.13453464 0.06549438],0.0015005386447429789
758,NEWS_PLATFORMh_W45,RELIG,Buddhist,[0.39409786 0.41252109 0.09419451 0.09918654],0.0
759,NEWS_PLATFORMh_W45,RELIG,Hindu,[0.53705849 0.4428149  0.01150355 0.00862306],0.0
760,NEWS_PLATFORMh_W45,RELIG,Jewish,[0.4501665  0.36199792 0.1515318  0.03630378],0.0
761,NEWS_PLATFORMh_W45,RELIG,Mormon,[0.47659505 0.18958528 0.11480121 0.21901846],0.0
762,NEWS_PLATFORMh_W45,RELIG,Muslim,[0.17718287 0.49802436 0.2072911  0.11750167],0.0
763,NEWS_PLATFORMh_W45,RELIG,Nothing in particular,[0.42294474 0.31938294 0.16546599 0.09220633],0.0015075770686323407
764,NEWS_PLATFORMh_W45,RELIG,Orthodox,[0.54881786 0.32542589 0.09137588 0.03438036],0.0
765,NEWS_PLATFORMh_W45,RELIG,Other,[0.55287995 0.26027087 0.13118844 0.05566074],0.0
766,NEWS_PLATFORMh_W45,RELIG,Protestant,[0.40223483 0.33658384 0.16902037 0.09216096],0.00164126616948686
767,NEWS_PLATFORMh_W45,RELIG,Roman Catholic,[0.39832415 0.36713065 0.15054395 0.08400125],0.0015647964466806536
768,INFOCONFUSEb_W45,RELIG,Agnostic,[0.1221362  0.47886439 0.32140301 0.07759639],0.012783289460109927
769,INFOCONFUSEb_W45,RELIG,Atheist,[0.10107708 0.33985978 0.43820788 0.12085527],0.0
770,INFOCONFUSEb_W45,RELIG,Buddhist,[0.24889762 0.53436671 0.12855894 0.08817674],0.0
771,INFOCONFUSEb_W45,RELIG,Hindu,[0.22691502 0.47526485 0.28160107 0.01621906],0.0
772,INFOCONFUSEb_W45,RELIG,Jewish,[0.22910442 0.3583179  0.2670076  0.14557007],0.007969871673344732
773,INFOCONFUSEb_W45,RELIG,Mormon,[0.21640732 0.5988103  0.16501805 0.01976433],0.0055137802229011405
774,INFOCONFUSEb_W45,RELIG,Muslim,[0.29400455 0.4966754  0.07977854 0.12954151],0.0
775,INFOCONFUSEb_W45,RELIG,Nothing in particular,[0.21519375 0.48567472 0.239075   0.06005653],0.006310138591947125
776,INFOCONFUSEb_W45,RELIG,Orthodox,[0.43052747 0.27002312 0.29944941 0.        ],0.059702952160861786
777,INFOCONFUSEb_W45,RELIG,Other,[0.18537389 0.50963327 0.20980994 0.0951829 ],0.011716656251918412
778,INFOCONFUSEb_W45,RELIG,Protestant,[0.29678308 0.49273225 0.17253408 0.03795059],0.009599245843271662
779,INFOCONFUSEb_W45,RELIG,Roman Catholic,[0.27316523 0.49830027 0.19480511 0.03372939],0.010662622795722004
780,NEWS_PLATFORMg_W45,RELIG,Agnostic,[0.27883328 0.25795403 0.22960907 0.23360362],0.0
781,NEWS_PLATFORMg_W45,RELIG,Atheist,[0.21783025 0.31989015 0.20412728 0.25815232],0.0
782,NEWS_PLATFORMg_W45,RELIG,Buddhist,[0.25495413 0.21477357 0.23297536 0.29729694],0.0
783,NEWS_PLATFORMg_W45,RELIG,Hindu,[0.34320388 0.42784488 0.15223624 0.076715  ],0.0
784,NEWS_PLATFORMg_W45,RELIG,Jewish,[0.17412109 0.29876156 0.21118209 0.31593526],0.0
785,NEWS_PLATFORMg_W45,RELIG,Mormon,[0.26485816 0.31350906 0.17072607 0.25090671],0.0
786,NEWS_PLATFORMg_W45,RELIG,Muslim,[0.42119796 0.34998399 0.03520658 0.19361147],0.0
787,NEWS_PLATFORMg_W45,RELIG,Nothing in particular,[0.27729576 0.27989304 0.20680266 0.23600854],0.00022263986085465599
788,NEWS_PLATFORMg_W45,RELIG,Orthodox,[0.21449042 0.32801475 0.2180783  0.23941653],0.0
789,NEWS_PLATFORMg_W45,RELIG,Other,[0.30326583 0.15556006 0.30803491 0.23313921],0.0
790,NEWS_PLATFORMg_W45,RELIG,Protestant,[0.24604053 0.29869913 0.22102876 0.23423157],0.0007211898611116524
791,NEWS_PLATFORMg_W45,RELIG,Roman Catholic,[0.24388439 0.29451078 0.20279011 0.25881472],0.0014449159603740248
792,NEWSPROBc_W45,RELIG,Agnostic,[0.10246527 0.30357729 0.33661504 0.2573424 ],0.0
793,NEWSPROBc_W45,RELIG,Atheist,[0.05292828 0.28774424 0.36423591 0.29509156],0.003079554939236704
794,NEWSPROBc_W45,RELIG,Buddhist,[0.40489894 0.04909323 0.3420036  0.20400423],0.0
795,NEWSPROBc_W45,RELIG,Hindu,[0.06377575 0.48886126 0.3425503  0.1048127 ],0.0567913745042046
796,NEWSPROBc_W45,RELIG,Jewish,[0.08718144 0.33921011 0.4612793  0.11232916],0.0
797,NEWSPROBc_W45,RELIG,Mormon,[0.15182007 0.21516748 0.41614691 0.21686554],0.0
798,NEWSPROBc_W45,RELIG,Muslim,[0.33949217 0.15715145 0.48850576 0.01485063],0.0
799,NEWSPROBc_W45,RELIG,Nothing in particular,[0.1707101  0.30458292 0.32562936 0.19907762],0.0037001584851369773
800,NEWSPROBc_W45,RELIG,Orthodox,[0.11031667 0.33696043 0.13091718 0.42180573],0.0
801,NEWSPROBc_W45,RELIG,Other,[0.27762441 0.14147955 0.31848534 0.2624107 ],0.0
802,NEWSPROBc_W45,RELIG,Protestant,[0.19057187 0.36470553 0.27146349 0.17325911],0.012499266110007281
803,NEWSPROBc_W45,RELIG,Roman Catholic,[0.16436542 0.36831664 0.25152268 0.21579526],0.007063423234760732
804,ONLINESOURCE_W45,RELIG,Agnostic,[0.88956892 0.11043108],0.09974191062325924
805,ONLINESOURCE_W45,RELIG,Atheist,[0.89806361 0.10193639],0.11004555863191834
806,ONLINESOURCE_W45,RELIG,Buddhist,[0.77628036 0.22371964],0.13840929990853543
807,ONLINESOURCE_W45,RELIG,Hindu,[0.87768703 0.12231297],0.11606486586362998
808,ONLINESOURCE_W45,RELIG,Jewish,[0.90296425 0.09703575],0.18816987199983642
809,ONLINESOURCE_W45,RELIG,Mormon,[0.82389315 0.17610685],0.1285308548239356
810,ONLINESOURCE_W45,RELIG,Muslim,[0.81386407 0.18613593],0.0475869107905319
811,ONLINESOURCE_W45,RELIG,Nothing in particular,[0.83248733 0.16751267],0.25220224674509106
812,ONLINESOURCE_W45,RELIG,Orthodox,[0.84981082 0.15018918],0.1486855145967375
813,ONLINESOURCE_W45,RELIG,Other,[0.93232315 0.06767685],0.23785988916290385
814,ONLINESOURCE_W45,RELIG,Protestant,[0.83048876 0.16951124],0.23027776402756037
815,ONLINESOURCE_W45,RELIG,Roman Catholic,[0.85068765 0.14931235],0.20754209438944754
816,MADEUPSOLVE_W45,RELIG,Agnostic,[0.14559967 0.26990872 0.58449161],0.0015726593093358548
817,MADEUPSOLVE_W45,RELIG,Atheist,[0.13130571 0.3424488  0.52624549],0.0
818,MADEUPSOLVE_W45,RELIG,Buddhist,[0.0480432  0.45971444 0.49224236],0.0
819,MADEUPSOLVE_W45,RELIG,Hindu,[0.17771172 0.43358467 0.38870361],0.030089610801329405
820,MADEUPSOLVE_W45,RELIG,Jewish,[0.14477595 0.23046196 0.62476208],0.002403475344193502
821,MADEUPSOLVE_W45,RELIG,Mormon,[0.0758021  0.19078459 0.73341331],0.04622638212517251
822,MADEUPSOLVE_W45,RELIG,Muslim,[0.22891048 0.2143816  0.55670792],0.021435237268172463
823,MADEUPSOLVE_W45,RELIG,Nothing in particular,[0.10557597 0.36132774 0.53309628],0.010381805310988734
824,MADEUPSOLVE_W45,RELIG,Orthodox,[0.        0.3048223 0.6951777],0.04516480840986534
825,MADEUPSOLVE_W45,RELIG,Other,[0.14454105 0.2599865  0.59547245],0.009438009471082047
826,MADEUPSOLVE_W45,RELIG,Protestant,[0.0834033  0.30774814 0.60884856],0.012819015497656124
827,MADEUPSOLVE_W45,RELIG,Roman Catholic,[0.11740989 0.36751512 0.51507498],0.008668835426149568
828,INFOCREATEe_W45,RELIG,Agnostic,[0.52919783 0.38351426 0.0872879  0.        ],0.008396564842548625
829,INFOCREATEe_W45,RELIG,Atheist,[0.44318236 0.48468089 0.07213675 0.        ],0.0011171267405486504
830,INFOCREATEe_W45,RELIG,Buddhist,[0.45133588 0.31321294 0.23545118 0.        ],0.04682243797172965
831,INFOCREATEe_W45,RELIG,Hindu,[0.25309133 0.54484664 0.20206203 0.        ],0.030755773731714037
832,INFOCREATEe_W45,RELIG,Jewish,[0.51743578 0.43604947 0.04651475 0.        ],0.0
833,INFOCREATEe_W45,RELIG,Mormon,[0.61296231 0.34465072 0.04238697 0.        ],0.0
834,INFOCREATEe_W45,RELIG,Muslim,[0.38129808 0.44626109 0.17244083 0.        ],0.0
835,INFOCREATEe_W45,RELIG,Nothing in particular,[0.47553903 0.43818255 0.08627843 0.        ],0.004947353098067098
836,INFOCREATEe_W45,RELIG,Orthodox,[0.61754724 0.38245276 0.         0.        ],0.06530755365031235
837,INFOCREATEe_W45,RELIG,Other,[0.52446649 0.39890932 0.07662419 0.        ],0.023352679361637513
838,INFOCREATEe_W45,RELIG,Protestant,[0.59686677 0.34480487 0.05832836 0.        ],0.006723918872680402
839,INFOCREATEe_W45,RELIG,Roman Catholic,[0.55311814 0.37980265 0.0670792  0.        ],0.007622378434255397
840,MADEUPSMFOL2_W45,RELIG,Agnostic,[0.6268805 0.3731195],0.0
841,MADEUPSMFOL2_W45,RELIG,Atheist,[0.61161957 0.38838043],0.0034489038717082673
842,MADEUPSMFOL2_W45,RELIG,Buddhist,[0.73205378 0.26794622],0.0
843,MADEUPSMFOL2_W45,RELIG,Hindu,[0.52708802 0.47291198],0.03258973212532987
844,MADEUPSMFOL2_W45,RELIG,Jewish,[0.52061159 0.47938841],0.0
845,MADEUPSMFOL2_W45,RELIG,Mormon,[0.65330117 0.34669883],0.01418676176838852
846,MADEUPSMFOL2_W45,RELIG,Muslim,[0.62856057 0.37143943],0.0
847,MADEUPSMFOL2_W45,RELIG,Nothing in particular,[0.49799767 0.50200233],0.006228993175200654
848,MADEUPSMFOL2_W45,RELIG,Orthodox,[0.54564231 0.45435769],0.0
849,MADEUPSMFOL2_W45,RELIG,Other,[0.59412516 0.40587484],0.0
850,MADEUPSMFOL2_W45,RELIG,Protestant,[0.47755675 0.52244325],0.011158158423089771
851,MADEUPSMFOL2_W45,RELIG,Roman Catholic,[0.44711702 0.55288298],0.00949977560239958
852,MADEUPIMPc_W45,RELIG,Agnostic,[0.43128774 0.41467685 0.13179603 0.02223938],0.0
853,MADEUPIMPc_W45,RELIG,Atheist,[0.39684027 0.43410898 0.14570896 0.02334178],0.0
854,MADEUPIMPc_W45,RELIG,Buddhist,[0.51068191 0.34707469 0.1422434  0.        ],0.0
855,MADEUPIMPc_W45,RELIG,Hindu,[0.42228638 0.47744502 0.1002686  0.        ],0.030089610801329405
856,MADEUPIMPc_W45,RELIG,Jewish,[0.67786288 0.28084629 0.04129082 0.        ],0.0046860393972188085
857,MADEUPIMPc_W45,RELIG,Mormon,[0.52627108 0.3003457  0.15986659 0.01351662],0.012285939972317604
858,MADEUPIMPc_W45,RELIG,Muslim,[0.24618766 0.40004398 0.25927275 0.0944956 ],0.0
859,MADEUPIMPc_W45,RELIG,Nothing in particular,[0.4759107  0.35607686 0.11065183 0.05736061],0.006766877024107401
860,MADEUPIMPc_W45,RELIG,Orthodox,[0.59136206 0.17414462 0.18932852 0.04516481],0.0
861,MADEUPIMPc_W45,RELIG,Other,[0.56273658 0.31476214 0.08177383 0.04072745],0.010832940899220387
862,MADEUPIMPc_W45,RELIG,Protestant,[0.53529559 0.32445233 0.1060658  0.03418628],0.009668000386633638
863,MADEUPIMPc_W45,RELIG,Roman Catholic,[0.56164465 0.33878399 0.07604788 0.02352348],0.009309720773364156
864,DISAVOID_W45,RELIG,Agnostic,[0.62367433 0.37632567],0.0
865,DISAVOID_W45,RELIG,Atheist,[0.64119152 0.35880848],0.004209374480791506
866,DISAVOID_W45,RELIG,Buddhist,[0.68750522 0.31249478],0.0
867,DISAVOID_W45,RELIG,Hindu,[0.50334494 0.49665506],0.030089610801329405
868,DISAVOID_W45,RELIG,Jewish,[0.58445448 0.41554552],0.0
869,DISAVOID_W45,RELIG,Mormon,[0.53067897 0.46932103],0.0
870,DISAVOID_W45,RELIG,Muslim,[0.45017213 0.54982787],0.0
871,DISAVOID_W45,RELIG,Nothing in particular,[0.49376928 0.50623072],0.0033464542916589617
872,DISAVOID_W45,RELIG,Orthodox,[0.40435284 0.59564716],0.0
873,DISAVOID_W45,RELIG,Other,[0.55861166 0.44138834],0.0
874,DISAVOID_W45,RELIG,Protestant,[0.45243847 0.54756153],0.004232015368472197
875,DISAVOID_W45,RELIG,Roman Catholic,[0.49885041 0.50114959],0.0035733962431953206
876,INFOOWNe_W45,RELIG,Agnostic,[0.50226161 0.49773839],0.005558190878601037
877,INFOOWNe_W45,RELIG,Atheist,[0.59827386 0.40172614],0.0
878,INFOOWNe_W45,RELIG,Buddhist,[0.54010281 0.45989719],0.0
879,INFOOWNe_W45,RELIG,Hindu,[0.30782446 0.69217554],0.030089610801329405
880,INFOOWNe_W45,RELIG,Jewish,[0.49371156 0.50628844],0.0
881,INFOOWNe_W45,RELIG,Mormon,[0.47821959 0.52178041],0.01610439150982956
882,INFOOWNe_W45,RELIG,Muslim,[0.53411765 0.46588235],0.0
883,INFOOWNe_W45,RELIG,Nothing in particular,[0.54183723 0.45816277],0.010650030960967722
884,INFOOWNe_W45,RELIG,Orthodox,[0.39937479 0.60062521],0.0
885,INFOOWNe_W45,RELIG,Other,[0.50716274 0.49283726],0.0
886,INFOOWNe_W45,RELIG,Protestant,[0.53847406 0.46152594],0.017321476067839275
887,INFOOWNe_W45,RELIG,Roman Catholic,[0.53435626 0.46564374],0.004764922407205413
888,INFOKNOWe_W45,RELIG,Agnostic,[0.30156291 0.69843709],0.0031407982014698015
889,INFOKNOWe_W45,RELIG,Atheist,[0.26498571 0.73501429],0.0
890,INFOKNOWe_W45,RELIG,Buddhist,[0.29301237 0.70698763],0.0
891,INFOKNOWe_W45,RELIG,Hindu,[0.30911253 0.69088747],0.030089610801329405
892,INFOKNOWe_W45,RELIG,Jewish,[0.24288885 0.75711115],0.0
893,INFOKNOWe_W45,RELIG,Mormon,[0.49384412 0.50615588],0.0
894,INFOKNOWe_W45,RELIG,Muslim,[0.4505447 0.5494553],0.05205762922254848
895,INFOKNOWe_W45,RELIG,Nothing in particular,[0.38127337 0.61872663],0.008429246277418876
896,INFOKNOWe_W45,RELIG,Orthodox,[0.32423621 0.67576379],0.0
897,INFOKNOWe_W45,RELIG,Other,[0.36092669 0.63907331],0.007802022600750368
898,INFOKNOWe_W45,RELIG,Protestant,[0.40905997 0.59094003],0.014088138913877496
899,INFOKNOWe_W45,RELIG,Roman Catholic,[0.40823681 0.59176319],0.008288607457467937
900,SMLIKESf_W45,RELIG,Agnostic,[0.54413273 0.39398518 0.06188209],0.0
901,SMLIKESf_W45,RELIG,Atheist,[0.41041491 0.52992686 0.05965823],0.005871734009107115
902,SMLIKESf_W45,RELIG,Buddhist,[0.18912267 0.78918721 0.02169012],0.0
903,SMLIKESf_W45,RELIG,Hindu,[0.70699997 0.03047082 0.26252921],0.08636087345496037
904,SMLIKESf_W45,RELIG,Jewish,[0.60249515 0.37159655 0.0259083 ],0.0
905,SMLIKESf_W45,RELIG,Mormon,[0.35602561 0.576727   0.06724739],0.0
906,SMLIKESf_W45,RELIG,Muslim,[0.60733572 0.32997169 0.06269259],0.0
907,SMLIKESf_W45,RELIG,Nothing in particular,[0.52516356 0.35429011 0.12054632],0.0
908,SMLIKESf_W45,RELIG,Orthodox,[0.63030251 0.36969749 0.        ],0.0
909,SMLIKESf_W45,RELIG,Other,[0.36378984 0.57244328 0.06376688],0.036615527085158514
910,SMLIKESf_W45,RELIG,Protestant,[0.46763376 0.42584494 0.1065213 ],0.00616958933472259
911,SMLIKESf_W45,RELIG,Roman Catholic,[0.52488055 0.37149251 0.10362694],0.0027601560017759268
912,INFOWHYd_W45,RELIG,Agnostic,[0.07306279 0.5543193  0.3726179 ],0.0007415160833782357
913,INFOWHYd_W45,RELIG,Atheist,[0.0717918  0.42741236 0.50079583],0.0017046228481677273
914,INFOWHYd_W45,RELIG,Buddhist,[0.05733873 0.39443101 0.54823026],0.0
915,INFOWHYd_W45,RELIG,Hindu,[0.07698467 0.33399798 0.58901736],0.030089610801329405
916,INFOWHYd_W45,RELIG,Jewish,[0.07311837 0.3084531  0.61842853],0.0
917,INFOWHYd_W45,RELIG,Mormon,[0.07931044 0.49814232 0.42254725],0.010627208053140037
918,INFOWHYd_W45,RELIG,Muslim,[0.2145298  0.49464442 0.29082578],0.0
919,INFOWHYd_W45,RELIG,Nothing in particular,[0.14307718 0.44549513 0.41142769],0.004041417296839401
920,INFOWHYd_W45,RELIG,Orthodox,[0.03393073 0.39722377 0.5688455 ],0.045164808409865344
921,INFOWHYd_W45,RELIG,Other,[0.09866038 0.4272737  0.47406592],0.004260433774052636
922,INFOWHYd_W45,RELIG,Protestant,[0.12708606 0.38052372 0.49239022],0.004035014394874428
923,INFOWHYd_W45,RELIG,Roman Catholic,[0.14880624 0.38713929 0.46405447],0.012270360234735324
924,NEWSPROBa_W45,RELIG,Agnostic,[0.49509154 0.39504171 0.10244653 0.00742021],0.005465046152538065
925,NEWSPROBa_W45,RELIG,Atheist,[0.4292612  0.42680616 0.12536091 0.01857174],0.0
926,NEWSPROBa_W45,RELIG,Buddhist,[0.53071763 0.33182367 0.1374587  0.        ],0.0
927,NEWSPROBa_W45,RELIG,Hindu,[0.41695493 0.40265866 0.18038641 0.        ],0.06601975571001117
928,NEWSPROBa_W45,RELIG,Jewish,[0.4861382  0.39162555 0.12223625 0.        ],0.0
929,NEWSPROBa_W45,RELIG,Mormon,[0.48608205 0.44683856 0.06707939 0.        ],0.00505872136600749
930,NEWSPROBa_W45,RELIG,Muslim,[0.48509939 0.29353347 0.14673207 0.07463507],0.0
931,NEWSPROBa_W45,RELIG,Nothing in particular,[0.49302331 0.34285892 0.13243904 0.03167873],0.0021085218415298475
932,NEWSPROBa_W45,RELIG,Orthodox,[0.48772262 0.34588039 0.12123219 0.04516481],0.0
933,NEWSPROBa_W45,RELIG,Other,[0.50810168 0.3368208  0.14443644 0.01064108],0.004260433774052636
934,NEWSPROBa_W45,RELIG,Protestant,[0.50538918 0.33942965 0.12742779 0.02775338],0.009835479482894378
935,NEWSPROBa_W45,RELIG,Roman Catholic,[0.49378273 0.36736997 0.10601551 0.03283179],0.015590768120876782
936,MADEUPIMPe_W45,RELIG,Agnostic,[0.40277148 0.38661202 0.19272552 0.01789098],0.0025346764921694047
937,MADEUPIMPe_W45,RELIG,Atheist,[0.3873618  0.38826406 0.19601745 0.02835669],0.0046255062286485885
938,MADEUPIMPe_W45,RELIG,Buddhist,[0.6336336  0.31455967 0.05180673 0.        ],0.0
939,MADEUPIMPe_W45,RELIG,Hindu,[0.33177    0.42054713 0.14209647 0.1055864 ],0.030089610801329405
940,MADEUPIMPe_W45,RELIG,Jewish,[0.36597902 0.37320161 0.19712319 0.06369618],0.0
941,MADEUPIMPe_W45,RELIG,Mormon,[0.41482873 0.40545729 0.1650539  0.01466008],0.0
942,MADEUPIMPe_W45,RELIG,Muslim,[0.2813799 0.4401707 0.1839538 0.0944956],0.0
943,MADEUPIMPe_W45,RELIG,Nothing in particular,[0.35002188 0.38587674 0.19956278 0.06453861],0.004226453379409006
944,MADEUPIMPe_W45,RELIG,Orthodox,[0.39557484 0.35029975 0.16300545 0.09111996],0.0
945,MADEUPIMPe_W45,RELIG,Other,[0.46257728 0.40796758 0.10544287 0.02401226],0.0
946,MADEUPIMPe_W45,RELIG,Protestant,[0.36047427 0.43001757 0.17597495 0.03353321],0.00875622768482012
947,MADEUPIMPe_W45,RELIG,Roman Catholic,[0.32817122 0.484339   0.15499552 0.03249426],0.014209669935897897
948,NEWSPROBd_W45,RELIG,Agnostic,[0.15672398 0.45407264 0.30247473 0.08672865],0.0
949,NEWSPROBd_W45,RELIG,Atheist,[0.23203118 0.45675716 0.225461   0.08575067],0.0
950,NEWSPROBd_W45,RELIG,Buddhist,[0.22093974 0.40270973 0.24983457 0.12651596],0.0
951,NEWSPROBd_W45,RELIG,Hindu,[0.155425   0.4275912  0.28991083 0.12707296],0.07641900880425988
952,NEWSPROBd_W45,RELIG,Jewish,[0.1959212  0.36486635 0.29569629 0.14351615],0.0
953,NEWSPROBd_W45,RELIG,Mormon,[0.09436742 0.48357313 0.38979915 0.0322603 ],0.0
954,NEWSPROBd_W45,RELIG,Muslim,[0.09732204 0.26432089 0.40637724 0.23197982],0.0
955,NEWSPROBd_W45,RELIG,Nothing in particular,[0.18609573 0.41491581 0.30852114 0.09046732],0.005227176203655478
956,NEWSPROBd_W45,RELIG,Orthodox,[0.09655554 0.37183359 0.53161087 0.        ],0.0
957,NEWSPROBd_W45,RELIG,Other,[0.24637901 0.53376823 0.16023346 0.0596193 ],0.0
958,NEWSPROBd_W45,RELIG,Protestant,[0.19430253 0.41123727 0.28121225 0.11324795],0.006069868064429594
959,NEWSPROBd_W45,RELIG,Roman Catholic,[0.17975416 0.41762804 0.25496753 0.14765027],0.01703584823461437
960,SOURCESKEPe_W45,RELIG,Agnostic,[0.02378665 0.30980684 0.39356106 0.27284545],0.010279196461099985
961,SOURCESKEPe_W45,RELIG,Atheist,[0.01634477 0.27134538 0.41332538 0.29898447],0.0070336101882517285
962,SOURCESKEPe_W45,RELIG,Buddhist,[0.07664827 0.25816724 0.29073595 0.37444854],0.0
963,SOURCESKEPe_W45,RELIG,Hindu,[0.10010102 0.41309242 0.38747587 0.0993307 ],0.0
964,SOURCESKEPe_W45,RELIG,Jewish,[0.0541574  0.26846615 0.39709056 0.28028589],0.016117772125775632
965,SOURCESKEPe_W45,RELIG,Mormon,[0.01534062 0.42037893 0.33225485 0.23202559],0.0
966,SOURCESKEPe_W45,RELIG,Muslim,[0.14467367 0.55780953 0.17417084 0.12334596],0.0
967,SOURCESKEPe_W45,RELIG,Nothing in particular,[0.04434098 0.33164578 0.39074949 0.23326375],0.010840640779621968
968,SOURCESKEPe_W45,RELIG,Orthodox,[0.03197405 0.30494928 0.45970817 0.2033685 ],0.0
969,SOURCESKEPe_W45,RELIG,Other,[0.04317126 0.3600164  0.31602231 0.28079004],0.007802022600750368
970,SOURCESKEPe_W45,RELIG,Protestant,[0.04521983 0.32176791 0.40373705 0.22927522],0.010395523653382924
971,SOURCESKEPe_W45,RELIG,Roman Catholic,[0.03596196 0.33077223 0.38101216 0.25225364],0.00682385993107901
972,INFOWHYc_W45,RELIG,Agnostic,[0.36915668 0.53913427 0.09170904],0.0007415160833782356
973,INFOWHYc_W45,RELIG,Atheist,[0.31995265 0.5667209  0.11332645],0.00485523546064008
974,INFOWHYc_W45,RELIG,Buddhist,[0.45281196 0.46813786 0.07905018],0.0
975,INFOWHYc_W45,RELIG,Hindu,[0.37114381 0.57819027 0.05066591],0.030089610801329405
976,INFOWHYc_W45,RELIG,Jewish,[0.47724768 0.37490481 0.14784751],0.0
977,INFOWHYc_W45,RELIG,Mormon,[0.47929581 0.45125978 0.06944441],0.0
978,INFOWHYc_W45,RELIG,Muslim,[0.62176191 0.22823607 0.15000202],0.0
979,INFOWHYc_W45,RELIG,Nothing in particular,[0.47743343 0.40120971 0.12135687],0.0034187123145873557
980,INFOWHYc_W45,RELIG,Orthodox,[0.3971418  0.46831195 0.13454625],0.045164808409865344
981,INFOWHYc_W45,RELIG,Other,[0.55166448 0.33512426 0.11321125],0.00417167489357249
982,INFOWHYc_W45,RELIG,Protestant,[0.52249105 0.36701019 0.11049876],0.005544012918576199
983,INFOWHYc_W45,RELIG,Roman Catholic,[0.54854347 0.35342087 0.09803565],0.015379938986607028
984,MADEUPTOPICc_W45,RELIG,Agnostic,[0.16765762 0.51643452 0.31590786 0.        ],0.006385102311854296
985,MADEUPTOPICc_W45,RELIG,Atheist,[0.1745641  0.45587201 0.36956388 0.        ],0.0
986,MADEUPTOPICc_W45,RELIG,Buddhist,[0.29712697 0.47453379 0.22833924 0.        ],0.0
987,MADEUPTOPICc_W45,RELIG,Hindu,[0.06878088 0.64874903 0.28247009 0.        ],0.02488221995990634
988,MADEUPTOPICc_W45,RELIG,Jewish,[0.21846282 0.43484043 0.34669675 0.        ],0.0
989,MADEUPTOPICc_W45,RELIG,Mormon,[0.03766948 0.81716023 0.1451703  0.        ],0.0
990,MADEUPTOPICc_W45,RELIG,Muslim,[0.0683318  0.44268036 0.48898784 0.        ],0.0
991,MADEUPTOPICc_W45,RELIG,Nothing in particular,[0.19454909 0.48007635 0.32537456 0.        ],0.0
992,MADEUPTOPICc_W45,RELIG,Orthodox,[0.12869711 0.48943509 0.38186779 0.        ],0.0
993,MADEUPTOPICc_W45,RELIG,Other,[0.21206474 0.37945712 0.40847814 0.        ],0.0
994,MADEUPTOPICc_W45,RELIG,Protestant,[0.18137549 0.56018115 0.25844336 0.        ],0.004285060688582344
995,MADEUPTOPICc_W45,RELIG,Roman Catholic,[0.14752911 0.48898185 0.36348904 0.        ],0.00571483062430181
996,MADEUPTOPICd_W45,RELIG,Agnostic,[0.31375171 0.51097303 0.17527526 0.        ],0.0
997,MADEUPTOPICd_W45,RELIG,Atheist,[0.3395033  0.48137783 0.17911887 0.        ],0.0
998,MADEUPTOPICd_W45,RELIG,Buddhist,[0.27114345 0.61255465 0.1163019  0.        ],0.0
999,MADEUPTOPICd_W45,RELIG,Hindu,[0.12747224 0.44812909 0.42439867 0.        ],0.06277868139255198
1000,MADEUPTOPICd_W45,RELIG,Jewish,[0.15771168 0.6499019  0.19238641 0.        ],0.0
1001,MADEUPTOPICd_W45,RELIG,Mormon,[0.19047333 0.60853819 0.20098848 0.        ],0.0
1002,MADEUPTOPICd_W45,RELIG,Muslim,[0.34593779 0.36992537 0.28413683 0.        ],0.0
1003,MADEUPTOPICd_W45,RELIG,Nothing in particular,[0.31366872 0.48235972 0.20397156 0.        ],0.0017525493777896478
1004,MADEUPTOPICd_W45,RELIG,Orthodox,[0.38241717 0.40736982 0.210213   0.        ],0.17122336313757117
1005,MADEUPTOPICd_W45,RELIG,Other,[0.41182489 0.4737983  0.11437681 0.        ],0.0
1006,MADEUPTOPICd_W45,RELIG,Protestant,[0.26904774 0.54694939 0.18400288 0.        ],0.007525371380563494
1007,MADEUPTOPICd_W45,RELIG,Roman Catholic,[0.23948212 0.56880656 0.19171132 0.        ],0.0009221605952739749
1008,INFOCREATEb_W45,RELIG,Agnostic,[0.51180867 0.41055893 0.07763241 0.        ],0.0
1009,INFOCREATEb_W45,RELIG,Atheist,[0.51202646 0.40037688 0.08759666 0.        ],0.0025770552657993747
1010,INFOCREATEb_W45,RELIG,Buddhist,[0.44473414 0.39892672 0.15633914 0.        ],0.0
1011,INFOCREATEb_W45,RELIG,Hindu,[0.46679521 0.49264214 0.04056264 0.        ],0.030089610801329405
1012,INFOCREATEb_W45,RELIG,Jewish,[0.52262931 0.43012983 0.04724086 0.        ],0.0107552284777077
1013,INFOCREATEb_W45,RELIG,Mormon,[0.68372702 0.26353464 0.05273834 0.        ],0.0
1014,INFOCREATEb_W45,RELIG,Muslim,[0.41365674 0.53331346 0.0530298  0.        ],0.0
1015,INFOCREATEb_W45,RELIG,Nothing in particular,[0.60302271 0.34628739 0.0506899  0.        ],0.00023024312204810885
1016,INFOCREATEb_W45,RELIG,Orthodox,[0.7037129  0.22544639 0.07084071 0.        ],0.045164808409865344
1017,INFOCREATEb_W45,RELIG,Other,[0.63651371 0.35183023 0.01165606 0.        ],0.01147812401227237
1018,INFOCREATEb_W45,RELIG,Protestant,[0.61188577 0.34431223 0.043802   0.        ],0.006546640688264339
1019,INFOCREATEb_W45,RELIG,Roman Catholic,[0.56314905 0.37131307 0.06553789 0.        ],0.010365787441629
1020,SNSUSE_W45,RELIG,Agnostic,[0.80046863 0.19953137],0.0
1021,SNSUSE_W45,RELIG,Atheist,[0.76187914 0.23812086],0.0
1022,SNSUSE_W45,RELIG,Buddhist,[0.79406873 0.20593127],0.0
1023,SNSUSE_W45,RELIG,Hindu,[0.75737544 0.24262456],0.030089610801329405
1024,SNSUSE_W45,RELIG,Jewish,[0.77047591 0.22952409],0.0
1025,SNSUSE_W45,RELIG,Mormon,[0.80679053 0.19320947],0.0
1026,SNSUSE_W45,RELIG,Muslim,[0.65942761 0.34057239],0.0
1027,SNSUSE_W45,RELIG,Nothing in particular,[0.76331526 0.23668474],0.00404929736840249
1028,SNSUSE_W45,RELIG,Orthodox,[0.91637277 0.08362723],0.0
1029,SNSUSE_W45,RELIG,Other,[0.7826488 0.2173512],0.0
1030,SNSUSE_W45,RELIG,Protestant,[0.73928388 0.26071612],0.0048690204807860776
1031,SNSUSE_W45,RELIG,Roman Catholic,[0.73271232 0.26728768],0.0039731227435603955
1032,MEDIALOYAL3_W45,RELIG,Agnostic,[0.31239664 0.68760336],0.0
1033,MEDIALOYAL3_W45,RELIG,Atheist,[0.3618051 0.6381949],0.0
1034,MEDIALOYAL3_W45,RELIG,Buddhist,[0.25849129 0.74150871],0.0
1035,MEDIALOYAL3_W45,RELIG,Hindu,[0.48476123 0.51523877],0.030089610801329405
1036,MEDIALOYAL3_W45,RELIG,Jewish,[0.55716186 0.44283814],0.0
1037,MEDIALOYAL3_W45,RELIG,Mormon,[0.25756841 0.74243159],0.007360550340434257
1038,MEDIALOYAL3_W45,RELIG,Muslim,[0.42511366 0.57488634],0.021435237268172466
1039,MEDIALOYAL3_W45,RELIG,Nothing in particular,[0.35078993 0.64921007],0.0054799794951155625
1040,MEDIALOYAL3_W45,RELIG,Orthodox,[0.38350606 0.61649394],0.0
1041,MEDIALOYAL3_W45,RELIG,Other,[0.36875264 0.63124736],0.002203926547670479
1042,MEDIALOYAL3_W45,RELIG,Protestant,[0.41260443 0.58739557],0.009057345027835496
1043,MEDIALOYAL3_W45,RELIG,Roman Catholic,[0.43997649 0.56002351],0.005045438410166569
1044,MADEUPRESc_W45,RELIG,Agnostic,[0.87308588 0.12691412],0.0007415160833782357
1045,MADEUPRESc_W45,RELIG,Atheist,[0.87034404 0.12965596],0.0034337796795835753
1046,MADEUPRESc_W45,RELIG,Buddhist,[0.69078019 0.30921981],0.0
1047,MADEUPRESc_W45,RELIG,Hindu,[0.68366022 0.31633978],0.030089610801329405
1048,MADEUPRESc_W45,RELIG,Jewish,[0.79446444 0.20553556],0.0
1049,MADEUPRESc_W45,RELIG,Mormon,[0.79166315 0.20833685],0.0
1050,MADEUPRESc_W45,RELIG,Muslim,[0.64515313 0.35484687],0.028271022201734403
1051,MADEUPRESc_W45,RELIG,Nothing in particular,[0.76702315 0.23297685],0.004884534871817476
1052,MADEUPRESc_W45,RELIG,Orthodox,[0.81926157 0.18073843],0.0
1053,MADEUPRESc_W45,RELIG,Other,[0.86638174 0.13361826],0.015824307268024983
1054,MADEUPRESc_W45,RELIG,Protestant,[0.77649936 0.22350064],0.010054573252216606
1055,MADEUPRESc_W45,RELIG,Roman Catholic,[0.75037588 0.24962412],0.0047940979183920766
1056,SMLIKESc_W45,RELIG,Agnostic,[0.33005688 0.44869099 0.22125213],0.0
1057,SMLIKESc_W45,RELIG,Atheist,[0.40700968 0.36912042 0.2238699 ],0.012821346677235456
1058,SMLIKESc_W45,RELIG,Buddhist,[0.5648609  0.30451246 0.13062663],0.0
1059,SMLIKESc_W45,RELIG,Hindu,[0.65903479 0.24778932 0.09317588],0.05932044749941812
1060,SMLIKESc_W45,RELIG,Jewish,[0.51793339 0.41488627 0.06718034],0.0
1061,SMLIKESc_W45,RELIG,Mormon,[0.35052349 0.34449182 0.3049847 ],0.036556482777833896
1062,SMLIKESc_W45,RELIG,Muslim,[0.09728055 0.84925862 0.05346083],0.0
1063,SMLIKESc_W45,RELIG,Nothing in particular,[0.32143552 0.39593345 0.28263103],0.0031455543670018257
1064,SMLIKESc_W45,RELIG,Orthodox,[0.3965753  0.44357078 0.15985392],0.0
1065,SMLIKESc_W45,RELIG,Other,[0.43096198 0.34208928 0.22694874],0.02754849621693877
1066,SMLIKESc_W45,RELIG,Protestant,[0.35671275 0.40751826 0.23576899],0.010614810811578897
1067,SMLIKESc_W45,RELIG,Roman Catholic,[0.3661436  0.40457295 0.22928345],0.02524685640902646
1068,LEAD_W45,RELIG,Agnostic,[0.6188123 0.3811877],0.011330017992725707
1069,LEAD_W45,RELIG,Atheist,[0.59353158 0.40646842],0.014280087749767235
1070,LEAD_W45,RELIG,Buddhist,[0.55729103 0.44270897],0.0
1071,LEAD_W45,RELIG,Hindu,[0.70259886 0.29740114],0.045741684608703266
1072,LEAD_W45,RELIG,Jewish,[0.57209372 0.42790628],0.012722144038786475
1073,LEAD_W45,RELIG,Mormon,[0.75564328 0.24435672],0.04643826580912768
1074,LEAD_W45,RELIG,Muslim,[0.6514243 0.3485757],0.0
1075,LEAD_W45,RELIG,Nothing in particular,[0.74285451 0.25714549],0.016528628863504306
1076,LEAD_W45,RELIG,Orthodox,[0.64446519 0.35553481],0.045164808409865344
1077,LEAD_W45,RELIG,Other,[0.6373272 0.3626728],0.03412465397925231
1078,LEAD_W45,RELIG,Protestant,[0.72016976 0.27983024],0.01516083842262083
1079,LEAD_W45,RELIG,Roman Catholic,[0.70736362 0.29263638],0.0030235788099502283
1080,INFOKNOWc_W45,RELIG,Agnostic,[0.40197885 0.59802115],0.001935816301448565
1081,INFOKNOWc_W45,RELIG,Atheist,[0.43672498 0.56327502],0.0
1082,INFOKNOWc_W45,RELIG,Buddhist,[0.29654792 0.70345208],0.0
1083,INFOKNOWc_W45,RELIG,Hindu,[0.25900988 0.74099012],0.0300896108013294
1084,INFOKNOWc_W45,RELIG,Jewish,[0.40992576 0.59007424],0.0
1085,INFOKNOWc_W45,RELIG,Mormon,[0.56415586 0.43584414],0.0
1086,INFOKNOWc_W45,RELIG,Muslim,[0.36336888 0.63663112],0.05205762922254848
1087,INFOKNOWc_W45,RELIG,Nothing in particular,[0.46217848 0.53782152],0.006859791371757141
1088,INFOKNOWc_W45,RELIG,Orthodox,[0.36321108 0.63678892],0.0
1089,INFOKNOWc_W45,RELIG,Other,[0.49561235 0.50438765],0.007802022600750368
1090,INFOKNOWc_W45,RELIG,Protestant,[0.471785 0.528215],0.01320742156785246
1091,INFOKNOWc_W45,RELIG,Roman Catholic,[0.47224773 0.52775227],0.009439496406605795
1092,MADEUPIMPa_W45,RELIG,Agnostic,[0.72961768 0.21424749 0.05613484 0.        ],0.0
1093,MADEUPIMPa_W45,RELIG,Atheist,[0.70484823 0.2505353  0.03180331 0.01281316],0.0017046228481677275
1094,MADEUPIMPa_W45,RELIG,Buddhist,[0.58874616 0.2838699  0.12738395 0.        ],0.0
1095,MADEUPIMPa_W45,RELIG,Hindu,[0.54722013 0.41070474 0.04207513 0.        ],0.030089610801329405
1096,MADEUPIMPa_W45,RELIG,Jewish,[0.76218377 0.1847681  0.00747761 0.04557052],0.0
1097,MADEUPIMPa_W45,RELIG,Mormon,[0.69800914 0.18936111 0.04858383 0.06404592],0.0
1098,MADEUPIMPa_W45,RELIG,Muslim,[0.37945671 0.36194625 0.16410144 0.0944956 ],0.0
1099,MADEUPIMPa_W45,RELIG,Nothing in particular,[0.64222807 0.24220462 0.08051764 0.03504967],0.0019959086142031196
1100,MADEUPIMPa_W45,RELIG,Orthodox,[0.57116476 0.3585761  0.02509433 0.04516481],0.0
1101,MADEUPIMPa_W45,RELIG,Other,[0.79421993 0.17577552 0.01672451 0.01328003],0.0
1102,MADEUPIMPa_W45,RELIG,Protestant,[0.69575731 0.23114311 0.05253512 0.02056445],0.005177258964093649
1103,MADEUPIMPa_W45,RELIG,Roman Catholic,[0.67582161 0.27474954 0.03833661 0.01109223],0.008813338075139345
1104,INFORESTRICTa_W45,RELIG,Agnostic,[0.21380693 0.78619307],0.002560670861188197
1105,INFORESTRICTa_W45,RELIG,Atheist,[0.17097731 0.82902269],0.002558561332293248
1106,INFORESTRICTa_W45,RELIG,Buddhist,[0.20946059 0.79053941],0.0
1107,INFORESTRICTa_W45,RELIG,Hindu,[0.13080083 0.86919917],0.030089610801329405
1108,INFORESTRICTa_W45,RELIG,Jewish,[0.19589676 0.80410324],0.0040145280592251715
1109,INFORESTRICTa_W45,RELIG,Mormon,[0.14874998 0.85125002],0.010627208053140037
1110,INFORESTRICTa_W45,RELIG,Muslim,[0.21783557 0.78216443],0.0
1111,INFORESTRICTa_W45,RELIG,Nothing in particular,[0.21300815 0.78699185],0.003333772009755343
1112,INFORESTRICTa_W45,RELIG,Orthodox,[0.12486186 0.87513814],0.0
1113,INFORESTRICTa_W45,RELIG,Other,[0.22917827 0.77082173],0.018660993107003174
1114,INFORESTRICTa_W45,RELIG,Protestant,[0.20843568 0.79156432],0.009679452533881623
1115,INFORESTRICTa_W45,RELIG,Roman Catholic,[0.20412858 0.79587142],0.01101647873693094
1116,MADEUPRESe_W45,RELIG,Agnostic,[0.59709192 0.40290808],0.014579999289263474
1117,MADEUPRESe_W45,RELIG,Atheist,[0.56000332 0.43999668],0.004059099977036226
1118,MADEUPRESe_W45,RELIG,Buddhist,[0.45913426 0.54086574],0.0
1119,MADEUPRESe_W45,RELIG,Hindu,[0.48566839 0.51433161],0.030089610801329405
1120,MADEUPRESe_W45,RELIG,Jewish,[0.45816334 0.54183666],0.011550824079789811
1121,MADEUPRESe_W45,RELIG,Mormon,[0.54981206 0.45018794],0.0
1122,MADEUPRESe_W45,RELIG,Muslim,[0.44984967 0.55015033],0.0
1123,MADEUPRESe_W45,RELIG,Nothing in particular,[0.53221043 0.46778957],0.010706261746165886
1124,MADEUPRESe_W45,RELIG,Orthodox,[0.49453295 0.50546705],0.0
1125,MADEUPRESe_W45,RELIG,Other,[0.58674039 0.41325961],0.013067534387034294
1126,MADEUPRESe_W45,RELIG,Protestant,[0.52069873 0.47930127],0.01506484932591856
1127,MADEUPRESe_W45,RELIG,Roman Catholic,[0.52798611 0.47201389],0.019056028297546903
1128,SOURCESKEPd_W45,RELIG,Agnostic,[0.0829287  0.66731112 0.21527818 0.034482  ],0.0
1129,SOURCESKEPd_W45,RELIG,Atheist,[0.07927497 0.59774708 0.27691296 0.04606499],0.0015005386447429789
1130,SOURCESKEPd_W45,RELIG,Buddhist,[0.14228254 0.52260072 0.3153825  0.01973425],0.0
1131,SOURCESKEPd_W45,RELIG,Hindu,[0.39914903 0.42143532 0.16062379 0.01879186],0.0
1132,SOURCESKEPd_W45,RELIG,Jewish,[0.18057603 0.65996297 0.10815093 0.05131007],0.01802670472133686
1133,SOURCESKEPd_W45,RELIG,Mormon,[0.1970707  0.58014287 0.22278643 0.        ],0.0
1134,SOURCESKEPd_W45,RELIG,Muslim,[0.14405205 0.60169186 0.17962102 0.07463507],0.0
1135,SOURCESKEPd_W45,RELIG,Nothing in particular,[0.15429603 0.61277252 0.18991576 0.0430157 ],0.0009999588487550766
1136,SOURCESKEPd_W45,RELIG,Orthodox,[0.15733941 0.64517021 0.19749038 0.        ],0.0
1137,SOURCESKEPd_W45,RELIG,Other,[0.16524927 0.57622437 0.22073162 0.03779475],0.0
1138,SOURCESKEPd_W45,RELIG,Protestant,[0.15257425 0.67706088 0.1494697  0.02089516],0.0018215449499085325
1139,SOURCESKEPd_W45,RELIG,Roman Catholic,[0.15101454 0.66848615 0.15436329 0.02613602],0.0020740397644272205
0,MADEUPSHARE2_W45,RELIGATTEND,A few times a year,[0.10491548 0.89508452],0.0019937925308442447
1,MADEUPSHARE2_W45,RELIGATTEND,More than once a week,[0.12470038 0.87529962],0.010814379495523515
2,MADEUPSHARE2_W45,RELIGATTEND,Never,[0.10282249 0.89717751],0.004241745560683426
3,MADEUPSHARE2_W45,RELIGATTEND,Once a week,[0.09043488 0.90956512],0.009636438721467539
4,MADEUPSHARE2_W45,RELIGATTEND,Once or twice a month,[0.13055561 0.86944439],0.0006111215255039738
5,MADEUPSHARE2_W45,RELIGATTEND,Seldom,[0.10196262 0.89803738],0.01191583851758206
6,INFOKNOWd_W45,RELIGATTEND,A few times a year,[0.5789689 0.4210311],0.006539916512813383
7,INFOKNOWd_W45,RELIGATTEND,More than once a week,[0.64132242 0.35867758],0.02291614333212084
8,INFOKNOWd_W45,RELIGATTEND,Never,[0.55503491 0.44496509],0.011798561892514853
9,INFOKNOWd_W45,RELIGATTEND,Once a week,[0.59922702 0.40077298],0.01184331336089789
10,INFOKNOWd_W45,RELIGATTEND,Once or twice a month,[0.60728333 0.39271667],0.019019197914309713
11,INFOKNOWd_W45,RELIGATTEND,Seldom,[0.59757302 0.40242698],0.006746801700485925
12,NEWSPROBb_W45,RELIGATTEND,A few times a year,[0.5115461  0.37006767 0.07277564 0.04561059],0.011374897396288499
13,NEWSPROBb_W45,RELIGATTEND,More than once a week,[0.47186511 0.3627548  0.08821637 0.07716372],0.025089255555670348
14,NEWSPROBb_W45,RELIGATTEND,Never,[0.58336417 0.31437925 0.08164066 0.02061592],0.014524794113270772
15,NEWSPROBb_W45,RELIGATTEND,Once a week,[0.44339253 0.36826883 0.16823151 0.02010713],0.009738075368667123
16,NEWSPROBb_W45,RELIGATTEND,Once or twice a month,[0.41503126 0.4823577  0.08564548 0.01696556],0.0
17,NEWSPROBb_W45,RELIGATTEND,Seldom,[0.52984937 0.33875305 0.0919761  0.03942148],0.009667133288908301
18,SMSHARE_W45,RELIGATTEND,A few times a year,[0.08512306 0.31051302 0.21567075 0.04014329 0.34854987],0.007875167481258502
19,SMSHARE_W45,RELIGATTEND,More than once a week,[0.15528971 0.26819753 0.19287608 0.02229592 0.36134075],0.004684600167174529
20,SMSHARE_W45,RELIGATTEND,Never,[0.05359887 0.23136164 0.24452418 0.0463913  0.42412402],0.0055717398272600895
21,SMSHARE_W45,RELIGATTEND,Once a week,[0.09519773 0.30083736 0.23085099 0.02630669 0.34680723],0.005378514181372965
22,SMSHARE_W45,RELIGATTEND,Once or twice a month,[0.09226034 0.32497508 0.21891418 0.04111579 0.32273462],0.002485217083993783
23,SMSHARE_W45,RELIGATTEND,Seldom,[0.08940508 0.30737762 0.20974457 0.04725531 0.34621741],0.0010564121871388364
24,MADEUPOFT_W45,RELIGATTEND,A few times a year,[0.36027109 0.52705355 0.10833117 0.00434419],0.004319090054987836
25,MADEUPOFT_W45,RELIGATTEND,More than once a week,[0.39609531 0.53334378 0.05701745 0.01354346],0.008244862260415065
26,MADEUPOFT_W45,RELIGATTEND,Never,[0.3807392  0.50020077 0.09135785 0.02770218],0.010010894357068879
27,MADEUPOFT_W45,RELIGATTEND,Once a week,[0.39073543 0.51854716 0.06958561 0.02113179],0.008348821500253198
28,MADEUPOFT_W45,RELIGATTEND,Once or twice a month,[0.39760669 0.52390804 0.07216742 0.00631785],0.0009239810141726161
29,MADEUPOFT_W45,RELIGATTEND,Seldom,[0.37471011 0.50736259 0.09595541 0.02197189],0.005547478877344463
30,SMLIKESb_W45,RELIGATTEND,A few times a year,[0.25728845 0.48042248 0.26228907],0.018560626062187044
31,SMLIKESb_W45,RELIGATTEND,More than once a week,[0.2322251 0.5188031 0.2489718],0.04676196981379916
32,SMLIKESb_W45,RELIGATTEND,Never,[0.2618196  0.46757849 0.27060191],0.0060667884136482945
33,SMLIKESb_W45,RELIGATTEND,Once a week,[0.24741467 0.4882859  0.26429943],0.005050555286451262
34,SMLIKESb_W45,RELIGATTEND,Once or twice a month,[0.31406703 0.46268246 0.2232505 ],0.0041563681526821045
35,SMLIKESb_W45,RELIGATTEND,Seldom,[0.25413515 0.47373193 0.27213292],0.014523163909949378
36,INFOCHALe_W45,RELIGATTEND,A few times a year,[0.42424645 0.34633048 0.15559077 0.0738323 ],0.01110559356790006
37,INFOCHALe_W45,RELIGATTEND,More than once a week,[0.49043593 0.28400676 0.18096251 0.0445948 ],0.04627059323807441
38,INFOCHALe_W45,RELIGATTEND,Never,[0.45707159 0.32141072 0.1544426  0.06707509],0.018820108611026
39,INFOCHALe_W45,RELIGATTEND,Once a week,[0.44734478 0.35577765 0.15189729 0.04498028],0.030997791383232356
40,INFOCHALe_W45,RELIGATTEND,Once or twice a month,[0.45685736 0.38089329 0.10829743 0.05395192],0.02087451496300161
41,INFOCHALe_W45,RELIGATTEND,Seldom,[0.45274933 0.34766486 0.1462951  0.05329071],0.01839981481645037
42,MADEUPSHAREWHY_W45,RELIGATTEND,A few times a year,[0.24959512 0.01791942 0.22072651 0.51175895],0.0
43,MADEUPSHAREWHY_W45,RELIGATTEND,More than once a week,[0.17856607 0.12974648 0.12166587 0.57002157],0.0
44,MADEUPSHAREWHY_W45,RELIGATTEND,Never,[0.35164017 0.05533517 0.1694862  0.42353846],0.0
45,MADEUPSHAREWHY_W45,RELIGATTEND,Once a week,[0.27652326 0.16268141 0.20159115 0.35920419],0.011421565183145202
46,MADEUPSHAREWHY_W45,RELIGATTEND,Once or twice a month,[0.2740573  0.00725909 0.23003957 0.48864403],0.011344688503360035
47,MADEUPSHAREWHY_W45,RELIGATTEND,Seldom,[0.24069866 0.11013238 0.17957135 0.46959761],0.0
48,INFORESTRICTb_W45,RELIGATTEND,A few times a year,[0.64825682 0.35174318],0.008821394064188274
49,INFORESTRICTb_W45,RELIGATTEND,More than once a week,[0.61488583 0.38511417],0.030418679195301047
50,INFORESTRICTb_W45,RELIGATTEND,Never,[0.7581392 0.2418608],0.017456069355320163
51,INFORESTRICTb_W45,RELIGATTEND,Once a week,[0.65551434 0.34448566],0.021171973358649617
52,INFORESTRICTb_W45,RELIGATTEND,Once or twice a month,[0.70360544 0.29639456],0.011283271229235418
53,INFORESTRICTb_W45,RELIGATTEND,Seldom,[0.70164493 0.29835507],0.012991527778505558
54,WATCHDOG_3_W45,RELIGATTEND,A few times a year,[0.29496903 0.70503097],0.01772835435102263
55,WATCHDOG_3_W45,RELIGATTEND,More than once a week,[0.25812241 0.74187759],0.0451301747155367
56,WATCHDOG_3_W45,RELIGATTEND,Never,[0.2684834 0.7315166],0.022430278092262557
57,WATCHDOG_3_W45,RELIGATTEND,Once a week,[0.22990226 0.77009774],0.020471441661078015
58,WATCHDOG_3_W45,RELIGATTEND,Once or twice a month,[0.25560102 0.74439898],0.009324897443069313
59,WATCHDOG_3_W45,RELIGATTEND,Seldom,[0.27913205 0.72086795],0.02156900012449414
60,MADEUPSHARE1_W45,RELIGATTEND,A few times a year,[0.50172982 0.49827018],0.00225748100385279
61,MADEUPSHARE1_W45,RELIGATTEND,More than once a week,[0.54128209 0.45871791],0.015042838422581707
62,MADEUPSHARE1_W45,RELIGATTEND,Never,[0.4612395 0.5387605],0.00887492577495808
63,MADEUPSHARE1_W45,RELIGATTEND,Once a week,[0.48418557 0.51581443],0.015733854249992348
64,MADEUPSHARE1_W45,RELIGATTEND,Once or twice a month,[0.52666508 0.47333492],0.007787987142351611
65,MADEUPSHARE1_W45,RELIGATTEND,Seldom,[0.4967266 0.5032734],0.008574113090420254
66,SMLIKESe_W45,RELIGATTEND,A few times a year,[0.780794   0.19752924 0.02167676],0.004930949690795644
67,SMLIKESe_W45,RELIGATTEND,More than once a week,[0.71452824 0.20766982 0.07780194],0.0
68,SMLIKESe_W45,RELIGATTEND,Never,[0.82455186 0.12500869 0.05043945],0.006102124646348798
69,SMLIKESe_W45,RELIGATTEND,Once a week,[0.81156369 0.14548475 0.04295156],0.0017279904719070542
70,SMLIKESe_W45,RELIGATTEND,Once or twice a month,[0.76618932 0.16833126 0.06547942],0.009432030193050698
71,SMLIKESe_W45,RELIGATTEND,Seldom,[0.74630376 0.21316796 0.04052828],0.005314912203458639
72,MADEUPRESa_W45,RELIGATTEND,A few times a year,[0.67151287 0.32848713],0.004154908197903125
73,MADEUPRESa_W45,RELIGATTEND,More than once a week,[0.66372458 0.33627542],0.036437592004393574
74,MADEUPRESa_W45,RELIGATTEND,Never,[0.63609837 0.36390163],0.004209087100483043
75,MADEUPRESa_W45,RELIGATTEND,Once a week,[0.60318927 0.39681073],0.003675772939314541
76,MADEUPRESa_W45,RELIGATTEND,Once or twice a month,[0.71235838 0.28764162],0.004391373042535535
77,MADEUPRESa_W45,RELIGATTEND,Seldom,[0.61216918 0.38783082],0.006474979195968382
78,INFOCHALd_W45,RELIGATTEND,A few times a year,[0.44761916 0.35497105 0.13560338 0.06180641],0.01702560545699843
79,INFOCHALd_W45,RELIGATTEND,More than once a week,[0.41600299 0.4016633  0.14014574 0.04218797],0.04943620900158481
80,INFOCHALd_W45,RELIGATTEND,Never,[0.44120776 0.34855179 0.1419276  0.06831284],0.019082239609298057
81,INFOCHALd_W45,RELIGATTEND,Once a week,[0.44603932 0.40352914 0.11890589 0.03152566],0.03653074093853204
82,INFOCHALd_W45,RELIGATTEND,Once or twice a month,[0.45905757 0.31847425 0.18198135 0.04048683],0.010877130000483945
83,INFOCHALd_W45,RELIGATTEND,Seldom,[0.44734049 0.33651826 0.16737791 0.04876335],0.02327784597788518
84,INFOOWNd_W45,RELIGATTEND,A few times a year,[0.77162202 0.22837798],0.003678982337118419
85,INFOOWNd_W45,RELIGATTEND,More than once a week,[0.73711742 0.26288258],0.013450817520858438
86,INFOOWNd_W45,RELIGATTEND,Never,[0.78844578 0.21155422],0.013153319061946764
87,INFOOWNd_W45,RELIGATTEND,Once a week,[0.7440364 0.2559636],0.010464324851691801
88,INFOOWNd_W45,RELIGATTEND,Once or twice a month,[0.77634233 0.22365767],0.007343782856625515
89,INFOOWNd_W45,RELIGATTEND,Seldom,[0.78332857 0.21667143],0.005850436492099026
90,RESTRICTWHO_W45,RELIGATTEND,A few times a year,[0.10668322 0.09830257 0.18312436 0.55131882 0.06057103],0.002912094794179658
91,RESTRICTWHO_W45,RELIGATTEND,More than once a week,[0.12262509 0.05011963 0.16041877 0.63590997 0.03092653],0.012932731114301757
92,RESTRICTWHO_W45,RELIGATTEND,Never,[0.14061569 0.10817213 0.22807604 0.46347782 0.05965832],0.009339828079846077
93,RESTRICTWHO_W45,RELIGATTEND,Once a week,[0.10440476 0.06216493 0.21053436 0.57984978 0.04304618],0.009876488074461941
94,RESTRICTWHO_W45,RELIGATTEND,Once or twice a month,[0.12470978 0.07618333 0.20944253 0.56435183 0.02531253],0.0033634952046470907
95,RESTRICTWHO_W45,RELIGATTEND,Seldom,[0.11965964 0.09586139 0.16907042 0.55984286 0.05556569],0.01196919934954974
96,SMLIKESa_W45,RELIGATTEND,A few times a year,[0.52042126 0.38446892 0.09510982],0.019232452632641336
97,SMLIKESa_W45,RELIGATTEND,More than once a week,[0.52640954 0.32354207 0.15004839],0.05441349514927083
98,SMLIKESa_W45,RELIGATTEND,Never,[0.60296956 0.30169552 0.09533492],0.006843765697250391
99,SMLIKESa_W45,RELIGATTEND,Once a week,[0.55997594 0.3198207  0.12020336],0.002258110158474323
100,SMLIKESa_W45,RELIGATTEND,Once or twice a month,[0.56958568 0.32041702 0.1099973 ],0.0041563681526821045
101,SMLIKESa_W45,RELIGATTEND,Seldom,[0.58549507 0.27498576 0.13951918],0.008360152047238613
102,INFORESTRICTc_W45,RELIGATTEND,A few times a year,[0.42423657 0.57576343],0.005089011178132957
103,INFORESTRICTc_W45,RELIGATTEND,More than once a week,[0.36487653 0.63512347],0.026970414646311752
104,INFORESTRICTc_W45,RELIGATTEND,Never,[0.51090448 0.48909552],0.009075113433017703
105,INFORESTRICTc_W45,RELIGATTEND,Once a week,[0.44349529 0.55650471],0.015868404357240122
106,INFORESTRICTc_W45,RELIGATTEND,Once or twice a month,[0.46407287 0.53592713],0.004647685758567799
107,INFORESTRICTc_W45,RELIGATTEND,Seldom,[0.4576135 0.5423865],0.006640348244904167
108,MADEUPTOPICa_W45,RELIGATTEND,A few times a year,[0.78182181 0.18965075 0.02852744 0.        ],0.006361699175347976
109,MADEUPTOPICa_W45,RELIGATTEND,More than once a week,[0.74768174 0.20742635 0.04489191 0.        ],0.0017693707550326724
110,MADEUPTOPICa_W45,RELIGATTEND,Never,[0.74712457 0.22760767 0.02526776 0.        ],0.008149988658625583
111,MADEUPTOPICa_W45,RELIGATTEND,Once a week,[0.73658681 0.2367229  0.02669029 0.        ],0.0007344972737493131
112,MADEUPTOPICa_W45,RELIGATTEND,Once or twice a month,[0.71766735 0.24639608 0.03593657 0.        ],0.005130761710346721
113,MADEUPTOPICa_W45,RELIGATTEND,Seldom,[0.75529151 0.21704288 0.02766561 0.        ],0.003898535563839093
114,MADEUPSMCLICK_W45,RELIGATTEND,A few times a year,[0.05733699 0.28339475 0.38489438 0.17744757 0.09692632],0.006681231232694323
115,MADEUPSMCLICK_W45,RELIGATTEND,More than once a week,[0.05078298 0.23894452 0.32680192 0.24441637 0.13905421],0.00878922968430994
116,MADEUPSMCLICK_W45,RELIGATTEND,Never,[0.05888706 0.22713724 0.35027664 0.25678058 0.10691849],0.00822839437976934
117,MADEUPSMCLICK_W45,RELIGATTEND,Once a week,[0.04859269 0.27070402 0.36487318 0.22252818 0.09330192],0.006324166986948969
118,MADEUPSMCLICK_W45,RELIGATTEND,Once or twice a month,[0.05867765 0.33235906 0.35431738 0.16487787 0.08976804],0.004934885173932756
119,MADEUPSMCLICK_W45,RELIGATTEND,Seldom,[0.0457466  0.26824166 0.3431393  0.2428109  0.10006155],0.0019938153270049512
120,MADEUPLEVELb_W45,RELIGATTEND,A few times a year,[0.17366842 0.57420455 0.25212703 0.        ],0.0017677219267251813
121,MADEUPLEVELb_W45,RELIGATTEND,More than once a week,[0.21948206 0.49615624 0.2843617  0.        ],0.004525392648451231
122,MADEUPLEVELb_W45,RELIGATTEND,Never,[0.1712731  0.49271441 0.33601249 0.        ],0.007757411578056439
123,MADEUPLEVELb_W45,RELIGATTEND,Once a week,[0.17732654 0.54022495 0.2824485  0.        ],0.0028590152958890874
124,MADEUPLEVELb_W45,RELIGATTEND,Once or twice a month,[0.16710375 0.53981612 0.29308013 0.        ],0.0037505081222596204
125,MADEUPLEVELb_W45,RELIGATTEND,Seldom,[0.19474989 0.55656514 0.24868496 0.        ],0.007916124666901315
126,MADEUPRESb_W45,RELIGATTEND,A few times a year,[0.46843084 0.53156916],0.005058238621105787
127,MADEUPRESb_W45,RELIGATTEND,More than once a week,[0.48714665 0.51285335],0.01782075671754629
128,MADEUPRESb_W45,RELIGATTEND,Never,[0.41381396 0.58618604],0.005409600031700121
129,MADEUPRESb_W45,RELIGATTEND,Once a week,[0.46111685 0.53888315],0.0051983725249326405
130,MADEUPRESb_W45,RELIGATTEND,Once or twice a month,[0.48372628 0.51627372],0.0016980416013348155
131,MADEUPRESb_W45,RELIGATTEND,Seldom,[0.40427838 0.59572162],0.01103066300214394
132,INFOKNOWa_W45,RELIGATTEND,A few times a year,[0.4531695 0.5468305],0.002332310914688573
133,INFOKNOWa_W45,RELIGATTEND,More than once a week,[0.48969013 0.51030987],0.032829734937606415
134,INFOKNOWa_W45,RELIGATTEND,Never,[0.4052664 0.5947336],0.011223087317800586
135,INFOKNOWa_W45,RELIGATTEND,Once a week,[0.44415378 0.55584622],0.013276221811078034
136,INFOKNOWa_W45,RELIGATTEND,Once or twice a month,[0.41863617 0.58136383],0.007469072199171007
137,INFOKNOWa_W45,RELIGATTEND,Seldom,[0.44325227 0.55674773],0.007138487531417837
138,INFOCREATEd_W45,RELIGATTEND,A few times a year,[0.32232634 0.53122118 0.14645248 0.        ],0.013517911949428595
139,INFOCREATEd_W45,RELIGATTEND,More than once a week,[0.36191133 0.46013477 0.1779539  0.        ],0.03739910865868217
140,INFOCREATEd_W45,RELIGATTEND,Never,[0.39681458 0.47876229 0.12442313 0.        ],0.009405908582848633
141,INFOCREATEd_W45,RELIGATTEND,Once a week,[0.32811149 0.53228277 0.13960574 0.        ],0.012477281195835787
142,INFOCREATEd_W45,RELIGATTEND,Once or twice a month,[0.3185004  0.52763879 0.15386081 0.        ],0.004306306481266862
143,INFOCREATEd_W45,RELIGATTEND,Seldom,[0.37487328 0.49010118 0.13502554 0.        ],0.008503796941851138
144,INFORESTRICTe_W45,RELIGATTEND,A few times a year,[0.22673232 0.77326768],0.0011537550016593658
145,INFORESTRICTe_W45,RELIGATTEND,More than once a week,[0.18529588 0.81470412],0.014763379294623048
146,INFORESTRICTe_W45,RELIGATTEND,Never,[0.23292504 0.76707496],0.010323132427608189
147,INFORESTRICTe_W45,RELIGATTEND,Once a week,[0.22350861 0.77649139],0.008318300873487235
148,INFORESTRICTe_W45,RELIGATTEND,Once or twice a month,[0.1931597 0.8068403],0.003504218615844371
149,INFORESTRICTe_W45,RELIGATTEND,Seldom,[0.23517676 0.76482324],0.005513030731613458
150,ACCCHECK_W45,RELIGATTEND,A few times a year,[0.26816927 0.52132838 0.16804373 0.04245861],0.008128680102760666
151,ACCCHECK_W45,RELIGATTEND,More than once a week,[0.22388471 0.47665642 0.21368935 0.08576952],0.015057741532220517
152,ACCCHECK_W45,RELIGATTEND,Never,[0.33493959 0.42565094 0.1685154  0.07089407],0.01016503743197484
153,ACCCHECK_W45,RELIGATTEND,Once a week,[0.26305996 0.48440859 0.19451273 0.05801871],0.008080050447525477
154,ACCCHECK_W45,RELIGATTEND,Once or twice a month,[0.30127731 0.49016653 0.16936314 0.03919303],0.0013416756197024001
155,ACCCHECK_W45,RELIGATTEND,Seldom,[0.30360449 0.4542774  0.16976866 0.07234945],0.006124594028906235
156,NEWSPREFV2_W45,RELIGATTEND,A few times a year,[0.06547529 0.07080152 0.44666143 0.12673902 0.29032275],0.0
157,NEWSPREFV2_W45,RELIGATTEND,More than once a week,[0.085642   0.06879125 0.52212324 0.09651187 0.22693164],0.00433511833968569
158,NEWSPREFV2_W45,RELIGATTEND,Never,[0.07543587 0.09415112 0.3315713  0.15064954 0.34819216],0.006448079387327488
159,NEWSPREFV2_W45,RELIGATTEND,Once a week,[0.09453846 0.08741543 0.46307256 0.08747596 0.26749758],0.0020356323356684877
160,NEWSPREFV2_W45,RELIGATTEND,Once or twice a month,[0.05473979 0.08250203 0.42244524 0.17297769 0.26733525],0.0009363913890645011
161,NEWSPREFV2_W45,RELIGATTEND,Seldom,[0.07347618 0.08476671 0.42836994 0.11459344 0.29879374],0.005383876128088934
162,SOURCESKEPb_W45,RELIGATTEND,A few times a year,[0.0261274  0.39256828 0.48319095 0.09811337],0.00443310973986386
163,SOURCESKEPb_W45,RELIGATTEND,More than once a week,[0.02474627 0.31908084 0.50734559 0.1488273 ],0.003454041451685371
164,SOURCESKEPb_W45,RELIGATTEND,Never,[0.02469186 0.3428652  0.48081461 0.15162833],0.0018939093304600025
165,SOURCESKEPb_W45,RELIGATTEND,Once a week,[0.026201   0.4041982  0.44010679 0.12949401],0.007308808579527405
166,SOURCESKEPb_W45,RELIGATTEND,Once or twice a month,[0.02024295 0.36327928 0.45514814 0.16132962],0.004865299233004621
167,SOURCESKEPb_W45,RELIGATTEND,Seldom,[0.03782777 0.36798862 0.48297066 0.11121294],0.004333309407885746
168,INFOCONFUSEd_W45,RELIGATTEND,A few times a year,[0.4744676  0.42293236 0.08998743 0.01261261],0.001274384060711058
169,INFOCONFUSEd_W45,RELIGATTEND,More than once a week,[0.51138218 0.38239585 0.09508969 0.01113228],0.0010693324241395354
170,INFOCONFUSEd_W45,RELIGATTEND,Never,[0.45312581 0.4291637  0.08349035 0.03422014],0.002404894207884595
171,INFOCONFUSEd_W45,RELIGATTEND,Once a week,[0.5246898  0.36363873 0.09189914 0.01977232],0.006135734319331464
172,INFOCONFUSEd_W45,RELIGATTEND,Once or twice a month,[0.50240809 0.41960988 0.07192148 0.00606055],0.0032784411898706184
173,INFOCONFUSEd_W45,RELIGATTEND,Seldom,[0.46485052 0.43034219 0.08477731 0.02002998],0.006558057470892192
174,MADEUPTOPICf_W45,RELIGATTEND,A few times a year,[0.26627707 0.57320605 0.16051688 0.        ],0.0
175,MADEUPTOPICf_W45,RELIGATTEND,More than once a week,[0.2976722  0.60852142 0.09380639 0.        ],0.02773864601993495
176,MADEUPTOPICf_W45,RELIGATTEND,Never,[0.26109195 0.57635467 0.16255339 0.        ],0.008359868598443204
177,MADEUPTOPICf_W45,RELIGATTEND,Once a week,[0.25594649 0.57181188 0.17224163 0.        ],0.0019800169280417067
178,MADEUPTOPICf_W45,RELIGATTEND,Once or twice a month,[0.23754822 0.61199011 0.15046166 0.        ],0.01412203902471837
179,MADEUPTOPICf_W45,RELIGATTEND,Seldom,[0.27294992 0.58236806 0.14468202 0.        ],0.01081155786151537
180,MADEUPDIS_W45,RELIGATTEND,A few times a year,[0.16314063 0.47025689 0.29561014 0.07099234],0.006235251589350511
181,MADEUPDIS_W45,RELIGATTEND,More than once a week,[0.17122733 0.45217666 0.28569546 0.09090056],0.003497700010548047
182,MADEUPDIS_W45,RELIGATTEND,Never,[0.13811291 0.44134071 0.31697748 0.10356891],0.007034041330101462
183,MADEUPDIS_W45,RELIGATTEND,Once a week,[0.17163178 0.45926497 0.29241197 0.07669128],0.0013724409686335644
184,MADEUPDIS_W45,RELIGATTEND,Once or twice a month,[0.16376266 0.51080742 0.26660725 0.05882268],0.003306116140856721
185,MADEUPDIS_W45,RELIGATTEND,Seldom,[0.15680264 0.45826127 0.30029969 0.08463641],0.0036002091267915252
186,NEWSPROBe_W45,RELIGATTEND,A few times a year,[0.40081073 0.31483192 0.23643348 0.04792387],0.007336267285370609
187,NEWSPROBe_W45,RELIGATTEND,More than once a week,[0.46511543 0.33290017 0.16311183 0.03887257],0.0010070649187250602
188,NEWSPROBe_W45,RELIGATTEND,Never,[0.31752478 0.31342313 0.31126668 0.05778541],0.0033455429454842256
189,NEWSPROBe_W45,RELIGATTEND,Once a week,[0.41062087 0.34209713 0.18760471 0.05967729],0.008685543390358756
190,NEWSPROBe_W45,RELIGATTEND,Once or twice a month,[0.39527211 0.31431319 0.24404747 0.04636722],0.010512893175024287
191,NEWSPROBe_W45,RELIGATTEND,Seldom,[0.37676278 0.30095004 0.25581769 0.06646949],0.006040393999129346
192,MADEUPTOPICb_W45,RELIGATTEND,A few times a year,[0.68764593 0.27508381 0.03727025 0.        ],0.0008104596739451674
193,MADEUPTOPICb_W45,RELIGATTEND,More than once a week,[0.6398377  0.31136491 0.0487974  0.        ],0.009614079999945376
194,MADEUPTOPICb_W45,RELIGATTEND,Never,[0.60431463 0.33621936 0.05946601 0.        ],0.005887103834975289
195,MADEUPTOPICb_W45,RELIGATTEND,Once a week,[0.56674524 0.36751608 0.06573868 0.        ],0.002176028476375119
196,MADEUPTOPICb_W45,RELIGATTEND,Once or twice a month,[0.51938092 0.42338699 0.05723209 0.        ],0.0024740339205944857
197,MADEUPTOPICb_W45,RELIGATTEND,Seldom,[0.64318162 0.30995115 0.04686723 0.        ],0.00811768246898518
198,INFOCHALa_W45,RELIGATTEND,A few times a year,[0.62405927 0.27948547 0.06845161 0.02800364],0.01556424766722129
199,INFOCHALa_W45,RELIGATTEND,More than once a week,[0.67924903 0.24347325 0.0614439  0.01583382],0.033598363619574044
200,INFOCHALa_W45,RELIGATTEND,Never,[0.65881235 0.25354306 0.06371063 0.02393395],0.01658915785152552
201,INFOCHALa_W45,RELIGATTEND,Once a week,[0.68180612 0.22950577 0.07011457 0.01857354],0.022407596078316955
202,INFOCHALa_W45,RELIGATTEND,Once or twice a month,[0.66282218 0.25811097 0.06284564 0.01622121],0.009942195155571754
203,INFOCHALa_W45,RELIGATTEND,Seldom,[0.61842409 0.28669595 0.06390696 0.03097299],0.011047712924885331
204,INFOKNOWb_W45,RELIGATTEND,A few times a year,[0.66262186 0.33737814],0.007263996421961346
205,INFOKNOWb_W45,RELIGATTEND,More than once a week,[0.61134657 0.38865343],0.021838971801478733
206,INFOKNOWb_W45,RELIGATTEND,Never,[0.68170799 0.31829201],0.014625381675139887
207,INFOKNOWb_W45,RELIGATTEND,Once a week,[0.65800108 0.34199892],0.019759895607307995
208,INFOKNOWb_W45,RELIGATTEND,Once or twice a month,[0.62787552 0.37212448],0.010885903644740664
209,INFOKNOWb_W45,RELIGATTEND,Seldom,[0.65753044 0.34246956],0.009861105072604083
210,MADEUPSMFOL1_W45,RELIGATTEND,A few times a year,[0.44808076 0.55191924],0.010615096475898533
211,MADEUPSMFOL1_W45,RELIGATTEND,More than once a week,[0.54736292 0.45263708],0.0295644980919174
212,MADEUPSMFOL1_W45,RELIGATTEND,Never,[0.53065731 0.46934269],0.007937075631505412
213,MADEUPSMFOL1_W45,RELIGATTEND,Once a week,[0.45933792 0.54066208],0.010301991268018753
214,MADEUPSMFOL1_W45,RELIGATTEND,Once or twice a month,[0.55572476 0.44427524],0.0012126598563885185
215,MADEUPSMFOL1_W45,RELIGATTEND,Seldom,[0.50328083 0.49671917],0.003304450848898491
216,MADEUPRESd_W45,RELIGATTEND,A few times a year,[0.32346006 0.67653994],0.0023915314998608
217,MADEUPRESd_W45,RELIGATTEND,More than once a week,[0.34954514 0.65045486],0.026687028713938996
218,MADEUPRESd_W45,RELIGATTEND,Never,[0.3259045 0.6740955],0.003948064579187105
219,MADEUPRESd_W45,RELIGATTEND,Once a week,[0.26723827 0.73276173],0.013371263437576946
220,MADEUPRESd_W45,RELIGATTEND,Once or twice a month,[0.3658302 0.6341698],0.0013966812593519465
221,MADEUPRESd_W45,RELIGATTEND,Seldom,[0.32969563 0.67030437],0.012134793966175646
222,INFOWHYb_W45,RELIGATTEND,A few times a year,[0.82846979 0.13517774 0.03635248],0.007698990598437636
223,INFOWHYb_W45,RELIGATTEND,More than once a week,[0.87570773 0.0965959  0.02769638],0.011971259777943645
224,INFOWHYb_W45,RELIGATTEND,Never,[0.89166393 0.07958659 0.02874947],0.004085407307724321
225,INFOWHYb_W45,RELIGATTEND,Once a week,[0.88620138 0.06957898 0.04421964],0.007544839087165471
226,INFOWHYb_W45,RELIGATTEND,Once or twice a month,[0.86129596 0.12311405 0.01558999],0.0024425558068444744
227,INFOWHYb_W45,RELIGATTEND,Seldom,[0.85329478 0.10900675 0.03769847],0.0020112972497779735
228,INFOOWNc_W45,RELIGATTEND,A few times a year,[0.5968892 0.4031108],0.003647040727185918
229,INFOOWNc_W45,RELIGATTEND,More than once a week,[0.53479245 0.46520755],0.021831643940772354
230,INFOOWNc_W45,RELIGATTEND,Never,[0.63461761 0.36538239],0.015134297621837966
231,INFOOWNc_W45,RELIGATTEND,Once a week,[0.56432555 0.43567445],0.016644421580863714
232,INFOOWNc_W45,RELIGATTEND,Once or twice a month,[0.5478218 0.4521782],0.010216525253811929
233,INFOOWNc_W45,RELIGATTEND,Seldom,[0.58597336 0.41402664],0.010822882270234528
234,INFOCREATEa_W45,RELIGATTEND,A few times a year,[0.38576474 0.43075735 0.18347791 0.        ],0.006135018675167678
235,INFOCREATEa_W45,RELIGATTEND,More than once a week,[0.44385643 0.38846752 0.16767605 0.        ],0.012231455880019452
236,INFOCREATEa_W45,RELIGATTEND,Never,[0.32260385 0.38909483 0.28830132 0.        ],0.005867446847981127
237,INFOCREATEa_W45,RELIGATTEND,Once a week,[0.42797493 0.40872274 0.16330233 0.        ],0.000806171462042879
238,INFOCREATEa_W45,RELIGATTEND,Once or twice a month,[0.38508002 0.42822901 0.18669097 0.        ],0.0006621441043702186
239,INFOCREATEa_W45,RELIGATTEND,Seldom,[0.38397771 0.42853032 0.18749196 0.        ],0.010019335138689819
240,SEEK_W45,RELIGATTEND,A few times a year,[0.60498893 0.39501107],0.006200575085896319
241,SEEK_W45,RELIGATTEND,More than once a week,[0.62333444 0.37666556],0.007884552471424352
242,SEEK_W45,RELIGATTEND,Never,[0.58468084 0.41531916],0.006058670810845959
243,SEEK_W45,RELIGATTEND,Once a week,[0.63337079 0.36662921],0.013579419393205778
244,SEEK_W45,RELIGATTEND,Once or twice a month,[0.55980193 0.44019807],0.005011645303344522
245,SEEK_W45,RELIGATTEND,Seldom,[0.60587298 0.39412702],0.005984298075222648
246,INFORESTRICTd_W45,RELIGATTEND,A few times a year,[0.57785443 0.42214557],0.01235445431076984
247,INFORESTRICTd_W45,RELIGATTEND,More than once a week,[0.60644863 0.39355137],0.02498193002647259
248,INFORESTRICTd_W45,RELIGATTEND,Never,[0.65763814 0.34236186],0.015617326957345598
249,INFORESTRICTd_W45,RELIGATTEND,Once a week,[0.62275515 0.37724485],0.010983667188494422
250,INFORESTRICTd_W45,RELIGATTEND,Once or twice a month,[0.60632273 0.39367727],0.006337491027970643
251,INFORESTRICTd_W45,RELIGATTEND,Seldom,[0.63520403 0.36479597],0.008215484780577856
252,INFOCONFUSEa_W45,RELIGATTEND,A few times a year,[0.62431196 0.29304246 0.06617599 0.01646959],0.00443462333109136
253,INFOCONFUSEa_W45,RELIGATTEND,More than once a week,[0.65583832 0.23394814 0.08079005 0.02942349],0.0004775119143159806
254,INFOCONFUSEa_W45,RELIGATTEND,Never,[0.69756138 0.22998469 0.04161889 0.03083505],0.00013537371584995109
255,INFOCONFUSEa_W45,RELIGATTEND,Once a week,[0.67407974 0.23868628 0.04471531 0.04251868],0.004840459817971718
256,INFOCONFUSEa_W45,RELIGATTEND,Once or twice a month,[0.68461105 0.20414116 0.06680823 0.04443956],0.002262429464158758
257,INFOCONFUSEa_W45,RELIGATTEND,Seldom,[0.67349165 0.24796334 0.04864627 0.02989873],0.0036390831293772676
258,WATCHDOG_1_W45,RELIGATTEND,A few times a year,[0.31427538 0.68572462],0.018142705662132497
259,WATCHDOG_1_W45,RELIGATTEND,More than once a week,[0.37157153 0.62842847],0.0636450403941466
260,WATCHDOG_1_W45,RELIGATTEND,Never,[0.23645208 0.76354792],0.034979067607929334
261,WATCHDOG_1_W45,RELIGATTEND,Once a week,[0.33034342 0.66965658],0.03331843946662845
262,WATCHDOG_1_W45,RELIGATTEND,Once or twice a month,[0.34468125 0.65531875],0.02354937255766778
263,WATCHDOG_1_W45,RELIGATTEND,Seldom,[0.3188486 0.6811514],0.01843389552981557
264,MADEUPIMPd_W45,RELIGATTEND,A few times a year,[0.32591035 0.4652499  0.16160248 0.04723727],0.011346744454278647
265,MADEUPIMPd_W45,RELIGATTEND,More than once a week,[0.39365233 0.34022582 0.21729584 0.04882601],0.011585643456973113
266,MADEUPIMPd_W45,RELIGATTEND,Never,[0.33263575 0.42656497 0.18160512 0.05919416],0.00785807341401534
267,MADEUPIMPd_W45,RELIGATTEND,Once a week,[0.36361209 0.43210393 0.14717756 0.05710642],0.011016714703851599
268,MADEUPIMPd_W45,RELIGATTEND,Once or twice a month,[0.39370636 0.41688059 0.13794239 0.05147065],0.000526041613233834
269,MADEUPIMPd_W45,RELIGATTEND,Seldom,[0.37569609 0.40985273 0.16827632 0.04617485],0.011562421469677411
270,INFOOWNb_W45,RELIGATTEND,A few times a year,[0.7730916 0.2269084],0.0074379811726837
271,INFOOWNb_W45,RELIGATTEND,More than once a week,[0.71126134 0.28873866],0.029577998887320676
272,INFOOWNb_W45,RELIGATTEND,Never,[0.83061669 0.16938331],0.015495562059834404
273,INFOOWNb_W45,RELIGATTEND,Once a week,[0.77660984 0.22339016],0.016186800184576272
274,INFOOWNb_W45,RELIGATTEND,Once or twice a month,[0.81135751 0.18864249],0.009496368074620886
275,INFOOWNb_W45,RELIGATTEND,Seldom,[0.79583432 0.20416568],0.016820046843169588
276,SMSHARER_W45,RELIGATTEND,A few times a year,[0.10153472 0.89846528],0.019178615837695565
277,SMSHARER_W45,RELIGATTEND,More than once a week,[0.13751489 0.86248511],0.014996095768420654
278,SMSHARER_W45,RELIGATTEND,Never,[0.10597628 0.89402372],0.013623937067659323
279,SMSHARER_W45,RELIGATTEND,Once a week,[0.13844687 0.86155313],0.012606048998215946
280,SMSHARER_W45,RELIGATTEND,Once or twice a month,[0.12725034 0.87274966],0.014962183404384244
281,SMSHARER_W45,RELIGATTEND,Seldom,[0.1297007 0.8702993],0.007973250379674841
282,FCFAIR_W45,RELIGATTEND,A few times a year,[0.51125519 0.48874481],0.010226083328663222
283,FCFAIR_W45,RELIGATTEND,More than once a week,[0.50418682 0.49581318],0.03271776258120826
284,FCFAIR_W45,RELIGATTEND,Never,[0.55476244 0.44523756],0.024383862136010515
285,FCFAIR_W45,RELIGATTEND,Once a week,[0.44161712 0.55838288],0.03540947687956863
286,FCFAIR_W45,RELIGATTEND,Once or twice a month,[0.54110686 0.45889314],0.0028013720321550103
287,FCFAIR_W45,RELIGATTEND,Seldom,[0.51118589 0.48881411],0.01861174380374798
288,INFOCONFUSEe_W45,RELIGATTEND,A few times a year,[0.62734479 0.28540096 0.05812325 0.02913099],0.0008565595740174288
289,INFOCONFUSEe_W45,RELIGATTEND,More than once a week,[0.59390105 0.27906099 0.10162154 0.02541642],0.010631508306625893
290,INFOCONFUSEe_W45,RELIGATTEND,Never,[0.63609575 0.27597998 0.04999098 0.03793328],0.0019872364846712154
291,INFOCONFUSEe_W45,RELIGATTEND,Once a week,[0.65401791 0.24570697 0.06686686 0.03340826],0.0046638498956967905
292,INFOCONFUSEe_W45,RELIGATTEND,Once or twice a month,[0.6145322  0.30366652 0.05934629 0.02245499],0.005211680130840813
293,INFOCONFUSEe_W45,RELIGATTEND,Seldom,[0.63858625 0.25994967 0.06642476 0.03503932],0.006924962055790151
294,MADEUPTOPICe_W45,RELIGATTEND,A few times a year,[0.19676519 0.47176872 0.33146609 0.        ],0.005408873449757001
295,MADEUPTOPICe_W45,RELIGATTEND,More than once a week,[0.18530657 0.33654305 0.47815038 0.        ],0.008692609039092955
296,MADEUPTOPICe_W45,RELIGATTEND,Never,[0.17817304 0.42859193 0.39323503 0.        ],0.006216691156806155
297,MADEUPTOPICe_W45,RELIGATTEND,Once a week,[0.19346149 0.44539558 0.36114293 0.        ],0.0010579525886731363
298,MADEUPTOPICe_W45,RELIGATTEND,Once or twice a month,[0.1656218  0.44892479 0.38545341 0.        ],0.0
299,MADEUPTOPICe_W45,RELIGATTEND,Seldom,[0.18355747 0.46537457 0.35106796 0.        ],0.003241187392273842
300,INFOOWNa_W45,RELIGATTEND,A few times a year,[0.65424544 0.34575456],0.0023597649749283493
301,INFOOWNa_W45,RELIGATTEND,More than once a week,[0.59901576 0.40098424],0.030570139682446557
302,INFOOWNa_W45,RELIGATTEND,Never,[0.66943017 0.33056983],0.016156194411680275
303,INFOOWNa_W45,RELIGATTEND,Once a week,[0.58946488 0.41053512],0.0126225966713873
304,INFOOWNa_W45,RELIGATTEND,Once or twice a month,[0.60816222 0.39183778],0.0033187414335554425
305,INFOOWNa_W45,RELIGATTEND,Seldom,[0.64662398 0.35337602],0.019316117820617484
306,INFOCHALb_W45,RELIGATTEND,A few times a year,[0.43703132 0.39123407 0.13523998 0.03649463],0.01773511704238088
307,INFOCHALb_W45,RELIGATTEND,More than once a week,[0.41158557 0.41260681 0.13976419 0.03604343],0.04228121836167846
308,INFOCHALb_W45,RELIGATTEND,Never,[0.45302354 0.38511463 0.13217082 0.029691  ],0.016229044998904384
309,INFOCHALb_W45,RELIGATTEND,Once a week,[0.42023754 0.43097318 0.12323937 0.0255499 ],0.027187495747612467
310,INFOCHALb_W45,RELIGATTEND,Once or twice a month,[0.36428276 0.46194213 0.13894491 0.0348302 ],0.012534632158049475
311,INFOCHALb_W45,RELIGATTEND,Seldom,[0.41759523 0.42163017 0.11846241 0.04231219],0.017684764602399695
312,INFOWHYa_W45,RELIGATTEND,A few times a year,[0.70388565 0.2493705  0.04674385],0.009354168269997805
313,INFOWHYa_W45,RELIGATTEND,More than once a week,[0.72281193 0.21191507 0.065273  ],0.017851656762952313
314,INFOWHYa_W45,RELIGATTEND,Never,[0.72142821 0.21142998 0.06714181],0.004837860745870529
315,INFOWHYa_W45,RELIGATTEND,Once a week,[0.67773938 0.24574656 0.07651405],0.005213365190412553
316,INFOWHYa_W45,RELIGATTEND,Once or twice a month,[0.72179432 0.234014   0.04419168],0.0028607519389195544
317,INFOWHYa_W45,RELIGATTEND,Seldom,[0.7276568  0.20701609 0.06532711],0.00476546704651328
318,SOURCESKEPc_W45,RELIGATTEND,A few times a year,[0.04663983 0.50157358 0.36911018 0.08267641],0.0009124562081052321
319,SOURCESKEPc_W45,RELIGATTEND,More than once a week,[0.04923043 0.49498085 0.33031497 0.12547375],0.014389284477722017
320,SOURCESKEPc_W45,RELIGATTEND,Never,[0.02971269 0.45746799 0.40427033 0.108549  ],0.0011628313621278715
321,SOURCESKEPc_W45,RELIGATTEND,Once a week,[0.04922754 0.51279444 0.36151466 0.07646337],0.000591473688690529
322,SOURCESKEPc_W45,RELIGATTEND,Once or twice a month,[0.06239315 0.49536785 0.35318951 0.0890495 ],0.0
323,SOURCESKEPc_W45,RELIGATTEND,Seldom,[0.04518633 0.48623978 0.37874998 0.08982391],0.0
324,SOURCESKEPa_W45,RELIGATTEND,A few times a year,[0.35868489 0.50874199 0.10451794 0.02805519],0.0005722572738678878
325,SOURCESKEPa_W45,RELIGATTEND,More than once a week,[0.32922283 0.46360195 0.1407435  0.06643172],0.0
326,SOURCESKEPa_W45,RELIGATTEND,Never,[0.37886332 0.47790394 0.08978652 0.05344623],0.0004178031994480811
327,SOURCESKEPa_W45,RELIGATTEND,Once a week,[0.37955835 0.50599825 0.08709423 0.02734917],0.006648356727156534
328,SOURCESKEPa_W45,RELIGATTEND,Once or twice a month,[0.3875259  0.45068396 0.11800721 0.04378293],0.000808341421492272
329,SOURCESKEPa_W45,RELIGATTEND,Seldom,[0.34805308 0.50964389 0.1132593  0.02904373],0.004284584097306366
330,INFOCHALc_W45,RELIGATTEND,A few times a year,[0.4117036  0.41647466 0.1346748  0.03714695],0.013188874617131599
331,INFOCHALc_W45,RELIGATTEND,More than once a week,[0.4049113  0.39744171 0.17236456 0.02528244],0.030056158657690214
332,INFOCHALc_W45,RELIGATTEND,Never,[0.44375386 0.38219339 0.13733265 0.0367201 ],0.017037110666498233
333,INFOCHALc_W45,RELIGATTEND,Once a week,[0.38317157 0.45068856 0.14052132 0.02561855],0.021699761009289
334,INFOCHALc_W45,RELIGATTEND,Once or twice a month,[0.39374963 0.45467554 0.11900344 0.03257139],0.010745203604314515
335,INFOCHALc_W45,RELIGATTEND,Seldom,[0.40223665 0.4166962  0.14533224 0.03573492],0.020162634999911267
336,DIGWDOG_3_W45,RELIGATTEND,A few times a year,[0.31242598 0.37107679 0.31649723],0.011516331845194296
337,DIGWDOG_3_W45,RELIGATTEND,More than once a week,[0.32662288 0.28722259 0.38615453],0.008151850086809059
338,DIGWDOG_3_W45,RELIGATTEND,Never,[0.31671823 0.28872531 0.39455646],0.008444184504689325
339,DIGWDOG_3_W45,RELIGATTEND,Once a week,[0.32310392 0.29477851 0.38211757],0.007264550109272942
340,DIGWDOG_3_W45,RELIGATTEND,Once or twice a month,[0.31129682 0.38484096 0.30386222],0.002709354477975536
341,DIGWDOG_3_W45,RELIGATTEND,Seldom,[0.29224919 0.34200335 0.36574746],0.006782375442387039
342,VIDOFT_W45,RELIGATTEND,A few times a year,[0.15528667 0.52739808 0.27028696 0.04702829],0.012119645799665861
343,VIDOFT_W45,RELIGATTEND,More than once a week,[0.14642163 0.49552397 0.27323201 0.08482239],0.02447638254061139
344,VIDOFT_W45,RELIGATTEND,Never,[0.15880897 0.50204465 0.27715154 0.06199483],0.013458944827638515
345,VIDOFT_W45,RELIGATTEND,Once a week,[0.11051755 0.53420844 0.29215854 0.06311546],0.025712715818672283
346,VIDOFT_W45,RELIGATTEND,Once or twice a month,[0.13492838 0.55426038 0.24835451 0.06245673],0.011362439827340289
347,VIDOFT_W45,RELIGATTEND,Seldom,[0.17189465 0.51988455 0.23345492 0.07476587],0.010226556674058642
348,MADEUPLEVELa_W45,RELIGATTEND,A few times a year,[0.57435765 0.3696386  0.05600375 0.        ],0.006795147518671549
349,MADEUPLEVELa_W45,RELIGATTEND,More than once a week,[0.61555712 0.32765244 0.05679043 0.        ],0.01802147501284108
350,MADEUPLEVELa_W45,RELIGATTEND,Never,[0.60367939 0.34907951 0.0472411  0.        ],0.005802393412064585
351,MADEUPLEVELa_W45,RELIGATTEND,Once a week,[0.5780998  0.36854032 0.05335988 0.        ],0.0044455894172053655
352,MADEUPLEVELa_W45,RELIGATTEND,Once or twice a month,[0.59382894 0.37245209 0.03371897 0.        ],0.000631361611604923
353,MADEUPLEVELa_W45,RELIGATTEND,Seldom,[0.58748672 0.37446019 0.03805309 0.        ],0.009441940748894298
354,INFOCREATEc_W45,RELIGATTEND,A few times a year,[0.27072644 0.52569805 0.20357551 0.        ],0.010578772466755718
355,INFOCREATEc_W45,RELIGATTEND,More than once a week,[0.192161   0.58154709 0.22629191 0.        ],0.019960845433218022
356,INFOCREATEc_W45,RELIGATTEND,Never,[0.27048429 0.55215886 0.17735685 0.        ],0.005636713122712713
357,INFOCREATEc_W45,RELIGATTEND,Once a week,[0.24732268 0.56220799 0.19046933 0.        ],0.00404704768988007
358,INFOCREATEc_W45,RELIGATTEND,Once or twice a month,[0.26169153 0.55830312 0.18000535 0.        ],0.01567550806524336
359,INFOCREATEc_W45,RELIGATTEND,Seldom,[0.29081353 0.53207969 0.17710679 0.        ],0.008130856175900621
360,MADEUPIMPb_W45,RELIGATTEND,A few times a year,[0.49838817 0.38738482 0.09875876 0.01546825],0.008506092706290797
361,MADEUPIMPb_W45,RELIGATTEND,More than once a week,[0.5272676  0.33782706 0.11028574 0.0246196 ],0.01295609083682342
362,MADEUPIMPb_W45,RELIGATTEND,Never,[0.59094807 0.29649034 0.08548689 0.02707469],0.0038197880819730292
363,MADEUPIMPb_W45,RELIGATTEND,Once a week,[0.5192215  0.3729341  0.07893832 0.02890608],0.0026606973280830374
364,MADEUPIMPb_W45,RELIGATTEND,Once or twice a month,[0.54901664 0.36276684 0.07295644 0.01526007],0.0010796020426051224
365,MADEUPIMPb_W45,RELIGATTEND,Seldom,[0.54130696 0.35133709 0.0816428  0.02571314],0.00701820284643205
366,INFOCONFUSEc_W45,RELIGATTEND,A few times a year,[0.48471361 0.40249442 0.09104975 0.02174222],0.0
367,INFOCONFUSEc_W45,RELIGATTEND,More than once a week,[0.56104122 0.30327913 0.11824438 0.01743526],0.009542892191535134
368,INFOCONFUSEc_W45,RELIGATTEND,Never,[0.50177528 0.40264575 0.06936508 0.02621389],0.005174322631843581
369,INFOCONFUSEc_W45,RELIGATTEND,Once a week,[0.57511337 0.33389383 0.06672458 0.02426823],0.004693895706771572
370,INFOCONFUSEc_W45,RELIGATTEND,Once or twice a month,[0.54271803 0.35136258 0.09729113 0.00862826],0.0
371,INFOCONFUSEc_W45,RELIGATTEND,Seldom,[0.50746077 0.38652931 0.08093326 0.02507666],0.004395145395892565
372,SMLIKESd_W45,RELIGATTEND,A few times a year,[0.12950797 0.42418363 0.44630839],0.004930949690795643
373,SMLIKESd_W45,RELIGATTEND,More than once a week,[0.16443078 0.33494773 0.50062149],0.0
374,SMLIKESd_W45,RELIGATTEND,Never,[0.11406126 0.28278091 0.60315784],0.008345602276910682
375,SMLIKESd_W45,RELIGATTEND,Once a week,[0.16913996 0.3810981  0.44976194],0.001727990471907054
376,SMLIKESd_W45,RELIGATTEND,Once or twice a month,[0.17374209 0.36224177 0.46401615],0.009432030193050698
377,SMLIKESd_W45,RELIGATTEND,Seldom,[0.11315767 0.33998782 0.54685451],0.0010903857580907184
378,NEWS_PLATFORMh_W45,RELIGATTEND,A few times a year,[0.43976819 0.34738053 0.14334347 0.0695078 ],0.003276636455531627
379,NEWS_PLATFORMh_W45,RELIGATTEND,More than once a week,[0.35460112 0.37581998 0.18149324 0.08808566],0.002912332742932143
380,NEWS_PLATFORMh_W45,RELIGATTEND,Never,[0.45505135 0.28946226 0.14653822 0.10894818],0.0003829945128525564
381,NEWS_PLATFORMh_W45,RELIGATTEND,Once a week,[0.40054766 0.32470394 0.19006286 0.08468554],0.0013785528069651936
382,NEWS_PLATFORMh_W45,RELIGATTEND,Once or twice a month,[0.44918239 0.35804079 0.13720423 0.05557259],0.0018586576934755124
383,NEWS_PLATFORMh_W45,RELIGATTEND,Seldom,[0.43683415 0.3429931  0.15001425 0.07015849],0.000797517872422253
384,INFOCONFUSEb_W45,RELIGATTEND,A few times a year,[0.27885718 0.4881786  0.18993394 0.04303027],0.002372299236448994
385,INFOCONFUSEb_W45,RELIGATTEND,More than once a week,[0.31803568 0.4734592  0.18677027 0.02173485],0.015312924386384357
386,INFOCONFUSEb_W45,RELIGATTEND,Never,[0.20624575 0.44618213 0.26991397 0.07765815],0.010759545071932644
387,INFOCONFUSEb_W45,RELIGATTEND,Once a week,[0.2737154  0.49005694 0.19768119 0.03854647],0.007060495730899862
388,INFOCONFUSEb_W45,RELIGATTEND,Once or twice a month,[0.25093325 0.50886061 0.18884388 0.05136226],0.008765444325852391
389,INFOCONFUSEb_W45,RELIGATTEND,Seldom,[0.23493764 0.50172011 0.21209806 0.05124419],0.012230765210558223
390,NEWS_PLATFORMg_W45,RELIGATTEND,A few times a year,[0.27354013 0.34139415 0.19517808 0.18988763],0.0
391,NEWS_PLATFORMg_W45,RELIGATTEND,More than once a week,[0.23284712 0.29778215 0.22238937 0.24698136],0.008473559767395599
392,NEWS_PLATFORMg_W45,RELIGATTEND,Never,[0.26409047 0.25877668 0.19841386 0.27871899],0.0
393,NEWS_PLATFORMg_W45,RELIGATTEND,Once a week,[0.22707016 0.29541363 0.21837233 0.25914388],0.002362931185065264
394,NEWS_PLATFORMg_W45,RELIGATTEND,Once or twice a month,[0.28005622 0.33329738 0.21069185 0.17595454],0.0011426028365923919
395,NEWS_PLATFORMg_W45,RELIGATTEND,Seldom,[0.24594117 0.28865706 0.23593134 0.22947043],0.000489171721614615
396,NEWSPROBc_W45,RELIGATTEND,A few times a year,[0.22139587 0.34769241 0.27848689 0.15242483],0.00953287893508896
397,NEWSPROBc_W45,RELIGATTEND,More than once a week,[0.18680012 0.34286508 0.27420737 0.19612743],0.007330447342174781
398,NEWSPROBc_W45,RELIGATTEND,Never,[0.12934663 0.29863461 0.31175398 0.26026478],0.010162611914281854
399,NEWSPROBc_W45,RELIGATTEND,Once a week,[0.18098967 0.33776589 0.28760901 0.19363542],0.007541618123289696
400,NEWSPROBc_W45,RELIGATTEND,Once or twice a month,[0.11309733 0.43258846 0.3378778  0.1164364 ],0.0
401,NEWSPROBc_W45,RELIGATTEND,Seldom,[0.1859654  0.33109171 0.29293273 0.19001017],0.0076100622128558925
402,ONLINESOURCE_W45,RELIGATTEND,A few times a year,[0.84603303 0.15396697],0.20118564823536347
403,ONLINESOURCE_W45,RELIGATTEND,More than once a week,[0.79408409 0.20591591],0.24267350201636612
404,ONLINESOURCE_W45,RELIGATTEND,Never,[0.86680754 0.13319246],0.20810295058269893
405,ONLINESOURCE_W45,RELIGATTEND,Once a week,[0.86694826 0.13305174],0.1992825320215971
406,ONLINESOURCE_W45,RELIGATTEND,Once or twice a month,[0.86152551 0.13847449],0.24262362525319578
407,ONLINESOURCE_W45,RELIGATTEND,Seldom,[0.81847876 0.18152124],0.20882553308218968
408,MADEUPSOLVE_W45,RELIGATTEND,A few times a year,[0.074457   0.37604839 0.54949461],0.006237320387768071
409,MADEUPSOLVE_W45,RELIGATTEND,More than once a week,[0.07282879 0.28271346 0.64445775],0.013942448129581939
410,MADEUPSOLVE_W45,RELIGATTEND,Never,[0.11822626 0.31705583 0.56471791],0.01115040445036637
411,MADEUPSOLVE_W45,RELIGATTEND,Once a week,[0.1258885  0.29391543 0.58019607],0.01458689782508578
412,MADEUPSOLVE_W45,RELIGATTEND,Once or twice a month,[0.12042559 0.32166985 0.55790456],0.0013416756197024001
413,MADEUPSOLVE_W45,RELIGATTEND,Seldom,[0.09612449 0.34538975 0.55848576],0.01052333713404209
414,INFOCREATEe_W45,RELIGATTEND,A few times a year,[0.52129341 0.40723004 0.07147654 0.        ],0.007903836750296914
415,INFOCREATEe_W45,RELIGATTEND,More than once a week,[0.56308928 0.37449546 0.06241526 0.        ],0.020304399613269984
416,INFOCREATEe_W45,RELIGATTEND,Never,[0.52452567 0.38379753 0.0916768  0.        ],0.006626720345713857
417,INFOCREATEe_W45,RELIGATTEND,Once a week,[0.58000812 0.36409358 0.0558983  0.        ],0.0034864296029048004
418,INFOCREATEe_W45,RELIGATTEND,Once or twice a month,[0.59707635 0.32348511 0.07943854 0.        ],0.0015472221522135432
419,INFOCREATEe_W45,RELIGATTEND,Seldom,[0.52603499 0.41502778 0.05893723 0.        ],0.009342610375253028
420,MADEUPSMFOL2_W45,RELIGATTEND,A few times a year,[0.48673673 0.51326327],0.011223718358589173
421,MADEUPSMFOL2_W45,RELIGATTEND,More than once a week,[0.4864717 0.5135283],0.027154637198793855
422,MADEUPSMFOL2_W45,RELIGATTEND,Never,[0.54489236 0.45510764],0.00783162828635032
423,MADEUPSMFOL2_W45,RELIGATTEND,Once a week,[0.48201779 0.51798221],0.010748762120490843
424,MADEUPSMFOL2_W45,RELIGATTEND,Once or twice a month,[0.56753794 0.43246206],0.0
425,MADEUPSMFOL2_W45,RELIGATTEND,Seldom,[0.46653737 0.53346263],0.0035310075741796
426,MADEUPIMPc_W45,RELIGATTEND,A few times a year,[0.49922495 0.36507748 0.10400179 0.03169579],0.011645774681463826
427,MADEUPIMPc_W45,RELIGATTEND,More than once a week,[0.52815227 0.31404717 0.12542797 0.03237259],0.016300769279404787
428,MADEUPIMPc_W45,RELIGATTEND,Never,[0.46577102 0.37341365 0.11792949 0.04288584],0.005725630990478493
429,MADEUPIMPc_W45,RELIGATTEND,Once a week,[0.52875924 0.33605146 0.1022793  0.03290999],0.004781639032588915
430,MADEUPIMPc_W45,RELIGATTEND,Once or twice a month,[0.57028832 0.33069399 0.07630161 0.02271608],0.0
431,MADEUPIMPc_W45,RELIGATTEND,Seldom,[0.54002977 0.32277512 0.10065111 0.03654399],0.011047056451524304
432,DISAVOID_W45,RELIGATTEND,A few times a year,[0.4576041 0.5423959],0.003990078196418469
433,DISAVOID_W45,RELIGATTEND,More than once a week,[0.47360978 0.52639022],0.003909569990913004
434,DISAVOID_W45,RELIGATTEND,Never,[0.54110223 0.45889777],0.0047667705310534955
435,DISAVOID_W45,RELIGATTEND,Once a week,[0.48972138 0.51027862],0.0012497793992693516
436,DISAVOID_W45,RELIGATTEND,Once or twice a month,[0.53987727 0.46012273],0.0
437,DISAVOID_W45,RELIGATTEND,Seldom,[0.47013963 0.52986037],0.005601392886242122
438,INFOOWNe_W45,RELIGATTEND,A few times a year,[0.56870123 0.43129877],0.002058499145451215
439,INFOOWNe_W45,RELIGATTEND,More than once a week,[0.51508651 0.48491349],0.019329200639454393
440,INFOOWNe_W45,RELIGATTEND,Never,[0.53262502 0.46737498],0.014197222241673404
441,INFOOWNe_W45,RELIGATTEND,Once a week,[0.49210071 0.50789929],0.01825616644517595
442,INFOOWNe_W45,RELIGATTEND,Once or twice a month,[0.49452163 0.50547837],0.00660656241581883
443,INFOOWNe_W45,RELIGATTEND,Seldom,[0.56822747 0.43177253],0.010044559321957096
444,INFOKNOWe_W45,RELIGATTEND,A few times a year,[0.4196269 0.5803731],0.004126863042208335
445,INFOKNOWe_W45,RELIGATTEND,More than once a week,[0.42855637 0.57144363],0.016947903069237588
446,INFOKNOWe_W45,RELIGATTEND,Never,[0.35795554 0.64204446],0.010020922682629997
447,INFOKNOWe_W45,RELIGATTEND,Once a week,[0.40290459 0.59709541],0.014204802260271453
448,INFOKNOWe_W45,RELIGATTEND,Once or twice a month,[0.33142466 0.66857534],0.0064571085150762165
449,INFOKNOWe_W45,RELIGATTEND,Seldom,[0.37684163 0.62315837],0.011028173013812306
450,SMLIKESf_W45,RELIGATTEND,A few times a year,[0.45558767 0.4920604  0.05235193],0.007978279702582568
451,SMLIKESf_W45,RELIGATTEND,More than once a week,[0.50279223 0.36693949 0.13026828],0.0
452,SMLIKESf_W45,RELIGATTEND,Never,[0.49606686 0.39289967 0.11103347],0.008343496781229377
453,SMLIKESf_W45,RELIGATTEND,Once a week,[0.51163898 0.38176169 0.10659934],0.001727990471907054
454,SMLIKESf_W45,RELIGATTEND,Once or twice a month,[0.47200183 0.39263444 0.13536373],0.009432030193050698
455,SMLIKESf_W45,RELIGATTEND,Seldom,[0.50291712 0.40916054 0.08792233],0.0010903857580907184
456,INFOWHYd_W45,RELIGATTEND,A few times a year,[0.13400175 0.41697952 0.44901873],0.008842684828537232
457,INFOWHYd_W45,RELIGATTEND,More than once a week,[0.17848622 0.33629632 0.48521745],0.014196677827350639
458,INFOWHYd_W45,RELIGATTEND,Never,[0.11406475 0.42864434 0.4572909 ],0.006060575824978346
459,INFOWHYd_W45,RELIGATTEND,Once a week,[0.11946382 0.39141713 0.48911905],0.0032893763228577753
460,INFOWHYd_W45,RELIGATTEND,Once or twice a month,[0.16340723 0.37491334 0.46167943],0.0031376553717952214
461,INFOWHYd_W45,RELIGATTEND,Seldom,[0.1060806  0.43557964 0.45833976],0.004519307921301011
462,NEWSPROBa_W45,RELIGATTEND,A few times a year,[0.50600283 0.32993062 0.13122809 0.03283846],0.011291950457423544
463,NEWSPROBa_W45,RELIGATTEND,More than once a week,[0.51065782 0.3218907  0.1309417  0.03650978],0.01553917309301944
464,NEWSPROBa_W45,RELIGATTEND,Never,[0.47540462 0.3721017  0.13195053 0.02054316],0.009015494312797894
465,NEWSPROBa_W45,RELIGATTEND,Once a week,[0.50363292 0.35941191 0.11393773 0.02301744],0.009949667655275036
466,NEWSPROBa_W45,RELIGATTEND,Once or twice a month,[0.51386592 0.37394426 0.101337   0.01085283],0.00846291193536206
467,NEWSPROBa_W45,RELIGATTEND,Seldom,[0.49652976 0.3527998  0.11692725 0.03374319],0.006909913392739364
468,MADEUPIMPe_W45,RELIGATTEND,A few times a year,[0.34168548 0.45132663 0.17256875 0.03441914],0.010211875674057866
469,MADEUPIMPe_W45,RELIGATTEND,More than once a week,[0.40489674 0.37932198 0.19227379 0.02350749],0.009206407701589021
470,MADEUPIMPe_W45,RELIGATTEND,Never,[0.38058708 0.38217976 0.18354771 0.05368545],0.00635737094688667
471,MADEUPIMPe_W45,RELIGATTEND,Once a week,[0.35310666 0.45717258 0.15449134 0.03522943],0.00522085180376944
472,MADEUPIMPe_W45,RELIGATTEND,Once or twice a month,[0.36218883 0.42050465 0.19058757 0.02671896],0.0
473,MADEUPIMPe_W45,RELIGATTEND,Seldom,[0.34459975 0.43749787 0.17728502 0.04061737],0.01084673747945908
474,NEWSPROBd_W45,RELIGATTEND,A few times a year,[0.18294848 0.38029789 0.34808895 0.08866468],0.01610470495388818
475,NEWSPROBd_W45,RELIGATTEND,More than once a week,[0.22319758 0.36680314 0.28030587 0.1296934 ],0.0069767569098661015
476,NEWSPROBd_W45,RELIGATTEND,Never,[0.17877915 0.44195986 0.27404889 0.1052121 ],0.008957198213566893
477,NEWSPROBd_W45,RELIGATTEND,Once a week,[0.18619334 0.46403089 0.22654395 0.12323182],0.0023034212513803718
478,NEWSPROBd_W45,RELIGATTEND,Once or twice a month,[0.25492618 0.4111288  0.26890106 0.06504397],0.010512893175024287
479,NEWSPROBd_W45,RELIGATTEND,Seldom,[0.167844   0.40818036 0.30699527 0.11698037],0.004524045378433363
480,SOURCESKEPe_W45,RELIGATTEND,A few times a year,[0.046519   0.36201647 0.38184744 0.2096171 ],0.009177271293339903
481,SOURCESKEPe_W45,RELIGATTEND,More than once a week,[0.04640145 0.26380094 0.44780999 0.24198762],0.01641651948767029
482,SOURCESKEPe_W45,RELIGATTEND,Never,[0.03404222 0.31209746 0.3785932  0.27526713],0.011023187018169277
483,SOURCESKEPe_W45,RELIGATTEND,Once a week,[0.04554195 0.31936083 0.37902837 0.25606886],0.013870712854285911
484,SOURCESKEPe_W45,RELIGATTEND,Once or twice a month,[0.06314607 0.35412855 0.35680512 0.22592026],0.005700333922073954
485,SOURCESKEPe_W45,RELIGATTEND,Seldom,[0.0375218  0.33077212 0.40852638 0.22317969],0.00632713284855383
486,INFOWHYc_W45,RELIGATTEND,A few times a year,[0.52254223 0.37913795 0.09831981],0.00819833599363205
487,INFOWHYc_W45,RELIGATTEND,More than once a week,[0.5670057  0.32155163 0.11144267],0.004024247054656987
488,INFOWHYc_W45,RELIGATTEND,Never,[0.44805193 0.43074486 0.12120321],0.006732458760392316
489,INFOWHYc_W45,RELIGATTEND,Once a week,[0.53244633 0.35591302 0.11164064],0.01014589209714386
490,INFOWHYc_W45,RELIGATTEND,Once or twice a month,[0.47011404 0.43128222 0.09860374],0.0
491,INFOWHYc_W45,RELIGATTEND,Seldom,[0.488452 0.404549 0.106999],0.00518801720238268
492,MADEUPTOPICc_W45,RELIGATTEND,A few times a year,[0.12873681 0.54715358 0.32410961 0.        ],0.002939127291840127
493,MADEUPTOPICc_W45,RELIGATTEND,More than once a week,[0.19953663 0.5139968  0.28646657 0.        ],0.003472410819654891
494,MADEUPTOPICc_W45,RELIGATTEND,Never,[0.18670432 0.46447106 0.34882462 0.        ],0.00303231416753922
495,MADEUPTOPICc_W45,RELIGATTEND,Once a week,[0.20792099 0.51363534 0.27844367 0.        ],0.006390137347584372
496,MADEUPTOPICc_W45,RELIGATTEND,Once or twice a month,[0.11129848 0.60694943 0.28175209 0.        ],0.0025700281731763377
497,MADEUPTOPICc_W45,RELIGATTEND,Seldom,[0.17334981 0.55568629 0.2709639  0.        ],0.003595669479304029
498,MADEUPTOPICd_W45,RELIGATTEND,A few times a year,[0.25658667 0.53843367 0.20497966 0.        ],0.003010775946664625
499,MADEUPTOPICd_W45,RELIGATTEND,More than once a week,[0.28313039 0.57673743 0.14013217 0.        ],0.028330119848259113
500,MADEUPTOPICd_W45,RELIGATTEND,Never,[0.29238918 0.5011795  0.20643132 0.        ],0.004151358639441705
501,MADEUPTOPICd_W45,RELIGATTEND,Once a week,[0.25560653 0.5801483  0.16424517 0.        ],0.0
502,MADEUPTOPICd_W45,RELIGATTEND,Once or twice a month,[0.26738325 0.51139041 0.22122635 0.        ],0.0025593900918007752
503,MADEUPTOPICd_W45,RELIGATTEND,Seldom,[0.3025392  0.51716339 0.18029741 0.        ],0.007204149711849573
504,INFOCREATEb_W45,RELIGATTEND,A few times a year,[0.60274087 0.34635608 0.05090305 0.        ],0.0036054581434939222
505,INFOCREATEb_W45,RELIGATTEND,More than once a week,[0.59081443 0.36364733 0.04553823 0.        ],0.031093398397735273
506,INFOCREATEb_W45,RELIGATTEND,Never,[0.57377379 0.36630782 0.0599184  0.        ],0.0031330085227012877
507,INFOCREATEb_W45,RELIGATTEND,Once a week,[0.59522438 0.34764559 0.05713003 0.        ],0.009594580449117398
508,INFOCREATEb_W45,RELIGATTEND,Once or twice a month,[0.59540496 0.35434521 0.05024983 0.        ],0.0
509,INFOCREATEb_W45,RELIGATTEND,Seldom,[0.57739809 0.37162024 0.05098167 0.        ],0.0034480713756364894
510,SNSUSE_W45,RELIGATTEND,A few times a year,[0.7804291 0.2195709],0.005321903615554163
511,SNSUSE_W45,RELIGATTEND,More than once a week,[0.70312137 0.29687863],0.004948703272818191
512,SNSUSE_W45,RELIGATTEND,Never,[0.73845714 0.26154286],0.002472098025670791
513,SNSUSE_W45,RELIGATTEND,Once a week,[0.7361084 0.2638916],0.0034511575372062403
514,SNSUSE_W45,RELIGATTEND,Once or twice a month,[0.79212578 0.20787422],0.0017684518297328225
515,SNSUSE_W45,RELIGATTEND,Seldom,[0.76223351 0.23776649],0.0063149085016044335
516,MEDIALOYAL3_W45,RELIGATTEND,A few times a year,[0.42469819 0.57530181],0.006271886684777782
517,MEDIALOYAL3_W45,RELIGATTEND,More than once a week,[0.43779447 0.56220553],0.01346720073606396
518,MEDIALOYAL3_W45,RELIGATTEND,Never,[0.37660746 0.62339254],0.0076553136666366525
519,MEDIALOYAL3_W45,RELIGATTEND,Once a week,[0.38864134 0.61135866],0.006382786876727021
520,MEDIALOYAL3_W45,RELIGATTEND,Once or twice a month,[0.42955049 0.57044951],0.006365956143822336
521,MEDIALOYAL3_W45,RELIGATTEND,Seldom,[0.37510157 0.62489843],0.0045675661278117684
522,MADEUPRESc_W45,RELIGATTEND,A few times a year,[0.80886514 0.19113486],0.003211616382144113
523,MADEUPRESc_W45,RELIGATTEND,More than once a week,[0.72432763 0.27567237],0.023539753456590776
524,MADEUPRESc_W45,RELIGATTEND,Never,[0.78359752 0.21640248],0.00653021055361297
525,MADEUPRESc_W45,RELIGATTEND,Once a week,[0.74675859 0.25324141],0.007390086877873981
526,MADEUPRESc_W45,RELIGATTEND,Once or twice a month,[0.80535234 0.19464766],0.004293645042535567
527,MADEUPRESc_W45,RELIGATTEND,Seldom,[0.79574312 0.20425688],0.008029639198588727
528,SMLIKESc_W45,RELIGATTEND,A few times a year,[0.37806537 0.38609452 0.23584011],0.021165110841787283
529,SMLIKESc_W45,RELIGATTEND,More than once a week,[0.47640773 0.33725313 0.18633914],0.05441349514927083
530,SMLIKESc_W45,RELIGATTEND,Never,[0.3166709  0.39378305 0.28954604],0.008216467270522013
531,SMLIKESc_W45,RELIGATTEND,Once a week,[0.36525212 0.44254727 0.19220061],0.002258110158474323
532,SMLIKESc_W45,RELIGATTEND,Once or twice a month,[0.33600923 0.46452458 0.19946619],0.0041563681526821045
533,SMLIKESc_W45,RELIGATTEND,Seldom,[0.36065057 0.41009204 0.22925739],0.008360152047238613
534,LEAD_W45,RELIGATTEND,A few times a year,[0.68515347 0.31484653],0.006420514870284967
535,LEAD_W45,RELIGATTEND,More than once a week,[0.70918821 0.29081179],0.018489294231982454
536,LEAD_W45,RELIGATTEND,Never,[0.67837542 0.32162458],0.017751573217329352
537,LEAD_W45,RELIGATTEND,Once a week,[0.73618407 0.26381593],0.012995466852075975
538,LEAD_W45,RELIGATTEND,Once or twice a month,[0.69612145 0.30387855],0.0031741488678824646
539,LEAD_W45,RELIGATTEND,Seldom,[0.71973961 0.28026039],0.01762512775920816
540,INFOKNOWc_W45,RELIGATTEND,A few times a year,[0.4853272 0.5146728],0.008617902261258213
541,INFOKNOWc_W45,RELIGATTEND,More than once a week,[0.46369578 0.53630422],0.03140662016936465
542,INFOKNOWc_W45,RELIGATTEND,Never,[0.4414928 0.5585072],0.007604344295886238
543,INFOKNOWc_W45,RELIGATTEND,Once a week,[0.49053754 0.50946246],0.014059526769376196
544,INFOKNOWc_W45,RELIGATTEND,Once or twice a month,[0.40101588 0.59898412],0.0054879061697174596
545,INFOKNOWc_W45,RELIGATTEND,Seldom,[0.45609157 0.54390843],0.005812396678074215
546,MADEUPIMPa_W45,RELIGATTEND,A few times a year,[0.66039542 0.26701124 0.05035007 0.02224327],0.004938031691045649
547,MADEUPIMPa_W45,RELIGATTEND,More than once a week,[0.68819957 0.22447505 0.07627923 0.01104614],0.018046637426058536
548,MADEUPIMPa_W45,RELIGATTEND,Never,[0.69072593 0.23370695 0.04925903 0.02630809],0.0035009777427207622
549,MADEUPIMPa_W45,RELIGATTEND,Once a week,[0.6638731  0.26300959 0.04748745 0.02562985],0.0024868579364756525
550,MADEUPIMPa_W45,RELIGATTEND,Once or twice a month,[0.73671873 0.22372187 0.03026073 0.00929867],0.0016766653589507254
551,MADEUPIMPa_W45,RELIGATTEND,Seldom,[0.68107423 0.22772953 0.06975258 0.02144366],0.005696751159155167
552,INFORESTRICTa_W45,RELIGATTEND,A few times a year,[0.19458795 0.80541205],0.001450564034167166
553,INFORESTRICTa_W45,RELIGATTEND,More than once a week,[0.201171 0.798829],0.018427866576894145
554,INFORESTRICTa_W45,RELIGATTEND,Never,[0.20146293 0.79853707],0.009600424575773639
555,INFORESTRICTa_W45,RELIGATTEND,Once a week,[0.21121407 0.78878593],0.008633765955314789
556,INFORESTRICTa_W45,RELIGATTEND,Once or twice a month,[0.19954392 0.80045608],0.005656239885433334
557,INFORESTRICTa_W45,RELIGATTEND,Seldom,[0.21421721 0.78578279],0.009387152176302704
558,MADEUPRESe_W45,RELIGATTEND,A few times a year,[0.54993348 0.45006652],0.007279061074054953
559,MADEUPRESe_W45,RELIGATTEND,More than once a week,[0.58069543 0.41930457],0.017734614301304668
560,MADEUPRESe_W45,RELIGATTEND,Never,[0.52777717 0.47222283],0.017285836467221583
561,MADEUPRESe_W45,RELIGATTEND,Once a week,[0.51186709 0.48813291],0.017576685324849618
562,MADEUPRESe_W45,RELIGATTEND,Once or twice a month,[0.6172717 0.3827283],0.0025858050538796564
563,MADEUPRESe_W45,RELIGATTEND,Seldom,[0.50135298 0.49864702],0.012873872652451325
564,SOURCESKEPd_W45,RELIGATTEND,A few times a year,[0.16493566 0.64543718 0.17288955 0.01673761],0.0012750748371636574
565,SOURCESKEPd_W45,RELIGATTEND,More than once a week,[0.20144068 0.61202983 0.17610042 0.01042908],0.00984699501077599
566,SOURCESKEPd_W45,RELIGATTEND,Never,[0.11670374 0.625011   0.20972134 0.04856392],0.0007149555429411807
567,SOURCESKEPd_W45,RELIGATTEND,Once a week,[0.15385383 0.68595347 0.13793021 0.0222625 ],0.0021158820433139634
568,SOURCESKEPd_W45,RELIGATTEND,Once or twice a month,[0.16612863 0.65998488 0.1488447  0.02504178],0.005110408927011076
569,SOURCESKEPd_W45,RELIGATTEND,Seldom,[0.14326792 0.66363711 0.16351815 0.02957682],0.0030586518619300854
0,MADEUPSHARE2_W45,POLPARTY,Democrat,[0.09224486 0.90775514],0.006346828243789902
1,MADEUPSHARE2_W45,POLPARTY,Independent,[0.11922469 0.88077531],0.0054787360205516555
2,MADEUPSHARE2_W45,POLPARTY,Other,[0.14280994 0.85719006],0.006458695192631989
3,MADEUPSHARE2_W45,POLPARTY,Republican,[0.0818067 0.9181933],0.009131741557298153
4,INFOKNOWd_W45,POLPARTY,Democrat,[0.61857824 0.38142176],0.006088065483797319
5,INFOKNOWd_W45,POLPARTY,Independent,[0.5540594 0.4459406],0.010986443281879808
6,INFOKNOWd_W45,POLPARTY,Other,[0.56710515 0.43289485],0.018562468278426975
7,INFOKNOWd_W45,POLPARTY,Republican,[0.59334255 0.40665745],0.008826184130181774
8,NEWSPROBb_W45,POLPARTY,Democrat,[0.50330107 0.35164387 0.11263376 0.0324213 ],0.004368654425292039
9,NEWSPROBb_W45,POLPARTY,Independent,[0.50878158 0.38130319 0.08840611 0.02150912],0.017701854410481728
10,NEWSPROBb_W45,POLPARTY,Other,[0.51724566 0.32702895 0.11931286 0.03641252],0.003238283043944723
11,NEWSPROBb_W45,POLPARTY,Republican,[0.54784086 0.3431453  0.07246625 0.03654759],0.009749055573163107
12,SMSHARE_W45,POLPARTY,Democrat,[0.09520866 0.29296257 0.24565478 0.03130539 0.33486861],0.0041378574069613145
13,SMSHARE_W45,POLPARTY,Independent,[0.08505551 0.27223689 0.23060951 0.04197423 0.37012386],0.0026895386585863257
14,SMSHARE_W45,POLPARTY,Other,[0.07336859 0.2846691  0.19479942 0.0634311  0.38373179],0.004407452420114103
15,SMSHARE_W45,POLPARTY,Republican,[0.07763599 0.28398389 0.20964481 0.03879389 0.38994143],0.007036717019769136
16,MADEUPOFT_W45,POLPARTY,Democrat,[0.30790863 0.55030217 0.11454955 0.02723965],0.007643358923491089
17,MADEUPOFT_W45,POLPARTY,Independent,[0.35376321 0.55492197 0.07634846 0.01496636],0.00947809216988948
18,MADEUPOFT_W45,POLPARTY,Other,[0.36321588 0.49147385 0.11304623 0.03226404],0.004270004350682952
19,MADEUPOFT_W45,POLPARTY,Republican,[0.51466978 0.42983459 0.05056639 0.00492924],0.0053072412017254236
20,SMLIKESb_W45,POLPARTY,Democrat,[0.2863457  0.46446143 0.24919287],0.007519945334150027
21,SMLIKESb_W45,POLPARTY,Independent,[0.21588157 0.51524741 0.26887102],0.0053342792808514575
22,SMLIKESb_W45,POLPARTY,Other,[0.29410118 0.41820079 0.28769803],0.00697939465670592
23,SMLIKESb_W45,POLPARTY,Republican,[0.25900591 0.48500582 0.25598827],0.0232419004009224
24,INFOCHALe_W45,POLPARTY,Democrat,[0.46895172 0.33708533 0.14316218 0.05080078],0.020598473718053484
25,INFOCHALe_W45,POLPARTY,Independent,[0.44385969 0.35867084 0.15417338 0.04329609],0.020263113197037105
26,INFOCHALe_W45,POLPARTY,Other,[0.46150738 0.29544292 0.15059299 0.09245671],0.011381056734420523
27,INFOCHALe_W45,POLPARTY,Republican,[0.43025967 0.34720995 0.15795817 0.06457221],0.02214735040723465
28,MADEUPSHAREWHY_W45,POLPARTY,Democrat,[0.28427629 0.10110316 0.18211304 0.4325075 ],0.0033623897204813594
29,MADEUPSHAREWHY_W45,POLPARTY,Independent,[0.25486277 0.05480091 0.26154721 0.42878911],0.0
30,MADEUPSHAREWHY_W45,POLPARTY,Other,[0.3152572  0.13846801 0.12726405 0.41901075],0.0
31,MADEUPSHAREWHY_W45,POLPARTY,Republican,[0.22422062 0.04146546 0.12852713 0.60578678],0.00830950344910934
32,INFORESTRICTb_W45,POLPARTY,Democrat,[0.74837397 0.25162603],0.013716765474721422
33,INFORESTRICTb_W45,POLPARTY,Independent,[0.74133943 0.25866057],0.015447916424578743
34,INFORESTRICTb_W45,POLPARTY,Other,[0.67727957 0.32272043],0.007036566405044661
35,INFORESTRICTb_W45,POLPARTY,Republican,[0.60733045 0.39266955],0.019848345085436238
36,WATCHDOG_3_W45,POLPARTY,Democrat,[0.41248864 0.58751136],0.02601959088676491
37,WATCHDOG_3_W45,POLPARTY,Independent,[0.25889381 0.74110619],0.025019776792734028
38,WATCHDOG_3_W45,POLPARTY,Other,[0.24323369 0.75676631],0.018257839227570922
39,WATCHDOG_3_W45,POLPARTY,Republican,[0.10644268 0.89355732],0.006627933732792624
40,MADEUPSHARE1_W45,POLPARTY,Democrat,[0.47580141 0.52419859],0.008398512808433138
41,MADEUPSHARE1_W45,POLPARTY,Independent,[0.50472174 0.49527826],0.00821774113935875
42,MADEUPSHARE1_W45,POLPARTY,Other,[0.49531222 0.50468778],0.006318928566818491
43,MADEUPSHARE1_W45,POLPARTY,Republican,[0.49756879 0.50243121],0.01320786097432568
44,SMLIKESe_W45,POLPARTY,Democrat,[0.80318877 0.15657207 0.04023915],0.005800457612535357
45,SMLIKESe_W45,POLPARTY,Independent,[0.78668156 0.1525434  0.06077503],0.005706317192859537
46,SMLIKESe_W45,POLPARTY,Other,[0.64057276 0.27257958 0.08684766],0.0020693596815243133
47,SMLIKESe_W45,POLPARTY,Republican,[0.82842026 0.14629541 0.02528433],0.004024231193258289
48,MADEUPRESa_W45,POLPARTY,Democrat,[0.56963243 0.43036757],0.00567649884449435
49,MADEUPRESa_W45,POLPARTY,Independent,[0.66738044 0.33261956],0.008524861533983996
50,MADEUPRESa_W45,POLPARTY,Other,[0.61707966 0.38292034],0.006161704507638356
51,MADEUPRESa_W45,POLPARTY,Republican,[0.70145639 0.29854361],0.004027565694720197
52,INFOCHALd_W45,POLPARTY,Democrat,[0.44755227 0.35494542 0.13796978 0.05953253],0.02420836928560566
53,INFOCHALd_W45,POLPARTY,Independent,[0.45223643 0.35694582 0.14074141 0.05007634],0.018355518366543873
54,INFOCHALd_W45,POLPARTY,Other,[0.45219479 0.33333191 0.15251413 0.06195917],0.018329651519799272
55,INFOCHALd_W45,POLPARTY,Republican,[0.42832134 0.37197026 0.15773427 0.04197413],0.026534415557495167
56,INFOOWNd_W45,POLPARTY,Democrat,[0.78451802 0.21548198],0.007510167685666348
57,INFOOWNd_W45,POLPARTY,Independent,[0.75374747 0.24625253],0.011072118091310526
58,INFOOWNd_W45,POLPARTY,Other,[0.72728607 0.27271393],0.005194521958453867
59,INFOOWNd_W45,POLPARTY,Republican,[0.80755986 0.19244014],0.008815285080034384
60,RESTRICTWHO_W45,POLPARTY,Democrat,[0.16243395 0.15089653 0.21956422 0.41276863 0.05433667],0.010442913633757208
61,RESTRICTWHO_W45,POLPARTY,Independent,[0.11971703 0.08341729 0.21749868 0.52847479 0.05089221],0.010760659545133357
62,RESTRICTWHO_W45,POLPARTY,Other,[0.12169728 0.0667664  0.21122228 0.50573812 0.09457592],0.013085614808537016
63,RESTRICTWHO_W45,POLPARTY,Republican,[0.07145393 0.03538412 0.14702071 0.72527851 0.02086273],0.0004268195954773827
64,SMLIKESa_W45,POLPARTY,Democrat,[0.61624194 0.27163233 0.11212572],0.009367822032487918
65,SMLIKESa_W45,POLPARTY,Independent,[0.55052731 0.3305576  0.11891508],0.0037724058071147816
66,SMLIKESa_W45,POLPARTY,Other,[0.52997383 0.34940617 0.12062   ],0.004242274428186217
67,SMLIKESa_W45,POLPARTY,Republican,[0.56728932 0.33197628 0.1007344 ],0.016566342895885485
68,INFORESTRICTc_W45,POLPARTY,Democrat,[0.50750062 0.49249938],0.00803871977021697
69,INFORESTRICTc_W45,POLPARTY,Independent,[0.48396777 0.51603223],0.01080869394242189
70,INFORESTRICTc_W45,POLPARTY,Other,[0.4598949 0.5401051],0.00903531303986653
71,INFORESTRICTc_W45,POLPARTY,Republican,[0.38172973 0.61827027],0.00994162350493628
72,MADEUPTOPICa_W45,POLPARTY,Democrat,[0.68861371 0.26998437 0.04140192 0.        ],0.0037586355068105963
73,MADEUPTOPICa_W45,POLPARTY,Independent,[0.77942135 0.19567934 0.02489931 0.        ],0.005951034932156612
74,MADEUPTOPICa_W45,POLPARTY,Other,[0.66463073 0.30316041 0.03220887 0.        ],0.0
75,MADEUPTOPICa_W45,POLPARTY,Republican,[0.83595319 0.14700975 0.01703706 0.        ],0.007165293620723605
76,MADEUPSMCLICK_W45,POLPARTY,Democrat,[0.06370287 0.24651331 0.36287144 0.23573153 0.09118085],0.007572436244967389
77,MADEUPSMCLICK_W45,POLPARTY,Independent,[0.04208579 0.2809117  0.34014477 0.2288523  0.10800544],0.00678165382017439
78,MADEUPSMCLICK_W45,POLPARTY,Other,[0.08473955 0.25520456 0.33466323 0.19794054 0.12745212],0.0031040725127820918
79,MADEUPSMCLICK_W45,POLPARTY,Republican,[0.03348006 0.27116435 0.37858447 0.22383317 0.09293795],0.004491055450232558
80,MADEUPLEVELb_W45,POLPARTY,Democrat,[0.1797936  0.50373028 0.31647612 0.        ],0.00409171931219546
81,MADEUPLEVELb_W45,POLPARTY,Independent,[0.19278069 0.51257861 0.2946407  0.        ],0.00523726619059329
82,MADEUPLEVELb_W45,POLPARTY,Other,[0.17344506 0.556485   0.27006994 0.        ],0.002594457149189082
83,MADEUPLEVELb_W45,POLPARTY,Republican,[0.18002062 0.57078774 0.24919164 0.        ],0.005943557461588483
84,MADEUPRESb_W45,POLPARTY,Democrat,[0.36541957 0.63458043],0.010395000738874388
85,MADEUPRESb_W45,POLPARTY,Independent,[0.43863212 0.56136788],0.00627174315975348
86,MADEUPRESb_W45,POLPARTY,Other,[0.48895929 0.51104071],0.006073994929632011
87,MADEUPRESb_W45,POLPARTY,Republican,[0.49668078 0.50331922],0.004051931724504436
88,INFOKNOWa_W45,POLPARTY,Democrat,[0.46631714 0.53368286],0.008469134225487888
89,INFOKNOWa_W45,POLPARTY,Independent,[0.41477581 0.58522419],0.012891840594982055
90,INFOKNOWa_W45,POLPARTY,Other,[0.40235423 0.59764577],0.007314034469209231
91,INFOKNOWa_W45,POLPARTY,Republican,[0.42920106 0.57079894],0.008755189947415329
92,INFOCREATEd_W45,POLPARTY,Democrat,[0.40898626 0.48281087 0.10820287 0.        ],0.00968382513877902
93,INFOCREATEd_W45,POLPARTY,Independent,[0.33409217 0.52058452 0.14532332 0.        ],0.010650193430504986
94,INFOCREATEd_W45,POLPARTY,Other,[0.33942308 0.51054244 0.15003448 0.        ],0.010530604261663414
95,INFOCREATEd_W45,POLPARTY,Republican,[0.33672658 0.49620626 0.16706716 0.        ],0.014394883971094037
96,INFORESTRICTe_W45,POLPARTY,Democrat,[0.22185904 0.77814096],0.008590949286212608
97,INFORESTRICTe_W45,POLPARTY,Independent,[0.24614102 0.75385898],0.00661016002821418
98,INFORESTRICTe_W45,POLPARTY,Other,[0.24555793 0.75444207],0.0043548330355776075
99,INFORESTRICTe_W45,POLPARTY,Republican,[0.20080984 0.79919016],0.006772964586335255
100,ACCCHECK_W45,POLPARTY,Democrat,[0.34229654 0.44407194 0.15704878 0.05658274],0.007808928523486697
101,ACCCHECK_W45,POLPARTY,Independent,[0.27759366 0.48863713 0.17883293 0.05493628],0.008641941089135078
102,ACCCHECK_W45,POLPARTY,Other,[0.30853599 0.42915076 0.16980058 0.09251267],0.0029963011859101387
103,ACCCHECK_W45,POLPARTY,Republican,[0.24687213 0.49363549 0.19739722 0.06209515],0.005792405609498668
104,NEWSPREFV2_W45,POLPARTY,Democrat,[0.07593213 0.06797148 0.43286489 0.12761592 0.29561558],0.00275495041415324
105,NEWSPREFV2_W45,POLPARTY,Independent,[0.08985025 0.10123483 0.36858594 0.11514527 0.32518371],0.0021239290017646493
106,NEWSPREFV2_W45,POLPARTY,Other,[0.05991478 0.08868949 0.33117741 0.19432226 0.32589606],0.005000974953682149
107,NEWSPREFV2_W45,POLPARTY,Republican,[0.06835284 0.08550838 0.48216189 0.09792723 0.26604965],0.001526068314976388
108,SOURCESKEPb_W45,POLPARTY,Democrat,[0.04081837 0.41198621 0.4362863  0.11090913],0.003817605121543944
109,SOURCESKEPb_W45,POLPARTY,Independent,[0.01726374 0.35127975 0.50971301 0.1217435 ],0.002785785842766699
110,SOURCESKEPb_W45,POLPARTY,Other,[0.03714949 0.38556261 0.45093364 0.12635426],0.0018942064730041017
111,SOURCESKEPb_W45,POLPARTY,Republican,[0.02287149 0.31051323 0.50499602 0.16161926],0.006350438635889052
112,INFOCONFUSEd_W45,POLPARTY,Democrat,[0.40735282 0.46353381 0.11381126 0.01530211],0.0010207316302835012
113,INFOCONFUSEd_W45,POLPARTY,Independent,[0.48950322 0.41724302 0.07315021 0.02010355],0.005292080575072143
114,INFOCONFUSEd_W45,POLPARTY,Other,[0.43660322 0.42881649 0.09454537 0.04003493],0.00477382449052853
115,INFOCONFUSEd_W45,POLPARTY,Republican,[0.58402004 0.33984576 0.05810674 0.01802747],0.005278527667594754
116,MADEUPTOPICf_W45,POLPARTY,Democrat,[0.26955402 0.57546881 0.15497717 0.        ],0.008155345066374565
117,MADEUPTOPICf_W45,POLPARTY,Independent,[0.24006791 0.60873725 0.15119483 0.        ],0.010461627482192268
118,MADEUPTOPICf_W45,POLPARTY,Other,[0.3143136  0.54046008 0.14522633 0.        ],0.00130175400977839
119,MADEUPTOPICf_W45,POLPARTY,Republican,[0.25328123 0.57978811 0.16693067 0.        ],0.005263345509993456
120,MADEUPDIS_W45,POLPARTY,Democrat,[0.13586427 0.45833918 0.30861028 0.09718628],0.002132749909659547
121,MADEUPDIS_W45,POLPARTY,Independent,[0.14062503 0.4887948  0.30303292 0.06754725],0.005463834904648821
122,MADEUPDIS_W45,POLPARTY,Other,[0.13158539 0.41132723 0.33250907 0.12457832],0.010991129584456003
123,MADEUPDIS_W45,POLPARTY,Republican,[0.21119953 0.46146233 0.26567047 0.06166767],0.00340417832538978
124,NEWSPROBe_W45,POLPARTY,Democrat,[0.17403869 0.3589802  0.37228854 0.09469257],0.010100246325339698
125,NEWSPROBe_W45,POLPARTY,Independent,[0.42168672 0.29717357 0.23976121 0.0413785 ],0.006196760883026799
126,NEWSPROBe_W45,POLPARTY,Other,[0.32814829 0.35526266 0.25532078 0.06126828],0.0
127,NEWSPROBe_W45,POLPARTY,Republican,[0.60731983 0.2675631  0.10542305 0.01969402],0.003189009272827333
128,MADEUPTOPICb_W45,POLPARTY,Democrat,[0.62225113 0.32108693 0.05666193 0.        ],0.005528934489784869
129,MADEUPTOPICb_W45,POLPARTY,Independent,[0.61666051 0.33683612 0.04650336 0.        ],0.006593031714947304
130,MADEUPTOPICb_W45,POLPARTY,Other,[0.63315576 0.32515449 0.04168975 0.        ],0.003479826699696095
131,MADEUPTOPICb_W45,POLPARTY,Republican,[0.60499704 0.33462506 0.0603779  0.        ],0.0012427695488932999
132,INFOCHALa_W45,POLPARTY,Democrat,[0.62387542 0.28036735 0.07287964 0.02287759],0.017333868510883345
133,INFOCHALa_W45,POLPARTY,Independent,[0.6541713  0.25396208 0.06987137 0.02199525],0.013401211389408564
134,INFOCHALa_W45,POLPARTY,Other,[0.58884677 0.2926472  0.07887423 0.0396318 ],0.01193288748210198
135,INFOCHALa_W45,POLPARTY,Republican,[0.70941181 0.23265695 0.04109729 0.01683395],0.015269941413006562
136,INFOKNOWb_W45,POLPARTY,Democrat,[0.71957084 0.28042916],0.010446810230062225
137,INFOKNOWb_W45,POLPARTY,Independent,[0.66347463 0.33652537],0.013250493736717044
138,INFOKNOWb_W45,POLPARTY,Other,[0.6044987 0.3955013],0.006741132975593262
139,INFOKNOWb_W45,POLPARTY,Republican,[0.61185463 0.38814537],0.017678027137224408
140,MADEUPSMFOL1_W45,POLPARTY,Democrat,[0.49575075 0.50424925],0.005652113110805242
141,MADEUPSMFOL1_W45,POLPARTY,Independent,[0.51287586 0.48712414],0.006338671323031763
142,MADEUPSMFOL1_W45,POLPARTY,Other,[0.4780614 0.5219386],0.009413442038604324
143,MADEUPSMFOL1_W45,POLPARTY,Republican,[0.51295569 0.48704431],0.010903566393456248
144,MADEUPRESd_W45,POLPARTY,Democrat,[0.31982727 0.68017273],0.008610490589816725
145,MADEUPRESd_W45,POLPARTY,Independent,[0.34231117 0.65768883],0.010624531482040154
146,MADEUPRESd_W45,POLPARTY,Other,[0.31663525 0.68336475],0.005745265598408949
147,MADEUPRESd_W45,POLPARTY,Republican,[0.30120763 0.69879237],0.008422915953971929
148,INFOWHYb_W45,POLPARTY,Democrat,[0.85136832 0.10523197 0.04339971],0.0040335028355410075
149,INFOWHYb_W45,POLPARTY,Independent,[0.87235434 0.10442078 0.02322488],0.006434993291689199
150,INFOWHYb_W45,POLPARTY,Other,[0.81185011 0.14473402 0.04341586],0.003913652408518607
151,INFOWHYb_W45,POLPARTY,Republican,[0.9210716  0.06027998 0.01864842],0.004171075284583632
152,INFOOWNc_W45,POLPARTY,Democrat,[0.58180769 0.41819231],0.00969150395313601
153,INFOOWNc_W45,POLPARTY,Independent,[0.591026 0.408974],0.01700792246715125
154,INFOOWNc_W45,POLPARTY,Other,[0.62596794 0.37403206],0.00561827733198878
155,INFOOWNc_W45,POLPARTY,Republican,[0.58901752 0.41098248],0.01054738404829616
156,INFOCREATEa_W45,POLPARTY,Democrat,[0.1920198  0.45849207 0.34948813 0.        ],0.006214572532497032
157,INFOCREATEa_W45,POLPARTY,Independent,[0.37139694 0.41278663 0.21581643 0.        ],0.0071559202835049995
158,INFOCREATEa_W45,POLPARTY,Other,[0.36304134 0.46747941 0.16947925 0.        ],0.002201324491993
159,INFOCREATEa_W45,POLPARTY,Republican,[0.61551086 0.32083456 0.06365458 0.        ],0.005574961173298124
160,SEEK_W45,POLPARTY,Democrat,[0.63963132 0.36036868],0.006343323660706655
161,SEEK_W45,POLPARTY,Independent,[0.59506186 0.40493814],0.005529426086765759
162,SEEK_W45,POLPARTY,Other,[0.46878143 0.53121857],0.010432246644552586
163,SEEK_W45,POLPARTY,Republican,[0.64306199 0.35693801],0.008372510945979135
164,INFORESTRICTd_W45,POLPARTY,Democrat,[0.65749846 0.34250154],0.014153292548256834
165,INFORESTRICTd_W45,POLPARTY,Independent,[0.64591092 0.35408908],0.01109339929498296
166,INFORESTRICTd_W45,POLPARTY,Other,[0.61826737 0.38173263],0.011293130394532546
167,INFORESTRICTd_W45,POLPARTY,Republican,[0.58717617 0.41282383],0.008119829722342707
168,INFOCONFUSEa_W45,POLPARTY,Democrat,[0.64540974 0.25864211 0.06442187 0.03152628],0.0030714310357816757
169,INFOCONFUSEa_W45,POLPARTY,Independent,[0.68116157 0.24544498 0.04401618 0.02937727],0.003061219629526239
170,INFOCONFUSEa_W45,POLPARTY,Other,[0.59656841 0.27869666 0.07587168 0.04886324],0.0012123415226763822
171,INFOCONFUSEa_W45,POLPARTY,Republican,[0.7377811  0.20866465 0.03229061 0.02126365],0.0023317109517141882
172,WATCHDOG_1_W45,POLPARTY,Democrat,[0.15821108 0.84178892],0.020567132376127534
173,WATCHDOG_1_W45,POLPARTY,Independent,[0.27020533 0.72979467],0.03180136515097667
174,WATCHDOG_1_W45,POLPARTY,Other,[0.29761071 0.70238929],0.029750863537370678
175,WATCHDOG_1_W45,POLPARTY,Republican,[0.5253547 0.4746453],0.026544746302600425
176,MADEUPIMPd_W45,POLPARTY,Democrat,[0.3525035  0.43185967 0.1736017  0.04203513],0.008274593256141403
177,MADEUPIMPd_W45,POLPARTY,Independent,[0.35035813 0.43339702 0.17350839 0.04273646],0.011247050150460448
178,MADEUPIMPd_W45,POLPARTY,Other,[0.3347173  0.38699646 0.20063194 0.07765431],0.008863445492666303
179,MADEUPIMPd_W45,POLPARTY,Republican,[0.37087619 0.42432203 0.14778556 0.05701622],0.01075565646593854
180,INFOOWNb_W45,POLPARTY,Democrat,[0.80298951 0.19701049],0.015806837577138307
181,INFOOWNb_W45,POLPARTY,Independent,[0.81544123 0.18455877],0.01572138479100091
182,INFOOWNb_W45,POLPARTY,Other,[0.7530891 0.2469109],0.00196461969621558
183,INFOOWNb_W45,POLPARTY,Republican,[0.78718642 0.21281358],0.01692467646073127
184,SMSHARER_W45,POLPARTY,Democrat,[0.15041808 0.84958192],0.011844553952671779
185,SMSHARER_W45,POLPARTY,Independent,[0.08844342 0.91155658],0.00821781435243221
186,SMSHARER_W45,POLPARTY,Other,[0.13822917 0.86177083],0.018453764508378247
187,SMSHARER_W45,POLPARTY,Republican,[0.10654607 0.89345393],0.012619675497653497
188,FCFAIR_W45,POLPARTY,Democrat,[0.7050593 0.2949407],0.017038038324701226
189,FCFAIR_W45,POLPARTY,Independent,[0.51876295 0.48123705],0.021544342790528265
190,FCFAIR_W45,POLPARTY,Other,[0.48122215 0.51877785],0.0189021523415009
191,FCFAIR_W45,POLPARTY,Republican,[0.28464865 0.71535135],0.01803881508433734
192,INFOCONFUSEe_W45,POLPARTY,Democrat,[0.61239441 0.28537177 0.07917552 0.0230583 ],0.0018548051074143749
193,INFOCONFUSEe_W45,POLPARTY,Independent,[0.62675812 0.28380732 0.05282607 0.03660848],0.007555845672837902
194,INFOCONFUSEe_W45,POLPARTY,Other,[0.5824439  0.27450732 0.08869262 0.05435616],0.0008732979554301145
195,INFOCONFUSEe_W45,POLPARTY,Republican,[0.69623627 0.2360091  0.03828212 0.02947251],0.002384273826387266
196,MADEUPTOPICe_W45,POLPARTY,Democrat,[0.11984267 0.43837737 0.44177996 0.        ],0.002989286250791226
197,MADEUPTOPICe_W45,POLPARTY,Independent,[0.20104316 0.46112978 0.33782706 0.        ],0.0032111255356581324
198,MADEUPTOPICe_W45,POLPARTY,Other,[0.27446886 0.36616832 0.35936281 0.        ],0.006238376489419329
199,MADEUPTOPICe_W45,POLPARTY,Republican,[0.18259664 0.47278549 0.34461786 0.        ],0.0028806779747656487
200,INFOOWNa_W45,POLPARTY,Democrat,[0.65066263 0.34933737],0.009868985680921897
201,INFOOWNa_W45,POLPARTY,Independent,[0.61907132 0.38092868],0.017308503131482512
202,INFOOWNa_W45,POLPARTY,Other,[0.64337276 0.35662724],0.010293280231661858
203,INFOOWNa_W45,POLPARTY,Republican,[0.64708624 0.35291376],0.013954913954328315
204,INFOCHALb_W45,POLPARTY,Democrat,[0.40406822 0.42059558 0.13860579 0.03673041],0.02073065851405217
205,INFOCHALb_W45,POLPARTY,Independent,[0.44748712 0.41841127 0.10470972 0.02939188],0.015210987373871363
206,INFOCHALb_W45,POLPARTY,Other,[0.42848599 0.35331781 0.15523478 0.06296143],0.013700728128368898
207,INFOCHALb_W45,POLPARTY,Republican,[0.43157983 0.42130292 0.12830912 0.01880813],0.019780804983464368
208,INFOWHYa_W45,POLPARTY,Democrat,[0.74412111 0.19277785 0.06310104],0.006330309709923894
209,INFOWHYa_W45,POLPARTY,Independent,[0.70836627 0.24262183 0.0490119 ],0.005968668756504144
210,INFOWHYa_W45,POLPARTY,Other,[0.70752619 0.22484902 0.06762479],0.003365281951003828
211,INFOWHYa_W45,POLPARTY,Republican,[0.68381365 0.24187009 0.07431626],0.007337861529036575
212,SOURCESKEPc_W45,POLPARTY,Democrat,[0.05553786 0.55319356 0.3253597  0.06590888],0.0003322336477526616
213,SOURCESKEPc_W45,POLPARTY,Independent,[0.01861619 0.45665354 0.41671891 0.10801136],0.004961094119857614
214,SOURCESKEPc_W45,POLPARTY,Other,[0.05023903 0.40212818 0.41498145 0.13265134],0.0
215,SOURCESKEPc_W45,POLPARTY,Republican,[0.05299257 0.4773827  0.37563315 0.09399157],0.0002629132192283557
216,SOURCESKEPa_W45,POLPARTY,Democrat,[0.53253325 0.40947538 0.04894224 0.00904913],0.002767502999391182
217,SOURCESKEPa_W45,POLPARTY,Independent,[0.32129532 0.52074667 0.10949006 0.04846796],0.0017410152043058572
218,SOURCESKEPa_W45,POLPARTY,Other,[0.22034111 0.55590758 0.1350949  0.08865641],0.0
219,SOURCESKEPa_W45,POLPARTY,Republican,[0.28870241 0.52598501 0.14384611 0.04146646],0.0030503435954182655
220,INFOCHALc_W45,POLPARTY,Democrat,[0.40492785 0.41952672 0.13821791 0.03732751],0.018895512821897723
221,INFOCHALc_W45,POLPARTY,Independent,[0.42243309 0.40725589 0.14122783 0.02908318],0.012410626075107024
222,INFOCHALc_W45,POLPARTY,Other,[0.39471596 0.3968265  0.15786129 0.05059626],0.013673882483767686
223,INFOCHALc_W45,POLPARTY,Republican,[0.425272   0.42021403 0.13182683 0.02268714],0.018617411159217372
224,DIGWDOG_3_W45,POLPARTY,Democrat,[0.30297854 0.32784355 0.36917792],0.00819078167455207
225,DIGWDOG_3_W45,POLPARTY,Independent,[0.33500767 0.30443244 0.36055989],0.007639478199516063
226,DIGWDOG_3_W45,POLPARTY,Other,[0.28143811 0.32027795 0.39828394],0.010806707348103958
227,DIGWDOG_3_W45,POLPARTY,Republican,[0.31935018 0.33920148 0.34144834],0.004317983131988538
228,VIDOFT_W45,POLPARTY,Democrat,[0.11248141 0.48450036 0.32172895 0.08128928],0.009963003387739804
229,VIDOFT_W45,POLPARTY,Independent,[0.15709615 0.53061618 0.26301647 0.0492712 ],0.015870295245901955
230,VIDOFT_W45,POLPARTY,Other,[0.16665498 0.51169749 0.24840113 0.0732464 ],0.0132858535846154
231,VIDOFT_W45,POLPARTY,Republican,[0.18433469 0.55801949 0.21230881 0.04533701],0.02050662989615287
232,MADEUPLEVELa_W45,POLPARTY,Democrat,[0.53222972 0.41309116 0.05467912 0.        ],0.005027017403840156
233,MADEUPLEVELa_W45,POLPARTY,Independent,[0.59119137 0.35731819 0.05149044 0.        ],0.009933717305165322
234,MADEUPLEVELa_W45,POLPARTY,Other,[0.54577922 0.39664017 0.05758061 0.        ],0.0022759013798317055
235,MADEUPLEVELa_W45,POLPARTY,Republican,[0.68744784 0.2888256  0.02372656 0.        ],0.004974308602453398
236,INFOCREATEc_W45,POLPARTY,Democrat,[0.26284055 0.55268335 0.1844761  0.        ],0.00765519019501983
237,INFOCREATEc_W45,POLPARTY,Independent,[0.27398343 0.54591286 0.18010371 0.        ],0.007916660912523901
238,INFOCREATEc_W45,POLPARTY,Other,[0.29712796 0.53824363 0.16462841 0.        ],0.007204074673194174
239,INFOCREATEc_W45,POLPARTY,Republican,[0.2428859  0.54265332 0.21446078 0.        ],0.00960873465538296
240,MADEUPIMPb_W45,POLPARTY,Democrat,[0.58336032 0.31326661 0.08252478 0.02084829],0.0046050488358133235
241,MADEUPIMPb_W45,POLPARTY,Independent,[0.5261028  0.36368513 0.08430146 0.02591061],0.006789562747972064
242,MADEUPIMPb_W45,POLPARTY,Other,[0.49727738 0.36865596 0.09668994 0.03737673],0.0021602719710636757
243,MADEUPIMPb_W45,POLPARTY,Republican,[0.54438592 0.35013279 0.0897127  0.0157686 ],0.0063904565291715175
244,INFOCONFUSEc_W45,POLPARTY,Democrat,[0.42687788 0.45230477 0.10029721 0.02052014],0.0
245,INFOCONFUSEc_W45,POLPARTY,Independent,[0.53204788 0.37864024 0.07060134 0.01871054],0.008081008742290828
246,INFOCONFUSEc_W45,POLPARTY,Other,[0.47760721 0.38769611 0.09244419 0.04225249],0.002965006635596987
247,INFOCONFUSEc_W45,POLPARTY,Republican,[0.65184447 0.27235492 0.05748557 0.01831504],0.0054635763825814625
248,SMLIKESd_W45,POLPARTY,Democrat,[0.15827783 0.38412476 0.45759741],0.007240581345265635
249,SMLIKESd_W45,POLPARTY,Independent,[0.10922567 0.34818401 0.54259031],0.0015696547350730855
250,SMLIKESd_W45,POLPARTY,Other,[0.13833619 0.33735666 0.52430715],0.00302072438896233
251,SMLIKESd_W45,POLPARTY,Republican,[0.1221785  0.30373633 0.57408517],0.004024231193258288
252,NEWS_PLATFORMh_W45,POLPARTY,Democrat,[0.46906214 0.31736086 0.14116463 0.07241237],0.0015920335839136514
253,NEWS_PLATFORMh_W45,POLPARTY,Independent,[0.44449509 0.32676693 0.15809764 0.07064033],0.001771868062727653
254,NEWS_PLATFORMh_W45,POLPARTY,Other,[0.37218947 0.33572783 0.16666146 0.12542124],0.0018404143701010744
255,NEWS_PLATFORMh_W45,POLPARTY,Republican,[0.40952206 0.33821637 0.16474497 0.0875166 ],0.00041142609136383956
256,INFOCONFUSEb_W45,POLPARTY,Democrat,[0.18339149 0.48388604 0.27154661 0.06117587],0.009051417897115544
257,INFOCONFUSEb_W45,POLPARTY,Independent,[0.21778186 0.4917173  0.23262821 0.05787263],0.008400321748355656
258,INFOCONFUSEb_W45,POLPARTY,Other,[0.21587593 0.48379054 0.23229224 0.06804129],0.008655917975996982
259,INFOCONFUSEb_W45,POLPARTY,Republican,[0.37365634 0.46268743 0.13491772 0.0287385 ],0.009882002186294292
260,NEWS_PLATFORMg_W45,POLPARTY,Democrat,[0.2821896  0.3006169  0.19426789 0.22292561],0.0
261,NEWS_PLATFORMg_W45,POLPARTY,Independent,[0.23018327 0.30179631 0.20953614 0.25848428],0.0024811077906333147
262,NEWS_PLATFORMg_W45,POLPARTY,Other,[0.26913723 0.29358751 0.2359704  0.20130486],0.0009630402904256897
263,NEWS_PLATFORMg_W45,POLPARTY,Republican,[0.24042411 0.2661977  0.22966161 0.26371658],0.0015073167550887848
264,NEWSPROBc_W45,POLPARTY,Democrat,[0.16746217 0.32505325 0.32144862 0.18603596],0.0058457340033040185
265,NEWSPROBc_W45,POLPARTY,Independent,[0.15378045 0.34976527 0.29461185 0.20184244],0.011608061279932894
266,NEWSPROBc_W45,POLPARTY,Other,[0.20526519 0.26940623 0.31934324 0.20598534],0.003238283043944723
267,NEWSPROBc_W45,POLPARTY,Republican,[0.16685578 0.36602353 0.25563656 0.21148413],0.00758190155349384
268,ONLINESOURCE_W45,POLPARTY,Democrat,[0.85288919 0.14711081],0.1736128311031074
269,ONLINESOURCE_W45,POLPARTY,Independent,[0.84146246 0.15853754],0.22747817002402254
270,ONLINESOURCE_W45,POLPARTY,Other,[0.7992683 0.2007317],0.2652200147832194
271,ONLINESOURCE_W45,POLPARTY,Republican,[0.86536301 0.13463699],0.20612940259559293
272,MADEUPSOLVE_W45,POLPARTY,Democrat,[0.13912686 0.35725093 0.50362221],0.00966565416677801
273,MADEUPSOLVE_W45,POLPARTY,Independent,[0.09420657 0.32291684 0.58287659],0.013724518745449159
274,MADEUPSOLVE_W45,POLPARTY,Other,[0.08980572 0.35919405 0.55100023],0.013290567382261545
275,MADEUPSOLVE_W45,POLPARTY,Republican,[0.0777168  0.27641056 0.64587264],0.0070924107553489695
276,INFOCREATEe_W45,POLPARTY,Democrat,[0.37320706 0.52226489 0.10452805 0.        ],0.0077404564171983355
277,INFOCREATEe_W45,POLPARTY,Independent,[0.56888027 0.37236657 0.05875316 0.        ],0.007812277121300647
278,INFOCREATEe_W45,POLPARTY,Other,[0.47069579 0.41683192 0.11247229 0.        ],0.006574568094427524
279,INFOCREATEe_W45,POLPARTY,Republican,[0.75835754 0.21721622 0.02442623 0.        ],0.006693357036601696
280,MADEUPSMFOL2_W45,POLPARTY,Democrat,[0.53730154 0.46269846],0.007093095009356834
281,MADEUPSMFOL2_W45,POLPARTY,Independent,[0.49681844 0.50318156],0.006289652464687434
282,MADEUPSMFOL2_W45,POLPARTY,Other,[0.47234644 0.52765356],0.01451550974314239
283,MADEUPSMFOL2_W45,POLPARTY,Republican,[0.48314638 0.51685362],0.005524161767543531
284,MADEUPIMPc_W45,POLPARTY,Democrat,[0.5126923  0.33982213 0.10910096 0.03838461],0.011133064314875624
285,MADEUPIMPc_W45,POLPARTY,Independent,[0.46595459 0.38271958 0.12178431 0.02954153],0.008191721624718104
286,MADEUPIMPc_W45,POLPARTY,Other,[0.44840978 0.34830346 0.14455773 0.05872904],0.0052976860358788696
287,MADEUPIMPc_W45,POLPARTY,Republican,[0.60042458 0.30941266 0.06784547 0.02231729],0.0043657878048923866
288,DISAVOID_W45,POLPARTY,Democrat,[0.52245326 0.47754674],0.0049249442138593405
289,DISAVOID_W45,POLPARTY,Independent,[0.52378016 0.47621984],0.0047544374527397
290,DISAVOID_W45,POLPARTY,Other,[0.47098602 0.52901398],0.0028170737809643026
291,DISAVOID_W45,POLPARTY,Republican,[0.45775935 0.54224065],0.0015922962505831408
292,INFOOWNe_W45,POLPARTY,Democrat,[0.54016445 0.45983555],0.006291253311422766
293,INFOOWNe_W45,POLPARTY,Independent,[0.52378655 0.47621345],0.013414707167448416
294,INFOOWNe_W45,POLPARTY,Other,[0.5640386 0.4359614],0.008324235144175593
295,INFOOWNe_W45,POLPARTY,Republican,[0.52780577 0.47219423],0.014128127526979568
296,INFOKNOWe_W45,POLPARTY,Democrat,[0.38854909 0.61145091],0.007159138835793441
297,INFOKNOWe_W45,POLPARTY,Independent,[0.34528082 0.65471918],0.010579323762791942
298,INFOKNOWe_W45,POLPARTY,Other,[0.40128664 0.59871336],0.010283651624453043
299,INFOKNOWe_W45,POLPARTY,Republican,[0.39011333 0.60988667],0.010574079949520985
300,SMLIKESf_W45,POLPARTY,Democrat,[0.54607083 0.37096528 0.08296389],0.007158734668439161
301,SMLIKESf_W45,POLPARTY,Independent,[0.45565736 0.42532005 0.11902259],0.0015696547350730855
302,SMLIKESf_W45,POLPARTY,Other,[0.41769362 0.44725675 0.13504963],0.002069359681524313
303,SMLIKESf_W45,POLPARTY,Republican,[0.50031286 0.41797504 0.08171209],0.006489626136356676
304,INFOWHYd_W45,POLPARTY,Democrat,[0.13368513 0.43016254 0.43615233],0.007406306031631773
305,INFOWHYd_W45,POLPARTY,Independent,[0.11838496 0.43871435 0.44290069],0.0056349947901093034
306,INFOWHYd_W45,POLPARTY,Other,[0.13786173 0.43764167 0.42449661],0.003913652408518607
307,INFOWHYd_W45,POLPARTY,Republican,[0.10573368 0.35233817 0.54192815],0.00477753054768108
308,NEWSPROBa_W45,POLPARTY,Democrat,[0.44435096 0.38062351 0.14311087 0.03191466],0.010053981984887906
309,NEWSPROBa_W45,POLPARTY,Independent,[0.4802027  0.37701875 0.11964197 0.02313659],0.008311577796329248
310,NEWSPROBa_W45,POLPARTY,Other,[0.48010394 0.33088483 0.15107992 0.0379313 ],0.005342634112766108
311,NEWSPROBa_W45,POLPARTY,Republican,[0.58238783 0.31953175 0.08439435 0.01368607],0.007956435249692357
312,MADEUPIMPe_W45,POLPARTY,Democrat,[0.35817774 0.42954367 0.17336172 0.03891687],0.00816397802756306
313,MADEUPIMPe_W45,POLPARTY,Independent,[0.35479521 0.44160877 0.17050543 0.03309059],0.008542082673319866
314,MADEUPIMPe_W45,POLPARTY,Other,[0.39312752 0.34869171 0.20525746 0.05292331],0.003288668479532327
315,MADEUPIMPe_W45,POLPARTY,Republican,[0.3560689  0.42955022 0.17572975 0.03865112],0.007318708948120372
316,NEWSPROBd_W45,POLPARTY,Democrat,[0.18541275 0.39026355 0.31389869 0.11042501],0.013574358547032747
317,NEWSPROBd_W45,POLPARTY,Independent,[0.19242224 0.44513734 0.26556312 0.09687731],0.004523721608875181
318,NEWSPROBd_W45,POLPARTY,Other,[0.22609933 0.41052379 0.26316931 0.10020757],0.0009028919236853856
319,NEWSPROBd_W45,POLPARTY,Republican,[0.15763255 0.44278032 0.27994958 0.11963755],0.004588376746990762
320,SOURCESKEPe_W45,POLPARTY,Democrat,[0.06028103 0.37346279 0.35090307 0.21535311],0.007560138913212983
321,SOURCESKEPe_W45,POLPARTY,Independent,[0.0308278  0.30129652 0.42064366 0.24723202],0.01260487862178624
322,SOURCESKEPe_W45,POLPARTY,Other,[0.05251524 0.33230393 0.39907553 0.2161053 ],0.016322815930165702
323,SOURCESKEPe_W45,POLPARTY,Republican,[0.02539966 0.28669843 0.39963481 0.2882671 ],0.006713013768452749
324,INFOWHYc_W45,POLPARTY,Democrat,[0.48559889 0.38475118 0.12964993],0.004897522263728296
325,INFOWHYc_W45,POLPARTY,Independent,[0.4755469  0.43149254 0.09296056],0.004707656662723677
326,INFOWHYc_W45,POLPARTY,Other,[0.46033982 0.41136764 0.12829255],0.011898225834097833
327,INFOWHYc_W45,POLPARTY,Republican,[0.53114789 0.3724671  0.09638501],0.006451934917943098
328,MADEUPTOPICc_W45,POLPARTY,Democrat,[0.18136204 0.44419914 0.37443882 0.        ],0.003952955770737804
329,MADEUPTOPICc_W45,POLPARTY,Independent,[0.17204463 0.54131    0.28664537 0.        ],0.0025529567395011286
330,MADEUPTOPICc_W45,POLPARTY,Other,[0.19540979 0.51620215 0.28838805 0.        ],0.004793506738147095
331,MADEUPTOPICc_W45,POLPARTY,Republican,[0.15673766 0.59160389 0.25165845 0.        ],0.004241171377324533
332,MADEUPTOPICd_W45,POLPARTY,Democrat,[0.30693028 0.50110253 0.19196719 0.        ],0.00343998326164911
333,MADEUPTOPICd_W45,POLPARTY,Independent,[0.25419573 0.55899387 0.1868104  0.        ],0.011168067327187052
334,MADEUPTOPICd_W45,POLPARTY,Other,[0.30022298 0.537338   0.16243901 0.        ],0.0
335,MADEUPTOPICd_W45,POLPARTY,Republican,[0.27164284 0.52573497 0.20262219 0.        ],0.00273252698637704
336,INFOCREATEb_W45,POLPARTY,Democrat,[0.55225031 0.39066093 0.05708875 0.        ],0.004942269097700385
337,INFOCREATEb_W45,POLPARTY,Independent,[0.57123873 0.37686915 0.05189212 0.        ],0.010459282630406052
338,INFOCREATEb_W45,POLPARTY,Other,[0.58613554 0.34402962 0.06983484 0.        ],0.001891815068725505
339,INFOCREATEb_W45,POLPARTY,Republican,[0.64310092 0.31193687 0.04496221 0.        ],0.004231642461955469
340,SNSUSE_W45,POLPARTY,Democrat,[0.77818385 0.22181615],0.001983338898471235
341,SNSUSE_W45,POLPARTY,Independent,[0.7420285 0.2579715],0.0057013014334069
342,SNSUSE_W45,POLPARTY,Other,[0.74287176 0.25712824],0.004197612944008088
343,SNSUSE_W45,POLPARTY,Republican,[0.73243833 0.26756167],0.003296547738166784
344,MEDIALOYAL3_W45,POLPARTY,Democrat,[0.50821029 0.49178971],0.010234805787831864
345,MEDIALOYAL3_W45,POLPARTY,Independent,[0.29995441 0.70004559],0.005379733245347813
346,MEDIALOYAL3_W45,POLPARTY,Other,[0.28580599 0.71419401],0.006440240886714598
347,MEDIALOYAL3_W45,POLPARTY,Republican,[0.41326143 0.58673857],0.0036975367098754193
348,MADEUPRESc_W45,POLPARTY,Democrat,[0.77541647 0.22458353],0.006285290178581448
349,MADEUPRESc_W45,POLPARTY,Independent,[0.82743122 0.17256878],0.009317551156176508
350,MADEUPRESc_W45,POLPARTY,Other,[0.73819433 0.26180567],0.006787482236635973
351,MADEUPRESc_W45,POLPARTY,Republican,[0.77400679 0.22599321],0.007522499429417389
352,SMLIKESc_W45,POLPARTY,Democrat,[0.43221878 0.39113173 0.17664949],0.009367822032487918
353,SMLIKESc_W45,POLPARTY,Independent,[0.33863456 0.40391989 0.25744555],0.00538380259047366
354,SMLIKESc_W45,POLPARTY,Other,[0.22973016 0.44432369 0.32594614],0.007045029658962642
355,SMLIKESc_W45,POLPARTY,Republican,[0.35909986 0.40441621 0.23648393],0.016097451951371668
356,LEAD_W45,POLPARTY,Democrat,[0.69025783 0.30974217],0.010831938886583852
357,LEAD_W45,POLPARTY,Independent,[0.70731849 0.29268151],0.01843073933600139
358,LEAD_W45,POLPARTY,Other,[0.71038181 0.28961819],0.013289265303647881
359,LEAD_W45,POLPARTY,Republican,[0.70463111 0.29536889],0.013027862261553422
360,INFOKNOWc_W45,POLPARTY,Democrat,[0.48214904 0.51785096],0.010217290312135767
361,INFOKNOWc_W45,POLPARTY,Independent,[0.43843253 0.56156747],0.009273732129574885
362,INFOKNOWc_W45,POLPARTY,Other,[0.47187375 0.52812625],0.003888690276609068
363,INFOKNOWc_W45,POLPARTY,Republican,[0.44093387 0.55906613],0.009624690120365195
364,MADEUPIMPa_W45,POLPARTY,Democrat,[0.67867707 0.23792068 0.06010096 0.02330129],0.004272138458231222
365,MADEUPIMPa_W45,POLPARTY,Independent,[0.68138807 0.25646153 0.04464634 0.01750407],0.005739062542516633
366,MADEUPIMPa_W45,POLPARTY,Other,[0.58612042 0.27514565 0.09729004 0.0414439 ],0.0021602719710636757
367,MADEUPIMPa_W45,POLPARTY,Republican,[0.73718725 0.2142485  0.03692441 0.01163984],0.005452485984378106
368,INFORESTRICTa_W45,POLPARTY,Democrat,[0.19760755 0.80239245],0.009046691748183148
369,INFORESTRICTa_W45,POLPARTY,Independent,[0.2199998 0.7800002],0.008092157089253958
370,INFORESTRICTa_W45,POLPARTY,Other,[0.22528418 0.77471582],0.004594766420333963
371,INFORESTRICTa_W45,POLPARTY,Republican,[0.19391007 0.80608993],0.008285940293396871
372,MADEUPRESe_W45,POLPARTY,Democrat,[0.5285866 0.4714134],0.008758227449231586
373,MADEUPRESe_W45,POLPARTY,Independent,[0.54413047 0.45586953],0.017659671794559705
374,MADEUPRESe_W45,POLPARTY,Other,[0.53218045 0.46781955],0.0034336151060890873
375,MADEUPRESe_W45,POLPARTY,Republican,[0.51997684 0.48002316],0.018208829352797464
376,SOURCESKEPd_W45,POLPARTY,Democrat,[0.16512876 0.65119581 0.16553523 0.0181402 ],0.0025997770369095836
377,SOURCESKEPd_W45,POLPARTY,Independent,[0.10642651 0.67318961 0.18510437 0.03527952],0.003205447697693583
378,SOURCESKEPd_W45,POLPARTY,Other,[0.16703985 0.56548735 0.204933   0.0625398 ],0.0006676518918915679
379,SOURCESKEPd_W45,POLPARTY,Republican,[0.15554527 0.66760102 0.15510053 0.02175318],0.002373902477262401
0,MADEUPSHARE2_W45,INCOME,"$100,000 or more",[0.06768054 0.93231946],0.004023180893195988
1,MADEUPSHARE2_W45,INCOME,"$30,000-$50,000",[0.1035843 0.8964157],0.00797540497758032
2,MADEUPSHARE2_W45,INCOME,"$50,000-$75,000",[0.08376743 0.91623257],0.004285653218043007
3,MADEUPSHARE2_W45,INCOME,"$75,000-$100,000",[0.09122822 0.90877178],0.00561574013898932
4,MADEUPSHARE2_W45,INCOME,"Less than $30,000",[0.1535723 0.8464277],0.007271400306991783
5,INFOKNOWd_W45,INCOME,"$100,000 or more",[0.5082814 0.4917186],0.008401694182515166
6,INFOKNOWd_W45,INCOME,"$30,000-$50,000",[0.60183125 0.39816875],0.004352003591839239
7,INFOKNOWd_W45,INCOME,"$50,000-$75,000",[0.6186647 0.3813353],0.007357191090306832
8,INFOKNOWd_W45,INCOME,"$75,000-$100,000",[0.54942052 0.45057948],0.007477007175633977
9,INFOKNOWd_W45,INCOME,"Less than $30,000",[0.62854724 0.37145276],0.018655139724491152
10,NEWSPROBb_W45,INCOME,"$100,000 or more",[0.60773952 0.3454559  0.03279175 0.01401283],0.006805547180659729
11,NEWSPROBb_W45,INCOME,"$30,000-$50,000",[0.52508127 0.34034806 0.1130714  0.02149927],0.013786520890515006
12,NEWSPROBb_W45,INCOME,"$50,000-$75,000",[0.55031743 0.33882108 0.08966551 0.02119597],0.005813618137288002
13,NEWSPROBb_W45,INCOME,"$75,000-$100,000",[0.59148699 0.35079911 0.05771389 0.        ],0.013763142754954945
14,NEWSPROBb_W45,INCOME,"Less than $30,000",[0.40310523 0.37659001 0.14702196 0.0732828 ],0.012219981785433714
15,SMSHARE_W45,INCOME,"$100,000 or more",[0.05695271 0.24606397 0.24496405 0.04075174 0.41126754],0.0011670841623443514
16,SMSHARE_W45,INCOME,"$30,000-$50,000",[0.0922372  0.28629682 0.23924092 0.034093   0.34813205],0.0017863517663625663
17,SMSHARE_W45,INCOME,"$50,000-$75,000",[0.07576485 0.24867237 0.2447093  0.03027388 0.40057961],0.0037238971807200443
18,SMSHARE_W45,INCOME,"$75,000-$100,000",[0.05589494 0.29387268 0.23795928 0.02628015 0.38599295],0.007740292534631573
19,SMSHARE_W45,INCOME,"Less than $30,000",[0.1160642  0.33082099 0.1963663  0.05719446 0.29955405],0.0067257453893829824
20,MADEUPOFT_W45,INCOME,"$100,000 or more",[0.38849504 0.5197294  0.08634324 0.00543233],0.0038275971902490555
21,MADEUPOFT_W45,INCOME,"$30,000-$50,000",[0.38566507 0.51795632 0.08144037 0.01493824],0.00861125413859129
22,MADEUPOFT_W45,INCOME,"$50,000-$75,000",[0.37225403 0.52739996 0.09571622 0.00462979],0.011069505545158427
23,MADEUPOFT_W45,INCOME,"$75,000-$100,000",[0.36367557 0.54667686 0.08394319 0.00570438],0.007168252333857011
24,MADEUPOFT_W45,INCOME,"Less than $30,000",[0.37436733 0.48244257 0.09691209 0.04627801],0.005922840910498073
25,SMLIKESb_W45,INCOME,"$100,000 or more",[0.26056379 0.46101056 0.27842565],0.0043769413253977076
26,SMLIKESb_W45,INCOME,"$30,000-$50,000",[0.2663608  0.47347996 0.26015924],0.00873830556844249
27,SMLIKESb_W45,INCOME,"$50,000-$75,000",[0.22634199 0.50661186 0.26704615],0.005825517113250584
28,SMLIKESb_W45,INCOME,"$75,000-$100,000",[0.26978381 0.50303599 0.2271802 ],0.0105547068379685
29,SMLIKESb_W45,INCOME,"Less than $30,000",[0.26051151 0.47175724 0.26773125],0.022801719014327388
30,INFOCHALe_W45,INCOME,"$100,000 or more",[0.46298485 0.34573984 0.1437529  0.04752241],0.01760111936573036
31,INFOCHALe_W45,INCOME,"$30,000-$50,000",[0.45935824 0.34464478 0.14575722 0.05023975],0.02479845018577008
32,INFOCHALe_W45,INCOME,"$50,000-$75,000",[0.42695132 0.34394693 0.16878147 0.06032028],0.016478493809823375
33,INFOCHALe_W45,INCOME,"$75,000-$100,000",[0.44415    0.36887274 0.14499255 0.04198472],0.01891085759875065
34,INFOCHALe_W45,INCOME,"Less than $30,000",[0.44456038 0.32347753 0.15072146 0.08124064],0.01922738250920232
35,MADEUPSHAREWHY_W45,INCOME,"$100,000 or more",[0.31394239 0.05149025 0.15271787 0.48184949],0.0
36,MADEUPSHAREWHY_W45,INCOME,"$30,000-$50,000",[0.27920048 0.05687132 0.16340169 0.5005265 ],0.008517440413346544
37,MADEUPSHAREWHY_W45,INCOME,"$50,000-$75,000",[0.24763045 0.0888522  0.22038531 0.44313204],0.0
38,MADEUPSHAREWHY_W45,INCOME,"$75,000-$100,000",[0.2141966  0.00665685 0.32668101 0.45246554],0.0
39,MADEUPSHAREWHY_W45,INCOME,"Less than $30,000",[0.27613247 0.12206844 0.1567718  0.4450273 ],0.0022779791642843833
40,INFORESTRICTb_W45,INCOME,"$100,000 or more",[0.84031419 0.15968581],0.00918842217963726
41,INFORESTRICTb_W45,INCOME,"$30,000-$50,000",[0.64043083 0.35956917],0.021924831551368314
42,INFORESTRICTb_W45,INCOME,"$50,000-$75,000",[0.70961235 0.29038765],0.009056097398617218
43,INFORESTRICTb_W45,INCOME,"$75,000-$100,000",[0.73159675 0.26840325],0.009497139270377347
44,INFORESTRICTb_W45,INCOME,"Less than $30,000",[0.63263807 0.36736193],0.018342832153268734
45,WATCHDOG_3_W45,INCOME,"$100,000 or more",[0.2283574 0.7716426],0.016392660039885577
46,WATCHDOG_3_W45,INCOME,"$30,000-$50,000",[0.27512333 0.72487667],0.02308826834758915
47,WATCHDOG_3_W45,INCOME,"$50,000-$75,000",[0.236207 0.763793],0.009192371744028283
48,WATCHDOG_3_W45,INCOME,"$75,000-$100,000",[0.26360518 0.73639482],0.025940812928393387
49,WATCHDOG_3_W45,INCOME,"Less than $30,000",[0.31212516 0.68787484],0.02480256489298939
50,MADEUPSHARE1_W45,INCOME,"$100,000 or more",[0.44286104 0.55713896],0.00587025440245932
51,MADEUPSHARE1_W45,INCOME,"$30,000-$50,000",[0.50419345 0.49580655],0.004256758722512199
52,MADEUPSHARE1_W45,INCOME,"$50,000-$75,000",[0.43556108 0.56443892],0.008072894365813708
53,MADEUPSHARE1_W45,INCOME,"$75,000-$100,000",[0.53307801 0.46692199],0.011882447406974604
54,MADEUPSHARE1_W45,INCOME,"Less than $30,000",[0.53855154 0.46144846],0.011517977213464016
55,SMLIKESe_W45,INCOME,"$100,000 or more",[0.87246148 0.1061161  0.02142243],0.0
56,SMLIKESe_W45,INCOME,"$30,000-$50,000",[0.77861506 0.16236167 0.05902327],0.0006916688033147569
57,SMLIKESe_W45,INCOME,"$50,000-$75,000",[0.81976272 0.14671536 0.03352191],0.007403628553577766
58,SMLIKESe_W45,INCOME,"$75,000-$100,000",[0.82585851 0.15123953 0.02290196],0.010908729561138404
59,SMLIKESe_W45,INCOME,"Less than $30,000",[0.68881826 0.23495841 0.07622334],0.007505759722181542
60,MADEUPRESa_W45,INCOME,"$100,000 or more",[0.6733679 0.3266321],0.006852948694238311
61,MADEUPRESa_W45,INCOME,"$30,000-$50,000",[0.64718756 0.35281244],0.005159624617834031
62,MADEUPRESa_W45,INCOME,"$50,000-$75,000",[0.66556402 0.33443598],0.005308021647554545
63,MADEUPRESa_W45,INCOME,"$75,000-$100,000",[0.6500543 0.3499457],0.006276209389283301
64,MADEUPRESa_W45,INCOME,"Less than $30,000",[0.59064713 0.40935287],0.01019038083538362
65,INFOCHALd_W45,INCOME,"$100,000 or more",[0.50564156 0.33411203 0.12879287 0.03145353],0.014602318585530155
66,INFOCHALd_W45,INCOME,"$30,000-$50,000",[0.41482896 0.40359148 0.12968849 0.05189107],0.026771919783058467
67,INFOCHALd_W45,INCOME,"$50,000-$75,000",[0.4407279  0.35007075 0.16501793 0.04418342],0.016626055546251302
68,INFOCHALd_W45,INCOME,"$75,000-$100,000",[0.45197656 0.35681643 0.14902191 0.0421851 ],0.011410942870091914
69,INFOCHALd_W45,INCOME,"Less than $30,000",[0.41856909 0.3458006  0.15707879 0.07855153],0.02940555772770171
70,INFOOWNd_W45,INCOME,"$100,000 or more",[0.82888051 0.17111949],0.003656143635547086
71,INFOOWNd_W45,INCOME,"$30,000-$50,000",[0.77398154 0.22601846],0.013184464858402497
72,INFOOWNd_W45,INCOME,"$50,000-$75,000",[0.80911933 0.19088067],0.004482483798240466
73,INFOOWNd_W45,INCOME,"$75,000-$100,000",[0.7966035 0.2033965],0.008200099840260579
74,INFOOWNd_W45,INCOME,"Less than $30,000",[0.70778932 0.29221068],0.007154923160952144
75,RESTRICTWHO_W45,INCOME,"$100,000 or more",[0.09764247 0.11097875 0.23031797 0.5307582  0.03030262],0.005836715121325722
76,RESTRICTWHO_W45,INCOME,"$30,000-$50,000",[0.11952891 0.08362211 0.20969416 0.53910443 0.04805039],0.008076890666691408
77,RESTRICTWHO_W45,INCOME,"$50,000-$75,000",[0.09389697 0.09093096 0.18117334 0.59531201 0.03868672],0.0070747350962707825
78,RESTRICTWHO_W45,INCOME,"$75,000-$100,000",[0.11968735 0.08093667 0.21026371 0.560629   0.02848327],0.008276151072470875
79,RESTRICTWHO_W45,INCOME,"Less than $30,000",[0.16766629 0.08475484 0.18239146 0.47792418 0.08726323],0.01100692996485933
80,SMLIKESa_W45,INCOME,"$100,000 or more",[0.66705923 0.26536112 0.06757965],0.0043769413253977076
81,SMLIKESa_W45,INCOME,"$30,000-$50,000",[0.59737074 0.33596667 0.06666259],0.01569635265069357
82,SMLIKESa_W45,INCOME,"$50,000-$75,000",[0.64718744 0.25719356 0.095619  ],0.005825517113250583
83,SMLIKESa_W45,INCOME,"$75,000-$100,000",[0.64434673 0.28075549 0.07489778],0.009241158665021534
84,SMLIKESa_W45,INCOME,"Less than $30,000",[0.43312727 0.38654369 0.18032903],0.01783672939669958
85,INFORESTRICTc_W45,INCOME,"$100,000 or more",[0.5472743 0.4527257],0.006778701440975572
86,INFORESTRICTc_W45,INCOME,"$30,000-$50,000",[0.42593166 0.57406834],0.010190257067829432
87,INFORESTRICTc_W45,INCOME,"$50,000-$75,000",[0.44554544 0.55445456],0.006460328291845973
88,INFORESTRICTc_W45,INCOME,"$75,000-$100,000",[0.47073529 0.52926471],0.007421891617366521
89,INFORESTRICTc_W45,INCOME,"Less than $30,000",[0.44478505 0.55521495],0.01189649762652701
90,MADEUPTOPICa_W45,INCOME,"$100,000 or more",[0.81400414 0.18402705 0.00196881 0.        ],0.008963074515283814
91,MADEUPTOPICa_W45,INCOME,"$30,000-$50,000",[0.74556415 0.23370503 0.02073082 0.        ],0.002648013610156817
92,MADEUPTOPICa_W45,INCOME,"$50,000-$75,000",[0.77331135 0.20563833 0.02105032 0.        ],0.0
93,MADEUPTOPICa_W45,INCOME,"$75,000-$100,000",[0.78550662 0.1898993  0.02459407 0.        ],0.003859268630072708
94,MADEUPTOPICa_W45,INCOME,"Less than $30,000",[0.66670397 0.26663746 0.06665857 0.        ],0.005426177161524021
95,MADEUPSMCLICK_W45,INCOME,"$100,000 or more",[0.03629267 0.25487067 0.38077395 0.24830776 0.07975495],0.002235477023058455
96,MADEUPSMCLICK_W45,INCOME,"$30,000-$50,000",[0.06481895 0.2872618  0.34859699 0.21121899 0.08810328],0.0034219487511844204
97,MADEUPSMCLICK_W45,INCOME,"$50,000-$75,000",[0.04489807 0.24150908 0.3774417  0.23668132 0.09946983],0.0021729148205193853
98,MADEUPSMCLICK_W45,INCOME,"$75,000-$100,000",[0.02421963 0.26775328 0.36689049 0.24004719 0.10108941],0.007132370174850739
99,MADEUPSMCLICK_W45,INCOME,"Less than $30,000",[0.07528858 0.27468559 0.33048659 0.20120539 0.11833384],0.009034588686826266
100,MADEUPLEVELb_W45,INCOME,"$100,000 or more",[0.12571855 0.51765229 0.35662915 0.        ],0.0029692424424470113
101,MADEUPLEVELb_W45,INCOME,"$30,000-$50,000",[0.23630595 0.49762087 0.26607318 0.        ],0.006124904554365364
102,MADEUPLEVELb_W45,INCOME,"$50,000-$75,000",[0.12759085 0.57137946 0.30102969 0.        ],0.004886711019379193
103,MADEUPLEVELb_W45,INCOME,"$75,000-$100,000",[0.1511044  0.53206756 0.31682803 0.        ],0.006459837569530336
104,MADEUPLEVELb_W45,INCOME,"Less than $30,000",[0.23211559 0.53473898 0.23314543 0.        ],0.004368481584372866
105,MADEUPRESb_W45,INCOME,"$100,000 or more",[0.41441231 0.58558769],0.005300458972295045
106,MADEUPRESb_W45,INCOME,"$30,000-$50,000",[0.46462096 0.53537904],0.013728870897654233
107,MADEUPRESb_W45,INCOME,"$50,000-$75,000",[0.42774923 0.57225077],0.003187725173273788
108,MADEUPRESb_W45,INCOME,"$75,000-$100,000",[0.41086808 0.58913192],0.0036800815284375155
109,MADEUPRESb_W45,INCOME,"Less than $30,000",[0.45521086 0.54478914],0.007597143050885874
110,INFOKNOWa_W45,INCOME,"$100,000 or more",[0.33215115 0.66784885],0.010223372108441292
111,INFOKNOWa_W45,INCOME,"$30,000-$50,000",[0.47042476 0.52957524],0.009149546724293304
112,INFOKNOWa_W45,INCOME,"$50,000-$75,000",[0.44399483 0.55600517],0.004601696345960007
113,INFOKNOWa_W45,INCOME,"$75,000-$100,000",[0.36731492 0.63268508],0.005488057492779678
114,INFOKNOWa_W45,INCOME,"Less than $30,000",[0.50743085 0.49256915],0.01312731942122366
115,INFOCREATEd_W45,INCOME,"$100,000 or more",[0.38204955 0.48246396 0.13548649 0.        ],0.012192912941612866
116,INFOCREATEd_W45,INCOME,"$30,000-$50,000",[0.32280952 0.52809973 0.14909075 0.        ],0.007922043870066812
117,INFOCREATEd_W45,INCOME,"$50,000-$75,000",[0.36444424 0.48554747 0.15000829 0.        ],0.009720552624006257
118,INFOCREATEd_W45,INCOME,"$75,000-$100,000",[0.38958228 0.46121216 0.14920556 0.        ],0.00828440474552293
119,INFOCREATEd_W45,INCOME,"Less than $30,000",[0.35077309 0.52224875 0.12697816 0.        ],0.014947151658982067
120,INFORESTRICTe_W45,INCOME,"$100,000 or more",[0.22113849 0.77886151],0.004632537750694549
121,INFORESTRICTe_W45,INCOME,"$30,000-$50,000",[0.21381887 0.78618113],0.009264212955416375
122,INFORESTRICTe_W45,INCOME,"$50,000-$75,000",[0.22081323 0.77918677],0.004458843294116611
123,INFORESTRICTe_W45,INCOME,"$75,000-$100,000",[0.20907075 0.79092925],0.004811313361427891
124,INFORESTRICTe_W45,INCOME,"Less than $30,000",[0.25900567 0.74099433],0.0070371269137563435
125,ACCCHECK_W45,INCOME,"$100,000 or more",[0.35989386 0.47563089 0.13552201 0.02895325],0.00046508706299713863
126,ACCCHECK_W45,INCOME,"$30,000-$50,000",[0.2703551  0.48496167 0.18424622 0.06043701],0.013844637495918221
127,ACCCHECK_W45,INCOME,"$50,000-$75,000",[0.31573067 0.47015152 0.16730023 0.04681758],0.001685314815597559
128,ACCCHECK_W45,INCOME,"$75,000-$100,000",[0.3056567  0.49108267 0.16596036 0.03730027],0.00388454581725138
129,ACCCHECK_W45,INCOME,"Less than $30,000",[0.26035802 0.42620344 0.20671979 0.10671875],0.009976669233104283
130,NEWSPREFV2_W45,INCOME,"$100,000 or more",[0.08151051 0.08754735 0.30466003 0.09834704 0.42793506],0.0018726433765831434
131,NEWSPREFV2_W45,INCOME,"$30,000-$50,000",[0.07973437 0.08984415 0.41835502 0.13217624 0.27989022],0.0033738586343239046
132,NEWSPREFV2_W45,INCOME,"$50,000-$75,000",[0.08057514 0.08642956 0.37309193 0.1189314  0.34097197],0.0024491037787726226
133,NEWSPREFV2_W45,INCOME,"$75,000-$100,000",[0.08030161 0.10159473 0.4123208  0.08866412 0.31711874],0.002181008791812725
134,NEWSPREFV2_W45,INCOME,"Less than $30,000",[0.06683306 0.06990796 0.49446655 0.16581172 0.20298072],0.0038443844981577266
135,SOURCESKEPb_W45,INCOME,"$100,000 or more",[0.01730134 0.33299805 0.52857401 0.1211266 ],0.004341398754863743
136,SOURCESKEPb_W45,INCOME,"$30,000-$50,000",[0.03838812 0.39582211 0.43621795 0.12957183],0.0024606588563200068
137,SOURCESKEPb_W45,INCOME,"$50,000-$75,000",[0.02285359 0.37345041 0.48122164 0.12247436],0.0062131856966143924
138,SOURCESKEPb_W45,INCOME,"$75,000-$100,000",[0.02293391 0.33593559 0.50026194 0.14086856],0.0020898213844895183
139,SOURCESKEPb_W45,INCOME,"Less than $30,000",[0.03831681 0.37949771 0.44826501 0.13392047],0.002461919713090224
140,INFOCONFUSEd_W45,INCOME,"$100,000 or more",[0.51290888 0.41102443 0.06620456 0.00986213],0.002954757397709087
141,INFOCONFUSEd_W45,INCOME,"$30,000-$50,000",[0.4976802  0.4323699  0.05858772 0.01136218],0.007234760288066961
142,INFOCONFUSEd_W45,INCOME,"$50,000-$75,000",[0.48010001 0.41739796 0.08709662 0.01540541],0.00023833899296558193
143,INFOCONFUSEd_W45,INCOME,"$75,000-$100,000",[0.4953651 0.4188955 0.0699942 0.0157452],0.0
144,INFOCONFUSEd_W45,INCOME,"Less than $30,000",[0.42931639 0.40129639 0.12795221 0.04143501],0.004510218052441659
145,MADEUPTOPICf_W45,INCOME,"$100,000 or more",[0.19625981 0.6144094  0.18933079 0.        ],0.011250642324954123
146,MADEUPTOPICf_W45,INCOME,"$30,000-$50,000",[0.26321011 0.58840102 0.14838887 0.        ],0.008125436783051533
147,MADEUPTOPICf_W45,INCOME,"$50,000-$75,000",[0.26900376 0.58517335 0.14582289 0.        ],0.001140328161222099
148,MADEUPTOPICf_W45,INCOME,"$75,000-$100,000",[0.20972333 0.61196064 0.17831603 0.        ],0.010035692261482994
149,MADEUPTOPICf_W45,INCOME,"Less than $30,000",[0.33076665 0.54199939 0.12723396 0.        ],0.009427937252352374
150,MADEUPDIS_W45,INCOME,"$100,000 or more",[0.170151   0.50691944 0.27994787 0.04298169],0.001146053355444852
151,MADEUPDIS_W45,INCOME,"$30,000-$50,000",[0.12929931 0.49443835 0.29995252 0.07630982],0.005686820058967828
152,MADEUPDIS_W45,INCOME,"$50,000-$75,000",[0.15423005 0.47067534 0.29013534 0.08495927],0.0018983384776399303
153,MADEUPDIS_W45,INCOME,"$75,000-$100,000",[0.16909426 0.47594885 0.29279348 0.06216341],0.002628425636431762
154,MADEUPDIS_W45,INCOME,"Less than $30,000",[0.15744877 0.40301717 0.31621731 0.12331676],0.008767103968961786
155,NEWSPROBe_W45,INCOME,"$100,000 or more",[0.37587826 0.30932535 0.26352401 0.05127238],0.004658165184713094
156,NEWSPROBe_W45,INCOME,"$30,000-$50,000",[0.43004952 0.31323953 0.21765068 0.03906028],0.009831222313250124
157,NEWSPROBe_W45,INCOME,"$50,000-$75,000",[0.3665645  0.31924138 0.27666847 0.03752565],0.0
158,NEWSPROBe_W45,INCOME,"$75,000-$100,000",[0.37498243 0.29425657 0.27201462 0.05874638],0.004485614666767708
159,NEWSPROBe_W45,INCOME,"Less than $30,000",[0.32121888 0.34555846 0.24761188 0.08561079],0.006033782752389212
160,MADEUPTOPICb_W45,INCOME,"$100,000 or more",[0.60432284 0.34462327 0.05105389 0.        ],0.003346777157236606
161,MADEUPTOPICb_W45,INCOME,"$30,000-$50,000",[0.64710912 0.30463104 0.04825984 0.        ],0.008094608093775426
162,MADEUPTOPICb_W45,INCOME,"$50,000-$75,000",[0.66172563 0.29924002 0.03903435 0.        ],0.001724166090411921
163,MADEUPTOPICb_W45,INCOME,"$75,000-$100,000",[0.62191467 0.35207325 0.02601208 0.        ],0.0044629553858172655
164,MADEUPTOPICb_W45,INCOME,"Less than $30,000",[0.58633591 0.33876333 0.07490076 0.        ],0.006925420050855063
165,INFOCHALa_W45,INCOME,"$100,000 or more",[0.73962758 0.21842177 0.03453974 0.00741091],0.012586801058236423
166,INFOCHALa_W45,INCOME,"$30,000-$50,000",[0.62577498 0.28806626 0.06514005 0.02101872],0.02328645275285554
167,INFOCHALa_W45,INCOME,"$50,000-$75,000",[0.67061467 0.245741   0.0736382  0.01000614],0.005940871484028907
168,INFOCHALa_W45,INCOME,"$75,000-$100,000",[0.7047492  0.23420019 0.04333965 0.01771096],0.01274094050747143
169,INFOCHALa_W45,INCOME,"Less than $30,000",[0.55728241 0.29823354 0.09495884 0.04952521],0.01727893115155883
170,INFOKNOWb_W45,INCOME,"$100,000 or more",[0.70096993 0.29903007],0.011616586667706468
171,INFOKNOWb_W45,INCOME,"$30,000-$50,000",[0.63868375 0.36131625],0.011615771681757776
172,INFOKNOWb_W45,INCOME,"$50,000-$75,000",[0.67840785 0.32159215],0.01170272844814421
173,INFOKNOWb_W45,INCOME,"$75,000-$100,000",[0.6714365 0.3285635],0.007743381337371805
174,INFOKNOWb_W45,INCOME,"Less than $30,000",[0.62788877 0.37211123],0.014573117962345622
175,MADEUPSMFOL1_W45,INCOME,"$100,000 or more",[0.48734928 0.51265072],0.002272401869119619
176,MADEUPSMFOL1_W45,INCOME,"$30,000-$50,000",[0.50774358 0.49225642],0.003618155650311998
177,MADEUPSMFOL1_W45,INCOME,"$50,000-$75,000",[0.5084743 0.4915257],0.005084400551734345
178,MADEUPSMFOL1_W45,INCOME,"$75,000-$100,000",[0.50330019 0.49669981],0.011746858632657614
179,MADEUPSMFOL1_W45,INCOME,"Less than $30,000",[0.50418964 0.49581036],0.014163101294736795
180,MADEUPRESd_W45,INCOME,"$100,000 or more",[0.3023426 0.6976574],0.007007154766040584
181,MADEUPRESd_W45,INCOME,"$30,000-$50,000",[0.32527812 0.67472188],0.012698548392421393
182,MADEUPRESd_W45,INCOME,"$50,000-$75,000",[0.34969099 0.65030901],0.006420966144422934
183,MADEUPRESd_W45,INCOME,"$75,000-$100,000",[0.29467254 0.70532746],0.009441840553806062
184,MADEUPRESd_W45,INCOME,"Less than $30,000",[0.33148333 0.66851667],0.008235690157692271
185,INFOWHYb_W45,INCOME,"$100,000 or more",[0.95082893 0.04119183 0.00797924],0.0048814954085104
186,INFOWHYb_W45,INCOME,"$30,000-$50,000",[0.8501355  0.12111078 0.02875372],0.002307956713289373
187,INFOWHYb_W45,INCOME,"$50,000-$75,000",[0.9072417  0.07086725 0.02189105],0.002203516617686288
188,INFOWHYb_W45,INCOME,"$75,000-$100,000",[0.92767137 0.05698829 0.01534034],0.00173390440460883
189,INFOWHYb_W45,INCOME,"Less than $30,000",[0.7726945  0.16256382 0.06474168],0.009706755048551527
190,INFOOWNc_W45,INCOME,"$100,000 or more",[0.60262411 0.39737589],0.008967847933866886
191,INFOOWNc_W45,INCOME,"$30,000-$50,000",[0.59170976 0.40829024],0.01040401746020519
192,INFOOWNc_W45,INCOME,"$50,000-$75,000",[0.62814496 0.37185504],0.011091207777395373
193,INFOOWNc_W45,INCOME,"$75,000-$100,000",[0.60240082 0.39759918],0.007242651794925869
194,INFOOWNc_W45,INCOME,"Less than $30,000",[0.55243292 0.44756708],0.01573302347055751
195,INFOCREATEa_W45,INCOME,"$100,000 or more",[0.34202137 0.34821584 0.30976278 0.        ],0.0034717789265771384
196,INFOCREATEa_W45,INCOME,"$30,000-$50,000",[0.40367643 0.42486307 0.1714605  0.        ],0.0036864718346513517
197,INFOCREATEa_W45,INCOME,"$50,000-$75,000",[0.37551369 0.41693336 0.20755295 0.        ],0.004465569177956016
198,INFOCREATEa_W45,INCOME,"$75,000-$100,000",[0.34960243 0.43186191 0.21853565 0.        ],0.007231841143496157
199,INFOCREATEa_W45,INCOME,"Less than $30,000",[0.38434622 0.43712968 0.1785241  0.        ],0.011349489899632064
200,SEEK_W45,INCOME,"$100,000 or more",[0.71239256 0.28760744],0.0021856994860326813
201,SEEK_W45,INCOME,"$30,000-$50,000",[0.55023735 0.44976265],0.007475433484771892
202,SEEK_W45,INCOME,"$50,000-$75,000",[0.60238986 0.39761014],0.003124008934896893
203,SEEK_W45,INCOME,"$75,000-$100,000",[0.65287363 0.34712637],0.01176020650871283
204,SEEK_W45,INCOME,"Less than $30,000",[0.53761749 0.46238251],0.011620212746772883
205,INFORESTRICTd_W45,INCOME,"$100,000 or more",[0.7461506 0.2538494],0.007187655471438003
206,INFORESTRICTd_W45,INCOME,"$30,000-$50,000",[0.5874697 0.4125303],0.02232610715470933
207,INFORESTRICTd_W45,INCOME,"$50,000-$75,000",[0.66701885 0.33298115],0.005526185830716293
208,INFORESTRICTd_W45,INCOME,"$75,000-$100,000",[0.67303889 0.32696111],0.010746085862645029
209,INFORESTRICTd_W45,INCOME,"Less than $30,000",[0.54472893 0.45527107],0.010810243918937317
210,INFOCONFUSEa_W45,INCOME,"$100,000 or more",[0.73340356 0.22956828 0.02335363 0.01367454],0.0010972143182078323
211,INFOCONFUSEa_W45,INCOME,"$30,000-$50,000",[0.67965559 0.2458155  0.05090629 0.02362262],0.004074698776615003
212,INFOCONFUSEa_W45,INCOME,"$50,000-$75,000",[0.7071977  0.2210174  0.05496794 0.01681697],0.005692012430278841
213,INFOCONFUSEa_W45,INCOME,"$75,000-$100,000",[0.71761708 0.22050965 0.03904049 0.02283278],0.003031561333245405
214,INFOCONFUSEa_W45,INCOME,"Less than $30,000",[0.57463744 0.2907676  0.07652759 0.05806736],0.0010784592255178368
215,WATCHDOG_1_W45,INCOME,"$100,000 or more",[0.28233822 0.71766178],0.015489880121750734
216,WATCHDOG_1_W45,INCOME,"$30,000-$50,000",[0.31301434 0.68698566],0.02794582637874332
217,WATCHDOG_1_W45,INCOME,"$50,000-$75,000",[0.31066122 0.68933878],0.02905600434321604
218,WATCHDOG_1_W45,INCOME,"$75,000-$100,000",[0.29198137 0.70801863],0.018441673950546092
219,WATCHDOG_1_W45,INCOME,"Less than $30,000",[0.30394626 0.69605374],0.0308838967362405
220,MADEUPIMPd_W45,INCOME,"$100,000 or more",[0.32579929 0.41857181 0.20144933 0.05417957],0.005434976944049201
221,MADEUPIMPd_W45,INCOME,"$30,000-$50,000",[0.38825912 0.41899019 0.14739364 0.04535704],0.011163663441016746
222,MADEUPIMPd_W45,INCOME,"$50,000-$75,000",[0.35233827 0.42856709 0.18389553 0.03519912],0.007354832189555696
223,MADEUPIMPd_W45,INCOME,"$75,000-$100,000",[0.32200482 0.45206895 0.18439125 0.04153498],0.014032676029185799
224,MADEUPIMPd_W45,INCOME,"Less than $30,000",[0.36525645 0.40981795 0.15453141 0.07039419],0.008693252011693575
225,INFOOWNb_W45,INCOME,"$100,000 or more",[0.89589981 0.10410019],0.008116998089673049
226,INFOOWNb_W45,INCOME,"$30,000-$50,000",[0.76655669 0.23344331],0.018072006272751386
227,INFOOWNb_W45,INCOME,"$50,000-$75,000",[0.83466636 0.16533364],0.011442458757856329
228,INFOOWNb_W45,INCOME,"$75,000-$100,000",[0.84806525 0.15193475],0.006316416698873156
229,INFOOWNb_W45,INCOME,"Less than $30,000",[0.6996613 0.3003387],0.016846567167777063
230,SMSHARER_W45,INCOME,"$100,000 or more",[0.07088367 0.92911633],0.007070291002116763
231,SMSHARER_W45,INCOME,"$30,000-$50,000",[0.11756006 0.88243994],0.011061077149505556
232,SMSHARER_W45,INCOME,"$50,000-$75,000",[0.0843702 0.9156298],0.006155743142460965
233,SMSHARER_W45,INCOME,"$75,000-$100,000",[0.07723619 0.92276381],0.01884022231567394
234,SMSHARER_W45,INCOME,"Less than $30,000",[0.19118872 0.80881128],0.015624255327091201
235,FCFAIR_W45,INCOME,"$100,000 or more",[0.53139708 0.46860292],0.009869174101402775
236,FCFAIR_W45,INCOME,"$30,000-$50,000",[0.48067907 0.51932093],0.02296773596544264
237,FCFAIR_W45,INCOME,"$50,000-$75,000",[0.52941886 0.47058114],0.01643377605038806
238,FCFAIR_W45,INCOME,"$75,000-$100,000",[0.50455648 0.49544352],0.01707183314592793
239,FCFAIR_W45,INCOME,"Less than $30,000",[0.54335798 0.45664202],0.028757540519762127
240,INFOCONFUSEe_W45,INCOME,"$100,000 or more",[0.70129738 0.24440329 0.04236347 0.01193586],0.005689216855140399
241,INFOCONFUSEe_W45,INCOME,"$30,000-$50,000",[0.63701365 0.27692545 0.05481343 0.03124747],0.00930926437174439
242,INFOCONFUSEe_W45,INCOME,"$50,000-$75,000",[0.66342677 0.25363292 0.05671246 0.02622785],0.0005594103933073728
243,INFOCONFUSEe_W45,INCOME,"$75,000-$100,000",[0.65220099 0.27525373 0.04724304 0.02530224],0.0022077154435120793
244,INFOCONFUSEe_W45,INCOME,"Less than $30,000",[0.55869087 0.29194429 0.09289182 0.05647302],0.0005114827626441521
245,MADEUPTOPICe_W45,INCOME,"$100,000 or more",[0.16501563 0.4547797  0.38020467 0.        ],0.0025357344154412916
246,MADEUPTOPICe_W45,INCOME,"$30,000-$50,000",[0.18897532 0.41968238 0.3913423  0.        ],0.0005274683365585661
247,MADEUPTOPICe_W45,INCOME,"$50,000-$75,000",[0.16873321 0.40102322 0.43024357 0.        ],0.0008913567979170885
248,MADEUPTOPICe_W45,INCOME,"$75,000-$100,000",[0.16603063 0.45540301 0.37856636 0.        ],0.00240214516188395
249,MADEUPTOPICe_W45,INCOME,"Less than $30,000",[0.19623474 0.48052858 0.32323667 0.        ],0.005485747274236013
250,INFOOWNa_W45,INCOME,"$100,000 or more",[0.65891888 0.34108112],0.012960252326094662
251,INFOOWNa_W45,INCOME,"$30,000-$50,000",[0.62967103 0.37032897],0.015317070903953638
252,INFOOWNa_W45,INCOME,"$50,000-$75,000",[0.67961904 0.32038096],0.010184177195745369
253,INFOOWNa_W45,INCOME,"$75,000-$100,000",[0.66066194 0.33933806],0.007552481073876192
254,INFOOWNa_W45,INCOME,"Less than $30,000",[0.60432167 0.39567833],0.015947429503890467
255,INFOCHALb_W45,INCOME,"$100,000 or more",[0.48235315 0.39886392 0.1035662  0.01521674],0.01171174795894906
256,INFOCHALb_W45,INCOME,"$30,000-$50,000",[0.45087297 0.40210109 0.11979854 0.02722739],0.026478605060346702
257,INFOCHALb_W45,INCOME,"$50,000-$75,000",[0.44147609 0.41208828 0.12508921 0.02134642],0.011937533078845496
258,INFOCHALb_W45,INCOME,"$75,000-$100,000",[0.43077175 0.43667413 0.11730715 0.01524697],0.01833953100103497
259,INFOCHALb_W45,INCOME,"Less than $30,000",[0.35883446 0.415488   0.15690726 0.06877027],0.02024024489774744
260,INFOWHYa_W45,INCOME,"$100,000 or more",[0.69313193 0.25487366 0.05199441],0.006429825337888071
261,INFOWHYa_W45,INCOME,"$30,000-$50,000",[0.73208285 0.2151278  0.05278936],0.0028430316369107197
262,INFOWHYa_W45,INCOME,"$50,000-$75,000",[0.69388313 0.24329776 0.0628191 ],0.005031452856244328
263,INFOWHYa_W45,INCOME,"$75,000-$100,000",[0.69386843 0.23055031 0.07558127],0.0060629470209546945
264,INFOWHYa_W45,INCOME,"Less than $30,000",[0.73696812 0.19068764 0.07234424],0.00991937243252061
265,SOURCESKEPc_W45,INCOME,"$100,000 or more",[0.03223799 0.50074513 0.38974618 0.0772707 ],0.0031921404317320173
266,SOURCESKEPc_W45,INCOME,"$30,000-$50,000",[0.04868951 0.50735269 0.35272095 0.09123685],0.0
267,SOURCESKEPc_W45,INCOME,"$50,000-$75,000",[0.0261815  0.49102469 0.39734965 0.08544416],0.0014630123047653803
268,SOURCESKEPc_W45,INCOME,"$75,000-$100,000",[0.04453926 0.50738262 0.36773541 0.08034271],0.0
269,SOURCESKEPc_W45,INCOME,"Less than $30,000",[0.05525696 0.45115441 0.37488845 0.11870018],0.00248149407409369
270,SOURCESKEPa_W45,INCOME,"$100,000 or more",[0.47519824 0.41895968 0.07784864 0.02799345],0.0010064919478973337
271,SOURCESKEPa_W45,INCOME,"$30,000-$50,000",[0.33788012 0.52038397 0.11531279 0.02642312],0.0038698961814237656
272,SOURCESKEPa_W45,INCOME,"$50,000-$75,000",[0.36729771 0.49668123 0.1032195  0.03280156],0.0028424532506245792
273,SOURCESKEPa_W45,INCOME,"$75,000-$100,000",[0.37522623 0.49991957 0.08342308 0.04143113],0.0
274,SOURCESKEPa_W45,INCOME,"Less than $30,000",[0.29696057 0.51986367 0.12250952 0.06066623],0.002135451538762907
275,INFOCHALc_W45,INCOME,"$100,000 or more",[0.4665499  0.40432893 0.11014525 0.01897592],0.012430794120091052
276,INFOCHALc_W45,INCOME,"$30,000-$50,000",[0.4411817  0.40587883 0.12496545 0.02797402],0.027251026360212545
277,INFOCHALc_W45,INCOME,"$50,000-$75,000",[0.41611523 0.43448865 0.1257619  0.02363421],0.010915780745749025
278,INFOCHALc_W45,INCOME,"$75,000-$100,000",[0.43423087 0.4172315  0.1285202  0.02001743],0.011574736138879965
279,INFOCHALc_W45,INCOME,"Less than $30,000",[0.34381939 0.41313007 0.18352006 0.05953048],0.01622794429459062
280,DIGWDOG_3_W45,INCOME,"$100,000 or more",[0.37270598 0.34685924 0.28043478],0.001940961557146318
281,DIGWDOG_3_W45,INCOME,"$30,000-$50,000",[0.28422349 0.32078669 0.39498982],0.013200336560696795
282,DIGWDOG_3_W45,INCOME,"$50,000-$75,000",[0.33990648 0.31171483 0.34837869],0.004785944667548703
283,DIGWDOG_3_W45,INCOME,"$75,000-$100,000",[0.34218761 0.33672312 0.32108927],0.008463818736717886
284,DIGWDOG_3_W45,INCOME,"Less than $30,000",[0.2557837 0.3209104 0.4233059],0.008020133086465318
285,VIDOFT_W45,INCOME,"$100,000 or more",[0.10645432 0.54839237 0.30267231 0.042481  ],0.011595580403556693
286,VIDOFT_W45,INCOME,"$30,000-$50,000",[0.15252054 0.56169598 0.22161915 0.06416432],0.016273211567347533
287,VIDOFT_W45,INCOME,"$50,000-$75,000",[0.14069221 0.51896085 0.29113318 0.04921376],0.007579414367464084
288,VIDOFT_W45,INCOME,"$75,000-$100,000",[0.14459135 0.51381744 0.30563435 0.03595685],0.018456109148982713
289,VIDOFT_W45,INCOME,"Less than $30,000",[0.18072282 0.47775801 0.24242929 0.09908988],0.015027011342854633
290,MADEUPLEVELa_W45,INCOME,"$100,000 or more",[0.64826459 0.32681969 0.02491572 0.        ],0.01044917812217979
291,MADEUPLEVELa_W45,INCOME,"$30,000-$50,000",[0.60116658 0.35874076 0.04009267 0.        ],0.008901977121985712
292,MADEUPLEVELa_W45,INCOME,"$50,000-$75,000",[0.60674991 0.35330591 0.03994417 0.        ],0.0008418179713175399
293,MADEUPLEVELa_W45,INCOME,"$75,000-$100,000",[0.62549907 0.35228563 0.0222153  0.        ],0.007812461775793738
294,MADEUPLEVELa_W45,INCOME,"Less than $30,000",[0.51589733 0.40333112 0.08077155 0.        ],0.004362243265006348
295,INFOCREATEc_W45,INCOME,"$100,000 or more",[0.21537714 0.55737926 0.2272436  0.        ],0.007337794611018894
296,INFOCREATEc_W45,INCOME,"$30,000-$50,000",[0.26299311 0.56420671 0.17280018 0.        ],0.012106276599229348
297,INFOCREATEc_W45,INCOME,"$50,000-$75,000",[0.26687391 0.54918619 0.1839399  0.        ],0.008540355003004116
298,INFOCREATEc_W45,INCOME,"$75,000-$100,000",[0.26036883 0.53281076 0.20682041 0.        ],0.00461442177859329
299,INFOCREATEc_W45,INCOME,"Less than $30,000",[0.30028164 0.53596972 0.16374864 0.        ],0.00826434888153506
300,MADEUPIMPb_W45,INCOME,"$100,000 or more",[0.60347691 0.31671282 0.07018639 0.00962388],0.005187986525887903
301,MADEUPIMPb_W45,INCOME,"$30,000-$50,000",[0.53474836 0.36922963 0.0714109  0.02461111],0.010178855362018128
302,MADEUPIMPb_W45,INCOME,"$50,000-$75,000",[0.58202692 0.31879281 0.08369963 0.01548065],0.002333648144129425
303,MADEUPIMPb_W45,INCOME,"$75,000-$100,000",[0.57621943 0.34368965 0.07473678 0.00535414],0.006319994663746834
304,MADEUPIMPb_W45,INCOME,"Less than $30,000",[0.48427519 0.35752524 0.11188244 0.04631713],0.004975702931560077
305,INFOCONFUSEc_W45,INCOME,"$100,000 or more",[0.54291128 0.3985495  0.05138784 0.00715138],0.006683723557692912
306,INFOCONFUSEc_W45,INCOME,"$30,000-$50,000",[0.52716316 0.37356043 0.08134229 0.01793412],0.0014912770041075813
307,INFOCONFUSEc_W45,INCOME,"$50,000-$75,000",[0.54169483 0.37081901 0.0678906  0.01959556],0.001007979978040755
308,INFOCONFUSEc_W45,INCOME,"$75,000-$100,000",[0.54962381 0.36503549 0.06611809 0.01922261],0.010129935403501617
309,INFOCONFUSEc_W45,INCOME,"Less than $30,000",[0.46670381 0.38275656 0.11068589 0.03985375],0.002869127612005467
310,SMLIKESd_W45,INCOME,"$100,000 or more",[0.08652391 0.32138152 0.59209456],0.0
311,SMLIKESd_W45,INCOME,"$30,000-$50,000",[0.12685716 0.37024154 0.5029013 ],0.003046293038353228
312,SMLIKESd_W45,INCOME,"$50,000-$75,000",[0.11528981 0.34219639 0.5425138 ],0.007403628553577766
313,SMLIKESd_W45,INCOME,"$75,000-$100,000",[0.10447391 0.36366704 0.53185905],0.00614088197589237
314,SMLIKESd_W45,INCOME,"Less than $30,000",[0.18656414 0.36218944 0.45124642],0.006153385920449079
315,NEWS_PLATFORMh_W45,INCOME,"$100,000 or more",[0.57322838 0.28369103 0.10102772 0.04205287],0.0015788417238049284
316,NEWS_PLATFORMh_W45,INCOME,"$30,000-$50,000",[0.37786737 0.33651205 0.20172536 0.08389521],0.0019320899298932415
317,NEWS_PLATFORMh_W45,INCOME,"$50,000-$75,000",[0.44597861 0.33962382 0.14759248 0.06680509],0.0018898322856095607
318,NEWS_PLATFORMh_W45,INCOME,"$75,000-$100,000",[0.48547732 0.31678134 0.1360999  0.06164143],0.0018927852382417242
319,NEWS_PLATFORMh_W45,INCOME,"Less than $30,000",[0.34304696 0.34507301 0.17857204 0.13330799],0.0005171382840654549
320,INFOCONFUSEb_W45,INCOME,"$100,000 or more",[0.2184645  0.42418446 0.29761637 0.05973466],0.009887056717221907
321,INFOCONFUSEb_W45,INCOME,"$30,000-$50,000",[0.26172658 0.51917985 0.17630274 0.04279083],0.010111486801266424
322,INFOCONFUSEb_W45,INCOME,"$50,000-$75,000",[0.26009261 0.49195819 0.20017194 0.04777726],0.005560487171996481
323,INFOCONFUSEb_W45,INCOME,"$75,000-$100,000",[0.24410706 0.47627574 0.2296772  0.04994   ],0.004542008662927436
324,INFOCONFUSEb_W45,INCOME,"Less than $30,000",[0.24026442 0.48961367 0.20796426 0.06215765],0.0088946080859872
325,NEWS_PLATFORMg_W45,INCOME,"$100,000 or more",[0.19863925 0.28779374 0.22866078 0.28490623],0.0035756751630212106
326,NEWS_PLATFORMg_W45,INCOME,"$30,000-$50,000",[0.26181815 0.28283667 0.22699155 0.22835363],0.0
327,NEWS_PLATFORMg_W45,INCOME,"$50,000-$75,000",[0.25526967 0.26272495 0.23180068 0.2502047 ],0.0018450971899094848
328,NEWS_PLATFORMg_W45,INCOME,"$75,000-$100,000",[0.21373325 0.3038103  0.2495595  0.23289696],0.0018492594621338382
329,NEWS_PLATFORMg_W45,INCOME,"Less than $30,000",[0.30842078 0.31525435 0.16551266 0.21081222],0.0
330,NEWSPROBc_W45,INCOME,"$100,000 or more",[0.11185735 0.30295026 0.33936117 0.24583121],0.0014605867669342783
331,NEWSPROBc_W45,INCOME,"$30,000-$50,000",[0.19724738 0.3351062  0.29435151 0.17329491],0.011411875796647467
332,NEWSPROBc_W45,INCOME,"$50,000-$75,000",[0.1716945  0.34150542 0.28229134 0.20450874],0.004475160338703074
333,NEWSPROBc_W45,INCOME,"$75,000-$100,000",[0.13041231 0.32405589 0.34448747 0.20104433],0.003330927673088287
334,NEWSPROBc_W45,INCOME,"Less than $30,000",[0.20304215 0.35511932 0.25921854 0.18261999],0.013551217077903417
335,ONLINESOURCE_W45,INCOME,"$100,000 or more",[0.9175315 0.0824685],0.11193270690431975
336,ONLINESOURCE_W45,INCOME,"$30,000-$50,000",[0.83204891 0.16795109],0.23563558867171147
337,ONLINESOURCE_W45,INCOME,"$50,000-$75,000",[0.85316093 0.14683907],0.17127904909209604
338,ONLINESOURCE_W45,INCOME,"$75,000-$100,000",[0.88624671 0.11375329],0.16861818377840124
339,ONLINESOURCE_W45,INCOME,"Less than $30,000",[0.76385991 0.23614009],0.2978294438831245
340,MADEUPSOLVE_W45,INCOME,"$100,000 or more",[0.10720712 0.27705806 0.61573481],0.008104517352136766
341,MADEUPSOLVE_W45,INCOME,"$30,000-$50,000",[0.09510825 0.32177385 0.5831179 ],0.011440611824861856
342,MADEUPSOLVE_W45,INCOME,"$50,000-$75,000",[0.11834275 0.3415497  0.54010755],0.004292283540518515
343,MADEUPSOLVE_W45,INCOME,"$75,000-$100,000",[0.09777039 0.29684223 0.60538737],0.01302283794470676
344,MADEUPSOLVE_W45,INCOME,"Less than $30,000",[0.10654127 0.3738164  0.51964233],0.013566231989787784
345,INFOCREATEe_W45,INCOME,"$100,000 or more",[0.60165432 0.34204207 0.0563036  0.        ],0.008202384754732448
346,INFOCREATEe_W45,INCOME,"$30,000-$50,000",[0.52552299 0.40215173 0.07232528 0.        ],0.005938303061580061
347,INFOCREATEe_W45,INCOME,"$50,000-$75,000",[0.57333188 0.36904283 0.05762529 0.        ],0.004307929415315788
348,INFOCREATEe_W45,INCOME,"$75,000-$100,000",[0.58129311 0.35821197 0.06049492 0.        ],0.005664200497484093
349,INFOCREATEe_W45,INCOME,"Less than $30,000",[0.45629977 0.44512191 0.09857832 0.        ],0.010846532899664607
350,MADEUPSMFOL2_W45,INCOME,"$100,000 or more",[0.56194251 0.43805749],0.0015741091924855002
351,MADEUPSMFOL2_W45,INCOME,"$30,000-$50,000",[0.49846988 0.50153012],0.007924849674622238
352,MADEUPSMFOL2_W45,INCOME,"$50,000-$75,000",[0.50379464 0.49620536],0.007779852098604473
353,MADEUPSMFOL2_W45,INCOME,"$75,000-$100,000",[0.52638775 0.47361225],0.008953733294986693
354,MADEUPSMFOL2_W45,INCOME,"Less than $30,000",[0.45610113 0.54389887],0.013886609925943677
355,MADEUPIMPc_W45,INCOME,"$100,000 or more",[0.5656478  0.32543665 0.09288241 0.01603313],0.006390756685365129
356,MADEUPIMPc_W45,INCOME,"$30,000-$50,000",[0.52532305 0.35084556 0.0842271  0.03960429],0.0145098063761489
357,MADEUPIMPc_W45,INCOME,"$50,000-$75,000",[0.50689792 0.33459133 0.13134657 0.02716418],0.002642220994639078
358,MADEUPIMPc_W45,INCOME,"$75,000-$100,000",[0.52649468 0.36199976 0.09477608 0.01672947],0.006999576147577488
359,MADEUPIMPc_W45,INCOME,"Less than $30,000",[0.461234   0.35624476 0.12191876 0.06060248],0.009041237819102654
360,DISAVOID_W45,INCOME,"$100,000 or more",[0.55468769 0.44531231],0.0014331410214709968
361,DISAVOID_W45,INCOME,"$30,000-$50,000",[0.48860944 0.51139056],0.007231788758362136
362,DISAVOID_W45,INCOME,"$50,000-$75,000",[0.51688142 0.48311858],0.0025515039823985775
363,DISAVOID_W45,INCOME,"$75,000-$100,000",[0.49971742 0.50028258],0.0055065913607804835
364,DISAVOID_W45,INCOME,"Less than $30,000",[0.46583861 0.53416139],0.002736511866279358
365,INFOOWNe_W45,INCOME,"$100,000 or more",[0.4995005 0.5004995],0.004725283218210925
366,INFOOWNe_W45,INCOME,"$30,000-$50,000",[0.553012 0.446988],0.014303601569467986
367,INFOOWNe_W45,INCOME,"$50,000-$75,000",[0.57078609 0.42921391],0.005676745714232221
368,INFOOWNe_W45,INCOME,"$75,000-$100,000",[0.50821087 0.49178913],0.013342178459424175
369,INFOOWNe_W45,INCOME,"Less than $30,000",[0.54194088 0.45805912],0.010477333788956968
370,INFOKNOWe_W45,INCOME,"$100,000 or more",[0.26275538 0.73724462],0.010161900600406903
371,INFOKNOWe_W45,INCOME,"$30,000-$50,000",[0.41443025 0.58556975],0.006895218516998835
372,INFOKNOWe_W45,INCOME,"$50,000-$75,000",[0.39226673 0.60773327],0.005927183264010095
373,INFOKNOWe_W45,INCOME,"$75,000-$100,000",[0.32330717 0.67669283],0.007908173696104848
374,INFOKNOWe_W45,INCOME,"Less than $30,000",[0.46043398 0.53956602],0.011818755164737892
375,SMLIKESf_W45,INCOME,"$100,000 or more",[0.50547985 0.42602454 0.06849561],0.0
376,SMLIKESf_W45,INCOME,"$30,000-$50,000",[0.49920146 0.39517941 0.10561913],0.0006916688033147569
377,SMLIKESf_W45,INCOME,"$50,000-$75,000",[0.504148   0.41505637 0.08079563],0.007403628553577766
378,SMLIKESf_W45,INCOME,"$75,000-$100,000",[0.50670042 0.43019504 0.06310454],0.011407441190754347
379,SMLIKESf_W45,INCOME,"Less than $30,000",[0.48410925 0.38905131 0.12683944],0.007169285355793995
380,INFOWHYd_W45,INCOME,"$100,000 or more",[0.05529145 0.44666094 0.49804761],0.005751441531202333
381,INFOWHYd_W45,INCOME,"$30,000-$50,000",[0.13892172 0.40941925 0.45165902],0.0016920286307051567
382,INFOWHYd_W45,INCOME,"$50,000-$75,000",[0.09942527 0.38522542 0.5153493 ],0.0013899534155348287
383,INFOWHYd_W45,INCOME,"$75,000-$100,000",[0.0923484  0.44394581 0.46370579],0.005301387374906599
384,INFOWHYd_W45,INCOME,"Less than $30,000",[0.18761319 0.40186082 0.41052599],0.010584992859824236
385,NEWSPROBa_W45,INCOME,"$100,000 or more",[0.506055   0.38528562 0.09588516 0.01277422],0.005606586612260427
386,NEWSPROBa_W45,INCOME,"$30,000-$50,000",[0.50154635 0.35329108 0.11595933 0.02920325],0.010932361503050509
387,NEWSPROBa_W45,INCOME,"$50,000-$75,000",[0.50125291 0.32778281 0.15579638 0.0151679 ],0.002964461427891627
388,NEWSPROBa_W45,INCOME,"$75,000-$100,000",[0.49151735 0.39961504 0.10090603 0.00796158],0.005364125072232124
389,NEWSPROBa_W45,INCOME,"Less than $30,000",[0.46713923 0.3402312  0.14170006 0.05092951],0.014036828045336312
390,MADEUPIMPe_W45,INCOME,"$100,000 or more",[0.38395692 0.4055888  0.18272249 0.02773179],0.0048514833462049815
391,MADEUPIMPe_W45,INCOME,"$30,000-$50,000",[0.36396569 0.43528397 0.16303609 0.03771425],0.012225961162719918
392,MADEUPIMPe_W45,INCOME,"$50,000-$75,000",[0.33711535 0.42450363 0.21295332 0.02542769],0.0028624616723082743
393,MADEUPIMPe_W45,INCOME,"$75,000-$100,000",[0.39625775 0.42829366 0.15626919 0.0191794 ],0.0063633944170608065
394,MADEUPIMPe_W45,INCOME,"Less than $30,000",[0.34441521 0.42057546 0.16660412 0.06840522],0.008472495948720772
395,NEWSPROBd_W45,INCOME,"$100,000 or more",[0.16393585 0.42341567 0.31522747 0.09742101],0.003940585391137427
396,NEWSPROBd_W45,INCOME,"$30,000-$50,000",[0.19492642 0.43236339 0.26559362 0.10711657],0.009698040789828069
397,NEWSPROBd_W45,INCOME,"$50,000-$75,000",[0.14321063 0.47621712 0.26863949 0.11193276],0.004504456783127485
398,NEWSPROBd_W45,INCOME,"$75,000-$100,000",[0.18101624 0.42137611 0.27294975 0.1246579 ],0.011524577298465993
399,NEWSPROBd_W45,INCOME,"Less than $30,000",[0.22614876 0.38516354 0.28769072 0.10099699],0.007729089096550389
400,SOURCESKEPe_W45,INCOME,"$100,000 or more",[0.01700224 0.26927181 0.39935348 0.31437247],0.010630354080678178
401,SOURCESKEPe_W45,INCOME,"$30,000-$50,000",[0.04801547 0.34266008 0.37091939 0.23840507],0.009084987911126701
402,SOURCESKEPe_W45,INCOME,"$50,000-$75,000",[0.03268983 0.28944406 0.43970288 0.23816323],0.011173532847479946
403,SOURCESKEPe_W45,INCOME,"$75,000-$100,000",[0.02139658 0.31507734 0.41686615 0.24665993],0.015115148973511726
404,SOURCESKEPe_W45,INCOME,"Less than $30,000",[0.06989754 0.37028119 0.36618292 0.19363835],0.007620898595636027
405,INFOWHYc_W45,INCOME,"$100,000 or more",[0.4039803  0.48516454 0.11085515],0.003786081672178579
406,INFOWHYc_W45,INCOME,"$30,000-$50,000",[0.53317972 0.35824992 0.10857036],0.002639620896848064
407,INFOWHYc_W45,INCOME,"$50,000-$75,000",[0.48904468 0.40120818 0.10974715],0.00307384328176677
408,INFOWHYc_W45,INCOME,"$75,000-$100,000",[0.42004088 0.48503804 0.09492109],0.006550540475259724
409,INFOWHYc_W45,INCOME,"Less than $30,000",[0.55259887 0.3337448  0.11365634],0.012558713431181982
410,MADEUPTOPICc_W45,INCOME,"$100,000 or more",[0.19668934 0.49994372 0.30336694 0.        ],0.002916154845659236
411,MADEUPTOPICc_W45,INCOME,"$30,000-$50,000",[0.16020929 0.53135577 0.30843494 0.        ],0.002319366144076304
412,MADEUPTOPICc_W45,INCOME,"$50,000-$75,000",[0.12490252 0.52044611 0.35465138 0.        ],0.0
413,MADEUPTOPICc_W45,INCOME,"$75,000-$100,000",[0.16536899 0.52102121 0.3136098  0.        ],0.0019321215477390498
414,MADEUPTOPICc_W45,INCOME,"Less than $30,000",[0.20171548 0.52768451 0.2706     0.        ],0.007454225596682184
415,MADEUPTOPICd_W45,INCOME,"$100,000 or more",[0.22720645 0.54766269 0.22513087 0.        ],0.012806866448212835
416,MADEUPTOPICd_W45,INCOME,"$30,000-$50,000",[0.32259191 0.51898953 0.15841856 0.        ],0.005137897626472359
417,MADEUPTOPICd_W45,INCOME,"$50,000-$75,000",[0.27605157 0.54046859 0.18347984 0.        ],0.0011527699285849987
418,MADEUPTOPICd_W45,INCOME,"$75,000-$100,000",[0.27387765 0.53242082 0.19370153 0.        ],0.00456607503526214
419,MADEUPTOPICd_W45,INCOME,"Less than $30,000",[0.3018661  0.51103652 0.18709738 0.        ],0.005064324007883043
420,INFOCREATEb_W45,INCOME,"$100,000 or more",[0.53162757 0.40658323 0.0617892  0.        ],0.0056613510988297875
421,INFOCREATEb_W45,INCOME,"$30,000-$50,000",[0.606689   0.34717192 0.04613907 0.        ],0.0030653600066490503
422,INFOCREATEb_W45,INCOME,"$50,000-$75,000",[0.58352401 0.36148838 0.05498761 0.        ],0.0013697977187320748
423,INFOCREATEb_W45,INCOME,"$75,000-$100,000",[0.57446321 0.38053821 0.04499858 0.        ],0.007911339043529388
424,INFOCREATEb_W45,INCOME,"Less than $30,000",[0.60749133 0.33253373 0.05997495 0.        ],0.011768795709539443
425,SNSUSE_W45,INCOME,"$100,000 or more",[0.74315244 0.25684756],0.0
426,SNSUSE_W45,INCOME,"$30,000-$50,000",[0.76312421 0.23687579],0.004387007150741141
427,SNSUSE_W45,INCOME,"$50,000-$75,000",[0.76324044 0.23675956],0.0020039527827675012
428,SNSUSE_W45,INCOME,"$75,000-$100,000",[0.78360644 0.21639356],0.00847622404288218
429,SNSUSE_W45,INCOME,"Less than $30,000",[0.73152406 0.26847594],0.005491959237273569
430,MEDIALOYAL3_W45,INCOME,"$100,000 or more",[0.43062694 0.56937306],0.0034428395256850927
431,MEDIALOYAL3_W45,INCOME,"$30,000-$50,000",[0.32334703 0.67665297],0.01364718446245598
432,MEDIALOYAL3_W45,INCOME,"$50,000-$75,000",[0.37270328 0.62729672],0.0021280321604289186
433,MEDIALOYAL3_W45,INCOME,"$75,000-$100,000",[0.35329176 0.64670824],0.004558154021421388
434,MEDIALOYAL3_W45,INCOME,"Less than $30,000",[0.42324693 0.57675307],0.004752579863634138
435,MADEUPRESc_W45,INCOME,"$100,000 or more",[0.84499485 0.15500515],0.010724651702181901
436,MADEUPRESc_W45,INCOME,"$30,000-$50,000",[0.77184434 0.22815566],0.005600239976115672
437,MADEUPRESc_W45,INCOME,"$50,000-$75,000",[0.8193333 0.1806667],0.005577782339714165
438,MADEUPRESc_W45,INCOME,"$75,000-$100,000",[0.81800493 0.18199507],0.0029692110457209962
439,MADEUPRESc_W45,INCOME,"Less than $30,000",[0.72375673 0.27624327],0.008746789184420992
440,SMLIKESc_W45,INCOME,"$100,000 or more",[0.44397596 0.40685708 0.14916696],0.00706766892908657
441,SMLIKESc_W45,INCOME,"$30,000-$50,000",[0.38605745 0.36958183 0.24436072],0.01569635265069357
442,SMLIKESc_W45,INCOME,"$50,000-$75,000",[0.32397021 0.4513052  0.22472458],0.008176167583733083
443,SMLIKESc_W45,INCOME,"$75,000-$100,000",[0.35954472 0.42415992 0.21629535],0.009241158665021534
444,SMLIKESc_W45,INCOME,"Less than $30,000",[0.31775521 0.40537551 0.27686928],0.017447649177845467
445,LEAD_W45,INCOME,"$100,000 or more",[0.63856346 0.36143654],0.012572397696825574
446,LEAD_W45,INCOME,"$30,000-$50,000",[0.74326148 0.25673852],0.008470095171801867
447,LEAD_W45,INCOME,"$50,000-$75,000",[0.67708614 0.32291386],0.010925578615478819
448,LEAD_W45,INCOME,"$75,000-$100,000",[0.69213205 0.30786795],0.01549114671136461
449,LEAD_W45,INCOME,"Less than $30,000",[0.71919893 0.28080107],0.01690775333794065
450,INFOKNOWc_W45,INCOME,"$100,000 or more",[0.37228887 0.62771113],0.006646323318836625
451,INFOKNOWc_W45,INCOME,"$30,000-$50,000",[0.48400382 0.51599618],0.007217064023297775
452,INFOKNOWc_W45,INCOME,"$50,000-$75,000",[0.46198298 0.53801702],0.010425373817716424
453,INFOKNOWc_W45,INCOME,"$75,000-$100,000",[0.41255949 0.58744051],0.003194030128865321
454,INFOKNOWc_W45,INCOME,"Less than $30,000",[0.5120965 0.4879035],0.013463674713502193
455,MADEUPIMPa_W45,INCOME,"$100,000 or more",[0.75151818 0.21059396 0.03089381 0.00699406],0.004590017736182373
456,MADEUPIMPa_W45,INCOME,"$30,000-$50,000",[0.68309362 0.24419234 0.05258662 0.02012742],0.00907621263072077
457,MADEUPIMPa_W45,INCOME,"$50,000-$75,000",[0.69880481 0.23500116 0.05075911 0.01543493],0.0038673664963345396
458,MADEUPIMPa_W45,INCOME,"$75,000-$100,000",[0.70411742 0.26374755 0.02678607 0.00534895],0.0053570882001782085
459,MADEUPIMPa_W45,INCOME,"Less than $30,000",[0.60600835 0.26089528 0.08962289 0.04347347],0.0030744488345990978
460,INFORESTRICTa_W45,INCOME,"$100,000 or more",[0.21520992 0.78479008],0.006517369585145072
461,INFORESTRICTa_W45,INCOME,"$30,000-$50,000",[0.17967176 0.82032824],0.01003969455135375
462,INFORESTRICTa_W45,INCOME,"$50,000-$75,000",[0.2020232 0.7979768],0.005661104269971974
463,INFORESTRICTa_W45,INCOME,"$75,000-$100,000",[0.21154024 0.78845976],0.0046518703121873044
464,INFORESTRICTa_W45,INCOME,"Less than $30,000",[0.22390707 0.77609293],0.007705192792138421
465,MADEUPRESe_W45,INCOME,"$100,000 or more",[0.56173178 0.43826822],0.006443270538977658
466,MADEUPRESe_W45,INCOME,"$30,000-$50,000",[0.5311983 0.4688017],0.01578464819695199
467,MADEUPRESe_W45,INCOME,"$50,000-$75,000",[0.5222344 0.4777656],0.016255097680631783
468,MADEUPRESe_W45,INCOME,"$75,000-$100,000",[0.54970499 0.45029501],0.008855223658723783
469,MADEUPRESe_W45,INCOME,"Less than $30,000",[0.51993164 0.48006836],0.015749620861465554
470,SOURCESKEPd_W45,INCOME,"$100,000 or more",[0.12855037 0.68196337 0.1770215  0.01246476],0.005131390861920581
471,SOURCESKEPd_W45,INCOME,"$30,000-$50,000",[0.15261804 0.63287667 0.1869887  0.02751659],0.0020167819274155264
472,SOURCESKEPd_W45,INCOME,"$50,000-$75,000",[0.13145367 0.65543184 0.19368867 0.01942583],0.00260014412040783
473,SOURCESKEPd_W45,INCOME,"$75,000-$100,000",[0.11817501 0.68028929 0.17251482 0.02902088],0.0012545285418198572
474,SOURCESKEPd_W45,INCOME,"Less than $30,000",[0.17453768 0.61690452 0.1595844  0.0489734 ],0.0016551737535065183
0,MADEUPSHARE2_W45,POLIDEOLOGY,Conservative,[0.07293703 0.92706297],0.006493386237649137
1,MADEUPSHARE2_W45,POLIDEOLOGY,Liberal,[0.09287964 0.90712036],0.007743762987195865
2,MADEUPSHARE2_W45,POLIDEOLOGY,Moderate,[0.13278893 0.86721107],0.0056914025221266925
3,MADEUPSHARE2_W45,POLIDEOLOGY,Very conservative,[0.12523223 0.87476777],0.01707057758534762
4,MADEUPSHARE2_W45,POLIDEOLOGY,Very liberal,[0.06534346 0.93465654],0.003762285797827122
5,INFOKNOWd_W45,POLIDEOLOGY,Conservative,[0.56658701 0.43341299],0.013599097399178514
6,INFOKNOWd_W45,POLIDEOLOGY,Liberal,[0.58547476 0.41452524],0.008985667607858419
7,INFOKNOWd_W45,POLIDEOLOGY,Moderate,[0.59660261 0.40339739],0.009727041918269395
8,INFOKNOWd_W45,POLIDEOLOGY,Very conservative,[0.61457727 0.38542273],0.012730012050211039
9,INFOKNOWd_W45,POLIDEOLOGY,Very liberal,[0.57781813 0.42218187],0.011224898912260122
10,NEWSPROBb_W45,POLIDEOLOGY,Conservative,[0.54050632 0.3626264  0.07296029 0.02390698],0.01471043529336837
11,NEWSPROBb_W45,POLIDEOLOGY,Liberal,[0.55261506 0.36104622 0.07336615 0.01297257],0.004877076293990714
12,NEWSPROBb_W45,POLIDEOLOGY,Moderate,[0.45635938 0.38235204 0.11558332 0.04570526],0.008870053577601664
13,NEWSPROBb_W45,POLIDEOLOGY,Very conservative,[0.56320649 0.25223495 0.13849498 0.04606358],0.018655111522505916
14,NEWSPROBb_W45,POLIDEOLOGY,Very liberal,[0.63107341 0.2700757  0.08206924 0.01678165],0.0
15,SMSHARE_W45,POLIDEOLOGY,Conservative,[0.06921433 0.2964939  0.2121243  0.03832296 0.38384451],0.005504729329626252
16,SMSHARE_W45,POLIDEOLOGY,Liberal,[0.10566406 0.28155837 0.24111352 0.0311607  0.34050335],0.003658076422050753
17,SMSHARE_W45,POLIDEOLOGY,Moderate,[0.088009   0.29682748 0.18790462 0.04350608 0.38375281],0.0058740472490822395
18,SMSHARE_W45,POLIDEOLOGY,Very conservative,[0.0910976  0.28035454 0.24502905 0.04242634 0.34109247],0.0008022911163343134
19,SMSHARE_W45,POLIDEOLOGY,Very liberal,[0.06115832 0.21630482 0.36042021 0.05568375 0.3064329 ],0.0
20,MADEUPOFT_W45,POLIDEOLOGY,Conservative,[0.49592707 0.43549834 0.06255659 0.00601799],0.010739131736060423
21,MADEUPOFT_W45,POLIDEOLOGY,Liberal,[0.31155378 0.55773856 0.11003446 0.0206732 ],0.012066432403955952
22,MADEUPOFT_W45,POLIDEOLOGY,Moderate,[0.32542164 0.56097187 0.09409157 0.01951493],0.002854068037188004
23,MADEUPOFT_W45,POLIDEOLOGY,Very conservative,[0.56186403 0.36283423 0.0318431  0.04345864],0.0031585981325898266
24,MADEUPOFT_W45,POLIDEOLOGY,Very liberal,[0.32870734 0.5399658  0.11903233 0.01229454],0.008879241589082718
25,SMLIKESb_W45,POLIDEOLOGY,Conservative,[0.24567148 0.49201505 0.26231347],0.0223326339983982
26,SMLIKESb_W45,POLIDEOLOGY,Liberal,[0.30462011 0.45491372 0.24046617],0.006365479036381332
27,SMLIKESb_W45,POLIDEOLOGY,Moderate,[0.24251968 0.49691617 0.26056415],0.011805658831129518
28,SMLIKESb_W45,POLIDEOLOGY,Very conservative,[0.19790143 0.49873945 0.30335911],0.02145532101661265
29,SMLIKESb_W45,POLIDEOLOGY,Very liberal,[0.33094446 0.40732415 0.26173139],0.004597820804107489
30,INFOCHALe_W45,POLIDEOLOGY,Conservative,[0.439058   0.35933304 0.15142135 0.05018761],0.022847968237736854
31,INFOCHALe_W45,POLIDEOLOGY,Liberal,[0.46156163 0.3625316  0.13634482 0.03956194],0.016304779476538064
32,INFOCHALe_W45,POLIDEOLOGY,Moderate,[0.42769588 0.35033795 0.15418174 0.06778443],0.02198602180226945
33,INFOCHALe_W45,POLIDEOLOGY,Very conservative,[0.44972128 0.28535824 0.18062081 0.08429967],0.029488292457649605
34,INFOCHALe_W45,POLIDEOLOGY,Very liberal,[0.57453781 0.26106106 0.11619815 0.04820299],0.009049716365728721
35,MADEUPSHAREWHY_W45,POLIDEOLOGY,Conservative,[0.20984479 0.06408777 0.19694395 0.5291235 ],0.010497348223330417
36,MADEUPSHAREWHY_W45,POLIDEOLOGY,Liberal,[0.23033987 0.16325614 0.20275005 0.40365393],0.005710415069041589
37,MADEUPSHAREWHY_W45,POLIDEOLOGY,Moderate,[0.27546873 0.05275053 0.19621311 0.47556764],0.0
38,MADEUPSHAREWHY_W45,POLIDEOLOGY,Very conservative,[0.37079219 0.08850498 0.1413201  0.39938273],0.0
39,MADEUPSHAREWHY_W45,POLIDEOLOGY,Very liberal,[0.34917203 0.15381897 0.12685618 0.37015281],0.0
40,INFORESTRICTb_W45,POLIDEOLOGY,Conservative,[0.63831847 0.36168153],0.024789883169119033
41,INFORESTRICTb_W45,POLIDEOLOGY,Liberal,[0.81545644 0.18454356],0.006792819710291099
42,INFORESTRICTb_W45,POLIDEOLOGY,Moderate,[0.66467563 0.33532437],0.014338979836732447
43,INFORESTRICTb_W45,POLIDEOLOGY,Very conservative,[0.62565906 0.37434094],0.014868139126727903
44,INFORESTRICTb_W45,POLIDEOLOGY,Very liberal,[0.86351559 0.13648441],0.0027957694749584337
45,WATCHDOG_3_W45,POLIDEOLOGY,Conservative,[0.1335834 0.8664166],0.01629757729528935
46,WATCHDOG_3_W45,POLIDEOLOGY,Liberal,[0.37218308 0.62781692],0.0174286546874108
47,WATCHDOG_3_W45,POLIDEOLOGY,Moderate,[0.29611649 0.70388351],0.026295796492790353
48,WATCHDOG_3_W45,POLIDEOLOGY,Very conservative,[0.11134943 0.88865057],0.004766702503102337
49,WATCHDOG_3_W45,POLIDEOLOGY,Very liberal,[0.35794802 0.64205198],0.027704353495625403
50,MADEUPSHARE1_W45,POLIDEOLOGY,Conservative,[0.50677071 0.49322929],0.011992767964207717
51,MADEUPSHARE1_W45,POLIDEOLOGY,Liberal,[0.4899522 0.5100478],0.009927754911551095
52,MADEUPSHARE1_W45,POLIDEOLOGY,Moderate,[0.49618269 0.50381731],0.009112710167136584
53,MADEUPSHARE1_W45,POLIDEOLOGY,Very conservative,[0.46484388 0.53515612],0.012373172813636837
54,MADEUPSHARE1_W45,POLIDEOLOGY,Very liberal,[0.4553185 0.5446815],0.0010170785977516956
55,SMLIKESe_W45,POLIDEOLOGY,Conservative,[0.79682414 0.16827108 0.03490478],0.003140791883541103
56,SMLIKESe_W45,POLIDEOLOGY,Liberal,[0.8385683  0.14232501 0.01910669],0.004501241921333822
57,SMLIKESe_W45,POLIDEOLOGY,Moderate,[0.74453118 0.19644701 0.05902181],0.005949492640593783
58,SMLIKESe_W45,POLIDEOLOGY,Very conservative,[0.74819287 0.14900779 0.10279934],0.007074057951744677
59,SMLIKESe_W45,POLIDEOLOGY,Very liberal,[0.90180641 0.08954127 0.00865232],0.0
60,MADEUPRESa_W45,POLIDEOLOGY,Conservative,[0.68240385 0.31759615],0.011989944758208075
61,MADEUPRESa_W45,POLIDEOLOGY,Liberal,[0.61060527 0.38939473],0.008748108634819734
62,MADEUPRESa_W45,POLIDEOLOGY,Moderate,[0.59956815 0.40043185],0.005382146968385852
63,MADEUPRESa_W45,POLIDEOLOGY,Very conservative,[0.73114777 0.26885223],0.0055624338307948135
64,MADEUPRESa_W45,POLIDEOLOGY,Very liberal,[0.70615307 0.29384693],0.0
65,INFOCHALd_W45,POLIDEOLOGY,Conservative,[0.41138203 0.39028063 0.15664001 0.04169733],0.02615032954585349
66,INFOCHALd_W45,POLIDEOLOGY,Liberal,[0.4777452  0.32906065 0.1527734  0.04042074],0.016371525002479646
67,INFOCHALd_W45,POLIDEOLOGY,Moderate,[0.43305453 0.36186671 0.14261114 0.06246762],0.028062364563789403
68,INFOCHALd_W45,POLIDEOLOGY,Very conservative,[0.49993138 0.30549655 0.12434804 0.07022404],0.028411981022307273
69,INFOCHALd_W45,POLIDEOLOGY,Very liberal,[0.48535745 0.3449233  0.12568707 0.04403218],0.0055714190454593335
70,INFOOWNd_W45,POLIDEOLOGY,Conservative,[0.76994228 0.23005772],0.013486193350958178
71,INFOOWNd_W45,POLIDEOLOGY,Liberal,[0.79740017 0.20259983],0.011782623543487537
72,INFOOWNd_W45,POLIDEOLOGY,Moderate,[0.75107906 0.24892094],0.005862696835577074
73,INFOOWNd_W45,POLIDEOLOGY,Very conservative,[0.82225732 0.17774268],0.00789525371193006
74,INFOOWNd_W45,POLIDEOLOGY,Very liberal,[0.83068488 0.16931512],0.0
75,RESTRICTWHO_W45,POLIDEOLOGY,Conservative,[0.07693443 0.04503776 0.16322213 0.68894893 0.02585674],0.005959368498344901
76,RESTRICTWHO_W45,POLIDEOLOGY,Liberal,[0.15184521 0.1445807  0.22065413 0.43248587 0.05043408],0.011630032522092123
77,RESTRICTWHO_W45,POLIDEOLOGY,Moderate,[0.13407518 0.08587493 0.20282203 0.51053428 0.06669358],0.011287175755347432
78,RESTRICTWHO_W45,POLIDEOLOGY,Very conservative,[0.06865196 0.03037766 0.18123123 0.68257506 0.03716409],0.0012637573615471955
79,RESTRICTWHO_W45,POLIDEOLOGY,Very liberal,[0.15307278 0.16864311 0.24643932 0.38939349 0.04245129],0.004221989641542413
80,SMLIKESa_W45,POLIDEOLOGY,Conservative,[0.57777171 0.32384548 0.09838281],0.010475611358540516
81,SMLIKESa_W45,POLIDEOLOGY,Liberal,[0.64333963 0.27160233 0.08505804],0.009489835180878365
82,SMLIKESa_W45,POLIDEOLOGY,Moderate,[0.52101826 0.34802069 0.13096105],0.01180565883112952
83,SMLIKESa_W45,POLIDEOLOGY,Very conservative,[0.56619722 0.32447286 0.10932992],0.021455321016612648
84,SMLIKESa_W45,POLIDEOLOGY,Very liberal,[0.70581513 0.21053387 0.083651  ],0.004597820804107488
85,INFORESTRICTc_W45,POLIDEOLOGY,Conservative,[0.40834127 0.59165873],0.01341137208972574
86,INFORESTRICTc_W45,POLIDEOLOGY,Liberal,[0.52004459 0.47995541],0.0077262322392593705
87,INFORESTRICTc_W45,POLIDEOLOGY,Moderate,[0.45509512 0.54490488],0.007599576372344123
88,INFORESTRICTc_W45,POLIDEOLOGY,Very conservative,[0.37901024 0.62098976],0.013682525262152847
89,INFORESTRICTc_W45,POLIDEOLOGY,Very liberal,[0.59214741 0.40785259],0.003543290945420918
90,MADEUPTOPICa_W45,POLIDEOLOGY,Conservative,[0.80559276 0.18487316 0.00953408 0.        ],0.005758776057336235
91,MADEUPTOPICa_W45,POLIDEOLOGY,Liberal,[0.72558264 0.23809602 0.03632134 0.        ],0.000678258219465276
92,MADEUPTOPICa_W45,POLIDEOLOGY,Moderate,[0.72287036 0.2401168  0.03701284 0.        ],0.007134097019512964
93,MADEUPTOPICa_W45,POLIDEOLOGY,Very conservative,[0.84011189 0.13551721 0.0243709  0.        ],0.0
94,MADEUPTOPICa_W45,POLIDEOLOGY,Very liberal,[0.74256666 0.24136598 0.01606737 0.        ],0.0
95,MADEUPSMCLICK_W45,POLIDEOLOGY,Conservative,[0.05192967 0.28157725 0.37438733 0.21309143 0.07901433],0.009128568034282804
96,MADEUPSMCLICK_W45,POLIDEOLOGY,Liberal,[0.05635689 0.27600383 0.37149566 0.20850073 0.08764288],0.004888855053273526
97,MADEUPSMCLICK_W45,POLIDEOLOGY,Moderate,[0.04927277 0.2707436  0.35117371 0.21848517 0.11032475],0.005061713470104577
98,MADEUPSMCLICK_W45,POLIDEOLOGY,Very conservative,[0.04028202 0.23458396 0.29909728 0.25579704 0.17023971],0.00469007651708186
99,MADEUPSMCLICK_W45,POLIDEOLOGY,Very liberal,[0.07627308 0.19064162 0.35173229 0.31858606 0.06276696],0.00474601897339321
100,MADEUPLEVELb_W45,POLIDEOLOGY,Conservative,[0.18029438 0.55047045 0.26923517 0.        ],0.004033954796099843
101,MADEUPLEVELb_W45,POLIDEOLOGY,Liberal,[0.19240412 0.48730224 0.32029364 0.        ],0.005764731038126695
102,MADEUPLEVELb_W45,POLIDEOLOGY,Moderate,[0.18315561 0.5517763  0.26506809 0.        ],0.006572762033840176
103,MADEUPLEVELb_W45,POLIDEOLOGY,Very conservative,[0.22508341 0.52265731 0.25225928 0.        ],0.0037958192834848282
104,MADEUPLEVELb_W45,POLIDEOLOGY,Very liberal,[0.1199246  0.47834361 0.40173179 0.        ],0.0
105,MADEUPRESb_W45,POLIDEOLOGY,Conservative,[0.49002013 0.50997987],0.006588175109909265
106,MADEUPRESb_W45,POLIDEOLOGY,Liberal,[0.38403515 0.61596485],0.008511378825266352
107,MADEUPRESb_W45,POLIDEOLOGY,Moderate,[0.43568332 0.56431668],0.009338374018413302
108,MADEUPRESb_W45,POLIDEOLOGY,Very conservative,[0.49942492 0.50057508],0.0036780171849599484
109,MADEUPRESb_W45,POLIDEOLOGY,Very liberal,[0.36447586 0.63552414],0.002538152371477122
110,INFOKNOWa_W45,POLIDEOLOGY,Conservative,[0.40859903 0.59140097],0.013891312103464276
111,INFOKNOWa_W45,POLIDEOLOGY,Liberal,[0.41937808 0.58062192],0.008162114828179072
112,INFOKNOWa_W45,POLIDEOLOGY,Moderate,[0.45867107 0.54132893],0.008126677387264214
113,INFOKNOWa_W45,POLIDEOLOGY,Very conservative,[0.47770124 0.52229876],0.017108581726968455
114,INFOKNOWa_W45,POLIDEOLOGY,Very liberal,[0.38033734 0.61966266],0.0018481165488843487
115,INFOCREATEd_W45,POLIDEOLOGY,Conservative,[0.29681986 0.52614093 0.17703921 0.        ],0.014178510251987152
116,INFOCREATEd_W45,POLIDEOLOGY,Liberal,[0.42930935 0.47227565 0.098415   0.        ],0.007404113060616651
117,INFOCREATEd_W45,POLIDEOLOGY,Moderate,[0.35134979 0.50898519 0.13966502 0.        ],0.012372395867966512
118,INFOCREATEd_W45,POLIDEOLOGY,Very conservative,[0.31209971 0.50776694 0.18013335 0.        ],0.016796939339797305
119,INFOCREATEd_W45,POLIDEOLOGY,Very liberal,[0.44278313 0.47548682 0.08173004 0.        ],0.0019219354005819906
120,INFORESTRICTe_W45,POLIDEOLOGY,Conservative,[0.21790937 0.78209063],0.010450466549497129
121,INFORESTRICTe_W45,POLIDEOLOGY,Liberal,[0.23011619 0.76988381],0.007114249220970818
122,INFORESTRICTe_W45,POLIDEOLOGY,Moderate,[0.21930366 0.78069634],0.006761832333345301
123,INFORESTRICTe_W45,POLIDEOLOGY,Very conservative,[0.28196451 0.71803549],0.004902222696715708
124,INFORESTRICTe_W45,POLIDEOLOGY,Very liberal,[0.20301956 0.79698044],0.0
125,ACCCHECK_W45,POLIDEOLOGY,Conservative,[0.25683045 0.46541651 0.20848008 0.06927295],0.005826783758907207
126,ACCCHECK_W45,POLIDEOLOGY,Liberal,[0.37195299 0.44356621 0.14130725 0.04317355],0.005414579502792754
127,ACCCHECK_W45,POLIDEOLOGY,Moderate,[0.2452068  0.50456215 0.18821327 0.06201778],0.01231311221229478
128,ACCCHECK_W45,POLIDEOLOGY,Very conservative,[0.32014282 0.42510967 0.16924897 0.08549854],0.0012637573615471955
129,ACCCHECK_W45,POLIDEOLOGY,Very liberal,[0.45735937 0.40701602 0.09841818 0.03720644],0.0038897058989101085
130,NEWSPREFV2_W45,POLIDEOLOGY,Conservative,[0.06800351 0.0937388  0.45975053 0.09913391 0.27937326],0.0021129728004990567
131,NEWSPREFV2_W45,POLIDEOLOGY,Liberal,[0.06231971 0.07664492 0.33733212 0.14120546 0.38249779],0.002245686935869512
132,NEWSPREFV2_W45,POLIDEOLOGY,Moderate,[0.08826038 0.078928   0.45157086 0.12700136 0.25423941],0.004450210873194772
133,NEWSPREFV2_W45,POLIDEOLOGY,Very conservative,[0.07452743 0.10060895 0.45338884 0.09967839 0.27179639],0.005129537279301966
134,NEWSPREFV2_W45,POLIDEOLOGY,Very liberal,[0.0691237  0.10738962 0.2189239  0.16465535 0.43990743],0.0
135,SOURCESKEPb_W45,POLIDEOLOGY,Conservative,[0.02219921 0.32332901 0.51550685 0.13896492],0.004490591683995727
136,SOURCESKEPb_W45,POLIDEOLOGY,Liberal,[0.02866128 0.38336556 0.47486842 0.11310474],0.004590069570232614
137,SOURCESKEPb_W45,POLIDEOLOGY,Moderate,[0.02776892 0.39170083 0.46376614 0.11676411],0.0040390026516250975
138,SOURCESKEPb_W45,POLIDEOLOGY,Very conservative,[0.02774919 0.32635458 0.46232715 0.18356908],0.0018402877023148973
139,SOURCESKEPb_W45,POLIDEOLOGY,Very liberal,[0.04880694 0.34126999 0.46604515 0.14387792],0.0024168982006792803
140,INFOCONFUSEd_W45,POLIDEOLOGY,Conservative,[0.5607969  0.34667025 0.07151455 0.0210183 ],0.004760362789683448
141,INFOCONFUSEd_W45,POLIDEOLOGY,Liberal,[0.44153044 0.44656055 0.09398361 0.01792541],0.0006592149584404177
142,INFOCONFUSEd_W45,POLIDEOLOGY,Moderate,[0.44504774 0.44810632 0.0881503  0.01869564],0.005302868196595103
143,INFOCONFUSEd_W45,POLIDEOLOGY,Very conservative,[0.58112722 0.32831086 0.06026753 0.03029439],0.0023369417210546656
144,INFOCONFUSEd_W45,POLIDEOLOGY,Very liberal,[0.4269172  0.44288378 0.11150764 0.01869138],0.0
145,MADEUPTOPICf_W45,POLIDEOLOGY,Conservative,[0.22977027 0.59951988 0.17070985 0.        ],0.013883514004815916
146,MADEUPTOPICf_W45,POLIDEOLOGY,Liberal,[0.28414751 0.55877884 0.15707365 0.        ],0.013524261980275117
147,MADEUPTOPICf_W45,POLIDEOLOGY,Moderate,[0.27675387 0.57880797 0.14443816 0.        ],0.0022434366787888772
148,MADEUPTOPICf_W45,POLIDEOLOGY,Very conservative,[0.24571902 0.57156775 0.18271323 0.        ],0.005684735287163362
149,MADEUPTOPICf_W45,POLIDEOLOGY,Very liberal,[0.28371727 0.5691132  0.14716953 0.        ],0.0
150,MADEUPDIS_W45,POLIDEOLOGY,Conservative,[0.19866135 0.46961968 0.26537378 0.06634519],0.005303062077819557
151,MADEUPDIS_W45,POLIDEOLOGY,Liberal,[0.13545019 0.48388878 0.28613153 0.0945295 ],0.00454439460979707
152,MADEUPDIS_W45,POLIDEOLOGY,Moderate,[0.12800544 0.4557033  0.33201663 0.08427463],0.0025407611178817494
153,MADEUPDIS_W45,POLIDEOLOGY,Very conservative,[0.22301705 0.45131534 0.21651295 0.10915466],0.018433319240641233
154,MADEUPDIS_W45,POLIDEOLOGY,Very liberal,[0.17167646 0.4792264  0.28416499 0.06493215],0.0
155,NEWSPROBe_W45,POLIDEOLOGY,Conservative,[0.57991116 0.26590299 0.13377039 0.02041546],0.003922891016883666
156,NEWSPROBe_W45,POLIDEOLOGY,Liberal,[0.17251306 0.39380075 0.35206983 0.08161636],0.005218715093667994
157,NEWSPROBe_W45,POLIDEOLOGY,Moderate,[0.32323885 0.33284993 0.2844025  0.05950871],0.0086601038257027
158,NEWSPROBe_W45,POLIDEOLOGY,Very conservative,[0.74024712 0.14604658 0.08391661 0.02978969],0.002781633424351947
159,NEWSPROBe_W45,POLIDEOLOGY,Very liberal,[0.21163886 0.29533717 0.38842561 0.10459836],0.00302330021674305
160,MADEUPTOPICb_W45,POLIDEOLOGY,Conservative,[0.59445456 0.36048366 0.04506178 0.        ],0.005851874958917086
161,MADEUPTOPICb_W45,POLIDEOLOGY,Liberal,[0.60142676 0.32756303 0.07101021 0.        ],0.007867443629180411
162,MADEUPTOPICb_W45,POLIDEOLOGY,Moderate,[0.6598686  0.30219629 0.03793511 0.        ],0.003394663400400864
163,MADEUPTOPICb_W45,POLIDEOLOGY,Very conservative,[0.56546587 0.33852861 0.09600551 0.        ],0.0
164,MADEUPTOPICb_W45,POLIDEOLOGY,Very liberal,[0.57340297 0.37303419 0.05356283 0.        ],0.002869110120584654
165,INFOCHALa_W45,POLIDEOLOGY,Conservative,[0.70012532 0.23877572 0.04733613 0.01376283],0.017467041008269218
166,INFOCHALa_W45,POLIDEOLOGY,Liberal,[0.63727577 0.29420543 0.05976384 0.00875496],0.01216786004899088
167,INFOCHALa_W45,POLIDEOLOGY,Moderate,[0.59798788 0.28732318 0.07728045 0.03740849],0.01945187411521253
168,INFOCHALa_W45,POLIDEOLOGY,Very conservative,[0.75169839 0.16458211 0.05345703 0.03026248],0.015171744181771179
169,INFOCHALa_W45,POLIDEOLOGY,Very liberal,[0.69838572 0.21534554 0.0709551  0.01531364],0.0012495877666472562
170,INFOKNOWb_W45,POLIDEOLOGY,Conservative,[0.61873353 0.38126647],0.016268380297038174
171,INFOKNOWb_W45,POLIDEOLOGY,Liberal,[0.69764852 0.30235148],0.011296801414661738
172,INFOKNOWb_W45,POLIDEOLOGY,Moderate,[0.65496338 0.34503662],0.012077624523884924
173,INFOKNOWb_W45,POLIDEOLOGY,Very conservative,[0.67122784 0.32877216],0.020065595275562845
174,INFOKNOWb_W45,POLIDEOLOGY,Very liberal,[0.72856086 0.27143914],0.004094332330525975
175,MADEUPSMFOL1_W45,POLIDEOLOGY,Conservative,[0.51774548 0.48225452],0.00636250550960555
176,MADEUPSMFOL1_W45,POLIDEOLOGY,Liberal,[0.49296651 0.50703349],0.007794688038733589
177,MADEUPSMFOL1_W45,POLIDEOLOGY,Moderate,[0.48711019 0.51288981],0.011045833228582434
178,MADEUPSMFOL1_W45,POLIDEOLOGY,Very conservative,[0.49542298 0.50457702],0.006425238453320175
179,MADEUPSMFOL1_W45,POLIDEOLOGY,Very liberal,[0.59285479 0.40714521],0.0098671442590514
180,MADEUPRESd_W45,POLIDEOLOGY,Conservative,[0.29032679 0.70967321],0.016579315617388214
181,MADEUPRESd_W45,POLIDEOLOGY,Liberal,[0.32759029 0.67240971],0.004705832569089487
182,MADEUPRESd_W45,POLIDEOLOGY,Moderate,[0.323974 0.676026],0.007161972722811016
183,MADEUPRESd_W45,POLIDEOLOGY,Very conservative,[0.28279219 0.71720781],0.0076712619865573995
184,MADEUPRESd_W45,POLIDEOLOGY,Very liberal,[0.4270719 0.5729281],0.002328508530200028
185,INFOWHYb_W45,POLIDEOLOGY,Conservative,[0.9254283  0.05738507 0.01718663],0.005010998059514417
186,INFOWHYb_W45,POLIDEOLOGY,Liberal,[0.89729715 0.07325733 0.02944551],0.005940851643901519
187,INFOWHYb_W45,POLIDEOLOGY,Moderate,[0.8232072  0.1368386  0.03995419],0.005306508549049231
188,INFOWHYb_W45,POLIDEOLOGY,Very conservative,[0.8726869  0.06709989 0.06021321],0.0018267472972136843
189,INFOWHYb_W45,POLIDEOLOGY,Very liberal,[0.90469161 0.07795011 0.01735829],0.0012495877666472562
190,INFOOWNc_W45,POLIDEOLOGY,Conservative,[0.58686746 0.41313254],0.015779520491851547
191,INFOOWNc_W45,POLIDEOLOGY,Liberal,[0.56811963 0.43188037],0.011170676879454635
192,INFOOWNc_W45,POLIDEOLOGY,Moderate,[0.57622448 0.42377552],0.012337336527011862
193,INFOOWNc_W45,POLIDEOLOGY,Very conservative,[0.67057405 0.32942595],0.0099152031993372
194,INFOOWNc_W45,POLIDEOLOGY,Very liberal,[0.66507524 0.33492476],0.0018300848112129799
195,INFOCREATEa_W45,POLIDEOLOGY,Conservative,[0.56441789 0.3531852  0.0823969  0.        ],0.0025116435089934798
196,INFOCREATEa_W45,POLIDEOLOGY,Liberal,[0.19286985 0.45825585 0.3488743  0.        ],0.00660660486050314
197,INFOCREATEa_W45,POLIDEOLOGY,Moderate,[0.33374506 0.47088907 0.19536587 0.        ],0.007682948509758944
198,INFOCREATEa_W45,POLIDEOLOGY,Very conservative,[0.66897711 0.27913514 0.05188775 0.        ],0.0024086774311846103
199,INFOCREATEa_W45,POLIDEOLOGY,Very liberal,[0.19082709 0.3179275  0.49124541 0.        ],0.004244661918145364
200,SEEK_W45,POLIDEOLOGY,Conservative,[0.63091669 0.36908331],0.00392132701269706
201,SEEK_W45,POLIDEOLOGY,Liberal,[0.63683971 0.36316029],0.0026289236806538445
202,SEEK_W45,POLIDEOLOGY,Moderate,[0.56256609 0.43743391],0.010744365102933957
203,SEEK_W45,POLIDEOLOGY,Very conservative,[0.66719762 0.33280238],0.007630568380135268
204,SEEK_W45,POLIDEOLOGY,Very liberal,[0.64991015 0.35008985],0.012193741996541921
205,INFORESTRICTd_W45,POLIDEOLOGY,Conservative,[0.6068034 0.3931966],0.016147049672512917
206,INFORESTRICTd_W45,POLIDEOLOGY,Liberal,[0.71051189 0.28948811],0.010681280958779503
207,INFORESTRICTd_W45,POLIDEOLOGY,Moderate,[0.60159581 0.39840419],0.007759014255039427
208,INFORESTRICTd_W45,POLIDEOLOGY,Very conservative,[0.58872685 0.41127315],0.006970203712104852
209,INFORESTRICTd_W45,POLIDEOLOGY,Very liberal,[0.70457657 0.29542343],0.01173197262875382
210,INFOCONFUSEa_W45,POLIDEOLOGY,Conservative,[0.72631575 0.20931693 0.03327201 0.03109531],0.003115337248794256
211,INFOCONFUSEa_W45,POLIDEOLOGY,Liberal,[0.68580113 0.22455586 0.05755062 0.03209239],0.0013415439820721447
212,INFOCONFUSEa_W45,POLIDEOLOGY,Moderate,[0.62609132 0.29712782 0.05484866 0.0219322 ],0.0029883189553107014
213,INFOCONFUSEa_W45,POLIDEOLOGY,Very conservative,[0.74565153 0.17382191 0.04390279 0.03662378],0.005098197824553035
214,INFOCONFUSEa_W45,POLIDEOLOGY,Very liberal,[0.70131539 0.19514306 0.0607209  0.04282066],0.00047819557590479835
215,WATCHDOG_1_W45,POLIDEOLOGY,Conservative,[0.47347236 0.52652764],0.030628342691362317
216,WATCHDOG_1_W45,POLIDEOLOGY,Liberal,[0.13559226 0.86440774],0.012227886309776505
217,WATCHDOG_1_W45,POLIDEOLOGY,Moderate,[0.28923059 0.71076941],0.032028119186434084
218,WATCHDOG_1_W45,POLIDEOLOGY,Very conservative,[0.46491176 0.53508824],0.0332917614855195
219,WATCHDOG_1_W45,POLIDEOLOGY,Very liberal,[0.11866324 0.88133676],0.007536737929163057
220,MADEUPIMPd_W45,POLIDEOLOGY,Conservative,[0.37603198 0.40930725 0.15882979 0.05583098],0.01215216210149856
221,MADEUPIMPd_W45,POLIDEOLOGY,Liberal,[0.36890318 0.41175583 0.18488676 0.03445423],0.007612001096890025
222,MADEUPIMPd_W45,POLIDEOLOGY,Moderate,[0.33927993 0.44850401 0.16744539 0.04477067],0.010332728006751498
223,MADEUPIMPd_W45,POLIDEOLOGY,Very conservative,[0.36385898 0.35688637 0.16820459 0.11105006],0.009574226939574968
224,MADEUPIMPd_W45,POLIDEOLOGY,Very liberal,[0.33344204 0.43969895 0.16701163 0.05984738],0.003917901966547088
225,INFOOWNb_W45,POLIDEOLOGY,Conservative,[0.78672017 0.21327983],0.02199187771526801
226,INFOOWNb_W45,POLIDEOLOGY,Liberal,[0.81502813 0.18497187],0.010710243186262854
227,INFOOWNb_W45,POLIDEOLOGY,Moderate,[0.77811068 0.22188932],0.012742502313262552
228,INFOOWNb_W45,POLIDEOLOGY,Very conservative,[0.80655476 0.19344524],0.015843456614249855
229,INFOOWNb_W45,POLIDEOLOGY,Very liberal,[0.89699398 0.10300602],0.004304523315881231
230,SMSHARER_W45,POLIDEOLOGY,Conservative,[0.09948745 0.90051255],0.011410816681691404
231,SMSHARER_W45,POLIDEOLOGY,Liberal,[0.1187163 0.8812837],0.013316595276798359
232,SMSHARER_W45,POLIDEOLOGY,Moderate,[0.11256124 0.88743876],0.014611911385581648
233,SMSHARER_W45,POLIDEOLOGY,Very conservative,[0.19648881 0.80351119],0.01200075575604623
234,SMSHARER_W45,POLIDEOLOGY,Very liberal,[0.15299805 0.84700195],0.0026552833966863847
235,FCFAIR_W45,POLIDEOLOGY,Conservative,[0.32132085 0.67867915],0.018612602622163122
236,FCFAIR_W45,POLIDEOLOGY,Liberal,[0.67645027 0.32354973],0.012779653791300577
237,FCFAIR_W45,POLIDEOLOGY,Moderate,[0.54475998 0.45524002],0.027215643151682744
238,FCFAIR_W45,POLIDEOLOGY,Very conservative,[0.27312876 0.72687124],0.024847630591368273
239,FCFAIR_W45,POLIDEOLOGY,Very liberal,[0.75086745 0.24913255],0.014259253431743734
240,INFOCONFUSEe_W45,POLIDEOLOGY,Conservative,[0.6787789  0.25249686 0.0357889  0.03293534],0.008040642757761937
241,INFOCONFUSEe_W45,POLIDEOLOGY,Liberal,[0.65041337 0.25834637 0.06739154 0.02384872],0.0016528414769661764
242,INFOCONFUSEe_W45,POLIDEOLOGY,Moderate,[0.59514122 0.30161076 0.06930092 0.0339471 ],0.0032605983371587124
243,INFOCONFUSEe_W45,POLIDEOLOGY,Very conservative,[0.68517444 0.20178571 0.06726563 0.04577422],0.0013487170608379223
244,INFOCONFUSEe_W45,POLIDEOLOGY,Very liberal,[0.63934968 0.26469872 0.07039041 0.02556119],0.0
245,MADEUPTOPICe_W45,POLIDEOLOGY,Conservative,[0.18004269 0.45141215 0.36854516 0.        ],0.0013928747477197016
246,MADEUPTOPICe_W45,POLIDEOLOGY,Liberal,[0.14886879 0.44916571 0.4019655  0.        ],0.0007277209331754933
247,MADEUPTOPICe_W45,POLIDEOLOGY,Moderate,[0.17532512 0.4442764  0.38039848 0.        ],0.006560063489764536
248,MADEUPTOPICe_W45,POLIDEOLOGY,Very conservative,[0.31110142 0.46175801 0.22714057 0.        ],0.007103714916013139
249,MADEUPTOPICe_W45,POLIDEOLOGY,Very liberal,[0.17998517 0.4210138  0.39900103 0.        ],0.0
250,INFOOWNa_W45,POLIDEOLOGY,Conservative,[0.62558715 0.37441285],0.01865086852781906
251,INFOOWNa_W45,POLIDEOLOGY,Liberal,[0.65129538 0.34870462],0.011967682742459346
252,INFOOWNa_W45,POLIDEOLOGY,Moderate,[0.61382355 0.38617645],0.013476005418990456
253,INFOOWNa_W45,POLIDEOLOGY,Very conservative,[0.70592351 0.29407649],0.009059720800880938
254,INFOOWNa_W45,POLIDEOLOGY,Very liberal,[0.7278634 0.2721366],0.0022257233600262057
255,INFOCHALb_W45,POLIDEOLOGY,Conservative,[0.44860769 0.40539893 0.12295462 0.02303876],0.016541772869126354
256,INFOCHALb_W45,POLIDEOLOGY,Liberal,[0.4483821  0.41232048 0.11992656 0.01937085],0.015865300220125406
257,INFOCHALb_W45,POLIDEOLOGY,Moderate,[0.38081807 0.43917432 0.1349383  0.04506931],0.023629315684987103
258,INFOCHALb_W45,POLIDEOLOGY,Very conservative,[0.487457   0.34233563 0.13565484 0.03455253],0.01999030139105494
259,INFOCHALb_W45,POLIDEOLOGY,Very liberal,[0.48196966 0.36973277 0.11706274 0.03123482],0.0019047642100753915
260,INFOWHYa_W45,POLIDEOLOGY,Conservative,[0.66252598 0.27003803 0.06743599],0.0064567543573598556
261,INFOWHYa_W45,POLIDEOLOGY,Liberal,[0.73463465 0.2092444  0.05612095],0.007401956679168375
262,INFOWHYa_W45,POLIDEOLOGY,Moderate,[0.73286002 0.20496345 0.06217653],0.006798457744861662
263,INFOWHYa_W45,POLIDEOLOGY,Very conservative,[0.6541188 0.2344881 0.1113931],0.0
264,INFOWHYa_W45,POLIDEOLOGY,Very liberal,[0.74838219 0.22231487 0.02930294],0.005842372036143723
265,SOURCESKEPc_W45,POLIDEOLOGY,Conservative,[0.04261505 0.46308505 0.39755003 0.09674987],0.002886750578007079
266,SOURCESKEPc_W45,POLIDEOLOGY,Liberal,[0.03966281 0.53151551 0.355578   0.07324368],0.0004804208250997511
267,SOURCESKEPc_W45,POLIDEOLOGY,Moderate,[0.04324943 0.49261089 0.37865013 0.08548954],0.0010179664274724773
268,SOURCESKEPc_W45,POLIDEOLOGY,Very conservative,[0.04631968 0.41788222 0.39595353 0.13984457],0.0
269,SOURCESKEPc_W45,POLIDEOLOGY,Very liberal,[0.05132392 0.46906239 0.37122497 0.10838872],0.0
270,SOURCESKEPa_W45,POLIDEOLOGY,Conservative,[0.27765359 0.51095691 0.16133042 0.05005908],0.0011602628161309222
271,SOURCESKEPa_W45,POLIDEOLOGY,Liberal,[0.51350825 0.40544217 0.06223714 0.01881245],0.0021185364863641623
272,SOURCESKEPa_W45,POLIDEOLOGY,Moderate,[0.33418511 0.54386149 0.09717421 0.02477918],0.0023575713720198265
273,SOURCESKEPa_W45,POLIDEOLOGY,Very conservative,[0.28957659 0.4787236  0.11344536 0.11825445],0.0008640469931880762
274,SOURCESKEPa_W45,POLIDEOLOGY,Very liberal,[0.52945979 0.39400656 0.04746725 0.0290664 ],0.0016584492412657897
275,INFOCHALc_W45,POLIDEOLOGY,Conservative,[0.42248351 0.41310009 0.1441938  0.02022261],0.0179547313249595
276,INFOCHALc_W45,POLIDEOLOGY,Liberal,[0.43482057 0.42122188 0.12282733 0.02113021],0.012382360255712203
277,INFOCHALc_W45,POLIDEOLOGY,Moderate,[0.37030764 0.42845044 0.1556565  0.04558542],0.021777852347530616
278,INFOCHALc_W45,POLIDEOLOGY,Very conservative,[0.46520226 0.39596425 0.10607792 0.03275557],0.01974482580970975
279,INFOCHALc_W45,POLIDEOLOGY,Very liberal,[0.49448393 0.35989018 0.11295923 0.03266666],0.001904764210075391
280,DIGWDOG_3_W45,POLIDEOLOGY,Conservative,[0.31764448 0.30979163 0.37256389],0.006183949012379297
281,DIGWDOG_3_W45,POLIDEOLOGY,Liberal,[0.32682913 0.35430245 0.31886842],0.003899796345369459
282,DIGWDOG_3_W45,POLIDEOLOGY,Moderate,[0.29718395 0.3130577  0.38975835],0.009977934918328022
283,DIGWDOG_3_W45,POLIDEOLOGY,Very conservative,[0.29899814 0.31762521 0.38337666],0.003954664642559135
284,DIGWDOG_3_W45,POLIDEOLOGY,Very liberal,[0.38364008 0.35647789 0.25988203],0.011358110664197233
285,VIDOFT_W45,POLIDEOLOGY,Conservative,[0.18318439 0.53899163 0.2265252  0.05129878],0.01980496866497333
286,VIDOFT_W45,POLIDEOLOGY,Liberal,[0.11608176 0.51546979 0.30921008 0.05923838],0.014054163324405322
287,VIDOFT_W45,POLIDEOLOGY,Moderate,[0.14381238 0.52027595 0.26625094 0.06966073],0.013421237871619954
288,VIDOFT_W45,POLIDEOLOGY,Very conservative,[0.22651683 0.47770831 0.21622244 0.07955242],0.016789855904895287
289,VIDOFT_W45,POLIDEOLOGY,Very liberal,[0.11484425 0.51882038 0.3194306  0.04690477],0.0034107702358288205
290,MADEUPLEVELa_W45,POLIDEOLOGY,Conservative,[0.65014512 0.32760357 0.02225131 0.        ],0.01043121505983124
291,MADEUPLEVELa_W45,POLIDEOLOGY,Liberal,[0.57186989 0.37308724 0.05504287 0.        ],0.004262914765948825
292,MADEUPLEVELa_W45,POLIDEOLOGY,Moderate,[0.54210833 0.40371182 0.05417985 0.        ],0.00743144061207123
293,MADEUPLEVELa_W45,POLIDEOLOGY,Very conservative,[0.72019289 0.22795695 0.05185016 0.        ],0.0
294,MADEUPLEVELa_W45,POLIDEOLOGY,Very liberal,[0.63180524 0.33251601 0.03567875 0.        ],0.0012588151118418953
295,INFOCREATEc_W45,POLIDEOLOGY,Conservative,[0.21040974 0.57210057 0.21748969 0.        ],0.0061246116654418755
296,INFOCREATEc_W45,POLIDEOLOGY,Liberal,[0.27168287 0.56618215 0.16213497 0.        ],0.007922771209846632
297,INFOCREATEc_W45,POLIDEOLOGY,Moderate,[0.29220165 0.53688215 0.1709162  0.        ],0.00976318805631801
298,INFOCREATEc_W45,POLIDEOLOGY,Very conservative,[0.2474151  0.51175976 0.24082514 0.        ],0.006155322309623688
299,INFOCREATEc_W45,POLIDEOLOGY,Very liberal,[0.27749535 0.51251451 0.20999014 0.        ],0.00949647974228344
300,MADEUPIMPb_W45,POLIDEOLOGY,Conservative,[0.56593348 0.33898335 0.0811051  0.01397807],0.00787164436106981
301,MADEUPIMPb_W45,POLIDEOLOGY,Liberal,[0.58453595 0.33517651 0.06237119 0.01791635],0.004524147133261951
302,MADEUPIMPb_W45,POLIDEOLOGY,Moderate,[0.50335322 0.37657933 0.09854392 0.02152352],0.005464687025124901
303,MADEUPIMPb_W45,POLIDEOLOGY,Very conservative,[0.5224727  0.30445752 0.10819127 0.06487851],0.003686404972378047
304,MADEUPIMPb_W45,POLIDEOLOGY,Very liberal,[0.65088789 0.2559351  0.07360725 0.01956976],0.0009918075141143194
305,INFOCONFUSEc_W45,POLIDEOLOGY,Conservative,[0.63547402 0.28346385 0.05916879 0.02189334],0.005103354848331241
306,INFOCONFUSEc_W45,POLIDEOLOGY,Liberal,[0.43521526 0.45308592 0.09144735 0.02025147],0.0003262896334135032
307,INFOCONFUSEc_W45,POLIDEOLOGY,Moderate,[0.49059754 0.4055777  0.08227657 0.02154818],0.00635475110920414
308,INFOCONFUSEc_W45,POLIDEOLOGY,Very conservative,[0.70552162 0.17406018 0.07986244 0.04055575],0.0
309,INFOCONFUSEc_W45,POLIDEOLOGY,Very liberal,[0.38708324 0.51100652 0.08980178 0.01210846],0.0
310,SMLIKESd_W45,POLIDEOLOGY,Conservative,[0.13383728 0.32101254 0.54515018],0.003140791883541103
311,SMLIKESd_W45,POLIDEOLOGY,Liberal,[0.13227239 0.34520191 0.5225257 ],0.004501241921333822
312,SMLIKESd_W45,POLIDEOLOGY,Moderate,[0.13655303 0.37877772 0.48466926],0.004341304552801277
313,SMLIKESd_W45,POLIDEOLOGY,Very conservative,[0.10813829 0.30379955 0.58806215],0.007074057951744677
314,SMLIKESd_W45,POLIDEOLOGY,Very liberal,[0.12228936 0.28770934 0.5900013 ],0.001591603430660146
315,NEWS_PLATFORMh_W45,POLIDEOLOGY,Conservative,[0.38774803 0.3534797  0.16755771 0.09121456],0.0008285330838861245
316,NEWS_PLATFORMh_W45,POLIDEOLOGY,Liberal,[0.48272526 0.29835934 0.13922559 0.07968981],0.001263380015931126
317,NEWS_PLATFORMh_W45,POLIDEOLOGY,Moderate,[0.40733343 0.3445621  0.16292098 0.0851835 ],0.0018275091578915526
318,NEWS_PLATFORMh_W45,POLIDEOLOGY,Very conservative,[0.4228349  0.28540146 0.18408345 0.10768019],0.0026098191056753506
319,NEWS_PLATFORMh_W45,POLIDEOLOGY,Very liberal,[0.60083154 0.27272399 0.08756654 0.03887793],0.0
320,INFOCONFUSEb_W45,POLIDEOLOGY,Conservative,[0.3243484  0.48335531 0.15995041 0.03234588],0.011727642310370988
321,INFOCONFUSEb_W45,POLIDEOLOGY,Liberal,[0.16722827 0.45100033 0.31554736 0.06622404],0.00447080027423745
322,INFOCONFUSEb_W45,POLIDEOLOGY,Moderate,[0.22367468 0.53555726 0.19597454 0.04479351],0.009920562132881068
323,INFOCONFUSEb_W45,POLIDEOLOGY,Very conservative,[0.39506709 0.40722    0.14885809 0.04885482],0.0042336451678028665
324,INFOCONFUSEb_W45,POLIDEOLOGY,Very liberal,[0.1551857  0.37281608 0.35202424 0.11997399],0.0029381453646811157
325,NEWS_PLATFORMg_W45,POLIDEOLOGY,Conservative,[0.22457908 0.26293026 0.24335053 0.26914013],0.0034235459711589597
326,NEWS_PLATFORMg_W45,POLIDEOLOGY,Liberal,[0.28469193 0.26076276 0.22087742 0.23366788],0.0
327,NEWS_PLATFORMg_W45,POLIDEOLOGY,Moderate,[0.24018384 0.32506453 0.20171691 0.23303471],0.0005267940076102023
328,NEWS_PLATFORMg_W45,POLIDEOLOGY,Very conservative,[0.21886035 0.27441694 0.21509562 0.29162709],0.0027841398726354684
329,NEWS_PLATFORMg_W45,POLIDEOLOGY,Very liberal,[0.34440058 0.31002677 0.165145   0.18042766],0.0
330,NEWSPROBc_W45,POLIDEOLOGY,Conservative,[0.14155369 0.375857   0.25157797 0.23101133],0.008735897794460256
331,NEWSPROBc_W45,POLIDEOLOGY,Liberal,[0.17141007 0.29223117 0.34343002 0.19292874],0.004877076293990713
332,NEWSPROBc_W45,POLIDEOLOGY,Moderate,[0.1663844  0.35375983 0.30532851 0.17452726],0.009525734712789813
333,NEWSPROBc_W45,POLIDEOLOGY,Very conservative,[0.19945188 0.28913123 0.27685733 0.23455956],0.002497528309295121
334,NEWSPROBc_W45,POLIDEOLOGY,Very liberal,[0.18637885 0.27743322 0.28904965 0.24713828],0.002449326100685244
335,ONLINESOURCE_W45,POLIDEOLOGY,Conservative,[0.84364345 0.15635655],0.2205162399549537
336,ONLINESOURCE_W45,POLIDEOLOGY,Liberal,[0.87675856 0.12324144],0.16919083866179474
337,ONLINESOURCE_W45,POLIDEOLOGY,Moderate,[0.83187215 0.16812785],0.23063626767454032
338,ONLINESOURCE_W45,POLIDEOLOGY,Very conservative,[0.87246457 0.12753543],0.22596280814931605
339,ONLINESOURCE_W45,POLIDEOLOGY,Very liberal,[0.86412044 0.13587956],0.11930913825445799
340,MADEUPSOLVE_W45,POLIDEOLOGY,Conservative,[0.08656672 0.28072275 0.63271053],0.012884678844074439
341,MADEUPSOLVE_W45,POLIDEOLOGY,Liberal,[0.13175872 0.35882902 0.50941226],0.016899588988575628
342,MADEUPSOLVE_W45,POLIDEOLOGY,Moderate,[0.10344306 0.36737242 0.52918453],0.008530877066533566
343,MADEUPSOLVE_W45,POLIDEOLOGY,Very conservative,[0.07392686 0.24100611 0.68506703],0.011574404158220876
344,MADEUPSOLVE_W45,POLIDEOLOGY,Very liberal,[0.12788971 0.28159985 0.59051044],0.001293711515801859
345,INFOCREATEe_W45,POLIDEOLOGY,Conservative,[0.70625115 0.26575697 0.02799188 0.        ],0.006151742442624606
346,INFOCREATEe_W45,POLIDEOLOGY,Liberal,[0.40892258 0.4901642  0.10091322 0.        ],0.007913585953012049
347,INFOCREATEe_W45,POLIDEOLOGY,Moderate,[0.51375195 0.41182733 0.07442072 0.        ],0.00864639401657109
348,INFOCREATEe_W45,POLIDEOLOGY,Very conservative,[0.74755777 0.22325276 0.02918947 0.        ],0.005119395553248634
349,INFOCREATEe_W45,POLIDEOLOGY,Very liberal,[0.35482183 0.50878457 0.1363936  0.        ],0.0
350,MADEUPSMFOL2_W45,POLIDEOLOGY,Conservative,[0.48004325 0.51995675],0.005017252398846813
351,MADEUPSMFOL2_W45,POLIDEOLOGY,Liberal,[0.5472906 0.4527094],0.006828389347164242
352,MADEUPSMFOL2_W45,POLIDEOLOGY,Moderate,[0.47530617 0.52469383],0.009817128081801067
353,MADEUPSMFOL2_W45,POLIDEOLOGY,Very conservative,[0.42974029 0.57025971],0.012960588941844332
354,MADEUPSMFOL2_W45,POLIDEOLOGY,Very liberal,[0.68105352 0.31894648],0.013729546651052141
355,MADEUPIMPc_W45,POLIDEOLOGY,Conservative,[0.58460402 0.31460236 0.07540762 0.025386  ],0.011311536357462276
356,MADEUPIMPc_W45,POLIDEOLOGY,Liberal,[0.48145395 0.38945328 0.10510176 0.02399101],0.013350366141057793
357,MADEUPIMPc_W45,POLIDEOLOGY,Moderate,[0.48363588 0.36605986 0.11695169 0.03335257],0.005373641483824468
358,MADEUPIMPc_W45,POLIDEOLOGY,Very conservative,[0.57469054 0.26946736 0.08532837 0.07051372],0.0009022650997425782
359,MADEUPIMPc_W45,POLIDEOLOGY,Very liberal,[0.48528721 0.33219922 0.14608096 0.03643261],0.0
360,DISAVOID_W45,POLIDEOLOGY,Conservative,[0.4406257 0.5593743],0.005542265632351204
361,DISAVOID_W45,POLIDEOLOGY,Liberal,[0.56285736 0.43714264],0.004189299354507817
362,DISAVOID_W45,POLIDEOLOGY,Moderate,[0.49112888 0.50887112],0.003342715723511829
363,DISAVOID_W45,POLIDEOLOGY,Very conservative,[0.41142302 0.58857698],0.0
364,DISAVOID_W45,POLIDEOLOGY,Very liberal,[0.63591062 0.36408938],0.0038897058989101085
365,INFOOWNe_W45,POLIDEOLOGY,Conservative,[0.50455162 0.49544838],0.017145946800704245
366,INFOOWNe_W45,POLIDEOLOGY,Liberal,[0.53749759 0.46250241],0.009238797485216714
367,INFOOWNe_W45,POLIDEOLOGY,Moderate,[0.54435635 0.45564365],0.00953919890770341
368,INFOOWNe_W45,POLIDEOLOGY,Very conservative,[0.58163717 0.41836283],0.0191885824120272
369,INFOOWNe_W45,POLIDEOLOGY,Very liberal,[0.54540091 0.45459909],0.0009268001499336027
370,INFOKNOWe_W45,POLIDEOLOGY,Conservative,[0.37752793 0.62247207],0.011292461547388125
371,INFOKNOWe_W45,POLIDEOLOGY,Liberal,[0.33287903 0.66712097],0.008570205284271028
372,INFOKNOWe_W45,POLIDEOLOGY,Moderate,[0.40333668 0.59666332],0.00938393685762779
373,INFOKNOWe_W45,POLIDEOLOGY,Very conservative,[0.46376163 0.53623837],0.014922113553614214
374,INFOKNOWe_W45,POLIDEOLOGY,Very liberal,[0.31338646 0.68661354],0.0018481165488843487
375,SMLIKESf_W45,POLIDEOLOGY,Conservative,[0.50593389 0.39052683 0.10353929],0.005851924161177485
376,SMLIKESf_W45,POLIDEOLOGY,Liberal,[0.54952596 0.39053409 0.05993994],0.004501241921333822
377,SMLIKESf_W45,POLIDEOLOGY,Moderate,[0.49045726 0.41020131 0.09934144],0.0031367656195498902
378,SMLIKESf_W45,POLIDEOLOGY,Very conservative,[0.39952586 0.42840392 0.17207021],0.01279946857265367
379,SMLIKESf_W45,POLIDEOLOGY,Very liberal,[0.45637466 0.45842622 0.08519912],0.0
380,INFOWHYd_W45,POLIDEOLOGY,Conservative,[0.10104227 0.36486748 0.53409025],0.005450462030214224
381,INFOWHYd_W45,POLIDEOLOGY,Liberal,[0.13020917 0.46240204 0.40738879],0.007936241961014789
382,INFOWHYd_W45,POLIDEOLOGY,Moderate,[0.1398021  0.42242518 0.43777272],0.006358010366655532
383,INFOWHYd_W45,POLIDEOLOGY,Very conservative,[0.10923275 0.31812444 0.57264281],0.0017924670333295295
384,INFOWHYd_W45,POLIDEOLOGY,Very liberal,[0.0957468  0.48425178 0.42000142],0.002706266027957627
385,NEWSPROBa_W45,POLIDEOLOGY,Conservative,[0.56451118 0.33115262 0.09502252 0.00931368],0.010072475941964242
386,NEWSPROBa_W45,POLIDEOLOGY,Liberal,[0.46571676 0.41615821 0.10250615 0.01561889],0.006384648281312717
387,NEWSPROBa_W45,POLIDEOLOGY,Moderate,[0.44762579 0.36021827 0.15193506 0.04022088],0.010262070628989508
388,NEWSPROBa_W45,POLIDEOLOGY,Very conservative,[0.6162813  0.28467221 0.06428278 0.0347637 ],0.006914221029271948
389,NEWSPROBa_W45,POLIDEOLOGY,Very liberal,[0.49503828 0.34936803 0.13658913 0.01900457],0.0
390,MADEUPIMPe_W45,POLIDEOLOGY,Conservative,[0.35240492 0.43641301 0.18201851 0.02916356],0.007507028334687882
391,MADEUPIMPe_W45,POLIDEOLOGY,Liberal,[0.3536896  0.43323063 0.17529111 0.03778865],0.004049809958729865
392,MADEUPIMPe_W45,POLIDEOLOGY,Moderate,[0.34474315 0.43580498 0.18055893 0.03889294],0.008721378566847252
393,MADEUPIMPe_W45,POLIDEOLOGY,Very conservative,[0.42091305 0.33889474 0.15901678 0.08117543],0.004771395451624055
394,MADEUPIMPe_W45,POLIDEOLOGY,Very liberal,[0.4190782  0.37941337 0.17138851 0.03011992],0.010571681755494656
395,NEWSPROBd_W45,POLIDEOLOGY,Conservative,[0.15494168 0.42807942 0.31043742 0.10654147],0.005817666839856926
396,NEWSPROBd_W45,POLIDEOLOGY,Liberal,[0.16872562 0.43124913 0.30271135 0.09731389],0.005114822488008553
397,NEWSPROBd_W45,POLIDEOLOGY,Moderate,[0.18601069 0.40924917 0.29093916 0.11380098],0.012834832052414511
398,NEWSPROBd_W45,POLIDEOLOGY,Very conservative,[0.2175143  0.44564429 0.2214188  0.11542261],0.0018264594681933449
399,NEWSPROBd_W45,POLIDEOLOGY,Very liberal,[0.27119418 0.43226741 0.23141788 0.06512053],0.0015253710068082837
400,SOURCESKEPe_W45,POLIDEOLOGY,Conservative,[0.01898746 0.27152363 0.419066   0.29042291],0.019609335082120722
401,SOURCESKEPe_W45,POLIDEOLOGY,Liberal,[0.0540658  0.32920892 0.40402619 0.21269908],0.010959915121832045
402,SOURCESKEPe_W45,POLIDEOLOGY,Moderate,[0.03822887 0.35309393 0.38687063 0.22180657],0.006954715923221275
403,SOURCESKEPe_W45,POLIDEOLOGY,Very conservative,[0.06532227 0.27795932 0.35439475 0.30232366],0.004577564901507207
404,SOURCESKEPe_W45,POLIDEOLOGY,Very liberal,[0.07724581 0.33079813 0.36631057 0.22564549],0.004613657927055948
405,INFOWHYc_W45,POLIDEOLOGY,Conservative,[0.50954213 0.37879287 0.111665  ],0.0035364298606139783
406,INFOWHYc_W45,POLIDEOLOGY,Liberal,[0.44620919 0.443566   0.1102248 ],0.004932055283971789
407,INFOWHYc_W45,POLIDEOLOGY,Moderate,[0.5081931  0.38327206 0.10853484],0.009944064816205607
408,INFOWHYc_W45,POLIDEOLOGY,Very conservative,[0.50993649 0.35285321 0.1372103 ],0.0018974981925386802
409,INFOWHYc_W45,POLIDEOLOGY,Very liberal,[0.41742537 0.48773942 0.09483521],0.003999773409180254
410,MADEUPTOPICc_W45,POLIDEOLOGY,Conservative,[0.14219319 0.59336504 0.26444178 0.        ],0.003954715758479255
411,MADEUPTOPICc_W45,POLIDEOLOGY,Liberal,[0.18535282 0.502952   0.31169518 0.        ],0.0017771970815445583
412,MADEUPTOPICc_W45,POLIDEOLOGY,Moderate,[0.14853721 0.52172262 0.32974017 0.        ],0.0041507218095993784
413,MADEUPTOPICc_W45,POLIDEOLOGY,Very conservative,[0.30271223 0.46816667 0.2291211  0.        ],0.0021120022974510594
414,MADEUPTOPICc_W45,POLIDEOLOGY,Very liberal,[0.22495377 0.44572205 0.32932418 0.        ],0.0015962016008772624
415,MADEUPTOPICd_W45,POLIDEOLOGY,Conservative,[0.25318413 0.54042247 0.20639341 0.        ],0.011462420710614886
416,MADEUPTOPICd_W45,POLIDEOLOGY,Liberal,[0.30472865 0.52956155 0.1657098  0.        ],0.005837146498181051
417,MADEUPTOPICd_W45,POLIDEOLOGY,Moderate,[0.27839545 0.53228801 0.18931654 0.        ],0.0018101291169508786
418,MADEUPTOPICd_W45,POLIDEOLOGY,Very conservative,[0.26316234 0.54354162 0.19329604 0.        ],0.004745590611508745
419,MADEUPTOPICd_W45,POLIDEOLOGY,Very liberal,[0.36311765 0.45588888 0.18099348 0.        ],0.0017949022125395276
420,INFOCREATEb_W45,POLIDEOLOGY,Conservative,[0.61348187 0.34389151 0.04262663 0.        ],0.0047056738590165
421,INFOCREATEb_W45,POLIDEOLOGY,Liberal,[0.55285228 0.39773975 0.04940797 0.        ],0.012530976555314606
422,INFOCREATEb_W45,POLIDEOLOGY,Moderate,[0.57362679 0.37149841 0.0548748  0.        ],0.0049196544269908705
423,INFOCREATEb_W45,POLIDEOLOGY,Very conservative,[0.71326733 0.25745914 0.02927354 0.        ],0.0005665812420247764
424,INFOCREATEb_W45,POLIDEOLOGY,Very liberal,[0.50773089 0.36947071 0.1227984  0.        ],0.0
425,SNSUSE_W45,POLIDEOLOGY,Conservative,[0.72265309 0.27734691],0.0035523446820832556
426,SNSUSE_W45,POLIDEOLOGY,Liberal,[0.7650616 0.2349384],0.0024770118096858447
427,SNSUSE_W45,POLIDEOLOGY,Moderate,[0.76554072 0.23445928],0.005687643882506141
428,SNSUSE_W45,POLIDEOLOGY,Very conservative,[0.6696777 0.3303223],0.007514390268725192
429,SNSUSE_W45,POLIDEOLOGY,Very liberal,[0.81159872 0.18840128],0.0
430,MEDIALOYAL3_W45,POLIDEOLOGY,Conservative,[0.38996255 0.61003745],0.007107888355231184
431,MEDIALOYAL3_W45,POLIDEOLOGY,Liberal,[0.43743194 0.56256806],0.004301140645950342
432,MEDIALOYAL3_W45,POLIDEOLOGY,Moderate,[0.36550546 0.63449454],0.00818053583441972
433,MEDIALOYAL3_W45,POLIDEOLOGY,Very conservative,[0.41701802 0.58298198],0.0014135758504180984
434,MEDIALOYAL3_W45,POLIDEOLOGY,Very liberal,[0.41871342 0.58128658],0.00428013275343259
435,MADEUPRESc_W45,POLIDEOLOGY,Conservative,[0.77938599 0.22061401],0.013598787440292508
436,MADEUPRESc_W45,POLIDEOLOGY,Liberal,[0.80059833 0.19940167],0.006247667596401385
437,MADEUPRESc_W45,POLIDEOLOGY,Moderate,[0.78139833 0.21860167],0.00541503688137441
438,MADEUPRESc_W45,POLIDEOLOGY,Very conservative,[0.7522326 0.2477674],0.010638217937526187
439,MADEUPRESc_W45,POLIDEOLOGY,Very liberal,[0.836759 0.163241],0.0009918075141143192
440,SMLIKESc_W45,POLIDEOLOGY,Conservative,[0.35978363 0.41522353 0.22499283],0.009920013094413897
441,SMLIKESc_W45,POLIDEOLOGY,Liberal,[0.43608702 0.36541387 0.19849911],0.011781163155471367
442,SMLIKESc_W45,POLIDEOLOGY,Moderate,[0.29112529 0.45259739 0.25627732],0.011805658831129518
443,SMLIKESc_W45,POLIDEOLOGY,Very conservative,[0.41314209 0.33594417 0.25091374],0.02145532101661265
444,SMLIKESc_W45,POLIDEOLOGY,Very liberal,[0.48341201 0.34595849 0.1706295 ],0.008899268847199925
445,LEAD_W45,POLIDEOLOGY,Conservative,[0.71377188 0.28622812],0.011571595266813341
446,LEAD_W45,POLIDEOLOGY,Liberal,[0.65479419 0.34520581],0.014007232493422861
447,LEAD_W45,POLIDEOLOGY,Moderate,[0.75447493 0.24552507],0.016852819282357493
448,LEAD_W45,POLIDEOLOGY,Very conservative,[0.61979372 0.38020628],0.01467408268516274
449,LEAD_W45,POLIDEOLOGY,Very liberal,[0.56461833 0.43538167],0.008867175682404187
450,INFOKNOWc_W45,POLIDEOLOGY,Conservative,[0.42666925 0.57333075],0.0137539519953399
451,INFOKNOWc_W45,POLIDEOLOGY,Liberal,[0.45345209 0.54654791],0.00911478277419801
452,INFOKNOWc_W45,POLIDEOLOGY,Moderate,[0.47270612 0.52729388],0.008417520430555556
453,INFOKNOWc_W45,POLIDEOLOGY,Very conservative,[0.50491014 0.49508986],0.010439956806209289
454,INFOKNOWc_W45,POLIDEOLOGY,Very liberal,[0.44652925 0.55347075],0.0018481165488843491
455,MADEUPIMPa_W45,POLIDEOLOGY,Conservative,[0.72056151 0.23533826 0.03226062 0.01183961],0.009211279471168163
456,MADEUPIMPa_W45,POLIDEOLOGY,Liberal,[0.70133665 0.24847208 0.03401195 0.01617932],0.0035021581242268792
457,MADEUPIMPa_W45,POLIDEOLOGY,Moderate,[0.63796226 0.2737723  0.0674463  0.02081914],0.004094713307094712
458,MADEUPIMPa_W45,POLIDEOLOGY,Very conservative,[0.73596361 0.15661818 0.04341945 0.06399876],0.0009022650997425782
459,MADEUPIMPa_W45,POLIDEOLOGY,Very liberal,[0.70521279 0.18557795 0.10257675 0.00663251],0.0012495877666472562
460,INFORESTRICTa_W45,POLIDEOLOGY,Conservative,[0.22114418 0.77885582],0.011764761136001469
461,INFORESTRICTa_W45,POLIDEOLOGY,Liberal,[0.20265238 0.79734762],0.006735141594396639
462,INFORESTRICTa_W45,POLIDEOLOGY,Moderate,[0.19543603 0.80456397],0.00670189240403095
463,INFORESTRICTa_W45,POLIDEOLOGY,Very conservative,[0.24676956 0.75323044],0.00751924752222733
464,INFORESTRICTa_W45,POLIDEOLOGY,Very liberal,[0.18548026 0.81451974],0.0018755743796857538
465,MADEUPRESe_W45,POLIDEOLOGY,Conservative,[0.49530109 0.50469891],0.022300200147512356
466,MADEUPRESe_W45,POLIDEOLOGY,Liberal,[0.56417972 0.43582028],0.011615539109072214
467,MADEUPRESe_W45,POLIDEOLOGY,Moderate,[0.53187102 0.46812898],0.010350367536463559
468,MADEUPRESe_W45,POLIDEOLOGY,Very conservative,[0.53303567 0.46696433],0.019431458546464546
469,MADEUPRESe_W45,POLIDEOLOGY,Very liberal,[0.5656646 0.4343354],0.0056210001020728356
470,SOURCESKEPd_W45,POLIDEOLOGY,Conservative,[0.1467336  0.67469844 0.16039104 0.01817692],0.003598498082715162
471,SOURCESKEPd_W45,POLIDEOLOGY,Liberal,[0.15602125 0.63726225 0.17337699 0.0333395 ],0.002694122200980394
472,SOURCESKEPd_W45,POLIDEOLOGY,Moderate,[0.13107007 0.66019945 0.17731492 0.03141556],0.002147812935212118
473,SOURCESKEPd_W45,POLIDEOLOGY,Very conservative,[0.19321947 0.6091645  0.15787438 0.03974166],0.0012307719807363863
474,SOURCESKEPd_W45,POLIDEOLOGY,Very liberal,[0.16010545 0.59477345 0.2218292  0.0232919 ],0.0017718021536375125
0,MADEUPSHARE2_W45,RACE,Asian,[0.15578676 0.84421324],0.0036828396694355463
1,MADEUPSHARE2_W45,RACE,Black,[0.18358231 0.81641769],0.010108636556738776
2,MADEUPSHARE2_W45,RACE,Hispanic,[0.14464381 0.85535619],0.0010584668387466438
3,MADEUPSHARE2_W45,RACE,Other,[0.13024185 0.86975815],0.0
4,MADEUPSHARE2_W45,RACE,White,[0.08609906 0.91390094],0.007365810337908272
5,INFOKNOWd_W45,RACE,Asian,[0.46180501 0.53819499],0.0
6,INFOKNOWd_W45,RACE,Black,[0.65264784 0.34735216],0.017587962434838494
7,INFOKNOWd_W45,RACE,Hispanic,[0.61472018 0.38527982],0.0284708464758937
8,INFOKNOWd_W45,RACE,Other,[0.58096745 0.41903255],0.0
9,INFOKNOWd_W45,RACE,White,[0.57919374 0.42080626],0.00852492100215011
10,NEWSPROBb_W45,RACE,Asian,[0.57094092 0.34625417 0.03318568 0.04961924],0.011696245272456099
11,NEWSPROBb_W45,RACE,Black,[0.4280348  0.32195434 0.18549817 0.0645127 ],0.011988571082198782
12,NEWSPROBb_W45,RACE,Hispanic,[0.41016754 0.31871472 0.18239396 0.08872378],0.016040456429726964
13,NEWSPROBb_W45,RACE,Other,[0.58126544 0.25421267 0.1085453  0.05597659],0.10363874271776005
14,NEWSPROBb_W45,RACE,White,[0.53428824 0.36465716 0.07819727 0.02285733],0.009816499719882748
15,SMSHARE_W45,RACE,Asian,[0.08489357 0.28168041 0.23189858 0.03877257 0.36275487],0.009204657596331602
16,SMSHARE_W45,RACE,Black,[0.15166317 0.30938486 0.15645749 0.05750591 0.32498858],0.006881468391882337
17,SMSHARE_W45,RACE,Hispanic,[0.13475733 0.29328912 0.17004293 0.02694985 0.37496077],0.0112655464615222
18,SMSHARE_W45,RACE,Other,[0.10351901 0.31813261 0.17522202 0.05237971 0.35074665],0.0
19,SMSHARE_W45,RACE,White,[0.06655885 0.26757536 0.24859708 0.037752   0.37951672],0.002766061427288544
20,MADEUPOFT_W45,RACE,Asian,[0.25781355 0.61520499 0.11029442 0.01668704],0.02631634448079022
21,MADEUPOFT_W45,RACE,Black,[0.31020969 0.52787167 0.10871878 0.05319986],0.0041608114034962715
22,MADEUPOFT_W45,RACE,Hispanic,[0.31576339 0.54842058 0.09464947 0.04116657],0.0
23,MADEUPOFT_W45,RACE,Other,[0.45396781 0.36677015 0.09212946 0.08713259],0.0
24,MADEUPOFT_W45,RACE,White,[0.40325491 0.50549096 0.0808846  0.01036954],0.007153313014563714
25,SMLIKESb_W45,RACE,Asian,[0.28629814 0.5254633  0.18823856],0.007824006736441133
26,SMLIKESb_W45,RACE,Black,[0.32025086 0.45140947 0.22833967],0.00835383677913409
27,SMLIKESb_W45,RACE,Hispanic,[0.18404107 0.46506574 0.35089319],0.019679421599289225
28,SMLIKESb_W45,RACE,Other,[0.08470916 0.45703463 0.45825621],0.0
29,SMLIKESb_W45,RACE,White,[0.24594801 0.48655091 0.26750108],0.01291536316029903
30,INFOCHALe_W45,RACE,Asian,[0.41855611 0.43249614 0.08906474 0.05988301],0.017285121544513744
31,INFOCHALe_W45,RACE,Black,[0.45463051 0.28890941 0.17045761 0.08600247],0.014994932850349762
32,INFOCHALe_W45,RACE,Hispanic,[0.43833168 0.34214091 0.12547522 0.09405219],0.038676374326942764
33,INFOCHALe_W45,RACE,Other,[0.39141304 0.30128579 0.13639483 0.17090633],0.10184248030658581
34,INFOCHALe_W45,RACE,White,[0.45614856 0.34716731 0.14839797 0.04828617],0.021391283642160676
35,MADEUPSHAREWHY_W45,RACE,Asian,[0.11128165 0.13018492 0.29272303 0.46581039],0.0
36,MADEUPSHAREWHY_W45,RACE,Black,[0.24140848 0.12311778 0.19780643 0.43766731],0.0
37,MADEUPSHAREWHY_W45,RACE,Hispanic,[0.30916673 0.0479624  0.20524838 0.43762248],0.010005878582971552
38,MADEUPSHAREWHY_W45,RACE,Other,[0.04109347 0.08641834 0.30545654 0.56703165],0.0
39,MADEUPSHAREWHY_W45,RACE,White,[0.30339805 0.06947388 0.14518907 0.48193899],0.002810115293618313
40,INFORESTRICTb_W45,RACE,Asian,[0.65262687 0.34737313],0.010828235754501626
41,INFORESTRICTb_W45,RACE,Black,[0.63989494 0.36010506],0.014255775408540922
42,INFORESTRICTb_W45,RACE,Hispanic,[0.53883547 0.46116453],0.017941803644390925
43,INFORESTRICTb_W45,RACE,Other,[0.50815799 0.49184201],0.05568508349365273
44,INFORESTRICTb_W45,RACE,White,[0.72354841 0.27645159],0.015987415022914623
45,WATCHDOG_3_W45,RACE,Asian,[0.40665427 0.59334573],0.015604001182694423
46,WATCHDOG_3_W45,RACE,Black,[0.41729621 0.58270379],0.023410800803621512
47,WATCHDOG_3_W45,RACE,Hispanic,[0.33890177 0.66109823],0.029980505940320246
48,WATCHDOG_3_W45,RACE,Other,[0.44560171 0.55439829],0.05568508349365273
49,WATCHDOG_3_W45,RACE,White,[0.22868942 0.77131058],0.02109636768959503
50,MADEUPSHARE1_W45,RACE,Asian,[0.39956027 0.60043973],0.010336847211234632
51,MADEUPSHARE1_W45,RACE,Black,[0.53291073 0.46708927],0.012261378560281566
52,MADEUPSHARE1_W45,RACE,Hispanic,[0.48593143 0.51406857],0.008281491326169564
53,MADEUPSHARE1_W45,RACE,Other,[0.4731961 0.5268039],0.0
54,MADEUPSHARE1_W45,RACE,White,[0.48372171 0.51627829],0.008706291471085696
55,SMLIKESe_W45,RACE,Asian,[0.88489617 0.06457917 0.05052466],0.0
56,SMLIKESe_W45,RACE,Black,[0.63917314 0.26710902 0.09371783],0.0
57,SMLIKESe_W45,RACE,Hispanic,[0.7467775  0.20870328 0.04451921],0.0020618964403234575
58,SMLIKESe_W45,RACE,Other,[0.77477516 0.0431695  0.18205534],0.08921631287076127
59,SMLIKESe_W45,RACE,White,[0.80989982 0.15058273 0.03951745],0.005637512793096076
60,MADEUPRESa_W45,RACE,Asian,[0.52756051 0.47243949],0.0033379265523609818
61,MADEUPRESa_W45,RACE,Black,[0.52868078 0.47131922],0.0037399617218828226
62,MADEUPRESa_W45,RACE,Hispanic,[0.55587621 0.44412379],0.003411548703438289
63,MADEUPRESa_W45,RACE,Other,[0.58268976 0.41731024],0.02780547625834276
64,MADEUPRESa_W45,RACE,White,[0.66561305 0.33438695],0.007356757931694082
65,INFOCHALd_W45,RACE,Asian,[0.47881701 0.42524889 0.06741687 0.02851723],0.006230036982705585
66,INFOCHALd_W45,RACE,Black,[0.40414576 0.33937777 0.16735358 0.08912289],0.02925618405980626
67,INFOCHALd_W45,RACE,Hispanic,[0.3647221  0.43702821 0.14774597 0.05050373],0.04073236303652625
68,INFOCHALd_W45,RACE,Other,[0.43005035 0.27755083 0.1825718  0.10982703],0.08349055975199549
69,INFOCHALd_W45,RACE,White,[0.45642131 0.35270888 0.14359133 0.04727849],0.022809538305025166
70,INFOOWNd_W45,RACE,Asian,[0.63208389 0.36791611],0.013325250609632988
71,INFOOWNd_W45,RACE,Black,[0.7473054 0.2526946],0.006924810919142537
72,INFOOWNd_W45,RACE,Hispanic,[0.75258208 0.24741792],0.012888986651214764
73,INFOOWNd_W45,RACE,Other,[0.58614655 0.41385345],0.05568508349365274
74,INFOOWNd_W45,RACE,White,[0.78720587 0.21279413],0.007885878400238567
75,RESTRICTWHO_W45,RACE,Asian,[0.14085009 0.16093927 0.20106758 0.45597964 0.04116341],0.0025471973132700386
76,RESTRICTWHO_W45,RACE,Black,[0.18203908 0.11823557 0.15003923 0.47011697 0.07956914],0.012543793245008839
77,RESTRICTWHO_W45,RACE,Hispanic,[0.16720337 0.07653181 0.25932188 0.38512914 0.11181381],0.004523707005500118
78,RESTRICTWHO_W45,RACE,Other,[0.08435557 0.04753702 0.11820375 0.56730276 0.18260089],0.0
79,RESTRICTWHO_W45,RACE,White,[0.11030831 0.08413748 0.20166069 0.56643052 0.037463  ],0.008500179317719375
80,SMLIKESa_W45,RACE,Asian,[0.61802092 0.33135013 0.05062895],0.007824006736441133
81,SMLIKESa_W45,RACE,Black,[0.50070714 0.32160405 0.17768881],0.008353836779134092
82,SMLIKESa_W45,RACE,Hispanic,[0.44567518 0.37650952 0.1778153 ],0.01967942159928923
83,SMLIKESa_W45,RACE,Other,[0.47230881 0.33014395 0.19754724],0.0
84,SMLIKESa_W45,RACE,White,[0.586883   0.30952605 0.10359094],0.011371274336816185
85,INFORESTRICTc_W45,RACE,Asian,[0.36571909 0.63428091],0.0
86,INFORESTRICTc_W45,RACE,Black,[0.45661009 0.54338991],0.004314748320838889
87,INFORESTRICTc_W45,RACE,Hispanic,[0.44833882 0.55166118],0.025535968382915445
88,INFORESTRICTc_W45,RACE,Other,[0.2658051 0.7341949],0.05568508349365273
89,INFORESTRICTc_W45,RACE,White,[0.46870911 0.53129089],0.009933412287058699
90,MADEUPTOPICa_W45,RACE,Asian,[0.67632894 0.25925568 0.06441538 0.        ],0.009710956130852884
91,MADEUPTOPICa_W45,RACE,Black,[0.57576852 0.35712695 0.06710452 0.        ],0.0
92,MADEUPTOPICa_W45,RACE,Hispanic,[0.65448712 0.29389825 0.05161463 0.        ],0.00789453941167955
93,MADEUPTOPICa_W45,RACE,Other,[0.69123105 0.30876895 0.         0.        ],0.0
94,MADEUPTOPICa_W45,RACE,White,[0.79185344 0.1889034  0.01924316 0.        ],0.005323637263024801
95,MADEUPSMCLICK_W45,RACE,Asian,[0.04377344 0.33839854 0.31964753 0.21520066 0.08297982],0.017298704089859993
96,MADEUPSMCLICK_W45,RACE,Black,[0.10713086 0.28966388 0.27927626 0.20228533 0.12164367],0.004710016875284588
97,MADEUPSMCLICK_W45,RACE,Hispanic,[0.06750492 0.23043731 0.36770831 0.18521492 0.14913454],0.011667290997345602
98,MADEUPSMCLICK_W45,RACE,Other,[0.00704671 0.2076189  0.15112678 0.5177229  0.11648471],0.0
99,MADEUPSMCLICK_W45,RACE,White,[0.04045368 0.25538999 0.37258021 0.23487539 0.09670072],0.004686200504288248
100,MADEUPLEVELb_W45,RACE,Asian,[0.1680295 0.5768634 0.2551071 0.       ],0.0
101,MADEUPLEVELb_W45,RACE,Black,[0.24180057 0.5597672  0.19843223 0.        ],0.00434395182063568
102,MADEUPLEVELb_W45,RACE,Hispanic,[0.16891854 0.53369441 0.29738705 0.        ],0.0014868059384293094
103,MADEUPLEVELb_W45,RACE,Other,[0.32579664 0.49331911 0.18088425 0.        ],0.0
104,MADEUPLEVELb_W45,RACE,White,[0.17498884 0.5250781  0.29993306 0.        ],0.005970710350846206
105,MADEUPRESb_W45,RACE,Asian,[0.39308875 0.60691125],0.002547197313270038
106,MADEUPRESb_W45,RACE,Black,[0.39629633 0.60370367],0.014298756691235768
107,MADEUPRESb_W45,RACE,Hispanic,[0.42974745 0.57025255],0.00721710458422795
108,MADEUPRESb_W45,RACE,Other,[0.33410141 0.66589859],0.0
109,MADEUPRESb_W45,RACE,White,[0.44507763 0.55492237],0.00567011356107501
110,INFOKNOWa_W45,RACE,Asian,[0.33173561 0.66826439],0.0
111,INFOKNOWa_W45,RACE,Black,[0.54693743 0.45306257],0.008598662825591803
112,INFOKNOWa_W45,RACE,Hispanic,[0.55401231 0.44598769],0.008463223036253527
113,INFOKNOWa_W45,RACE,Other,[0.48602857 0.51397143],0.0
114,INFOKNOWa_W45,RACE,White,[0.40959164 0.59040836],0.01080528494462619
115,INFOCREATEd_W45,RACE,Asian,[0.3421752  0.51518818 0.14263662 0.        ],0.0
116,INFOCREATEd_W45,RACE,Black,[0.37965073 0.47874849 0.14160078 0.        ],0.013772971649804972
117,INFOCREATEd_W45,RACE,Hispanic,[0.27599439 0.54074432 0.18326129 0.        ],0.02877757198729466
118,INFOCREATEd_W45,RACE,Other,[0.32544372 0.45781718 0.2167391  0.        ],0.0
119,INFOCREATEd_W45,RACE,White,[0.36599239 0.50413988 0.12986773 0.        ],0.01062663877224661
120,INFORESTRICTe_W45,RACE,Asian,[0.26712478 0.73287522],0.0
121,INFORESTRICTe_W45,RACE,Black,[0.25540702 0.74459298],0.006833579550166686
122,INFORESTRICTe_W45,RACE,Hispanic,[0.20373576 0.79626424],0.004339233950590939
123,INFORESTRICTe_W45,RACE,Other,[0.1667906 0.8332094],0.05568508349365274
124,INFORESTRICTe_W45,RACE,White,[0.22032965 0.77967035],0.007866202270963829
125,ACCCHECK_W45,RACE,Asian,[0.22604099 0.56449232 0.17421197 0.03525471],0.020102537069216126
126,ACCCHECK_W45,RACE,Black,[0.28625723 0.44246112 0.16845956 0.1028221 ],0.009792105292739564
127,ACCCHECK_W45,RACE,Hispanic,[0.28339181 0.44607775 0.18950418 0.08102626],0.019675086791329958
128,ACCCHECK_W45,RACE,Other,[0.16733884 0.45259046 0.13917287 0.24089783],0.0
129,ACCCHECK_W45,RACE,White,[0.30039443 0.46844032 0.17698726 0.054178  ],0.005773895210117596
130,NEWSPREFV2_W45,RACE,Asian,[0.04714878 0.05328341 0.21591573 0.22039938 0.4632527 ],0.003877865832459969
131,NEWSPREFV2_W45,RACE,Black,[0.06162336 0.04849609 0.5503778  0.15457473 0.18492802],0.009531454825334865
132,NEWSPREFV2_W45,RACE,Hispanic,[0.03445309 0.08988555 0.41369745 0.24146557 0.22049835],0.0
133,NEWSPREFV2_W45,RACE,Other,[0.07026033 0.17281606 0.41493931 0.10718716 0.23479713],0.07733256276959097
134,NEWSPREFV2_W45,RACE,White,[0.08405135 0.09018819 0.40706939 0.10106747 0.3176236 ],0.001526265025976293
135,SOURCESKEPb_W45,RACE,Asian,[0.07462989 0.46762133 0.36913024 0.08861854],0.0
136,SOURCESKEPb_W45,RACE,Black,[0.04384162 0.428268   0.43005589 0.09783448],0.006409268366022593
137,SOURCESKEPb_W45,RACE,Hispanic,[0.04862802 0.49066058 0.35427015 0.10644125],0.0027835510864138257
138,SOURCESKEPb_W45,RACE,Other,[0.00535209 0.35742047 0.33757365 0.29965379],0.0
139,SOURCESKEPb_W45,RACE,White,[0.02311538 0.33402165 0.50100138 0.14186159],0.00360387969577445
140,INFOCONFUSEd_W45,RACE,Asian,[0.46872384 0.39493999 0.11868972 0.01764645],0.0
141,INFOCONFUSEd_W45,RACE,Black,[0.40451391 0.4350963  0.11744305 0.04294673],0.0028802872057446197
142,INFOCONFUSEd_W45,RACE,Hispanic,[0.45306956 0.413494   0.12028049 0.01315595],0.0019165283585020783
143,INFOCONFUSEd_W45,RACE,Other,[0.4185126  0.36367751 0.06021663 0.15759325],0.0
144,INFOCONFUSEd_W45,RACE,White,[0.49644226 0.41090921 0.07692748 0.01572106],0.004576251055086036
145,MADEUPTOPICf_W45,RACE,Asian,[0.21640372 0.66590581 0.11769047 0.        ],0.009519844569486737
146,MADEUPTOPICf_W45,RACE,Black,[0.38298593 0.52187254 0.09514154 0.        ],0.005486227010037166
147,MADEUPTOPICf_W45,RACE,Hispanic,[0.29621447 0.56514059 0.13864494 0.        ],0.0016226653055266865
148,MADEUPTOPICf_W45,RACE,Other,[0.20564669 0.74417807 0.05017524 0.        ],0.0
149,MADEUPTOPICf_W45,RACE,White,[0.24424778 0.59239263 0.1633596  0.        ],0.009434045116110349
150,MADEUPDIS_W45,RACE,Asian,[0.06108939 0.52915514 0.30196114 0.10779434],0.0
151,MADEUPDIS_W45,RACE,Black,[0.14163801 0.42564269 0.27905731 0.15366199],0.002048438964995437
152,MADEUPDIS_W45,RACE,Hispanic,[0.14133532 0.43749932 0.32283154 0.09833383],0.008394371213745559
153,MADEUPDIS_W45,RACE,Other,[0.1768019  0.38424804 0.2176682  0.22128185],0.0
154,MADEUPDIS_W45,RACE,White,[0.16449417 0.46390969 0.30103044 0.0705657 ],0.004974239610765486
155,NEWSPROBe_W45,RACE,Asian,[0.33813639 0.37513824 0.24176639 0.04495898],0.0
156,NEWSPROBe_W45,RACE,Black,[0.29606753 0.38581352 0.20593068 0.11218827],0.006272479453170755
157,NEWSPROBe_W45,RACE,Hispanic,[0.28954673 0.3532473  0.32770979 0.02949619],0.01614653427010358
158,NEWSPROBe_W45,RACE,Other,[0.27531061 0.3513304  0.08152783 0.29183116],0.060093945836660306
159,NEWSPROBe_W45,RACE,White,[0.39808805 0.30273958 0.24914216 0.05003022],0.004430767796367213
160,MADEUPTOPICb_W45,RACE,Asian,[0.53024443 0.42746101 0.04229456 0.        ],0.0
161,MADEUPTOPICb_W45,RACE,Black,[0.6093292  0.32550186 0.06516894 0.        ],0.008292467463204447
162,MADEUPTOPICb_W45,RACE,Hispanic,[0.63836466 0.31782526 0.04381008 0.        ],0.005825071635503724
163,MADEUPTOPICb_W45,RACE,Other,[0.56734543 0.32744379 0.10521078 0.        ],0.0
164,MADEUPTOPICb_W45,RACE,White,[0.61943103 0.32958572 0.05098325 0.        ],0.00461982726966721
165,INFOCHALa_W45,RACE,Asian,[0.58472341 0.35105453 0.04103565 0.0231864 ],0.007823354677525403
166,INFOCHALa_W45,RACE,Black,[0.5187954  0.30934011 0.11208418 0.05978032],0.01621473475182272
167,INFOCHALa_W45,RACE,Hispanic,[0.52626865 0.32294343 0.10430837 0.04647956],0.04076451628570466
168,INFOCHALa_W45,RACE,Other,[0.56280065 0.21493001 0.06303983 0.15922951],0.08349055975199549
169,INFOCHALa_W45,RACE,White,[0.688956   0.24293114 0.05373173 0.01438113],0.014649902395811043
170,INFOKNOWb_W45,RACE,Asian,[0.60629409 0.39370591],0.0
171,INFOKNOWb_W45,RACE,Black,[0.62281657 0.37718343],0.016269999586774393
172,INFOKNOWb_W45,RACE,Hispanic,[0.64699113 0.35300887],0.014720197622624168
173,INFOKNOWb_W45,RACE,Other,[0.58644943 0.41355057],0.0
174,INFOKNOWb_W45,RACE,White,[0.67328921 0.32671079],0.013616538890030885
175,MADEUPSMFOL1_W45,RACE,Asian,[0.4708331 0.5291669],0.010046284606985303
176,MADEUPSMFOL1_W45,RACE,Black,[0.46586573 0.53413427],0.015684199390595958
177,MADEUPSMFOL1_W45,RACE,Hispanic,[0.43118722 0.56881278],0.00202477484046938
178,MADEUPSMFOL1_W45,RACE,Other,[0.52000917 0.47999083],0.0
179,MADEUPSMFOL1_W45,RACE,White,[0.51582142 0.48417858],0.007866760089095613
180,MADEUPRESd_W45,RACE,Asian,[0.36210162 0.63789838],0.002547197313270038
181,MADEUPRESd_W45,RACE,Black,[0.31594209 0.68405791],0.015538457833867972
182,MADEUPRESd_W45,RACE,Hispanic,[0.29487632 0.70512368],0.015796940270669604
183,MADEUPRESd_W45,RACE,Other,[0.28657516 0.71342484],0.02164747927593822
184,MADEUPRESd_W45,RACE,White,[0.31842184 0.68157816],0.007671757165707924
185,INFOWHYb_W45,RACE,Asian,[0.82942058 0.14141385 0.02916557],0.0
186,INFOWHYb_W45,RACE,Black,[0.7444425  0.16984311 0.08571439],0.0038352734418253707
187,INFOWHYb_W45,RACE,Hispanic,[0.72276928 0.22775261 0.04947811],0.02484423032553779
188,INFOWHYb_W45,RACE,Other,[0.75492739 0.02695915 0.21811346],0.0
189,INFOWHYb_W45,RACE,White,[0.90647407 0.07356594 0.01995999],0.0033944941369036604
190,INFOOWNc_W45,RACE,Asian,[0.4646714 0.5353286],0.0038778658324599693
191,INFOOWNc_W45,RACE,Black,[0.58120687 0.41879313],0.0066119141839239655
192,INFOOWNc_W45,RACE,Hispanic,[0.62001376 0.37998624],0.01577821211934653
193,INFOOWNc_W45,RACE,Other,[0.54688159 0.45311841],0.08349055975199549
194,INFOOWNc_W45,RACE,White,[0.59476993 0.40523007],0.012047042036614265
195,INFOCREATEa_W45,RACE,Asian,[0.24667642 0.49539597 0.25792761 0.        ],0.0
196,INFOCREATEa_W45,RACE,Black,[0.31637014 0.46676805 0.21686181 0.        ],0.007576486552226608
197,INFOCREATEa_W45,RACE,Hispanic,[0.34085157 0.48774967 0.17139876 0.        ],0.01648402622958293
198,INFOCREATEa_W45,RACE,Other,[0.39448773 0.38544964 0.22006263 0.        ],0.0
199,INFOCREATEa_W45,RACE,White,[0.39813789 0.38966421 0.2121979  0.        ],0.004892667154796853
200,SEEK_W45,RACE,Asian,[0.53158337 0.46841663],0.019668260941033584
201,SEEK_W45,RACE,Black,[0.54753958 0.45246042],0.011436360374458538
202,SEEK_W45,RACE,Hispanic,[0.47166317 0.52833683],0.02708800001465509
203,SEEK_W45,RACE,Other,[0.39228966 0.60771034],0.0
204,SEEK_W45,RACE,White,[0.63816761 0.36183239],0.004390481810934622
205,INFORESTRICTd_W45,RACE,Asian,[0.555878 0.444122],0.0025471973132700386
206,INFORESTRICTd_W45,RACE,Black,[0.56271382 0.43728618],0.005107105917531678
207,INFORESTRICTd_W45,RACE,Hispanic,[0.50912643 0.49087357],0.027614014222367575
208,INFORESTRICTd_W45,RACE,Other,[0.36587914 0.63412086],0.05568508349365274
209,INFORESTRICTd_W45,RACE,White,[0.65587552 0.34412448],0.012234725127777934
210,INFOCONFUSEa_W45,RACE,Asian,[0.60303591 0.32044623 0.04376256 0.0327553 ],0.01067960694656372
211,INFOCONFUSEa_W45,RACE,Black,[0.54240247 0.2857085  0.10415921 0.06772981],0.0017028812181309686
212,INFOCONFUSEa_W45,RACE,Hispanic,[0.58164868 0.31816416 0.07665456 0.02353261],0.003468387538047713
213,INFOCONFUSEa_W45,RACE,Other,[0.51561262 0.2693004  0.07226931 0.14281767],0.0
214,INFOCONFUSEa_W45,RACE,White,[0.70822148 0.22925295 0.04058273 0.02194284],0.0024392192701944817
215,WATCHDOG_1_W45,RACE,Asian,[0.28172189 0.71827811],0.01751935304390336
216,WATCHDOG_1_W45,RACE,Black,[0.23343759 0.76656241],0.04043117567197833
217,WATCHDOG_1_W45,RACE,Hispanic,[0.24469548 0.75530452],0.02374450020033795
218,WATCHDOG_1_W45,RACE,Other,[0.34317159 0.65682841],0.05568508349365273
219,WATCHDOG_1_W45,RACE,White,[0.32147414 0.67852586],0.028197303754749006
220,MADEUPIMPd_W45,RACE,Asian,[0.38536446 0.45905697 0.10054374 0.05503484],0.001967229073466478
221,MADEUPIMPd_W45,RACE,Black,[0.40904363 0.37047747 0.15793081 0.06254809],0.004656172482808452
222,MADEUPIMPd_W45,RACE,Hispanic,[0.36930968 0.45235639 0.13535113 0.0429828 ],0.023691684854970158
223,MADEUPIMPd_W45,RACE,Other,[0.43048779 0.3188518  0.04610798 0.20455242],0.0
224,MADEUPIMPd_W45,RACE,White,[0.34229041 0.42833616 0.18186103 0.0475124 ],0.01043426347948663
225,INFOOWNb_W45,RACE,Asian,[0.72585786 0.27414214],0.0
226,INFOOWNb_W45,RACE,Black,[0.70976139 0.29023861],0.011439480898515708
227,INFOOWNb_W45,RACE,Hispanic,[0.72934899 0.27065101],0.028730810188445047
228,INFOOWNb_W45,RACE,Other,[0.69290738 0.30709262],0.05568508349365274
229,INFOOWNb_W45,RACE,White,[0.82050692 0.17949308],0.014092710721176854
230,SMSHARER_W45,RACE,Asian,[0.07479169 0.92520831],0.007112625500124637
231,SMSHARER_W45,RACE,Black,[0.21086844 0.78913156],0.015544905037148895
232,SMSHARER_W45,RACE,Hispanic,[0.111502 0.888498],0.010311248050089036
233,SMSHARER_W45,RACE,Other,[0.09332291 0.90667709],0.10992600945534384
234,SMSHARER_W45,RACE,White,[0.10374293 0.89625707],0.011502028885920439
235,FCFAIR_W45,RACE,Asian,[0.62179378 0.37820622],0.008231826590393681
236,FCFAIR_W45,RACE,Black,[0.59098953 0.40901047],0.022256991528470348
237,FCFAIR_W45,RACE,Hispanic,[0.51590789 0.48409211],0.03615456875236598
238,FCFAIR_W45,RACE,Other,[0.42832753 0.57167247],0.08264423495883581
239,FCFAIR_W45,RACE,White,[0.49553986 0.50446014],0.019962995763254082
240,INFOCONFUSEe_W45,RACE,Asian,[0.6287835  0.28332092 0.05256352 0.03533206],0.0
241,INFOCONFUSEe_W45,RACE,Black,[0.53537403 0.296232   0.10257194 0.06582204],0.006779972436462636
242,INFOCONFUSEe_W45,RACE,Hispanic,[0.5662684  0.33997583 0.06576664 0.02798914],0.0008963680384052213
243,INFOCONFUSEe_W45,RACE,Other,[0.54061196 0.27039186 0.0860352  0.10296099],0.05568508349365274
244,INFOCONFUSEe_W45,RACE,White,[0.65750412 0.26051922 0.05434917 0.02762749],0.003625765594313564
245,MADEUPTOPICe_W45,RACE,Asian,[0.17951277 0.40569021 0.41479703 0.        ],0.0
246,MADEUPTOPICe_W45,RACE,Black,[0.20066651 0.46390082 0.33543267 0.        ],0.0
247,MADEUPTOPICe_W45,RACE,Hispanic,[0.1939979  0.38532297 0.42067913 0.        ],0.009884041114847837
248,MADEUPTOPICe_W45,RACE,Other,[0.37944345 0.47881605 0.14174051 0.        ],0.0
249,MADEUPTOPICe_W45,RACE,White,[0.17466357 0.44595717 0.37937926 0.        ],0.003816832282236564
250,INFOOWNa_W45,RACE,Asian,[0.54160071 0.45839929],0.0038778658324599693
251,INFOOWNa_W45,RACE,Black,[0.63843025 0.36156975],0.009567684691712146
252,INFOOWNa_W45,RACE,Hispanic,[0.62124087 0.37875913],0.025658123319751817
253,INFOOWNa_W45,RACE,Other,[0.56625742 0.43374258],0.05568508349365274
254,INFOOWNa_W45,RACE,White,[0.6476254 0.3523746],0.01340209717628376
255,INFOCHALb_W45,RACE,Asian,[0.44963014 0.42626595 0.09407504 0.03002887],0.006230036982705585
256,INFOCHALb_W45,RACE,Black,[0.37516486 0.37796791 0.16510197 0.08176527],0.024011967491061742
257,INFOCHALb_W45,RACE,Hispanic,[0.36097171 0.44166554 0.1410488  0.05631395],0.050824985478306786
258,INFOCHALb_W45,RACE,Other,[0.28027588 0.47990834 0.08058627 0.15922951],0.08349055975199549
259,INFOCHALb_W45,RACE,White,[0.4428982  0.41184112 0.12235662 0.02290406],0.017068545859422714
260,INFOWHYa_W45,RACE,Asian,[0.72858113 0.21452313 0.05689574],0.0
261,INFOWHYa_W45,RACE,Black,[0.7056326  0.20231835 0.09204906],0.004729329036536615
262,INFOWHYa_W45,RACE,Hispanic,[0.80119166 0.15674586 0.04206248],0.017191565328411512
263,INFOWHYa_W45,RACE,Other,[0.68365715 0.18650739 0.12983546],0.0
264,INFOWHYa_W45,RACE,White,[0.70382573 0.23647443 0.05969984],0.005846565087852102
265,SOURCESKEPc_W45,RACE,Asian,[0.08726909 0.53907416 0.31101557 0.06264118],0.0
266,SOURCESKEPc_W45,RACE,Black,[0.07393593 0.51537642 0.31189099 0.09879666],0.0008599086534801534
267,SOURCESKEPc_W45,RACE,Hispanic,[0.0300979  0.51042151 0.38486403 0.07461655],0.006840183633536617
268,SOURCESKEPc_W45,RACE,Other,[0.11975371 0.34574399 0.2529846  0.2815177 ],0.0
269,SOURCESKEPc_W45,RACE,White,[0.03505293 0.48060315 0.39157758 0.09276634],0.0013698372741219155
270,SOURCESKEPa_W45,RACE,Asian,[0.44467039 0.43354149 0.10680282 0.01498529],0.0
271,SOURCESKEPa_W45,RACE,Black,[0.399452   0.47408344 0.09436621 0.03209835],0.003606840766349277
272,SOURCESKEPa_W45,RACE,Hispanic,[0.29237988 0.59369808 0.08790417 0.02601787],0.0038129779391039035
273,SOURCESKEPa_W45,RACE,Other,[0.35027333 0.28441809 0.14100706 0.22430152],0.0
274,SOURCESKEPa_W45,RACE,White,[0.36531188 0.48931018 0.10571884 0.03965911],0.0024240971074484417
275,INFOCHALc_W45,RACE,Asian,[0.41460232 0.46546759 0.09242779 0.02750231],0.006230036982705586
276,INFOCHALc_W45,RACE,Black,[0.38063984 0.37316587 0.1607924  0.08540188],0.02305205570155179
277,INFOCHALc_W45,RACE,Hispanic,[0.31852452 0.45866502 0.18054792 0.04226254],0.04435566910718085
278,INFOCHALc_W45,RACE,Other,[0.35694682 0.34572133 0.11415111 0.18318074],0.08349055975199549
279,INFOCHALc_W45,RACE,White,[0.42863135 0.41435225 0.13665737 0.02035903],0.015129466456254431
280,DIGWDOG_3_W45,RACE,Asian,[0.28261057 0.33306715 0.38432228],0.006371859616419763
281,DIGWDOG_3_W45,RACE,Black,[0.22273916 0.36634252 0.41091832],0.007852201645584981
282,DIGWDOG_3_W45,RACE,Hispanic,[0.28903229 0.27432219 0.43664552],0.020250859236184346
283,DIGWDOG_3_W45,RACE,Other,[0.35100158 0.31582146 0.33317695],0.0
284,DIGWDOG_3_W45,RACE,White,[0.32625963 0.32013881 0.35360156],0.005152695710463935
285,VIDOFT_W45,RACE,Asian,[0.0808431  0.55200421 0.31365946 0.05349323],0.0
286,VIDOFT_W45,RACE,Black,[0.14834475 0.44141073 0.27139726 0.13884726],0.013029295776448332
287,VIDOFT_W45,RACE,Hispanic,[0.18613145 0.56735163 0.19385275 0.05266417],0.017348509266013484
288,VIDOFT_W45,RACE,Other,[0.26372475 0.36470994 0.1497871  0.22177821],0.027805476258342756
289,VIDOFT_W45,RACE,White,[0.15071248 0.52450822 0.27344246 0.05133685],0.015391781134138945
290,MADEUPLEVELa_W45,RACE,Asian,[0.50873752 0.43322944 0.05803304 0.        ],0.0
291,MADEUPLEVELa_W45,RACE,Black,[0.44673711 0.44858207 0.10468082 0.        ],0.008009080755210932
292,MADEUPLEVELa_W45,RACE,Hispanic,[0.43319794 0.49070589 0.07609618 0.        ],0.012673286937423476
293,MADEUPLEVELa_W45,RACE,Other,[0.56049313 0.43950687 0.         0.        ],0.0
294,MADEUPLEVELa_W45,RACE,White,[0.63581048 0.3316968  0.03249272 0.        ],0.006140621717496357
295,INFOCREATEc_W45,RACE,Asian,[0.22791436 0.54009439 0.23199126 0.        ],0.0
296,INFOCREATEc_W45,RACE,Black,[0.32735408 0.53326933 0.13937659 0.        ],0.009405342243748676
297,INFOCREATEc_W45,RACE,Hispanic,[0.32013287 0.54305859 0.13680854 0.        ],0.010859000656071363
298,INFOCREATEc_W45,RACE,Other,[0.22995777 0.38597998 0.38406225 0.        ],0.0
299,INFOCREATEc_W45,RACE,White,[0.24862513 0.55690674 0.19446812 0.        ],0.008842533610036982
300,MADEUPIMPb_W45,RACE,Asian,[0.49317298 0.38022451 0.11026032 0.01634219],0.0
301,MADEUPIMPb_W45,RACE,Black,[0.54022347 0.29588459 0.12016384 0.0437281 ],0.002625208358843753
302,MADEUPIMPb_W45,RACE,Hispanic,[0.49175751 0.36826291 0.1068833  0.03309627],0.01734865266173821
303,MADEUPIMPb_W45,RACE,Other,[0.46083344 0.33754612 0.01901954 0.18260089],0.0
304,MADEUPIMPb_W45,RACE,White,[0.55456876 0.35115723 0.07758437 0.01668963],0.005402499710918564
305,INFOCONFUSEc_W45,RACE,Asian,[0.49786029 0.41322558 0.05406487 0.03484927],0.0
306,INFOCONFUSEc_W45,RACE,Black,[0.45888972 0.37076322 0.12742846 0.0429186 ],0.005255910952834073
307,INFOCONFUSEc_W45,RACE,Hispanic,[0.43245588 0.42686394 0.11556358 0.02511659],0.0008963680384052212
308,INFOCONFUSEc_W45,RACE,Other,[0.43907355 0.38346308 0.01987012 0.15759325],0.0
309,INFOCONFUSEc_W45,RACE,White,[0.53941983 0.37074763 0.07335285 0.01647969],0.004730362974688222
310,SMLIKESd_W45,RACE,Asian,[0.25198687 0.44667745 0.30133569],0.0
311,SMLIKESd_W45,RACE,Black,[0.26541155 0.39623125 0.3383572 ],0.0
312,SMLIKESd_W45,RACE,Hispanic,[0.1963479  0.41782968 0.38582241],0.003921534386602528
313,SMLIKESd_W45,RACE,Other,[0.07425989 0.28249178 0.64324834],0.08921631287076127
314,SMLIKESd_W45,RACE,White,[0.09320397 0.3237384  0.58305763],0.004731608315767486
315,NEWS_PLATFORMh_W45,RACE,Asian,[0.45461252 0.40291027 0.11123341 0.0312438 ],0.0
316,NEWS_PLATFORMh_W45,RACE,Black,[0.37946171 0.39754634 0.13781132 0.08518062],0.002370084246246965
317,NEWS_PLATFORMh_W45,RACE,Hispanic,[0.41225594 0.32240927 0.14145993 0.12387486],0.0
318,NEWS_PLATFORMh_W45,RACE,Other,[0.34415479 0.39202121 0.11765009 0.14617392],0.0
319,NEWS_PLATFORMh_W45,RACE,White,[0.44219981 0.31007872 0.16308079 0.08464068],0.0014951831917188103
320,INFOCONFUSEb_W45,RACE,Asian,[0.20279453 0.54232277 0.22135672 0.03352598],0.0
321,INFOCONFUSEb_W45,RACE,Black,[0.25929365 0.51220151 0.18156688 0.04693796],0.010149299332953218
322,INFOCONFUSEb_W45,RACE,Hispanic,[0.21062168 0.53371763 0.22736751 0.02829319],0.014632783032633207
323,INFOCONFUSEb_W45,RACE,Other,[0.20692109 0.47037164 0.12044496 0.20226231],0.0
324,INFOCONFUSEb_W45,RACE,White,[0.24633697 0.47015263 0.22822897 0.05528143],0.009425089022632156
325,NEWS_PLATFORMg_W45,RACE,Asian,[0.30276966 0.40286363 0.15339548 0.14097123],0.0
326,NEWS_PLATFORMg_W45,RACE,Black,[0.3298462  0.32681984 0.16565324 0.17768072],0.000615752816595971
327,NEWS_PLATFORMg_W45,RACE,Hispanic,[0.36329677 0.3145117  0.1507434  0.17144812],0.0
328,NEWS_PLATFORMg_W45,RACE,Other,[0.36122712 0.22073237 0.17755648 0.24048403],0.0
329,NEWS_PLATFORMg_W45,RACE,White,[0.22648504 0.27628818 0.23272237 0.26450441],0.0015823231889554423
330,NEWSPROBc_W45,RACE,Asian,[0.21398185 0.26762721 0.33436627 0.18402467],0.018976534303811337
331,NEWSPROBc_W45,RACE,Black,[0.24550613 0.35024865 0.23348083 0.17076439],0.011988571082198782
332,NEWSPROBc_W45,RACE,Hispanic,[0.22779931 0.29580982 0.26645239 0.20993848],0.016040456429726964
333,NEWSPROBc_W45,RACE,Other,[0.41027612 0.28937    0.24552845 0.05482543],0.0
334,NEWSPROBc_W45,RACE,White,[0.14524421 0.34022729 0.30701397 0.20751453],0.006107908112487321
335,ONLINESOURCE_W45,RACE,Asian,[0.88015319 0.11984681],0.13213163487833854
336,ONLINESOURCE_W45,RACE,Black,[0.78160038 0.21839962],0.2868650306152014
337,ONLINESOURCE_W45,RACE,Hispanic,[0.70749105 0.29250895],0.21847595708673836
338,ONLINESOURCE_W45,RACE,Other,[0.83353507 0.16646493],0.27130583806551256
339,ONLINESOURCE_W45,RACE,White,[0.86968399 0.13031601],0.2003621449739056
340,MADEUPSOLVE_W45,RACE,Asian,[0.11681144 0.33780798 0.54538058],0.0
341,MADEUPSOLVE_W45,RACE,Black,[0.11088385 0.38097231 0.50814384],0.008685855897807267
342,MADEUPSOLVE_W45,RACE,Hispanic,[0.12636995 0.41319776 0.46043228],0.011038842907037114
343,MADEUPSOLVE_W45,RACE,Other,[0.20341736 0.1992645  0.59731814],0.0
344,MADEUPSOLVE_W45,RACE,White,[0.09853875 0.31362034 0.58784091],0.010944313906453295
345,INFOCREATEe_W45,RACE,Asian,[0.47761825 0.41325642 0.10912533 0.        ],0.017108327088329447
346,INFOCREATEe_W45,RACE,Black,[0.36817008 0.50654675 0.12528317 0.        ],0.012886280451110772
347,INFOCREATEe_W45,RACE,Hispanic,[0.36443254 0.49494234 0.14062512 0.        ],0.019243995984126197
348,INFOCREATEe_W45,RACE,Other,[0.43389275 0.32434726 0.24175999 0.        ],0.0
349,INFOCREATEe_W45,RACE,White,[0.59092704 0.35740965 0.05166331 0.        ],0.005201976977275307
350,MADEUPSMFOL2_W45,RACE,Asian,[0.50912017 0.49087983],0.010077831561142765
351,MADEUPSMFOL2_W45,RACE,Black,[0.41872657 0.58127343],0.01340843449192537
352,MADEUPSMFOL2_W45,RACE,Hispanic,[0.42643068 0.57356932],0.0010818490184331887
353,MADEUPSMFOL2_W45,RACE,Other,[0.58774196 0.41225804],0.0
354,MADEUPSMFOL2_W45,RACE,White,[0.52209082 0.47790918],0.008123464558187035
355,MADEUPIMPc_W45,RACE,Asian,[0.44465161 0.43332221 0.07672802 0.04529816],0.0
356,MADEUPIMPc_W45,RACE,Black,[0.45423204 0.32831476 0.15699074 0.06046246],0.004346430529565882
357,MADEUPIMPc_W45,RACE,Hispanic,[0.48485201 0.3472016  0.10180234 0.06614405],0.011037663496657635
358,MADEUPIMPc_W45,RACE,Other,[0.388155   0.28334901 0.08645045 0.24204553],0.0
359,MADEUPIMPc_W45,RACE,White,[0.52833647 0.34629271 0.10069705 0.02467377],0.009065408011515065
360,DISAVOID_W45,RACE,Asian,[0.44208482 0.55791518],0.008630047501815985
361,DISAVOID_W45,RACE,Black,[0.43548271 0.56451729],0.005265930028064736
362,DISAVOID_W45,RACE,Hispanic,[0.40266699 0.59733301],0.0008963680384052213
363,DISAVOID_W45,RACE,Other,[0.32113592 0.67886408],0.0
364,DISAVOID_W45,RACE,White,[0.52279955 0.47720045],0.0036733997110026933
365,INFOOWNe_W45,RACE,Asian,[0.43884204 0.56115796],0.0038778658324599693
366,INFOOWNe_W45,RACE,Black,[0.57722467 0.42277533],0.011705926455378242
367,INFOOWNe_W45,RACE,Hispanic,[0.60467574 0.39532426],0.0018853418546856847
368,INFOOWNe_W45,RACE,Other,[0.58917366 0.41082634],0.05568508349365274
369,INFOOWNe_W45,RACE,White,[0.5270699 0.4729301],0.01133102658482317
370,INFOKNOWe_W45,RACE,Asian,[0.3461163 0.6538837],0.0038778658324599693
371,INFOKNOWe_W45,RACE,Black,[0.46622274 0.53377726],0.006943499159483093
372,INFOKNOWe_W45,RACE,Hispanic,[0.54247472 0.45752528],0.009540133845292257
373,INFOKNOWe_W45,RACE,Other,[0.42800174 0.57199826],0.0
374,INFOKNOWe_W45,RACE,White,[0.35404009 0.64595991],0.010322692536988868
375,SMLIKESf_W45,RACE,Asian,[0.68969374 0.24626823 0.06403803],0.0
376,SMLIKESf_W45,RACE,Black,[0.50524769 0.4027143  0.09203801],0.0033072055845881974
377,SMLIKESf_W45,RACE,Hispanic,[0.4508645  0.46894267 0.08019282],0.0020618964403234575
378,SMLIKESf_W45,RACE,Other,[0.35845672 0.28666539 0.35487789],0.08921631287076127
379,SMLIKESf_W45,RACE,White,[0.48356082 0.4131273  0.10331187],0.004938032907775063
380,INFOWHYd_W45,RACE,Asian,[0.13391802 0.4410742  0.42500778],0.0
381,INFOWHYd_W45,RACE,Black,[0.19272828 0.38946252 0.4178092 ],0.002048438964995437
382,INFOWHYd_W45,RACE,Hispanic,[0.18781534 0.45718778 0.35499688],0.02104668542124009
383,INFOWHYd_W45,RACE,Other,[0.13099087 0.37166345 0.49734568],0.0
384,INFOWHYd_W45,RACE,White,[0.10764473 0.40544838 0.48690689],0.00555917988019644
385,NEWSPROBa_W45,RACE,Asian,[0.5301132  0.32365634 0.09950475 0.0467257 ],0.006230036982705585
386,NEWSPROBa_W45,RACE,Black,[0.43713437 0.31770534 0.1749875  0.07017279],0.007947135705961303
387,NEWSPROBa_W45,RACE,Hispanic,[0.46709576 0.33635946 0.14781111 0.04873366],0.025475927026433937
388,NEWSPROBa_W45,RACE,Other,[0.50392145 0.24001038 0.11517883 0.14088934],0.09918088035250129
389,NEWSPROBa_W45,RACE,White,[0.503453   0.3675137  0.11323862 0.01579468],0.007337852542910382
390,MADEUPIMPe_W45,RACE,Asian,[0.34552542 0.43942029 0.17266317 0.04239112],0.0
391,MADEUPIMPe_W45,RACE,Black,[0.41014982 0.39735914 0.14790107 0.04458997],0.0068696063779162255
392,MADEUPIMPe_W45,RACE,Hispanic,[0.39335584 0.38751177 0.1546186  0.06451379],0.016568325560930304
393,MADEUPIMPe_W45,RACE,Other,[0.31838493 0.40156718 0.09744699 0.18260089],0.0
394,MADEUPIMPe_W45,RACE,White,[0.34983887 0.42992929 0.18432726 0.03590458],0.007300190909440296
395,NEWSPROBd_W45,RACE,Asian,[0.11740516 0.50499968 0.29797177 0.07962339],0.007142283204074487
396,NEWSPROBd_W45,RACE,Black,[0.22297917 0.34419028 0.28005083 0.15277971],0.0
397,NEWSPROBd_W45,RACE,Hispanic,[0.27987252 0.36591691 0.27263679 0.08157379],0.01614653427010358
398,NEWSPROBd_W45,RACE,Other,[0.15051481 0.16480285 0.29465988 0.39002246],0.0600939458366603
399,NEWSPROBd_W45,RACE,White,[0.18005601 0.43451477 0.27964448 0.10578474],0.006751741421359527
400,SOURCESKEPe_W45,RACE,Asian,[0.06742729 0.42146056 0.35657993 0.15453222],0.0
401,SOURCESKEPe_W45,RACE,Black,[0.10805322 0.3889747  0.3252261  0.17774597],0.006647355215557099
402,SOURCESKEPe_W45,RACE,Hispanic,[0.06815211 0.41293334 0.39041047 0.12850408],0.014823653169042416
403,SOURCESKEPe_W45,RACE,Other,[0.03993197 0.25669201 0.41751764 0.28585838],0.0
404,SOURCESKEPe_W45,RACE,White,[0.02499077 0.29833017 0.4060558  0.27062327],0.011095080448974642
405,INFOWHYc_W45,RACE,Asian,[0.44505716 0.45494869 0.09999414],0.005439784204001706
406,INFOWHYc_W45,RACE,Black,[0.52548265 0.30230603 0.17221132],0.005163516479133673
407,INFOWHYc_W45,RACE,Hispanic,[0.61292667 0.31969558 0.06737775],0.027272903540787288
408,INFOWHYc_W45,RACE,Other,[0.50025875 0.33882766 0.16091359],0.0
409,INFOWHYc_W45,RACE,White,[0.47609185 0.41996279 0.10394536],0.004983547647875483
410,MADEUPTOPICc_W45,RACE,Asian,[0.13643991 0.47981268 0.38374741 0.        ],0.005086778124814539
411,MADEUPTOPICc_W45,RACE,Black,[0.2075637  0.48985368 0.30258262 0.        ],0.0
412,MADEUPTOPICc_W45,RACE,Hispanic,[0.26476248 0.45100712 0.2842304  0.        ],0.008047880085538828
413,MADEUPTOPICc_W45,RACE,Other,[0.14097682 0.58038481 0.27863837 0.        ],0.0
414,MADEUPTOPICc_W45,RACE,White,[0.16898542 0.53038708 0.30062751 0.        ],0.004164677851549222
415,MADEUPTOPICd_W45,RACE,Asian,[0.26792473 0.52631791 0.20575736 0.        ],0.0
416,MADEUPTOPICd_W45,RACE,Black,[0.33929583 0.47833451 0.18236966 0.        ],0.005562794435845453
417,MADEUPTOPICd_W45,RACE,Hispanic,[0.27386556 0.5757641  0.15037034 0.        ],0.0016652392869243042
418,MADEUPTOPICd_W45,RACE,Other,[0.40498646 0.36793151 0.22708203 0.        ],0.0
419,MADEUPTOPICd_W45,RACE,White,[0.26969328 0.53465507 0.19565165 0.        ],0.006191888464443988
420,INFOCREATEb_W45,RACE,Asian,[0.54727151 0.42734376 0.02538473 0.        ],0.0
421,INFOCREATEb_W45,RACE,Black,[0.59467384 0.3413793  0.06394686 0.        ],0.0027928932627226412
422,INFOCREATEb_W45,RACE,Hispanic,[0.56239887 0.38670221 0.05089892 0.        ],0.024084660863064704
423,INFOCREATEb_W45,RACE,Other,[0.72951952 0.2409481  0.02953238 0.        ],0.0
424,INFOCREATEb_W45,RACE,White,[0.5886914  0.35968683 0.05162177 0.        ],0.005096838363333002
425,SNSUSE_W45,RACE,Asian,[0.82539485 0.17460515],0.0
426,SNSUSE_W45,RACE,Black,[0.72399384 0.27600616],0.007947960523367076
427,SNSUSE_W45,RACE,Hispanic,[0.77441414 0.22558586],0.00775018873644793
428,SNSUSE_W45,RACE,Other,[0.79271165 0.20728835],0.0
429,SNSUSE_W45,RACE,White,[0.74775037 0.25224963],0.00286693405889158
430,MEDIALOYAL3_W45,RACE,Asian,[0.3666997 0.6333003],0.008630047501815985
431,MEDIALOYAL3_W45,RACE,Black,[0.46475077 0.53524923],0.008164790926211045
432,MEDIALOYAL3_W45,RACE,Hispanic,[0.32817485 0.67182515],0.023842253667759744
433,MEDIALOYAL3_W45,RACE,Other,[0.35563299 0.64436701],0.0
434,MEDIALOYAL3_W45,RACE,White,[0.39223711 0.60776289],0.004800169441463613
435,MADEUPRESc_W45,RACE,Asian,[0.67711562 0.32288438],0.008854801322118579
436,MADEUPRESc_W45,RACE,Black,[0.74100278 0.25899722],0.007336097960637531
437,MADEUPRESc_W45,RACE,Hispanic,[0.7100162 0.2899838],0.0008963680384052212
438,MADEUPRESc_W45,RACE,Other,[0.70854787 0.29145213],0.02164747927593822
439,MADEUPRESc_W45,RACE,White,[0.80044134 0.19955866],0.0078374813012176
440,SMLIKESc_W45,RACE,Asian,[0.36044861 0.47485674 0.16469466],0.017180659527081598
441,SMLIKESc_W45,RACE,Black,[0.35408986 0.42485271 0.22105743],0.00835383677913409
442,SMLIKESc_W45,RACE,Hispanic,[0.31809302 0.47142777 0.21047921],0.01967942159928923
443,SMLIKESc_W45,RACE,Other,[0.32509084 0.22260445 0.4523047 ],0.0
444,SMLIKESc_W45,RACE,White,[0.36368594 0.38838881 0.24792524],0.011775148058676589
445,LEAD_W45,RACE,Asian,[0.66685752 0.33314248],0.0
446,LEAD_W45,RACE,Black,[0.72811552 0.27188448],0.011458482725157945
447,LEAD_W45,RACE,Hispanic,[0.7102256 0.2897744],0.005943815595131396
448,LEAD_W45,RACE,Other,[0.7660967 0.2339033],0.008975012303742634
449,LEAD_W45,RACE,White,[0.70208323 0.29791677],0.01562126938197494
450,INFOKNOWc_W45,RACE,Asian,[0.3305969 0.6694031],0.0
451,INFOKNOWc_W45,RACE,Black,[0.50917424 0.49082576],0.013282632771583664
452,INFOKNOWc_W45,RACE,Hispanic,[0.58747267 0.41252733],0.017124220223557352
453,INFOKNOWc_W45,RACE,Other,[0.47160402 0.52839598],0.0
454,INFOKNOWc_W45,RACE,White,[0.44490391 0.55509609],0.009496327334250026
455,MADEUPIMPa_W45,RACE,Asian,[0.60269381 0.31337501 0.0408126  0.04311858],0.0
456,MADEUPIMPa_W45,RACE,Black,[0.5852293  0.25307145 0.11011516 0.05158409],0.002625208358843753
457,MADEUPIMPa_W45,RACE,Hispanic,[0.5650626  0.3255173  0.09335554 0.01606456],0.00881813682448237
458,MADEUPIMPa_W45,RACE,Other,[0.55055137 0.22112382 0.04572392 0.18260089],0.0
459,MADEUPIMPa_W45,RACE,White,[0.71607759 0.22965492 0.04078843 0.01347906],0.005324510148287663
460,INFORESTRICTa_W45,RACE,Asian,[0.17604057 0.82395943],0.0
461,INFORESTRICTa_W45,RACE,Black,[0.2355799 0.7644201],0.0039027658925673927
462,INFORESTRICTa_W45,RACE,Hispanic,[0.23577247 0.76422753],0.00862224931001161
463,INFORESTRICTa_W45,RACE,Other,[0.17880337 0.82119663],0.05568508349365273
464,INFORESTRICTa_W45,RACE,White,[0.19939969 0.80060031],0.009196362890464122
465,MADEUPRESe_W45,RACE,Asian,[0.4863152 0.5136848],0.012173593010634497
466,MADEUPRESe_W45,RACE,Black,[0.48745898 0.51254102],0.0032331705755127395
467,MADEUPRESe_W45,RACE,Hispanic,[0.53612302 0.46387698],0.012466637545274899
468,MADEUPRESe_W45,RACE,Other,[0.36524023 0.63475977],0.0
469,MADEUPRESe_W45,RACE,White,[0.53881807 0.46118193],0.015386337951310133
470,SOURCESKEPd_W45,RACE,Asian,[0.16282614 0.65298859 0.15714934 0.02703593],0.0
471,SOURCESKEPd_W45,RACE,Black,[0.15336827 0.6414242  0.16826508 0.03694245],0.0036735748349777404
472,SOURCESKEPd_W45,RACE,Hispanic,[0.1645746  0.61943719 0.16551134 0.05047687],0.0009624568261759215
473,SOURCESKEPd_W45,RACE,Other,[0.1400045  0.5606529  0.14174935 0.15759325],0.0
474,SOURCESKEPd_W45,RACE,White,[0.1447447  0.65298804 0.17711016 0.0251571 ],0.002529058954056655
