,qkey,attribute,group,D_H,R_H
0,AVGFAM_W41,Overall,Overall,[0.20427332 0.35100444 0.44472224],0.0036267929018295444
1,HARASS5_W41,Overall,Overall,[0.13910126 0.36291393 0.49798481],0.0016444136567703373
2,GOVPRIOmF2_W41,Overall,Overall,[0.47843824 0.38501686 0.09260002 0.04394488],0.008442243326877402
3,SOLVPROBg_W41,Overall,Overall,[0.21618672 0.51304829 0.18972396 0.08104103],0.017599168246824972
4,HARASS1F1a_W41,Overall,Overall,[0.46441461 0.41135239 0.124233  ],0.0078061986253999275
5,ROBWRK2_W41,Overall,Overall,[0.06639791 0.2440584  0.40326098 0.28628271],0.002719431731726201
6,ROBWRK_W41,Overall,Overall,[0.29996384 0.52448358 0.1603405  0.01521207],0.0028058695247677296
7,GOVPRIOnF2_W41,Overall,Overall,[0.14538056 0.2919818  0.1793878  0.38324985],0.007951948739977224
8,HARASS1NOWRKF2c_W41,Overall,Overall,[0.69280225 0.26757194 0.03962581],0.002989413334507651
9,HAPPENd_W41,Overall,Overall,[0.34290534 0.65709466],0.09221361400536919
10,GOVPRIOd_W41,Overall,Overall,[0.33886735 0.47986393 0.15726177 0.02400695],0.002132153097310003
11,HAPPEN2f_W41,Overall,Overall,[0.12693096 0.53222363 0.28177131 0.0590741 ],0.009419197517411314
12,FUTRCLASSb_W41,Overall,Overall,[0.27672027 0.46089468 0.26238506],0.004396529766411071
13,NATDEBT_W41,Overall,Overall,[0.63394143 0.20720492 0.13965209 0.01920155],0.0028201730544824962
14,AGEMAJ_W41,Overall,Overall,[0.03955179 0.12913766 0.42635646 0.14216534 0.26278876],0.00933918761031924
15,HAPPENe_W41,Overall,Overall,[0.79326939 0.20673061],0.07714467163521316
16,ROBIMPACTb_W41,Overall,Overall,[0.33761569 0.66238431],0.009800242014084002
17,HARASS1NOWRKF2d_W41,Overall,Overall,[0.60231908 0.31519572 0.0824852 ],0.007317562531854462
18,HARASS1F1c_W41,Overall,Overall,[0.64045845 0.29930119 0.06024036],0.007019526068317559
19,HAPPENf_W41,Overall,Overall,[0.42373553 0.57626447],0.09276441384602004
20,FTRWORRYe_W41,Overall,Overall,[0.42567185 0.33959594 0.18772832 0.04700389],0.0006817327058254122
21,GOVPRIOjF1_W41,Overall,Overall,[0.39149374 0.36197155 0.16759207 0.07894264],0.0
22,SOLVPROBh_W41,Overall,Overall,[0.24076547 0.51029001 0.16301334 0.08593118],0.012782219618764908
23,GOVPRIOhF1_W41,Overall,Overall,[0.20240037 0.23007714 0.17217159 0.3953509 ],0.002718499287229309
24,FTRWORRYb_W41,Overall,Overall,[0.39904038 0.3739045  0.18921125 0.03784387],0.0036955036465206445
25,ROBIMPACTa_W41,Overall,Overall,[0.77243495 0.22756505],0.010762541162184128
26,FTRWORRYf_W41,Overall,Overall,[0.41530427 0.27964046 0.20589825 0.09915703],0.002772127547350865
27,GOVPRIOfF1_W41,Overall,Overall,[0.23408958 0.31979087 0.23135424 0.2147653 ],0.006405508721947622
28,GOVPRIOb_W41,Overall,Overall,[0.54017965 0.32956455 0.08187376 0.04838204],0.0028838889183098776
29,SOLVPROBc_W41,Overall,Overall,[0.149504   0.44654463 0.26206578 0.1418856 ],0.018298607344805727
30,FUTRCLASSa_W41,Overall,Overall,[0.3334318 0.2245351 0.4420331],0.004068209080237691
31,GOVPRIOkF2_W41,Overall,Overall,[0.22992101 0.39779192 0.20442218 0.16786489],0.007899654214579463
32,HAPPENb_W41,Overall,Overall,[0.37141743 0.62858257],0.08521495359616385
33,HAPPENhF1_W41,Overall,Overall,[0.37506426 0.62493574],0.08424536861147294
34,ELDCARE_W41,Overall,Overall,[0.27492369 0.72507631],0.007223569440426067
35,JOBSECURITY_W41,Overall,Overall,[0.13855843 0.49797661 0.36346497],0.008663550636348041
36,GOVPRIOlF2_W41,Overall,Overall,[0.17242617 0.39868216 0.31572684 0.11316483],0.004475703546645407
37,FUTR_K_W41,Overall,Overall,[0.09908418 0.46137989 0.43953593],0.010796754484490056
38,WRKTRN1F1_W41,Overall,Overall,[0.10854934 0.11065123 0.39150179 0.38929764],0.0011134304906452563
39,FTRWORRYc_W41,Overall,Overall,[0.49618137 0.37333172 0.10746532 0.02302158],0.006368454225329321
40,HAPPEN2e_W41,Overall,Overall,[0.30568244 0.56298113 0.10927094 0.02206549],0.0031327912498079835
41,SOLVPROBb_W41,Overall,Overall,[0.09228493 0.42115537 0.32668801 0.1598717 ],0.01527219872716911
42,HARASS3F1_W41,Overall,Overall,[0.13009662 0.54756515 0.32233823],0.007420271447062953
43,SOLVPROBeF2_W41,Overall,Overall,[0.11662168 0.5336582  0.27060367 0.07911645],0.018849320470251403
44,FUTR_ABR_W41,Overall,Overall,[0.21979154 0.56014708 0.16657457 0.05348681],0.015378877744562341
45,GOVPRIOiF1_W41,Overall,Overall,[0.35603215 0.51751724 0.11735123 0.00909939],0.0
46,HAPPENj_W41,Overall,Overall,[0.71263648 0.28736352],0.0946477981321568
47,AUTOWKPLC_W41,Overall,Overall,[0.22424065 0.48879069 0.28696866],0.009262806508496589
48,WRKTRN1F2_W41,Overall,Overall,[0.09673942 0.04631267 0.53539785 0.32155007],0.006276270588887045
49,HARASS1F1d_W41,Overall,Overall,[0.60016702 0.32149137 0.07834161],0.007477730140453657
50,HAPPEN2g_W41,Overall,Overall,[0.33730949 0.49743611 0.13356219 0.03169221],0.0033206623796419453
51,FTRWORRYd_W41,Overall,Overall,[0.47874101 0.39476734 0.10475095 0.0217407 ],0.0027037146120100037
52,GOVPRIOe_W41,Overall,Overall,[0.43729979 0.36556388 0.14245825 0.05467807],0.0035319942063856205
53,HAPPENa_W41,Overall,Overall,[0.41300534 0.58699466],0.08272623411378978
54,SOLVPROBdF1_W41,Overall,Overall,[0.07231068 0.36976152 0.36174898 0.19617883],0.009138593816122195
55,HAPPEN2a_W41,Overall,Overall,[0.11872573 0.48552052 0.35376426 0.04198949],0.008952071151483306
56,HAPPEN2h_W41,Overall,Overall,[0.06789222 0.3233767  0.51902441 0.08970666],0.009585870024899752
57,SSCUT_W41,Overall,Overall,[0.25256682 0.74743318],0.008350005272401314
58,FUTR_DIV_W41,Overall,Overall,[0.29223303 0.11722415 0.59054281],0.012493182338930752
59,ELDFINANCEF1_W41,Overall,Overall,[0.35578376 0.28149938 0.36271685],0.006980426549174454
60,ENVC_W41,Overall,Overall,[0.15858908 0.58866761 0.25274331],0.0028813178105444206
61,GOVPRIOa_W41,Overall,Overall,[0.49246479 0.41505779 0.08330522 0.0091722 ],0.0052076362286947375
62,ELDFINANCEF2_W41,Overall,Overall,[0.14716245 0.56529457 0.28754298],0.024553554059820203
63,HAPPENg_W41,Overall,Overall,[0.5430651 0.4569349],0.08824121677976719
64,OPTIMIST_W41,Overall,Overall,[0.11740465 0.43909561 0.3130534  0.13044635],0.0024288373944183444
65,JOBBENEFITS_W41,Overall,Overall,[0.2252037  0.41188593 0.36291038],0.006675119651360027
66,AUTOLKLY_W41,Overall,Overall,[0.1149896  0.25452948 0.38445618 0.24602473],0.004635370385469076
67,SOLVPROBa_W41,Overall,Overall,[0.43371077 0.44791824 0.0833135  0.03505749],0.017081613905500677
68,SOLVPROBi_W41,Overall,Overall,[0.25020885 0.53356996 0.17113    0.04509119],0.013284328210723095
69,HAPPEN2b_W41,Overall,Overall,[0.20959757 0.46470108 0.28685263 0.03884872],0.004816229704209033
70,HAPPEN2c_W41,Overall,Overall,[0.08629294 0.5092047  0.36257681 0.04192555],0.009628003966262748
71,INTRMAR_W41,Overall,Overall,[0.30131169 0.19044983 0.07171068 0.03459451 0.4019333 ],0.007474572325133369
72,FUTR_M_W41,Overall,Overall,[0.071508   0.53015786 0.39833415],0.009389078694352617
73,SSMONEY_W41,Overall,Overall,[0.1578165  0.41977577 0.42240774],0.009252996342349218
74,GOVPRIOoF2_W41,Overall,Overall,[0.48361534 0.28098955 0.16318594 0.07220917],0.0036408190340877686
75,HAPPENiF2_W41,Overall,Overall,[0.45657754 0.54342246],0.08710077322158055
76,HARASS1F1b_W41,Overall,Overall,[0.50748432 0.35183718 0.14067851],0.006888693148136961
77,FUTRCLASSc_W41,Overall,Overall,[0.6260881  0.17987301 0.19403889],0.0037799762692228693
78,LEGALIMG_W41,Overall,Overall,[0.27414918 0.50228504 0.22356577],0.009769673650177444
79,HARASS4_W41,Overall,Overall,[0.51846194 0.48153806],0.005528041170177135
80,ETHNCMAJMOD_W41,Overall,Overall,[0.16802739 0.18282013 0.15241118 0.07726344 0.41947786],0.006081652609203567
81,SOLVPROBf_W41,Overall,Overall,[0.10970251 0.31830967 0.31187777 0.26011005],0.013980531838775156
82,HAPPENc_W41,Overall,Overall,[0.55815122 0.44184878],0.09261341208726381
83,FTRWORRYa_W41,Overall,Overall,[0.2879685  0.45439652 0.2259007  0.03173428],0.005034615644146066
84,HAPPEN2d_W41,Overall,Overall,[0.12761336 0.41234106 0.38122792 0.07881767],0.009334929997363607
85,POPPROB_W41,Overall,Overall,[0.45417245 0.36107671 0.18475084],0.004316775815499664
86,GOVPRIOc_W41,Overall,Overall,[0.68327803 0.20079567 0.06849904 0.04742725],0.001560135855232823
87,GOVPRIOgF1_W41,Overall,Overall,[0.37665558 0.28925084 0.23635655 0.09773703],0.002314026292368991
88,HARASS3NOWRKF2_W41,Overall,Overall,[0.12544784 0.54984884 0.32470333],0.007008101974105799
89,HARASS1NOWRKF2a_W41,Overall,Overall,[0.48857233 0.4137292  0.09769848],0.0022423387947430136
0,AVGFAM_W41,CREGION,Midwest,[0.19198738 0.33751806 0.47049456],0.008078455367343793
1,AVGFAM_W41,CREGION,Northeast,[0.18737713 0.37613468 0.43648819],0.006054670062522088
2,AVGFAM_W41,CREGION,South,[0.21738752 0.35431746 0.42829502],0.0022283003429568278
3,AVGFAM_W41,CREGION,West,[0.20706504 0.33851005 0.45442491],0.0
4,HARASS5_W41,CREGION,Midwest,[0.16416795 0.32451093 0.51132112],0.0
5,HARASS5_W41,CREGION,Northeast,[0.11135118 0.37190254 0.51674627],0.0019356913371243885
6,HARASS5_W41,CREGION,South,[0.15205055 0.36190662 0.48604283],0.0034402837291571792
7,HARASS5_W41,CREGION,West,[0.1177214  0.39213071 0.49014789],0.0
8,GOVPRIOmF2_W41,CREGION,Midwest,[0.4199419  0.40464583 0.13297579 0.04243648],0.011412856219974432
9,GOVPRIOmF2_W41,CREGION,Northeast,[0.44028464 0.41784398 0.091528   0.05034338],0.002207470723226789
10,GOVPRIOmF2_W41,CREGION,South,[0.5189274  0.33938681 0.09378293 0.04790286],0.013779053767660579
11,GOVPRIOmF2_W41,CREGION,West,[0.49527583 0.41491205 0.05566445 0.03414767],0.001962505427824782
12,SOLVPROBg_W41,CREGION,Midwest,[0.216687   0.51018314 0.19636784 0.07676201],0.015928078169444092
13,SOLVPROBg_W41,CREGION,Northeast,[0.17884795 0.55529235 0.16870143 0.09715827],0.02193133085982391
14,SOLVPROBg_W41,CREGION,South,[0.25908477 0.51022927 0.1639848  0.06670116],0.019891406514146035
15,SOLVPROBg_W41,CREGION,West,[0.17546699 0.48794841 0.24100714 0.09557746],0.012070875441763001
16,HARASS1F1a_W41,CREGION,Midwest,[0.43531768 0.45549823 0.10918409],0.0012572330745015076
17,HARASS1F1a_W41,CREGION,Northeast,[0.4969875  0.40864851 0.09436399],0.01579574732797665
18,HARASS1F1a_W41,CREGION,South,[0.48178543 0.41271257 0.105502  ],0.011961713139626268
19,HARASS1F1a_W41,CREGION,West,[0.43786938 0.37119008 0.19094054],0.0007645000803617854
20,ROBWRK2_W41,CREGION,Midwest,[0.05104728 0.24197237 0.41179396 0.2951864 ],0.0039458457602972175
21,ROBWRK2_W41,CREGION,Northeast,[0.07390082 0.2117137  0.44287231 0.27151317],0.0009258140658374929
22,ROBWRK2_W41,CREGION,South,[0.06079494 0.24755537 0.3936625  0.29798719],0.0020100610482117064
23,ROBWRK2_W41,CREGION,West,[0.08369936 0.26536966 0.38086208 0.2700689 ],0.004232256576682965
24,ROBWRK_W41,CREGION,Midwest,[0.28466701 0.51312033 0.18235219 0.01986047],0.0014055125130156012
25,ROBWRK_W41,CREGION,Northeast,[0.32467489 0.49618149 0.1704246  0.00871903],0.0007269762224383084
26,ROBWRK_W41,CREGION,South,[0.29870911 0.55333912 0.13916836 0.00878341],0.006316794555287838
27,ROBWRK_W41,CREGION,West,[0.29675238 0.51018821 0.16672581 0.02633361],0.0
28,GOVPRIOnF2_W41,CREGION,Midwest,[0.14788147 0.25564399 0.15745763 0.43901691],0.004658278344800379
29,GOVPRIOnF2_W41,CREGION,Northeast,[0.12306817 0.22711351 0.15850359 0.49131474],0.002207470723226789
30,GOVPRIOnF2_W41,CREGION,South,[0.18137204 0.30289886 0.21464339 0.30108571],0.010390201460316792
31,GOVPRIOnF2_W41,CREGION,West,[0.10248228 0.35707849 0.15863905 0.38180018],0.011366532194174939
32,HARASS1NOWRKF2c_W41,CREGION,Midwest,[0.67051411 0.29173247 0.03775342],0.008662299799941861
33,HARASS1NOWRKF2c_W41,CREGION,Northeast,[0.65321524 0.31263233 0.03415243],0.0
34,HARASS1NOWRKF2c_W41,CREGION,South,[0.69564275 0.2524467  0.05191055],0.0
35,HARASS1NOWRKF2c_W41,CREGION,West,[0.73840771 0.23590576 0.02568652],0.004968017381885575
36,HAPPENd_W41,CREGION,Midwest,[0.36720489 0.63279511],0.07001132432186107
37,HAPPENd_W41,CREGION,Northeast,[0.33359285 0.66640715],0.0932847208627894
38,HAPPENd_W41,CREGION,South,[0.36653241 0.63346759],0.10504183049471494
39,HAPPENd_W41,CREGION,West,[0.29007943 0.70992057],0.09070536066773756
40,GOVPRIOd_W41,CREGION,Midwest,[0.30837764 0.49320337 0.16036406 0.03805494],0.005200964452718368
41,GOVPRIOd_W41,CREGION,Northeast,[0.35286546 0.51448909 0.10415785 0.0284876 ],0.0024513702696958937
42,GOVPRIOd_W41,CREGION,South,[0.35118106 0.45443365 0.1713422  0.02304308],0.0
43,GOVPRIOd_W41,CREGION,West,[0.33559191 0.48237687 0.17255364 0.00947759],0.002560728485063937
44,HAPPEN2f_W41,CREGION,Midwest,[0.0947841  0.58866409 0.26968831 0.0468635 ],0.009672882842672105
45,HAPPEN2f_W41,CREGION,Northeast,[0.11548708 0.53447443 0.28541194 0.06462655],0.019219699092596184
46,HAPPEN2f_W41,CREGION,South,[0.12722231 0.51224853 0.29224218 0.06828698],0.003956690414562297
47,HAPPEN2f_W41,CREGION,West,[0.16421429 0.51201245 0.27288451 0.05088874],0.010467659870624719
48,FUTRCLASSb_W41,CREGION,Midwest,[0.26764982 0.45839288 0.27395731],0.004429425422799861
49,FUTRCLASSb_W41,CREGION,Northeast,[0.26471431 0.47471813 0.26056756],0.010743064332268855
50,FUTRCLASSb_W41,CREGION,South,[0.3156489  0.40780211 0.27654899],0.001106303766575777
51,FUTRCLASSb_W41,CREGION,West,[0.23099788 0.53862747 0.23037466],0.004794936342520877
52,NATDEBT_W41,CREGION,Midwest,[0.61889783 0.23181047 0.13256769 0.016724  ],0.0017984579412733369
53,NATDEBT_W41,CREGION,Northeast,[0.63492261 0.19732217 0.14619807 0.02155716],0.005156387846171762
54,NATDEBT_W41,CREGION,South,[0.63174286 0.19442864 0.14965315 0.02417535],0.004023908632402507
55,NATDEBT_W41,CREGION,West,[0.6502741  0.21316111 0.12493509 0.0116297 ],0.0
56,AGEMAJ_W41,CREGION,Midwest,[0.02648391 0.1390565  0.44500615 0.12573696 0.26371647],0.004975130397758177
57,AGEMAJ_W41,CREGION,Northeast,[0.02959147 0.12542692 0.41796128 0.16323075 0.26378959],0.016789058498505566
58,AGEMAJ_W41,CREGION,South,[0.05056941 0.1410516  0.41204672 0.1358018  0.26053047],0.012681908312200453
59,AGEMAJ_W41,CREGION,West,[0.04125898 0.10399307 0.43880846 0.15113622 0.26480327],0.0021444923747433904
60,HAPPENe_W41,CREGION,Midwest,[0.79362184 0.20637816],0.06282618382726755
61,HAPPENe_W41,CREGION,Northeast,[0.82446541 0.17553459],0.10256390055604346
62,HAPPENe_W41,CREGION,South,[0.78079985 0.21920015],0.08421822696805939
63,HAPPENe_W41,CREGION,West,[0.78964848 0.21035152],0.05907536004701403
64,ROBIMPACTb_W41,CREGION,Midwest,[0.3141203 0.6858797],0.009608355713825612
65,ROBIMPACTb_W41,CREGION,Northeast,[0.31937065 0.68062935],0.008400629473244776
66,ROBIMPACTb_W41,CREGION,South,[0.35493568 0.64506432],0.009041581059773996
67,ROBIMPACTb_W41,CREGION,West,[0.34490926 0.65509074],0.01227572771104067
68,HARASS1NOWRKF2d_W41,CREGION,Midwest,[0.53208231 0.37129442 0.09662327],0.01563233378890061
69,HARASS1NOWRKF2d_W41,CREGION,Northeast,[0.63597076 0.29766936 0.06635987],0.009444674572247545
70,HARASS1NOWRKF2d_W41,CREGION,South,[0.60633054 0.29120673 0.10246273],0.0011941107579730196
71,HARASS1NOWRKF2d_W41,CREGION,West,[0.6328053  0.31730203 0.04989267],0.008059638850411346
72,HARASS1F1c_W41,CREGION,Midwest,[0.62836767 0.32976323 0.04186909],0.0
73,HARASS1F1c_W41,CREGION,Northeast,[0.65733363 0.28057176 0.06209461],0.008670089012897755
74,HARASS1F1c_W41,CREGION,South,[0.60734861 0.32122286 0.07142853],0.011961713139626268
75,HARASS1F1c_W41,CREGION,West,[0.69182266 0.25068835 0.05748899],0.004064949138466974
76,HAPPENf_W41,CREGION,Midwest,[0.40311497 0.59688503],0.07179904953357093
77,HAPPENf_W41,CREGION,Northeast,[0.4291561 0.5708439],0.08089360591712279
78,HAPPENf_W41,CREGION,South,[0.43260764 0.56739236],0.10351039414640452
79,HAPPENf_W41,CREGION,West,[0.42439352 0.57560648],0.10346399801230277
80,FTRWORRYe_W41,CREGION,Midwest,[0.41177198 0.35126208 0.18409503 0.05287091],0.0012565607579076126
81,FTRWORRYe_W41,CREGION,Northeast,[0.41296587 0.39144701 0.14919909 0.04638803],0.0011223557328836826
82,FTRWORRYe_W41,CREGION,South,[0.45892405 0.31254067 0.19293597 0.0355993 ],0.0005727216274052058
83,FTRWORRYe_W41,CREGION,West,[0.39430091 0.33288236 0.21222047 0.06059627],0.0
84,GOVPRIOjF1_W41,CREGION,Midwest,[0.33709428 0.43886748 0.15467013 0.06936811],0.0
85,GOVPRIOjF1_W41,CREGION,Northeast,[0.37589423 0.36459852 0.18414305 0.0753642 ],0.0
86,GOVPRIOjF1_W41,CREGION,South,[0.43799895 0.33009069 0.17614499 0.05576536],0.0
87,GOVPRIOjF1_W41,CREGION,West,[0.37737373 0.34199117 0.15250977 0.12812533],0.0
88,SOLVPROBh_W41,CREGION,Midwest,[0.22630366 0.5318796  0.15409603 0.0877207 ],0.008259003043056852
89,SOLVPROBh_W41,CREGION,Northeast,[0.22845119 0.52441235 0.18206639 0.06507007],0.021877347382770158
90,SOLVPROBh_W41,CREGION,South,[0.24012148 0.49561723 0.17029585 0.09396544],0.015437693766845619
91,SOLVPROBh_W41,CREGION,West,[0.26413036 0.50363098 0.14496903 0.08726964],0.005574520701753252
92,GOVPRIOhF1_W41,CREGION,Midwest,[0.18159033 0.26793322 0.14214352 0.40833293],0.002735403610320262
93,GOVPRIOhF1_W41,CREGION,Northeast,[0.2129983  0.25154445 0.19459519 0.34086206],0.001193012214319109
94,GOVPRIOhF1_W41,CREGION,South,[0.19987217 0.23030065 0.18623408 0.3835931 ],0.005110940597021912
95,GOVPRIOhF1_W41,CREGION,West,[0.21708021 0.17874013 0.15914011 0.44503955],0.0
96,FTRWORRYb_W41,CREGION,Midwest,[0.3668389  0.39933869 0.19045162 0.04337079],0.0030876113306364424
97,FTRWORRYb_W41,CREGION,Northeast,[0.37258159 0.34116019 0.23019923 0.05605898],0.003749197299525928
98,FTRWORRYb_W41,CREGION,South,[0.41560443 0.35618839 0.18866722 0.03953996],0.0014797789180657807
99,FTRWORRYb_W41,CREGION,West,[0.42176102 0.40494431 0.15729421 0.01600045],0.0077805538008681304
100,ROBIMPACTa_W41,CREGION,Midwest,[0.77161654 0.22838346],0.006078053874559844
101,ROBIMPACTa_W41,CREGION,Northeast,[0.80831804 0.19168196],0.01752321695568659
102,ROBIMPACTa_W41,CREGION,South,[0.74545303 0.25454697],0.008500738335490676
103,ROBIMPACTa_W41,CREGION,West,[0.7894621 0.2105379],0.013437551941562913
104,FTRWORRYf_W41,CREGION,Midwest,[0.3882965  0.25364754 0.25380568 0.10425028],0.0040064953651495665
105,FTRWORRYf_W41,CREGION,Northeast,[0.50089981 0.24308977 0.16433292 0.0916775 ],0.003674453991022925
106,FTRWORRYf_W41,CREGION,South,[0.35187569 0.31145962 0.22043829 0.11622639],0.0014009087066524076
107,FTRWORRYf_W41,CREGION,West,[0.47640685 0.2797182  0.17116771 0.07270723],0.0031781810471945243
108,GOVPRIOfF1_W41,CREGION,Midwest,[0.22716152 0.24932514 0.27262782 0.25088552],0.002620577773873643
109,GOVPRIOfF1_W41,CREGION,Northeast,[0.26957413 0.34992088 0.21335478 0.16715021],0.0020869271857530095
110,GOVPRIOfF1_W41,CREGION,South,[0.22531705 0.33020967 0.21522958 0.22924371],0.010172812259222497
111,GOVPRIOfF1_W41,CREGION,West,[0.22684165 0.34354392 0.23396949 0.19564494],0.007077785641679651
112,GOVPRIOb_W41,CREGION,Midwest,[0.50865058 0.35561448 0.09900741 0.03672754],0.007455633854127444
113,GOVPRIOb_W41,CREGION,Northeast,[0.49964896 0.3704945  0.057445   0.07241154],0.0014255102439262614
114,GOVPRIOb_W41,CREGION,South,[0.55772462 0.30655251 0.08611459 0.04960829],0.0028106557318094624
115,GOVPRIOb_W41,CREGION,West,[0.57131359 0.31183356 0.07847819 0.03837466],0.0
116,SOLVPROBc_W41,CREGION,Midwest,[0.15595931 0.44449012 0.28117333 0.11837724],0.01654529448822949
117,SOLVPROBc_W41,CREGION,Northeast,[0.10590907 0.48340714 0.28751077 0.12317302],0.02822498320363006
118,SOLVPROBc_W41,CREGION,South,[0.19114541 0.46473273 0.21917789 0.12494397],0.018114856412151804
119,SOLVPROBc_W41,CREGION,West,[0.10986329 0.39126422 0.29448665 0.20438585],0.012536822839828187
120,FUTRCLASSa_W41,CREGION,Midwest,[0.3236538  0.22554978 0.45079643],0.0042197346520670784
121,FUTRCLASSa_W41,CREGION,Northeast,[0.27697043 0.2235182  0.49951138],0.0027915376281961043
122,FUTRCLASSa_W41,CREGION,South,[0.37361038 0.21717115 0.40921848],0.004502041917735401
123,FUTRCLASSa_W41,CREGION,West,[0.32091284 0.23629129 0.44279587],0.004213609202972592
124,GOVPRIOkF2_W41,CREGION,Midwest,[0.22523045 0.34894931 0.23602825 0.18979199],0.0144297633351525
125,GOVPRIOkF2_W41,CREGION,Northeast,[0.17647486 0.44012349 0.19025678 0.19314487],0.022786806750409658
126,GOVPRIOkF2_W41,CREGION,South,[0.29887261 0.38982134 0.2004999  0.11080615],0.0
127,GOVPRIOkF2_W41,CREGION,West,[0.16300647 0.42237139 0.19326021 0.22136192],0.0033845139595864724
128,HAPPENb_W41,CREGION,Midwest,[0.36913716 0.63086284],0.08279646984498863
129,HAPPENb_W41,CREGION,Northeast,[0.37072785 0.62927215],0.10382455624558766
130,HAPPENb_W41,CREGION,South,[0.39122605 0.60877395],0.08838322619424051
131,HAPPENb_W41,CREGION,West,[0.34266649 0.65733351],0.06795697137929156
132,HAPPENhF1_W41,CREGION,Midwest,[0.31676854 0.68323146],0.046954117930586195
133,HAPPENhF1_W41,CREGION,Northeast,[0.32320854 0.67679146],0.07595903165233399
134,HAPPENhF1_W41,CREGION,South,[0.37690837 0.62309163],0.10124859905230178
135,HAPPENhF1_W41,CREGION,West,[0.46926318 0.53073682],0.0968904204778116
136,ELDCARE_W41,CREGION,Midwest,[0.24448789 0.75551211],0.006881011285836708
137,ELDCARE_W41,CREGION,Northeast,[0.2471759 0.7528241],0.021249813316218294
138,ELDCARE_W41,CREGION,South,[0.32642686 0.67357314],0.0003220667552336083
139,ELDCARE_W41,CREGION,West,[0.23967999 0.76032001],0.007881080561018172
140,JOBSECURITY_W41,CREGION,Midwest,[0.13075032 0.4777916  0.39145808],0.007890896207795003
141,JOBSECURITY_W41,CREGION,Northeast,[0.13003679 0.53174237 0.33822083],0.00030315451104257884
142,JOBSECURITY_W41,CREGION,South,[0.13945471 0.47574175 0.38480354],0.008483460719825378
143,JOBSECURITY_W41,CREGION,West,[0.15086749 0.52611496 0.32301754],0.016086470558469818
144,GOVPRIOlF2_W41,CREGION,Midwest,[0.14866538 0.38992818 0.33595402 0.12545242],0.0030169071151780664
145,GOVPRIOlF2_W41,CREGION,Northeast,[0.15969146 0.40960904 0.29637562 0.13432387],0.009545432153458138
146,GOVPRIOlF2_W41,CREGION,South,[0.19247804 0.38291605 0.31336148 0.11124443],0.005678001810173107
147,GOVPRIOlF2_W41,CREGION,West,[0.17130064 0.42341621 0.31598752 0.08929563],0.0
148,FUTR_K_W41,CREGION,Midwest,[0.07773477 0.46688864 0.4553766 ],0.006050216316100081
149,FUTR_K_W41,CREGION,Northeast,[0.09632257 0.50649316 0.39718426],0.01744934931229233
150,FUTR_K_W41,CREGION,South,[0.12600267 0.42650109 0.44749624],0.006096969890163994
151,FUTR_K_W41,CREGION,West,[0.07672266 0.47860284 0.4446745 ],0.01754777022073383
152,WRKTRN1F1_W41,CREGION,Midwest,[0.10497269 0.14602116 0.35171704 0.39728911],0.003735383093983412
153,WRKTRN1F1_W41,CREGION,Northeast,[0.0889347  0.10515145 0.44409591 0.36181794],0.0
154,WRKTRN1F1_W41,CREGION,South,[0.09381697 0.0928125  0.38662709 0.42674344],0.0008683020807921039
155,WRKTRN1F1_W41,CREGION,West,[0.15101366 0.11194697 0.39441646 0.34262291],0.0
156,FTRWORRYc_W41,CREGION,Midwest,[0.48392914 0.39955427 0.0947045  0.02181208],0.0020263795678372412
157,FTRWORRYc_W41,CREGION,Northeast,[0.47798917 0.38766992 0.09930712 0.03503379],0.007457616608484978
158,FTRWORRYc_W41,CREGION,South,[0.49295572 0.36335788 0.12037897 0.02330743],0.004226234277449151
159,FTRWORRYc_W41,CREGION,West,[0.52669172 0.354563   0.10438296 0.01436232],0.01290681424381958
160,HAPPEN2e_W41,CREGION,Midwest,[0.28752238 0.58641988 0.11489367 0.01116407],0.003184811056450928
161,HAPPEN2e_W41,CREGION,Northeast,[0.34766795 0.50830548 0.11188569 0.03214087],0.00833626354603923
162,HAPPEN2e_W41,CREGION,South,[0.299158   0.5745705  0.10506877 0.02120274],0.001368388925947776
163,HAPPEN2e_W41,CREGION,West,[0.30047861 0.56495003 0.10899422 0.02557714],0.001929874779277391
164,SOLVPROBb_W41,CREGION,Midwest,[0.09182822 0.45144698 0.31092895 0.14579586],0.014621840676772094
165,SOLVPROBb_W41,CREGION,Northeast,[0.09614619 0.41455285 0.33171397 0.15758698],0.01319518852652845
166,SOLVPROBb_W41,CREGION,South,[0.10822987 0.42929314 0.32338367 0.13909332],0.019601524198252705
167,SOLVPROBb_W41,CREGION,West,[0.06422136 0.38598926 0.34227497 0.2075144 ],0.010466679035458585
168,HARASS3F1_W41,CREGION,Midwest,[0.10340819 0.59848414 0.29810767],0.004857587972196411
169,HARASS3F1_W41,CREGION,Northeast,[0.13525682 0.52472797 0.34001521],0.007729731806953175
170,HARASS3F1_W41,CREGION,South,[0.14142123 0.55511695 0.30346182],0.013263305893908818
171,HARASS3F1_W41,CREGION,West,[0.13203496 0.50710903 0.36085601],0.0
172,SOLVPROBeF2_W41,CREGION,Midwest,[0.08358885 0.53134327 0.31234249 0.07272539],0.02044191451661743
173,SOLVPROBeF2_W41,CREGION,Northeast,[0.14245975 0.50463353 0.30641308 0.04649364],0.019798273697681865
174,SOLVPROBeF2_W41,CREGION,South,[0.12828518 0.56145635 0.23458562 0.07567285],0.022053920677610375
175,SOLVPROBeF2_W41,CREGION,West,[0.10799325 0.51350946 0.2636273  0.11486999],0.01156023425801941
176,FUTR_ABR_W41,CREGION,Midwest,[0.18494512 0.57689317 0.16923763 0.06892408],0.005046499808452682
177,FUTR_ABR_W41,CREGION,Northeast,[0.22760484 0.58497005 0.15716464 0.03026047],0.0199719138731635
178,FUTR_ABR_W41,CREGION,South,[0.23088753 0.51594084 0.18161395 0.07155768],0.020583391853408465
179,FUTR_ABR_W41,CREGION,West,[0.22773018 0.59677207 0.14725007 0.02824767],0.012761351480629346
180,GOVPRIOiF1_W41,CREGION,Midwest,[0.42109086 0.47067272 0.09761022 0.0106262 ],0.0
181,GOVPRIOiF1_W41,CREGION,Northeast,[0.27271262 0.55877627 0.16258423 0.00592688],0.0
182,GOVPRIOiF1_W41,CREGION,South,[0.38543046 0.49630101 0.11199053 0.00627801],0.0
183,GOVPRIOiF1_W41,CREGION,West,[0.31408478 0.56239819 0.10874158 0.01477545],0.0
184,HAPPENj_W41,CREGION,Midwest,[0.71150613 0.28849387],0.05978407298449756
185,HAPPENj_W41,CREGION,Northeast,[0.6958558 0.3041442],0.11721704212912451
186,HAPPENj_W41,CREGION,South,[0.71589765 0.28410235],0.10660809866061606
187,HAPPENj_W41,CREGION,West,[0.7210446 0.2789554],0.08941712164008175
188,AUTOWKPLC_W41,CREGION,Midwest,[0.22275995 0.4868547  0.29038535],0.01119520123153913
189,AUTOWKPLC_W41,CREGION,Northeast,[0.20616181 0.53395898 0.25987921],0.012831844733791958
190,AUTOWKPLC_W41,CREGION,South,[0.23014641 0.46907264 0.30078095],0.009958919299826157
191,AUTOWKPLC_W41,CREGION,West,[0.22987734 0.48771727 0.28240539],0.0036482108430984945
192,WRKTRN1F2_W41,CREGION,Midwest,[0.08026111 0.05719322 0.50473881 0.35780685],0.007297175553062204
193,WRKTRN1F2_W41,CREGION,Northeast,[0.11866648 0.08137096 0.44983741 0.35012514],0.012561073428609218
194,WRKTRN1F2_W41,CREGION,South,[0.10194277 0.03603987 0.52969501 0.33232236],0.002557064792894492
195,WRKTRN1F2_W41,CREGION,West,[0.0865547  0.0265915  0.63675107 0.25010273],0.006543489836833189
196,HARASS1F1d_W41,CREGION,Midwest,[0.56045067 0.36150304 0.07804629],0.0010075110429849112
197,HARASS1F1d_W41,CREGION,Northeast,[0.62562988 0.34703982 0.0273303 ],0.01524940532468602
198,HARASS1F1d_W41,CREGION,South,[0.57280657 0.33936838 0.08782505],0.011961713139626268
199,HARASS1F1d_W41,CREGION,West,[0.66061638 0.2368719  0.10251172],0.0
200,HAPPEN2g_W41,CREGION,Midwest,[0.32849145 0.52380668 0.12893686 0.01876501],0.00519388991903216
201,HAPPEN2g_W41,CREGION,Northeast,[0.35053236 0.46361003 0.14579596 0.04006164],0.006546511771406188
202,HAPPEN2g_W41,CREGION,South,[0.34689909 0.49897737 0.12584194 0.0282816 ],0.002792840669042942
203,HAPPEN2g_W41,CREGION,West,[0.31967086 0.49715165 0.14079059 0.0423869 ],0.0
204,FTRWORRYd_W41,CREGION,Midwest,[0.44362848 0.44889007 0.09627044 0.01121101],0.0023453300986056775
205,FTRWORRYd_W41,CREGION,Northeast,[0.52489919 0.35225668 0.09182349 0.03102064],0.001848473260681105
206,FTRWORRYd_W41,CREGION,South,[0.4537177  0.38663814 0.13893584 0.02070832],0.002732750666182918
207,FTRWORRYd_W41,CREGION,West,[0.5153132  0.39179226 0.06712858 0.02576596],0.0036384460496907693
208,GOVPRIOe_W41,CREGION,Midwest,[0.38133813 0.42348464 0.15058053 0.04459669],0.007390059439125456
209,GOVPRIOe_W41,CREGION,Northeast,[0.48020756 0.34585203 0.1027398  0.07120062],0.005169096359424934
210,GOVPRIOe_W41,CREGION,South,[0.43298646 0.34358965 0.16490363 0.05852027],0.002526562726772249
211,GOVPRIOe_W41,CREGION,West,[0.46151778 0.36418094 0.12943937 0.04486191],0.0004146990547509137
212,HAPPENa_W41,CREGION,Midwest,[0.40863387 0.59136613],0.0668195358604429
213,HAPPENa_W41,CREGION,Northeast,[0.41230462 0.58769538],0.11827223192322872
214,HAPPENa_W41,CREGION,South,[0.40172572 0.59827428],0.07313420319815502
215,HAPPENa_W41,CREGION,West,[0.43600305 0.56399695],0.08520666431179812
216,SOLVPROBdF1_W41,CREGION,Midwest,[0.09799745 0.3847154  0.33177716 0.18550999],0.0076398271488195574
217,SOLVPROBdF1_W41,CREGION,Northeast,[0.06730106 0.35194772 0.35389585 0.22685536],0.015230186325999165
218,SOLVPROBdF1_W41,CREGION,South,[0.05326586 0.37115634 0.37665974 0.19891806],0.009394077049310789
219,SOLVPROBdF1_W41,CREGION,West,[0.08376954 0.36770363 0.37079189 0.17773494],0.005336411254783114
220,HAPPEN2a_W41,CREGION,Midwest,[0.12258241 0.48790001 0.35409545 0.03542213],0.005823053733443254
221,HAPPEN2a_W41,CREGION,Northeast,[0.09542721 0.49369297 0.34408587 0.06679395],0.014405082606944442
222,HAPPEN2a_W41,CREGION,South,[0.13423133 0.46095559 0.36471395 0.04009912],0.005727335544489407
223,HAPPEN2a_W41,CREGION,West,[0.10790785 0.51702938 0.34309273 0.03197004],0.012785173283185111
224,HAPPEN2h_W41,CREGION,Midwest,[0.0504445  0.26522402 0.59305893 0.09127255],0.012308191265140088
225,HAPPEN2h_W41,CREGION,Northeast,[0.07848662 0.32986081 0.50218106 0.0894715 ],0.01128277566366997
226,HAPPEN2h_W41,CREGION,South,[0.07774572 0.32172412 0.49870297 0.10182719],0.008823435502644469
227,HAPPEN2h_W41,CREGION,West,[0.05954759 0.37325915 0.49824891 0.06894435],0.007054831418755129
228,SSCUT_W41,CREGION,Midwest,[0.26073895 0.73926105],0.004857397634400287
229,SSCUT_W41,CREGION,Northeast,[0.29699235 0.70300765],0.01210151612462117
230,SSCUT_W41,CREGION,South,[0.2499179 0.7500821],0.004825988048956525
231,SSCUT_W41,CREGION,West,[0.21517092 0.78482908],0.014304067862356749
232,FUTR_DIV_W41,CREGION,Midwest,[0.27077235 0.09572535 0.6335023 ],0.007566500806679766
233,FUTR_DIV_W41,CREGION,Northeast,[0.28537206 0.08771534 0.6269126 ],0.025178882568819238
234,FUTR_DIV_W41,CREGION,South,[0.313196   0.12906388 0.55774012],0.008623987928054473
235,FUTR_DIV_W41,CREGION,West,[0.28291247 0.13996632 0.57712121],0.013421798732714143
236,ELDFINANCEF1_W41,CREGION,Midwest,[0.34816134 0.25588594 0.39595272],0.012935850522488584
237,ELDFINANCEF1_W41,CREGION,Northeast,[0.29477332 0.30511366 0.40011302],0.016508299803376272
238,ELDFINANCEF1_W41,CREGION,South,[0.38710388 0.27343279 0.33946333],0.0008683020807921039
239,ELDFINANCEF1_W41,CREGION,West,[0.35847632 0.29953386 0.34198983],0.004093113142838235
240,ENVC_W41,CREGION,Midwest,[0.15603052 0.57598125 0.26798823],0.004149922732801944
241,ENVC_W41,CREGION,Northeast,[0.14367145 0.61624285 0.24008571],0.006227514882016193
242,ENVC_W41,CREGION,South,[0.16128992 0.57182111 0.26688897],0.0015846505198299989
243,ENVC_W41,CREGION,West,[0.16795587 0.6061557  0.22588843],0.0012550438612036177
244,GOVPRIOa_W41,CREGION,Midwest,[0.49260922 0.41973136 0.08127313 0.00638628],0.007560082398089055
245,GOVPRIOa_W41,CREGION,Northeast,[0.48291458 0.42087792 0.08119903 0.01500847],0.007004373736463541
246,GOVPRIOa_W41,CREGION,South,[0.53388216 0.38368641 0.07115509 0.01127634],0.006261820790531348
247,GOVPRIOa_W41,CREGION,West,[0.43317316 0.45676578 0.10623159 0.00382947],0.0
248,ELDFINANCEF2_W41,CREGION,Midwest,[0.15634639 0.55680358 0.28685002],0.028467655994913812
249,ELDFINANCEF2_W41,CREGION,Northeast,[0.14781715 0.50971187 0.34247098],0.02224372866655218
250,ELDFINANCEF2_W41,CREGION,South,[0.15142478 0.56230941 0.2862658 ],0.02742128168088408
251,ELDFINANCEF2_W41,CREGION,West,[0.1317436  0.61968016 0.24857624],0.018201001924701046
252,HAPPENg_W41,CREGION,Midwest,[0.58071316 0.41928684],0.06573319860129459
253,HAPPENg_W41,CREGION,Northeast,[0.58776673 0.41223327],0.10100682849152427
254,HAPPENg_W41,CREGION,South,[0.50175911 0.49824089],0.10510886999116784
255,HAPPENg_W41,CREGION,West,[0.53986049 0.46013951],0.07148465698331583
256,OPTIMIST_W41,CREGION,Midwest,[0.11186426 0.43346281 0.3311902  0.12348274],0.001113099434688348
257,OPTIMIST_W41,CREGION,Northeast,[0.09567023 0.45207061 0.32394066 0.1283185 ],0.0003031545110425789
258,OPTIMIST_W41,CREGION,South,[0.14341415 0.44160639 0.2906422  0.12433726],0.005681300543503115
259,OPTIMIST_W41,CREGION,West,[0.09736033 0.43015668 0.32431484 0.14816815],0.0
260,JOBBENEFITS_W41,CREGION,Midwest,[0.21723056 0.41918953 0.36357991],0.004644002066373431
261,JOBBENEFITS_W41,CREGION,Northeast,[0.17442137 0.47988201 0.34569662],0.00020749138112750298
262,JOBBENEFITS_W41,CREGION,South,[0.23999622 0.393235   0.36676878],0.00651375048791406
263,JOBBENEFITS_W41,CREGION,West,[0.24802535 0.38251877 0.36945588],0.01374633635176051
264,AUTOLKLY_W41,CREGION,Midwest,[0.099519   0.25910584 0.40191399 0.23946117],0.008044374631513935
265,AUTOLKLY_W41,CREGION,Northeast,[0.08366142 0.26251814 0.38989169 0.26392875],0.0
266,AUTOLKLY_W41,CREGION,South,[0.14149685 0.25081361 0.35271894 0.2549706 ],0.005808817740750312
267,AUTOLKLY_W41,CREGION,West,[0.11322058 0.2497521  0.41179675 0.22523056],0.003045674170374219
268,SOLVPROBa_W41,CREGION,Midwest,[0.41463066 0.4625722  0.09193389 0.03086325],0.009225088876606996
269,SOLVPROBa_W41,CREGION,Northeast,[0.46955066 0.41196213 0.08915788 0.02932934],0.026602713784973524
270,SOLVPROBa_W41,CREGION,South,[0.40389926 0.47797499 0.07992885 0.0381969 ],0.022921218390562877
271,SOLVPROBa_W41,CREGION,West,[0.47122805 0.41408488 0.07651897 0.0381681 ],0.007411673045217523
272,SOLVPROBi_W41,CREGION,Midwest,[0.24383476 0.54695995 0.16646117 0.04274412],0.009799343841785279
273,SOLVPROBi_W41,CREGION,Northeast,[0.24586861 0.55293987 0.15971705 0.04147447],0.020801007864082652
274,SOLVPROBi_W41,CREGION,South,[0.25697787 0.52545176 0.16853724 0.04903313],0.014343593138460944
275,SOLVPROBi_W41,CREGION,West,[0.24838436 0.51980709 0.18818185 0.0436267 ],0.008932408674007797
276,HAPPEN2b_W41,CREGION,Midwest,[0.16836237 0.44633199 0.34292439 0.04238124],0.0043458951286570475
277,HAPPEN2b_W41,CREGION,Northeast,[0.23767415 0.44387871 0.27416965 0.04427748],0.010282394738013574
278,HAPPEN2b_W41,CREGION,South,[0.18326757 0.48006106 0.29302119 0.04365018],0.005204780500413187
279,HAPPEN2b_W41,CREGION,West,[0.26756986 0.47239309 0.23621623 0.02382081],0.0004058198778985517
280,HAPPEN2c_W41,CREGION,Midwest,[0.08663241 0.50267854 0.36631176 0.0443773 ],0.0016684920662713312
281,HAPPEN2c_W41,CREGION,Northeast,[0.10695345 0.47433112 0.37637528 0.04234015],0.015105902970135874
282,HAPPEN2c_W41,CREGION,South,[0.09234164 0.52178623 0.34650365 0.03936848],0.01126078878038463
283,HAPPEN2c_W41,CREGION,West,[0.06040984 0.52155482 0.37453404 0.0435013 ],0.009956176596772176
284,INTRMAR_W41,CREGION,Midwest,[0.27242819 0.22025916 0.06558197 0.02276131 0.41896936],0.008655610612466615
285,INTRMAR_W41,CREGION,Northeast,[0.34115454 0.21139291 0.05911489 0.04226066 0.34607701],0.010066756457952346
286,INTRMAR_W41,CREGION,South,[0.26038864 0.18424805 0.09281598 0.04385186 0.41869546],0.009871276217163402
287,INTRMAR_W41,CREGION,West,[0.3622496  0.1577287  0.0530352  0.02453024 0.40245626],0.000543643254383756
288,FUTR_M_W41,CREGION,Midwest,[0.06472532 0.56113719 0.3741375 ],0.003093349847042007
289,FUTR_M_W41,CREGION,Northeast,[0.05452796 0.52857308 0.41689895],0.013999955646126426
290,FUTR_M_W41,CREGION,South,[0.09265491 0.49439457 0.41295053],0.007167542696789253
291,FUTR_M_W41,CREGION,West,[0.05636316 0.56130411 0.38233273],0.015107446775907132
292,SSMONEY_W41,CREGION,Midwest,[0.12224459 0.43666077 0.44109464],0.007305392778204325
293,SSMONEY_W41,CREGION,Northeast,[0.14145108 0.38352917 0.47501974],0.025825200294693287
294,SSMONEY_W41,CREGION,South,[0.1956751  0.41370574 0.39061916],0.002806168202169392
295,SSMONEY_W41,CREGION,West,[0.14024664 0.44160547 0.41814789],0.008896568739630467
296,GOVPRIOoF2_W41,CREGION,Midwest,[0.46137619 0.25746222 0.17457662 0.10658497],0.00697831661965361
297,GOVPRIOoF2_W41,CREGION,Northeast,[0.51868761 0.2773053  0.17016179 0.0338453 ],0.01216601670104201
298,GOVPRIOoF2_W41,CREGION,South,[0.41125389 0.31912928 0.18920215 0.08041469],0.0
299,GOVPRIOoF2_W41,CREGION,West,[0.59310356 0.24355895 0.10608023 0.05725726],0.0
300,HAPPENiF2_W41,CREGION,Midwest,[0.41970568 0.58029432],0.1118246297700939
301,HAPPENiF2_W41,CREGION,Northeast,[0.48499874 0.51500126],0.09632384235065942
302,HAPPENiF2_W41,CREGION,South,[0.50604513 0.49395487],0.0837351887586608
303,HAPPENiF2_W41,CREGION,West,[0.38949195 0.61050805],0.06330292531093616
304,HARASS1F1b_W41,CREGION,Midwest,[0.50961964 0.3826993  0.10768107],0.0012572330745015076
305,HARASS1F1b_W41,CREGION,Northeast,[0.54348398 0.31895593 0.1375601 ],0.008247985223679961
306,HARASS1F1b_W41,CREGION,South,[0.51074107 0.34112483 0.1481341 ],0.012591700285647236
307,HARASS1F1b_W41,CREGION,West,[0.47243728 0.36650308 0.16105964],0.001663530895769846
308,FUTRCLASSc_W41,CREGION,Midwest,[0.62837841 0.15419969 0.21742191],0.005231697955800702
309,FUTRCLASSc_W41,CREGION,Northeast,[0.6373562  0.16203052 0.20061328],0.005401830482935533
310,FUTRCLASSc_W41,CREGION,South,[0.58431318 0.20799527 0.20769155],0.001106303766575777
311,FUTRCLASSc_W41,CREGION,West,[0.68310533 0.17116414 0.14573053],0.005539300130345949
312,LEGALIMG_W41,CREGION,Midwest,[0.25834466 0.5261891  0.21546624],0.014739497142604824
313,LEGALIMG_W41,CREGION,Northeast,[0.28205587 0.512307   0.20563714],0.006548195705631459
314,LEGALIMG_W41,CREGION,South,[0.25850897 0.49396998 0.24752105],0.005666347596174657
315,LEGALIMG_W41,CREGION,West,[0.30774814 0.4864969  0.20575496],0.014391456425016028
316,HARASS4_W41,CREGION,Midwest,[0.51581708 0.48418292],0.004665364798323958
317,HARASS4_W41,CREGION,Northeast,[0.5328962 0.4671038],0.002181752167045727
318,HARASS4_W41,CREGION,South,[0.51490799 0.48509201],0.006373164584215603
319,HARASS4_W41,CREGION,West,[0.51543069 0.48456931],0.007517303235709505
320,ETHNCMAJMOD_W41,CREGION,Midwest,[0.16707387 0.14177816 0.20088474 0.05920836 0.43105486],0.010385446643457882
321,ETHNCMAJMOD_W41,CREGION,Northeast,[0.18151477 0.18733867 0.14126236 0.11737863 0.37250556],0.0
322,ETHNCMAJMOD_W41,CREGION,South,[0.14955605 0.17169784 0.15056497 0.086146   0.44203513],0.007546780353719702
323,ETHNCMAJMOD_W41,CREGION,West,[0.18819072 0.23404185 0.12052825 0.04814025 0.40909893],0.0045139244134556064
324,SOLVPROBf_W41,CREGION,Midwest,[0.1153786  0.28945215 0.30627362 0.28889563],0.017163930694986243
325,SOLVPROBf_W41,CREGION,Northeast,[0.12882305 0.32180203 0.31956627 0.22980865],0.01889861332727181
326,SOLVPROBf_W41,CREGION,South,[0.0958605  0.32664654 0.29814116 0.27935181],0.014204995674363409
327,SOLVPROBf_W41,CREGION,West,[0.11228283 0.32805778 0.33305514 0.22660424],0.0069605235063281016
328,HAPPENc_W41,CREGION,Midwest,[0.5605134 0.4394866],0.09002172604074868
329,HAPPENc_W41,CREGION,Northeast,[0.55682322 0.44317678],0.1076309678598821
330,HAPPENc_W41,CREGION,South,[0.54892881 0.45107119],0.09707279291732833
331,HAPPENc_W41,CREGION,West,[0.57159499 0.42840501],0.07619163119555973
332,FTRWORRYa_W41,CREGION,Midwest,[0.25646196 0.50213109 0.21429043 0.02711652],0.003216207219613647
333,FTRWORRYa_W41,CREGION,Northeast,[0.32050162 0.4314079  0.21629954 0.03179094],0.001708798589769123
334,FTRWORRYa_W41,CREGION,South,[0.28019174 0.44403214 0.24312581 0.0326503 ],0.003545482504461141
335,FTRWORRYa_W41,CREGION,West,[0.30400444 0.44570856 0.21588638 0.03440062],0.011639726509863104
336,HAPPEN2d_W41,CREGION,Midwest,[0.10737611 0.44078408 0.39810912 0.05373069],0.0067630362321960255
337,HAPPEN2d_W41,CREGION,Northeast,[0.14059505 0.41848849 0.35073483 0.09018163],0.015374672393170443
338,HAPPEN2d_W41,CREGION,South,[0.11633847 0.39489466 0.38258435 0.10618252],0.005933348244686246
339,HAPPEN2d_W41,CREGION,West,[0.15434233 0.41017219 0.38710643 0.04837905],0.012499352327096674
340,POPPROB_W41,CREGION,Midwest,[0.35801588 0.43842856 0.20355556],0.00407612920866484
341,POPPROB_W41,CREGION,Northeast,[0.44772303 0.36967221 0.18260476],0.005722625797301385
342,POPPROB_W41,CREGION,South,[0.44561201 0.343932   0.21045598],0.004766550035439182
343,POPPROB_W41,CREGION,West,[0.55955238 0.31241616 0.12803146],0.002725511252902704
344,GOVPRIOc_W41,CREGION,Midwest,[0.68803808 0.19097156 0.06389181 0.05709855],0.002456611850735144
345,GOVPRIOc_W41,CREGION,Northeast,[0.67360114 0.19495164 0.08788594 0.04356129],0.0011223557328836826
346,GOVPRIOc_W41,CREGION,South,[0.6837325  0.1926535  0.07412455 0.04948946],0.0022340859789566547
347,GOVPRIOc_W41,CREGION,West,[0.68570178 0.22724896 0.0486764  0.03837286],0.0
348,GOVPRIOgF1_W41,CREGION,Midwest,[0.42782626 0.28321744 0.20420469 0.08475162],0.004385691565952651
349,GOVPRIOgF1_W41,CREGION,Northeast,[0.35601051 0.24368689 0.29070719 0.10959541],0.0006167131720565644
350,GOVPRIOgF1_W41,CREGION,South,[0.40036847 0.30746354 0.2177553  0.0744127 ],0.003393665125505283
351,GOVPRIOgF1_W41,CREGION,West,[0.30804746 0.30066047 0.25324128 0.13805079],0.0
352,HARASS3NOWRKF2_W41,CREGION,Midwest,[0.12222445 0.56323245 0.3145431 ],0.0015368455875329032
353,HARASS3NOWRKF2_W41,CREGION,Northeast,[0.14002938 0.56269322 0.2972774 ],0.020522900096535603
354,HARASS3NOWRKF2_W41,CREGION,South,[0.08585126 0.55807384 0.35607491],0.0049299558984801685
355,HARASS3NOWRKF2_W41,CREGION,West,[0.18092653 0.5149945  0.30407897],0.004968017381885576
356,HARASS1NOWRKF2a_W41,CREGION,Midwest,[0.48652677 0.3941165  0.11935672],0.0
357,HARASS1NOWRKF2a_W41,CREGION,Northeast,[0.48455722 0.4181236  0.09731918],0.0
358,HARASS1NOWRKF2a_W41,CREGION,South,[0.52771075 0.4142081  0.05808115],0.0028606944620361095
359,HARASS1NOWRKF2a_W41,CREGION,West,[0.43059447 0.42728181 0.14212372],0.004968017381885575
0,AVGFAM_W41,AGE,18-29,[0.27603029 0.3683382  0.35563151],0.0
1,AVGFAM_W41,AGE,30-49,[0.21058878 0.33375472 0.4556565 ],0.0033703525730673493
2,AVGFAM_W41,AGE,50-64,[0.15041914 0.35592508 0.49365578],0.0009390462091779463
3,AVGFAM_W41,AGE,65+,[0.19227187 0.35861666 0.44911147],0.01113215504077332
4,HARASS5_W41,AGE,18-29,[0.08343384 0.4605851  0.45598106],0.0
5,HARASS5_W41,AGE,30-49,[0.1047396  0.35323047 0.54202993],0.00020394943410763066
6,HARASS5_W41,AGE,50-64,[0.19302482 0.31057248 0.49640269],0.0013324828673790302
7,HARASS5_W41,AGE,65+,[0.19364567 0.34306526 0.46328907],0.00737617531852579
8,GOVPRIOmF2_W41,AGE,18-29,[0.39075216 0.42669996 0.117087   0.06546088],0.016067357218058347
9,GOVPRIOmF2_W41,AGE,30-49,[0.46057035 0.37666594 0.11981569 0.04294801],0.0060388060451707784
10,GOVPRIOmF2_W41,AGE,50-64,[0.56191219 0.33493176 0.06132375 0.04183229],0.005829659152934129
11,GOVPRIOmF2_W41,AGE,65+,[0.48649487 0.42542071 0.06713997 0.02094445],0.008470865535358406
12,SOLVPROBg_W41,AGE,18-29,[0.17470662 0.38940531 0.28327185 0.15261623],0.006636993986942752
13,SOLVPROBg_W41,AGE,30-49,[0.18349742 0.50891064 0.21953563 0.08805631],0.009736456883840366
14,SOLVPROBg_W41,AGE,50-64,[0.27750778 0.53747503 0.13927234 0.04574485],0.026038983301699133
15,SOLVPROBg_W41,AGE,65+,[0.23118423 0.61280299 0.11239935 0.04361343],0.030529404415158813
16,HARASS1F1a_W41,AGE,18-29,[0.46637674 0.38288674 0.15073652],0.0
17,HARASS1F1a_W41,AGE,30-49,[0.43155543 0.39386935 0.17457522],0.01116773066207313
18,HARASS1F1a_W41,AGE,50-64,[0.51308561 0.41570201 0.07121237],0.010860156703522778
19,HARASS1F1a_W41,AGE,65+,[0.45347649 0.46499152 0.081532  ],0.006153710300081278
20,ROBWRK2_W41,AGE,18-29,[0.10047984 0.26211874 0.40883736 0.22856407],0.003033769686635812
21,ROBWRK2_W41,AGE,30-49,[0.07542098 0.21661164 0.42185421 0.28611317],0.0
22,ROBWRK2_W41,AGE,50-64,[0.03948729 0.22762711 0.35293301 0.37995259],0.0024481978373314776
23,ROBWRK2_W41,AGE,65+,[0.05560719 0.29264685 0.4338055  0.21794046],0.006961909484364569
24,ROBWRK_W41,AGE,18-29,[0.31902983 0.48454823 0.16607129 0.03035064],0.006569748909586378
25,ROBWRK_W41,AGE,30-49,[0.30541604 0.50170319 0.18153326 0.01134751],0.0039048519646283555
26,ROBWRK_W41,AGE,50-64,[0.29699436 0.53404666 0.16533253 0.00362645],0.0007318231170396158
27,ROBWRK_W41,AGE,65+,[0.27086274 0.59252213 0.11476085 0.02185429],0.0
28,GOVPRIOnF2_W41,AGE,18-29,[0.12788139 0.33811691 0.25613651 0.2778652 ],0.018930768869846206
29,GOVPRIOnF2_W41,AGE,30-49,[0.13784054 0.27022489 0.19625778 0.39567679],0.010544604293327615
30,GOVPRIOnF2_W41,AGE,50-64,[0.18076982 0.29977263 0.1387965  0.38066106],0.0
31,GOVPRIOnF2_W41,AGE,65+,[0.12169781 0.27162905 0.13435121 0.47232193],0.0036628868893620534
32,HARASS1NOWRKF2c_W41,AGE,18-29,[0.79625559 0.1840707  0.01967371],0.006505454677356839
33,HARASS1NOWRKF2c_W41,AGE,30-49,[0.68103907 0.25794343 0.0610175 ],0.002533266927630168
34,HARASS1NOWRKF2c_W41,AGE,50-64,[0.67801985 0.27231039 0.04966977],0.0032327047564253315
35,HARASS1NOWRKF2c_W41,AGE,65+,[0.63150291 0.35717086 0.01132624],0.0
36,HAPPENd_W41,AGE,18-29,[0.41728723 0.58271277],0.1098025919531945
37,HAPPENd_W41,AGE,30-49,[0.27139049 0.72860951],0.1127863684533964
38,HAPPENd_W41,AGE,50-64,[0.37401313 0.62598687],0.08541469774562588
39,HAPPENd_W41,AGE,65+,[0.3435816 0.6564184],0.04842628079500277
40,GOVPRIOd_W41,AGE,18-29,[0.38116019 0.43937238 0.15408832 0.02537911],0.0005188727446397275
41,GOVPRIOd_W41,AGE,30-49,[0.34245467 0.45361569 0.17452818 0.02940147],0.002395443184853695
42,GOVPRIOd_W41,AGE,50-64,[0.3025867  0.49697419 0.17480398 0.02563513],0.003914406268197968
43,GOVPRIOd_W41,AGE,65+,[0.33508629 0.54248843 0.11055418 0.0118711 ],0.0009943315970478864
44,HAPPEN2f_W41,AGE,18-29,[0.12619236 0.47809011 0.3169202  0.07879733],0.010880041479351982
45,HAPPEN2f_W41,AGE,30-49,[0.14502712 0.49426121 0.30576554 0.05494614],0.006589193083440881
46,HAPPEN2f_W41,AGE,50-64,[0.10787844 0.55597834 0.27228957 0.06385365],0.01338263332395424
47,HAPPEN2f_W41,AGE,65+,[0.12337895 0.61367483 0.22213784 0.04080838],0.0075719283048174876
48,FUTRCLASSb_W41,AGE,18-29,[0.30524142 0.44585766 0.24890092],0.0025215598173193255
49,FUTRCLASSb_W41,AGE,30-49,[0.26301301 0.4862717  0.25071529],0.00361701303402055
50,FUTRCLASSb_W41,AGE,50-64,[0.2725451  0.45664839 0.27080651],0.0044123283457229686
51,FUTRCLASSb_W41,AGE,65+,[0.27510931 0.43880701 0.28608368],0.007539016583168922
52,NATDEBT_W41,AGE,18-29,[0.59819382 0.23508396 0.13610705 0.03061518],0.003563633516018619
53,NATDEBT_W41,AGE,30-49,[0.64967101 0.20811284 0.12808644 0.01412971],0.003696787474632037
54,NATDEBT_W41,AGE,50-64,[0.63016121 0.21161264 0.1419084  0.01631775],0.002163554103614266
55,NATDEBT_W41,AGE,65+,[0.64944818 0.17418995 0.15830404 0.01805784],0.0015181530942370554
56,AGEMAJ_W41,AGE,18-29,[0.03797545 0.1292666  0.4432135  0.18372229 0.20582216],0.0050970481659350616
57,AGEMAJ_W41,AGE,30-49,[0.04360783 0.12967924 0.39248107 0.17638368 0.25784819],0.010881132153936964
58,AGEMAJ_W41,AGE,50-64,[0.04324959 0.12584265 0.46583463 0.09969907 0.26537406],0.010289072281047482
59,AGEMAJ_W41,AGE,65+,[0.02996057 0.12979675 0.41750375 0.09892404 0.3238149 ],0.009820731436557626
60,HAPPENe_W41,AGE,18-29,[0.76012058 0.23987942],0.08535888449590492
61,HAPPENe_W41,AGE,30-49,[0.82552779 0.17447221],0.09281606733605478
62,HAPPENe_W41,AGE,50-64,[0.79673455 0.20326545],0.0719273209911942
63,HAPPENe_W41,AGE,65+,[0.77169415 0.22830585],0.05062120342381428
64,ROBIMPACTb_W41,AGE,18-29,[0.3915585 0.6084415],0.004185689631025534
65,ROBIMPACTb_W41,AGE,30-49,[0.35225565 0.64774435],0.007925532154657421
66,ROBIMPACTb_W41,AGE,50-64,[0.26877383 0.73122617],0.020102465473512035
67,ROBIMPACTb_W41,AGE,65+,[0.34874947 0.65125053],0.005137467394013028
68,HARASS1NOWRKF2d_W41,AGE,18-29,[0.68022776 0.26995818 0.04981407],0.01279657403788814
69,HARASS1NOWRKF2d_W41,AGE,30-49,[0.62282523 0.25761045 0.11956432],0.007654790132532745
70,HARASS1NOWRKF2d_W41,AGE,50-64,[0.57993469 0.32834968 0.09171563],0.008431552931631434
71,HARASS1NOWRKF2d_W41,AGE,65+,[0.52299462 0.43424628 0.0427591 ],0.0
72,HARASS1F1c_W41,AGE,18-29,[0.70104551 0.25834397 0.04061052],0.0
73,HARASS1F1c_W41,AGE,30-49,[0.63058431 0.27965705 0.08975864],0.010643313981996005
74,HARASS1F1c_W41,AGE,50-64,[0.57669871 0.35419303 0.06910826],0.009689368512661212
75,HARASS1F1c_W41,AGE,65+,[0.67465224 0.30512493 0.02022283],0.004631370025941628
76,HAPPENf_W41,AGE,18-29,[0.53876932 0.46123068],0.10866828109956791
77,HAPPENf_W41,AGE,30-49,[0.39595161 0.60404839],0.09784698923614212
78,HAPPENf_W41,AGE,50-64,[0.40625887 0.59374113],0.10244075639972558
79,HAPPENf_W41,AGE,65+,[0.38074822 0.61925178],0.054775014465111134
80,FTRWORRYe_W41,AGE,18-29,[0.33131427 0.35465722 0.23974387 0.07428463],0.0
81,FTRWORRYe_W41,AGE,30-49,[0.39117564 0.34068752 0.20752509 0.06061175],0.0
82,FTRWORRYe_W41,AGE,50-64,[0.51236559 0.32262547 0.14566457 0.01934438],0.0
83,FTRWORRYe_W41,AGE,65+,[0.4606962  0.34758511 0.15781057 0.03390812],0.0033636840459550796
84,GOVPRIOjF1_W41,AGE,18-29,[0.29494959 0.399483   0.22335878 0.08220862],0.0
85,GOVPRIOjF1_W41,AGE,30-49,[0.37867797 0.35304981 0.16156454 0.10670768],0.0
86,GOVPRIOjF1_W41,AGE,50-64,[0.45975375 0.34660358 0.13288247 0.06076019],0.0
87,GOVPRIOjF1_W41,AGE,65+,[0.42431807 0.35616374 0.16671187 0.05280632],0.0
88,SOLVPROBh_W41,AGE,18-29,[0.30397483 0.50501874 0.1356012  0.05540523],0.0008394885758873108
89,SOLVPROBh_W41,AGE,30-49,[0.26356222 0.47096352 0.17951568 0.08595858],0.012730755587020037
90,SOLVPROBh_W41,AGE,50-64,[0.19349512 0.54891508 0.15902909 0.09856071],0.02046440864650341
91,SOLVPROBh_W41,AGE,65+,[0.19921434 0.53458687 0.16742299 0.0987758 ],0.014770986047809022
92,GOVPRIOhF1_W41,AGE,18-29,[0.20866494 0.25989093 0.22958191 0.30186221],0.002997447423365273
93,GOVPRIOhF1_W41,AGE,30-49,[0.21090542 0.28919794 0.15275735 0.3471393 ],0.0021044362180176364
94,GOVPRIOhF1_W41,AGE,50-64,[0.21419526 0.16290161 0.18198047 0.44092265],0.0019134414442621066
95,GOVPRIOhF1_W41,AGE,65+,[0.16802622 0.18777842 0.13587247 0.50832289],0.0044865078826698025
96,FTRWORRYb_W41,AGE,18-29,[0.40727715 0.36360974 0.16704467 0.06206844],0.002247118374322272
97,FTRWORRYb_W41,AGE,30-49,[0.37042826 0.39656721 0.20006179 0.03294275],0.007391550752702382
98,FTRWORRYb_W41,AGE,50-64,[0.4225438  0.34495681 0.19968869 0.0328107 ],0.000414397419421003
99,FTRWORRYb_W41,AGE,65+,[0.40477822 0.38527868 0.18112074 0.02882235],0.0033215363269067837
100,ROBIMPACTa_W41,AGE,18-29,[0.78420976 0.21579024],0.012476612671500353
101,ROBIMPACTa_W41,AGE,30-49,[0.77781402 0.22218598],0.008128899157005737
102,ROBIMPACTa_W41,AGE,50-64,[0.76142571 0.23857429],0.013489217165290765
103,ROBIMPACTa_W41,AGE,65+,[0.76804932 0.23195068],0.00995596711129046
104,FTRWORRYf_W41,AGE,18-29,[0.52095138 0.27420593 0.13078876 0.07405393],0.002247118374322272
105,FTRWORRYf_W41,AGE,30-49,[0.4130104  0.28695564 0.21765073 0.08238323],0.00127891940217339
106,FTRWORRYf_W41,AGE,50-64,[0.35796907 0.28115753 0.23037275 0.13050064],0.0025145997947098996
107,FTRWORRYf_W41,AGE,65+,[0.38883591 0.27309854 0.22833873 0.10972683],0.006101082783621385
108,GOVPRIOfF1_W41,AGE,18-29,[0.32641347 0.34100778 0.25016488 0.08241387],0.0
109,GOVPRIOfF1_W41,AGE,30-49,[0.24737177 0.31788448 0.25916089 0.17558285],0.006234410890003131
110,GOVPRIOfF1_W41,AGE,50-64,[0.14862564 0.27175795 0.24377714 0.33583927],0.0144035746920178
111,GOVPRIOfF1_W41,AGE,65+,[0.22760533 0.36298076 0.15217134 0.25724257],0.0030057574611093442
112,GOVPRIOb_W41,AGE,18-29,[0.5958012  0.30515108 0.07214344 0.02690428],0.0
113,GOVPRIOb_W41,AGE,30-49,[0.57656798 0.28971165 0.09209714 0.04162323],0.005427884036291592
114,GOVPRIOb_W41,AGE,50-64,[0.48686831 0.37258809 0.07681264 0.06373096],0.001427282240853062
115,GOVPRIOb_W41,AGE,65+,[0.49313011 0.36579156 0.0799322  0.06114612],0.003448477578441506
116,SOLVPROBc_W41,AGE,18-29,[0.11971675 0.39290996 0.31363684 0.17373645],0.012391450187355919
117,SOLVPROBc_W41,AGE,30-49,[0.13385053 0.3979083  0.29414261 0.17409856],0.011433491053360206
118,SOLVPROBc_W41,AGE,50-64,[0.18837139 0.48231226 0.21033121 0.11898514],0.02260533021563172
119,SOLVPROBc_W41,AGE,65+,[0.15238022 0.53447268 0.22619136 0.08695574],0.02997063667998687
120,FUTRCLASSa_W41,AGE,18-29,[0.31111583 0.25757084 0.43131333],0.002115195839713406
121,FUTRCLASSa_W41,AGE,30-49,[0.32728935 0.25258063 0.42013001],0.0052396913785986
122,FUTRCLASSa_W41,AGE,50-64,[0.36014026 0.2063178  0.43354195],0.0007647746592049336
123,FUTRCLASSa_W41,AGE,65+,[0.32566489 0.17102455 0.50331056],0.008376889155068377
124,GOVPRIOkF2_W41,AGE,18-29,[0.16380222 0.2597333  0.24408553 0.33237896],0.0
125,GOVPRIOkF2_W41,AGE,30-49,[0.16508519 0.3955138  0.26639823 0.17300278],0.01625455739166752
126,GOVPRIOkF2_W41,AGE,50-64,[0.2901119  0.44547462 0.15803282 0.10638065],0.005829659152934129
127,GOVPRIOkF2_W41,AGE,65+,[0.3109267  0.47809393 0.12951229 0.08146708],0.004853917450295878
128,HAPPENb_W41,AGE,18-29,[0.44104602 0.55895398],0.09967855111009187
129,HAPPENb_W41,AGE,30-49,[0.34859746 0.65140254],0.08839654491447094
130,HAPPENb_W41,AGE,50-64,[0.32975498 0.67024502],0.09349289711387744
131,HAPPENb_W41,AGE,65+,[0.39247305 0.60752695],0.05352660717419048
132,HAPPENhF1_W41,AGE,18-29,[0.4937795 0.5062205],0.11036216895870403
133,HAPPENhF1_W41,AGE,30-49,[0.338716 0.661284],0.09495580672796737
134,HAPPENhF1_W41,AGE,50-64,[0.30265855 0.69734145],0.09598468622989985
135,HAPPENhF1_W41,AGE,65+,[0.40806755 0.59193245],0.021816760326119507
136,ELDCARE_W41,AGE,18-29,[0.31073235 0.68926765],0.0043127038760419414
137,ELDCARE_W41,AGE,30-49,[0.24522224 0.75477776],0.004099964192989415
138,ELDCARE_W41,AGE,50-64,[0.2454413 0.7545587],0.014577263022007432
139,ELDCARE_W41,AGE,65+,[0.32496671 0.67503329],0.00575447607076928
140,JOBSECURITY_W41,AGE,18-29,[0.20185806 0.4955844  0.30255754],0.0075268144861894435
141,JOBSECURITY_W41,AGE,30-49,[0.1457561  0.49147142 0.36277248],0.00127891940217339
142,JOBSECURITY_W41,AGE,50-64,[0.10105852 0.52422816 0.37471332],0.015796303310697923
143,JOBSECURITY_W41,AGE,65+,[0.10783666 0.47895476 0.41320857],0.012755348201619351
144,GOVPRIOlF2_W41,AGE,18-29,[0.27885891 0.45924164 0.18815673 0.07374272],0.00411576864657724
145,GOVPRIOlF2_W41,AGE,30-49,[0.17314376 0.37151522 0.34670578 0.10863524],0.00992809191294313
146,GOVPRIOlF2_W41,AGE,50-64,[0.12794627 0.37266384 0.37223965 0.12715024],0.0
147,GOVPRIOlF2_W41,AGE,65+,[0.12159596 0.42254553 0.31817845 0.13768006],0.0019516022709020382
148,FUTR_K_W41,AGE,18-29,[0.18464386 0.47474287 0.34061327],0.01831325028343503
149,FUTR_K_W41,AGE,30-49,[0.0876396  0.46529678 0.44706363],0.014470452437660514
150,FUTR_K_W41,AGE,50-64,[0.08461024 0.44783408 0.46755568],0.006596787748629692
151,FUTR_K_W41,AGE,65+,[0.0541784  0.45897474 0.48684686],0.0028748906033475093
152,WRKTRN1F1_W41,AGE,18-29,[0.14804901 0.11103517 0.49502959 0.24588624],0.0
153,WRKTRN1F1_W41,AGE,30-49,[0.11549731 0.13755745 0.34635441 0.40059083],0.000968927680187148
154,WRKTRN1F1_W41,AGE,50-64,[0.09251887 0.10892048 0.35509556 0.44346509],0.0002978870096946189
155,WRKTRN1F1_W41,AGE,65+,[0.0783884  0.06813327 0.41133755 0.44214079],0.0034881408160645174
156,FTRWORRYc_W41,AGE,18-29,[0.42590848 0.40228763 0.13235758 0.03944631],0.0037356446275514784
157,FTRWORRYc_W41,AGE,30-49,[0.47581253 0.39199285 0.09855268 0.03364194],0.007538277498815605
158,FTRWORRYc_W41,AGE,50-64,[0.52876185 0.35444452 0.10629085 0.01050279],0.008312948597432096
159,FTRWORRYc_W41,AGE,65+,[0.56061392 0.33731651 0.09632004 0.00574953],0.004565368737864858
160,HAPPEN2e_W41,AGE,18-29,[0.28188208 0.54828414 0.13013598 0.0396978 ],0.0
161,HAPPEN2e_W41,AGE,30-49,[0.32614731 0.54757977 0.11477437 0.01149856],0.003223457388050169
162,HAPPEN2e_W41,AGE,50-64,[0.28931817 0.58214305 0.09572168 0.0328171 ],0.005218829700606722
163,HAPPEN2e_W41,AGE,65+,[0.31333881 0.58041127 0.09796079 0.00828913],0.003389560910644405
164,SOLVPROBb_W41,AGE,18-29,[0.06953856 0.33693257 0.358121   0.23540787],0.0011757650024729793
165,SOLVPROBb_W41,AGE,30-49,[0.07868401 0.37031644 0.3679122  0.18308735],0.012559224469339571
166,SOLVPROBb_W41,AGE,50-64,[0.09781335 0.4744544  0.29041823 0.13731402],0.02254526568596697
167,SOLVPROBb_W41,AGE,65+,[0.12777073 0.52483133 0.2739887  0.07340924],0.024310690366226472
168,HARASS3F1_W41,AGE,18-29,[0.16569343 0.47054177 0.3637648 ],0.0057723857697663
169,HARASS3F1_W41,AGE,30-49,[0.110847   0.52202658 0.36712642],0.0025717359391703135
170,HARASS3F1_W41,AGE,50-64,[0.13646822 0.58755908 0.2759727 ],0.006378578432209707
171,HARASS3F1_W41,AGE,65+,[0.11930138 0.61507989 0.26561873],0.018449890583078277
172,SOLVPROBeF2_W41,AGE,18-29,[0.09560132 0.5348354  0.26832584 0.10123743],0.001658143679685138
173,SOLVPROBeF2_W41,AGE,30-49,[0.11347257 0.52829877 0.29321071 0.06501795],0.025715309226874775
174,SOLVPROBeF2_W41,AGE,50-64,[0.12999372 0.55341182 0.23445585 0.08213861],0.020761863646644355
175,SOLVPROBeF2_W41,AGE,65+,[0.11905422 0.5207385  0.28344982 0.07675746],0.02213629963473677
176,FUTR_ABR_W41,AGE,18-29,[0.21383092 0.51353086 0.17799468 0.09464354],0.012500389125365396
177,FUTR_ABR_W41,AGE,30-49,[0.23290677 0.59087471 0.13698953 0.03922899],0.01267196325212092
178,FUTR_ABR_W41,AGE,50-64,[0.21175687 0.55980421 0.18099963 0.04743929],0.015332493923305431
179,FUTR_ABR_W41,AGE,65+,[0.21395425 0.56029632 0.18484559 0.04090384],0.022845655742615725
180,GOVPRIOiF1_W41,AGE,18-29,[0.23029412 0.55294908 0.1966524  0.0201044 ],0.0
181,GOVPRIOiF1_W41,AGE,30-49,[0.33126723 0.52364545 0.13463742 0.0104499 ],0.0
182,GOVPRIOiF1_W41,AGE,50-64,[0.37638263 0.54016389 0.08129259 0.00216089],0.0
183,GOVPRIOiF1_W41,AGE,65+,[0.49342144 0.4459687  0.05589524 0.00471462],0.0
184,HAPPENj_W41,AGE,18-29,[0.72793254 0.27206746],0.1224084053714563
185,HAPPENj_W41,AGE,30-49,[0.71103913 0.28896087],0.09783783585765668
186,HAPPENj_W41,AGE,50-64,[0.71094966 0.28905034],0.08725013256697911
187,HAPPENj_W41,AGE,65+,[0.70140659 0.29859341],0.07023751921394616
188,AUTOWKPLC_W41,AGE,18-29,[0.26868906 0.41329716 0.31801377],0.013144076129644916
189,AUTOWKPLC_W41,AGE,30-49,[0.23031761 0.45196452 0.31771787],0.015070013318987809
190,AUTOWKPLC_W41,AGE,50-64,[0.18954493 0.57032861 0.24012646],0.005004942635408053
191,AUTOWKPLC_W41,AGE,65+,[0.21194401 0.52048617 0.26756982],0.0014743390664883659
192,WRKTRN1F2_W41,AGE,18-29,[0.08345517 0.06956614 0.64597402 0.20100467],0.0
193,WRKTRN1F2_W41,AGE,30-49,[0.09967922 0.04754676 0.52585971 0.3269143 ],0.005961891084353589
194,WRKTRN1F2_W41,AGE,50-64,[0.12005647 0.03434817 0.48198793 0.36360742],0.007697876418572955
195,WRKTRN1F2_W41,AGE,65+,[0.06789446 0.03778233 0.5188763  0.37544691],0.011105116444039236
196,HARASS1F1d_W41,AGE,18-29,[0.68616643 0.22758196 0.08625161],0.001050949976484503
197,HARASS1F1d_W41,AGE,30-49,[0.58309977 0.30729587 0.10960436],0.010643313981996007
198,HARASS1F1d_W41,AGE,50-64,[0.52713941 0.40383813 0.06902246],0.009391481502966594
199,HARASS1F1d_W41,AGE,65+,[0.63251873 0.33668761 0.03079367],0.006216189124036674
200,HAPPEN2g_W41,AGE,18-29,[0.25354783 0.50171743 0.19356322 0.05117152],0.002247118374322272
201,HAPPEN2g_W41,AGE,30-49,[0.34590021 0.45949134 0.1467572  0.04785125],0.0021830690730224424
202,HAPPEN2g_W41,AGE,50-64,[0.36261159 0.52385404 0.10384795 0.00968642],0.005160785240065031
203,HAPPEN2g_W41,AGE,65+,[0.37562628 0.52126482 0.08853947 0.01456943],0.0038902836763849056
204,FTRWORRYd_W41,AGE,18-29,[0.42942576 0.42872013 0.11499628 0.02685782],0.0003362764265856686
205,FTRWORRYd_W41,AGE,30-49,[0.46187805 0.3964391  0.11588924 0.0257936 ],0.00468786522214201
206,FTRWORRYd_W41,AGE,50-64,[0.50850998 0.3727795  0.09825845 0.02045208],0.0012664396673044594
207,FTRWORRYd_W41,AGE,65+,[0.51822088 0.38435785 0.08555793 0.01186335],0.0036543428823604604
208,GOVPRIOe_W41,AGE,18-29,[0.50852076 0.32284747 0.12250105 0.04613073],0.0
209,GOVPRIOe_W41,AGE,30-49,[0.42117578 0.37677872 0.14492613 0.05711937],0.005884421980267259
210,GOVPRIOe_W41,AGE,50-64,[0.43947037 0.35974176 0.14148608 0.05930179],0.002272931850276026
211,GOVPRIOe_W41,AGE,65+,[0.38814268 0.39780802 0.16051194 0.05353736],0.00479905584802611
212,HAPPENa_W41,AGE,18-29,[0.46321268 0.53678732],0.08753599043214678
213,HAPPENa_W41,AGE,30-49,[0.36442947 0.63557053],0.09699673839875522
214,HAPPENa_W41,AGE,50-64,[0.43088848 0.56911152],0.08250847343070213
215,HAPPENa_W41,AGE,65+,[0.4177692 0.5822308],0.05329301852571878
216,SOLVPROBdF1_W41,AGE,18-29,[0.08257954 0.31762089 0.36163808 0.23816149],0.0006811105541068387
217,SOLVPROBdF1_W41,AGE,30-49,[0.05530937 0.3881102  0.38000948 0.17657096],0.006513339310010512
218,SOLVPROBdF1_W41,AGE,50-64,[0.06541335 0.36471239 0.33931225 0.23056201],0.011037379919404467
219,SOLVPROBdF1_W41,AGE,65+,[0.09962061 0.39518137 0.36120303 0.14399499],0.01953459080644384
220,HAPPEN2a_W41,AGE,18-29,[0.12085496 0.45040303 0.35705907 0.07168295],0.005866436630861914
221,HAPPEN2a_W41,AGE,30-49,[0.10991062 0.44762416 0.3922771  0.05018812],0.009504675240775199
222,HAPPEN2a_W41,AGE,50-64,[0.13536196 0.53131177 0.30395241 0.02937386],0.011539081807519318
223,HAPPEN2a_W41,AGE,65+,[0.11053869 0.52291324 0.35071562 0.01583245],0.007797565792178517
224,HAPPEN2h_W41,AGE,18-29,[0.0667255  0.29554454 0.49558732 0.14214264],0.009872672025946602
225,HAPPEN2h_W41,AGE,30-49,[0.04920503 0.28381669 0.55993256 0.10704572],0.01164324214949317
226,HAPPEN2h_W41,AGE,50-64,[0.08970168 0.35197539 0.50374563 0.0545773 ],0.0051795899814956765
227,HAPPEN2h_W41,AGE,65+,[0.07186511 0.37537558 0.49680067 0.05595864],0.011702419620336614
228,SSCUT_W41,AGE,18-29,[0.34825773 0.65174227],0.001698852252981426
229,SSCUT_W41,AGE,30-49,[0.27035716 0.72964284],0.014343187486947975
230,SSCUT_W41,AGE,50-64,[0.18799673 0.81200327],0.007840687668037034
231,SSCUT_W41,AGE,65+,[0.21024803 0.78975197],0.005764038254318497
232,FUTR_DIV_W41,AGE,18-29,[0.35128322 0.17925417 0.46946261],0.007407292025897069
233,FUTR_DIV_W41,AGE,30-49,[0.29155283 0.13928613 0.56916104],0.011853263455951089
234,FUTR_DIV_W41,AGE,50-64,[0.26216765 0.07736442 0.66046793],0.01782976123806252
235,FUTR_DIV_W41,AGE,65+,[0.27592493 0.06965848 0.65441659],0.01173442276356577
236,ELDFINANCEF1_W41,AGE,18-29,[0.41675331 0.25050332 0.33274336],0.0017320605305913416
237,ELDFINANCEF1_W41,AGE,30-49,[0.36057642 0.24457854 0.39484505],0.004567177438345978
238,ELDFINANCEF1_W41,AGE,50-64,[0.36497804 0.31634705 0.3186749 ],0.015103917692367243
239,ELDFINANCEF1_W41,AGE,65+,[0.27720114 0.33156357 0.39123529],0.0060022849793896355
240,ENVC_W41,AGE,18-29,[0.14097818 0.68664213 0.17237969],0.0030201120092932083
241,ENVC_W41,AGE,30-49,[0.15350195 0.63399534 0.21250271],0.003864519570868832
242,ENVC_W41,AGE,50-64,[0.14975102 0.54979641 0.30045257],0.001589606532863619
243,ENVC_W41,AGE,65+,[0.19697841 0.46497074 0.33805085],0.0028230732188318846
244,GOVPRIOa_W41,AGE,18-29,[0.40429451 0.45012805 0.12931312 0.01626433],0.0014798932454210413
245,GOVPRIOa_W41,AGE,30-49,[0.49010878 0.39373997 0.10103425 0.015117  ],0.008444105354254118
246,GOVPRIOa_W41,AGE,50-64,[0.51832172 0.41789052 0.0604028  0.00338496],0.00584361080941103
247,GOVPRIOa_W41,AGE,65+,[0.54794249 0.41290016 0.03915736 0.        ],0.0027696590910228744
248,ELDFINANCEF2_W41,AGE,18-29,[0.16078791 0.55846553 0.28074656],0.0314731800234446
249,ELDFINANCEF2_W41,AGE,30-49,[0.17844971 0.52055171 0.30099858],0.018088820541739443
250,ELDFINANCEF2_W41,AGE,50-64,[0.11307389 0.67999752 0.20692858],0.024578307405466727
251,ELDFINANCEF2_W41,AGE,65+,[0.12956256 0.491331   0.37910644],0.028553964970997645
252,HAPPENg_W41,AGE,18-29,[0.55834124 0.44165876],0.12450908352494029
253,HAPPENg_W41,AGE,30-49,[0.58070349 0.41929651],0.10063160003645534
254,HAPPENg_W41,AGE,50-64,[0.51189283 0.48810717],0.07448298521200158
255,HAPPENg_W41,AGE,65+,[0.50997014 0.49002986],0.050639375999532624
256,OPTIMIST_W41,AGE,18-29,[0.13365204 0.4787283  0.28069044 0.10692923],0.0
257,OPTIMIST_W41,AGE,30-49,[0.11658245 0.41624126 0.31261822 0.15455807],0.004302611592349956
258,OPTIMIST_W41,AGE,50-64,[0.11456779 0.44428118 0.31377659 0.12737444],0.003402531113165992
259,OPTIMIST_W41,AGE,65+,[0.10375037 0.43416042 0.34515339 0.11693582],0.0004946760621818975
260,JOBBENEFITS_W41,AGE,18-29,[0.24214284 0.4036043  0.35425287],0.01007628401134736
261,JOBBENEFITS_W41,AGE,30-49,[0.23714208 0.38834754 0.37451037],0.0018254883246022274
262,JOBBENEFITS_W41,AGE,50-64,[0.2046646  0.44042743 0.35490797],0.013025535366490329
263,JOBBENEFITS_W41,AGE,65+,[0.2113484  0.42530242 0.36334918],0.003125092702055385
264,AUTOLKLY_W41,AGE,18-29,[0.1468006  0.25307029 0.39307049 0.20705863],0.016183953234059884
265,AUTOLKLY_W41,AGE,30-49,[0.11552092 0.23422213 0.38987358 0.26038336],0.0018864799619403327
266,AUTOLKLY_W41,AGE,50-64,[0.09200835 0.27586351 0.37209074 0.2600374 ],0.0
267,AUTOLKLY_W41,AGE,65+,[0.09544164 0.28974578 0.37258397 0.24222861],0.0
268,SOLVPROBa_W41,AGE,18-29,[0.47967259 0.37833739 0.09571221 0.04627781],0.015028240294992539
269,SOLVPROBa_W41,AGE,30-49,[0.4399246  0.44432372 0.08328432 0.03246737],0.013574490050800185
270,SOLVPROBa_W41,AGE,50-64,[0.38941904 0.49003199 0.08686985 0.03367912],0.019905793297983854
271,SOLVPROBa_W41,AGE,65+,[0.43291438 0.47169412 0.06509807 0.03029344],0.02134492763495113
272,SOLVPROBi_W41,AGE,18-29,[0.29125574 0.50690938 0.15832468 0.0435102 ],0.0011757650024729796
273,SOLVPROBi_W41,AGE,30-49,[0.2704672  0.54423171 0.15317101 0.03213008],0.013706844361930336
274,SOLVPROBi_W41,AGE,50-64,[0.2123102  0.52977595 0.19339026 0.06452359],0.01900115692944579
275,SOLVPROBi_W41,AGE,65+,[0.22086198 0.55171436 0.18613663 0.04128704],0.01720763506221106
276,HAPPEN2b_W41,AGE,18-29,[0.28357751 0.45193523 0.21794554 0.04654172],0.002247118374322272
277,HAPPEN2b_W41,AGE,30-49,[0.20612206 0.47356364 0.27661025 0.04370406],0.006437423822753877
278,HAPPEN2b_W41,AGE,50-64,[0.20207393 0.42843497 0.33286714 0.03662396],0.002047097024401534
279,HAPPEN2b_W41,AGE,65+,[0.15146341 0.50789403 0.31421982 0.02642274],0.00830502508640363
280,HAPPEN2c_W41,AGE,18-29,[0.07465137 0.45974043 0.40902845 0.05657975],0.013262052472273245
281,HAPPEN2c_W41,AGE,30-49,[0.08479107 0.45952296 0.41098488 0.04470109],0.008682805499655706
282,HAPPEN2c_W41,AGE,50-64,[0.08924935 0.53052288 0.32389071 0.05633707],0.010584837277201529
283,HAPPEN2c_W41,AGE,65+,[0.09699474 0.60785582 0.2903922  0.00475723],0.006437408310218436
284,INTRMAR_W41,AGE,18-29,[0.38957582 0.19110605 0.05325646 0.04416332 0.32189836],0.0027302615815928263
285,INTRMAR_W41,AGE,30-49,[0.35541809 0.16080106 0.06281643 0.02035268 0.40061174],0.005081732372806013
286,INTRMAR_W41,AGE,50-64,[0.22531169 0.23278573 0.06813152 0.03983334 0.43393772],0.014944218560684399
287,INTRMAR_W41,AGE,65+,[0.22488181 0.18213944 0.1077831  0.0399897  0.44520595],0.006460581839013891
288,FUTR_M_W41,AGE,18-29,[0.09406915 0.5109498  0.39498105],0.00569428176028143
289,FUTR_M_W41,AGE,30-49,[0.07249801 0.56470362 0.36279837],0.010485872512570016
290,FUTR_M_W41,AGE,50-64,[0.06059696 0.49700512 0.44239792],0.015607369920116253
291,FUTR_M_W41,AGE,65+,[0.06223898 0.5349975  0.40276351],0.0032361433510389756
292,SSMONEY_W41,AGE,18-29,[0.15021051 0.42887295 0.42091654],0.012951185312299583
293,SSMONEY_W41,AGE,30-49,[0.1113047  0.36888827 0.51980702],0.0073325235695288005
294,SSMONEY_W41,AGE,50-64,[0.19777403 0.49760871 0.30461727],0.010732743053590097
295,SSMONEY_W41,AGE,65+,[0.38575462 0.45098769 0.16325769],0.0
296,GOVPRIOoF2_W41,AGE,18-29,[0.60533397 0.23958563 0.09818553 0.05689487],0.0
297,GOVPRIOoF2_W41,AGE,30-49,[0.48244084 0.29407178 0.1417311  0.08175629],0.009862715609497448
298,GOVPRIOoF2_W41,AGE,50-64,[0.42541454 0.29620399 0.20139573 0.07698573],0.0
299,GOVPRIOoF2_W41,AGE,65+,[0.44212439 0.28316743 0.20851706 0.06619111],0.0019516022709020378
300,HAPPENiF2_W41,AGE,18-29,[0.49727308 0.50272692],0.10091155228114836
301,HAPPENiF2_W41,AGE,30-49,[0.46301074 0.53698926],0.11066233683494613
302,HAPPENiF2_W41,AGE,50-64,[0.44994237 0.55005763],0.07700637491045366
303,HAPPENiF2_W41,AGE,65+,[0.41553656 0.58446344],0.04956562540706112
304,HARASS1F1b_W41,AGE,18-29,[0.49510064 0.34051651 0.16438286],0.0
305,HARASS1F1b_W41,AGE,30-49,[0.43170117 0.36324982 0.20504902],0.010643313981996005
306,HARASS1F1b_W41,AGE,50-64,[0.58887507 0.31548336 0.09564157],0.011931465834946916
307,HARASS1F1b_W41,AGE,65+,[0.54101925 0.3910707  0.06791004],0.0011676363664317232
308,FUTRCLASSc_W41,AGE,18-29,[0.60417612 0.23666865 0.15915523],0.002115195839713406
309,FUTRCLASSc_W41,AGE,30-49,[0.68163118 0.16605127 0.15231755],0.0032103483041919303
310,FUTRCLASSc_W41,AGE,50-64,[0.63413584 0.16453473 0.20132944],0.0015755909483115105
311,FUTRCLASSc_W41,AGE,65+,[0.54248202 0.16783254 0.28968544],0.009242879498084998
312,LEGALIMG_W41,AGE,18-29,[0.32275294 0.55814965 0.11909741],0.021804479283517277
313,LEGALIMG_W41,AGE,30-49,[0.2877719  0.50620632 0.20602178],0.008770395471930387
314,LEGALIMG_W41,AGE,50-64,[0.21470155 0.48699415 0.2983043 ],0.0066586453500853
315,LEGALIMG_W41,AGE,65+,[0.28179828 0.46189237 0.25630935],0.003667084499526535
316,HARASS4_W41,AGE,18-29,[0.54169273 0.45830727],0.0027659911189619997
317,HARASS4_W41,AGE,30-49,[0.55203119 0.44796881],0.007677742874309619
318,HARASS4_W41,AGE,50-64,[0.53210576 0.46789424],0.007696106934186119
319,HARASS4_W41,AGE,65+,[0.41941098 0.58058902],0.0019438013282895535
320,ETHNCMAJMOD_W41,AGE,18-29,[0.24989991 0.25274718 0.08882972 0.06285754 0.34566564],0.0029663596412654275
321,ETHNCMAJMOD_W41,AGE,30-49,[0.20325322 0.16316432 0.14628565 0.06373962 0.42355718],0.006883562248284338
322,ETHNCMAJMOD_W41,AGE,50-64,[0.11910994 0.17578803 0.18373772 0.08285727 0.43850705],0.005567864962519105
323,ETHNCMAJMOD_W41,AGE,65+,[0.09376468 0.15650575 0.18395383 0.10714558 0.45863016],0.008543035368694517
324,SOLVPROBf_W41,AGE,18-29,[0.09009742 0.30928145 0.35098142 0.24963971],0.005704516801830225
325,SOLVPROBf_W41,AGE,30-49,[0.09937118 0.27800608 0.35200311 0.27061963],0.01414125645849178
326,SOLVPROBf_W41,AGE,50-64,[0.11515528 0.33964053 0.29321906 0.25198513],0.021626405751171637
327,SOLVPROBf_W41,AGE,65+,[0.13635297 0.36852024 0.23359687 0.26152992],0.012064897938582939
328,HAPPENc_W41,AGE,18-29,[0.60262929 0.39737071],0.11656785287004114
329,HAPPENc_W41,AGE,30-49,[0.56253868 0.43746132],0.10410705996203291
330,HAPPENc_W41,AGE,50-64,[0.50743132 0.49256868],0.08145961278738391
331,HAPPENc_W41,AGE,65+,[0.57519163 0.42480837],0.06527298984185477
332,FTRWORRYa_W41,AGE,18-29,[0.26559322 0.44731102 0.2326738  0.05442196],0.0025833948009079404
333,FTRWORRYa_W41,AGE,30-49,[0.28711991 0.46713024 0.21482588 0.03092397],0.007390947627091442
334,FTRWORRYa_W41,AGE,50-64,[0.29753819 0.44833884 0.23690392 0.01721905],0.002707298861496607
335,FTRWORRYa_W41,AGE,65+,[0.29927916 0.44827199 0.22268808 0.02976076],0.006626775280064738
336,HAPPEN2d_W41,AGE,18-29,[0.15040148 0.38680943 0.36338875 0.09940034],0.007558750460762536
337,HAPPEN2d_W41,AGE,30-49,[0.14719656 0.43449272 0.34614968 0.07216104],0.010724735528173076
338,HAPPEN2d_W41,AGE,50-64,[0.10622401 0.38407556 0.42219067 0.08750976],0.008030987732642594
339,HAPPEN2d_W41,AGE,65+,[0.1016637  0.43905251 0.4005345  0.05874929],0.010559039683490345
340,POPPROB_W41,AGE,18-29,[0.44910582 0.35707968 0.1938145 ],0.0014666467661355919
341,POPPROB_W41,AGE,30-49,[0.43060426 0.3795727  0.18982304],0.0032877799687023456
342,POPPROB_W41,AGE,50-64,[0.47776409 0.33231668 0.18991923],0.0019323180903391152
343,POPPROB_W41,AGE,65+,[0.46521037 0.37281522 0.16197441],0.011940499579265034
344,GOVPRIOc_W41,AGE,18-29,[0.66707892 0.20999127 0.08609783 0.03683198],0.0014798932454210415
345,GOVPRIOc_W41,AGE,30-49,[0.67056007 0.19970354 0.09109087 0.03864551],0.0009739919692213176
346,GOVPRIOc_W41,AGE,50-64,[0.72609324 0.16756356 0.05496737 0.05137583],0.0028109951424451452
347,GOVPRIOc_W41,AGE,65+,[0.66430309 0.23610294 0.03203172 0.06756225],0.0009943315970478864
348,GOVPRIOgF1_W41,AGE,18-29,[0.18048443 0.31407301 0.32106665 0.18437591],0.0
349,GOVPRIOgF1_W41,AGE,30-49,[0.35394101 0.28562651 0.28607361 0.07435887],0.0
350,GOVPRIOgF1_W41,AGE,50-64,[0.48639768 0.30031617 0.15405763 0.05922852],0.005604946484199111
351,GOVPRIOgF1_W41,AGE,65+,[0.46926886 0.25794035 0.17351098 0.0992798 ],0.0043214467071133675
352,HARASS3NOWRKF2_W41,AGE,18-29,[0.12173108 0.45053058 0.42773834],0.01033794673152859
353,HARASS3NOWRKF2_W41,AGE,30-49,[0.16364337 0.48873798 0.34761865],0.0029178193475380555
354,HARASS3NOWRKF2_W41,AGE,50-64,[0.10266977 0.57845113 0.3188791 ],0.014882427189909203
355,HARASS3NOWRKF2_W41,AGE,65+,[0.09821931 0.70296607 0.19881462],0.0
356,HARASS1NOWRKF2a_W41,AGE,18-29,[0.51717601 0.38342457 0.09939942],0.005899476409346404
357,HARASS1NOWRKF2a_W41,AGE,30-49,[0.47583449 0.40775185 0.11641366],0.0
358,HARASS1NOWRKF2a_W41,AGE,50-64,[0.50396759 0.41896901 0.0770634 ],0.0
359,HARASS1NOWRKF2a_W41,AGE,65+,[0.45527505 0.45065577 0.09406918],0.0053313283664498815
0,AVGFAM_W41,SEX,Female,[0.16156376 0.36802858 0.47040766],0.005096613264215895
1,AVGFAM_W41,SEX,Male,[0.25030206 0.33307744 0.4166205 ],0.002048260585690931
2,HARASS5_W41,SEX,Female,[0.12740933 0.32927907 0.54331159],0.0024288698789926436
3,HARASS5_W41,SEX,Male,[0.16367382 0.43357526 0.40275091],0.0
4,GOVPRIOmF2_W41,SEX,Female,[0.52738237 0.36671611 0.07311765 0.03278387],0.008500514567843386
5,GOVPRIOmF2_W41,SEX,Male,[0.42525213 0.40490373 0.11377093 0.05607321],0.008378913955821807
6,SOLVPROBg_W41,SEX,Female,[0.22324231 0.52281587 0.18373399 0.07020782],0.024176311450987094
7,SOLVPROBg_W41,SEX,Male,[0.20864638 0.50318261 0.1955509  0.09262011],0.01053688992688474
8,HARASS1F1a_W41,SEX,Female,[0.46647244 0.41929772 0.11422985],0.012255727168651835
9,HARASS1F1a_W41,SEX,Male,[0.46263144 0.40232893 0.13503963],0.003080552338354006
10,ROBWRK2_W41,SEX,Female,[0.03095413 0.20020273 0.44167155 0.32717159],0.003388210892912783
11,ROBWRK2_W41,SEX,Male,[0.10570792 0.2928922  0.36003072 0.24136916],0.001981417612961906
12,ROBWRK_W41,SEX,Female,[0.27473353 0.56083109 0.14777898 0.0166564 ],0.0022831524694102512
13,ROBWRK_W41,SEX,Male,[0.32672985 0.48556765 0.17403193 0.01367057],0.003371219649500632
14,GOVPRIOnF2_W41,SEX,Female,[0.1708148  0.31696875 0.19651043 0.31570601],0.007421865467285363
15,GOVPRIOnF2_W41,SEX,Male,[0.1177077 0.2647956 0.1607581 0.4567386],0.008528044936148203
16,HARASS1NOWRKF2c_W41,SEX,Female,[0.75652716 0.22521227 0.01826057],0.005273103759153521
17,HARASS1NOWRKF2c_W41,SEX,Male,[0.62387603 0.31338907 0.0627349 ],0.0005074912768853117
18,HAPPENd_W41,SEX,Female,[0.34711479 0.65288521],0.0989310167442869
19,HAPPENd_W41,SEX,Male,[0.33880653 0.66119347],0.08507271838892363
20,GOVPRIOd_W41,SEX,Female,[0.30320017 0.50723307 0.16254924 0.02701752],0.003551664795673202
21,GOVPRIOd_W41,SEX,Male,[0.37676326 0.45069746 0.15173993 0.02079935],0.0006063214689917554
22,HAPPEN2f_W41,SEX,Female,[0.11050747 0.51975835 0.30543268 0.06430149],0.008019595593479223
23,HAPPEN2f_W41,SEX,Male,[0.14478501 0.54548432 0.25624178 0.0534889 ],0.01093480021596955
24,FUTRCLASSb_W41,SEX,Female,[0.29126504 0.40779377 0.30094119],0.005189174216699572
25,FUTRCLASSb_W41,SEX,Male,[0.26109927 0.51769207 0.22120866],0.0035476258158908098
26,NATDEBT_W41,SEX,Female,[0.60833841 0.22259575 0.14954158 0.01952426],0.004149943346569265
27,NATDEBT_W41,SEX,Male,[0.66203883 0.18991486 0.1291725  0.01887381],0.0013916022324007445
28,AGEMAJ_W41,SEX,Female,[0.04115289 0.16230731 0.38605069 0.11137831 0.2991108 ],0.013670262906863176
29,AGEMAJ_W41,SEX,Male,[0.03788253 0.09388339 0.46905036 0.17514252 0.2240412 ],0.004686467177751922
30,HAPPENe_W41,SEX,Female,[0.79437856 0.20562144],0.07555673541184527
31,HAPPENe_W41,SEX,Male,[0.79185352 0.20814648],0.07892866072672566
32,ROBIMPACTb_W41,SEX,Female,[0.29036622 0.70963378],0.011512994879666234
33,ROBIMPACTb_W41,SEX,Male,[0.3886211 0.6113789],0.0079662142224845
34,HARASS1NOWRKF2d_W41,SEX,Female,[0.70612422 0.24186806 0.05200772],0.011760421883985428
35,HARASS1NOWRKF2d_W41,SEX,Male,[0.49055189 0.39414775 0.11530036],0.0024890487779915863
36,HARASS1F1c_W41,SEX,Female,[0.71901773 0.23943079 0.04155148],0.010729297689912988
37,HARASS1F1c_W41,SEX,Male,[0.55668175 0.36319793 0.08012032],0.0030805523383540053
38,HAPPENf_W41,SEX,Female,[0.4193787 0.5806213],0.10332384572000053
39,HAPPENf_W41,SEX,Male,[0.42847805 0.57152195],0.08148866340262544
40,FTRWORRYe_W41,SEX,Female,[0.46489154 0.32084334 0.17945224 0.03481289],0.0003889367117527569
41,FTRWORRYe_W41,SEX,Male,[0.38358493 0.35941173 0.19682396 0.06017937],0.000997546323756364
42,GOVPRIOjF1_W41,SEX,Female,[0.41152696 0.397632   0.1286201  0.06222094],0.0
43,GOVPRIOjF1_W41,SEX,Male,[0.37039201 0.32324355 0.20944855 0.0969159 ],0.0
44,SOLVPROBh_W41,SEX,Female,[0.24110897 0.55896255 0.13625879 0.06366969],0.017877033613101296
45,SOLVPROBh_W41,SEX,Male,[0.23965805 0.45895715 0.19166345 0.10972135],0.007310783515740612
46,GOVPRIOhF1_W41,SEX,Female,[0.22894337 0.23711615 0.15197395 0.38196653],0.003555980705388768
47,GOVPRIOhF1_W41,SEX,Male,[0.17456763 0.22304518 0.19399613 0.40839107],0.0018315150832136095
48,FTRWORRYb_W41,SEX,Female,[0.40306891 0.37061573 0.18730316 0.03901221],0.005223458098199908
49,FTRWORRYb_W41,SEX,Male,[0.39439443 0.37753612 0.19144236 0.03662709],0.002054465014806641
50,ROBIMPACTa_W41,SEX,Female,[0.74840418 0.25159582],0.010160777143354142
51,ROBIMPACTa_W41,SEX,Male,[0.79811035 0.20188965],0.011420689306519308
52,FTRWORRYf_W41,SEX,Female,[0.43201781 0.29484081 0.20082066 0.07232072],0.0017551898878367127
53,FTRWORRYf_W41,SEX,Male,[0.39696801 0.26351697 0.21131475 0.12820027],0.0038694019845225674
54,GOVPRIOfF1_W41,SEX,Female,[0.23758152 0.33893764 0.22096077 0.20252007],0.008058620265542592
55,GOVPRIOfF1_W41,SEX,Male,[0.23084612 0.29864114 0.24231829 0.22819445],0.004656736372888092
56,GOVPRIOb_W41,SEX,Female,[0.58125912 0.33402277 0.0544259  0.0302922 ],0.005565796096163043
57,GOVPRIOb_W41,SEX,Male,[0.49647362 0.32440232 0.11133238 0.06779168],0.0
58,SOLVPROBc_W41,SEX,Female,[0.15801417 0.47498356 0.25139506 0.1156072 ],0.021179679414222646
59,SOLVPROBc_W41,SEX,Male,[0.1402829  0.41583847 0.27373974 0.17013889],0.015215293491854858
60,FUTRCLASSa_W41,SEX,Female,[0.32958381 0.22977954 0.44063665],0.006581244846984845
61,FUTRCLASSa_W41,SEX,Male,[0.3371649  0.21913771 0.44369739],0.0013672342288404444
62,GOVPRIOkF2_W41,SEX,Female,[0.25560658 0.40885942 0.19909175 0.13644226],0.005824237436242863
63,GOVPRIOkF2_W41,SEX,Male,[0.20188371 0.3857111  0.21024066 0.20216453],0.01015522380725394
64,HAPPENb_W41,SEX,Female,[0.35143194 0.64856806],0.08663899117448415
65,HAPPENb_W41,SEX,Male,[0.39325452 0.60674548],0.08376481388567034
66,HAPPENhF1_W41,SEX,Female,[0.34423783 0.65576217],0.08551360182398297
67,HAPPENhF1_W41,SEX,Male,[0.40863054 0.59136946],0.08306044542055305
68,ELDCARE_W41,SEX,Female,[0.26093143 0.73906857],0.007251558247966425
69,ELDCARE_W41,SEX,Male,[0.29025207 0.70974793],0.0072004480552356875
70,JOBSECURITY_W41,SEX,Female,[0.15068884 0.47000545 0.37930571],0.013013616992199812
71,JOBSECURITY_W41,SEX,Male,[0.12575498 0.52732199 0.34692302],0.003989733925201007
72,GOVPRIOlF2_W41,SEX,Female,[0.16321808 0.42755005 0.30104826 0.10818361],0.006078735396941041
73,GOVPRIOlF2_W41,SEX,Male,[0.18239999 0.36741368 0.33162606 0.11856027],0.0027335234046338914
74,FUTR_K_W41,SEX,Female,[0.08938806 0.44460876 0.46600318],0.007544892916371101
75,FUTR_K_W41,SEX,Male,[0.10968973 0.47902556 0.41128471],0.014307382693536262
76,WRKTRN1F1_W41,SEX,Female,[0.11989869 0.12053137 0.4205939  0.33897604],0.0015250870507621315
77,WRKTRN1F1_W41,SEX,Male,[0.09668119 0.10035138 0.36077411 0.44219332],0.0006770011426010414
78,FTRWORRYc_W41,SEX,Female,[0.48580316 0.37861534 0.11785378 0.01772773],0.007982411183368503
79,FTRWORRYc_W41,SEX,Male,[0.50708468 0.36776647 0.09642593 0.02872293],0.004637438224088489
80,HAPPEN2e_W41,SEX,Female,[0.2882817  0.5515678  0.13421931 0.02593118],0.0028714323329197054
81,HAPPEN2e_W41,SEX,Male,[0.3247195  0.57510813 0.08224854 0.01792382],0.003417144130914306
82,SOLVPROBb_W41,SEX,Female,[0.08326445 0.43617944 0.33199783 0.14855828],0.02296421233266454
83,SOLVPROBb_W41,SEX,Male,[0.10121339 0.40539361 0.32138361 0.17200939],0.00700766719048851
84,HARASS3F1_W41,SEX,Female,[0.12283302 0.5424595  0.33470748],0.006476895684089807
85,HARASS3F1_W41,SEX,Male,[0.1375769  0.55264855 0.30977455],0.008440114902456943
86,SOLVPROBeF2_W41,SEX,Female,[0.10295498 0.54539972 0.25815809 0.09348721],0.025520937877315103
87,SOLVPROBeF2_W41,SEX,Male,[0.13126548 0.52107722 0.28393904 0.06371826],0.011598585333865196
88,FUTR_ABR_W41,SEX,Female,[0.22822407 0.5443993  0.15887293 0.0685037 ],0.015431792126893404
89,FUTR_ABR_W41,SEX,Male,[0.21021153 0.57738342 0.17502751 0.03737753],0.015336835585928169
90,GOVPRIOiF1_W41,SEX,Female,[0.34081406 0.51115426 0.13864474 0.00938694],0.0
91,GOVPRIOiF1_W41,SEX,Male,[0.37150456 0.52479012 0.09489435 0.00881097],0.0
92,HAPPENj_W41,SEX,Female,[0.74958304 0.25041696],0.09722420247411824
93,HAPPENj_W41,SEX,Male,[0.67279224 0.32720776],0.09196644899772992
94,AUTOWKPLC_W41,SEX,Female,[0.19433788 0.5237224  0.28193972],0.011347498047869059
95,AUTOWKPLC_W41,SEX,Male,[0.25650563 0.45085609 0.29263828],0.00702791936734692
96,WRKTRN1F2_W41,SEX,Female,[0.11378588 0.03538781 0.55933139 0.29149492],0.009910641026807535
97,WRKTRN1F2_W41,SEX,Male,[0.0783541  0.05809558 0.50958453 0.35396579],0.002326425172845513
98,HARASS1F1d_W41,SEX,Female,[0.65078078 0.29788534 0.05133388],0.009164207988468396
99,HARASS1F1d_W41,SEX,Male,[0.54761742 0.34574069 0.10664189],0.0056955232044548
100,HAPPEN2g_W41,SEX,Female,[0.35414015 0.48260253 0.13105615 0.03220117],0.0032459084165267814
101,HAPPEN2g_W41,SEX,Male,[0.31854605 0.51388885 0.13638997 0.03117514],0.0034043441794422234
102,FTRWORRYd_W41,SEX,Female,[0.46290397 0.3988797  0.11621413 0.02200219],0.003970371796067477
103,FTRWORRYd_W41,SEX,Male,[0.49594715 0.3900251  0.09254666 0.02148109],0.0013429629995771776
104,GOVPRIOe_W41,SEX,Female,[0.45490532 0.38039688 0.11995669 0.04474111],0.004154726861439429
105,GOVPRIOe_W41,SEX,Male,[0.41879975 0.34900199 0.16678514 0.06541312],0.002865137420264567
106,HAPPENa_W41,SEX,Female,[0.39840529 0.60159471],0.08769110140891806
107,HAPPENa_W41,SEX,Male,[0.42821058 0.57178942],0.07746248985784132
108,SOLVPROBdF1_W41,SEX,Female,[0.08328258 0.36956841 0.36366364 0.18348537],0.010555004382055587
109,SOLVPROBdF1_W41,SEX,Male,[0.06079807 0.3692455  0.3599016  0.21005482],0.007647429826110261
110,HAPPEN2a_W41,SEX,Female,[0.13094056 0.49695632 0.33260129 0.03950184],0.008636167443350547
111,HAPPEN2a_W41,SEX,Male,[0.10568562 0.4736785  0.3759259  0.04470998],0.009300776429209954
112,HAPPEN2h_W41,SEX,Female,[0.07458493 0.33553034 0.51332079 0.07656393],0.013048443530619548
113,HAPPEN2h_W41,SEX,Male,[0.06080674 0.31070497 0.52491139 0.1035769 ],0.005868205413344908
114,SSCUT_W41,SEX,Female,[0.22353245 0.77646755],0.01196634910321578
115,SSCUT_W41,SEX,Male,[0.2831156 0.7168844],0.0044656307483333085
116,FUTR_DIV_W41,SEX,Female,[0.26569437 0.10957091 0.62473472],0.015348668117598383
117,FUTR_DIV_W41,SEX,Male,[0.32019688 0.12552731 0.55427581],0.00943177904938189
118,ELDFINANCEF1_W41,SEX,Female,[0.40302417 0.22832632 0.3686495 ],0.009233584131752402
119,ELDFINANCEF1_W41,SEX,Male,[0.30638877 0.33845088 0.35516035],0.004593428234423576
120,ENVC_W41,SEX,Female,[0.15127349 0.60706347 0.24166304],0.005124092491038049
121,ENVC_W41,SEX,Male,[0.16658044 0.56882019 0.26459937],0.0004700890473940326
122,GOVPRIOa_W41,SEX,Female,[0.49812827 0.41741884 0.07925174 0.00520115],0.008270669253971012
123,GOVPRIOa_W41,SEX,Male,[0.48688613 0.41222465 0.08746106 0.01342816],0.0019157737160720903
124,ELDFINANCEF2_W41,SEX,Female,[0.15795112 0.60474773 0.23730114],0.024444956535268618
125,ELDFINANCEF2_W41,SEX,Male,[0.13543455 0.52240679 0.34215866],0.024671578196839374
126,HAPPENg_W41,SEX,Female,[0.51063187 0.48936813],0.08553080441750242
127,HAPPENg_W41,SEX,Male,[0.57799258 0.42200742],0.0912441492093928
128,OPTIMIST_W41,SEX,Female,[0.09805463 0.46352089 0.31104271 0.12738177],0.003481556396366236
129,OPTIMIST_W41,SEX,Male,[0.13830061 0.41257834 0.31525669 0.13386436],0.0012980927643586034
130,JOBBENEFITS_W41,SEX,Female,[0.2236484  0.38095532 0.39539628],0.010210650063793262
131,JOBBENEFITS_W41,SEX,Male,[0.22708444 0.44533392 0.32758164],0.002876104993136296
132,AUTOLKLY_W41,SEX,Female,[0.10683    0.28032661 0.40325304 0.20959035],0.004357811989809165
133,AUTOLKLY_W41,SEX,Male,[0.12230124 0.23165932 0.36747314 0.2785663 ],0.004884232713239446
134,SOLVPROBa_W41,SEX,Female,[0.38847432 0.46662385 0.09860812 0.04629371],0.02143959192649482
135,SOLVPROBa_W41,SEX,Male,[0.48166302 0.42814521 0.06708341 0.02310835],0.012407444222062526
136,SOLVPROBi_W41,SEX,Female,[0.26498524 0.53440098 0.1599087  0.04070507],0.0180415457363709
137,SOLVPROBi_W41,SEX,Male,[0.23444506 0.53249031 0.18325528 0.04980935],0.008176752782637955
138,HAPPEN2b_W41,SEX,Female,[0.19767976 0.51850747 0.25515425 0.02865853],0.004532573301654727
139,HAPPEN2b_W41,SEX,Male,[0.2226373  0.40649113 0.32101017 0.04986139],0.005126214994474531
140,HAPPEN2c_W41,SEX,Female,[0.08451906 0.50847831 0.36654131 0.04046132],0.004149737012601095
141,HAPPEN2c_W41,SEX,Male,[0.08830933 0.50977607 0.35835349 0.04356111],0.015533902393842865
142,INTRMAR_W41,SEX,Female,[0.29568122 0.18583076 0.07775556 0.02607235 0.41466012],0.00480047969491786
143,INTRMAR_W41,SEX,Male,[0.30743882 0.19563614 0.06523795 0.04385281 0.38783427],0.0103600943608829
144,FUTR_M_W41,SEX,Female,[0.06849001 0.51730668 0.41420331],0.006681892510638842
145,FUTR_M_W41,SEX,Male,[0.07484515 0.54360786 0.38154699],0.012312077606445647
146,SSMONEY_W41,SEX,Female,[0.1458705  0.38687686 0.46725264],0.011588592568702757
147,SSMONEY_W41,SEX,Male,[0.17036575 0.45433088 0.37530337],0.006801459304447085
148,GOVPRIOoF2_W41,SEX,Female,[0.49331454 0.29261208 0.16255965 0.05151374],0.0035774041204664326
149,GOVPRIOoF2_W41,SEX,Male,[0.47307283 0.26835647 0.16386669 0.09470402],0.003709738565036635
150,HAPPENiF2_W41,SEX,Female,[0.39906266 0.60093734],0.08894091606229386
151,HAPPENiF2_W41,SEX,Male,[0.51882254 0.48117746],0.08510090009681129
152,HARASS1F1b_W41,SEX,Female,[0.49017679 0.36459403 0.14522918],0.009266164823142036
153,HARASS1F1b_W41,SEX,Male,[0.52684195 0.33702544 0.13613262],0.004369054377954625
154,FUTRCLASSc_W41,SEX,Female,[0.61052464 0.16936788 0.22010748],0.005120405916880927
155,FUTRCLASSc_W41,SEX,Male,[0.64242982 0.19132359 0.16624659],0.0023408628897455407
156,LEGALIMG_W41,SEX,Female,[0.25376362 0.51098263 0.23525375],0.011592800296243762
157,LEGALIMG_W41,SEX,Male,[0.29556025 0.49318803 0.21125173],0.007816814799154567
158,HARASS4_W41,SEX,Female,[0.6786583 0.3213417],0.007309540008150349
159,HARASS4_W41,SEX,Male,[0.34691674 0.65308326],0.0036158756284876575
160,ETHNCMAJMOD_W41,SEX,Female,[0.16750026 0.17486173 0.14563766 0.06940218 0.44259817],0.008791949755629629
161,ETHNCMAJMOD_W41,SEX,Male,[0.16875501 0.19080359 0.15980904 0.0857524  0.39487996],0.00317030678781184
162,SOLVPROBf_W41,SEX,Female,[0.11713706 0.35166412 0.30561564 0.22558318],0.016599904575369237
163,SOLVPROBf_W41,SEX,Male,[0.10185178 0.28193691 0.3188869  0.29732441],0.011174712350982866
164,HAPPENc_W41,SEX,Female,[0.52525501 0.47474499],0.08994594469160047
165,HAPPENc_W41,SEX,Male,[0.59330586 0.40669414],0.09557436008044458
166,FTRWORRYa_W41,SEX,Female,[0.31232753 0.46363953 0.18925881 0.03477414],0.007810408382985102
167,FTRWORRYa_W41,SEX,Male,[0.26218063 0.44397503 0.26533231 0.02851203],0.002051757999869014
168,HAPPEN2d_W41,SEX,Female,[0.09549513 0.42214326 0.3974916  0.08487002],0.01005013953494975
169,HAPPEN2d_W41,SEX,Male,[0.16225734 0.4014934  0.36385929 0.07238997],0.008574162182385402
170,POPPROB_W41,SEX,Female,[0.47906056 0.34682948 0.17410995],0.007038329841586527
171,POPPROB_W41,SEX,Male,[0.42726562 0.37667569 0.1960587 ],0.0013916022324007445
172,GOVPRIOc_W41,SEX,Female,[0.73478573 0.18393739 0.05038067 0.03089621],0.0030110029541733528
173,GOVPRIOc_W41,SEX,Male,[0.62769726 0.21908126 0.08800856 0.06521293],0.0
174,GOVPRIOgF1_W41,SEX,Female,[0.3523358  0.31115754 0.22353005 0.1129766 ],0.002699452679159641
175,GOVPRIOgF1_W41,SEX,Male,[0.40276343 0.26505094 0.25048037 0.08170526],0.0019079172193692097
176,HARASS3NOWRKF2_W41,SEX,Female,[0.11044101 0.53452361 0.35503538],0.00657787516269759
177,HARASS3NOWRKF2_W41,SEX,Male,[0.14177205 0.56651941 0.29170854],0.007475673848774466
178,HARASS1NOWRKF2a_W41,SEX,Female,[0.48139742 0.41587029 0.10273229],0.00430558152174157
179,HARASS1NOWRKF2a_W41,SEX,Male,[0.49633647 0.41141226 0.09225127],0.0
0,AVGFAM_W41,EDUCATION,Associate's degree,[0.25326056 0.28126882 0.46547061],0.0
1,AVGFAM_W41,EDUCATION,College graduate/some postgrad,[0.2077731  0.38150495 0.41072195],0.004072364509001303
2,AVGFAM_W41,EDUCATION,High school graduate,[0.19559825 0.33259145 0.47181029],0.0024419594877444924
3,AVGFAM_W41,EDUCATION,Less than high school,[0.21759943 0.39572975 0.38667082],0.0022978426668121303
4,AVGFAM_W41,EDUCATION,Postgraduate,[0.19119153 0.3699364  0.43887207],0.0
5,AVGFAM_W41,EDUCATION,"Some college, no degree",[0.19739334 0.35040362 0.45220304],0.00919317716485637
6,HARASS5_W41,EDUCATION,Associate's degree,[0.12827615 0.26079951 0.61092434],0.0
7,HARASS5_W41,EDUCATION,College graduate/some postgrad,[0.11198827 0.35814462 0.52986711],0.0
8,HARASS5_W41,EDUCATION,High school graduate,[0.1619799  0.34309426 0.49492583],0.005288085902172413
9,HARASS5_W41,EDUCATION,Less than high school,[0.1781261  0.39507301 0.42680089],0.0
10,HARASS5_W41,EDUCATION,Postgraduate,[0.13815026 0.42422111 0.43762863],0.0
11,HARASS5_W41,EDUCATION,"Some college, no degree",[0.1261685  0.36559895 0.50823255],0.0011291100952230183
12,GOVPRIOmF2_W41,EDUCATION,Associate's degree,[0.44118398 0.34228723 0.09027302 0.12625577],0.0
13,GOVPRIOmF2_W41,EDUCATION,College graduate/some postgrad,[0.41094678 0.41086887 0.13292358 0.04526077],0.0054793223049009665
14,GOVPRIOmF2_W41,EDUCATION,High school graduate,[0.56767962 0.33957415 0.06805428 0.02469196],0.011169844157919816
15,GOVPRIOmF2_W41,EDUCATION,Less than high school,[0.61663887 0.29222964 0.0607105  0.03042098],0.021838741038084898
16,GOVPRIOmF2_W41,EDUCATION,Postgraduate,[0.34911618 0.46019001 0.14514835 0.04554546],0.0
17,GOVPRIOmF2_W41,EDUCATION,"Some college, no degree",[0.433729   0.44898771 0.07935693 0.03792636],0.009314435782566684
18,SOLVPROBg_W41,EDUCATION,Associate's degree,[0.1955609  0.51769823 0.2021679  0.08457297],0.012348010036847228
19,SOLVPROBg_W41,EDUCATION,College graduate/some postgrad,[0.16291232 0.54222204 0.20961022 0.08525542],0.0122098576326867
20,SOLVPROBg_W41,EDUCATION,High school graduate,[0.29573828 0.49007805 0.1206632  0.09352047],0.021911260085846263
21,SOLVPROBg_W41,EDUCATION,Less than high school,[0.30603015 0.47781198 0.14611867 0.0700392 ],0.02374719009185917
22,SOLVPROBg_W41,EDUCATION,Postgraduate,[0.09877699 0.56437865 0.26266139 0.07418297],0.01967497702019797
23,SOLVPROBg_W41,EDUCATION,"Some college, no degree",[0.19425293 0.50687447 0.22791495 0.07095765],0.014671312914675678
24,HARASS1F1a_W41,EDUCATION,Associate's degree,[0.41315641 0.49147731 0.09536628],0.013878353719388649
25,HARASS1F1a_W41,EDUCATION,College graduate/some postgrad,[0.36872655 0.43481788 0.19645558],0.0
26,HARASS1F1a_W41,EDUCATION,High school graduate,[0.56109512 0.35031354 0.08859134],0.007128992440584132
27,HARASS1F1a_W41,EDUCATION,Less than high school,[0.67443975 0.27338254 0.05217771],0.0
28,HARASS1F1a_W41,EDUCATION,Postgraduate,[0.23597621 0.58111422 0.18290957],0.018424945563795165
29,HARASS1F1a_W41,EDUCATION,"Some college, no degree",[0.46567074 0.40851012 0.12581915],0.0
30,ROBWRK2_W41,EDUCATION,Associate's degree,[0.07123687 0.28444525 0.31584222 0.32847566],0.0022784399175711768
31,ROBWRK2_W41,EDUCATION,College graduate/some postgrad,[0.0763668  0.3090889  0.45443491 0.16010939],0.005177430975544131
32,ROBWRK2_W41,EDUCATION,High school graduate,[0.04760304 0.16505747 0.38511807 0.40222142],0.0019422145987407732
33,ROBWRK2_W41,EDUCATION,Less than high school,[0.07955585 0.14675831 0.41004498 0.36364085],0.0
34,ROBWRK2_W41,EDUCATION,Postgraduate,[0.07370331 0.39954398 0.43829788 0.08845482],0.004997266161046236
35,ROBWRK2_W41,EDUCATION,"Some college, no degree",[0.07199498 0.25129209 0.40356909 0.27314384],0.002243983466772117
36,ROBWRK_W41,EDUCATION,Associate's degree,[0.22022661 0.56434294 0.18508538 0.03034506],0.0
37,ROBWRK_W41,EDUCATION,College graduate/some postgrad,[0.29187607 0.5085644  0.19621722 0.00334232],0.0006048014091542342
38,ROBWRK_W41,EDUCATION,High school graduate,[0.32089236 0.51222974 0.14010175 0.02677614],0.00260936239696519
39,ROBWRK_W41,EDUCATION,Less than high school,[0.35437453 0.56662857 0.07299018 0.00600672],0.011687702796784456
40,ROBWRK_W41,EDUCATION,Postgraduate,[0.26147947 0.52415732 0.21076517 0.00359804],0.0
41,ROBWRK_W41,EDUCATION,"Some college, no degree",[0.31143373 0.51276059 0.16229933 0.01350635],0.0034754898102114427
42,GOVPRIOnF2_W41,EDUCATION,Associate's degree,[0.17485384 0.31860782 0.11896202 0.38757632],0.01403942677317695
43,GOVPRIOnF2_W41,EDUCATION,College graduate/some postgrad,[0.14408607 0.1831905  0.22775098 0.44497244],0.0020120221391274496
44,GOVPRIOnF2_W41,EDUCATION,High school graduate,[0.14646244 0.33424121 0.22538572 0.29391063],0.006587070857687562
45,GOVPRIOnF2_W41,EDUCATION,Less than high school,[0.23819984 0.44316553 0.11725883 0.2013758 ],0.041101359568648486
46,GOVPRIOnF2_W41,EDUCATION,Postgraduate,[0.10103038 0.18500176 0.1232884  0.59067946],0.0
47,GOVPRIOnF2_W41,EDUCATION,"Some college, no degree",[0.11612633 0.30705197 0.17343785 0.40338384],0.0
48,HARASS1NOWRKF2c_W41,EDUCATION,Associate's degree,[0.6949285  0.25020571 0.05486579],0.0
49,HARASS1NOWRKF2c_W41,EDUCATION,College graduate/some postgrad,[0.68116263 0.28476704 0.03407033],0.0
50,HARASS1NOWRKF2c_W41,EDUCATION,High school graduate,[0.62585677 0.32577155 0.04837169],0.0013471391675747217
51,HARASS1NOWRKF2c_W41,EDUCATION,Less than high school,[0.76763983 0.20853596 0.02382421],0.0
52,HARASS1NOWRKF2c_W41,EDUCATION,Postgraduate,[0.72379766 0.24134823 0.03485411],0.0019851967895407035
53,HARASS1NOWRKF2c_W41,EDUCATION,"Some college, no degree",[0.72735165 0.23523826 0.03741009],0.010880596069272299
54,HAPPENd_W41,EDUCATION,Associate's degree,[0.3859724 0.6140276],0.06803380207517268
55,HAPPENd_W41,EDUCATION,College graduate/some postgrad,[0.35314912 0.64685088],0.04739264350930768
56,HAPPENd_W41,EDUCATION,High school graduate,[0.42206551 0.57793449],0.12358401417975687
57,HAPPENd_W41,EDUCATION,Less than high school,[0.33226445 0.66773555],0.1550167859989238
58,HAPPENd_W41,EDUCATION,Postgraduate,[0.17226425 0.82773575],0.05324490697373717
59,HAPPENd_W41,EDUCATION,"Some college, no degree",[0.33144475 0.66855525],0.0861376046957271
60,GOVPRIOd_W41,EDUCATION,Associate's degree,[0.3548376  0.48361537 0.12323786 0.03830917],0.0
61,GOVPRIOd_W41,EDUCATION,College graduate/some postgrad,[0.3447842  0.47468139 0.15433372 0.02620069],0.0037416494461041416
62,GOVPRIOd_W41,EDUCATION,High school graduate,[0.30662094 0.46857182 0.20732031 0.01748693],0.00158524467853046
63,GOVPRIOd_W41,EDUCATION,Less than high school,[0.37176194 0.44060746 0.16879779 0.0188328 ],0.0031428017551042515
64,GOVPRIOd_W41,EDUCATION,Postgraduate,[0.37588087 0.48977211 0.10437728 0.02996974],0.0
65,GOVPRIOd_W41,EDUCATION,"Some college, no degree",[0.33274794 0.5053168  0.13784684 0.02408842],0.0032995872761477363
66,HAPPEN2f_W41,EDUCATION,Associate's degree,[0.16385822 0.54644967 0.25765295 0.03203916],0.0
67,HAPPEN2f_W41,EDUCATION,College graduate/some postgrad,[0.12339644 0.56108164 0.27975251 0.03576941],0.01450540298961244
68,HAPPEN2f_W41,EDUCATION,High school graduate,[0.12488223 0.47694515 0.32432088 0.07385175],0.014486520271696623
69,HAPPEN2f_W41,EDUCATION,Less than high school,[0.14452996 0.44141244 0.30339303 0.11066458],0.015648470931143084
70,HAPPEN2f_W41,EDUCATION,Postgraduate,[0.0928934  0.62959113 0.25440681 0.02310866],0.006980824612363913
71,HAPPEN2f_W41,EDUCATION,"Some college, no degree",[0.13086645 0.55461506 0.25056069 0.0639578 ],0.0014974293010260869
72,FUTRCLASSb_W41,EDUCATION,Associate's degree,[0.25000749 0.47177314 0.27821938],0.004876060152936348
73,FUTRCLASSb_W41,EDUCATION,College graduate/some postgrad,[0.28245266 0.4730644  0.24448294],0.0011659066156391043
74,FUTRCLASSb_W41,EDUCATION,High school graduate,[0.27777539 0.42721466 0.29500995],0.004719220171708378
75,FUTRCLASSb_W41,EDUCATION,Less than high school,[0.35494917 0.32887843 0.3161724 ],0.011986796807187483
76,FUTRCLASSb_W41,EDUCATION,Postgraduate,[0.22904031 0.56486202 0.20609767],0.0058225439840874455
77,FUTRCLASSb_W41,EDUCATION,"Some college, no degree",[0.27611083 0.49257304 0.23131613],0.0019589380731332767
78,NATDEBT_W41,EDUCATION,Associate's degree,[0.60757889 0.21644787 0.16207993 0.0138933 ],0.0
79,NATDEBT_W41,EDUCATION,College graduate/some postgrad,[0.67673167 0.21747658 0.09483119 0.01096056],0.005888190503360791
80,NATDEBT_W41,EDUCATION,High school graduate,[0.61666813 0.22074891 0.13943827 0.0231447 ],0.00487927246152645
81,NATDEBT_W41,EDUCATION,Less than high school,[0.52058776 0.26682391 0.1796151  0.03297323],0.0
82,NATDEBT_W41,EDUCATION,Postgraduate,[0.66560051 0.21806821 0.11141365 0.00491763],0.0033676720406768854
83,NATDEBT_W41,EDUCATION,"Some college, no degree",[0.66665302 0.14717629 0.16113426 0.02503642],0.0
84,AGEMAJ_W41,EDUCATION,Associate's degree,[0.05347483 0.13118038 0.46754924 0.09289426 0.25490129],0.0061636344196359235
85,AGEMAJ_W41,EDUCATION,College graduate/some postgrad,[0.02290844 0.08327137 0.48979192 0.17431382 0.22971445],0.0006048014091542342
86,AGEMAJ_W41,EDUCATION,High school graduate,[0.05239948 0.12498503 0.36854134 0.15046933 0.30360481],0.014574835081566257
87,AGEMAJ_W41,EDUCATION,Less than high school,[0.05296955 0.22025152 0.27811057 0.14015513 0.30851322],0.026999420773852714
88,AGEMAJ_W41,EDUCATION,Postgraduate,[0.0299122  0.07802389 0.52399269 0.14973567 0.21833555],0.0
89,AGEMAJ_W41,EDUCATION,"Some college, no degree",[0.03038192 0.15184333 0.44717686 0.12170756 0.24889033],0.003336320537727175
90,HAPPENe_W41,EDUCATION,Associate's degree,[0.80523392 0.19476608],0.056771627081199455
91,HAPPENe_W41,EDUCATION,College graduate/some postgrad,[0.77648621 0.22351379],0.038677989960261575
92,HAPPENe_W41,EDUCATION,High school graduate,[0.78242095 0.21757905],0.10507849648191762
93,HAPPENe_W41,EDUCATION,Less than high school,[0.73577698 0.26422302],0.1945302163619392
94,HAPPENe_W41,EDUCATION,Postgraduate,[0.82481766 0.17518234],0.029142303926216907
95,HAPPENe_W41,EDUCATION,"Some college, no degree",[0.81997784 0.18002216],0.05276471184364107
96,ROBIMPACTb_W41,EDUCATION,Associate's degree,[0.31531726 0.68468274],0.0013742724324050074
97,ROBIMPACTb_W41,EDUCATION,College graduate/some postgrad,[0.36323892 0.63676108],0.007547744399971112
98,ROBIMPACTb_W41,EDUCATION,High school graduate,[0.29405134 0.70594866],0.006269348950754643
99,ROBIMPACTb_W41,EDUCATION,Less than high school,[0.38166135 0.61833865],0.011646451333842798
100,ROBIMPACTb_W41,EDUCATION,Postgraduate,[0.42787865 0.57212135],0.01103264685337981
101,ROBIMPACTb_W41,EDUCATION,"Some college, no degree",[0.31628059 0.68371941],0.018320360709288618
102,HARASS1NOWRKF2d_W41,EDUCATION,Associate's degree,[0.56658069 0.23755255 0.19586676],0.0
103,HARASS1NOWRKF2d_W41,EDUCATION,College graduate/some postgrad,[0.63197524 0.29827956 0.0697452 ],0.0042246534798211785
104,HARASS1NOWRKF2d_W41,EDUCATION,High school graduate,[0.52282909 0.38036672 0.09680419],0.007232183494309536
105,HARASS1NOWRKF2d_W41,EDUCATION,Less than high school,[0.69847422 0.27621619 0.02530959],0.0
106,HARASS1NOWRKF2d_W41,EDUCATION,Postgraduate,[0.69433793 0.26149379 0.04416827],0.001985196789540704
107,HARASS1NOWRKF2d_W41,EDUCATION,"Some college, no degree",[0.58813793 0.33493709 0.07692498],0.019908952980831122
108,HARASS1F1c_W41,EDUCATION,Associate's degree,[0.56044616 0.40235745 0.03719639],0.0
109,HARASS1F1c_W41,EDUCATION,College graduate/some postgrad,[0.67354301 0.26884335 0.05761364],0.0
110,HARASS1F1c_W41,EDUCATION,High school graduate,[0.64393983 0.26997056 0.08608961],0.008752914381201503
111,HARASS1F1c_W41,EDUCATION,Less than high school,[0.70210967 0.25360506 0.04428527],0.0
112,HARASS1F1c_W41,EDUCATION,Postgraduate,[0.62135099 0.35505915 0.02358986],0.01842494556379517
113,HARASS1F1c_W41,EDUCATION,"Some college, no degree",[0.62687677 0.30536879 0.06775444],0.0
114,HAPPENf_W41,EDUCATION,Associate's degree,[0.41981549 0.58018451],0.08314535594548335
115,HAPPENf_W41,EDUCATION,College graduate/some postgrad,[0.4323311 0.5676689],0.06288425775891042
116,HAPPENf_W41,EDUCATION,High school graduate,[0.39610029 0.60389971],0.12025556090807968
117,HAPPENf_W41,EDUCATION,Less than high school,[0.52286253 0.47713747],0.14551549146685303
118,HAPPENf_W41,EDUCATION,Postgraduate,[0.45008261 0.54991739],0.03787869422826179
119,HAPPENf_W41,EDUCATION,"Some college, no degree",[0.39597341 0.60402659],0.09269604962931832
120,FTRWORRYe_W41,EDUCATION,Associate's degree,[0.42708116 0.39136157 0.14908962 0.03246764],0.0
121,FTRWORRYe_W41,EDUCATION,College graduate/some postgrad,[0.37385244 0.36675022 0.21734632 0.04205102],0.0
122,FTRWORRYe_W41,EDUCATION,High school graduate,[0.47801021 0.32573192 0.14566722 0.05059065],0.0014758647585854552
123,FTRWORRYe_W41,EDUCATION,Less than high school,[0.44003857 0.30789928 0.22038111 0.03168104],0.0
124,FTRWORRYe_W41,EDUCATION,Postgraduate,[0.37189695 0.34079073 0.22963431 0.05767802],0.002060455370153896
125,FTRWORRYe_W41,EDUCATION,"Some college, no degree",[0.41475996 0.33198782 0.19891599 0.05433624],0.0
126,GOVPRIOjF1_W41,EDUCATION,Associate's degree,[0.41103476 0.38198223 0.15891512 0.04806789],0.0
127,GOVPRIOjF1_W41,EDUCATION,College graduate/some postgrad,[0.34786985 0.36502313 0.17987882 0.1072282 ],0.0
128,GOVPRIOjF1_W41,EDUCATION,High school graduate,[0.43101294 0.41519198 0.10722489 0.04657019],0.0
129,GOVPRIOjF1_W41,EDUCATION,Less than high school,[0.49655969 0.32100725 0.12880103 0.05363203],0.0
130,GOVPRIOjF1_W41,EDUCATION,Postgraduate,[0.26557289 0.29764793 0.28566661 0.15111256],0.0
131,GOVPRIOjF1_W41,EDUCATION,"Some college, no degree",[0.38841565 0.34716382 0.1918061  0.07261443],0.0
132,SOLVPROBh_W41,EDUCATION,Associate's degree,[0.23155319 0.53289411 0.18593061 0.04962209],0.009299996848097009
133,SOLVPROBh_W41,EDUCATION,College graduate/some postgrad,[0.25887189 0.52425634 0.14539532 0.07147644],0.0014496108658074462
134,SOLVPROBh_W41,EDUCATION,High school graduate,[0.17854107 0.51685564 0.19332098 0.11128231],0.026872830213151826
135,SOLVPROBh_W41,EDUCATION,Less than high school,[0.28566565 0.50071897 0.14229334 0.07132205],0.009713109871720107
136,SOLVPROBh_W41,EDUCATION,Postgraduate,[0.28899383 0.5376541  0.11701383 0.05633824],0.010520008336751095
137,SOLVPROBh_W41,EDUCATION,"Some college, no degree",[0.25094334 0.47717119 0.16539284 0.10649263],0.007918405912071732
138,GOVPRIOhF1_W41,EDUCATION,Associate's degree,[0.21642636 0.23722793 0.19971066 0.34663505],0.003040202620813214
139,GOVPRIOhF1_W41,EDUCATION,College graduate/some postgrad,[0.14716896 0.27655811 0.13069545 0.44557748],0.0
140,GOVPRIOhF1_W41,EDUCATION,High school graduate,[0.22527458 0.25431362 0.16121675 0.35919505],0.003233471017369489
141,GOVPRIOhF1_W41,EDUCATION,Less than high school,[0.32320224 0.10214231 0.22796747 0.34668798],0.0
142,GOVPRIOhF1_W41,EDUCATION,Postgraduate,[0.18174668 0.2720702  0.17431252 0.3718706 ],0.004634090262077852
143,GOVPRIOhF1_W41,EDUCATION,"Some college, no degree",[0.16467671 0.19716395 0.18545545 0.45270389],0.0041817193870300595
144,FTRWORRYb_W41,EDUCATION,Associate's degree,[0.3942153  0.39876257 0.17388211 0.03314002],0.0
145,FTRWORRYb_W41,EDUCATION,College graduate/some postgrad,[0.38764534 0.37090536 0.22817029 0.01327901],0.0003585814946583064
146,FTRWORRYb_W41,EDUCATION,High school graduate,[0.40594178 0.33770295 0.19498557 0.06136971],0.008501928724875471
147,FTRWORRYb_W41,EDUCATION,Less than high school,[0.41143101 0.30042917 0.24768799 0.04045183],0.0
148,FTRWORRYb_W41,EDUCATION,Postgraduate,[0.34830664 0.42764761 0.20487665 0.01916909],0.0011604983846802686
149,FTRWORRYb_W41,EDUCATION,"Some college, no degree",[0.4191725  0.41847658 0.12408273 0.03826818],0.004967124325218081
150,ROBIMPACTa_W41,EDUCATION,Associate's degree,[0.78029776 0.21970224],0.0013742724324050074
151,ROBIMPACTa_W41,EDUCATION,College graduate/some postgrad,[0.76571393 0.23428607],0.007777516717340388
152,ROBIMPACTa_W41,EDUCATION,High school graduate,[0.74189597 0.25810403],0.015336256108460861
153,ROBIMPACTa_W41,EDUCATION,Less than high school,[0.68327236 0.31672764],0.01909945516885121
154,ROBIMPACTa_W41,EDUCATION,Postgraduate,[0.82300064 0.17699936],0.004385107604342679
155,ROBIMPACTa_W41,EDUCATION,"Some college, no degree",[0.82578931 0.17421069],0.011166229325781723
156,FTRWORRYf_W41,EDUCATION,Associate's degree,[0.39150621 0.289294   0.19991813 0.11928166],0.0
157,FTRWORRYf_W41,EDUCATION,College graduate/some postgrad,[0.45420798 0.2494054  0.20207133 0.09431528],0.0
158,FTRWORRYf_W41,EDUCATION,High school graduate,[0.35661512 0.3033895  0.22272356 0.11727183],0.005573829052056828
159,FTRWORRYf_W41,EDUCATION,Less than high school,[0.39855831 0.32039629 0.22951018 0.05153521],0.0
160,FTRWORRYf_W41,EDUCATION,Postgraduate,[0.4796999  0.25855106 0.18448906 0.07725999],0.0059972731704730905
161,FTRWORRYf_W41,EDUCATION,"Some college, no degree",[0.4292261  0.26719543 0.1951142  0.10846427],0.0019589380731332767
162,GOVPRIOfF1_W41,EDUCATION,Associate's degree,[0.24093069 0.28715511 0.30069294 0.17122126],0.0
163,GOVPRIOfF1_W41,EDUCATION,College graduate/some postgrad,[0.28278455 0.36588261 0.1428685  0.20846434],0.0022077280219307076
164,GOVPRIOfF1_W41,EDUCATION,High school graduate,[0.19004055 0.28404501 0.25161116 0.27430328],0.005824245558337983
165,GOVPRIOfF1_W41,EDUCATION,Less than high school,[0.30678551 0.28833413 0.23863636 0.166244  ],0.01668829762355148
166,GOVPRIOfF1_W41,EDUCATION,Postgraduate,[0.25114223 0.36837296 0.23500463 0.14548018],0.0
167,GOVPRIOfF1_W41,EDUCATION,"Some college, no degree",[0.20948345 0.33360289 0.2377272  0.21918646],0.002801562947517118
168,GOVPRIOb_W41,EDUCATION,Associate's degree,[0.53982301 0.33192797 0.0628809  0.06536812],0.0
169,GOVPRIOb_W41,EDUCATION,College graduate/some postgrad,[0.51134711 0.36761172 0.08626935 0.03477181],0.006182194189857249
170,GOVPRIOb_W41,EDUCATION,High school graduate,[0.48999816 0.36570099 0.09209319 0.05220765],0.0028238442315591562
171,GOVPRIOb_W41,EDUCATION,Less than high school,[0.58184253 0.28693394 0.07359174 0.05763178],0.003142801755104252
172,GOVPRIOb_W41,EDUCATION,Postgraduate,[0.57164997 0.28980669 0.07073728 0.06780606],0.0009991986662920825
173,GOVPRIOb_W41,EDUCATION,"Some college, no degree",[0.586721   0.2993157  0.08199605 0.03196726],0.002635084748427386
174,SOLVPROBc_W41,EDUCATION,Associate's degree,[0.20030182 0.45055501 0.25920186 0.08994131],0.002219684408379377
175,SOLVPROBc_W41,EDUCATION,College graduate/some postgrad,[0.09856465 0.45666088 0.27183222 0.17294225],0.010436140033785063
176,SOLVPROBc_W41,EDUCATION,High school graduate,[0.16216579 0.47919614 0.24054765 0.11809043],0.030504351667363552
177,SOLVPROBc_W41,EDUCATION,Less than high school,[0.26045547 0.39456393 0.18690904 0.15807156],0.031119505710015077
178,SOLVPROBc_W41,EDUCATION,Postgraduate,[0.11448629 0.42488632 0.32017893 0.14044845],0.008426687850196289
179,SOLVPROBc_W41,EDUCATION,"Some college, no degree",[0.12094217 0.43640084 0.28556226 0.15709474],0.015544926041121305
180,FUTRCLASSa_W41,EDUCATION,Associate's degree,[0.32719196 0.19498571 0.47782233],0.012209342321223818
181,FUTRCLASSa_W41,EDUCATION,College graduate/some postgrad,[0.29826869 0.2470331  0.45469821],0.0038917142331156744
182,FUTRCLASSa_W41,EDUCATION,High school graduate,[0.38386995 0.1830207  0.43310935],0.0029021387544965953
183,FUTRCLASSa_W41,EDUCATION,Less than high school,[0.41202145 0.21837952 0.36959903],0.003142801755104252
184,FUTRCLASSa_W41,EDUCATION,Postgraduate,[0.28261118 0.28562466 0.43176416],0.00547870189614295
185,FUTRCLASSa_W41,EDUCATION,"Some college, no degree",[0.28480016 0.24461997 0.47057987],0.0019589380731332767
186,GOVPRIOkF2_W41,EDUCATION,Associate's degree,[0.22144589 0.44130412 0.1661808  0.17106919],0.0
187,GOVPRIOkF2_W41,EDUCATION,College graduate/some postgrad,[0.18659832 0.38593401 0.25494338 0.17252429],0.008037248470569233
188,GOVPRIOkF2_W41,EDUCATION,High school graduate,[0.29417849 0.3815972  0.18266248 0.14156183],0.018099638802963072
189,GOVPRIOkF2_W41,EDUCATION,Less than high school,[0.2434912  0.52681095 0.10103513 0.12866272],0.005872397241538639
190,GOVPRIOkF2_W41,EDUCATION,Postgraduate,[0.16407343 0.30662268 0.27753846 0.25176543],0.0
191,GOVPRIOkF2_W41,EDUCATION,"Some college, no degree",[0.2216203  0.38845509 0.22071771 0.16920689],0.0038403458782165045
192,HAPPENb_W41,EDUCATION,Associate's degree,[0.37985659 0.62014341],0.07214226671245283
193,HAPPENb_W41,EDUCATION,College graduate/some postgrad,[0.39336718 0.60663282],0.04766273915468943
194,HAPPENb_W41,EDUCATION,High school graduate,[0.34640714 0.65359286],0.10756627581861997
195,HAPPENb_W41,EDUCATION,Less than high school,[0.35216736 0.64783264],0.16743394801749617
196,HAPPENb_W41,EDUCATION,Postgraduate,[0.40839914 0.59160086],0.038175593297161914
197,HAPPENb_W41,EDUCATION,"Some college, no degree",[0.36933533 0.63066467],0.08055653986895053
198,HAPPENhF1_W41,EDUCATION,Associate's degree,[0.36628769 0.63371231],0.07114585084798192
199,HAPPENhF1_W41,EDUCATION,College graduate/some postgrad,[0.37797658 0.62202342],0.05597546018287714
200,HAPPENhF1_W41,EDUCATION,High school graduate,[0.32757148 0.67242852],0.09314761617428549
201,HAPPENhF1_W41,EDUCATION,Less than high school,[0.43595034 0.56404966],0.16247501193317776
202,HAPPENhF1_W41,EDUCATION,Postgraduate,[0.41058828 0.58941172],0.028210422170536868
203,HAPPENhF1_W41,EDUCATION,"Some college, no degree",[0.39024384 0.60975616],0.10039803204850375
204,ELDCARE_W41,EDUCATION,Associate's degree,[0.31734025 0.68265975],0.0031923512026725592
205,ELDCARE_W41,EDUCATION,College graduate/some postgrad,[0.20141119 0.79858881],0.0020163029287787256
206,ELDCARE_W41,EDUCATION,High school graduate,[0.28773253 0.71226747],0.007288132344878375
207,ELDCARE_W41,EDUCATION,Less than high school,[0.44154941 0.55845059],0.008843995052083229
208,ELDCARE_W41,EDUCATION,Postgraduate,[0.23772964 0.76227036],0.013913867196921118
209,ELDCARE_W41,EDUCATION,"Some college, no degree",[0.24105491 0.75894509],0.0050146404224924316
210,JOBSECURITY_W41,EDUCATION,Associate's degree,[0.15737446 0.5020802  0.34054534],0.009997836054298288
211,JOBSECURITY_W41,EDUCATION,College graduate/some postgrad,[0.07854661 0.53278502 0.38866837],0.01369312096895587
212,JOBSECURITY_W41,EDUCATION,High school graduate,[0.17166701 0.44071135 0.38762164],0.004397028719800577
213,JOBSECURITY_W41,EDUCATION,Less than high school,[0.27494633 0.45007779 0.27497588],0.0
214,JOBSECURITY_W41,EDUCATION,Postgraduate,[0.0603003  0.54236947 0.39733023],0.018512708618675315
215,JOBSECURITY_W41,EDUCATION,"Some college, no degree",[0.10958552 0.54725329 0.3431612 ],0.008159937505313297
216,GOVPRIOlF2_W41,EDUCATION,Associate's degree,[0.11500005 0.38049311 0.40302253 0.10148431],0.014039426773176948
217,GOVPRIOlF2_W41,EDUCATION,College graduate/some postgrad,[0.14564313 0.37502436 0.38124022 0.09809229],0.004736149146359698
218,GOVPRIOlF2_W41,EDUCATION,High school graduate,[0.18538924 0.34464102 0.32474304 0.1452267 ],0.006106770880391663
219,GOVPRIOlF2_W41,EDUCATION,Less than high school,[0.36587981 0.30277015 0.23263921 0.09871083],0.005872397241538639
220,GOVPRIOlF2_W41,EDUCATION,Postgraduate,[0.14766143 0.55998756 0.20468703 0.08766398],0.0
221,GOVPRIOlF2_W41,EDUCATION,"Some college, no degree",[0.12281583 0.45391637 0.3258999  0.0973679 ],0.0
222,FUTR_K_W41,EDUCATION,Associate's degree,[0.10866455 0.48917941 0.40215604],0.00631396727810907
223,FUTR_K_W41,EDUCATION,College graduate/some postgrad,[0.03714473 0.50136161 0.46149366],0.00802360760653063
224,FUTR_K_W41,EDUCATION,High school graduate,[0.14633587 0.40765835 0.44600577],0.016241784017478632
225,FUTR_K_W41,EDUCATION,Less than high school,[0.1647307  0.39700636 0.43826295],0.009713109871720103
226,FUTR_K_W41,EDUCATION,Postgraduate,[0.0511378  0.51803956 0.43082264],0.0038665931467109192
227,FUTR_K_W41,EDUCATION,"Some college, no degree",[0.08206379 0.49024234 0.42769387],0.01262140349036785
228,WRKTRN1F1_W41,EDUCATION,Associate's degree,[0.12895583 0.07488045 0.41296274 0.38320098],0.0
229,WRKTRN1F1_W41,EDUCATION,College graduate/some postgrad,[0.10897046 0.11192421 0.38585386 0.39325147],0.004156178587005966
230,WRKTRN1F1_W41,EDUCATION,High school graduate,[0.0671224  0.1346895  0.34072658 0.45746152],0.001408592720675344
231,WRKTRN1F1_W41,EDUCATION,Less than high school,[0.23512568 0.09595645 0.34563456 0.32328331],0.0
232,WRKTRN1F1_W41,EDUCATION,Postgraduate,[0.09794015 0.08437806 0.43232741 0.38535438],0.0
233,WRKTRN1F1_W41,EDUCATION,"Some college, no degree",[0.09696337 0.11794771 0.45940224 0.32568668],0.0
234,FTRWORRYc_W41,EDUCATION,Associate's degree,[0.55807338 0.33054867 0.07424067 0.03713729],0.0
235,FTRWORRYc_W41,EDUCATION,College graduate/some postgrad,[0.4941158  0.38543509 0.114692   0.00575712],0.009123829659870545
236,FTRWORRYc_W41,EDUCATION,High school graduate,[0.47497151 0.36999015 0.12622863 0.02880971],0.013203898675891407
237,FTRWORRYc_W41,EDUCATION,Less than high school,[0.49340667 0.32343326 0.1372701  0.04588997],0.0
238,FTRWORRYc_W41,EDUCATION,Postgraduate,[0.48189163 0.42636185 0.08073308 0.01101343],0.001235491837100599
239,FTRWORRYc_W41,EDUCATION,"Some college, no degree",[0.49848885 0.38623198 0.0955435  0.01973567],0.004199144533372581
240,HAPPEN2e_W41,EDUCATION,Associate's degree,[0.29733619 0.59950442 0.09496317 0.00819622],0.004184542630167787
241,HAPPEN2e_W41,EDUCATION,College graduate/some postgrad,[0.33699497 0.57647671 0.08353708 0.00299123],0.0013303764128792912
242,HAPPEN2e_W41,EDUCATION,High school graduate,[0.2954916  0.53192347 0.14229116 0.03029377],0.0051947297418927785
243,HAPPEN2e_W41,EDUCATION,Less than high school,[0.27646637 0.54763122 0.12354222 0.05236019],0.0
244,HAPPEN2e_W41,EDUCATION,Postgraduate,[0.27355534 0.62840456 0.09057864 0.00746146],0.004673808931553492
245,HAPPEN2e_W41,EDUCATION,"Some college, no degree",[0.33325071 0.54449558 0.09920791 0.0230458 ],0.0020678668471380535
246,SOLVPROBb_W41,EDUCATION,Associate's degree,[0.05590027 0.40622302 0.3742323  0.16364442],0.024718324023635562
247,SOLVPROBb_W41,EDUCATION,College graduate/some postgrad,[0.07476066 0.40958279 0.33787264 0.1777839 ],0.004800468853401347
248,SOLVPROBb_W41,EDUCATION,High school graduate,[0.10837905 0.44426274 0.30553538 0.14182283],0.023422473515777604
249,SOLVPROBb_W41,EDUCATION,Less than high school,[0.23162502 0.40385995 0.25722223 0.1072928 ],0.009713109871720107
250,SOLVPROBb_W41,EDUCATION,Postgraduate,[0.03504699 0.47798051 0.32897045 0.15800205],0.0046863611525554795
251,SOLVPROBb_W41,EDUCATION,"Some college, no degree",[0.06533258 0.38684748 0.35211458 0.19570536],0.018104069344972884
252,HARASS3F1_W41,EDUCATION,Associate's degree,[0.12434906 0.49796517 0.37768576],0.0
253,HARASS3F1_W41,EDUCATION,College graduate/some postgrad,[0.108401   0.57557754 0.31602146],0.004136403157672907
254,HARASS3F1_W41,EDUCATION,High school graduate,[0.11127867 0.56439536 0.32432597],0.020599473580054928
255,HARASS3F1_W41,EDUCATION,Less than high school,[0.1855216  0.50340754 0.31107085],0.0
256,HARASS3F1_W41,EDUCATION,Postgraduate,[0.1369655 0.5641831 0.2988514],0.0
257,HARASS3F1_W41,EDUCATION,"Some college, no degree",[0.1421034  0.54102496 0.31687164],0.0037110317067023334
258,SOLVPROBeF2_W41,EDUCATION,Associate's degree,[0.14250658 0.51820758 0.25203817 0.08724767],0.01780466396128398
259,SOLVPROBeF2_W41,EDUCATION,College graduate/some postgrad,[0.07505934 0.59817091 0.28113886 0.04563089],0.002741437915535413
260,SOLVPROBeF2_W41,EDUCATION,High school graduate,[0.12082427 0.47103741 0.3110404  0.09709792],0.02814640825670114
261,SOLVPROBeF2_W41,EDUCATION,Less than high school,[0.24646957 0.41187895 0.2542529  0.08739857],0.018149168818813642
262,SOLVPROBeF2_W41,EDUCATION,Postgraduate,[0.09547123 0.61863905 0.26125509 0.02463462],0.012648359837937929
263,SOLVPROBeF2_W41,EDUCATION,"Some college, no degree",[0.08274745 0.58787107 0.23642759 0.0929539 ],0.02434264394534835
264,FUTR_ABR_W41,EDUCATION,Associate's degree,[0.23620987 0.60184803 0.13477398 0.02716812],0.0028264712103700587
265,FUTR_ABR_W41,EDUCATION,College graduate/some postgrad,[0.24313297 0.63092014 0.10912885 0.01681805],0.00850635049653245
266,FUTR_ABR_W41,EDUCATION,High school graduate,[0.21039927 0.51595176 0.18139438 0.09225458],0.022631972589132028
267,FUTR_ABR_W41,EDUCATION,Less than high school,[0.15684224 0.39971809 0.35783548 0.08560419],0.0281885747228709
268,FUTR_ABR_W41,EDUCATION,Postgraduate,[0.17316225 0.66410785 0.13615781 0.02657209],0.007005289915282413
269,FUTR_ABR_W41,EDUCATION,"Some college, no degree",[0.25660423 0.56298698 0.13844239 0.0419664 ],0.015847432572705447
270,GOVPRIOiF1_W41,EDUCATION,Associate's degree,[0.42719199 0.44777096 0.12503705 0.        ],0.0
271,GOVPRIOiF1_W41,EDUCATION,College graduate/some postgrad,[0.38208493 0.4941912  0.11924721 0.00447665],0.0
272,GOVPRIOiF1_W41,EDUCATION,High school graduate,[0.33343013 0.54199645 0.11448901 0.01008441],0.0
273,GOVPRIOiF1_W41,EDUCATION,Less than high school,[0.46721185 0.3889407  0.12728139 0.01656606],0.0
274,GOVPRIOiF1_W41,EDUCATION,Postgraduate,[0.32018433 0.56520766 0.11460801 0.        ],0.0
275,GOVPRIOiF1_W41,EDUCATION,"Some college, no degree",[0.30404087 0.56200068 0.1164779  0.01748054],0.0
276,HAPPENj_W41,EDUCATION,Associate's degree,[0.70064447 0.29935553],0.06676936197684721
277,HAPPENj_W41,EDUCATION,College graduate/some postgrad,[0.66576509 0.33423491],0.06921171782297823
278,HAPPENj_W41,EDUCATION,High school graduate,[0.73834596 0.26165404],0.11584454182717281
279,HAPPENj_W41,EDUCATION,Less than high school,[0.70729364 0.29270636],0.16693118127237477
280,HAPPENj_W41,EDUCATION,Postgraduate,[0.64211884 0.35788116],0.07041279800662642
281,HAPPENj_W41,EDUCATION,"Some college, no degree",[0.7626684 0.2373316],0.0749642628452473
282,AUTOWKPLC_W41,EDUCATION,Associate's degree,[0.23687436 0.50110233 0.26202331],0.009657740738224082
283,AUTOWKPLC_W41,EDUCATION,College graduate/some postgrad,[0.25816443 0.41992386 0.32191171],0.008624111345773717
284,AUTOWKPLC_W41,EDUCATION,High school graduate,[0.20427703 0.54177374 0.25394923],0.008889608316727565
285,AUTOWKPLC_W41,EDUCATION,Less than high school,[0.26976404 0.53361402 0.19662193],0.024239295888553697
286,AUTOWKPLC_W41,EDUCATION,Postgraduate,[0.22997281 0.41975658 0.35027061],0.0
287,AUTOWKPLC_W41,EDUCATION,"Some college, no degree",[0.1951559  0.48274085 0.32210325],0.008617725968816298
288,WRKTRN1F2_W41,EDUCATION,Associate's degree,[0.1148025  0.0132911  0.46595096 0.40595543],0.014328037939931175
289,WRKTRN1F2_W41,EDUCATION,College graduate/some postgrad,[0.06813629 0.0492966  0.52055384 0.36201327],0.00656515329879489
290,WRKTRN1F2_W41,EDUCATION,High school graduate,[0.09496912 0.04993635 0.52555097 0.32954355],0.007888083382232357
291,WRKTRN1F2_W41,EDUCATION,Less than high school,[0.17353284 0.07241242 0.46783817 0.28621657],0.005872397241538638
292,WRKTRN1F2_W41,EDUCATION,Postgraduate,[0.10033922 0.03865872 0.57278857 0.28821349],0.0
293,WRKTRN1F2_W41,EDUCATION,"Some college, no degree",[0.07502338 0.04571928 0.59410387 0.28515346],0.00443109295845774
294,HARASS1F1d_W41,EDUCATION,Associate's degree,[0.57150376 0.35859508 0.06990116],0.0
295,HARASS1F1d_W41,EDUCATION,College graduate/some postgrad,[0.61546067 0.32371008 0.06082924],0.003764455275529647
296,HARASS1F1d_W41,EDUCATION,High school graduate,[0.59547519 0.31683531 0.08768951],0.00810870097798274
297,HARASS1F1d_W41,EDUCATION,Less than high school,[0.61300464 0.33391455 0.05308081],0.0
298,HARASS1F1d_W41,EDUCATION,Postgraduate,[0.60737394 0.28542454 0.10720152],0.018424945563795165
299,HARASS1F1d_W41,EDUCATION,"Some college, no degree",[0.60277758 0.31831864 0.07890378],0.0
300,HAPPEN2g_W41,EDUCATION,Associate's degree,[0.43335941 0.46788511 0.08807621 0.01067928],0.0
301,HAPPEN2g_W41,EDUCATION,College graduate/some postgrad,[0.33708941 0.51638035 0.12528037 0.02124987],0.004786716848941348
302,HAPPEN2g_W41,EDUCATION,High school graduate,[0.34377186 0.48350321 0.14022885 0.03249608],0.004874280150309215
303,HAPPEN2g_W41,EDUCATION,Less than high school,[0.25125689 0.50615407 0.18672077 0.05586827],0.008484440264031412
304,HAPPEN2g_W41,EDUCATION,Postgraduate,[0.25846956 0.55189914 0.16727667 0.02235463],0.0019161661580626183
305,HAPPEN2g_W41,EDUCATION,"Some college, no degree",[0.37391059 0.48299215 0.10850053 0.03459673],0.0
306,FTRWORRYd_W41,EDUCATION,Associate's degree,[0.45643026 0.44025262 0.07084949 0.03246764],0.0
307,FTRWORRYd_W41,EDUCATION,College graduate/some postgrad,[0.48308832 0.39528875 0.11453298 0.00708995],0.0003919659661552994
308,FTRWORRYd_W41,EDUCATION,High school graduate,[0.43767171 0.41017971 0.11632266 0.03582591],0.0014282767762623743
309,FTRWORRYd_W41,EDUCATION,Less than high school,[0.49018853 0.33125545 0.13881832 0.0397377 ],0.0
310,FTRWORRYd_W41,EDUCATION,Postgraduate,[0.50872285 0.39769091 0.09358624 0.        ],0.004200286374749717
311,FTRWORRYd_W41,EDUCATION,"Some college, no degree",[0.50721803 0.38946788 0.08833739 0.01497669],0.0030509706155823425
312,GOVPRIOe_W41,EDUCATION,Associate's degree,[0.39439807 0.42269766 0.10796084 0.07494343],0.006859332333436735
313,GOVPRIOe_W41,EDUCATION,College graduate/some postgrad,[0.43978406 0.32599844 0.16504934 0.06916816],0.0010318175384070947
314,GOVPRIOe_W41,EDUCATION,High school graduate,[0.40624952 0.38556208 0.16443852 0.04374988],0.004707713688637576
315,GOVPRIOe_W41,EDUCATION,Less than high school,[0.51074122 0.36404178 0.08976798 0.03544901],0.006011929457361781
316,GOVPRIOe_W41,EDUCATION,Postgraduate,[0.44515343 0.35206783 0.13627236 0.06650639],0.0015292197209236386
317,GOVPRIOe_W41,EDUCATION,"Some college, no degree",[0.44649211 0.36265923 0.13877575 0.0520729 ],0.0026350847484273862
318,HAPPENa_W41,EDUCATION,Associate's degree,[0.42528246 0.57471754],0.04949244658943298
319,HAPPENa_W41,EDUCATION,College graduate/some postgrad,[0.44828369 0.55171631],0.055250527876738925
320,HAPPENa_W41,EDUCATION,High school graduate,[0.42930429 0.57069571],0.10071562188845451
321,HAPPENa_W41,EDUCATION,Less than high school,[0.41348707 0.58651293],0.11070434023868994
322,HAPPENa_W41,EDUCATION,Postgraduate,[0.39847614 0.60152386],0.04568821985607093
323,HAPPENa_W41,EDUCATION,"Some college, no degree",[0.36967706 0.63032294],0.10525981920821503
324,SOLVPROBdF1_W41,EDUCATION,Associate's degree,[0.11860707 0.21701554 0.43603522 0.22834217],0.01371211861099762
325,SOLVPROBdF1_W41,EDUCATION,College graduate/some postgrad,[0.04721597 0.40505924 0.39989006 0.14783472],0.008323448850292554
326,SOLVPROBdF1_W41,EDUCATION,High school graduate,[0.06203718 0.38667595 0.33358834 0.21769853],0.01838808655371201
327,SOLVPROBdF1_W41,EDUCATION,Less than high school,[0.15090031 0.38109517 0.26251938 0.20548513],0.0
328,SOLVPROBdF1_W41,EDUCATION,Postgraduate,[0.04057499 0.4664759  0.36306767 0.12988144],0.0021463402131351133
329,SOLVPROBdF1_W41,EDUCATION,"Some college, no degree",[0.06174472 0.32889803 0.37849678 0.23086047],0.0042605958897284045
330,HAPPEN2a_W41,EDUCATION,Associate's degree,[0.12909655 0.4428668  0.39340565 0.034631  ],0.0
331,HAPPEN2a_W41,EDUCATION,College graduate/some postgrad,[0.11153287 0.38230085 0.48162876 0.02453752],0.009160360459187463
332,HAPPEN2a_W41,EDUCATION,High school graduate,[0.13328969 0.51952675 0.28817927 0.05900428],0.01674877639527968
333,HAPPEN2a_W41,EDUCATION,Less than high school,[0.12870565 0.55305443 0.24564316 0.07259676],0.006416147864030812
334,HAPPEN2a_W41,EDUCATION,Postgraduate,[0.06344296 0.43811537 0.47314618 0.02529549],0.01192333567759221
335,HAPPEN2a_W41,EDUCATION,"Some college, no degree",[0.13121608 0.53212399 0.3046803  0.03197962],0.002087290732511628
336,HAPPEN2h_W41,EDUCATION,Associate's degree,[0.06178744 0.2785028  0.57386061 0.08584916],0.0
337,HAPPEN2h_W41,EDUCATION,College graduate/some postgrad,[0.07109414 0.27367677 0.59810751 0.05712157],0.007687275483508574
338,HAPPEN2h_W41,EDUCATION,High school graduate,[0.06870497 0.31411758 0.49809766 0.1190798 ],0.011647313943671469
339,HAPPEN2h_W41,EDUCATION,Less than high school,[0.10762065 0.43658483 0.35948629 0.09630823],0.00912791892644402
340,HAPPEN2h_W41,EDUCATION,Postgraduate,[0.04475836 0.36064948 0.53704163 0.05755053],0.0050601849372392625
341,HAPPEN2h_W41,EDUCATION,"Some college, no degree",[0.06278999 0.31147686 0.53059255 0.0951406 ],0.0108127128603376
342,SSCUT_W41,EDUCATION,Associate's degree,[0.26727273 0.73272727],0.0
343,SSCUT_W41,EDUCATION,College graduate/some postgrad,[0.32041201 0.67958799],0.0036880356947410296
344,SSCUT_W41,EDUCATION,High school graduate,[0.2096684 0.7903316],0.01655932415025138
345,SSCUT_W41,EDUCATION,Less than high school,[0.18720265 0.81279735],0.006373661028774349
346,SSCUT_W41,EDUCATION,Postgraduate,[0.4043902 0.5956098],0.002121473829509066
347,SSCUT_W41,EDUCATION,"Some college, no degree",[0.19368422 0.80631578],0.008565517085817535
348,FUTR_DIV_W41,EDUCATION,Associate's degree,[0.20154881 0.11919886 0.67925233],0.0014521987779650511
349,FUTR_DIV_W41,EDUCATION,College graduate/some postgrad,[0.26157918 0.08889315 0.64952766],0.011118266041115411
350,FUTR_DIV_W41,EDUCATION,High school graduate,[0.35185635 0.1079147  0.54022895],0.014885433004331712
351,FUTR_DIV_W41,EDUCATION,Less than high school,[0.29017462 0.21266334 0.49716204],0.037419116591955834
352,FUTR_DIV_W41,EDUCATION,Postgraduate,[0.24916325 0.10252869 0.64830806],0.011202760508121228
353,FUTR_DIV_W41,EDUCATION,"Some college, no degree",[0.3056191 0.1176196 0.5767613],0.004324276587065784
354,ELDFINANCEF1_W41,EDUCATION,Associate's degree,[0.32856076 0.27980808 0.39163116],0.003040202620813214
355,ELDFINANCEF1_W41,EDUCATION,College graduate/some postgrad,[0.31836811 0.25980241 0.42182948],0.006202198392676008
356,ELDFINANCEF1_W41,EDUCATION,High school graduate,[0.38527241 0.22973039 0.3849972 ],0.013630719496344918
357,ELDFINANCEF1_W41,EDUCATION,Less than high school,[0.34553713 0.39899121 0.25547166],0.0
358,ELDFINANCEF1_W41,EDUCATION,Postgraduate,[0.26183148 0.29615866 0.44200986],0.006066976135701375
359,ELDFINANCEF1_W41,EDUCATION,"Some college, no degree",[0.42167528 0.29262273 0.28570198],0.004346648939033353
360,ENVC_W41,EDUCATION,Associate's degree,[0.17950605 0.57564111 0.24485284],0.0
361,ENVC_W41,EDUCATION,College graduate/some postgrad,[0.14365938 0.61744341 0.23889721],0.005195060188919976
362,ENVC_W41,EDUCATION,High school graduate,[0.14725234 0.57559547 0.27715219],0.0020021554383377405
363,ENVC_W41,EDUCATION,Less than high school,[0.22748288 0.50475583 0.26776129],0.0
364,ENVC_W41,EDUCATION,Postgraduate,[0.12226115 0.64857086 0.22916799],0.0010660340743820634
365,ENVC_W41,EDUCATION,"Some college, no degree",[0.16522249 0.58886924 0.24590827],0.005919336675070064
366,GOVPRIOa_W41,EDUCATION,Associate's degree,[0.52391029 0.42678321 0.03832047 0.01098603],0.0
367,GOVPRIOa_W41,EDUCATION,College graduate/some postgrad,[0.45635601 0.44401622 0.09399778 0.00563   ],0.0029092755604654135
368,GOVPRIOa_W41,EDUCATION,High school graduate,[0.49559683 0.4335477  0.06593987 0.00491559],0.006994959981854974
369,GOVPRIOa_W41,EDUCATION,Less than high school,[0.62751049 0.27440978 0.08154793 0.0165318 ],0.008484440264031414
370,GOVPRIOa_W41,EDUCATION,Postgraduate,[0.42502307 0.44937733 0.12414818 0.00145143],0.002301637966294822
371,GOVPRIOa_W41,EDUCATION,"Some college, no degree",[0.4779378  0.41305397 0.09110033 0.01790791],0.0024345527091049245
372,ELDFINANCEF2_W41,EDUCATION,Associate's degree,[0.13117856 0.47739988 0.39142156],0.04116557080333687
373,ELDFINANCEF2_W41,EDUCATION,College graduate/some postgrad,[0.16161398 0.48406391 0.35432211],0.03092310609985989
374,ELDFINANCEF2_W41,EDUCATION,High school graduate,[0.12396826 0.59000164 0.2860301 ],0.030028274808894414
375,ELDFINANCEF2_W41,EDUCATION,Less than high school,[0.15104667 0.67773868 0.17121465],0.027711138279623536
376,ELDFINANCEF2_W41,EDUCATION,Postgraduate,[0.17271835 0.56621703 0.26106462],0.008650953324750013
377,ELDFINANCEF2_W41,EDUCATION,"Some college, no degree",[0.15743956 0.57172122 0.27083921],0.013328871668270492
378,HAPPENg_W41,EDUCATION,Associate's degree,[0.51061648 0.48938352],0.0688847418740819
379,HAPPENg_W41,EDUCATION,College graduate/some postgrad,[0.5572416 0.4427584],0.04692730345083031
380,HAPPENg_W41,EDUCATION,High school graduate,[0.50175221 0.49824779],0.11623898644863037
381,HAPPENg_W41,EDUCATION,Less than high school,[0.43866203 0.56133797],0.14538881705639356
382,HAPPENg_W41,EDUCATION,Postgraduate,[0.59536948 0.40463052],0.05594250412443196
383,HAPPENg_W41,EDUCATION,"Some college, no degree",[0.61618234 0.38381766],0.08514372908236278
384,OPTIMIST_W41,EDUCATION,Associate's degree,[0.12473542 0.45197989 0.243581   0.1797037 ],0.013018327559546013
385,OPTIMIST_W41,EDUCATION,College graduate/some postgrad,[0.08477083 0.45534607 0.34520336 0.11467973],0.0
386,OPTIMIST_W41,EDUCATION,High school graduate,[0.13774279 0.42638358 0.31055893 0.1253147 ],0.0005471380354963926
387,OPTIMIST_W41,EDUCATION,Less than high school,[0.18982599 0.51450085 0.20942851 0.08624466],0.008688131379523508
388,OPTIMIST_W41,EDUCATION,Postgraduate,[0.07759755 0.42798333 0.3564257  0.13799342],0.0
389,OPTIMIST_W41,EDUCATION,"Some college, no degree",[0.10084904 0.4096923  0.3494938  0.13996487],0.0008033118318083623
390,JOBBENEFITS_W41,EDUCATION,Associate's degree,[0.2454525  0.40779469 0.34675281],0.01187657560653718
391,JOBBENEFITS_W41,EDUCATION,College graduate/some postgrad,[0.20446413 0.40863995 0.38689592],0.010723397753969995
392,JOBBENEFITS_W41,EDUCATION,High school graduate,[0.22985019 0.39542911 0.3747207 ],0.0008127898620320031
393,JOBBENEFITS_W41,EDUCATION,Less than high school,[0.34700648 0.35512358 0.29786994],0.0
394,JOBBENEFITS_W41,EDUCATION,Postgraduate,[0.15532843 0.47423715 0.37043442],0.018636369266601935
395,JOBBENEFITS_W41,EDUCATION,"Some college, no degree",[0.2138477  0.42760951 0.35854279],0.005148100832267628
396,AUTOLKLY_W41,EDUCATION,Associate's degree,[0.0620239  0.26319025 0.35682138 0.31796448],0.0
397,AUTOLKLY_W41,EDUCATION,College graduate/some postgrad,[0.0657832  0.23192214 0.46378096 0.2385137 ],0.0
398,AUTOLKLY_W41,EDUCATION,High school graduate,[0.14257249 0.27988604 0.34376472 0.23377675],0.0029281340989599646
399,AUTOLKLY_W41,EDUCATION,Less than high school,[0.26303889 0.40847182 0.27833871 0.05015058],0.03076178087587461
400,AUTOLKLY_W41,EDUCATION,Postgraduate,[0.04267574 0.2009415  0.42196858 0.33441419],0.00039852942587304663
401,AUTOLKLY_W41,EDUCATION,"Some college, no degree",[0.16276067 0.23758724 0.37122849 0.2284236 ],0.008148925493091073
402,SOLVPROBa_W41,EDUCATION,Associate's degree,[0.43891963 0.45093704 0.08359417 0.02654917],0.014173704219953086
403,SOLVPROBa_W41,EDUCATION,College graduate/some postgrad,[0.49877349 0.43974521 0.05394224 0.00753906],0.006018078558206938
404,SOLVPROBa_W41,EDUCATION,High school graduate,[0.35469515 0.4947184  0.10318661 0.04739984],0.029556961468953317
405,SOLVPROBa_W41,EDUCATION,Less than high school,[0.43304434 0.37194961 0.11681321 0.07819285],0.024631671942174655
406,SOLVPROBa_W41,EDUCATION,Postgraduate,[0.5178444  0.42097558 0.05253018 0.00864984],0.003838276779553128
407,SOLVPROBa_W41,EDUCATION,"Some college, no degree",[0.43502988 0.44324027 0.08195602 0.03977383],0.01537861316024466
408,SOLVPROBi_W41,EDUCATION,Associate's degree,[0.25064641 0.54626267 0.17606739 0.02702353],0.009299996848097009
409,SOLVPROBi_W41,EDUCATION,College graduate/some postgrad,[0.28545382 0.54343879 0.14425876 0.02684863],0.006144766517903125
410,SOLVPROBi_W41,EDUCATION,High school graduate,[0.2214187  0.52225942 0.19735775 0.05896413],0.023030056660587436
411,SOLVPROBi_W41,EDUCATION,Less than high school,[0.32705434 0.43041861 0.19085886 0.05166819],0.010236371216331945
412,SOLVPROBi_W41,EDUCATION,Postgraduate,[0.24553039 0.58868672 0.12285769 0.0429252 ],0.007427489183904209
413,SOLVPROBi_W41,EDUCATION,"Some college, no degree",[0.21755258 0.55925077 0.17586231 0.04733434],0.013096458699991887
414,HAPPEN2b_W41,EDUCATION,Associate's degree,[0.25695008 0.38659718 0.3353694  0.02108333],0.0
415,HAPPEN2b_W41,EDUCATION,College graduate/some postgrad,[0.20666155 0.4445481  0.31887449 0.02991586],0.002164178522371076
416,HAPPEN2b_W41,EDUCATION,High school graduate,[0.20255684 0.4734976  0.26965049 0.05429507],0.0065602827522014615
417,HAPPEN2b_W41,EDUCATION,Less than high school,[0.19078071 0.54833949 0.24269137 0.01818843],0.0
418,HAPPEN2b_W41,EDUCATION,Postgraduate,[0.20200649 0.41476582 0.35483461 0.02839308],0.014556676628950096
419,HAPPEN2b_W41,EDUCATION,"Some college, no degree",[0.21053305 0.49004425 0.25037968 0.04904302],0.0033182812073731436
420,HAPPEN2c_W41,EDUCATION,Associate's degree,[0.11517056 0.44717387 0.37955822 0.05809735],0.0
421,HAPPEN2c_W41,EDUCATION,College graduate/some postgrad,[0.04953826 0.52943605 0.39804476 0.02298094],0.0032746851544002017
422,HAPPEN2c_W41,EDUCATION,High school graduate,[0.10921137 0.47148939 0.38189188 0.03740737],0.006554653109890951
423,HAPPEN2c_W41,EDUCATION,Less than high school,[0.12434904 0.5597684  0.26328033 0.05260223],0.05382006143524664
424,HAPPEN2c_W41,EDUCATION,Postgraduate,[0.04710781 0.53476367 0.38673607 0.03139245],0.008199665629255429
425,HAPPEN2c_W41,EDUCATION,"Some college, no degree",[0.07695074 0.5327098  0.33234697 0.05799249],0.0027531177862759513
426,INTRMAR_W41,EDUCATION,Associate's degree,[0.25708588 0.26297679 0.05435833 0.01619287 0.40938613],0.0013742724324050074
427,INTRMAR_W41,EDUCATION,College graduate/some postgrad,[0.35877203 0.1913779  0.04028173 0.02199028 0.38757806],0.0028657617622417195
428,INTRMAR_W41,EDUCATION,High school graduate,[0.23512781 0.17317504 0.08483326 0.05407679 0.4527871 ],0.01032946721415665
429,INTRMAR_W41,EDUCATION,Less than high school,[0.20932437 0.20508433 0.12420672 0.07141709 0.38996749],0.023139338735611595
430,INTRMAR_W41,EDUCATION,Postgraduate,[0.46001428 0.18868486 0.04421379 0.01233743 0.29474965],0.002275125204271537
431,INTRMAR_W41,EDUCATION,"Some college, no degree",[0.31062663 0.17580784 0.07221598 0.02275985 0.41858971],0.005755850523590544
432,FUTR_M_W41,EDUCATION,Associate's degree,[0.07086382 0.53010522 0.39903096],0.004953986498496391
433,FUTR_M_W41,EDUCATION,College graduate/some postgrad,[0.01770145 0.55123196 0.43106659],0.004072364509001303
434,FUTR_M_W41,EDUCATION,High school graduate,[0.07861114 0.49906382 0.42232504],0.013506438386701371
435,FUTR_M_W41,EDUCATION,Less than high school,[0.20773726 0.47922303 0.3130397 ],0.027172505406183052
436,FUTR_M_W41,EDUCATION,Postgraduate,[0.04021356 0.58793808 0.37184836],0.0006120623393782138
437,FUTR_M_W41,EDUCATION,"Some college, no degree",[0.05721342 0.54095906 0.40182752],0.007023302553954308
438,SSMONEY_W41,EDUCATION,Associate's degree,[0.17386551 0.41994576 0.40618874],0.0036478975128285316
439,SSMONEY_W41,EDUCATION,College graduate/some postgrad,[0.08793693 0.43591862 0.47614445],0.002564835967772311
440,SSMONEY_W41,EDUCATION,High school graduate,[0.19545188 0.38072501 0.42382311],0.0194894601685867
441,SSMONEY_W41,EDUCATION,Less than high school,[0.25275938 0.4557786  0.29146202],0.0
442,SSMONEY_W41,EDUCATION,Postgraduate,[0.14464199 0.47906735 0.37629066],0.016075326744635854
443,SSMONEY_W41,EDUCATION,"Some college, no degree",[0.13499809 0.39385818 0.47114373],0.0055894969004877315
444,GOVPRIOoF2_W41,EDUCATION,Associate's degree,[0.44999504 0.24694705 0.16221313 0.14084477],0.0
445,GOVPRIOoF2_W41,EDUCATION,College graduate/some postgrad,[0.5009442  0.27338386 0.1730762  0.05259574],0.0
446,GOVPRIOoF2_W41,EDUCATION,High school graduate,[0.38055843 0.34247748 0.21407941 0.06288468],0.0077833119890089245
447,GOVPRIOoF2_W41,EDUCATION,Less than high school,[0.57727868 0.29837555 0.067178   0.05716776],0.005872397241538639
448,GOVPRIOoF2_W41,EDUCATION,Postgraduate,[0.59482106 0.23062864 0.0939968  0.0805535 ],0.0
449,GOVPRIOoF2_W41,EDUCATION,"Some college, no degree",[0.51241363 0.23277891 0.18127552 0.07353193],0.003840345878216505
450,HAPPENiF2_W41,EDUCATION,Associate's degree,[0.47578594 0.52421406],0.07040172150328042
451,HAPPENiF2_W41,EDUCATION,College graduate/some postgrad,[0.4796342 0.5203658],0.06986945487595257
452,HAPPENiF2_W41,EDUCATION,High school graduate,[0.43519091 0.56480909],0.09503018426666597
453,HAPPENiF2_W41,EDUCATION,Less than high school,[0.58019674 0.41980326],0.09339378245177116
454,HAPPENiF2_W41,EDUCATION,Postgraduate,[0.42192785 0.57807215],0.08201759525971239
455,HAPPENiF2_W41,EDUCATION,"Some college, no degree",[0.42317141 0.57682859],0.09895617661799866
456,HARASS1F1b_W41,EDUCATION,Associate's degree,[0.46724961 0.43446093 0.09828945],0.0
457,HARASS1F1b_W41,EDUCATION,College graduate/some postgrad,[0.45152864 0.37260581 0.17586555],0.0
458,HARASS1F1b_W41,EDUCATION,High school graduate,[0.59142779 0.29493441 0.1136378 ],0.008296414097137871
459,HARASS1F1b_W41,EDUCATION,Less than high school,[0.67252198 0.29022071 0.03725731],0.0
460,HARASS1F1b_W41,EDUCATION,Postgraduate,[0.3775605  0.40269605 0.21974345],0.018424945563795165
461,HARASS1F1b_W41,EDUCATION,"Some college, no degree",[0.45322895 0.37862663 0.16814442],0.0
462,FUTRCLASSc_W41,EDUCATION,Associate's degree,[0.67412889 0.15035218 0.17551894],0.004876060152936348
463,FUTRCLASSc_W41,EDUCATION,College graduate/some postgrad,[0.71966987 0.13124356 0.14908657],0.002179826868562399
464,FUTRCLASSc_W41,EDUCATION,High school graduate,[0.58077281 0.19165645 0.22757074],0.004559891401298893
465,FUTRCLASSc_W41,EDUCATION,Less than high school,[0.45427043 0.2959222  0.24980737],0.003142801755104252
466,FUTRCLASSc_W41,EDUCATION,Postgraduate,[0.70395062 0.13327189 0.16277749],0.007138076670068467
467,FUTRCLASSc_W41,EDUCATION,"Some college, no degree",[0.63636094 0.18331623 0.18032283],0.0019589380731332767
468,LEGALIMG_W41,EDUCATION,Associate's degree,[0.18904584 0.64024333 0.17071083],0.011717683520409646
469,LEGALIMG_W41,EDUCATION,College graduate/some postgrad,[0.32933047 0.48522219 0.18544733],0.004854057850823904
470,LEGALIMG_W41,EDUCATION,High school graduate,[0.20855792 0.4927942  0.29864788],0.010082247940280186
471,LEGALIMG_W41,EDUCATION,Less than high school,[0.23137004 0.48536457 0.2832654 ],0.002935350695285365
472,LEGALIMG_W41,EDUCATION,Postgraduate,[0.42480441 0.48891881 0.08627679],0.009740019154579102
473,LEGALIMG_W41,EDUCATION,"Some college, no degree",[0.28888572 0.48429488 0.2268194 ],0.01586027480173002
474,HARASS4_W41,EDUCATION,Associate's degree,[0.51274787 0.48725213],0.0014521987779650514
475,HARASS4_W41,EDUCATION,College graduate/some postgrad,[0.53027451 0.46972549],0.006046548727524811
476,HARASS4_W41,EDUCATION,High school graduate,[0.48534319 0.51465681],0.011242716816384482
477,HARASS4_W41,EDUCATION,Less than high school,[0.47535474 0.52464526],0.0
478,HARASS4_W41,EDUCATION,Postgraduate,[0.58264844 0.41735156],0.006080493558828742
479,HARASS4_W41,EDUCATION,"Some college, no degree",[0.53135459 0.46864541],0.0018345913303698409
480,ETHNCMAJMOD_W41,EDUCATION,Associate's degree,[0.17390647 0.17676529 0.12103299 0.05893916 0.46935609],0.004585610067800015
481,ETHNCMAJMOD_W41,EDUCATION,College graduate/some postgrad,[0.20904565 0.19383224 0.10448623 0.0622772  0.43035868],0.0
482,ETHNCMAJMOD_W41,EDUCATION,High school graduate,[0.13229395 0.15440551 0.1866603  0.10627534 0.4203649 ],0.008717446263747762
483,ETHNCMAJMOD_W41,EDUCATION,Less than high school,[0.1058542  0.24623429 0.16917813 0.10206262 0.37667077],0.012230930262014997
484,ETHNCMAJMOD_W41,EDUCATION,Postgraduate,[0.19941849 0.22563754 0.0864427  0.03475648 0.45374479],0.004517341983547151
485,ETHNCMAJMOD_W41,EDUCATION,"Some college, no degree",[0.19349921 0.16192273 0.18545946 0.07038758 0.38873101],0.006200698533716637
486,SOLVPROBf_W41,EDUCATION,Associate's degree,[0.09120213 0.277408   0.37527007 0.2561198 ],0.013638942389583611
487,SOLVPROBf_W41,EDUCATION,College graduate/some postgrad,[0.10339031 0.35050305 0.28852924 0.2575774 ],0.007743016647080202
488,SOLVPROBf_W41,EDUCATION,High school graduate,[0.09389757 0.28188729 0.34613193 0.27808322],0.031078068769841594
489,SOLVPROBf_W41,EDUCATION,Less than high school,[0.23180773 0.31524919 0.33488324 0.11805985],0.009713109871720103
490,SOLVPROBf_W41,EDUCATION,Postgraduate,[0.10253846 0.4116006  0.26124067 0.22462026],0.005367033813750313
491,SOLVPROBf_W41,EDUCATION,"Some college, no degree",[0.08640089 0.30635546 0.28207432 0.32516932],0.004209600714575268
492,HAPPENc_W41,EDUCATION,Associate's degree,[0.60234065 0.39765935],0.07390377434613613
493,HAPPENc_W41,EDUCATION,College graduate/some postgrad,[0.5999891 0.4000109],0.052193228399379045
494,HAPPENc_W41,EDUCATION,High school graduate,[0.48749406 0.51250594],0.11822688009008822
495,HAPPENc_W41,EDUCATION,Less than high school,[0.4982642 0.5017358],0.13557177170888124
496,HAPPENc_W41,EDUCATION,Postgraduate,[0.6885486 0.3114514],0.06780239152932259
497,HAPPENc_W41,EDUCATION,"Some college, no degree",[0.54888834 0.45111166],0.0951489135648432
498,FTRWORRYa_W41,EDUCATION,Associate's degree,[0.27929464 0.4446916  0.23928019 0.03673357],0.0
499,FTRWORRYa_W41,EDUCATION,College graduate/some postgrad,[0.24174702 0.48610768 0.24714989 0.0249954 ],0.0049798585315906155
500,FTRWORRYa_W41,EDUCATION,High school graduate,[0.30753876 0.397732   0.25349804 0.0412312 ],0.009589856338005265
501,FTRWORRYa_W41,EDUCATION,Less than high school,[0.33301683 0.44460073 0.18166319 0.04071925],0.0015246539838213433
502,FTRWORRYa_W41,EDUCATION,Postgraduate,[0.19535833 0.56069298 0.22708737 0.01686132],0.004200286374749717
503,FTRWORRYa_W41,EDUCATION,"Some college, no degree",[0.32278212 0.45783061 0.19273407 0.0266532 ],0.003554010917679301
504,HAPPEN2d_W41,EDUCATION,Associate's degree,[0.14887771 0.41095619 0.35771704 0.08244905],0.0016653659119578999
505,HAPPEN2d_W41,EDUCATION,College graduate/some postgrad,[0.11856324 0.40192198 0.41985308 0.0596617 ],0.005978691088633947
506,HAPPEN2d_W41,EDUCATION,High school graduate,[0.12707867 0.38043064 0.40175104 0.09073965],0.015570945464363523
507,HAPPEN2d_W41,EDUCATION,Less than high school,[0.09398379 0.38532938 0.34632263 0.17436419],0.008843995052083229
508,HAPPEN2d_W41,EDUCATION,Postgraduate,[0.11747263 0.47394322 0.38487718 0.02370698],0.0059689282202537745
509,HAPPEN2d_W41,EDUCATION,"Some college, no degree",[0.14293448 0.44220882 0.35017405 0.06468265],0.009530258289212598
510,POPPROB_W41,EDUCATION,Associate's degree,[0.39578522 0.42930249 0.17491228],0.0
511,POPPROB_W41,EDUCATION,College graduate/some postgrad,[0.39554153 0.39757952 0.20687896],0.0038737114281825087
512,POPPROB_W41,EDUCATION,High school graduate,[0.51307149 0.32658257 0.16034594],0.004883310968279813
513,POPPROB_W41,EDUCATION,Less than high school,[0.52387549 0.27768021 0.1984443 ],0.0117106371727549
514,POPPROB_W41,EDUCATION,Postgraduate,[0.33042955 0.45199955 0.2175709 ],0.0049548209781246225
515,POPPROB_W41,EDUCATION,"Some college, no degree",[0.4885181  0.33313947 0.17834242],0.0019589380731332767
516,GOVPRIOc_W41,EDUCATION,Associate's degree,[0.69902177 0.14718539 0.08637361 0.06741923],0.0
517,GOVPRIOc_W41,EDUCATION,College graduate/some postgrad,[0.66519715 0.20349154 0.08371187 0.04759944],0.0
518,GOVPRIOc_W41,EDUCATION,High school graduate,[0.68819594 0.21210043 0.04928507 0.05041857],0.0033244480861116823
519,GOVPRIOc_W41,EDUCATION,Less than high school,[0.77063632 0.14428318 0.06759322 0.01748727],0.0031428017551042515
520,GOVPRIOc_W41,EDUCATION,Postgraduate,[0.63810616 0.239369   0.07986168 0.04266316],0.002301637966294822
521,GOVPRIOc_W41,EDUCATION,"Some college, no degree",[0.66341421 0.21480165 0.06892782 0.05285633],0.0
522,GOVPRIOgF1_W41,EDUCATION,Associate's degree,[0.33038745 0.33932923 0.25043792 0.0798454 ],0.0
523,GOVPRIOgF1_W41,EDUCATION,College graduate/some postgrad,[0.33781125 0.29048484 0.24537403 0.12632988],0.0012035207554184628
524,GOVPRIOgF1_W41,EDUCATION,High school graduate,[0.45777834 0.30126514 0.1835351  0.05742142],0.007356973438495908
525,GOVPRIOgF1_W41,EDUCATION,Less than high school,[0.52475857 0.31759173 0.08617107 0.07147863],0.0
526,GOVPRIOgF1_W41,EDUCATION,Postgraduate,[0.20596864 0.25537943 0.41937522 0.11927671],0.0
527,GOVPRIOgF1_W41,EDUCATION,"Some college, no degree",[0.3570323  0.26646592 0.24669297 0.12980881],0.0
528,HARASS3NOWRKF2_W41,EDUCATION,Associate's degree,[0.1424541  0.47470712 0.38283878],0.0
529,HARASS3NOWRKF2_W41,EDUCATION,College graduate/some postgrad,[0.13860575 0.56153562 0.29985863],0.0
530,HARASS3NOWRKF2_W41,EDUCATION,High school graduate,[0.10662035 0.57304079 0.32033886],0.01319608969019394
531,HARASS3NOWRKF2_W41,EDUCATION,Less than high school,[0.14124079 0.56209851 0.2966607 ],0.006503949432667358
532,HARASS3NOWRKF2_W41,EDUCATION,Postgraduate,[0.16261722 0.57892591 0.25845687],0.003807017596739358
533,HARASS3NOWRKF2_W41,EDUCATION,"Some college, no degree",[0.10390508 0.51358858 0.38250634],0.009862582128898775
534,HARASS1NOWRKF2a_W41,EDUCATION,Associate's degree,[0.50404835 0.41441946 0.08153218],0.011421084411173184
535,HARASS1NOWRKF2a_W41,EDUCATION,College graduate/some postgrad,[0.37952447 0.48983375 0.13064178],0.0
536,HARASS1NOWRKF2a_W41,EDUCATION,High school graduate,[0.54806887 0.42245183 0.02947929],0.0
537,HARASS1NOWRKF2a_W41,EDUCATION,Less than high school,[0.65470288 0.28234658 0.06295054],0.0
538,HARASS1NOWRKF2a_W41,EDUCATION,Postgraduate,[0.29353975 0.45136414 0.25509611],0.0
539,HARASS1NOWRKF2a_W41,EDUCATION,"Some college, no degree",[0.51467486 0.39185432 0.09347082],0.005368865789514635
0,AVGFAM_W41,CITIZEN,No,[0.31827023 0.29231345 0.38941631],0.0
1,AVGFAM_W41,CITIZEN,Yes,[0.19767417 0.35432282 0.44800301],0.0038503943876716756
2,HARASS5_W41,CITIZEN,No,[0.19028487 0.49796707 0.31174806],0.0
3,HARASS5_W41,CITIZEN,Yes,[0.13769416 0.35710519 0.50520065],0.0017112709741658033
4,GOVPRIOmF2_W41,CITIZEN,No,[0.6242854  0.2313946  0.10181022 0.04250978],0.0
5,GOVPRIOmF2_W41,CITIZEN,Yes,[0.47027573 0.39339892 0.09223144 0.04409391],0.008922225664417993
6,SOLVPROBg_W41,CITIZEN,No,[0.25582676 0.48713393 0.16018186 0.09685745],0.04851215385116757
7,SOLVPROBg_W41,CITIZEN,Yes,[0.21451241 0.51439596 0.19073279 0.08035884],0.015822753475304853
8,HARASS1F1a_W41,CITIZEN,No,[0.65697191 0.21305206 0.12997604],0.0
9,HARASS1F1a_W41,CITIZEN,Yes,[0.45137257 0.42455813 0.1240693 ],0.006079539307979803
10,ROBWRK2_W41,CITIZEN,No,[0.15621248 0.219817   0.40174878 0.22222174],0.0
11,ROBWRK2_W41,CITIZEN,Yes,[0.06115061 0.24632929 0.40284978 0.28967032],0.002893236174990048
12,ROBWRK_W41,CITIZEN,No,[0.37076948 0.47291769 0.12008208 0.03623075],0.0
13,ROBWRK_W41,CITIZEN,Yes,[0.29548164 0.5273577  0.16315135 0.01400931],0.0029788588880425735
14,GOVPRIOnF2_W41,CITIZEN,No,[0.2382243 0.3745829 0.1351652 0.2520276],0.0
15,GOVPRIOnF2_W41,CITIZEN,Yes,[0.13965582 0.28783326 0.18213538 0.39037554],0.008404055460481922
16,HARASS1NOWRKF2c_W41,CITIZEN,No,[0.95736015 0.01842296 0.02421689],0.0
17,HARASS1NOWRKF2c_W41,CITIZEN,Yes,[0.67841763 0.28103993 0.04054244],0.0031593759314875124
18,HAPPENd_W41,CITIZEN,No,[0.30696651 0.69303349],0.19253287113949144
19,HAPPENd_W41,CITIZEN,Yes,[0.34506624 0.65493376],0.08465052254404626
20,GOVPRIOd_W41,CITIZEN,No,[0.49494834 0.36059679 0.11118782 0.03326706],0.0
21,GOVPRIOd_W41,CITIZEN,Yes,[0.3294511  0.48661901 0.16040617 0.02352372],0.002263606040311221
22,HAPPEN2f_W41,CITIZEN,No,[0.19556816 0.43582374 0.31409083 0.05451727],0.0
23,HAPPEN2f_W41,CITIZEN,Yes,[0.12318368 0.53670628 0.28060521 0.05950483],0.009999916245318614
24,FUTRCLASSb_W41,CITIZEN,No,[0.36598423 0.41445172 0.21956405],0.0
25,FUTRCLASSb_W41,CITIZEN,Yes,[0.27136953 0.46488258 0.2637479 ],0.00466758758937713
26,NATDEBT_W41,CITIZEN,No,[0.46926589 0.21545532 0.29645111 0.01882769],0.0062543230595195586
27,NATDEBT_W41,CITIZEN,Yes,[0.64453684 0.20686916 0.1293191  0.0192749 ],0.002625138027053854
28,AGEMAJ_W41,CITIZEN,No,[0.04998563 0.120227   0.30592071 0.20487396 0.3189927 ],0.02047438729744604
29,AGEMAJ_W41,CITIZEN,Yes,[0.03860928 0.12986147 0.4328553  0.13874016 0.2599338 ],0.007614420159998004
30,HAPPENe_W41,CITIZEN,No,[0.85792136 0.14207864],0.16081830160382243
31,HAPPENe_W41,CITIZEN,Yes,[0.79058326 0.20941674],0.07161608606941916
32,ROBIMPACTb_W41,CITIZEN,No,[0.49722406 0.50277594],0.0
33,ROBIMPACTb_W41,CITIZEN,Yes,[0.32820531 0.67179469],0.010404453154691516
34,HARASS1NOWRKF2d_W41,CITIZEN,No,[0.9579407 0.0420593 0.       ],0.0
35,HARASS1NOWRKF2d_W41,CITIZEN,Yes,[0.58265129 0.33091181 0.08643691],0.007733601330209977
36,HARASS1F1c_W41,CITIZEN,No,[0.81736253 0.18263747 0.        ],0.0
37,HARASS1F1c_W41,CITIZEN,Yes,[0.62869945 0.3071558  0.06414476],0.005240378784226841
38,HAPPENf_W41,CITIZEN,No,[0.60281565 0.39718435],0.19947693174496303
39,HAPPENf_W41,CITIZEN,Yes,[0.41415589 0.58584411],0.08591857880988052
40,FTRWORRYe_W41,CITIZEN,No,[0.37929899 0.3364032  0.22818896 0.05610885],0.0
41,FTRWORRYe_W41,CITIZEN,Yes,[0.42845214 0.33911452 0.18584136 0.04659198],0.0007237633511078715
42,GOVPRIOjF1_W41,CITIZEN,No,[0.39745763 0.36871723 0.07010081 0.16372433],0.0
43,GOVPRIOjF1_W41,CITIZEN,Yes,[0.39102686 0.362939   0.17436633 0.07166782],0.0
44,SOLVPROBh_W41,CITIZEN,No,[0.5450546 0.3733857 0.0454795 0.0360802],0.026728710356965602
45,SOLVPROBh_W41,CITIZEN,Yes,[0.22222941 0.51921389 0.16949687 0.08905983],0.011993706062195552
46,GOVPRIOhF1_W41,CITIZEN,No,[0.38519961 0.2236286  0.18352192 0.20764987],0.012065583464510032
47,GOVPRIOhF1_W41,CITIZEN,Yes,[0.19180061 0.231365   0.17212835 0.40470604],0.002141233908196294
48,FTRWORRYb_W41,CITIZEN,No,[0.45543136 0.3377833  0.2025592  0.00422614],0.03558366341620212
49,FTRWORRYb_W41,CITIZEN,Yes,[0.39611549 0.37506723 0.18895639 0.03986089],0.0018244674175067128
50,ROBIMPACTa_W41,CITIZEN,No,[0.73595506 0.26404494],0.0
51,ROBIMPACTa_W41,CITIZEN,Yes,[0.77518221 0.22481779],0.011426080619892752
52,FTRWORRYf_W41,CITIZEN,No,[0.5982692  0.23823201 0.12960028 0.03389851],0.0
53,FTRWORRYf_W41,CITIZEN,Yes,[0.4037169  0.28203715 0.21096296 0.10328299],0.002943036627441672
54,GOVPRIOfF1_W41,CITIZEN,No,[0.23435939 0.39161788 0.31781662 0.0562061 ],0.0
55,GOVPRIOfF1_W41,CITIZEN,Yes,[0.2344481  0.31576686 0.22626388 0.22352116],0.004585393284434896
56,GOVPRIOb_W41,CITIZEN,No,[0.75387895 0.12939469 0.03427424 0.08245212],0.0
57,GOVPRIOb_W41,CITIZEN,Yes,[0.52748025 0.34189377 0.0841302  0.04649578],0.0030616883859366215
58,SOLVPROBc_W41,CITIZEN,No,[0.22150791 0.4429974  0.21707893 0.11841576],0.026728710356965602
59,SOLVPROBc_W41,CITIZEN,Yes,[0.1457015  0.44644092 0.26421465 0.14364293],0.017850193850581206
60,FUTRCLASSa_W41,CITIZEN,No,[0.41442549 0.27758331 0.30799119],0.0
61,FUTRCLASSa_W41,CITIZEN,Yes,[0.32802376 0.22159775 0.45037849],0.004319025054482794
62,GOVPRIOkF2_W41,CITIZEN,No,[0.190755   0.46771488 0.15197284 0.18955729],0.0
63,GOVPRIOkF2_W41,CITIZEN,Yes,[0.23246572 0.39372315 0.20689264 0.1669185 ],0.00834878773855699
64,HAPPENb_W41,CITIZEN,No,[0.34263624 0.65736376],0.19276215721586723
65,HAPPENb_W41,CITIZEN,Yes,[0.37263146 0.62736854],0.07869456078266537
66,HAPPENhF1_W41,CITIZEN,No,[0.57111238 0.42888762],0.28831324189348484
67,HAPPENhF1_W41,CITIZEN,Yes,[0.36474554 0.63525446],0.07173807320562707
68,ELDCARE_W41,CITIZEN,No,[0.40491486 0.59508514],0.0
69,ELDCARE_W41,CITIZEN,Yes,[0.26662632 0.73337368],0.006892356356374875
70,JOBSECURITY_W41,CITIZEN,No,[0.30162606 0.42451187 0.27386207],0.0
71,JOBSECURITY_W41,CITIZEN,Yes,[0.12881595 0.50290749 0.36827656],0.00919768171231291
72,GOVPRIOlF2_W41,CITIZEN,No,[0.48613819 0.33341551 0.12781574 0.05263057],0.0
73,GOVPRIOlF2_W41,CITIZEN,Yes,[0.15526506 0.40136883 0.32666101 0.1167051 ],0.004730168925962086
74,FUTR_K_W41,CITIZEN,No,[0.09638377 0.52781071 0.37580552],0.02047438729744604
75,FUTR_K_W41,CITIZEN,Yes,[0.09950896 0.45755291 0.44293813],0.010254737931881959
76,WRKTRN1F1_W41,CITIZEN,No,[0.23799607 0.13994747 0.52093957 0.10111689],0.0
77,WRKTRN1F1_W41,CITIZEN,Yes,[0.09921936 0.10923288 0.38486037 0.40668739],0.0011877202341438263
78,FTRWORRYc_W41,CITIZEN,No,[0.47084951 0.37760953 0.13028646 0.0212545 ],0.052037919418889626
79,FTRWORRYc_W41,CITIZEN,Yes,[0.49665934 0.37368586 0.10647239 0.02318241],0.003691671425687084
80,HAPPEN2e_W41,CITIZEN,No,[0.30136837 0.61876546 0.06103318 0.01883298],0.0
81,HAPPEN2e_W41,CITIZEN,Yes,[0.30597702 0.55928885 0.11241826 0.02231587],0.0033259362121070236
82,SOLVPROBb_W41,CITIZEN,No,[0.22824766 0.32952959 0.31846794 0.12375481],0.026728710356965602
83,SOLVPROBb_W41,CITIZEN,Yes,[0.08350448 0.42763406 0.32686283 0.16199863],0.014637199044544467
84,HARASS3F1_W41,CITIZEN,No,[0.25668705 0.40041402 0.34289892],0.0
85,HARASS3F1_W41,CITIZEN,Yes,[0.12257763 0.55740357 0.3200188 ],0.007915363028552343
86,SOLVPROBeF2_W41,CITIZEN,No,[0.25728871 0.51560543 0.22710586 0.        ],0.04250978472929819
87,SOLVPROBeF2_W41,CITIZEN,Yes,[0.10913959 0.53425722 0.27316273 0.08344047],0.016801690117948978
88,FUTR_ABR_W41,CITIZEN,No,[0.17317914 0.49270386 0.29611432 0.03800268],0.07767861758739435
89,FUTR_ABR_W41,CITIZEN,Yes,[0.22216519 0.56345786 0.15989333 0.05448362],0.011745215595833186
90,GOVPRIOiF1_W41,CITIZEN,No,[0.32162859 0.56440786 0.10610076 0.00786279],0.0
91,GOVPRIOiF1_W41,CITIZEN,Yes,[0.3573166  0.51496149 0.11850978 0.00921212],0.0
92,HAPPENj_W41,CITIZEN,No,[0.74487064 0.25512936],0.1685052581419429
93,HAPPENj_W41,CITIZEN,Yes,[0.71052852 0.28947148],0.08905623124311186
94,AUTOWKPLC_W41,CITIZEN,No,[0.37841577 0.37866392 0.2429203 ],0.0
95,AUTOWKPLC_W41,CITIZEN,Yes,[0.21566077 0.49437198 0.28996725],0.00983388331228188
96,WRKTRN1F2_W41,CITIZEN,No,[0.20066352 0.02176814 0.54487837 0.23268997],0.0
97,WRKTRN1F2_W41,CITIZEN,Yes,[0.09110556 0.04697787 0.53491631 0.32700026],0.006633106907345247
98,HARASS1F1d_W41,CITIZEN,No,[0.75100787 0.16258517 0.08640696],0.0
99,HARASS1F1d_W41,CITIZEN,Yes,[0.59159193 0.33045067 0.07795739],0.005729154915665234
100,HAPPEN2g_W41,CITIZEN,No,[0.28634011 0.47428473 0.20547666 0.03389851],0.0
101,HAPPEN2g_W41,CITIZEN,Yes,[0.33935373 0.49933675 0.12966304 0.03164648],0.0035253900997423812
102,FTRWORRYd_W41,CITIZEN,No,[0.45046017 0.34557645 0.14499592 0.05896745],0.0
103,FTRWORRYd_W41,CITIZEN,Yes,[0.4803898  0.39790156 0.10213332 0.01957532],0.0017775178513825527
104,GOVPRIOe_W41,CITIZEN,No,[0.68771568 0.18926839 0.08417362 0.03884232],0.0062543230595195586
105,GOVPRIOe_W41,CITIZEN,Yes,[0.42224992 0.37650579 0.14548845 0.05575584],0.0033808448574414343
106,HAPPENa_W41,CITIZEN,No,[0.55054266 0.44945734],0.12370235894285908
107,HAPPENa_W41,CITIZEN,Yes,[0.40510565 0.59489435],0.08012584203202214
108,SOLVPROBdF1_W41,CITIZEN,No,[0.27102911 0.25703825 0.34057161 0.13136103],0.012065583464510032
109,SOLVPROBdF1_W41,CITIZEN,Yes,[0.05786727 0.37826166 0.3628683  0.20100277],0.008989686722402189
110,HAPPEN2a_W41,CITIZEN,No,[0.06756467 0.35449739 0.50882025 0.0691177 ],0.020474387297446044
111,HAPPEN2a_W41,CITIZEN,Yes,[0.12162771 0.49367729 0.34417301 0.04052199],0.008296324935965464
112,HAPPEN2h_W41,CITIZEN,No,[0.09480343 0.40744789 0.44221469 0.05553399],0.014773223273549423
113,HAPPEN2h_W41,CITIZEN,Yes,[0.06642324 0.31778327 0.523942   0.09185149],0.008212589803879363
114,SSCUT_W41,CITIZEN,No,[0.28450827 0.71549173],0.05203791941888963
115,SSCUT_W41,CITIZEN,Yes,[0.2514483 0.7485517],0.005795390396429
116,FUTR_DIV_W41,CITIZEN,No,[0.38270113 0.23021331 0.38708557],0.06731418561248019
117,FUTR_DIV_W41,CITIZEN,Yes,[0.28721264 0.11086711 0.60192024],0.0092929470752523
118,ELDFINANCEF1_W41,CITIZEN,No,[0.39288979 0.42213572 0.18497449],0.0
119,ELDFINANCEF1_W41,CITIZEN,Yes,[0.35481121 0.26980726 0.37538152],0.007446171022857993
120,ENVC_W41,CITIZEN,No,[0.25357676 0.67048632 0.07593693],0.0
121,ENVC_W41,CITIZEN,Yes,[0.15299758 0.58312182 0.2638806 ],0.0030589587624984533
122,GOVPRIOa_W41,CITIZEN,No,[0.48105284 0.36429509 0.12682352 0.02782856],0.0062543230595195586
123,GOVPRIOa_W41,CITIZEN,Yes,[0.49391552 0.41829619 0.07969959 0.0080887 ],0.004066906693371186
124,ELDFINANCEF2_W41,CITIZEN,No,[0.17944268 0.66727666 0.15328066],0.0
125,ELDFINANCEF2_W41,CITIZEN,Yes,[0.14475704 0.56040741 0.29483555],0.025949542284305654
126,HAPPENg_W41,CITIZEN,No,[0.50416254 0.49583746],0.1387023979220841
127,HAPPENg_W41,CITIZEN,Yes,[0.54528431 0.45471569],0.08510545287461403
128,OPTIMIST_W41,CITIZEN,No,[0.12346285 0.61566269 0.19401106 0.06686341],0.010364431974914145
129,OPTIMIST_W41,CITIZEN,Yes,[0.11619053 0.42844255 0.32085296 0.13451396],0.0019672439906577785
130,JOBBENEFITS_W41,CITIZEN,No,[0.35373995 0.29275878 0.35350126],0.0
131,JOBBENEFITS_W41,CITIZEN,Yes,[0.21777558 0.41966256 0.36256186],0.007086658637075253
132,AUTOLKLY_W41,CITIZEN,No,[0.28046386 0.24865183 0.29457624 0.17630807],0.0
133,AUTOLKLY_W41,CITIZEN,Yes,[0.10443947 0.25508074 0.38980914 0.25067065],0.00493478518474697
134,SOLVPROBa_W41,CITIZEN,No,[0.60410622 0.27599719 0.07066083 0.04923576],0.02047438729744604
135,SOLVPROBa_W41,CITIZEN,Yes,[0.42376197 0.45923811 0.08349333 0.03350659],0.016927075751269824
136,SOLVPROBi_W41,CITIZEN,No,[0.48100551 0.38840743 0.08558105 0.04500601],0.02896561349414932
137,SOLVPROBi_W41,CITIZEN,Yes,[0.23639336 0.54302101 0.17536767 0.04521797],0.01239482905043428
138,HAPPEN2b_W41,CITIZEN,No,[0.2185927  0.50735761 0.22479884 0.04925085],0.017200718570856456
139,HAPPEN2b_W41,CITIZEN,Yes,[0.20963558 0.46078381 0.29123328 0.03834732],0.004098592528642841
140,HAPPEN2c_W41,CITIZEN,No,[0.0962924  0.66823421 0.22104956 0.01442383],0.03215498620654724
141,HAPPEN2c_W41,CITIZEN,Yes,[0.0859495  0.49872921 0.37169974 0.04362156],0.008324960036225444
142,INTRMAR_W41,CITIZEN,No,[0.33710193 0.20335381 0.05421222 0.         0.40533204],0.02047438729744604
143,INTRMAR_W41,CITIZEN,Yes,[0.29893904 0.18902213 0.07292118 0.03630224 0.40281541],0.0067277343539392685
144,FUTR_M_W41,CITIZEN,No,[0.14399442 0.49642004 0.35958554],0.02047438729744604
145,FUTR_M_W41,CITIZEN,Yes,[0.06669204 0.53204123 0.40126672],0.008760275163061522
146,SSMONEY_W41,CITIZEN,No,[0.24968332 0.5110433  0.23927339],0.06241099646614938
147,SSMONEY_W41,CITIZEN,Yes,[0.15184472 0.41248049 0.43567479],0.0053611247888641364
148,GOVPRIOoF2_W41,CITIZEN,No,[0.77987084 0.22012916 0.         0.        ],0.0
149,GOVPRIOoF2_W41,CITIZEN,Yes,[0.46713453 0.28403531 0.17249969 0.07633047],0.003847817193567506
150,HAPPENiF2_W41,CITIZEN,No,[0.50304601 0.49695399],0.08577566877306342
151,HAPPENiF2_W41,CITIZEN,Yes,[0.45393955 0.54606045],0.08730952122071371
152,HARASS1F1b_W41,CITIZEN,No,[0.67853388 0.22621695 0.09524917],0.0
153,HARASS1F1b_W41,CITIZEN,Yes,[0.49588352 0.36034106 0.14377543],0.0051008164964179556
154,FUTRCLASSc_W41,CITIZEN,No,[0.6191938  0.23869805 0.14210815],0.0
155,FUTRCLASSc_W41,CITIZEN,Yes,[0.62777741 0.1768712  0.19535138],0.004013021919505207
156,LEGALIMG_W41,CITIZEN,No,[0.4134175  0.35855145 0.22803105],0.0
157,LEGALIMG_W41,CITIZEN,Yes,[0.26618873 0.51101315 0.22279812],0.0103720001693648
158,HARASS4_W41,CITIZEN,No,[0.3416551 0.6583449],0.03156353212144358
159,HARASS4_W41,CITIZEN,Yes,[0.52811431 0.47188569],0.004007110010343171
160,ETHNCMAJMOD_W41,CITIZEN,No,[0.19137217 0.39230492 0.05523479 0.04191762 0.3191705 ],0.0
161,ETHNCMAJMOD_W41,CITIZEN,Yes,[0.16709276 0.17046773 0.15819226 0.07956935 0.4246779 ],0.006456602763955331
162,SOLVPROBf_W41,CITIZEN,No,[0.34736951 0.27372729 0.26829586 0.11060734],0.02047438729744604
163,SOLVPROBf_W41,CITIZEN,Yes,[0.09496991 0.32137245 0.31408675 0.26957089],0.013634803678219879
164,HAPPENc_W41,CITIZEN,No,[0.51444279 0.48555721],0.11146156564300308
165,HAPPENc_W41,CITIZEN,Yes,[0.56061676 0.43938324],0.09094978333708731
166,FTRWORRYa_W41,CITIZEN,No,[0.41936693 0.44139591 0.11155083 0.02768634],0.03156353212144358
167,FTRWORRYa_W41,CITIZEN,Yes,[0.2793316  0.45596233 0.23265478 0.03205129],0.003483263480477744
168,HAPPEN2d_W41,CITIZEN,No,[0.21023932 0.33549422 0.35653067 0.0977358 ],0.0
169,HAPPEN2d_W41,CITIZEN,Yes,[0.12303489 0.41652792 0.38253414 0.07790305],0.009910453407203146
170,POPPROB_W41,CITIZEN,No,[0.53877008 0.2230251  0.23820482],0.021783443494201974
171,POPPROB_W41,CITIZEN,Yes,[0.44820985 0.36963913 0.18215101],0.0032980376084477186
172,GOVPRIOc_W41,CITIZEN,No,[0.7770056  0.14518395 0.07781045 0.        ],0.0
173,GOVPRIOc_W41,CITIZEN,Yes,[0.67689385 0.20461804 0.068132   0.05035612],0.0016563224048341707
174,GOVPRIOgF1_W41,CITIZEN,No,[0.24816241 0.17540665 0.32955195 0.24687899],0.0
175,GOVPRIOgF1_W41,CITIZEN,Yes,[0.38620647 0.29754151 0.22914006 0.08711196],0.0024684215789660146
176,HARASS3NOWRKF2_W41,CITIZEN,No,[0.21678908 0.4054614  0.37774952],0.04250978472929819
177,HARASS3NOWRKF2_W41,CITIZEN,Yes,[0.12078296 0.55839236 0.32082468],0.005055776428606774
178,HARASS1NOWRKF2a_W41,CITIZEN,No,[0.65051995 0.27335479 0.07612526],0.0
179,HARASS1NOWRKF2a_W41,CITIZEN,Yes,[0.47956846 0.42138492 0.09904661],0.002369826593256492
0,AVGFAM_W41,MARITAL,Divorced,[0.09714317 0.35533286 0.54752397],0.017120975859493757
1,AVGFAM_W41,MARITAL,Married,[0.20344129 0.34558398 0.45097473],0.002757633690584086
2,AVGFAM_W41,MARITAL,Never been married,[0.25171344 0.36165617 0.38663039],0.002156998009233878
3,AVGFAM_W41,MARITAL,Separated,[0.11173431 0.45953952 0.42872617],0.0
4,AVGFAM_W41,MARITAL,Widowed,[0.2423682  0.37327709 0.3843547 ],0.0
5,HARASS5_W41,MARITAL,Divorced,[0.12824369 0.32165418 0.55010213],0.009905452904667877
6,HARASS5_W41,MARITAL,Married,[0.18397008 0.32828642 0.4877435 ],0.0005477759565711894
7,HARASS5_W41,MARITAL,Never been married,[0.06951218 0.4355321  0.49495572],0.0005092146701040381
8,HARASS5_W41,MARITAL,Separated,[0.16293031 0.38950537 0.44756432],0.0027135162125777276
9,HARASS5_W41,MARITAL,Widowed,[0.22499107 0.2738309  0.50117803],0.0
10,GOVPRIOmF2_W41,MARITAL,Divorced,[0.53732796 0.36367983 0.06715355 0.03183865],0.0012717550839014848
11,GOVPRIOmF2_W41,MARITAL,Married,[0.43184049 0.42666546 0.10291213 0.03858191],0.005343444646784812
12,GOVPRIOmF2_W41,MARITAL,Never been married,[0.50343534 0.34092893 0.10724657 0.04838917],0.016700885749179904
13,GOVPRIOmF2_W41,MARITAL,Separated,[0.74758408 0.22671648 0.02569944 0.        ],0.0
14,GOVPRIOmF2_W41,MARITAL,Widowed,[0.67375832 0.24880601 0.03396138 0.04347429],0.0
15,SOLVPROBg_W41,MARITAL,Divorced,[0.22939447 0.56581664 0.10990895 0.09487994],0.01655803125552729
16,SOLVPROBg_W41,MARITAL,Married,[0.23158911 0.54132208 0.16503213 0.06205668],0.018925769034470644
17,SOLVPROBg_W41,MARITAL,Never been married,[0.18056892 0.43734213 0.26396447 0.11812448],0.011281399478392098
18,SOLVPROBg_W41,MARITAL,Separated,[0.20190081 0.43668722 0.23321167 0.1282003 ],0.0
19,SOLVPROBg_W41,MARITAL,Widowed,[0.31456715 0.55795303 0.08307902 0.0444008 ],0.01903697403258696
20,HARASS1F1a_W41,MARITAL,Divorced,[0.40207119 0.51104386 0.08688496],0.0023699153229859208
21,HARASS1F1a_W41,MARITAL,Married,[0.46275319 0.41551453 0.12173228],0.010945834013895858
22,HARASS1F1a_W41,MARITAL,Never been married,[0.45991736 0.38381559 0.15626705],0.0004904209621954086
23,HARASS1F1a_W41,MARITAL,Separated,[0.58456728 0.30811184 0.10732088],0.006267142194570208
24,HARASS1F1a_W41,MARITAL,Widowed,[0.65409852 0.32607759 0.01982388],0.0
25,ROBWRK2_W41,MARITAL,Divorced,[0.04015919 0.17340156 0.44961064 0.33682862],0.003149528563777449
26,ROBWRK2_W41,MARITAL,Married,[0.06845687 0.28438047 0.39106422 0.25609844],0.0021342713801227185
27,ROBWRK2_W41,MARITAL,Never been married,[0.09063784 0.22785307 0.41680076 0.26470832],0.0027270252776087816
28,ROBWRK2_W41,MARITAL,Separated,[0.04513257 0.14140988 0.33022307 0.48323448],0.0
29,ROBWRK2_W41,MARITAL,Widowed,[0.03007908 0.19210029 0.470269   0.30755163],0.0
30,ROBWRK_W41,MARITAL,Divorced,[0.32188386 0.47572805 0.19954302 0.00284506],0.0012330478546261354
31,ROBWRK_W41,MARITAL,Married,[0.2970353  0.52394754 0.17460148 0.00441569],0.001962403326088605
32,ROBWRK_W41,MARITAL,Never been married,[0.29642842 0.50492362 0.15529723 0.04335073],0.007743386589432496
33,ROBWRK_W41,MARITAL,Separated,[0.369442   0.49307055 0.13748745 0.        ],0.0
34,ROBWRK_W41,MARITAL,Widowed,[0.22322858 0.66048346 0.07472781 0.04156015],0.0
35,GOVPRIOnF2_W41,MARITAL,Divorced,[0.11426269 0.23626191 0.21339193 0.43608347],0.006328508159914366
36,GOVPRIOnF2_W41,MARITAL,Married,[0.13845831 0.27383291 0.17186616 0.41584262],0.004529176602731141
37,GOVPRIOnF2_W41,MARITAL,Never been married,[0.14824927 0.31870493 0.21530685 0.31773895],0.017087972912141664
38,GOVPRIOnF2_W41,MARITAL,Separated,[0.28004465 0.40983067 0.07528896 0.23483573],0.0
39,GOVPRIOnF2_W41,MARITAL,Widowed,[0.147001   0.388356   0.10268319 0.36195981],0.0
40,HARASS1NOWRKF2c_W41,MARITAL,Divorced,[0.65580604 0.32753663 0.01665732],0.0
41,HARASS1NOWRKF2c_W41,MARITAL,Married,[0.65464188 0.30203097 0.04332715],0.0012473154914013345
42,HARASS1NOWRKF2c_W41,MARITAL,Never been married,[0.76720529 0.18329326 0.04950145],0.005501547002288633
43,HARASS1NOWRKF2c_W41,MARITAL,Separated,[0.77306996 0.05992186 0.16700818],0.0
44,HARASS1NOWRKF2c_W41,MARITAL,Widowed,[0.61679713 0.37631599 0.00688688],0.0
45,HAPPENd_W41,MARITAL,Divorced,[0.29852205 0.70147795],0.07617393527714529
46,HAPPENd_W41,MARITAL,Married,[0.3263579 0.6736421],0.08176910003088819
47,HAPPENd_W41,MARITAL,Never been married,[0.38418766 0.61581234],0.1170346986939928
48,HAPPENd_W41,MARITAL,Separated,[0.29138124 0.70861876],0.09308140460309146
49,HAPPENd_W41,MARITAL,Widowed,[0.39084819 0.60915181],0.09094042371723256
50,GOVPRIOd_W41,MARITAL,Divorced,[0.23234617 0.58789061 0.15399894 0.02576428],0.0030681480296849
51,GOVPRIOd_W41,MARITAL,Married,[0.33365577 0.46135495 0.17841145 0.02657784],0.0020497470117517074
52,GOVPRIOd_W41,MARITAL,Never been married,[0.40086995 0.44829471 0.12391028 0.02692506],0.0026215660288563462
53,GOVPRIOd_W41,MARITAL,Separated,[0.2646409  0.49604059 0.22569637 0.01362214],0.0
54,GOVPRIOd_W41,MARITAL,Widowed,[0.36256738 0.534845   0.09563633 0.00695128],0.003366769163579147
55,HAPPEN2f_W41,MARITAL,Divorced,[0.11364013 0.55312677 0.28059722 0.05263589],0.011080122987320782
56,HAPPEN2f_W41,MARITAL,Married,[0.1334374 0.5468826 0.2723303 0.0473497],0.01083765252811476
57,HAPPEN2f_W41,MARITAL,Never been married,[0.12777067 0.49352436 0.31328149 0.06542347],0.009675374224145328
58,HAPPEN2f_W41,MARITAL,Separated,[0.14049787 0.35873906 0.43546901 0.06529406],0.0
59,HAPPEN2f_W41,MARITAL,Widowed,[0.10459742 0.55265889 0.26718013 0.07556356],0.0
60,FUTRCLASSb_W41,MARITAL,Divorced,[0.22666831 0.53466755 0.23866414],0.004360660311735861
61,FUTRCLASSb_W41,MARITAL,Married,[0.27765758 0.46970757 0.25263485],0.0042367324238119
62,FUTRCLASSb_W41,MARITAL,Never been married,[0.28266687 0.45231128 0.26502185],0.0025640211639130694
63,FUTRCLASSb_W41,MARITAL,Separated,[0.37191926 0.40539579 0.22268494],0.012821335470726386
64,FUTRCLASSb_W41,MARITAL,Widowed,[0.3113956  0.34662482 0.34197958],0.015068087533394404
65,NATDEBT_W41,MARITAL,Divorced,[0.68700521 0.14211603 0.14389891 0.02697985],0.002572691436829213
66,NATDEBT_W41,MARITAL,Married,[0.6377654  0.21461816 0.12898688 0.01862956],0.0022458859506062365
67,NATDEBT_W41,MARITAL,Never been married,[0.5921937  0.2238583  0.16443456 0.01951344],0.0002441417173160029
68,NATDEBT_W41,MARITAL,Separated,[0.66143171 0.26595312 0.07261517 0.        ],0.0
69,NATDEBT_W41,MARITAL,Widowed,[0.59858974 0.24912588 0.13550793 0.01677645],0.0019404740536165914
70,AGEMAJ_W41,MARITAL,Divorced,[0.08212259 0.12423906 0.4090213  0.09314883 0.29146822],0.014471109849388514
71,AGEMAJ_W41,MARITAL,Married,[0.03559914 0.10622729 0.46096559 0.1461339  0.25107409],0.0033629723375747625
72,AGEMAJ_W41,MARITAL,Never been married,[0.03978126 0.14758463 0.40155215 0.16865229 0.24242967],0.006476452273458442
73,AGEMAJ_W41,MARITAL,Separated,[0.03481152 0.09452717 0.30479609 0.07226804 0.49359718],0.0
74,AGEMAJ_W41,MARITAL,Widowed,[0.01158453 0.18831303 0.35362559 0.08710359 0.35937325],0.03638047434562391
75,HAPPENe_W41,MARITAL,Divorced,[0.8374309 0.1625691],0.04878391254529107
76,HAPPENe_W41,MARITAL,Married,[0.79124174 0.20875826],0.0672776292524982
77,HAPPENe_W41,MARITAL,Never been married,[0.78996674 0.21003326],0.10924518725883407
78,HAPPENe_W41,MARITAL,Separated,[0.76662067 0.23337933],0.12153158731458646
79,HAPPENe_W41,MARITAL,Widowed,[0.70944545 0.29055455],0.08295794596242498
80,ROBIMPACTb_W41,MARITAL,Divorced,[0.2235766 0.7764234],0.020177003838035088
81,ROBIMPACTb_W41,MARITAL,Married,[0.36640177 0.63359823],0.007520440165166046
82,ROBIMPACTb_W41,MARITAL,Never been married,[0.3596851 0.6403149],0.0043772416247767065
83,ROBIMPACTb_W41,MARITAL,Separated,[0.37406539 0.62593461],0.010738729975869664
84,ROBIMPACTb_W41,MARITAL,Widowed,[0.25049886 0.74950114],0.028944268098454577
85,HARASS1NOWRKF2d_W41,MARITAL,Divorced,[0.54455049 0.33849341 0.1169561 ],0.0
86,HARASS1NOWRKF2d_W41,MARITAL,Married,[0.59838949 0.31083297 0.09077754],0.004408840337294891
87,HARASS1NOWRKF2d_W41,MARITAL,Never been married,[0.64322499 0.2889866  0.06778841],0.012655461722038274
88,HARASS1NOWRKF2d_W41,MARITAL,Separated,[0.69650455 0.16218671 0.14130873],0.0
89,HARASS1NOWRKF2d_W41,MARITAL,Widowed,[0.51632785 0.46277857 0.02089358],0.0
90,HARASS1F1c_W41,MARITAL,Divorced,[0.59138649 0.33868682 0.06992668],0.0006831177305456558
91,HARASS1F1c_W41,MARITAL,Married,[0.59392889 0.33220753 0.07386358],0.010286993321681192
92,HARASS1F1c_W41,MARITAL,Never been married,[0.70184712 0.26561238 0.0325405 ],0.0
93,HARASS1F1c_W41,MARITAL,Separated,[0.74893788 0.23782827 0.01323385],0.0
94,HARASS1F1c_W41,MARITAL,Widowed,[0.71668863 0.24717791 0.03613346],0.0
95,HAPPENf_W41,MARITAL,Divorced,[0.34250442 0.65749558],0.10742600906420655
96,HAPPENf_W41,MARITAL,Married,[0.40717988 0.59282012],0.08715469010413905
97,HAPPENf_W41,MARITAL,Never been married,[0.48238603 0.51761397],0.11186394561491463
98,HAPPENf_W41,MARITAL,Separated,[0.33158335 0.66841665],0.1391814308756145
99,HAPPENf_W41,MARITAL,Widowed,[0.496549 0.503451],0.050660232785458094
100,FTRWORRYe_W41,MARITAL,Divorced,[0.47926266 0.34779923 0.12673538 0.04620273],0.0
101,FTRWORRYe_W41,MARITAL,Married,[0.45963551 0.33018638 0.17273159 0.03744653],0.0008629529804842186
102,FTRWORRYe_W41,MARITAL,Never been married,[0.34653565 0.33755026 0.23520017 0.08071391],0.0
103,FTRWORRYe_W41,MARITAL,Separated,[0.4964778  0.20633214 0.25826264 0.03892741],0.0
104,FTRWORRYe_W41,MARITAL,Widowed,[0.3711893  0.45347438 0.16665766 0.00867866],0.004833840457399043
105,GOVPRIOjF1_W41,MARITAL,Divorced,[0.36401191 0.48322831 0.09926245 0.05349733],0.0
106,GOVPRIOjF1_W41,MARITAL,Married,[0.40751396 0.34178236 0.16176137 0.08894231],0.0
107,GOVPRIOjF1_W41,MARITAL,Never been married,[0.33599909 0.39476735 0.1967923  0.07244126],0.0
108,GOVPRIOjF1_W41,MARITAL,Separated,[0.42755145 0.26985671 0.23981533 0.06277652],0.0
109,GOVPRIOjF1_W41,MARITAL,Widowed,[0.52468027 0.38104998 0.0673718  0.02689796],0.0
110,SOLVPROBh_W41,MARITAL,Divorced,[0.21012686 0.54661642 0.19368799 0.04956872],0.020154969386002655
111,SOLVPROBh_W41,MARITAL,Married,[0.22779191 0.50218203 0.17191214 0.09811393],0.010085889219006416
112,SOLVPROBh_W41,MARITAL,Never been married,[0.27000235 0.50207857 0.14748107 0.08043801],0.005857866315209016
113,SOLVPROBh_W41,MARITAL,Separated,[0.25910199 0.63894171 0.044084   0.0578723 ],0.0
114,SOLVPROBh_W41,MARITAL,Widowed,[0.1819928  0.61590332 0.12731941 0.07478447],0.04564415560496541
115,GOVPRIOhF1_W41,MARITAL,Divorced,[0.17209441 0.21350527 0.14432027 0.47008005],0.005156303204335739
116,GOVPRIOhF1_W41,MARITAL,Married,[0.17387839 0.27068824 0.18192733 0.37350604],0.004558044728948428
117,GOVPRIOhF1_W41,MARITAL,Never been married,[0.25813254 0.19361374 0.17430411 0.37394962],0.0
118,GOVPRIOhF1_W41,MARITAL,Separated,[0.31670551 0.21330511 0.20955391 0.26043547],0.0
119,GOVPRIOhF1_W41,MARITAL,Widowed,[0.30431835 0.11830766 0.14181974 0.43555424],0.0
120,FTRWORRYb_W41,MARITAL,Divorced,[0.39230679 0.39313667 0.17731353 0.03724301],0.004076684682792828
121,FTRWORRYb_W41,MARITAL,Married,[0.38247838 0.38815779 0.20313944 0.02622439],0.00110381289874179
122,FTRWORRYb_W41,MARITAL,Never been married,[0.38678242 0.37197166 0.18169089 0.05955504],0.004200231744953514
123,FTRWORRYb_W41,MARITAL,Separated,[0.55093509 0.2933949  0.0928044  0.0628656 ],0.0704208180215698
124,FTRWORRYb_W41,MARITAL,Widowed,[0.37922525 0.35011395 0.25059318 0.02006762],0.0007329251149925448
125,ROBIMPACTa_W41,MARITAL,Divorced,[0.84876507 0.15123493],0.018861417908619324
126,ROBIMPACTa_W41,MARITAL,Married,[0.76474011 0.23525989],0.005241131405717928
127,ROBIMPACTa_W41,MARITAL,Never been married,[0.77316732 0.22683268],0.011702579863566235
128,ROBIMPACTa_W41,MARITAL,Separated,[0.71848153 0.28151847],0.010738729975869664
129,ROBIMPACTa_W41,MARITAL,Widowed,[0.69457899 0.30542101],0.030733672773546026
130,FTRWORRYf_W41,MARITAL,Divorced,[0.38631499 0.30043526 0.19481355 0.1184362 ],0.0019108711910625765
131,FTRWORRYf_W41,MARITAL,Married,[0.37129907 0.26447549 0.24510354 0.11912189],0.0023935978373198735
132,FTRWORRYf_W41,MARITAL,Never been married,[0.49994938 0.27531231 0.14889998 0.07583833],0.004279764083362761
133,FTRWORRYf_W41,MARITAL,Separated,[0.48088488 0.28256282 0.20425692 0.03229538],0.009139631246085566
134,FTRWORRYf_W41,MARITAL,Widowed,[0.32358399 0.31441728 0.25320249 0.10879624],0.0
135,GOVPRIOfF1_W41,MARITAL,Divorced,[0.27470187 0.26976041 0.21443396 0.24110376],0.0
136,GOVPRIOfF1_W41,MARITAL,Married,[0.18162221 0.30598859 0.2595551  0.2528341 ],0.004790796180980563
137,GOVPRIOfF1_W41,MARITAL,Never been married,[0.31568501 0.32251032 0.209043   0.15276167],0.0024273006844842244
138,GOVPRIOfF1_W41,MARITAL,Separated,[0.23226397 0.42366347 0.27670891 0.06736365],0.0
139,GOVPRIOfF1_W41,MARITAL,Widowed,[0.18935975 0.37107141 0.15333522 0.28623362],0.02588778934017507
140,GOVPRIOb_W41,MARITAL,Divorced,[0.47841229 0.40347703 0.06975683 0.04835385],0.0044586906962917104
141,GOVPRIOb_W41,MARITAL,Married,[0.50036376 0.35413015 0.08531239 0.0601937 ],0.0037281946356537876
142,GOVPRIOb_W41,MARITAL,Never been married,[0.60025833 0.28922655 0.08652988 0.02398524],0.0027322176046887256
143,GOVPRIOb_W41,MARITAL,Separated,[0.64842905 0.18917688 0.0807821  0.08161197],0.0
144,GOVPRIOb_W41,MARITAL,Widowed,[0.54508835 0.36910257 0.04039152 0.04541756],0.0
145,SOLVPROBc_W41,MARITAL,Divorced,[0.16255128 0.48274867 0.24449253 0.11020752],0.016103678756469935
146,SOLVPROBc_W41,MARITAL,Married,[0.16324899 0.46811487 0.2390528  0.12958335],0.014610171590836291
147,SOLVPROBc_W41,MARITAL,Never been married,[0.13854079 0.36715313 0.33849035 0.15581572],0.011667950007708337
148,SOLVPROBc_W41,MARITAL,Separated,[0.16891362 0.56175048 0.07199915 0.19733676],0.03610277953634265
149,SOLVPROBc_W41,MARITAL,Widowed,[0.2072838  0.56636768 0.18211633 0.04423219],0.058260708778066654
150,FUTRCLASSa_W41,MARITAL,Divorced,[0.35745534 0.21466789 0.42787677],0.010051429882928835
151,FUTRCLASSa_W41,MARITAL,Married,[0.31469116 0.23304271 0.45226613],0.002570869480573006
152,FUTRCLASSa_W41,MARITAL,Never been married,[0.33278201 0.23754478 0.42967321],0.002200186851410549
153,FUTRCLASSa_W41,MARITAL,Separated,[0.28525323 0.23345122 0.48129555],0.012821335470726386
154,FUTRCLASSa_W41,MARITAL,Widowed,[0.41426686 0.16146499 0.42426814],0.015068087533394404
155,GOVPRIOkF2_W41,MARITAL,Divorced,[0.29688471 0.43639995 0.17564876 0.09106658],0.024042493064309178
156,GOVPRIOkF2_W41,MARITAL,Married,[0.24849512 0.41484959 0.21166264 0.12499264],0.0027319883729684563
157,GOVPRIOkF2_W41,MARITAL,Never been married,[0.15980708 0.32774684 0.20460802 0.30783807],0.003809110360409227
158,GOVPRIOkF2_W41,MARITAL,Separated,[0.29339224 0.52584781 0.10331059 0.07744936],0.0
159,GOVPRIOkF2_W41,MARITAL,Widowed,[0.35049647 0.40516783 0.09999973 0.14433598],0.0
160,HAPPENb_W41,MARITAL,Divorced,[0.30071482 0.69928518],0.07934107549771381
161,HAPPENb_W41,MARITAL,Married,[0.36004068 0.63995932],0.07778929290481068
162,HAPPENb_W41,MARITAL,Never been married,[0.40330019 0.59669981],0.11782500322520949
163,HAPPENb_W41,MARITAL,Separated,[0.30154784 0.69845216],0.12634060614925371
164,HAPPENb_W41,MARITAL,Widowed,[0.45970315 0.54029685],0.07287994135264424
165,HAPPENhF1_W41,MARITAL,Divorced,[0.27778709 0.72221291],0.10256856631201622
166,HAPPENhF1_W41,MARITAL,Married,[0.36775241 0.63224759],0.07177329808900007
167,HAPPENhF1_W41,MARITAL,Never been married,[0.47528907 0.52471093],0.12211477299554847
168,HAPPENhF1_W41,MARITAL,Separated,[0.17139672 0.82860328],0.15719020518921029
169,HAPPENhF1_W41,MARITAL,Widowed,[0.31732222 0.68267778],0.01875444506773931
170,ELDCARE_W41,MARITAL,Divorced,[0.17356523 0.82643477],0.011462426247128435
171,ELDCARE_W41,MARITAL,Married,[0.27583556 0.72416444],0.008891289934493422
172,ELDCARE_W41,MARITAL,Never been married,[0.31174372 0.68825628],0.004392812691407021
173,ELDCARE_W41,MARITAL,Separated,[0.23383158 0.76616842],0.0
174,ELDCARE_W41,MARITAL,Widowed,[0.31949624 0.68050376],0.0
175,JOBSECURITY_W41,MARITAL,Divorced,[0.10507642 0.56581799 0.32910559],0.0026830549486577698
176,JOBSECURITY_W41,MARITAL,Married,[0.11968777 0.4855727  0.39473952],0.008060987418736253
177,JOBSECURITY_W41,MARITAL,Never been married,[0.18736395 0.50978106 0.30285499],0.011455847992371452
178,JOBSECURITY_W41,MARITAL,Separated,[0.09937514 0.52618472 0.37444014],0.013214456009993119
179,JOBSECURITY_W41,MARITAL,Widowed,[0.14706766 0.37020788 0.48272446],0.021614416422731823
180,GOVPRIOlF2_W41,MARITAL,Divorced,[0.13478083 0.34651551 0.3348939  0.18380976],0.006328508159914364
181,GOVPRIOlF2_W41,MARITAL,Married,[0.14778815 0.38835501 0.35679249 0.10706434],0.003460033725820724
182,GOVPRIOlF2_W41,MARITAL,Never been married,[0.22210938 0.41420171 0.24639214 0.11729677],0.0
183,GOVPRIOlF2_W41,MARITAL,Separated,[0.25067582 0.43738343 0.2954418  0.01649895],0.0
184,GOVPRIOlF2_W41,MARITAL,Widowed,[0.12913553 0.47314242 0.26391984 0.13380221],0.0
185,FUTR_K_W41,MARITAL,Divorced,[0.05922851 0.46792349 0.472848  ],0.0057442884313389005
186,FUTR_K_W41,MARITAL,Married,[0.06767867 0.48426337 0.44805796],0.009219311280266693
187,FUTR_K_W41,MARITAL,Never been married,[0.16944817 0.42354283 0.407009  ],0.019653367175368242
188,FUTR_K_W41,MARITAL,Separated,[0.3077383  0.27590363 0.41635807],0.0
189,FUTR_K_W41,MARITAL,Widowed,[0.09103451 0.43089439 0.47807109],0.0
190,WRKTRN1F1_W41,MARITAL,Divorced,[0.08776398 0.13078083 0.41646911 0.36498608],0.0
191,WRKTRN1F1_W41,MARITAL,Married,[0.08045775 0.12531232 0.34301875 0.45121118],0.0015096027799021232
192,WRKTRN1F1_W41,MARITAL,Never been married,[0.15176318 0.09987962 0.44609394 0.30226325],0.0017770973013667792
193,WRKTRN1F1_W41,MARITAL,Separated,[0.32341204 0.06049742 0.33763639 0.27845415],0.0
194,WRKTRN1F1_W41,MARITAL,Widowed,[0.10450865 0.051025   0.44086064 0.40360571],0.0
195,FTRWORRYc_W41,MARITAL,Divorced,[0.5499251  0.34513676 0.07544953 0.02948862],0.005690769571192975
196,FTRWORRYc_W41,MARITAL,Married,[0.50376364 0.3683329  0.11270746 0.015196  ],0.00500583477766773
197,FTRWORRYc_W41,MARITAL,Never been married,[0.45336576 0.38766093 0.11069717 0.04827613],0.006279402173253795
198,FTRWORRYc_W41,MARITAL,Separated,[0.45622489 0.40968025 0.09967045 0.03442441],0.0704208180215698
199,FTRWORRYc_W41,MARITAL,Widowed,[0.48410364 0.38951036 0.126386   0.        ],0.0008906630151360709
200,HAPPEN2e_W41,MARITAL,Divorced,[0.31217436 0.53427567 0.12766764 0.02588233],0.014133208449751748
201,HAPPEN2e_W41,MARITAL,Married,[0.30052895 0.58288811 0.10059822 0.01598472],0.0020534232114320103
202,HAPPEN2e_W41,MARITAL,Never been married,[0.28758104 0.56950882 0.11459204 0.0283181 ],0.001121656729014576
203,HAPPEN2e_W41,MARITAL,Separated,[0.326468   0.51917161 0.14146122 0.01289917],0.00665786998158028
204,HAPPEN2e_W41,MARITAL,Widowed,[0.30705565 0.55576527 0.1068306  0.03034847],0.0041644564585988616
205,SOLVPROBb_W41,MARITAL,Divorced,[0.07010415 0.39270652 0.3420031  0.19518623],0.021024314314300543
206,SOLVPROBb_W41,MARITAL,Married,[0.09502995 0.46584763 0.31141395 0.12770847],0.013569357500414223
207,SOLVPROBb_W41,MARITAL,Never been married,[0.08198016 0.36146059 0.35187846 0.20468079],0.007252443351871117
208,SOLVPROBb_W41,MARITAL,Separated,[0.12467869 0.37992918 0.3397078  0.15568433],0.0
209,SOLVPROBb_W41,MARITAL,Widowed,[0.13850819 0.58941124 0.15627697 0.1158036 ],0.05300348449145723
210,HARASS3F1_W41,MARITAL,Divorced,[0.11270463 0.57945366 0.30784171],0.0
211,HARASS3F1_W41,MARITAL,Married,[0.10660968 0.56520958 0.32818074],0.00916177991286498
212,HARASS3F1_W41,MARITAL,Never been married,[0.21147593 0.49410219 0.29442187],0.010136998302418992
213,HARASS3F1_W41,MARITAL,Separated,[0.05098442 0.58966309 0.35935249],0.0
214,HARASS3F1_W41,MARITAL,Widowed,[0.11799602 0.62582145 0.25618254],0.0140298164589116
215,SOLVPROBeF2_W41,MARITAL,Divorced,[0.13843147 0.45643482 0.3057099  0.09942381],0.007122692234799309
216,SOLVPROBeF2_W41,MARITAL,Married,[0.13577663 0.55211787 0.24423666 0.06786883],0.013861891765215644
217,SOLVPROBeF2_W41,MARITAL,Never been married,[0.08929473 0.55015384 0.2781088  0.08244263],0.014987836444886282
218,SOLVPROBeF2_W41,MARITAL,Separated,[0.16042668 0.49292841 0.26811088 0.07853403],0.0
219,SOLVPROBeF2_W41,MARITAL,Widowed,[0.16036842 0.46509532 0.33101665 0.04351961],0.07959344186084599
220,FUTR_ABR_W41,MARITAL,Divorced,[0.25850181 0.57735144 0.13889312 0.02525362],0.009435617504435934
221,FUTR_ABR_W41,MARITAL,Married,[0.20585326 0.56825227 0.18047674 0.04541772],0.015749692582078357
222,FUTR_ABR_W41,MARITAL,Never been married,[0.21948948 0.55339668 0.14479926 0.08231458],0.010538882324976236
223,FUTR_ABR_W41,MARITAL,Separated,[0.25075158 0.31342075 0.36891795 0.06690972],0.0034772547438511633
224,FUTR_ABR_W41,MARITAL,Widowed,[0.24075057 0.52878709 0.19155123 0.0389111 ],0.04859211505600397
225,GOVPRIOiF1_W41,MARITAL,Divorced,[0.36819094 0.4935785  0.13823055 0.        ],0.0
226,GOVPRIOiF1_W41,MARITAL,Married,[0.35934754 0.54408234 0.09371358 0.00285654],0.0
227,GOVPRIOiF1_W41,MARITAL,Never been married,[0.32881518 0.46288952 0.17979399 0.02850131],0.0
228,GOVPRIOiF1_W41,MARITAL,Separated,[0.15900396 0.70479624 0.1361998  0.        ],0.0
229,GOVPRIOiF1_W41,MARITAL,Widowed,[0.38964519 0.49813611 0.09560562 0.01661308],0.0
230,HAPPENj_W41,MARITAL,Divorced,[0.75453347 0.24546653],0.08246532108775714
231,HAPPENj_W41,MARITAL,Married,[0.69847754 0.30152246],0.0962795108748592
232,HAPPENj_W41,MARITAL,Never been married,[0.69685276 0.30314724],0.12304792230216727
233,HAPPENj_W41,MARITAL,Separated,[0.80348065 0.19651935],0.026545029112840377
234,HAPPENj_W41,MARITAL,Widowed,[0.65575126 0.34424874],0.08502818373870982
235,AUTOWKPLC_W41,MARITAL,Divorced,[0.15934635 0.61412378 0.22652987],0.005888096939473233
236,AUTOWKPLC_W41,MARITAL,Married,[0.22856976 0.46934434 0.3020859 ],0.00850565008633134
237,AUTOWKPLC_W41,MARITAL,Never been married,[0.26448849 0.43401682 0.30149468],0.013152173693139858
238,AUTOWKPLC_W41,MARITAL,Separated,[0.16855184 0.68018376 0.15126441],0.0
239,AUTOWKPLC_W41,MARITAL,Widowed,[0.21132526 0.58874321 0.19993154],0.008473758381848237
240,WRKTRN1F2_W41,MARITAL,Divorced,[0.07527001 0.01127228 0.60231345 0.31114426],0.006328508159914366
241,WRKTRN1F2_W41,MARITAL,Married,[0.09527408 0.05419152 0.47612034 0.37441406],0.0026445660761090367
242,WRKTRN1F2_W41,MARITAL,Never been married,[0.09605495 0.04552373 0.64727902 0.2111423 ],0.01056346212829678
243,WRKTRN1F2_W41,MARITAL,Separated,[0.1477212  0.         0.60009016 0.25218864],0.0
244,WRKTRN1F2_W41,MARITAL,Widowed,[0.04921956 0.07550869 0.5223769  0.35289485],0.021515576119536816
245,HARASS1F1d_W41,MARITAL,Divorced,[0.52688165 0.37756019 0.09555816],0.0
246,HARASS1F1d_W41,MARITAL,Married,[0.55875216 0.3610482  0.08019964],0.010972873692424232
247,HARASS1F1d_W41,MARITAL,Never been married,[0.63965001 0.28564956 0.07470044],0.0009332034594217724
248,HARASS1F1d_W41,MARITAL,Separated,[0.77955934 0.2026489  0.01779177],0.0
249,HARASS1F1d_W41,MARITAL,Widowed,[0.70567737 0.27016311 0.02415952],0.0
250,HAPPEN2g_W41,MARITAL,Divorced,[0.40261922 0.5056209  0.08054609 0.01121379],0.0
251,HAPPEN2g_W41,MARITAL,Married,[0.35226435 0.49880904 0.11843323 0.03049338],0.004126359134287064
252,HAPPEN2g_W41,MARITAL,Never been married,[0.26592568 0.50138829 0.19337243 0.0393136 ],0.005944727081031435
253,HAPPEN2g_W41,MARITAL,Separated,[0.38640484 0.43649329 0.13215507 0.0449468 ],0.0
254,HAPPEN2g_W41,MARITAL,Widowed,[0.36040973 0.51418463 0.09720732 0.02819832],0.0
255,FTRWORRYd_W41,MARITAL,Divorced,[0.50111398 0.36895495 0.0996956  0.03023547],0.0019108711910625765
256,FTRWORRYd_W41,MARITAL,Married,[0.49283629 0.39640321 0.09823376 0.01252674],0.0018013570067809002
257,FTRWORRYd_W41,MARITAL,Never been married,[0.45450638 0.40824385 0.10924999 0.02799977],0.0022139383494329517
258,FTRWORRYd_W41,MARITAL,Separated,[0.37804989 0.28346479 0.2347447  0.10374061],0.0
259,FTRWORRYd_W41,MARITAL,Widowed,[0.38755287 0.47894766 0.11750532 0.01599415],0.0
260,GOVPRIOe_W41,MARITAL,Divorced,[0.45274315 0.40244359 0.1018315  0.04298176],0.005967030672085897
261,GOVPRIOe_W41,MARITAL,Married,[0.38528878 0.37383262 0.17231804 0.06856056],0.0024569490859214895
262,GOVPRIOe_W41,MARITAL,Never been married,[0.51577472 0.31234517 0.12103019 0.05084992],0.005441884290043901
263,GOVPRIOe_W41,MARITAL,Separated,[0.4088308  0.53891    0.02069148 0.03156773],0.0
264,GOVPRIOe_W41,MARITAL,Widowed,[0.40097372 0.42189776 0.13916487 0.03796365],0.0
265,HAPPENa_W41,MARITAL,Divorced,[0.30733612 0.69266388],0.09503997266374427
266,HAPPENa_W41,MARITAL,Married,[0.40258307 0.59741693],0.07505128334352462
267,HAPPENa_W41,MARITAL,Never been married,[0.46198784 0.53801216],0.09724968193539171
268,HAPPENa_W41,MARITAL,Separated,[0.5466426 0.4533574],0.057606816519429935
269,HAPPENa_W41,MARITAL,Widowed,[0.50341007 0.49658993],0.08814903053820342
270,SOLVPROBdF1_W41,MARITAL,Divorced,[0.05034217 0.29508474 0.41070332 0.24386978],0.01281050429452988
271,SOLVPROBdF1_W41,MARITAL,Married,[0.07034322 0.35689226 0.38033023 0.1924343 ],0.014460363598185666
272,SOLVPROBdF1_W41,MARITAL,Never been married,[0.08490938 0.3644496  0.34630238 0.20433863],0.0010952211330535451
273,SOLVPROBdF1_W41,MARITAL,Separated,[0.01009894 0.38671354 0.33396054 0.26922698],0.0
274,SOLVPROBdF1_W41,MARITAL,Widowed,[0.07147272 0.59539872 0.20691721 0.12621135],0.011454315680540462
275,HAPPEN2a_W41,MARITAL,Divorced,[0.13838075 0.48348653 0.35488911 0.02324361],0.0012925122820509603
276,HAPPEN2a_W41,MARITAL,Married,[0.12101664 0.48730517 0.35810921 0.03356898],0.01302199712014885
277,HAPPEN2a_W41,MARITAL,Never been married,[0.11336798 0.43999142 0.37689994 0.06974066],0.007024595794897087
278,HAPPEN2a_W41,MARITAL,Separated,[0.1057393  0.60474935 0.24282084 0.0466905 ],0.022920810661514218
279,HAPPEN2a_W41,MARITAL,Widowed,[0.06345979 0.58347673 0.33465009 0.01841339],0.0009212646900373993
280,HAPPEN2h_W41,MARITAL,Divorced,[0.09789389 0.31556028 0.52878092 0.05776491],0.007341928106112662
281,HAPPEN2h_W41,MARITAL,Married,[0.07204439 0.29538983 0.55397767 0.0785881 ],0.007929075682742226
282,HAPPEN2h_W41,MARITAL,Never been married,[0.06591808 0.3262377  0.48072852 0.1271157 ],0.009405084939388764
283,HAPPEN2h_W41,MARITAL,Separated,[0.06921345 0.41880162 0.46107412 0.0509108 ],0.0
284,HAPPEN2h_W41,MARITAL,Widowed,[0.03042824 0.3737721  0.52653071 0.06926895],0.0
285,SSCUT_W41,MARITAL,Divorced,[0.14985083 0.85014917],0.0045335661473328605
286,SSCUT_W41,MARITAL,Married,[0.26494196 0.73505804],0.005931946314372512
287,SSCUT_W41,MARITAL,Never been married,[0.31781296 0.68218704],0.004211125146225148
288,SSCUT_W41,MARITAL,Separated,[0.29375415 0.70624585],0.07389807276542097
289,SSCUT_W41,MARITAL,Widowed,[0.07773585 0.92226415],0.03939139155333773
290,FUTR_DIV_W41,MARITAL,Divorced,[0.28659371 0.06796708 0.64543922],0.006957652186805266
291,FUTR_DIV_W41,MARITAL,Married,[0.31202066 0.1062953  0.58168403],0.013650774098165964
292,FUTR_DIV_W41,MARITAL,Never been married,[0.30403792 0.14761366 0.54834842],0.001347871510417403
293,FUTR_DIV_W41,MARITAL,Separated,[0.21173232 0.31321738 0.4750503 ],0.07174040039070846
294,FUTR_DIV_W41,MARITAL,Widowed,[0.20874897 0.12404136 0.66720967],0.031438995472369904
295,ELDFINANCEF1_W41,MARITAL,Divorced,[0.36013445 0.21035898 0.42950657],0.027099692270858827
296,ELDFINANCEF1_W41,MARITAL,Married,[0.3490674 0.3045712 0.3463614],0.0025976778371219734
297,ELDFINANCEF1_W41,MARITAL,Never been married,[0.36654672 0.27119795 0.36225532],0.00297943671068607
298,ELDFINANCEF1_W41,MARITAL,Separated,[0.64116739 0.17592891 0.1829037 ],0.0
299,ELDFINANCEF1_W41,MARITAL,Widowed,[0.31286131 0.29374065 0.39339804],0.016432812124946974
300,ENVC_W41,MARITAL,Divorced,[0.1523223  0.60730159 0.24037611],0.00129251228205096
301,ENVC_W41,MARITAL,Married,[0.15791702 0.54831798 0.293765  ],0.0011832935492471506
302,ENVC_W41,MARITAL,Never been married,[0.15967169 0.6441002  0.19622811],0.008352353478844842
303,ENVC_W41,MARITAL,Separated,[0.21095034 0.72221901 0.06683065],0.0
304,ENVC_W41,MARITAL,Widowed,[0.18089736 0.42602101 0.39308162],0.0
305,GOVPRIOa_W41,MARITAL,Divorced,[5.01606467e-01 4.45059002e-01 5.29821079e-02 3.52422893e-04],0.00139054266660681
306,GOVPRIOa_W41,MARITAL,Married,[0.52117737 0.40753809 0.06691263 0.00437191],0.0025451663905462297
307,GOVPRIOa_W41,MARITAL,Never been married,[0.4370217  0.41699366 0.12059467 0.02538996],0.006152148361053574
308,GOVPRIOa_W41,MARITAL,Separated,[0.48830029 0.38982775 0.12187196 0.        ],0.0
309,GOVPRIOa_W41,MARITAL,Widowed,[0.53061031 0.38703585 0.08235384 0.        ],0.013868570656366408
310,ELDFINANCEF2_W41,MARITAL,Divorced,[0.12569034 0.64642698 0.22788268],0.02982875436996798
311,ELDFINANCEF2_W41,MARITAL,Married,[0.15845585 0.50746061 0.33408354],0.02008221352848443
312,ELDFINANCEF2_W41,MARITAL,Never been married,[0.10970573 0.6297094  0.26058487],0.028146189997394315
313,ELDFINANCEF2_W41,MARITAL,Separated,[0.16332772 0.78905089 0.04762139],0.0
314,ELDFINANCEF2_W41,MARITAL,Widowed,[0.17567889 0.56251508 0.26180602],0.023417682834403392
315,HAPPENg_W41,MARITAL,Divorced,[0.45685974 0.54314026],0.09115944123811985
316,HAPPENg_W41,MARITAL,Married,[0.59320452 0.40679548],0.08022935435301932
317,HAPPENg_W41,MARITAL,Never been married,[0.53739906 0.46260094],0.11148551315027763
318,HAPPENg_W41,MARITAL,Separated,[0.41149992 0.58850008],0.09959457425584484
319,HAPPENg_W41,MARITAL,Widowed,[0.39229066 0.60770934],0.04021420465584269
320,OPTIMIST_W41,MARITAL,Divorced,[0.08514316 0.36981211 0.37810076 0.16694397],0.002987382629051252
321,OPTIMIST_W41,MARITAL,Married,[0.11967683 0.44140344 0.31226973 0.12665   ],0.0038947752609680103
322,OPTIMIST_W41,MARITAL,Never been married,[0.12298178 0.45671811 0.29876    0.12154011],0.0002441417173160029
323,OPTIMIST_W41,MARITAL,Separated,[0.07927948 0.56572471 0.27754935 0.07744646],0.0
324,OPTIMIST_W41,MARITAL,Widowed,[0.15433786 0.54233549 0.23299252 0.07033413],0.0031966351742248847
325,JOBBENEFITS_W41,MARITAL,Divorced,[0.21695569 0.39926342 0.38378089],0.0012925122820509603
326,JOBBENEFITS_W41,MARITAL,Married,[0.20809417 0.44742363 0.34448221],0.006576844292844169
327,JOBBENEFITS_W41,MARITAL,Never been married,[0.24706703 0.38891675 0.36401623],0.013196206262166148
328,JOBBENEFITS_W41,MARITAL,Separated,[0.14928999 0.37745694 0.47325307],0.0
329,JOBBENEFITS_W41,MARITAL,Widowed,[0.28476816 0.255177   0.46005484],0.0
330,AUTOLKLY_W41,MARITAL,Divorced,[0.12648245 0.24878999 0.41720764 0.20751992],0.005798602185697662
331,AUTOLKLY_W41,MARITAL,Married,[0.10986149 0.24009453 0.38233751 0.26770646],0.0003222362302361989
332,AUTOLKLY_W41,MARITAL,Never been married,[0.11639489 0.29344556 0.36093817 0.22922138],0.016619128546397466
333,AUTOLKLY_W41,MARITAL,Separated,[0.17288496 0.42431568 0.30164537 0.10115398],0.0
334,AUTOLKLY_W41,MARITAL,Widowed,[0.11529058 0.19762987 0.27757219 0.40950736],0.0
335,SOLVPROBa_W41,MARITAL,Divorced,[0.3692485  0.48355877 0.10905813 0.0381346 ],0.01789121218293159
336,SOLVPROBa_W41,MARITAL,Married,[0.4383429  0.46360902 0.07412005 0.02392803],0.016259627058173194
337,SOLVPROBa_W41,MARITAL,Never been married,[0.46176892 0.40135789 0.08476739 0.0521058 ],0.010700243974514334
338,SOLVPROBa_W41,MARITAL,Separated,[0.35635377 0.38030726 0.14509335 0.11824562],0.026438341822740637
339,SOLVPROBa_W41,MARITAL,Widowed,[0.41517968 0.45497543 0.07376493 0.05607996],0.04227738644138626
340,SOLVPROBi_W41,MARITAL,Divorced,[0.20329703 0.54059867 0.20806409 0.04804021],0.012215884834972796
341,SOLVPROBi_W41,MARITAL,Married,[0.24832483 0.53746039 0.17252758 0.0416872 ],0.011487764396798366
342,SOLVPROBi_W41,MARITAL,Never been married,[0.28581685 0.50554588 0.15739497 0.05124229],0.005826275946150979
343,SOLVPROBi_W41,MARITAL,Separated,[0.21673872 0.55683234 0.10577433 0.12065461],0.02874293184519135
344,SOLVPROBi_W41,MARITAL,Widowed,[0.2668825  0.52993243 0.1790067  0.02417836],0.043384057946161465
345,HAPPEN2b_W41,MARITAL,Divorced,[0.20946695 0.50273247 0.24907183 0.03872875],0.000922189209172266
346,HAPPEN2b_W41,MARITAL,Married,[0.17716228 0.45417135 0.32913488 0.0395315 ],0.004765116194015338
347,HAPPEN2b_W41,MARITAL,Never been married,[0.26496473 0.44558896 0.24945643 0.03998988],0.007824816594098939
348,HAPPEN2b_W41,MARITAL,Separated,[0.27548935 0.48365979 0.19811192 0.04273894],0.0
349,HAPPEN2b_W41,MARITAL,Widowed,[0.14060092 0.47667664 0.33824647 0.04447597],0.0
350,HAPPEN2c_W41,MARITAL,Divorced,[0.09246154 0.48278264 0.37651648 0.04823934],0.006954490500527827
351,HAPPEN2c_W41,MARITAL,Married,[0.08524075 0.5204982  0.34970465 0.04455639],0.004654490102929824
352,HAPPEN2c_W41,MARITAL,Never been married,[0.07923557 0.46455066 0.40223854 0.05397523],0.023067222171138428
353,HAPPEN2c_W41,MARITAL,Separated,[0.1260589  0.47847374 0.39546736 0.        ],0.0
354,HAPPEN2c_W41,MARITAL,Widowed,[0.13265716 0.58678182 0.27431269 0.00624833],0.0037045113709129464
355,INTRMAR_W41,MARITAL,Divorced,[0.26113919 0.13343498 0.08868938 0.02787673 0.48885972],0.011175760671372378
356,INTRMAR_W41,MARITAL,Married,[0.28398259 0.20207293 0.06909038 0.03710181 0.40775229],0.0066268726456347425
357,INTRMAR_W41,MARITAL,Never been married,[0.36462662 0.20169423 0.04551205 0.03916863 0.34899846],0.00352922957621044
358,INTRMAR_W41,MARITAL,Separated,[0.28679009 0.12630567 0.07232229 0.0717404  0.44284154],0.0
359,INTRMAR_W41,MARITAL,Widowed,[0.2316035  0.15532582 0.16707371 0.05120455 0.39479241],0.008456671134596408
360,FUTR_M_W41,MARITAL,Divorced,[0.03601438 0.52910217 0.43488345],0.014503975630649799
361,FUTR_M_W41,MARITAL,Married,[0.05299959 0.57342823 0.37357218],0.007181461179843152
362,FUTR_M_W41,MARITAL,Never been married,[0.1142525  0.47445934 0.41128816],0.012052377933046823
363,FUTR_M_W41,MARITAL,Separated,[0.18222392 0.54878848 0.26898759],0.01757487382346409
364,FUTR_M_W41,MARITAL,Widowed,[0.10918423 0.38000027 0.5108155 ],0.010552251051153615
365,SSMONEY_W41,MARITAL,Divorced,[0.17849368 0.4247742  0.39673212],0.0
366,SSMONEY_W41,MARITAL,Married,[0.15529786 0.42092636 0.42377578],0.009035868801593065
367,SSMONEY_W41,MARITAL,Never been married,[0.14831685 0.4427777  0.40890546],0.013595890255539146
368,SSMONEY_W41,MARITAL,Separated,[0.13129529 0.38623596 0.48246875],0.0048354560425764
369,SSMONEY_W41,MARITAL,Widowed,[0.34386198 0.35383321 0.30230481],0.0
370,GOVPRIOoF2_W41,MARITAL,Divorced,[0.41362938 0.32784558 0.20597686 0.05254818],0.024042493064309178
371,GOVPRIOoF2_W41,MARITAL,Married,[0.46410259 0.26103241 0.17951162 0.09535338],0.0007939422223463341
372,GOVPRIOoF2_W41,MARITAL,Never been married,[0.55996528 0.27316443 0.11502699 0.0518433 ],0.0038091103604092277
373,GOVPRIOoF2_W41,MARITAL,Separated,[0.71461847 0.16001199 0.10887059 0.01649895],0.0
374,GOVPRIOoF2_W41,MARITAL,Widowed,[0.39377493 0.28994864 0.24772119 0.06855524],0.0
375,HAPPENiF2_W41,MARITAL,Divorced,[0.26508017 0.73491983],0.14174805859908984
376,HAPPENiF2_W41,MARITAL,Married,[0.4693115 0.5306885],0.06708776565260398
377,HAPPENiF2_W41,MARITAL,Never been married,[0.48646453 0.51353547],0.10944325909306733
378,HAPPENiF2_W41,MARITAL,Separated,[0.32570638 0.67429362],0.14181379059372062
379,HAPPENiF2_W41,MARITAL,Widowed,[0.52098454 0.47901546],0.0994148977868761
380,HARASS1F1b_W41,MARITAL,Divorced,[0.38333867 0.46368212 0.15297921],0.0023699153229859208
381,HARASS1F1b_W41,MARITAL,Married,[0.51889603 0.34068424 0.14041972],0.008787953507360807
382,HARASS1F1b_W41,MARITAL,Never been married,[0.51374597 0.33955955 0.14669448],0.0016975905711559566
383,HARASS1F1b_W41,MARITAL,Separated,[0.58092153 0.37471595 0.04436252],0.0
384,HARASS1F1b_W41,MARITAL,Widowed,[0.74175846 0.22173018 0.03651137],0.0
385,FUTRCLASSc_W41,MARITAL,Divorced,[0.65675212 0.14599273 0.19725515],0.007281980272862793
386,FUTRCLASSc_W41,MARITAL,Married,[0.64440492 0.16587983 0.18971525],0.001611794769147455
387,FUTRCLASSc_W41,MARITAL,Never been married,[0.60604982 0.22346789 0.17048229],0.0022001868514105495
388,FUTRCLASSc_W41,MARITAL,Separated,[0.6794424 0.1986144 0.1219432],0.012821335470726385
389,FUTRCLASSc_W41,MARITAL,Widowed,[0.54726627 0.13498489 0.31774884],0.023634805477837625
390,LEGALIMG_W41,MARITAL,Divorced,[0.23928141 0.51013612 0.25058247],0.0
391,LEGALIMG_W41,MARITAL,Married,[0.28189139 0.47855138 0.23955723],0.0078098789568432575
392,LEGALIMG_W41,MARITAL,Never been married,[0.28768664 0.56188048 0.15043288],0.015693452628776593
393,LEGALIMG_W41,MARITAL,Separated,[0.21041369 0.44216774 0.34741857],0.012182080685644555
394,LEGALIMG_W41,MARITAL,Widowed,[0.20164952 0.45241633 0.34593415],0.0035217319138377574
395,HARASS4_W41,MARITAL,Divorced,[0.59753153 0.40246847],0.0012659136358874202
396,HARASS4_W41,MARITAL,Married,[0.49411328 0.50588672],0.003795512915829739
397,HARASS4_W41,MARITAL,Never been married,[0.4818429 0.5181571],0.004971254078869069
398,HARASS4_W41,MARITAL,Separated,[0.59312077 0.40687923],0.0704208180215698
399,HARASS4_W41,MARITAL,Widowed,[0.46074309 0.53925691],0.0019404740536165914
400,ETHNCMAJMOD_W41,MARITAL,Divorced,[0.16411011 0.15013699 0.17603505 0.09057169 0.41914617],0.011449658293801278
401,ETHNCMAJMOD_W41,MARITAL,Married,[0.13128504 0.16755187 0.1696552  0.0872968  0.44421109],0.005990901102346489
402,ETHNCMAJMOD_W41,MARITAL,Never been married,[0.23363767 0.2162024  0.09530836 0.05984171 0.39500986],0.006498670440723729
403,ETHNCMAJMOD_W41,MARITAL,Separated,[0.26802803 0.3462813  0.06413357 0.0572003  0.2643568 ],0.012182080685644551
404,ETHNCMAJMOD_W41,MARITAL,Widowed,[0.13213643 0.16559651 0.20768404 0.08102164 0.41356138],0.0017116690793370888
405,SOLVPROBf_W41,MARITAL,Divorced,[0.10760205 0.32302654 0.35169016 0.21768125],0.01495406786201029
406,SOLVPROBf_W41,MARITAL,Married,[0.10900771 0.2979018  0.29852058 0.29456991],0.010543400638164785
407,SOLVPROBf_W41,MARITAL,Never been married,[0.10893542 0.3114624  0.33850169 0.24110049],0.011551362038152622
408,SOLVPROBf_W41,MARITAL,Separated,[0.16585108 0.37869967 0.33639284 0.1190564 ],0.0
409,SOLVPROBf_W41,MARITAL,Widowed,[0.11081645 0.45083921 0.25178258 0.18656176],0.028381877274828927
410,HAPPENc_W41,MARITAL,Divorced,[0.48400711 0.51599289],0.09197385206766867
411,HAPPENc_W41,MARITAL,Married,[0.57209997 0.42790003],0.08749843935382248
412,HAPPENc_W41,MARITAL,Never been married,[0.59342781 0.40657219],0.10407450955023363
413,HAPPENc_W41,MARITAL,Separated,[0.31140207 0.68859793],0.061046719103021965
414,HAPPENc_W41,MARITAL,Widowed,[0.58748465 0.41251535],0.06808641757967408
415,FTRWORRYa_W41,MARITAL,Divorced,[0.3399275  0.47092829 0.15403514 0.03510907],0.00880126729985979
416,FTRWORRYa_W41,MARITAL,Married,[0.26905685 0.46421621 0.24507501 0.02165193],0.002128553414392282
417,FTRWORRYa_W41,MARITAL,Never been married,[0.27184716 0.423857   0.25380158 0.05049427],0.004225875464651836
418,FTRWORRYa_W41,MARITAL,Separated,[0.40628325 0.33765787 0.18503397 0.07102492],0.0704208180215698
419,FTRWORRYa_W41,MARITAL,Widowed,[0.24813436 0.50810583 0.2287345  0.01502531],0.004026111225915127
420,HAPPEN2d_W41,MARITAL,Divorced,[0.14872986 0.40289276 0.37106859 0.07730879],0.010749143656893043
421,HAPPEN2d_W41,MARITAL,Married,[0.11850454 0.41991239 0.38824662 0.07333645],0.008927400551662646
422,HAPPEN2d_W41,MARITAL,Never been married,[0.13652147 0.37080922 0.39177719 0.10089211],0.010368868367324126
423,HAPPEN2d_W41,MARITAL,Separated,[0.10138905 0.49241338 0.3599275  0.04627006],0.0
424,HAPPEN2d_W41,MARITAL,Widowed,[0.0486034  0.44416229 0.44064672 0.06658759],0.012061804952673434
425,POPPROB_W41,MARITAL,Divorced,[0.49515418 0.3456201  0.15922572],0.00129251228205096
426,POPPROB_W41,MARITAL,Married,[0.42240101 0.36970614 0.20789285],0.0050048705902069725
427,POPPROB_W41,MARITAL,Never been married,[0.45292218 0.35395822 0.1931196 ],0.003926159623768466
428,POPPROB_W41,MARITAL,Separated,[0.69300708 0.22769603 0.07929688],0.0
429,POPPROB_W41,MARITAL,Widowed,[0.46785366 0.38926575 0.1428806 ],0.003923293216685628
430,GOVPRIOc_W41,MARITAL,Divorced,[0.69186707 0.22676755 0.04137    0.03999538],0.0030681480296849
431,GOVPRIOc_W41,MARITAL,Married,[0.66294609 0.19520613 0.07854681 0.06330097],0.0014252941266132114
432,GOVPRIOc_W41,MARITAL,Never been married,[0.67683228 0.21276284 0.06856363 0.04184125],0.0
433,GOVPRIOc_W41,MARITAL,Separated,[0.78156258 0.13682546 0.08161197 0.        ],0.0
434,GOVPRIOc_W41,MARITAL,Widowed,[0.72502677 0.21668117 0.02873997 0.02955209],0.009982551101319688
435,GOVPRIOgF1_W41,MARITAL,Divorced,[0.37171483 0.31150111 0.23956028 0.07722378],0.008267136662915432
436,GOVPRIOgF1_W41,MARITAL,Married,[0.42535141 0.28880803 0.20850961 0.07733096],0.0
437,GOVPRIOgF1_W41,MARITAL,Never been married,[0.25496687 0.30682095 0.27728893 0.16092324],0.001203470180083008
438,GOVPRIOgF1_W41,MARITAL,Separated,[0.29867042 0.34544249 0.2737559  0.0821312 ],0.0
439,GOVPRIOgF1_W41,MARITAL,Widowed,[0.54435329 0.22655451 0.1546232  0.074469  ],0.019358751970915813
440,HARASS3NOWRKF2_W41,MARITAL,Divorced,[0.09220177 0.59876435 0.30903388],0.003223811496316589
441,HARASS3NOWRKF2_W41,MARITAL,Married,[0.13906126 0.58458492 0.27635382],0.007899342788791602
442,HARASS3NOWRKF2_W41,MARITAL,Never been married,[0.11767374 0.50563312 0.37669314],0.007299114609952951
443,HARASS3NOWRKF2_W41,MARITAL,Separated,[0.13527548 0.36554624 0.49917828],0.0
444,HARASS3NOWRKF2_W41,MARITAL,Widowed,[0.12239882 0.64574087 0.23186031],0.0
445,HARASS1NOWRKF2a_W41,MARITAL,Divorced,[0.53723393 0.41755014 0.04521594],0.01072653384516147
446,HARASS1NOWRKF2a_W41,MARITAL,Married,[0.44945808 0.43285079 0.11769113],0.0
447,HARASS1NOWRKF2a_W41,MARITAL,Never been married,[0.50790036 0.41617544 0.07592419],0.0
448,HARASS1NOWRKF2a_W41,MARITAL,Separated,[0.39879177 0.44453439 0.15667383],0.0
449,HARASS1NOWRKF2a_W41,MARITAL,Widowed,[0.52274802 0.42865654 0.04859544],0.0
0,AVGFAM_W41,RELIG,Agnostic,[0.22064727 0.256556   0.52279674],0.0
1,AVGFAM_W41,RELIG,Atheist,[0.16955403 0.28495074 0.54549523],0.0
2,AVGFAM_W41,RELIG,Buddhist,[0.36360594 0.25623029 0.38016377],0.0
3,AVGFAM_W41,RELIG,Hindu,[0.39735075 0.33754633 0.26510292],0.0
4,AVGFAM_W41,RELIG,Jewish,[0.17371921 0.35632814 0.46995265],0.0
5,AVGFAM_W41,RELIG,Mormon,[0.1390952  0.46395288 0.39695191],0.0
6,AVGFAM_W41,RELIG,Muslim,[0.28393698 0.36702333 0.3490397 ],0.0
7,AVGFAM_W41,RELIG,Nothing in particular,[0.20292688 0.34323741 0.45383571],0.0
8,AVGFAM_W41,RELIG,Orthodox,[0.20082927 0.59777013 0.2014006 ],0.0
9,AVGFAM_W41,RELIG,Other,[0.19329872 0.29200911 0.51469217],0.0
10,AVGFAM_W41,RELIG,Protestant,[0.19240094 0.37112473 0.43647433],0.00796939695362412
11,AVGFAM_W41,RELIG,Roman Catholic,[0.23481028 0.37404638 0.39114334],0.0016011537154529056
12,HARASS5_W41,RELIG,Agnostic,[0.08377557 0.45719907 0.45902537],0.0
13,HARASS5_W41,RELIG,Atheist,[0.07436758 0.41754695 0.50808547],0.0
14,HARASS5_W41,RELIG,Buddhist,[0.         0.76639994 0.23360006],0.0
15,HARASS5_W41,RELIG,Hindu,[0.         0.85486497 0.14513503],0.0
16,HARASS5_W41,RELIG,Jewish,[0.10189077 0.6998918  0.19821743],0.013218714069924791
17,HARASS5_W41,RELIG,Mormon,[0.07172414 0.32401417 0.6042617 ],0.0
18,HARASS5_W41,RELIG,Muslim,[0.         0.92446418 0.07553582],0.0
19,HARASS5_W41,RELIG,Nothing in particular,[0.1317682 0.3596494 0.5085824],0.005579167678653316
20,HARASS5_W41,RELIG,Orthodox,[0.         0.26383884 0.73616116],0.0
21,HARASS5_W41,RELIG,Other,[0.10780883 0.35008891 0.54210226],0.0
22,HARASS5_W41,RELIG,Protestant,[0.15370871 0.32623434 0.52005695],0.0002813051281925956
23,HARASS5_W41,RELIG,Roman Catholic,[0.19432472 0.30854806 0.49712723],0.0004183403976302645
24,GOVPRIOmF2_W41,RELIG,Agnostic,[0.50318848 0.39043849 0.10330995 0.00306308],0.0
25,GOVPRIOmF2_W41,RELIG,Atheist,[0.4019104  0.38074989 0.16170432 0.05563539],0.0
26,GOVPRIOmF2_W41,RELIG,Buddhist,[0.50227996 0.49772004 0.         0.        ],0.0
27,GOVPRIOmF2_W41,RELIG,Hindu,[0.4874214 0.4457143 0.0668643 0.       ],0.0
28,GOVPRIOmF2_W41,RELIG,Jewish,[0.4989844  0.41207033 0.03836538 0.05057989],0.0
29,GOVPRIOmF2_W41,RELIG,Mormon,[0.33876329 0.59668814 0.06454856 0.        ],0.0
30,GOVPRIOmF2_W41,RELIG,Muslim,[0.69432095 0.19518816 0.11049088 0.        ],0.0
31,GOVPRIOmF2_W41,RELIG,Nothing in particular,[0.47286116 0.3922918  0.07928607 0.05556097],0.0197567735674639
32,GOVPRIOmF2_W41,RELIG,Orthodox,[0.47590616 0.52409384 0.         0.        ],0.2792431050785106
33,GOVPRIOmF2_W41,RELIG,Other,[0.668742   0.27294438 0.05831362 0.        ],0.0
34,GOVPRIOmF2_W41,RELIG,Protestant,[0.48111252 0.37655438 0.09986667 0.04246643],0.00680864071075465
35,GOVPRIOmF2_W41,RELIG,Roman Catholic,[0.46239123 0.39159448 0.08595556 0.06005874],0.002092015475174815
36,SOLVPROBg_W41,RELIG,Agnostic,[0.09350168 0.43096984 0.36735924 0.10816924],0.009051507218485555
37,SOLVPROBg_W41,RELIG,Atheist,[0.03449803 0.38942993 0.34949828 0.22657376],0.00848588853140147
38,SOLVPROBg_W41,RELIG,Buddhist,[0.09872869 0.39081251 0.35261388 0.15784491],0.0
39,SOLVPROBg_W41,RELIG,Hindu,[0.22389887 0.40027962 0.37582151 0.        ],0.0
40,SOLVPROBg_W41,RELIG,Jewish,[0.09525927 0.52423843 0.24714855 0.13335376],0.0
41,SOLVPROBg_W41,RELIG,Mormon,[0.14939502 0.73159962 0.11900536 0.        ],0.0
42,SOLVPROBg_W41,RELIG,Muslim,[0.39891479 0.14859894 0.39158484 0.06090143],0.0
43,SOLVPROBg_W41,RELIG,Nothing in particular,[0.1941446  0.46612967 0.22153011 0.11819563],0.013496876369032637
44,SOLVPROBg_W41,RELIG,Orthodox,[0.20953712 0.51888311 0.27157976 0.        ],0.0
45,SOLVPROBg_W41,RELIG,Other,[0.10968043 0.38596838 0.3593627  0.14498849],0.015696883697586317
46,SOLVPROBg_W41,RELIG,Protestant,[0.28058611 0.55795293 0.12381246 0.0376485 ],0.01913547554388383
47,SOLVPROBg_W41,RELIG,Roman Catholic,[0.2515309  0.57527519 0.11339804 0.05979588],0.02701647981997298
48,HARASS1F1a_W41,RELIG,Agnostic,[0.39049945 0.38894919 0.22055137],0.0
49,HARASS1F1a_W41,RELIG,Atheist,[0.24895306 0.39101952 0.36002742],0.0
50,HARASS1F1a_W41,RELIG,Buddhist,[0.12393498 0.45056297 0.42550205],0.0
51,HARASS1F1a_W41,RELIG,Hindu,[0.1110906 0.8889094 0.       ],0.0
52,HARASS1F1a_W41,RELIG,Jewish,[0.43177256 0.46467793 0.10354952],0.0
53,HARASS1F1a_W41,RELIG,Mormon,[0.43659759 0.41288289 0.15051952],0.0
54,HARASS1F1a_W41,RELIG,Muslim,[0.45084289 0.54915711 0.        ],0.0
55,HARASS1F1a_W41,RELIG,Nothing in particular,[0.52678892 0.36024055 0.11297053],0.0009518161247699575
56,HARASS1F1a_W41,RELIG,Orthodox,[0.25886491 0.60812011 0.13301498],0.0
57,HARASS1F1a_W41,RELIG,Other,[0.21996736 0.37846797 0.40156467],0.0
58,HARASS1F1a_W41,RELIG,Protestant,[0.50464123 0.43253609 0.06282268],0.004023929189285549
59,HARASS1F1a_W41,RELIG,Roman Catholic,[0.49343055 0.41135052 0.09521893],0.012746641748784749
60,ROBWRK2_W41,RELIG,Agnostic,[0.08118001 0.36839175 0.37691082 0.17351742],0.007229389169546488
61,ROBWRK2_W41,RELIG,Atheist,[0.13268888 0.34535643 0.35107265 0.17088204],0.0
62,ROBWRK2_W41,RELIG,Buddhist,[0.08481908 0.0732397  0.48178986 0.36015136],0.0
63,ROBWRK2_W41,RELIG,Hindu,[0.20905224 0.37431967 0.18847828 0.22814981],0.0
64,ROBWRK2_W41,RELIG,Jewish,[0.14978363 0.22747496 0.48016501 0.1425764 ],0.038301227155985426
65,ROBWRK2_W41,RELIG,Mormon,[0.10132511 0.1709008  0.48069736 0.24707673],0.0
66,ROBWRK2_W41,RELIG,Muslim,[0.         0.10213156 0.71219586 0.18567258],0.0
67,ROBWRK2_W41,RELIG,Nothing in particular,[0.06666945 0.25231405 0.39174928 0.28926722],0.0028461775242031376
68,ROBWRK2_W41,RELIG,Orthodox,[0.16211829 0.21819392 0.28987999 0.3298078 ],0.0
69,ROBWRK2_W41,RELIG,Other,[0.05879656 0.1658722  0.49833213 0.27699912],0.0
70,ROBWRK2_W41,RELIG,Protestant,[0.04387554 0.21150007 0.40471334 0.33991105],0.0018882137647985885
71,ROBWRK2_W41,RELIG,Roman Catholic,[0.07101977 0.25063705 0.40918762 0.26915557],0.001565980681414153
72,ROBWRK_W41,RELIG,Agnostic,[0.3147787  0.48605928 0.18465743 0.01450459],0.0
73,ROBWRK_W41,RELIG,Atheist,[0.34932791 0.41664554 0.2325389  0.00148766],0.0
74,ROBWRK_W41,RELIG,Buddhist,[0.22418327 0.55793272 0.20108112 0.01680289],0.0
75,ROBWRK_W41,RELIG,Hindu,[0.29940669 0.5039804  0.19661291 0.        ],0.0
76,ROBWRK_W41,RELIG,Jewish,[0.24740072 0.53304332 0.21955595 0.        ],0.0
77,ROBWRK_W41,RELIG,Mormon,[0.19498676 0.49223545 0.29098043 0.02179737],0.0
78,ROBWRK_W41,RELIG,Muslim,[0.42430868 0.55313157 0.02255975 0.        ],0.0
79,ROBWRK_W41,RELIG,Nothing in particular,[0.33433985 0.51043192 0.12927473 0.02595349],0.00967573051736582
80,ROBWRK_W41,RELIG,Orthodox,[0.2919545  0.66837073 0.03967477 0.        ],0.0
81,ROBWRK_W41,RELIG,Other,[0.28971219 0.58711531 0.08094    0.0422325 ],0.0
82,ROBWRK_W41,RELIG,Protestant,[0.26880646 0.5626389  0.15726174 0.0112929 ],0.001567295734251857
83,ROBWRK_W41,RELIG,Roman Catholic,[0.31203572 0.50152699 0.17077485 0.01566244],0.001242110571395035
84,GOVPRIOnF2_W41,RELIG,Agnostic,[0.07781719 0.20030626 0.15091118 0.57096537],0.03464446149921715
85,GOVPRIOnF2_W41,RELIG,Atheist,[0.06540929 0.08340075 0.1804148  0.67077517],0.0
86,GOVPRIOnF2_W41,RELIG,Buddhist,[0.         0.         0.49772004 0.50227996],0.0
87,GOVPRIOnF2_W41,RELIG,Hindu,[0.30683887 0.21683994 0.27854581 0.19777538],0.0
88,GOVPRIOnF2_W41,RELIG,Jewish,[0.14660002 0.08113841 0.1940073  0.57825427],0.0
89,GOVPRIOnF2_W41,RELIG,Mormon,[0.19306297 0.15748803 0.17056395 0.47888505],0.0
90,GOVPRIOnF2_W41,RELIG,Muslim,[0.14510963 0.21745442 0.42080066 0.21663529],0.0
91,GOVPRIOnF2_W41,RELIG,Nothing in particular,[0.16405185 0.31907706 0.21862375 0.29824735],0.0
92,GOVPRIOnF2_W41,RELIG,Orthodox,[0. 0. 0. 1.],0.0
93,GOVPRIOnF2_W41,RELIG,Other,[0.06085319 0.22637587 0.06949802 0.64327293],0.0
94,GOVPRIOnF2_W41,RELIG,Protestant,[0.15324697 0.33601447 0.17185166 0.3388869 ],0.013679920291793947
95,GOVPRIOnF2_W41,RELIG,Roman Catholic,[0.16837671 0.34032319 0.16229665 0.32900344],0.002092015475174815
96,HARASS1NOWRKF2c_W41,RELIG,Agnostic,[0.847029  0.1479907 0.0049803],0.0
97,HARASS1NOWRKF2c_W41,RELIG,Atheist,[0.81644167 0.16660564 0.01695269],0.0
98,HARASS1NOWRKF2c_W41,RELIG,Buddhist,[0.67382577 0.32617423 0.        ],0.0
99,HARASS1NOWRKF2c_W41,RELIG,Hindu,[0.66348892 0.11967114 0.21683994],0.0
100,HARASS1NOWRKF2c_W41,RELIG,Jewish,[0.47554117 0.49538512 0.02907371],0.0
101,HARASS1NOWRKF2c_W41,RELIG,Mormon,[0.60289443 0.30904375 0.08806182],0.0
102,HARASS1NOWRKF2c_W41,RELIG,Muslim,[0.85489037 0.14510963 0.        ],0.0
103,HARASS1NOWRKF2c_W41,RELIG,Nothing in particular,[0.63728118 0.30092662 0.06179219],0.0069767811813549446
104,HARASS1NOWRKF2c_W41,RELIG,Orthodox,[0.76246864 0.         0.23753136],0.0
105,HARASS1NOWRKF2c_W41,RELIG,Other,[0.83475514 0.15240336 0.0128415 ],0.0
106,HARASS1NOWRKF2c_W41,RELIG,Protestant,[0.65198749 0.32085959 0.02715292],0.003936688869426901
107,HARASS1NOWRKF2c_W41,RELIG,Roman Catholic,[0.73892625 0.20724392 0.05382983],0.0
108,HAPPENd_W41,RELIG,Agnostic,[0.2629788 0.7370212],0.03583335590767898
109,HAPPENd_W41,RELIG,Atheist,[0.15412188 0.84587812],0.016760988373072373
110,HAPPENd_W41,RELIG,Buddhist,[0.52671116 0.47328884],0.0
111,HAPPENd_W41,RELIG,Hindu,[0.5214199 0.4785801],0.16066134032659307
112,HAPPENd_W41,RELIG,Jewish,[0.19749515 0.80250485],0.11728387508480424
113,HAPPENd_W41,RELIG,Mormon,[0.35639134 0.64360866],0.06341991678262497
114,HAPPENd_W41,RELIG,Muslim,[0.5275646 0.4724354],0.061651198911856366
115,HAPPENd_W41,RELIG,Nothing in particular,[0.32154836 0.67845164],0.08411419859513031
116,HAPPENd_W41,RELIG,Orthodox,[0.39386152 0.60613848],0.10892889565038438
117,HAPPENd_W41,RELIG,Other,[0.27556092 0.72443908],0.0598428244275994
118,HAPPENd_W41,RELIG,Protestant,[0.38436243 0.61563757],0.10594200731730166
119,HAPPENd_W41,RELIG,Roman Catholic,[0.39991308 0.60008692],0.11622209799711548
120,GOVPRIOd_W41,RELIG,Agnostic,[0.49949415 0.42530457 0.07309358 0.0021077 ],0.0
121,GOVPRIOd_W41,RELIG,Atheist,[0.56992435 0.35853789 0.06882377 0.002714  ],0.0
122,GOVPRIOd_W41,RELIG,Buddhist,[0.47207339 0.46158825 0.         0.06633836],0.0
123,GOVPRIOd_W41,RELIG,Hindu,[0.66164149 0.29165375 0.04670476 0.        ],0.0
124,GOVPRIOd_W41,RELIG,Jewish,[0.39276123 0.46897287 0.1382659  0.        ],0.010926583991476191
125,GOVPRIOd_W41,RELIG,Mormon,[0.32126213 0.51202113 0.13996577 0.02675097],0.0
126,GOVPRIOd_W41,RELIG,Muslim,[0.35411981 0.64588019 0.         0.        ],0.0
127,GOVPRIOd_W41,RELIG,Nothing in particular,[0.35480494 0.50151949 0.11248394 0.03119163],0.001203441556430318
128,GOVPRIOd_W41,RELIG,Orthodox,[0.15568628 0.59510183 0.24921189 0.        ],0.0
129,GOVPRIOd_W41,RELIG,Other,[0.34133    0.4504223  0.17327265 0.03497506],0.0
130,GOVPRIOd_W41,RELIG,Protestant,[0.25488391 0.5041493  0.21469575 0.02627104],0.003487069655385753
131,GOVPRIOd_W41,RELIG,Roman Catholic,[0.32646792 0.48118145 0.16263104 0.02971959],0.0018709513679140103
132,HAPPEN2f_W41,RELIG,Agnostic,[0.15435344 0.58935252 0.21629112 0.04000291],0.0
133,HAPPEN2f_W41,RELIG,Atheist,[0.10416906 0.53111573 0.36471521 0.        ],0.0021221804435390458
134,HAPPEN2f_W41,RELIG,Buddhist,[0.1372721  0.36207712 0.21897064 0.28168014],0.0
135,HAPPEN2f_W41,RELIG,Hindu,[0.21202079 0.44136161 0.29397797 0.05263963],0.0
136,HAPPEN2f_W41,RELIG,Jewish,[0.10570007 0.57997998 0.16364747 0.15067248],0.008116546002110916
137,HAPPEN2f_W41,RELIG,Mormon,[0.02683124 0.63026132 0.33879726 0.00411019],0.0
138,HAPPEN2f_W41,RELIG,Muslim,[0.         0.7683469  0.10782149 0.1238316 ],0.0
139,HAPPEN2f_W41,RELIG,Nothing in particular,[0.13899663 0.48350626 0.30806745 0.06942967],0.005677046758228587
140,HAPPEN2f_W41,RELIG,Orthodox,[0.         0.70186838 0.29813162 0.        ],0.3925627284357481
141,HAPPEN2f_W41,RELIG,Other,[0.15138718 0.57934113 0.25890251 0.01036918],0.010056053152792167
142,HAPPEN2f_W41,RELIG,Protestant,[0.09897092 0.54369509 0.28167729 0.0756567 ],0.011291069130328863
143,HAPPEN2f_W41,RELIG,Roman Catholic,[0.17580263 0.51579838 0.26709977 0.04129922],0.0061632602259034126
144,FUTRCLASSb_W41,RELIG,Agnostic,[0.20769062 0.60242111 0.18988827],0.001750510735299912
145,FUTRCLASSb_W41,RELIG,Atheist,[0.18506486 0.69225842 0.12267672],0.008257829445169335
146,FUTRCLASSb_W41,RELIG,Buddhist,[0.12957361 0.73577464 0.13465175],0.08192580134245712
147,FUTRCLASSb_W41,RELIG,Hindu,[0.40331911 0.54625686 0.05042402],0.0
148,FUTRCLASSb_W41,RELIG,Jewish,[0.23265878 0.562543   0.20479822],0.016160952656285095
149,FUTRCLASSb_W41,RELIG,Mormon,[0.10077398 0.72135495 0.17787106],0.0
150,FUTRCLASSb_W41,RELIG,Muslim,[0.47235944 0.22782178 0.29981877],0.01344773163564401
151,FUTRCLASSb_W41,RELIG,Nothing in particular,[0.29274382 0.44678351 0.26047267],0.005343590160986859
152,FUTRCLASSb_W41,RELIG,Orthodox,[0.         0.43394732 0.56605268],0.0
153,FUTRCLASSb_W41,RELIG,Other,[0.2595412  0.57103703 0.16942177],0.010951222768559357
154,FUTRCLASSb_W41,RELIG,Protestant,[0.28340163 0.40726687 0.3093315 ],0.003995477981392226
155,FUTRCLASSb_W41,RELIG,Roman Catholic,[0.32486353 0.41267911 0.26245736],0.00033989178283385356
156,NATDEBT_W41,RELIG,Agnostic,[0.73717716 0.17328799 0.07436251 0.01517234],0.0
157,NATDEBT_W41,RELIG,Atheist,[0.7004529  0.12209498 0.17745212 0.        ],0.0
158,NATDEBT_W41,RELIG,Buddhist,[0.26681928 0.41895224 0.31422848 0.        ],0.0
159,NATDEBT_W41,RELIG,Hindu,[0.5606702  0.21108536 0.17688499 0.05135945],0.0
160,NATDEBT_W41,RELIG,Jewish,[0.68017817 0.10719713 0.2126247  0.        ],0.008116546002110918
161,NATDEBT_W41,RELIG,Mormon,[0.74964182 0.12836755 0.12199063 0.        ],0.0
162,NATDEBT_W41,RELIG,Muslim,[0.54571667 0.11839031 0.33589301 0.        ],0.0
163,NATDEBT_W41,RELIG,Nothing in particular,[0.61850839 0.22268692 0.13475737 0.02404733],0.0020486809414498913
164,NATDEBT_W41,RELIG,Orthodox,[0.49428013 0.29618274 0.20953712 0.        ],0.0
165,NATDEBT_W41,RELIG,Other,[0.66080135 0.22345695 0.05275905 0.06298265],0.00828467521881697
166,NATDEBT_W41,RELIG,Protestant,[0.63324088 0.22225218 0.12331986 0.02118708],0.002979733493871055
167,NATDEBT_W41,RELIG,Roman Catholic,[0.58989902 0.21345707 0.18106633 0.01557759],0.0010692206458017652
168,AGEMAJ_W41,RELIG,Agnostic,[0.06530614 0.09099782 0.48605397 0.14199801 0.21564407],0.0
169,AGEMAJ_W41,RELIG,Atheist,[0.00921821 0.08741247 0.47091541 0.24914264 0.18331128],0.0
170,AGEMAJ_W41,RELIG,Buddhist,[0.         0.11803078 0.30323642 0.43952505 0.13920774],0.0
171,AGEMAJ_W41,RELIG,Hindu,[0.05135945 0.17688499 0.37572498 0.32564236 0.07038822],0.0
172,AGEMAJ_W41,RELIG,Jewish,[0.01192284 0.11524421 0.49293472 0.20296905 0.17692918],0.0
173,AGEMAJ_W41,RELIG,Mormon,[0.         0.07617704 0.32033182 0.1896406  0.41385054],0.0
174,AGEMAJ_W41,RELIG,Muslim,[0.0616512  0.06947981 0.46720566 0.06830497 0.33335837],0.0
175,AGEMAJ_W41,RELIG,Nothing in particular,[0.05708685 0.14031665 0.41437766 0.14381575 0.24440308],0.0018144337796827744
176,AGEMAJ_W41,RELIG,Orthodox,[0.         0.04952112 0.50043772 0.14860366 0.3014375 ],0.0
177,AGEMAJ_W41,RELIG,Other,[0.02107999 0.13644937 0.35448448 0.08750042 0.40048574],0.0
178,AGEMAJ_W41,RELIG,Protestant,[0.03660903 0.13478798 0.4278698  0.10740257 0.29333062],0.015228338771487554
179,AGEMAJ_W41,RELIG,Roman Catholic,[0.037392   0.14092398 0.40986412 0.16386609 0.2479538 ],0.007277444580273919
180,HAPPENe_W41,RELIG,Agnostic,[0.80853555 0.19146445],0.05167494780514973
181,HAPPENe_W41,RELIG,Atheist,[0.85219398 0.14780602],0.00809137003518406
182,HAPPENe_W41,RELIG,Buddhist,[0.74062694 0.25937306],0.01680288970337898
183,HAPPENe_W41,RELIG,Hindu,[0.84490571 0.15509429],0.1606613403265931
184,HAPPENe_W41,RELIG,Jewish,[0.74272992 0.25727008],0.008116546002110918
185,HAPPENe_W41,RELIG,Mormon,[0.81075667 0.18924333],0.06801441381782637
186,HAPPENe_W41,RELIG,Muslim,[0.85377586 0.14622414],0.3681784193534898
187,HAPPENe_W41,RELIG,Nothing in particular,[0.79035879 0.20964121],0.08055794702314617
188,HAPPENe_W41,RELIG,Orthodox,[1. 0.],0.10892889565038437
189,HAPPENe_W41,RELIG,Other,[0.85058253 0.14941747],0.04086691115435885
190,HAPPENe_W41,RELIG,Protestant,[0.78661773 0.21338227],0.07371051869287346
191,HAPPENe_W41,RELIG,Roman Catholic,[0.77444948 0.22555052],0.11582802927221429
192,ROBIMPACTb_W41,RELIG,Agnostic,[0.37652306 0.62347694],0.0
193,ROBIMPACTb_W41,RELIG,Atheist,[0.38128361 0.61871639],0.0
194,ROBIMPACTb_W41,RELIG,Buddhist,[0.27841154 0.72158846],0.0
195,ROBIMPACTb_W41,RELIG,Hindu,[0.76592265 0.23407735],0.0
196,ROBIMPACTb_W41,RELIG,Jewish,[0.31698083 0.68301917],0.0
197,ROBIMPACTb_W41,RELIG,Mormon,[0.36981003 0.63018997],0.0
198,ROBIMPACTb_W41,RELIG,Muslim,[0.30490185 0.69509815],0.0
199,ROBIMPACTb_W41,RELIG,Nothing in particular,[0.3537004 0.6462996],0.009453853368961776
200,ROBIMPACTb_W41,RELIG,Orthodox,[0.36522341 0.63477659],0.0
201,ROBIMPACTb_W41,RELIG,Other,[0.30422635 0.69577365],0.015393401581003026
202,ROBIMPACTb_W41,RELIG,Protestant,[0.29795174 0.70204826],0.01638608693199393
203,ROBIMPACTb_W41,RELIG,Roman Catholic,[0.37035391 0.62964609],0.0057491469565233285
204,HARASS1NOWRKF2d_W41,RELIG,Agnostic,[0.69018208 0.25027853 0.05953939],0.0
205,HARASS1NOWRKF2d_W41,RELIG,Atheist,[0.59419741 0.32507777 0.08072481],0.0
206,HARASS1NOWRKF2d_W41,RELIG,Buddhist,[0.67382577 0.32617423 0.        ],0.0
207,HARASS1NOWRKF2d_W41,RELIG,Hindu,[0.9331357 0.0668643 0.       ],0.0
208,HARASS1NOWRKF2d_W41,RELIG,Jewish,[0.53537043 0.39719048 0.06743909],0.0
209,HARASS1NOWRKF2d_W41,RELIG,Mormon,[0.59166676 0.22707565 0.18125758],0.0
210,HARASS1NOWRKF2d_W41,RELIG,Muslim,[0.41264258 0.44224779 0.14510963],0.0
211,HARASS1NOWRKF2d_W41,RELIG,Nothing in particular,[0.57834763 0.3251175  0.09653487],0.01797434500896061
212,HARASS1NOWRKF2d_W41,RELIG,Orthodox,[0.67044177 0.32955823 0.        ],0.27924310507851063
213,HARASS1NOWRKF2d_W41,RELIG,Other,[0.76519277 0.11034627 0.12446096],0.0
214,HARASS1NOWRKF2d_W41,RELIG,Protestant,[0.55134942 0.37552576 0.07312482],0.0058921436491621085
215,HARASS1NOWRKF2d_W41,RELIG,Roman Catholic,[0.6727675  0.24087435 0.08635815],0.0
216,HARASS1F1c_W41,RELIG,Agnostic,[0.71835596 0.27581699 0.00582706],0.0
217,HARASS1F1c_W41,RELIG,Atheist,[0.81940466 0.1654016  0.01519374],0.0
218,HARASS1F1c_W41,RELIG,Buddhist,[0.35921664 0.64078336 0.        ],0.0
219,HARASS1F1c_W41,RELIG,Hindu,[0.65248915 0.34751085 0.        ],0.0
220,HARASS1F1c_W41,RELIG,Jewish,[0.57238604 0.33351942 0.09409455],0.0
221,HARASS1F1c_W41,RELIG,Mormon,[0.69002363 0.1373943  0.17258207],0.12783800828023367
222,HARASS1F1c_W41,RELIG,Muslim,[0.76742863 0.23257137 0.        ],0.0
223,HARASS1F1c_W41,RELIG,Nothing in particular,[0.60959326 0.3089718  0.08143494],0.0
224,HARASS1F1c_W41,RELIG,Orthodox,[0.25886491 0.74113509 0.        ],0.0
225,HARASS1F1c_W41,RELIG,Other,[0.75354933 0.15296869 0.09348197],0.0
226,HARASS1F1c_W41,RELIG,Protestant,[0.60678717 0.33335593 0.0598569 ],0.00018846951165720754
227,HARASS1F1c_W41,RELIG,Roman Catholic,[0.63236812 0.29218767 0.0754442 ],0.012746641748784749
228,HAPPENf_W41,RELIG,Agnostic,[0.40907738 0.59092262],0.04469517916399724
229,HAPPENf_W41,RELIG,Atheist,[0.41834586 0.58165414],0.003255194164283557
230,HAPPENf_W41,RELIG,Buddhist,[0.49555296 0.50444704],0.016802889703378978
231,HAPPENf_W41,RELIG,Hindu,[0.74329281 0.25670719],0.0
232,HAPPENf_W41,RELIG,Jewish,[0.44213837 0.55786163],0.1489391296053294
233,HAPPENf_W41,RELIG,Mormon,[0.40974454 0.59025546],0.01037901070071277
234,HAPPENf_W41,RELIG,Muslim,[0.65341121 0.34658879],0.1800415122135338
235,HAPPENf_W41,RELIG,Nothing in particular,[0.44268372 0.55731628],0.09454304292784367
236,HAPPENf_W41,RELIG,Orthodox,[0.20082927 0.79917073],0.0
237,HAPPENf_W41,RELIG,Other,[0.37070874 0.62929126],0.056395348626573444
238,HAPPENf_W41,RELIG,Protestant,[0.38980033 0.61019967],0.10733840607273144
239,HAPPENf_W41,RELIG,Roman Catholic,[0.47326302 0.52673698],0.11944424783526074
240,FTRWORRYe_W41,RELIG,Agnostic,[0.26375746 0.36162863 0.30475038 0.06986353],0.0
241,FTRWORRYe_W41,RELIG,Atheist,[0.20633911 0.31819861 0.31282961 0.16263268],0.0
242,FTRWORRYe_W41,RELIG,Buddhist,[0.19273445 0.71952892 0.08773663 0.        ],0.0
243,FTRWORRYe_W41,RELIG,Hindu,[0.25670719 0.61311618 0.07881719 0.05135945],0.0
244,FTRWORRYe_W41,RELIG,Jewish,[0.21950771 0.4718882  0.30860409 0.        ],0.0
245,FTRWORRYe_W41,RELIG,Mormon,[0.50263917 0.47556346 0.         0.02179737],0.0
246,FTRWORRYe_W41,RELIG,Muslim,[0.53538252 0.37044503 0.09417245 0.        ],0.0
247,FTRWORRYe_W41,RELIG,Nothing in particular,[0.39888386 0.35823263 0.21236373 0.03051978],0.001302528784444967
248,FTRWORRYe_W41,RELIG,Orthodox,[0.49704386 0.50295614 0.         0.        ],0.0
249,FTRWORRYe_W41,RELIG,Other,[0.46844046 0.31416904 0.17027137 0.04711913],0.0
250,FTRWORRYe_W41,RELIG,Protestant,[0.51059327 0.314631   0.13663284 0.0381429 ],0.0005568658560103871
251,FTRWORRYe_W41,RELIG,Roman Catholic,[0.4390291  0.32583944 0.19360123 0.04153023],0.0010692206458017652
252,GOVPRIOjF1_W41,RELIG,Agnostic,[0.2289853  0.28183984 0.3167456  0.17242926],0.0
253,GOVPRIOjF1_W41,RELIG,Atheist,[0.0742623  0.29989317 0.29160281 0.33424172],0.0
254,GOVPRIOjF1_W41,RELIG,Buddhist,[0.19814409 0.26379244 0.37468834 0.16337514],0.0
255,GOVPRIOjF1_W41,RELIG,Hindu,[0.1110906  0.50630676 0.         0.38260264],0.0
256,GOVPRIOjF1_W41,RELIG,Jewish,[0.1587975  0.231276   0.42275427 0.18717223],0.0
257,GOVPRIOjF1_W41,RELIG,Mormon,[0.61725613 0.33528793 0.04745594 0.        ],0.0
258,GOVPRIOjF1_W41,RELIG,Muslim,[0.18542712 0.59405677 0.22051611 0.        ],0.0
259,GOVPRIOjF1_W41,RELIG,Nothing in particular,[0.4277524  0.36353188 0.156239   0.05247673],0.0
260,GOVPRIOjF1_W41,RELIG,Orthodox,[0.74113509 0.25886491 0.         0.        ],0.0
261,GOVPRIOjF1_W41,RELIG,Other,[0.12751744 0.33711423 0.41753265 0.11783567],0.0
262,GOVPRIOjF1_W41,RELIG,Protestant,[0.48941934 0.36463496 0.11448936 0.03145635],0.0
263,GOVPRIOjF1_W41,RELIG,Roman Catholic,[0.40352368 0.41877492 0.13967132 0.03803008],0.0
264,SOLVPROBh_W41,RELIG,Agnostic,[0.3254886  0.53281676 0.12549156 0.01620309],0.003670990663708452
265,SOLVPROBh_W41,RELIG,Atheist,[0.37788151 0.53146767 0.03777462 0.0528762 ],0.0
266,SOLVPROBh_W41,RELIG,Buddhist,[0.42320285 0.28168014 0.22877866 0.06633836],0.0
267,SOLVPROBh_W41,RELIG,Hindu,[0.37282126 0.27775432 0.21283656 0.13658785],0.0
268,SOLVPROBh_W41,RELIG,Jewish,[0.24262346 0.61958543 0.01214684 0.12564428],0.010926583991476191
269,SOLVPROBh_W41,RELIG,Mormon,[0.16517873 0.68136438 0.08282616 0.07063074],0.0
270,SOLVPROBh_W41,RELIG,Muslim,[0.3884959 0.4876725 0.1238316 0.       ],0.0
271,SOLVPROBh_W41,RELIG,Nothing in particular,[0.22122002 0.52214454 0.16909316 0.08754229],0.0037798821660203407
272,SOLVPROBh_W41,RELIG,Orthodox,[0.1089289  0.49428013 0.39679097 0.        ],0.0
273,SOLVPROBh_W41,RELIG,Other,[0.20168108 0.50114592 0.17986018 0.11731282],0.0
274,SOLVPROBh_W41,RELIG,Protestant,[0.18802637 0.51593489 0.19017109 0.10586764],0.01834472992499693
275,SOLVPROBh_W41,RELIG,Roman Catholic,[0.28009994 0.46961794 0.17149015 0.07879197],0.016293885285197655
276,GOVPRIOhF1_W41,RELIG,Agnostic,[0.16156343 0.14414906 0.08902032 0.60526719],0.0
277,GOVPRIOhF1_W41,RELIG,Atheist,[0.09796592 0.14741984 0.21727315 0.53734109],0.0
278,GOVPRIOhF1_W41,RELIG,Buddhist,[0.         0.19814409 0.         0.80185591],0.0
279,GOVPRIOhF1_W41,RELIG,Hindu,[0.8889094 0.        0.        0.1110906],0.0
280,GOVPRIOhF1_W41,RELIG,Jewish,[0.03382806 0.09185724 0.39490625 0.47940845],0.0
281,GOVPRIOhF1_W41,RELIG,Mormon,[0.47117153 0.1744118  0.1192407  0.23517597],0.0
282,GOVPRIOhF1_W41,RELIG,Muslim,[0.15429007 0.0919504  0.36372998 0.39002955],0.0
283,GOVPRIOhF1_W41,RELIG,Nothing in particular,[0.16919838 0.30864096 0.12787178 0.39428888],0.0
284,GOVPRIOhF1_W41,RELIG,Orthodox,[0.         0.60812011 0.         0.39187989],0.0
285,GOVPRIOhF1_W41,RELIG,Other,[0.16479827 0.03085161 0.24152372 0.5628264 ],0.0
286,GOVPRIOhF1_W41,RELIG,Protestant,[0.23796325 0.22560667 0.19773071 0.33869938],0.005207558361458025
287,GOVPRIOhF1_W41,RELIG,Roman Catholic,[0.22297679 0.28282657 0.15461064 0.339586  ],0.0032427228973246937
288,FTRWORRYb_W41,RELIG,Agnostic,[0.33798665 0.38890458 0.2543571  0.01875166],0.0008860776141081891
289,FTRWORRYb_W41,RELIG,Atheist,[0.47467367 0.38942777 0.13332417 0.00257439],0.0
290,FTRWORRYb_W41,RELIG,Buddhist,[0.32288183 0.52425863 0.15285955 0.        ],0.0
291,FTRWORRYb_W41,RELIG,Hindu,[0.64689315 0.23740267 0.06434474 0.05135945],0.0
292,FTRWORRYb_W41,RELIG,Jewish,[0.26019389 0.50366217 0.21639584 0.0197481 ],0.0
293,FTRWORRYb_W41,RELIG,Mormon,[0.38769882 0.32403058 0.20822612 0.08004448],0.0
294,FTRWORRYb_W41,RELIG,Muslim,[0.29503591 0.63335138 0.07161271 0.        ],0.0
295,FTRWORRYb_W41,RELIG,Nothing in particular,[0.41300323 0.35416485 0.19132827 0.04150366],0.002125531996464727
296,FTRWORRYb_W41,RELIG,Orthodox,[0.3484402  0.55965942 0.09190038 0.        ],0.0
297,FTRWORRYb_W41,RELIG,Other,[0.45898672 0.39688206 0.0761505  0.06798072],0.0013753891678587166
298,FTRWORRYb_W41,RELIG,Protestant,[0.39256803 0.35860935 0.20065092 0.0481717 ],0.002539635197090026
299,FTRWORRYb_W41,RELIG,Roman Catholic,[0.39261468 0.39299592 0.18732305 0.02706635],0.011558388934764088
300,ROBIMPACTa_W41,RELIG,Agnostic,[0.89255879 0.10744121],0.002085805013645791
301,ROBIMPACTa_W41,RELIG,Atheist,[0.85280683 0.14719317],0.0
302,ROBIMPACTa_W41,RELIG,Buddhist,[0.81225092 0.18774908],0.0
303,ROBIMPACTa_W41,RELIG,Hindu,[0.4945038 0.5054962],0.0
304,ROBIMPACTa_W41,RELIG,Jewish,[0.71325175 0.28674825],0.0
305,ROBIMPACTa_W41,RELIG,Mormon,[0.75479381 0.24520619],0.0
306,ROBIMPACTa_W41,RELIG,Muslim,[0.77858463 0.22141537],0.0
307,ROBIMPACTa_W41,RELIG,Nothing in particular,[0.7842887 0.2157113],0.014767680491860107
308,ROBIMPACTa_W41,RELIG,Orthodox,[0.63477659 0.36522341],0.0
309,ROBIMPACTa_W41,RELIG,Other,[0.83080047 0.16919953],0.01569688369758632
310,ROBIMPACTa_W41,RELIG,Protestant,[0.73422793 0.26577207],0.015006245632003597
311,ROBIMPACTa_W41,RELIG,Roman Catholic,[0.77324993 0.22675007],0.002991105173447619
312,FTRWORRYf_W41,RELIG,Agnostic,[0.67906343 0.24330079 0.07024337 0.00739241],0.0
313,FTRWORRYf_W41,RELIG,Atheist,[0.74663613 0.16059284 0.08525151 0.00751953],0.0
314,FTRWORRYf_W41,RELIG,Buddhist,[0.83033756 0.01680289 0.         0.15285955],0.0
315,FTRWORRYf_W41,RELIG,Hindu,[0.65489886 0.25779012 0.03595157 0.05135945],0.0
316,FTRWORRYf_W41,RELIG,Jewish,[0.47961402 0.25715336 0.13227954 0.13095309],0.0
317,FTRWORRYf_W41,RELIG,Mormon,[0.24226099 0.19000577 0.51046342 0.05726982],0.0
318,FTRWORRYf_W41,RELIG,Muslim,[0.48016748 0.44651462 0.07331791 0.        ],0.0
319,FTRWORRYf_W41,RELIG,Nothing in particular,[0.49073873 0.28703175 0.15321115 0.06901837],0.0
320,FTRWORRYf_W41,RELIG,Orthodox,[0.15476125 0.3484402  0.3014375  0.19536105],0.0
321,FTRWORRYf_W41,RELIG,Other,[0.6418372  0.15558994 0.16345241 0.03912045],0.0
322,FTRWORRYf_W41,RELIG,Protestant,[0.25552196 0.30997439 0.27789262 0.15661103],0.004971964130988142
323,FTRWORRYf_W41,RELIG,Roman Catholic,[0.38523725 0.29865604 0.22466082 0.09144589],0.004487879636501174
324,GOVPRIOfF1_W41,RELIG,Agnostic,[0.49149752 0.23549843 0.17787186 0.09513219],0.0
325,GOVPRIOfF1_W41,RELIG,Atheist,[0.46384239 0.39035977 0.10530341 0.04049443],0.0
326,GOVPRIOfF1_W41,RELIG,Buddhist,[0.36151922 0.42550205 0.21297873 0.        ],0.0
327,GOVPRIOfF1_W41,RELIG,Hindu,[0.50630676 0.         0.38260264 0.1110906 ],0.0
328,GOVPRIOfF1_W41,RELIG,Jewish,[0.12868665 0.44149149 0.39233538 0.03748648],0.031001449092645725
329,GOVPRIOfF1_W41,RELIG,Mormon,[0.25718877 0.24218919 0.18600063 0.3146214 ],0.0
330,GOVPRIOfF1_W41,RELIG,Muslim,[0.16266761 0.23257137 0.56923318 0.03552785],0.0
331,GOVPRIOfF1_W41,RELIG,Nothing in particular,[0.22194492 0.34763566 0.26013278 0.17028664],0.0
332,GOVPRIOfF1_W41,RELIG,Orthodox,[0.         0.24815936 0.75184064 0.        ],0.0
333,GOVPRIOfF1_W41,RELIG,Other,[0.34208461 0.49642184 0.02864173 0.13285181],0.06503665751413439
334,GOVPRIOfF1_W41,RELIG,Protestant,[0.15589074 0.31030636 0.23621557 0.29758733],0.001362886319372182
335,GOVPRIOfF1_W41,RELIG,Roman Catholic,[0.20565959 0.3034572  0.26642924 0.22445396],0.009169648614540072
336,GOVPRIOb_W41,RELIG,Agnostic,[0.65981391 0.25419201 0.0672133  0.01878079],0.0
337,GOVPRIOb_W41,RELIG,Atheist,[0.68296697 0.2340354  0.07766088 0.00533676],0.0
338,GOVPRIOb_W41,RELIG,Buddhist,[0.79891888 0.20108112 0.         0.        ],0.0
339,GOVPRIOb_W41,RELIG,Hindu,[0.3444281  0.49491056 0.16066134 0.        ],0.0
340,GOVPRIOb_W41,RELIG,Jewish,[0.52974138 0.33302363 0.10959201 0.02764298],0.0
341,GOVPRIOb_W41,RELIG,Mormon,[0.49521843 0.34612781 0.10647102 0.05218275],0.0
342,GOVPRIOb_W41,RELIG,Muslim,[0.6413911  0.33604915 0.02255975 0.        ],0.0
343,GOVPRIOb_W41,RELIG,Nothing in particular,[0.55127754 0.3336039  0.0475928  0.06752576],0.0
344,GOVPRIOb_W41,RELIG,Orthodox,[0.44764078 0.30314733 0.03967477 0.20953712],0.0
345,GOVPRIOb_W41,RELIG,Other,[0.64484977 0.26443851 0.03673503 0.05397669],0.0
346,GOVPRIOb_W41,RELIG,Protestant,[0.47808827 0.36719983 0.1053727  0.04933919],0.004190748410062518
347,GOVPRIOb_W41,RELIG,Roman Catholic,[0.54507757 0.32285996 0.07576981 0.05629266],0.006686654989795376
348,SOLVPROBc_W41,RELIG,Agnostic,[0.02248524 0.27716052 0.39669166 0.30366258],0.002831181232616911
349,SOLVPROBc_W41,RELIG,Atheist,[0.002714   0.13921708 0.40547592 0.452593  ],0.0
350,SOLVPROBc_W41,RELIG,Buddhist,[0.01680289 0.57158452 0.28799229 0.1236203 ],0.0
351,SOLVPROBc_W41,RELIG,Hindu,[0.08731102 0.51740583 0.39528315 0.        ],0.0
352,SOLVPROBc_W41,RELIG,Jewish,[0.05016584 0.30888829 0.48730695 0.15363893],0.010926583991476191
353,SOLVPROBc_W41,RELIG,Mormon,[0.47897272 0.33288391 0.18814336 0.        ],0.0
354,SOLVPROBc_W41,RELIG,Muslim,[0.20881047 0.35665722 0.38164791 0.0528844 ],0.0
355,SOLVPROBc_W41,RELIG,Nothing in particular,[0.04882318 0.36262499 0.37442803 0.21412379],0.019414225615524937
356,SOLVPROBc_W41,RELIG,Orthodox,[0.         0.78875305 0.21124695 0.        ],0.0
357,SOLVPROBc_W41,RELIG,Other,[0.08697336 0.3153986  0.2892601  0.30836794],0.007412208478769347
358,SOLVPROBc_W41,RELIG,Protestant,[0.24368894 0.5388277  0.16326129 0.05422207],0.0215666473627661
359,SOLVPROBc_W41,RELIG,Roman Catholic,[0.17773591 0.56465161 0.19992809 0.05768438],0.02125923188012155
360,FUTRCLASSa_W41,RELIG,Agnostic,[0.237293   0.24697369 0.5157333 ],0.0017505107352999115
361,FUTRCLASSa_W41,RELIG,Atheist,[0.26716363 0.23158879 0.50124758],0.0021221804435390458
362,FUTRCLASSa_W41,RELIG,Buddhist,[0.56930725 0.         0.43069275],0.08192580134245714
363,FUTRCLASSa_W41,RELIG,Hindu,[0.39295595 0.32068779 0.28635627],0.0
364,FUTRCLASSa_W41,RELIG,Jewish,[0.26448236 0.35364537 0.38187227],0.008116546002110918
365,FUTRCLASSa_W41,RELIG,Mormon,[0.28857298 0.13423509 0.57719193],0.0
366,FUTRCLASSa_W41,RELIG,Muslim,[0.46561016 0.30853275 0.22585709],0.0
367,FUTRCLASSa_W41,RELIG,Nothing in particular,[0.39477165 0.19851202 0.40671633],0.0006246135064650764
368,FUTRCLASSa_W41,RELIG,Orthodox,[0.24746862 0.1089289  0.64360248],0.0
369,FUTRCLASSa_W41,RELIG,Other,[0.3346447  0.14416468 0.52119063],0.010951222768559353
370,FUTRCLASSa_W41,RELIG,Protestant,[0.33070183 0.23018335 0.43911483],0.0072972052810926676
371,FUTRCLASSa_W41,RELIG,Roman Catholic,[0.33689933 0.24005329 0.42304738],0.00033989178283385356
372,GOVPRIOkF2_W41,RELIG,Agnostic,[0.02063957 0.26394414 0.25575903 0.45965726],0.0
373,GOVPRIOkF2_W41,RELIG,Atheist,[0.01494857 0.20832934 0.24096951 0.53575259],0.0
374,GOVPRIOkF2_W41,RELIG,Buddhist,[0.32617423 0.         0.17154582 0.50227996],0.0
375,GOVPRIOkF2_W41,RELIG,Hindu,[0.25403203 0.29567685 0.36342758 0.08686354],0.0
376,GOVPRIOkF2_W41,RELIG,Jewish,[0.16827031 0.37741978 0.22550593 0.22880398],0.0
377,GOVPRIOkF2_W41,RELIG,Mormon,[0.12934629 0.80610514 0.04094646 0.02360211],0.0
378,GOVPRIOkF2_W41,RELIG,Muslim,[0.21745442 0.58433664 0.14510963 0.05309931],0.0
379,GOVPRIOkF2_W41,RELIG,Nothing in particular,[0.20023562 0.37363664 0.23406838 0.19205936],0.0
380,GOVPRIOkF2_W41,RELIG,Orthodox,[0.19453561 0.         0.80546439 0.        ],0.2792431050785106
381,GOVPRIOkF2_W41,RELIG,Other,[0.06911793 0.52144551 0.24067553 0.16876103],0.0
382,GOVPRIOkF2_W41,RELIG,Protestant,[0.31460391 0.45090809 0.16271823 0.07176978],0.01348410222902931
383,GOVPRIOkF2_W41,RELIG,Roman Catholic,[0.29481037 0.38495904 0.21290751 0.10732308],0.002092015475174815
384,HAPPENb_W41,RELIG,Agnostic,[0.44907914 0.55092086],0.040529607215635005
385,HAPPENb_W41,RELIG,Atheist,[0.46483098 0.53516902],0.007579024072944857
386,HAPPENb_W41,RELIG,Buddhist,[0.76731151 0.23268849],0.016802889703378978
387,HAPPENb_W41,RELIG,Hindu,[0.49196943 0.50803057],0.0
388,HAPPENb_W41,RELIG,Jewish,[0.38925337 0.61074663],0.04353480209154487
389,HAPPENb_W41,RELIG,Mormon,[0.23412401 0.76587599],0.010379010700712772
390,HAPPENb_W41,RELIG,Muslim,[0.33820813 0.66179187],0.35347031768585974
391,HAPPENb_W41,RELIG,Nothing in particular,[0.37961434 0.62038566],0.11786742276740153
392,HAPPENb_W41,RELIG,Orthodox,[0.10313473 0.89686527],0.10892889565038437
393,HAPPENb_W41,RELIG,Other,[0.41676697 0.58323303],0.07347877217480842
394,HAPPENb_W41,RELIG,Protestant,[0.33905844 0.66094156],0.08551194721044511
395,HAPPENb_W41,RELIG,Roman Catholic,[0.35083531 0.64916469],0.09435056809813185
396,HAPPENhF1_W41,RELIG,Agnostic,[0.35646419 0.64353581],0.013040192114433385
397,HAPPENhF1_W41,RELIG,Atheist,[0.45123487 0.54876513],0.00202965552213999
398,HAPPENhF1_W41,RELIG,Buddhist,[0.19602054 0.80397946],0.021092813452515145
399,HAPPENhF1_W41,RELIG,Hindu,[0.8412041 0.1587959],0.0
400,HAPPENhF1_W41,RELIG,Jewish,[0.55240777 0.44759223],0.3905338625379154
401,HAPPENhF1_W41,RELIG,Mormon,[0.52771457 0.47228543],0.0
402,HAPPENhF1_W41,RELIG,Muslim,[0.16279758 0.83720242],0.23516427336779402
403,HAPPENhF1_W41,RELIG,Nothing in particular,[0.41340785 0.58659215],0.07589307713371844
404,HAPPENhF1_W41,RELIG,Orthodox,[0.60812011 0.39187989],0.0
405,HAPPENhF1_W41,RELIG,Other,[0.3746496 0.6253504],0.06263035789037534
406,HAPPENhF1_W41,RELIG,Protestant,[0.32127812 0.67872188],0.09859386328604114
407,HAPPENhF1_W41,RELIG,Roman Catholic,[0.40179952 0.59820048],0.10169141923959292
408,ELDCARE_W41,RELIG,Agnostic,[0.17646268 0.82353732],0.013203764685560906
409,ELDCARE_W41,RELIG,Atheist,[0.1990644 0.8009356],0.004865028645583401
410,ELDCARE_W41,RELIG,Buddhist,[0.23600079 0.76399921],0.0
411,ELDCARE_W41,RELIG,Hindu,[0.26676449 0.73323551],0.0
412,ELDCARE_W41,RELIG,Jewish,[0.20644796 0.79355204],0.008116546002110918
413,ELDCARE_W41,RELIG,Mormon,[0.29687876 0.70312124],0.0
414,ELDCARE_W41,RELIG,Muslim,[0.44652059 0.55347941],0.0
415,ELDCARE_W41,RELIG,Nothing in particular,[0.29273805 0.70726195],0.00450161488908936
416,ELDCARE_W41,RELIG,Orthodox,[0.31846602 0.68153398],0.0
417,ELDCARE_W41,RELIG,Other,[0.23040106 0.76959894],0.011820940284533253
418,ELDCARE_W41,RELIG,Protestant,[0.27076326 0.72923674],0.005498845498968876
419,ELDCARE_W41,RELIG,Roman Catholic,[0.33392625 0.66607375],0.005200148907595652
420,JOBSECURITY_W41,RELIG,Agnostic,[0.05877869 0.60730059 0.33392072],0.013203764685560906
421,JOBSECURITY_W41,RELIG,Atheist,[0.081231   0.64865249 0.27011652],0.0021221804435390458
422,JOBSECURITY_W41,RELIG,Buddhist,[0.30610907 0.6061543  0.08773663],0.0
423,JOBSECURITY_W41,RELIG,Hindu,[0.22824443 0.56878955 0.20296602],0.0
424,JOBSECURITY_W41,RELIG,Jewish,[0.07336797 0.66530781 0.26132422],0.008116546002110918
425,JOBSECURITY_W41,RELIG,Mormon,[0.03506588 0.45638102 0.50855309],0.0
426,JOBSECURITY_W41,RELIG,Muslim,[0.31403365 0.41936893 0.26659743],0.0
427,JOBSECURITY_W41,RELIG,Nothing in particular,[0.15725247 0.47479857 0.36794896],0.0034906510948411362
428,JOBSECURITY_W41,RELIG,Orthodox,[0.09190038 0.25092171 0.65717791],0.0
429,JOBSECURITY_W41,RELIG,Other,[0.15145761 0.59094131 0.25760108],0.00828467521881697
430,JOBSECURITY_W41,RELIG,Protestant,[0.13756325 0.47272054 0.38971621],0.00672854732972632
431,JOBSECURITY_W41,RELIG,Roman Catholic,[0.16934539 0.45571293 0.37494168],0.020718005151235265
432,GOVPRIOlF2_W41,RELIG,Agnostic,[0.2065975  0.48678079 0.27270218 0.03391953],0.0
433,GOVPRIOlF2_W41,RELIG,Atheist,[0.18912549 0.46530375 0.3136695  0.03190125],0.0
434,GOVPRIOlF2_W41,RELIG,Buddhist,[0.         0.32617423 0.67382577 0.        ],0.0
435,GOVPRIOlF2_W41,RELIG,Hindu,[0.60178305 0.27854581 0.11967114 0.        ],0.0
436,GOVPRIOlF2_W41,RELIG,Jewish,[0.09682119 0.53813745 0.31512687 0.04991448],0.0
437,GOVPRIOlF2_W41,RELIG,Mormon,[0.14321233 0.61183094 0.19128302 0.05367371],0.0
438,GOVPRIOlF2_W41,RELIG,Muslim,[0.63825508 0.14510963 0.21663529 0.        ],0.0
439,GOVPRIOlF2_W41,RELIG,Nothing in particular,[0.21019388 0.37529573 0.30258743 0.11192297],0.0037118211518285434
440,GOVPRIOlF2_W41,RELIG,Orthodox,[0.         0.44543648 0.41435064 0.14021288],0.0
441,GOVPRIOlF2_W41,RELIG,Other,[0.16341225 0.34715401 0.30437994 0.18505379],0.0
442,GOVPRIOlF2_W41,RELIG,Protestant,[0.11081352 0.38448874 0.35362543 0.15107232],0.005278286626846354
443,GOVPRIOlF2_W41,RELIG,Roman Catholic,[0.22578287 0.3894606  0.28156317 0.10319337],0.002092015475174815
444,FUTR_K_W41,RELIG,Agnostic,[0.04794816 0.62852535 0.32352649],0.0
445,FUTR_K_W41,RELIG,Atheist,[0.02427716 0.64725765 0.32846519],0.018925012472430985
446,FUTR_K_W41,RELIG,Buddhist,[0.18315369 0.13014738 0.68669893],0.0
447,FUTR_K_W41,RELIG,Hindu,[0.36483229 0.30749192 0.32767579],0.0
448,FUTR_K_W41,RELIG,Jewish,[0.01280266 0.48663297 0.50056437],0.0
449,FUTR_K_W41,RELIG,Mormon,[0.04549236 0.55843277 0.39607487],0.0
450,FUTR_K_W41,RELIG,Muslim,[0.13727934 0.37393375 0.48878692],0.0
451,FUTR_K_W41,RELIG,Nothing in particular,[0.11335719 0.42439682 0.46224599],0.01264069009629508
452,FUTR_K_W41,RELIG,Orthodox,[0.         0.48617293 0.51382707],0.0
453,FUTR_K_W41,RELIG,Other,[0.09584224 0.52835426 0.3758035 ],0.0
454,FUTR_K_W41,RELIG,Protestant,[0.12711651 0.3891337  0.48374979],0.006976729637599566
455,FUTR_K_W41,RELIG,Roman Catholic,[0.07712856 0.51297268 0.40989876],0.01482905719510664
456,WRKTRN1F1_W41,RELIG,Agnostic,[0.18148118 0.03568238 0.4472707  0.33556574],0.0
457,WRKTRN1F1_W41,RELIG,Atheist,[0.1555589  0.10427948 0.6350526  0.10510903],0.0
458,WRKTRN1F1_W41,RELIG,Buddhist,[0.         0.         0.87606502 0.12393498],0.0
459,WRKTRN1F1_W41,RELIG,Hindu,[0.45860146 0.1587959  0.38260264 0.        ],0.0
460,WRKTRN1F1_W41,RELIG,Jewish,[0.06010139 0.34382203 0.45709484 0.13898174],0.0
461,WRKTRN1F1_W41,RELIG,Mormon,[0.04745594 0.14732797 0.3475936  0.45762249],0.0
462,WRKTRN1F1_W41,RELIG,Muslim,[0.21476492 0.03552785 0.29923627 0.45047096],0.0
463,WRKTRN1F1_W41,RELIG,Nothing in particular,[0.10164295 0.12001784 0.41234222 0.365997  ],0.00557027234826155
464,WRKTRN1F1_W41,RELIG,Orthodox,[0.         0.13301498 0.75184064 0.11514438],0.0
465,WRKTRN1F1_W41,RELIG,Other,[0.1784804  0.08017145 0.5179937  0.22335445],0.0
466,WRKTRN1F1_W41,RELIG,Protestant,[0.08354371 0.11872568 0.32563601 0.4720946 ],0.00018846951165720754
467,WRKTRN1F1_W41,RELIG,Roman Catholic,[0.1043796  0.1095343  0.36268183 0.42340427],0.0
468,FTRWORRYc_W41,RELIG,Agnostic,[0.60610647 0.30179501 0.07808993 0.01400859],0.0038154980016522483
469,FTRWORRYc_W41,RELIG,Atheist,[0.60591261 0.36354533 0.03054206 0.        ],0.0
470,FTRWORRYc_W41,RELIG,Buddhist,[0.83033756 0.         0.16966244 0.        ],0.0
471,FTRWORRYc_W41,RELIG,Hindu,[0.21839816 0.48098985 0.0885912  0.21202079],0.0
472,FTRWORRYc_W41,RELIG,Jewish,[0.55557511 0.38968524 0.05473965 0.        ],0.0
473,FTRWORRYc_W41,RELIG,Mormon,[0.66744046 0.21514299 0.09561918 0.02179737],0.0
474,FTRWORRYc_W41,RELIG,Muslim,[0.28111893 0.53074417 0.18813691 0.        ],0.0
475,FTRWORRYc_W41,RELIG,Nothing in particular,[0.46511723 0.37830861 0.12541061 0.03116355],0.00240210492034398
476,FTRWORRYc_W41,RELIG,Orthodox,[0.44034058 0.40397314 0.         0.15568628],0.0
477,FTRWORRYc_W41,RELIG,Other,[0.55964107 0.36737515 0.04650412 0.02647966],0.0
478,FTRWORRYc_W41,RELIG,Protestant,[0.48169723 0.3730704  0.12604353 0.01918884],0.003939424369306609
479,FTRWORRYc_W41,RELIG,Roman Catholic,[0.45454347 0.41316872 0.10643547 0.02585234],0.021700397237539092
480,HAPPEN2e_W41,RELIG,Agnostic,[0.36948884 0.48655158 0.12945499 0.01450459],0.0
481,HAPPEN2e_W41,RELIG,Atheist,[0.35514537 0.57933501 0.06551962 0.        ],0.0
482,HAPPEN2e_W41,RELIG,Buddhist,[0.25836307 0.7067474  0.03488954 0.        ],0.0
483,HAPPEN2e_W41,RELIG,Hindu,[0.26898009 0.61442948 0.11659042 0.        ],0.0
484,HAPPEN2e_W41,RELIG,Jewish,[0.32118568 0.61684957 0.06196475 0.        ],0.008116546002110916
485,HAPPEN2e_W41,RELIG,Mormon,[0.07251822 0.82881484 0.07686956 0.02179737],0.0
486,HAPPEN2e_W41,RELIG,Muslim,[0.26063863 0.48514852 0.25421284 0.        ],0.0
487,HAPPEN2e_W41,RELIG,Nothing in particular,[0.31259437 0.53555781 0.1288148  0.02303301],0.0008165704900322499
488,HAPPEN2e_W41,RELIG,Orthodox,[0.45712379 0.50320145 0.03967477 0.        ],0.0
489,HAPPEN2e_W41,RELIG,Other,[0.3046354  0.57753641 0.11782818 0.        ],0.006605803934374963
490,HAPPEN2e_W41,RELIG,Protestant,[0.28431475 0.57743665 0.10804226 0.03020634],0.0052910888409221195
491,HAPPEN2e_W41,RELIG,Roman Catholic,[0.31176051 0.55941424 0.10513525 0.02369   ],0.00311803726776995
492,SOLVPROBb_W41,RELIG,Agnostic,[0.02203017 0.24841682 0.47038331 0.25916971],0.0
493,SOLVPROBb_W41,RELIG,Atheist,[0.00149721 0.27327251 0.34871653 0.37651374],0.006378677159519316
494,SOLVPROBb_W41,RELIG,Buddhist,[0.09872869 0.19455404 0.13704484 0.56967243],0.0
495,SOLVPROBb_W41,RELIG,Hindu,[0.16794987 0.35663936 0.13145682 0.34395395],0.0
496,SOLVPROBb_W41,RELIG,Jewish,[0.0697932  0.36953497 0.34165076 0.21902107],0.0
497,SOLVPROBb_W41,RELIG,Mormon,[0.06589456 0.52102823 0.3740668  0.03901041],0.0
498,SOLVPROBb_W41,RELIG,Muslim,[0.32856392 0.40492993 0.24394641 0.02255975],0.0
499,SOLVPROBb_W41,RELIG,Nothing in particular,[0.0962155  0.37854523 0.33425088 0.19098838],0.005091998734388221
500,SOLVPROBb_W41,RELIG,Orthodox,[0.        0.6515598 0.        0.3484402],0.0
501,SOLVPROBb_W41,RELIG,Other,[0.04196981 0.29712821 0.33840105 0.32250093],0.03162508180634543
502,SOLVPROBb_W41,RELIG,Protestant,[0.09999119 0.50970201 0.29063618 0.09967062],0.02465980156003176
503,SOLVPROBb_W41,RELIG,Roman Catholic,[0.12807678 0.4368943  0.34097769 0.09405123],0.014022023294705224
504,HARASS3F1_W41,RELIG,Agnostic,[0.15036268 0.45337705 0.39626027],0.0
505,HARASS3F1_W41,RELIG,Atheist,[0.09822574 0.43313274 0.46864153],0.0
506,HARASS3F1_W41,RELIG,Buddhist,[0.09299933 0.55340514 0.35359553],0.0
507,HARASS3F1_W41,RELIG,Hindu,[0.2698865  0.34751085 0.38260264],0.0
508,HARASS3F1_W41,RELIG,Jewish,[0.4329187  0.40545998 0.16162133],0.0
509,HARASS3F1_W41,RELIG,Mormon,[0.22950908 0.63632648 0.13416444],0.0
510,HARASS3F1_W41,RELIG,Muslim,[0.0960027  0.51454295 0.38945434],0.0
511,HARASS3F1_W41,RELIG,Nothing in particular,[0.13539932 0.52015703 0.34444365],0.0
512,HARASS3F1_W41,RELIG,Orthodox,[0.         0.88485562 0.11514438],0.0
513,HARASS3F1_W41,RELIG,Other,[0.17194814 0.51084195 0.31720991],0.019595122038652896
514,HARASS3F1_W41,RELIG,Protestant,[0.10067337 0.60169629 0.29763034],0.013143089642930369
515,HARASS3F1_W41,RELIG,Roman Catholic,[0.16580405 0.56740849 0.26678747],0.008527910793221107
516,SOLVPROBeF2_W41,RELIG,Agnostic,[0.15057545 0.57049589 0.19438501 0.08454365],0.005354893622337623
517,SOLVPROBeF2_W41,RELIG,Atheist,[0.01853851 0.70426728 0.25339932 0.02379489],0.0
518,SOLVPROBeF2_W41,RELIG,Buddhist,[0. 1. 0. 0.],0.0
519,SOLVPROBeF2_W41,RELIG,Hindu,[0.         0.43534723 0.56465277 0.        ],0.0
520,SOLVPROBeF2_W41,RELIG,Jewish,[0.0763962  0.72660862 0.14155773 0.05543745],0.0
521,SOLVPROBeF2_W41,RELIG,Mormon,[0.20298324 0.29656629 0.50045047 0.        ],0.0
522,SOLVPROBeF2_W41,RELIG,Muslim,[0.         0.96297515 0.03702485 0.        ],0.14510962890595477
523,SOLVPROBeF2_W41,RELIG,Nothing in particular,[0.08347434 0.56796914 0.22458859 0.12396793],0.00930177738625455
524,SOLVPROBeF2_W41,RELIG,Orthodox,[0.23753136 0.30640626 0.45606238 0.        ],0.0
525,SOLVPROBeF2_W41,RELIG,Other,[0.06867335 0.52401338 0.29021343 0.11709984],0.0
526,SOLVPROBeF2_W41,RELIG,Protestant,[0.11194736 0.50609312 0.2896212  0.09233832],0.030014171165072056
527,SOLVPROBeF2_W41,RELIG,Roman Catholic,[0.19745033 0.46065565 0.3150741  0.02681991],0.017276593353155647
528,FUTR_ABR_W41,RELIG,Agnostic,[0.14945594 0.73884954 0.10071441 0.01098012],0.0017505107352999115
529,FUTR_ABR_W41,RELIG,Atheist,[0.27961001 0.64169384 0.05661437 0.02208178],0.0
530,FUTR_ABR_W41,RELIG,Buddhist,[0.20108112 0.59337278 0.1236203  0.0819258 ],0.0
531,FUTR_ABR_W41,RELIG,Hindu,[0.12011934 0.56640782 0.31347284 0.        ],0.0
532,FUTR_ABR_W41,RELIG,Jewish,[0.23656796 0.62454245 0.13134422 0.00754537],0.008116546002110916
533,FUTR_ABR_W41,RELIG,Mormon,[0.17299749 0.60006319 0.10915032 0.11778901],0.0
534,FUTR_ABR_W41,RELIG,Muslim,[0.0391805  0.65366642 0.30715308 0.        ],0.13525250663206445
535,FUTR_ABR_W41,RELIG,Nothing in particular,[0.20363785 0.56690231 0.14477407 0.08468577],0.009533691809285068
536,FUTR_ABR_W41,RELIG,Orthodox,[0.39081946 0.39964341 0.20953712 0.        ],0.0
537,FUTR_ABR_W41,RELIG,Other,[0.33393795 0.53322231 0.08950657 0.04333317],0.007412208478769347
538,FUTR_ABR_W41,RELIG,Protestant,[0.21491371 0.50134585 0.22313212 0.06060832],0.015509995332505888
539,FUTR_ABR_W41,RELIG,Roman Catholic,[0.23167077 0.57822367 0.1503627  0.03974286],0.029044116473827927
540,GOVPRIOiF1_W41,RELIG,Agnostic,[0.48008224 0.40923971 0.11067806 0.        ],0.0
541,GOVPRIOiF1_W41,RELIG,Atheist,[0.34232979 0.61651295 0.04115726 0.        ],0.0
542,GOVPRIOiF1_W41,RELIG,Buddhist,[0.57449795 0.         0.42550205 0.        ],0.0
543,GOVPRIOiF1_W41,RELIG,Hindu,[0.61739736 0.         0.38260264 0.        ],0.0
544,GOVPRIOiF1_W41,RELIG,Jewish,[0.33092988 0.35933513 0.27341065 0.03632434],0.0
545,GOVPRIOiF1_W41,RELIG,Mormon,[0.08994791 0.61743417 0.22974407 0.06287384],0.0
546,GOVPRIOiF1_W41,RELIG,Muslim,[0.44147108 0.23516427 0.32336465 0.        ],0.0
547,GOVPRIOiF1_W41,RELIG,Nothing in particular,[0.29024997 0.56142411 0.14317402 0.0051519 ],0.0
548,GOVPRIOiF1_W41,RELIG,Orthodox,[0.74113509 0.14372053 0.11514438 0.        ],0.0
549,GOVPRIOiF1_W41,RELIG,Other,[0.33077429 0.56933635 0.         0.09988936],0.0
550,GOVPRIOiF1_W41,RELIG,Protestant,[0.38942359 0.48259927 0.12185009 0.00612705],0.0
551,GOVPRIOiF1_W41,RELIG,Roman Catholic,[0.29684547 0.59397588 0.09732334 0.01185531],0.0
552,HAPPENj_W41,RELIG,Agnostic,[0.68325092 0.31674908],0.03341700841536452
553,HAPPENj_W41,RELIG,Atheist,[0.71119816 0.28880184],0.022580177450669755
554,HAPPENj_W41,RELIG,Buddhist,[0.59396956 0.40603044],0.016802889703378978
555,HAPPENj_W41,RELIG,Hindu,[0.34304955 0.65695045],0.0
556,HAPPENj_W41,RELIG,Jewish,[0.46689518 0.53310482],0.1569887770333555
557,HAPPENj_W41,RELIG,Mormon,[0.68409412 0.31590588],0.21628590278171744
558,HAPPENj_W41,RELIG,Muslim,[0.8921947 0.1078053],0.24978810605181237
559,HAPPENj_W41,RELIG,Nothing in particular,[0.70520459 0.29479541],0.11552084039523972
560,HAPPENj_W41,RELIG,Orthodox,[1. 0.],0.10892889565038437
561,HAPPENj_W41,RELIG,Other,[0.69980224 0.30019776],0.056395348626573444
562,HAPPENj_W41,RELIG,Protestant,[0.74900835 0.25099165],0.08949133058925593
563,HAPPENj_W41,RELIG,Roman Catholic,[0.68593249 0.31406751],0.11519782194426048
564,AUTOWKPLC_W41,RELIG,Agnostic,[0.17670447 0.47832768 0.34496784],0.0
565,AUTOWKPLC_W41,RELIG,Atheist,[0.23265602 0.31738982 0.44995416],0.0
566,AUTOWKPLC_W41,RELIG,Buddhist,[0.        0.3409986 0.6590014],0.0
567,AUTOWKPLC_W41,RELIG,Hindu,[0.48101595 0.48303247 0.03595157],0.0
568,AUTOWKPLC_W41,RELIG,Jewish,[0.21929463 0.49924515 0.28146022],0.007733983151560329
569,AUTOWKPLC_W41,RELIG,Mormon,[0.24033115 0.59509564 0.16457321],0.0
570,AUTOWKPLC_W41,RELIG,Muslim,[0.20262911 0.53644394 0.26092695],0.0
571,AUTOWKPLC_W41,RELIG,Nothing in particular,[0.23874953 0.46221303 0.29903744],0.01630020419578671
572,AUTOWKPLC_W41,RELIG,Orthodox,[0.         0.59510183 0.40489817],0.0
573,AUTOWKPLC_W41,RELIG,Other,[0.10591698 0.61495379 0.27912923],0.021289982709038504
574,AUTOWKPLC_W41,RELIG,Protestant,[0.22851333 0.52504259 0.24644408],0.009066790478266773
575,AUTOWKPLC_W41,RELIG,Roman Catholic,[0.23552037 0.4787045  0.28577513],0.0054093992241332385
576,WRKTRN1F2_W41,RELIG,Agnostic,[0.10967076 0.06717506 0.63257343 0.19058075],0.015735555911286583
577,WRKTRN1F2_W41,RELIG,Atheist,[0.10067052 0.0167501  0.69308981 0.18948957],0.0
578,WRKTRN1F2_W41,RELIG,Buddhist,[0.         0.32617423 0.67382577 0.        ],0.0
579,WRKTRN1F2_W41,RELIG,Hindu,[0.09378079 0.         0.28463892 0.62158029],0.0
580,WRKTRN1F2_W41,RELIG,Jewish,[0.02226257 0.         0.7826344  0.19510303],0.0
581,WRKTRN1F2_W41,RELIG,Mormon,[0.         0.         0.61722138 0.38277862],0.0
582,WRKTRN1F2_W41,RELIG,Muslim,[0.3317569  0.14510963 0.49148128 0.03165219],0.0
583,WRKTRN1F2_W41,RELIG,Nothing in particular,[0.12675685 0.08343342 0.55233165 0.23747807],0.00521342236299969
584,WRKTRN1F2_W41,RELIG,Orthodox,[0.41435064 0.         0.44543648 0.14021288],0.0
585,WRKTRN1F2_W41,RELIG,Other,[0.1504506  0.         0.57085048 0.27869893],0.0
586,WRKTRN1F2_W41,RELIG,Protestant,[0.07755715 0.03658678 0.45556688 0.43028918],0.010798210196779748
587,WRKTRN1F2_W41,RELIG,Roman Catholic,[0.08886624 0.03931828 0.54262325 0.32919223],0.0
588,HARASS1F1d_W41,RELIG,Agnostic,[0.75949307 0.20833127 0.03217565],0.0
589,HARASS1F1d_W41,RELIG,Atheist,[0.73540824 0.23114189 0.03344987],0.0
590,HARASS1F1d_W41,RELIG,Buddhist,[0.35921664 0.28718783 0.35359553],0.0
591,HARASS1F1d_W41,RELIG,Hindu,[0.2698865  0.38260264 0.34751085],0.0
592,HARASS1F1d_W41,RELIG,Jewish,[0.92359629 0.03752928 0.03887443],0.0
593,HARASS1F1d_W41,RELIG,Mormon,[0.56046945 0.25428586 0.18524469],0.0
594,HARASS1F1d_W41,RELIG,Muslim,[0.8754866 0.1245134 0.       ],0.0
595,HARASS1F1d_W41,RELIG,Nothing in particular,[0.56909098 0.32799328 0.10291574],0.0
596,HARASS1F1d_W41,RELIG,Orthodox,[0.39187989 0.60812011 0.        ],0.0
597,HARASS1F1d_W41,RELIG,Other,[0.65938689 0.20789969 0.13271342],0.0
598,HARASS1F1d_W41,RELIG,Protestant,[0.54698773 0.37498586 0.07802642],0.0031261368910922424
599,HARASS1F1d_W41,RELIG,Roman Catholic,[0.61359021 0.31744922 0.06896057],0.013870688891094626
600,HAPPEN2g_W41,RELIG,Agnostic,[0.43407304 0.3675034  0.17732288 0.02110068],0.0
601,HAPPEN2g_W41,RELIG,Atheist,[0.3351139  0.55098667 0.08869342 0.02520601],0.0
602,HAPPEN2g_W41,RELIG,Buddhist,[0.22231886 0.51768093 0.26000021 0.        ],0.0
603,HAPPEN2g_W41,RELIG,Hindu,[0.04670476 0.47245227 0.42948353 0.05135945],0.0
604,HAPPEN2g_W41,RELIG,Jewish,[0.20881939 0.57476577 0.10724751 0.10916733],0.0
605,HAPPEN2g_W41,RELIG,Mormon,[0.21034352 0.63883141 0.09396182 0.05686325],0.0
606,HAPPEN2g_W41,RELIG,Muslim,[0.22304676 0.61477995 0.16217329 0.        ],0.0
607,HAPPEN2g_W41,RELIG,Nothing in particular,[0.31051626 0.48242707 0.15088595 0.05617071],0.0
608,HAPPEN2g_W41,RELIG,Orthodox,[0.22482237 0.77517763 0.         0.        ],0.0
609,HAPPEN2g_W41,RELIG,Other,[0.32562098 0.41081055 0.20470729 0.05886117],0.0
610,HAPPEN2g_W41,RELIG,Protestant,[0.33641046 0.51437637 0.1217052  0.02750796],0.005537084246427087
611,HAPPEN2g_W41,RELIG,Roman Catholic,[0.36705686 0.49948362 0.12329303 0.0101665 ],0.002374110454019816
612,FTRWORRYd_W41,RELIG,Agnostic,[0.57797765 0.34395884 0.06410837 0.01395514],0.0
613,FTRWORRYd_W41,RELIG,Atheist,[0.66118419 0.27371996 0.06509585 0.        ],0.0
614,FTRWORRYd_W41,RELIG,Buddhist,[0.38016377 0.52110754 0.09872869 0.        ],0.0
615,FTRWORRYd_W41,RELIG,Hindu,[0.37329761 0.37006479 0.20527815 0.05135945],0.0
616,FTRWORRYd_W41,RELIG,Jewish,[0.4626325  0.42753094 0.10983655 0.        ],0.00773398315156033
617,FTRWORRYd_W41,RELIG,Mormon,[0.49214577 0.41135752 0.07469934 0.02179737],0.0
618,FTRWORRYd_W41,RELIG,Muslim,[0.33719984 0.60991575 0.0528844  0.        ],0.0
619,FTRWORRYd_W41,RELIG,Nothing in particular,[0.47889771 0.38739911 0.09876787 0.03493531],0.000528816893788587
620,FTRWORRYd_W41,RELIG,Orthodox,[0.52625988 0.31805384 0.15568628 0.        ],0.0
621,FTRWORRYd_W41,RELIG,Other,[0.62938993 0.28977821 0.05435219 0.02647966],0.0
622,FTRWORRYd_W41,RELIG,Protestant,[0.43811128 0.41661123 0.12182657 0.02345091],0.0031877722250455943
623,FTRWORRYd_W41,RELIG,Roman Catholic,[0.44829783 0.42245551 0.11566632 0.01358034],0.0010692206458017654
624,GOVPRIOe_W41,RELIG,Agnostic,[0.65929548 0.23468576 0.09027439 0.01574437],0.0
625,GOVPRIOe_W41,RELIG,Atheist,[0.66804092 0.25329785 0.07866123 0.        ],0.0
626,GOVPRIOe_W41,RELIG,Buddhist,[0.57126476 0.11803078 0.31070446 0.        ],0.0
627,GOVPRIOe_W41,RELIG,Hindu,[0.58373301 0.16701445 0.05263963 0.19661291],0.0
628,GOVPRIOe_W41,RELIG,Jewish,[0.45842593 0.33758425 0.13533871 0.06865111],0.0
629,GOVPRIOe_W41,RELIG,Mormon,[0.2273524  0.42134992 0.21391252 0.13738516],0.0
630,GOVPRIOe_W41,RELIG,Muslim,[0.67292737 0.26492412 0.06214851 0.        ],0.0
631,GOVPRIOe_W41,RELIG,Nothing in particular,[0.43763151 0.36457263 0.15140862 0.04638724],0.0
632,GOVPRIOe_W41,RELIG,Orthodox,[0.50320145 0.         0.34111227 0.15568628],0.0
633,GOVPRIOe_W41,RELIG,Other,[0.59055917 0.30382282 0.07913835 0.02647966],0.0
634,GOVPRIOe_W41,RELIG,Protestant,[0.35375514 0.39812262 0.16884331 0.07927893],0.0075162550816912635
635,GOVPRIOe_W41,RELIG,Roman Catholic,[0.40311776 0.42913709 0.12624892 0.04149623],0.0032895921854571596
636,HAPPENa_W41,RELIG,Agnostic,[0.37129316 0.62870684],0.04896252600504428
637,HAPPENa_W41,RELIG,Atheist,[0.29787445 0.70212555],0.017848203364512795
638,HAPPENa_W41,RELIG,Buddhist,[0.67711817 0.32288183],0.0
639,HAPPENa_W41,RELIG,Hindu,[0.70011696 0.29988304],0.0
640,HAPPENa_W41,RELIG,Jewish,[0.46020319 0.53979681],0.07293579744237823
641,HAPPENa_W41,RELIG,Mormon,[0.35896377 0.64103623],0.0
642,HAPPENa_W41,RELIG,Muslim,[0.37710032 0.62289968],0.30058591717796823
643,HAPPENa_W41,RELIG,Nothing in particular,[0.41779394 0.58220606],0.09213632941172106
644,HAPPENa_W41,RELIG,Orthodox,[0.4103664 0.5896336],0.0
645,HAPPENa_W41,RELIG,Other,[0.33728671 0.66271329],0.07149944622032896
646,HAPPENa_W41,RELIG,Protestant,[0.4143781 0.5856219],0.08499265576863839
647,HAPPENa_W41,RELIG,Roman Catholic,[0.46409281 0.53590719],0.10951740421367964
648,SOLVPROBdF1_W41,RELIG,Agnostic,[0.01085599 0.39204513 0.33831144 0.25878744],0.019205777359667837
649,SOLVPROBdF1_W41,RELIG,Atheist,[0.01140163 0.51332964 0.30632086 0.16894786],0.0
650,SOLVPROBdF1_W41,RELIG,Buddhist,[0.         0.02351071 0.79438629 0.182103  ],0.10284217031530961
651,SOLVPROBdF1_W41,RELIG,Hindu,[0.45860146 0.1587959  0.38260264 0.        ],0.0
652,SOLVPROBdF1_W41,RELIG,Jewish,[0.13337297 0.18640613 0.32855955 0.35166135],0.023028669151205057
653,SOLVPROBdF1_W41,RELIG,Mormon,[0.24083806 0.28445644 0.21921518 0.25549032],0.0
654,SOLVPROBdF1_W41,RELIG,Muslim,[0.32711467 0.3438724  0.17472286 0.15429007],0.0
655,SOLVPROBdF1_W41,RELIG,Nothing in particular,[0.05212786 0.32021206 0.40096935 0.22669072],0.0030918154045508177
656,SOLVPROBdF1_W41,RELIG,Orthodox,[0. 0. 1. 0.],0.0
657,SOLVPROBdF1_W41,RELIG,Other,[0.06263036 0.3874573  0.24998274 0.2999296 ],0.0
658,SOLVPROBdF1_W41,RELIG,Protestant,[0.07515375 0.35874543 0.36846133 0.19763948],0.008496457908582703
659,SOLVPROBdF1_W41,RELIG,Roman Catholic,[0.09838518 0.41011085 0.3502871  0.14121688],0.007475776983022542
660,HAPPEN2a_W41,RELIG,Agnostic,[0.12105335 0.44350188 0.41966116 0.01578361],0.0017505107352999115
661,HAPPEN2a_W41,RELIG,Atheist,[0.07220099 0.37449169 0.5252459  0.02806142],0.000714845321647979
662,HAPPEN2a_W41,RELIG,Buddhist,[0.13014738 0.3119199  0.47600692 0.0819258 ],0.0
663,HAPPEN2a_W41,RELIG,Hindu,[0.16498102 0.10936615 0.51363205 0.21202079],0.0
664,HAPPEN2a_W41,RELIG,Jewish,[0.08086039 0.44500771 0.34090434 0.13322756],0.03800851071736061
665,HAPPEN2a_W41,RELIG,Mormon,[0.18569577 0.39697229 0.34322358 0.07410837],0.0
666,HAPPEN2a_W41,RELIG,Muslim,[0.07509893 0.29951635 0.49013221 0.13525251],0.0
667,HAPPEN2a_W41,RELIG,Nothing in particular,[0.14342337 0.47910578 0.31962686 0.05784398],0.011774241114736454
668,HAPPEN2a_W41,RELIG,Orthodox,[0.         0.64348444 0.35651556 0.        ],0.0
669,HAPPEN2a_W41,RELIG,Other,[0.14176773 0.42667093 0.40254963 0.02901171],0.007412208478769349
670,HAPPEN2a_W41,RELIG,Protestant,[0.12380433 0.53983345 0.30047054 0.03589167],0.005447166031444409
671,HAPPEN2a_W41,RELIG,Roman Catholic,[0.09699958 0.48148935 0.3837194  0.03779167],0.014296111719342051
672,HAPPEN2h_W41,RELIG,Agnostic,[0.04416773 0.36051557 0.57899716 0.01631954],0.0
673,HAPPEN2h_W41,RELIG,Atheist,[0.04418644 0.3103021  0.5644403  0.08107116],0.004865028645583401
674,HAPPEN2h_W41,RELIG,Buddhist,[0.         0.38290803 0.46423242 0.15285955],0.0
675,HAPPEN2h_W41,RELIG,Hindu,[0.         0.46954375 0.45070364 0.07975261],0.0
676,HAPPEN2h_W41,RELIG,Jewish,[0.1982572  0.52413891 0.17968719 0.0979167 ],0.015850529153671248
677,HAPPEN2h_W41,RELIG,Mormon,[0.         0.53261739 0.37825221 0.0891304 ],0.0
678,HAPPEN2h_W41,RELIG,Muslim,[0.        0.3257803 0.5174877 0.156732 ],0.0
679,HAPPEN2h_W41,RELIG,Nothing in particular,[0.0426291  0.28279906 0.53068266 0.14388918],0.007963410223693968
680,HAPPEN2h_W41,RELIG,Orthodox,[0.         0.3254306  0.58266902 0.09190038],0.0
681,HAPPEN2h_W41,RELIG,Other,[0.02858244 0.46080835 0.49100067 0.01960854],0.006605803934374965
682,HAPPEN2h_W41,RELIG,Protestant,[0.0964008  0.33661919 0.49237095 0.07460907],0.009496781447708309
683,HAPPEN2h_W41,RELIG,Roman Catholic,[0.06073632 0.27263178 0.56571604 0.10091585],0.0056216632336602785
684,SSCUT_W41,RELIG,Agnostic,[0.20986993 0.79013007],0.0
685,SSCUT_W41,RELIG,Atheist,[0.3193418 0.6806582],0.0033177446174341724
686,SSCUT_W41,RELIG,Buddhist,[0.56967243 0.43032757],0.0
687,SSCUT_W41,RELIG,Hindu,[0.34186601 0.65813399],0.0
688,SSCUT_W41,RELIG,Jewish,[0.29529824 0.70470176],0.0
689,SSCUT_W41,RELIG,Mormon,[0.23528761 0.76471239],0.0
690,SSCUT_W41,RELIG,Muslim,[0.18669528 0.81330472],0.0
691,SSCUT_W41,RELIG,Nothing in particular,[0.25345498 0.74654502],0.007044157390742348
692,SSCUT_W41,RELIG,Orthodox,[0. 1.],0.0
693,SSCUT_W41,RELIG,Other,[0.07734064 0.92265936],0.007412208478769349
694,SSCUT_W41,RELIG,Protestant,[0.25960727 0.74039273],0.00618358229596623
695,SSCUT_W41,RELIG,Roman Catholic,[0.25153093 0.74846907],0.02161550653086796
696,FUTR_DIV_W41,RELIG,Agnostic,[0.22463689 0.13143653 0.64392658],0.0
697,FUTR_DIV_W41,RELIG,Atheist,[0.20735733 0.16929521 0.62334746],0.0
698,FUTR_DIV_W41,RELIG,Buddhist,[0.05169243 0.0819258  0.86638177],0.0
699,FUTR_DIV_W41,RELIG,Hindu,[0.17253943 0.05135945 0.77610113],0.0
700,FUTR_DIV_W41,RELIG,Jewish,[0.18817706 0.17741885 0.63440409],0.0
701,FUTR_DIV_W41,RELIG,Mormon,[0.33009182 0.09766531 0.57224287],0.0
702,FUTR_DIV_W41,RELIG,Muslim,[0.4973975 0.1255792 0.3770233],0.13525250663206445
703,FUTR_DIV_W41,RELIG,Nothing in particular,[0.30648658 0.11722955 0.57628387],0.012710552299394119
704,FUTR_DIV_W41,RELIG,Orthodox,[0.31125453 0.         0.68874547],0.0
705,FUTR_DIV_W41,RELIG,Other,[0.23117191 0.05809594 0.71073216],0.0
706,FUTR_DIV_W41,RELIG,Protestant,[0.30597974 0.10559419 0.58842607],0.01718696459123021
707,FUTR_DIV_W41,RELIG,Roman Catholic,[0.32462278 0.12877754 0.54659968],0.009380545248716723
708,ELDFINANCEF1_W41,RELIG,Agnostic,[0.26446264 0.21893488 0.51660248],0.0
709,ELDFINANCEF1_W41,RELIG,Atheist,[0.38517621 0.25548486 0.35933893],0.0
710,ELDFINANCEF1_W41,RELIG,Buddhist,[0.55173962 0.17474869 0.27351169],0.0
711,ELDFINANCEF1_W41,RELIG,Hindu,[0.34751085 0.2698865  0.38260264],0.0
712,ELDFINANCEF1_W41,RELIG,Jewish,[0.34900053 0.30759506 0.34340441],0.023028669151205057
713,ELDFINANCEF1_W41,RELIG,Mormon,[0.17614098 0.27516598 0.54869304],0.0
714,ELDFINANCEF1_W41,RELIG,Muslim,[0.46559946 0.23516427 0.29923627],0.0
715,ELDFINANCEF1_W41,RELIG,Nothing in particular,[0.37646285 0.25258328 0.37095386],0.011523328536689421
716,ELDFINANCEF1_W41,RELIG,Orthodox,[0.13301498 0.11514438 0.75184064],0.0
717,ELDFINANCEF1_W41,RELIG,Other,[0.09722933 0.45096387 0.45180681],0.0
718,ELDFINANCEF1_W41,RELIG,Protestant,[0.37997299 0.25720224 0.36282477],0.010073412398367365
719,ELDFINANCEF1_W41,RELIG,Roman Catholic,[0.35073103 0.36017709 0.28909188],0.00254060194929757
720,ENVC_W41,RELIG,Agnostic,[0.1172667  0.78480015 0.09793315],0.0
721,ENVC_W41,RELIG,Atheist,[0.08660787 0.86273056 0.05066157],0.0
722,ENVC_W41,RELIG,Buddhist,[0.14826416 0.7808021  0.07093374],0.0
723,ENVC_W41,RELIG,Hindu,[0.05135945 0.78966113 0.15897942],0.0
724,ENVC_W41,RELIG,Jewish,[0.13997485 0.62973707 0.23028808],0.008116546002110916
725,ENVC_W41,RELIG,Mormon,[0.17620096 0.48104355 0.34275549],0.0
726,ENVC_W41,RELIG,Muslim,[0.4285568  0.40016848 0.17127471],0.0
727,ENVC_W41,RELIG,Nothing in particular,[0.14548038 0.63486997 0.21964964],0.007215912426306976
728,ENVC_W41,RELIG,Orthodox,[0.15568628 0.45368033 0.39063338],0.0
729,ENVC_W41,RELIG,Other,[0.16695767 0.64750158 0.18554075],0.0
730,ENVC_W41,RELIG,Protestant,[0.15418972 0.49903992 0.34677037],0.0027821038128588026
731,ENVC_W41,RELIG,Roman Catholic,[0.22175858 0.53701838 0.24122304],0.0010692206458017654
732,GOVPRIOa_W41,RELIG,Agnostic,[0.37749544 0.49667049 0.12583407 0.        ],0.0
733,GOVPRIOa_W41,RELIG,Atheist,[0.31174269 0.48329802 0.17397585 0.03098344],0.0
734,GOVPRIOa_W41,RELIG,Buddhist,[0.32291196 0.67708804 0.         0.        ],0.0
735,GOVPRIOa_W41,RELIG,Hindu,[0.43059193 0.40874673 0.16066134 0.        ],0.0
736,GOVPRIOa_W41,RELIG,Jewish,[0.31159483 0.52501852 0.15236125 0.01102539],0.0
737,GOVPRIOa_W41,RELIG,Mormon,[0.71113591 0.27682542 0.01203867 0.        ],0.0
738,GOVPRIOa_W41,RELIG,Muslim,[0.34918725 0.5666018  0.0616512  0.02255975],0.0
739,GOVPRIOa_W41,RELIG,Nothing in particular,[0.44029446 0.45109505 0.09796543 0.01064506],0.0016377297462081793
740,GOVPRIOa_W41,RELIG,Orthodox,[0.65904843 0.34095157 0.         0.        ],0.11589347752482919
741,GOVPRIOa_W41,RELIG,Other,[0.43732845 0.4207022  0.11106989 0.03089946],0.0
742,GOVPRIOa_W41,RELIG,Protestant,[0.56062189 0.37630169 0.05832783 0.00474859],0.004489209830994558
743,GOVPRIOa_W41,RELIG,Roman Catholic,[0.541767   0.38712005 0.06189494 0.009218  ],0.005572583378643179
744,ELDFINANCEF2_W41,RELIG,Agnostic,[0.10321924 0.60940137 0.28737939],0.007349864374805277
745,ELDFINANCEF2_W41,RELIG,Atheist,[0.02395862 0.57763858 0.3984028 ],0.012287723651977363
746,ELDFINANCEF2_W41,RELIG,Buddhist,[0.49772004 0.50227996 0.        ],0.0
747,ELDFINANCEF2_W41,RELIG,Hindu,[0.         0.52912803 0.47087197],0.0
748,ELDFINANCEF2_W41,RELIG,Jewish,[0.11151007 0.66723471 0.22125522],0.033465084888205106
749,ELDFINANCEF2_W41,RELIG,Mormon,[0.08711623 0.45217978 0.46070399],0.0
750,ELDFINANCEF2_W41,RELIG,Muslim,[0.         0.57623278 0.42376722],0.0
751,ELDFINANCEF2_W41,RELIG,Nothing in particular,[0.13745545 0.60977049 0.25277406],0.02482475373779012
752,ELDFINANCEF2_W41,RELIG,Orthodox,[0.         0.56013996 0.43986004],0.2792431050785106
753,ELDFINANCEF2_W41,RELIG,Other,[0.12852678 0.73898743 0.13248579],0.053193574666288386
754,ELDFINANCEF2_W41,RELIG,Protestant,[0.16648101 0.54090805 0.29261094],0.025188714984183853
755,ELDFINANCEF2_W41,RELIG,Roman Catholic,[0.19589502 0.50602894 0.29807604],0.018701630717412845
756,HAPPENg_W41,RELIG,Agnostic,[0.71110901 0.28889099],0.0395362576208154
757,HAPPENg_W41,RELIG,Atheist,[0.79546861 0.20453139],0.0027139954273614547
758,HAPPENg_W41,RELIG,Buddhist,[0.35342912 0.64657088],0.08192580134245714
759,HAPPENg_W41,RELIG,Hindu,[0.45634876 0.54365124],0.0
760,HAPPENg_W41,RELIG,Jewish,[0.45199818 0.54800182],0.10673547482642987
761,HAPPENg_W41,RELIG,Mormon,[0.16883874 0.83116126],0.01037901070071277
762,HAPPENg_W41,RELIG,Muslim,[0.70326513 0.29673487],0.3816261509891338
763,HAPPENg_W41,RELIG,Nothing in particular,[0.54438941 0.45561059],0.11453007922649668
764,HAPPENg_W41,RELIG,Orthodox,[0.33546041 0.66453959],0.10892889565038438
765,HAPPENg_W41,RELIG,Other,[0.43439067 0.56560933],0.0141628531725359
766,HAPPENg_W41,RELIG,Protestant,[0.50000915 0.49999085],0.09034092979786708
767,HAPPENg_W41,RELIG,Roman Catholic,[0.51592199 0.48407801],0.11182805596455102
768,OPTIMIST_W41,RELIG,Agnostic,[0.06083271 0.32110229 0.42020444 0.19786056],0.0
769,OPTIMIST_W41,RELIG,Atheist,[0.07317831 0.27429984 0.45496889 0.19755296],0.0
770,OPTIMIST_W41,RELIG,Buddhist,[0.0819258  0.69575534 0.18742932 0.03488954],0.0
771,OPTIMIST_W41,RELIG,Hindu,[0.21202079 0.52287629 0.21839816 0.04670476],0.0
772,OPTIMIST_W41,RELIG,Jewish,[0.03995797 0.39751981 0.47215854 0.09036368],0.0
773,OPTIMIST_W41,RELIG,Mormon,[0.18573795 0.3763041  0.24754347 0.19041447],0.0
774,OPTIMIST_W41,RELIG,Muslim,[0.1145356  0.55222968 0.33323472 0.        ],0.0
775,OPTIMIST_W41,RELIG,Nothing in particular,[0.14209851 0.47409985 0.24363772 0.14016393],0.0
776,OPTIMIST_W41,RELIG,Orthodox,[0.09190038 0.55101274 0.2411934  0.11589348],0.0
777,OPTIMIST_W41,RELIG,Other,[0.07472119 0.41420079 0.31193809 0.19913992],0.0
778,OPTIMIST_W41,RELIG,Protestant,[0.11044377 0.45500488 0.30819564 0.12635571],0.006010420160013291
779,OPTIMIST_W41,RELIG,Roman Catholic,[0.15048861 0.46619198 0.3029392  0.08038022],0.0005319330696511401
780,JOBBENEFITS_W41,RELIG,Agnostic,[0.2067039  0.4724176  0.32087849],0.013203764685560906
781,JOBBENEFITS_W41,RELIG,Atheist,[0.18811038 0.48568513 0.32620449],0.0
782,JOBBENEFITS_W41,RELIG,Buddhist,[0.25041946 0.22231886 0.52726168],0.0
783,JOBBENEFITS_W41,RELIG,Hindu,[0.54401625 0.27622938 0.17975437],0.0
784,JOBBENEFITS_W41,RELIG,Jewish,[0.21352041 0.48110385 0.30537574],0.008116546002110918
785,JOBBENEFITS_W41,RELIG,Mormon,[0.24026883 0.33730975 0.42242142],0.0
786,JOBBENEFITS_W41,RELIG,Muslim,[0.49951645 0.34226527 0.15821828],0.0
787,JOBBENEFITS_W41,RELIG,Nothing in particular,[0.23443446 0.4422953  0.32327024],0.004622446778742994
788,JOBBENEFITS_W41,RELIG,Orthodox,[0.1089289  0.43394732 0.45712379],0.0
789,JOBBENEFITS_W41,RELIG,Other,[0.14305123 0.53175816 0.32519061],0.0
790,JOBBENEFITS_W41,RELIG,Protestant,[0.22375921 0.37868384 0.39755695],0.006052938178896311
791,JOBBENEFITS_W41,RELIG,Roman Catholic,[0.24118357 0.39001853 0.3687979 ],0.012413035505392585
792,AUTOLKLY_W41,RELIG,Agnostic,[0.15678225 0.1682423  0.45835026 0.21662519],0.0
793,AUTOLKLY_W41,RELIG,Atheist,[0.05093515 0.21316634 0.45364592 0.28225258],0.0
794,AUTOLKLY_W41,RELIG,Buddhist,[0.08199032 0.         0.50899469 0.40901499],0.0
795,AUTOLKLY_W41,RELIG,Hindu,[0.1433469  0.22992945 0.62672365 0.        ],0.0
796,AUTOLKLY_W41,RELIG,Jewish,[0.12557875 0.04166914 0.44054902 0.39220309],0.0
797,AUTOLKLY_W41,RELIG,Mormon,[0.07928818 0.09985778 0.50803624 0.3128178 ],0.0
798,AUTOLKLY_W41,RELIG,Muslim,[0.14103274 0.22752621 0.35833756 0.27310349],0.0
799,AUTOLKLY_W41,RELIG,Nothing in particular,[0.12150407 0.27828934 0.34770299 0.2525036 ],0.00975186586189542
800,AUTOLKLY_W41,RELIG,Orthodox,[0.35260919 0.16783043 0.23987112 0.23968925],0.0
801,AUTOLKLY_W41,RELIG,Other,[0.13327714 0.3411331  0.38897923 0.13661054],0.0
802,AUTOLKLY_W41,RELIG,Protestant,[0.10465142 0.25171695 0.38866097 0.25497066],0.0004347695598302831
803,AUTOLKLY_W41,RELIG,Roman Catholic,[0.13140419 0.31061244 0.33491097 0.2230724 ],0.013119007692467995
804,SOLVPROBa_W41,RELIG,Agnostic,[0.70178467 0.29821533 0.         0.        ],0.0
805,SOLVPROBa_W41,RELIG,Atheist,[0.6818197  0.29970558 0.01847472 0.        ],0.006378677159519315
806,SOLVPROBa_W41,RELIG,Buddhist,[0.40639996 0.52726168 0.06633836 0.        ],0.0
807,SOLVPROBa_W41,RELIG,Hindu,[0.40877284 0.07038822 0.22358975 0.29724919],0.0
808,SOLVPROBa_W41,RELIG,Jewish,[0.71655511 0.28344489 0.         0.        ],0.09636466965462713
809,SOLVPROBa_W41,RELIG,Mormon,[0.38820424 0.58920131 0.02259445 0.        ],0.0
810,SOLVPROBa_W41,RELIG,Muslim,[0.4595973  0.31657821 0.03834169 0.1854828 ],0.0
811,SOLVPROBa_W41,RELIG,Nothing in particular,[0.45083972 0.41030111 0.07893086 0.05992831],0.008100048334276244
812,SOLVPROBa_W41,RELIG,Orthodox,[0.15568628 0.54539463 0.29891908 0.        ],0.0
813,SOLVPROBa_W41,RELIG,Other,[0.34419163 0.58173175 0.06747081 0.0066058 ],0.0
814,SOLVPROBa_W41,RELIG,Protestant,[0.31255409 0.53265622 0.11654418 0.03824552],0.02184443687523915
815,SOLVPROBa_W41,RELIG,Roman Catholic,[0.4670566  0.42663577 0.07964345 0.02666418],0.018579147511475668
816,SOLVPROBi_W41,RELIG,Agnostic,[0.30255504 0.59882736 0.08767056 0.01094704],0.002831181232616911
817,SOLVPROBi_W41,RELIG,Atheist,[0.23699114 0.64401017 0.08112538 0.03787331],0.0011293818883466242
818,SOLVPROBi_W41,RELIG,Buddhist,[0.29305547 0.41182752 0.29511701 0.        ],0.0
819,SOLVPROBi_W41,RELIG,Hindu,[0.29400408 0.34581832 0.22358975 0.13658785],0.0
820,SOLVPROBi_W41,RELIG,Jewish,[0.25264045 0.50657255 0.09860801 0.142179  ],0.00773398315156033
821,SOLVPROBi_W41,RELIG,Mormon,[0.19472065 0.70415776 0.06605571 0.03506588],0.0
822,SOLVPROBi_W41,RELIG,Muslim,[0.22819951 0.547976   0.22382449 0.        ],0.0
823,SOLVPROBi_W41,RELIG,Nothing in particular,[0.25553884 0.51247476 0.1726684  0.059318  ],0.006464041406952883
824,SOLVPROBi_W41,RELIG,Orthodox,[0.1089289  0.79571764 0.09535347 0.        ],0.0
825,SOLVPROBi_W41,RELIG,Other,[0.29073558 0.45667378 0.24215441 0.01043623],0.011820940284533253
826,SOLVPROBi_W41,RELIG,Protestant,[0.2244699  0.51667962 0.20716817 0.05168231],0.018112221662174886
827,SOLVPROBi_W41,RELIG,Roman Catholic,[0.27730083 0.53511933 0.15794289 0.02963695],0.014887658604561057
828,HAPPEN2b_W41,RELIG,Agnostic,[0.33105421 0.46051433 0.19522151 0.01320995],0.0
829,HAPPEN2b_W41,RELIG,Atheist,[0.40448355 0.3930205  0.20249595 0.        ],0.0
830,HAPPEN2b_W41,RELIG,Buddhist,[0.13014738 0.61483777 0.17308905 0.0819258 ],0.0
831,HAPPEN2b_W41,RELIG,Hindu,[0.35066634 0.56202264 0.03595157 0.05135945],0.0
832,HAPPEN2b_W41,RELIG,Jewish,[0.13790922 0.4401185  0.31280496 0.10916733],0.0
833,HAPPEN2b_W41,RELIG,Mormon,[0.2293699  0.41319015 0.33564258 0.02179737],0.0
834,HAPPEN2b_W41,RELIG,Muslim,[0.0469431  0.54749319 0.40556371 0.        ],0.0
835,HAPPEN2b_W41,RELIG,Nothing in particular,[0.22953389 0.45980828 0.2750138  0.03564402],0.0
836,HAPPEN2b_W41,RELIG,Orthodox,[0.09190038 0.34475144 0.56334819 0.        ],0.0
837,HAPPEN2b_W41,RELIG,Other,[0.44920026 0.46263585 0.0881639  0.        ],0.027957953360259802
838,HAPPEN2b_W41,RELIG,Protestant,[0.148965   0.47563339 0.34014615 0.03525546],0.005611545050702618
839,HAPPEN2b_W41,RELIG,Roman Catholic,[0.17307305 0.47045914 0.28427433 0.07219348],0.006139559516493832
840,HAPPEN2c_W41,RELIG,Agnostic,[0.08606723 0.4528717  0.42987597 0.0311851 ],0.011453253950260997
841,HAPPEN2c_W41,RELIG,Atheist,[0.09093473 0.48214089 0.37842826 0.04849612],0.0
842,HAPPEN2c_W41,RELIG,Buddhist,[0.0819258  0.53057078 0.38750342 0.        ],0.0
843,HAPPEN2c_W41,RELIG,Hindu,[0.09158864 0.68012883 0.22828253 0.        ],0.0467047590261124
844,HAPPEN2c_W41,RELIG,Jewish,[0.07766458 0.31917086 0.49310392 0.11006064],0.008116546002110916
845,HAPPEN2c_W41,RELIG,Mormon,[0.02179737 0.62745615 0.35074648 0.        ],0.0
846,HAPPEN2c_W41,RELIG,Muslim,[0.13711862 0.75122535 0.11165603 0.        ],0.0
847,HAPPEN2c_W41,RELIG,Nothing in particular,[0.08994827 0.46555781 0.41686818 0.02762575],0.012926626580589302
848,HAPPEN2c_W41,RELIG,Orthodox,[0.       0.593392 0.406608 0.      ],0.0
849,HAPPEN2c_W41,RELIG,Other,[0.11600365 0.45798822 0.35291646 0.07309168],0.006605803934374965
850,HAPPEN2c_W41,RELIG,Protestant,[0.0750375  0.51253605 0.35649891 0.05592755],0.00638690984540586
851,HAPPEN2c_W41,RELIG,Roman Catholic,[0.10591668 0.58033352 0.28720288 0.02654691],0.012138425166699714
852,INTRMAR_W41,RELIG,Agnostic,[0.57008749 0.124896   0.01821258 0.00464617 0.28215776],0.0
853,INTRMAR_W41,RELIG,Atheist,[0.60589232 0.08520634 0.00521589 0.         0.30368545],0.0
854,INTRMAR_W41,RELIG,Buddhist,[0.53057078 0.31656968 0.         0.         0.15285955],0.0
855,INTRMAR_W41,RELIG,Hindu,[0.20580682 0.38035357 0.16066134 0.13658785 0.11659042],0.0
856,INTRMAR_W41,RELIG,Jewish,[0.35691217 0.23313147 0.0572757  0.13827976 0.21440091],0.0
857,INTRMAR_W41,RELIG,Mormon,[0.17627309 0.41307341 0.         0.         0.4106535 ],0.0
858,INTRMAR_W41,RELIG,Muslim,[0.21357694 0.27610127 0.13727934 0.0616512  0.31139126],0.0
859,INTRMAR_W41,RELIG,Nothing in particular,[0.33202772 0.19353699 0.04717477 0.0439399  0.38332062],0.004437333086866064
860,INTRMAR_W41,RELIG,Orthodox,[0.         0.58776854 0.19056446 0.11248869 0.10917831],0.18302560452829672
861,INTRMAR_W41,RELIG,Other,[0.45173398 0.11063146 0.09047877 0.0268801  0.3202757 ],0.0
862,INTRMAR_W41,RELIG,Protestant,[0.1922095  0.1909855  0.10378548 0.03963266 0.47338685],0.006384491401816768
863,INTRMAR_W41,RELIG,Roman Catholic,[0.25831373 0.22651323 0.07683284 0.02877607 0.40956413],0.01851734474624718
864,FUTR_M_W41,RELIG,Agnostic,[0.03461001 0.5375018  0.42788819],0.0
865,FUTR_M_W41,RELIG,Atheist,[0.04249758 0.60841982 0.3490826 ],0.0
866,FUTR_M_W41,RELIG,Buddhist,[0.07225816 0.36999702 0.55774482],0.08192580134245714
867,FUTR_M_W41,RELIG,Hindu,[0.22824443 0.46093832 0.31081725],0.0
868,FUTR_M_W41,RELIG,Jewish,[0.08216276 0.4648962  0.45294104],0.00466010632596575
869,FUTR_M_W41,RELIG,Mormon,[0.05107629 0.75545017 0.19347354],0.0
870,FUTR_M_W41,RELIG,Muslim,[0.0469431  0.43012324 0.52293366],0.0
871,FUTR_M_W41,RELIG,Nothing in particular,[0.06074095 0.49532068 0.44393837],0.010242263479278042
872,FUTR_M_W41,RELIG,Orthodox,[0.        0.5258477 0.4741523],0.0
873,FUTR_M_W41,RELIG,Other,[0.0044198  0.63491765 0.36066255],0.0
874,FUTR_M_W41,RELIG,Protestant,[0.08631836 0.51597409 0.39770755],0.014237857073799499
875,FUTR_M_W41,RELIG,Roman Catholic,[0.08384477 0.55261323 0.363542  ],0.0073838730756139465
876,SSMONEY_W41,RELIG,Agnostic,[0.09340081 0.37197672 0.53462247],0.0
877,SSMONEY_W41,RELIG,Atheist,[0.1513839  0.33474017 0.51387593],0.0
878,SSMONEY_W41,RELIG,Buddhist,[0.27179949 0.56076454 0.16743597],0.0
879,SSMONEY_W41,RELIG,Hindu,[0.13451282 0.66137594 0.20411124],0.17513756931017258
880,SSMONEY_W41,RELIG,Jewish,[0.22706648 0.39910906 0.37382446],0.0
881,SSMONEY_W41,RELIG,Mormon,[0.31097556 0.37556928 0.31345516],0.0
882,SSMONEY_W41,RELIG,Muslim,[0.27174718 0.65365121 0.0746016 ],0.1406450761977141
883,SSMONEY_W41,RELIG,Nothing in particular,[0.13507812 0.39349385 0.47142804],0.008303858733677462
884,SSMONEY_W41,RELIG,Orthodox,[0.       0.821439 0.178561],0.0
885,SSMONEY_W41,RELIG,Other,[0.0807497  0.38968177 0.52956852],0.0
886,SSMONEY_W41,RELIG,Protestant,[0.18010785 0.42482484 0.3950673 ],0.008047127852575406
887,SSMONEY_W41,RELIG,Roman Catholic,[0.16992507 0.47080577 0.35926916],0.0123078194867657
888,GOVPRIOoF2_W41,RELIG,Agnostic,[0.75691911 0.15110696 0.08548837 0.00648557],0.0
889,GOVPRIOoF2_W41,RELIG,Atheist,[0.78187573 0.19019447 0.0279298  0.        ],0.0
890,GOVPRIOoF2_W41,RELIG,Buddhist,[1. 0. 0. 0.],0.0
891,GOVPRIOoF2_W41,RELIG,Hindu,[0.40474035 0.44153181 0.15372784 0.        ],0.0
892,GOVPRIOoF2_W41,RELIG,Jewish,[0.59205879 0.24453379 0.14048964 0.02291778],0.0
893,GOVPRIOoF2_W41,RELIG,Mormon,[0.36926323 0.32861703 0.26117329 0.04094646],0.0
894,GOVPRIOoF2_W41,RELIG,Muslim,[0.63825508 0.36174492 0.         0.        ],0.0
895,GOVPRIOoF2_W41,RELIG,Nothing in particular,[0.53351631 0.27882183 0.12590375 0.0617581 ],0.0
896,GOVPRIOoF2_W41,RELIG,Orthodox,[0.16619338 0.31703215 0.27924311 0.23753136],0.0
897,GOVPRIOoF2_W41,RELIG,Other,[0.70213404 0.25668828 0.04117768 0.        ],0.0
898,GOVPRIOoF2_W41,RELIG,Protestant,[0.29432699 0.34861803 0.23795354 0.11910144],0.008750803252577807
899,GOVPRIOoF2_W41,RELIG,Roman Catholic,[0.54225662 0.23632786 0.1582415  0.06317402],0.002092015475174815
900,HAPPENiF2_W41,RELIG,Agnostic,[0.41562615 0.58437385],0.011336365785960468
901,HAPPENiF2_W41,RELIG,Atheist,[0.42391495 0.57608505],0.007338794076793361
902,HAPPENiF2_W41,RELIG,Buddhist,[0.49772004 0.50227996],0.0
903,HAPPENiF2_W41,RELIG,Hindu,[0.40229967 0.59770033],0.06686429834347911
904,HAPPENiF2_W41,RELIG,Jewish,[0.50438225 0.49561775],0.0
905,HAPPENiF2_W41,RELIG,Mormon,[0.30444688 0.69555312],0.0
906,HAPPENiF2_W41,RELIG,Muslim,[0.56591029 0.43408971],0.0
907,HAPPENiF2_W41,RELIG,Nothing in particular,[0.43063732 0.56936268],0.10496595256608326
908,HAPPENiF2_W41,RELIG,Orthodox,[0.54393762 0.45606238],0.0
909,HAPPENiF2_W41,RELIG,Other,[0.2977565 0.7022435],0.014723123146985227
910,HAPPENiF2_W41,RELIG,Protestant,[0.48271824 0.51728176],0.1264586046045541
911,HAPPENiF2_W41,RELIG,Roman Catholic,[0.5005107 0.4994893],0.07291464433430511
912,HARASS1F1b_W41,RELIG,Agnostic,[0.5058356  0.259353   0.23481139],0.0
913,HARASS1F1b_W41,RELIG,Atheist,[0.3386448 0.3785842 0.282771 ],0.0
914,HARASS1F1b_W41,RELIG,Buddhist,[0.02109281 0.55340514 0.42550205],0.0
915,HARASS1F1b_W41,RELIG,Hindu,[0.61739736 0.         0.38260264],0.0
916,HARASS1F1b_W41,RELIG,Jewish,[0.49310153 0.42707122 0.07982725],0.0
917,HARASS1F1b_W41,RELIG,Mormon,[0.43269851 0.33868978 0.22861171],0.0
918,HARASS1F1b_W41,RELIG,Muslim,[0.65047932 0.23075846 0.11876222],0.0
919,HARASS1F1b_W41,RELIG,Nothing in particular,[0.5205155  0.32500634 0.15447816],0.0
920,HARASS1F1b_W41,RELIG,Orthodox,[0.86698502 0.         0.13301498],0.0
921,HARASS1F1b_W41,RELIG,Other,[0.3185561  0.50771316 0.17373074],0.0
922,HARASS1F1b_W41,RELIG,Protestant,[0.54386194 0.35767477 0.09846329],0.0012410575917254896
923,HARASS1F1b_W41,RELIG,Roman Catholic,[0.52381498 0.3707175  0.10546752],0.01274664174878475
924,FUTRCLASSc_W41,RELIG,Agnostic,[0.7336019  0.18628768 0.08011042],0.001750510735299912
925,FUTRCLASSc_W41,RELIG,Atheist,[0.72060944 0.13657633 0.14281423],0.0021221804435390458
926,FUTRCLASSc_W41,RELIG,Buddhist,[0.3516947  0.30681631 0.34148899],0.08192580134245714
927,FUTRCLASSc_W41,RELIG,Hindu,[0.86226496 0.08731102 0.05042402],0.0
928,FUTRCLASSc_W41,RELIG,Jewish,[0.57500425 0.30070832 0.12428743],0.008116546002110918
929,FUTRCLASSc_W41,RELIG,Mormon,[0.70313566 0.16701597 0.12984837],0.0
930,FUTRCLASSc_W41,RELIG,Muslim,[0.75291389 0.         0.24708611],0.0
931,FUTRCLASSc_W41,RELIG,Nothing in particular,[0.662319   0.18043949 0.15724151],0.0029330051071391585
932,FUTRCLASSc_W41,RELIG,Orthodox,[0.59396333 0.2052074  0.20082927],0.0
933,FUTRCLASSc_W41,RELIG,Other,[0.55307095 0.23896162 0.20796743],0.010951222768559353
934,FUTRCLASSc_W41,RELIG,Protestant,[0.58227861 0.18137104 0.23635035],0.005343462497689866
935,FUTRCLASSc_W41,RELIG,Roman Catholic,[0.61856804 0.1792737  0.20215826],0.00033989178283385356
936,LEGALIMG_W41,RELIG,Agnostic,[0.42200157 0.50572651 0.07227192],0.0057237308355771585
937,LEGALIMG_W41,RELIG,Atheist,[0.55352174 0.35953465 0.08694362],0.013007923128932182
938,LEGALIMG_W41,RELIG,Buddhist,[0.58470163 0.38040883 0.03488954],0.0
939,LEGALIMG_W41,RELIG,Hindu,[0.19516225 0.77644459 0.02839316],0.0
940,LEGALIMG_W41,RELIG,Jewish,[0.3218289  0.44108194 0.23708916],0.0
941,LEGALIMG_W41,RELIG,Mormon,[0.48907778 0.35701721 0.15390501],0.0
942,LEGALIMG_W41,RELIG,Muslim,[0.30587523 0.4960632  0.19806157],0.038341687540265915
943,LEGALIMG_W41,RELIG,Nothing in particular,[0.25524559 0.53358289 0.21117151],0.018604618951375364
944,LEGALIMG_W41,RELIG,Orthodox,[0.11248869 0.55508992 0.33242139],0.18302560452829672
945,LEGALIMG_W41,RELIG,Other,[0.33905812 0.46217106 0.19877082],0.013877774230269153
946,LEGALIMG_W41,RELIG,Protestant,[0.20120633 0.51328246 0.28551121],0.007319762455817347
947,LEGALIMG_W41,RELIG,Roman Catholic,[0.26130678 0.51016452 0.2285287 ],0.0031654148612723803
948,HARASS4_W41,RELIG,Agnostic,[0.56429287 0.43570713],0.0
949,HARASS4_W41,RELIG,Atheist,[0.49749792 0.50250208],0.0
950,HARASS4_W41,RELIG,Buddhist,[0.86079226 0.13920774],0.0
951,HARASS4_W41,RELIG,Hindu,[0.34742835 0.65257165],0.0
952,HARASS4_W41,RELIG,Jewish,[0.58507833 0.41492167],0.0
953,HARASS4_W41,RELIG,Mormon,[0.51267686 0.48732314],0.0
954,HARASS4_W41,RELIG,Muslim,[0.2986629 0.7013371],0.0
955,HARASS4_W41,RELIG,Nothing in particular,[0.55242859 0.44757141],0.0
956,HARASS4_W41,RELIG,Orthodox,[0.5896336 0.4103664],0.0
957,HARASS4_W41,RELIG,Other,[0.64511075 0.35488925],0.007412208478769347
958,HARASS4_W41,RELIG,Protestant,[0.50311668 0.49688332],0.007270027084812378
959,HARASS4_W41,RELIG,Roman Catholic,[0.47884537 0.52115463],0.013239461688136459
960,ETHNCMAJMOD_W41,RELIG,Agnostic,[0.35457447 0.18355632 0.08787878 0.00464617 0.36934425],0.0
961,ETHNCMAJMOD_W41,RELIG,Atheist,[0.24638187 0.16818366 0.06450107 0.04078097 0.48015243],0.0
962,ETHNCMAJMOD_W41,RELIG,Buddhist,[0.51360988 0.10122789 0.         0.         0.38516223],0.0
963,ETHNCMAJMOD_W41,RELIG,Hindu,[0.24136445 0.5334565  0.03595157 0.13658785 0.05263963],0.0
964,ETHNCMAJMOD_W41,RELIG,Jewish,[0.18120477 0.25725023 0.08854689 0.13226297 0.34073514],0.0
965,ETHNCMAJMOD_W41,RELIG,Mormon,[0.07193517 0.25160856 0.12042774 0.07501652 0.481012  ],0.0
966,ETHNCMAJMOD_W41,RELIG,Muslim,[0.13045348 0.17360536 0.19746314 0.02255975 0.47591827],0.0
967,ETHNCMAJMOD_W41,RELIG,Nothing in particular,[0.17491535 0.21427842 0.15315983 0.08339033 0.37425606],0.004737773408062902
968,ETHNCMAJMOD_W41,RELIG,Orthodox,[0.         0.04583235 0.3141363  0.3014375  0.33859385],0.0
969,ETHNCMAJMOD_W41,RELIG,Other,[0.22047892 0.22535898 0.13304204 0.03820205 0.38291801],0.0
970,ETHNCMAJMOD_W41,RELIG,Protestant,[0.13948443 0.14104205 0.1818041  0.10143784 0.43623159],0.007086492028197633
971,ETHNCMAJMOD_W41,RELIG,Roman Catholic,[0.10986017 0.21947246 0.16541549 0.06213996 0.44311192],0.012596765422897333
972,SOLVPROBf_W41,RELIG,Agnostic,[0.13750021 0.35417249 0.359572   0.14875529],0.002831181232616911
973,SOLVPROBf_W41,RELIG,Atheist,[0.10308247 0.48354641 0.23619403 0.17717709],0.009621338714328787
974,SOLVPROBf_W41,RELIG,Buddhist,[0.25816593 0.13014738 0.28168014 0.33000655],0.0
975,SOLVPROBf_W41,RELIG,Hindu,[0.05135945 0.19644243 0.53936156 0.21283656],0.0
976,SOLVPROBf_W41,RELIG,Jewish,[0.07342096 0.3993342  0.25343217 0.27381268],0.0
977,SOLVPROBf_W41,RELIG,Mormon,[0.09994699 0.26572356 0.38390785 0.2504216 ],0.0
978,SOLVPROBf_W41,RELIG,Muslim,[0.28052448 0.43258817 0.26432761 0.02255975],0.0
979,SOLVPROBf_W41,RELIG,Nothing in particular,[0.08642608 0.36096079 0.30429003 0.2483231 ],0.009704825143128072
980,SOLVPROBf_W41,RELIG,Orthodox,[0.         0.18943219 0.25647943 0.55408838],0.18302560452829672
981,SOLVPROBf_W41,RELIG,Other,[0.01823241 0.4543073  0.21297564 0.31448466],0.007412208478769349
982,SOLVPROBf_W41,RELIG,Protestant,[0.08979246 0.26000337 0.34645164 0.30375252],0.01676798073511449
983,SOLVPROBf_W41,RELIG,Roman Catholic,[0.1763873  0.29810783 0.27013825 0.25536663],0.012813965671364861
984,HAPPENc_W41,RELIG,Agnostic,[0.66940071 0.33059929],0.04492947527863001
985,HAPPENc_W41,RELIG,Atheist,[0.66796145 0.33203855],0.017188155810921264
986,HAPPENc_W41,RELIG,Buddhist,[0.96231886 0.03768114],0.07408483141274834
987,HAPPENc_W41,RELIG,Hindu,[0.5458567 0.4541433],0.0467047590261124
988,HAPPENc_W41,RELIG,Jewish,[0.71042701 0.28957299],0.1144694579779902
989,HAPPENc_W41,RELIG,Mormon,[0.65132283 0.34867717],0.18234549078835458
990,HAPPENc_W41,RELIG,Muslim,[0.4605598 0.5394402],0.1800415122135338
991,HAPPENc_W41,RELIG,Nothing in particular,[0.56458125 0.43541875],0.10626721701429322
992,HAPPENc_W41,RELIG,Orthodox,[0.42573183 0.57426817],0.2919545001786811
993,HAPPENc_W41,RELIG,Other,[0.54328628 0.45671372],0.04914080707269039
994,HAPPENc_W41,RELIG,Protestant,[0.50897954 0.49102046],0.10001054243154059
995,HAPPENc_W41,RELIG,Roman Catholic,[0.5408838 0.4591162],0.09921127095529872
996,FTRWORRYa_W41,RELIG,Agnostic,[0.3313329  0.42024497 0.22301373 0.0254084 ],0.0
997,FTRWORRYa_W41,RELIG,Atheist,[0.30547842 0.46820601 0.22631556 0.        ],0.0
998,FTRWORRYa_W41,RELIG,Buddhist,[0.38922018 0.44111738 0.16966244 0.        ],0.0
999,FTRWORRYa_W41,RELIG,Hindu,[0.37329761 0.5109982  0.06434474 0.05135945],0.0
1000,FTRWORRYa_W41,RELIG,Jewish,[0.05656098 0.68395826 0.20527466 0.0542061 ],0.013066426693245627
1001,FTRWORRYa_W41,RELIG,Mormon,[0.30826697 0.53275483 0.13718082 0.02179737],0.0
1002,FTRWORRYa_W41,RELIG,Muslim,[0.09238757 0.72206179 0.16682233 0.01872831],0.0
1003,FTRWORRYa_W41,RELIG,Nothing in particular,[0.31871973 0.45473196 0.20122007 0.02532824],0.0
1004,FTRWORRYa_W41,RELIG,Orthodox,[0.22482237 0.68327725 0.         0.09190038],0.0
1005,FTRWORRYa_W41,RELIG,Other,[0.36869166 0.39700846 0.16034729 0.0739526 ],0.0
1006,FTRWORRYa_W41,RELIG,Protestant,[0.26015948 0.46606787 0.23742758 0.03634507],0.007379992841664709
1007,FTRWORRYa_W41,RELIG,Roman Catholic,[0.29208645 0.40974074 0.2622267  0.03594611],0.010373355420894738
1008,HAPPEN2d_W41,RELIG,Agnostic,[0.24937145 0.4894422  0.22483045 0.03635591],0.0
1009,HAPPEN2d_W41,RELIG,Atheist,[0.16797429 0.54324488 0.28301636 0.00576446],0.010885742685393137
1010,HAPPEN2d_W41,RELIG,Buddhist,[0.35433065 0.01680289 0.51205113 0.11681534],0.0
1011,HAPPEN2d_W41,RELIG,Hindu,[0.14498359 0.34395395 0.42375144 0.08731102],0.0
1012,HAPPEN2d_W41,RELIG,Jewish,[0.0120204  0.52277607 0.28193635 0.18326718],0.008116546002110916
1013,HAPPEN2d_W41,RELIG,Mormon,[0.08799197 0.18491315 0.68160252 0.04549236],0.0
1014,HAPPEN2d_W41,RELIG,Muslim,[0.13525251 0.66604899 0.1986985  0.        ],0.0
1015,HAPPEN2d_W41,RELIG,Nothing in particular,[0.15922174 0.38189459 0.38891668 0.06996699],0.014169705093047366
1016,HAPPEN2d_W41,RELIG,Orthodox,[0.         0.42634101 0.48175861 0.09190038],0.0
1017,HAPPEN2d_W41,RELIG,Other,[0.18121347 0.53555565 0.26741714 0.01581374],0.014018012413144315
1018,HAPPEN2d_W41,RELIG,Protestant,[0.0961707  0.389055   0.41256823 0.10220608],0.008340662916709365
1019,HAPPEN2d_W41,RELIG,Roman Catholic,[0.10247946 0.40079196 0.40817564 0.08855294],0.0027355624340420367
1020,POPPROB_W41,RELIG,Agnostic,[0.49537977 0.41066053 0.0939597 ],0.0
1021,POPPROB_W41,RELIG,Atheist,[0.49520355 0.38857911 0.11621733],0.004865028645583401
1022,POPPROB_W41,RELIG,Buddhist,[0.05169243 0.73623439 0.21207318],0.0
1023,POPPROB_W41,RELIG,Hindu,[0.58873246 0.04670476 0.36456278],0.0
1024,POPPROB_W41,RELIG,Jewish,[0.32775949 0.40429089 0.26794961],0.008116546002110918
1025,POPPROB_W41,RELIG,Mormon,[0.32653838 0.32017182 0.3532898 ],0.0
1026,POPPROB_W41,RELIG,Muslim,[0.15821828 0.51468605 0.32709567],0.0
1027,POPPROB_W41,RELIG,Nothing in particular,[0.50865636 0.33187667 0.15946697],0.001441970153391245
1028,POPPROB_W41,RELIG,Orthodox,[0.57578099 0.22270037 0.20151864],0.0
1029,POPPROB_W41,RELIG,Other,[0.51781553 0.2881948  0.19398968],0.0
1030,POPPROB_W41,RELIG,Protestant,[0.40982595 0.38868279 0.20149126],0.0037748132675421283
1031,POPPROB_W41,RELIG,Roman Catholic,[0.47146417 0.32061816 0.20791767],0.007490431470872372
1032,GOVPRIOc_W41,RELIG,Agnostic,[0.72735166 0.19786783 0.00783913 0.06694138],0.0
1033,GOVPRIOc_W41,RELIG,Atheist,[0.78735527 0.18412091 0.00212218 0.02640164],0.0
1034,GOVPRIOc_W41,RELIG,Buddhist,[0.77122134 0.22877866 0.         0.        ],0.0
1035,GOVPRIOc_W41,RELIG,Hindu,[0.57547766 0.11104949 0.31347284 0.        ],0.0
1036,GOVPRIOc_W41,RELIG,Jewish,[0.70711034 0.11939548 0.15865386 0.01484032],0.0
1037,GOVPRIOc_W41,RELIG,Mormon,[0.56965647 0.16622502 0.15348432 0.11063419],0.0
1038,GOVPRIOc_W41,RELIG,Muslim,[0.58315651 0.29845318 0.11839031 0.        ],0.0
1039,GOVPRIOc_W41,RELIG,Nothing in particular,[0.70496692 0.18972135 0.07833151 0.02698022],0.0
1040,GOVPRIOc_W41,RELIG,Orthodox,[0.77729963 0.1830256  0.03967477 0.        ],0.0
1041,GOVPRIOc_W41,RELIG,Other,[0.81000504 0.14796823 0.01554706 0.02647966],0.0
1042,GOVPRIOc_W41,RELIG,Protestant,[0.63328894 0.21427576 0.09087372 0.06156158],0.0020970715769813813
1043,GOVPRIOc_W41,RELIG,Roman Catholic,[0.69204357 0.21193986 0.04593295 0.05008361],0.0039669186072088065
1044,GOVPRIOgF1_W41,RELIG,Agnostic,[0.15790435 0.29330574 0.32208913 0.22670078],0.0
1045,GOVPRIOgF1_W41,RELIG,Atheist,[0.17168609 0.15665192 0.48993692 0.18172508],0.0
1046,GOVPRIOgF1_W41,RELIG,Buddhist,[0.19188592 0.         0.80811408 0.        ],0.0
1047,GOVPRIOgF1_W41,RELIG,Hindu,[0.1110906 0.8889094 0.        0.       ],0.0
1048,GOVPRIOgF1_W41,RELIG,Jewish,[0.0641661  0.27553622 0.51520027 0.14509741],0.0
1049,GOVPRIOgF1_W41,RELIG,Mormon,[0.42654428 0.20026792 0.29396325 0.07922455],0.0
1050,GOVPRIOgF1_W41,RELIG,Muslim,[0.         0.53801554 0.         0.46198446],0.0
1051,GOVPRIOgF1_W41,RELIG,Nothing in particular,[0.34724258 0.30735147 0.26426157 0.08114438],0.0
1052,GOVPRIOgF1_W41,RELIG,Orthodox,[0.60812011 0.25886491 0.13301498 0.        ],0.0
1053,GOVPRIOgF1_W41,RELIG,Other,[0.15339685 0.23372957 0.33519996 0.27767362],0.0
1054,GOVPRIOgF1_W41,RELIG,Protestant,[0.51094816 0.30148018 0.13670292 0.05086874],0.0011836961275749453
1055,GOVPRIOgF1_W41,RELIG,Roman Catholic,[0.36046165 0.30232024 0.24102386 0.09619425],0.009730192573031964
1056,HARASS3NOWRKF2_W41,RELIG,Agnostic,[0.24822272 0.29906299 0.45271429],0.0
1057,HARASS3NOWRKF2_W41,RELIG,Atheist,[0.16908574 0.3665077  0.46440655],0.0
1058,HARASS3NOWRKF2_W41,RELIG,Buddhist,[0.82845418 0.17154582 0.        ],0.0
1059,HARASS3NOWRKF2_W41,RELIG,Hindu,[0.40061967 0.19777538 0.40160496],0.0
1060,HARASS3NOWRKF2_W41,RELIG,Jewish,[0.07357649 0.6907577  0.23566581],0.0119435265815315
1061,HARASS3NOWRKF2_W41,RELIG,Mormon,[0.05367371 0.73268755 0.21363874],0.0
1062,HARASS3NOWRKF2_W41,RELIG,Muslim,[0.         0.49529288 0.50470712],0.0
1063,HARASS3NOWRKF2_W41,RELIG,Nothing in particular,[0.0916201  0.52578107 0.38259883],0.008530510759845025
1064,HARASS3NOWRKF2_W41,RELIG,Orthodox,[0.         0.54393762 0.45606238],0.0
1065,HARASS3NOWRKF2_W41,RELIG,Other,[0.04048365 0.56632383 0.39319253],0.0
1066,HARASS3NOWRKF2_W41,RELIG,Protestant,[0.07911995 0.65258397 0.26829608],0.004307040840138863
1067,HARASS3NOWRKF2_W41,RELIG,Roman Catholic,[0.20973566 0.52659144 0.2636729 ],0.01744435858219786
1068,HARASS1NOWRKF2a_W41,RELIG,Agnostic,[0.32795218 0.4376597  0.23438812],0.0
1069,HARASS1NOWRKF2a_W41,RELIG,Atheist,[0.3045325  0.43642904 0.25903846],0.0
1070,HARASS1NOWRKF2a_W41,RELIG,Buddhist,[0.49772004 0.50227996 0.        ],0.0
1071,HARASS1NOWRKF2a_W41,RELIG,Hindu,[0.72145419 0.27854581 0.        ],0.0
1072,HARASS1NOWRKF2a_W41,RELIG,Jewish,[0.33991136 0.52075489 0.13933375],0.0
1073,HARASS1NOWRKF2a_W41,RELIG,Mormon,[0.43985577 0.29692315 0.26322108],0.0
1074,HARASS1NOWRKF2a_W41,RELIG,Muslim,[0.03165219 0.96834781 0.        ],0.0
1075,HARASS1NOWRKF2a_W41,RELIG,Nothing in particular,[0.49431094 0.39995019 0.10573887],0.005320464584212275
1076,HARASS1NOWRKF2a_W41,RELIG,Orthodox,[0.59627526 0.40372474 0.        ],0.0
1077,HARASS1NOWRKF2a_W41,RELIG,Other,[0.4590815  0.47958963 0.06132887],0.03271403294908349
1078,HARASS1NOWRKF2a_W41,RELIG,Protestant,[0.54426343 0.41264465 0.04309193],0.0
1079,HARASS1NOWRKF2a_W41,RELIG,Roman Catholic,[0.51914972 0.38853277 0.09231751],0.0
0,AVGFAM_W41,RELIGATTEND,A few times a year,[0.224665  0.3566351 0.4186999],0.0
1,AVGFAM_W41,RELIGATTEND,More than once a week,[0.32214165 0.26244982 0.41540853],0.006356007957265606
2,AVGFAM_W41,RELIGATTEND,Never,[0.16976842 0.32844421 0.50178738],0.0
3,AVGFAM_W41,RELIGATTEND,Once a week,[0.23832264 0.37966157 0.38201579],0.012583780070088781
4,AVGFAM_W41,RELIGATTEND,Once or twice a month,[0.24855944 0.45422839 0.29721217],0.0
5,AVGFAM_W41,RELIGATTEND,Seldom,[0.17296933 0.34899493 0.47803574],0.004443366823615468
6,HARASS5_W41,RELIGATTEND,A few times a year,[0.16513553 0.36778794 0.46707653],0.0
7,HARASS5_W41,RELIGATTEND,More than once a week,[0.33415251 0.26982363 0.39602386],0.0017158820676691925
8,HARASS5_W41,RELIGATTEND,Never,[0.11306899 0.37556922 0.51136179],0.0
9,HARASS5_W41,RELIGATTEND,Once a week,[0.13509485 0.33676653 0.52813862],0.0017390626080001717
10,HARASS5_W41,RELIGATTEND,Once or twice a month,[0.2161783  0.38133591 0.40248579],0.0011055585357007223
11,HARASS5_W41,RELIGATTEND,Seldom,[0.08921125 0.374472   0.53631675],0.004745643562389507
12,GOVPRIOmF2_W41,RELIGATTEND,A few times a year,[0.47843428 0.3746843  0.09380641 0.05307501],0.0008601908061034595
13,GOVPRIOmF2_W41,RELIGATTEND,More than once a week,[0.4769961  0.41628086 0.06399627 0.04272676],0.0
14,GOVPRIOmF2_W41,RELIGATTEND,Never,[0.5136418  0.37168474 0.09663925 0.01803422],0.0101031888072627
15,GOVPRIOmF2_W41,RELIGATTEND,Once a week,[0.41697312 0.3943594  0.10715688 0.08151059],0.016075852274031056
16,GOVPRIOmF2_W41,RELIGATTEND,Once or twice a month,[0.45890121 0.42114619 0.09415494 0.02579766],0.0
17,GOVPRIOmF2_W41,RELIGATTEND,Seldom,[0.47980974 0.38786797 0.08422836 0.04809394],0.009546959318759301
18,SOLVPROBg_W41,RELIGATTEND,A few times a year,[0.25860812 0.51508889 0.16607547 0.06022753],0.013659054865368106
19,SOLVPROBg_W41,RELIGATTEND,More than once a week,[0.31369658 0.54140636 0.06525099 0.07964607],0.040985854233754844
20,SOLVPROBg_W41,RELIGATTEND,Never,[0.14694382 0.45408836 0.25467477 0.14429305],0.01749590149256157
21,SOLVPROBg_W41,RELIGATTEND,Once a week,[0.23751612 0.59461629 0.14365561 0.02421197],0.011277019582759588
22,SOLVPROBg_W41,RELIGATTEND,Once or twice a month,[0.25821363 0.56992031 0.15680296 0.0150631 ],0.015908131053072247
23,SOLVPROBg_W41,RELIGATTEND,Seldom,[0.22572238 0.50840936 0.19541832 0.07044994],0.01947531810240464
24,HARASS1F1a_W41,RELIGATTEND,A few times a year,[0.44523771 0.44050213 0.11426016],0.0
25,HARASS1F1a_W41,RELIGATTEND,More than once a week,[0.68257342 0.26493237 0.05249421],0.06346924739763143
26,HARASS1F1a_W41,RELIGATTEND,Never,[0.41719511 0.39682903 0.18597586],0.007406507887604829
27,HARASS1F1a_W41,RELIGATTEND,Once a week,[0.56330509 0.38088343 0.05581147],0.001618676987245346
28,HARASS1F1a_W41,RELIGATTEND,Once or twice a month,[0.37151545 0.51119218 0.11729237],0.0
29,HARASS1F1a_W41,RELIGATTEND,Seldom,[0.43911802 0.43969402 0.12118796],0.005319342800755208
30,ROBWRK2_W41,RELIGATTEND,A few times a year,[0.05810427 0.24771379 0.44106158 0.25312035],0.0012753523269951543
31,ROBWRK2_W41,RELIGATTEND,More than once a week,[0.12651476 0.09996629 0.40714499 0.36637397],0.0
32,ROBWRK2_W41,RELIGATTEND,Never,[0.07944231 0.25350765 0.36731843 0.29973161],0.003564518197553449
33,ROBWRK2_W41,RELIGATTEND,Once a week,[0.06869569 0.26583762 0.40523716 0.26022954],0.002289010203684964
34,ROBWRK2_W41,RELIGATTEND,Once or twice a month,[0.05649146 0.28102052 0.38986817 0.27261986],0.00465974495956338
35,ROBWRK2_W41,RELIGATTEND,Seldom,[0.03965115 0.24433147 0.42931803 0.28669934],0.0032013479010084677
36,ROBWRK_W41,RELIGATTEND,A few times a year,[0.32071896 0.52777377 0.13939302 0.01211425],0.0035656552337208283
37,ROBWRK_W41,RELIGATTEND,More than once a week,[0.3397135  0.56581143 0.08853441 0.00594066],0.0
38,ROBWRK_W41,RELIGATTEND,Never,[0.34328786 0.47484584 0.16841748 0.01344882],0.006434026268558155
39,ROBWRK_W41,RELIGATTEND,Once a week,[0.23012482 0.54980044 0.19183742 0.02823732],0.0
40,ROBWRK_W41,RELIGATTEND,Once or twice a month,[0.27649673 0.55953852 0.16396475 0.        ],0.001679682289292159
41,ROBWRK_W41,RELIGATTEND,Seldom,[0.27592767 0.54911257 0.15830753 0.01665223],0.0007923755178015642
42,GOVPRIOnF2_W41,RELIGATTEND,A few times a year,[0.12858016 0.33611549 0.21014529 0.32515906],0.0
43,GOVPRIOnF2_W41,RELIGATTEND,More than once a week,[0.27752112 0.2580855  0.16344278 0.30095059],0.04278131267897613
44,GOVPRIOnF2_W41,RELIGATTEND,Never,[0.12461172 0.25418328 0.1674128  0.4537922 ],0.002100123926950561
45,GOVPRIOnF2_W41,RELIGATTEND,Once a week,[0.12577615 0.32365585 0.17236054 0.37820746],0.005166541969186807
46,GOVPRIOnF2_W41,RELIGATTEND,Once or twice a month,[0.10858264 0.37757935 0.17639115 0.33744685],0.0
47,GOVPRIOnF2_W41,RELIGATTEND,Seldom,[0.17052383 0.27891165 0.18607042 0.3644941 ],0.01527047692760374
48,HARASS1NOWRKF2c_W41,RELIGATTEND,A few times a year,[0.69291484 0.28796978 0.01911538],0.0016390524869866442
49,HARASS1NOWRKF2c_W41,RELIGATTEND,More than once a week,[0.75106311 0.23809458 0.01084231],0.0
50,HARASS1NOWRKF2c_W41,RELIGATTEND,Never,[0.72488175 0.23270505 0.0424132 ],0.0038551823939874433
51,HARASS1NOWRKF2c_W41,RELIGATTEND,Once a week,[0.66482323 0.26927577 0.065901  ],0.0060605397066354465
52,HARASS1NOWRKF2c_W41,RELIGATTEND,Once or twice a month,[0.67656518 0.23171028 0.09172454],0.0
53,HARASS1NOWRKF2c_W41,RELIGATTEND,Seldom,[0.66513974 0.30985293 0.02500732],0.001986517604422126
54,HAPPENd_W41,RELIGATTEND,A few times a year,[0.35226947 0.64773053],0.09696035481890151
55,HAPPENd_W41,RELIGATTEND,More than once a week,[0.39545125 0.60454875],0.20039401960095166
56,HAPPENd_W41,RELIGATTEND,Never,[0.28421673 0.71578327],0.06948394630820562
57,HAPPENd_W41,RELIGATTEND,Once a week,[0.3721222 0.6278778],0.0861952109630757
58,HAPPENd_W41,RELIGATTEND,Once or twice a month,[0.41048375 0.58951625],0.06355193267369443
59,HAPPENd_W41,RELIGATTEND,Seldom,[0.3602529 0.6397471],0.10314660966909248
60,GOVPRIOd_W41,RELIGATTEND,A few times a year,[0.3525732  0.45790671 0.18055136 0.00896873],0.0023074886507518932
61,GOVPRIOd_W41,RELIGATTEND,More than once a week,[0.26107524 0.43565684 0.25876766 0.04450027],0.0008822197698862268
62,GOVPRIOd_W41,RELIGATTEND,Never,[0.43041246 0.42664209 0.12924019 0.01370526],0.0016670050233935504
63,GOVPRIOd_W41,RELIGATTEND,Once a week,[0.26916286 0.49990032 0.20757879 0.02335803],0.0036643799784557623
64,GOVPRIOd_W41,RELIGATTEND,Once or twice a month,[0.24928704 0.5575068  0.17531945 0.01788671],0.001679682289292159
65,GOVPRIOd_W41,RELIGATTEND,Seldom,[0.30367725 0.5427012  0.10994028 0.04368126],0.0019954648347009886
66,HAPPEN2f_W41,RELIGATTEND,A few times a year,[0.11900322 0.55374391 0.252106   0.07514687],0.009932902910502655
67,HAPPEN2f_W41,RELIGATTEND,More than once a week,[0.1718123  0.54098729 0.2156297  0.07157071],0.015285635672762393
68,HAPPEN2f_W41,RELIGATTEND,Never,[0.15292979 0.49873525 0.30068787 0.04764709],0.0057706035019221965
69,HAPPEN2f_W41,RELIGATTEND,Once a week,[0.10874582 0.5547678  0.28678467 0.04970171],0.010880543155327415
70,HAPPEN2f_W41,RELIGATTEND,Once or twice a month,[0.13029238 0.49346445 0.2888461  0.08739707],0.025507865569567096
71,HAPPEN2f_W41,RELIGATTEND,Seldom,[0.09761666 0.55447747 0.28961414 0.05829173],0.006769323022509741
72,FUTRCLASSb_W41,RELIGATTEND,A few times a year,[0.31382415 0.40498118 0.28119467],0.0008864156071517913
73,FUTRCLASSb_W41,RELIGATTEND,More than once a week,[0.28561396 0.47543999 0.23894605],0.004787994358978427
74,FUTRCLASSb_W41,RELIGATTEND,Never,[0.2451214  0.53501381 0.21986479],0.007792117042884128
75,FUTRCLASSb_W41,RELIGATTEND,Once a week,[0.33696472 0.36218215 0.30085313],0.0029618227285627555
76,FUTRCLASSb_W41,RELIGATTEND,Once or twice a month,[0.2927362  0.39779614 0.30946765],0.005177584278995997
77,FUTRCLASSb_W41,RELIGATTEND,Seldom,[0.24269629 0.48408985 0.27321385],0.0010640722061286086
78,NATDEBT_W41,RELIGATTEND,A few times a year,[0.58882298 0.20596675 0.18640101 0.01880926],0.0
79,NATDEBT_W41,RELIGATTEND,More than once a week,[0.59476395 0.1675811  0.21092121 0.02673374],0.013498469109197674
80,NATDEBT_W41,RELIGATTEND,Never,[0.67647618 0.19750481 0.10803151 0.0179875 ],0.0029850174901352266
81,NATDEBT_W41,RELIGATTEND,Once a week,[0.59510308 0.21955615 0.16927336 0.01606741],0.0017953447840924185
82,NATDEBT_W41,RELIGATTEND,Once or twice a month,[0.53099652 0.24797625 0.16962419 0.05140304],0.0034929498929590994
83,NATDEBT_W41,RELIGATTEND,Seldom,[0.66644461 0.21476859 0.10532176 0.01346503],0.0022785550526792588
84,AGEMAJ_W41,RELIGATTEND,A few times a year,[0.04186717 0.13868966 0.3915192  0.11524756 0.31267642],0.0008532177567836935
85,AGEMAJ_W41,RELIGATTEND,More than once a week,[0.03871131 0.17496668 0.41662196 0.10745352 0.26224654],0.007270247454336301
86,AGEMAJ_W41,RELIGATTEND,Never,[0.04351627 0.1218524  0.42670689 0.17225449 0.23566995],0.007599691879375069
87,AGEMAJ_W41,RELIGATTEND,Once a week,[0.03227078 0.13734426 0.45092125 0.13053913 0.24892458],0.020739738969623587
88,AGEMAJ_W41,RELIGATTEND,Once or twice a month,[0.0616551  0.13850928 0.42565544 0.09026279 0.28391739],0.00609776754191364
89,AGEMAJ_W41,RELIGATTEND,Seldom,[0.03344734 0.11171474 0.43819218 0.1503432  0.26630254],0.010342527577485175
90,HAPPENe_W41,RELIGATTEND,A few times a year,[0.74349043 0.25650957],0.07891128254419272
91,HAPPENe_W41,RELIGATTEND,More than once a week,[0.75557611 0.24442389],0.14018334867341162
92,HAPPENe_W41,RELIGATTEND,Never,[0.83494099 0.16505901],0.06790098462924749
93,HAPPENe_W41,RELIGATTEND,Once a week,[0.7555567 0.2444433],0.08150122032285541
94,HAPPENe_W41,RELIGATTEND,Once or twice a month,[0.75184522 0.24815478],0.08366942428582673
95,HAPPENe_W41,RELIGATTEND,Seldom,[0.81396682 0.18603318],0.0682697824308146
96,ROBIMPACTb_W41,RELIGATTEND,A few times a year,[0.39249101 0.60750899],0.004564085207560887
97,ROBIMPACTb_W41,RELIGATTEND,More than once a week,[0.29689529 0.70310471],0.028061128923885077
98,ROBIMPACTb_W41,RELIGATTEND,Never,[0.34147199 0.65852801],0.00666041040363632
99,ROBIMPACTb_W41,RELIGATTEND,Once a week,[0.35256391 0.64743609],0.006864187286782764
100,ROBIMPACTb_W41,RELIGATTEND,Once or twice a month,[0.34168282 0.65831718],0.00842984962119082
101,ROBIMPACTb_W41,RELIGATTEND,Seldom,[0.29627361 0.70372639],0.015006669558998518
102,HARASS1NOWRKF2d_W41,RELIGATTEND,A few times a year,[0.62546039 0.3020879  0.07245172],0.0
103,HARASS1NOWRKF2d_W41,RELIGATTEND,More than once a week,[0.66090473 0.30663463 0.03246064],0.0
104,HARASS1NOWRKF2d_W41,RELIGATTEND,Never,[0.6135274  0.30238159 0.08409101],0.011538267788120985
105,HARASS1NOWRKF2d_W41,RELIGATTEND,Once a week,[0.57751518 0.33514611 0.08733872],0.010114182137023793
106,HARASS1NOWRKF2d_W41,RELIGATTEND,Once or twice a month,[0.59159675 0.31624629 0.09215697],0.0
107,HARASS1NOWRKF2d_W41,RELIGATTEND,Seldom,[0.58056773 0.3255162  0.09391607],0.008087989421805136
108,HARASS1F1c_W41,RELIGATTEND,A few times a year,[0.65061805 0.31079839 0.03858356],0.00048316049680410724
109,HARASS1F1c_W41,RELIGATTEND,More than once a week,[0.65639675 0.21865051 0.12495274],0.061703881939196965
110,HARASS1F1c_W41,RELIGATTEND,Never,[0.69378664 0.23936356 0.0668498 ],0.006831837763665473
111,HARASS1F1c_W41,RELIGATTEND,Once a week,[0.65511691 0.31152922 0.03335387],0.005766005719642241
112,HARASS1F1c_W41,RELIGATTEND,Once or twice a month,[0.51444749 0.32014704 0.16540548],0.0
113,HARASS1F1c_W41,RELIGATTEND,Seldom,[0.59267215 0.37336639 0.03396147],0.0
114,HAPPENf_W41,RELIGATTEND,A few times a year,[0.49587541 0.50412459],0.0954109104445742
115,HAPPENf_W41,RELIGATTEND,More than once a week,[0.40298033 0.59701967],0.14977232271117666
116,HAPPENf_W41,RELIGATTEND,Never,[0.38980792 0.61019208],0.0671996125164092
117,HAPPENf_W41,RELIGATTEND,Once a week,[0.43959631 0.56040369],0.09154723122887484
118,HAPPENf_W41,RELIGATTEND,Once or twice a month,[0.52765673 0.47234327],0.08292139698744137
119,HAPPENf_W41,RELIGATTEND,Seldom,[0.39206081 0.60793919],0.1137857032402613
120,FTRWORRYe_W41,RELIGATTEND,A few times a year,[0.41987979 0.38821181 0.17339712 0.01851128],0.0
121,FTRWORRYe_W41,RELIGATTEND,More than once a week,[0.60581152 0.26935809 0.10662503 0.01820536],0.0
122,FTRWORRYe_W41,RELIGATTEND,Never,[0.35926981 0.33150753 0.24013764 0.06908502],0.000866136608458748
123,FTRWORRYe_W41,RELIGATTEND,Once a week,[0.52121344 0.31296398 0.11548772 0.05033486],0.0011758814398855734
124,FTRWORRYe_W41,RELIGATTEND,Once or twice a month,[0.41585052 0.35449091 0.1599675  0.06969108],0.0
125,FTRWORRYe_W41,RELIGATTEND,Seldom,[0.39345189 0.35769378 0.21240936 0.03644497],0.0008892751728173685
126,GOVPRIOjF1_W41,RELIGATTEND,A few times a year,[0.40741534 0.38619719 0.15545832 0.05092915],0.0
127,GOVPRIOjF1_W41,RELIGATTEND,More than once a week,[0.5007003  0.35923463 0.12533732 0.01472775],0.0
128,GOVPRIOjF1_W41,RELIGATTEND,Never,[0.26800325 0.37457024 0.19698361 0.16044289],0.0
129,GOVPRIOjF1_W41,RELIGATTEND,Once a week,[0.52021286 0.33297679 0.12714529 0.01966506],0.0
130,GOVPRIOjF1_W41,RELIGATTEND,Once or twice a month,[0.45653669 0.32173826 0.17560581 0.04611924],0.0
131,GOVPRIOjF1_W41,RELIGATTEND,Seldom,[0.39231005 0.36897619 0.17818801 0.06052574],0.0
132,SOLVPROBh_W41,RELIGATTEND,A few times a year,[0.30163518 0.49401922 0.14506883 0.05927677],0.008790518536044975
133,SOLVPROBh_W41,RELIGATTEND,More than once a week,[0.19633711 0.50130447 0.17220024 0.13015818],0.027815280026050267
134,SOLVPROBh_W41,RELIGATTEND,Never,[0.2557142  0.53039245 0.13950123 0.07439211],0.007089716910837308
135,SOLVPROBh_W41,RELIGATTEND,Once a week,[0.1999935  0.48284159 0.21439338 0.10277153],0.013728446080209506
136,SOLVPROBh_W41,RELIGATTEND,Once or twice a month,[0.29031075 0.41431775 0.19156575 0.10380575],0.007446037198689219
137,SOLVPROBh_W41,RELIGATTEND,Seldom,[0.21066217 0.54067315 0.15800276 0.09066191],0.019556108788676037
138,GOVPRIOhF1_W41,RELIGATTEND,A few times a year,[0.23988483 0.23521388 0.1649924  0.35990888],0.0
139,GOVPRIOhF1_W41,RELIGATTEND,More than once a week,[0.27718    0.15874114 0.22232658 0.34175228],0.02085050975469974
140,GOVPRIOhF1_W41,RELIGATTEND,Never,[0.12524415 0.20805774 0.14560334 0.52109478],0.0
141,GOVPRIOhF1_W41,RELIGATTEND,Once a week,[0.30459495 0.299146   0.16090925 0.2353498 ],0.006904361669825033
142,GOVPRIOhF1_W41,RELIGATTEND,Once or twice a month,[0.29521857 0.2719352  0.15851561 0.27433061],0.0
143,GOVPRIOhF1_W41,RELIGATTEND,Seldom,[0.15004632 0.21465627 0.21469277 0.42060464],0.0011652592411783742
144,FTRWORRYb_W41,RELIGATTEND,A few times a year,[0.39467441 0.38728528 0.18886703 0.02917328],0.012436104086570381
145,FTRWORRYb_W41,RELIGATTEND,More than once a week,[0.38976212 0.34112397 0.20991265 0.05920126],0.007270247454336301
146,FTRWORRYb_W41,RELIGATTEND,Never,[0.42789007 0.3672565  0.17390851 0.03094493],0.00020112485556016742
147,FTRWORRYb_W41,RELIGATTEND,Once a week,[0.37564043 0.38973172 0.18055347 0.05407438],0.0049676272736447315
148,FTRWORRYb_W41,RELIGATTEND,Once or twice a month,[0.35519743 0.36301468 0.22523433 0.05655356],0.0
149,FTRWORRYb_W41,RELIGATTEND,Seldom,[0.39018296 0.37951658 0.20213628 0.02816418],0.0017788791117438374
150,ROBIMPACTa_W41,RELIGATTEND,A few times a year,[0.77919894 0.22080106],0.005842254883255781
151,ROBIMPACTa_W41,RELIGATTEND,More than once a week,[0.64661187 0.35338813],0.014368944981843618
152,ROBIMPACTa_W41,RELIGATTEND,Never,[0.82069691 0.17930309],0.013021637271649142
153,ROBIMPACTa_W41,RELIGATTEND,Once a week,[0.71725009 0.28274991],0.008149153574018506
154,ROBIMPACTa_W41,RELIGATTEND,Once or twice a month,[0.72447386 0.27552614],0.0
155,ROBIMPACTa_W41,RELIGATTEND,Seldom,[0.79381721 0.20618279],0.014406362590664322
156,FTRWORRYf_W41,RELIGATTEND,A few times a year,[0.43410244 0.3284963  0.1820079  0.05539336],0.007755541173005279
157,FTRWORRYf_W41,RELIGATTEND,More than once a week,[0.16179241 0.30819548 0.33538054 0.19463158],0.00855295387476802
158,FTRWORRYf_W41,RELIGATTEND,Never,[0.57669961 0.22479105 0.13659904 0.06191031],0.0006625078122333815
159,FTRWORRYf_W41,RELIGATTEND,Once a week,[0.28436033 0.28308853 0.28630505 0.1462461 ],0.00499238525416999
160,FTRWORRYf_W41,RELIGATTEND,Once or twice a month,[0.30578323 0.2478039  0.3260735  0.12033937],0.0
161,FTRWORRYf_W41,RELIGATTEND,Seldom,[0.38644132 0.31530983 0.18958778 0.10866106],0.0
162,GOVPRIOfF1_W41,RELIGATTEND,A few times a year,[0.22301797 0.30030854 0.23616749 0.240506  ],0.007082843829625276
163,GOVPRIOfF1_W41,RELIGATTEND,More than once a week,[0.15436149 0.18331346 0.18887406 0.47345099],0.0
164,GOVPRIOfF1_W41,RELIGATTEND,Never,[0.28626838 0.32486732 0.23647609 0.15238821],0.008054290559431604
165,GOVPRIOfF1_W41,RELIGATTEND,Once a week,[0.21489427 0.29985719 0.23128715 0.25396139],0.0037421356133361676
166,GOVPRIOfF1_W41,RELIGATTEND,Once or twice a month,[0.14994214 0.39364717 0.22181831 0.23459237],0.00838008369367258
167,GOVPRIOfF1_W41,RELIGATTEND,Seldom,[0.23598908 0.35685234 0.22916357 0.17799501],0.006970640769257637
168,GOVPRIOb_W41,RELIGATTEND,A few times a year,[0.5153679  0.37948879 0.0862479  0.01889541],0.006920554245338556
169,GOVPRIOb_W41,RELIGATTEND,More than once a week,[0.5159498  0.29788083 0.14147672 0.04469265],0.000882219769886227
170,GOVPRIOb_W41,RELIGATTEND,Never,[0.58714658 0.30030943 0.0704906  0.0420534 ],0.001063741003716947
171,GOVPRIOb_W41,RELIGATTEND,Once a week,[0.51966057 0.29343253 0.09678841 0.09011848],0.005271631992257487
172,GOVPRIOb_W41,RELIGATTEND,Once or twice a month,[0.50717343 0.3748762  0.08608894 0.03186143],0.0
173,GOVPRIOb_W41,RELIGATTEND,Seldom,[0.52228864 0.35840146 0.06782863 0.05148127],0.0022358179334435787
174,SOLVPROBc_W41,RELIGATTEND,A few times a year,[0.15768976 0.52533079 0.26615711 0.05082235],0.008900697761548669
175,SOLVPROBc_W41,RELIGATTEND,More than once a week,[0.420997   0.44974992 0.04715212 0.08210096],0.0446322847074601
176,SOLVPROBc_W41,RELIGATTEND,Never,[0.04524636 0.2944083  0.34839376 0.31195158],0.019147016438840803
177,SOLVPROBc_W41,RELIGATTEND,Once a week,[0.30295034 0.58584657 0.09247872 0.01872437],0.019289007457813718
178,SOLVPROBc_W41,RELIGATTEND,Once or twice a month,[0.16355573 0.61030062 0.16123567 0.06490799],0.009750746555846913
179,SOLVPROBc_W41,RELIGATTEND,Seldom,[0.09592079 0.44521783 0.35233856 0.10652281],0.018258801332924495
180,FUTRCLASSa_W41,RELIGATTEND,A few times a year,[0.38073329 0.22928307 0.38998363],0.0
181,FUTRCLASSa_W41,RELIGATTEND,More than once a week,[0.4194908  0.18146317 0.39904603],0.015756044625831526
182,FUTRCLASSa_W41,RELIGATTEND,Never,[0.33865663 0.20086231 0.46048106],0.0032373007296992804
183,FUTRCLASSa_W41,RELIGATTEND,Once a week,[0.29303728 0.26299407 0.44396865],0.002488498538570189
184,FUTRCLASSa_W41,RELIGATTEND,Once or twice a month,[0.36844821 0.27182478 0.35972701],0.005177584278995996
185,FUTRCLASSa_W41,RELIGATTEND,Seldom,[0.29555558 0.22304809 0.48139634],0.003547264286858161
186,GOVPRIOkF2_W41,RELIGATTEND,A few times a year,[0.23853835 0.48221115 0.17102687 0.10822363],0.005353106311578891
187,GOVPRIOkF2_W41,RELIGATTEND,More than once a week,[0.41215574 0.3259272  0.1898674  0.07204967],0.0
188,GOVPRIOkF2_W41,RELIGATTEND,Never,[0.14618159 0.32923308 0.24159734 0.28298799],0.006431634119018972
189,GOVPRIOkF2_W41,RELIGATTEND,Once a week,[0.30001211 0.45346483 0.1548757  0.09164736],0.01013532211045951
190,GOVPRIOkF2_W41,RELIGATTEND,Once or twice a month,[0.2171475  0.48242036 0.21752948 0.08290266],0.030801054673056775
191,GOVPRIOkF2_W41,RELIGATTEND,Seldom,[0.23211805 0.38784902 0.21742892 0.16260401],0.006287048880203118
192,HAPPENb_W41,RELIGATTEND,A few times a year,[0.4331185 0.5668815],0.08448268865202126
193,HAPPENb_W41,RELIGATTEND,More than once a week,[0.38053156 0.61946844],0.17950540004010165
194,HAPPENb_W41,RELIGATTEND,Never,[0.36206733 0.63793267],0.07364105194620627
195,HAPPENb_W41,RELIGATTEND,Once a week,[0.32989697 0.67010303],0.06336963049425055
196,HAPPENb_W41,RELIGATTEND,Once or twice a month,[0.42072501 0.57927499],0.07399210530789367
197,HAPPENb_W41,RELIGATTEND,Seldom,[0.36068982 0.63931018],0.09571850908348364
198,HAPPENhF1_W41,RELIGATTEND,A few times a year,[0.44613434 0.55386566],0.08624359780634751
199,HAPPENhF1_W41,RELIGATTEND,More than once a week,[0.35506443 0.64493557],0.19018281225711067
200,HAPPENhF1_W41,RELIGATTEND,Never,[0.37885397 0.62114603],0.04531627488453315
201,HAPPENhF1_W41,RELIGATTEND,Once a week,[0.41185102 0.58814898],0.09208333032244688
202,HAPPENhF1_W41,RELIGATTEND,Once or twice a month,[0.38225549 0.61774451],0.17860364879080984
203,HAPPENhF1_W41,RELIGATTEND,Seldom,[0.31108584 0.68891416],0.07585706208119813
204,ELDCARE_W41,RELIGATTEND,A few times a year,[0.33112981 0.66887019],0.002555158338677697
205,ELDCARE_W41,RELIGATTEND,More than once a week,[0.33268643 0.66731357],0.027789881374409645
206,ELDCARE_W41,RELIGATTEND,Never,[0.22106855 0.77893145],0.010450679212627087
207,ELDCARE_W41,RELIGATTEND,Once a week,[0.32859426 0.67140574],0.0015675691287525542
208,ELDCARE_W41,RELIGATTEND,Once or twice a month,[0.30970715 0.69029285],0.0017756491329726767
209,ELDCARE_W41,RELIGATTEND,Seldom,[0.24544347 0.75455653],0.006384355792391212
210,JOBSECURITY_W41,RELIGATTEND,A few times a year,[0.15827494 0.49061933 0.35110572],0.009845643007764965
211,JOBSECURITY_W41,RELIGATTEND,More than once a week,[0.21040168 0.49926685 0.29033146],0.0213475648684087
212,JOBSECURITY_W41,RELIGATTEND,Never,[0.10233346 0.54935828 0.34830826],0.005049475428531275
213,JOBSECURITY_W41,RELIGATTEND,Once a week,[0.14379234 0.45003771 0.40616994],0.00889205030573382
214,JOBSECURITY_W41,RELIGATTEND,Once or twice a month,[0.17487994 0.46408626 0.36103381],0.020972126736665257
215,JOBSECURITY_W41,RELIGATTEND,Seldom,[0.14294204 0.47702769 0.38003027],0.006105087618223187
216,GOVPRIOlF2_W41,RELIGATTEND,A few times a year,[0.18326546 0.45260935 0.24531251 0.11881268],0.0
217,GOVPRIOlF2_W41,RELIGATTEND,More than once a week,[0.19564643 0.34889393 0.40046508 0.05499455],0.021924601273097696
218,GOVPRIOlF2_W41,RELIGATTEND,Never,[0.19793657 0.39718242 0.29556934 0.10931167],0.006431634119018973
219,GOVPRIOlF2_W41,RELIGATTEND,Once a week,[0.16983789 0.37176004 0.33276158 0.1256405 ],0.002201689989629664
220,GOVPRIOlF2_W41,RELIGATTEND,Once or twice a month,[0.15238108 0.47335502 0.2867922  0.08747171],0.0
221,GOVPRIOlF2_W41,RELIGATTEND,Seldom,[0.13687943 0.38246019 0.35508894 0.12557144],0.003259910438556182
222,FUTR_K_W41,RELIGATTEND,A few times a year,[0.11233242 0.47034261 0.41732497],0.007646794303997831
223,FUTR_K_W41,RELIGATTEND,More than once a week,[0.16749574 0.46701909 0.36548518],0.012681117467814008
224,FUTR_K_W41,RELIGATTEND,Never,[0.06790481 0.49681678 0.43527841],0.01423518260807273
225,FUTR_K_W41,RELIGATTEND,Once a week,[0.10403427 0.40195358 0.49401214],0.009678278164814782
226,FUTR_K_W41,RELIGATTEND,Once or twice a month,[0.19143032 0.44012698 0.3684427 ],0.022283532063468565
227,FUTR_K_W41,RELIGATTEND,Seldom,[0.08526579 0.45805084 0.45668337],0.0060390079151496886
228,WRKTRN1F1_W41,RELIGATTEND,A few times a year,[0.10851784 0.1037637  0.40545897 0.38225949],0.0
229,WRKTRN1F1_W41,RELIGATTEND,More than once a week,[0.04202412 0.10206151 0.23527157 0.6206428 ],0.0
230,WRKTRN1F1_W41,RELIGATTEND,Never,[0.12389687 0.07619681 0.46238822 0.33751809],0.003363117116265597
231,WRKTRN1F1_W41,RELIGATTEND,Once a week,[0.15010293 0.13129765 0.35878484 0.35981458],0.00046657656469361095
232,WRKTRN1F1_W41,RELIGATTEND,Once or twice a month,[0.04195275 0.16001335 0.34971736 0.44831653],0.0
233,WRKTRN1F1_W41,RELIGATTEND,Seldom,[0.09408521 0.13086658 0.37593178 0.39911643],0.0
234,FTRWORRYc_W41,RELIGATTEND,A few times a year,[0.51318131 0.35329957 0.12296126 0.01055786],0.019919397136579517
235,FTRWORRYc_W41,RELIGATTEND,More than once a week,[0.42256852 0.3686773  0.18485967 0.02389452],0.008060018005244569
236,FTRWORRYc_W41,RELIGATTEND,Never,[0.54296394 0.34556726 0.08850103 0.02296777],0.0009731646088361271
237,FTRWORRYc_W41,RELIGATTEND,Once a week,[0.41069074 0.44740418 0.10751587 0.0343892 ],0.01051915936706354
238,FTRWORRYc_W41,RELIGATTEND,Once or twice a month,[0.47461886 0.36573549 0.13198009 0.02766556],0.0
239,FTRWORRYc_W41,RELIGATTEND,Seldom,[0.50809339 0.37280597 0.09724838 0.02185227],0.002983270924821224
240,HAPPEN2e_W41,RELIGATTEND,A few times a year,[0.35163113 0.52408287 0.09267859 0.03160741],0.0007963462205556148
241,HAPPEN2e_W41,RELIGATTEND,More than once a week,[0.22831109 0.66513126 0.08805252 0.01850513],0.0
242,HAPPEN2e_W41,RELIGATTEND,Never,[0.36128363 0.51310039 0.11093564 0.01468034],0.0020174259130446735
243,HAPPEN2e_W41,RELIGATTEND,Once a week,[0.26046735 0.6153378  0.10542984 0.01876501],0.004177401437078955
244,HAPPEN2e_W41,RELIGATTEND,Once or twice a month,[0.34954887 0.4890185  0.14211592 0.01931671],0.014743048782923275
245,HAPPEN2e_W41,RELIGATTEND,Seldom,[0.24872622 0.60722859 0.11685985 0.02718534],0.0031734174883907063
246,SOLVPROBb_W41,RELIGATTEND,A few times a year,[0.13088684 0.39436755 0.32926417 0.14548145],0.017195460807312237
247,SOLVPROBb_W41,RELIGATTEND,More than once a week,[0.1344624  0.4771255  0.21800624 0.17040586],0.03194955036298038
248,SOLVPROBb_W41,RELIGATTEND,Never,[0.0716561  0.33553826 0.36055193 0.23225371],0.011193807339785353
249,SOLVPROBb_W41,RELIGATTEND,Once a week,[0.09183123 0.53599003 0.30765389 0.06452485],0.013315187999859758
250,SOLVPROBb_W41,RELIGATTEND,Once or twice a month,[0.11428013 0.49588129 0.28550066 0.10433793],0.004449561983856591
251,SOLVPROBb_W41,RELIGATTEND,Seldom,[0.07931974 0.42998743 0.33203488 0.15865795],0.019356205711607382
252,HARASS3F1_W41,RELIGATTEND,A few times a year,[0.12355538 0.57298522 0.3034594 ],0.0
253,HARASS3F1_W41,RELIGATTEND,More than once a week,[0.09806662 0.64719504 0.25473834],0.03181123069372425
254,HARASS3F1_W41,RELIGATTEND,Never,[0.10942961 0.51720523 0.37336516],0.0016029805362813604
255,HARASS3F1_W41,RELIGATTEND,Once a week,[0.13318677 0.63337134 0.23344189],0.013501076486860261
256,HARASS3F1_W41,RELIGATTEND,Once or twice a month,[0.11944596 0.64039283 0.24016122],0.0032218188472356362
257,HARASS3F1_W41,RELIGATTEND,Seldom,[0.16923949 0.45985772 0.37090279],0.010620484642406914
258,SOLVPROBeF2_W41,RELIGATTEND,A few times a year,[0.1673513  0.55651125 0.20573592 0.07040154],0.0060974785744843
259,SOLVPROBeF2_W41,RELIGATTEND,More than once a week,[0.20066029 0.54704569 0.16582984 0.08646418],0.01899477739503683
260,SOLVPROBeF2_W41,RELIGATTEND,Never,[0.1063048  0.50553296 0.28108696 0.10707527],0.010717005573388996
261,SOLVPROBeF2_W41,RELIGATTEND,Once a week,[0.10211579 0.48436349 0.35231065 0.06121007],0.031270512614634954
262,SOLVPROBeF2_W41,RELIGATTEND,Once or twice a month,[0.11282946 0.49074565 0.26988187 0.12654303],0.001380926270572425
263,SOLVPROBeF2_W41,RELIGATTEND,Seldom,[0.08524948 0.59784889 0.26647856 0.05042307],0.0315854286983382
264,FUTR_ABR_W41,RELIGATTEND,A few times a year,[0.21087374 0.57355288 0.18684863 0.02872475],0.0083571016872001
265,FUTR_ABR_W41,RELIGATTEND,More than once a week,[0.35508467 0.32616559 0.20360306 0.11514668],0.049185653470836796
266,FUTR_ABR_W41,RELIGATTEND,Never,[0.2284713  0.61044963 0.10971611 0.05136295],0.011436728877281381
267,FUTR_ABR_W41,RELIGATTEND,Once a week,[0.17444518 0.52244292 0.22631529 0.07679661],0.021467497964472768
268,FUTR_ABR_W41,RELIGATTEND,Once or twice a month,[0.22654852 0.49817092 0.21714327 0.05813729],0.0158399279705822
269,FUTR_ABR_W41,RELIGATTEND,Seldom,[0.20943779 0.59150693 0.16133389 0.03772139],0.012025976069450762
270,GOVPRIOiF1_W41,RELIGATTEND,A few times a year,[0.33837942 0.56660736 0.08687406 0.00813917],0.0
271,GOVPRIOiF1_W41,RELIGATTEND,More than once a week,[0.41818522 0.42705031 0.1456551  0.00910937],0.0
272,GOVPRIOiF1_W41,RELIGATTEND,Never,[0.34468189 0.53250258 0.11359762 0.0092179 ],0.0
273,GOVPRIOiF1_W41,RELIGATTEND,Once a week,[0.3811449  0.50940658 0.08841247 0.02103605],0.0
274,GOVPRIOiF1_W41,RELIGATTEND,Once or twice a month,[0.3941487  0.40559123 0.20026007 0.        ],0.0
275,GOVPRIOiF1_W41,RELIGATTEND,Seldom,[0.33884788 0.52202475 0.13505199 0.00407537],0.0
276,HAPPENj_W41,RELIGATTEND,A few times a year,[0.64615461 0.35384539],0.08696618212592505
277,HAPPENj_W41,RELIGATTEND,More than once a week,[0.78346143 0.21653857],0.21942605927456757
278,HAPPENj_W41,RELIGATTEND,Never,[0.71326189 0.28673811],0.08035293227435307
279,HAPPENj_W41,RELIGATTEND,Once a week,[0.72947367 0.27052633],0.09096431274287291
280,HAPPENj_W41,RELIGATTEND,Once or twice a month,[0.68477039 0.31522961],0.09723165569876334
281,HAPPENj_W41,RELIGATTEND,Seldom,[0.73342235 0.26657765],0.08937952549138217
282,AUTOWKPLC_W41,RELIGATTEND,A few times a year,[0.25259572 0.49309967 0.25430461],0.003244226235033114
283,AUTOWKPLC_W41,RELIGATTEND,More than once a week,[0.31856194 0.46827106 0.213167  ],0.0020582545761919503
284,AUTOWKPLC_W41,RELIGATTEND,Never,[0.19497185 0.4764601  0.32856805],0.015148172591473039
285,AUTOWKPLC_W41,RELIGATTEND,Once a week,[0.25685045 0.49001411 0.25313544],0.0101052730851403
286,AUTOWKPLC_W41,RELIGATTEND,Once or twice a month,[0.17192614 0.51815433 0.30991953],0.005573605843604788
287,AUTOWKPLC_W41,RELIGATTEND,Seldom,[0.20219664 0.50008223 0.29772113],0.007990775246155282
288,WRKTRN1F2_W41,RELIGATTEND,A few times a year,[0.14028445 0.01805454 0.57724038 0.26442062],0.007598881153576493
289,WRKTRN1F2_W41,RELIGATTEND,More than once a week,[0.04614097 0.06948006 0.41932084 0.46505813],0.0
290,WRKTRN1F2_W41,RELIGATTEND,Never,[0.12800901 0.07145924 0.56665    0.23388175],0.005079696653915747
291,WRKTRN1F2_W41,RELIGATTEND,Once a week,[0.07721442 0.04195417 0.44172533 0.43910608],0.011290771420917002
292,WRKTRN1F2_W41,RELIGATTEND,Once or twice a month,[0.11958168 0.03223458 0.58194499 0.26623876],0.0
293,WRKTRN1F2_W41,RELIGATTEND,Seldom,[0.05397108 0.02986863 0.55680597 0.35935432],0.006379875507100421
294,HARASS1F1d_W41,RELIGATTEND,A few times a year,[0.63796512 0.3122212  0.04981367],0.0
295,HARASS1F1d_W41,RELIGATTEND,More than once a week,[0.58235757 0.29528998 0.12235246],0.06170388193919697
296,HARASS1F1d_W41,RELIGATTEND,Never,[0.63650306 0.27276173 0.09073521],0.008228865064816137
297,HARASS1F1d_W41,RELIGATTEND,Once a week,[0.63392362 0.27306604 0.09301034],0.0
298,HARASS1F1d_W41,RELIGATTEND,Once or twice a month,[0.42121606 0.45625372 0.12253023],0.0032218188472356362
299,HARASS1F1d_W41,RELIGATTEND,Seldom,[0.56393591 0.3930019  0.04306219],0.0035429793504179294
300,HAPPEN2g_W41,RELIGATTEND,A few times a year,[0.31633145 0.53957572 0.11988594 0.02420689],0.0
301,HAPPEN2g_W41,RELIGATTEND,More than once a week,[0.35347659 0.49709245 0.11990018 0.02953078],0.01906914515226408
302,HAPPEN2g_W41,RELIGATTEND,Never,[0.33495867 0.46116186 0.1619592  0.04192027],0.0
303,HAPPEN2g_W41,RELIGATTEND,Once a week,[0.30816721 0.54342827 0.12657673 0.02182779],0.0052316178197073585
304,HAPPEN2g_W41,RELIGATTEND,Once or twice a month,[0.36544482 0.42450384 0.16298164 0.0470697 ],0.020229768205693204
305,HAPPEN2g_W41,RELIGATTEND,Seldom,[0.36300317 0.5045778  0.10781407 0.02460495],0.0
306,FTRWORRYd_W41,RELIGATTEND,A few times a year,[0.46179913 0.43217952 0.098084   0.00793736],0.0035238908413322396
307,FTRWORRYd_W41,RELIGATTEND,More than once a week,[0.42337624 0.38076932 0.16883699 0.02701745],0.0
308,FTRWORRYd_W41,RELIGATTEND,Never,[0.54647178 0.3359664  0.09124987 0.02631194],0.004033927899259559
309,FTRWORRYd_W41,RELIGATTEND,Once a week,[0.41455691 0.46125688 0.09597547 0.02821074],0.004816814103676602
310,FTRWORRYd_W41,RELIGATTEND,Once or twice a month,[0.42138713 0.3895482  0.16139912 0.02766556],0.0
311,FTRWORRYd_W41,RELIGATTEND,Seldom,[0.47442736 0.40607073 0.1026236  0.01687831],0.0004425721785710073
312,GOVPRIOe_W41,RELIGATTEND,A few times a year,[0.40444589 0.42226691 0.12146815 0.05181904],0.003261557662426355
313,GOVPRIOe_W41,RELIGATTEND,More than once a week,[0.44973276 0.28061505 0.14595143 0.12370076],0.005631792563846233
314,GOVPRIOe_W41,RELIGATTEND,Never,[0.5307455  0.30373372 0.12666601 0.03885477],0.0011477913284225429
315,GOVPRIOe_W41,RELIGATTEND,Once a week,[0.38051798 0.37516939 0.1533979  0.09091473],0.007134514348481122
316,GOVPRIOe_W41,RELIGATTEND,Once or twice a month,[0.40184007 0.37407766 0.18601463 0.03806763],0.0011031962615255131
317,GOVPRIOe_W41,RELIGATTEND,Seldom,[0.37979324 0.4254773  0.15611164 0.03861782],0.004304537554253097
318,HAPPENa_W41,RELIGATTEND,A few times a year,[0.40732697 0.59267303],0.08653689666279246
319,HAPPENa_W41,RELIGATTEND,More than once a week,[0.47263273 0.52736727],0.12095233526289058
320,HAPPENa_W41,RELIGATTEND,Never,[0.37735907 0.62264093],0.0791063076903487
321,HAPPENa_W41,RELIGATTEND,Once a week,[0.4511178 0.5488822],0.07422854712793649
322,HAPPENa_W41,RELIGATTEND,Once or twice a month,[0.49264006 0.50735994],0.07423409670387025
323,HAPPENa_W41,RELIGATTEND,Seldom,[0.40379582 0.59620418],0.08479177215447545
324,SOLVPROBdF1_W41,RELIGATTEND,A few times a year,[0.08887693 0.42968894 0.31639588 0.16503825],0.0
325,SOLVPROBdF1_W41,RELIGATTEND,More than once a week,[0.09707721 0.43140569 0.27171851 0.19979859],0.05138299456042333
326,SOLVPROBdF1_W41,RELIGATTEND,Never,[0.0531816  0.37458033 0.36860655 0.20363152],0.00817466606681468
327,SOLVPROBdF1_W41,RELIGATTEND,Once a week,[0.10641212 0.33476194 0.39995045 0.15887549],0.0008406781790371577
328,SOLVPROBdF1_W41,RELIGATTEND,Once or twice a month,[0.11685384 0.37134984 0.3205947  0.19120162],0.0
329,SOLVPROBdF1_W41,RELIGATTEND,Seldom,[0.04514114 0.3338531  0.39005611 0.23094965],0.013754005924152107
330,HAPPEN2a_W41,RELIGATTEND,A few times a year,[0.12241276 0.49784385 0.33601226 0.04373113],0.006275743530441019
331,HAPPEN2a_W41,RELIGATTEND,More than once a week,[0.15422019 0.43702427 0.38596658 0.02278896],0.028599183626687452
332,HAPPEN2a_W41,RELIGATTEND,Never,[0.13432005 0.47724414 0.34731225 0.04112356],0.008036278031900861
333,HAPPEN2a_W41,RELIGATTEND,Once a week,[0.10390746 0.51081686 0.35241474 0.03286094],0.014229752609575645
334,HAPPEN2a_W41,RELIGATTEND,Once or twice a month,[0.10888009 0.38235253 0.41788078 0.0908866 ],0.0
335,HAPPEN2a_W41,RELIGATTEND,Seldom,[0.09675591 0.50922042 0.35262854 0.04139513],0.005502207574148517
336,HAPPEN2h_W41,RELIGATTEND,A few times a year,[0.06040335 0.33448027 0.51708407 0.08803231],0.0006175796405561588
337,HAPPEN2h_W41,RELIGATTEND,More than once a week,[0.16977316 0.29202739 0.47796862 0.06023082],0.02481567414718577
338,HAPPEN2h_W41,RELIGATTEND,Never,[0.05512656 0.32790002 0.50761501 0.10935842],0.01261497067523333
339,HAPPEN2h_W41,RELIGATTEND,Once a week,[0.08542804 0.35748045 0.48571774 0.07137377],0.010687654366255718
340,HAPPEN2h_W41,RELIGATTEND,Once or twice a month,[0.0887113  0.2465096  0.55965153 0.10512757],0.0038939235543126297
341,HAPPEN2h_W41,RELIGATTEND,Seldom,[0.0459112  0.31749614 0.55283297 0.08375969],0.008394820718775191
342,SSCUT_W41,RELIGATTEND,A few times a year,[0.25112283 0.74887717],0.019302836646590087
343,SSCUT_W41,RELIGATTEND,More than once a week,[0.28438447 0.71561553],0.0
344,SSCUT_W41,RELIGATTEND,Never,[0.23805373 0.76194627],0.007047575051005543
345,SSCUT_W41,RELIGATTEND,Once a week,[0.28877023 0.71122977],0.013242706789695538
346,SSCUT_W41,RELIGATTEND,Once or twice a month,[0.25956119 0.74043881],0.0
347,SSCUT_W41,RELIGATTEND,Seldom,[0.24094087 0.75905913],0.004020627686097508
348,FUTR_DIV_W41,RELIGATTEND,A few times a year,[0.31566522 0.11134565 0.57298913],0.006186095920669678
349,FUTR_DIV_W41,RELIGATTEND,More than once a week,[0.35792145 0.15710833 0.48497022],0.0026998790341743266
350,FUTR_DIV_W41,RELIGATTEND,Never,[0.26345536 0.11198472 0.62455992],0.012427832100664475
351,FUTR_DIV_W41,RELIGATTEND,Once a week,[0.33564479 0.11572855 0.54862666],0.021520952042582586
352,FUTR_DIV_W41,RELIGATTEND,Once or twice a month,[0.24025739 0.17286658 0.58687603],0.0
353,FUTR_DIV_W41,RELIGATTEND,Seldom,[0.27733065 0.10588112 0.61678823],0.01399785887441367
354,ELDFINANCEF1_W41,RELIGATTEND,A few times a year,[0.38336946 0.26624466 0.35038588],0.004934160621113258
355,ELDFINANCEF1_W41,RELIGATTEND,More than once a week,[0.31332714 0.30375827 0.38291459],0.0
356,ELDFINANCEF1_W41,RELIGATTEND,Never,[0.37137012 0.2750079  0.35362197],0.006957344455551977
357,ELDFINANCEF1_W41,RELIGATTEND,Once a week,[0.33968432 0.33084326 0.32947242],0.0008406781790371577
358,ELDFINANCEF1_W41,RELIGATTEND,Once or twice a month,[0.36733675 0.20994065 0.42272259],0.0032218188472356362
359,ELDFINANCEF1_W41,RELIGATTEND,Seldom,[0.32823295 0.28046811 0.39129894],0.01574744428958846
360,ENVC_W41,RELIGATTEND,A few times a year,[0.18012705 0.59257314 0.22729982],0.0
361,ENVC_W41,RELIGATTEND,More than once a week,[0.22237093 0.52392399 0.25370508],0.0008822197698862268
362,ENVC_W41,RELIGATTEND,Never,[0.11917954 0.71075325 0.17006722],0.0037827120394790933
363,ENVC_W41,RELIGATTEND,Once a week,[0.18913104 0.44801354 0.36285542],0.004984790644098729
364,ENVC_W41,RELIGATTEND,Once or twice a month,[0.2061516  0.47795718 0.31589122],0.0060104561263780954
365,ENVC_W41,RELIGATTEND,Seldom,[0.14448032 0.57418144 0.28133823],0.001842229441286182
366,GOVPRIOa_W41,RELIGATTEND,A few times a year,[0.51198087 0.38078831 0.10265346 0.00457736],0.0059286491877192805
367,GOVPRIOa_W41,RELIGATTEND,More than once a week,[0.60545764 0.34525758 0.04705597 0.00222881],0.01041978692282466
368,GOVPRIOa_W41,RELIGATTEND,Never,[0.4075595  0.46383013 0.11144483 0.01716554],0.005932179602427566
369,GOVPRIOa_W41,RELIGATTEND,Once a week,[0.61665712 0.3307974  0.05013174 0.00241374],0.0024565172729627337
370,GOVPRIOa_W41,RELIGATTEND,Once or twice a month,[0.53093303 0.41657513 0.05249184 0.        ],0.01421931207931511
371,GOVPRIOa_W41,RELIGATTEND,Seldom,[0.45834415 0.45296614 0.07766188 0.01102783],0.0022610746800263153
372,ELDFINANCEF2_W41,RELIGATTEND,A few times a year,[0.18524295 0.58552922 0.22922782],0.013513426064947123
373,ELDFINANCEF2_W41,RELIGATTEND,More than once a week,[0.28925765 0.56466277 0.14607958],0.021905030774892132
374,ELDFINANCEF2_W41,RELIGATTEND,Never,[0.11308515 0.59161998 0.29529488],0.027134819958531925
375,ELDFINANCEF2_W41,RELIGATTEND,Once a week,[0.13065952 0.48559177 0.3837487 ],0.029789169848217792
376,ELDFINANCEF2_W41,RELIGATTEND,Once or twice a month,[0.12430361 0.5920812  0.28361519],0.017611571588143516
377,ELDFINANCEF2_W41,RELIGATTEND,Seldom,[0.14970143 0.56734064 0.28295793],0.026742413018241276
378,HAPPENg_W41,RELIGATTEND,A few times a year,[0.53996657 0.46003343],0.08604507930649465
379,HAPPENg_W41,RELIGATTEND,More than once a week,[0.54177907 0.45822093],0.12567776713662546
380,HAPPENg_W41,RELIGATTEND,Never,[0.63037007 0.36962993],0.07116249525816323
381,HAPPENg_W41,RELIGATTEND,Once a week,[0.43413112 0.56586888],0.08457610581635965
382,HAPPENg_W41,RELIGATTEND,Once or twice a month,[0.46799726 0.53200274],0.09907866372282288
383,HAPPENg_W41,RELIGATTEND,Seldom,[0.53054183 0.46945817],0.10070464703378504
384,OPTIMIST_W41,RELIGATTEND,A few times a year,[0.14466658 0.45571899 0.30052748 0.09908695],0.0
385,OPTIMIST_W41,RELIGATTEND,More than once a week,[0.19577927 0.42965944 0.2598615  0.11469979],0.013475193593009338
386,OPTIMIST_W41,RELIGATTEND,Never,[0.10176626 0.38247702 0.32534832 0.19040839],0.0
387,OPTIMIST_W41,RELIGATTEND,Once a week,[0.136918   0.51836508 0.22665531 0.11806161],0.006659623174566445
388,OPTIMIST_W41,RELIGATTEND,Once or twice a month,[0.12696228 0.44993421 0.3397519  0.0833516 ],0.002955257118435395
389,OPTIMIST_W41,RELIGATTEND,Seldom,[0.08302441 0.44202154 0.37339109 0.10156296],0.0005523869269695649
390,JOBBENEFITS_W41,RELIGATTEND,A few times a year,[0.26289637 0.39317084 0.3439328 ],0.007467111228911537
391,JOBBENEFITS_W41,RELIGATTEND,More than once a week,[0.25986454 0.37087438 0.36926108],0.019036861699879806
392,JOBBENEFITS_W41,RELIGATTEND,Never,[0.18890283 0.45883961 0.35225757],0.003768366669488902
393,JOBBENEFITS_W41,RELIGATTEND,Once a week,[0.23481181 0.37965739 0.3855308 ],0.006224607167823931
394,JOBBENEFITS_W41,RELIGATTEND,Once or twice a month,[0.23888729 0.35407072 0.40704199],0.0022838476954576536
395,JOBBENEFITS_W41,RELIGATTEND,Seldom,[0.22654745 0.41715009 0.35630246],0.008243453287507353
396,AUTOLKLY_W41,RELIGATTEND,A few times a year,[0.15113019 0.26606506 0.37370046 0.20910429],0.0
397,AUTOLKLY_W41,RELIGATTEND,More than once a week,[0.19131921 0.26058616 0.33413378 0.21396085],0.0
398,AUTOLKLY_W41,RELIGATTEND,Never,[0.10776017 0.25129977 0.38612783 0.25481223],0.008727099458095145
399,AUTOLKLY_W41,RELIGATTEND,Once a week,[0.09029944 0.24964695 0.37357854 0.28647508],0.011835653293568277
400,AUTOLKLY_W41,RELIGATTEND,Once or twice a month,[0.06209878 0.34441425 0.34105653 0.25243045],0.0
401,AUTOLKLY_W41,RELIGATTEND,Seldom,[0.11394601 0.22838972 0.4186708  0.23899347],0.0
402,SOLVPROBa_W41,RELIGATTEND,A few times a year,[0.46706408 0.43652941 0.04912517 0.04728134],0.0030242235233141146
403,SOLVPROBa_W41,RELIGATTEND,More than once a week,[0.3045106  0.47079559 0.16362034 0.06107347],0.03858339895155672
404,SOLVPROBa_W41,RELIGATTEND,Never,[0.53402771 0.37465907 0.0671166  0.02419662],0.011925740457219305
405,SOLVPROBa_W41,RELIGATTEND,Once a week,[0.33705958 0.48106871 0.12451402 0.0573577 ],0.01619816909872333
406,SOLVPROBa_W41,RELIGATTEND,Once or twice a month,[0.34316039 0.54086091 0.10210271 0.013876  ],0.004449561983856591
407,SOLVPROBa_W41,RELIGATTEND,Seldom,[0.41363557 0.48966579 0.07283817 0.02386047],0.031106014085034456
408,SOLVPROBi_W41,RELIGATTEND,A few times a year,[0.2870487  0.53356532 0.15678121 0.02260477],0.008498872053236036
409,SOLVPROBi_W41,RELIGATTEND,More than once a week,[0.29537604 0.47120712 0.14476565 0.08865118],0.03988271191350009
410,SOLVPROBi_W41,RELIGATTEND,Never,[0.23898089 0.57200958 0.14430051 0.04470901],0.009332883971428362
411,SOLVPROBi_W41,RELIGATTEND,Once a week,[0.23805049 0.50550426 0.20820377 0.04824149],0.011079382279170377
412,SOLVPROBi_W41,RELIGATTEND,Once or twice a month,[0.30351188 0.41642857 0.25294234 0.02711721],0.004449561983856591
413,SOLVPROBi_W41,RELIGATTEND,Seldom,[0.22457704 0.55062222 0.17333586 0.05146488],0.01855045803176371
414,HAPPEN2b_W41,RELIGATTEND,A few times a year,[0.18111289 0.51727395 0.26693876 0.0346744 ],0.0
415,HAPPEN2b_W41,RELIGATTEND,More than once a week,[0.17621709 0.47019138 0.29088186 0.06270968],0.009580950622865191
416,HAPPEN2b_W41,RELIGATTEND,Never,[0.26854965 0.4455941  0.26882583 0.01703042],0.0021939681464471523
417,HAPPEN2b_W41,RELIGATTEND,Once a week,[0.17683759 0.42905694 0.35859618 0.0355093 ],0.0054008081830761315
418,HAPPEN2b_W41,RELIGATTEND,Once or twice a month,[0.13052425 0.4957589  0.31014493 0.06357192],0.01080965301761403
419,HAPPEN2b_W41,RELIGATTEND,Seldom,[0.20490198 0.46549718 0.2697385  0.05986234],0.008091293729176387
420,HAPPEN2c_W41,RELIGATTEND,A few times a year,[0.08072174 0.54738667 0.32123147 0.05066012],0.0027560827913561503
421,HAPPEN2c_W41,RELIGATTEND,More than once a week,[0.10469241 0.62390155 0.21341507 0.05799097],0.03404394122933263
422,HAPPEN2c_W41,RELIGATTEND,Never,[0.08971533 0.45757387 0.41762821 0.03508259],0.014637258909273474
423,HAPPEN2c_W41,RELIGATTEND,Once a week,[0.06823257 0.57553665 0.33210985 0.02412092],0.0041614880361251156
424,HAPPEN2c_W41,RELIGATTEND,Once or twice a month,[0.10229177 0.50559118 0.34875472 0.04336233],0.0
425,HAPPEN2c_W41,RELIGATTEND,Seldom,[0.08875808 0.4787518  0.37851578 0.05397435],0.007927775919688136
426,INTRMAR_W41,RELIGATTEND,A few times a year,[0.29554637 0.19176339 0.10272931 0.02456931 0.38539162],0.0030242235233141146
427,INTRMAR_W41,RELIGATTEND,More than once a week,[0.17275052 0.21111624 0.07358008 0.04197846 0.5005747 ],0.0
428,INTRMAR_W41,RELIGATTEND,Never,[0.38335391 0.13757009 0.04087744 0.03801495 0.40018361],0.004855893072731841
429,INTRMAR_W41,RELIGATTEND,Once a week,[0.27629667 0.21565565 0.10660459 0.03267218 0.36877091],0.014204680769265322
430,INTRMAR_W41,RELIGATTEND,Once or twice a month,[0.18072785 0.25596961 0.07853326 0.02355218 0.4612171 ],0.0016796822892921589
431,INTRMAR_W41,RELIGATTEND,Seldom,[0.28313739 0.21784683 0.0623409  0.03874882 0.39792606],0.01232947960347192
432,FUTR_M_W41,RELIGATTEND,A few times a year,[0.08568783 0.52781744 0.38649473],0.0032259360052815955
433,FUTR_M_W41,RELIGATTEND,More than once a week,[0.07897112 0.57379373 0.34723515],0.000882219769886227
434,FUTR_M_W41,RELIGATTEND,Never,[0.05745107 0.53729355 0.40525538],0.008962215900298248
435,FUTR_M_W41,RELIGATTEND,Once a week,[0.09141571 0.5221406  0.38644369],0.011513137796024673
436,FUTR_M_W41,RELIGATTEND,Once or twice a month,[0.09449321 0.49637231 0.40913448],0.0
437,FUTR_M_W41,RELIGATTEND,Seldom,[0.05955756 0.52499216 0.41545027],0.017029542075559557
438,SSMONEY_W41,RELIGATTEND,A few times a year,[0.19066334 0.45445882 0.35487784],0.015932710036141634
439,SSMONEY_W41,RELIGATTEND,More than once a week,[0.2445197 0.4709143 0.284566 ],0.019548059758564152
440,SSMONEY_W41,RELIGATTEND,Never,[0.12748723 0.37537942 0.49713334],0.005749342688523058
441,SSMONEY_W41,RELIGATTEND,Once a week,[0.15158157 0.48876335 0.35965508],0.010157276046390322
442,SSMONEY_W41,RELIGATTEND,Once or twice a month,[0.16886271 0.37680622 0.45433108],0.014233943385545421
443,SSMONEY_W41,RELIGATTEND,Seldom,[0.15999608 0.40761383 0.43239009],0.005521658409080204
444,GOVPRIOoF2_W41,RELIGATTEND,A few times a year,[0.51157652 0.286394   0.16355908 0.0384704 ],0.0
445,GOVPRIOoF2_W41,RELIGATTEND,More than once a week,[0.31061791 0.31776779 0.21011391 0.16150039],0.0
446,GOVPRIOoF2_W41,RELIGATTEND,Never,[0.5984539  0.22814182 0.12352936 0.04987491],0.002100123926950561
447,GOVPRIOoF2_W41,RELIGATTEND,Once a week,[0.32765525 0.34239    0.183232   0.14672275],0.0068610902792636186
448,GOVPRIOoF2_W41,RELIGATTEND,Once or twice a month,[0.36211096 0.30301875 0.30096743 0.03390286],0.030801054673056775
449,GOVPRIOoF2_W41,RELIGATTEND,Seldom,[0.50853678 0.28225804 0.15614367 0.05306151],0.0
450,HAPPENiF2_W41,RELIGATTEND,A few times a year,[0.48428936 0.51571064],0.0817915499076134
451,HAPPENiF2_W41,RELIGATTEND,More than once a week,[0.50667719 0.49332281],0.09754922407716225
452,HAPPENiF2_W41,RELIGATTEND,Never,[0.37034438 0.62965562],0.07578867387062924
453,HAPPENiF2_W41,RELIGATTEND,Once a week,[0.54465147 0.45534853],0.07222448667757833
454,HAPPENiF2_W41,RELIGATTEND,Once or twice a month,[0.53316771 0.46683229],0.07310578961468234
455,HAPPENiF2_W41,RELIGATTEND,Seldom,[0.4502486 0.5497514],0.11627775968039292
456,HARASS1F1b_W41,RELIGATTEND,A few times a year,[0.54618001 0.36816698 0.08565301],0.0
457,HARASS1F1b_W41,RELIGATTEND,More than once a week,[0.60252065 0.32505088 0.07242848],0.06546850008399113
458,HARASS1F1b_W41,RELIGATTEND,Never,[0.44827333 0.35146584 0.20026083],0.008082303957987657
459,HARASS1F1b_W41,RELIGATTEND,Once a week,[0.56614201 0.36102773 0.07283026],0.001618676987245346
460,HARASS1F1b_W41,RELIGATTEND,Once or twice a month,[0.35116105 0.40126852 0.24757044],0.0
461,HARASS1F1b_W41,RELIGATTEND,Seldom,[0.53675533 0.32523324 0.13801143],0.0
462,FUTRCLASSc_W41,RELIGATTEND,A few times a year,[0.62746247 0.17814143 0.1943961 ],0.0
463,FUTRCLASSc_W41,RELIGATTEND,More than once a week,[0.59676278 0.18411631 0.21912091],0.004787994358978427
464,FUTRCLASSc_W41,RELIGATTEND,Never,[0.65732967 0.18416515 0.15850518],0.00323730072969928
465,FUTRCLASSc_W41,RELIGATTEND,Once a week,[0.55072884 0.21631904 0.23295212],0.002488498538570189
466,FUTRCLASSc_W41,RELIGATTEND,Once or twice a month,[0.61814695 0.2013943  0.18045875],0.005177584278995997
467,FUTRCLASSc_W41,RELIGATTEND,Seldom,[0.64334284 0.14545955 0.21119761],0.005148623776430822
468,LEGALIMG_W41,RELIGATTEND,A few times a year,[0.2443483  0.49287615 0.26277555],0.0
469,LEGALIMG_W41,RELIGATTEND,More than once a week,[0.20265981 0.47867228 0.31866791],0.013165328133424093
470,LEGALIMG_W41,RELIGATTEND,Never,[0.35523837 0.48240292 0.16235871],0.01954329697558882
471,LEGALIMG_W41,RELIGATTEND,Once a week,[0.24580599 0.57439912 0.17979489],0.009970765563991098
472,LEGALIMG_W41,RELIGATTEND,Once or twice a month,[0.2547829  0.52154733 0.22366977],0.0
473,LEGALIMG_W41,RELIGATTEND,Seldom,[0.23534334 0.48617593 0.27848072],0.005281209346157493
474,HARASS4_W41,RELIGATTEND,A few times a year,[0.51121055 0.48878945],0.012102634087836987
475,HARASS4_W41,RELIGATTEND,More than once a week,[0.53038938 0.46961062],0.030618945449272572
476,HARASS4_W41,RELIGATTEND,Never,[0.53813468 0.46186532],0.0007077432123219615
477,HARASS4_W41,RELIGATTEND,Once a week,[0.44087687 0.55912313],0.007781329927672846
478,HARASS4_W41,RELIGATTEND,Once or twice a month,[0.54739926 0.45260074],0.001679682289292159
479,HARASS4_W41,RELIGATTEND,Seldom,[0.54383756 0.45616244],0.000552386926969565
480,ETHNCMAJMOD_W41,RELIGATTEND,A few times a year,[0.15265246 0.23377339 0.17325173 0.0639228  0.37639962],0.01250603638380488
481,ETHNCMAJMOD_W41,RELIGATTEND,More than once a week,[0.1570499  0.15865451 0.14882286 0.08570646 0.44976627],0.0035760293224063474
482,ETHNCMAJMOD_W41,RELIGATTEND,Never,[0.18981135 0.16300167 0.12887517 0.07975156 0.43856026],0.005758392481337755
483,ETHNCMAJMOD_W41,RELIGATTEND,Once a week,[0.15835121 0.19071457 0.17732095 0.06751756 0.40609571],0.005094418895800269
484,ETHNCMAJMOD_W41,RELIGATTEND,Once or twice a month,[0.19981136 0.20487459 0.11526711 0.07439752 0.40564941],0.0
485,ETHNCMAJMOD_W41,RELIGATTEND,Seldom,[0.15441768 0.17198969 0.1575497  0.08605632 0.42998662],0.005425999822480214
486,SOLVPROBf_W41,RELIGATTEND,A few times a year,[0.1395788  0.31225579 0.30202974 0.24613566],0.0008621195532487687
487,SOLVPROBf_W41,RELIGATTEND,More than once a week,[0.14166069 0.24119068 0.24231267 0.37483596],0.02066571271598963
488,SOLVPROBf_W41,RELIGATTEND,Never,[0.10628588 0.34454826 0.28475359 0.26441226],0.015309853414326714
489,SOLVPROBf_W41,RELIGATTEND,Once a week,[0.09684512 0.27594718 0.36678068 0.26042702],0.0118914301931935
490,SOLVPROBf_W41,RELIGATTEND,Once or twice a month,[0.16456886 0.24657412 0.28957819 0.29927882],0.009090835538354193
491,SOLVPROBf_W41,RELIGATTEND,Seldom,[0.08158137 0.35696028 0.33661103 0.22484733],0.021847430754873023
492,HAPPENc_W41,RELIGATTEND,A few times a year,[0.55761452 0.44238548],0.06721774267028276
493,HAPPENc_W41,RELIGATTEND,More than once a week,[0.60335042 0.39664958],0.16340044691456748
494,HAPPENc_W41,RELIGATTEND,Never,[0.53795405 0.46204595],0.07900178257921671
495,HAPPENc_W41,RELIGATTEND,Once a week,[0.56082071 0.43917929],0.09465512118357282
496,HAPPENc_W41,RELIGATTEND,Once or twice a month,[0.56709773 0.43290227],0.07713672514182486
497,HAPPENc_W41,RELIGATTEND,Seldom,[0.57360488 0.42639512],0.1095961987891933
498,FTRWORRYa_W41,RELIGATTEND,A few times a year,[0.31245561 0.49510641 0.16894618 0.02349181],0.014986378068409476
499,FTRWORRYa_W41,RELIGATTEND,More than once a week,[0.2446865  0.36843608 0.36587352 0.02100389],0.00932850203052825
500,FTRWORRYa_W41,RELIGATTEND,Never,[0.32114573 0.44726003 0.20222632 0.02936792],0.0013839139805222219
501,FTRWORRYa_W41,RELIGATTEND,Once a week,[0.25517386 0.44588368 0.25811441 0.04082804],0.0055898770002393485
502,FTRWORRYa_W41,RELIGATTEND,Once or twice a month,[0.21918972 0.43811994 0.28539064 0.0572997 ],0.0
503,FTRWORRYa_W41,RELIGATTEND,Seldom,[0.27699365 0.47215039 0.22144761 0.02940835],0.0032387008448238764
504,HAPPEN2d_W41,RELIGATTEND,A few times a year,[0.12898963 0.42168044 0.39188511 0.05744482],0.0035681860091349073
505,HAPPEN2d_W41,RELIGATTEND,More than once a week,[0.06982423 0.38770889 0.36616997 0.17629691],0.024550394366428616
506,HAPPEN2d_W41,RELIGATTEND,Never,[0.16603524 0.44032177 0.32206316 0.07157983],0.015237137484032468
507,HAPPEN2d_W41,RELIGATTEND,Once a week,[0.09898963 0.41298463 0.41660243 0.07142331],0.0032016086970738052
508,HAPPEN2d_W41,RELIGATTEND,Once or twice a month,[0.08830687 0.30336659 0.4498659  0.15846064],0.0060104561263780954
509,HAPPEN2d_W41,RELIGATTEND,Seldom,[0.12501079 0.40552382 0.4062966  0.0631688 ],0.007017406350762462
510,POPPROB_W41,RELIGATTEND,A few times a year,[0.48373058 0.33993478 0.17633463],0.010334178357287777
511,POPPROB_W41,RELIGATTEND,More than once a week,[0.37248229 0.35486628 0.27265142],0.0
512,POPPROB_W41,RELIGATTEND,Never,[0.49826738 0.35901641 0.14271621],0.0042762734844712606
513,POPPROB_W41,RELIGATTEND,Once a week,[0.40649994 0.3889068  0.20459326],0.005383201277056123
514,POPPROB_W41,RELIGATTEND,Once or twice a month,[0.37170541 0.38580762 0.24248697],0.0060104561263780954
515,POPPROB_W41,RELIGATTEND,Seldom,[0.45446933 0.3562697  0.18926097],0.0005639933620369373
516,GOVPRIOc_W41,RELIGATTEND,A few times a year,[0.69508268 0.20319929 0.07735392 0.02436411],0.0035698994773239465
517,GOVPRIOc_W41,RELIGATTEND,More than once a week,[0.6140623  0.20848904 0.09302563 0.08442304],0.004787994358978427
518,GOVPRIOc_W41,RELIGATTEND,Never,[0.72096047 0.18707199 0.04702354 0.04494399],0.0010637410037169469
519,GOVPRIOc_W41,RELIGATTEND,Once a week,[0.63059431 0.22109495 0.09100404 0.0573067 ],0.0011758814398855732
520,GOVPRIOc_W41,RELIGATTEND,Once or twice a month,[0.63365537 0.24774839 0.06848804 0.05010821],0.0
521,GOVPRIOc_W41,RELIGATTEND,Seldom,[0.69122066 0.19083833 0.06907046 0.04887054],0.0007923755178015642
522,GOVPRIOgF1_W41,RELIGATTEND,A few times a year,[0.37372097 0.35051473 0.19063015 0.08513415],0.007082843829625277
523,GOVPRIOgF1_W41,RELIGATTEND,More than once a week,[0.53479769 0.27074275 0.16919591 0.02526365],0.004332124541870429
524,GOVPRIOgF1_W41,RELIGATTEND,Never,[0.28305889 0.26911023 0.31330601 0.13452487],0.0023258816581476936
525,GOVPRIOgF1_W41,RELIGATTEND,Once a week,[0.41702568 0.2822105  0.21240051 0.08836331],0.0
526,GOVPRIOgF1_W41,RELIGATTEND,Once or twice a month,[0.46217944 0.24601338 0.19273906 0.09906812],0.0
527,GOVPRIOgF1_W41,RELIGATTEND,Seldom,[0.40176289 0.29529548 0.216913   0.08602863],0.000873120780941134
528,HARASS3NOWRKF2_W41,RELIGATTEND,A few times a year,[0.17200407 0.49721203 0.3307839 ],0.0
529,HARASS3NOWRKF2_W41,RELIGATTEND,More than once a week,[0.09617743 0.68791331 0.21590926],0.014532872544794642
530,HARASS3NOWRKF2_W41,RELIGATTEND,Never,[0.1460377  0.45378597 0.40017634],0.006181166018971642
531,HARASS3NOWRKF2_W41,RELIGATTEND,Once a week,[0.08290772 0.69349906 0.22359322],0.022003369168948312
532,HARASS3NOWRKF2_W41,RELIGATTEND,Once or twice a month,[0.07378018 0.64960424 0.27661557],0.00560555937523921
533,HARASS3NOWRKF2_W41,RELIGATTEND,Seldom,[0.12190747 0.54426173 0.3338308 ],0.0
534,HARASS1NOWRKF2a_W41,RELIGATTEND,A few times a year,[0.53466068 0.40200199 0.06333734],0.0
535,HARASS1NOWRKF2a_W41,RELIGATTEND,More than once a week,[0.55697792 0.40574389 0.03727818],0.0
536,HARASS1NOWRKF2a_W41,RELIGATTEND,Never,[0.45543501 0.39988612 0.14467887],0.0038551823939874433
537,HARASS1NOWRKF2a_W41,RELIGATTEND,Once a week,[0.49579648 0.42735082 0.0768527 ],0.0
538,HARASS1NOWRKF2a_W41,RELIGATTEND,Once or twice a month,[0.54550047 0.31820256 0.13629697],0.0
539,HARASS1NOWRKF2a_W41,RELIGATTEND,Seldom,[0.46668262 0.45029111 0.08302627],0.004314457934004822
0,AVGFAM_W41,POLPARTY,Democrat,[0.21560632 0.33385956 0.45053412],0.0001758908860632007
1,AVGFAM_W41,POLPARTY,Independent,[0.18361854 0.36654291 0.44983854],0.0041272588536234054
2,AVGFAM_W41,POLPARTY,Other,[0.18300036 0.29437425 0.52262538],0.0
3,AVGFAM_W41,POLPARTY,Republican,[0.22291588 0.3865459  0.39053822],0.009494340374007712
4,HARASS5_W41,POLPARTY,Democrat,[0.12007237 0.3556662  0.52426143],0.004824063966492974
5,HARASS5_W41,POLPARTY,Independent,[0.12013414 0.38847067 0.49139519],0.00026366220004343967
6,HARASS5_W41,POLPARTY,Other,[0.09910797 0.43911438 0.46177765],0.0
7,HARASS5_W41,POLPARTY,Republican,[0.2255758  0.28815843 0.48626578],0.0
8,GOVPRIOmF2_W41,POLPARTY,Democrat,[0.58947233 0.3273608  0.05871037 0.0244565 ],0.009081499463034883
9,GOVPRIOmF2_W41,POLPARTY,Independent,[0.43060507 0.4223247  0.10066781 0.04640242],0.010008546425494556
10,GOVPRIOmF2_W41,POLPARTY,Other,[0.49322573 0.38850858 0.08770076 0.03056493],0.0
11,GOVPRIOmF2_W41,POLPARTY,Republican,[0.39625722 0.40414133 0.13353944 0.066062  ],0.010884520396790815
12,SOLVPROBg_W41,POLPARTY,Democrat,[0.17134903 0.49464753 0.24678839 0.08721506],0.018499718827344636
13,SOLVPROBg_W41,POLPARTY,Independent,[0.18230885 0.51806578 0.21377295 0.08585243],0.017443988601012737
14,SOLVPROBg_W41,POLPARTY,Other,[0.1385983  0.48270274 0.2013282  0.17737076],0.008805367304229752
15,SOLVPROBg_W41,POLPARTY,Republican,[0.35205503 0.54529662 0.08433647 0.01831188],0.015449305481310462
16,HARASS1F1a_W41,POLPARTY,Democrat,[0.403426  0.4166866 0.1798874],0.0012202525782817704
17,HARASS1F1a_W41,POLPARTY,Independent,[0.46787667 0.40492154 0.12720179],0.005701471238541834
18,HARASS1F1a_W41,POLPARTY,Other,[0.3995851  0.46314853 0.13726637],0.0011918054672603923
19,HARASS1F1a_W41,POLPARTY,Republican,[0.58488329 0.38119346 0.03392325],0.014093764669933999
20,ROBWRK2_W41,POLPARTY,Democrat,[0.07150463 0.24159864 0.4127864  0.27411033],0.003999814916676771
21,ROBWRK2_W41,POLPARTY,Independent,[0.06507649 0.24347461 0.41791415 0.27353476],0.0010528255620224827
22,ROBWRK2_W41,POLPARTY,Other,[0.07325785 0.24854986 0.35361937 0.32457292],0.005952856246291168
23,ROBWRK2_W41,POLPARTY,Republican,[0.05878988 0.26100472 0.41134378 0.26886162],0.0014388294274255632
24,ROBWRK_W41,POLPARTY,Democrat,[0.32105005 0.51931377 0.14779565 0.01184053],0.005578690701934833
25,ROBWRK_W41,POLPARTY,Independent,[0.30244622 0.53691256 0.14947425 0.01116697],0.0027803133843278126
26,ROBWRK_W41,POLPARTY,Other,[0.31630247 0.47171619 0.17864194 0.0333394 ],0.0009266698964539882
27,ROBWRK_W41,POLPARTY,Republican,[0.26378582 0.54865885 0.17341288 0.01414245],0.0007452191771592611
28,GOVPRIOnF2_W41,POLPARTY,Democrat,[0.1943155  0.25114608 0.15946677 0.39507165],0.002043527972842407
29,GOVPRIOnF2_W41,POLPARTY,Independent,[0.13627127 0.26287035 0.18155541 0.41930297],0.00468446713939711
30,GOVPRIOnF2_W41,POLPARTY,Other,[0.11385324 0.44801544 0.12540075 0.31273056],0.03064150145169509
31,GOVPRIOnF2_W41,POLPARTY,Republican,[0.09538385 0.30411995 0.23675866 0.36373754],0.007432470583921443
32,HARASS1NOWRKF2c_W41,POLPARTY,Democrat,[0.80644907 0.18592697 0.00762396],0.0003853223272177432
33,HARASS1NOWRKF2c_W41,POLPARTY,Independent,[0.69303311 0.2673328  0.03963409],0.0
34,HARASS1NOWRKF2c_W41,POLPARTY,Other,[0.64823132 0.27452852 0.07724015],0.010564990308135038
35,HARASS1NOWRKF2c_W41,POLPARTY,Republican,[0.56231756 0.37594205 0.06174039],0.0056929041494535905
36,HAPPENd_W41,POLPARTY,Democrat,[0.30662729 0.69337271],0.107953147736422
37,HAPPENd_W41,POLPARTY,Independent,[0.3059475 0.6940525],0.07587053552020712
38,HAPPENd_W41,POLPARTY,Other,[0.26784948 0.73215052],0.10846281699130486
39,HAPPENd_W41,POLPARTY,Republican,[0.45570292 0.54429708],0.06874614859732324
40,GOVPRIOd_W41,POLPARTY,Democrat,[0.46693521 0.42045857 0.10035511 0.01225111],0.004239190263086306
41,GOVPRIOd_W41,POLPARTY,Independent,[0.33626585 0.46771784 0.16916764 0.02684866],0.0
42,GOVPRIOd_W41,POLPARTY,Other,[0.29884439 0.49053692 0.19194836 0.01867033],0.0
43,GOVPRIOd_W41,POLPARTY,Republican,[0.20554292 0.56428159 0.19747936 0.03269612],0.0031797737180778883
44,HAPPEN2f_W41,POLPARTY,Democrat,[0.13048828 0.48433042 0.33017543 0.05500588],0.003683139060024993
45,HAPPEN2f_W41,POLPARTY,Independent,[0.14533588 0.56418231 0.2418606  0.04862121],0.004916374448446539
46,HAPPEN2f_W41,POLPARTY,Other,[0.16004333 0.45583317 0.32723898 0.05688453],0.010352079664522187
47,HAPPEN2f_W41,POLPARTY,Republican,[0.08445787 0.60084982 0.24492325 0.06976906],0.021256128503668825
48,FUTRCLASSb_W41,POLPARTY,Democrat,[0.27643332 0.46798806 0.25557863],0.004644777637470183
49,FUTRCLASSb_W41,POLPARTY,Independent,[0.24035404 0.52543876 0.2342072 ],0.0036746251757654746
50,FUTRCLASSb_W41,POLPARTY,Other,[0.25411721 0.48659448 0.25928831],0.008585857283575587
51,FUTRCLASSb_W41,POLPARTY,Republican,[0.30795097 0.38207226 0.30997677],0.0029060556150266982
52,NATDEBT_W41,POLPARTY,Democrat,[0.61993232 0.22319714 0.13825929 0.01861125],0.0025213363489597347
53,NATDEBT_W41,POLPARTY,Independent,[0.67815635 0.16729873 0.13380739 0.02073753],0.002026411248986019
54,NATDEBT_W41,POLPARTY,Other,[0.60269577 0.23636415 0.13417565 0.02676443],0.0020972283887746835
55,NATDEBT_W41,POLPARTY,Republican,[0.61901781 0.22203648 0.14337733 0.01556838],0.0020278019528811005
56,AGEMAJ_W41,POLPARTY,Democrat,[0.0471687  0.1570562  0.39303404 0.11972264 0.28301842],0.004737205097352052
57,AGEMAJ_W41,POLPARTY,Independent,[0.03500784 0.12539555 0.43229585 0.15488952 0.25241123],0.009301618099304939
58,AGEMAJ_W41,POLPARTY,Other,[0.05764819 0.11676287 0.388713   0.17155595 0.26531998],0.0009266698964539882
59,AGEMAJ_W41,POLPARTY,Republican,[0.0241798  0.10485759 0.48851778 0.13581472 0.2466301 ],0.009204437001965
60,HAPPENe_W41,POLPARTY,Democrat,[0.80199959 0.19800041],0.07484232167957572
61,HAPPENe_W41,POLPARTY,Independent,[0.81261311 0.18738689],0.060588821536678016
62,HAPPENe_W41,POLPARTY,Other,[0.83246806 0.16753194],0.11558053897691606
63,HAPPENe_W41,POLPARTY,Republican,[0.74163086 0.25836914],0.07410191450876862
64,ROBIMPACTb_W41,POLPARTY,Democrat,[0.32794475 0.67205525],0.0030876837044991616
65,ROBIMPACTb_W41,POLPARTY,Independent,[0.31437824 0.68562176],0.012905868054729742
66,ROBIMPACTb_W41,POLPARTY,Other,[0.43357474 0.56642526],0.005038706705974136
67,ROBIMPACTb_W41,POLPARTY,Republican,[0.33164156 0.66835844],0.017920101536819527
68,HARASS1NOWRKF2d_W41,POLPARTY,Democrat,[0.777541   0.19829935 0.02415965],0.0014458118691842551
69,HARASS1NOWRKF2d_W41,POLPARTY,Independent,[0.58189008 0.34122249 0.07688743],0.012447738708198468
70,HARASS1NOWRKF2d_W41,POLPARTY,Other,[0.58943224 0.31493281 0.09563495],0.014181475633420346
71,HARASS1NOWRKF2d_W41,POLPARTY,Republican,[0.39729841 0.44448797 0.15821363],0.0056929041494535905
72,HARASS1F1c_W41,POLPARTY,Democrat,[0.81015408 0.16583515 0.02401077],0.0
73,HARASS1F1c_W41,POLPARTY,Independent,[0.64795925 0.26921437 0.08282638],0.005701471238541834
74,HARASS1F1c_W41,POLPARTY,Other,[0.57364768 0.38461641 0.0417359 ],0.0
75,HARASS1F1c_W41,POLPARTY,Republican,[0.47046018 0.4421342  0.08740561],0.013193670808316025
76,HAPPENf_W41,POLPARTY,Democrat,[0.49269499 0.50730501],0.1052866810081272
77,HAPPENf_W41,POLPARTY,Independent,[0.41180237 0.58819763],0.07817016221407015
78,HAPPENf_W41,POLPARTY,Other,[0.37560725 0.62439275],0.08785749851228156
79,HAPPENf_W41,POLPARTY,Republican,[0.38564455 0.61435545],0.08071660209855527
80,FTRWORRYe_W41,POLPARTY,Democrat,[0.36259615 0.36365245 0.22456775 0.04918365],0.0008545675159730775
81,FTRWORRYe_W41,POLPARTY,Independent,[0.38948776 0.33269472 0.21838362 0.05943391],0.0
82,FTRWORRYe_W41,POLPARTY,Other,[0.42045853 0.35713018 0.17056031 0.05185098],0.0
83,FTRWORRYe_W41,POLPARTY,Republican,[0.52805041 0.31531909 0.12557183 0.03105866],0.0016175886101503145
84,GOVPRIOjF1_W41,POLPARTY,Democrat,[0.33631716 0.32273485 0.23050327 0.11044472],0.0
85,GOVPRIOjF1_W41,POLPARTY,Independent,[0.38251166 0.35579279 0.13668869 0.12500686],0.0
86,GOVPRIOjF1_W41,POLPARTY,Other,[0.33813778 0.38811971 0.21491097 0.05883154],0.0
87,GOVPRIOjF1_W41,POLPARTY,Republican,[0.48294192 0.40923372 0.10370352 0.00412084],0.0
88,SOLVPROBh_W41,POLPARTY,Democrat,[0.37434807 0.52096291 0.08533731 0.0193517 ],0.007414698204198284
89,SOLVPROBh_W41,POLPARTY,Independent,[0.23777226 0.50133941 0.16545095 0.09543738],0.0111844323916931
90,SOLVPROBh_W41,POLPARTY,Other,[0.1873924  0.56468294 0.14980731 0.09811735],0.00484991908046598
91,SOLVPROBh_W41,POLPARTY,Republican,[0.100836   0.47720451 0.26684541 0.15511407],0.01883842540037768
92,GOVPRIOhF1_W41,POLPARTY,Democrat,[0.15317332 0.19890013 0.15822048 0.48970608],0.0032863036755223065
93,GOVPRIOhF1_W41,POLPARTY,Independent,[0.15954865 0.18207754 0.1945942  0.4637796 ],0.0010495487249481603
94,GOVPRIOhF1_W41,POLPARTY,Other,[0.30097114 0.2198657  0.21764701 0.26151614],0.0040660397883898886
95,GOVPRIOhF1_W41,POLPARTY,Republican,[0.23951156 0.33081246 0.13400927 0.29566671],0.0031883307902701966
96,FTRWORRYb_W41,POLPARTY,Democrat,[0.37823559 0.41689051 0.17299609 0.03187782],0.0003280111550099032
97,FTRWORRYb_W41,POLPARTY,Independent,[0.38493652 0.36539198 0.20097511 0.04869639],0.002048256938683078
98,FTRWORRYb_W41,POLPARTY,Other,[0.44233165 0.37148052 0.15919775 0.02699009],0.003063742383319432
99,FTRWORRYb_W41,POLPARTY,Republican,[0.40309218 0.34277926 0.21252248 0.04160608],0.009232711680048238
100,ROBIMPACTa_W41,POLPARTY,Democrat,[0.80355005 0.19644995],0.0055519919057075914
101,ROBIMPACTa_W41,POLPARTY,Independent,[0.81046288 0.18953712],0.007852603831487488
102,ROBIMPACTa_W41,POLPARTY,Other,[0.74861966 0.25138034],0.01393991713534605
103,ROBIMPACTa_W41,POLPARTY,Republican,[0.71564101 0.28435899],0.016307544011449987
104,FTRWORRYf_W41,POLPARTY,Democrat,[0.63186661 0.27785071 0.07954971 0.01073297],0.0017364699358462053
105,FTRWORRYf_W41,POLPARTY,Independent,[0.44289636 0.26577294 0.20160376 0.08972694],0.0036292432214857693
106,FTRWORRYf_W41,POLPARTY,Other,[0.41764267 0.33036791 0.17760726 0.07438215],0.0
107,FTRWORRYf_W41,POLPARTY,Republican,[0.11693217 0.27478796 0.37235008 0.23592979],0.004834320392208906
108,GOVPRIOfF1_W41,POLPARTY,Democrat,[0.35286845 0.38150177 0.17750495 0.08812483],0.006641629641321842
109,GOVPRIOfF1_W41,POLPARTY,Independent,[0.2496955  0.37949541 0.21087793 0.15993116],0.006278454504293525
110,GOVPRIOfF1_W41,POLPARTY,Other,[0.26454092 0.31040942 0.31207963 0.11297003],0.0
111,GOVPRIOfF1_W41,POLPARTY,Republican,[0.07121909 0.19131163 0.25834834 0.47912093],0.0023575450428137495
112,GOVPRIOb_W41,POLPARTY,Democrat,[0.69959184 0.27019481 0.02534686 0.0048665 ],0.006253872941381439
113,GOVPRIOb_W41,POLPARTY,Independent,[0.55054785 0.3109664  0.08339441 0.05509134],0.0
114,GOVPRIOb_W41,POLPARTY,Other,[0.50702589 0.31926579 0.11512898 0.05857934],0.0
115,GOVPRIOb_W41,POLPARTY,Republican,[0.35733511 0.43142354 0.13179012 0.07945124],0.0036769469356393346
116,SOLVPROBc_W41,POLPARTY,Democrat,[0.13663919 0.41784986 0.27374385 0.1717671 ],0.012059055566940912
117,SOLVPROBc_W41,POLPARTY,Independent,[0.11629989 0.4175054  0.2893339  0.17686081],0.01925209704554909
118,SOLVPROBc_W41,POLPARTY,Other,[0.10413224 0.39367968 0.34112119 0.16106688],0.00759323834461524
119,SOLVPROBc_W41,POLPARTY,Republican,[0.22642396 0.54820995 0.17119391 0.05417219],0.022870541564901477
120,FUTRCLASSa_W41,POLPARTY,Democrat,[0.33969359 0.20422435 0.45608206],0.003801842586424469
121,FUTRCLASSa_W41,POLPARTY,Independent,[0.31472503 0.22592621 0.45934876],0.004571602108987863
122,FUTRCLASSa_W41,POLPARTY,Other,[0.3506313 0.2802499 0.3691188],0.0020972283887746835
123,FUTRCLASSa_W41,POLPARTY,Republican,[0.33989421 0.21821474 0.44189105],0.005241466436733963
124,GOVPRIOkF2_W41,POLPARTY,Democrat,[0.12909981 0.36257481 0.26261664 0.24570874],0.002043527972842407
125,GOVPRIOkF2_W41,POLPARTY,Independent,[0.19819512 0.4234184  0.19234796 0.18603852],0.009108750198548727
126,GOVPRIOkF2_W41,POLPARTY,Other,[0.1842188  0.3251049  0.29988089 0.1907954 ],0.0
127,GOVPRIOkF2_W41,POLPARTY,Republican,[0.41229827 0.44166773 0.10869975 0.03733425],0.013180234169984885
128,HAPPENb_W41,POLPARTY,Democrat,[0.40986571 0.59013429],0.0848540394251025
129,HAPPENb_W41,POLPARTY,Independent,[0.35365495 0.64634505],0.08097582315198451
130,HAPPENb_W41,POLPARTY,Other,[0.33173755 0.66826245],0.08759913260272677
131,HAPPENb_W41,POLPARTY,Republican,[0.36970375 0.63029625],0.07082717968455576
132,HAPPENhF1_W41,POLPARTY,Democrat,[0.37535572 0.62464428],0.08847485495768606
133,HAPPENhF1_W41,POLPARTY,Independent,[0.37742646 0.62257354],0.052327613423445246
134,HAPPENhF1_W41,POLPARTY,Other,[0.39022534 0.60977466],0.11152620645352487
135,HAPPENhF1_W41,POLPARTY,Republican,[0.36933014 0.63066986],0.08052463854255813
136,ELDCARE_W41,POLPARTY,Democrat,[0.30147014 0.69852986],0.004092816154314458
137,ELDCARE_W41,POLPARTY,Independent,[0.25062514 0.74937486],0.0054636907043442715
138,ELDCARE_W41,POLPARTY,Other,[0.27928736 0.72071264],0.02218311938762353
139,ELDCARE_W41,POLPARTY,Republican,[0.26963534 0.73036466],0.004954824448624325
140,JOBSECURITY_W41,POLPARTY,Democrat,[0.1598385  0.51712518 0.32303631],0.005392823278734746
141,JOBSECURITY_W41,POLPARTY,Independent,[0.10481663 0.54701613 0.34816724],0.001974232328805177
142,JOBSECURITY_W41,POLPARTY,Other,[0.19696629 0.47938403 0.32364967],0.007713644077008398
143,JOBSECURITY_W41,POLPARTY,Republican,[0.11179441 0.43369235 0.45451324],0.01724378715467198
144,GOVPRIOlF2_W41,POLPARTY,Democrat,[0.22743305 0.48799773 0.24623003 0.03833919],0.002043527972842407
145,GOVPRIOlF2_W41,POLPARTY,Independent,[0.18825681 0.35668529 0.32533278 0.12972512],0.007563837910624646
146,GOVPRIOlF2_W41,POLPARTY,Other,[0.16065732 0.4216092  0.29861963 0.11911386],0.0
147,GOVPRIOlF2_W41,POLPARTY,Republican,[0.09994335 0.31560299 0.40375782 0.18069584],0.0015358941539347945
148,FUTR_K_W41,POLPARTY,Democrat,[0.09510703 0.48706622 0.41782675],0.003796865728478575
149,FUTR_K_W41,POLPARTY,Independent,[0.08674735 0.45668967 0.45656298],0.007724190267918939
150,FUTR_K_W41,POLPARTY,Other,[0.14032558 0.4191822  0.44049223],0.02300692265428525
151,FUTR_K_W41,POLPARTY,Republican,[0.09402768 0.46087176 0.44510056],0.00958052746952479
152,WRKTRN1F1_W41,POLPARTY,Democrat,[0.14624353 0.11614152 0.52295207 0.21466288],0.003366460135651678
153,WRKTRN1F1_W41,POLPARTY,Independent,[0.09952751 0.1151661  0.39131807 0.39398832],0.0
154,WRKTRN1F1_W41,POLPARTY,Other,[0.15472536 0.10348156 0.44674655 0.29504654],0.0
155,WRKTRN1F1_W41,POLPARTY,Republican,[0.03742811 0.10570672 0.21989115 0.63697402],0.00029394318668367217
156,FTRWORRYc_W41,POLPARTY,Democrat,[0.52981897 0.36695927 0.09315474 0.01006703],0.0023162840888138617
157,FTRWORRYc_W41,POLPARTY,Independent,[0.52907423 0.32615942 0.10718905 0.03757731],0.0020940713895780346
158,FTRWORRYc_W41,POLPARTY,Other,[0.46894488 0.40738383 0.08928084 0.03439045],0.0
159,FTRWORRYc_W41,POLPARTY,Republican,[0.43322013 0.41376802 0.13444104 0.01857081],0.015290132379684292
160,HAPPEN2e_W41,POLPARTY,Democrat,[0.3626031  0.52200469 0.09690785 0.01848436],0.001178362454976209
161,HAPPEN2e_W41,POLPARTY,Independent,[0.31364377 0.56925864 0.09112231 0.02597528],0.0007076662831511203
162,HAPPEN2e_W41,POLPARTY,Other,[0.2724486  0.58519842 0.13202872 0.01032426],0.0039183968544189915
163,HAPPEN2e_W41,POLPARTY,Republican,[0.24057038 0.60690417 0.12831298 0.02421247],0.007844624769740715
164,SOLVPROBb_W41,POLPARTY,Democrat,[0.1003193  0.37884693 0.32799185 0.19284193],0.009045127446432995
165,SOLVPROBb_W41,POLPARTY,Independent,[0.07420976 0.39617276 0.35786302 0.17175446],0.016887393679686332
166,SOLVPROBb_W41,POLPARTY,Other,[0.07198947 0.31506627 0.33826844 0.27467582],0.005405504638767006
167,SOLVPROBb_W41,POLPARTY,Republican,[0.10926566 0.55869004 0.27835232 0.05369198],0.020317797122483782
168,HARASS3F1_W41,POLPARTY,Democrat,[0.18844278 0.4182013  0.39335593],0.014939111361485752
169,HARASS3F1_W41,POLPARTY,Independent,[0.11380804 0.55281551 0.33337644],0.003325697613298235
170,HARASS3F1_W41,POLPARTY,Other,[0.17299805 0.45083516 0.37616679],0.0
171,HARASS3F1_W41,POLPARTY,Republican,[0.05907288 0.75523488 0.18569224],0.007511333491752826
172,SOLVPROBeF2_W41,POLPARTY,Democrat,[0.18286065 0.56744418 0.1908277  0.05886748],0.014097333967207047
173,SOLVPROBeF2_W41,POLPARTY,Independent,[0.07599456 0.52893328 0.3045321  0.09054006],0.011435671456386085
174,SOLVPROBeF2_W41,POLPARTY,Other,[0.08603673 0.46575266 0.31301865 0.13519197],0.004369677140980173
175,SOLVPROBeF2_W41,POLPARTY,Republican,[0.10314306 0.51462065 0.3167282  0.06550809],0.027040032326698944
176,FUTR_ABR_W41,POLPARTY,Democrat,[0.22828454 0.61025341 0.11096005 0.050502  ],0.007135550816041859
177,FUTR_ABR_W41,POLPARTY,Independent,[0.21385828 0.59931494 0.14818206 0.03864473],0.01527207029440392
178,FUTR_ABR_W41,POLPARTY,Other,[0.22348298 0.50102364 0.19642812 0.07906526],0.017214682372417137
179,FUTR_ABR_W41,POLPARTY,Republican,[0.22099041 0.49951496 0.22381859 0.05567605],0.014534365557158088
180,GOVPRIOiF1_W41,POLPARTY,Democrat,[0.44877088 0.43121006 0.11860996 0.0014091 ],0.0
181,GOVPRIOiF1_W41,POLPARTY,Independent,[0.35111021 0.58073026 0.06646924 0.00169029],0.0
182,GOVPRIOiF1_W41,POLPARTY,Other,[0.24949335 0.52075299 0.2068924  0.02286126],0.0
183,GOVPRIOiF1_W41,POLPARTY,Republican,[0.31609483 0.56704671 0.09950601 0.01735245],0.0
184,HAPPENj_W41,POLPARTY,Democrat,[0.69122476 0.30877524],0.09189314829933719
185,HAPPENj_W41,POLPARTY,Independent,[0.67641892 0.32358108],0.08935612765794554
186,HAPPENj_W41,POLPARTY,Other,[0.75959643 0.24040357],0.11253122450419434
187,HAPPENj_W41,POLPARTY,Republican,[0.74616637 0.25383363],0.09022650744887736
188,AUTOWKPLC_W41,POLPARTY,Democrat,[0.25705151 0.49961544 0.24333305],0.012700141306877952
189,AUTOWKPLC_W41,POLPARTY,Independent,[0.21163868 0.46622193 0.3221394 ],0.005417279207221234
190,AUTOWKPLC_W41,POLPARTY,Other,[0.18075377 0.5083544  0.31089183],0.007830463554732096
191,AUTOWKPLC_W41,POLPARTY,Republican,[0.22555993 0.48515329 0.28928678],0.005937002243857668
192,WRKTRN1F2_W41,POLPARTY,Democrat,[0.12818674 0.04123103 0.64959221 0.18099002],0.007990795675614672
193,WRKTRN1F2_W41,POLPARTY,Independent,[0.08441044 0.04686993 0.53861156 0.33010807],0.011917187653717342
194,WRKTRN1F2_W41,POLPARTY,Other,[0.15087407 0.0579408  0.47237473 0.3188104 ],0.0018095588263689012
195,WRKTRN1F2_W41,POLPARTY,Republican,[0.03148868 0.04881261 0.43019402 0.48950469],0.0007215080659685369
196,HARASS1F1d_W41,POLPARTY,Democrat,[0.78184021 0.18585479 0.032305  ],0.0033949531194015455
197,HARASS1F1d_W41,POLPARTY,Independent,[0.60237936 0.31415703 0.08346361],0.0057014712385418335
198,HARASS1F1d_W41,POLPARTY,Other,[0.58569357 0.31022286 0.10408357],0.0
199,HARASS1F1d_W41,POLPARTY,Republican,[0.39929283 0.49638304 0.10432414],0.010927971022304018
200,HAPPEN2g_W41,POLPARTY,Democrat,[0.35142414 0.48932177 0.13554825 0.02370584],0.003628086203710834
201,HAPPEN2g_W41,POLPARTY,Independent,[0.33305538 0.47527763 0.14476551 0.04690148],0.004323271680272305
202,HAPPEN2g_W41,POLPARTY,Other,[0.32146978 0.46484224 0.15870541 0.05498257],0.0
203,HAPPEN2g_W41,POLPARTY,Republican,[0.32205269 0.56266566 0.10419316 0.0110885 ],0.003959195655192314
204,FTRWORRYd_W41,POLPARTY,Democrat,[0.55253704 0.3596143  0.07591826 0.0119304 ],0.0007682429062407471
205,FTRWORRYd_W41,POLPARTY,Independent,[0.50977569 0.36182555 0.09334671 0.03505206],0.0019809650906660397
206,FTRWORRYd_W41,POLPARTY,Other,[0.45887739 0.41625288 0.10310467 0.02176506],0.0
207,FTRWORRYd_W41,POLPARTY,Republican,[0.37618649 0.462493   0.14799223 0.01332827],0.003218748875738736
208,GOVPRIOe_W41,POLPARTY,Democrat,[0.61453845 0.3322022  0.04332928 0.00993007],0.00446371285234364
209,GOVPRIOe_W41,POLPARTY,Independent,[0.42711261 0.35748511 0.17408663 0.04131565],0.0008478941202192948
210,GOVPRIOe_W41,POLPARTY,Other,[0.46053639 0.36777867 0.12776849 0.04391645],0.001254487417534569
211,GOVPRIOe_W41,POLPARTY,Republican,[0.21968567 0.40879297 0.23938509 0.13213627],0.006757479428337869
212,HAPPENa_W41,POLPARTY,Democrat,[0.37611445 0.62388555],0.09048659241549169
213,HAPPENa_W41,POLPARTY,Independent,[0.3855467 0.6144533],0.070027999353259
214,HAPPENa_W41,POLPARTY,Other,[0.38519374 0.61480626],0.10792891203965259
215,HAPPENa_W41,POLPARTY,Republican,[0.49789613 0.50210387],0.06786265295224438
216,SOLVPROBdF1_W41,POLPARTY,Democrat,[0.09710311 0.40065279 0.35741134 0.14483276],0.010470387035055824
217,SOLVPROBdF1_W41,POLPARTY,Independent,[0.03803377 0.38788862 0.34634172 0.22773589],0.010614551050168735
218,SOLVPROBdF1_W41,POLPARTY,Other,[0.0714809  0.26645351 0.39162933 0.27043626],0.007732915320229639
219,SOLVPROBdF1_W41,POLPARTY,Republican,[0.0611888  0.39094647 0.3638588  0.18400593],0.007137243549670909
220,HAPPEN2a_W41,POLPARTY,Democrat,[0.1121802  0.48416836 0.36564373 0.03800771],0.005968923079786252
221,HAPPEN2a_W41,POLPARTY,Independent,[0.11168637 0.49495128 0.36123549 0.03212686],0.006487943843825501
222,HAPPEN2a_W41,POLPARTY,Other,[0.15128239 0.41718833 0.35552898 0.07600031],0.014586310354674725
223,HAPPEN2a_W41,POLPARTY,Republican,[0.11895455 0.50983527 0.33031193 0.04089824],0.008323022487931443
224,HAPPEN2h_W41,POLPARTY,Democrat,[0.06756889 0.37990774 0.47870176 0.07382162],0.009750413584759114
225,HAPPEN2h_W41,POLPARTY,Independent,[0.06001674 0.30133686 0.53585206 0.10279434],0.005196733623263541
226,HAPPEN2h_W41,POLPARTY,Other,[0.06427425 0.32234668 0.52139336 0.09198571],0.008143415124067898
227,HAPPEN2h_W41,POLPARTY,Republican,[0.07955288 0.28449859 0.54462751 0.09132101],0.008946028353489961
228,SSCUT_W41,POLPARTY,Democrat,[0.19361258 0.80638742],0.0037277345312228573
229,SSCUT_W41,POLPARTY,Independent,[0.30712571 0.69287429],0.0034509016004905554
230,SSCUT_W41,POLPARTY,Other,[0.26136042 0.73863958],0.01415919036115974
231,SSCUT_W41,POLPARTY,Republican,[0.27238967 0.72761033],0.012115157666173267
232,FUTR_DIV_W41,POLPARTY,Democrat,[0.26607    0.13348351 0.60044649],0.008058465631702087
233,FUTR_DIV_W41,POLPARTY,Independent,[0.26328177 0.10829567 0.62842256],0.007125618923573357
234,FUTR_DIV_W41,POLPARTY,Other,[0.31493743 0.14859488 0.53646769],0.017813551793862136
235,FUTR_DIV_W41,POLPARTY,Republican,[0.34623736 0.09307449 0.56068815],0.007586171181591672
236,ELDFINANCEF1_W41,POLPARTY,Democrat,[0.38313782 0.27828456 0.33857762],0.004963524477868386
237,ELDFINANCEF1_W41,POLPARTY,Independent,[0.30797567 0.32226773 0.3697566 ],0.005291051986556872
238,ELDFINANCEF1_W41,POLPARTY,Other,[0.37225528 0.31176362 0.3159811 ],0.008177493007490521
239,ELDFINANCEF1_W41,POLPARTY,Republican,[0.34762422 0.23674825 0.41562753],0.010466120413113376
240,ENVC_W41,POLPARTY,Democrat,[0.16472966 0.69134821 0.14392213],0.0016200797134839256
241,ENVC_W41,POLPARTY,Independent,[0.13768351 0.6202078  0.24210868],0.003999744438799994
242,ENVC_W41,POLPARTY,Other,[0.15990666 0.62469575 0.21539759],0.002078456161457127
243,ENVC_W41,POLPARTY,Republican,[0.17480736 0.40508949 0.42010315],0.0038713787986946464
244,GOVPRIOa_W41,POLPARTY,Democrat,[0.44269498 0.46051292 0.09248834 0.00430376],0.00772461219326602
245,GOVPRIOa_W41,POLPARTY,Independent,[0.50633722 0.4094254  0.06830209 0.01593529],0.0
246,GOVPRIOa_W41,POLPARTY,Other,[0.44389237 0.37605703 0.16092204 0.01912856],0.0048392672497935
247,GOVPRIOa_W41,POLPARTY,Republican,[0.56349232 0.39305577 0.04101698 0.00243493],0.001690582286084592
248,ELDFINANCEF2_W41,POLPARTY,Democrat,[0.09857382 0.72518288 0.1762433 ],0.016527795209118238
249,ELDFINANCEF2_W41,POLPARTY,Independent,[0.18900242 0.46624498 0.3447526 ],0.031082277712346867
250,ELDFINANCEF2_W41,POLPARTY,Other,[0.15126709 0.60547849 0.24325442],0.012277259292912731
251,ELDFINANCEF2_W41,POLPARTY,Republican,[0.15931719 0.43803196 0.40265085],0.029970656510685763
252,HAPPENg_W41,POLPARTY,Democrat,[0.51543429 0.48456571],0.10380276373952434
253,HAPPENg_W41,POLPARTY,Independent,[0.57861521 0.42138479],0.07125933848977431
254,HAPPENg_W41,POLPARTY,Other,[0.56240739 0.43759261],0.08547655985115966
255,HAPPENg_W41,POLPARTY,Republican,[0.5418051 0.4581949],0.07623216913131839
256,OPTIMIST_W41,POLPARTY,Democrat,[0.13093803 0.44646013 0.31229042 0.11031142],0.0017816950071452133
257,OPTIMIST_W41,POLPARTY,Independent,[0.09816358 0.42880432 0.32315024 0.14988186],0.0029790506066068637
258,OPTIMIST_W41,POLPARTY,Other,[0.11348455 0.42302548 0.30026168 0.16322829],0.0
259,OPTIMIST_W41,POLPARTY,Republican,[0.12236992 0.45071114 0.30111283 0.12580611],0.0019029303998548146
260,JOBBENEFITS_W41,POLPARTY,Democrat,[0.23978809 0.41844112 0.34177079],0.0024357353713130477
261,JOBBENEFITS_W41,POLPARTY,Independent,[0.20362607 0.47046491 0.32590902],0.004511977923097286
262,JOBBENEFITS_W41,POLPARTY,Other,[0.26471128 0.4138295  0.32145922],0.007713644077008398
263,JOBBENEFITS_W41,POLPARTY,Republican,[0.20362485 0.35140238 0.44497278],0.013982323352478303
264,AUTOLKLY_W41,POLPARTY,Democrat,[0.11735495 0.27257813 0.42567159 0.18439532],0.006799622483118311
265,AUTOLKLY_W41,POLPARTY,Independent,[0.1384499  0.25847922 0.35189144 0.25117945],0.0
266,AUTOLKLY_W41,POLPARTY,Other,[0.14519237 0.20886519 0.36942008 0.27652236],0.0
267,AUTOLKLY_W41,POLPARTY,Republican,[0.06881786 0.24519236 0.38362653 0.30236325],0.010197529876950797
268,SOLVPROBa_W41,POLPARTY,Democrat,[0.56820351 0.34945517 0.05734532 0.024996  ],0.015225991791268725
269,SOLVPROBa_W41,POLPARTY,Independent,[0.45481261 0.433729   0.07458542 0.03687297],0.007378814057825986
270,SOLVPROBa_W41,POLPARTY,Other,[0.35913293 0.48718762 0.09201795 0.0616615 ],0.016382496642600324
271,SOLVPROBa_W41,POLPARTY,Republican,[0.29341735 0.56759916 0.1137366  0.02524689],0.023851700339146048
272,SOLVPROBi_W41,POLPARTY,Democrat,[0.34230563 0.5367491  0.09872622 0.02221905],0.007671215547930718
273,SOLVPROBi_W41,POLPARTY,Independent,[0.24675673 0.54200606 0.17914167 0.03209554],0.012269608886771213
274,SOLVPROBi_W41,POLPARTY,Other,[0.21503361 0.52423975 0.17692752 0.08379912],0.010552609975904872
275,SOLVPROBi_W41,POLPARTY,Republican,[0.15317097 0.54318935 0.24304112 0.06059856],0.015957995056353452
276,HAPPEN2b_W41,POLPARTY,Democrat,[0.25610364 0.52727711 0.19500642 0.02161283],0.0011321863071546002
277,HAPPEN2b_W41,POLPARTY,Independent,[0.21751235 0.45920056 0.29323232 0.03005477],0.008154869188014406
278,HAPPEN2b_W41,POLPARTY,Other,[0.24034991 0.43738764 0.29440583 0.02785663],0.0
279,HAPPEN2b_W41,POLPARTY,Republican,[0.12941149 0.41056925 0.38222853 0.07779074],0.006111928660801104
280,HAPPEN2c_W41,POLPARTY,Democrat,[0.09939996 0.5314262  0.33591575 0.03325809],0.008444075675805709
281,HAPPEN2c_W41,POLPARTY,Independent,[0.08266735 0.49231371 0.37877266 0.04624627],0.01565056830538928
282,HAPPEN2c_W41,POLPARTY,Other,[0.05904759 0.49438098 0.39013832 0.05643311],0.00992313566878017
283,HAPPEN2c_W41,POLPARTY,Republican,[0.08697863 0.51196606 0.36823769 0.03281762],0.0024062311955314235
284,INTRMAR_W41,POLPARTY,Democrat,[0.42224889 0.19421036 0.04410197 0.01906397 0.32037481],0.0070591680469808335
285,INTRMAR_W41,POLPARTY,Independent,[0.34544115 0.20093542 0.05714922 0.0227661  0.37370811],0.008801797577909465
286,INTRMAR_W41,POLPARTY,Other,[0.28910659 0.15372227 0.08447432 0.04973852 0.4229583 ],0.001254487417534569
287,INTRMAR_W41,POLPARTY,Republican,[0.11404042 0.19528881 0.11827213 0.05907847 0.51332016],0.006126307957738466
288,FUTR_M_W41,POLPARTY,Democrat,[0.07049323 0.52240279 0.40710398],0.003358654480247374
289,FUTR_M_W41,POLPARTY,Independent,[0.07216137 0.5129965  0.41484212],0.007411230100516325
290,FUTR_M_W41,POLPARTY,Other,[0.10377745 0.50215368 0.39406887],0.013022488060702043
291,FUTR_M_W41,POLPARTY,Republican,[0.0595972  0.56994097 0.37046184],0.013028545753552527
292,SSMONEY_W41,POLPARTY,Democrat,[0.16714837 0.41541996 0.41743167],0.002150832225637644
293,SSMONEY_W41,POLPARTY,Independent,[0.17922668 0.41228008 0.40849324],0.00726952355000505
294,SSMONEY_W41,POLPARTY,Other,[0.13289814 0.3705114  0.49659045],0.023725079990981328
295,SSMONEY_W41,POLPARTY,Republican,[0.13497183 0.48787099 0.37715718],0.004702474420084142
296,GOVPRIOoF2_W41,POLPARTY,Democrat,[0.72906667 0.2201732  0.0457528  0.00500733],0.002043527972842407
297,GOVPRIOoF2_W41,POLPARTY,Independent,[0.48937376 0.28864035 0.14791373 0.07407216],0.0
298,GOVPRIOoF2_W41,POLPARTY,Other,[0.52266842 0.31904573 0.11280493 0.04548092],0.0
299,GOVPRIOoF2_W41,POLPARTY,Republican,[0.13811605 0.33492742 0.35578014 0.17117639],0.011715149354295348
300,HAPPENiF2_W41,POLPARTY,Democrat,[0.45206291 0.54793709],0.08104018459933221
301,HAPPENiF2_W41,POLPARTY,Independent,[0.44291061 0.55708939],0.0846671335395993
302,HAPPENiF2_W41,POLPARTY,Other,[0.37449516 0.62550484],0.05979307339056288
303,HAPPENiF2_W41,POLPARTY,Republican,[0.52466051 0.47533949],0.09390420164714315
304,HARASS1F1b_W41,POLPARTY,Democrat,[0.41465194 0.39788412 0.18746394],0.0021103525331676778
305,HARASS1F1b_W41,POLPARTY,Independent,[0.54363146 0.3164406  0.13992795],0.0057014712385418335
306,HARASS1F1b_W41,POLPARTY,Other,[0.44592755 0.36111953 0.19295291],0.0
307,HARASS1F1b_W41,POLPARTY,Republican,[0.62784367 0.31488335 0.05727299],0.010182972120145252
308,FUTRCLASSc_W41,POLPARTY,Democrat,[0.61818603 0.19259871 0.18921527],0.0048011490635424935
309,FUTRCLASSc_W41,POLPARTY,Independent,[0.68191987 0.15531652 0.16276361],0.002084974589617433
310,FUTRCLASSc_W41,POLPARTY,Other,[0.63886676 0.20687326 0.15425997],0.0020972283887746835
311,FUTRCLASSc_W41,POLPARTY,Republican,[0.5656554  0.1834099  0.25093469],0.0055486567065387345
312,LEGALIMG_W41,POLPARTY,Democrat,[0.36984797 0.50390487 0.12624716],0.007969251930536813
313,LEGALIMG_W41,POLPARTY,Independent,[0.27723644 0.53850081 0.18426275],0.013812319241325312
314,LEGALIMG_W41,POLPARTY,Other,[0.2567006  0.49716074 0.24613866],0.018710846099928714
315,LEGALIMG_W41,POLPARTY,Republican,[0.16493962 0.47421277 0.36084761],0.0032627073476885642
316,HARASS4_W41,POLPARTY,Democrat,[0.54540953 0.45459047],0.004483098434003904
317,HARASS4_W41,POLPARTY,Independent,[0.52032769 0.47967231],0.002140701218056164
318,HARASS4_W41,POLPARTY,Other,[0.61079418 0.38920582],0.0015341267583422662
319,HARASS4_W41,POLPARTY,Republican,[0.44490465 0.55509535],0.012955491718580644
320,ETHNCMAJMOD_W41,POLPARTY,Democrat,[0.29126693 0.22263904 0.06461382 0.03854399 0.38293621],0.008029921629410764
321,ETHNCMAJMOD_W41,POLPARTY,Independent,[0.17405394 0.1922801  0.14673807 0.06451611 0.42241178],0.00565956705160413
322,ETHNCMAJMOD_W41,POLPARTY,Other,[0.14968904 0.19937043 0.13398261 0.08545784 0.43150008],0.004297339173938281
323,ETHNCMAJMOD_W41,POLPARTY,Republican,[0.02872887 0.10982114 0.27506932 0.13532671 0.45105396],0.005262117059611144
324,SOLVPROBf_W41,POLPARTY,Democrat,[0.15742834 0.50639581 0.23657472 0.09960114],0.007719027582331905
325,SOLVPROBf_W41,POLPARTY,Independent,[0.1143025  0.29083415 0.34705953 0.24780381],0.013172877886110495
326,SOLVPROBf_W41,POLPARTY,Other,[0.08628429 0.28460403 0.33397013 0.29514156],0.011305046899160488
327,SOLVPROBf_W41,POLPARTY,Republican,[0.04882161 0.14107838 0.35129376 0.45880625],0.017858967829361257
328,HAPPENc_W41,POLPARTY,Democrat,[0.57671051 0.42328949],0.0929415018826918
329,HAPPENc_W41,POLPARTY,Independent,[0.57281528 0.42718472],0.08815184212459318
330,HAPPENc_W41,POLPARTY,Other,[0.52472394 0.47527606],0.09111805127713608
331,HAPPENc_W41,POLPARTY,Republican,[0.54426007 0.45573993],0.08513021644949868
332,FTRWORRYa_W41,POLPARTY,Democrat,[0.32478067 0.48329814 0.16775035 0.02417084],0.001714400889394456
333,FTRWORRYa_W41,POLPARTY,Independent,[0.29628047 0.43252299 0.23208049 0.03911604],0.0036292432214857693
334,FTRWORRYa_W41,POLPARTY,Other,[0.32611514 0.43743291 0.20158656 0.03486539],0.0
335,FTRWORRYa_W41,POLPARTY,Republican,[0.19675379 0.47050343 0.30193431 0.03080846],0.012760521266906228
336,HAPPEN2d_W41,POLPARTY,Democrat,[0.14256502 0.44258979 0.3277471  0.0870981 ],0.006633710666999867
337,HAPPEN2d_W41,POLPARTY,Independent,[0.15082757 0.39505223 0.37792619 0.07619401],0.007135735333523005
338,HAPPEN2d_W41,POLPARTY,Other,[0.15191391 0.4067997  0.38210088 0.05918551],0.022464266133876313
339,HAPPEN2d_W41,POLPARTY,Republican,[0.08083185 0.39321728 0.44547037 0.0804805 ],0.005837168758745749
340,POPPROB_W41,POLPARTY,Democrat,[0.44388102 0.40162408 0.1544949 ],0.0054613177223101685
341,POPPROB_W41,POLPARTY,Independent,[0.45585315 0.36890847 0.17523838],0.0005736010327878247
342,POPPROB_W41,POLPARTY,Other,[0.51198324 0.28790835 0.20010841],0.0020784561614571265
343,POPPROB_W41,POLPARTY,Republican,[0.42662834 0.35727291 0.21609875],0.005845439632087419
344,GOVPRIOc_W41,POLPARTY,Democrat,[0.86738945 0.10328773 0.02731168 0.00201115],0.0028143329524137994
345,GOVPRIOc_W41,POLPARTY,Independent,[0.67694998 0.21274358 0.06648757 0.04381887],0.0
346,GOVPRIOc_W41,POLPARTY,Other,[0.63820905 0.19908882 0.09896926 0.06373287],0.0020972283887746835
347,GOVPRIOc_W41,POLPARTY,Republican,[0.4855807  0.30990947 0.10476321 0.09974662],0.001526455707182485
348,GOVPRIOgF1_W41,POLPARTY,Democrat,[0.20241511 0.34688941 0.28940239 0.16129308],0.006843770562907667
349,GOVPRIOgF1_W41,POLPARTY,Independent,[0.34093101 0.30101242 0.28339694 0.07465964],0.0007864196824011561
350,GOVPRIOgF1_W41,POLPARTY,Other,[0.20702697 0.31251037 0.33351526 0.14694741],0.0
351,GOVPRIOgF1_W41,POLPARTY,Republican,[0.70840316 0.19310403 0.07960235 0.01889046],0.0
352,HARASS3NOWRKF2_W41,POLPARTY,Democrat,[0.16757538 0.44134892 0.3910757 ],0.006950507865300899
353,HARASS3NOWRKF2_W41,POLPARTY,Independent,[0.13721915 0.54827959 0.31450125],0.0031051312189960853
354,HARASS3NOWRKF2_W41,POLPARTY,Other,[0.14587408 0.45443068 0.39969524],0.011167372644175949
355,HARASS3NOWRKF2_W41,POLPARTY,Republican,[0.05239148 0.73252565 0.21508286],0.0010021681128773174
356,HARASS1NOWRKF2a_W41,POLPARTY,Democrat,[0.37081709 0.46572761 0.1634553 ],0.0
357,HARASS1NOWRKF2a_W41,POLPARTY,Independent,[0.47357902 0.4222822  0.10413878],0.003810817598524687
358,HARASS1NOWRKF2a_W41,POLPARTY,Other,[0.54103069 0.3469602  0.11200911],0.00874156010650815
359,HARASS1NOWRKF2a_W41,POLPARTY,Republican,[0.59610899 0.39388893 0.01000208],0.0
0,AVGFAM_W41,INCOME,"$100,000 or more",[0.23454146 0.32756115 0.43789738],0.0010172724437073465
1,AVGFAM_W41,INCOME,"$30,000-$50,000",[0.17424058 0.38299673 0.44276268],0.0023995452853898813
2,AVGFAM_W41,INCOME,"$50,000-$75,000",[0.17273849 0.38866593 0.43859558],0.0006570975752261242
3,AVGFAM_W41,INCOME,"$75,000-$100,000",[0.1857154  0.40647957 0.40780503],0.009668547615766644
4,AVGFAM_W41,INCOME,"Less than $30,000",[0.23557184 0.2949957  0.46943246],0.005935383792589218
5,HARASS5_W41,INCOME,"$100,000 or more",[0.13711378 0.40451554 0.45837068],0.0
6,HARASS5_W41,INCOME,"$30,000-$50,000",[0.13572618 0.34967167 0.51460216],0.0008805096691668337
7,HARASS5_W41,INCOME,"$50,000-$75,000",[0.13221029 0.31840776 0.54938195],0.0016370986724938768
8,HARASS5_W41,INCOME,"$75,000-$100,000",[0.1878001  0.27291589 0.53928401],0.0
9,HARASS5_W41,INCOME,"Less than $30,000",[0.12852633 0.40428345 0.46719022],0.004015778808030527
10,GOVPRIOmF2_W41,INCOME,"$100,000 or more",[0.37528397 0.44603833 0.11191631 0.06676139],0.014857542965776616
11,GOVPRIOmF2_W41,INCOME,"$30,000-$50,000",[0.43288789 0.45472625 0.07808322 0.03430264],0.008529907376719005
12,GOVPRIOmF2_W41,INCOME,"$50,000-$75,000",[0.4261366  0.45063906 0.09461414 0.02861019],0.0045700253202578854
13,GOVPRIOmF2_W41,INCOME,"$75,000-$100,000",[0.37964848 0.43047686 0.14285868 0.04701597],0.003517259878316058
14,GOVPRIOmF2_W41,INCOME,"Less than $30,000",[0.61875568 0.27875254 0.06091092 0.04158086],0.009345707938556094
15,SOLVPROBg_W41,INCOME,"$100,000 or more",[0.1418852  0.52815712 0.2446311  0.08532658],0.01787264230237681
16,SOLVPROBg_W41,INCOME,"$30,000-$50,000",[0.19245287 0.55184646 0.17225425 0.08344641],0.013660578200331003
17,SOLVPROBg_W41,INCOME,"$50,000-$75,000",[0.23762291 0.50942659 0.17936119 0.07358931],0.010692792421877768
18,SOLVPROBg_W41,INCOME,"$75,000-$100,000",[0.19265921 0.55171895 0.22515388 0.03046796],0.014200999922481722
19,SOLVPROBg_W41,INCOME,"Less than $30,000",[0.2648129  0.46322778 0.16417908 0.10778025],0.016964470631726833
20,HARASS1F1a_W41,INCOME,"$100,000 or more",[0.27680752 0.47576909 0.24742339],0.021218278450953136
21,HARASS1F1a_W41,INCOME,"$30,000-$50,000",[0.49024048 0.406175   0.10358452],0.006553338727367477
22,HARASS1F1a_W41,INCOME,"$50,000-$75,000",[0.51834263 0.3910436  0.09061377],0.0
23,HARASS1F1a_W41,INCOME,"$75,000-$100,000",[0.42514856 0.477009   0.09784244],0.0
24,HARASS1F1a_W41,INCOME,"Less than $30,000",[0.53423575 0.38333661 0.08242765],0.0015082553894146553
25,ROBWRK2_W41,INCOME,"$100,000 or more",[0.08260052 0.37159773 0.39350979 0.15229196],0.0016058537053550593
26,ROBWRK2_W41,INCOME,"$30,000-$50,000",[0.05786871 0.23772207 0.42293768 0.28147154],0.0011490595976320322
27,ROBWRK2_W41,INCOME,"$50,000-$75,000",[0.04878747 0.22681906 0.45525061 0.26914285],0.008678741989887296
28,ROBWRK2_W41,INCOME,"$75,000-$100,000",[0.05308667 0.28797952 0.41516557 0.24376824],0.0017866458246176622
29,ROBWRK2_W41,INCOME,"Less than $30,000",[0.08045212 0.18484303 0.37817234 0.35653252],0.0016917694625615742
30,ROBWRK_W41,INCOME,"$100,000 or more",[0.29256728 0.49855236 0.20545686 0.0034235 ],0.0010172724437073465
31,ROBWRK_W41,INCOME,"$30,000-$50,000",[0.28001363 0.54797232 0.16197384 0.01004021],0.0
32,ROBWRK_W41,INCOME,"$50,000-$75,000",[0.26925014 0.55240226 0.16884575 0.00950185],0.00563803561518183
33,ROBWRK_W41,INCOME,"$75,000-$100,000",[0.24269233 0.57835823 0.17894944 0.        ],0.0
34,ROBWRK_W41,INCOME,"Less than $30,000",[0.34646308 0.49686974 0.126615   0.03005217],0.005892679111119831
35,GOVPRIOnF2_W41,INCOME,"$100,000 or more",[0.10462714 0.22300628 0.12890067 0.54346591],0.0009533309933468243
36,GOVPRIOnF2_W41,INCOME,"$30,000-$50,000",[0.11372506 0.31635697 0.17375648 0.39616149],0.0
37,GOVPRIOnF2_W41,INCOME,"$50,000-$75,000",[0.14272953 0.23616346 0.22098394 0.40012306],0.01099769909023737
38,GOVPRIOnF2_W41,INCOME,"$75,000-$100,000",[0.09745709 0.27171744 0.20241693 0.42840854],0.02567366161816664
39,GOVPRIOnF2_W41,INCOME,"Less than $30,000",[0.20833346 0.3460805  0.18182644 0.2637596 ],0.006271189125135329
40,HARASS1NOWRKF2c_W41,INCOME,"$100,000 or more",[0.68239888 0.26644454 0.05115658],0.001935821411509432
41,HARASS1NOWRKF2c_W41,INCOME,"$30,000-$50,000",[0.61882965 0.3551457  0.02602465],0.010355181217440182
42,HARASS1NOWRKF2c_W41,INCOME,"$50,000-$75,000",[0.68221357 0.27244472 0.04534171],0.0
43,HARASS1NOWRKF2c_W41,INCOME,"$75,000-$100,000",[0.64927932 0.31187935 0.03884132],0.00440901304037064
44,HARASS1NOWRKF2c_W41,INCOME,"Less than $30,000",[0.76751003 0.18947957 0.0430104 ],0.0003965325271492493
45,HAPPENd_W41,INCOME,"$100,000 or more",[0.28882936 0.71117064],0.03945303718093125
46,HAPPENd_W41,INCOME,"$30,000-$50,000",[0.32423132 0.67576868],0.08751599869583833
47,HAPPENd_W41,INCOME,"$50,000-$75,000",[0.34968226 0.65031774],0.042229936289792935
48,HAPPENd_W41,INCOME,"$75,000-$100,000",[0.3242226 0.6757774],0.05456423481149046
49,HAPPENd_W41,INCOME,"Less than $30,000",[0.38122235 0.61877765],0.16479037674358618
50,GOVPRIOd_W41,INCOME,"$100,000 or more",[0.42884709 0.39205499 0.15831856 0.02077937],0.001992022745460988
51,GOVPRIOd_W41,INCOME,"$30,000-$50,000",[0.28318667 0.5348037  0.1486512  0.03335843],0.002636699138346952
52,GOVPRIOd_W41,INCOME,"$50,000-$75,000",[0.32738469 0.49440038 0.14426939 0.03394554],0.0006788612676038395
53,GOVPRIOd_W41,INCOME,"$75,000-$100,000",[0.30319751 0.51822675 0.16642379 0.01215195],0.0049312702188263665
54,GOVPRIOd_W41,INCOME,"Less than $30,000",[0.35128606 0.47336884 0.1567768  0.0185683 ],0.0019127384867332722
55,HAPPEN2f_W41,INCOME,"$100,000 or more",[0.1183401  0.5741052  0.27944883 0.02810588],0.010907354465061888
56,HAPPEN2f_W41,INCOME,"$30,000-$50,000",[0.14627381 0.52710504 0.26139561 0.06522554],0.005111023193224895
57,HAPPEN2f_W41,INCOME,"$50,000-$75,000",[0.10385715 0.62088319 0.23974488 0.03551478],0.0028164233172914485
58,HAPPEN2f_W41,INCOME,"$75,000-$100,000",[0.1128472  0.59042263 0.25769359 0.03903658],0.014842492429201973
59,HAPPEN2f_W41,INCOME,"Less than $30,000",[0.14679633 0.44192209 0.32570089 0.08558069],0.010775617630253692
60,FUTRCLASSb_W41,INCOME,"$100,000 or more",[0.25453434 0.51899741 0.22646824],0.004053804403617378
61,FUTRCLASSb_W41,INCOME,"$30,000-$50,000",[0.28259965 0.45258527 0.26481509],0.0021279506412387366
62,FUTRCLASSb_W41,INCOME,"$50,000-$75,000",[0.26089074 0.48342053 0.25568874],0.0036666103044125375
63,FUTRCLASSb_W41,INCOME,"$75,000-$100,000",[0.26203992 0.49594053 0.24201955],0.0016091846770334617
64,FUTRCLASSb_W41,INCOME,"Less than $30,000",[0.31484861 0.40545213 0.27969925],0.0035232154967678496
65,NATDEBT_W41,INCOME,"$100,000 or more",[0.69294201 0.19566816 0.10734025 0.00404959],0.002841486436176956
66,NATDEBT_W41,INCOME,"$30,000-$50,000",[0.63796836 0.21495638 0.13492472 0.01215054],0.00568523602927463
67,NATDEBT_W41,INCOME,"$50,000-$75,000",[0.71622767 0.16949953 0.09216936 0.02210343],0.0
68,NATDEBT_W41,INCOME,"$75,000-$100,000",[0.64285435 0.22711234 0.12378871 0.0062446 ],0.003008791045225678
69,NATDEBT_W41,INCOME,"Less than $30,000",[0.55109947 0.21761799 0.19392703 0.03735551],0.0
70,AGEMAJ_W41,INCOME,"$100,000 or more",[0.01391893 0.1045128  0.53361307 0.1712923  0.1766629 ],0.0025855016062017347
71,AGEMAJ_W41,INCOME,"$30,000-$50,000",[0.06471365 0.11861973 0.379391   0.16452242 0.27275321],0.011520447209661744
72,AGEMAJ_W41,INCOME,"$50,000-$75,000",[0.02772038 0.11785558 0.45906643 0.11464542 0.2807122 ],0.0006788612676038394
73,AGEMAJ_W41,INCOME,"$75,000-$100,000",[0.01172634 0.10296748 0.53287134 0.1321312  0.22030363],0.0
74,AGEMAJ_W41,INCOME,"Less than $30,000",[0.05799142 0.17748473 0.34856385 0.13396662 0.28199338],0.006202551177264191
75,HAPPENe_W41,INCOME,"$100,000 or more",[0.7979147 0.2020853],0.03104330667917224
76,HAPPENe_W41,INCOME,"$30,000-$50,000",[0.80254135 0.19745865],0.06864221228513538
77,HAPPENe_W41,INCOME,"$50,000-$75,000",[0.79865154 0.20134846],0.03957762065332933
78,HAPPENe_W41,INCOME,"$75,000-$100,000",[0.80083796 0.19916204],0.058573628442633835
79,HAPPENe_W41,INCOME,"Less than $30,000",[0.77973248 0.22026752],0.13307012338598334
80,ROBIMPACTb_W41,INCOME,"$100,000 or more",[0.41319271 0.58680729],0.008795995587971887
81,ROBIMPACTb_W41,INCOME,"$30,000-$50,000",[0.29069794 0.70930206],0.010148089006624101
82,ROBIMPACTb_W41,INCOME,"$50,000-$75,000",[0.28820782 0.71179218],0.009385377470464184
83,ROBIMPACTb_W41,INCOME,"$75,000-$100,000",[0.40538632 0.59461368],0.007260894146361771
84,ROBIMPACTb_W41,INCOME,"Less than $30,000",[0.34099182 0.65900818],0.005403846237599723
85,HARASS1NOWRKF2d_W41,INCOME,"$100,000 or more",[0.61320981 0.28314173 0.10364845],0.008078458990694159
86,HARASS1NOWRKF2d_W41,INCOME,"$30,000-$50,000",[0.53217903 0.39163981 0.07618116],0.014112006551201468
87,HARASS1NOWRKF2d_W41,INCOME,"$50,000-$75,000",[0.56813705 0.29855276 0.13331018],0.002961253311088664
88,HARASS1NOWRKF2d_W41,INCOME,"$75,000-$100,000",[0.55266978 0.3994079  0.04792232],0.002238358478513788
89,HARASS1NOWRKF2d_W41,INCOME,"Less than $30,000",[0.67178057 0.2637654  0.06445403],0.007693535594955443
90,HARASS1F1c_W41,INCOME,"$100,000 or more",[0.61131661 0.33718897 0.05149442],0.021218278450953133
91,HARASS1F1c_W41,INCOME,"$30,000-$50,000",[0.66033001 0.28651515 0.05315485],0.004529140689352147
92,HARASS1F1c_W41,INCOME,"$50,000-$75,000",[0.60728834 0.3386436  0.05406806],0.0
93,HARASS1F1c_W41,INCOME,"$75,000-$100,000",[0.50658674 0.41857115 0.07484211],0.0
94,HARASS1F1c_W41,INCOME,"Less than $30,000",[0.70712232 0.22840129 0.06447639],0.00026033717671431763
95,HAPPENf_W41,INCOME,"$100,000 or more",[0.41624971 0.58375029],0.04211165109570209
96,HAPPENf_W41,INCOME,"$30,000-$50,000",[0.39740252 0.60259748],0.0997468424518148
97,HAPPENf_W41,INCOME,"$50,000-$75,000",[0.37174146 0.62825854],0.06986567544675923
98,HAPPENf_W41,INCOME,"$75,000-$100,000",[0.42602366 0.57397634],0.07438249335965648
99,HAPPENf_W41,INCOME,"Less than $30,000",[0.47899553 0.52100447],0.13105908867726704
100,FTRWORRYe_W41,INCOME,"$100,000 or more",[0.37635959 0.35762594 0.211831   0.05418347],0.0011416747588190205
101,FTRWORRYe_W41,INCOME,"$30,000-$50,000",[0.47316007 0.31234626 0.18168221 0.03281146],0.0
102,FTRWORRYe_W41,INCOME,"$50,000-$75,000",[0.4420664  0.3899455  0.1519938  0.01599429],0.0017333120622668049
103,FTRWORRYe_W41,INCOME,"$75,000-$100,000",[0.39223672 0.37409098 0.20233701 0.03133529],0.0017920560272646961
104,FTRWORRYe_W41,INCOME,"Less than $30,000",[0.39816535 0.32919303 0.19191516 0.08072646],0.0
105,GOVPRIOjF1_W41,INCOME,"$100,000 or more",[0.25443847 0.32187186 0.24604452 0.17764515],0.0
106,GOVPRIOjF1_W41,INCOME,"$30,000-$50,000",[0.34372208 0.42737431 0.18491611 0.0439875 ],0.0
107,GOVPRIOjF1_W41,INCOME,"$50,000-$75,000",[0.50382072 0.29533131 0.13995503 0.06089294],0.0
108,GOVPRIOjF1_W41,INCOME,"$75,000-$100,000",[0.41503661 0.30496906 0.20024769 0.07974664],0.0
109,GOVPRIOjF1_W41,INCOME,"Less than $30,000",[0.41648288 0.41556362 0.11081857 0.05713494],0.0
110,SOLVPROBh_W41,INCOME,"$100,000 or more",[0.26606798 0.51517697 0.12361948 0.09513557],0.010108149855443014
111,SOLVPROBh_W41,INCOME,"$30,000-$50,000",[0.19677262 0.5036087  0.1880735  0.11154518],0.0070922443251644944
112,SOLVPROBh_W41,INCOME,"$50,000-$75,000",[0.20767434 0.4926602  0.20145065 0.09821481],0.0023623838136879087
113,SOLVPROBh_W41,INCOME,"$75,000-$100,000",[0.19041285 0.510596   0.23823586 0.06075529],0.011270019200162644
114,SOLVPROBh_W41,INCOME,"Less than $30,000",[0.30156974 0.51264036 0.12137435 0.06441555],0.009282863548706324
115,GOVPRIOhF1_W41,INCOME,"$100,000 or more",[0.14354963 0.22133573 0.22775194 0.40736269],0.00478920619459674
116,GOVPRIOhF1_W41,INCOME,"$30,000-$50,000",[0.14350992 0.26644488 0.18546649 0.40457872],0.0034182002499579165
117,GOVPRIOhF1_W41,INCOME,"$50,000-$75,000",[0.18773681 0.2391928  0.13966214 0.43340825],0.0014044489948547632
118,GOVPRIOhF1_W41,INCOME,"$75,000-$100,000",[0.18853042 0.29132652 0.1396452  0.38049786],0.0
119,GOVPRIOhF1_W41,INCOME,"Less than $30,000",[0.27106762 0.1960059  0.15934903 0.37357745],0.00102863363901999
120,FTRWORRYb_W41,INCOME,"$100,000 or more",[0.39752636 0.38697503 0.19033156 0.02516705],0.0005760341067465924
121,FTRWORRYb_W41,INCOME,"$30,000-$50,000",[0.40304084 0.36147279 0.2004767  0.03500968],0.0026344355132889605
122,FTRWORRYb_W41,INCOME,"$50,000-$75,000",[0.42731126 0.36952988 0.17415416 0.0290047 ],0.0
123,FTRWORRYb_W41,INCOME,"$75,000-$100,000",[0.35378588 0.44886733 0.18882401 0.00852278],0.0017920560272646961
124,FTRWORRYb_W41,INCOME,"Less than $30,000",[0.39083418 0.3720951  0.17407863 0.06299209],0.009602007320281339
125,ROBIMPACTa_W41,INCOME,"$100,000 or more",[0.80479787 0.19520213],0.009024332784233442
126,ROBIMPACTa_W41,INCOME,"$30,000-$50,000",[0.76302958 0.23697042],0.005477317610363564
127,ROBIMPACTa_W41,INCOME,"$50,000-$75,000",[0.81386737 0.18613263],0.0051425788892579885
128,ROBIMPACTa_W41,INCOME,"$75,000-$100,000",[0.76272728 0.23727272],0.0036233598856797076
129,ROBIMPACTa_W41,INCOME,"Less than $30,000",[0.74387788 0.25612212],0.014300079113038981
130,FTRWORRYf_W41,INCOME,"$100,000 or more",[0.46923888 0.21909752 0.22673855 0.08492506],0.002852909789380267
131,FTRWORRYf_W41,INCOME,"$30,000-$50,000",[0.35865409 0.32663079 0.2145458  0.10016932],0.0021279506412387366
132,FTRWORRYf_W41,INCOME,"$50,000-$75,000",[0.40737741 0.25927576 0.19179926 0.14154756],0.004243065889765099
133,FTRWORRYf_W41,INCOME,"$75,000-$100,000",[0.37292126 0.26495645 0.2281932  0.13392909],0.0017920560272646961
134,FTRWORRYf_W41,INCOME,"Less than $30,000",[0.44515275 0.30858762 0.17504307 0.07121657],0.002952262130622578
135,GOVPRIOfF1_W41,INCOME,"$100,000 or more",[0.22224687 0.41963133 0.18608969 0.17203212],0.002054264466188533
136,GOVPRIOfF1_W41,INCOME,"$30,000-$50,000",[0.20735677 0.30785322 0.20145346 0.28333655],0.005372543130928628
137,GOVPRIOfF1_W41,INCOME,"$50,000-$75,000",[0.20578176 0.31377962 0.23869488 0.24174374],0.0
138,GOVPRIOfF1_W41,INCOME,"$75,000-$100,000",[0.21229406 0.27053771 0.27361091 0.24355732],0.0
139,GOVPRIOfF1_W41,INCOME,"Less than $30,000",[0.28609391 0.29397443 0.26135452 0.15857714],0.007484424601086392
140,GOVPRIOb_W41,INCOME,"$100,000 or more",[0.54179344 0.3038167  0.09900291 0.05538695],0.0010172724437073465
141,GOVPRIOb_W41,INCOME,"$30,000-$50,000",[0.5160374  0.33508176 0.09210348 0.05677736],0.004146805507200765
142,GOVPRIOb_W41,INCOME,"$50,000-$75,000",[0.49877545 0.39422035 0.07098928 0.03601493],0.0
143,GOVPRIOb_W41,INCOME,"$75,000-$100,000",[0.50013898 0.34802114 0.09282615 0.05901373],0.00293250738467765
144,GOVPRIOb_W41,INCOME,"Less than $30,000",[0.5988782  0.30402673 0.06811151 0.02898355],0.0015862784122819746
145,SOLVPROBc_W41,INCOME,"$100,000 or more",[0.08846202 0.40883557 0.31291984 0.18978257],0.017154369596960883
146,SOLVPROBc_W41,INCOME,"$30,000-$50,000",[0.12060124 0.49104533 0.25133512 0.13701831],0.011905516107723687
147,SOLVPROBc_W41,INCOME,"$50,000-$75,000",[0.1504455  0.46272728 0.25494292 0.1318843 ],0.01064442352838525
148,SOLVPROBc_W41,INCOME,"$75,000-$100,000",[0.11729006 0.48348318 0.26863305 0.13059371],0.011249362638845005
149,SOLVPROBc_W41,INCOME,"Less than $30,000",[0.20773672 0.41617684 0.24598997 0.13009647],0.015797752670247057
150,FUTRCLASSa_W41,INCOME,"$100,000 or more",[0.28695777 0.24667888 0.46636335],0.003336170436798264
151,FUTRCLASSa_W41,INCOME,"$30,000-$50,000",[0.31529294 0.24711317 0.43759389],0.0051338085118104145
152,FUTRCLASSa_W41,INCOME,"$50,000-$75,000",[0.29944067 0.22010052 0.48045882],0.005266525271797082
153,FUTRCLASSa_W41,INCOME,"$75,000-$100,000",[0.28569227 0.2259412  0.48836653],0.001216735017960982
154,FUTRCLASSa_W41,INCOME,"Less than $30,000",[0.41300268 0.21265649 0.37434083],0.0032505956385806374
155,GOVPRIOkF2_W41,INCOME,"$100,000 or more",[0.20985882 0.31717033 0.20556444 0.26740642],0.00807845899069416
156,GOVPRIOkF2_W41,INCOME,"$30,000-$50,000",[0.19711047 0.46958479 0.19655721 0.13674753],0.007352713183787267
157,GOVPRIOkF2_W41,INCOME,"$50,000-$75,000",[0.25597888 0.41828579 0.21519856 0.11053677],0.005234287469565534
158,GOVPRIOkF2_W41,INCOME,"$75,000-$100,000",[0.20887484 0.43492936 0.27266861 0.08352718],0.003517259878316058
159,GOVPRIOkF2_W41,INCOME,"Less than $30,000",[0.24877151 0.37417974 0.18856465 0.1884841 ],0.007989385649768563
160,HAPPENb_W41,INCOME,"$100,000 or more",[0.39860172 0.60139828],0.041314784151644246
161,HAPPENb_W41,INCOME,"$30,000-$50,000",[0.34204309 0.65795691],0.0963775870991711
162,HAPPENb_W41,INCOME,"$50,000-$75,000",[0.37610601 0.62389399],0.0470964130151056
163,HAPPENb_W41,INCOME,"$75,000-$100,000",[0.36970068 0.63029932],0.05494578691952465
164,HAPPENb_W41,INCOME,"Less than $30,000",[0.37836694 0.62163306],0.1242377116585037
165,HAPPENhF1_W41,INCOME,"$100,000 or more",[0.4378294 0.5621706],0.03447631107041906
166,HAPPENhF1_W41,INCOME,"$30,000-$50,000",[0.32805454 0.67194546],0.07909938749869744
167,HAPPENhF1_W41,INCOME,"$50,000-$75,000",[0.32508641 0.67491359],0.04948645829839379
168,HAPPENhF1_W41,INCOME,"$75,000-$100,000",[0.35870515 0.64129485],0.03416577110464494
169,HAPPENhF1_W41,INCOME,"Less than $30,000",[0.40093118 0.59906882],0.1447109206199671
170,ELDCARE_W41,INCOME,"$100,000 or more",[0.25835213 0.74164787],0.010022860332261142
171,ELDCARE_W41,INCOME,"$30,000-$50,000",[0.2839934 0.7160066],0.0017414889770298878
172,ELDCARE_W41,INCOME,"$50,000-$75,000",[0.19149639 0.80850361],0.005978424023138624
173,ELDCARE_W41,INCOME,"$75,000-$100,000",[0.2408711 0.7591289],0.003008791045225678
174,ELDCARE_W41,INCOME,"Less than $30,000",[0.32745946 0.67254054],0.003387296908174782
175,JOBSECURITY_W41,INCOME,"$100,000 or more",[0.07351203 0.54520778 0.38128019],0.013923217755875744
176,JOBSECURITY_W41,INCOME,"$30,000-$50,000",[0.1198953  0.49299523 0.38710947],0.009174947711272327
177,JOBSECURITY_W41,INCOME,"$50,000-$75,000",[0.07781516 0.5426129  0.37957194],0.0
178,JOBSECURITY_W41,INCOME,"$75,000-$100,000",[0.09878693 0.51236296 0.38885011],0.01518975651103123
179,JOBSECURITY_W41,INCOME,"Less than $30,000",[0.24571001 0.45528203 0.29900796],0.005252253112240125
180,GOVPRIOlF2_W41,INCOME,"$100,000 or more",[0.13557038 0.44435606 0.35003034 0.07004322],0.0
181,GOVPRIOlF2_W41,INCOME,"$30,000-$50,000",[0.13201474 0.43621327 0.2941293  0.1376427 ],0.004211679178541559
182,GOVPRIOlF2_W41,INCOME,"$50,000-$75,000",[0.09106658 0.38664538 0.38859795 0.13369008],0.008720561681100759
183,GOVPRIOlF2_W41,INCOME,"$75,000-$100,000",[0.14191913 0.35655381 0.41099092 0.09053614],0.003517259878316058
184,GOVPRIOlF2_W41,INCOME,"Less than $30,000",[0.29000979 0.36892046 0.22019175 0.12087801],0.002102980424784656
185,FUTR_K_W41,INCOME,"$100,000 or more",[0.04382787 0.54233429 0.41383784],0.015268588368481226
186,FUTR_K_W41,INCOME,"$30,000-$50,000",[0.09251639 0.42786691 0.4796167 ],0.002982639037085389
187,FUTR_K_W41,INCOME,"$50,000-$75,000",[0.06695708 0.46952184 0.46352108],0.005933791010190327
188,FUTR_K_W41,INCOME,"$75,000-$100,000",[0.07571089 0.48537597 0.43891315],0.005181334927655352
189,FUTR_K_W41,INCOME,"Less than $30,000",[0.17023152 0.43089086 0.39887762],0.01122201061217695
190,WRKTRN1F1_W41,INCOME,"$100,000 or more",[0.09130993 0.11549582 0.36613097 0.42706327],0.0
191,WRKTRN1F1_W41,INCOME,"$30,000-$50,000",[0.07992919 0.09142196 0.35724398 0.47140487],0.003411146250836603
192,WRKTRN1F1_W41,INCOME,"$50,000-$75,000",[0.12028342 0.11274265 0.40449539 0.36247854],0.0
193,WRKTRN1F1_W41,INCOME,"$75,000-$100,000",[0.07572252 0.05642695 0.44614518 0.42170535],0.0029005114755786786
194,WRKTRN1F1_W41,INCOME,"Less than $30,000",[0.14121531 0.1483041  0.41739377 0.29308683],0.0
195,FTRWORRYc_W41,INCOME,"$100,000 or more",[0.5403711  0.36938032 0.08257492 0.00767365],0.0013993655100272226
196,FTRWORRYc_W41,INCOME,"$30,000-$50,000",[0.50714011 0.35835191 0.10288632 0.03162166],0.007567294714847245
197,FTRWORRYc_W41,INCOME,"$50,000-$75,000",[0.49025325 0.39781933 0.10409134 0.00783608],0.0
198,FTRWORRYc_W41,INCOME,"$75,000-$100,000",[0.48140529 0.42068727 0.09324368 0.00466376],0.01066116728943904
199,FTRWORRYc_W41,INCOME,"Less than $30,000",[0.47134847 0.35763452 0.12668301 0.044334  ],0.00756477114257265
200,HAPPEN2e_W41,INCOME,"$100,000 or more",[0.30013716 0.63316263 0.06010895 0.00659127],0.0033500470396279655
201,HAPPEN2e_W41,INCOME,"$30,000-$50,000",[0.30743339 0.5379316  0.13856399 0.01607103],0.0021125860638117853
202,HAPPEN2e_W41,INCOME,"$50,000-$75,000",[0.31421971 0.60612942 0.06962496 0.01002592],0.0037931520636324107
203,HAPPEN2e_W41,INCOME,"$75,000-$100,000",[0.32386098 0.55650566 0.11221888 0.00741448],0.0041492424026386325
204,HAPPEN2e_W41,INCOME,"Less than $30,000",[0.30625072 0.51270836 0.13798289 0.04305804],0.003464809987033897
205,SOLVPROBb_W41,INCOME,"$100,000 or more",[0.05708156 0.41607741 0.36864713 0.15819389],0.00877981302022381
206,SOLVPROBb_W41,INCOME,"$30,000-$50,000",[0.0774438  0.44928301 0.305919   0.16735419],0.009702669006932904
207,SOLVPROBb_W41,INCOME,"$50,000-$75,000",[0.05588128 0.46995772 0.31730094 0.15686006],0.023891194526878073
208,SOLVPROBb_W41,INCOME,"$75,000-$100,000",[0.04528819 0.46349041 0.36181978 0.12940162],0.008033359929187434
209,SOLVPROBb_W41,INCOME,"Less than $30,000",[0.14985992 0.36490354 0.29982345 0.18541309],0.009113888680017458
210,HARASS3F1_W41,INCOME,"$100,000 or more",[0.1230758  0.47105497 0.40586923],0.011125943368767287
211,HARASS3F1_W41,INCOME,"$30,000-$50,000",[0.12125331 0.57112309 0.30762361],0.008070856095974941
212,HARASS3F1_W41,INCOME,"$50,000-$75,000",[0.0702233  0.69828924 0.23148746],0.0013815023274559885
213,HARASS3F1_W41,INCOME,"$75,000-$100,000",[0.07467681 0.62198113 0.30334206],0.0
214,HARASS3F1_W41,INCOME,"Less than $30,000",[0.19128405 0.45928283 0.34943312],0.0119057513058868
215,SOLVPROBeF2_W41,INCOME,"$100,000 or more",[0.04930322 0.62124739 0.26386245 0.06558694],0.005510215873721172
216,SOLVPROBeF2_W41,INCOME,"$30,000-$50,000",[0.11617886 0.43064728 0.38396762 0.06920624],0.005679122078660963
217,SOLVPROBeF2_W41,INCOME,"$50,000-$75,000",[0.08135907 0.57760741 0.25542168 0.08561185],0.01618296591998864
218,SOLVPROBeF2_W41,INCOME,"$75,000-$100,000",[0.0771747  0.61174325 0.25991492 0.05116714],0.004355976516268317
219,SOLVPROBeF2_W41,INCOME,"Less than $30,000",[0.18521712 0.47281885 0.23357946 0.10838457],0.01695282962917945
220,FUTR_ABR_W41,INCOME,"$100,000 or more",[0.2198373  0.67000604 0.08675122 0.02340544],0.010333108438095425
221,FUTR_ABR_W41,INCOME,"$30,000-$50,000",[0.21398519 0.55835387 0.19100864 0.0366523 ],0.0031934007542724686
222,FUTR_ABR_W41,INCOME,"$50,000-$75,000",[0.23000459 0.59271772 0.13711624 0.04016145],0.0008311909402232674
223,FUTR_ABR_W41,INCOME,"$75,000-$100,000",[0.22763442 0.60333186 0.13046051 0.0385732 ],0.001216735017960982
224,FUTR_ABR_W41,INCOME,"Less than $30,000",[0.21795067 0.46977083 0.22042721 0.09185129],0.02482805238299708
225,GOVPRIOiF1_W41,INCOME,"$100,000 or more",[0.37590061 0.53696864 0.08190369 0.00522706],0.0
226,GOVPRIOiF1_W41,INCOME,"$30,000-$50,000",[0.37452025 0.46970711 0.14386429 0.01190834],0.0
227,GOVPRIOiF1_W41,INCOME,"$50,000-$75,000",[0.32077617 0.54963449 0.12385784 0.0057315 ],0.0
228,GOVPRIOiF1_W41,INCOME,"$75,000-$100,000",[0.36899451 0.53194786 0.09905763 0.        ],0.0
229,GOVPRIOiF1_W41,INCOME,"Less than $30,000",[0.34839925 0.51479328 0.12047789 0.01632957],0.0
230,HAPPENj_W41,INCOME,"$100,000 or more",[0.66579475 0.33420525],0.06377924835929247
231,HAPPENj_W41,INCOME,"$30,000-$50,000",[0.71262404 0.28737596],0.1135338706947779
232,HAPPENj_W41,INCOME,"$50,000-$75,000",[0.73852857 0.26147143],0.06708053546107963
233,HAPPENj_W41,INCOME,"$75,000-$100,000",[0.70783614 0.29216386],0.043526026137225775
234,HAPPENj_W41,INCOME,"Less than $30,000",[0.72791351 0.27208649],0.13123821055653487
235,AUTOWKPLC_W41,INCOME,"$100,000 or more",[0.25916399 0.38117904 0.35965697],0.0005009745958475008
236,AUTOWKPLC_W41,INCOME,"$30,000-$50,000",[0.18921725 0.52465716 0.28612559],0.010084793558751715
237,AUTOWKPLC_W41,INCOME,"$50,000-$75,000",[0.17417082 0.55949063 0.26633855],0.0034794463096647194
238,AUTOWKPLC_W41,INCOME,"$75,000-$100,000",[0.20185873 0.47503317 0.3231081 ],0.0030743779412428706
239,AUTOWKPLC_W41,INCOME,"Less than $30,000",[0.26903977 0.49232489 0.23863534],0.0158519856073829
240,WRKTRN1F2_W41,INCOME,"$100,000 or more",[0.06359253 0.03305867 0.51310619 0.3902426 ],0.006759729745829048
241,WRKTRN1F2_W41,INCOME,"$30,000-$50,000",[0.07808522 0.04249097 0.46929891 0.4101249 ],0.0
242,WRKTRN1F2_W41,INCOME,"$50,000-$75,000",[0.04174779 0.0318679  0.60059133 0.32579297],0.007346915925239726
243,WRKTRN1F2_W41,INCOME,"$75,000-$100,000",[0.07619187 0.07063702 0.49784628 0.35532483],0.0
244,WRKTRN1F2_W41,INCOME,"Less than $30,000",[0.17053033 0.05436437 0.59442036 0.18068494],0.010357438863379401
245,HARASS1F1d_W41,INCOME,"$100,000 or more",[0.59776798 0.33106393 0.07116809],0.021218278450953136
246,HARASS1F1d_W41,INCOME,"$30,000-$50,000",[0.59754151 0.32391524 0.07854325],0.0
247,HARASS1F1d_W41,INCOME,"$50,000-$75,000",[0.5790055  0.34254066 0.07845384],0.0013815023274559885
248,HARASS1F1d_W41,INCOME,"$75,000-$100,000",[0.48076314 0.40648471 0.11275215],0.007387126073730099
249,HARASS1F1d_W41,INCOME,"Less than $30,000",[0.66321297 0.27361147 0.06317556],0.0
250,HAPPEN2g_W41,INCOME,"$100,000 or more",[0.32270063 0.51542783 0.13128072 0.03059081],0.003852422902210989
251,HAPPEN2g_W41,INCOME,"$30,000-$50,000",[0.35370857 0.5046033  0.11095512 0.03073301],0.0
252,HAPPEN2g_W41,INCOME,"$50,000-$75,000",[0.37448518 0.5182337  0.0929822  0.01429891],0.0029436764957356952
253,HAPPEN2g_W41,INCOME,"$75,000-$100,000",[0.27599299 0.57544593 0.1242916  0.02426948],0.005087945904804211
254,HAPPEN2g_W41,INCOME,"Less than $30,000",[0.32692406 0.46191924 0.1647762  0.0463805 ],0.005280913943378738
255,FTRWORRYd_W41,INCOME,"$100,000 or more",[0.54930715 0.38041395 0.06133746 0.00894144],0.002852909789380267
256,FTRWORRYd_W41,INCOME,"$30,000-$50,000",[0.45837689 0.43066668 0.07784874 0.03310769],0.0021279506412387366
257,FTRWORRYd_W41,INCOME,"$50,000-$75,000",[0.4964414  0.37391516 0.12176049 0.00788295],0.0012944723677336548
258,FTRWORRYd_W41,INCOME,"$75,000-$100,000",[0.45430896 0.44004233 0.10564871 0.        ],0.0027468422071902643
259,FTRWORRYd_W41,INCOME,"Less than $30,000",[0.45686557 0.37689914 0.13414978 0.03208551],0.0006798349393365937
260,GOVPRIOe_W41,INCOME,"$100,000 or more",[0.42088051 0.31564777 0.18797946 0.07549226],0.0020864410488220914
261,GOVPRIOe_W41,INCOME,"$30,000-$50,000",[0.42410809 0.39881845 0.13190217 0.04517129],0.004344407889860407
262,GOVPRIOe_W41,INCOME,"$50,000-$75,000",[0.39101698 0.42614257 0.13125743 0.05158303],0.0018483039925230346
263,GOVPRIOe_W41,INCOME,"$75,000-$100,000",[0.35168853 0.34746794 0.21072505 0.09011848],0.007369681148088899
264,GOVPRIOe_W41,INCOME,"Less than $30,000",[0.52265041 0.34110176 0.10274591 0.03350192],0.0038858059336296775
265,HAPPENa_W41,INCOME,"$100,000 or more",[0.43724354 0.56275646],0.04429115744621684
266,HAPPENa_W41,INCOME,"$30,000-$50,000",[0.36779509 0.63220491],0.07676745612062319
267,HAPPENa_W41,INCOME,"$50,000-$75,000",[0.38254254 0.61745746],0.06442523465646167
268,HAPPENa_W41,INCOME,"$75,000-$100,000",[0.47325502 0.52674498],0.06567684976242343
269,HAPPENa_W41,INCOME,"Less than $30,000",[0.41090467 0.58909533],0.13066208180506256
270,SOLVPROBdF1_W41,INCOME,"$100,000 or more",[0.01316063 0.44986535 0.35879627 0.17817775],0.023547343886811043
271,SOLVPROBdF1_W41,INCOME,"$30,000-$50,000",[0.06218456 0.40521025 0.34937222 0.18323298],0.003953660994251278
272,SOLVPROBdF1_W41,INCOME,"$50,000-$75,000",[0.046121   0.44754945 0.3033606  0.20296895],0.00695637475042038
273,SOLVPROBdF1_W41,INCOME,"$75,000-$100,000",[0.0409349 0.2645855 0.4670531 0.2274265],0.017765889948259943
274,SOLVPROBdF1_W41,INCOME,"Less than $30,000",[0.11743437 0.31462954 0.37352872 0.19440736],0.0031458234732169065
275,HAPPEN2a_W41,INCOME,"$100,000 or more",[0.10079461 0.46389268 0.42118276 0.01412995],0.008500829919756857
276,HAPPEN2a_W41,INCOME,"$30,000-$50,000",[0.10205457 0.49735248 0.36074845 0.0398445 ],0.0027708563521833865
277,HAPPEN2a_W41,INCOME,"$50,000-$75,000",[0.14938871 0.47684494 0.34581369 0.02795266],0.01406935371551758
278,HAPPEN2a_W41,INCOME,"$75,000-$100,000",[0.11860959 0.46879041 0.39359341 0.0190066 ],0.012552762616600778
279,HAPPEN2a_W41,INCOME,"Less than $30,000",[0.12259281 0.5036115  0.29426894 0.07952675],0.006046823454494489
280,HAPPEN2h_W41,INCOME,"$100,000 or more",[0.06284402 0.32253148 0.55001729 0.06460722],0.00715136080381618
281,HAPPEN2h_W41,INCOME,"$30,000-$50,000",[0.074463   0.34043932 0.50176969 0.08332799],0.01094498024791782
282,HAPPEN2h_W41,INCOME,"$50,000-$75,000",[0.05340961 0.31189088 0.52861831 0.1060812 ],0.010222259965466517
283,HAPPEN2h_W41,INCOME,"$75,000-$100,000",[0.05479309 0.26052412 0.61834172 0.06634106],0.0044314819298363235
284,HAPPEN2h_W41,INCOME,"Less than $30,000",[0.07633252 0.34392298 0.46556347 0.11418103],0.006950045296264032
285,SSCUT_W41,INCOME,"$100,000 or more",[0.359899 0.640101],0.004562691632710985
286,SSCUT_W41,INCOME,"$30,000-$50,000",[0.2055543 0.7944457],0.004567982050344098
287,SSCUT_W41,INCOME,"$50,000-$75,000",[0.26236071 0.73763929],0.0038724923988461522
288,SSCUT_W41,INCOME,"$75,000-$100,000",[0.26132805 0.73867195],0.0
289,SSCUT_W41,INCOME,"Less than $30,000",[0.22315043 0.77684957],0.015552679637153758
290,FUTR_DIV_W41,INCOME,"$100,000 or more",[0.25862505 0.09733266 0.64404229],0.0034331133522932824
291,FUTR_DIV_W41,INCOME,"$30,000-$50,000",[0.33422837 0.10211981 0.56365181],0.009525172286728865
292,FUTR_DIV_W41,INCOME,"$50,000-$75,000",[0.31390832 0.08553438 0.6005573 ],0.005940551750127508
293,FUTR_DIV_W41,INCOME,"$75,000-$100,000",[0.25003215 0.08590831 0.66405954],0.006206816612975966
294,FUTR_DIV_W41,INCOME,"Less than $30,000",[0.29320597 0.17744691 0.52934713],0.011953449181994464
295,ELDFINANCEF1_W41,INCOME,"$100,000 or more",[0.29512825 0.2886687  0.41620305],0.004281969316000374
296,ELDFINANCEF1_W41,INCOME,"$30,000-$50,000",[0.3548142  0.33812332 0.30706248],0.003411146250836604
297,ELDFINANCEF1_W41,INCOME,"$50,000-$75,000",[0.40698341 0.21860469 0.3744119 ],0.00950024330982037
298,ELDFINANCEF1_W41,INCOME,"$75,000-$100,000",[0.2872107 0.2634835 0.4493058],0.005381130365113558
299,ELDFINANCEF1_W41,INCOME,"Less than $30,000",[0.37595965 0.28836538 0.33567497],0.004151696193956106
300,ENVC_W41,INCOME,"$100,000 or more",[0.13994538 0.6177927  0.24226193],0.0
301,ENVC_W41,INCOME,"$30,000-$50,000",[0.14221235 0.60032699 0.25746066],0.0023995452853898818
302,ENVC_W41,INCOME,"$50,000-$75,000",[0.13132725 0.61931123 0.24936152],0.0
303,ENVC_W41,INCOME,"$75,000-$100,000",[0.14621284 0.51757277 0.33621438],0.006304680922765193
304,ENVC_W41,INCOME,"Less than $30,000",[0.20369942 0.57661566 0.21968492],0.005684342171748546
305,GOVPRIOa_W41,INCOME,"$100,000 or more",[0.47091731 0.40236931 0.11738744 0.00932594],0.0015633137600154841
306,GOVPRIOa_W41,INCOME,"$30,000-$50,000",[0.48341613 0.42857111 0.07632893 0.01168383],0.007754601657792568
307,GOVPRIOa_W41,INCOME,"$50,000-$75,000",[0.4625358  0.46359066 0.07125356 0.00261997],0.0
308,GOVPRIOa_W41,INCOME,"$75,000-$100,000",[0.51767572 0.40404343 0.07458551 0.00369534],0.0017920560272646957
309,GOVPRIOa_W41,INCOME,"Less than $30,000",[0.51186599 0.39799087 0.07586824 0.01427491],0.0048971901430952414
310,ELDFINANCEF2_W41,INCOME,"$100,000 or more",[0.1067407  0.44561925 0.44764006],0.01581087395912344
311,ELDFINANCEF2_W41,INCOME,"$30,000-$50,000",[0.19855546 0.54007329 0.26137125],0.012157412927984855
312,ELDFINANCEF2_W41,INCOME,"$50,000-$75,000",[0.15596061 0.55253568 0.2915037 ],0.030412789906632674
313,ELDFINANCEF2_W41,INCOME,"$75,000-$100,000",[0.1696174  0.51919398 0.31118862],0.020274382090645037
314,ELDFINANCEF2_W41,INCOME,"Less than $30,000",[0.13726111 0.67019239 0.1925465 ],0.020609774672434696
315,HAPPENg_W41,INCOME,"$100,000 or more",[0.64479048 0.35520952],0.029130605359307195
316,HAPPENg_W41,INCOME,"$30,000-$50,000",[0.52606634 0.47393366],0.1308626458199939
317,HAPPENg_W41,INCOME,"$50,000-$75,000",[0.57565681 0.42434319],0.0567287618287734
318,HAPPENg_W41,INCOME,"$75,000-$100,000",[0.60127474 0.39872526],0.05502130303132154
319,HAPPENg_W41,INCOME,"Less than $30,000",[0.46729227 0.53270773],0.13218560490304382
320,OPTIMIST_W41,INCOME,"$100,000 or more",[0.08471488 0.42589435 0.33359913 0.15579164],0.0007091688049996583
321,OPTIMIST_W41,INCOME,"$30,000-$50,000",[0.11607284 0.44526264 0.33091771 0.10774682],0.00027159464415114535
322,OPTIMIST_W41,INCOME,"$50,000-$75,000",[0.09385252 0.42690796 0.36324392 0.1159956 ],0.00765255293765492
323,OPTIMIST_W41,INCOME,"$75,000-$100,000",[0.12537109 0.42565047 0.33981288 0.10916557],0.0
324,OPTIMIST_W41,INCOME,"Less than $30,000",[0.15436221 0.44378301 0.25370906 0.14814572],0.003135432786344869
325,JOBBENEFITS_W41,INCOME,"$100,000 or more",[0.19212789 0.43748935 0.37038275],0.007196690624515209
326,JOBBENEFITS_W41,INCOME,"$30,000-$50,000",[0.20795541 0.42314615 0.36889844],0.00641179935739674
327,JOBBENEFITS_W41,INCOME,"$50,000-$75,000",[0.18792907 0.45138858 0.36068234],0.0055410067855999525
328,JOBBENEFITS_W41,INCOME,"$75,000-$100,000",[0.1665263  0.43448418 0.39898951],0.010894997881810715
329,JOBBENEFITS_W41,INCOME,"Less than $30,000",[0.31328477 0.36972999 0.31698523],0.006585230098315381
330,AUTOLKLY_W41,INCOME,"$100,000 or more",[0.06508568 0.17571542 0.43892587 0.32027303],0.0006613395949858905
331,AUTOLKLY_W41,INCOME,"$30,000-$50,000",[0.09743526 0.27150144 0.41614232 0.21492097],0.000306748767464446
332,AUTOLKLY_W41,INCOME,"$50,000-$75,000",[0.08854768 0.27962595 0.40465954 0.22716684],0.0033266401690237152
333,AUTOLKLY_W41,INCOME,"$75,000-$100,000",[0.0729142  0.22141839 0.46404561 0.2416218 ],0.0
334,AUTOLKLY_W41,INCOME,"Less than $30,000",[0.2304113  0.30339004 0.27188803 0.19431064],0.016955844981063662
335,SOLVPROBa_W41,INCOME,"$100,000 or more",[0.55269821 0.36991424 0.06556164 0.01182591],0.008507297061355031
336,SOLVPROBa_W41,INCOME,"$30,000-$50,000",[0.37762279 0.49037709 0.08488313 0.04711699],0.017636454950009765
337,SOLVPROBa_W41,INCOME,"$50,000-$75,000",[0.45435426 0.45188165 0.05571493 0.03804916],0.013628251423554533
338,SOLVPROBa_W41,INCOME,"$75,000-$100,000",[0.43782767 0.45940595 0.0934773  0.00928909],0.00775200256927148
339,SOLVPROBa_W41,INCOME,"Less than $30,000",[0.39757445 0.45195017 0.10177143 0.04870395],0.01272125844048705
340,SOLVPROBi_W41,INCOME,"$100,000 or more",[0.2363562  0.57732399 0.16287058 0.02344923],0.013050164136976725
341,SOLVPROBi_W41,INCOME,"$30,000-$50,000",[0.23614504 0.5348865  0.17009728 0.05887117],0.006227114406998655
342,SOLVPROBi_W41,INCOME,"$50,000-$75,000",[0.23852297 0.55676146 0.15000437 0.0547112 ],0.010627284160678993
343,SOLVPROBi_W41,INCOME,"$75,000-$100,000",[0.20144304 0.6085531  0.16072159 0.02928226],0.005704251551278279
344,SOLVPROBi_W41,INCOME,"Less than $30,000",[0.29084618 0.47946282 0.18728832 0.04240269],0.008158302623756941
345,HAPPEN2b_W41,INCOME,"$100,000 or more",[0.20830989 0.41155017 0.33503148 0.04510845],0.0019846568942081086
346,HAPPEN2b_W41,INCOME,"$30,000-$50,000",[0.19852115 0.50395999 0.26710224 0.03041661],0.006466518507840613
347,HAPPEN2b_W41,INCOME,"$50,000-$75,000",[0.20440809 0.46150483 0.29062604 0.04346104],0.0006901371108710032
348,HAPPEN2b_W41,INCOME,"$75,000-$100,000",[0.14801593 0.43237624 0.39601749 0.02359033],0.005087945904804211
349,HAPPEN2b_W41,INCOME,"Less than $30,000",[0.25087777 0.47799804 0.23157187 0.03955232],0.0050473050368103215
350,HAPPEN2c_W41,INCOME,"$100,000 or more",[0.04957553 0.54821321 0.37715951 0.02505175],0.0005009745958475008
351,HAPPEN2c_W41,INCOME,"$30,000-$50,000",[0.0814308  0.49965108 0.36786962 0.0510485 ],0.0009296841762140323
352,HAPPEN2c_W41,INCOME,"$50,000-$75,000",[0.07945056 0.52089786 0.34897287 0.05067871],0.0060385051659146
353,HAPPEN2c_W41,INCOME,"$75,000-$100,000",[0.08279299 0.46014579 0.42872077 0.02834045],0.003008791045225678
354,HAPPEN2c_W41,INCOME,"Less than $30,000",[0.1178599  0.51147979 0.32241338 0.04824693],0.024927838316461184
355,INTRMAR_W41,INCOME,"$100,000 or more",[0.38091729 0.19321207 0.04668766 0.01104635 0.36813662],0.0032279506280041906
356,INTRMAR_W41,INCOME,"$30,000-$50,000",[0.27670006 0.20155862 0.09081505 0.03634835 0.39457792],0.00921597994073311
357,INTRMAR_W41,INCOME,"$50,000-$75,000",[0.3049689  0.18046541 0.06161062 0.04356104 0.40939404],0.0026682190894791384
358,INTRMAR_W41,INCOME,"$75,000-$100,000",[0.32458523 0.17590873 0.05465323 0.01744541 0.4274074 ],0.0
359,INTRMAR_W41,INCOME,"Less than $30,000",[0.27184751 0.19905669 0.08612097 0.05072005 0.39225477],0.005121323372581738
360,FUTR_M_W41,INCOME,"$100,000 or more",[0.02705685 0.57853058 0.39441257],0.003071471327851573
361,FUTR_M_W41,INCOME,"$30,000-$50,000",[0.08185438 0.54922431 0.36892131],0.011261374840190483
362,FUTR_M_W41,INCOME,"$50,000-$75,000",[0.03814997 0.56545677 0.39639326],0.0005148837733011699
363,FUTR_M_W41,INCOME,"$75,000-$100,000",[0.03274119 0.53059749 0.43666132],0.0
364,FUTR_M_W41,INCOME,"Less than $30,000",[0.12963797 0.4739885  0.39637353],0.012031120080145258
365,SSMONEY_W41,INCOME,"$100,000 or more",[0.15718384 0.45893148 0.38388468],0.001232806580691183
366,SSMONEY_W41,INCOME,"$30,000-$50,000",[0.16161895 0.42118673 0.41719433],0.008059806935233607
367,SSMONEY_W41,INCOME,"$50,000-$75,000",[0.12627059 0.43476882 0.43896059],0.009241495300013182
368,SSMONEY_W41,INCOME,"$75,000-$100,000",[0.08726195 0.47003101 0.44270705],0.0
369,SSMONEY_W41,INCOME,"Less than $30,000",[0.19201371 0.37716706 0.43081924],0.015467873291565525
370,GOVPRIOoF2_W41,INCOME,"$100,000 or more",[0.50833905 0.23594391 0.18703887 0.06867817],0.0
371,GOVPRIOoF2_W41,INCOME,"$30,000-$50,000",[0.43242553 0.31154374 0.17528788 0.08074285],0.004318228198177448
372,GOVPRIOoF2_W41,INCOME,"$50,000-$75,000",[0.46458643 0.24484457 0.17171284 0.11885616],0.0
373,GOVPRIOoF2_W41,INCOME,"$75,000-$100,000",[0.45481598 0.29558097 0.15362651 0.09597654],0.003517259878316057
374,GOVPRIOoF2_W41,INCOME,"Less than $30,000",[0.55520944 0.28794296 0.12119612 0.03565148],0.007989385649768562
375,HAPPENiF2_W41,INCOME,"$100,000 or more",[0.45111668 0.54888332],0.026796868222174287
376,HAPPENiF2_W41,INCOME,"$30,000-$50,000",[0.39848914 0.60151086],0.11675297933085312
377,HAPPENiF2_W41,INCOME,"$50,000-$75,000",[0.45588274 0.54411726],0.09601456447897093
378,HAPPENiF2_W41,INCOME,"$75,000-$100,000",[0.5308386 0.4691614],0.08828307026314625
379,HAPPENiF2_W41,INCOME,"Less than $30,000",[0.46129116 0.53870884],0.11030771785208529
380,HARASS1F1b_W41,INCOME,"$100,000 or more",[0.33647994 0.3792782  0.28424186],0.021218278450953133
381,HARASS1F1b_W41,INCOME,"$30,000-$50,000",[0.52376969 0.3808515  0.0953788 ],0.0011418628500749085
382,HARASS1F1b_W41,INCOME,"$50,000-$75,000",[0.53844603 0.35286367 0.10869029],0.0
383,HARASS1F1b_W41,INCOME,"$75,000-$100,000",[0.51217282 0.36276951 0.12505767],0.0
384,HARASS1F1b_W41,INCOME,"Less than $30,000",[0.57395771 0.31646689 0.1095754 ],0.0022198092846151558
385,FUTRCLASSc_W41,INCOME,"$100,000 or more",[0.71000231 0.14903759 0.1409601 ],0.006943492084576585
386,FUTRCLASSc_W41,INCOME,"$30,000-$50,000",[0.63626706 0.17972658 0.18400636],0.002127950641238736
387,FUTRCLASSc_W41,INCOME,"$50,000-$75,000",[0.62897636 0.1621614  0.20886224],0.0008311909402232674
388,FUTRCLASSc_W41,INCOME,"$75,000-$100,000",[0.60636965 0.18612601 0.20750435],0.00396678416235388
389,FUTRCLASSc_W41,INCOME,"Less than $30,000",[0.57452207 0.21635356 0.20912437],0.0032505956385806374
390,LEGALIMG_W41,INCOME,"$100,000 or more",[0.39718819 0.43603663 0.16677518],0.014193374197125432
391,LEGALIMG_W41,INCOME,"$30,000-$50,000",[0.2260301  0.53671706 0.23725284],0.013009476797737143
392,LEGALIMG_W41,INCOME,"$50,000-$75,000",[0.24040136 0.54906042 0.21053822],0.010100269014111757
393,LEGALIMG_W41,INCOME,"$75,000-$100,000",[0.2497446  0.53236019 0.21789521],0.0025631422420235995
394,LEGALIMG_W41,INCOME,"Less than $30,000",[0.26391793 0.49897923 0.23710283],0.008131525918112902
395,HARASS4_W41,INCOME,"$100,000 or more",[0.51629364 0.48370636],0.004086134510951715
396,HARASS4_W41,INCOME,"$30,000-$50,000",[0.52190526 0.47809474],0.004477208605562949
397,HARASS4_W41,INCOME,"$50,000-$75,000",[0.52232002 0.47767998],0.0006788612676038395
398,HARASS4_W41,INCOME,"$75,000-$100,000",[0.51630571 0.48369429],0.0
399,HARASS4_W41,INCOME,"Less than $30,000",[0.52949093 0.47050907],0.01092597679082233
400,ETHNCMAJMOD_W41,INCOME,"$100,000 or more",[0.16849449 0.18457592 0.12634695 0.05018613 0.47039651],0.007702419795333925
401,ETHNCMAJMOD_W41,INCOME,"$30,000-$50,000",[0.14782035 0.20031179 0.16827815 0.08064431 0.40294539],0.0036187699881291345
402,ETHNCMAJMOD_W41,INCOME,"$50,000-$75,000",[0.18270231 0.16233624 0.15703713 0.06872939 0.42919494],0.002337303614550492
403,ETHNCMAJMOD_W41,INCOME,"$75,000-$100,000",[0.19295593 0.14875464 0.19712066 0.06775523 0.39341353],0.0
404,ETHNCMAJMOD_W41,INCOME,"Less than $30,000",[0.17850114 0.20856251 0.13232735 0.09343483 0.38717417],0.00996256282446163
405,SOLVPROBf_W41,INCOME,"$100,000 or more",[0.09660549 0.39598234 0.25111955 0.25629262],0.013476109783273517
406,SOLVPROBf_W41,INCOME,"$30,000-$50,000",[0.07064327 0.30336928 0.34268176 0.28330569],0.008094419989937509
407,SOLVPROBf_W41,INCOME,"$50,000-$75,000",[0.08445729 0.27615789 0.31241941 0.32696542],0.008591853925176397
408,SOLVPROBf_W41,INCOME,"$75,000-$100,000",[0.06231847 0.27832302 0.35279329 0.30656521],0.006075061772646578
409,SOLVPROBf_W41,INCOME,"Less than $30,000",[0.16998428 0.31996447 0.31393486 0.19611639],0.008527309438686388
410,HAPPENc_W41,INCOME,"$100,000 or more",[0.63716695 0.36283305],0.055082849285132476
411,HAPPENc_W41,INCOME,"$30,000-$50,000",[0.52295523 0.47704477],0.11887784080841027
412,HAPPENc_W41,INCOME,"$50,000-$75,000",[0.55724611 0.44275389],0.053648962901900514
413,HAPPENc_W41,INCOME,"$75,000-$100,000",[0.61393822 0.38606178],0.06134037035834444
414,HAPPENc_W41,INCOME,"Less than $30,000",[0.52421208 0.47578792],0.1329527159858309
415,FTRWORRYa_W41,INCOME,"$100,000 or more",[0.2536712  0.46236539 0.2645365  0.01942691],0.0028529097893802667
416,FTRWORRYa_W41,INCOME,"$30,000-$50,000",[0.27564283 0.49920203 0.19860877 0.02654638],0.0057674498541092955
417,FTRWORRYa_W41,INCOME,"$50,000-$75,000",[0.27450827 0.45737643 0.24615931 0.02195598],0.0023313968811321585
418,FTRWORRYa_W41,INCOME,"$75,000-$100,000",[0.16890629 0.51980296 0.29296973 0.01832102],0.0017920560272646961
419,FTRWORRYa_W41,INCOME,"Less than $30,000",[0.34674363 0.40949284 0.19068052 0.05308301],0.009350659984830277
420,HAPPEN2d_W41,INCOME,"$100,000 or more",[0.13201014 0.41994219 0.42006742 0.02798025],0.009771401672659271
421,HAPPEN2d_W41,INCOME,"$30,000-$50,000",[0.16390333 0.38605773 0.37669162 0.07334731],0.009229876898160107
422,HAPPEN2d_W41,INCOME,"$50,000-$75,000",[0.09221633 0.45389048 0.39969797 0.05419522],0.003153679804703103
423,HAPPEN2d_W41,INCOME,"$75,000-$100,000",[0.13725778 0.43423998 0.35090334 0.07759891],0.007310840987703513
424,HAPPEN2d_W41,INCOME,"Less than $30,000",[0.12739474 0.40360425 0.35010911 0.1188919 ],0.008520223617326225
425,POPPROB_W41,INCOME,"$100,000 or more",[0.38664325 0.39171222 0.22164454],0.002641333765524977
426,POPPROB_W41,INCOME,"$30,000-$50,000",[0.49551633 0.36526191 0.13922176],0.0031989339442816027
427,POPPROB_W41,INCOME,"$50,000-$75,000",[0.45793468 0.36958043 0.17248489],0.0
428,POPPROB_W41,INCOME,"$75,000-$100,000",[0.44113123 0.36574808 0.19312069],0.008924183164630195
429,POPPROB_W41,INCOME,"Less than $30,000",[0.473441   0.34158772 0.18497128],0.005051291650090337
430,GOVPRIOc_W41,INCOME,"$100,000 or more",[0.65030978 0.20115393 0.09483792 0.05369837],0.002580586203722831
431,GOVPRIOc_W41,INCOME,"$30,000-$50,000",[0.63925156 0.23591757 0.07069385 0.05413702],0.00272504372240558
432,GOVPRIOc_W41,INCOME,"$50,000-$75,000",[0.70442806 0.18711979 0.05219541 0.05625674],0.0
433,GOVPRIOc_W41,INCOME,"$75,000-$100,000",[0.61828156 0.21476083 0.09547016 0.07148744],0.0017920560272646961
434,GOVPRIOc_W41,INCOME,"Less than $30,000",[0.7447312  0.17457271 0.05431656 0.02637953],0.0010915619218041881
435,GOVPRIOgF1_W41,INCOME,"$100,000 or more",[0.29329573 0.26870941 0.3011282  0.13686666],0.0
436,GOVPRIOgF1_W41,INCOME,"$30,000-$50,000",[0.42336837 0.28076181 0.2036417  0.09222812],0.005908003875221988
437,GOVPRIOgF1_W41,INCOME,"$50,000-$75,000",[0.40483822 0.28268632 0.23064488 0.08183058],0.0013392954467362735
438,GOVPRIOgF1_W41,INCOME,"$75,000-$100,000",[0.4167979  0.30120505 0.25886059 0.02313646],0.0
439,GOVPRIOgF1_W41,INCOME,"Less than $30,000",[0.34470264 0.3113422  0.22606544 0.11788971],0.002448949063425099
440,HARASS3NOWRKF2_W41,INCOME,"$100,000 or more",[0.17176721 0.54884241 0.27939038],0.0
441,HARASS3NOWRKF2_W41,INCOME,"$30,000-$50,000",[0.11320935 0.60565604 0.28113461],0.009043635516339351
442,HARASS3NOWRKF2_W41,INCOME,"$50,000-$75,000",[0.08660253 0.61807642 0.29532105],0.0016800983182751336
443,HARASS3NOWRKF2_W41,INCOME,"$75,000-$100,000",[0.11326845 0.5649413  0.32179025],0.0
444,HARASS3NOWRKF2_W41,INCOME,"Less than $30,000",[0.13965023 0.45861811 0.40173166],0.006825951238858549
445,HARASS1NOWRKF2a_W41,INCOME,"$100,000 or more",[0.36773381 0.41865949 0.2136067 ],0.0
446,HARASS1NOWRKF2a_W41,INCOME,"$30,000-$50,000",[0.43626422 0.50136912 0.06236666],0.006036953019262734
447,HARASS1NOWRKF2a_W41,INCOME,"$50,000-$75,000",[0.50886312 0.39990622 0.09123066],0.007094183593234856
448,HARASS1NOWRKF2a_W41,INCOME,"$75,000-$100,000",[0.4689763  0.47631598 0.05470773],0.0
449,HARASS1NOWRKF2a_W41,INCOME,"Less than $30,000",[0.57997779 0.34722128 0.07280093],0.0
0,AVGFAM_W41,POLIDEOLOGY,Conservative,[0.19856911 0.39791749 0.40351341],0.005702135459418523
1,AVGFAM_W41,POLIDEOLOGY,Liberal,[0.16742539 0.3527235  0.47985111],0.0038116181774296475
2,AVGFAM_W41,POLIDEOLOGY,Moderate,[0.21862502 0.34363346 0.43774153],0.003451206515785483
3,AVGFAM_W41,POLIDEOLOGY,Very conservative,[0.25646729 0.30615283 0.43737988],0.0027636638106038904
4,AVGFAM_W41,POLIDEOLOGY,Very liberal,[0.17731581 0.28652045 0.53616374],0.0
5,HARASS5_W41,POLIDEOLOGY,Conservative,[0.21831746 0.33682078 0.44486176],0.0003537562640597392
6,HARASS5_W41,POLIDEOLOGY,Liberal,[0.09342022 0.39914494 0.50743484],0.0
7,HARASS5_W41,POLIDEOLOGY,Moderate,[0.13241028 0.34238092 0.5252088 ],0.0038767588459995023
8,HARASS5_W41,POLIDEOLOGY,Very conservative,[0.23427181 0.34004205 0.42568614],0.0
9,HARASS5_W41,POLIDEOLOGY,Very liberal,[0.06333487 0.40909185 0.52757329],0.0
10,GOVPRIOmF2_W41,POLIDEOLOGY,Conservative,[0.37695675 0.39238004 0.14168841 0.0889748 ],0.007050902254362815
11,GOVPRIOmF2_W41,POLIDEOLOGY,Liberal,[0.53863704 0.38247565 0.06527663 0.01361069],0.0
12,GOVPRIOmF2_W41,POLIDEOLOGY,Moderate,[0.51835317 0.36720028 0.08121717 0.03322938],0.010865165464866617
13,GOVPRIOmF2_W41,POLIDEOLOGY,Very conservative,[0.26466547 0.52006512 0.13415306 0.08111635],0.0048181412667974675
14,GOVPRIOmF2_W41,POLIDEOLOGY,Very liberal,[0.63008033 0.29819751 0.04686616 0.024856  ],0.02722719391724349
15,SOLVPROBg_W41,POLIDEOLOGY,Conservative,[0.31426306 0.5817943  0.07924842 0.02469422],0.01565699558414878
16,SOLVPROBg_W41,POLIDEOLOGY,Liberal,[0.13570179 0.45683024 0.3087278  0.09874017],0.00742938452513858
17,SOLVPROBg_W41,POLIDEOLOGY,Moderate,[0.20916262 0.54088821 0.18206827 0.06788091],0.027423512006837562
18,SOLVPROBg_W41,POLIDEOLOGY,Very conservative,[0.34715851 0.54462294 0.04186946 0.06634909],0.0
19,SOLVPROBg_W41,POLIDEOLOGY,Very liberal,[0.07036714 0.33533257 0.33962965 0.25467064],0.010696660474699204
20,HARASS1F1a_W41,POLIDEOLOGY,Conservative,[0.58696454 0.37259484 0.04044061],0.007902538458598353
21,HARASS1F1a_W41,POLIDEOLOGY,Liberal,[0.32481047 0.46646409 0.20872544],0.0
22,HARASS1F1a_W41,POLIDEOLOGY,Moderate,[0.4869391  0.42293516 0.09012575],0.0030516637665453606
23,HARASS1F1a_W41,POLIDEOLOGY,Very conservative,[0.62394945 0.33313352 0.04291703],0.03777595354492817
24,HARASS1F1a_W41,POLIDEOLOGY,Very liberal,[0.23491815 0.40091132 0.36417053],0.0
25,ROBWRK2_W41,POLIDEOLOGY,Conservative,[0.05497943 0.22529666 0.44198558 0.27773833],0.003312072556473243
26,ROBWRK2_W41,POLIDEOLOGY,Liberal,[0.05751704 0.26359256 0.43980387 0.23908654],0.0012360222281018822
27,ROBWRK2_W41,POLIDEOLOGY,Moderate,[0.05757941 0.25711729 0.40210287 0.28320042],0.0019004352100087064
28,ROBWRK2_W41,POLIDEOLOGY,Very conservative,[0.125566   0.21465733 0.295661   0.36411567],0.0
29,ROBWRK2_W41,POLIDEOLOGY,Very liberal,[0.12860611 0.26852978 0.33224644 0.27061768],0.012525789640400367
30,ROBWRK_W41,POLIDEOLOGY,Conservative,[0.26714984 0.55963391 0.16257068 0.01064557],0.0008660785512393692
31,ROBWRK_W41,POLIDEOLOGY,Liberal,[0.29098804 0.50011065 0.17832724 0.03057407],0.0006689261696631471
32,ROBWRK_W41,POLIDEOLOGY,Moderate,[0.32347892 0.53422855 0.13439341 0.00789913],0.002970136990329374
33,ROBWRK_W41,POLIDEOLOGY,Very conservative,[0.32883032 0.46738998 0.174407   0.0293727 ],0.0
34,ROBWRK_W41,POLIDEOLOGY,Very liberal,[0.27447761 0.50024243 0.21692773 0.00835223],0.01449923083337206
35,GOVPRIOnF2_W41,POLIDEOLOGY,Conservative,[0.1154491  0.2967886  0.19838352 0.38937878],0.0075204717964511775
36,GOVPRIOnF2_W41,POLIDEOLOGY,Liberal,[0.15267034 0.28248265 0.1467588  0.41808822],0.0
37,GOVPRIOnF2_W41,POLIDEOLOGY,Moderate,[0.16380843 0.32147044 0.20030167 0.31441946],0.015524177462701965
38,GOVPRIOnF2_W41,POLIDEOLOGY,Very conservative,[0.09485423 0.24893586 0.19547201 0.46073789],0.0048181412667974675
39,GOVPRIOnF2_W41,POLIDEOLOGY,Very liberal,[0.13410904 0.21963953 0.12691661 0.51933482],0.0
40,HARASS1NOWRKF2c_W41,POLIDEOLOGY,Conservative,[0.56749512 0.37753966 0.05496522],0.0027899021899860325
41,HARASS1NOWRKF2c_W41,POLIDEOLOGY,Liberal,[0.72851614 0.24178309 0.02970077],0.0
42,HARASS1NOWRKF2c_W41,POLIDEOLOGY,Moderate,[0.74816644 0.23143004 0.02040353],0.005587340648212772
43,HARASS1NOWRKF2c_W41,POLIDEOLOGY,Very conservative,[0.42656334 0.41196312 0.16147354],0.0030662298858555284
44,HARASS1NOWRKF2c_W41,POLIDEOLOGY,Very liberal,[0.93383138 0.06191198 0.00425664],0.0
45,HAPPENd_W41,POLIDEOLOGY,Conservative,[0.45764738 0.54235262],0.08224477241824095
46,HAPPENd_W41,POLIDEOLOGY,Liberal,[0.24635415 0.75364585],0.08238515992569448
47,HAPPENd_W41,POLIDEOLOGY,Moderate,[0.34516608 0.65483392],0.099851018824919
48,HAPPENd_W41,POLIDEOLOGY,Very conservative,[0.36420578 0.63579422],0.09160113235207978
49,HAPPENd_W41,POLIDEOLOGY,Very liberal,[0.23129945 0.76870055],0.05696486111363328
50,GOVPRIOd_W41,POLIDEOLOGY,Conservative,[0.21245184 0.55332077 0.2022871  0.03194029],0.0008660785512393694
51,GOVPRIOd_W41,POLIDEOLOGY,Liberal,[0.42205393 0.45914986 0.11050669 0.00828952],0.0014957424222910437
52,GOVPRIOd_W41,POLIDEOLOGY,Moderate,[0.35150553 0.48944813 0.13705514 0.0219912 ],0.0027994656120686997
53,GOVPRIOd_W41,POLIDEOLOGY,Very conservative,[0.24813212 0.3927263  0.30972284 0.04941874],0.0027636638106038904
54,GOVPRIOd_W41,POLIDEOLOGY,Very liberal,[0.54412289 0.35921367 0.09287878 0.00378465],0.002211079280469042
55,HAPPEN2f_W41,POLIDEOLOGY,Conservative,[0.10396346 0.59841726 0.24339193 0.05422735],0.010804650875853123
56,HAPPEN2f_W41,POLIDEOLOGY,Liberal,[0.10170707 0.51050621 0.3391049  0.04868181],0.003200499848665535
57,HAPPEN2f_W41,POLIDEOLOGY,Moderate,[0.15253516 0.51930882 0.27498287 0.05317315],0.012698465320222663
58,HAPPEN2f_W41,POLIDEOLOGY,Very conservative,[0.10299032 0.55416772 0.2122567  0.13058527],0.015231359456819412
59,HAPPEN2f_W41,POLIDEOLOGY,Very liberal,[0.15548315 0.48840047 0.31935798 0.03675841],0.0017961625161559203
60,FUTRCLASSb_W41,POLIDEOLOGY,Conservative,[0.28030489 0.42688012 0.29281499],0.001949094492948078
61,FUTRCLASSb_W41,POLIDEOLOGY,Liberal,[0.25746041 0.54070459 0.201835  ],0.004914785296231385
62,FUTRCLASSb_W41,POLIDEOLOGY,Moderate,[0.29394586 0.42848216 0.27757198],0.006428712255064638
63,FUTRCLASSb_W41,POLIDEOLOGY,Very conservative,[0.26444707 0.41856485 0.31698808],0.0
64,FUTRCLASSb_W41,POLIDEOLOGY,Very liberal,[0.23245948 0.56780082 0.1997397 ],0.005628710418457555
65,NATDEBT_W41,POLIDEOLOGY,Conservative,[0.6618368  0.20665015 0.11845183 0.01306121],0.00047830825967797464
66,NATDEBT_W41,POLIDEOLOGY,Liberal,[0.69432896 0.1884286  0.10932861 0.00791384],0.0007011855110336089
67,NATDEBT_W41,POLIDEOLOGY,Moderate,[0.60720995 0.21777165 0.15990745 0.01511094],0.005884402744086899
68,NATDEBT_W41,POLIDEOLOGY,Very conservative,[0.62951875 0.18048459 0.15859771 0.03139896],0.0027636638106038904
69,NATDEBT_W41,POLIDEOLOGY,Very liberal,[0.57447204 0.21956417 0.15530473 0.05065906],0.0
70,AGEMAJ_W41,POLIDEOLOGY,Conservative,[0.03841616 0.09259078 0.46959331 0.13417197 0.26522778],0.002633540843573485
71,AGEMAJ_W41,POLIDEOLOGY,Liberal,[0.03828424 0.10804051 0.47608706 0.14526196 0.23232622],0.0006689261696631471
72,AGEMAJ_W41,POLIDEOLOGY,Moderate,[0.03494582 0.14551192 0.40390653 0.13125589 0.28437984],0.017853158929386763
73,AGEMAJ_W41,POLIDEOLOGY,Very conservative,[0.07338271 0.1453692  0.34998721 0.242508   0.18875288],0.0
74,AGEMAJ_W41,POLIDEOLOGY,Very liberal,[0.045957   0.1905219  0.38287607 0.1185799  0.26206513],0.0
75,HAPPENe_W41,POLIDEOLOGY,Conservative,[0.79450265 0.20549735],0.06485759173724433
76,HAPPENe_W41,POLIDEOLOGY,Liberal,[0.85608417 0.14391583],0.06724080935768278
77,HAPPENe_W41,POLIDEOLOGY,Moderate,[0.77770397 0.22229603],0.08253793339902464
78,HAPPENe_W41,POLIDEOLOGY,Very conservative,[0.71706196 0.28293804],0.11547673125862513
79,HAPPENe_W41,POLIDEOLOGY,Very liberal,[0.76499056 0.23500944],0.06542593473897192
80,ROBIMPACTb_W41,POLIDEOLOGY,Conservative,[0.31366457 0.68633543],0.019238992035153543
81,ROBIMPACTb_W41,POLIDEOLOGY,Liberal,[0.29850541 0.70149459],0.006407821601465036
82,ROBIMPACTb_W41,POLIDEOLOGY,Moderate,[0.35101435 0.64898565],0.00948043940592929
83,ROBIMPACTb_W41,POLIDEOLOGY,Very conservative,[0.41941919 0.58058081],0.0
84,ROBIMPACTb_W41,POLIDEOLOGY,Very liberal,[0.3921842 0.6078158],0.0035144083986399163
85,HARASS1NOWRKF2d_W41,POLIDEOLOGY,Conservative,[0.44383176 0.38727013 0.16889811],0.0016939595676105066
86,HARASS1NOWRKF2d_W41,POLIDEOLOGY,Liberal,[0.76667082 0.19222825 0.04110093],0.0
87,HARASS1NOWRKF2d_W41,POLIDEOLOGY,Moderate,[0.58965125 0.35899627 0.05135248],0.017637809313242343
88,HARASS1NOWRKF2d_W41,POLIDEOLOGY,Very conservative,[0.36838251 0.46342664 0.16819085],0.003066229885855528
89,HARASS1NOWRKF2d_W41,POLIDEOLOGY,Very liberal,[0.87064892 0.11829608 0.011055  ],0.0
90,HARASS1F1c_W41,POLIDEOLOGY,Conservative,[0.5195432  0.38973364 0.09072317],0.0067110283731362155
91,HARASS1F1c_W41,POLIDEOLOGY,Liberal,[0.80872007 0.15645691 0.03482302],0.0
92,HARASS1F1c_W41,POLIDEOLOGY,Moderate,[0.65537412 0.30073868 0.0438872 ],0.00018584760429055555
93,HARASS1F1c_W41,POLIDEOLOGY,Very conservative,[0.34260178 0.50842066 0.14897755],0.052583566040138245
94,HARASS1F1c_W41,POLIDEOLOGY,Very liberal,[0.78283803 0.1880047  0.02915727],0.0
95,HAPPENf_W41,POLIDEOLOGY,Conservative,[0.37727904 0.62272096],0.06220406015260445
96,HAPPENf_W41,POLIDEOLOGY,Liberal,[0.4117148 0.5882852],0.08933654648279293
97,HAPPENf_W41,POLIDEOLOGY,Moderate,[0.47437075 0.52562925],0.10588206103742134
98,HAPPENf_W41,POLIDEOLOGY,Very conservative,[0.29901135 0.70098865],0.09524120944443223
99,HAPPENf_W41,POLIDEOLOGY,Very liberal,[0.44776153 0.55223847],0.061674777483818485
100,FTRWORRYe_W41,POLIDEOLOGY,Conservative,[0.53565445 0.33389787 0.10675557 0.0236921 ],0.0009719913551388699
101,FTRWORRYe_W41,POLIDEOLOGY,Liberal,[0.32321587 0.35124122 0.26270409 0.06283882],0.001355267609546883
102,FTRWORRYe_W41,POLIDEOLOGY,Moderate,[0.37358664 0.37647866 0.20763637 0.04229833],0.0
103,FTRWORRYe_W41,POLIDEOLOGY,Very conservative,[0.68510924 0.19924389 0.06280437 0.0528425 ],0.0027636638106038904
104,FTRWORRYe_W41,POLIDEOLOGY,Very liberal,[0.35593015 0.28041852 0.27653631 0.08711502],0.0
105,GOVPRIOjF1_W41,POLIDEOLOGY,Conservative,[0.48347554 0.39024589 0.09362841 0.03265016],0.0
106,GOVPRIOjF1_W41,POLIDEOLOGY,Liberal,[0.21737264 0.35550541 0.29544238 0.13167957],0.0
107,GOVPRIOjF1_W41,POLIDEOLOGY,Moderate,[0.42073526 0.38284935 0.14053242 0.05588298],0.0
108,GOVPRIOjF1_W41,POLIDEOLOGY,Very conservative,[0.70673778 0.23523979 0.05446795 0.00355448],0.0
109,GOVPRIOjF1_W41,POLIDEOLOGY,Very liberal,[0.13318343 0.29138134 0.31665454 0.25878069],0.0
110,SOLVPROBh_W41,POLIDEOLOGY,Conservative,[0.12287202 0.43324252 0.27823725 0.16564821],0.014492527032542904
111,SOLVPROBh_W41,POLIDEOLOGY,Liberal,[0.34999523 0.57275661 0.05502938 0.02221878],0.008936765965931128
112,SOLVPROBh_W41,POLIDEOLOGY,Moderate,[0.23354441 0.55470697 0.16124923 0.05049939],0.01615441269742092
113,SOLVPROBh_W41,POLIDEOLOGY,Very conservative,[0.10557714 0.34783357 0.24128572 0.30530357],0.007056456581400732
114,SOLVPROBh_W41,POLIDEOLOGY,Very liberal,[0.42563211 0.49633321 0.0641005  0.01393419],0.002211079280469042
115,GOVPRIOhF1_W41,POLIDEOLOGY,Conservative,[0.19719753 0.27943943 0.17133584 0.3520272 ],0.0022060942518666465
116,GOVPRIOhF1_W41,POLIDEOLOGY,Liberal,[0.16530841 0.18744621 0.17488163 0.47236375],0.0
117,GOVPRIOhF1_W41,POLIDEOLOGY,Moderate,[0.22711117 0.23767211 0.17114548 0.36407124],0.005431917349541769
118,GOVPRIOhF1_W41,POLIDEOLOGY,Very conservative,[0.31887445 0.33666781 0.09276447 0.25169327],0.0
119,GOVPRIOhF1_W41,POLIDEOLOGY,Very liberal,[0.09980785 0.13759666 0.14686896 0.61572653],0.0
120,FTRWORRYb_W41,POLIDEOLOGY,Conservative,[0.41901532 0.34748668 0.19058649 0.04291151],0.0
121,FTRWORRYb_W41,POLIDEOLOGY,Liberal,[0.40011831 0.41164992 0.16920977 0.019022  ],0.00020549078467254448
122,FTRWORRYb_W41,POLIDEOLOGY,Moderate,[0.3372541  0.40273551 0.22204242 0.03796796],0.006368862626730411
123,FTRWORRYb_W41,POLIDEOLOGY,Very conservative,[0.52600071 0.29554098 0.10286189 0.07559641],0.008682033346264736
124,FTRWORRYb_W41,POLIDEOLOGY,Very liberal,[0.50278139 0.31654549 0.14654947 0.03412365],0.0007371614855379749
125,ROBIMPACTa_W41,POLIDEOLOGY,Conservative,[0.76667936 0.23332064],0.007724137807083702
126,ROBIMPACTa_W41,POLIDEOLOGY,Liberal,[0.86826211 0.13173789],0.007906947415872828
127,ROBIMPACTa_W41,POLIDEOLOGY,Moderate,[0.75388334 0.24611666],0.01688967335971527
128,ROBIMPACTa_W41,POLIDEOLOGY,Very conservative,[0.61838657 0.38161343],0.004658088929440296
129,ROBIMPACTa_W41,POLIDEOLOGY,Very liberal,[0.85289465 0.14710535],0.0
130,FTRWORRYf_W41,POLIDEOLOGY,Conservative,[0.17994105 0.24013553 0.38436454 0.19555889],0.0018775843151833558
131,FTRWORRYf_W41,POLIDEOLOGY,Liberal,[0.68605363 0.2386112  0.05738628 0.01794889],0.0015875469935446092
132,FTRWORRYf_W41,POLIDEOLOGY,Moderate,[0.39165147 0.37403432 0.18799454 0.04631966],0.003537623912097237
133,FTRWORRYf_W41,POLIDEOLOGY,Very conservative,[0.13573409 0.15367864 0.2714526  0.43913467],0.0027636638106038904
134,FTRWORRYf_W41,POLIDEOLOGY,Very liberal,[0.75996383 0.15936522 0.07299817 0.00767278],0.0
135,GOVPRIOfF1_W41,POLIDEOLOGY,Conservative,[0.08902418 0.24140396 0.24609379 0.42347806],0.0
136,GOVPRIOfF1_W41,POLIDEOLOGY,Liberal,[0.36241527 0.40893178 0.1634041  0.06524885],0.00607605992470796
137,GOVPRIOfF1_W41,POLIDEOLOGY,Moderate,[0.22145033 0.36860701 0.26193441 0.14800825],0.005489574091645137
138,GOVPRIOfF1_W41,POLIDEOLOGY,Very conservative,[0.15096987 0.11359068 0.18098074 0.55445872],0.008664657888264895
139,GOVPRIOfF1_W41,POLIDEOLOGY,Very liberal,[0.53572026 0.26737238 0.14906386 0.0478435 ],0.004729860067870225
140,GOVPRIOb_W41,POLIDEOLOGY,Conservative,[0.36961487 0.40922545 0.12144165 0.09971803],0.0008660785512393692
141,GOVPRIOb_W41,POLIDEOLOGY,Liberal,[0.7004125  0.24800555 0.03717873 0.01440322],0.00722030423604942
142,GOVPRIOb_W41,POLIDEOLOGY,Moderate,[0.56323709 0.34906914 0.06890105 0.01879272],0.002277716068461357
143,GOVPRIOb_W41,POLIDEOLOGY,Very conservative,[0.33741085 0.30477239 0.17605131 0.18176545],0.004522439259743753
144,GOVPRIOb_W41,POLIDEOLOGY,Very liberal,[0.71305558 0.23741855 0.0472591  0.00226678],0.0
145,SOLVPROBc_W41,POLIDEOLOGY,Conservative,[0.20770212 0.57708171 0.17534224 0.03987393],0.025227556017637605
146,SOLVPROBc_W41,POLIDEOLOGY,Liberal,[0.08201085 0.35701445 0.34382488 0.21714982],0.011944019712951883
147,SOLVPROBc_W41,POLIDEOLOGY,Moderate,[0.1336475  0.46404131 0.27891727 0.12339393],0.019031398430119084
148,SOLVPROBc_W41,POLIDEOLOGY,Very conservative,[0.33085293 0.4748338  0.12312254 0.07119072],0.02625824034740969
149,SOLVPROBc_W41,POLIDEOLOGY,Very liberal,[0.08394228 0.22971725 0.31021405 0.37612642],0.004566446045223232
150,FUTRCLASSa_W41,POLIDEOLOGY,Conservative,[0.34287043 0.20566192 0.45146765],0.003048891401828276
151,FUTRCLASSa_W41,POLIDEOLOGY,Liberal,[0.30293607 0.24620071 0.45086322],0.004219831877708001
152,FUTRCLASSa_W41,POLIDEOLOGY,Moderate,[0.33521736 0.22348991 0.44129273],0.0053213543034538085
153,FUTRCLASSa_W41,POLIDEOLOGY,Very conservative,[0.42856243 0.20152409 0.36991348],0.0
154,FUTRCLASSa_W41,POLIDEOLOGY,Very liberal,[0.29524597 0.26615115 0.43860288],0.005628710418457556
155,GOVPRIOkF2_W41,POLIDEOLOGY,Conservative,[0.41688636 0.42482428 0.13107038 0.02721899],0.0016939595676105066
156,GOVPRIOkF2_W41,POLIDEOLOGY,Liberal,[0.0846207  0.35433382 0.2467044  0.31434109],0.002847442735203621
157,GOVPRIOkF2_W41,POLIDEOLOGY,Moderate,[0.19360601 0.45483591 0.2348586  0.11669948],0.012563526866559871
158,GOVPRIOkF2_W41,POLIDEOLOGY,Very conservative,[0.45124539 0.35178223 0.12981852 0.06715386],0.026554185522403195
159,GOVPRIOkF2_W41,POLIDEOLOGY,Very liberal,[0.03155647 0.24553416 0.20403054 0.51887884],0.0
160,HAPPENb_W41,POLIDEOLOGY,Conservative,[0.35974488 0.64025512],0.05017768519107431
161,HAPPENb_W41,POLIDEOLOGY,Liberal,[0.4257927 0.5742073],0.07104636414018421
162,HAPPENb_W41,POLIDEOLOGY,Moderate,[0.35182164 0.64817836],0.09801136494159532
163,HAPPENb_W41,POLIDEOLOGY,Very conservative,[0.30475488 0.69524512],0.11638254948085575
164,HAPPENb_W41,POLIDEOLOGY,Very liberal,[0.42850577 0.57149423],0.05260535350245457
165,HAPPENhF1_W41,POLIDEOLOGY,Conservative,[0.36421928 0.63578072],0.057772577977390556
166,HAPPENhF1_W41,POLIDEOLOGY,Liberal,[0.34861339 0.65138661],0.07789401932298966
167,HAPPENhF1_W41,POLIDEOLOGY,Moderate,[0.42299602 0.57700398],0.09023143390549003
168,HAPPENhF1_W41,POLIDEOLOGY,Very conservative,[0.30063232 0.69936768],0.16053995102618507
169,HAPPENhF1_W41,POLIDEOLOGY,Very liberal,[0.36674872 0.63325128],0.008054168975230971
170,ELDCARE_W41,POLIDEOLOGY,Conservative,[0.27215207 0.72784793],0.008216133281484891
171,ELDCARE_W41,POLIDEOLOGY,Liberal,[0.25858955 0.74141045],0.0034090875155090555
172,ELDCARE_W41,POLIDEOLOGY,Moderate,[0.292557 0.707443],0.008475051001461217
173,ELDCARE_W41,POLIDEOLOGY,Very conservative,[0.24758174 0.75241826],0.004265269977030764
174,ELDCARE_W41,POLIDEOLOGY,Very liberal,[0.25574792 0.74425208],0.0
175,JOBSECURITY_W41,POLIDEOLOGY,Conservative,[0.1271277  0.45029648 0.42257582],0.00491962951668137
176,JOBSECURITY_W41,POLIDEOLOGY,Liberal,[0.10611527 0.52040213 0.37348261],0.010864411309350475
177,JOBSECURITY_W41,POLIDEOLOGY,Moderate,[0.15085978 0.49153041 0.35760981],0.007567352891817486
178,JOBSECURITY_W41,POLIDEOLOGY,Very conservative,[0.11575906 0.53148654 0.3527544 ],0.027010449274951404
179,JOBSECURITY_W41,POLIDEOLOGY,Very liberal,[0.18292989 0.60256475 0.21450536],0.005310570914795838
180,GOVPRIOlF2_W41,POLIDEOLOGY,Conservative,[0.14754354 0.31815447 0.3868     0.14750199],0.005963314474583938
181,GOVPRIOlF2_W41,POLIDEOLOGY,Liberal,[0.24817395 0.4807421  0.22728328 0.04380067],0.0
182,GOVPRIOlF2_W41,POLIDEOLOGY,Moderate,[0.13199559 0.44163181 0.31928304 0.10708956],0.007271339552031169
183,GOVPRIOlF2_W41,POLIDEOLOGY,Very conservative,[0.08925348 0.23858281 0.40543321 0.26673049],0.0048181412667974675
184,GOVPRIOlF2_W41,POLIDEOLOGY,Very liberal,[0.34268129 0.37438109 0.22706203 0.05587559],0.0
185,FUTR_K_W41,POLIDEOLOGY,Conservative,[0.067228   0.44386445 0.48890755],0.005105491664464872
186,FUTR_K_W41,POLIDEOLOGY,Liberal,[0.0817704  0.48116648 0.43706311],0.006838191641330645
187,FUTR_K_W41,POLIDEOLOGY,Moderate,[0.11803527 0.43275477 0.44920996],0.01815992357000677
188,FUTR_K_W41,POLIDEOLOGY,Very conservative,[0.15357074 0.52140009 0.32502917],0.01523825376546848
189,FUTR_K_W41,POLIDEOLOGY,Very liberal,[0.07452016 0.58710856 0.33837129],0.0
190,WRKTRN1F1_W41,POLIDEOLOGY,Conservative,[0.02155946 0.08635685 0.29611427 0.59596943],0.0003434475728346474
191,WRKTRN1F1_W41,POLIDEOLOGY,Liberal,[0.12127838 0.10640475 0.64604026 0.12627661],0.0038578245957131304
192,WRKTRN1F1_W41,POLIDEOLOGY,Moderate,[0.10160261 0.14434548 0.35529484 0.39875706],0.0007980799501716056
193,WRKTRN1F1_W41,POLIDEOLOGY,Very conservative,[0.00355448 0.10566157 0.17271048 0.71807347],0.0
194,WRKTRN1F1_W41,POLIDEOLOGY,Very liberal,[0.38105427 0.05282803 0.47579613 0.09032157],0.0
195,FTRWORRYc_W41,POLIDEOLOGY,Conservative,[0.43828288 0.42000181 0.12262563 0.01908967],0.001503399460420843
196,FTRWORRYc_W41,POLIDEOLOGY,Liberal,[0.55436229 0.34387468 0.08401741 0.01774562],0.0023353838537568407
197,FTRWORRYc_W41,POLIDEOLOGY,Moderate,[0.46810732 0.39102498 0.12851132 0.01235638],0.012495080898040018
198,FTRWORRYc_W41,POLIDEOLOGY,Very conservative,[0.58260663 0.27014314 0.05894917 0.08830106],0.0027636638106038904
199,FTRWORRYc_W41,POLIDEOLOGY,Very liberal,[0.59637568 0.32468722 0.0445265  0.03441059],0.0
200,HAPPEN2e_W41,POLIDEOLOGY,Conservative,[0.28289223 0.59311452 0.11192159 0.01207166],0.002374534620405797
201,HAPPEN2e_W41,POLIDEOLOGY,Liberal,[0.29374109 0.55390359 0.14281408 0.00954124],0.0007011855110336088
202,HAPPEN2e_W41,POLIDEOLOGY,Moderate,[0.32317635 0.5645536  0.08399574 0.02827431],0.002052283771075311
203,HAPPEN2e_W41,POLIDEOLOGY,Very conservative,[0.2253533  0.59960669 0.13794506 0.03709495],0.016990134905959273
204,HAPPEN2e_W41,POLIDEOLOGY,Very liberal,[0.38375337 0.48977306 0.10529688 0.02117669],0.0027349494255895597
205,SOLVPROBb_W41,POLIDEOLOGY,Conservative,[0.09970404 0.55481198 0.29344011 0.05204388],0.013698569596326555
206,SOLVPROBb_W41,POLIDEOLOGY,Liberal,[0.06363517 0.32916923 0.39063973 0.21655587],0.014075938549488843
207,SOLVPROBb_W41,POLIDEOLOGY,Moderate,[0.08765236 0.41961863 0.33724745 0.15548156],0.02251786661227749
208,SOLVPROBb_W41,POLIDEOLOGY,Very conservative,[0.15631192 0.49564596 0.21213277 0.13590935],0.0
209,SOLVPROBb_W41,POLIDEOLOGY,Very liberal,[0.07080161 0.23474476 0.30850027 0.38595336],0.0
210,HARASS3F1_W41,POLIDEOLOGY,Conservative,[0.06278591 0.68874689 0.2484672 ],0.018980278815354766
211,HARASS3F1_W41,POLIDEOLOGY,Liberal,[0.15430093 0.43027371 0.41542536],0.0
212,HARASS3F1_W41,POLIDEOLOGY,Moderate,[0.15259565 0.53649443 0.31090992],0.007297758489320152
213,HARASS3F1_W41,POLIDEOLOGY,Very conservative,[0.06038873 0.69219018 0.24742108],0.0
214,HARASS3F1_W41,POLIDEOLOGY,Very liberal,[0.24900914 0.40758083 0.34341003],0.0
215,SOLVPROBeF2_W41,POLIDEOLOGY,Conservative,[0.10559213 0.50439967 0.32072385 0.06928434],0.009344261936537136
216,SOLVPROBeF2_W41,POLIDEOLOGY,Liberal,[0.10855872 0.56974784 0.2713986  0.05029484],0.015361889827699555
217,SOLVPROBeF2_W41,POLIDEOLOGY,Moderate,[0.11049159 0.55702989 0.25657123 0.07590729],0.029915933001094318
218,SOLVPROBeF2_W41,POLIDEOLOGY,Very conservative,[0.17007406 0.32627113 0.34834657 0.15530824],0.0030662298858555284
219,SOLVPROBeF2_W41,POLIDEOLOGY,Very liberal,[0.12934377 0.57361453 0.17706217 0.11997952],0.0044229951496867195
220,FUTR_ABR_W41,POLIDEOLOGY,Conservative,[0.1984111  0.53319344 0.20880345 0.05959201],0.01805509113350156
221,FUTR_ABR_W41,POLIDEOLOGY,Liberal,[0.26033043 0.62119209 0.09028699 0.02819049],0.010259675177018764
222,FUTR_ABR_W41,POLIDEOLOGY,Moderate,[0.19600957 0.59550904 0.16442193 0.04405946],0.01927808155378399
223,FUTR_ABR_W41,POLIDEOLOGY,Very conservative,[0.24183625 0.34926986 0.28003601 0.12885787],0.0060221299557855455
224,FUTR_ABR_W41,POLIDEOLOGY,Very liberal,[0.27134551 0.55776805 0.10765213 0.06323431],0.0
225,GOVPRIOiF1_W41,POLIDEOLOGY,Conservative,[0.34538226 0.54431416 0.10505502 0.00524856],0.0
226,GOVPRIOiF1_W41,POLIDEOLOGY,Liberal,[0.38799398 0.51311026 0.09714156 0.0017542 ],0.0
227,GOVPRIOiF1_W41,POLIDEOLOGY,Moderate,[0.32912541 0.51915667 0.14071019 0.01100773],0.0
228,GOVPRIOiF1_W41,POLIDEOLOGY,Very conservative,[0.39040394 0.56861903 0.04097703 0.        ],0.0
229,GOVPRIOiF1_W41,POLIDEOLOGY,Very liberal,[0.48109297 0.43699661 0.0643027  0.01760773],0.0
230,HAPPENj_W41,POLIDEOLOGY,Conservative,[0.73954832 0.26045168],0.0565186180095739
231,HAPPENj_W41,POLIDEOLOGY,Liberal,[0.69381634 0.30618366],0.1024726827374497
232,HAPPENj_W41,POLIDEOLOGY,Moderate,[0.70463658 0.29536342],0.09922378198277983
233,HAPPENj_W41,POLIDEOLOGY,Very conservative,[0.74796164 0.25203836],0.15263940594205744
234,HAPPENj_W41,POLIDEOLOGY,Very liberal,[0.66590033 0.33409967],0.06849075920500741
235,AUTOWKPLC_W41,POLIDEOLOGY,Conservative,[0.21469207 0.4824274  0.30288053],0.002924073640196091
236,AUTOWKPLC_W41,POLIDEOLOGY,Liberal,[0.22845645 0.46834132 0.30320224],0.007936051982335142
237,AUTOWKPLC_W41,POLIDEOLOGY,Moderate,[0.23380747 0.49541181 0.27078072],0.011710689679807429
238,AUTOWKPLC_W41,POLIDEOLOGY,Very conservative,[0.19745221 0.51338955 0.28915823],0.004741228470016373
239,AUTOWKPLC_W41,POLIDEOLOGY,Very liberal,[0.24777012 0.47767    0.27455988],0.01801363923201198
240,WRKTRN1F2_W41,POLIDEOLOGY,Conservative,[0.05113072 0.03685564 0.40695399 0.50505964],0.0
241,WRKTRN1F2_W41,POLIDEOLOGY,Liberal,[0.12914735 0.04007511 0.61624064 0.2145369 ],0.005478287101597077
242,WRKTRN1F2_W41,POLIDEOLOGY,Moderate,[0.09638512 0.03618292 0.58303851 0.28439345],0.011672406892028963
243,WRKTRN1F2_W41,POLIDEOLOGY,Very conservative,[0.09608045 0.12918338 0.28583365 0.48890251],0.0
244,WRKTRN1F2_W41,POLIDEOLOGY,Very liberal,[0.14651525 0.05513436 0.67794742 0.12040297],0.0
245,HARASS1F1d_W41,POLIDEOLOGY,Conservative,[0.43181833 0.43320914 0.13497253],0.006711028373136216
246,HARASS1F1d_W41,POLIDEOLOGY,Liberal,[0.77654706 0.19938579 0.02406714],0.0
247,HARASS1F1d_W41,POLIDEOLOGY,Moderate,[0.64016963 0.30016457 0.0596658 ],0.0030826474095742703
248,HARASS1F1d_W41,POLIDEOLOGY,Very conservative,[0.29156146 0.56687602 0.14156251],0.037775953544928166
249,HARASS1F1d_W41,POLIDEOLOGY,Very liberal,[0.80221397 0.17200452 0.02578151],0.0
250,HAPPEN2g_W41,POLIDEOLOGY,Conservative,[0.33308534 0.54394636 0.10108599 0.02188231],0.004949697715779858
251,HAPPEN2g_W41,POLIDEOLOGY,Liberal,[0.33698386 0.49581232 0.16107178 0.00613203],0.0012603611639198937
252,HAPPEN2g_W41,POLIDEOLOGY,Moderate,[0.32636848 0.49974597 0.13702961 0.03685595],0.00222284048851818
253,HAPPEN2g_W41,POLIDEOLOGY,Very conservative,[0.33989372 0.46916336 0.14789549 0.04304743],0.008923016628183717
254,HAPPEN2g_W41,POLIDEOLOGY,Very liberal,[0.38724998 0.41482431 0.11575395 0.08217177],0.0
255,FTRWORRYd_W41,POLIDEOLOGY,Conservative,[0.39442644 0.47536784 0.09928441 0.03092131],0.00030243509733272656
256,FTRWORRYd_W41,POLIDEOLOGY,Liberal,[0.55179039 0.3667079  0.07630347 0.00519824],0.0005502284602779515
257,FTRWORRYd_W41,POLIDEOLOGY,Moderate,[0.46742132 0.4038015  0.11761643 0.01116076],0.003291171103697542
258,FTRWORRYd_W41,POLIDEOLOGY,Very conservative,[0.4717461  0.3358927  0.13148197 0.06087923],0.0027636638106038904
259,FTRWORRYd_W41,POLIDEOLOGY,Very liberal,[0.63150961 0.24622855 0.0991649  0.02309694],0.0
260,GOVPRIOe_W41,POLIDEOLOGY,Conservative,[0.24666668 0.40140722 0.2538026  0.0981235 ],0.0031762361943306976
261,GOVPRIOe_W41,POLIDEOLOGY,Liberal,[0.61611289 0.31344083 0.05670084 0.01374545],0.0
262,GOVPRIOe_W41,POLIDEOLOGY,Moderate,[0.43996464 0.40789877 0.12757785 0.02455874],0.006330573886926118
263,GOVPRIOe_W41,POLIDEOLOGY,Very conservative,[0.24501458 0.24634488 0.23993681 0.26870373],0.004522439259743753
264,GOVPRIOe_W41,POLIDEOLOGY,Very liberal,[0.67569984 0.28629981 0.03573357 0.00226678],0.0
265,HAPPENa_W41,POLIDEOLOGY,Conservative,[0.46376342 0.53623658],0.058952234280142166
266,HAPPENa_W41,POLIDEOLOGY,Liberal,[0.3510428 0.6489572],0.09646354510938217
267,HAPPENa_W41,POLIDEOLOGY,Moderate,[0.42095805 0.57904195],0.08852098742047726
268,HAPPENa_W41,POLIDEOLOGY,Very conservative,[0.43607318 0.56392682],0.12120214713529918
269,HAPPENa_W41,POLIDEOLOGY,Very liberal,[0.34099655 0.65900345],0.04052009097628792
270,SOLVPROBdF1_W41,POLIDEOLOGY,Conservative,[0.03731232 0.36462974 0.40228052 0.19577741],0.01151901320890005
271,SOLVPROBdF1_W41,POLIDEOLOGY,Liberal,[0.07508834 0.38397087 0.38437999 0.1565608 ],0.006064819219536131
272,SOLVPROBdF1_W41,POLIDEOLOGY,Moderate,[0.08124625 0.39519041 0.34306579 0.18049755],0.01304900397581662
273,SOLVPROBdF1_W41,POLIDEOLOGY,Very conservative,[0.05115683 0.25282761 0.33392789 0.36208767],0.0
274,SOLVPROBdF1_W41,POLIDEOLOGY,Very liberal,[0.07719236 0.41212364 0.28148627 0.22919773],0.0
275,HAPPEN2a_W41,POLIDEOLOGY,Conservative,[0.13166707 0.51029674 0.32889329 0.0291429 ],0.009611740607732882
276,HAPPEN2a_W41,POLIDEOLOGY,Liberal,[0.12536624 0.4559571  0.39724999 0.02142667],0.005383127280026569
277,HAPPEN2a_W41,POLIDEOLOGY,Moderate,[0.09859774 0.51940903 0.33420772 0.0477855 ],0.010047937776483572
278,HAPPEN2a_W41,POLIDEOLOGY,Very conservative,[0.17481534 0.41251744 0.3159457  0.09672152],0.0027636638106038904
279,HAPPEN2a_W41,POLIDEOLOGY,Very liberal,[0.10823112 0.39982653 0.44321354 0.04872881],0.009563280020910859
280,HAPPEN2h_W41,POLIDEOLOGY,Conservative,[0.06782078 0.32328121 0.52870115 0.08019686],0.007679101307704205
281,HAPPEN2h_W41,POLIDEOLOGY,Liberal,[0.05856779 0.40238042 0.48434808 0.05470372],0.009828091562543492
282,HAPPEN2h_W41,POLIDEOLOGY,Moderate,[0.05223641 0.27698457 0.56366776 0.10711126],0.010307100587367
283,HAPPEN2h_W41,POLIDEOLOGY,Very conservative,[0.1712825  0.26960749 0.42900001 0.13010999],0.0027636638106038904
284,HAPPEN2h_W41,POLIDEOLOGY,Very liberal,[0.08637062 0.41536543 0.41440046 0.08386348],0.003514408398639916
285,SSCUT_W41,POLIDEOLOGY,Conservative,[0.27541822 0.72458178],0.012766444126166449
286,SSCUT_W41,POLIDEOLOGY,Liberal,[0.26654379 0.73345621],0.0
287,SSCUT_W41,POLIDEOLOGY,Moderate,[0.24425361 0.75574639],0.013171704645422163
288,SSCUT_W41,POLIDEOLOGY,Very conservative,[0.33138821 0.66861179],0.0
289,SSCUT_W41,POLIDEOLOGY,Very liberal,[0.1888591 0.8111409],0.0028080592949369914
290,FUTR_DIV_W41,POLIDEOLOGY,Conservative,[0.32482944 0.08718605 0.58798451],0.0048310561286288925
291,FUTR_DIV_W41,POLIDEOLOGY,Liberal,[0.28296778 0.10070613 0.61632608],0.012934897271837676
292,FUTR_DIV_W41,POLIDEOLOGY,Moderate,[0.28981502 0.1187988  0.59138617],0.014501475091969909
293,FUTR_DIV_W41,POLIDEOLOGY,Very conservative,[0.34843016 0.11118583 0.54038401],0.0
294,FUTR_DIV_W41,POLIDEOLOGY,Very liberal,[0.17951797 0.23772075 0.58276127],0.006237090913190437
295,ELDFINANCEF1_W41,POLIDEOLOGY,Conservative,[0.33631097 0.27689957 0.38678946],0.009150817985080438
296,ELDFINANCEF1_W41,POLIDEOLOGY,Liberal,[0.33468361 0.27829184 0.38702455],0.006832254429958798
297,ELDFINANCEF1_W41,POLIDEOLOGY,Moderate,[0.39956763 0.26428181 0.33615056],0.008481215196338574
298,ELDFINANCEF1_W41,POLIDEOLOGY,Very conservative,[0.27083468 0.33392319 0.39524213],0.0
299,ELDFINANCEF1_W41,POLIDEOLOGY,Very liberal,[0.23935279 0.3474039  0.41324331],0.0
300,ENVC_W41,POLIDEOLOGY,Conservative,[0.15368918 0.42636844 0.41994238],0.0026893809007518454
301,ENVC_W41,POLIDEOLOGY,Liberal,[0.11821001 0.75408086 0.12770914],0.0007011855110336088
302,ENVC_W41,POLIDEOLOGY,Moderate,[0.15969745 0.60978559 0.23051696],0.004053083753845258
303,ENVC_W41,POLIDEOLOGY,Very conservative,[0.2056815  0.32250678 0.47181172],0.0027636638106038904
304,ENVC_W41,POLIDEOLOGY,Very liberal,[0.18344336 0.74853286 0.06802378],0.003514408398639916
305,GOVPRIOa_W41,POLIDEOLOGY,Conservative,[0.56879298 0.3861516  0.0409559  0.00409952],0.0006322532149214654
306,GOVPRIOa_W41,POLIDEOLOGY,Liberal,[0.36150647 0.53307111 0.09043999 0.01498243],0.004502856330996744
307,GOVPRIOa_W41,POLIDEOLOGY,Moderate,[0.53885513 0.37755642 0.07355621 0.01003224],0.007086410129212026
308,GOVPRIOa_W41,POLIDEOLOGY,Very conservative,[0.63094763 0.31726522 0.04627762 0.00550953],0.004989388188703616
309,GOVPRIOa_W41,POLIDEOLOGY,Very liberal,[0.31994893 0.47935107 0.19825755 0.00244245],0.0
310,ELDFINANCEF2_W41,POLIDEOLOGY,Conservative,[0.18590593 0.39133849 0.42275558],0.018809330259177852
311,ELDFINANCEF2_W41,POLIDEOLOGY,Liberal,[0.07765446 0.71109453 0.21125101],0.003651253247870046
312,ELDFINANCEF2_W41,POLIDEOLOGY,Moderate,[0.16206382 0.59529327 0.24264291],0.03716152703464929
313,ELDFINANCEF2_W41,POLIDEOLOGY,Very conservative,[0.1968275 0.3409072 0.4622653],0.024675511803679395
314,ELDFINANCEF2_W41,POLIDEOLOGY,Very liberal,[0.10304819 0.71513669 0.18181512],0.027227193917243486
315,HAPPENg_W41,POLIDEOLOGY,Conservative,[0.48109559 0.51890441],0.0736286285308992
316,HAPPENg_W41,POLIDEOLOGY,Liberal,[0.57233877 0.42766123],0.09919754288652353
317,HAPPENg_W41,POLIDEOLOGY,Moderate,[0.54693363 0.45306637],0.0871978142416623
318,HAPPENg_W41,POLIDEOLOGY,Very conservative,[0.60033429 0.39966571],0.11135925669355438
319,HAPPENg_W41,POLIDEOLOGY,Very liberal,[0.6190441 0.3809559],0.06400729065896903
320,OPTIMIST_W41,POLIDEOLOGY,Conservative,[0.10599167 0.44334605 0.33021046 0.12045182],0.007519719690711785
321,OPTIMIST_W41,POLIDEOLOGY,Liberal,[0.08192023 0.43792785 0.34868438 0.13146754],0.0
322,OPTIMIST_W41,POLIDEOLOGY,Moderate,[0.13562635 0.47615027 0.29004221 0.09818117],0.0
323,OPTIMIST_W41,POLIDEOLOGY,Very conservative,[0.15787776 0.33691531 0.23765306 0.26755386],0.007274268015389749
324,OPTIMIST_W41,POLIDEOLOGY,Very liberal,[0.09996138 0.33520066 0.35408989 0.21074806],0.002099346126074566
325,JOBBENEFITS_W41,POLIDEOLOGY,Conservative,[0.19392269 0.38298085 0.42309645],0.0023069691969950395
326,JOBBENEFITS_W41,POLIDEOLOGY,Liberal,[0.22752938 0.42324442 0.3492262 ],0.001651202374480708
327,JOBBENEFITS_W41,POLIDEOLOGY,Moderate,[0.23811257 0.41664787 0.34523956],0.009471733695966718
328,JOBBENEFITS_W41,POLIDEOLOGY,Very conservative,[0.19150673 0.41880731 0.38968596],0.023425514756613006
329,JOBBENEFITS_W41,POLIDEOLOGY,Very liberal,[0.25915383 0.48525993 0.25558624],0.0035144083986399163
330,AUTOLKLY_W41,POLIDEOLOGY,Conservative,[0.09185616 0.21817687 0.42041886 0.26954812],0.0
331,AUTOLKLY_W41,POLIDEOLOGY,Liberal,[0.09385225 0.25775972 0.40835546 0.24003257],0.0
332,AUTOLKLY_W41,POLIDEOLOGY,Moderate,[0.15400168 0.25372413 0.35582864 0.23644555],0.0053382210028569245
333,AUTOLKLY_W41,POLIDEOLOGY,Very conservative,[0.05914898 0.25150799 0.32836814 0.36097489],0.0
334,AUTOLKLY_W41,POLIDEOLOGY,Very liberal,[0.11192077 0.2886684  0.40638672 0.19302411],0.022919651814457164
335,SOLVPROBa_W41,POLIDEOLOGY,Conservative,[0.31075461 0.5525048  0.11488296 0.02185762],0.016837453465927972
336,SOLVPROBa_W41,POLIDEOLOGY,Liberal,[0.56255642 0.37142918 0.04489164 0.02112276],0.012310651264948461
337,SOLVPROBa_W41,POLIDEOLOGY,Moderate,[0.42909075 0.45717565 0.07471481 0.03901879],0.02136128007889514
338,SOLVPROBa_W41,POLIDEOLOGY,Very conservative,[0.32850694 0.44725074 0.14242023 0.08182209],0.00764469981588442
339,SOLVPROBa_W41,POLIDEOLOGY,Very liberal,[0.63458215 0.2939252  0.04603339 0.02545926],0.01449923083337206
340,SOLVPROBi_W41,POLIDEOLOGY,Conservative,[0.14507227 0.53950818 0.26434468 0.05107486],0.015459900633146569
341,SOLVPROBi_W41,POLIDEOLOGY,Liberal,[0.31779759 0.5394316  0.12000429 0.02276652],0.013003124069486026
342,SOLVPROBi_W41,POLIDEOLOGY,Moderate,[0.24301691 0.5836769  0.14290579 0.0304004 ],0.014317714746039932
343,SOLVPROBi_W41,POLIDEOLOGY,Very conservative,[0.19626408 0.3547965  0.2534681  0.19547133],0.0026756352277833707
344,SOLVPROBi_W41,POLIDEOLOGY,Very liberal,[0.41460469 0.48787369 0.08937578 0.00814584],0.00235536676475419
345,HAPPEN2b_W41,POLIDEOLOGY,Conservative,[0.10747659 0.440894   0.39437431 0.0572551 ],0.009486102597286975
346,HAPPEN2b_W41,POLIDEOLOGY,Liberal,[0.27215005 0.543499   0.17120867 0.01314228],0.0
347,HAPPEN2b_W41,POLIDEOLOGY,Moderate,[0.20088388 0.48500278 0.28000042 0.03411292],0.00508571120097247
348,HAPPEN2b_W41,POLIDEOLOGY,Very conservative,[0.20650982 0.29307893 0.38929299 0.11111827],0.0027636638106038904
349,HAPPEN2b_W41,POLIDEOLOGY,Very liberal,[0.4129644  0.36911924 0.19662445 0.0212919 ],0.0
350,HAPPEN2c_W41,POLIDEOLOGY,Conservative,[0.08111189 0.55426441 0.31979748 0.04482623],0.001764454432273719
351,HAPPEN2c_W41,POLIDEOLOGY,Liberal,[0.07302707 0.47869111 0.40087609 0.04740572],0.0032032017515471506
352,HAPPEN2c_W41,POLIDEOLOGY,Moderate,[0.08773983 0.49249767 0.38223894 0.03752356],0.01616410524860029
353,HAPPEN2c_W41,POLIDEOLOGY,Very conservative,[0.10416272 0.58429541 0.26608848 0.04545339],0.02726312870887372
354,HAPPEN2c_W41,POLIDEOLOGY,Very liberal,[0.09877012 0.49363364 0.38300157 0.02459468],0.0
355,INTRMAR_W41,POLIDEOLOGY,Conservative,[0.15738153 0.19645821 0.09210723 0.03802013 0.5160329 ],0.0021117670763393017
356,INTRMAR_W41,POLIDEOLOGY,Liberal,[0.47775253 0.21375    0.03688637 0.00815708 0.26345403],0.0021614553848472683
357,INTRMAR_W41,POLIDEOLOGY,Moderate,[0.26465062 0.19010046 0.07685553 0.0276942  0.44069919],0.011976200123877496
358,INTRMAR_W41,POLIDEOLOGY,Very conservative,[0.12555569 0.17597879 0.11892646 0.11679465 0.46274441],0.0
359,INTRMAR_W41,POLIDEOLOGY,Very liberal,[0.63056823 0.13947319 0.04363463 0.03652317 0.14980077],0.016655966951247554
360,FUTR_M_W41,POLIDEOLOGY,Conservative,[0.04500955 0.52460235 0.43038811],0.008249945433866859
361,FUTR_M_W41,POLIDEOLOGY,Liberal,[0.05729258 0.55238574 0.39032168],0.002242788478287529
362,FUTR_M_W41,POLIDEOLOGY,Moderate,[0.09807596 0.49627992 0.40564412],0.01664628868867704
363,FUTR_M_W41,POLIDEOLOGY,Very conservative,[0.06952795 0.60090822 0.32956383],0.006848245361682209
364,FUTR_M_W41,POLIDEOLOGY,Very liberal,[0.0455007  0.60298151 0.35151779],0.0
365,SSMONEY_W41,POLIDEOLOGY,Conservative,[0.11979913 0.49946366 0.38073722],0.001759932999115455
366,SSMONEY_W41,POLIDEOLOGY,Liberal,[0.15503032 0.42659843 0.41837125],0.0
367,SSMONEY_W41,POLIDEOLOGY,Moderate,[0.16701982 0.40751088 0.4254693 ],0.01674311785584795
368,SSMONEY_W41,POLIDEOLOGY,Very conservative,[0.26121979 0.3144094  0.42437081],0.0
369,SSMONEY_W41,POLIDEOLOGY,Very liberal,[0.14060088 0.41624914 0.44314998],0.004080118823782516
370,GOVPRIOoF2_W41,POLIDEOLOGY,Conservative,[0.19048058 0.32480765 0.35073488 0.1339769 ],0.0
371,GOVPRIOoF2_W41,POLIDEOLOGY,Liberal,[0.71353502 0.22922728 0.04760539 0.00963231],0.0
372,GOVPRIOoF2_W41,POLIDEOLOGY,Moderate,[0.53152832 0.32706458 0.1167894  0.02461769],0.003872541079894461
373,GOVPRIOoF2_W41,POLIDEOLOGY,Very conservative,[0.16069118 0.14567538 0.30511552 0.38851792],0.02655418552240319
374,GOVPRIOoF2_W41,POLIDEOLOGY,Very liberal,[0.77198941 0.17020158 0.05780901 0.        ],0.0
375,HAPPENiF2_W41,POLIDEOLOGY,Conservative,[0.50658981 0.49341019],0.07490445470767022
376,HAPPENiF2_W41,POLIDEOLOGY,Liberal,[0.37556474 0.62443526],0.07690124784346436
377,HAPPENiF2_W41,POLIDEOLOGY,Moderate,[0.46583654 0.53416346],0.09287070637931012
378,HAPPENiF2_W41,POLIDEOLOGY,Very conservative,[0.47741716 0.52258284],0.12839886771688755
379,HAPPENiF2_W41,POLIDEOLOGY,Very liberal,[0.41708121 0.58291879],0.05344390023093598
380,HARASS1F1b_W41,POLIDEOLOGY,Conservative,[0.64699543 0.27107566 0.08192891],0.008972604868338176
381,HARASS1F1b_W41,POLIDEOLOGY,Liberal,[0.34882987 0.44322798 0.20794215],0.0020962047673045883
382,HARASS1F1b_W41,POLIDEOLOGY,Moderate,[0.53008986 0.36022108 0.10968906],0.0
383,HARASS1F1b_W41,POLIDEOLOGY,Very conservative,[0.56067202 0.33235566 0.10697233],0.037775953544928166
384,HARASS1F1b_W41,POLIDEOLOGY,Very liberal,[0.34846324 0.34839782 0.30313895],0.0
385,FUTRCLASSc_W41,POLIDEOLOGY,Conservative,[0.62441626 0.14802587 0.22755786],0.000959563288778553
386,FUTRCLASSc_W41,POLIDEOLOGY,Liberal,[0.70823645 0.16130048 0.13046307],0.004219831877708001
387,FUTRCLASSc_W41,POLIDEOLOGY,Moderate,[0.59556299 0.19212348 0.21231353],0.005766290608266265
388,FUTRCLASSc_W41,POLIDEOLOGY,Very conservative,[0.53596043 0.25181074 0.21222884],0.0
389,FUTRCLASSc_W41,POLIDEOLOGY,Very liberal,[0.68133106 0.18951461 0.12915434],0.005628710418457556
390,LEGALIMG_W41,POLIDEOLOGY,Conservative,[0.18548218 0.51238341 0.30213441],0.004217405050400372
391,LEGALIMG_W41,POLIDEOLOGY,Liberal,[0.43056719 0.45054793 0.11888487],0.004956303094885546
392,LEGALIMG_W41,POLIDEOLOGY,Moderate,[0.21952971 0.55748537 0.22298492],0.014595130676532222
393,LEGALIMG_W41,POLIDEOLOGY,Very conservative,[0.19475335 0.42370431 0.38154235],0.0028714979525646914
394,LEGALIMG_W41,POLIDEOLOGY,Very liberal,[0.49314503 0.39907019 0.10778478],0.018508452647305287
395,HARASS4_W41,POLIDEOLOGY,Conservative,[0.479768 0.520232],0.01101450411816684
396,HARASS4_W41,POLIDEOLOGY,Liberal,[0.56618325 0.43381675],0.0
397,HARASS4_W41,POLIDEOLOGY,Moderate,[0.49716568 0.50283432],0.005438637022009571
398,HARASS4_W41,POLIDEOLOGY,Very conservative,[0.44072901 0.55927099],0.005289776014885303
399,HARASS4_W41,POLIDEOLOGY,Very liberal,[0.68743727 0.31256273],0.0
400,ETHNCMAJMOD_W41,POLIDEOLOGY,Conservative,[0.05380158 0.11628735 0.22386273 0.11617776 0.48987057],0.00617467285293518
401,ETHNCMAJMOD_W41,POLIDEOLOGY,Liberal,[0.28744542 0.25774901 0.07609553 0.03079451 0.34791553],0.0006510237911970025
402,ETHNCMAJMOD_W41,POLIDEOLOGY,Moderate,[0.14692677 0.19979419 0.143497   0.06432439 0.44545766],0.009130105567076857
403,ETHNCMAJMOD_W41,POLIDEOLOGY,Very conservative,[0.07716562 0.08224167 0.26837151 0.21019244 0.36202877],0.006288111332672483
404,ETHNCMAJMOD_W41,POLIDEOLOGY,Very liberal,[0.38262074 0.22547064 0.05882937 0.02037974 0.31269952],0.0
405,SOLVPROBf_W41,POLIDEOLOGY,Conservative,[0.06645876 0.16025324 0.34245571 0.43083229],0.013293131432894041
406,SOLVPROBf_W41,POLIDEOLOGY,Liberal,[0.15605392 0.46900279 0.26911199 0.10583129],0.011264657317474053
407,SOLVPROBf_W41,POLIDEOLOGY,Moderate,[0.09890192 0.3443531  0.33687683 0.21986814],0.017342079191603507
408,SOLVPROBf_W41,POLIDEOLOGY,Very conservative,[0.06038452 0.1058756  0.23379318 0.59994671],0.009303305865249434
409,SOLVPROBf_W41,POLIDEOLOGY,Very liberal,[0.16108846 0.48831136 0.24294868 0.10765151],0.010676161678269904
410,HAPPENc_W41,POLIDEOLOGY,Conservative,[0.54822993 0.45177007],0.07286615550002185
411,HAPPENc_W41,POLIDEOLOGY,Liberal,[0.59695384 0.40304616],0.09826795714922852
412,HAPPENc_W41,POLIDEOLOGY,Moderate,[0.57128858 0.42871142],0.0945425640745882
413,HAPPENc_W41,POLIDEOLOGY,Very conservative,[0.48783063 0.51216937],0.10617455372383607
414,HAPPENc_W41,POLIDEOLOGY,Very liberal,[0.52655545 0.47344455],0.07446838022541928
415,FTRWORRYa_W41,POLIDEOLOGY,Conservative,[0.22789881 0.44930007 0.28374046 0.03906066],0.0014867403182405343
416,FTRWORRYa_W41,POLIDEOLOGY,Liberal,[0.29613973 0.5115251  0.16639855 0.02593661],0.0
417,FTRWORRYa_W41,POLIDEOLOGY,Moderate,[0.28106226 0.46655707 0.22824585 0.02413482],0.00995645077239467
418,FTRWORRYa_W41,POLIDEOLOGY,Very conservative,[0.27366383 0.41452003 0.24893596 0.06288018],0.00276366381060389
419,FTRWORRYa_W41,POLIDEOLOGY,Very liberal,[0.45968844 0.33125396 0.17924869 0.02980891],0.0
420,HAPPEN2d_W41,POLIDEOLOGY,Conservative,[0.09291105 0.37603534 0.46703579 0.06401782],0.010461108363585445
421,HAPPEN2d_W41,POLIDEOLOGY,Liberal,[0.14915011 0.51435436 0.29892184 0.03757369],0.0010294786744266813
422,HAPPEN2d_W41,POLIDEOLOGY,Moderate,[0.13026696 0.37718464 0.39556566 0.09698275],0.011197808662912924
423,HAPPEN2d_W41,POLIDEOLOGY,Very conservative,[0.09837456 0.37164404 0.37321651 0.15676489],0.006655083945929327
424,HAPPEN2d_W41,POLIDEOLOGY,Very liberal,[0.19685038 0.47966988 0.26193103 0.06154871],0.014572617571539515
425,POPPROB_W41,POLIDEOLOGY,Conservative,[0.41743859 0.37707764 0.20548377],0.002636902074398055
426,POPPROB_W41,POLIDEOLOGY,Liberal,[0.49087504 0.34572965 0.16339531],0.002459070652061956
427,POPPROB_W41,POLIDEOLOGY,Moderate,[0.46788458 0.37140622 0.16070921],0.006243194553513619
428,POPPROB_W41,POLIDEOLOGY,Very conservative,[0.41350648 0.29324153 0.29325199],0.0068033943979828775
429,POPPROB_W41,POLIDEOLOGY,Very liberal,[0.45874983 0.38935848 0.15189168],0.0035144083986399163
430,GOVPRIOc_W41,POLIDEOLOGY,Conservative,[0.48436157 0.29742151 0.11794872 0.1002682 ],0.0008660785512393694
431,GOVPRIOc_W41,POLIDEOLOGY,Liberal,[0.8340508  0.14096315 0.0197761  0.00520996],0.0027988156182433745
432,GOVPRIOc_W41,POLIDEOLOGY,Moderate,[0.73316031 0.19050055 0.0533486  0.02299054],0.0015722877715520218
433,GOVPRIOc_W41,POLIDEOLOGY,Very conservative,[0.40022272 0.23344958 0.18330348 0.18302422],0.0027636638106038904
434,GOVPRIOc_W41,POLIDEOLOGY,Very liberal,[0.85632971 0.09519056 0.03686992 0.01160981],0.0
435,GOVPRIOgF1_W41,POLIDEOLOGY,Conservative,[0.72145359 0.16385073 0.08726064 0.02743504],0.0
436,GOVPRIOgF1_W41,POLIDEOLOGY,Liberal,[0.11270594 0.28262361 0.42595635 0.1787141 ],0.006956541470291119
437,GOVPRIOgF1_W41,POLIDEOLOGY,Moderate,[0.30925888 0.37984261 0.24845088 0.06244763],0.0022491401912788805
438,GOVPRIOgF1_W41,POLIDEOLOGY,Very conservative,[0.70600345 0.2352713  0.05454914 0.00417611],0.0
439,GOVPRIOgF1_W41,POLIDEOLOGY,Very liberal,[0.10898151 0.25606727 0.30670306 0.32824817],0.0
440,HARASS3NOWRKF2_W41,POLIDEOLOGY,Conservative,[0.06317973 0.72715974 0.20966053],0.0026167208512351326
441,HARASS3NOWRKF2_W41,POLIDEOLOGY,Liberal,[0.18747051 0.39004432 0.42248517],0.0023367284348151784
442,HARASS3NOWRKF2_W41,POLIDEOLOGY,Moderate,[0.11693177 0.55726336 0.32580488],0.01146309067010919
443,HARASS3NOWRKF2_W41,POLIDEOLOGY,Very conservative,[0.0781242  0.75366267 0.16821313],0.0
444,HARASS3NOWRKF2_W41,POLIDEOLOGY,Very liberal,[0.2027192  0.23361366 0.56366714],0.0
445,HARASS1NOWRKF2a_W41,POLIDEOLOGY,Conservative,[0.60585622 0.37014276 0.02400102],0.0
446,HARASS1NOWRKF2a_W41,POLIDEOLOGY,Liberal,[0.29770946 0.48563276 0.21665778],0.0
447,HARASS1NOWRKF2a_W41,POLIDEOLOGY,Moderate,[0.53663174 0.40782996 0.0555383 ],0.005911009370291193
448,HARASS1NOWRKF2a_W41,POLIDEOLOGY,Very conservative,[0.58692781 0.38279702 0.03027517],0.0
449,HARASS1NOWRKF2a_W41,POLIDEOLOGY,Very liberal,[0.30396723 0.42361171 0.27242107],0.0
0,AVGFAM_W41,RACE,Asian,[0.31012479 0.26722909 0.42264612],0.0
1,AVGFAM_W41,RACE,Black,[0.24107243 0.33502202 0.42390555],0.006065589040292806
2,AVGFAM_W41,RACE,Hispanic,[0.22947893 0.42519467 0.34532641],0.0
3,AVGFAM_W41,RACE,Other,[0.23701726 0.09106497 0.67191777],0.0
4,AVGFAM_W41,RACE,White,[0.18539142 0.35787196 0.45673662],0.0040562716133723765
5,HARASS5_W41,RACE,Asian,[0.        0.5472615 0.4527385],0.0
6,HARASS5_W41,RACE,Black,[0.13545127 0.36290029 0.50164845],0.0007816056113321662
7,HARASS5_W41,RACE,Hispanic,[0.17151662 0.43502739 0.393456  ],0.0
8,HARASS5_W41,RACE,Other,[0.45946646 0.33384263 0.2066909 ],0.0
9,HARASS5_W41,RACE,White,[0.14137108 0.35715664 0.50147228],0.002238121589826226
10,GOVPRIOmF2_W41,RACE,Asian,[0.53561202 0.33915559 0.12523238 0.        ],0.0
11,GOVPRIOmF2_W41,RACE,Black,[0.59872881 0.28072748 0.05835302 0.0621907 ],0.0
12,GOVPRIOmF2_W41,RACE,Hispanic,[0.541078   0.33452163 0.04983494 0.07456543],0.0
13,GOVPRIOmF2_W41,RACE,Other,[0.6228014  0.31189948 0.06529912 0.        ],0.0
14,GOVPRIOmF2_W41,RACE,White,[0.43988722 0.41382568 0.10724985 0.03903725],0.011170511335836263
15,SOLVPROBg_W41,RACE,Asian,[0.2056372  0.24091652 0.49850785 0.05493843],0.0
16,SOLVPROBg_W41,RACE,Black,[0.27734246 0.43986123 0.18432426 0.09847204],0.01480272593704934
17,SOLVPROBg_W41,RACE,Hispanic,[0.18850452 0.52790673 0.17898057 0.10460818],0.03208572380274276
18,SOLVPROBg_W41,RACE,Other,[0.26584789 0.39140858 0.23469414 0.10804939],0.0
19,SOLVPROBg_W41,RACE,White,[0.20492406 0.54362763 0.17789215 0.07355616],0.017916325692311958
20,HARASS1F1a_W41,RACE,Asian,[0.60370898 0.24612855 0.15016247],0.0
21,HARASS1F1a_W41,RACE,Black,[0.55345356 0.3614382  0.08510824],0.0030085444715615807
22,HARASS1F1a_W41,RACE,Hispanic,[0.63813767 0.16877308 0.19308925],0.029454015134477003
23,HARASS1F1a_W41,RACE,Other,[0.26448136 0.44866735 0.28685129],0.0
24,HARASS1F1a_W41,RACE,White,[0.42230822 0.45204052 0.12565126],0.007575341156261989
25,ROBWRK2_W41,RACE,Asian,[0.15352774 0.24612105 0.4524981  0.14785311],0.0
26,ROBWRK2_W41,RACE,Black,[0.06598764 0.15112358 0.40004258 0.38284621],0.0012164983181651287
27,ROBWRK2_W41,RACE,Hispanic,[0.07648929 0.27935938 0.28897344 0.35517789],0.005080929575790821
28,ROBWRK2_W41,RACE,Other,[0.        0.0879313 0.4609034 0.4511653],0.0
29,ROBWRK2_W41,RACE,White,[0.06604916 0.25772912 0.41344901 0.2627727 ],0.0022770744980501402
30,ROBWRK_W41,RACE,Asian,[0.41696501 0.51528871 0.06774628 0.        ],0.0
31,ROBWRK_W41,RACE,Black,[0.35199099 0.50803595 0.13436055 0.00561251],0.0033477263845363126
32,ROBWRK_W41,RACE,Hispanic,[0.36675479 0.46492481 0.10045434 0.06786606],0.0014927455252429624
33,ROBWRK_W41,RACE,Other,[0.16251999 0.6566299  0.08499448 0.09585564],0.0
34,ROBWRK_W41,RACE,White,[0.29069971 0.523499   0.17604964 0.00975166],0.0032272107960923386
35,GOVPRIOnF2_W41,RACE,Asian,[0.20811158 0.42481544 0.13282514 0.23424783],0.0
36,GOVPRIOnF2_W41,RACE,Black,[0.30942224 0.31033821 0.14068765 0.2395519 ],0.021553397481091793
37,GOVPRIOnF2_W41,RACE,Hispanic,[0.22534661 0.3759042  0.20032262 0.19842657],0.036862675564246584
38,GOVPRIOnF2_W41,RACE,Other,[0.22146161 0.18970376 0.1115726  0.47726203],0.0
39,GOVPRIOnF2_W41,RACE,White,[0.11059156 0.26605947 0.19543036 0.42791861],0.003944714773843013
40,HARASS1NOWRKF2c_W41,RACE,Asian,[0.77995414 0.18116852 0.03887735],0.0
41,HARASS1NOWRKF2c_W41,RACE,Black,[0.73624471 0.24565703 0.01809825],0.0009736307591957864
42,HARASS1NOWRKF2c_W41,RACE,Hispanic,[0.81710047 0.14095975 0.04193978],0.0
43,HARASS1NOWRKF2c_W41,RACE,Other,[0.81029624 0.05348684 0.13621692],0.0
44,HARASS1NOWRKF2c_W41,RACE,White,[0.66787318 0.2946643  0.03746251],0.00401613421539842
45,HAPPENd_W41,RACE,Asian,[0.30404655 0.69595345],0.0884102067705172
46,HAPPENd_W41,RACE,Black,[0.41033604 0.58966396],0.16815312507726196
47,HAPPENd_W41,RACE,Hispanic,[0.39818698 0.60181302],0.13530940024990926
48,HAPPENd_W41,RACE,Other,[0.15364359 0.84635641],0.12539155989417336
49,HAPPENd_W41,RACE,White,[0.32990839 0.67009161],0.07337986104265345
50,GOVPRIOd_W41,RACE,Asian,[0.46615896 0.41276669 0.06437471 0.05669964],0.0
51,GOVPRIOd_W41,RACE,Black,[0.37199609 0.43408977 0.14637874 0.0475354 ],0.00043913083415493336
52,GOVPRIOd_W41,RACE,Hispanic,[0.45746118 0.33814609 0.20049031 0.00390242],0.0021777405962430875
53,GOVPRIOd_W41,RACE,Other,[0.21835943 0.52439041 0.25725016 0.        ],0.02131512529522834
54,GOVPRIOd_W41,RACE,White,[0.31468625 0.51309541 0.15454159 0.01767675],0.002373532792289676
55,HAPPEN2f_W41,RACE,Asian,[0.12772596 0.58481086 0.25533084 0.03213234],0.0
56,HAPPEN2f_W41,RACE,Black,[0.07160263 0.4839873  0.320214   0.12419606],0.004519187009712446
57,HAPPEN2f_W41,RACE,Hispanic,[0.24596211 0.32078819 0.33361234 0.09963736],0.002868130551606125
58,HAPPEN2f_W41,RACE,Other,[0.21272326 0.49228985 0.05764563 0.23734126],0.0
59,HAPPEN2f_W41,RACE,White,[0.12304615 0.56108901 0.27534365 0.04052119],0.012056984290751185
60,FUTRCLASSb_W41,RACE,Asian,[0.3554654  0.42986038 0.21467421],0.0
61,FUTRCLASSb_W41,RACE,Black,[0.32639766 0.33403314 0.3395692 ],0.007305048711119021
62,FUTRCLASSb_W41,RACE,Hispanic,[0.36121957 0.34653178 0.29224865],0.0
63,FUTRCLASSb_W41,RACE,Other,[0.26667088 0.48556448 0.24776464],0.0
64,FUTRCLASSb_W41,RACE,White,[0.25739092 0.49613821 0.24647087],0.004925532930662749
65,NATDEBT_W41,RACE,Asian,[0.59716374 0.28037301 0.11402699 0.00843626],0.0
66,NATDEBT_W41,RACE,Black,[0.54359706 0.23933743 0.18272479 0.03434072],0.00043913083415493336
67,NATDEBT_W41,RACE,Hispanic,[0.55314856 0.20866233 0.23818911 0.        ],0.005007815583171717
68,NATDEBT_W41,RACE,Other,[0.77305128 0.04595089 0.1514619  0.02953592],0.0
69,NATDEBT_W41,RACE,White,[0.65920644 0.20056152 0.12307488 0.01715716],0.0022755709361022207
70,AGEMAJ_W41,RACE,Asian,[0.07360411 0.08072882 0.41392214 0.2059081  0.22583682],0.0
71,AGEMAJ_W41,RACE,Black,[0.06635201 0.20853442 0.29754262 0.10084451 0.32672644],0.011429807172772576
72,AGEMAJ_W41,RACE,Hispanic,[0.04537682 0.15842482 0.35234652 0.17323031 0.27062152],0.043508634566196296
73,AGEMAJ_W41,RACE,Other,[0.         0.14969966 0.51897741 0.06743606 0.26388687],0.0
74,AGEMAJ_W41,RACE,White,[0.03447726 0.11594077 0.45839047 0.14429146 0.24690004],0.005973112750340935
75,HAPPENe_W41,RACE,Asian,[0.87272953 0.12727047],0.08115323770697266
76,HAPPENe_W41,RACE,Black,[0.71818676 0.28181324],0.1329132980039823
77,HAPPENe_W41,RACE,Hispanic,[0.72102519 0.27897481],0.2010697087028812
78,HAPPENe_W41,RACE,Other,[0.83886786 0.16113214],0.09585563503237161
79,HAPPENe_W41,RACE,White,[0.81138765 0.18861235],0.057686062037288446
80,ROBIMPACTb_W41,RACE,Asian,[0.45057288 0.54942712],0.0
81,ROBIMPACTb_W41,RACE,Black,[0.32479265 0.67520735],0.002090809858253697
82,ROBIMPACTb_W41,RACE,Hispanic,[0.45206858 0.54793142],0.01966036013433004
83,ROBIMPACTb_W41,RACE,Other,[0.2316734 0.7683266],0.0
84,ROBIMPACTb_W41,RACE,White,[0.32549726 0.67450274],0.011379506356910556
85,HARASS1NOWRKF2d_W41,RACE,Asian,[0.72785183 0.27214817 0.        ],0.0
86,HARASS1NOWRKF2d_W41,RACE,Black,[0.71846415 0.23737429 0.04416156],0.0
87,HARASS1NOWRKF2d_W41,RACE,Hispanic,[0.72277176 0.19596771 0.08126053],0.0
88,HARASS1NOWRKF2d_W41,RACE,Other,[0.86378308 0.         0.13621692],0.0
89,HARASS1NOWRKF2d_W41,RACE,White,[0.55552054 0.35254371 0.09193575],0.00788148782776795
90,HARASS1F1c_W41,RACE,Asian,[0.65956733 0.28722173 0.05321095],0.0
91,HARASS1F1c_W41,RACE,Black,[0.73396254 0.22168598 0.04435149],0.0
92,HARASS1F1c_W41,RACE,Hispanic,[0.82193737 0.14178988 0.03627274],0.029454015134477003
93,HARASS1F1c_W41,RACE,Other,[0.29952997 0.41361875 0.28685129],0.0
94,HARASS1F1c_W41,RACE,White,[0.60355857 0.33042161 0.06601982],0.0069908630001776235
95,HAPPENf_W41,RACE,Asian,[0.48042016 0.51957984],0.1291234055190674
96,HAPPENf_W41,RACE,Black,[0.49513988 0.50486012],0.17040729429375348
97,HAPPENf_W41,RACE,Hispanic,[0.55161846 0.44838154],0.17767818049984174
98,HAPPENf_W41,RACE,Other,[0.23602237 0.76397763],0.0
99,HAPPENf_W41,RACE,White,[0.40727672 0.59272328],0.0684881744683311
100,FTRWORRYe_W41,RACE,Asian,[0.2635086  0.47563433 0.25242081 0.00843626],0.0
101,FTRWORRYe_W41,RACE,Black,[0.41493239 0.32260098 0.19071916 0.07174746],0.0
102,FTRWORRYe_W41,RACE,Hispanic,[0.41263664 0.3258901  0.1705171  0.09095616],0.0
103,FTRWORRYe_W41,RACE,Other,[0.58524173 0.18533939 0.13356325 0.09585564],0.0
104,FTRWORRYe_W41,RACE,White,[0.42689058 0.34062572 0.1926018  0.0398819 ],0.0009618668300524578
105,GOVPRIOjF1_W41,RACE,Asian,[0.28652071 0.25177935 0.39461085 0.06708908],0.0
106,GOVPRIOjF1_W41,RACE,Black,[0.52627228 0.2954295  0.15874789 0.01955033],0.0
107,GOVPRIOjF1_W41,RACE,Hispanic,[0.44299446 0.34465739 0.10050751 0.11184064],0.0
108,GOVPRIOjF1_W41,RACE,Other,[0.26448136 0.37673008 0.28685129 0.07193728],0.0
109,GOVPRIOjF1_W41,RACE,White,[0.36492713 0.38187676 0.16427311 0.088923  ],0.0
110,SOLVPROBh_W41,RACE,Asian,[0.37584449 0.33293234 0.17718319 0.11403999],0.0
111,SOLVPROBh_W41,RACE,Black,[0.33980136 0.4581108  0.14854496 0.05354289],0.012865583631231416
112,SOLVPROBh_W41,RACE,Hispanic,[0.34956108 0.52174633 0.08511766 0.04357493],0.024340377214119625
113,SOLVPROBh_W41,RACE,Other,[0.27820293 0.49881179 0.12324946 0.09973582],0.0
114,SOLVPROBh_W41,RACE,White,[0.21403009 0.53375092 0.16711974 0.08509925],0.012456418569534696
115,GOVPRIOhF1_W41,RACE,Asian,[0.28629247 0.39950285 0.04166167 0.27254301],0.0
116,GOVPRIOhF1_W41,RACE,Black,[0.26424293 0.18818304 0.14420975 0.40336427],0.00241105307552833
117,GOVPRIOhF1_W41,RACE,Hispanic,[0.33186709 0.21292225 0.15186861 0.30334206],0.009942253936843403
118,GOVPRIOhF1_W41,RACE,Other,[0.22759269 0.13793913 0.5625309  0.07193728],0.0
119,GOVPRIOhF1_W41,RACE,White,[0.17697533 0.23835822 0.1782783  0.40638815],0.0024277419265463372
120,FTRWORRYb_W41,RACE,Asian,[0.46820929 0.40210888 0.12124556 0.00843626],0.0
121,FTRWORRYb_W41,RACE,Black,[0.36403022 0.36090925 0.19793616 0.07712436],0.0
122,FTRWORRYb_W41,RACE,Hispanic,[0.43080521 0.39104347 0.11383784 0.06431348],0.03173755187154704
123,FTRWORRYb_W41,RACE,Other,[0.38786782 0.30364688 0.3084853  0.        ],0.0
124,FTRWORRYb_W41,RACE,White,[0.38791988 0.38169814 0.20100201 0.02937998],0.0021069108898178067
125,ROBIMPACTa_W41,RACE,Asian,[0.84951201 0.15048799],0.0
126,ROBIMPACTa_W41,RACE,Black,[0.73851413 0.26148587],0.003761113058282894
127,ROBIMPACTa_W41,RACE,Hispanic,[0.78497805 0.21502195],0.020516075869875618
128,ROBIMPACTa_W41,RACE,Other,[0.79574806 0.20425194],0.0
129,ROBIMPACTa_W41,RACE,White,[0.77739052 0.22260948],0.01057453091912409
130,FTRWORRYf_W41,RACE,Asian,[0.55374459 0.28049029 0.08836358 0.07740154],0.0
131,FTRWORRYf_W41,RACE,Black,[0.41153259 0.34395754 0.17675708 0.06775278],0.002499185584916156
132,FTRWORRYf_W41,RACE,Hispanic,[0.58090997 0.25631331 0.09388651 0.06889021],0.006464737129890835
133,FTRWORRYf_W41,RACE,Other,[0.46521308 0.24908707 0.24482827 0.04087158],0.0
134,FTRWORRYf_W41,RACE,White,[0.3936805  0.27237653 0.23005877 0.1038842 ],0.002520125292938781
135,GOVPRIOfF1_W41,RACE,Asian,[0.43521213 0.17185025 0.26770849 0.12522914],0.0
136,GOVPRIOfF1_W41,RACE,Black,[0.25083943 0.44779947 0.1923017  0.1090594 ],0.004412663045066088
137,GOVPRIOfF1_W41,RACE,Hispanic,[0.20734347 0.43295321 0.19273072 0.1669726 ],0.029454015134477003
138,GOVPRIOfF1_W41,RACE,Other,[0.09968198 0.38751582 0.38790175 0.12490044],0.0
139,GOVPRIOfF1_W41,RACE,White,[0.22328739 0.30853216 0.23620919 0.23197126],0.005332406970090814
140,GOVPRIOb_W41,RACE,Asian,[0.66975256 0.20083888 0.05821568 0.07119287],0.03128958802640723
141,GOVPRIOb_W41,RACE,Black,[0.6701539  0.26523793 0.05427861 0.01032956],0.0016266879087794503
142,GOVPRIOb_W41,RACE,Hispanic,[0.68543846 0.23532406 0.01787278 0.0613647 ],0.0
143,GOVPRIOb_W41,RACE,Other,[0.63333564 0.18581425 0.18085011 0.        ],0.0
144,GOVPRIOb_W41,RACE,White,[0.49555178 0.36368441 0.0942653  0.0464985 ],0.0022905950555512015
145,SOLVPROBc_W41,RACE,Asian,[0.04945396 0.28027891 0.42808953 0.24217761],0.0
146,SOLVPROBc_W41,RACE,Black,[0.25904927 0.46655881 0.17606001 0.09833191],0.01242645279707648
147,SOLVPROBc_W41,RACE,Hispanic,[0.18840874 0.45510918 0.21602866 0.14045342],0.0282878600650049
148,SOLVPROBc_W41,RACE,Other,[0.20186973 0.18716445 0.19737457 0.41359125],0.0
149,SOLVPROBc_W41,RACE,White,[0.12704245 0.45866665 0.27664843 0.13764247],0.01992991121963721
150,FUTRCLASSa_W41,RACE,Asian,[0.33303321 0.28206673 0.38490006],0.0
151,FUTRCLASSa_W41,RACE,Black,[0.44014861 0.19242595 0.36742544],0.012110051089754853
152,FUTRCLASSa_W41,RACE,Hispanic,[0.45651469 0.25859582 0.28488949],0.0
153,FUTRCLASSa_W41,RACE,Other,[0.52945768 0.09348254 0.37705978],0.0
154,FUTRCLASSa_W41,RACE,White,[0.30755313 0.22277865 0.46966822],0.0036219427038091797
155,GOVPRIOkF2_W41,RACE,Asian,[0.11261581 0.35219135 0.32164054 0.2135523 ],0.0
156,GOVPRIOkF2_W41,RACE,Black,[0.22911061 0.47041816 0.21970929 0.08076194],0.0
157,GOVPRIOkF2_W41,RACE,Hispanic,[0.23522412 0.36993192 0.26620174 0.12864222],0.0
158,GOVPRIOkF2_W41,RACE,Other,[0.27494845 0.29465077 0.12250898 0.3078918 ],0.0
159,GOVPRIOkF2_W41,RACE,White,[0.22868372 0.39474388 0.19576805 0.18080435],0.009222453653438113
160,HAPPENb_W41,RACE,Asian,[0.42403689 0.57596311],0.07272218238441802
161,HAPPENb_W41,RACE,Black,[0.43013036 0.56986964],0.1435346381469615
162,HAPPENb_W41,RACE,Hispanic,[0.34517814 0.65482186],0.1418977917416151
163,HAPPENb_W41,RACE,Other,[0.21902397 0.78097603],0.18537811862209755
164,HAPPENb_W41,RACE,White,[0.36124103 0.63875897],0.06991112414860892
165,HAPPENhF1_W41,RACE,Asian,[0.52830754 0.47169246],0.12959948487861625
166,HAPPENhF1_W41,RACE,Black,[0.30817356 0.69182644],0.21371407765919423
167,HAPPENhF1_W41,RACE,Hispanic,[0.40524599 0.59475401],0.14928166246737248
168,HAPPENhF1_W41,RACE,Other,[0.41361875 0.58638125],0.0
169,HAPPENhF1_W41,RACE,White,[0.36390712 0.63609288],0.05236506160374134
170,ELDCARE_W41,RACE,Asian,[0.26420406 0.73579594],0.0
171,ELDCARE_W41,RACE,Black,[0.36850053 0.63149947],0.00043913083415493336
172,ELDCARE_W41,RACE,Hispanic,[0.40725974 0.59274026],0.0
173,ELDCARE_W41,RACE,Other,[0.49991067 0.50008933],0.0
174,ELDCARE_W41,RACE,White,[0.24130365 0.75869635],0.009083001377424765
175,JOBSECURITY_W41,RACE,Asian,[0.15552446 0.55859117 0.28588437],0.0
176,JOBSECURITY_W41,RACE,Black,[0.22784558 0.47983017 0.29232426],0.011724505093455283
177,JOBSECURITY_W41,RACE,Hispanic,[0.3099161  0.42072961 0.26935429],0.004219397568822196
178,JOBSECURITY_W41,RACE,Other,[0.14969966 0.42335623 0.4269441 ],0.0
179,JOBSECURITY_W41,RACE,White,[0.10132142 0.50621575 0.39246283],0.009759925363661161
180,GOVPRIOlF2_W41,RACE,Asian,[0.22412972 0.4163966  0.30810178 0.0513719 ],0.0
181,GOVPRIOlF2_W41,RACE,Black,[0.17637219 0.45861198 0.32120937 0.04380646],0.010758477000604928
182,GOVPRIOlF2_W41,RACE,Hispanic,[0.4150728  0.35897888 0.11897435 0.10697397],0.0
183,GOVPRIOlF2_W41,RACE,Other,[0.1106967  0.13628083 0.28676073 0.46626174],0.0
184,GOVPRIOlF2_W41,RACE,White,[0.14376812 0.39119776 0.34644506 0.11858906],0.002578648313274653
185,FUTR_K_W41,RACE,Asian,[0.0914765  0.66279655 0.24572695],0.0
186,FUTR_K_W41,RACE,Black,[0.22387193 0.3073108  0.46881726],0.011242576669145951
187,FUTR_K_W41,RACE,Hispanic,[0.13702138 0.44425643 0.41872219],0.016393773520858003
188,FUTR_K_W41,RACE,Other,[0.06653644 0.4037115  0.52975206],0.0
189,FUTR_K_W41,RACE,White,[0.07418594 0.4834884  0.44232566],0.010716926067917527
190,WRKTRN1F1_W41,RACE,Asian,[0.16778182 0.11245992 0.5299759  0.18978236],0.0
191,WRKTRN1F1_W41,RACE,Black,[0.213922   0.12133021 0.37948481 0.28526299],0.0026204246249761985
192,WRKTRN1F1_W41,RACE,Hispanic,[0.18582606 0.08308089 0.44398153 0.28711152],0.0
193,WRKTRN1F1_W41,RACE,Other,[0.12791071 0.07193728 0.18766784 0.61248418],0.0
194,WRKTRN1F1_W41,RACE,White,[0.07453352 0.10864483 0.39492125 0.4219004 ],0.0011184872709230744
195,FTRWORRYc_W41,RACE,Asian,[0.53102551 0.36440774 0.06974038 0.03482637],0.0
196,FTRWORRYc_W41,RACE,Black,[0.46130889 0.32085664 0.18488788 0.03294658],0.003085138147072315
197,FTRWORRYc_W41,RACE,Hispanic,[0.44498653 0.38609171 0.11722019 0.05170156],0.050351108654666236
198,FTRWORRYc_W41,RACE,Other,[0.45613623 0.08758703 0.3604211  0.09585564],0.0
199,FTRWORRYc_W41,RACE,White,[0.50266507 0.38852555 0.0929346  0.01587477],0.0035163686834294304
200,HAPPEN2e_W41,RACE,Asian,[0.3926134  0.44802553 0.11741891 0.04194215],0.0
201,HAPPEN2e_W41,RACE,Black,[0.29994906 0.531711   0.12695475 0.0413852 ],0.001838073990909187
202,HAPPEN2e_W41,RACE,Hispanic,[0.27361725 0.53562027 0.17140366 0.01935882],0.0027755488656418005
203,HAPPEN2e_W41,RACE,Other,[0.24341959 0.46323652 0.12579704 0.16754685],0.0
204,HAPPEN2e_W41,RACE,White,[0.30716873 0.57590563 0.10045919 0.01646645],0.0038269086184801885
205,SOLVPROBb_W41,RACE,Asian,[0.11199076 0.28497143 0.36159651 0.2414413 ],0.0
206,SOLVPROBb_W41,RACE,Black,[0.13768164 0.48878818 0.25858464 0.11494554],0.018517232161600602
207,SOLVPROBb_W41,RACE,Hispanic,[0.16605841 0.34121377 0.29676131 0.19596651],0.024340377214119625
208,SOLVPROBb_W41,RACE,Other,[0.17840801 0.12219907 0.38667102 0.3127219 ],0.0
209,SOLVPROBb_W41,RACE,White,[0.07828248 0.42664033 0.34081342 0.15426377],0.014981137654638974
210,HARASS3F1_W41,RACE,Asian,[0.12282943 0.66455888 0.21261169],0.0
211,HARASS3F1_W41,RACE,Black,[0.09950857 0.51072097 0.38977045],0.007621589793087016
212,HARASS3F1_W41,RACE,Hispanic,[0.16126905 0.40760224 0.43112871],0.0029636185335827512
213,HARASS3F1_W41,RACE,Other,[0.         0.54016098 0.45983902],0.0
214,HARASS3F1_W41,RACE,White,[0.12674005 0.56826857 0.30499138],0.008902406230489449
215,SOLVPROBeF2_W41,RACE,Asian,[0.09167183 0.45547133 0.40337759 0.04947925],0.0
216,SOLVPROBeF2_W41,RACE,Black,[0.14850727 0.55781898 0.18452767 0.10914608],0.03711453980052522
217,SOLVPROBeF2_W41,RACE,Hispanic,[0.26288177 0.46119094 0.19817256 0.07775474],0.04383023498087477
218,SOLVPROBeF2_W41,RACE,Other,[0.11731214 0.39128371 0.         0.49140415],0.0
219,SOLVPROBeF2_W41,RACE,White,[0.10306675 0.54334529 0.28898033 0.06460763],0.014027234880506724
220,FUTR_ABR_W41,RACE,Asian,[0.11592283 0.74169141 0.11538663 0.02699913],0.0
221,FUTR_ABR_W41,RACE,Black,[0.21781377 0.45844784 0.22863425 0.09510414],0.013006643481060011
222,FUTR_ABR_W41,RACE,Hispanic,[0.18538919 0.6424954  0.12953884 0.04257657],0.01933256163094791
223,FUTR_ABR_W41,RACE,Other,[0.42576796 0.32643233 0.14101391 0.1067858 ],0.0
224,FUTR_ABR_W41,RACE,White,[0.22255629 0.56951814 0.15931436 0.04861121],0.016346349842263318
225,GOVPRIOiF1_W41,RACE,Asian,[0.42507191 0.41017083 0.16475726 0.        ],0.0
226,GOVPRIOiF1_W41,RACE,Black,[0.44040842 0.38561702 0.16633852 0.00763605],0.0
227,GOVPRIOiF1_W41,RACE,Hispanic,[0.28868575 0.53587788 0.15778413 0.01765223],0.0
228,GOVPRIOiF1_W41,RACE,Other,[0.18769376 0.48856629 0.32373996 0.        ],0.0
229,GOVPRIOiF1_W41,RACE,White,[0.34593001 0.54383986 0.10268457 0.00754556],0.0
230,HAPPENj_W41,RACE,Asian,[0.59334084 0.40665916],0.1231492562196665
231,HAPPENj_W41,RACE,Black,[0.69695856 0.30304144],0.16128030138798188
232,HAPPENj_W41,RACE,Hispanic,[0.69133512 0.30866488],0.16656522236240365
233,HAPPENj_W41,RACE,Other,[0.67316149 0.32683851],0.2812337536544691
234,HAPPENj_W41,RACE,White,[0.72151669 0.27848331],0.06867117698748214
235,AUTOWKPLC_W41,RACE,Asian,[0.23182349 0.51299104 0.25518546],0.0
236,AUTOWKPLC_W41,RACE,Black,[0.30320645 0.50128177 0.19551178],0.014606039792547728
237,AUTOWKPLC_W41,RACE,Hispanic,[0.31723957 0.43287596 0.24988447],0.005712143094065159
238,AUTOWKPLC_W41,RACE,Other,[0.24098439 0.43794019 0.32107542],0.0
239,AUTOWKPLC_W41,RACE,White,[0.20427825 0.48878183 0.30693992],0.009010152054489701
240,WRKTRN1F2_W41,RACE,Asian,[0.20697853 0.01569837 0.55601548 0.22130762],0.0
241,WRKTRN1F2_W41,RACE,Black,[0.19746417 0.05675053 0.54382397 0.20196133],0.005860942261235745
242,WRKTRN1F2_W41,RACE,Hispanic,[0.13327448 0.03529016 0.54735434 0.28408102],0.0
243,WRKTRN1F2_W41,RACE,Other,[0.13621692 0.         0.53447189 0.32931119],0.0
244,WRKTRN1F2_W41,RACE,White,[0.07020704 0.04895171 0.53114598 0.34969526],0.0077748569497321065
245,HARASS1F1d_W41,RACE,Asian,[0.60619136 0.24666994 0.1471387 ],0.0
246,HARASS1F1d_W41,RACE,Black,[0.62666677 0.32779504 0.04553819],0.0
247,HARASS1F1d_W41,RACE,Hispanic,[0.80468115 0.14323366 0.0520852 ],0.03241763366805975
248,HARASS1F1d_W41,RACE,Other,[0.48719781 0.13793913 0.37486306],0.0
249,HARASS1F1d_W41,RACE,White,[0.5694641  0.35343589 0.07710002],0.007341229360236173
250,HAPPEN2g_W41,RACE,Asian,[0.20146482 0.40910406 0.33202828 0.05740285],0.0
251,HAPPEN2g_W41,RACE,Black,[0.3558999  0.48493566 0.13761768 0.02154676],0.007073798600376342
252,HAPPEN2g_W41,RACE,Hispanic,[0.35688619 0.46413362 0.16420104 0.01477915],0.006464737129890833
253,HAPPEN2g_W41,RACE,Other,[0.25092612 0.38898818 0.09585564 0.26423007],0.0
254,HAPPEN2g_W41,RACE,White,[0.34580805 0.50591473 0.12071235 0.02756487],0.0028151168216208277
255,FTRWORRYd_W41,RACE,Asian,[0.50895281 0.33568548 0.14692545 0.00843626],0.0
256,FTRWORRYd_W41,RACE,Black,[0.41379877 0.3934001  0.15622173 0.03657939],0.0
257,FTRWORRYd_W41,RACE,Hispanic,[0.47241233 0.34722762 0.10137787 0.07898218],0.014835697912604298
258,FTRWORRYd_W41,RACE,Other,[0.58707168 0.30185582 0.1110725  0.        ],0.0
259,FTRWORRYd_W41,RACE,White,[0.48829181 0.40442595 0.09376843 0.01351381],0.0023622852116702
260,GOVPRIOe_W41,RACE,Asian,[0.42714242 0.39788014 0.12268327 0.05229417],0.0
261,GOVPRIOe_W41,RACE,Black,[0.53080307 0.33579599 0.09512292 0.03827803],0.010525946912200504
262,GOVPRIOe_W41,RACE,Hispanic,[0.5899596  0.31445263 0.08837718 0.00721059],0.005007815583171718
263,GOVPRIOe_W41,RACE,Other,[0.5700903  0.26764855 0.15133099 0.01093017],0.0
264,GOVPRIOe_W41,RACE,White,[0.41289672 0.3730165  0.1542002  0.05988659],0.0026521677743573916
265,HAPPENa_W41,RACE,Asian,[0.49554454 0.50445546],0.07660716187066632
266,HAPPENa_W41,RACE,Black,[0.41521227 0.58478773],0.16941294666569745
267,HAPPENa_W41,RACE,Hispanic,[0.51590788 0.48409212],0.13662252239910117
268,HAPPENa_W41,RACE,Other,[0.1290869 0.8709131],0.12539155989417336
269,HAPPENa_W41,RACE,White,[0.40360759 0.59639241],0.0627975298590587
270,SOLVPROBdF1_W41,RACE,Asian,[0.20458097 0.30642682 0.2528718  0.23612041],0.0
271,SOLVPROBdF1_W41,RACE,Black,[0.15463364 0.38236247 0.36676911 0.09623477],0.006184409476140788
272,SOLVPROBdF1_W41,RACE,Hispanic,[0.16224489 0.43568437 0.26180707 0.14026367],0.009942253936843401
273,SOLVPROBdF1_W41,RACE,Other,[0.         0.27567961 0.6246384  0.09968198],0.0
274,SOLVPROBdF1_W41,RACE,White,[0.04176284 0.38671452 0.37074829 0.20077435],0.010892840225488021
275,HAPPEN2a_W41,RACE,Asian,[0.11040687 0.33117131 0.52359545 0.03482637],0.0
276,HAPPEN2a_W41,RACE,Black,[0.11761343 0.46003197 0.31012128 0.11223332],0.001077606596778923
277,HAPPEN2a_W41,RACE,Hispanic,[0.12761572 0.45781778 0.32230282 0.09226368],0.03144984647569724
278,HAPPEN2a_W41,RACE,Other,[0.25171463 0.68101935 0.06726602 0.        ],0.0
279,HAPPEN2a_W41,RACE,White,[0.11946246 0.49583083 0.36160778 0.02309892],0.008412868785378422
280,HAPPEN2h_W41,RACE,Asian,[0.04427507 0.37130527 0.55021426 0.0342054 ],0.0
281,HAPPEN2h_W41,RACE,Black,[0.08232954 0.34335388 0.47911771 0.09519887],0.006979164319441145
282,HAPPEN2h_W41,RACE,Hispanic,[0.11844712 0.43134555 0.35330646 0.09690087],0.02458735367702066
283,HAPPEN2h_W41,RACE,Other,[0.21145614 0.32349737 0.2595995  0.20544699],0.0
284,HAPPEN2h_W41,RACE,White,[0.05613464 0.30326733 0.55568647 0.08491155],0.008712620248163015
285,SSCUT_W41,RACE,Asian,[0.43313353 0.56686647],0.0
286,SSCUT_W41,RACE,Black,[0.20974539 0.79025461],0.0015609971778349394
287,SSCUT_W41,RACE,Hispanic,[0.28852335 0.71147665],0.057560703465330494
288,SSCUT_W41,RACE,Other,[0.16896936 0.83103064],0.0
289,SSCUT_W41,RACE,White,[0.24824707 0.75175293],0.005872904250873678
290,FUTR_DIV_W41,RACE,Asian,[0.39450076 0.08016538 0.52533386],0.0
291,FUTR_DIV_W41,RACE,Black,[0.32379557 0.17152284 0.50468159],0.038490754287874185
292,FUTR_DIV_W41,RACE,Hispanic,[0.31544942 0.24116888 0.4433817 ],0.05480557727275768
293,FUTR_DIV_W41,RACE,Other,[0.21144846 0.17141146 0.61714007],0.0
294,FUTR_DIV_W41,RACE,White,[0.28167244 0.09613537 0.62219219],0.002902852216435545
295,ELDFINANCEF1_W41,RACE,Asian,[0.31217865 0.25282096 0.43500039],0.0
296,ELDFINANCEF1_W41,RACE,Black,[0.43527135 0.31188909 0.25283956],0.002620424624976198
297,ELDFINANCEF1_W41,RACE,Hispanic,[0.42944228 0.37435853 0.1961992 ],0.0029636185335827512
298,ELDFINANCEF1_W41,RACE,Other,[0.5114078  0.15994905 0.32864315],0.0
299,ELDFINANCEF1_W41,RACE,White,[0.33585799 0.26491757 0.39922443],0.009165817294375033
300,ENVC_W41,RACE,Asian,[0.19839423 0.6337889  0.16781687],0.0
301,ENVC_W41,RACE,Black,[0.21452764 0.51235943 0.27311294],0.0029408694371691273
302,ENVC_W41,RACE,Hispanic,[0.21171312 0.61598698 0.1722999 ],0.004219397568822196
303,ENVC_W41,RACE,Other,[0.02607802 0.75098538 0.22293659],0.0
304,ENVC_W41,RACE,White,[0.14418809 0.60206064 0.25375127],0.0019213461378112006
305,GOVPRIOa_W41,RACE,Asian,[0.39865483 0.48842854 0.11291663 0.        ],0.0
306,GOVPRIOa_W41,RACE,Black,[0.56601159 0.37087486 0.05181516 0.01129839],0.008261355675000859
307,GOVPRIOa_W41,RACE,Hispanic,[0.57970086 0.3333722  0.08519192 0.00173502],0.019843513495776014
308,GOVPRIOa_W41,RACE,Other,[0.57459524 0.31433226 0.1110725  0.        ],0.0
309,GOVPRIOa_W41,RACE,White,[0.47381746 0.43417186 0.08375781 0.00825287],0.0030148161675254506
310,ELDFINANCEF2_W41,RACE,Asian,[0.21593627 0.36000639 0.42405735],0.0
311,ELDFINANCEF2_W41,RACE,Black,[0.15412115 0.67393531 0.17194353],0.0
312,ELDFINANCEF2_W41,RACE,Hispanic,[0.16636152 0.73933657 0.0943019 ],0.013025607693019194
313,ELDFINANCEF2_W41,RACE,Other,[0.05720986 0.68778726 0.25500288],0.0
314,ELDFINANCEF2_W41,RACE,White,[0.14597745 0.53749469 0.31652786],0.030838087246083615
315,HAPPENg_W41,RACE,Asian,[0.74323199 0.25676801],0.15245424098856483
316,HAPPENg_W41,RACE,Black,[0.38942364 0.61057636],0.174419268268392
317,HAPPENg_W41,RACE,Hispanic,[0.47021514 0.52978486],0.12562454157590303
318,HAPPENg_W41,RACE,Other,[0.43075718 0.56924282],0.16565004793364052
319,HAPPENg_W41,RACE,White,[0.57670966 0.42329034],0.06463475101761822
320,OPTIMIST_W41,RACE,Asian,[0.09454781 0.45174789 0.27333769 0.18036662],0.0
321,OPTIMIST_W41,RACE,Black,[0.19959631 0.50263788 0.19978309 0.09798271],0.008779632798834616
322,OPTIMIST_W41,RACE,Hispanic,[0.16787091 0.54084    0.19260501 0.09868408],0.0
323,OPTIMIST_W41,RACE,Other,[0.21145614 0.1891442  0.31594422 0.28345544],0.0
324,OPTIMIST_W41,RACE,White,[0.09712121 0.42478888 0.34248768 0.13560223],0.0018913931216378624
325,JOBBENEFITS_W41,RACE,Asian,[0.27546292 0.46966351 0.25487357],0.0
326,JOBBENEFITS_W41,RACE,Black,[0.26956056 0.37200617 0.35843326],0.0
327,JOBBENEFITS_W41,RACE,Hispanic,[0.36023025 0.33554021 0.30422954],0.0088758302247055
328,JOBBENEFITS_W41,RACE,Other,[0.26027137 0.43894528 0.30078335],0.0
329,JOBBENEFITS_W41,RACE,White,[0.20094353 0.42533977 0.37371669],0.008549075281316276
330,AUTOLKLY_W41,RACE,Asian,[0.12455422 0.2906828  0.38073905 0.20402393],0.0
331,AUTOLKLY_W41,RACE,Black,[0.17200432 0.33208161 0.32578795 0.17012611],0.0
332,AUTOLKLY_W41,RACE,Hispanic,[0.2246326  0.29944531 0.34265312 0.13326897],0.0
333,AUTOLKLY_W41,RACE,Other,[0.         0.10189933 0.24279014 0.65531053],0.0
334,AUTOLKLY_W41,RACE,White,[0.09625247 0.24431428 0.39784935 0.2615839 ],0.006521113157890423
335,SOLVPROBa_W41,RACE,Asian,[0.4424     0.47198604 0.03678804 0.04882592],0.0
336,SOLVPROBa_W41,RACE,Black,[0.36671191 0.42492331 0.14152491 0.06683987],0.019698241752752647
337,SOLVPROBa_W41,RACE,Hispanic,[0.43805191 0.40738814 0.09242677 0.06213318],0.01933256163094791
338,SOLVPROBa_W41,RACE,Other,[0.3222456  0.50165039 0.1063096  0.06979441],0.0
339,SOLVPROBa_W41,RACE,White,[0.44584372 0.45429379 0.07725885 0.02260365],0.015525748996868665
340,SOLVPROBi_W41,RACE,Asian,[0.26704838 0.42048039 0.25963668 0.05283456],0.0
341,SOLVPROBi_W41,RACE,Black,[0.37728919 0.44446081 0.14323629 0.03501371],0.013301846396005424
342,SOLVPROBi_W41,RACE,Hispanic,[0.34597032 0.47247583 0.12000212 0.06155173],0.016393773520858003
343,SOLVPROBi_W41,RACE,Other,[0.43404513 0.19751738 0.29864308 0.06979441],0.0
344,SOLVPROBi_W41,RACE,White,[0.21931681 0.57136893 0.16967936 0.0396349 ],0.01386653057727233
345,HAPPEN2b_W41,RACE,Asian,[0.26985618 0.42273979 0.2261848  0.08121923],0.0
346,HAPPEN2b_W41,RACE,Black,[0.17376037 0.50294492 0.27207769 0.05121702],0.008148699427336552
347,HAPPEN2b_W41,RACE,Hispanic,[0.23536728 0.53389778 0.20927828 0.02145666],0.006464737129890835
348,HAPPEN2b_W41,RACE,Other,[0.48195548 0.42155899 0.0669496  0.02953592],0.0
349,HAPPEN2b_W41,RACE,White,[0.20910439 0.44802084 0.30612823 0.03674654],0.0037920698686507966
350,HAPPEN2c_W41,RACE,Asian,[0.12797291 0.59522033 0.26063288 0.01617389],0.0
351,HAPPEN2c_W41,RACE,Black,[0.10699348 0.53427923 0.30413333 0.05459396],0.016038938812774173
352,HAPPEN2c_W41,RACE,Hispanic,[0.10262643 0.49016128 0.32829161 0.07892069],0.0027755488656418005
353,HAPPEN2c_W41,RACE,Other,[0.08514219 0.59376376 0.32109405 0.        ],0.0
354,HAPPEN2c_W41,RACE,White,[0.08256706 0.5024685  0.38094895 0.03401549],0.009562306442180948
355,INTRMAR_W41,RACE,Asian,[0.45981055 0.22605836 0.06857936 0.0424345  0.20311723],0.0
356,INTRMAR_W41,RACE,Black,[0.28303457 0.23845165 0.05903339 0.0257898  0.39369059],0.012159072250492429
357,INTRMAR_W41,RACE,Hispanic,[0.31080073 0.20900677 0.09935059 0.03296005 0.34788186],0.017886519046100963
358,INTRMAR_W41,RACE,Other,[0.13176139 0.09585564 0.21727968 0.02953592 0.52556737],0.0
359,INTRMAR_W41,RACE,White,[0.29723245 0.1802121  0.07022056 0.03509407 0.41724082],0.006668354228502921
360,FUTR_M_W41,RACE,Asian,[0.0452243  0.67227905 0.28249665],0.0
361,FUTR_M_W41,RACE,Black,[0.16660471 0.36784219 0.4655531 ],0.01947632987626874
362,FUTR_M_W41,RACE,Hispanic,[0.15669112 0.4694475  0.37386138],0.04614522896783333
363,FUTR_M_W41,RACE,Other,[0.09348254 0.55640647 0.35011099],0.0
364,FUTR_M_W41,RACE,White,[0.04865574 0.56056039 0.39078387],0.005323279124734485
365,SSMONEY_W41,RACE,Asian,[0.12493828 0.45284336 0.42221836],0.031381515217653116
366,SSMONEY_W41,RACE,Black,[0.23205487 0.46785205 0.30009308],0.00883972556057676
367,SSMONEY_W41,RACE,Hispanic,[0.27816182 0.40272295 0.31911523],0.03442087373927585
368,SSMONEY_W41,RACE,Other,[0.18652757 0.62153393 0.1919385 ],0.0
369,SSMONEY_W41,RACE,White,[0.12987887 0.40931481 0.46080632],0.004129868540235758
370,GOVPRIOoF2_W41,RACE,Asian,[0.58671027 0.40130159 0.01198813 0.        ],0.0
371,GOVPRIOoF2_W41,RACE,Black,[0.4318826  0.39367393 0.1170259  0.05741757],0.0
372,GOVPRIOoF2_W41,RACE,Hispanic,[0.7334263  0.14874345 0.06275772 0.05507253],0.0
373,GOVPRIOoF2_W41,RACE,Other,[0.20157995 0.68110791 0.         0.11731214],0.0
374,GOVPRIOoF2_W41,RACE,White,[0.46264235 0.26379314 0.19605465 0.07750986],0.005095384787841561
375,HAPPENiF2_W41,RACE,Asian,[0.5256444 0.4743556],0.12600063221127888
376,HAPPENiF2_W41,RACE,Black,[0.54181324 0.45818676],0.18789775974678163
377,HAPPENiF2_W41,RACE,Hispanic,[0.47903207 0.52096793],0.05553395680869706
378,HAPPENiF2_W41,RACE,Other,[0.06529912 0.93470088],0.0
379,HAPPENiF2_W41,RACE,White,[0.45126677 0.54873323],0.06934161827184454
380,HARASS1F1b_W41,RACE,Asian,[0.47336216 0.29701618 0.22962166],0.0
381,HARASS1F1b_W41,RACE,Black,[0.50958129 0.39336897 0.09704974],0.0021169934287762608
382,HARASS1F1b_W41,RACE,Hispanic,[0.67375548 0.18719457 0.13904995],0.029454015134477003
383,HARASS1F1b_W41,RACE,Other,[0.4521492  0.26099951 0.28685129],0.0
384,HARASS1F1b_W41,RACE,White,[0.48386063 0.37059471 0.14554466],0.006428227834928544
385,FUTRCLASSc_W41,RACE,Asian,[0.77593964 0.10713136 0.11692901],0.0
386,FUTRCLASSc_W41,RACE,Black,[0.51463093 0.23891508 0.24645399],0.0066506301754427925
387,FUTRCLASSc_W41,RACE,Hispanic,[0.62069047 0.27052221 0.10878732],0.0
388,FUTRCLASSc_W41,RACE,Other,[0.32115912 0.37442639 0.30441449],0.0
389,FUTRCLASSc_W41,RACE,White,[0.64704127 0.16061542 0.19234331],0.004170081147524471
390,LEGALIMG_W41,RACE,Asian,[0.41645082 0.44191587 0.14163331],0.0
391,LEGALIMG_W41,RACE,Black,[0.19527399 0.66053109 0.14419492],0.0090550886935304
392,LEGALIMG_W41,RACE,Hispanic,[0.31843687 0.45230275 0.22926039],0.004371938256126209
393,LEGALIMG_W41,RACE,Other,[0.08529329 0.52077886 0.39392785],0.0
394,LEGALIMG_W41,RACE,White,[0.27715775 0.48491808 0.23792417],0.011375795621329482
395,HARASS4_W41,RACE,Asian,[0.43784639 0.56215361],0.0
396,HARASS4_W41,RACE,Black,[0.56771149 0.43228851],0.010356940135782308
397,HARASS4_W41,RACE,Hispanic,[0.49940048 0.50059952],0.03323029739679
398,HARASS4_W41,RACE,Other,[0.48595115 0.51404885],0.0
399,HARASS4_W41,RACE,White,[0.50154457 0.49845543],0.002734975898774042
400,ETHNCMAJMOD_W41,RACE,Asian,[0.2771075  0.24657822 0.03895564 0.11840023 0.3189584 ],0.0
401,ETHNCMAJMOD_W41,RACE,Black,[0.32497701 0.22428816 0.07831165 0.05019259 0.32223059],0.005079060788572497
402,ETHNCMAJMOD_W41,RACE,Hispanic,[0.27319871 0.25984449 0.07651307 0.06391232 0.32653141],0.004371938256126209
403,ETHNCMAJMOD_W41,RACE,Other,[0.05535633 0.09111092 0.39292835 0.03219358 0.42841082],0.08255237354510354
404,ETHNCMAJMOD_W41,RACE,White,[0.11871043 0.16786095 0.17728354 0.08246309 0.45368199],0.00592918809048683
405,SOLVPROBf_W41,RACE,Asian,[0.17316721 0.43174653 0.17478708 0.22029918],0.0
406,SOLVPROBf_W41,RACE,Black,[0.14552088 0.41705654 0.30214909 0.13527349],0.012865583631231418
407,SOLVPROBf_W41,RACE,Hispanic,[0.21619585 0.31676304 0.33140613 0.13563498],0.0206131710896802
408,SOLVPROBf_W41,RACE,Other,[0.3342502  0.24387996 0.09752602 0.32434382],0.0
409,SOLVPROBf_W41,RACE,White,[0.09290403 0.29522167 0.32105132 0.29082298],0.014512031420857437
410,HAPPENc_W41,RACE,Asian,[0.6089647 0.3910353],0.12326607644905677
411,HAPPENc_W41,RACE,Black,[0.48641003 0.51358997],0.13631314754618837
412,HAPPENc_W41,RACE,Hispanic,[0.55261583 0.44738417],0.13741471865383575
413,HAPPENc_W41,RACE,Other,[0.41459003 0.58540997],0.12539155989417336
414,HAPPENc_W41,RACE,White,[0.57277821 0.42722179],0.07450157501065659
415,FTRWORRYa_W41,RACE,Asian,[0.31132674 0.53099889 0.1492381  0.00843626],0.0
416,FTRWORRYa_W41,RACE,Black,[0.30669304 0.40933223 0.21848868 0.06548605],0.0010245100821793438
417,FTRWORRYa_W41,RACE,Hispanic,[0.35389922 0.39181372 0.18477746 0.0695096 ],0.03173755187154704
418,FTRWORRYa_W41,RACE,Other,[0.51745875 0.1521653  0.33037595 0.        ],0.0
419,FTRWORRYa_W41,RACE,White,[0.26680711 0.47198476 0.23820201 0.02300612],0.0038171050813072638
420,HAPPEN2d_W41,RACE,Asian,[0.19470124 0.38156457 0.38516236 0.03857184],0.0
421,HAPPEN2d_W41,RACE,Black,[0.11552737 0.37086707 0.37923003 0.13437552],0.004013692313154924
422,HAPPEN2d_W41,RACE,Hispanic,[0.12790659 0.34780683 0.45056822 0.07371836],0.01345968356435483
423,HAPPEN2d_W41,RACE,Other,[0.14969966 0.71591467 0.09391957 0.04046609],0.0
424,HAPPEN2d_W41,RACE,White,[0.12958138 0.42192108 0.37793763 0.07055991],0.00961387072747217
425,POPPROB_W41,RACE,Asian,[0.49119946 0.28439401 0.22440653],0.0
426,POPPROB_W41,RACE,Black,[0.36649395 0.3792202  0.25428585],0.0
427,POPPROB_W41,RACE,Hispanic,[0.56753367 0.26198816 0.17047817],0.004219397568822196
428,POPPROB_W41,RACE,Other,[0.58996908 0.2771671  0.13286383],0.0
429,POPPROB_W41,RACE,White,[0.44861051 0.37696013 0.17442936],0.00473234775468631
430,GOVPRIOc_W41,RACE,Asian,[0.68242741 0.14744372 0.15013018 0.01999869],0.0
431,GOVPRIOc_W41,RACE,Black,[0.78228455 0.15025236 0.06378949 0.0036736 ],0.0
432,GOVPRIOc_W41,RACE,Hispanic,[0.75812588 0.19930806 0.03759638 0.00496968],0.0
433,GOVPRIOc_W41,RACE,Other,[0.73801982 0.16605553 0.08499448 0.01093017],0.0
434,GOVPRIOc_W41,RACE,White,[0.66015188 0.21552164 0.06757187 0.05675461],0.0022012189186479797
435,GOVPRIOgF1_W41,RACE,Asian,[0.33347594 0.37941553 0.25328395 0.03382458],0.0
436,GOVPRIOgF1_W41,RACE,Black,[0.35814098 0.32498312 0.19208077 0.12479512],0.0021878246990317753
437,GOVPRIOgF1_W41,RACE,Hispanic,[0.22853619 0.26906108 0.31550635 0.18689638],0.0
438,GOVPRIOgF1_W41,RACE,Other,[0.61248418 0.31557855 0.07193728 0.        ],0.0
439,GOVPRIOgF1_W41,RACE,White,[0.39834088 0.28090806 0.23104632 0.08970473],0.002903918151279113
440,HARASS3NOWRKF2_W41,RACE,Asian,[0.1607255  0.36797209 0.47130241],0.0
441,HARASS3NOWRKF2_W41,RACE,Black,[0.12522745 0.52901333 0.34575922],0.005860942261235745
442,HARASS3NOWRKF2_W41,RACE,Hispanic,[0.23807103 0.52201329 0.23991567],0.04605693722745121
443,HARASS3NOWRKF2_W41,RACE,Other,[0.174522 0.559852 0.265626],0.0
444,HARASS3NOWRKF2_W41,RACE,White,[0.11653183 0.56969006 0.31377811],0.004458547386164156
445,HARASS1NOWRKF2a_W41,RACE,Asian,[0.38081203 0.60323606 0.01595191],0.0
446,HARASS1NOWRKF2a_W41,RACE,Black,[0.53575401 0.41123607 0.05300992],0.0
447,HARASS1NOWRKF2a_W41,RACE,Hispanic,[0.61274455 0.32134076 0.06591468],0.0
448,HARASS1NOWRKF2a_W41,RACE,Other,[0.45854965 0.35087069 0.19057966],0.0
449,HARASS1NOWRKF2a_W41,RACE,White,[0.47345853 0.42476172 0.10177975],0.0031381892032937265
