,qkey,attribute,group,D_H,R_H
0,WORRYRET_W29,Overall,Overall,[0.30154575 0.31993394 0.24200621 0.13651411],0.004153947123417579
1,BOYSF1B_W29,Overall,Overall,[0.10894839 0.59649871 0.29455291],0.010252804165589538
2,TRANSGEND2_W29,Overall,Overall,[0.36602247 0.63397753],0.005409655645633848
3,MAN1E_W29,Overall,Overall,[0.40544044 0.45094366 0.10662415 0.03699175],0.004202977344111284
4,MESUM2_FC_W29,Overall,Overall,[0.44734597 0.55265403],0.01887365887885075
5,HELPHURTC_W29,Overall,Overall,[0.30210474 0.10630783 0.59158743],0.008815456709883167
6,MESUM1_FF_W29,Overall,Overall,[0.64902573 0.35097427],0.010372561510308975
7,MESUM2_FE_W29,Overall,Overall,[0.56526628 0.43473372],0.02859065585571013
8,MESUM2_FA_W29,Overall,Overall,[0.5943124 0.4056876],0.01585534584040092
9,MESUM1_FD_W29,Overall,Overall,[0.4396899 0.5603101],0.014421730572076607
10,MASC1F1_W29,Overall,Overall,[0.53319431 0.07900325 0.38780244],0.006970005369448216
11,TRAITSB_W29,Overall,Overall,[0.14242025 0.61869988 0.2014307  0.03744917],0.008840961025585355
12,BOYSF1C_W29,Overall,Overall,[0.13935432 0.39517503 0.46547065],0.01101433551088704
13,BLOODPR_W29,Overall,Overall,[0.35839677 0.64160323],0.001992848564299503
14,MAN1C_W29,Overall,Overall,[0.09739431 0.36135084 0.35428115 0.1869737 ],0.0033436018606122072
15,FEM2AF2_W29,Overall,Overall,[0.83421511 0.16578489],0.018587749045698643
16,DIFF1B_W29,Overall,Overall,[0.23847558 0.76152442],0.009140801584571794
17,DIFF1A_W29,Overall,Overall,[0.31397947 0.68602053],0.007121116686626647
18,FEM2_W29,Overall,Overall,[0.31565029 0.53910712 0.12448668 0.02075591],0.0026441331116469685
19,HELPHURTE_W29,Overall,Overall,[0.23924097 0.18539291 0.57536612],0.00836064943899464
20,PARTICIPATEC_W29,Overall,Overall,[0.12961936 0.87038064],0.005940332327159233
21,S13_W29,Overall,Overall,[0.30760911 0.35929279 0.18744789 0.0522803  0.06233603 0.03103387],0.0028962354159380553
22,GIRLSF2D_W29,Overall,Overall,[0.07373837 0.41725072 0.50901091],0.008357559009203253
23,BOYSF1A_W29,Overall,Overall,[0.14630019 0.4135211  0.44017871],0.012096626229180217
24,HELPHURTA_W29,Overall,Overall,[0.14695873 0.21956523 0.63347604],0.01162714810532219
25,MAN1B_W29,Overall,Overall,[0.11045409 0.29315402 0.34061115 0.25578074],0.0059082182594359526
26,S12_W29,Overall,Overall,[0.55506148 0.22023593 0.09315536 0.02911338 0.04263539 0.05979847],0.0022308173214109508
27,HELPHURTB_W29,Overall,Overall,[0.30308834 0.05236122 0.64455043],0.007367436999014142
28,TRAITSD_W29,Overall,Overall,[0.26266868 0.50777573 0.19159321 0.03796238],0.007624153130443515
29,PARTICIPATEB_W29,Overall,Overall,[0.08775985 0.91224015],0.009213138916941359
30,MESUM1_FA_W29,Overall,Overall,[0.79059119 0.20940881],0.011583579791884206
31,TRAITSF_W29,Overall,Overall,[0.35503624 0.48120665 0.13904944 0.02470768],0.007656100642808806
32,NOWSMK_NHIS_W29,Overall,Overall,[0.32371319 0.13532207 0.54096474],0.0007944747002428268
33,SEENMASC_W29,Overall,Overall,[0.09213873 0.35467639 0.37512285 0.17806203],0.00664698105159963
34,MASC2_W29,Overall,Overall,[0.31056647 0.53727006 0.1400056  0.01215786],0.00536090721087442
35,HOOD_NHISB_W29,Overall,Overall,[0.29079075 0.47898718 0.1450128  0.08520926],0.00638613485347774
36,FAVORS_CPS_W29,Overall,Overall,[0.02381209 0.10334874 0.18648898 0.11067958 0.26372963 0.31194099],0.003958493340568543
37,HOOD_NHISA_W29,Overall,Overall,[0.34725554 0.40445156 0.14548204 0.10281086],0.003934716695455416
38,S7_W29,Overall,Overall,[0.13763879 0.86236121],0.003291607190792522
39,MAN1A_W29,Overall,Overall,[0.27557652 0.43362341 0.25669976 0.03410031],0.002971659087744828
40,DIFF1C_W29,Overall,Overall,[0.34646287 0.65353713],0.007558980747647069
41,TRAITSC_W29,Overall,Overall,[0.37147988 0.45655308 0.14612997 0.02583707],0.0070503560549159
42,LOCALELECT_W29,Overall,Overall,[0.3321207  0.28046255 0.14344506 0.24397169],0.006433570042171681
43,BOYSF1D_W29,Overall,Overall,[0.06536351 0.52109743 0.41353906],0.0091288365415733
44,MESUM2_FB_W29,Overall,Overall,[0.760816 0.239184],0.013841515174729507
45,MESUM1_FC_W29,Overall,Overall,[0.7715092 0.2284908],0.009822922145508915
46,PARTICIPATEA_W29,Overall,Overall,[0.14417001 0.85582999],0.0049378912465631196
47,GIRLSF2B_W29,Overall,Overall,[0.11000785 0.36517382 0.52481832],0.01180021681039205
48,SEENFEM_W29,Overall,Overall,[0.18120757 0.33544558 0.32205407 0.16129277],0.0014042304480222966
49,GOPDIRCT_W29,Overall,Overall,[0.12527576 0.47664954 0.298509   0.09956569],0.01561294466464345
50,DEMDIRCT_W29,Overall,Overall,[0.13522705 0.51421593 0.2860529  0.06450412],0.0073556876642386975
51,SPOUSESEX_W29,Overall,Overall,[0.95422861 0.04577139],0.003351778764299547
52,FEM1F2_W29,Overall,Overall,[0.30838766 0.11129517 0.58031716],0.0030435802254061436
53,MAN1D_W29,Overall,Overall,[0.14719654 0.42222847 0.31073519 0.1198398 ],0.0032418162251705005
54,TRAITSA_W29,Overall,Overall,[0.43279776 0.51778433 0.04190155 0.00751636],0.0062639963362850016
55,GIRLSF2C_W29,Overall,Overall,[0.0642967  0.53058538 0.40511792],0.008307442141339778
56,TRAITSE_W29,Overall,Overall,[0.16859586 0.53003368 0.24135129 0.06001916],0.004882716113274857
57,MESUM2_FF_W29,Overall,Overall,[0.31314863 0.68685137],0.02164486485791066
58,MESUM1_FE_W29,Overall,Overall,[0.57790955 0.42209045],0.014242235947358793
59,PERSDISCR_W29,Overall,Overall,[0.31146218 0.68853782],0.0029844842176435004
60,GIRLSF2A_W29,Overall,Overall,[0.09057266 0.52584902 0.38357832],0.008337818121719902
61,MASC2AF1_W29,Overall,Overall,[0.61949255 0.38050745],0.02440786935402311
62,DIFF1D_W29,Overall,Overall,[0.12364367 0.87635633],0.00943593982050865
63,HELPHURTF_W29,Overall,Overall,[0.10091594 0.20949395 0.68959011],0.010769991814905271
64,TRANSGEND1_W29,Overall,Overall,[0.55150303 0.44849697],0.018914511314934684
65,TALK_CPS_W29,Overall,Overall,[0.11488844 0.31927095 0.25915678 0.07845834 0.14524691 0.08297858],0.0032204309641454217
66,HELPHURTD_W29,Overall,Overall,[0.06545091 0.31258265 0.62196644],0.01303632306608331
67,HELPHURTG_W29,Overall,Overall,[0.23596313 0.0520776  0.71195927],0.011458030644288263
68,MESUM2_FD_W29,Overall,Overall,[0.41823674 0.58176326],0.024756426218622764
69,WORRYBILL_W29,Overall,Overall,[0.21854128 0.27902392 0.27469551 0.22773929],0.005137055344792673
70,FEM2BF2_W29,Overall,Overall,[0.03413696 0.96586304],0.0
71,DIFF1E_W29,Overall,Overall,[0.63298924 0.36701076],0.008107550201702706
72,TRANSGEND3_W29,Overall,Overall,[0.33156853 0.39097708 0.27745439],0.020059993630604372
73,MESUM1_FB_W29,Overall,Overall,[0.8731033 0.1268967],0.007331190522644124
74,HOOD_NHISC_W29,Overall,Overall,[0.13773479 0.41419026 0.2766846  0.17139036],0.007243144499042747
75,MASC2BF1_W29,Overall,Overall,[0.07249309 0.92750691],0.0034144062187733376
76,GOODJOBS_W29,Overall,Overall,[0.38164369 0.61835631],0.011288911379080667
0,WORRYRET_W29,CREGION,Midwest,[0.27135083 0.33204824 0.25444334 0.14215759],0.0010849397399665193
1,WORRYRET_W29,CREGION,Northeast,[0.30061485 0.31027927 0.25495245 0.13415343],0.011232082749132634
2,WORRYRET_W29,CREGION,South,[0.31595648 0.31700496 0.2331795  0.13385907],0.004785360387852634
3,WORRYRET_W29,CREGION,West,[0.3058434  0.32115461 0.23545046 0.13755153],0.00048536231319346604
4,BOYSF1B_W29,CREGION,Midwest,[0.11068702 0.61816648 0.2711465 ],0.004936220639500478
5,BOYSF1B_W29,CREGION,Northeast,[0.11310229 0.56771747 0.31918024],0.011023084591206095
6,BOYSF1B_W29,CREGION,South,[0.0905926  0.61741183 0.29199557],0.016263573252757523
7,BOYSF1B_W29,CREGION,West,[0.13323254 0.56566181 0.30110565],0.004863423469871146
8,TRANSGEND2_W29,CREGION,Midwest,[0.35698368 0.64301632],0.009267985348824793
9,TRANSGEND2_W29,CREGION,Northeast,[0.37793169 0.62206831],0.004371788368616579
10,TRANSGEND2_W29,CREGION,South,[0.35874599 0.64125401],0.0069325773991658875
11,TRANSGEND2_W29,CREGION,West,[0.37662077 0.62337923],0.00032162107494296
12,MAN1E_W29,CREGION,Midwest,[0.34944204 0.48357587 0.10633571 0.06064638],0.006492259726494298
13,MAN1E_W29,CREGION,Northeast,[0.45491749 0.4371917  0.09102375 0.01686706],0.005570868593196437
14,MAN1E_W29,CREGION,South,[0.40092819 0.45474166 0.10804628 0.03628388],0.0012455471765315889
15,MAN1E_W29,CREGION,West,[0.42396125 0.4282164  0.11559135 0.032231  ],0.005424039128943234
16,MESUM2_FC_W29,CREGION,Midwest,[0.45537332 0.54462668],0.013637217223650041
17,MESUM2_FC_W29,CREGION,Northeast,[0.39519103 0.60480897],0.017004337364399682
18,MESUM2_FC_W29,CREGION,South,[0.44255371 0.55744629],0.021187449948809448
19,MESUM2_FC_W29,CREGION,West,[0.4871812 0.5128188],0.020856265779685752
20,HELPHURTC_W29,CREGION,Midwest,[0.28701247 0.09937549 0.61361204],0.007943754022382375
21,HELPHURTC_W29,CREGION,Northeast,[0.33996779 0.086238   0.57379421],0.004334347443336123
22,HELPHURTC_W29,CREGION,South,[0.27248064 0.12630135 0.60121801],0.009683155142971049
23,HELPHURTC_W29,CREGION,West,[0.33133797 0.09590887 0.57275315],0.01152094855146387
24,MESUM1_FF_W29,CREGION,Midwest,[0.56535407 0.43464593],0.0005777516092341882
25,MESUM1_FF_W29,CREGION,Northeast,[0.70720012 0.29279988],0.022035034872136976
26,MESUM1_FF_W29,CREGION,South,[0.64588292 0.35411708],0.005978997805000243
27,MESUM1_FF_W29,CREGION,West,[0.68112092 0.31887908],0.016814879811653888
28,MESUM2_FE_W29,CREGION,Midwest,[0.53263779 0.46736221],0.03706713247470731
29,MESUM2_FE_W29,CREGION,Northeast,[0.68386405 0.31613595],0.013799340764430252
30,MESUM2_FE_W29,CREGION,South,[0.51648826 0.48351174],0.03275913643615837
31,MESUM2_FE_W29,CREGION,West,[0.58035672 0.41964328],0.025911184277656582
32,MESUM2_FA_W29,CREGION,Midwest,[0.56262017 0.43737983],0.007059362416409532
33,MESUM2_FA_W29,CREGION,Northeast,[0.64721886 0.35278114],0.013474724744634145
34,MESUM2_FA_W29,CREGION,South,[0.5489201 0.4510799],0.018154597090212277
35,MESUM2_FA_W29,CREGION,West,[0.65413865 0.34586135],0.021165289530007944
36,MESUM1_FD_W29,CREGION,Midwest,[0.4430868 0.5569132],0.010760853043092737
37,MESUM1_FD_W29,CREGION,Northeast,[0.43147023 0.56852977],0.01911791673412451
38,MESUM1_FD_W29,CREGION,South,[0.43548296 0.56451704],0.004540489494904167
39,MESUM1_FD_W29,CREGION,West,[0.44991623 0.55008377],0.029776108349491456
40,MASC1F1_W29,CREGION,Midwest,[0.52151726 0.07432387 0.40415887],0.003026541403559861
41,MASC1F1_W29,CREGION,Northeast,[0.50351537 0.10401106 0.39247357],0.01468589550610775
42,MASC1F1_W29,CREGION,South,[0.56894585 0.06897987 0.36207429],0.0043062789986967765
43,MASC1F1_W29,CREGION,West,[0.50886236 0.08042586 0.41071178],0.008916349468676811
44,TRAITSB_W29,CREGION,Midwest,[0.12526732 0.60550482 0.23823514 0.03099272],0.002463729674178509
45,TRAITSB_W29,CREGION,Northeast,[0.13394669 0.64230676 0.19078646 0.0329601 ],0.005044435573518224
46,TRAITSB_W29,CREGION,South,[0.15978091 0.61993184 0.18170528 0.03858197],0.013854129615873288
47,TRAITSB_W29,CREGION,West,[0.13630983 0.61050948 0.208369   0.04481169],0.009286886440803102
48,BOYSF1C_W29,CREGION,Midwest,[0.16186986 0.39974887 0.43838127],0.00427545249294851
49,BOYSF1C_W29,CREGION,Northeast,[0.15986861 0.2878541  0.55227729],0.012310965985351675
50,BOYSF1C_W29,CREGION,South,[0.12392907 0.42993769 0.44613324],0.019289459262021927
51,BOYSF1C_W29,CREGION,West,[0.12782661 0.41731428 0.45485911],0.002890622707601184
52,BLOODPR_W29,CREGION,Midwest,[0.38193907 0.61806093],0.0012516588282149202
53,BLOODPR_W29,CREGION,Northeast,[0.31340434 0.68659566],0.0023569092960170485
54,BLOODPR_W29,CREGION,South,[0.38833812 0.61166188],0.001854494647422722
55,BLOODPR_W29,CREGION,West,[0.3233204 0.6766796],0.002596619611149732
56,MAN1C_W29,CREGION,Midwest,[0.10419182 0.3294582  0.36126404 0.20508594],0.0034356990816768094
57,MAN1C_W29,CREGION,Northeast,[0.10681947 0.40705503 0.33942431 0.1467012 ],0.005969669883105003
58,MAN1C_W29,CREGION,South,[0.09724748 0.31846719 0.36712764 0.21715769],0.0038789491684323957
59,MAN1C_W29,CREGION,West,[0.08557313 0.41500518 0.3411201  0.15830159],0.0007358054781404722
60,FEM2AF2_W29,CREGION,Midwest,[0.76548002 0.23451998],0.008333144583991706
61,FEM2AF2_W29,CREGION,Northeast,[0.79147231 0.20852769],0.07461623560541698
62,FEM2AF2_W29,CREGION,South,[0.86259359 0.13740641],0.005084848470997304
63,FEM2AF2_W29,CREGION,West,[0.86910615 0.13089385],0.007342512478255861
64,DIFF1B_W29,CREGION,Midwest,[0.23714017 0.76285983],0.002207322808764565
65,DIFF1B_W29,CREGION,Northeast,[0.23634508 0.76365492],0.015402902559236896
66,DIFF1B_W29,CREGION,South,[0.23090042 0.76909958],0.011430372910950164
67,DIFF1B_W29,CREGION,West,[0.25342823 0.74657177],0.006841472741315767
68,DIFF1A_W29,CREGION,Midwest,[0.25360038 0.74639962],0.0016793725139085008
69,DIFF1A_W29,CREGION,Northeast,[0.35692395 0.64307605],0.005552422623194492
70,DIFF1A_W29,CREGION,South,[0.30269677 0.69730323],0.014499083534813325
71,DIFF1A_W29,CREGION,West,[0.35297845 0.64702155],0.0012337626540212382
72,FEM2_W29,CREGION,Midwest,[0.31978834 0.55208305 0.10829434 0.01983427],0.002686289082385653
73,FEM2_W29,CREGION,Northeast,[0.33749477 0.50348325 0.15040867 0.00861331],0.001016076606453617
74,FEM2_W29,CREGION,South,[0.30527474 0.55505196 0.11618096 0.02349234],0.004453466058860025
75,FEM2_W29,CREGION,West,[0.31283991 0.52675082 0.13370676 0.0267025 ],0.0005600096036716415
76,HELPHURTE_W29,CREGION,Midwest,[0.23550017 0.19892912 0.56557071],0.007885118889400194
77,HELPHURTE_W29,CREGION,Northeast,[0.27895616 0.22138315 0.49966069],0.0047176630647667315
78,HELPHURTE_W29,CREGION,South,[0.20183091 0.17748202 0.62068707],0.006833254370679833
79,HELPHURTE_W29,CREGION,West,[0.27047511 0.1597686  0.56975629],0.01383771283911661
80,PARTICIPATEC_W29,CREGION,Midwest,[0.1137692 0.8862308],0.006499576387365493
81,PARTICIPATEC_W29,CREGION,Northeast,[0.16973534 0.83026466],0.0037493072846343637
82,PARTICIPATEC_W29,CREGION,South,[0.12135223 0.87864777],0.005665325234591807
83,PARTICIPATEC_W29,CREGION,West,[0.12648866 0.87351134],0.007550528767548016
84,S13_W29,CREGION,Midwest,[0.3010577  0.35696539 0.21196247 0.0504733  0.04889698 0.03064416],0.006200801733226188
85,S13_W29,CREGION,Northeast,[0.32624036 0.36706828 0.17568675 0.06368599 0.04379891 0.02351972],0.0021102795826975075
86,S13_W29,CREGION,South,[0.32934487 0.36414314 0.17653735 0.04853185 0.05896385 0.02247894],0.0031997020712029203
87,S13_W29,CREGION,West,[0.26432578 0.34765718 0.19230376 0.05126336 0.09362887 0.05082106],7.46460449786463e-05
88,GIRLSF2D_W29,CREGION,Midwest,[0.10553536 0.44176136 0.45270328],0.011672526856297442
89,GIRLSF2D_W29,CREGION,Northeast,[0.06463443 0.41493578 0.52042979],0.004270863103902573
90,GIRLSF2D_W29,CREGION,South,[0.05059747 0.4273893  0.52201323],0.0068532479058988766
91,GIRLSF2D_W29,CREGION,West,[0.09091093 0.38116045 0.52792863],0.011018308127517524
92,BOYSF1A_W29,CREGION,Midwest,[0.18264411 0.37949449 0.4378614 ],0.003340448597703334
93,BOYSF1A_W29,CREGION,Northeast,[0.16217702 0.34535821 0.49246478],0.012377321060784829
94,BOYSF1A_W29,CREGION,South,[0.13173873 0.49124182 0.37701944],0.021813431366575046
95,BOYSF1A_W29,CREGION,West,[0.12431936 0.37372525 0.50195538],0.004264265870439283
96,HELPHURTA_W29,CREGION,Midwest,[0.12641888 0.18080265 0.69277847],0.007885118889400194
97,HELPHURTA_W29,CREGION,Northeast,[0.18454741 0.1977885  0.61766409],0.010288151833508794
98,HELPHURTA_W29,CREGION,South,[0.10171614 0.25460407 0.6436798 ],0.01254604461567721
99,HELPHURTA_W29,CREGION,West,[0.20506313 0.21220374 0.58273313],0.014145094211386345
100,MAN1B_W29,CREGION,Midwest,[0.07830692 0.27667824 0.34431296 0.30070188],0.004416041349884104
101,MAN1B_W29,CREGION,Northeast,[0.12395735 0.2938687  0.37356412 0.20860983],0.007219505221653579
102,MAN1B_W29,CREGION,South,[0.11669038 0.25493502 0.33836142 0.29001319],0.0007271246968266079
103,MAN1B_W29,CREGION,West,[0.11929283 0.35938576 0.31793329 0.20338812],0.013335742382935398
104,S12_W29,CREGION,Midwest,[0.57919394 0.22612864 0.07486385 0.01204426 0.04108548 0.06668384],0.002161907857770266
105,S12_W29,CREGION,Northeast,[0.51694554 0.26918009 0.0945886  0.02182112 0.03690503 0.06055962],0.004341639233890736
106,S12_W29,CREGION,South,[0.59068749 0.19145554 0.08385257 0.04417748 0.03726578 0.05256114],0.001694615466947675
107,S12_W29,CREGION,West,[0.50305145 0.22659922 0.12353471 0.02438352 0.05717486 0.06525624],0.0016107043614581214
108,HELPHURTB_W29,CREGION,Midwest,[0.26511789 0.03642077 0.69846134],0.007989418939207031
109,HELPHURTB_W29,CREGION,Northeast,[0.37100901 0.0503885  0.57860249],0.00766626842397565
110,HELPHURTB_W29,CREGION,South,[0.26720666 0.05188215 0.68091119],0.004227760408071544
111,HELPHURTB_W29,CREGION,West,[0.33778792 0.06714945 0.59506264],0.01152094855146387
112,TRAITSD_W29,CREGION,Midwest,[0.19849507 0.55075586 0.20901784 0.04173123],0.0017096927305577743
113,TRAITSD_W29,CREGION,Northeast,[0.27200218 0.50187364 0.18509584 0.04102834],0.016645501545684394
114,TRAITSD_W29,CREGION,South,[0.27884236 0.51138182 0.18300778 0.02676804],0.010035119663499768
115,TRAITSD_W29,CREGION,West,[0.28670394 0.46831435 0.19474066 0.05024105],0.002132694428047891
116,PARTICIPATEB_W29,CREGION,Midwest,[0.09441968 0.90558032],0.009244778372535357
117,PARTICIPATEB_W29,CREGION,Northeast,[0.11200314 0.88799686],0.008324561153920359
118,PARTICIPATEB_W29,CREGION,South,[0.07780644 0.92219356],0.010800417948107802
119,PARTICIPATEB_W29,CREGION,West,[0.07949345 0.92050655],0.007299137871970029
120,MESUM1_FA_W29,CREGION,Midwest,[0.80030993 0.19969007],0.00840286100697528
121,MESUM1_FA_W29,CREGION,Northeast,[0.78643544 0.21356456],0.01914349966261969
122,MESUM1_FA_W29,CREGION,South,[0.80716535 0.19283465],0.007654829663831744
123,MESUM1_FA_W29,CREGION,West,[0.75887742 0.24112258],0.01488686814150655
124,TRAITSF_W29,CREGION,Midwest,[0.34317662 0.48947225 0.13660081 0.03075032],0.005262556583328999
125,TRAITSF_W29,CREGION,Northeast,[0.39261526 0.45974448 0.12423919 0.02340106],0.006614094546219404
126,TRAITSF_W29,CREGION,South,[0.36498029 0.46570751 0.14512778 0.02418442],0.011048688275494515
127,TRAITSF_W29,CREGION,West,[0.32113562 0.51498927 0.1426927  0.02118241],0.005095879612046161
128,NOWSMK_NHIS_W29,CREGION,Midwest,[0.33002668 0.1390675  0.53090583],0.0021533840273920213
129,NOWSMK_NHIS_W29,CREGION,Northeast,[0.27328319 0.14956517 0.57715164],0.0013697720206158831
130,NOWSMK_NHIS_W29,CREGION,South,[0.34333485 0.15769442 0.49897073],0.00023215155892468675
131,NOWSMK_NHIS_W29,CREGION,West,[0.32049419 0.08110813 0.59839768],0.0
132,SEENMASC_W29,CREGION,Midwest,[0.05325204 0.34167223 0.35758128 0.24749445],0.0022002253804266634
133,SEENMASC_W29,CREGION,Northeast,[0.1133944  0.34292271 0.40664792 0.13703497],0.004044719485658939
134,SEENMASC_W29,CREGION,South,[0.11054301 0.36619356 0.36330435 0.15995908],0.013890288758548317
135,SEENMASC_W29,CREGION,West,[0.0848237  0.35787047 0.38404804 0.1732578 ],0.0021858007270568725
136,MASC2_W29,CREGION,Midwest,[0.25832126 0.53276909 0.18948904 0.01942061],0.006216325960054779
137,MASC2_W29,CREGION,Northeast,[0.28250579 0.57423399 0.12581963 0.01744058],0.01562850655933435
138,MASC2_W29,CREGION,South,[0.372885   0.49894494 0.11701003 0.01116004],0.0028849109282712035
139,MASC2_W29,CREGION,West,[0.28727617 0.56839037 0.14034521 0.00398825],0.0010110585814686306
140,HOOD_NHISB_W29,CREGION,Midwest,[0.3392301  0.42798207 0.14768693 0.0851009 ],0.0022190702774392153
141,HOOD_NHISB_W29,CREGION,Northeast,[0.28868723 0.48509878 0.15411985 0.07209414],0.0040658893156377725
142,HOOD_NHISB_W29,CREGION,South,[0.28321963 0.48681102 0.13727956 0.09268979],0.007393521256101894
143,HOOD_NHISB_W29,CREGION,West,[0.26137043 0.50723118 0.14818024 0.08321815],0.01021432853320792
144,FAVORS_CPS_W29,CREGION,Midwest,[0.01936786 0.09167412 0.21679613 0.13230816 0.26753309 0.27232064],0.0012818561406751185
145,FAVORS_CPS_W29,CREGION,Northeast,[0.02372672 0.10518485 0.17197024 0.11811516 0.27714008 0.30386295],0.009198074290636257
146,FAVORS_CPS_W29,CREGION,South,[0.03142525 0.11349999 0.17750084 0.10495292 0.25612332 0.31649769],0.005187895456550496
147,FAVORS_CPS_W29,CREGION,West,[0.01559109 0.09601049 0.18500056 0.09513111 0.26248707 0.34577969],0.0003725455986344135
148,HOOD_NHISA_W29,CREGION,Midwest,[0.37433922 0.38189028 0.14016943 0.10360107],0.002122947059240895
149,HOOD_NHISA_W29,CREGION,Northeast,[0.33370898 0.4189159  0.14846459 0.09891053],0.0036886417606378764
150,HOOD_NHISA_W29,CREGION,South,[0.36359559 0.38659293 0.14095814 0.10885334],0.0039109486489526165
151,HOOD_NHISA_W29,CREGION,West,[0.30706187 0.44237903 0.15524981 0.09530929],0.005765270618358989
152,S7_W29,CREGION,Midwest,[0.14836756 0.85163244],0.0017028750525610625
153,S7_W29,CREGION,Northeast,[0.15338666 0.84661334],0.0025247913530070704
154,S7_W29,CREGION,South,[0.12668034 0.87331966],0.0022085578027400544
155,S7_W29,CREGION,West,[0.13383935 0.86616065],0.007028064452596496
156,MAN1A_W29,CREGION,Midwest,[0.21317931 0.46564037 0.2917773  0.02940301],0.0034672057810512733
157,MAN1A_W29,CREGION,Northeast,[0.29127737 0.47108296 0.21092746 0.02671221],0.005570868593196437
158,MAN1A_W29,CREGION,South,[0.29500205 0.40391702 0.24764236 0.05343857],0.002792162372271905
159,MAN1A_W29,CREGION,West,[0.28973495 0.42229881 0.27138644 0.0165798 ],0.0010276912764754184
160,DIFF1C_W29,CREGION,Midwest,[0.344577 0.655423],0.0034807747708625486
161,DIFF1C_W29,CREGION,Northeast,[0.33849167 0.66150833],0.012873792005972206
162,DIFF1C_W29,CREGION,South,[0.32690457 0.67309543],0.008585822736578274
163,DIFF1C_W29,CREGION,West,[0.38558665 0.61441335],0.005484690114484652
164,TRAITSC_W29,CREGION,Midwest,[0.36384087 0.47598076 0.14531272 0.01486565],0.005685953814671327
165,TRAITSC_W29,CREGION,Northeast,[0.39637301 0.4346568  0.15306523 0.01590496],0.011778508570912333
166,TRAITSC_W29,CREGION,South,[0.36808438 0.45013278 0.14551393 0.03626891],0.007057427515594898
167,TRAITSC_W29,CREGION,West,[0.3649555  0.46617771 0.14262082 0.02624598],0.004661012553306732
168,LOCALELECT_W29,CREGION,Midwest,[0.37415964 0.28728593 0.1414802  0.19707423],0.0038470103004073887
169,LOCALELECT_W29,CREGION,Northeast,[0.31334597 0.27679527 0.16839836 0.2414604 ],0.005311164898619428
170,LOCALELECT_W29,CREGION,South,[0.31542102 0.29299495 0.14704937 0.24453465],0.008738506408038168
171,LOCALELECT_W29,CREGION,West,[0.33589958 0.25703268 0.12045196 0.28661578],0.005859636016631644
172,BOYSF1D_W29,CREGION,Midwest,[0.06436403 0.51243044 0.42320553],0.0047163922764860864
173,BOYSF1D_W29,CREGION,Northeast,[0.07757481 0.48715549 0.4352697 ],0.008915173339957547
174,BOYSF1D_W29,CREGION,South,[0.0515832  0.56146533 0.38695147],0.015811680563061283
175,BOYSF1D_W29,CREGION,West,[0.07875902 0.49092316 0.43031783],0.0025976918832497403
176,MESUM2_FB_W29,CREGION,Midwest,[0.79689199 0.20310801],0.007905281499378062
177,MESUM2_FB_W29,CREGION,Northeast,[0.77036886 0.22963114],0.004439009030925859
178,MESUM2_FB_W29,CREGION,South,[0.75392601 0.24607399],0.014250789996570833
179,MESUM2_FB_W29,CREGION,West,[0.73457723 0.26542277],0.02503293312091292
180,MESUM1_FC_W29,CREGION,Midwest,[0.8179551 0.1820449],0.007601647210049992
181,MESUM1_FC_W29,CREGION,Northeast,[0.72350616 0.27649384],0.004916501726830359
182,MESUM1_FC_W29,CREGION,South,[0.76811801 0.23188199],0.006686338598723229
183,MESUM1_FC_W29,CREGION,West,[0.77449088 0.22550912],0.020308555256228225
184,PARTICIPATEA_W29,CREGION,Midwest,[0.11690709 0.88309291],0.002347547208986214
185,PARTICIPATEA_W29,CREGION,Northeast,[0.12671366 0.87328634],0.003688641760637876
186,PARTICIPATEA_W29,CREGION,South,[0.17043864 0.82956136],0.008171804870110254
187,PARTICIPATEA_W29,CREGION,West,[0.13943142 0.86056858],0.0029652157053493325
188,GIRLSF2B_W29,CREGION,Midwest,[0.13185196 0.35963908 0.50850896],0.018420879229459713
189,GIRLSF2B_W29,CREGION,Northeast,[0.12117145 0.39006088 0.48876767],0.008889427566339321
190,GIRLSF2B_W29,CREGION,South,[0.07722873 0.3762294  0.54654187],0.004856784719966222
191,GIRLSF2B_W29,CREGION,West,[0.13665505 0.33268981 0.53065513],0.019557293207115176
192,SEENFEM_W29,CREGION,Midwest,[0.2008834  0.32070917 0.36007349 0.11833394],0.0
193,SEENFEM_W29,CREGION,Northeast,[0.17904024 0.32060159 0.32538665 0.17497152],0.0003073206414052213
194,SEENFEM_W29,CREGION,South,[0.20070015 0.34345189 0.27635342 0.17949453],0.0033475241963083903
195,SEENFEM_W29,CREGION,West,[0.12760908 0.3469318  0.36892574 0.15653338],0.0
196,GOPDIRCT_W29,CREGION,Midwest,[0.14418528 0.51398239 0.26640532 0.07542701],0.02622122943956817
197,GOPDIRCT_W29,CREGION,Northeast,[0.11919574 0.42748312 0.34416637 0.10915477],0.0
198,GOPDIRCT_W29,CREGION,South,[0.1371577  0.47438234 0.28769895 0.100761  ],0.022374671192095262
199,GOPDIRCT_W29,CREGION,West,[0.08840874 0.47675245 0.31992553 0.11491329],0.0024058188378438027
200,DEMDIRCT_W29,CREGION,Midwest,[0.10243566 0.51418338 0.30303762 0.08034334],0.0006567912556543305
201,DEMDIRCT_W29,CREGION,Northeast,[0.13965029 0.52491628 0.26083984 0.07459359],0.0
202,DEMDIRCT_W29,CREGION,South,[0.14867599 0.51608648 0.2640401  0.07119742],0.013559563411894043
203,DEMDIRCT_W29,CREGION,West,[0.13969609 0.50271289 0.32413485 0.03345617],0.010055779812279822
204,SPOUSESEX_W29,CREGION,Midwest,[0.98910015 0.01089985],0.005522474473572531
205,SPOUSESEX_W29,CREGION,Northeast,[0.96076448 0.03923552],0.0
206,SPOUSESEX_W29,CREGION,South,[0.94730141 0.05269859],0.0027958124478499997
207,SPOUSESEX_W29,CREGION,West,[0.92907136 0.07092864],0.0046014661633471095
208,FEM1F2_W29,CREGION,Midwest,[0.27839419 0.11180229 0.60980352],0.003712624448866802
209,FEM1F2_W29,CREGION,Northeast,[0.30839699 0.09602801 0.595575  ],0.003969791799753193
210,FEM1F2_W29,CREGION,South,[0.31605697 0.09918439 0.58475865],0.0006223530825245294
211,FEM1F2_W29,CREGION,West,[0.32193128 0.14224036 0.53582836],0.005704634020761325
212,MAN1D_W29,CREGION,Midwest,[0.11095352 0.43756006 0.34825449 0.10323193],0.0031838172562299785
213,MAN1D_W29,CREGION,Northeast,[0.13720795 0.39749741 0.3417287  0.12356594],0.00769898106017317
214,MAN1D_W29,CREGION,South,[0.16287943 0.41922966 0.25984379 0.15804711],0.003313210019626496
215,MAN1D_W29,CREGION,West,[0.16242842 0.43050838 0.32822282 0.07884037],0.00013891153553771836
216,TRAITSA_W29,CREGION,Midwest,[0.38146908 0.57030677 0.04822416 0.        ],0.0015699527406620626
217,TRAITSA_W29,CREGION,Northeast,[0.49029083 0.45297263 0.03627214 0.02046439],0.005353471082887223
218,TRAITSA_W29,CREGION,South,[0.45181759 0.50744499 0.03326411 0.00747331],0.010175611794831141
219,TRAITSA_W29,CREGION,West,[0.4043271  0.5368179  0.05440482 0.00445017],0.004805529493208112
220,GIRLSF2C_W29,CREGION,Midwest,[0.08395047 0.59354638 0.32250314],0.007595804562353384
221,GIRLSF2C_W29,CREGION,Northeast,[0.04440728 0.50412236 0.45147036],0.0044030460244865715
222,GIRLSF2C_W29,CREGION,South,[0.05677519 0.50350266 0.43972215],0.007936963288488695
223,GIRLSF2C_W29,CREGION,West,[0.07460973 0.54010873 0.38528154],0.012481340703824112
224,TRAITSE_W29,CREGION,Midwest,[0.15373039 0.53322031 0.26002245 0.05302685],0.006170982906437406
225,TRAITSE_W29,CREGION,Northeast,[0.16757939 0.52521964 0.24443829 0.06276267],0.003958789131339006
226,TRAITSE_W29,CREGION,South,[0.1782178  0.53902103 0.21355784 0.06920332],0.006376370368313113
227,TRAITSE_W29,CREGION,West,[0.16703276 0.51643424 0.26716898 0.04936403],0.0020329543724676396
228,MESUM2_FF_W29,CREGION,Midwest,[0.26639488 0.73360512],0.00449967375777774
229,MESUM2_FF_W29,CREGION,Northeast,[0.36495052 0.63504948],0.016729360716342036
230,MESUM2_FF_W29,CREGION,South,[0.28610823 0.71389177],0.02857720646112104
231,MESUM2_FF_W29,CREGION,West,[0.35695602 0.64304398],0.028273864662928486
232,MESUM1_FE_W29,CREGION,Midwest,[0.55342065 0.44657935],0.013204713614966043
233,MESUM1_FE_W29,CREGION,Northeast,[0.58297215 0.41702785],0.03245842518079849
234,MESUM1_FE_W29,CREGION,South,[0.6054481 0.3945519],0.009345479545448338
235,MESUM1_FE_W29,CREGION,West,[0.55017985 0.44982015],0.009436746929624228
236,PERSDISCR_W29,CREGION,Midwest,[0.26276469 0.73723531],0.0012516588282149202
237,PERSDISCR_W29,CREGION,Northeast,[0.33645656 0.66354344],0.007299306372357972
238,PERSDISCR_W29,CREGION,South,[0.32139166 0.67860834],0.0015808650986430157
239,PERSDISCR_W29,CREGION,West,[0.31977817 0.68022183],0.0035104703938882175
240,GIRLSF2A_W29,CREGION,Midwest,[0.11512816 0.53983892 0.34503292],0.007305683898912774
241,GIRLSF2A_W29,CREGION,Northeast,[0.04420492 0.53253811 0.42325697],0.006076140084233477
242,GIRLSF2A_W29,CREGION,South,[0.08714896 0.52493901 0.38791203],0.0051213441235336615
243,GIRLSF2A_W29,CREGION,West,[0.11011447 0.50997677 0.37990876],0.016182055749550717
244,MASC2AF1_W29,CREGION,Midwest,[0.6146433 0.3853567],0.009402963116417624
245,MASC2AF1_W29,CREGION,Northeast,[0.58266261 0.41733739],0.0439411752525685
246,MASC2AF1_W29,CREGION,South,[0.65296894 0.34703106],0.015233638062204981
247,MASC2AF1_W29,CREGION,West,[0.58996477 0.41003523],0.04022371362240844
248,DIFF1D_W29,CREGION,Midwest,[0.12773842 0.87226158],0.002122126513361704
249,DIFF1D_W29,CREGION,Northeast,[0.1132654 0.8867346],0.020034448786762107
250,DIFF1D_W29,CREGION,South,[0.11203981 0.88796019],0.012335557530348623
251,DIFF1D_W29,CREGION,West,[0.14629574 0.85370426],0.0031998915199282674
252,HELPHURTF_W29,CREGION,Midwest,[0.08379676 0.20832179 0.70788144],0.009338180826726999
253,HELPHURTF_W29,CREGION,Northeast,[0.12349834 0.19196225 0.68453942],0.0039516709850358185
254,HELPHURTF_W29,CREGION,South,[0.07848455 0.2135699  0.70794555],0.009524063319010278
255,HELPHURTF_W29,CREGION,West,[0.13235584 0.2174164  0.65022777],0.018946559253126875
256,TRANSGEND1_W29,CREGION,Midwest,[0.54320969 0.45679031],0.006057019429487706
257,TRANSGEND1_W29,CREGION,Northeast,[0.45213908 0.54786092],0.018140168999205102
258,TRANSGEND1_W29,CREGION,South,[0.62936923 0.37063077],0.025880831089960685
259,TRANSGEND1_W29,CREGION,West,[0.50966229 0.49033771],0.019660058763776047
260,TALK_CPS_W29,CREGION,Midwest,[0.1147824  0.31797283 0.29907709 0.07807387 0.1291028  0.060991  ],0.0010849397399665193
261,TALK_CPS_W29,CREGION,Northeast,[0.09841402 0.30292502 0.2591493  0.08123804 0.16762099 0.09065263],0.011115057294711468
262,TALK_CPS_W29,CREGION,South,[0.12803299 0.33064703 0.25190198 0.07568468 0.13624466 0.07748867],0.0021110069319386798
263,TALK_CPS_W29,CREGION,West,[0.10617801 0.31436916 0.23547942 0.08117991 0.15725214 0.10554136],0.0009129162232798923
264,HELPHURTD_W29,CREGION,Midwest,[0.04714748 0.33436762 0.6184849 ],0.01171091846380865
265,HELPHURTD_W29,CREGION,Northeast,[0.06013839 0.29532088 0.64454074],0.011679560568337521
266,HELPHURTD_W29,CREGION,South,[0.06084285 0.3058795  0.63327765],0.012154747951571235
267,HELPHURTD_W29,CREGION,West,[0.09106566 0.31887117 0.59006317],0.01646185849903908
268,HELPHURTG_W29,CREGION,Midwest,[0.25096336 0.07951271 0.66952393],0.007692444522948313
269,HELPHURTG_W29,CREGION,Northeast,[0.25074864 0.05143402 0.69781734],0.004973972032222027
270,HELPHURTG_W29,CREGION,South,[0.20310314 0.05612502 0.74077183],0.013402618758472382
271,HELPHURTG_W29,CREGION,West,[0.26393236 0.02456049 0.71150715],0.016269872684141956
272,MESUM2_FD_W29,CREGION,Midwest,[0.375767 0.624233],0.011804528210919974
273,MESUM2_FD_W29,CREGION,Northeast,[0.52350401 0.47649599],0.03288786065816388
274,MESUM2_FD_W29,CREGION,South,[0.3855249 0.6144751],0.024229878829509253
275,MESUM2_FD_W29,CREGION,West,[0.42871164 0.57128836],0.030216442539835638
276,WORRYBILL_W29,CREGION,Midwest,[0.20050005 0.30540896 0.25392325 0.24016774],0.009567675022183808
277,WORRYBILL_W29,CREGION,Northeast,[0.23678719 0.24740536 0.30210419 0.21370326],0.012112100342909481
278,WORRYBILL_W29,CREGION,South,[0.21607654 0.28037679 0.26793772 0.23560895],0.0021414220513140034
279,WORRYBILL_W29,CREGION,West,[0.22467265 0.27738444 0.28326786 0.21467505],0.0007507257606095119
280,FEM2BF2_W29,CREGION,Midwest,[0.03230503 0.96769497],0.0
281,FEM2BF2_W29,CREGION,Northeast,[0.02046419 0.97953581],0.0
282,FEM2BF2_W29,CREGION,South,[0.01507816 0.98492184],0.0
283,FEM2BF2_W29,CREGION,West,[0.06413327 0.93586673],0.0
284,DIFF1E_W29,CREGION,Midwest,[0.61829224 0.38170776],0.004233655033050838
285,DIFF1E_W29,CREGION,Northeast,[0.66293915 0.33706085],0.012013779930285315
286,DIFF1E_W29,CREGION,South,[0.63122615 0.36877385],0.010458125057806307
287,DIFF1E_W29,CREGION,West,[0.62629134 0.37370866],0.004785812676862926
288,TRANSGEND3_W29,CREGION,Midwest,[0.33157637 0.39961451 0.26880912],0.008506836448181135
289,TRANSGEND3_W29,CREGION,Northeast,[0.27664505 0.40002208 0.32333287],0.027563238372722388
290,TRANSGEND3_W29,CREGION,South,[0.38945613 0.36593028 0.24461359],0.025380526512637423
291,TRANSGEND3_W29,CREGION,West,[0.28026298 0.4164961  0.30324092],0.01602431331201536
292,MESUM1_FB_W29,CREGION,Midwest,[0.89538045 0.10461955],0.002189648748955367
293,MESUM1_FB_W29,CREGION,Northeast,[0.87735034 0.12264966],0.008596268114912532
294,MESUM1_FB_W29,CREGION,South,[0.86642419 0.13357581],0.007248811722022377
295,MESUM1_FB_W29,CREGION,West,[0.86221948 0.13778052],0.010750626316433748
296,HOOD_NHISC_W29,CREGION,Midwest,[0.16814552 0.38153951 0.28915602 0.16115895],0.003716426820675109
297,HOOD_NHISC_W29,CREGION,Northeast,[0.13785349 0.43285739 0.28182799 0.14746112],0.0030951856977744505
298,HOOD_NHISC_W29,CREGION,South,[0.13381955 0.42802965 0.24482125 0.19332955],0.011371836172668138
299,HOOD_NHISC_W29,CREGION,West,[0.11689623 0.40678055 0.31283904 0.16348418],0.006856202528637639
300,MASC2BF1_W29,CREGION,Midwest,[0.05002191 0.94997809],0.0
301,MASC2BF1_W29,CREGION,Northeast,[0.05593116 0.94406884],0.0
302,MASC2BF1_W29,CREGION,South,[0.13386112 0.86613888],0.005152237102155663
303,MASC2BF1_W29,CREGION,West,[0.02314464 0.97685536],0.007229144737599817
304,GOODJOBS_W29,CREGION,Midwest,[0.4320128 0.5679872],0.00902258951413329
305,GOODJOBS_W29,CREGION,Northeast,[0.38896183 0.61103817],0.01522781818363911
306,GOODJOBS_W29,CREGION,South,[0.3448935 0.6551065],0.013519360773934272
307,GOODJOBS_W29,CREGION,West,[0.39047496 0.60952504],0.006711549818233618
0,WORRYRET_W29,AGE,18-29,[0.23559934 0.29598139 0.27354163 0.19487765],0.007270717928124376
1,WORRYRET_W29,AGE,30-49,[0.33926027 0.36943846 0.20239371 0.08890756],0.0049236263408840054
2,WORRYRET_W29,AGE,50-64,[0.40030542 0.31287737 0.20495603 0.08186118],0.0018341942811587596
3,WORRYRET_W29,AGE,65+,[0.17471037 0.27425903 0.32348796 0.22754264],0.002638616599139778
4,BOYSF1B_W29,AGE,18-29,[0.10770472 0.65934824 0.23294703],0.005138652583719104
5,BOYSF1B_W29,AGE,30-49,[0.13109017 0.58878624 0.28012359],0.012894928728878674
6,BOYSF1B_W29,AGE,50-64,[0.11600114 0.52071498 0.36328388],0.0052318716107914165
7,BOYSF1B_W29,AGE,65+,[0.06413241 0.64614712 0.28972047],0.01882992981096231
8,TRANSGEND2_W29,AGE,18-29,[0.44664769 0.55335231],0.004124803516675011
9,TRANSGEND2_W29,AGE,30-49,[0.41267139 0.58732861],0.006325590697649545
10,TRANSGEND2_W29,AGE,50-64,[0.30451571 0.69548429],0.0026826938257231417
11,TRANSGEND2_W29,AGE,65+,[0.28309637 0.71690363],0.009145091371743009
12,MAN1E_W29,AGE,18-29,[0.46978834 0.38481221 0.12509878 0.02030067],0.007494606131532478
13,MAN1E_W29,AGE,30-49,[0.40845065 0.45308165 0.08097206 0.05749564],0.0008238565594648314
14,MAN1E_W29,AGE,50-64,[0.36745886 0.46482723 0.1340142  0.03369972],0.00592106703577761
15,MAN1E_W29,AGE,65+,[0.38095862 0.50458509 0.09092281 0.02353348],0.003949300434639603
16,MESUM2_FC_W29,AGE,18-29,[0.40335483 0.59664517],0.008610671981090084
17,MESUM2_FC_W29,AGE,30-49,[0.42667666 0.57332334],0.010592272057880702
18,MESUM2_FC_W29,AGE,50-64,[0.46289566 0.53710434],0.0416779752325671
19,MESUM2_FC_W29,AGE,65+,[0.51539672 0.48460328],0.01278288071655328
20,HELPHURTC_W29,AGE,18-29,[0.44194638 0.07288143 0.48517219],0.005292936285612821
21,HELPHURTC_W29,AGE,30-49,[0.28515603 0.1022305  0.61261347],0.006528099428669678
22,HELPHURTC_W29,AGE,50-64,[0.22125595 0.13273625 0.64600779],0.016991535184853166
23,HELPHURTC_W29,AGE,65+,[0.16341883 0.15857507 0.6780061 ],0.005747999438989443
24,MESUM1_FF_W29,AGE,18-29,[0.78786171 0.21213829],0.0
25,MESUM1_FF_W29,AGE,30-49,[0.74015214 0.25984786],0.008677359579210531
26,MESUM1_FF_W29,AGE,50-64,[0.52577954 0.47422046],0.0176669550199035
27,MESUM1_FF_W29,AGE,65+,[0.49810403 0.50189597],0.015154612367423444
28,MESUM2_FE_W29,AGE,18-29,[0.66872674 0.33127326],0.030227493926965502
29,MESUM2_FE_W29,AGE,30-49,[0.59082532 0.40917468],0.01930483103053596
30,MESUM2_FE_W29,AGE,50-64,[0.50052828 0.49947172],0.03799155112429604
31,MESUM2_FE_W29,AGE,65+,[0.48978704 0.51021296],0.029417744907468207
32,MESUM2_FA_W29,AGE,18-29,[0.62582451 0.37417549],0.00768344708365075
33,MESUM2_FA_W29,AGE,30-49,[0.57972295 0.42027705],0.013455891122031037
34,MESUM2_FA_W29,AGE,50-64,[0.58507066 0.41492934],0.025507170516348793
35,MESUM2_FA_W29,AGE,65+,[0.59390445 0.40609555],0.015904484490378457
36,MESUM1_FD_W29,AGE,18-29,[0.39075878 0.60924122],0.026007442470137122
37,MESUM1_FD_W29,AGE,30-49,[0.43974226 0.56025774],0.008382037466512298
38,MESUM1_FD_W29,AGE,50-64,[0.47274872 0.52725128],0.016522130256366046
39,MESUM1_FD_W29,AGE,65+,[0.450895 0.549105],0.008269796698735822
40,MASC1F1_W29,AGE,18-29,[0.62886815 0.09810753 0.27302433],0.008364238693942228
41,MASC1F1_W29,AGE,30-49,[0.53484231 0.08903423 0.37612345],0.003911821757479409
42,MASC1F1_W29,AGE,50-64,[0.48166168 0.08531163 0.43302668],0.009369066596082998
43,MASC1F1_W29,AGE,65+,[0.49548745 0.03234468 0.47216787],0.007066998757573316
44,TRAITSB_W29,AGE,18-29,[0.18910995 0.55000461 0.19901551 0.06186993],0.004523011992355771
45,TRAITSB_W29,AGE,30-49,[0.13817362 0.64667254 0.18313277 0.03202107],0.009076916544900681
46,TRAITSB_W29,AGE,50-64,[0.11103913 0.61848598 0.22858525 0.04188964],0.011900435692746283
47,TRAITSB_W29,AGE,65+,[0.14113785 0.6486371  0.19726279 0.01296227],0.009018776698677605
48,BOYSF1C_W29,AGE,18-29,[0.19906485 0.37452206 0.42641309],0.006797839415632412
49,BOYSF1C_W29,AGE,30-49,[0.12798773 0.42615022 0.44586205],0.012900862003403221
50,BOYSF1C_W29,AGE,50-64,[0.11859228 0.39060178 0.49080594],0.008472297573916368
51,BOYSF1C_W29,AGE,65+,[0.11777694 0.37596971 0.50625335],0.016320660444300066
52,BLOODPR_W29,AGE,18-29,[0.12316992 0.87683008],0.0015965346539653668
53,BLOODPR_W29,AGE,30-49,[0.2566282 0.7433718],0.0008293239841448323
54,BLOODPR_W29,AGE,50-64,[0.47347995 0.52652005],0.0
55,BLOODPR_W29,AGE,65+,[0.6318281 0.3681719],0.007167199727067114
56,MAN1C_W29,AGE,18-29,[0.16553732 0.44553271 0.2518461  0.13708387],0.005524140192647188
57,MAN1C_W29,AGE,30-49,[0.11777323 0.34648188 0.368448   0.16729689],0.0033310236149314562
58,MAN1C_W29,AGE,50-64,[0.05852197 0.32645718 0.40205946 0.2129614 ],0.002679096529985984
59,MAN1C_W29,AGE,65+,[0.03752321 0.34193272 0.37711731 0.24342676],0.0017737515535398431
60,FEM2AF2_W29,AGE,18-29,[0.69967676 0.30032324],0.009432485211132952
61,FEM2AF2_W29,AGE,30-49,[0.84769853 0.15230147],0.004880614659421342
62,FEM2AF2_W29,AGE,50-64,[0.86371787 0.13628213],0.047178655681236394
63,FEM2AF2_W29,AGE,65+,[0.9120265 0.0879735],0.016548197991174397
64,DIFF1B_W29,AGE,18-29,[0.32132338 0.67867662],0.012520287688302196
65,DIFF1B_W29,AGE,30-49,[0.26611345 0.73388655],0.0083876757319326
66,DIFF1B_W29,AGE,50-64,[0.17951306 0.82048694],0.0068639368010921815
67,DIFF1B_W29,AGE,65+,[0.18215067 0.81784933],0.009822243678353318
68,DIFF1A_W29,AGE,18-29,[0.41963562 0.58036438],0.004070490670934579
69,DIFF1A_W29,AGE,30-49,[0.37135084 0.62864916],0.00966232355610268
70,DIFF1A_W29,AGE,50-64,[0.23420472 0.76579528],0.005431857897213656
71,DIFF1A_W29,AGE,65+,[0.21133345 0.78866655],0.00867438858754569
72,FEM2_W29,AGE,18-29,[0.18172816 0.6353624  0.14216151 0.04074793],0.0034799425572428827
73,FEM2_W29,AGE,30-49,[0.29405605 0.53568967 0.15713517 0.01311911],0.001963367048541393
74,FEM2_W29,AGE,50-64,[0.3216774  0.53042014 0.12303573 0.02486673],0.004346058331351301
75,FEM2_W29,AGE,65+,[0.48160348 0.4532858  0.05912664 0.00598408],0.0005932745279823983
76,HELPHURTE_W29,AGE,18-29,[0.28539857 0.18360146 0.53099997],0.010313156156330749
77,HELPHURTE_W29,AGE,30-49,[0.24787166 0.16296235 0.58916599],0.0023810644005301447
78,HELPHURTE_W29,AGE,50-64,[0.19336007 0.21102854 0.59561139],0.016659450447115864
79,HELPHURTE_W29,AGE,65+,[0.18446005 0.22559979 0.58994016],0.004982462171237057
80,PARTICIPATEC_W29,AGE,18-29,[0.18676241 0.81323759],0.0038986003139436913
81,PARTICIPATEC_W29,AGE,30-49,[0.14038184 0.85961816],0.004173172655079137
82,PARTICIPATEC_W29,AGE,50-64,[0.10284504 0.89715496],0.008801307797877031
83,PARTICIPATEC_W29,AGE,65+,[0.08518853 0.91481147],0.007183226419884969
84,S13_W29,AGE,18-29,[0.33475977 0.31731455 0.18587696 0.05596048 0.06322593 0.0428623 ],0.003049236072896473
85,S13_W29,AGE,30-49,[0.29046058 0.37067753 0.19110726 0.05158349 0.07093683 0.02523431],0.0031219083471495514
86,S13_W29,AGE,50-64,[0.29050062 0.36351003 0.19096292 0.05060078 0.06182783 0.04259781],0.003906173905920551
87,S13_W29,AGE,65+,[0.3286875  0.38154639 0.1786492  0.05179602 0.04788807 0.01143281],0.0009434173897040566
88,GIRLSF2D_W29,AGE,18-29,[0.12209617 0.38958543 0.4883184 ],0.0022050026359746113
89,GIRLSF2D_W29,AGE,30-49,[0.09368824 0.40554569 0.50076608],0.00561242322126748
90,GIRLSF2D_W29,AGE,50-64,[0.04761377 0.43941324 0.51297299],0.01601229723861545
91,GIRLSF2D_W29,AGE,65+,[0.02195789 0.43745509 0.54058702],0.009209364103376505
92,BOYSF1A_W29,AGE,18-29,[0.21373494 0.31034748 0.47591758],0.005138652583719104
93,BOYSF1A_W29,AGE,30-49,[0.14544333 0.41437382 0.44018285],0.012358725036333514
94,BOYSF1A_W29,AGE,50-64,[0.12052537 0.44051203 0.4389626 ],0.0061295966231172255
95,BOYSF1A_W29,AGE,65+,[0.10727108 0.49446645 0.39826247],0.02801945297792887
96,HELPHURTA_W29,AGE,18-29,[0.21529327 0.16774071 0.61696602],0.005292936285612821
97,HELPHURTA_W29,AGE,30-49,[0.15446028 0.21667439 0.62886533],0.00963543617851419
98,HELPHURTA_W29,AGE,50-64,[0.07797754 0.26916857 0.65285389],0.02312513896986118
99,HELPHURTA_W29,AGE,65+,[0.09445441 0.25452197 0.65102363],0.005721998278331519
100,MAN1B_W29,AGE,18-29,[0.17004739 0.43767947 0.23706617 0.15520697],0.006499116531257192
101,MAN1B_W29,AGE,30-49,[0.12212341 0.33246202 0.33376548 0.21164909],0.0
102,MAN1B_W29,AGE,50-64,[0.08102802 0.20909985 0.41960076 0.29027136],0.014288824543771155
103,MAN1B_W29,AGE,65+,[0.06198295 0.17414425 0.35769603 0.40617677],0.0034410193665643162
104,S12_W29,AGE,18-29,[0.36469431 0.29006222 0.12241109 0.05696304 0.07768607 0.08818326],0.00422101550614207
105,S12_W29,AGE,30-49,[0.60011306 0.22705786 0.08102702 0.01992909 0.03206448 0.03980849],0.0007974811946511494
106,S12_W29,AGE,50-64,[0.59497516 0.19840699 0.09312425 0.02263486 0.02272957 0.06812917],0.0014825546336216513
107,S12_W29,AGE,65+,[0.68272519 0.13638456 0.07481122 0.01672423 0.0435389  0.0458159 ],0.003398727036134675
108,HELPHURTB_W29,AGE,18-29,[0.3957216  0.06139097 0.54288743],0.005505470004475336
109,HELPHURTB_W29,AGE,30-49,[0.31265747 0.04619948 0.64114305],0.001986579465916818
110,HELPHURTB_W29,AGE,50-64,[0.22341829 0.05783043 0.71875128],0.01855047774393201
111,HELPHURTB_W29,AGE,65+,[0.1895525  0.03484547 0.77560204],0.004592420062262075
112,TRAITSD_W29,AGE,18-29,[0.24129202 0.46469703 0.24110242 0.05290854],0.008079406588900526
113,TRAITSD_W29,AGE,30-49,[0.26110502 0.49977994 0.19449082 0.04462422],0.0070108230900676445
114,TRAITSD_W29,AGE,50-64,[0.25811874 0.55364058 0.15580543 0.03243525],0.00792114421928052
115,TRAITSD_W29,AGE,65+,[0.29450391 0.50564691 0.18189428 0.01795491],0.0077400947222332
116,PARTICIPATEB_W29,AGE,18-29,[0.08457934 0.91542066],0.013005117926859575
117,PARTICIPATEB_W29,AGE,30-49,[0.06191161 0.93808839],0.004735043057800625
118,PARTICIPATEB_W29,AGE,50-64,[0.08904504 0.91095496],0.011070753626473794
119,PARTICIPATEB_W29,AGE,65+,[0.1328691 0.8671309],0.00986273989375535
120,MESUM1_FA_W29,AGE,18-29,[0.70387884 0.29612116],0.013786997618853724
121,MESUM1_FA_W29,AGE,30-49,[0.74783581 0.25216419],0.003301485399218778
122,MESUM1_FA_W29,AGE,50-64,[0.83016422 0.16983578],0.016976817412955307
123,MESUM1_FA_W29,AGE,65+,[0.91138287 0.08861713],0.015680031746328083
124,TRAITSF_W29,AGE,18-29,[0.32911697 0.42434037 0.18358201 0.06296065],0.007150774253455375
125,TRAITSF_W29,AGE,30-49,[0.34557562 0.45824294 0.17618775 0.01999368],0.007147032502866337
126,TRAITSF_W29,AGE,50-64,[0.37148492 0.51111604 0.10660119 0.01079785],0.006598186815123845
127,TRAITSF_W29,AGE,65+,[0.37637807 0.54154186 0.07282504 0.00925503],0.010567059353684443
128,NOWSMK_NHIS_W29,AGE,18-29,[0.42395459 0.23940032 0.33664509],0.0
129,NOWSMK_NHIS_W29,AGE,30-49,[0.37414465 0.16280734 0.46304801],0.0
130,NOWSMK_NHIS_W29,AGE,50-64,[0.33715393 0.11912556 0.54372051],0.001009838902958088
131,NOWSMK_NHIS_W29,AGE,65+,[0.1688585  0.05373034 0.77741117],0.002143048607522136
132,SEENMASC_W29,AGE,18-29,[0.07754493 0.42857025 0.33451751 0.15936731],0.005524140192647189
133,SEENMASC_W29,AGE,30-49,[0.12487707 0.35426722 0.36123326 0.15962245],0.011810318782453921
134,SEENMASC_W29,AGE,50-64,[0.07082791 0.3212414  0.40849514 0.19943555],0.0030033418489884434
135,SEENMASC_W29,AGE,65+,[0.08151946 0.31827015 0.398347   0.2018634 ],0.003917424706875305
136,MASC2_W29,AGE,18-29,[0.2116465  0.6118407  0.17537275 0.00114005],0.007302494973169769
137,MASC2_W29,AGE,30-49,[0.34114382 0.50001154 0.14647612 0.01236853],0.0
138,MASC2_W29,AGE,50-64,[0.33588405 0.5072756  0.13437889 0.02246146],0.009197621585868189
139,MASC2_W29,AGE,65+,[0.33285128 0.56374691 0.09414745 0.00925435],0.007185851943096414
140,HOOD_NHISB_W29,AGE,18-29,[0.17093039 0.45179465 0.25918228 0.11809268],0.006393120760855581
141,HOOD_NHISB_W29,AGE,30-49,[0.27631849 0.50198812 0.12641213 0.09528126],0.003876397552109479
142,HOOD_NHISB_W29,AGE,50-64,[0.30635199 0.50300852 0.11640495 0.07423453],0.006676786828537553
143,HOOD_NHISB_W29,AGE,65+,[0.42628687 0.43817128 0.08854516 0.04699669],0.010171178207281195
144,FAVORS_CPS_W29,AGE,18-29,[0.02187446 0.08589931 0.10546754 0.12044418 0.24974049 0.41657402],0.004458261995202371
145,FAVORS_CPS_W29,AGE,30-49,[0.02711245 0.10261919 0.16567692 0.11227794 0.27241305 0.31990046],0.000698166735574201
146,FAVORS_CPS_W29,AGE,50-64,[0.01728584 0.10582398 0.22171134 0.11338974 0.25504814 0.28674096],0.00521052362528124
147,FAVORS_CPS_W29,AGE,65+,[0.02964543 0.12091277 0.26178491 0.09351146 0.27684591 0.21729951],0.007093950144346027
148,HOOD_NHISA_W29,AGE,18-29,[0.17967138 0.45681326 0.21298074 0.15053462],0.0035780385313750255
149,HOOD_NHISA_W29,AGE,30-49,[0.33665214 0.38904137 0.15953106 0.11477544],0.003340601567798642
150,HOOD_NHISA_W29,AGE,50-64,[0.38111436 0.39900917 0.13037637 0.0895001 ],0.005381752611002709
151,HOOD_NHISA_W29,AGE,65+,[0.50368608 0.37997689 0.06801453 0.04832251],0.003309898287561528
152,S7_W29,AGE,18-29,[0.12298654 0.87701346],0.006917511437509126
153,S7_W29,AGE,30-49,[0.13394652 0.86605348],0.0026339301523212923
154,S7_W29,AGE,50-64,[0.13052927 0.86947073],0.003158680594472124
155,S7_W29,AGE,65+,[0.16901613 0.83098387],0.0
156,MAN1A_W29,AGE,18-29,[0.34259655 0.38361182 0.25992883 0.0138628 ],0.005524140192647188
157,MAN1A_W29,AGE,30-49,[0.28163029 0.41552765 0.27448996 0.0283521 ],0.0005799351551637564
158,MAN1A_W29,AGE,50-64,[0.237363   0.47094279 0.24604281 0.04565141],0.004784623226175954
159,MAN1A_W29,AGE,65+,[0.24255564 0.47022673 0.23584844 0.05136919],0.0016159852157964386
160,DIFF1C_W29,AGE,18-29,[0.40990461 0.59009539],0.007563974497383952
161,DIFF1C_W29,AGE,30-49,[0.32613556 0.67386444],0.010526109743871017
162,DIFF1C_W29,AGE,50-64,[0.31700305 0.68299695],0.007459646309079714
163,DIFF1C_W29,AGE,65+,[0.35026387 0.64973613],0.002762877680029589
164,TRAITSC_W29,AGE,18-29,[0.37689632 0.41095594 0.16756143 0.04458631],0.004386727192151176
165,TRAITSC_W29,AGE,30-49,[0.34925102 0.458022   0.1756084  0.01711858],0.005153745458281138
166,TRAITSC_W29,AGE,50-64,[0.37967075 0.48223533 0.11690703 0.02118689],0.008751518764120862
167,TRAITSC_W29,AGE,65+,[0.39090667 0.46929465 0.11386895 0.02592973],0.010828895020030834
168,LOCALELECT_W29,AGE,18-29,[0.1376571  0.22997183 0.20075219 0.43161888],0.0035780385313750255
169,LOCALELECT_W29,AGE,30-49,[0.24219687 0.33302869 0.16299551 0.26177892],0.010304789684148217
170,LOCALELECT_W29,AGE,50-64,[0.41611178 0.27302776 0.13184421 0.17901625],0.006876986139430524
171,LOCALELECT_W29,AGE,65+,[0.57963551 0.26091199 0.06356707 0.09588543],0.0025674493793439407
172,BOYSF1D_W29,AGE,18-29,[0.11078019 0.47188863 0.41733119],0.005138652583719104
173,BOYSF1D_W29,AGE,30-49,[0.04231369 0.55901074 0.39867557],0.012900862003403218
174,BOYSF1D_W29,AGE,50-64,[0.06910778 0.52101187 0.40988036],0.004706061902913992
175,BOYSF1D_W29,AGE,65+,[0.0444287  0.51596197 0.43960933],0.013725832141190853
176,MESUM2_FB_W29,AGE,18-29,[0.61790207 0.38209793],0.0
177,MESUM2_FB_W29,AGE,30-49,[0.73799957 0.26200043],0.01124623445878614
178,MESUM2_FB_W29,AGE,50-64,[0.81664292 0.18335708],0.031322133583300084
179,MESUM2_FB_W29,AGE,65+,[0.89210772 0.10789228],0.009708581741785743
180,MESUM1_FC_W29,AGE,18-29,[0.76617929 0.23382071],0.0
181,MESUM1_FC_W29,AGE,30-49,[0.78444709 0.21555291],0.0049345684091510215
182,MESUM1_FC_W29,AGE,50-64,[0.76926954 0.23073046],0.023268375035783558
183,MESUM1_FC_W29,AGE,65+,[0.76002277 0.23997723],0.010691175621533927
184,PARTICIPATEA_W29,AGE,18-29,[0.1016119 0.8983881],0.004589435989144198
185,PARTICIPATEA_W29,AGE,30-49,[0.18379443 0.81620557],0.005640099078952697
186,PARTICIPATEA_W29,AGE,50-64,[0.13180996 0.86819004],0.0069837951859619395
187,PARTICIPATEA_W29,AGE,65+,[0.14265578 0.85734422],0.0013074899149603516
188,GIRLSF2B_W29,AGE,18-29,[0.11687795 0.36950196 0.51362009],0.011007519579445612
189,GIRLSF2B_W29,AGE,30-49,[0.15114331 0.3344892  0.51436749],0.0030658861068503214
190,GIRLSF2B_W29,AGE,50-64,[0.0960378  0.37028429 0.53367791],0.025668283617036557
191,GIRLSF2B_W29,AGE,65+,[0.05153064 0.40559167 0.54287769],0.008255864526537164
192,SEENFEM_W29,AGE,18-29,[0.13768577 0.36465127 0.31660661 0.18105635],0.0017918033986628983
193,SEENFEM_W29,AGE,30-49,[0.16845719 0.31342168 0.36361149 0.15450964],0.001374236409202023
194,SEENFEM_W29,AGE,50-64,[0.1713137  0.35555272 0.29439192 0.17874166],0.002004156406555867
195,SEENFEM_W29,AGE,65+,[0.2598555  0.31196538 0.30050486 0.12767426],0.00026861535361717156
196,GOPDIRCT_W29,AGE,18-29,[0.11872499 0.54867249 0.25180538 0.08079714],0.0179788166394893
197,GOPDIRCT_W29,AGE,30-49,[0.12668282 0.46008595 0.29096947 0.12226176],0.014468417291805029
198,GOPDIRCT_W29,AGE,50-64,[0.12445618 0.45639878 0.30655023 0.1125948 ],0.009581422839054126
199,GOPDIRCT_W29,AGE,65+,[0.12938221 0.47191255 0.32792628 0.07077896],0.02251180349144572
200,DEMDIRCT_W29,AGE,18-29,[0.11935265 0.47851217 0.3312701  0.07086509],0.01831963962154929
201,DEMDIRCT_W29,AGE,30-49,[0.09174662 0.54366919 0.28090202 0.08368217],0.0007367289945109058
202,DEMDIRCT_W29,AGE,50-64,[0.22846015 0.47211166 0.24941219 0.05001599],0.008999294564641262
203,DEMDIRCT_W29,AGE,65+,[0.1175496  0.57099339 0.27878801 0.032669  ],0.0011666921443296118
204,SPOUSESEX_W29,AGE,18-29,[0.89519814 0.10480186],0.0
205,SPOUSESEX_W29,AGE,30-49,[0.94859211 0.05140789],0.005296492994014133
206,SPOUSESEX_W29,AGE,50-64,[0.96489056 0.03510944],0.004662974988082678
207,SPOUSESEX_W29,AGE,65+,[0.98819922 0.01180078],0.0
208,FEM1F2_W29,AGE,18-29,[0.287495   0.15743348 0.55507152],0.003589933506042681
209,FEM1F2_W29,AGE,30-49,[0.33970802 0.12462082 0.53567116],0.0021627270298477594
210,FEM1F2_W29,AGE,50-64,[0.28848051 0.09705743 0.61446207],0.0030906754196175236
211,FEM1F2_W29,AGE,65+,[0.30601786 0.05743274 0.6365494 ],0.0038633321853260394
212,MAN1D_W29,AGE,18-29,[0.22369819 0.50019158 0.21574488 0.06036535],0.009303400793282268
213,MAN1D_W29,AGE,30-49,[0.16741799 0.40676876 0.29133454 0.13447871],0.0005799351551637564
214,MAN1D_W29,AGE,50-64,[0.12279089 0.42176851 0.32528964 0.13015096],0.0024765123026691555
215,MAN1D_W29,AGE,65+,[0.05584924 0.35928038 0.43750202 0.14736836],0.0021259630671465225
216,TRAITSA_W29,AGE,18-29,[0.42655278 0.48660289 0.06123486 0.02560947],0.0026437628313815778
217,TRAITSA_W29,AGE,30-49,[0.48640567 0.47606047 0.03548346 0.0020504 ],0.009316770197053532
218,TRAITSA_W29,AGE,50-64,[0.39486201 0.54422645 0.05602917 0.00488237],0.0058251739119153274
219,TRAITSA_W29,AGE,65+,[0.40315204 0.58563011 0.01121785 0.        ],0.005850848527770414
220,GIRLSF2C_W29,AGE,18-29,[0.09057744 0.55385349 0.35556908],0.0019243007572495746
221,GIRLSF2C_W29,AGE,30-49,[0.07763776 0.53939188 0.38297036],0.0009031590770025622
222,GIRLSF2C_W29,AGE,50-64,[0.04790702 0.52366788 0.42842509],0.01749670200501634
223,GIRLSF2C_W29,AGE,65+,[0.0346     0.4989671  0.46643289],0.015166210174728837
224,TRAITSE_W29,AGE,18-29,[0.19473046 0.49496001 0.24303621 0.06727333],0.0026437628313815778
225,TRAITSE_W29,AGE,30-49,[0.18776038 0.55940031 0.20347867 0.04936063],0.0033468000541508874
226,TRAITSE_W29,AGE,50-64,[0.15602676 0.54571432 0.24081238 0.05744654],0.008504937563388167
227,TRAITSE_W29,AGE,65+,[0.12520755 0.49855891 0.30282208 0.07341146],0.004893700244512883
228,MESUM2_FF_W29,AGE,18-29,[0.39121611 0.60878389],0.014389321704601611
229,MESUM2_FF_W29,AGE,30-49,[0.3224919 0.6775081],0.01111453874199047
230,MESUM2_FF_W29,AGE,50-64,[0.27384971 0.72615029],0.04133978223467155
231,MESUM2_FF_W29,AGE,65+,[0.25778279 0.74221721],0.020369882274384802
232,MESUM1_FE_W29,AGE,18-29,[0.73762059 0.26237941],0.0038294227162219453
233,MESUM1_FE_W29,AGE,30-49,[0.62583915 0.37416085],0.004936808226280415
234,MESUM1_FE_W29,AGE,50-64,[0.52246444 0.47753556],0.015491014424652194
235,MESUM1_FE_W29,AGE,65+,[0.37601352 0.62398648],0.04095714436092156
236,PERSDISCR_W29,AGE,18-29,[0.34975913 0.65024087],0.00255630654614592
237,PERSDISCR_W29,AGE,30-49,[0.33862148 0.66137852],0.0022310119223562315
238,PERSDISCR_W29,AGE,50-64,[0.32228121 0.67771879],0.0034812644233971485
239,PERSDISCR_W29,AGE,65+,[0.2070729 0.7929271],0.00403184963502273
240,GIRLSF2A_W29,AGE,18-29,[0.05874455 0.58885851 0.35239694],0.001924300757249575
241,GIRLSF2A_W29,AGE,30-49,[0.12253989 0.52554434 0.35191577],0.0014862716818385144
242,GIRLSF2A_W29,AGE,50-64,[0.09877818 0.50644499 0.39477684],0.02176812546540367
243,GIRLSF2A_W29,AGE,65+,[0.06037762 0.48274527 0.45687712],0.008429526952949924
244,MASC2AF1_W29,AGE,18-29,[0.57551914 0.42448086],0.0181122488044941
245,MASC2AF1_W29,AGE,30-49,[0.58556732 0.41443268],0.012219188761409023
246,MASC2AF1_W29,AGE,50-64,[0.63002028 0.36997972],0.04165682996712601
247,MASC2AF1_W29,AGE,65+,[0.73030276 0.26969724],0.027507560756621276
248,DIFF1D_W29,AGE,18-29,[0.18914794 0.81085206],0.009761748874772474
249,DIFF1D_W29,AGE,30-49,[0.11838862 0.88161138],0.008521107282063728
250,DIFF1D_W29,AGE,50-64,[0.08288775 0.91711225],0.0071917531983437194
251,DIFF1D_W29,AGE,65+,[0.11656258 0.88343742],0.013756879720798108
252,HELPHURTF_W29,AGE,18-29,[0.13211751 0.14526161 0.72262088],0.01149094938618398
253,HELPHURTF_W29,AGE,30-49,[0.11191922 0.20472198 0.68335881],0.004364230368810476
254,HELPHURTF_W29,AGE,50-64,[0.05897035 0.26728845 0.6737412 ],0.02185098051118717
255,HELPHURTF_W29,AGE,65+,[0.07242729 0.26964029 0.65793242],0.004592420062262075
256,TRANSGEND1_W29,AGE,18-29,[0.48693728 0.51306272],0.019432341570648742
257,TRANSGEND1_W29,AGE,30-49,[0.54451942 0.45548058],0.01330359616264517
258,TRANSGEND1_W29,AGE,50-64,[0.58552553 0.41447447],0.026937894402218054
259,TRANSGEND1_W29,AGE,65+,[0.58825501 0.41174499],0.016515235384889776
260,TALK_CPS_W29,AGE,18-29,[0.05838194 0.19091455 0.27838794 0.09328337 0.19835721 0.18067499],0.004458261995202371
261,TALK_CPS_W29,AGE,30-49,[0.08927841 0.31179904 0.27105267 0.10462361 0.15592281 0.06732346],0.00508639826654375
262,TALK_CPS_W29,AGE,50-64,[0.14439345 0.3487692  0.25470974 0.06096113 0.12801262 0.06315387],0.0017200981684259203
263,TALK_CPS_W29,AGE,65+,[0.17888671 0.4336183  0.2236028  0.04312846 0.09276167 0.02800206],0.0008305189434375327
264,HELPHURTD_W29,AGE,18-29,[0.10891681 0.25285075 0.63823244],0.01148751846792256
265,HELPHURTD_W29,AGE,30-49,[0.06079045 0.30857936 0.63063018],0.008863372028408829
266,HELPHURTD_W29,AGE,50-64,[0.04207475 0.35077577 0.60714948],0.023675244397644638
267,HELPHURTD_W29,AGE,65+,[0.01441579 0.41862215 0.56696206],0.004592420062262075
268,HELPHURTG_W29,AGE,18-29,[0.23018113 0.04912551 0.72069336],0.010313156156330749
269,HELPHURTG_W29,AGE,30-49,[0.22821168 0.04796387 0.72382444],0.008475765765296342
270,HELPHURTG_W29,AGE,50-64,[0.2579847  0.05285782 0.68915748],0.017151063667831614
271,HELPHURTG_W29,AGE,65+,[0.22409462 0.08205471 0.69385067],0.012058998535775654
272,MESUM2_FD_W29,AGE,18-29,[0.5124378 0.4875622],0.007651148355336849
273,MESUM2_FD_W29,AGE,30-49,[0.44365014 0.55634986],0.016834163896578443
274,MESUM2_FD_W29,AGE,50-64,[0.36023867 0.63976133],0.036062968651691146
275,MESUM2_FD_W29,AGE,65+,[0.34026761 0.65973239],0.042605588033043006
276,WORRYBILL_W29,AGE,18-29,[0.25179964 0.30513519 0.27781668 0.16524849],0.013766897912412151
277,WORRYBILL_W29,AGE,30-49,[0.24424333 0.28488224 0.26844572 0.20242871],0.0005706798141081401
278,WORRYBILL_W29,AGE,50-64,[0.24575152 0.28873336 0.26240699 0.20310813],0.00431971521767306
279,WORRYBILL_W29,AGE,65+,[0.10115833 0.22737558 0.2995211  0.37194499],0.004254623041441714
280,FEM2BF2_W29,AGE,18-29,[0.07956011 0.92043989],0.0
281,FEM2BF2_W29,AGE,30-49,[0.02642376 0.97357624],0.0
282,FEM2BF2_W29,AGE,50-64,[0.00199618 0.99800382],0.0
283,FEM2BF2_W29,AGE,65+,[0. 1.],0.0
284,DIFF1E_W29,AGE,18-29,[0.69625971 0.30374029],0.007320534472591013
285,DIFF1E_W29,AGE,30-49,[0.650059 0.349941],0.004717914949861705
286,DIFF1E_W29,AGE,50-64,[0.57119986 0.42880014],0.007234609978291101
287,DIFF1E_W29,AGE,65+,[0.61912787 0.38087213],0.015878608064431157
288,TRANSGEND3_W29,AGE,18-29,[0.25880901 0.47283122 0.26835977],0.019181768466468366
289,TRANSGEND3_W29,AGE,30-49,[0.3271822  0.41827685 0.25454095],0.014402565136163503
290,TRANSGEND3_W29,AGE,50-64,[0.3508998  0.35645678 0.29264341],0.026530557353985046
291,TRANSGEND3_W29,AGE,65+,[0.39376716 0.30111286 0.30511998],0.021473441994419327
292,MESUM1_FB_W29,AGE,18-29,[0.8464201 0.1535799],0.00972252931117064
293,MESUM1_FB_W29,AGE,30-49,[0.85713312 0.14286688],0.0005462180597780758
294,MESUM1_FB_W29,AGE,50-64,[0.90269461 0.09730539],0.017591369126902668
295,MESUM1_FB_W29,AGE,65+,[0.88999592 0.11000408],0.0016224843961237792
296,HOOD_NHISC_W29,AGE,18-29,[0.13221349 0.30348183 0.31186098 0.2524437 ],0.00436971172147572
297,HOOD_NHISC_W29,AGE,30-49,[0.13217789 0.41642992 0.28767506 0.16371713],0.008031654450171951
298,HOOD_NHISC_W29,AGE,50-64,[0.1285714  0.44318112 0.28461162 0.14363586],0.0075712829683847035
299,HOOD_NHISC_W29,AGE,65+,[0.16635841 0.49404177 0.20718879 0.13241103],0.008699833971334937
300,MASC2BF1_W29,AGE,18-29,[0.10053281 0.89946719],0.0
301,MASC2BF1_W29,AGE,30-49,[0.09092388 0.90907612],0.004812274730933858
302,MASC2BF1_W29,AGE,50-64,[0.04041233 0.95958767],0.005770612181422984
303,MASC2BF1_W29,AGE,65+,[0.01169714 0.98830286],0.0
304,GOODJOBS_W29,AGE,18-29,[0.40009275 0.59990725],0.010333778791039491
305,GOODJOBS_W29,AGE,30-49,[0.42290724 0.57709276],0.004222562547126983
306,GOODJOBS_W29,AGE,50-64,[0.31837772 0.68162228],0.00669401092789523
307,GOODJOBS_W29,AGE,65+,[0.38130392 0.61869608],0.030589888142219454
0,WORRYRET_W29,SEX,Female,[0.33848723 0.30169983 0.22924715 0.13056579],0.006606880548380101
1,WORRYRET_W29,SEX,Male,[0.26204098 0.33943327 0.25565059 0.14287516],0.0015173705818000071
2,BOYSF1B_W29,SEX,Female,[0.07867823 0.66677065 0.25455112],0.013150430200381327
3,BOYSF1B_W29,SEX,Male,[0.14147651 0.5209849  0.33753859],0.007120005120903179
4,TRANSGEND2_W29,SEX,Female,[0.39555408 0.60444592],0.006997453810384617
5,TRANSGEND2_W29,SEX,Male,[0.33438489 0.66561511],0.003702984216477849
6,MAN1E_W29,SEX,Female,[0.66960901 0.33039099 0.         0.        ],0.0
7,MAN1E_W29,SEX,Male,[0.40535441 0.45098292 0.10665887 0.0370038 ],0.004204340410028809
8,MESUM2_FC_W29,SEX,Female,[0.40469539 0.59530461],0.022859878760854997
9,MESUM2_FC_W29,SEX,Male,[0.49561951 0.50438049],0.014322484503798664
10,HELPHURTC_W29,SEX,Female,[0.33629205 0.07636068 0.58734726],0.016040208882313892
11,HELPHURTC_W29,SEX,Male,[0.27243296 0.1322995  0.59526755],0.002458410201792825
12,MESUM1_FF_W29,SEX,Female,[0.63839188 0.36160812],0.014360916539821895
13,MESUM1_FF_W29,SEX,Male,[0.66106238 0.33893762],0.005818949379960876
14,MESUM2_FE_W29,SEX,Female,[0.61561459 0.38438541],0.029106157309883814
15,MESUM2_FE_W29,SEX,Male,[0.50784757 0.49215243],0.02800209399058851
16,MESUM2_FA_W29,SEX,Female,[0.60307138 0.39692862],0.02416623012000853
17,MESUM2_FA_W29,SEX,Male,[0.58449118 0.41550882],0.006366585890622242
18,MESUM1_FD_W29,SEX,Female,[0.35377574 0.64622426],0.018294160603970752
19,MESUM1_FD_W29,SEX,Male,[0.53695865 0.46304135],0.010000473127171821
20,MASC1F1_W29,SEX,Female,[0.62079456 0.05162543 0.32758001],0.0021093997027131638
21,MASC1F1_W29,SEX,Male,[0.43751447 0.1089062  0.45357933],0.01222510061172949
22,TRAITSB_W29,SEX,Female,[0.17175709 0.61802077 0.1695726  0.04064954],0.007190515662279681
23,TRAITSB_W29,SEX,Male,[0.11077792 0.61943235 0.23579243 0.0339973 ],0.010614969844507835
24,BOYSF1C_W29,SEX,Female,[0.14296573 0.34725429 0.50977998],0.01572748319019416
25,BOYSF1C_W29,SEX,Male,[0.13548833 0.44647383 0.41803784],0.00591866603183363
26,BLOODPR_W29,SEX,Female,[0.35401262 0.64598738],0.0020051024822468457
27,BLOODPR_W29,SEX,Male,[0.36310903 0.63689097],0.0019796772355247065
28,MAN1C_W29,SEX,Female,[0.66960901 0.         0.         0.33039099],0.0
29,MAN1C_W29,SEX,Male,[0.09720811 0.36146843 0.35439643 0.18692703],0.003344686222807107
30,FEM2AF2_W29,SEX,Female,[0.75648317 0.24351683],0.01512818816884492
31,FEM2AF2_W29,SEX,Male,[0.89800045 0.10199955],0.021408495949407733
32,DIFF1B_W29,SEX,Female,[0.24318649 0.75681351],0.0052793384925699655
33,DIFF1B_W29,SEX,Male,[0.23337087 0.76662913],0.013291359810525127
34,DIFF1A_W29,SEX,Female,[0.320822 0.679178],0.003711862179424878
35,DIFF1A_W29,SEX,Male,[0.30657206 0.69342794],0.010785610947505133
36,FEM2_W29,SEX,Female,[0.31565029 0.53910712 0.12448668 0.02075591],0.0026441331116469685
37,HELPHURTE_W29,SEX,Female,[0.23373341 0.17973138 0.58653521],0.015152476942422635
38,HELPHURTE_W29,SEX,Male,[0.24402505 0.19031073 0.56566423],0.0023845325724568414
39,PARTICIPATEC_W29,SEX,Female,[0.11658906 0.88341094],0.006925850417154433
40,PARTICIPATEC_W29,SEX,Male,[0.14359642 0.85640358],0.0048810317155004385
41,S13_W29,SEX,Female,[0.35354045 0.35762382 0.15285137 0.04514532 0.06203183 0.02880722],0.0021188019873359548
42,S13_W29,SEX,Male,[0.25815912 0.36108963 0.22469475 0.05996188 0.06266354 0.03343109],0.003731872747005423
43,GIRLSF2D_W29,SEX,Female,[0.06906783 0.46621232 0.46471984],0.010897764819301176
44,GIRLSF2D_W29,SEX,Male,[0.07870186 0.36521804 0.5560801 ],0.00564368061641174
45,BOYSF1A_W29,SEX,Female,[0.15441106 0.38343713 0.46215182],0.01172726118777573
46,BOYSF1A_W29,SEX,Male,[0.13752421 0.44607203 0.41640376],0.012495969151613493
47,HELPHURTA_W29,SEX,Female,[0.13928023 0.17555384 0.68516593],0.020416782215275826
48,HELPHURTA_W29,SEX,Male,[0.15360295 0.25764838 0.58874867],0.0038931647807047983
49,MAN1B_W29,SEX,Female,[0. 0. 0. 1.],0.0
50,MAN1B_W29,SEX,Male,[0.11049013 0.29324966 0.34072227 0.25553794],0.005910134351359222
51,S12_W29,SEX,Female,[0.5807114  0.20238133 0.08909554 0.02255691 0.04780598 0.05744884],0.0020683216744659554
52,S12_W29,SEX,Male,[0.5266843  0.23998894 0.09764684 0.03636696 0.03691504 0.06239792],0.0024105288192176415
53,HELPHURTB_W29,SEX,Female,[0.39192279 0.03397325 0.57410396],0.013263144003097213
54,HELPHURTB_W29,SEX,Male,[0.2257913  0.06836105 0.70584765],0.0021798149562748718
55,TRAITSD_W29,SEX,Female,[0.27276813 0.48558914 0.20170677 0.03993596],0.00893434919415429
56,TRAITSD_W29,SEX,Male,[0.25184281 0.53155813 0.18075222 0.03584684],0.006215866965256502
57,PARTICIPATEB_W29,SEX,Female,[0.0720963 0.9279037],0.009305418758290005
58,PARTICIPATEB_W29,SEX,Male,[0.10459283 0.89540717],0.009113950385166283
59,MESUM1_FA_W29,SEX,Female,[0.74845985 0.25154015],0.014296975007156643
60,MESUM1_FA_W29,SEX,Male,[0.83841174 0.16158826],0.008485623547953229
61,TRAITSF_W29,SEX,Female,[0.46495932 0.43063671 0.08614034 0.01826363],0.00881814003780814
62,TRAITSF_W29,SEX,Male,[0.2371703  0.53543068 0.19578166 0.03161736],0.006407063152385463
63,NOWSMK_NHIS_W29,SEX,Female,[0.35722916 0.14135031 0.50142053],0.0012136716833589056
64,NOWSMK_NHIS_W29,SEX,Male,[0.2943792  0.130046   0.57557481],0.0004272943546145828
65,SEENMASC_W29,SEX,Female,[0. 0. 0. 1.],0.0
66,SEENMASC_W29,SEX,Male,[0.09216881 0.35479218 0.37524532 0.17779369],0.006649136731391376
67,MASC2_W29,SEX,Female,[0. 0. 0. 1.],0.0
68,MASC2_W29,SEX,Male,[0.31066773 0.53744524 0.14005125 0.01183577],0.005362645804568338
69,HOOD_NHISB_W29,SEX,Female,[0.2767941  0.47398071 0.16214025 0.08708494],0.00840554069518317
70,HOOD_NHISB_W29,SEX,Male,[0.30577198 0.48434583 0.12668054 0.08320165],0.00421554268980034
71,FAVORS_CPS_W29,SEX,Female,[0.02428878 0.09375932 0.18055203 0.1021754  0.26151783 0.33770665],0.0038028591688756912
72,FAVORS_CPS_W29,SEX,Male,[0.02329955 0.11365943 0.19287249 0.1198234  0.26610779 0.28423736],0.004125779334547662
73,HOOD_NHISA_W29,SEX,Female,[0.3544619  0.38504397 0.15010394 0.11039019],0.005184454589710577
74,HOOD_NHISA_W29,SEX,Male,[0.3395298  0.42525789 0.14052703 0.09468528],0.0025914150054741447
75,S7_W29,SEX,Female,[0.1395261 0.8604739],0.0028502036665443886
76,S7_W29,SEX,Male,[0.13560832 0.86439168],0.0037660571557106433
77,MAN1A_W29,SEX,Female,[0. 0. 1. 0.],0.0
78,MAN1A_W29,SEX,Male,[0.27566616 0.43376445 0.25645799 0.0341114 ],0.0029726228253263982
79,DIFF1C_W29,SEX,Female,[0.31556868 0.68443132],0.0072453868572702985
80,DIFF1C_W29,SEX,Male,[0.37969179 0.62030821],0.007896052388706635
81,TRAITSC_W29,SEX,Female,[0.52567526 0.37828371 0.07592823 0.0201128 ],0.007530424476884736
82,TRAITSC_W29,SEX,Male,[0.20590658 0.54059787 0.22151183 0.03198373],0.0065343464776263195
83,LOCALELECT_W29,SEX,Female,[0.29556647 0.30642843 0.1415478  0.2564573 ],0.0048042026036443355
84,LOCALELECT_W29,SEX,Male,[0.37154555 0.25245756 0.14549131 0.23050558],0.008184922900907481
85,BOYSF1D_W29,SEX,Female,[0.04297024 0.50014709 0.45688268],0.011526542366799718
86,BOYSF1D_W29,SEX,Male,[0.08945263 0.54363435 0.36691302],0.006536531520664007
87,MESUM2_FB_W29,SEX,Female,[0.75640137 0.24359863],0.018229393387206843
88,MESUM2_FB_W29,SEX,Male,[0.76580852 0.23419148],0.008831756688593158
89,MESUM1_FC_W29,SEX,Female,[0.73845658 0.26154342],0.013285305583572595
90,MESUM1_FC_W29,SEX,Male,[0.80896477 0.19103523],0.005869825917410935
91,PARTICIPATEA_W29,SEX,Female,[0.15718098 0.84281902],0.003808822823062283
92,PARTICIPATEA_W29,SEX,Male,[0.13015199 0.86984801],0.006151489336502688
93,GIRLSF2B_W29,SEX,Female,[0.08916227 0.42947813 0.4813596 ],0.009125065623818762
94,GIRLSF2B_W29,SEX,Male,[0.13240371 0.29608727 0.57150902],0.014658266726596262
95,SEENFEM_W29,SEX,Female,[0.18120757 0.33544558 0.32205407 0.16129277],0.0014042304480222966
96,GOPDIRCT_W29,SEX,Female,[0.13598538 0.54050094 0.25037822 0.07313546],0.025726080658086913
97,GOPDIRCT_W29,SEX,Male,[0.11630758 0.42318071 0.33881348 0.12169823],0.006981321668660068
98,DEMDIRCT_W29,SEX,Female,[0.13769824 0.53903674 0.25583715 0.06742787],0.005565833919830662
99,DEMDIRCT_W29,SEX,Male,[0.13210886 0.48289651 0.32417976 0.06081487],0.009604989578496844
100,SPOUSESEX_W29,SEX,Female,[0.95442315 0.04557685],0.006295357751160763
101,SPOUSESEX_W29,SEX,Male,[0.9540303 0.0459697],0.000333283214647809
102,FEM1F2_W29,SEX,Female,[0.26822263 0.12892006 0.60285731],0.0032927977081908433
103,FEM1F2_W29,SEX,Male,[0.35127658 0.09247501 0.5562484 ],0.0027773238697413193
104,MAN1D_W29,SEX,Female,[0. 0. 0. 1.],0.0
105,MAN1D_W29,SEX,Male,[0.14724444 0.42236585 0.31083629 0.11955343],0.003242867577306291
106,TRAITSA_W29,SEX,Female,[0.46544422 0.47924117 0.04608987 0.00922474],0.007463065034180137
107,TRAITSA_W29,SEX,Male,[0.3977949  0.5591095  0.03741093 0.00568466],0.004975157279959394
108,GIRLSF2C_W29,SEX,Female,[0.04530321 0.56159097 0.39310581],0.010692354896985456
109,GIRLSF2C_W29,SEX,Male,[0.08448809 0.4976243  0.41788761],0.0057594741103595805
110,TRAITSE_W29,SEX,Female,[0.12955558 0.48034022 0.31131682 0.07878738],0.0039010546881671822
111,TRAITSE_W29,SEX,Male,[0.21064495 0.58355697 0.16599359 0.03980449],0.005937871324138077
112,MESUM2_FF_W29,SEX,Female,[0.3832997 0.6167003],0.026881497875670075
113,MESUM2_FF_W29,SEX,Male,[0.23396784 0.76603216],0.01566606019899774
114,MESUM1_FE_W29,SEX,Female,[0.52696806 0.47303194],0.02231666393609484
115,MESUM1_FE_W29,SEX,Male,[0.63505995 0.36494005],0.0050234444999933455
116,PERSDISCR_W29,SEX,Female,[0.43556457 0.56443543],0.004013619543418101
117,PERSDISCR_W29,SEX,Male,[0.17835402 0.82164598],0.0018783008901735625
118,GIRLSF2A_W29,SEX,Female,[0.0738696  0.57567897 0.35045143],0.008312341861467745
119,GIRLSF2A_W29,SEX,Male,[0.10841865 0.4726094  0.41897195],0.008365036180962423
120,MASC2AF1_W29,SEX,Female,[0.57369189 0.42630811],0.02905610432442535
121,MASC2AF1_W29,SEX,Male,[0.68961759 0.31038241],0.017204118177366237
122,DIFF1D_W29,SEX,Female,[0.10882396 0.89117604],0.006209057037316889
123,DIFF1D_W29,SEX,Male,[0.13968093 0.86031907],0.012904408781847464
124,HELPHURTF_W29,SEX,Female,[0.08572185 0.15921595 0.7550622 ],0.019726721150364702
125,HELPHURTF_W29,SEX,Male,[0.11405943 0.25298642 0.63295415],0.0028889817003761643
126,TRANSGEND1_W29,SEX,Female,[0.51274352 0.48725648],0.02554613878792535
127,TRANSGEND1_W29,SEX,Male,[0.59258424 0.40741576],0.011786395545424573
128,TALK_CPS_W29,SEX,Female,[0.11739607 0.31361509 0.24067295 0.07833439 0.16511731 0.08486419],0.0029786321624004166
129,TALK_CPS_W29,SEX,Male,[0.11219171 0.32535331 0.27903443 0.07859164 0.12387813 0.08095078],0.0034803324526996244
130,HELPHURTD_W29,SEX,Female,[0.06431081 0.25347583 0.68221337],0.021224834060783973
131,HELPHURTD_W29,SEX,Male,[0.06643856 0.36378535 0.56977609],0.00583126689488904
132,HELPHURTG_W29,SEX,Female,[0.16099489 0.05302164 0.78598348],0.020125934270189456
133,HELPHURTG_W29,SEX,Male,[0.30084855 0.05126053 0.64789092],0.0038311577547563364
134,MESUM2_FD_W29,SEX,Female,[0.46516478 0.53483522],0.03237757814429021
135,MESUM2_FD_W29,SEX,Male,[0.36554655 0.63445345],0.01605515223495154
136,WORRYBILL_W29,SEX,Female,[0.25429552 0.29149483 0.24179162 0.21241803],0.0042752151498329635
137,WORRYBILL_W29,SEX,Male,[0.1800411  0.26559523 0.31012644 0.24423723],0.00606341870122523
138,FEM2BF2_W29,SEX,Female,[0.02750194 0.97249806],0.0
139,FEM2BF2_W29,SEX,Male,[0.0440142 0.9559858],0.0
140,DIFF1E_W29,SEX,Female,[0.63434556 0.36565444],0.007941603841408938
141,DIFF1E_W29,SEX,Male,[0.63153087 0.36846913],0.00828592042417381
142,TRANSGEND3_W29,SEX,Female,[0.28885061 0.44489857 0.26625081],0.028997501538655865
143,TRANSGEND3_W29,SEX,Male,[0.37662413 0.3341048  0.28927107],0.010453363686601663
144,MESUM1_FB_W29,SEX,Female,[0.9129693 0.0870307],0.011265561626685334
145,MESUM1_FB_W29,SEX,Male,[0.82797184 0.17202816],0.0028392132909077984
146,HOOD_NHISC_W29,SEX,Female,[0.13202287 0.41423973 0.27317472 0.18056267],0.008056337849844298
147,HOOD_NHISC_W29,SEX,Male,[0.14386391 0.41413717 0.28045085 0.16154808],0.006369070017157649
148,MASC2BF1_W29,SEX,Female,[0.07456193 0.92543807],0.0
149,MASC2BF1_W29,SEX,Male,[0.07141635 0.92858365],0.005182239846000377
150,GOODJOBS_W29,SEX,Female,[0.37189926 0.62810074],0.015584921098770476
151,GOODJOBS_W29,SEX,Male,[0.39202366 0.60797634],0.00667127343822693
0,WORRYRET_W29,EDUCATION,Associate's degree,[0.29532247 0.34140281 0.25186262 0.1114121 ],0.0
1,WORRYRET_W29,EDUCATION,College graduate/some postgrad,[0.2066885  0.37984267 0.27925257 0.13421626],0.004269786981318005
2,WORRYRET_W29,EDUCATION,High school graduate,[0.38353235 0.27279791 0.21601801 0.12765172],0.0067885560595042265
3,WORRYRET_W29,EDUCATION,Less than high school,[0.41690664 0.29470383 0.16447898 0.12391055],0.006939057377618998
4,WORRYRET_W29,EDUCATION,Postgraduate,[0.18272536 0.33908731 0.33589324 0.14229409],0.002183384700513389
5,WORRYRET_W29,EDUCATION,"Some college, no degree",[0.27161214 0.33088232 0.23131545 0.1661901 ],0.0019090233339509666
6,BOYSF1B_W29,EDUCATION,Associate's degree,[0.16246248 0.62322968 0.21430784],0.007890244564393573
7,BOYSF1B_W29,EDUCATION,College graduate/some postgrad,[0.07508883 0.63202401 0.29288716],0.007729784386389819
8,BOYSF1B_W29,EDUCATION,High school graduate,[0.11222007 0.58405825 0.30372168],0.013572136851041848
9,BOYSF1B_W29,EDUCATION,Less than high school,[0.11371852 0.49583077 0.39045071],0.006258658453989654
10,BOYSF1B_W29,EDUCATION,Postgraduate,[0.0603299  0.66128775 0.27838235],0.014466449919287607
11,BOYSF1B_W29,EDUCATION,"Some college, no degree",[0.1266534  0.59108502 0.28226158],0.00790221603821588
12,TRANSGEND2_W29,EDUCATION,Associate's degree,[0.33592831 0.66407169],0.0036540150286198747
13,TRANSGEND2_W29,EDUCATION,College graduate/some postgrad,[0.37333185 0.62666815],0.0007801165829111392
14,TRANSGEND2_W29,EDUCATION,High school graduate,[0.37487353 0.62512647],0.011739147952390594
15,TRANSGEND2_W29,EDUCATION,Less than high school,[0.35498115 0.64501885],0.00339296973731036
16,TRANSGEND2_W29,EDUCATION,Postgraduate,[0.43730606 0.56269394],0.007546279878977268
17,TRANSGEND2_W29,EDUCATION,"Some college, no degree",[0.33133615 0.66866385],0.0013555740386807234
18,MAN1E_W29,EDUCATION,Associate's degree,[0.3679118  0.39574611 0.17835314 0.05798896],0.0023077916941302945
19,MAN1E_W29,EDUCATION,College graduate/some postgrad,[0.36602681 0.49071186 0.11288762 0.03037371],0.006959819216757033
20,MAN1E_W29,EDUCATION,High school graduate,[0.38905971 0.47636353 0.08685396 0.04772279],0.004737220113132598
21,MAN1E_W29,EDUCATION,Less than high school,[0.52323061 0.35432423 0.10100137 0.02144379],0.007472715293061087
22,MAN1E_W29,EDUCATION,Postgraduate,[0.38451602 0.47283209 0.09898963 0.04366226],0.0038809074270437344
23,MAN1E_W29,EDUCATION,"Some college, no degree",[0.44126318 0.43665291 0.10272619 0.01935771],0.0006661291103362934
24,MESUM2_FC_W29,EDUCATION,Associate's degree,[0.43393096 0.56606904],0.00042900279438781404
25,MESUM2_FC_W29,EDUCATION,College graduate/some postgrad,[0.36630682 0.63369318],0.01441979101738293
26,MESUM2_FC_W29,EDUCATION,High school graduate,[0.53793734 0.46206266],0.012386639863422689
27,MESUM2_FC_W29,EDUCATION,Less than high school,[0.48315301 0.51684699],0.04006152547080539
28,MESUM2_FC_W29,EDUCATION,Postgraduate,[0.27803728 0.72196272],0.011318142072910469
29,MESUM2_FC_W29,EDUCATION,"Some college, no degree",[0.4774246 0.5225754],0.02492612830296276
30,HELPHURTC_W29,EDUCATION,Associate's degree,[0.25795622 0.09452931 0.64751447],0.007351087096827014
31,HELPHURTC_W29,EDUCATION,College graduate/some postgrad,[0.3227147  0.10340724 0.57387806],0.0014020145698941105
32,HELPHURTC_W29,EDUCATION,High school graduate,[0.25287616 0.11657887 0.63054497],0.010769590947042754
33,HELPHURTC_W29,EDUCATION,Less than high school,[0.32102663 0.09715254 0.58182083],0.033966393104453235
34,HELPHURTC_W29,EDUCATION,Postgraduate,[0.40761437 0.1219978  0.47038783],0.00028409188912850724
35,HELPHURTC_W29,EDUCATION,"Some college, no degree",[0.29350115 0.09547524 0.61102361],0.0015970935379790178
36,MESUM1_FF_W29,EDUCATION,Associate's degree,[0.61457599 0.38542401],0.0
37,MESUM1_FF_W29,EDUCATION,College graduate/some postgrad,[0.77590061 0.22409939],0.01521578991666196
38,MESUM1_FF_W29,EDUCATION,High school graduate,[0.56089458 0.43910542],0.005464788688730275
39,MESUM1_FF_W29,EDUCATION,Less than high school,[0.55834859 0.44165141],0.01826583437875174
40,MESUM1_FF_W29,EDUCATION,Postgraduate,[0.77628098 0.22371902],0.005227492045575634
41,MESUM1_FF_W29,EDUCATION,"Some college, no degree",[0.64695991 0.35304009],0.00632520732724925
42,MESUM2_FE_W29,EDUCATION,Associate's degree,[0.62293059 0.37706941],0.005274817669556883
43,MESUM2_FE_W29,EDUCATION,College graduate/some postgrad,[0.64803701 0.35196299],0.02385182258557454
44,MESUM2_FE_W29,EDUCATION,High school graduate,[0.43922522 0.56077478],0.021447520713494428
45,MESUM2_FE_W29,EDUCATION,Less than high school,[0.48433687 0.51566313],0.08830808341713105
46,MESUM2_FE_W29,EDUCATION,Postgraduate,[0.69358466 0.30641534],0.025754514957490413
47,MESUM2_FE_W29,EDUCATION,"Some college, no degree",[0.59863895 0.40136105],0.023041708796256215
48,MESUM2_FA_W29,EDUCATION,Associate's degree,[0.61030884 0.38969116],0.0105197754459316
49,MESUM2_FA_W29,EDUCATION,College graduate/some postgrad,[0.58986722 0.41013278],0.014221500020882233
50,MESUM2_FA_W29,EDUCATION,High school graduate,[0.54309945 0.45690055],0.011571572452841173
51,MESUM2_FA_W29,EDUCATION,Less than high school,[0.61842667 0.38157333],0.015651996325510995
52,MESUM2_FA_W29,EDUCATION,Postgraduate,[0.71968768 0.28031232],0.003923024825539575
53,MESUM2_FA_W29,EDUCATION,"Some college, no degree",[0.57840782 0.42159218],0.02067085000265788
54,MESUM1_FD_W29,EDUCATION,Associate's degree,[0.59662995 0.40337005],0.010970803304176107
55,MESUM1_FD_W29,EDUCATION,College graduate/some postgrad,[0.25601231 0.74398769],0.012333185802238415
56,MESUM1_FD_W29,EDUCATION,High school graduate,[0.58238929 0.41761071],0.008706242939197698
57,MESUM1_FD_W29,EDUCATION,Less than high school,[0.40115723 0.59884277],0.03606503140935169
58,MESUM1_FD_W29,EDUCATION,Postgraduate,[0.17452481 0.82547519],0.00898497938890122
59,MESUM1_FD_W29,EDUCATION,"Some college, no degree",[0.47236658 0.52763342],0.009378655725457197
60,MASC1F1_W29,EDUCATION,Associate's degree,[0.52455189 0.17434673 0.30110138],0.008296619947203002
61,MASC1F1_W29,EDUCATION,College graduate/some postgrad,[0.52444523 0.07652501 0.39902976],0.008188516804026562
62,MASC1F1_W29,EDUCATION,High school graduate,[0.54756145 0.04960118 0.40283737],0.00514471456042872
63,MASC1F1_W29,EDUCATION,Less than high school,[0.53461823 0.06053078 0.40485099],0.02352611117859736
64,MASC1F1_W29,EDUCATION,Postgraduate,[0.52191858 0.05572601 0.42235541],0.0017643865604471147
65,MASC1F1_W29,EDUCATION,"Some college, no degree",[0.52823851 0.09851946 0.37324203],0.0024688364322376683
66,TRAITSB_W29,EDUCATION,Associate's degree,[0.10187466 0.62167602 0.23369221 0.04275712],0.00036877340896402527
67,TRAITSB_W29,EDUCATION,College graduate/some postgrad,[0.1209768  0.66516998 0.19039274 0.02346048],0.0023697987181048757
68,TRAITSB_W29,EDUCATION,High school graduate,[0.14207616 0.58795596 0.22602445 0.04394343],0.01281413854442514
69,TRAITSB_W29,EDUCATION,Less than high school,[0.2042014  0.51016371 0.20021295 0.08542194],0.02343645156777072
70,TRAITSB_W29,EDUCATION,Postgraduate,[0.12899056 0.66524915 0.18756682 0.01819346],0.011856193258538334
71,TRAITSB_W29,EDUCATION,"Some college, no degree",[0.14956455 0.6504106  0.17347099 0.02655387],0.003862496127888737
72,BOYSF1C_W29,EDUCATION,Associate's degree,[0.15986635 0.40967789 0.43045576],0.007068444734957365
73,BOYSF1C_W29,EDUCATION,College graduate/some postgrad,[0.10954228 0.30691591 0.58354181],0.008102702911630198
74,BOYSF1C_W29,EDUCATION,High school graduate,[0.15213371 0.43127549 0.41659081],0.015097047444664481
75,BOYSF1C_W29,EDUCATION,Less than high school,[0.13564838 0.45375472 0.41059691],0.00829396743830828
76,BOYSF1C_W29,EDUCATION,Postgraduate,[0.18539206 0.27231722 0.54229072],0.013114339873164986
77,BOYSF1C_W29,EDUCATION,"Some college, no degree",[0.11493152 0.44324506 0.44182342],0.009166669501981433
78,BLOODPR_W29,EDUCATION,Associate's degree,[0.32840466 0.67159534],0.00046275593249832896
79,BLOODPR_W29,EDUCATION,College graduate/some postgrad,[0.26547732 0.73452268],0.0004074449500315635
80,BLOODPR_W29,EDUCATION,High school graduate,[0.40618271 0.59381729],0.003144664508459828
81,BLOODPR_W29,EDUCATION,Less than high school,[0.40318895 0.59681105],0.00339296973731036
82,BLOODPR_W29,EDUCATION,Postgraduate,[0.29205092 0.70794908],0.0
83,BLOODPR_W29,EDUCATION,"Some college, no degree",[0.38793723 0.61206277],0.0028718237868310533
84,MAN1C_W29,EDUCATION,Associate's degree,[0.08906598 0.29017576 0.33590515 0.2848531 ],0.0020096866532558666
85,MAN1C_W29,EDUCATION,College graduate/some postgrad,[0.10385501 0.37231547 0.39356197 0.13026755],0.0016518852644473038
86,MAN1C_W29,EDUCATION,High school graduate,[0.07671728 0.40496131 0.321054   0.19726741],0.0015080761838220614
87,MAN1C_W29,EDUCATION,Less than high school,[0.2094262  0.31919795 0.24120607 0.23016978],0.007472715293061088
88,MAN1C_W29,EDUCATION,Postgraduate,[0.0546475  0.3288061  0.43511845 0.18142795],0.004555625463940185
89,MAN1C_W29,EDUCATION,"Some college, no degree",[0.09983806 0.35459956 0.39142575 0.15413663],0.0056922554609777866
90,FEM2AF2_W29,EDUCATION,Associate's degree,[0.87894086 0.12105914],0.013844359838612815
91,FEM2AF2_W29,EDUCATION,College graduate/some postgrad,[0.66742211 0.33257789],0.004629183200244307
92,FEM2AF2_W29,EDUCATION,High school graduate,[0.86739125 0.13260875],0.0369737861383247
93,FEM2AF2_W29,EDUCATION,Less than high school,[0.89923724 0.10076276],0.0
94,FEM2AF2_W29,EDUCATION,Postgraduate,[0.81728703 0.18271297],0.02569466324970406
95,FEM2AF2_W29,EDUCATION,"Some college, no degree",[0.86374228 0.13625772],0.010225104729287334
96,DIFF1B_W29,EDUCATION,Associate's degree,[0.19470103 0.80529897],0.0012930952477886977
97,DIFF1B_W29,EDUCATION,College graduate/some postgrad,[0.22015311 0.77984689],0.006486579868725374
98,DIFF1B_W29,EDUCATION,High school graduate,[0.24675535 0.75324465],0.011748183649845853
99,DIFF1B_W29,EDUCATION,Less than high school,[0.33443875 0.66556125],0.030307628020365362
100,DIFF1B_W29,EDUCATION,Postgraduate,[0.23315891 0.76684109],0.011034903026163206
101,DIFF1B_W29,EDUCATION,"Some college, no degree",[0.21906755 0.78093245],0.0006358706993046483
102,DIFF1A_W29,EDUCATION,Associate's degree,[0.31973201 0.68026799],0.015351738839239654
103,DIFF1A_W29,EDUCATION,College graduate/some postgrad,[0.3342387 0.6657613],0.003661106248956366
104,DIFF1A_W29,EDUCATION,High school graduate,[0.26797677 0.73202323],0.011748183649845855
105,DIFF1A_W29,EDUCATION,Less than high school,[0.32638553 0.67361447],0.0033929697373103604
106,DIFF1A_W29,EDUCATION,Postgraduate,[0.35218751 0.64781249],0.009738862328515042
107,DIFF1A_W29,EDUCATION,"Some college, no degree",[0.33092529 0.66907471],0.00040738641254568466
108,FEM2_W29,EDUCATION,Associate's degree,[0.298038   0.55214361 0.13522321 0.01459518],0.0
109,FEM2_W29,EDUCATION,College graduate/some postgrad,[0.27295129 0.62219869 0.10208095 0.00276906],0.0009155656104444311
110,FEM2_W29,EDUCATION,High school graduate,[0.37822109 0.48454609 0.11453609 0.02269673],0.0015927081458246728
111,FEM2_W29,EDUCATION,Less than high school,[0.45391648 0.37978643 0.13820124 0.02809586],0.012179517748272826
112,FEM2_W29,EDUCATION,Postgraduate,[0.17666041 0.64207523 0.17000283 0.01126152],0.004764097105935492
113,FEM2_W29,EDUCATION,"Some college, no degree",[0.27812596 0.56499829 0.12066589 0.03620986],0.000782467384373999
114,HELPHURTE_W29,EDUCATION,Associate's degree,[0.30330521 0.15861831 0.53807648],0.006702221425300633
115,HELPHURTE_W29,EDUCATION,College graduate/some postgrad,[0.27791849 0.1377049  0.58437661],0.0061155430250116995
116,HELPHURTE_W29,EDUCATION,High school graduate,[0.21837712 0.22230826 0.55931462],0.011302321719623056
117,HELPHURTE_W29,EDUCATION,Less than high school,[0.15710568 0.18194244 0.66095188],0.003549502919459934
118,HELPHURTE_W29,EDUCATION,Postgraduate,[0.27360696 0.12711567 0.59927737],0.0022649985508556504
119,HELPHURTE_W29,EDUCATION,"Some college, no degree",[0.20398516 0.23357639 0.56243844],0.003944643231470797
120,PARTICIPATEC_W29,EDUCATION,Associate's degree,[0.11050368 0.88949632],0.0004310886336157962
121,PARTICIPATEC_W29,EDUCATION,College graduate/some postgrad,[0.18368778 0.81631222],0.005117845405243492
122,PARTICIPATEC_W29,EDUCATION,High school graduate,[0.09226592 0.90773408],0.013974376715187992
123,PARTICIPATEC_W29,EDUCATION,Less than high school,[0.07455506 0.92544494],0.00339296973731036
124,PARTICIPATEC_W29,EDUCATION,Postgraduate,[0.20111814 0.79888186],0.0043785823707602235
125,PARTICIPATEC_W29,EDUCATION,"Some college, no degree",[0.13364324 0.86635676],0.0006048171941319116
126,S13_W29,EDUCATION,Associate's degree,[0.32095463 0.34495518 0.18175703 0.0668458  0.05341477 0.03207259],0.0
127,S13_W29,EDUCATION,College graduate/some postgrad,[0.30348725 0.37082128 0.21953161 0.05036828 0.0528947  0.00289688],0.0015803487398596801
128,S13_W29,EDUCATION,High school graduate,[0.28460185 0.36900772 0.18026789 0.04457476 0.08415302 0.03739476],0.001548742937085381
129,S13_W29,EDUCATION,Less than high school,[0.27424418 0.33644908 0.14273688 0.06255563 0.07250721 0.11150702],0.00339296973731036
130,S13_W29,EDUCATION,Postgraduate,[0.30929872 0.39024772 0.21335161 0.03485276 0.05173927 0.00050992],0.0038600762316429813
131,S13_W29,EDUCATION,"Some college, no degree",[0.35220503 0.33793813 0.18238547 0.06282503 0.04691252 0.01773383],0.006327245445729657
132,GIRLSF2D_W29,EDUCATION,Associate's degree,[0.10914951 0.37066369 0.52018681],0.0024048944696780494
133,GIRLSF2D_W29,EDUCATION,College graduate/some postgrad,[0.05047279 0.43971835 0.50980886],0.009226143064347114
134,GIRLSF2D_W29,EDUCATION,High school graduate,[0.11762389 0.3599647  0.52241141],0.005700377737118617
135,GIRLSF2D_W29,EDUCATION,Less than high school,[0.07218181 0.35366129 0.5741569 ],0.012285619977320627
136,GIRLSF2D_W29,EDUCATION,Postgraduate,[0.05384116 0.44370766 0.50245118],0.02067350672384014
137,GIRLSF2D_W29,EDUCATION,"Some college, no degree",[0.03072299 0.49577787 0.47349914],0.0057378514300536546
138,BOYSF1A_W29,EDUCATION,Associate's degree,[0.13374752 0.44891045 0.41734204],0.007583397678588817
139,BOYSF1A_W29,EDUCATION,College graduate/some postgrad,[0.14918004 0.3376981  0.51312186],0.005281924374544504
140,BOYSF1A_W29,EDUCATION,High school graduate,[0.15647753 0.48076766 0.36275481],0.021014303855929218
141,BOYSF1A_W29,EDUCATION,Less than high school,[0.14115369 0.43960612 0.41924019],0.006258658453989654
142,BOYSF1A_W29,EDUCATION,Postgraduate,[0.19624107 0.29890416 0.50485477],0.01486205393848928
143,BOYSF1A_W29,EDUCATION,"Some college, no degree",[0.10794579 0.41903293 0.47302128],0.00915090990562504
144,HELPHURTA_W29,EDUCATION,Associate's degree,[0.16298775 0.23728902 0.59972324],0.018233499641582537
145,HELPHURTA_W29,EDUCATION,College graduate/some postgrad,[0.17285196 0.13248467 0.69466336],0.011633303919376023
146,HELPHURTA_W29,EDUCATION,High school graduate,[0.12599434 0.33209057 0.54191509],0.009869535990285797
147,HELPHURTA_W29,EDUCATION,Less than high school,[0.10444739 0.27060673 0.62494588],0.030416890184993304
148,HELPHURTA_W29,EDUCATION,Postgraduate,[0.21236529 0.07824209 0.70939262],0.0009689407890498766
149,HELPHURTA_W29,EDUCATION,"Some college, no degree",[0.11515725 0.22197869 0.66286406],0.0018918183143836497
150,MAN1B_W29,EDUCATION,Associate's degree,[0.07345207 0.29934803 0.36040495 0.26679495],0.0025410699311551235
151,MAN1B_W29,EDUCATION,College graduate/some postgrad,[0.08074056 0.38418992 0.32789335 0.20717617],0.0016518852644473038
152,MAN1B_W29,EDUCATION,High school graduate,[0.1252411  0.27665295 0.29898447 0.29912148],0.0022185117655833006
153,MAN1B_W29,EDUCATION,Less than high school,[0.17958283 0.19354639 0.34622981 0.28064097],0.04225159070827991
154,MAN1B_W29,EDUCATION,Postgraduate,[0.07022357 0.28766398 0.41907417 0.22303829],0.004555625463940185
155,MAN1B_W29,EDUCATION,"Some college, no degree",[0.12194936 0.28882072 0.36033233 0.2288976 ],0.0005639678071693196
156,S12_W29,EDUCATION,Associate's degree,[0.55725671 0.2328205  0.08764485 0.03276616 0.027071   0.06244078],0.0
157,S12_W29,EDUCATION,College graduate/some postgrad,[0.59919553 0.23690122 0.0718397  0.02014853 0.03710398 0.03481102],0.004248612434822475
158,S12_W29,EDUCATION,High school graduate,[0.52771689 0.20556979 0.0975909  0.02949747 0.05207433 0.08755062],0.0030434416557156676
159,S12_W29,EDUCATION,Less than high school,[0.48534567 0.13745423 0.18332611 0.03703682 0.04539274 0.11144443],0.004518007347998894
160,S12_W29,EDUCATION,Postgraduate,[0.65425775 0.21431071 0.07877774 0.01736585 0.01117241 0.02411553],0.0018676132161286347
161,S12_W29,EDUCATION,"Some college, no degree",[0.53517623 0.26062826 0.07855867 0.03691484 0.05491211 0.03380988],0.0
162,HELPHURTB_W29,EDUCATION,Associate's degree,[0.29870458 0.04233604 0.65895939],0.006702221425300632
163,HELPHURTB_W29,EDUCATION,College graduate/some postgrad,[0.36044117 0.05324045 0.58631838],0.00518945635358403
164,HELPHURTB_W29,EDUCATION,High school graduate,[0.22820189 0.05587485 0.71592325],0.01251770989431951
165,HELPHURTB_W29,EDUCATION,Less than high school,[0.2642762  0.04256185 0.69316196],0.0
166,HELPHURTB_W29,EDUCATION,Postgraduate,[0.41674464 0.05037034 0.53288502],0.000532587821163543
167,HELPHURTB_W29,EDUCATION,"Some college, no degree",[0.28790466 0.05687136 0.65522398],0.0009872301785852026
168,TRAITSD_W29,EDUCATION,Associate's degree,[0.24218737 0.54849513 0.18739103 0.02192647],0.0013168821355118495
169,TRAITSD_W29,EDUCATION,College graduate/some postgrad,[0.27518923 0.44856977 0.23158874 0.04465226],0.002096583049971349
170,TRAITSD_W29,EDUCATION,High school graduate,[0.24169422 0.53068774 0.17597121 0.05164683],0.008453151626059379
171,TRAITSD_W29,EDUCATION,Less than high school,[0.28448682 0.48714378 0.17721649 0.05115291],0.012754072434595864
172,TRAITSD_W29,EDUCATION,Postgraduate,[0.27802966 0.50834106 0.18793438 0.02569491],0.007889458963631569
173,TRAITSD_W29,EDUCATION,"Some college, no degree",[0.26630088 0.51909997 0.19157126 0.02302789],0.010941859343766694
174,PARTICIPATEB_W29,EDUCATION,Associate's degree,[0.08251225 0.91748775],0.00790763114864928
175,PARTICIPATEB_W29,EDUCATION,College graduate/some postgrad,[0.10913545 0.89086455],0.0028843829417242372
176,PARTICIPATEB_W29,EDUCATION,High school graduate,[0.07547699 0.92452301],0.017723476612142974
177,PARTICIPATEB_W29,EDUCATION,Less than high school,[0.03140557 0.96859443],0.004586140815689177
178,PARTICIPATEB_W29,EDUCATION,Postgraduate,[0.11314071 0.88685929],0.00240438201316917
179,PARTICIPATEB_W29,EDUCATION,"Some college, no degree",[0.10295675 0.89704325],0.009514805384857127
180,MESUM1_FA_W29,EDUCATION,Associate's degree,[0.76658846 0.23341154],0.002475731938758815
181,MESUM1_FA_W29,EDUCATION,College graduate/some postgrad,[0.72615807 0.27384193],0.004431352235328338
182,MESUM1_FA_W29,EDUCATION,High school graduate,[0.8277008 0.1722992],0.01300379646096578
183,MESUM1_FA_W29,EDUCATION,Less than high school,[0.84588123 0.15411877],0.0
184,MESUM1_FA_W29,EDUCATION,Postgraduate,[0.74626662 0.25373338],0.000321474272989409
185,MESUM1_FA_W29,EDUCATION,"Some college, no degree",[0.80343293 0.19656707],0.015793470927078265
186,TRAITSF_W29,EDUCATION,Associate's degree,[0.34736525 0.44134159 0.17952006 0.0317731 ],0.006045294525756764
187,TRAITSF_W29,EDUCATION,College graduate/some postgrad,[0.34698424 0.46442487 0.16972713 0.01886376],0.0041481186548264085
188,TRAITSF_W29,EDUCATION,High school graduate,[0.38586493 0.46335428 0.11554879 0.035232  ],0.006853431136877764
189,TRAITSF_W29,EDUCATION,Less than high school,[0.36340569 0.5070287  0.09009163 0.03947399],0.009699707834651985
190,TRAITSF_W29,EDUCATION,Postgraduate,[0.35759901 0.47745749 0.15934837 0.00559513],0.006670274778225961
191,TRAITSF_W29,EDUCATION,"Some college, no degree",[0.32169582 0.5237938  0.1412012  0.01330917],0.011512942824248588
192,NOWSMK_NHIS_W29,EDUCATION,Associate's degree,[0.22846195 0.15857336 0.61296469],0.002654422384279843
193,NOWSMK_NHIS_W29,EDUCATION,College graduate/some postgrad,[0.16336727 0.14760754 0.68902519],0.0
194,NOWSMK_NHIS_W29,EDUCATION,High school graduate,[0.42473422 0.13166154 0.44360424],0.0
195,NOWSMK_NHIS_W29,EDUCATION,Less than high school,[0.42015462 0.13452846 0.44531692],0.0
196,NOWSMK_NHIS_W29,EDUCATION,Postgraduate,[0.12195439 0.12040872 0.75763689],0.00583690767016968
197,NOWSMK_NHIS_W29,EDUCATION,"Some college, no degree",[0.31300056 0.13270311 0.55429633],0.0003868557521014676
198,SEENMASC_W29,EDUCATION,Associate's degree,[0.11161587 0.31115899 0.40968651 0.16753863],0.005457272068170165
199,SEENMASC_W29,EDUCATION,College graduate/some postgrad,[0.09108081 0.39025065 0.34743184 0.1712367 ],0.0035899192071839783
200,SEENMASC_W29,EDUCATION,High school graduate,[0.10906926 0.34212795 0.38937881 0.15942398],0.012208412074379534
201,SEENMASC_W29,EDUCATION,Less than high school,[0.09564604 0.32627303 0.37053242 0.20754851],0.007472715293061088
202,SEENMASC_W29,EDUCATION,Postgraduate,[0.07150327 0.3323208  0.39431278 0.20186315],0.0022451708655793143
203,SEENMASC_W29,EDUCATION,"Some college, no degree",[0.06824111 0.39504048 0.34711779 0.18960062],0.0034787476679571856
204,MASC2_W29,EDUCATION,Associate's degree,[0.27997386 0.57141253 0.1464926  0.00212101],0.0
205,MASC2_W29,EDUCATION,College graduate/some postgrad,[0.22806901 0.61842577 0.13952202 0.01398321],0.0038517462142378723
206,MASC2_W29,EDUCATION,High school graduate,[0.39632939 0.46556693 0.12291355 0.01519013],0.003586615134492858
207,MASC2_W29,EDUCATION,Less than high school,[0.32000287 0.45784568 0.18453873 0.03761273],0.028089714766028114
208,MASC2_W29,EDUCATION,Postgraduate,[0.19870432 0.59897894 0.19930924 0.0030075 ],0.0022451708655793143
209,MASC2_W29,EDUCATION,"Some college, no degree",[0.31827843 0.5664662  0.11061897 0.00463641],0.003180050809753154
210,HOOD_NHISB_W29,EDUCATION,Associate's degree,[0.23706474 0.53118808 0.19115725 0.04058993],0.0049156099117529444
211,HOOD_NHISB_W29,EDUCATION,College graduate/some postgrad,[0.37806934 0.47281213 0.11970332 0.02941521],0.0036079426932838408
212,HOOD_NHISB_W29,EDUCATION,High school graduate,[0.23405771 0.48638481 0.16344054 0.11611694],0.004829761100731414
213,HOOD_NHISB_W29,EDUCATION,Less than high school,[0.26568049 0.35885676 0.17189238 0.20357037],0.0033929697373103604
214,HOOD_NHISB_W29,EDUCATION,Postgraduate,[0.41538242 0.49920887 0.06687963 0.01852908],0.009870668126676328
215,HOOD_NHISB_W29,EDUCATION,"Some college, no degree",[0.27033018 0.49266447 0.1463193  0.09068604],0.01050960770407883
216,FAVORS_CPS_W29,EDUCATION,Associate's degree,[0.01090354 0.09186529 0.16889636 0.10734476 0.29010207 0.33088799],0.001213983299563593
217,FAVORS_CPS_W29,EDUCATION,College graduate/some postgrad,[0.01462984 0.07327    0.1853767  0.13194761 0.3338669  0.26090896],0.002250360902110287
218,FAVORS_CPS_W29,EDUCATION,High school graduate,[0.03623613 0.11376945 0.17426767 0.09836633 0.24565885 0.33170157],0.0007834260561564875
219,FAVORS_CPS_W29,EDUCATION,Less than high school,[0.03969674 0.14322914 0.14680721 0.097738   0.13628202 0.43624689],0.016610262299267885
220,FAVORS_CPS_W29,EDUCATION,Postgraduate,[0.00903098 0.0788535  0.23937481 0.13085588 0.30969674 0.23218809],0.002592236627151142
221,FAVORS_CPS_W29,EDUCATION,"Some college, no degree",[0.02154327 0.11504092 0.20395608 0.10854321 0.25469734 0.29621919],0.0052635599408843775
222,HOOD_NHISA_W29,EDUCATION,Associate's degree,[0.31982802 0.40365146 0.18944304 0.08707747],0.00569291806594892
223,HOOD_NHISA_W29,EDUCATION,College graduate/some postgrad,[0.36536504 0.43385334 0.13129256 0.06948906],0.0018327193497814419
224,HOOD_NHISA_W29,EDUCATION,High school graduate,[0.31943219 0.41375628 0.14220266 0.12460887],0.0034313416969809175
225,HOOD_NHISA_W29,EDUCATION,Less than high school,[0.3195645  0.31560205 0.17609316 0.18874029],0.0033929697373103604
226,HOOD_NHISA_W29,EDUCATION,Postgraduate,[0.45379447 0.41273136 0.09821769 0.03525648],0.004401604126918046
227,HOOD_NHISA_W29,EDUCATION,"Some college, no degree",[0.34284654 0.40558262 0.14844435 0.10312649],0.005112663676013396
228,S7_W29,EDUCATION,Associate's degree,[0.18115943 0.81884057],0.0012932417284407703
229,S7_W29,EDUCATION,College graduate/some postgrad,[0.21155377 0.78844623],0.0
230,S7_W29,EDUCATION,High school graduate,[0.05623191 0.94376809],0.004998233015283307
231,S7_W29,EDUCATION,Less than high school,[0.03606378 0.96393622],0.012475578529701575
232,S7_W29,EDUCATION,Postgraduate,[0.32141441 0.67858559],0.0024971274650498055
233,S7_W29,EDUCATION,"Some college, no degree",[0.1160208 0.8839792],0.00034325944755479184
234,MAN1A_W29,EDUCATION,Associate's degree,[0.21860994 0.44935878 0.30345352 0.02857776],0.0005786555488624441
235,MAN1A_W29,EDUCATION,College graduate/some postgrad,[0.22699111 0.49281407 0.24309801 0.03709681],0.002773387374259468
236,MAN1A_W29,EDUCATION,High school graduate,[0.31239708 0.39814736 0.24525354 0.04420201],0.0015080761838220614
237,MAN1A_W29,EDUCATION,Less than high school,[0.39138986 0.28488819 0.30947398 0.01424797],0.007472715293061087
238,MAN1A_W29,EDUCATION,Postgraduate,[0.24006765 0.50021138 0.2259227  0.03379827],0.0047776066393050536
239,MAN1A_W29,EDUCATION,"Some college, no degree",[0.25534713 0.45912074 0.25686405 0.02866808],0.003494507106091222
240,DIFF1C_W29,EDUCATION,Associate's degree,[0.32855947 0.67144053],0.0
241,DIFF1C_W29,EDUCATION,College graduate/some postgrad,[0.35891353 0.64108647],0.00828069215527093
242,DIFF1C_W29,EDUCATION,High school graduate,[0.32742671 0.67257329],0.009744470246431993
243,DIFF1C_W29,EDUCATION,Less than high school,[0.37950607 0.62049393],0.011863916530688644
244,DIFF1C_W29,EDUCATION,Postgraduate,[0.38580796 0.61419204],0.009170547519722778
245,DIFF1C_W29,EDUCATION,"Some college, no degree",[0.33516764 0.66483236],0.004797766690509273
246,TRAITSC_W29,EDUCATION,Associate's degree,[0.36335129 0.47329609 0.14541734 0.01793528],0.0
247,TRAITSC_W29,EDUCATION,College graduate/some postgrad,[0.35567718 0.46028674 0.16448233 0.01955375],0.004691675789895948
248,TRAITSC_W29,EDUCATION,High school graduate,[0.36782185 0.46977832 0.145269   0.01713083],0.006802708637563583
249,TRAITSC_W29,EDUCATION,Less than high school,[0.37942468 0.41657888 0.10953443 0.09446202],0.01700628333424758
250,TRAITSC_W29,EDUCATION,Postgraduate,[0.35593921 0.46441797 0.16399214 0.01565068],0.009121218847872977
251,TRAITSC_W29,EDUCATION,"Some college, no degree",[0.3973342  0.4421545  0.14028978 0.02022152],0.006408513007201448
252,LOCALELECT_W29,EDUCATION,Associate's degree,[0.35010588 0.30394367 0.14450166 0.20144879],0.008333558663549387
253,LOCALELECT_W29,EDUCATION,College graduate/some postgrad,[0.36796146 0.3301742  0.15857921 0.14328513],0.0013919931221739717
254,LOCALELECT_W29,EDUCATION,High school graduate,[0.28461102 0.26170916 0.14708444 0.30659538],0.01566578547175554
255,LOCALELECT_W29,EDUCATION,Less than high school,[0.21147799 0.206365   0.1423535  0.43980351],0.00339296973731036
256,LOCALELECT_W29,EDUCATION,Postgraduate,[0.45028318 0.32105948 0.11930761 0.10934973],0.0
257,LOCALELECT_W29,EDUCATION,"Some college, no degree",[0.34878859 0.27075327 0.13989896 0.24055918],0.002322039898999245
258,BOYSF1D_W29,EDUCATION,Associate's degree,[0.09170143 0.56265445 0.34564413],0.0022664848391233654
259,BOYSF1D_W29,EDUCATION,College graduate/some postgrad,[0.04581751 0.53655307 0.41762941],0.005445495244791806
260,BOYSF1D_W29,EDUCATION,High school graduate,[0.06070827 0.4976909  0.44160083],0.013572136851041847
261,BOYSF1D_W29,EDUCATION,Less than high school,[0.14276395 0.43212295 0.4251131 ],0.006258658453989654
262,BOYSF1D_W29,EDUCATION,Postgraduate,[0.04112015 0.53538475 0.4234951 ],0.014862053938489276
263,BOYSF1D_W29,EDUCATION,"Some college, no degree",[0.04522969 0.55952753 0.39524278],0.006831320144638213
264,MESUM2_FB_W29,EDUCATION,Associate's degree,[0.77945814 0.22054186],0.012339157657833702
265,MESUM2_FB_W29,EDUCATION,College graduate/some postgrad,[0.69794855 0.30205145],0.007729060409607704
266,MESUM2_FB_W29,EDUCATION,High school graduate,[0.7999892 0.2000108],0.010722882063609065
267,MESUM2_FB_W29,EDUCATION,Less than high school,[0.83520287 0.16479713],0.011683322196193753
268,MESUM2_FB_W29,EDUCATION,Postgraduate,[0.62281664 0.37718336],0.013185474739961966
269,MESUM2_FB_W29,EDUCATION,"Some college, no degree",[0.79596236 0.20403764],0.013653089696723363
270,MESUM1_FC_W29,EDUCATION,Associate's degree,[0.79561225 0.20438775],0.018545531670759095
271,MESUM1_FC_W29,EDUCATION,College graduate/some postgrad,[0.77332581 0.22667419],0.004971294736206033
272,MESUM1_FC_W29,EDUCATION,High school graduate,[0.77666047 0.22333953],0.00557366460294185
273,MESUM1_FC_W29,EDUCATION,Less than high school,[0.67322679 0.32677321],0.01826583437875174
274,MESUM1_FC_W29,EDUCATION,Postgraduate,[0.80551271 0.19448729],0.007930562109630113
275,MESUM1_FC_W29,EDUCATION,"Some college, no degree",[0.77298985 0.22701015],0.0020736406297769175
276,PARTICIPATEA_W29,EDUCATION,Associate's degree,[0.16901912 0.83098088],0.00029215307803651455
277,PARTICIPATEA_W29,EDUCATION,College graduate/some postgrad,[0.16319939 0.83680061],0.00232179583160214
278,PARTICIPATEA_W29,EDUCATION,High school graduate,[0.10828236 0.89171764],0.009817845752579837
279,PARTICIPATEA_W29,EDUCATION,Less than high school,[0.10053701 0.89946299],0.00339296973731036
280,PARTICIPATEA_W29,EDUCATION,Postgraduate,[0.23346141 0.76653859],0.0035265459404810956
281,PARTICIPATEA_W29,EDUCATION,"Some college, no degree",[0.13913023 0.86086977],0.004223895503030955
282,GIRLSF2B_W29,EDUCATION,Associate's degree,[0.14089587 0.34151472 0.51758941],0.0030021943454303437
283,GIRLSF2B_W29,EDUCATION,College graduate/some postgrad,[0.12395922 0.31433782 0.56170296],0.0036197891411891632
284,GIRLSF2B_W29,EDUCATION,High school graduate,[0.13320803 0.39903443 0.46775755],0.015812908572675397
285,GIRLSF2B_W29,EDUCATION,Less than high school,[0.06505289 0.39275662 0.54219049],0.03212201950387175
286,GIRLSF2B_W29,EDUCATION,Postgraduate,[0.13476662 0.27463826 0.59059512],0.017388380888211385
287,GIRLSF2B_W29,EDUCATION,"Some college, no degree",[0.06173887 0.39420018 0.54406096],0.005486934582517339
288,SEENFEM_W29,EDUCATION,Associate's degree,[0.16529438 0.25384404 0.36513318 0.21572839],0.0
289,SEENFEM_W29,EDUCATION,College graduate/some postgrad,[0.15711009 0.40481431 0.31566073 0.12241487],0.0
290,SEENFEM_W29,EDUCATION,High school graduate,[0.19092682 0.32581497 0.29558415 0.18767406],0.0030472514460189067
291,SEENFEM_W29,EDUCATION,Less than high school,[0.32934385 0.35290249 0.21702008 0.10073359],0.0
292,SEENFEM_W29,EDUCATION,Postgraduate,[0.09260884 0.396973   0.42270212 0.08771604],0.00486677125097451
293,SEENFEM_W29,EDUCATION,"Some college, no degree",[0.17087215 0.28562042 0.3372585  0.20624893],0.0
294,GOPDIRCT_W29,EDUCATION,Associate's degree,[0.12533399 0.47660893 0.28025603 0.11780105],0.0016852271853552462
295,GOPDIRCT_W29,EDUCATION,College graduate/some postgrad,[0.08481895 0.37105624 0.39644632 0.14767849],0.0
296,GOPDIRCT_W29,EDUCATION,High school graduate,[0.15321707 0.56782347 0.19498229 0.08397718],0.020651486097293142
297,GOPDIRCT_W29,EDUCATION,Less than high school,[0.24642084 0.42429987 0.30421759 0.0250617 ],0.08519250859508953
298,GOPDIRCT_W29,EDUCATION,Postgraduate,[0.08240989 0.33677876 0.48123642 0.09957493],0.0
299,GOPDIRCT_W29,EDUCATION,"Some college, no degree",[0.09809438 0.5014707  0.30085257 0.09958236],0.010456628569595316
300,DEMDIRCT_W29,EDUCATION,Associate's degree,[0.11049277 0.54051205 0.26221665 0.08677852],0.0
301,DEMDIRCT_W29,EDUCATION,College graduate/some postgrad,[0.0481591  0.55454114 0.33476995 0.06252982],0.0006889647577742928
302,DEMDIRCT_W29,EDUCATION,High school graduate,[0.24774325 0.42506717 0.28717583 0.04001375],0.00983671088317112
303,DEMDIRCT_W29,EDUCATION,Less than high school,[0.160184   0.57633397 0.1807406  0.08274143],0.032600048190981806
304,DEMDIRCT_W29,EDUCATION,Postgraduate,[0.05145547 0.51972765 0.38661257 0.0422043 ],0.0025642931874661646
305,DEMDIRCT_W29,EDUCATION,"Some college, no degree",[0.12328112 0.53963223 0.2465468  0.09053984],0.0032844956943206887
306,SPOUSESEX_W29,EDUCATION,Associate's degree,[0.98765326 0.01234674],0.0
307,SPOUSESEX_W29,EDUCATION,College graduate/some postgrad,[0.9746147 0.0253853],0.0016552344832483
308,SPOUSESEX_W29,EDUCATION,High school graduate,[0.93840544 0.06159456],0.0014521603835073395
309,SPOUSESEX_W29,EDUCATION,Less than high school,[0.9137237 0.0862763],0.015051597129822104
310,SPOUSESEX_W29,EDUCATION,Postgraduate,[0.96369408 0.03630592],0.00233186728763781
311,SPOUSESEX_W29,EDUCATION,"Some college, no degree",[0.95027791 0.04972209],0.0053481158083246196
312,FEM1F2_W29,EDUCATION,Associate's degree,[0.34405316 0.1098472  0.54609965],0.0
313,FEM1F2_W29,EDUCATION,College graduate/some postgrad,[0.29336436 0.1320753  0.57456035],0.0017732240592876773
314,FEM1F2_W29,EDUCATION,High school graduate,[0.34876913 0.08234197 0.56888891],0.004629396552190899
315,FEM1F2_W29,EDUCATION,Less than high school,[0.38722009 0.07584789 0.53693201],0.0
316,FEM1F2_W29,EDUCATION,Postgraduate,[0.23087584 0.1307138  0.63841036],0.0
317,FEM1F2_W29,EDUCATION,"Some college, no degree",[0.26558106 0.13549379 0.59892516],0.006440690290739826
318,MAN1D_W29,EDUCATION,Associate's degree,[0.14714053 0.44320326 0.30586627 0.10378993],0.0
319,MAN1D_W29,EDUCATION,College graduate/some postgrad,[0.10011748 0.44522425 0.35688753 0.09777074],0.0074589888852490205
320,MAN1D_W29,EDUCATION,High school graduate,[0.15887426 0.3896214  0.29669536 0.15480898],0.0015080761838220614
321,MAN1D_W29,EDUCATION,Less than high school,[0.18195064 0.49909269 0.19018959 0.12876708],0.007472715293061088
322,MAN1D_W29,EDUCATION,Postgraduate,[0.06787921 0.37567987 0.42971436 0.12672656],0.0022451708655793143
323,MAN1D_W29,EDUCATION,"Some college, no degree",[0.19687392 0.42920545 0.28784615 0.08607448],0.0025540247600010367
324,TRAITSA_W29,EDUCATION,Associate's degree,[0.42328628 0.52480619 0.05084267 0.00106485],0.008399205754880953
325,TRAITSA_W29,EDUCATION,College graduate/some postgrad,[0.52829873 0.45480184 0.01114022 0.00575921],0.001699918002000668
326,TRAITSA_W29,EDUCATION,High school graduate,[0.32686298 0.60157856 0.06651712 0.00504134],0.006319213675426512
327,TRAITSA_W29,EDUCATION,Less than high school,[0.3193416  0.57675152 0.08474435 0.01916253],0.007645180636962076
328,TRAITSA_W29,EDUCATION,Postgraduate,[0.67371322 0.31054568 0.0102453  0.00549581],0.009648348552569611
329,TRAITSA_W29,EDUCATION,"Some college, no degree",[0.42012356 0.54157372 0.02739745 0.01090527],0.00603438725829297
330,GIRLSF2C_W29,EDUCATION,Associate's degree,[0.06267406 0.53571461 0.40161133],0.0005766641296264033
331,GIRLSF2C_W29,EDUCATION,College graduate/some postgrad,[0.04016902 0.59996893 0.35986205],0.0022007697183315275
332,GIRLSF2C_W29,EDUCATION,High school graduate,[0.09989746 0.48415702 0.41594552],0.011068556779787601
333,GIRLSF2C_W29,EDUCATION,Less than high school,[0.04597938 0.39853783 0.55548279],0.012285619977320628
334,GIRLSF2C_W29,EDUCATION,Postgraduate,[0.07495091 0.58848592 0.33656317],0.016299887328083032
335,GIRLSF2C_W29,EDUCATION,"Some college, no degree",[0.04114229 0.54825022 0.41060749],0.007209521738827305
336,TRAITSE_W29,EDUCATION,Associate's degree,[0.18493689 0.5080829  0.26205393 0.04492628],0.001078020123591317
337,TRAITSE_W29,EDUCATION,College graduate/some postgrad,[0.13063821 0.53314758 0.27195906 0.06425514],0.002875212146591332
338,TRAITSE_W29,EDUCATION,High school graduate,[0.17681527 0.55683462 0.22038849 0.04596163],0.004137943046607982
339,TRAITSE_W29,EDUCATION,Less than high school,[0.25775569 0.39679851 0.21034654 0.13509926],0.01660499981489671
340,TRAITSE_W29,EDUCATION,Postgraduate,[0.12726383 0.53686798 0.29675411 0.03911409],0.007069339249208855
341,TRAITSE_W29,EDUCATION,"Some college, no degree",[0.1553636  0.5662963  0.21846525 0.05987486],0.0022226653849459006
342,MESUM2_FF_W29,EDUCATION,Associate's degree,[0.35282554 0.64717446],0.035002292587704514
343,MESUM2_FF_W29,EDUCATION,College graduate/some postgrad,[0.39539412 0.60460588],0.018724161037193682
344,MESUM2_FF_W29,EDUCATION,High school graduate,[0.19690741 0.80309259],0.014352436206080007
345,MESUM2_FF_W29,EDUCATION,Less than high school,[0.20126761 0.79873239],0.023407802038603216
346,MESUM2_FF_W29,EDUCATION,Postgraduate,[0.511837 0.488163],0.011088876609517838
347,MESUM2_FF_W29,EDUCATION,"Some college, no degree",[0.32054083 0.67945917],0.021830843928859315
348,MESUM1_FE_W29,EDUCATION,Associate's degree,[0.55972038 0.44027962],0.026715956120774795
349,MESUM1_FE_W29,EDUCATION,College graduate/some postgrad,[0.63839382 0.36160618],0.027103477841405325
350,MESUM1_FE_W29,EDUCATION,High school graduate,[0.53189973 0.46810027],0.013585838465944116
351,MESUM1_FE_W29,EDUCATION,Less than high school,[0.47986679 0.52013321],0.018265834378751743
352,MESUM1_FE_W29,EDUCATION,Postgraduate,[0.71252685 0.28747315],0.0024660447936362675
353,MESUM1_FE_W29,EDUCATION,"Some college, no degree",[0.56845335 0.43154665],0.003158392461031346
354,PERSDISCR_W29,EDUCATION,Associate's degree,[0.31032298 0.68967702],0.0076651273674
355,PERSDISCR_W29,EDUCATION,College graduate/some postgrad,[0.34794333 0.65205667],0.0006192588520063549
356,PERSDISCR_W29,EDUCATION,High school graduate,[0.24875899 0.75124101],0.001793347037826377
357,PERSDISCR_W29,EDUCATION,Less than high school,[0.22676972 0.77323028],0.0
358,PERSDISCR_W29,EDUCATION,Postgraduate,[0.44242726 0.55757274],0.00608851880940286
359,PERSDISCR_W29,EDUCATION,"Some college, no degree",[0.33176855 0.66823145],0.004043691995083918
360,GIRLSF2A_W29,EDUCATION,Associate's degree,[0.06027311 0.53710082 0.40262606],0.0
361,GIRLSF2A_W29,EDUCATION,College graduate/some postgrad,[0.05704276 0.58338337 0.35957387],0.0017206703406796268
362,GIRLSF2A_W29,EDUCATION,High school graduate,[0.13448533 0.46077504 0.40473963],0.007820410588670477
363,GIRLSF2A_W29,EDUCATION,Less than high school,[0.12395987 0.40746628 0.46857384],0.012285619977320628
364,GIRLSF2A_W29,EDUCATION,Postgraduate,[0.08718023 0.60249269 0.31032708],0.02072608805708894
365,GIRLSF2A_W29,EDUCATION,"Some college, no degree",[0.06312132 0.56446052 0.37241816],0.009874524867349256
366,MASC2AF1_W29,EDUCATION,Associate's degree,[0.61563347 0.38436653],0.00981414663236162
367,MASC2AF1_W29,EDUCATION,College graduate/some postgrad,[0.54746054 0.45253946],0.048656852848617226
368,MASC2AF1_W29,EDUCATION,High school graduate,[0.62769774 0.37230226],0.01586478288013903
369,MASC2AF1_W29,EDUCATION,Less than high school,[0.76346814 0.23653186],0.0038987550557972963
370,MASC2AF1_W29,EDUCATION,Postgraduate,[0.46604334 0.53395666],0.05535313887125778
371,MASC2AF1_W29,EDUCATION,"Some college, no degree",[0.66760835 0.33239165],0.017752402500464552
372,DIFF1D_W29,EDUCATION,Associate's degree,[0.10278462 0.89721538],0.0076659529480568155
373,DIFF1D_W29,EDUCATION,College graduate/some postgrad,[0.08979488 0.91020512],0.004077084174761415
374,DIFF1D_W29,EDUCATION,High school graduate,[0.11082529 0.88917471],0.016721259607393315
375,DIFF1D_W29,EDUCATION,Less than high school,[0.25640861 0.74359139],0.021225019227974144
376,DIFF1D_W29,EDUCATION,Postgraduate,[0.11163463 0.88836537],0.0069514833878429995
377,DIFF1D_W29,EDUCATION,"Some college, no degree",[0.12142226 0.87857774],0.0008361218802502633
378,HELPHURTF_W29,EDUCATION,Associate's degree,[0.12143378 0.18966971 0.68889651],0.02839409869803846
379,HELPHURTF_W29,EDUCATION,College graduate/some postgrad,[0.08258505 0.14362168 0.77379327],0.0071637049394637775
380,HELPHURTF_W29,EDUCATION,High school graduate,[0.11337334 0.28061835 0.60600831],0.01178681773404366
381,HELPHURTF_W29,EDUCATION,Less than high school,[0.19793069 0.21199411 0.59007521],0.003549502919459934
382,HELPHURTF_W29,EDUCATION,Postgraduate,[0.09169488 0.11423478 0.79407034],0.0
383,HELPHURTF_W29,EDUCATION,"Some college, no degree",[0.06540674 0.24960625 0.68498701],0.004099247883768682
384,TRANSGEND1_W29,EDUCATION,Associate's degree,[0.59713477 0.40286523],0.019542918252778898
385,TRANSGEND1_W29,EDUCATION,College graduate/some postgrad,[0.48498643 0.51501357],0.008741821173335964
386,TRANSGEND1_W29,EDUCATION,High school graduate,[0.59895576 0.40104424],0.02419435224209941
387,TRANSGEND1_W29,EDUCATION,Less than high school,[0.60768059 0.39231941],0.043842205641205285
388,TRANSGEND1_W29,EDUCATION,Postgraduate,[0.4282501 0.5717499],0.008758353747761188
389,TRANSGEND1_W29,EDUCATION,"Some college, no degree",[0.55892923 0.44107077],0.013839745538881692
390,TALK_CPS_W29,EDUCATION,Associate's degree,[0.07420661 0.283093   0.28016906 0.11627443 0.17502654 0.07123035],0.00028957985304136236
391,TALK_CPS_W29,EDUCATION,College graduate/some postgrad,[0.07785245 0.30701342 0.31912562 0.08398387 0.15173831 0.06028634],0.002973675854693507
392,TALK_CPS_W29,EDUCATION,High school graduate,[0.1301717  0.35069126 0.2277173  0.06317741 0.14355611 0.08468622],0.0035645780483068547
393,TALK_CPS_W29,EDUCATION,Less than high school,[0.20419386 0.26406877 0.16676569 0.03874477 0.13959679 0.18663012],0.007249159601982384
394,TALK_CPS_W29,EDUCATION,Postgraduate,[0.10269527 0.32396291 0.31762706 0.09507262 0.1312424  0.02939974],0.0020134930284004824
395,TALK_CPS_W29,EDUCATION,"Some college, no degree",[0.1094901  0.32284104 0.25854384 0.08768339 0.14128235 0.08015929],0.0031253094403993
396,HELPHURTD_W29,EDUCATION,Associate's degree,[0.06515187 0.32219089 0.61265724],0.018233499641582537
397,HELPHURTD_W29,EDUCATION,College graduate/some postgrad,[0.03184319 0.2747945  0.69336231],0.008437948900418572
398,HELPHURTD_W29,EDUCATION,High school graduate,[0.08344926 0.37400756 0.54254318],0.012395985644231203
399,HELPHURTD_W29,EDUCATION,Less than high school,[0.15077587 0.23692679 0.61229734],0.030416890184993307
400,HELPHURTD_W29,EDUCATION,Postgraduate,[0.04447713 0.22183419 0.73368868],0.0003427873285376739
401,HELPHURTD_W29,EDUCATION,"Some college, no degree",[0.05867843 0.34840036 0.59292121],0.008456340054538224
402,HELPHURTG_W29,EDUCATION,Associate's degree,[0.30206397 0.03798212 0.65995391],0.007754759927734713
403,HELPHURTG_W29,EDUCATION,College graduate/some postgrad,[0.20687707 0.03893589 0.75418704],0.00662683844069516
404,HELPHURTG_W29,EDUCATION,High school graduate,[0.25549848 0.07229906 0.67220246],0.01178681773404366
405,HELPHURTG_W29,EDUCATION,Less than high school,[0.29179937 0.04400827 0.66419236],0.033966393104453235
406,HELPHURTG_W29,EDUCATION,Postgraduate,[0.18644706 0.03535374 0.7781992 ],0.0031619428214348516
407,HELPHURTG_W29,EDUCATION,"Some college, no degree",[0.21808673 0.05912949 0.72278378],0.005833246438781082
408,MESUM2_FD_W29,EDUCATION,Associate's degree,[0.48036022 0.51963978],0.004730577070890735
409,MESUM2_FD_W29,EDUCATION,College graduate/some postgrad,[0.40906682 0.59093318],0.03816901444689248
410,MESUM2_FD_W29,EDUCATION,High school graduate,[0.33952352 0.66047648],0.01758441998335561
411,MESUM2_FD_W29,EDUCATION,Less than high school,[0.40434684 0.59565316],0.035415028691284094
412,MESUM2_FD_W29,EDUCATION,Postgraduate,[0.54515668 0.45484332],0.013725691690199474
413,MESUM2_FD_W29,EDUCATION,"Some college, no degree",[0.4347375 0.5652625],0.024614158736443594
414,WORRYBILL_W29,EDUCATION,Associate's degree,[0.18371489 0.28949272 0.33009745 0.19669494],0.003916964533833045
415,WORRYBILL_W29,EDUCATION,College graduate/some postgrad,[0.13527415 0.23025174 0.36406888 0.27040523],0.0031076273862110934
416,WORRYBILL_W29,EDUCATION,High school graduate,[0.27989248 0.32010473 0.22106563 0.17893715],0.01059027730876623
417,WORRYBILL_W29,EDUCATION,Less than high school,[0.38135269 0.30608046 0.15411208 0.15845477],0.0033929697373103604
418,WORRYBILL_W29,EDUCATION,Postgraduate,[0.09132164 0.19799347 0.3023975  0.40828739],0.003573022532229887
419,WORRYBILL_W29,EDUCATION,"Some college, no degree",[0.20365788 0.29094456 0.29480192 0.21059563],0.0014190464026979047
420,FEM2BF2_W29,EDUCATION,Associate's degree,[0.03763567 0.96236433],0.0
421,FEM2BF2_W29,EDUCATION,College graduate/some postgrad,[0.030501 0.969499],0.0
422,FEM2BF2_W29,EDUCATION,High school graduate,[0.05239607 0.94760393],0.0
423,FEM2BF2_W29,EDUCATION,Less than high school,[0.07531723 0.92468277],0.0
424,FEM2BF2_W29,EDUCATION,Postgraduate,[0. 1.],0.0
425,FEM2BF2_W29,EDUCATION,"Some college, no degree",[0.03049696 0.96950304],0.0
426,DIFF1E_W29,EDUCATION,Associate's degree,[0.58127223 0.41872777],0.0017992861025556595
427,DIFF1E_W29,EDUCATION,College graduate/some postgrad,[0.68781735 0.31218265],0.0038864769576800974
428,DIFF1E_W29,EDUCATION,High school graduate,[0.58531661 0.41468339],0.009640561044443417
429,DIFF1E_W29,EDUCATION,Less than high school,[0.64774291 0.35225709],0.01846237977176874
430,DIFF1E_W29,EDUCATION,Postgraduate,[0.73692403 0.26307597],0.013586781987330215
431,DIFF1E_W29,EDUCATION,"Some college, no degree",[0.61504166 0.38495834],0.004629681026148703
432,TRANSGEND3_W29,EDUCATION,Associate's degree,[0.3705541 0.3866777 0.2427682],0.01698644328920092
433,TRANSGEND3_W29,EDUCATION,College graduate/some postgrad,[0.27326331 0.46863998 0.25809671],0.012737156748956348
434,TRANSGEND3_W29,EDUCATION,High school graduate,[0.38363092 0.29450617 0.32186291],0.018914722657367638
435,TRANSGEND3_W29,EDUCATION,Less than high school,[0.33265003 0.40456479 0.26278518],0.022169242820136322
436,TRANSGEND3_W29,EDUCATION,Postgraduate,[0.23254694 0.52436912 0.24308394],0.02411363435026018
437,TRANSGEND3_W29,EDUCATION,"Some college, no degree",[0.34407832 0.3820013  0.27392038],0.019713207985089264
438,MESUM1_FB_W29,EDUCATION,Associate's degree,[0.86628379 0.13371621],0.009947369310445223
439,MESUM1_FB_W29,EDUCATION,College graduate/some postgrad,[0.87876938 0.12123062],0.00562692662952172
440,MESUM1_FB_W29,EDUCATION,High school graduate,[0.82816486 0.17183514],0.0074190095581126055
441,MESUM1_FB_W29,EDUCATION,Less than high school,[0.8752394 0.1247606],0.0
442,MESUM1_FB_W29,EDUCATION,Postgraduate,[0.913676 0.086324],0.00415132093274131
443,MESUM1_FB_W29,EDUCATION,"Some college, no degree",[0.90613879 0.09386121],0.0007233459369544018
444,HOOD_NHISC_W29,EDUCATION,Associate's degree,[0.11310512 0.39492803 0.32285659 0.16911025],0.009727436318795748
445,HOOD_NHISC_W29,EDUCATION,College graduate/some postgrad,[0.14092812 0.42059176 0.29187398 0.14660614],0.003510229318608057
446,HOOD_NHISC_W29,EDUCATION,High school graduate,[0.13538776 0.4411111  0.24159566 0.18190547],0.01038844708504523
447,HOOD_NHISC_W29,EDUCATION,Less than high school,[0.19661087 0.35983831 0.19863687 0.24491396],0.00339296973731036
448,HOOD_NHISC_W29,EDUCATION,Postgraduate,[0.12577376 0.42227631 0.34454522 0.10740472],0.0028675802633412835
449,HOOD_NHISC_W29,EDUCATION,"Some college, no degree",[0.13055643 0.40794364 0.28027803 0.1812219 ],0.00875789512156968
450,MASC2BF1_W29,EDUCATION,Associate's degree,[0.12075526 0.87924474],0.0
451,MASC2BF1_W29,EDUCATION,College graduate/some postgrad,[0.10855858 0.89144142],0.0
452,MASC2BF1_W29,EDUCATION,High school graduate,[0.09453713 0.90546287],0.0
453,MASC2BF1_W29,EDUCATION,Less than high school,[0. 1.],0.0
454,MASC2BF1_W29,EDUCATION,Postgraduate,[0.14320571 0.85679429],0.041366666763196495
455,MASC2BF1_W29,EDUCATION,"Some college, no degree",[0. 1.],0.0
456,GOODJOBS_W29,EDUCATION,Associate's degree,[0.38244149 0.61755851],0.0014590927422852822
457,GOODJOBS_W29,EDUCATION,College graduate/some postgrad,[0.4571294 0.5428706],0.006583479283809098
458,GOODJOBS_W29,EDUCATION,High school graduate,[0.32451621 0.67548379],0.008153574597766198
459,GOODJOBS_W29,EDUCATION,Less than high school,[0.27546858 0.72453142],0.021593989914709833
460,GOODJOBS_W29,EDUCATION,Postgraduate,[0.45690245 0.54309755],0.02528495758972413
461,GOODJOBS_W29,EDUCATION,"Some college, no degree",[0.40306214 0.59693786],0.0114414840080235
0,WORRYRET_W29,CITIZEN,No,[0.37717382 0.41346228 0.09722506 0.11213883],0.02561239707465178
1,WORRYRET_W29,CITIZEN,Yes,[0.29935166 0.31612858 0.24736032 0.13715945],0.0029669272193503923
2,BOYSF1B_W29,CITIZEN,No,[0.17055633 0.51545786 0.3139858 ],0.014383922031408567
3,BOYSF1B_W29,CITIZEN,Yes,[0.10645865 0.59908344 0.29445792],0.010098539461835664
4,TRANSGEND2_W29,CITIZEN,No,[0.25046585 0.74953415],0.007682602295082673
5,TRANSGEND2_W29,CITIZEN,Yes,[0.37322471 0.62677529],0.00503851796080348
6,MAN1E_W29,CITIZEN,No,[0.42282274 0.47150972 0.09520896 0.01045858],0.0
7,MAN1E_W29,CITIZEN,Yes,[0.40646139 0.45015835 0.10477043 0.03860983],0.003996568051896962
8,MESUM2_FC_W29,CITIZEN,No,[0.34757992 0.65242008],0.1564957716008741
9,MESUM2_FC_W29,CITIZEN,Yes,[0.45129268 0.54870732],0.013080721530918
10,HELPHURTC_W29,CITIZEN,No,[0.52155764 0.01918657 0.4592558 ],0.04765889220844458
11,HELPHURTC_W29,CITIZEN,Yes,[0.28679138 0.11193    0.60127862],0.006355910250390207
12,MESUM1_FF_W29,CITIZEN,No,[0.73221087 0.26778913],0.08236117763773068
13,MESUM1_FF_W29,CITIZEN,Yes,[0.64370819 0.35629181],0.00734630567751508
14,MESUM2_FE_W29,CITIZEN,No,[0.65286666 0.34713334],0.19644748660125458
15,MESUM2_FE_W29,CITIZEN,Yes,[0.56176625 0.43823375],0.021569236887354695
16,MESUM2_FA_W29,CITIZEN,No,[0.76361923 0.23638077],0.1393874192654514
17,MESUM2_FA_W29,CITIZEN,Yes,[0.58681082 0.41318918],0.010646886532989815
18,MESUM1_FD_W29,CITIZEN,No,[0.45395949 0.54604051],0.09787574828579249
19,MESUM1_FD_W29,CITIZEN,Yes,[0.43905048 0.56094952],0.01093250878217444
20,MASC1F1_W29,CITIZEN,No,[0.37859447 0.08343126 0.53797426],0.0
21,MASC1F1_W29,CITIZEN,Yes,[0.54097014 0.07916013 0.37986972],0.0073448493415701295
22,TRAITSB_W29,CITIZEN,No,[0.1931099  0.64904547 0.14604372 0.01180091],0.015035051393187594
23,TRAITSB_W29,CITIZEN,Yes,[0.13966768 0.61860078 0.20281994 0.0389116 ],0.00861417826078059
24,BOYSF1C_W29,CITIZEN,No,[0.26653134 0.43808339 0.29538527],0.014383922031408565
25,BOYSF1C_W29,CITIZEN,Yes,[0.13380228 0.39288874 0.47330898],0.010901025644215198
26,BLOODPR_W29,CITIZEN,No,[0.10583448 0.89416552],0.0
27,BLOODPR_W29,CITIZEN,Yes,[0.37027717 0.62972283],0.002100353628127603
28,MAN1C_W29,CITIZEN,No,[0.09791802 0.5815578  0.23672336 0.08380083],0.0
29,MAN1C_W29,CITIZEN,Yes,[0.09816873 0.35278172 0.36081584 0.18823371],0.003534044111190277
30,FEM2AF2_W29,CITIZEN,No,[0.96434505 0.03565495],0.0
31,FEM2AF2_W29,CITIZEN,Yes,[0.82093643 0.17906357],0.01895813687747977
32,DIFF1B_W29,CITIZEN,No,[0.30797324 0.69202676],0.020751174747201513
33,DIFF1B_W29,CITIZEN,Yes,[0.23560075 0.76439925],0.008450328074668043
34,DIFF1A_W29,CITIZEN,No,[0.43457436 0.56542564],0.0
35,DIFF1A_W29,CITIZEN,Yes,[0.30805163 0.69194837],0.007034192756377484
36,FEM2_W29,CITIZEN,No,[0.49645489 0.34871674 0.15482837 0.        ],0.0
37,FEM2_W29,CITIZEN,Yes,[0.30616702 0.54855291 0.12345939 0.02182068],0.0027793991474840754
38,HELPHURTE_W29,CITIZEN,No,[0.56664793 0.08958445 0.34376762],0.07013706948209752
39,HELPHURTE_W29,CITIZEN,Yes,[0.21766059 0.19160847 0.59073094],0.0044339435573455205
40,PARTICIPATEC_W29,CITIZEN,No,[0.09160707 0.90839293],0.007682602295082673
41,PARTICIPATEC_W29,CITIZEN,Yes,[0.131202 0.868798],0.005901203624891623
42,S13_W29,CITIZEN,No,[0.31829438 0.32595511 0.18729052 0.02100714 0.09691455 0.0505383 ],0.0019687742226873342
43,S13_W29,CITIZEN,Yes,[0.3072749  0.35861596 0.18848448 0.05411992 0.06116242 0.03034232],0.00296032603706182
44,GIRLSF2D_W29,CITIZEN,No,[0.36459157 0.27438418 0.36102426],0.0
45,GIRLSF2D_W29,CITIZEN,Yes,[0.0579104  0.42498079 0.51710881],0.008376915528396547
46,BOYSF1A_W29,CITIZEN,No,[0.38276747 0.40718536 0.21004717],0.014383922031408565
47,BOYSF1A_W29,CITIZEN,Yes,[0.13456034 0.41345074 0.45198892],0.012041521504446137
48,HELPHURTA_W29,CITIZEN,No,[0.49492447 0.10437569 0.40069984],0.054053098389866404
49,HELPHURTA_W29,CITIZEN,Yes,[0.12343837 0.22718271 0.64937892],0.008946075229733867
50,MAN1B_W29,CITIZEN,No,[0.10152184 0.257878   0.42323377 0.21736639],0.0
51,MAN1B_W29,CITIZEN,Yes,[0.11078158 0.29317479 0.33936778 0.25667584],0.006244733918039938
52,S12_W29,CITIZEN,No,[0.36846365 0.22187148 0.15366029 0.0552705  0.09061365 0.11012045],0.0
53,S12_W29,CITIZEN,Yes,[0.5658709  0.22102681 0.08783633 0.02795968 0.03969401 0.05761227],0.002370324466392274
54,HELPHURTB_W29,CITIZEN,No,[0.59142366 0.02947742 0.37909891],0.04333657701562871
55,HELPHURTB_W29,CITIZEN,Yes,[0.28350228 0.05390779 0.66258993],0.005087772813194204
56,TRAITSD_W29,CITIZEN,No,[0.36180092 0.45049737 0.15410938 0.03359233],0.03407535579351913
57,TRAITSD_W29,CITIZEN,Yes,[0.25763818 0.50925195 0.1946758  0.03843406],0.006440552018140827
58,PARTICIPATEB_W29,CITIZEN,No,[0.05703786 0.94296214],0.007682602295082672
59,PARTICIPATEB_W29,CITIZEN,Yes,[0.0881957 0.9118043],0.009012245653226062
60,MESUM1_FA_W29,CITIZEN,No,[0.81954729 0.18045271],0.07668786573394124
61,MESUM1_FA_W29,CITIZEN,Yes,[0.78801884 0.21198116],0.008864202985859625
62,TRAITSF_W29,CITIZEN,No,[0.3699841  0.47444389 0.15351162 0.00206039],0.008462958718867352
63,TRAITSF_W29,CITIZEN,Yes,[0.35468075 0.48095424 0.13842593 0.02593908],0.007460681472198516
64,NOWSMK_NHIS_W29,CITIZEN,No,[0.29130931 0.19269695 0.51599374],0.0
65,NOWSMK_NHIS_W29,CITIZEN,Yes,[0.32547384 0.13456235 0.53996381],0.0008138583209944892
66,SEENMASC_W29,CITIZEN,No,[0.15542762 0.40387728 0.32091997 0.11977513],0.0
67,SEENMASC_W29,CITIZEN,Yes,[0.09014491 0.35453749 0.37867186 0.17664574],0.007025574581507715
68,MASC2_W29,CITIZEN,No,[0.35655917 0.53306367 0.08046992 0.02990723],0.0
69,MASC2_W29,CITIZEN,Yes,[0.31016466 0.53757077 0.14078741 0.01147716],0.005666249556327055
70,HOOD_NHISB_W29,CITIZEN,No,[0.26454457 0.51183981 0.14810928 0.07550635],0.01675901978936662
71,HOOD_NHISB_W29,CITIZEN,Yes,[0.29237814 0.47729794 0.14449781 0.08582612],0.005733911581662512
72,FAVORS_CPS_W29,CITIZEN,No,[0.01607253 0.17958433 0.10951948 0.17682202 0.18552223 0.33247942],0.0009228929033672326
73,FAVORS_CPS_W29,CITIZEN,Yes,[0.02434624 0.10001494 0.18999536 0.10541452 0.26827178 0.31195716],0.004128840155337089
74,HOOD_NHISA_W29,CITIZEN,No,[0.34549595 0.41281162 0.18489041 0.05680202],0.007682602295082672
75,HOOD_NHISA_W29,CITIZEN,Yes,[0.34746628 0.40370652 0.14357916 0.10524804],0.0035750702896022004
76,S7_W29,CITIZEN,No,[0.05957324 0.94042676],0.029984837307630498
77,S7_W29,CITIZEN,Yes,[0.13855167 0.86144833],0.0020657408338447124
78,MAN1A_W29,CITIZEN,No,[0.35344249 0.47078674 0.16803347 0.00773731],0.0
79,MAN1A_W29,CITIZEN,Yes,[0.27302202 0.43008251 0.26120216 0.03569332],0.0031409165137821727
80,DIFF1C_W29,CITIZEN,No,[0.38796461 0.61203539],0.009076417494283947
81,DIFF1C_W29,CITIZEN,Yes,[0.34284194 0.65715806],0.007329609604155846
82,TRAITSC_W29,CITIZEN,No,[0.41975869 0.53719137 0.03931723 0.00373271],0.008462958718867352
83,TRAITSC_W29,CITIZEN,Yes,[0.36975495 0.45271667 0.15077793 0.02675044],0.007034583649619701
84,LOCALELECT_W29,CITIZEN,No,[0.05267453 0.0514781  0.12132287 0.77452451],0.020501238889935925
85,LOCALELECT_W29,CITIZEN,Yes,[0.34632675 0.29045185 0.14420067 0.21902073],0.005608751965787763
86,BOYSF1D_W29,CITIZEN,No,[0.1451929  0.34799939 0.50680771],0.014383922031408567
87,BOYSF1D_W29,CITIZEN,Yes,[0.06091722 0.52883699 0.41024578],0.008914125329331866
88,MESUM2_FB_W29,CITIZEN,No,[0.77523933 0.22476067],0.09812673186863458
89,MESUM2_FB_W29,CITIZEN,Yes,[0.75833127 0.24166873],0.010311798627652604
90,MESUM1_FC_W29,CITIZEN,No,[0.74741656 0.25258344],0.13414478580555142
91,MESUM1_FC_W29,CITIZEN,Yes,[0.77340357 0.22659643],0.0045325046047311164
92,PARTICIPATEA_W29,CITIZEN,No,[0.11444723 0.88555277],0.007682602295082672
93,PARTICIPATEA_W29,CITIZEN,Yes,[0.14322552 0.85677448],0.004844685433628911
94,GIRLSF2B_W29,CITIZEN,No,[0.36705218 0.3259968  0.30695102],0.04454096974449532
95,GIRLSF2B_W29,CITIZEN,Yes,[0.09641372 0.36833954 0.53524673],0.010025462076963039
96,SEENFEM_W29,CITIZEN,No,[0.24184827 0.31792697 0.33957193 0.10065283],0.0
97,SEENFEM_W29,CITIZEN,Yes,[0.17750697 0.33645011 0.32218384 0.16385908],0.0010671686809824023
98,GOPDIRCT_W29,CITIZEN,No,[0.14490185 0.54200549 0.17246721 0.14062545],0.0
99,GOPDIRCT_W29,CITIZEN,Yes,[0.12531949 0.47396556 0.3016582  0.09905676],0.015997752718759767
100,DEMDIRCT_W29,CITIZEN,No,[0.25176512 0.59312862 0.14295939 0.01214687],0.03974166110541579
101,DEMDIRCT_W29,CITIZEN,Yes,[0.1294523  0.50694068 0.29535791 0.06824911],0.0054031637502493955
102,SPOUSESEX_W29,CITIZEN,No,[0.90765368 0.09234632],0.02271449778936457
103,SPOUSESEX_W29,CITIZEN,Yes,[0.95672366 0.04327634],0.0022864003432229887
104,FEM1F2_W29,CITIZEN,No,[0.59232378 0.06445116 0.34322506],0.018165158977171567
105,FEM1F2_W29,CITIZEN,Yes,[0.29562905 0.11381425 0.5905567 ],0.0024006164996870126
106,MAN1D_W29,CITIZEN,No,[0.143147   0.38588404 0.333043   0.13792596],0.0
107,MAN1D_W29,CITIZEN,Yes,[0.14903268 0.42356079 0.30892594 0.11848059],0.0034264610494107086
108,TRAITSA_W29,CITIZEN,No,[0.34861534 0.57817549 0.0716581  0.00155106],0.0
109,TRAITSA_W29,CITIZEN,Yes,[0.4369149  0.51443291 0.04080074 0.00785145],0.006601910284196046
110,GIRLSF2C_W29,CITIZEN,No,[0.20076888 0.34442441 0.45480671],0.0
111,GIRLSF2C_W29,CITIZEN,Yes,[0.05400132 0.54205017 0.40394851],0.008324086448752783
112,TRAITSE_W29,CITIZEN,No,[0.24177381 0.54354872 0.17598514 0.03869233],0.004217165194878824
113,TRAITSE_W29,CITIZEN,Yes,[0.16514365 0.52760258 0.24580497 0.0614488 ],0.004948732851570769
114,MESUM2_FF_W29,CITIZEN,No,[0.36959547 0.63040453],0.17768436243515806
115,MESUM2_FF_W29,CITIZEN,Yes,[0.30981811 0.69018189],0.015078630135873766
116,MESUM1_FE_W29,CITIZEN,No,[0.61480167 0.38519833],0.07322247430251405
117,MESUM1_FE_W29,CITIZEN,Yes,[0.57424057 0.42575943],0.011808392305017026
118,PERSDISCR_W29,CITIZEN,No,[0.1891542 0.8108458],0.0
119,PERSDISCR_W29,CITIZEN,Yes,[0.3180778 0.6819222],0.0031454834887669936
120,GIRLSF2A_W29,CITIZEN,No,[0.2523905  0.39665051 0.35095899],0.0
121,GIRLSF2A_W29,CITIZEN,Yes,[0.08068721 0.53341373 0.38589906],0.008356106308635695
122,MASC2AF1_W29,CITIZEN,No,[0.68979825 0.31020175],0.0
123,MASC2AF1_W29,CITIZEN,Yes,[0.61579222 0.38420778],0.02536038413373371
124,DIFF1D_W29,CITIZEN,No,[0.27626508 0.72373492],0.009076417494283947
125,DIFF1D_W29,CITIZEN,Yes,[0.11708726 0.88291274],0.009307822032914866
126,HELPHURTF_W29,CITIZEN,No,[0.34512032 0.14689347 0.50798621],0.09100064524681181
127,HELPHURTF_W29,CITIZEN,Yes,[0.08423996 0.21371262 0.70204742],0.00567004149558713
128,TRANSGEND1_W29,CITIZEN,No,[0.56636519 0.43363481],0.05859039681653092
129,TRANSGEND1_W29,CITIZEN,Yes,[0.5510318 0.4489682],0.01698022853108843
130,TALK_CPS_W29,CITIZEN,No,[0.11629353 0.29256795 0.18055528 0.11927761 0.15629123 0.1350144 ],0.0
131,TALK_CPS_W29,CITIZEN,Yes,[0.11528445 0.32050852 0.26237276 0.07542711 0.14571516 0.08069201],0.003394158482912577
132,HELPHURTD_W29,CITIZEN,No,[0.24510883 0.17005319 0.58483798],0.07653127566351936
133,HELPHURTD_W29,CITIZEN,Yes,[0.05484222 0.32191189 0.62324589],0.009012200834227395
134,HELPHURTG_W29,CITIZEN,No,[0.38020591 0.0588512  0.56094289],0.07013706948209751
135,HELPHURTG_W29,CITIZEN,Yes,[0.22527425 0.05181145 0.7229143 ],0.007737558587695934
136,MESUM2_FD_W29,CITIZEN,No,[0.41476469 0.58523531],0.15101355923451482
137,MESUM2_FD_W29,CITIZEN,Yes,[0.41701257 0.58298743],0.019500907066345812
138,WORRYBILL_W29,CITIZEN,No,[0.3452157  0.31898092 0.20484513 0.13095826],0.017929794779569106
139,WORRYBILL_W29,CITIZEN,Yes,[0.21297356 0.27721487 0.27757102 0.23224055],0.004574976004424116
140,FEM2BF2_W29,CITIZEN,No,[0.66660745 0.33339255],0.0
141,FEM2BF2_W29,CITIZEN,Yes,[0.01864623 0.98135377],0.0
142,DIFF1E_W29,CITIZEN,No,[0.56668568 0.43331432],0.012942676185939648
143,DIFF1E_W29,CITIZEN,Yes,[0.63514205 0.36485795],0.007939136424791436
144,TRANSGEND3_W29,CITIZEN,No,[0.22130196 0.43896039 0.33973765],0.09439653282466698
145,TRANSGEND3_W29,CITIZEN,Yes,[0.33671329 0.38894544 0.27434127],0.016511606305166255
146,MESUM1_FB_W29,CITIZEN,No,[0.82136166 0.17863834],0.060922311503037355
147,MESUM1_FB_W29,CITIZEN,Yes,[0.87420035 0.12579965],0.00507523002833635
148,HOOD_NHISC_W29,CITIZEN,No,[0.19829322 0.35090253 0.31677449 0.13402976],0.016759019789366617
149,HOOD_NHISC_W29,CITIZEN,Yes,[0.13525674 0.41563799 0.27563864 0.17346663],0.006637152977245186
150,MASC2BF1_W29,CITIZEN,No,[0. 1.],0.03480717821433435
151,MASC2BF1_W29,CITIZEN,Yes,[0.07614419 0.92385581],0.0017792117166446156
152,GOODJOBS_W29,CITIZEN,No,[0.33613007 0.66386993],0.03906321603932247
153,GOODJOBS_W29,CITIZEN,Yes,[0.38235136 0.61764864],0.01006955154277062
0,WORRYRET_W29,MARITAL,Divorced,[0.36573369 0.28490515 0.21542656 0.13393461],0.01066806045242179
1,WORRYRET_W29,MARITAL,Married,[0.27419173 0.33631032 0.26508467 0.12441328],0.001059196915588471
2,WORRYRET_W29,MARITAL,Never been married,[0.30795156 0.300433   0.23198759 0.15962784],0.00259870918049579
3,WORRYRET_W29,MARITAL,Separated,[0.47341457 0.2802178  0.11103113 0.13533649],0.0
4,WORRYRET_W29,MARITAL,Widowed,[0.19504815 0.28069974 0.31998043 0.20427168],0.005985399643146939
5,BOYSF1B_W29,MARITAL,Divorced,[0.08993681 0.68131561 0.22874758],0.012566265884819516
6,BOYSF1B_W29,MARITAL,Married,[0.12812576 0.52618159 0.34569266],0.007041164263686467
7,BOYSF1B_W29,MARITAL,Never been married,[0.08400219 0.62216793 0.29382988],0.005774995432453691
8,BOYSF1B_W29,MARITAL,Separated,[0.14848001 0.71199175 0.13952825],0.018563749798904777
9,BOYSF1B_W29,MARITAL,Widowed,[0.04424332 0.6772417  0.27851498],0.007423485656394314
10,TRANSGEND2_W29,MARITAL,Divorced,[0.35648691 0.64351309],0.0008390476144925072
11,TRANSGEND2_W29,MARITAL,Married,[0.33729625 0.66270375],0.006029076151282101
12,TRANSGEND2_W29,MARITAL,Never been married,[0.43926243 0.56073757],0.0038744256968671962
13,TRANSGEND2_W29,MARITAL,Separated,[0.3814444 0.6185556],0.0039072642191693005
14,TRANSGEND2_W29,MARITAL,Widowed,[0.24619608 0.75380392],0.0
15,MAN1E_W29,MARITAL,Divorced,[0.47712805 0.39666569 0.07080914 0.05539712],0.0
16,MAN1E_W29,MARITAL,Married,[0.33488611 0.52158872 0.12194939 0.02157578],0.004547984519975308
17,MAN1E_W29,MARITAL,Never been married,[0.4945791  0.37056385 0.09881344 0.0360436 ],0.004990049140101882
18,MAN1E_W29,MARITAL,Separated,[0.47387715 0.22336016 0.14879689 0.15396579],0.0
19,MAN1E_W29,MARITAL,Widowed,[0.41252633 0.5081784  0.07288122 0.00641406],0.0
20,MESUM2_FC_W29,MARITAL,Divorced,[0.50104629 0.49895371],0.02686019198396069
21,MESUM2_FC_W29,MARITAL,Married,[0.44905412 0.55094588],0.015533077840628007
22,MESUM2_FC_W29,MARITAL,Never been married,[0.39039286 0.60960714],0.02880686251911919
23,MESUM2_FC_W29,MARITAL,Separated,[0.46498415 0.53501585],0.0
24,MESUM2_FC_W29,MARITAL,Widowed,[0.57062108 0.42937892],0.02364456378482873
25,HELPHURTC_W29,MARITAL,Divorced,[0.28408446 0.11068321 0.60523233],0.005855698805972587
26,HELPHURTC_W29,MARITAL,Married,[0.24516975 0.11333595 0.6414943 ],0.01022594919530322
27,HELPHURTC_W29,MARITAL,Never been married,[0.38529396 0.09442114 0.5202849 ],0.012596430927881123
28,HELPHURTC_W29,MARITAL,Separated,[0.37810505 0.08368834 0.53820662],0.0
29,HELPHURTC_W29,MARITAL,Widowed,[0.22730336 0.17832491 0.59437173],0.003024067016985749
30,MESUM1_FF_W29,MARITAL,Divorced,[0.55618965 0.44381035],0.0009048275394110244
31,MESUM1_FF_W29,MARITAL,Married,[0.59809404 0.40190596],0.01263052899851223
32,MESUM1_FF_W29,MARITAL,Never been married,[0.78799383 0.21200617],0.017136564205964364
33,MESUM1_FF_W29,MARITAL,Separated,[0.71106352 0.28893648],0.0
34,MESUM1_FF_W29,MARITAL,Widowed,[0.49186371 0.50813629],0.009822780660372687
35,MESUM2_FE_W29,MARITAL,Divorced,[0.54730493 0.45269507],0.024508325244255502
36,MESUM2_FE_W29,MARITAL,Married,[0.5155279 0.4844721],0.020531989976843093
37,MESUM2_FE_W29,MARITAL,Never been married,[0.65557946 0.34442054],0.03406421353540546
38,MESUM2_FE_W29,MARITAL,Separated,[0.49999025 0.50000975],0.08353421754394301
39,MESUM2_FE_W29,MARITAL,Widowed,[0.46717226 0.53282774],0.0355521796116811
40,MESUM2_FA_W29,MARITAL,Divorced,[0.64024441 0.35975559],0.002890441255927453
41,MESUM2_FA_W29,MARITAL,Married,[0.53809708 0.46190292],0.015526346125953017
42,MESUM2_FA_W29,MARITAL,Never been married,[0.6714985 0.3285015],0.022663328792046897
43,MESUM2_FA_W29,MARITAL,Separated,[0.61282198 0.38717802],0.0
44,MESUM2_FA_W29,MARITAL,Widowed,[0.57140729 0.42859271],0.02326658675656216
45,MESUM1_FD_W29,MARITAL,Divorced,[0.51387012 0.48612988],0.007275241321637812
46,MESUM1_FD_W29,MARITAL,Married,[0.44679105 0.55320895],0.007870570557546945
47,MESUM1_FD_W29,MARITAL,Never been married,[0.41317339 0.58682661],0.038381668525845104
48,MESUM1_FD_W29,MARITAL,Separated,[0.35233004 0.64766996],0.0
49,MESUM1_FD_W29,MARITAL,Widowed,[0.36170573 0.63829427],0.014654443600387779
50,MASC1F1_W29,MARITAL,Divorced,[0.51203343 0.03044117 0.4575254 ],0.0005189804191553566
51,MASC1F1_W29,MARITAL,Married,[0.49407655 0.08387671 0.42204674],0.0043810835662518605
52,MASC1F1_W29,MARITAL,Never been married,[0.58413524 0.11144266 0.3044221 ],0.014057869760586386
53,MASC1F1_W29,MARITAL,Separated,[0.50397121 0.06805909 0.42796969],0.0
54,MASC1F1_W29,MARITAL,Widowed,[0.60137557 0.01613582 0.3824886 ],0.011654494966375804
55,TRAITSB_W29,MARITAL,Divorced,[0.14535811 0.62480206 0.1935875  0.03625233],0.0010679733243266726
56,TRAITSB_W29,MARITAL,Married,[0.11376474 0.67575872 0.19184218 0.01863436],0.00899787364211781
57,TRAITSB_W29,MARITAL,Never been married,[0.17687153 0.51095932 0.22308499 0.08908415],0.011850012549358226
58,TRAITSB_W29,MARITAL,Separated,[0.2085657  0.54465275 0.22472016 0.02206138],0.0
59,TRAITSB_W29,MARITAL,Widowed,[0.17567149 0.58394462 0.21536965 0.02501424],0.005313713912322475
60,BOYSF1C_W29,MARITAL,Divorced,[0.08920031 0.45292368 0.45787602],0.012018171736043026
61,BOYSF1C_W29,MARITAL,Married,[0.12194343 0.37904293 0.49901364],0.007556151017121539
62,BOYSF1C_W29,MARITAL,Never been married,[0.16279073 0.4053324  0.43187687],0.00790808700165063
63,BOYSF1C_W29,MARITAL,Separated,[0.24466352 0.38449422 0.37084226],0.018563749798904777
64,BOYSF1C_W29,MARITAL,Widowed,[0.13755469 0.34459135 0.51785396],0.00710208561155875
65,BLOODPR_W29,MARITAL,Divorced,[0.50849398 0.49150602],0.00035132357264660126
66,BLOODPR_W29,MARITAL,Married,[0.35995518 0.64004482],0.0015999006864897895
67,BLOODPR_W29,MARITAL,Never been married,[0.23170405 0.76829595],0.0014996241310055486
68,BLOODPR_W29,MARITAL,Separated,[0.33713582 0.66286418],0.01113833974909905
69,BLOODPR_W29,MARITAL,Widowed,[0.64586446 0.35413554],0.004256391092864244
70,MAN1C_W29,MARITAL,Divorced,[0.09858298 0.3454107  0.31520872 0.2407976 ],0.0
71,MAN1C_W29,MARITAL,Married,[0.06048084 0.33165988 0.41302719 0.1948321 ],0.004510772122634155
72,MAN1C_W29,MARITAL,Never been married,[0.16619756 0.3730334  0.29631976 0.16444929],0.004606212615373865
73,MAN1C_W29,MARITAL,Separated,[0.09951381 0.36746593 0.30914835 0.22387191],0.0
74,MAN1C_W29,MARITAL,Widowed,[0.10458913 0.40655599 0.31630034 0.17255454],0.0
75,FEM2AF2_W29,MARITAL,Divorced,[0.84259377 0.15740623],0.010130655616702414
76,FEM2AF2_W29,MARITAL,Married,[0.90637018 0.09362982],0.014163185192919566
77,FEM2AF2_W29,MARITAL,Never been married,[0.64190328 0.35809672],0.005114496989921046
78,FEM2AF2_W29,MARITAL,Separated,[0.85610396 0.14389604],0.0
79,FEM2AF2_W29,MARITAL,Widowed,[0.95629354 0.04370646],0.004784289702693264
80,DIFF1B_W29,MARITAL,Divorced,[0.23029245 0.76970755],0.0031500092377752115
81,DIFF1B_W29,MARITAL,Married,[0.21069451 0.78930549],0.009400185963735957
82,DIFF1B_W29,MARITAL,Never been married,[0.2654539 0.7345461],0.01894038394826012
83,DIFF1B_W29,MARITAL,Separated,[0.34670561 0.65329439],0.0
84,DIFF1B_W29,MARITAL,Widowed,[0.21567131 0.78432869],0.0031381173565200988
85,DIFF1A_W29,MARITAL,Divorced,[0.25798619 0.74201381],0.0015794180465479016
86,DIFF1A_W29,MARITAL,Married,[0.30124212 0.69875788],0.007616710604978618
87,DIFF1A_W29,MARITAL,Never been married,[0.33778997 0.66221003],0.009462707965397261
88,DIFF1A_W29,MARITAL,Separated,[0.38907664 0.61092336],0.0023959159156059823
89,DIFF1A_W29,MARITAL,Widowed,[0.27303889 0.72696111],0.0003621316263455509
90,FEM2_W29,MARITAL,Divorced,[0.35488173 0.55562411 0.070876   0.01861816],0.0
91,FEM2_W29,MARITAL,Married,[0.3308567  0.52106268 0.12972024 0.01836038],0.0018372716977853643
92,FEM2_W29,MARITAL,Never been married,[0.25437451 0.56441187 0.14573224 0.03548137],0.0
93,FEM2_W29,MARITAL,Separated,[0.30524863 0.56583136 0.12892    0.        ],0.0
94,FEM2_W29,MARITAL,Widowed,[0.50569299 0.4362568  0.05702249 0.00102772],0.0005456810836923659
95,HELPHURTE_W29,MARITAL,Divorced,[0.17130449 0.22085002 0.60784549],0.005855698805972587
96,HELPHURTE_W29,MARITAL,Married,[0.25080333 0.14363843 0.60555824],0.005551827207849401
97,HELPHURTE_W29,MARITAL,Never been married,[0.2713654  0.22678622 0.50184839],0.018339425850420314
98,HELPHURTE_W29,MARITAL,Separated,[0.14668617 0.23895469 0.61435914],0.0
99,HELPHURTE_W29,MARITAL,Widowed,[0.15567143 0.20252974 0.64179883],0.0
100,PARTICIPATEC_W29,MARITAL,Divorced,[0.08244565 0.91755435],0.0030243858496288756
101,PARTICIPATEC_W29,MARITAL,Married,[0.14158526 0.85841474],0.007742765160587289
102,PARTICIPATEC_W29,MARITAL,Never been married,[0.1422194 0.8577806],0.004437250004443708
103,PARTICIPATEC_W29,MARITAL,Separated,[0.11990548 0.88009452],0.01295399171416774
104,PARTICIPATEC_W29,MARITAL,Widowed,[0.07776758 0.92223242],0.001141702323057672
105,S13_W29,MARITAL,Divorced,[0.31385099 0.31129982 0.20892988 0.04660345 0.07140537 0.04791049],0.0011996830838632937
106,S13_W29,MARITAL,Married,[0.29933894 0.36776002 0.21437217 0.05063903 0.05462391 0.01326593],0.001088244280693445
107,S13_W29,MARITAL,Never been married,[0.31387048 0.32180025 0.16461347 0.06009448 0.07158818 0.06803315],0.0034862726531610312
108,S13_W29,MARITAL,Separated,[0.30728651 0.37820671 0.17942727 0.00802494 0.12705456 0.        ],0.0074321875929287615
109,S13_W29,MARITAL,Widowed,[0.35991528 0.3977505  0.12461502 0.04397296 0.04016008 0.03358616],0.0008794266970111904
110,GIRLSF2D_W29,MARITAL,Divorced,[0.05050915 0.46000413 0.48948672],0.020428848243486473
111,GIRLSF2D_W29,MARITAL,Married,[0.06964702 0.37233091 0.55802207],0.006561655116274867
112,GIRLSF2D_W29,MARITAL,Never been married,[0.08637148 0.46448956 0.44913895],0.007168855684420468
113,GIRLSF2D_W29,MARITAL,Separated,[0.13297193 0.42289441 0.44413366],0.0
114,GIRLSF2D_W29,MARITAL,Widowed,[0.02310063 0.37501    0.60188937],0.02495356303950603
115,BOYSF1A_W29,MARITAL,Divorced,[0.11391988 0.46758271 0.41849741],0.010803796148140222
116,BOYSF1A_W29,MARITAL,Married,[0.14415503 0.43585206 0.41999292],0.011595011558331375
117,BOYSF1A_W29,MARITAL,Never been married,[0.16415082 0.36339537 0.47245381],0.0063885336062630155
118,BOYSF1A_W29,MARITAL,Separated,[0.19689839 0.45680396 0.34629765],0.0
119,BOYSF1A_W29,MARITAL,Widowed,[0.12660648 0.4615194  0.41187412],0.012596399158005485
120,HELPHURTA_W29,MARITAL,Divorced,[0.10289454 0.26567943 0.63142603],0.009616382892189955
121,HELPHURTA_W29,MARITAL,Married,[0.14248723 0.22042405 0.63708872],0.012988626308367961
122,HELPHURTA_W29,MARITAL,Never been married,[0.17316711 0.20014733 0.62668556],0.01707006557557645
123,HELPHURTA_W29,MARITAL,Separated,[0.09119049 0.28888006 0.61992946],0.0
124,HELPHURTA_W29,MARITAL,Widowed,[0.0827943  0.28039878 0.63680692],0.0
125,MAN1B_W29,MARITAL,Divorced,[0.09162606 0.24087435 0.38507727 0.28242232],0.0
126,MAN1B_W29,MARITAL,Married,[0.06794769 0.25691665 0.37820453 0.29693113],0.0019409827268934996
127,MAN1B_W29,MARITAL,Never been married,[0.19507816 0.34117068 0.2926143  0.17113686],0.018365220205995268
128,MAN1B_W29,MARITAL,Separated,[0.02651187 0.34745972 0.32374823 0.30228018],0.0
129,MAN1B_W29,MARITAL,Widowed,[0.17904705 0.26574483 0.32288522 0.2323229 ],0.0
130,S12_W29,MARITAL,Divorced,[0.41969367 0.24161296 0.17484515 0.04312148 0.01598793 0.10473882],0.005597227530559869
131,S12_W29,MARITAL,Married,[0.69823221 0.16247754 0.06626329 0.01987507 0.02912532 0.02402657],0.000284736678053987
132,S12_W29,MARITAL,Never been married,[0.26307357 0.34856247 0.13775278 0.03990163 0.07890634 0.13180321],0.004871564878304159
133,S12_W29,MARITAL,Separated,[0.43932894 0.22493734 0.20636321 0.00905543 0.08967959 0.0306355 ],0.0
134,S12_W29,MARITAL,Widowed,[0.45637571 0.19370025 0.14760513 0.00360745 0.10094981 0.09776164],0.0114127644469983
135,HELPHURTB_W29,MARITAL,Divorced,[0.22386011 0.04976287 0.72637702],0.011453665093511952
136,HELPHURTB_W29,MARITAL,Married,[0.277038   0.03946647 0.68349553],0.005600210254744689
137,HELPHURTB_W29,MARITAL,Never been married,[0.36227763 0.06644704 0.57127534],0.012596430927881125
138,HELPHURTB_W29,MARITAL,Separated,[0.22431077 0.08927246 0.68641677],0.0
139,HELPHURTB_W29,MARITAL,Widowed,[0.29109532 0.06022219 0.64868249],0.0
140,TRAITSD_W29,MARITAL,Divorced,[0.27123083 0.55040317 0.13312158 0.04524442],0.001752769868097826
141,TRAITSD_W29,MARITAL,Married,[0.26887077 0.50003397 0.206548   0.02454725],0.002888616594962474
142,TRAITSD_W29,MARITAL,Never been married,[0.24054965 0.4741358  0.20791471 0.07739983],0.008640692388991887
143,TRAITSD_W29,MARITAL,Separated,[0.19676051 0.56515925 0.17362944 0.0644508 ],0.0
144,TRAITSD_W29,MARITAL,Widowed,[0.33492357 0.48317261 0.166107   0.01579682],0.01334079218876484
145,PARTICIPATEB_W29,MARITAL,Divorced,[0.10538678 0.89461322],0.0038266242109375186
146,PARTICIPATEB_W29,MARITAL,Married,[0.09824234 0.90175766],0.0066898531582430375
147,PARTICIPATEB_W29,MARITAL,Never been married,[0.0638103 0.9361897],0.013613123909382274
148,PARTICIPATEB_W29,MARITAL,Separated,[0.09095049 0.90904951],0.004834191102103803
149,PARTICIPATEB_W29,MARITAL,Widowed,[0.09536163 0.90463837],0.025823678141614025
150,MESUM1_FA_W29,MARITAL,Divorced,[0.7993403 0.2006597],0.0007589898770209966
151,MESUM1_FA_W29,MARITAL,Married,[0.80371097 0.19628903],0.004970628834236156
152,MESUM1_FA_W29,MARITAL,Never been married,[0.70021689 0.29978311],0.023916810816231534
153,MESUM1_FA_W29,MARITAL,Separated,[0.89856853 0.10143147],0.004367131705681784
154,MESUM1_FA_W29,MARITAL,Widowed,[0.91561614 0.08438386],0.03327147072008102
155,TRAITSF_W29,MARITAL,Divorced,[0.45279585 0.46466218 0.07854155 0.00400041],0.006497038880436027
156,TRAITSF_W29,MARITAL,Married,[0.33088115 0.51070051 0.14102302 0.01739532],0.003979996050256134
157,TRAITSF_W29,MARITAL,Never been married,[0.34004632 0.42098201 0.1785518  0.06041986],0.0065537231094315775
158,TRAITSF_W29,MARITAL,Separated,[0.39802406 0.43155013 0.15273606 0.01768975],0.0
159,TRAITSF_W29,MARITAL,Widowed,[0.45988634 0.46833635 0.07177731 0.        ],0.01414117166002954
160,NOWSMK_NHIS_W29,MARITAL,Divorced,[0.4068084  0.14322858 0.44996303],0.0
161,NOWSMK_NHIS_W29,MARITAL,Married,[0.21418494 0.09595986 0.6898552 ],0.0017870606131087981
162,NOWSMK_NHIS_W29,MARITAL,Never been married,[0.43257715 0.22050867 0.34691418],0.0
163,NOWSMK_NHIS_W29,MARITAL,Separated,[0.5374525  0.18207747 0.28047002],0.0
164,NOWSMK_NHIS_W29,MARITAL,Widowed,[0.28320182 0.09273586 0.62406232],0.0
165,SEENMASC_W29,MARITAL,Divorced,[0.15217992 0.34602897 0.31516517 0.18662593],0.0
166,SEENMASC_W29,MARITAL,Married,[0.07704708 0.35865192 0.39708942 0.16721158],0.011820172282025043
167,SEENMASC_W29,MARITAL,Never been married,[0.0961886  0.33149768 0.36442157 0.20789214],0.004606212615373865
168,SEENMASC_W29,MARITAL,Separated,[0.02593505 0.36639    0.45233059 0.15534437],0.0
169,SEENMASC_W29,MARITAL,Widowed,[0.09569175 0.30532853 0.36420896 0.23477076],0.0
170,MASC2_W29,MARITAL,Divorced,[0.35328354 0.53364841 0.09388837 0.01917967],0.006330047454545944
171,MASC2_W29,MARITAL,Married,[0.32347256 0.56229659 0.1028867  0.01134415],0.0025571758815452735
172,MASC2_W29,MARITAL,Never been married,[0.27069379 0.49013199 0.23639845 0.00277577],0.013763507169703816
173,MASC2_W29,MARITAL,Separated,[0.51355488 0.23948432 0.19162702 0.05533378],0.0
174,MASC2_W29,MARITAL,Widowed,[0.28127233 0.4853196  0.21990516 0.01350291],0.0
175,HOOD_NHISB_W29,MARITAL,Divorced,[0.2384216  0.49619093 0.14034048 0.12504699],0.010683886634841204
176,HOOD_NHISB_W29,MARITAL,Married,[0.38199    0.47377841 0.09791312 0.04631847],0.0033976407680746143
177,HOOD_NHISB_W29,MARITAL,Never been married,[0.17678375 0.5061191  0.19193701 0.12516014],0.0068529027523886584
178,HOOD_NHISB_W29,MARITAL,Separated,[0.14786716 0.37103674 0.27584446 0.20525163],0.0036503970098639227
179,HOOD_NHISB_W29,MARITAL,Widowed,[0.40611156 0.47017291 0.10908783 0.01462771],0.017240859957437384
180,FAVORS_CPS_W29,MARITAL,Divorced,[0.02012703 0.10681822 0.24347688 0.08865496 0.21646788 0.32445503],0.000839047614492507
181,FAVORS_CPS_W29,MARITAL,Married,[0.01671473 0.12075787 0.20893737 0.11367046 0.30042176 0.23949781],0.001948358803695544
182,FAVORS_CPS_W29,MARITAL,Never been married,[0.02359607 0.06004748 0.12738899 0.1100927  0.26412204 0.41475272],0.007242830280588337
183,FAVORS_CPS_W29,MARITAL,Separated,[0.02484919 0.11403369 0.20160964 0.12469914 0.1394639  0.39534443],0.0
184,FAVORS_CPS_W29,MARITAL,Widowed,[0.06250552 0.10305648 0.21415258 0.10725309 0.22443053 0.2886018 ],0.015313358337611958
185,HOOD_NHISA_W29,MARITAL,Divorced,[0.31515954 0.4220628  0.14489252 0.11788514],0.00919983886622769
186,HOOD_NHISA_W29,MARITAL,Married,[0.45284412 0.37637466 0.11134417 0.05943706],0.0033182921820351634
187,HOOD_NHISA_W29,MARITAL,Never been married,[0.19179212 0.46651515 0.18164904 0.16004368],0.0034857428854964934
188,HOOD_NHISA_W29,MARITAL,Separated,[0.18171615 0.40937813 0.24428472 0.16462099],0.0
189,HOOD_NHISA_W29,MARITAL,Widowed,[0.48962277 0.38561945 0.07529707 0.04946072],0.0
190,S7_W29,MARITAL,Divorced,[0.10615488 0.89384512],0.0
191,S7_W29,MARITAL,Married,[0.17285095 0.82714905],0.004675352140191176
192,S7_W29,MARITAL,Never been married,[0.105266 0.894734],0.002783338716015358
193,S7_W29,MARITAL,Separated,[0.07196743 0.92803257],0.0
194,S7_W29,MARITAL,Widowed,[0.12523389 0.87476611],0.0
195,MAN1A_W29,MARITAL,Divorced,[0.21217892 0.38776301 0.37416917 0.02588889],0.0
196,MAN1A_W29,MARITAL,Married,[0.24792462 0.48302439 0.22889658 0.0401544 ],0.0026904591025190723
197,MAN1A_W29,MARITAL,Never been married,[0.30651408 0.41077076 0.26223733 0.02047783],0.004606212615373866
198,MAN1A_W29,MARITAL,Separated,[0.28593077 0.34467624 0.33865785 0.03073513],0.0
199,MAN1A_W29,MARITAL,Widowed,[0.31286768 0.48254065 0.17338289 0.03120878],0.0
200,DIFF1C_W29,MARITAL,Divorced,[0.32413891 0.67586109],0.012660032261246297
201,DIFF1C_W29,MARITAL,Married,[0.33524533 0.66475467],0.005579312475090136
202,DIFF1C_W29,MARITAL,Never been married,[0.36979417 0.63020583],0.014611399247125503
203,DIFF1C_W29,MARITAL,Separated,[0.33867084 0.66132916],0.0
204,DIFF1C_W29,MARITAL,Widowed,[0.40660674 0.59339326],0.0031129538660075247
205,TRAITSC_W29,MARITAL,Divorced,[0.45572375 0.41075353 0.10205657 0.03146615],0.0007742534484158712
206,TRAITSC_W29,MARITAL,Married,[0.35571506 0.48582622 0.14555159 0.01290713],0.005613172176999029
207,TRAITSC_W29,MARITAL,Never been married,[0.34448426 0.41324354 0.18967609 0.05259611],0.008257868884963462
208,TRAITSC_W29,MARITAL,Separated,[0.53604447 0.34279412 0.10509865 0.01606276],0.0025506357427455212
209,TRAITSC_W29,MARITAL,Widowed,[0.46385959 0.4428283  0.06491944 0.02839268],0.016380922393563518
210,LOCALELECT_W29,MARITAL,Divorced,[0.28259895 0.29725673 0.15871007 0.26143425],0.012143371367841825
211,LOCALELECT_W29,MARITAL,Married,[0.41986536 0.29017249 0.128716   0.16124615],0.0025425123855914488
212,LOCALELECT_W29,MARITAL,Never been married,[0.20664782 0.24219875 0.15837205 0.39278139],0.014581105648109185
213,LOCALELECT_W29,MARITAL,Separated,[0.27570982 0.30634176 0.16531216 0.25263626],0.0
214,LOCALELECT_W29,MARITAL,Widowed,[0.44564683 0.33005993 0.08615132 0.13814192],0.005551418224772311
215,BOYSF1D_W29,MARITAL,Divorced,[0.00898688 0.54871275 0.44230037],0.010803796148140222
216,BOYSF1D_W29,MARITAL,Married,[0.05653048 0.52509133 0.41837819],0.006198051445442854
217,BOYSF1D_W29,MARITAL,Never been married,[0.07698748 0.52493126 0.39808126],0.006388533606263015
218,BOYSF1D_W29,MARITAL,Separated,[0.18256155 0.59731571 0.22012274],0.0
219,BOYSF1D_W29,MARITAL,Widowed,[0.07667004 0.48909652 0.43423344],0.003925692588056397
220,MESUM2_FB_W29,MARITAL,Divorced,[0.84191861 0.15808139],0.02339174905210611
221,MESUM2_FB_W29,MARITAL,Married,[0.79114499 0.20885501],0.014620683537495568
222,MESUM2_FB_W29,MARITAL,Never been married,[0.62527564 0.37472436],0.012214512465597622
223,MESUM2_FB_W29,MARITAL,Separated,[0.83304503 0.16695497],0.0
224,MESUM2_FB_W29,MARITAL,Widowed,[0.92566392 0.07433608],0.005825637035245409
225,MESUM1_FC_W29,MARITAL,Divorced,[0.71728108 0.28271892],0.0
226,MESUM1_FC_W29,MARITAL,Married,[0.80608997 0.19391003],0.009834976842291253
227,MESUM1_FC_W29,MARITAL,Never been married,[0.7625316 0.2374684],0.020691899474004627
228,MESUM1_FC_W29,MARITAL,Separated,[0.69915117 0.30084883],0.0
229,MESUM1_FC_W29,MARITAL,Widowed,[0.81252889 0.18747111],0.006999230738801356
230,PARTICIPATEA_W29,MARITAL,Divorced,[0.12019592 0.87980408],0.011542872504985825
231,PARTICIPATEA_W29,MARITAL,Married,[0.18804962 0.81195038],0.004002701302638909
232,PARTICIPATEA_W29,MARITAL,Never been married,[0.09860139 0.90139861],0.004932981595707991
233,PARTICIPATEA_W29,MARITAL,Separated,[0.22249546 0.77750454],0.0016081307036321236
234,PARTICIPATEA_W29,MARITAL,Widowed,[0.129768 0.870232],0.0007200955222992342
235,GIRLSF2B_W29,MARITAL,Divorced,[0.05711021 0.49630547 0.44658433],0.008026392372103307
236,GIRLSF2B_W29,MARITAL,Married,[0.106102   0.30897027 0.58492774],0.015529267990385915
237,GIRLSF2B_W29,MARITAL,Never been married,[0.14581316 0.3578591  0.49632774],0.010061191634882036
238,GIRLSF2B_W29,MARITAL,Separated,[0.18404673 0.33896742 0.47698585],0.0
239,GIRLSF2B_W29,MARITAL,Widowed,[0.0487223  0.4611653  0.49011241],0.02887663882589983
240,SEENFEM_W29,MARITAL,Divorced,[0.17520533 0.38269863 0.29802563 0.1440704 ],0.0
241,SEENFEM_W29,MARITAL,Married,[0.17590896 0.31220541 0.33708071 0.17480492],0.0021309484498269874
242,SEENFEM_W29,MARITAL,Never been married,[0.15993838 0.31480322 0.33090596 0.19435245],0.0002703416125577842
243,SEENFEM_W29,MARITAL,Separated,[0.24364816 0.41427746 0.22656747 0.1155069 ],0.0
244,SEENFEM_W29,MARITAL,Widowed,[0.3070364  0.33850056 0.26535513 0.08910791],0.0
245,GOPDIRCT_W29,MARITAL,Divorced,[0.14528252 0.48306029 0.26674137 0.10491582],0.0
246,GOPDIRCT_W29,MARITAL,Married,[0.11885615 0.45829682 0.31691897 0.10592806],0.013088920263033077
247,GOPDIRCT_W29,MARITAL,Never been married,[0.12717477 0.47997114 0.27788477 0.11496932],0.0
248,GOPDIRCT_W29,MARITAL,Separated,[0.11898918 0.73483104 0.14239276 0.00378702],0.11598691892614037
249,GOPDIRCT_W29,MARITAL,Widowed,[0.14494074 0.45438423 0.33155947 0.06911556],0.06238530094288138
250,DEMDIRCT_W29,MARITAL,Divorced,[0.10785823 0.5109221  0.31365987 0.0675598 ],0.002541132236862521
251,DEMDIRCT_W29,MARITAL,Married,[0.11089239 0.54419541 0.287246   0.0576662 ],0.0012470554743148612
252,DEMDIRCT_W29,MARITAL,Never been married,[0.14649041 0.5082043  0.29049513 0.05481016],0.010528010699222145
253,DEMDIRCT_W29,MARITAL,Separated,[0.2263167  0.54325637 0.09539875 0.13502818],0.0
254,DEMDIRCT_W29,MARITAL,Widowed,[0.2033431  0.50352595 0.26680492 0.02632602],0.0
255,SPOUSESEX_W29,MARITAL,Married,[0.97017277 0.02982723],0.003281720259852961
256,FEM1F2_W29,MARITAL,Divorced,[0.35969155 0.12445641 0.51585204],0.005289025650386541
257,FEM1F2_W29,MARITAL,Married,[0.31570487 0.10288567 0.58140946],0.002049604325278492
258,FEM1F2_W29,MARITAL,Never been married,[0.27966587 0.11381941 0.60651472],0.006659109624894753
259,FEM1F2_W29,MARITAL,Separated,[0.33155297 0.11312298 0.55532405],0.0
260,FEM1F2_W29,MARITAL,Widowed,[0.32858032 0.03454106 0.63687862],0.0
261,MAN1D_W29,MARITAL,Divorced,[0.12093101 0.44458543 0.29094618 0.14353739],0.0
262,MAN1D_W29,MARITAL,Married,[0.11182836 0.38703066 0.36782077 0.13332021],0.002327665952933943
263,MAN1D_W29,MARITAL,Never been married,[0.22591582 0.43752716 0.2527314  0.08382562],0.006453593890214494
264,MAN1D_W29,MARITAL,Separated,[0.06968672 0.58106564 0.11488585 0.2343618 ],0.0
265,MAN1D_W29,MARITAL,Widowed,[0.10219127 0.45565713 0.3703045  0.0718471 ],0.0
266,TRAITSA_W29,MARITAL,Divorced,[0.43892403 0.53679635 0.01927283 0.00500679],0.0006277978912750965
267,TRAITSA_W29,MARITAL,Married,[0.41300079 0.54858291 0.03745673 0.00095957],0.0053479236335679655
268,TRAITSA_W29,MARITAL,Never been married,[0.47199114 0.45532356 0.0535097  0.0191756 ],0.006264212196242525
269,TRAITSA_W29,MARITAL,Separated,[0.44473015 0.46108807 0.07915422 0.01502756],0.0
270,TRAITSA_W29,MARITAL,Widowed,[0.39508754 0.58981739 0.01509507 0.        ],0.0
271,GIRLSF2C_W29,MARITAL,Divorced,[0.04285895 0.57700571 0.38013533],0.011704589831924144
272,GIRLSF2C_W29,MARITAL,Married,[0.05717439 0.51030011 0.4325255 ],0.009099977670491524
273,GIRLSF2C_W29,MARITAL,Never been married,[0.05863809 0.64436192 0.29699999],0.006597159257035497
274,GIRLSF2C_W29,MARITAL,Separated,[0.11859023 0.3573099  0.52409987],0.0
275,GIRLSF2C_W29,MARITAL,Widowed,[0.08070178 0.40705758 0.51224064],0.02437526938423393
276,TRAITSE_W29,MARITAL,Divorced,[0.19217344 0.4480888  0.27723408 0.08250368],0.001795597047940578
277,TRAITSE_W29,MARITAL,Married,[0.15543067 0.56196826 0.23217212 0.05042894],0.0036797511203501758
278,TRAITSE_W29,MARITAL,Never been married,[0.18804493 0.4837931  0.23881074 0.08935123],0.0024832849877378053
279,TRAITSE_W29,MARITAL,Separated,[0.2282426  0.4801987  0.25235316 0.03920554],0.0
280,TRAITSE_W29,MARITAL,Widowed,[0.08007873 0.57265958 0.3061965  0.04106519],0.00031030909647660376
281,MESUM2_FF_W29,MARITAL,Divorced,[0.28363583 0.71636417],0.020808052790835255
282,MESUM2_FF_W29,MARITAL,Married,[0.27029896 0.72970104],0.015681292678958535
283,MESUM2_FF_W29,MARITAL,Never been married,[0.40045441 0.59954559],0.03022500320041177
284,MESUM2_FF_W29,MARITAL,Separated,[0.30199433 0.69800567],0.024274114561548574
285,MESUM2_FF_W29,MARITAL,Widowed,[0.25711444 0.74288556],0.04243251043159509
286,MESUM1_FE_W29,MARITAL,Divorced,[0.49227354 0.50772646],0.011716394665935544
287,MESUM1_FE_W29,MARITAL,Married,[0.52331574 0.47668426],0.016940963141662338
288,MESUM1_FE_W29,MARITAL,Never been married,[0.70627401 0.29372599],0.014259526996120457
289,MESUM1_FE_W29,MARITAL,Separated,[0.65274734 0.34725266],0.0
290,MESUM1_FE_W29,MARITAL,Widowed,[0.32373833 0.67626167],0.032057807598012675
291,PERSDISCR_W29,MARITAL,Divorced,[0.35483903 0.64516097],0.0
292,PERSDISCR_W29,MARITAL,Married,[0.27595779 0.72404221],0.0032063272131816465
293,PERSDISCR_W29,MARITAL,Never been married,[0.37299458 0.62700542],0.0037281639959701697
294,PERSDISCR_W29,MARITAL,Separated,[0.36345073 0.63654927],0.0
295,PERSDISCR_W29,MARITAL,Widowed,[0.22628079 0.77371921],0.010116530883140695
296,GIRLSF2A_W29,MARITAL,Divorced,[0.06073861 0.61244675 0.32681465],0.006948515862552715
297,GIRLSF2A_W29,MARITAL,Married,[0.08306669 0.47860188 0.43833143],0.008072536889125787
298,GIRLSF2A_W29,MARITAL,Never been married,[0.0894159  0.63412759 0.2764565 ],0.006597159257035497
299,GIRLSF2A_W29,MARITAL,Separated,[0.33835239 0.34843775 0.31320986],0.0
300,GIRLSF2A_W29,MARITAL,Widowed,[0.14016529 0.36323996 0.49659475],0.02432829600002349
301,MASC2AF1_W29,MARITAL,Divorced,[0.67439009 0.32560991],0.013550127329080116
302,MASC2AF1_W29,MARITAL,Married,[0.61028664 0.38971336],0.026933706745557857
303,MASC2AF1_W29,MARITAL,Never been married,[0.62234294 0.37765706],0.021501048959618574
304,MASC2AF1_W29,MARITAL,Separated,[0.52082236 0.47917764],0.010444685551106551
305,MASC2AF1_W29,MARITAL,Widowed,[0.74970721 0.25029279],0.03556373528236606
306,DIFF1D_W29,MARITAL,Divorced,[0.09860832 0.90139168],0.0043632655765607105
307,DIFF1D_W29,MARITAL,Married,[0.11298069 0.88701931],0.007916836495649685
308,DIFF1D_W29,MARITAL,Never been married,[0.14358584 0.85641416],0.017833772957928474
309,DIFF1D_W29,MARITAL,Separated,[0.11347116 0.88652884],0.0025506357427455212
310,DIFF1D_W29,MARITAL,Widowed,[0.17798519 0.82201481],0.01931369199774817
311,HELPHURTF_W29,MARITAL,Divorced,[0.0672079  0.28572809 0.64706401],0.005855698805972587
312,HELPHURTF_W29,MARITAL,Married,[0.09655524 0.2114844  0.69196036],0.007480357200308293
313,HELPHURTF_W29,MARITAL,Never been married,[0.10765436 0.19682285 0.69552279],0.02272107693124196
314,HELPHURTF_W29,MARITAL,Separated,[0.19593752 0.14516136 0.65890112],0.0
315,HELPHURTF_W29,MARITAL,Widowed,[0.0512591  0.34263289 0.60610801],0.004822308809578653
316,TRANSGEND1_W29,MARITAL,Divorced,[0.508127 0.491873],0.009638485879923053
317,TRANSGEND1_W29,MARITAL,Married,[0.59379203 0.40620797],0.02183803147932767
318,TRANSGEND1_W29,MARITAL,Never been married,[0.50760272 0.49239728],0.026237631723481952
319,TRANSGEND1_W29,MARITAL,Separated,[0.60497816 0.39502184],0.022807907199541573
320,TRANSGEND1_W29,MARITAL,Widowed,[0.62231822 0.37768178],0.0024344020385495624
321,TALK_CPS_W29,MARITAL,Divorced,[0.16483312 0.32858777 0.17872578 0.09828341 0.15217896 0.07739097],0.000839047614492507
322,TALK_CPS_W29,MARITAL,Married,[0.11132036 0.38079882 0.28003104 0.07135588 0.11480568 0.04168821],0.0034846638700979982
323,TALK_CPS_W29,MARITAL,Never been married,[0.08659111 0.20351427 0.25699236 0.09110023 0.19990741 0.16189463],0.005117623124616146
324,TALK_CPS_W29,MARITAL,Separated,[0.15673715 0.2115559  0.25681867 0.10271262 0.17245897 0.09971669],0.0
325,TALK_CPS_W29,MARITAL,Widowed,[0.20351675 0.38204949 0.25168044 0.03155954 0.10248556 0.02870821],0.0
326,HELPHURTD_W29,MARITAL,Divorced,[0.02995924 0.34041696 0.6296238 ],0.0
327,HELPHURTD_W29,MARITAL,Married,[0.04862237 0.32666622 0.62471141],0.010636778760801685
328,HELPHURTD_W29,MARITAL,Never been married,[0.08407681 0.2980151  0.61790809],0.02162279513129203
329,HELPHURTD_W29,MARITAL,Separated,[0.09388491 0.35077644 0.55533865],0.005737275495235952
330,HELPHURTD_W29,MARITAL,Widowed,[0.1094063  0.30689753 0.58369617],0.0
331,HELPHURTG_W29,MARITAL,Divorced,[0.24132767 0.04853669 0.71013563],0.005855698805972587
332,HELPHURTG_W29,MARITAL,Married,[0.2457036  0.04553641 0.70875999],0.01319529857464147
333,HELPHURTG_W29,MARITAL,Never been married,[0.21166341 0.0581685  0.73016809],0.017277741684306146
334,HELPHURTG_W29,MARITAL,Separated,[0.29094527 0.10811003 0.60094469],0.0
335,HELPHURTG_W29,MARITAL,Widowed,[0.28554103 0.02849791 0.68596106],0.003077603414684733
336,MESUM2_FD_W29,MARITAL,Divorced,[0.44237823 0.55762177],0.026917680579004285
337,MESUM2_FD_W29,MARITAL,Married,[0.31086453 0.68913547],0.029651357794892974
338,MESUM2_FD_W29,MARITAL,Never been married,[0.55046855 0.44953145],0.018235090993664105
339,MESUM2_FD_W29,MARITAL,Separated,[0.54683139 0.45316861],0.029289131509792714
340,MESUM2_FD_W29,MARITAL,Widowed,[0.3108853 0.6891147],0.006712013667379381
341,WORRYBILL_W29,MARITAL,Divorced,[0.25856497 0.30524072 0.24625301 0.1899413 ],0.0033506624231287698
342,WORRYBILL_W29,MARITAL,Married,[0.15505082 0.24603361 0.3140358  0.28487977],0.0025736254099168257
343,WORRYBILL_W29,MARITAL,Never been married,[0.30872688 0.30063478 0.24100242 0.14963592],0.011100912837435795
344,WORRYBILL_W29,MARITAL,Separated,[0.42824746 0.35739894 0.11041734 0.10393626],0.0
345,WORRYBILL_W29,MARITAL,Widowed,[0.14318739 0.24963693 0.25303991 0.35413577],0.004219650275084305
346,FEM2BF2_W29,MARITAL,Divorced,[0.00346051 0.99653949],0.0
347,FEM2BF2_W29,MARITAL,Married,[0.06845537 0.93154463],0.0
348,FEM2BF2_W29,MARITAL,Never been married,[0.00732507 0.99267493],0.0
349,FEM2BF2_W29,MARITAL,Separated,[0. 1.],0.0
350,FEM2BF2_W29,MARITAL,Widowed,[0. 1.],0.0
351,DIFF1E_W29,MARITAL,Divorced,[0.62472891 0.37527109],0.005564077010444737
352,DIFF1E_W29,MARITAL,Married,[0.62213574 0.37786426],0.007960216579748736
353,DIFF1E_W29,MARITAL,Never been married,[0.65725923 0.34274077],0.0091051431642539
354,DIFF1E_W29,MARITAL,Separated,[0.61031002 0.38968998],0.0
355,DIFF1E_W29,MARITAL,Widowed,[0.65315031 0.34684969],0.029156085252957833
356,TRANSGEND3_W29,MARITAL,Divorced,[0.33569871 0.39844555 0.26585574],0.011994968638933064
357,TRANSGEND3_W29,MARITAL,Married,[0.39175057 0.3261184  0.28213103],0.016329089569402114
358,TRANSGEND3_W29,MARITAL,Never been married,[0.26371681 0.46573205 0.27055114],0.02665888580366575
359,TRANSGEND3_W29,MARITAL,Separated,[0.24208674 0.45274322 0.30517003],0.0026412185384295456
360,TRANSGEND3_W29,MARITAL,Widowed,[0.39945379 0.28346178 0.31708444],0.03423998383101887
361,MESUM1_FB_W29,MARITAL,Divorced,[0.93234809 0.06765191],0.0
362,MESUM1_FB_W29,MARITAL,Married,[0.87216035 0.12783965],0.0022159053695030686
363,MESUM1_FB_W29,MARITAL,Never been married,[0.85115382 0.14884618],0.024953332693991023
364,MESUM1_FB_W29,MARITAL,Separated,[0.85598765 0.14401235],0.013168640396054832
365,MESUM1_FB_W29,MARITAL,Widowed,[0.93436609 0.06563391],0.0
366,HOOD_NHISC_W29,MARITAL,Divorced,[0.11552504 0.44385792 0.24486409 0.19575295],0.010136035243801097
367,HOOD_NHISC_W29,MARITAL,Married,[0.15816947 0.43900233 0.27420913 0.12861907],0.007717393585550301
368,HOOD_NHISC_W29,MARITAL,Never been married,[0.10114019 0.34689651 0.3270809  0.2248824 ],0.0032970031083045925
369,HOOD_NHISC_W29,MARITAL,Separated,[0.11766894 0.45896417 0.18435363 0.23901326],0.004187874993557173
370,HOOD_NHISC_W29,MARITAL,Widowed,[0.22740256 0.46520214 0.21469546 0.09269984],0.014060887711064072
371,MASC2BF1_W29,MARITAL,Divorced,[0.01232513 0.98767487],0.0
372,MASC2BF1_W29,MARITAL,Married,[0.03925097 0.96074903],0.0
373,MASC2BF1_W29,MARITAL,Never been married,[0.09378072 0.90621928],0.010254117934763387
374,MASC2BF1_W29,MARITAL,Separated,[0. 1.],0.0
375,MASC2BF1_W29,MARITAL,Widowed,[0. 1.],0.0
376,GOODJOBS_W29,MARITAL,Divorced,[0.33929554 0.66070446],0.013357698390614516
377,GOODJOBS_W29,MARITAL,Married,[0.41913516 0.58086484],0.01251100112104191
378,GOODJOBS_W29,MARITAL,Never been married,[0.3665211 0.6334789],0.004843066624451908
379,GOODJOBS_W29,MARITAL,Separated,[0.3365395 0.6634605],0.0
380,GOODJOBS_W29,MARITAL,Widowed,[0.31081581 0.68918419],0.02166652703734775
0,WORRYRET_W29,RELIG,Agnostic,[0.19719205 0.38528398 0.30462792 0.11289605],0.005990754235653449
1,WORRYRET_W29,RELIG,Atheist,[0.31661385 0.24403483 0.29504685 0.14430447],0.0
2,WORRYRET_W29,RELIG,Buddhist,[0.27158692 0.5305744  0.08947405 0.10836462],0.0
3,WORRYRET_W29,RELIG,Hindu,[0.23374628 0.25632892 0.44509313 0.06483167],0.0
4,WORRYRET_W29,RELIG,Jewish,[0.15795246 0.54674838 0.19858038 0.09671878],0.0
5,WORRYRET_W29,RELIG,Mormon,[0.32223954 0.27659521 0.25922412 0.14194114],0.0
6,WORRYRET_W29,RELIG,Muslim,[0.23467158 0.38398201 0.09645851 0.2848879 ],0.10077357428856477
7,WORRYRET_W29,RELIG,Nothing in particular,[0.33122523 0.2768994  0.20243808 0.18943729],0.001839578732793936
8,WORRYRET_W29,RELIG,Orthodox,[0.19919279 0.22749271 0.17143286 0.40188165],0.0
9,WORRYRET_W29,RELIG,Other,[0.33183048 0.2586259  0.1755196  0.23402402],0.0
10,WORRYRET_W29,RELIG,Protestant,[0.29309546 0.32054281 0.26385877 0.12250296],0.0013558279835719966
11,WORRYRET_W29,RELIG,Roman Catholic,[0.33738247 0.34709878 0.2249944  0.09052436],0.007072471133349963
12,BOYSF1B_W29,RELIG,Agnostic,[0.07730173 0.7181732  0.20452506],0.013885748253468755
13,BOYSF1B_W29,RELIG,Atheist,[0.0419812  0.72931979 0.22869901],0.0007312054072145338
14,BOYSF1B_W29,RELIG,Buddhist,[0.         0.91542411 0.08457589],0.0
15,BOYSF1B_W29,RELIG,Hindu,[0.24420557 0.35487087 0.40092355],0.0
16,BOYSF1B_W29,RELIG,Jewish,[0.04363767 0.69239358 0.26396875],0.008684317789058647
17,BOYSF1B_W29,RELIG,Mormon,[0.2962078  0.49208588 0.21170632],0.027607757100319142
18,BOYSF1B_W29,RELIG,Muslim,[0.38797047 0.45557449 0.15645504],0.07244656858053912
19,BOYSF1B_W29,RELIG,Nothing in particular,[0.09769757 0.6577129  0.24458953],0.013714202386822366
20,BOYSF1B_W29,RELIG,Orthodox,[0.71391088 0.17938885 0.10670028],0.0
21,BOYSF1B_W29,RELIG,Other,[0.08343686 0.61570326 0.30085988],0.0
22,BOYSF1B_W29,RELIG,Protestant,[0.08779806 0.60197059 0.31023135],0.007617801316174425
23,BOYSF1B_W29,RELIG,Roman Catholic,[0.15885025 0.45828585 0.38286389],0.007814910179206708
24,TRANSGEND2_W29,RELIG,Agnostic,[0.45860071 0.54139929],0.004682494528424619
25,TRANSGEND2_W29,RELIG,Atheist,[0.56203597 0.43796403],0.005750609773820575
26,TRANSGEND2_W29,RELIG,Buddhist,[0.41371139 0.58628861],0.0
27,TRANSGEND2_W29,RELIG,Hindu,[0.11328955 0.88671045],0.0
28,TRANSGEND2_W29,RELIG,Jewish,[0.27922295 0.72077705],0.0
29,TRANSGEND2_W29,RELIG,Mormon,[0.30438794 0.69561206],0.0
30,TRANSGEND2_W29,RELIG,Muslim,[0.12697972 0.87302028],0.030418225092233984
31,TRANSGEND2_W29,RELIG,Nothing in particular,[0.39924186 0.60075814],0.006665778641121894
32,TRANSGEND2_W29,RELIG,Orthodox,[0.13957087 0.86042913],0.0
33,TRANSGEND2_W29,RELIG,Other,[0.42863249 0.57136751],0.0
34,TRANSGEND2_W29,RELIG,Protestant,[0.33559368 0.66440632],0.0019392075599383724
35,TRANSGEND2_W29,RELIG,Roman Catholic,[0.34750225 0.65249775],0.010691186017430278
36,MAN1E_W29,RELIG,Agnostic,[0.42290507 0.4978202  0.04591941 0.03335531],0.008542840704455873
37,MAN1E_W29,RELIG,Atheist,[0.52829087 0.39745111 0.07107697 0.00318105],0.00047311026438791987
38,MAN1E_W29,RELIG,Buddhist,[0.09149176 0.78860789 0.11990034 0.        ],0.0
39,MAN1E_W29,RELIG,Hindu,[0.24748348 0.54533652 0.16475204 0.04242796],0.0
40,MAN1E_W29,RELIG,Jewish,[0.50430247 0.38471681 0.11098072 0.        ],0.030131977428119253
41,MAN1E_W29,RELIG,Mormon,[0.31684305 0.28349915 0.20098783 0.19866997],0.0044242733622509335
42,MAN1E_W29,RELIG,Muslim,[0.24046007 0.47385084 0.03485867 0.25083041],0.059931303234752896
43,MAN1E_W29,RELIG,Nothing in particular,[0.42604718 0.40504827 0.12001807 0.04888647],0.00051273534737034
44,MAN1E_W29,RELIG,Orthodox,[0.28035666 0.61657723 0.08422871 0.0188374 ],0.0
45,MAN1E_W29,RELIG,Other,[0.4637823  0.45158438 0.04795583 0.03667748],0.0
46,MAN1E_W29,RELIG,Protestant,[0.37507307 0.48742657 0.11014811 0.02735225],0.002548154079200461
47,MAN1E_W29,RELIG,Roman Catholic,[0.39127291 0.44260831 0.12762985 0.03848893],0.0032794051348009087
48,MESUM2_FC_W29,RELIG,Agnostic,[0.28067659 0.71932341],0.000829570594489743
49,MESUM2_FC_W29,RELIG,Atheist,[0.16031569 0.83968431],0.0013210483542456142
50,MESUM2_FC_W29,RELIG,Buddhist,[0.44283451 0.55716549],0.0
51,MESUM2_FC_W29,RELIG,Hindu,[0.05267574 0.94732426],0.0
52,MESUM2_FC_W29,RELIG,Jewish,[0.26277943 0.73722057],0.0
53,MESUM2_FC_W29,RELIG,Mormon,[0.75856206 0.24143794],0.0
54,MESUM2_FC_W29,RELIG,Muslim,[0.15393293 0.84606707],0.0
55,MESUM2_FC_W29,RELIG,Nothing in particular,[0.39870836 0.60129164],0.015680588268562397
56,MESUM2_FC_W29,RELIG,Orthodox,[0.1940359 0.8059641],0.0
57,MESUM2_FC_W29,RELIG,Other,[0.5255439 0.4744561],0.0
58,MESUM2_FC_W29,RELIG,Protestant,[0.526026 0.473974],0.021869692265916642
59,MESUM2_FC_W29,RELIG,Roman Catholic,[0.45911186 0.54088814],0.022599765294047388
60,HELPHURTC_W29,RELIG,Agnostic,[0.34250327 0.10446122 0.55303551],0.0
61,HELPHURTC_W29,RELIG,Atheist,[0.39208422 0.04241587 0.56549991],0.0007052543647823776
62,HELPHURTC_W29,RELIG,Buddhist,[0.78831281 0.05292406 0.15876313],0.0
63,HELPHURTC_W29,RELIG,Hindu,[0.54285368 0.07282248 0.38432384],0.0
64,HELPHURTC_W29,RELIG,Jewish,[0.35274507 0.15471255 0.49254238],0.0
65,HELPHURTC_W29,RELIG,Mormon,[0.32362299 0.19583223 0.48054477],0.0
66,HELPHURTC_W29,RELIG,Muslim,[0.28640212 0.07510142 0.63849646],0.0
67,HELPHURTC_W29,RELIG,Nothing in particular,[0.33691579 0.09536901 0.5677152 ],0.002055348050071848
68,HELPHURTC_W29,RELIG,Orthodox,[0.38904429 0.17727834 0.43367737],0.0
69,HELPHURTC_W29,RELIG,Other,[0.25307312 0.11632085 0.63060603],0.0
70,HELPHURTC_W29,RELIG,Protestant,[0.25369687 0.11239515 0.63390797],0.008067368173622873
71,HELPHURTC_W29,RELIG,Roman Catholic,[0.27818405 0.11464306 0.6071729 ],0.018877511991241935
72,MESUM1_FF_W29,RELIG,Agnostic,[0.78849586 0.21150414],0.0023022268266355904
73,MESUM1_FF_W29,RELIG,Atheist,[0.91483721 0.08516279],0.0
74,MESUM1_FF_W29,RELIG,Buddhist,[0.72550417 0.27449583],0.0
75,MESUM1_FF_W29,RELIG,Hindu,[0.75409536 0.24590464],0.0
76,MESUM1_FF_W29,RELIG,Jewish,[0.75385335 0.24614665],0.03073122494605488
77,MESUM1_FF_W29,RELIG,Mormon,[0.61508481 0.38491519],0.0
78,MESUM1_FF_W29,RELIG,Muslim,[0.85964567 0.14035433],0.0
79,MESUM1_FF_W29,RELIG,Nothing in particular,[0.65007541 0.34992459],0.0
80,MESUM1_FF_W29,RELIG,Orthodox,[0.40214946 0.59785054],0.0
81,MESUM1_FF_W29,RELIG,Other,[0.60134907 0.39865093],0.0
82,MESUM1_FF_W29,RELIG,Protestant,[0.60008571 0.39991429],0.010229474992309213
83,MESUM1_FF_W29,RELIG,Roman Catholic,[0.61029083 0.38970917],0.016309902426658567
84,MESUM2_FE_W29,RELIG,Agnostic,[0.86085055 0.13914945],0.036839833623127885
85,MESUM2_FE_W29,RELIG,Atheist,[0.88522737 0.11477263],0.0013210483542456142
86,MESUM2_FE_W29,RELIG,Buddhist,[0.91633231 0.08366769],0.0
87,MESUM2_FE_W29,RELIG,Hindu,[0.54000972 0.45999028],0.0
88,MESUM2_FE_W29,RELIG,Jewish,[0.70902368 0.29097632],0.059889306743990095
89,MESUM2_FE_W29,RELIG,Mormon,[0.47505146 0.52494854],0.15535669922549836
90,MESUM2_FE_W29,RELIG,Muslim,[0.32525656 0.67474344],0.0
91,MESUM2_FE_W29,RELIG,Nothing in particular,[0.66315263 0.33684737],0.010911227288427526
92,MESUM2_FE_W29,RELIG,Orthodox,[0.21966772 0.78033228],0.0
93,MESUM2_FE_W29,RELIG,Other,[0.69092754 0.30907246],0.00588553888901727
94,MESUM2_FE_W29,RELIG,Protestant,[0.40653927 0.59346073],0.02565048565970763
95,MESUM2_FE_W29,RELIG,Roman Catholic,[0.59216624 0.40783376],0.03719420897247935
96,MESUM2_FA_W29,RELIG,Agnostic,[0.80124232 0.19875768],0.0028361218176509817
97,MESUM2_FA_W29,RELIG,Atheist,[0.79906701 0.20093299],0.0013210483542456146
98,MESUM2_FA_W29,RELIG,Buddhist,[0.79605152 0.20394848],0.0
99,MESUM2_FA_W29,RELIG,Hindu,[0.89761654 0.10238346],0.0
100,MESUM2_FA_W29,RELIG,Jewish,[0.6582186 0.3417814],0.015112581144876349
101,MESUM2_FA_W29,RELIG,Mormon,[0.56792155 0.43207845],0.012298187397297758
102,MESUM2_FA_W29,RELIG,Muslim,[0.68112197 0.31887803],0.0
103,MESUM2_FA_W29,RELIG,Nothing in particular,[0.55117055 0.44882945],0.015517009418972025
104,MESUM2_FA_W29,RELIG,Orthodox,[0.27865135 0.72134865],0.0
105,MESUM2_FA_W29,RELIG,Other,[0.83948679 0.16051321],0.0
106,MESUM2_FA_W29,RELIG,Protestant,[0.51000053 0.48999947],0.014030941371579357
107,MESUM2_FA_W29,RELIG,Roman Catholic,[0.62485195 0.37514805],0.022622577269772026
108,MESUM1_FD_W29,RELIG,Agnostic,[0.30578035 0.69421965],0.036839833623127885
109,MESUM1_FD_W29,RELIG,Atheist,[0.20868857 0.79131143],0.0028087888779884944
110,MESUM1_FD_W29,RELIG,Buddhist,[0.36467273 0.63532727],0.0
111,MESUM1_FD_W29,RELIG,Hindu,[0.28514901 0.71485099],0.0
112,MESUM1_FD_W29,RELIG,Jewish,[0.21397623 0.78602377],0.015112581144876349
113,MESUM1_FD_W29,RELIG,Mormon,[0.39652659 0.60347341],0.007474729331432182
114,MESUM1_FD_W29,RELIG,Muslim,[0.46903375 0.53096625],0.0
115,MESUM1_FD_W29,RELIG,Nothing in particular,[0.41684561 0.58315439],0.0
116,MESUM1_FD_W29,RELIG,Orthodox,[0.12320116 0.87679884],0.0
117,MESUM1_FD_W29,RELIG,Other,[0.52517287 0.47482713],0.00952857130761219
118,MESUM1_FD_W29,RELIG,Protestant,[0.49976831 0.50023169],0.014327350399193696
119,MESUM1_FD_W29,RELIG,Roman Catholic,[0.48888336 0.51111664],0.013432368214347913
120,MASC1F1_W29,RELIG,Agnostic,[0.5800233  0.1565094  0.26346729],0.0
121,MASC1F1_W29,RELIG,Atheist,[0.62848584 0.05684201 0.31467215],0.007379567321886464
122,MASC1F1_W29,RELIG,Buddhist,[0.60935148 0.29994398 0.09070455],0.0
123,MASC1F1_W29,RELIG,Hindu,[0.52711805 0.0905322  0.38234975],0.0
124,MASC1F1_W29,RELIG,Jewish,[0.52182462 0.06828427 0.4098911 ],0.0
125,MASC1F1_W29,RELIG,Mormon,[0.41702286 0.11115314 0.471824  ],0.0
126,MASC1F1_W29,RELIG,Muslim,[0.20459722 0.41956088 0.3758419 ],0.07244656858053912
127,MASC1F1_W29,RELIG,Nothing in particular,[0.55130438 0.03446093 0.41423469],0.008197696435485544
128,MASC1F1_W29,RELIG,Orthodox,[0.12938163 0.59370539 0.27691298],0.0
129,MASC1F1_W29,RELIG,Other,[0.4624931 0.102351  0.4351559],0.010944761180416632
130,MASC1F1_W29,RELIG,Protestant,[0.56384692 0.07738133 0.35877175],0.00270334829306757
131,MASC1F1_W29,RELIG,Roman Catholic,[0.47180845 0.05425338 0.47393817],0.015571763592390857
132,TRAITSB_W29,RELIG,Agnostic,[0.09720564 0.64394391 0.20331161 0.05553885],0.0
133,TRAITSB_W29,RELIG,Atheist,[0.0767805  0.59946093 0.28615861 0.03759996],0.005868239454833228
134,TRAITSB_W29,RELIG,Buddhist,[0.0694556  0.50324118 0.39169572 0.0356075 ],0.0
135,TRAITSB_W29,RELIG,Hindu,[0.13606165 0.72478245 0.12893837 0.01021753],0.0
136,TRAITSB_W29,RELIG,Jewish,[0.17866136 0.58042723 0.22911482 0.0117966 ],0.016897713579760207
137,TRAITSB_W29,RELIG,Mormon,[0.07950011 0.70264194 0.14163986 0.07621808],0.0025437409034028808
138,TRAITSB_W29,RELIG,Muslim,[0.29214518 0.63185096 0.03801203 0.03799182],0.03041822509223398
139,TRAITSB_W29,RELIG,Nothing in particular,[0.13754985 0.58439612 0.22324357 0.05481046],0.006782344941745612
140,TRAITSB_W29,RELIG,Orthodox,[0.1506035  0.7581006  0.04021785 0.05107806],0.0
141,TRAITSB_W29,RELIG,Other,[0.23061103 0.57981712 0.15981252 0.02975934],0.05841977446907492
142,TRAITSB_W29,RELIG,Protestant,[0.14643804 0.65010629 0.17368676 0.02976891],0.005617748491702776
143,TRAITSB_W29,RELIG,Roman Catholic,[0.15250317 0.57446287 0.23980657 0.03322739],0.011506920195586847
144,BOYSF1C_W29,RELIG,Agnostic,[0.11447756 0.31719443 0.56832801],0.016035140279904173
145,BOYSF1C_W29,RELIG,Atheist,[0.21275345 0.24967963 0.53756692],0.004924851473917539
146,BOYSF1C_W29,RELIG,Buddhist,[0.09215069 0.43307522 0.47477409],0.0
147,BOYSF1C_W29,RELIG,Hindu,[0.17515054 0.2086035  0.61624595],0.0
148,BOYSF1C_W29,RELIG,Jewish,[0.13059475 0.41553659 0.45386866],0.008684317789058645
149,BOYSF1C_W29,RELIG,Mormon,[0.05097978 0.61569461 0.33332561],0.027607757100319142
150,BOYSF1C_W29,RELIG,Muslim,[0.39083728 0.32286709 0.28629562],0.07244656858053912
151,BOYSF1C_W29,RELIG,Nothing in particular,[0.15234464 0.4201028  0.42755255],0.013226007905794672
152,BOYSF1C_W29,RELIG,Orthodox,[0.12020549 0.68355852 0.19623599],0.0
153,BOYSF1C_W29,RELIG,Other,[0.10775287 0.43624651 0.45600062],0.0
154,BOYSF1C_W29,RELIG,Protestant,[0.12158902 0.4289549  0.44945608],0.009731197655105207
155,BOYSF1C_W29,RELIG,Roman Catholic,[0.16369581 0.35369872 0.48260546],0.006037989207972036
156,BLOODPR_W29,RELIG,Agnostic,[0.25669357 0.74330643],0.0
157,BLOODPR_W29,RELIG,Atheist,[0.2462608 0.7537392],0.0
158,BLOODPR_W29,RELIG,Buddhist,[0.12295319 0.87704681],0.0
159,BLOODPR_W29,RELIG,Hindu,[0.19500233 0.80499767],0.0
160,BLOODPR_W29,RELIG,Jewish,[0.34471342 0.65528658],0.0
161,BLOODPR_W29,RELIG,Mormon,[0.19434039 0.80565961],0.01499539236920395
162,BLOODPR_W29,RELIG,Muslim,[0.04545463 0.95454537],0.03041822509223398
163,BLOODPR_W29,RELIG,Nothing in particular,[0.32661806 0.67338194],0.0013494536622477662
164,BLOODPR_W29,RELIG,Orthodox,[0.14192002 0.85807998],0.0
165,BLOODPR_W29,RELIG,Other,[0.21762611 0.78237389],0.0
166,BLOODPR_W29,RELIG,Protestant,[0.42647768 0.57352232],0.0029045651815380385
167,BLOODPR_W29,RELIG,Roman Catholic,[0.37476228 0.62523772],0.0
168,MAN1C_W29,RELIG,Agnostic,[0.10382431 0.32057809 0.50141492 0.07418268],0.003311884673876764
169,MAN1C_W29,RELIG,Atheist,[0.08214666 0.47101794 0.31059965 0.13623575],0.00047311026438791987
170,MAN1C_W29,RELIG,Buddhist,[0.06246627 0.4021566  0.45519359 0.08018354],0.0
171,MAN1C_W29,RELIG,Hindu,[0.16425215 0.32180036 0.37275207 0.14119542],0.0
172,MAN1C_W29,RELIG,Jewish,[0.09247589 0.48127859 0.26429299 0.16195253],0.0069255785255831976
173,MAN1C_W29,RELIG,Mormon,[0.01888252 0.41678142 0.20607723 0.35825883],0.0
174,MAN1C_W29,RELIG,Muslim,[0.0541788  0.42084494 0.21393069 0.31104558],0.059931303234752896
175,MAN1C_W29,RELIG,Nothing in particular,[0.10289033 0.40342154 0.33765411 0.15603402],0.0
176,MAN1C_W29,RELIG,Orthodox,[0.06912679 0.57445869 0.19341091 0.16300361],0.0
177,MAN1C_W29,RELIG,Other,[0.06332058 0.27256388 0.5757124  0.08840314],0.0
178,MAN1C_W29,RELIG,Protestant,[0.09083821 0.33726122 0.3670244  0.20487618],0.004883866836248747
179,MAN1C_W29,RELIG,Roman Catholic,[0.12790935 0.30155087 0.30947609 0.26106369],0.00274693338949908
180,FEM2AF2_W29,RELIG,Agnostic,[0.84766207 0.15233793],0.004630798572537803
181,FEM2AF2_W29,RELIG,Atheist,[0.28076494 0.71923506],0.025250411123954843
182,FEM2AF2_W29,RELIG,Buddhist,[0.73288941 0.26711059],0.0
183,FEM2AF2_W29,RELIG,Hindu,[1. 0.],0.0
184,FEM2AF2_W29,RELIG,Jewish,[0.60642655 0.39357345],0.08074826705921871
185,FEM2AF2_W29,RELIG,Mormon,[0.95834359 0.04165641],0.0
186,FEM2AF2_W29,RELIG,Muslim,[1. 0.],0.0
187,FEM2AF2_W29,RELIG,Nothing in particular,[0.78469005 0.21530995],0.06146339588389388
188,FEM2AF2_W29,RELIG,Orthodox,[1. 0.],0.0
189,FEM2AF2_W29,RELIG,Other,[0.80391336 0.19608664],0.0
190,FEM2AF2_W29,RELIG,Protestant,[0.89356536 0.10643464],0.007531124948635884
191,FEM2AF2_W29,RELIG,Roman Catholic,[0.83678416 0.16321584],0.010134829833246334
192,DIFF1B_W29,RELIG,Agnostic,[0.29427259 0.70572741],0.012604328925676292
193,DIFF1B_W29,RELIG,Atheist,[0.36288752 0.63711248],0.0
194,DIFF1B_W29,RELIG,Buddhist,[0.2278256 0.7721744],0.0
195,DIFF1B_W29,RELIG,Hindu,[0.08672535 0.91327465],0.0
196,DIFF1B_W29,RELIG,Jewish,[0.25973521 0.74026479],0.0010504723659132617
197,DIFF1B_W29,RELIG,Mormon,[0.25940502 0.74059498],0.0
198,DIFF1B_W29,RELIG,Muslim,[0.06484229 0.93515771],0.03041822509223398
199,DIFF1B_W29,RELIG,Nothing in particular,[0.27260062 0.72739938],0.014279255780235497
200,DIFF1B_W29,RELIG,Orthodox,[0.12468244 0.87531756],0.0
201,DIFF1B_W29,RELIG,Other,[0.30446048 0.69553952],0.0061618062419781785
202,DIFF1B_W29,RELIG,Protestant,[0.18544905 0.81455095],0.005501512310583964
203,DIFF1B_W29,RELIG,Roman Catholic,[0.24552107 0.75447893],0.01604881782636684
204,DIFF1A_W29,RELIG,Agnostic,[0.40190316 0.59809684],0.005671577964982549
205,DIFF1A_W29,RELIG,Atheist,[0.45225558 0.54774442],0.0007877067774503591
206,DIFF1A_W29,RELIG,Buddhist,[0.45357441 0.54642559],0.10120262500604832
207,DIFF1A_W29,RELIG,Hindu,[0.17579717 0.82420283],0.0
208,DIFF1A_W29,RELIG,Jewish,[0.25744361 0.74255639],0.018721150152261373
209,DIFF1A_W29,RELIG,Mormon,[0.3766457 0.6233543],0.006523714979337756
210,DIFF1A_W29,RELIG,Muslim,[0.15617998 0.84382002],0.03041822509223398
211,DIFF1A_W29,RELIG,Nothing in particular,[0.39121661 0.60878339],0.009252146107046909
212,DIFF1A_W29,RELIG,Orthodox,[0.26098908 0.73901092],0.0
213,DIFF1A_W29,RELIG,Other,[0.39257151 0.60742849],0.001959568226433734
214,DIFF1A_W29,RELIG,Protestant,[0.26714843 0.73285157],0.005009131769348468
215,DIFF1A_W29,RELIG,Roman Catholic,[0.25813322 0.74186678],0.006368278965083233
216,FEM2_W29,RELIG,Agnostic,[0.03730706 0.82711876 0.13342492 0.00214926],0.0
217,FEM2_W29,RELIG,Atheist,[0.06797166 0.73922865 0.18512081 0.00767888],0.0
218,FEM2_W29,RELIG,Buddhist,[0.21692568 0.68630527 0.09676906 0.        ],0.0
219,FEM2_W29,RELIG,Hindu,[0.         0.97313846 0.02686154 0.        ],0.0
220,FEM2_W29,RELIG,Jewish,[0.21376289 0.65037224 0.13586487 0.        ],0.04887785801968809
221,FEM2_W29,RELIG,Mormon,[0.25701195 0.66708662 0.07590143 0.        ],0.0
222,FEM2_W29,RELIG,Muslim,[0.30740828 0.54191138 0.15068034 0.        ],0.007137596053782566
223,FEM2_W29,RELIG,Nothing in particular,[0.14662421 0.61217371 0.2123724  0.02882968],0.010087263285031777
224,FEM2_W29,RELIG,Orthodox,[0.18446974 0.35171359 0.0433594  0.42045727],0.0
225,FEM2_W29,RELIG,Other,[0.35982532 0.45329024 0.11280719 0.07407725],0.0013377158317277064
226,FEM2_W29,RELIG,Protestant,[0.38129757 0.50668882 0.09275938 0.01925423],0.0
227,FEM2_W29,RELIG,Roman Catholic,[0.43323074 0.45353359 0.10763271 0.00560296],0.0010810549309384402
228,HELPHURTE_W29,RELIG,Agnostic,[0.30244495 0.19920928 0.49834577],0.0
229,HELPHURTE_W29,RELIG,Atheist,[0.21586858 0.16520363 0.6189278 ],0.0004292037482573678
230,HELPHURTE_W29,RELIG,Buddhist,[0.41858102 0.14486182 0.43655717],0.0
231,HELPHURTE_W29,RELIG,Hindu,[0.51686768 0.16637264 0.31675968],0.0
232,HELPHURTE_W29,RELIG,Jewish,[0.24492672 0.22985964 0.52521364],0.007012718897131024
233,HELPHURTE_W29,RELIG,Mormon,[0.27304226 0.0434241  0.68353364],0.0
234,HELPHURTE_W29,RELIG,Muslim,[0.54156007 0.07002524 0.38841469],0.0
235,HELPHURTE_W29,RELIG,Nothing in particular,[0.19718145 0.24709891 0.55571964],0.0034307933236400728
236,HELPHURTE_W29,RELIG,Orthodox,[0.28958939 0.13992539 0.57048522],0.0
237,HELPHURTE_W29,RELIG,Other,[0.16248524 0.15511547 0.68239929],0.0
238,HELPHURTE_W29,RELIG,Protestant,[0.21347319 0.16836645 0.61816036],0.012382986557694606
239,HELPHURTE_W29,RELIG,Roman Catholic,[0.2766134  0.18143313 0.54195347],0.005215450868363763
240,PARTICIPATEC_W29,RELIG,Agnostic,[0.13034944 0.86965056],0.009517272398334857
241,PARTICIPATEC_W29,RELIG,Atheist,[0.13577443 0.86422557],0.0024760497690753404
242,PARTICIPATEC_W29,RELIG,Buddhist,[0.08761975 0.91238025],0.0
243,PARTICIPATEC_W29,RELIG,Hindu,[0.11559299 0.88440701],0.0
244,PARTICIPATEC_W29,RELIG,Jewish,[0.25607221 0.74392779],0.0
245,PARTICIPATEC_W29,RELIG,Mormon,[0.15008539 0.84991461],0.005566864502746329
246,PARTICIPATEC_W29,RELIG,Muslim,[0.11217131 0.88782869],0.030418225092233984
247,PARTICIPATEC_W29,RELIG,Nothing in particular,[0.13518882 0.86481118],0.013851322483341397
248,PARTICIPATEC_W29,RELIG,Orthodox,[0.1031224 0.8968776],0.0
249,PARTICIPATEC_W29,RELIG,Other,[0.15002158 0.84997842],0.003098646781298707
250,PARTICIPATEC_W29,RELIG,Protestant,[0.11536329 0.88463671],0.0026681730180448727
251,PARTICIPATEC_W29,RELIG,Roman Catholic,[0.13368689 0.86631311],0.005594722750506828
252,S13_W29,RELIG,Agnostic,[0.3108356  0.32879797 0.18457964 0.02974151 0.13166854 0.01437674],0.0004853476534542838
253,S13_W29,RELIG,Atheist,[0.25624345 0.35770771 0.24266455 0.06806108 0.0748568  0.00046641],0.0
254,S13_W29,RELIG,Buddhist,[0.1718002  0.41354092 0.3554566  0.02925859 0.02994369 0.        ],0.0
255,S13_W29,RELIG,Hindu,[0.14257249 0.36516521 0.39497774 0.09728457 0.         0.        ],0.0
256,S13_W29,RELIG,Jewish,[0.30758847 0.29966854 0.23586509 0.12813889 0.02873902 0.        ],0.0
257,S13_W29,RELIG,Mormon,[0.15908857 0.41832951 0.35897325 0.01488561 0.03954432 0.00917874],0.0
258,S13_W29,RELIG,Muslim,[0.56045149 0.26677624 0.07787399 0.02366512 0.04084197 0.03039119],0.030418225092233984
259,S13_W29,RELIG,Nothing in particular,[0.27833506 0.32709943 0.19989471 0.05493341 0.06302357 0.07671382],0.0014796185798913919
260,S13_W29,RELIG,Orthodox,[0.63794482 0.11509268 0.21903104 0.01881759 0.00911387 0.        ],0.0
261,S13_W29,RELIG,Other,[0.30314375 0.30746108 0.26013386 0.0288748  0.03879524 0.06159127],0.0
262,S13_W29,RELIG,Protestant,[0.33785551 0.37053358 0.17597512 0.05551414 0.04600446 0.0141172 ],0.0034488536697013013
263,S13_W29,RELIG,Roman Catholic,[0.29314038 0.39155098 0.15331576 0.04583127 0.0802827  0.0358789 ],0.0028211427132156415
264,GIRLSF2D_W29,RELIG,Agnostic,[0.09559845 0.38460124 0.51980031],0.006850164442453727
265,GIRLSF2D_W29,RELIG,Atheist,[0.05665765 0.59975168 0.34359067],0.005387597344275308
266,GIRLSF2D_W29,RELIG,Buddhist,[0.063456   0.29788072 0.63866327],0.0
267,GIRLSF2D_W29,RELIG,Hindu,[0.59683157 0.18918425 0.21398418],0.0
268,GIRLSF2D_W29,RELIG,Jewish,[0.03876155 0.27609798 0.68514048],0.024693315978136784
269,GIRLSF2D_W29,RELIG,Mormon,[0.24563626 0.21826119 0.53610255],0.0
270,GIRLSF2D_W29,RELIG,Muslim,[0.30060979 0.32334242 0.3760478 ],0.0
271,GIRLSF2D_W29,RELIG,Nothing in particular,[0.07236513 0.4574902  0.47014467],0.01397747911660509
272,GIRLSF2D_W29,RELIG,Orthodox,[0.07569956 0.31289419 0.61140625],0.0
273,GIRLSF2D_W29,RELIG,Other,[0.01958184 0.3344061  0.64601207],0.03703666076924632
274,GIRLSF2D_W29,RELIG,Protestant,[0.04183682 0.43660167 0.52156151],0.007994185536431714
275,GIRLSF2D_W29,RELIG,Roman Catholic,[0.12644592 0.30944901 0.56410507],0.002370419098006117
276,BOYSF1A_W29,RELIG,Agnostic,[0.16455506 0.27210721 0.56333773],0.02155576253348132
277,BOYSF1A_W29,RELIG,Atheist,[0.2778152  0.15417609 0.56800871],0.0007312054072145338
278,BOYSF1A_W29,RELIG,Buddhist,[0.17160981 0.4465158  0.3818744 ],0.0
279,BOYSF1A_W29,RELIG,Hindu,[0.19715041 0.23704013 0.56580946],0.0
280,BOYSF1A_W29,RELIG,Jewish,[0.35379609 0.2408703  0.4053336 ],0.008684317789058645
281,BOYSF1A_W29,RELIG,Mormon,[0.0112345 0.7332156 0.2555499],0.0
282,BOYSF1A_W29,RELIG,Muslim,[0.42115641 0.29250431 0.28633928],0.07244656858053912
283,BOYSF1A_W29,RELIG,Nothing in particular,[0.1542788  0.40368833 0.44203287],0.015918803891567173
284,BOYSF1A_W29,RELIG,Orthodox,[0.09981988 0.66797483 0.23220529],0.0
285,BOYSF1A_W29,RELIG,Other,[0.16958156 0.28337361 0.54704483],0.0
286,BOYSF1A_W29,RELIG,Protestant,[0.09038405 0.51030077 0.39931518],0.012241764428280292
287,BOYSF1A_W29,RELIG,Roman Catholic,[0.17878185 0.373651   0.44756715],0.006565663629532905
288,HELPHURTA_W29,RELIG,Agnostic,[0.25565343 0.12793924 0.61640732],0.007101279376997447
289,HELPHURTA_W29,RELIG,Atheist,[0.19438067 0.07031001 0.73530932],0.0
290,HELPHURTA_W29,RELIG,Buddhist,[0.5190566  0.05631125 0.42463215],0.0
291,HELPHURTA_W29,RELIG,Hindu,[0.54829009 0.04634281 0.4053671 ],0.0
292,HELPHURTA_W29,RELIG,Jewish,[0.15577229 0.22373023 0.62049748],0.014066442141483821
293,HELPHURTA_W29,RELIG,Mormon,[0.20718688 0.30546238 0.48735074],0.0
294,HELPHURTA_W29,RELIG,Muslim,[0.19553228 0.26883814 0.53562958],0.0
295,HELPHURTA_W29,RELIG,Nothing in particular,[0.09059637 0.21858437 0.69081926],0.002055348050071848
296,HELPHURTA_W29,RELIG,Orthodox,[0.06902745 0.23435049 0.69662207],0.0
297,HELPHURTA_W29,RELIG,Other,[0.12002346 0.33216268 0.54781386],0.0
298,HELPHURTA_W29,RELIG,Protestant,[0.08963579 0.28498876 0.62537545],0.010214423635265616
299,HELPHURTA_W29,RELIG,Roman Catholic,[0.22446549 0.16306265 0.61247186],0.02558038893111296
300,MAN1B_W29,RELIG,Agnostic,[0.09804933 0.40708643 0.40447956 0.09038469],0.0033118846738767636
301,MAN1B_W29,RELIG,Atheist,[0.11422493 0.46462752 0.24137655 0.17977099],0.00047311026438791987
302,MAN1B_W29,RELIG,Buddhist,[0.04690613 0.05775014 0.41562889 0.47971484],0.0
303,MAN1B_W29,RELIG,Hindu,[0.09304734 0.3583429  0.24151977 0.30708999],0.0
304,MAN1B_W29,RELIG,Jewish,[0.07061513 0.46996909 0.24329738 0.2161184 ],0.0
305,MAN1B_W29,RELIG,Mormon,[0.08252603 0.25873705 0.20172813 0.45700879],0.0
306,MAN1B_W29,RELIG,Muslim,[0.         0.08550306 0.73088083 0.18361611],0.05993130323475288
307,MAN1B_W29,RELIG,Nothing in particular,[0.17035846 0.28296352 0.31900119 0.22767684],0.0004055269527096462
308,MAN1B_W29,RELIG,Orthodox,[0.02056998 0.45170617 0.16180198 0.36592187],0.0842287144975017
309,MAN1B_W29,RELIG,Other,[0.0978288  0.28921868 0.35049797 0.26245456],0.00807039290762341
310,MAN1B_W29,RELIG,Protestant,[0.10436589 0.24197828 0.37371158 0.27994425],0.0015551410645741183
311,MAN1B_W29,RELIG,Roman Catholic,[0.08517634 0.26544004 0.33825693 0.31112669],0.019522347330211954
312,S12_W29,RELIG,Agnostic,[0.4556599  0.32678201 0.10702174 0.01206275 0.02436146 0.07411215],0.0018734302433148632
313,S12_W29,RELIG,Atheist,[0.54329424 0.2804142  0.07483838 0.02032373 0.04625429 0.03487516],0.0
314,S12_W29,RELIG,Buddhist,[0.47365094 0.51215054 0.00481123 0.         0.00938729 0.        ],0.0
315,S12_W29,RELIG,Hindu,[0.46731734 0.28298805 0.12733407 0.12236054 0.         0.        ],0.0
316,S12_W29,RELIG,Jewish,[0.50732962 0.16315434 0.23255161 0.03708239 0.04240199 0.01748006],0.011553649804978007
317,S12_W29,RELIG,Mormon,[0.64375609 0.17125664 0.05044654 0.01541252 0.10818552 0.01094269],0.0
318,S12_W29,RELIG,Muslim,[0.52836215 0.29107014 0.0623896  0.05759976 0.         0.06057835],0.03834489725817446
319,S12_W29,RELIG,Nothing in particular,[0.48284165 0.2355907  0.10832144 0.04072322 0.0468129  0.08571008],0.0014411888883280864
320,S12_W29,RELIG,Orthodox,[0.33087656 0.25572126 0.04122069 0.0219908  0.35019069 0.        ],0.0
321,S12_W29,RELIG,Other,[0.71655389 0.17501158 0.07946643 0.00234897 0.00885049 0.01776864],0.0
322,S12_W29,RELIG,Protestant,[0.62292007 0.18468203 0.07931681 0.02453913 0.03726834 0.05127361],0.002451729652011235
323,S12_W29,RELIG,Roman Catholic,[0.53440756 0.22273131 0.1075282  0.02615279 0.03819878 0.07098135],0.0014548196025429584
324,HELPHURTB_W29,RELIG,Agnostic,[0.33468074 0.04845935 0.61685992],0.007101279376997447
325,HELPHURTB_W29,RELIG,Atheist,[0.4342259  0.01228695 0.55348715],0.0
326,HELPHURTB_W29,RELIG,Buddhist,[0.61671178 0.02275323 0.360535  ],0.0
327,HELPHURTB_W29,RELIG,Hindu,[0.40395704 0.13412876 0.4619142 ],0.0
328,HELPHURTB_W29,RELIG,Jewish,[0.50396461 0.09115993 0.40487547],0.010630605076432036
329,HELPHURTB_W29,RELIG,Mormon,[0.35695263 0.01240394 0.63064343],0.0
330,HELPHURTB_W29,RELIG,Muslim,[0.28735427 0.07532749 0.63731824],0.0
331,HELPHURTB_W29,RELIG,Nothing in particular,[0.29453986 0.03352524 0.6719349 ],0.0023424954234507085
332,HELPHURTB_W29,RELIG,Orthodox,[0.46542327 0.05794181 0.47663492],0.0
333,HELPHURTB_W29,RELIG,Other,[0.32248984 0.02744859 0.65006158],0.0
334,HELPHURTB_W29,RELIG,Protestant,[0.23649028 0.04954588 0.71396384],0.00770789697293592
335,HELPHURTB_W29,RELIG,Roman Catholic,[0.32934568 0.09497909 0.57567522],0.007054071013848478
336,TRAITSD_W29,RELIG,Agnostic,[0.16536656 0.51234076 0.26003181 0.06226087],0.0
337,TRAITSD_W29,RELIG,Atheist,[0.2391983  0.42503409 0.27693943 0.05882817],0.0
338,TRAITSD_W29,RELIG,Buddhist,[0.18502995 0.45154563 0.3237023  0.03972211],0.0
339,TRAITSD_W29,RELIG,Hindu,[0.1975973  0.65143821 0.1509645  0.        ],0.0
340,TRAITSD_W29,RELIG,Jewish,[0.39042942 0.30949348 0.26765939 0.03241771],0.005703142965908601
341,TRAITSD_W29,RELIG,Mormon,[0.18594339 0.57662023 0.21980315 0.01763323],0.046007247304284946
342,TRAITSD_W29,RELIG,Muslim,[0.37988816 0.45119731 0.13150893 0.03740561],0.10077357428856477
343,TRAITSD_W29,RELIG,Nothing in particular,[0.25957799 0.48760807 0.2047217  0.04809224],0.006868357919856283
344,TRAITSD_W29,RELIG,Orthodox,[0.12254949 0.70394877 0.12614028 0.04736145],0.004495710556050634
345,TRAITSD_W29,RELIG,Other,[0.33394863 0.43858679 0.19241314 0.03505144],0.004553355503901581
346,TRAITSD_W29,RELIG,Protestant,[0.26148362 0.53579144 0.1823122  0.02041273],0.005252454316428554
347,TRAITSD_W29,RELIG,Roman Catholic,[0.27670421 0.52462649 0.14719496 0.05147434],0.008893748241826463
348,PARTICIPATEB_W29,RELIG,Agnostic,[0.04697874 0.95302126],0.02805152210183651
349,PARTICIPATEB_W29,RELIG,Atheist,[0.09250147 0.90749853],0.0
350,PARTICIPATEB_W29,RELIG,Buddhist,[0.1757767 0.8242233],0.0
351,PARTICIPATEB_W29,RELIG,Hindu,[0.09644351 0.90355649],0.0
352,PARTICIPATEB_W29,RELIG,Jewish,[0.16718032 0.83281968],0.018772323756986852
353,PARTICIPATEB_W29,RELIG,Mormon,[0.06773505 0.93226495],0.0
354,PARTICIPATEB_W29,RELIG,Muslim,[0.05082482 0.94917518],0.030418225092233984
355,PARTICIPATEB_W29,RELIG,Nothing in particular,[0.0656123 0.9343877],0.010211305867634742
356,PARTICIPATEB_W29,RELIG,Orthodox,[0.0384906 0.9615094],0.0
357,PARTICIPATEB_W29,RELIG,Other,[0.05192073 0.94807927],0.005007206171366816
358,PARTICIPATEB_W29,RELIG,Protestant,[0.09474443 0.90525557],0.009068487090895083
359,PARTICIPATEB_W29,RELIG,Roman Catholic,[0.10712259 0.89287741],0.00414517359284634
360,MESUM1_FA_W29,RELIG,Agnostic,[0.55861371 0.44138629],0.0
361,MESUM1_FA_W29,RELIG,Atheist,[0.4651623 0.5348377],0.0019139081575056808
362,MESUM1_FA_W29,RELIG,Buddhist,[0.44767419 0.55232581],0.0
363,MESUM1_FA_W29,RELIG,Hindu,[0.96880444 0.03119556],0.0
364,MESUM1_FA_W29,RELIG,Jewish,[0.71292618 0.28707382],0.015112581144876349
365,MESUM1_FA_W29,RELIG,Mormon,[0.90850426 0.09149574],0.0
366,MESUM1_FA_W29,RELIG,Muslim,[0.80770248 0.19229752],0.0
367,MESUM1_FA_W29,RELIG,Nothing in particular,[0.72642555 0.27357445],0.02064160186805113
368,MESUM1_FA_W29,RELIG,Orthodox,[0.36650707 0.63349293],0.0
369,MESUM1_FA_W29,RELIG,Other,[0.91703497 0.08296503],0.0
370,MESUM1_FA_W29,RELIG,Protestant,[0.86982972 0.13017028],0.009328089925222065
371,MESUM1_FA_W29,RELIG,Roman Catholic,[0.84519187 0.15480813],0.0003777279069505186
372,TRAITSF_W29,RELIG,Agnostic,[0.29378032 0.51003888 0.15671866 0.03946215],0.0
373,TRAITSF_W29,RELIG,Atheist,[0.29376609 0.46695987 0.20444534 0.0348287 ],0.0018576202325744807
374,TRAITSF_W29,RELIG,Buddhist,[0.20416274 0.54323195 0.16749492 0.08511038],0.0
375,TRAITSF_W29,RELIG,Hindu,[0.41655676 0.47181204 0.1116312  0.        ],0.11215621791084339
376,TRAITSF_W29,RELIG,Jewish,[0.39894327 0.50350614 0.09755059 0.        ],0.007821668189669099
377,TRAITSF_W29,RELIG,Mormon,[0.32547706 0.50909311 0.15686103 0.0085688 ],0.046007247304284946
378,TRAITSF_W29,RELIG,Muslim,[0.32623664 0.37680017 0.26657199 0.03039119],0.03041822509223398
379,TRAITSF_W29,RELIG,Nothing in particular,[0.2943732  0.4991784  0.17245016 0.03399824],0.009199321668869
380,TRAITSF_W29,RELIG,Orthodox,[0.37832667 0.45503553 0.1666378  0.        ],0.0
381,TRAITSF_W29,RELIG,Other,[0.49797636 0.34961795 0.12052383 0.03188185],0.0
382,TRAITSF_W29,RELIG,Protestant,[0.3909198  0.46173027 0.12389215 0.02345778],0.007271891385257659
383,TRAITSF_W29,RELIG,Roman Catholic,[0.37001188 0.50692106 0.10969331 0.01337376],0.0036004602421298984
384,NOWSMK_NHIS_W29,RELIG,Agnostic,[0.18626401 0.2595701  0.55416588],0.0
385,NOWSMK_NHIS_W29,RELIG,Atheist,[0.26732221 0.20059723 0.53208056],0.0
386,NOWSMK_NHIS_W29,RELIG,Buddhist,[0.27435963 0.04971612 0.67592425],0.0
387,NOWSMK_NHIS_W29,RELIG,Hindu,[0.19303809 0.16231858 0.64464333],0.0
388,NOWSMK_NHIS_W29,RELIG,Jewish,[0.31014629 0.06168536 0.62816836],0.0
389,NOWSMK_NHIS_W29,RELIG,Mormon,[0.47487523 0.01980966 0.50531511],0.0
390,NOWSMK_NHIS_W29,RELIG,Muslim,[0.19894691 0.05107776 0.74997533],0.0
391,NOWSMK_NHIS_W29,RELIG,Nothing in particular,[0.41650323 0.13779073 0.44570604],0.0021879164183939395
392,NOWSMK_NHIS_W29,RELIG,Orthodox,[0.30153596 0.20486984 0.4935942 ],0.0
393,NOWSMK_NHIS_W29,RELIG,Other,[0.42660689 0.24746708 0.32592602],0.0
394,NOWSMK_NHIS_W29,RELIG,Protestant,[0.33184656 0.11547347 0.55267997],0.00023434858096030932
395,NOWSMK_NHIS_W29,RELIG,Roman Catholic,[0.23101174 0.12831995 0.64066831],0.0012403394627780043
396,SEENMASC_W29,RELIG,Agnostic,[0.06396695 0.36406837 0.3961639  0.17580078],0.0
397,SEENMASC_W29,RELIG,Atheist,[0.02276371 0.3367017  0.37187819 0.2686564 ],0.0
398,SEENMASC_W29,RELIG,Buddhist,[0.21681771 0.13284394 0.499817   0.15052135],0.0
399,SEENMASC_W29,RELIG,Hindu,[0.41019316 0.1819943  0.27403654 0.133776  ],0.0
400,SEENMASC_W29,RELIG,Jewish,[0.11424091 0.45713825 0.22489563 0.20372522],0.025361179760847154
401,SEENMASC_W29,RELIG,Mormon,[0.06428313 0.4729272  0.34964675 0.11314291],0.0
402,SEENMASC_W29,RELIG,Muslim,[0.19659139 0.06244936 0.53725355 0.2037057 ],0.05993130323475288
403,SEENMASC_W29,RELIG,Nothing in particular,[0.09359251 0.30595063 0.37904021 0.22141665],0.0
404,SEENMASC_W29,RELIG,Orthodox,[0.26130387 0.33913341 0.12447182 0.27509089],0.0
405,SEENMASC_W29,RELIG,Other,[0.09232402 0.32262064 0.41943046 0.16562487],0.12155347662381794
406,SEENMASC_W29,RELIG,Protestant,[0.09893753 0.39410273 0.36376512 0.14319461],0.002623022932709753
407,SEENMASC_W29,RELIG,Roman Catholic,[0.08881717 0.34315445 0.40302718 0.1650012 ],0.005905515302993201
408,MASC2_W29,RELIG,Agnostic,[0.20452581 0.63907767 0.14986363 0.0065329 ],0.0
409,MASC2_W29,RELIG,Atheist,[1.32354427e-01 6.17557157e-01 2.49603197e-01 4.85218568e-04],0.0
410,MASC2_W29,RELIG,Buddhist,[0.06209782 0.49757947 0.36732735 0.07299536],0.0
411,MASC2_W29,RELIG,Hindu,[0.23513177 0.5653386  0.19952963 0.        ],0.0
412,MASC2_W29,RELIG,Jewish,[0.12732246 0.77050503 0.10217251 0.        ],0.0
413,MASC2_W29,RELIG,Mormon,[0.32145554 0.37875039 0.29979408 0.        ],0.0
414,MASC2_W29,RELIG,Muslim,[0.30151487 0.47530128 0.22318385 0.        ],0.059931303234752896
415,MASC2_W29,RELIG,Nothing in particular,[0.30328864 0.50232992 0.17492098 0.01946046],0.0
416,MASC2_W29,RELIG,Orthodox,[0.16481925 0.71625892 0.10008444 0.0188374 ],0.0
417,MASC2_W29,RELIG,Other,[0.37902411 0.54280237 0.07817352 0.        ],0.016666512607190907
418,MASC2_W29,RELIG,Protestant,[0.39259137 0.50637561 0.09677844 0.00425458],0.0025339982721404608
419,MASC2_W29,RELIG,Roman Catholic,[0.32071129 0.52738186 0.12354397 0.02836288],0.016882773565448386
420,HOOD_NHISB_W29,RELIG,Agnostic,[0.27307706 0.53338763 0.14000577 0.05352955],0.003607280807487188
421,HOOD_NHISB_W29,RELIG,Atheist,[0.24258972 0.4801287  0.12484028 0.15244129],0.009125685597818093
422,HOOD_NHISB_W29,RELIG,Buddhist,[0.14050674 0.63197553 0.10498959 0.12252814],0.06778121287579085
423,HOOD_NHISB_W29,RELIG,Hindu,[0.46469212 0.43984065 0.05710733 0.03835989],0.0
424,HOOD_NHISB_W29,RELIG,Jewish,[0.39825787 0.44320297 0.15492082 0.00361833],0.0
425,HOOD_NHISB_W29,RELIG,Mormon,[0.37024705 0.34667472 0.19506742 0.08801082],0.0
426,HOOD_NHISB_W29,RELIG,Muslim,[0.15884002 0.36142659 0.34839482 0.13133857],0.03041822509223398
427,HOOD_NHISB_W29,RELIG,Nothing in particular,[0.25621528 0.44170304 0.1646721  0.13740958],0.006308228260334942
428,HOOD_NHISB_W29,RELIG,Orthodox,[0.14531522 0.32057184 0.53411294 0.        ],0.0
429,HOOD_NHISB_W29,RELIG,Other,[0.26035196 0.41759548 0.1516597  0.17039285],0.005446417965121965
430,HOOD_NHISB_W29,RELIG,Protestant,[0.30044974 0.50900332 0.12883265 0.06171429],0.0057406576210361215
431,HOOD_NHISB_W29,RELIG,Roman Catholic,[0.34131668 0.45756169 0.13005551 0.07106613],0.004872050248576191
432,FAVORS_CPS_W29,RELIG,Agnostic,[0.01293464 0.05079902 0.12767892 0.15348712 0.32230691 0.33279339],0.0006263236280882588
433,FAVORS_CPS_W29,RELIG,Atheist,[0.00498761 0.04820033 0.13652456 0.1252111  0.26939926 0.41567714],0.0
434,FAVORS_CPS_W29,RELIG,Buddhist,[0.1153961  0.00857453 0.15841653 0.         0.49945614 0.21815671],0.0
435,FAVORS_CPS_W29,RELIG,Hindu,[0.03472826 0.08339335 0.17029389 0.         0.31373823 0.39784628],0.0
436,FAVORS_CPS_W29,RELIG,Jewish,[0.02386118 0.04653784 0.17056926 0.23429415 0.22784398 0.29689359],0.0
437,FAVORS_CPS_W29,RELIG,Mormon,[0.00718604 0.0782696  0.20568444 0.19295593 0.28399552 0.23190847],0.0
438,FAVORS_CPS_W29,RELIG,Muslim,[0.0640777  0.07366024 0.08568386 0.18579226 0.19596308 0.39482286],0.030418225092233984
439,FAVORS_CPS_W29,RELIG,Nothing in particular,[0.01644015 0.07608365 0.17574714 0.12027376 0.23497929 0.37647601],0.0021096019406708446
440,FAVORS_CPS_W29,RELIG,Orthodox,[0.         0.01918748 0.17545919 0.08470662 0.58300706 0.13763965],0.0
441,FAVORS_CPS_W29,RELIG,Other,[0.02155105 0.08029608 0.15612345 0.04918623 0.27047267 0.42237051],0.0
442,FAVORS_CPS_W29,RELIG,Protestant,[0.02599562 0.12386842 0.22010723 0.09439789 0.27115051 0.26448033],0.004354277399809079
443,FAVORS_CPS_W29,RELIG,Roman Catholic,[0.02829445 0.14598818 0.18759518 0.10235138 0.2414503  0.29432051],0.006424568274978132
444,HOOD_NHISA_W29,RELIG,Agnostic,[0.29805001 0.46094418 0.16146597 0.07953983],0.0006721292650542271
445,HOOD_NHISA_W29,RELIG,Atheist,[0.28847234 0.37549579 0.14358788 0.19244398],0.0
446,HOOD_NHISA_W29,RELIG,Buddhist,[0.17169813 0.62819104 0.16668315 0.03342768],0.0
447,HOOD_NHISA_W29,RELIG,Hindu,[0.2360712  0.38073767 0.33461371 0.04857742],0.0
448,HOOD_NHISA_W29,RELIG,Jewish,[0.36599513 0.51603691 0.09292035 0.02504761],0.005703142965908601
449,HOOD_NHISA_W29,RELIG,Mormon,[0.42960723 0.26712022 0.22644177 0.07683077],0.0
450,HOOD_NHISA_W29,RELIG,Muslim,[0.21415286 0.46479007 0.31282631 0.00823076],0.03041822509223398
451,HOOD_NHISA_W29,RELIG,Nothing in particular,[0.28410744 0.36906733 0.16762018 0.17920504],0.005413377243579252
452,HOOD_NHISA_W29,RELIG,Orthodox,[0.13841974 0.69875462 0.16282564 0.        ],0.0
453,HOOD_NHISA_W29,RELIG,Other,[0.28955474 0.3515727  0.21164973 0.14722283],0.005446417965121964
454,HOOD_NHISA_W29,RELIG,Protestant,[0.39296016 0.3977507  0.12025872 0.08903042],0.0035544624595144317
455,HOOD_NHISA_W29,RELIG,Roman Catholic,[0.38393357 0.42500615 0.13352662 0.05753366],0.00327104915073961
456,S7_W29,RELIG,Agnostic,[0.11174814 0.88825186],0.0
457,S7_W29,RELIG,Atheist,[0.13361307 0.86638693],0.0
458,S7_W29,RELIG,Buddhist,[0.21804024 0.78195976],0.0
459,S7_W29,RELIG,Hindu,[0.14707347 0.85292653],0.013841858855812413
460,S7_W29,RELIG,Jewish,[0.24906201 0.75093799],0.0
461,S7_W29,RELIG,Mormon,[0.2274338 0.7725662],0.0
462,S7_W29,RELIG,Muslim,[0.02340261 0.97659739],0.03041822509223398
463,S7_W29,RELIG,Nothing in particular,[0.10278237 0.89721763],0.005980870932710179
464,S7_W29,RELIG,Orthodox,[0.48640055 0.51359945],0.0
465,S7_W29,RELIG,Other,[0.10688761 0.89311239],0.0
466,S7_W29,RELIG,Protestant,[0.14750665 0.85249335],0.001078935946659529
467,S7_W29,RELIG,Roman Catholic,[0.13987707 0.86012293],0.006847345221127609
468,MAN1A_W29,RELIG,Agnostic,[0.16936486 0.48747016 0.33038702 0.01277796],0.0
469,MAN1A_W29,RELIG,Atheist,[0.30733831 0.44600938 0.21334866 0.03330365],0.006678726589195587
470,MAN1A_W29,RELIG,Buddhist,[0.18081698 0.49467578 0.29852929 0.02597795],0.0
471,MAN1A_W29,RELIG,Hindu,[0.25427117 0.6561143  0.08961452 0.        ],0.0
472,MAN1A_W29,RELIG,Jewish,[0.24162973 0.57851489 0.16191573 0.01793966],0.01902881814421822
473,MAN1A_W29,RELIG,Mormon,[0.12413527 0.46087989 0.32519373 0.08979111],0.01082823422088061
474,MAN1A_W29,RELIG,Muslim,[0.12942619 0.64488741 0.16922375 0.05646265],0.05993130323475288
475,MAN1A_W29,RELIG,Nothing in particular,[0.30459673 0.37438029 0.3095781  0.01144487],0.0
476,MAN1A_W29,RELIG,Orthodox,[0.31337553 0.28911698 0.24723233 0.15027517],0.0
477,MAN1A_W29,RELIG,Other,[0.28037532 0.55914191 0.12352815 0.03695462],0.0022065224271964924
478,MAN1A_W29,RELIG,Protestant,[0.2760285  0.44202923 0.24582033 0.03612194],0.0015734416680621163
479,MAN1A_W29,RELIG,Roman Catholic,[0.29183006 0.39762571 0.25029759 0.06024664],0.00274693338949908
480,DIFF1C_W29,RELIG,Agnostic,[0.44143216 0.55856784],0.010181136220619934
481,DIFF1C_W29,RELIG,Atheist,[0.47085688 0.52914312],0.004449669174430505
482,DIFF1C_W29,RELIG,Buddhist,[0.49760813 0.50239187],0.0
483,DIFF1C_W29,RELIG,Hindu,[0.27956434 0.72043566],0.0
484,DIFF1C_W29,RELIG,Jewish,[0.38225674 0.61774326],0.017948185945673465
485,DIFF1C_W29,RELIG,Mormon,[0.28823775 0.71176225],0.0
486,DIFF1C_W29,RELIG,Muslim,[0.16111429 0.83888571],0.03041822509223398
487,DIFF1C_W29,RELIG,Nothing in particular,[0.36861106 0.63138894],0.014651977909894202
488,DIFF1C_W29,RELIG,Orthodox,[0.19974258 0.80025742],0.0
489,DIFF1C_W29,RELIG,Other,[0.25335481 0.74664519],0.0030049133740020894
490,DIFF1C_W29,RELIG,Protestant,[0.31832657 0.68167343],0.006152667914460691
491,DIFF1C_W29,RELIG,Roman Catholic,[0.34600635 0.65399365],0.004130399319229893
492,TRAITSC_W29,RELIG,Agnostic,[0.23668555 0.49885275 0.23142466 0.03303704],0.0
493,TRAITSC_W29,RELIG,Atheist,[0.21602363 0.48135173 0.23955815 0.06306649],0.0
494,TRAITSC_W29,RELIG,Buddhist,[0.30978276 0.37886965 0.20880382 0.10254377],0.0
495,TRAITSC_W29,RELIG,Hindu,[0.22362244 0.70336706 0.0730105  0.        ],0.0
496,TRAITSC_W29,RELIG,Jewish,[0.40002361 0.36085004 0.22761734 0.01150901],0.012450307305367114
497,TRAITSC_W29,RELIG,Mormon,[0.40013963 0.51975831 0.05942897 0.02067309],0.0
498,TRAITSC_W29,RELIG,Muslim,[0.45408699 0.46829075 0.04723107 0.03039119],0.03041822509223398
499,TRAITSC_W29,RELIG,Nothing in particular,[0.33814805 0.44947165 0.17388084 0.03849946],0.006645467404019783
500,TRAITSC_W29,RELIG,Orthodox,[0.66985327 0.21792955 0.09932414 0.01289304],0.0
501,TRAITSC_W29,RELIG,Other,[0.48284047 0.29692249 0.19419909 0.02603794],0.0035757196364233084
502,TRAITSC_W29,RELIG,Protestant,[0.41024964 0.45805421 0.11355803 0.01813812],0.007377885578418001
503,TRAITSC_W29,RELIG,Roman Catholic,[0.40470001 0.46700258 0.11186397 0.01643344],0.009359308364658439
504,LOCALELECT_W29,RELIG,Agnostic,[0.20671522 0.38895308 0.15946326 0.24486845],0.0
505,LOCALELECT_W29,RELIG,Atheist,[0.26623844 0.32698279 0.13845634 0.26832243],0.002292951501233755
506,LOCALELECT_W29,RELIG,Buddhist,[0.17844857 0.27577768 0.09243523 0.45333851],0.0
507,LOCALELECT_W29,RELIG,Hindu,[0.10210853 0.23855512 0.29581461 0.36352174],0.0
508,LOCALELECT_W29,RELIG,Jewish,[0.40513645 0.25566987 0.26403329 0.07516039],0.0010504723659132617
509,LOCALELECT_W29,RELIG,Mormon,[0.24816957 0.23486699 0.16815986 0.34880359],0.0
510,LOCALELECT_W29,RELIG,Muslim,[0.21203834 0.11507835 0.09462775 0.57825556],0.030418225092233984
511,LOCALELECT_W29,RELIG,Nothing in particular,[0.21591843 0.2780538  0.18492668 0.32110109],0.01918973611674236
512,LOCALELECT_W29,RELIG,Orthodox,[0.24813491 0.07936641 0.1455884  0.52691029],0.0
513,LOCALELECT_W29,RELIG,Other,[0.23193363 0.36609957 0.18185682 0.22010998],0.0
514,LOCALELECT_W29,RELIG,Protestant,[0.39146466 0.28258607 0.12740763 0.19854165],0.0026373511945228622
515,LOCALELECT_W29,RELIG,Roman Catholic,[0.43739936 0.23499454 0.11305872 0.21454738],0.007310427001919729
516,BOYSF1D_W29,RELIG,Agnostic,[0.08844105 0.48432454 0.42723442],0.014517037147384993
517,BOYSF1D_W29,RELIG,Atheist,[0.0344402  0.51614965 0.44941016],0.0007312054072145338
518,BOYSF1D_W29,RELIG,Buddhist,[0.46371826 0.30517109 0.23111065],0.0
519,BOYSF1D_W29,RELIG,Hindu,[0.24715785 0.31144125 0.4414009 ],0.0
520,BOYSF1D_W29,RELIG,Jewish,[0.00841866 0.59250728 0.39907406],0.008684317789058647
521,BOYSF1D_W29,RELIG,Mormon,[0.         0.83837717 0.16162283],0.0
522,BOYSF1D_W29,RELIG,Muslim,[0.39881335 0.2445473  0.35663935],0.07244656858053912
523,BOYSF1D_W29,RELIG,Nothing in particular,[0.06277915 0.48734007 0.44988078],0.013226007905794672
524,BOYSF1D_W29,RELIG,Orthodox,[0.09981988 0.73329651 0.16688361],0.0
525,BOYSF1D_W29,RELIG,Other,[0.08728402 0.60827414 0.30444184],0.0
526,BOYSF1D_W29,RELIG,Protestant,[0.03716706 0.57484325 0.38798969],0.006900295419143573
527,BOYSF1D_W29,RELIG,Roman Catholic,[0.09519365 0.4294361  0.47537025],0.006037989207972036
528,MESUM2_FB_W29,RELIG,Agnostic,[0.44567839 0.55432161],0.0
529,MESUM2_FB_W29,RELIG,Atheist,[0.21130954 0.78869046],0.005829969761138117
530,MESUM2_FB_W29,RELIG,Buddhist,[0.34242692 0.65757308],0.0
531,MESUM2_FB_W29,RELIG,Hindu,[0.88342572 0.11657428],0.0
532,MESUM2_FB_W29,RELIG,Jewish,[0.66425884 0.33574116],0.019914451674013397
533,MESUM2_FB_W29,RELIG,Mormon,[0.9904634 0.0095366],0.009782724998577871
534,MESUM2_FB_W29,RELIG,Muslim,[0.94298216 0.05701784],0.008546405187442874
535,MESUM2_FB_W29,RELIG,Nothing in particular,[0.65126102 0.34873898],0.015340816675737097
536,MESUM2_FB_W29,RELIG,Orthodox,[0.89320432 0.10679568],0.0
537,MESUM2_FB_W29,RELIG,Other,[0.72455959 0.27544041],0.0024559811941369013
538,MESUM2_FB_W29,RELIG,Protestant,[0.88108329 0.11891671],0.013847578466475101
539,MESUM2_FB_W29,RELIG,Roman Catholic,[0.87853201 0.12146799],0.010541075422336454
540,MESUM1_FC_W29,RELIG,Agnostic,[0.75234069 0.24765931],0.009745713399813833
541,MESUM1_FC_W29,RELIG,Atheist,[0.78456932 0.21543068],0.0
542,MESUM1_FC_W29,RELIG,Buddhist,[0.7390438 0.2609562],0.0
543,MESUM1_FC_W29,RELIG,Hindu,[0.59357703 0.40642297],0.0
544,MESUM1_FC_W29,RELIG,Jewish,[0.6711117 0.3288883],0.0027118340205497175
545,MESUM1_FC_W29,RELIG,Mormon,[0.70118834 0.29881166],0.0
546,MESUM1_FC_W29,RELIG,Muslim,[0.65596424 0.34403576],0.0
547,MESUM1_FC_W29,RELIG,Nothing in particular,[0.80879292 0.19120708],0.00042997380815769826
548,MESUM1_FC_W29,RELIG,Orthodox,[0.83562633 0.16437367],0.0
549,MESUM1_FC_W29,RELIG,Other,[0.79154302 0.20845698],0.0
550,MESUM1_FC_W29,RELIG,Protestant,[0.79004088 0.20995912],0.0070951960486075995
551,MESUM1_FC_W29,RELIG,Roman Catholic,[0.74208584 0.25791416],0.017868144290643612
552,PARTICIPATEA_W29,RELIG,Agnostic,[0.10112698 0.89887302],0.00040026546389181024
553,PARTICIPATEA_W29,RELIG,Atheist,[0.08423572 0.91576428],0.0
554,PARTICIPATEA_W29,RELIG,Buddhist,[0.06854308 0.93145692],0.0
555,PARTICIPATEA_W29,RELIG,Hindu,[0.09775295 0.90224705],0.0
556,PARTICIPATEA_W29,RELIG,Jewish,[0.14356134 0.85643866],0.006852226765193174
557,PARTICIPATEA_W29,RELIG,Mormon,[0.13800509 0.86199491],0.0
558,PARTICIPATEA_W29,RELIG,Muslim,[0.09161562 0.90838438],0.030418225092233984
559,PARTICIPATEA_W29,RELIG,Nothing in particular,[0.13744967 0.86255033],0.013394187538703582
560,PARTICIPATEA_W29,RELIG,Orthodox,[0.11047932 0.88952068],0.0
561,PARTICIPATEA_W29,RELIG,Other,[0.15053444 0.84946556],0.005007206171366817
562,PARTICIPATEA_W29,RELIG,Protestant,[0.16266605 0.83733395],0.0027019592520188588
563,PARTICIPATEA_W29,RELIG,Roman Catholic,[0.15782871 0.84217129],0.004090174543389098
564,GIRLSF2B_W29,RELIG,Agnostic,[0.05423449 0.29198732 0.65377819],0.006850164442453727
565,GIRLSF2B_W29,RELIG,Atheist,[0.10110981 0.36127493 0.53761526],0.006021492602840807
566,GIRLSF2B_W29,RELIG,Buddhist,[0.08728984 0.61579101 0.29691915],0.0
567,GIRLSF2B_W29,RELIG,Hindu,[0.28510048 0.23185495 0.48304457],0.0
568,GIRLSF2B_W29,RELIG,Jewish,[0.13707853 0.16890556 0.6940159 ],0.005242195942130842
569,GIRLSF2B_W29,RELIG,Mormon,[0.24402735 0.25400039 0.50197226],0.0
570,GIRLSF2B_W29,RELIG,Muslim,[0.25567981 0.42972105 0.31459913],0.0
571,GIRLSF2B_W29,RELIG,Nothing in particular,[0.12151147 0.35981404 0.51867449],0.016117304760614227
572,GIRLSF2B_W29,RELIG,Orthodox,[0.21890504 0.26872275 0.51237221],0.0
573,GIRLSF2B_W29,RELIG,Other,[0.03153109 0.34601127 0.62245764],0.017404325759601616
574,GIRLSF2B_W29,RELIG,Protestant,[0.08741435 0.38604719 0.52653846],0.012576184994182234
575,GIRLSF2B_W29,RELIG,Roman Catholic,[0.16828491 0.33571026 0.49600483],0.01321365874997695
576,SEENFEM_W29,RELIG,Agnostic,[0.0740147  0.35541612 0.49239384 0.07817535],0.0
577,SEENFEM_W29,RELIG,Atheist,[0.07259639 0.28240169 0.51598613 0.1290158 ],0.0
578,SEENFEM_W29,RELIG,Buddhist,[0.         0.19422749 0.39006347 0.41570904],0.0
579,SEENFEM_W29,RELIG,Hindu,[0.         0.11564909 0.29220915 0.59214176],0.0
580,SEENFEM_W29,RELIG,Jewish,[0.17208372 0.23056481 0.48640614 0.11094534],0.04887785801968809
581,SEENFEM_W29,RELIG,Mormon,[0.13792075 0.36044066 0.29937026 0.20226833],0.0
582,SEENFEM_W29,RELIG,Muslim,[0.20753002 0.15827223 0.31929437 0.31490338],0.0
583,SEENFEM_W29,RELIG,Nothing in particular,[0.09287846 0.32235559 0.33034601 0.25441995],0.002376643217479636
584,SEENFEM_W29,RELIG,Orthodox,[0.2718926  0.16385952 0.14379061 0.42045727],0.0
585,SEENFEM_W29,RELIG,Other,[0.19306545 0.47623414 0.19432705 0.13637336],0.0
586,SEENFEM_W29,RELIG,Protestant,[0.21558912 0.34196428 0.30992945 0.13251715],0.00012103744808701
587,SEENFEM_W29,RELIG,Roman Catholic,[0.23514885 0.32838692 0.28194014 0.1545241 ],0.002302968807289581
588,GOPDIRCT_W29,RELIG,Agnostic,[0.03468668 0.32414381 0.4398971  0.20127241],0.0
589,GOPDIRCT_W29,RELIG,Atheist,[0.         0.34762207 0.46504705 0.18733088],0.0
590,GOPDIRCT_W29,RELIG,Buddhist,[0.16607187 0.83392813 0.         0.        ],0.0
591,GOPDIRCT_W29,RELIG,Hindu,[0.1537234  0.18215786 0.60360108 0.06051765],0.0
592,GOPDIRCT_W29,RELIG,Jewish,[0.12795621 0.51997898 0.28901705 0.06304776],0.0
593,GOPDIRCT_W29,RELIG,Mormon,[0.12005123 0.3536761  0.31729471 0.20897797],0.0
594,GOPDIRCT_W29,RELIG,Muslim,[0.        0.9621177 0.0378823 0.       ],0.0
595,GOPDIRCT_W29,RELIG,Nothing in particular,[0.14593013 0.41609767 0.3004689  0.1375033 ],0.0
596,GOPDIRCT_W29,RELIG,Orthodox,[0.03008834 0.83107071 0.07680844 0.06203252],0.0
597,GOPDIRCT_W29,RELIG,Other,[0.11485343 0.50294869 0.36155158 0.0206463 ],0.1795297607572643
598,GOPDIRCT_W29,RELIG,Protestant,[0.13895017 0.48828552 0.28636317 0.08640114],0.022163094932812724
599,GOPDIRCT_W29,RELIG,Roman Catholic,[0.10229634 0.52211335 0.29045399 0.08513632],0.0
600,DEMDIRCT_W29,RELIG,Agnostic,[0.07197997 0.40420624 0.4135823  0.11023149],0.0
601,DEMDIRCT_W29,RELIG,Atheist,[0.02827084 0.42772143 0.44696735 0.09704038],0.02786395940858134
602,DEMDIRCT_W29,RELIG,Buddhist,[0.01039988 0.67552061 0.29381487 0.02026465],0.0
603,DEMDIRCT_W29,RELIG,Hindu,[0.08011672 0.78108994 0.11885785 0.0199355 ],0.0
604,DEMDIRCT_W29,RELIG,Jewish,[0.03036517 0.52407407 0.4308396  0.01472116],0.0
605,DEMDIRCT_W29,RELIG,Mormon,[0.0858855  0.47835676 0.0471728  0.38858495],0.0
606,DEMDIRCT_W29,RELIG,Muslim,[0.3700887  0.41985864 0.12117371 0.08887895],0.0
607,DEMDIRCT_W29,RELIG,Nothing in particular,[0.09614367 0.48661467 0.30557226 0.11166941],0.006297722249868738
608,DEMDIRCT_W29,RELIG,Orthodox,[0.04184893 0.56195567 0.30593185 0.09026354],0.0
609,DEMDIRCT_W29,RELIG,Other,[0.06704692 0.47446973 0.36075216 0.09773119],0.0
610,DEMDIRCT_W29,RELIG,Protestant,[0.17828777 0.59076109 0.21366853 0.0172826 ],0.0022120115233398275
611,DEMDIRCT_W29,RELIG,Roman Catholic,[0.22841175 0.52205945 0.2151844  0.0343444 ],0.014142884512365792
612,SPOUSESEX_W29,RELIG,Agnostic,[0.93524374 0.06475626],0.0
613,SPOUSESEX_W29,RELIG,Atheist,[0.95683051 0.04316949],0.0
614,SPOUSESEX_W29,RELIG,Buddhist,[0.91850586 0.08149414],0.0
615,SPOUSESEX_W29,RELIG,Hindu,[1. 0.],0.0
616,SPOUSESEX_W29,RELIG,Jewish,[0.97339864 0.02660136],0.009395977438610467
617,SPOUSESEX_W29,RELIG,Mormon,[1. 0.],0.0
618,SPOUSESEX_W29,RELIG,Muslim,[0.88096596 0.11903404],0.007209080005322723
619,SPOUSESEX_W29,RELIG,Nothing in particular,[0.92455542 0.07544458],0.0024065613727684344
620,SPOUSESEX_W29,RELIG,Orthodox,[1. 0.],0.0
621,SPOUSESEX_W29,RELIG,Other,[0.95304782 0.04695218],0.0
622,SPOUSESEX_W29,RELIG,Protestant,[0.9674652 0.0325348],0.0
623,SPOUSESEX_W29,RELIG,Roman Catholic,[0.9529241 0.0470759],0.010748896243145538
624,FEM1F2_W29,RELIG,Agnostic,[0.35476755 0.07724869 0.56798375],0.0
625,FEM1F2_W29,RELIG,Atheist,[0.21336672 0.1979237  0.58870958],0.0
626,FEM1F2_W29,RELIG,Buddhist,[0.30973681 0.17442486 0.51583833],0.0
627,FEM1F2_W29,RELIG,Hindu,[0.58149973 0.1083086  0.31019168],0.0
628,FEM1F2_W29,RELIG,Jewish,[0.2502785  0.07242154 0.67729995],0.0
629,FEM1F2_W29,RELIG,Mormon,[0.30093167 0.15725862 0.54180971],0.0
630,FEM1F2_W29,RELIG,Muslim,[0.12843793 0.22285739 0.64870468],0.0
631,FEM1F2_W29,RELIG,Nothing in particular,[0.3036971  0.1405283  0.55577459],0.0033960757129769194
632,FEM1F2_W29,RELIG,Orthodox,[0.47313476 0.13429495 0.39257029],0.0
633,FEM1F2_W29,RELIG,Other,[0.25619133 0.14999453 0.59381414],0.0
634,FEM1F2_W29,RELIG,Protestant,[0.31643857 0.09664055 0.58692088],0.005624461458385271
635,FEM1F2_W29,RELIG,Roman Catholic,[0.33059215 0.08754995 0.5818579 ],0.0
636,MAN1D_W29,RELIG,Agnostic,[0.09421681 0.49601985 0.33622741 0.07353593],0.0
637,MAN1D_W29,RELIG,Atheist,[0.18226385 0.46044051 0.29444488 0.06285076],0.011163078909604567
638,MAN1D_W29,RELIG,Buddhist,[0.33162961 0.48846429 0.09991233 0.07999377],0.0
639,MAN1D_W29,RELIG,Hindu,[0.08426165 0.56623423 0.23007476 0.11942936],0.0
640,MAN1D_W29,RELIG,Jewish,[0.1990215  0.31480981 0.37732991 0.10883878],0.008716577646398273
641,MAN1D_W29,RELIG,Mormon,[0.05812918 0.30202392 0.39924451 0.24060239],0.0
642,MAN1D_W29,RELIG,Muslim,[0.13919913 0.33596363 0.44726073 0.07757651],0.05993130323475288
643,MAN1D_W29,RELIG,Nothing in particular,[0.17855893 0.41840568 0.30126166 0.10177372],0.0005127353473703399
644,MAN1D_W29,RELIG,Orthodox,[0.22072305 0.25533746 0.22784458 0.2960949 ],0.0
645,MAN1D_W29,RELIG,Other,[0.03611846 0.56999797 0.20150044 0.19238313],0.013925277018292272
646,MAN1D_W29,RELIG,Protestant,[0.15460632 0.40104433 0.31922003 0.12512931],0.001394649822071797
647,MAN1D_W29,RELIG,Roman Catholic,[0.13302273 0.38581675 0.32764858 0.15351193],0.00274693338949908
648,TRAITSA_W29,RELIG,Agnostic,[0.45443138 0.51957873 0.02598989 0.        ],0.0
649,TRAITSA_W29,RELIG,Atheist,[0.58931946 0.39971599 0.01096455 0.        ],0.0017667564892821703
650,TRAITSA_W29,RELIG,Buddhist,[0.3477993  0.46931059 0.18289011 0.        ],0.0
651,TRAITSA_W29,RELIG,Hindu,[0.39351437 0.59264377 0.         0.01384186],0.0
652,TRAITSA_W29,RELIG,Jewish,[0.50201454 0.49224358 0.         0.00574188],0.0067471643394585125
653,TRAITSA_W29,RELIG,Mormon,[0.35988572 0.5283641  0.11175018 0.        ],0.046007247304284946
654,TRAITSA_W29,RELIG,Muslim,[0.54322923 0.41814881 0.00823076 0.03039119],0.03041822509223398
655,TRAITSA_W29,RELIG,Nothing in particular,[0.42886729 0.49726318 0.04560174 0.02826779],0.010808438357909914
656,TRAITSA_W29,RELIG,Orthodox,[0.39653658 0.24911282 0.3543506  0.        ],0.0
657,TRAITSA_W29,RELIG,Other,[0.51673932 0.46264036 0.00101941 0.01960091],0.0
658,TRAITSA_W29,RELIG,Protestant,[0.43355582 0.52893083 0.03672507 0.00078829],0.0043731603541743175
659,TRAITSA_W29,RELIG,Roman Catholic,[0.36135372 0.57792799 0.05582199 0.00489631],0.0038307078965507846
660,GIRLSF2C_W29,RELIG,Agnostic,[0.03962558 0.61653391 0.34384051],0.006850164442453727
661,GIRLSF2C_W29,RELIG,Atheist,[0.03695018 0.78246995 0.18057986],0.005387597344275307
662,GIRLSF2C_W29,RELIG,Buddhist,[0.063456   0.75965894 0.17688506],0.0
663,GIRLSF2C_W29,RELIG,Hindu,[0.56750042 0.38126459 0.05123498],0.0
664,GIRLSF2C_W29,RELIG,Jewish,[0.04868956 0.47038365 0.48092678],0.005242195942130842
665,GIRLSF2C_W29,RELIG,Mormon,[0.23375397 0.39720502 0.36904101],0.0
666,GIRLSF2C_W29,RELIG,Muslim,[0.18550382 0.19716526 0.61733093],0.0
667,GIRLSF2C_W29,RELIG,Nothing in particular,[0.08712862 0.56193249 0.35093889],0.022230642359792375
668,GIRLSF2C_W29,RELIG,Orthodox,[0.12126067 0.58896766 0.28977167],0.0
669,GIRLSF2C_W29,RELIG,Other,[0.00349625 0.50258365 0.4939201 ],0.015149115379222656
670,GIRLSF2C_W29,RELIG,Protestant,[0.0424383  0.52198603 0.43557567],0.006167555420908651
671,GIRLSF2C_W29,RELIG,Roman Catholic,[0.08313355 0.43042338 0.48644308],0.002370419098006117
672,TRAITSE_W29,RELIG,Agnostic,[0.12411484 0.52385744 0.29286977 0.05915795],0.0
673,TRAITSE_W29,RELIG,Atheist,[0.13115174 0.43549771 0.34012156 0.09322899],0.0
674,TRAITSE_W29,RELIG,Buddhist,[0.01832689 0.56716094 0.20116619 0.21334598],0.0
675,TRAITSE_W29,RELIG,Hindu,[0.16024626 0.62853838 0.20099782 0.01021753],0.0
676,TRAITSE_W29,RELIG,Jewish,[0.13823086 0.45859403 0.33446028 0.06871483],0.007211800234063946
677,TRAITSE_W29,RELIG,Mormon,[0.14971926 0.51834785 0.30499704 0.02693584],0.0
678,TRAITSE_W29,RELIG,Muslim,[0.18872063 0.34793199 0.42738689 0.0359605 ],0.03041822509223398
679,TRAITSE_W29,RELIG,Nothing in particular,[0.15961156 0.53081771 0.24474234 0.06482839],0.005028779187062346
680,TRAITSE_W29,RELIG,Orthodox,[0.16755807 0.73143337 0.03430796 0.06670061],0.0
681,TRAITSE_W29,RELIG,Other,[0.19974589 0.50463437 0.19534443 0.10027532],0.0006384036583095154
682,TRAITSE_W29,RELIG,Protestant,[0.16791049 0.55043951 0.2302044  0.05144561],0.0050798233985155485
683,TRAITSE_W29,RELIG,Roman Catholic,[0.20832979 0.53453938 0.19665343 0.06047739],0.004157053622877279
684,MESUM2_FF_W29,RELIG,Agnostic,[0.51592381 0.48407619],0.0
685,MESUM2_FF_W29,RELIG,Atheist,[0.62908014 0.37091986],0.004385499408617895
686,MESUM2_FF_W29,RELIG,Buddhist,[0.55675367 0.44324633],0.0
687,MESUM2_FF_W29,RELIG,Hindu,[0.31156727 0.68843273],0.0
688,MESUM2_FF_W29,RELIG,Jewish,[0.50603517 0.49396483],0.0
689,MESUM2_FF_W29,RELIG,Mormon,[0.12882565 0.87117435],0.010296237832405217
690,MESUM2_FF_W29,RELIG,Muslim,[0.33889699 0.66110301],0.0
691,MESUM2_FF_W29,RELIG,Nothing in particular,[0.36454232 0.63545768],0.021925629898097387
692,MESUM2_FF_W29,RELIG,Orthodox,[0.20637823 0.79362177],0.0
693,MESUM2_FF_W29,RELIG,Other,[0.40859552 0.59140448],0.0
694,MESUM2_FF_W29,RELIG,Protestant,[0.22377573 0.77622427],0.02579944149996211
695,MESUM2_FF_W29,RELIG,Roman Catholic,[0.28153271 0.71846729],0.023216800112700497
696,MESUM1_FE_W29,RELIG,Agnostic,[0.60996117 0.39003883],0.0
697,MESUM1_FE_W29,RELIG,Atheist,[0.5811464 0.4188536],0.0
698,MESUM1_FE_W29,RELIG,Buddhist,[0.59845717 0.40154283],0.0
699,MESUM1_FE_W29,RELIG,Hindu,[0.80451538 0.19548462],0.0
700,MESUM1_FE_W29,RELIG,Jewish,[0.71644758 0.28355242],0.0
701,MESUM1_FE_W29,RELIG,Mormon,[0.61840293 0.38159707],0.0
702,MESUM1_FE_W29,RELIG,Muslim,[0.99145359 0.00854641],0.0
703,MESUM1_FE_W29,RELIG,Nothing in particular,[0.55287247 0.44712753],0.004939980695653519
704,MESUM1_FE_W29,RELIG,Orthodox,[0.35724948 0.64275052],0.0
705,MESUM1_FE_W29,RELIG,Other,[0.52844122 0.47155878],0.0
706,MESUM1_FE_W29,RELIG,Protestant,[0.57818951 0.42181049],0.017242218239895565
707,MESUM1_FE_W29,RELIG,Roman Catholic,[0.55839823 0.44160177],0.0318610762005467
708,PERSDISCR_W29,RELIG,Agnostic,[0.32938118 0.67061882],0.004682494528424619
709,PERSDISCR_W29,RELIG,Atheist,[0.36986148 0.63013852],0.0
710,PERSDISCR_W29,RELIG,Buddhist,[0.2542688 0.7457312],0.0
711,PERSDISCR_W29,RELIG,Hindu,[0.20789443 0.79210557],0.0
712,PERSDISCR_W29,RELIG,Jewish,[0.41571106 0.58428894],0.0
713,PERSDISCR_W29,RELIG,Mormon,[0.30427874 0.69572126],0.006523714979337756
714,PERSDISCR_W29,RELIG,Muslim,[0.21415479 0.78584521],0.0
715,PERSDISCR_W29,RELIG,Nothing in particular,[0.32785119 0.67214881],0.0022150952763844074
716,PERSDISCR_W29,RELIG,Orthodox,[0.24031728 0.75968272],0.0
717,PERSDISCR_W29,RELIG,Other,[0.47410287 0.52589713],0.0
718,PERSDISCR_W29,RELIG,Protestant,[0.28907024 0.71092976],0.003472517197380624
719,PERSDISCR_W29,RELIG,Roman Catholic,[0.27870743 0.72129257],0.0042688140259923586
720,GIRLSF2A_W29,RELIG,Agnostic,[0.07997692 0.63038977 0.28963331],0.00784314263163305
721,GIRLSF2A_W29,RELIG,Atheist,[0.02397877 0.80744501 0.16857622],0.013702172319437652
722,GIRLSF2A_W29,RELIG,Buddhist,[0.03868654 0.75965894 0.20165453],0.0
723,GIRLSF2A_W29,RELIG,Hindu,[0.36690149 0.40512007 0.22797844],0.0
724,GIRLSF2A_W29,RELIG,Jewish,[0.07937919 0.41675173 0.50386908],0.02595076726292599
725,GIRLSF2A_W29,RELIG,Mormon,[0.25009219 0.39501603 0.35489178],0.0
726,GIRLSF2A_W29,RELIG,Muslim,[0.30462541 0.40493003 0.29044456],0.0
727,GIRLSF2A_W29,RELIG,Nothing in particular,[0.08241195 0.61173549 0.30585256],0.017236866902612703
728,GIRLSF2A_W29,RELIG,Orthodox,[0.14077426 0.44374862 0.41547712],0.0
729,GIRLSF2A_W29,RELIG,Other,[0.         0.47176666 0.52823334],0.015149115379222656
730,GIRLSF2A_W29,RELIG,Protestant,[0.07348221 0.48918297 0.43733482],0.006588873887970326
731,GIRLSF2A_W29,RELIG,Roman Catholic,[0.15402271 0.40519028 0.44078701],0.0023704190980061175
732,MASC2AF1_W29,RELIG,Agnostic,[0.44663021 0.55336979],0.04920733071806207
733,MASC2AF1_W29,RELIG,Atheist,[0.19130425 0.80869575],0.01711877498826881
734,MASC2AF1_W29,RELIG,Buddhist,[0.45047585 0.54952415],0.0
735,MASC2AF1_W29,RELIG,Hindu,[0.79761926 0.20238074],0.0
736,MASC2AF1_W29,RELIG,Jewish,[0.53922081 0.46077919],0.024030230924878333
737,MASC2AF1_W29,RELIG,Mormon,[0.56845083 0.43154917],0.026939767423540095
738,MASC2AF1_W29,RELIG,Muslim,[0.94767432 0.05232568],0.0
739,MASC2AF1_W29,RELIG,Nothing in particular,[0.57584151 0.42415849],0.00829061679592822
740,MASC2AF1_W29,RELIG,Orthodox,[0.90546745 0.09453255],0.0
741,MASC2AF1_W29,RELIG,Other,[0.54294822 0.45705178],0.04047598141040118
742,MASC2AF1_W29,RELIG,Protestant,[0.71147374 0.28852626],0.02103240574540368
743,MASC2AF1_W29,RELIG,Roman Catholic,[0.70507454 0.29492546],0.025822428134970845
744,DIFF1D_W29,RELIG,Agnostic,[0.1331506 0.8668494],0.00966917738324333
745,DIFF1D_W29,RELIG,Atheist,[0.18998211 0.81001789],0.0021609828193047908
746,DIFF1D_W29,RELIG,Buddhist,[0.39193494 0.60806506],0.0
747,DIFF1D_W29,RELIG,Hindu,[0.12712622 0.87287378],0.0
748,DIFF1D_W29,RELIG,Jewish,[0.06175493 0.93824507],0.0
749,DIFF1D_W29,RELIG,Mormon,[0.07757837 0.92242163],0.0
750,DIFF1D_W29,RELIG,Muslim,[0.09374728 0.90625272],0.03041822509223398
751,DIFF1D_W29,RELIG,Nothing in particular,[0.14596806 0.85403194],0.017807895436318742
752,DIFF1D_W29,RELIG,Orthodox,[0.10011328 0.89988672],0.0
753,DIFF1D_W29,RELIG,Other,[0.16717552 0.83282448],0.001959568226433734
754,DIFF1D_W29,RELIG,Protestant,[0.09315237 0.90684763],0.005027341327792847
755,DIFF1D_W29,RELIG,Roman Catholic,[0.13731919 0.86268081],0.01211429488557567
756,HELPHURTF_W29,RELIG,Agnostic,[0.12687998 0.13286654 0.74025348],0.0
757,HELPHURTF_W29,RELIG,Atheist,[0.09242826 0.1766074  0.73096435],0.00461845936637693
758,HELPHURTF_W29,RELIG,Buddhist,[0.36442757 0.00885403 0.6267184 ],0.0
759,HELPHURTF_W29,RELIG,Hindu,[0.22889835 0.15025536 0.62084629],0.0
760,HELPHURTF_W29,RELIG,Jewish,[0.07383712 0.20508008 0.72108281],0.0
761,HELPHURTF_W29,RELIG,Mormon,[0.09119154 0.23312394 0.67568452],0.0
762,HELPHURTF_W29,RELIG,Muslim,[0.12449227 0.16427192 0.71123581],0.0
763,HELPHURTF_W29,RELIG,Nothing in particular,[0.10584485 0.22530759 0.66884756],0.0034307933236400723
764,HELPHURTF_W29,RELIG,Orthodox,[0.09891626 0.26538153 0.63570221],0.0
765,HELPHURTF_W29,RELIG,Other,[0.06152515 0.13747006 0.80100479],0.0
766,HELPHURTF_W29,RELIG,Protestant,[0.06614188 0.23068098 0.70317714],0.014624425959322935
767,HELPHURTF_W29,RELIG,Roman Catholic,[0.15393579 0.20844238 0.63762184],0.012858067285892538
768,TRANSGEND1_W29,RELIG,Agnostic,[0.30930981 0.69069019],0.004775332870824183
769,TRANSGEND1_W29,RELIG,Atheist,[0.24762209 0.75237791],0.0034820182209646406
770,TRANSGEND1_W29,RELIG,Buddhist,[0.39925355 0.60074645],0.015679666952690186
771,TRANSGEND1_W29,RELIG,Hindu,[0.57992767 0.42007233],0.0
772,TRANSGEND1_W29,RELIG,Jewish,[0.51661387 0.48338613],0.010628803896563076
773,TRANSGEND1_W29,RELIG,Mormon,[0.71766946 0.28233054],0.018162438830558836
774,TRANSGEND1_W29,RELIG,Muslim,[0.86467269 0.13532731],0.03041822509223398
775,TRANSGEND1_W29,RELIG,Nothing in particular,[0.42106914 0.57893086],0.0034483604112207646
776,TRANSGEND1_W29,RELIG,Orthodox,[0.67475584 0.32524416],0.0
777,TRANSGEND1_W29,RELIG,Other,[0.45547736 0.54452264],0.006137583312291738
778,TRANSGEND1_W29,RELIG,Protestant,[0.70605406 0.29394594],0.020903282297988737
779,TRANSGEND1_W29,RELIG,Roman Catholic,[0.5139931 0.4860069],0.038610748176566075
780,TALK_CPS_W29,RELIG,Agnostic,[0.07757316 0.19195237 0.30205696 0.11038137 0.2148179  0.10321823],0.0
781,TALK_CPS_W29,RELIG,Atheist,[0.06667734 0.20025305 0.26615066 0.1199555  0.18705143 0.15991202],0.0
782,TALK_CPS_W29,RELIG,Buddhist,[0.01614911 0.05665604 0.56374714 0.15345211 0.17388871 0.03610688],0.0
783,TALK_CPS_W29,RELIG,Hindu,[0.02605532 0.29307229 0.25430883 0.10451805 0.20508572 0.1169598 ],0.0
784,TALK_CPS_W29,RELIG,Jewish,[0.08251287 0.37697265 0.27474652 0.06698848 0.14691675 0.05186274],0.0
785,TALK_CPS_W29,RELIG,Mormon,[0.09730489 0.3643376  0.21178864 0.05189416 0.09235653 0.18231818],0.0
786,TALK_CPS_W29,RELIG,Muslim,[0.03119718 0.27647456 0.10718826 0.34564231 0.01834421 0.22115348],0.05871588936343745
787,TALK_CPS_W29,RELIG,Nothing in particular,[0.10618032 0.28713869 0.25700519 0.06954957 0.17390217 0.10622407],0.005898591040797521
788,TALK_CPS_W29,RELIG,Orthodox,[0.01413723 0.27493183 0.26984131 0.07299924 0.36809039 0.        ],0.0
789,TALK_CPS_W29,RELIG,Other,[0.12889929 0.20425219 0.25268177 0.16394944 0.1651586  0.0850587 ],0.0
790,TALK_CPS_W29,RELIG,Protestant,[0.12793588 0.36735304 0.26891486 0.06319953 0.12357272 0.04902397],0.0013342942566276275
791,TALK_CPS_W29,RELIG,Roman Catholic,[0.14564634 0.34407699 0.23096015 0.05774516 0.1334992  0.08807216],0.005091641773302965
792,HELPHURTD_W29,RELIG,Agnostic,[0.05627795 0.32629643 0.61742561],0.010574875449887618
793,HELPHURTD_W29,RELIG,Atheist,[0.03405327 0.36059723 0.60534951],0.0046050057684294335
794,HELPHURTD_W29,RELIG,Buddhist,[0.31918848 0.20249819 0.47831333],0.0
795,HELPHURTD_W29,RELIG,Hindu,[0.12417652 0.34267019 0.53315329],0.0
796,HELPHURTD_W29,RELIG,Jewish,[0.13846042 0.21269941 0.64884016],0.016843644274548947
797,HELPHURTD_W29,RELIG,Mormon,[0.03282623 0.39187247 0.5753013 ],0.0
798,HELPHURTD_W29,RELIG,Muslim,[0.10626333 0.18159098 0.71214569],0.0
799,HELPHURTD_W29,RELIG,Nothing in particular,[0.06437852 0.28415914 0.65146234],0.008172650248815003
800,HELPHURTD_W29,RELIG,Orthodox,[0.04079688 0.50744513 0.45175799],0.0
801,HELPHURTD_W29,RELIG,Other,[0.01442762 0.43469913 0.55087325],0.0
802,HELPHURTD_W29,RELIG,Protestant,[0.05075783 0.33006665 0.61917551],0.009829995877282383
803,HELPHURTD_W29,RELIG,Roman Catholic,[0.10325665 0.27056294 0.62618041],0.023801234555937127
804,HELPHURTG_W29,RELIG,Agnostic,[0.24740036 0.02184684 0.7307528 ],0.0
805,HELPHURTG_W29,RELIG,Atheist,[0.21599166 0.01573735 0.76827099],0.0015286675581914553
806,HELPHURTG_W29,RELIG,Buddhist,[0.50239292 0.09222177 0.40538531],0.0
807,HELPHURTG_W29,RELIG,Hindu,[0.34155617 0.14024665 0.51819718],0.0
808,HELPHURTG_W29,RELIG,Jewish,[0.13450603 0.15118441 0.71430956],0.007012718897131024
809,HELPHURTG_W29,RELIG,Mormon,[0.21664607 0.08302639 0.70032754],0.0
810,HELPHURTG_W29,RELIG,Muslim,[0.22244346 0.05758306 0.71997348],0.0
811,HELPHURTG_W29,RELIG,Nothing in particular,[0.23225544 0.03094539 0.73679916],0.005901163405049014
812,HELPHURTG_W29,RELIG,Orthodox,[0.1477008 0.        0.8522992],0.0
813,HELPHURTG_W29,RELIG,Other,[0.08537831 0.04416326 0.87045844],0.0
814,HELPHURTG_W29,RELIG,Protestant,[0.2227531  0.06340715 0.71383976],0.011974882175340871
815,HELPHURTG_W29,RELIG,Roman Catholic,[0.29250979 0.06314056 0.64434965],0.019829145107378064
816,MESUM2_FD_W29,RELIG,Agnostic,[0.5580602 0.4419398],0.0033598342930408046
817,MESUM2_FD_W29,RELIG,Atheist,[0.6862329 0.3137671],0.006106627087613583
818,MESUM2_FD_W29,RELIG,Buddhist,[0.77226187 0.22773813],0.0
819,MESUM2_FD_W29,RELIG,Hindu,[0.58131106 0.41868894],0.0
820,MESUM2_FD_W29,RELIG,Jewish,[0.52681056 0.47318944],0.015112581144876349
821,MESUM2_FD_W29,RELIG,Mormon,[0.3126925 0.6873075],0.0
822,MESUM2_FD_W29,RELIG,Muslim,[0.84154862 0.15845138],0.0
823,MESUM2_FD_W29,RELIG,Nothing in particular,[0.45742642 0.54257358],0.014886943467325128
824,MESUM2_FD_W29,RELIG,Orthodox,[0.14598668 0.85401332],0.0
825,MESUM2_FD_W29,RELIG,Other,[0.68095324 0.31904676],0.010304484653876882
826,MESUM2_FD_W29,RELIG,Protestant,[0.34295593 0.65704407],0.02809882380376628
827,MESUM2_FD_W29,RELIG,Roman Catholic,[0.34046496 0.65953504],0.037931104613137145
828,WORRYBILL_W29,RELIG,Agnostic,[0.15761912 0.23585464 0.30947025 0.29705599],0.0
829,WORRYBILL_W29,RELIG,Atheist,[0.16265278 0.24670445 0.28639563 0.30424714],0.000379713807808195
830,WORRYBILL_W29,RELIG,Buddhist,[0.26588328 0.54594721 0.09559757 0.09257193],0.20956236654835472
831,WORRYBILL_W29,RELIG,Hindu,[0.18111707 0.19685397 0.43623294 0.18579602],0.0
832,WORRYBILL_W29,RELIG,Jewish,[0.12216376 0.16449149 0.33092855 0.3824162 ],0.0
833,WORRYBILL_W29,RELIG,Mormon,[0.19267818 0.29069312 0.29947944 0.21714926],0.0
834,WORRYBILL_W29,RELIG,Muslim,[0.23709503 0.2132197  0.35750362 0.19218166],0.10077357428856479
835,WORRYBILL_W29,RELIG,Nothing in particular,[0.25645276 0.26422777 0.25315646 0.22616301],0.0
836,WORRYBILL_W29,RELIG,Orthodox,[0.12167502 0.16360735 0.18404038 0.53067726],0.0
837,WORRYBILL_W29,RELIG,Other,[0.26975747 0.30161565 0.19264011 0.23598677],0.0
838,WORRYBILL_W29,RELIG,Protestant,[0.21182054 0.28520062 0.27725763 0.2257212 ],0.004086238523472544
839,WORRYBILL_W29,RELIG,Roman Catholic,[0.236864   0.31979887 0.26457166 0.17876547],0.003617391162881155
840,FEM2BF2_W29,RELIG,Agnostic,[0.01168323 0.98831677],0.0
841,FEM2BF2_W29,RELIG,Atheist,[0. 1.],0.0
842,FEM2BF2_W29,RELIG,Buddhist,[0.32269504 0.67730496],0.0
843,FEM2BF2_W29,RELIG,Hindu,[0.45828153 0.54171847],0.0
844,FEM2BF2_W29,RELIG,Jewish,[0. 1.],0.0
845,FEM2BF2_W29,RELIG,Mormon,[0. 1.],0.0
846,FEM2BF2_W29,RELIG,Muslim,[0. 1.],0.0
847,FEM2BF2_W29,RELIG,Nothing in particular,[0.01324991 0.98675009],0.0
848,FEM2BF2_W29,RELIG,Orthodox,[0. 1.],0.0
849,FEM2BF2_W29,RELIG,Other,[0. 1.],0.0
850,FEM2BF2_W29,RELIG,Protestant,[0.02593541 0.97406459],0.0
851,FEM2BF2_W29,RELIG,Roman Catholic,[0.10728104 0.89271896],0.0
852,DIFF1E_W29,RELIG,Agnostic,[0.71883302 0.28116698],0.012604328925676292
853,DIFF1E_W29,RELIG,Atheist,[0.82334861 0.17665139],0.0003803135477319575
854,DIFF1E_W29,RELIG,Buddhist,[0.67755081 0.32244919],0.0
855,DIFF1E_W29,RELIG,Hindu,[0.57652602 0.42347398],0.0
856,DIFF1E_W29,RELIG,Jewish,[0.74993834 0.25006166],0.02364487791921872
857,DIFF1E_W29,RELIG,Mormon,[0.57018654 0.42981346],0.0
858,DIFF1E_W29,RELIG,Muslim,[0.44332314 0.55667686],0.03041822509223398
859,DIFF1E_W29,RELIG,Nothing in particular,[0.66568952 0.33431048],0.005029151974997662
860,DIFF1E_W29,RELIG,Orthodox,[0.40250938 0.59749062],0.014203553757666331
861,DIFF1E_W29,RELIG,Other,[0.5820153 0.4179847],0.008772996347326135
862,DIFF1E_W29,RELIG,Protestant,[0.61202111 0.38797889],0.01114509647646723
863,DIFF1E_W29,RELIG,Roman Catholic,[0.58556498 0.41443502],0.0045721386361208885
864,TRANSGEND3_W29,RELIG,Agnostic,[0.18050709 0.6153363  0.20415661],0.004413450975209038
865,TRANSGEND3_W29,RELIG,Atheist,[0.10637893 0.71967959 0.17394147],0.0
866,TRANSGEND3_W29,RELIG,Buddhist,[0.1242805  0.70390624 0.17181325],0.0
867,TRANSGEND3_W29,RELIG,Hindu,[0.26709653 0.435603   0.29730047],0.0
868,TRANSGEND3_W29,RELIG,Jewish,[0.2660059  0.41659364 0.31740046],0.0
869,TRANSGEND3_W29,RELIG,Mormon,[0.43311616 0.16983988 0.39704395],0.009510313810119766
870,TRANSGEND3_W29,RELIG,Muslim,[0.36129251 0.43000097 0.20870651],0.12400416075451248
871,TRANSGEND3_W29,RELIG,Nothing in particular,[0.22580551 0.51272314 0.26147135],0.013174327406576623
872,TRANSGEND3_W29,RELIG,Orthodox,[0.55742772 0.30328831 0.13928397],0.014203553757666333
873,TRANSGEND3_W29,RELIG,Other,[0.3225275  0.48371494 0.19375756],0.0
874,TRANSGEND3_W29,RELIG,Protestant,[0.47172987 0.25971449 0.26855564],0.02448878808195615
875,TRANSGEND3_W29,RELIG,Roman Catholic,[0.27119496 0.35802159 0.37078345],0.019819535518059258
876,MESUM1_FB_W29,RELIG,Agnostic,[0.81026972 0.18973028],0.0
877,MESUM1_FB_W29,RELIG,Atheist,[0.83424012 0.16575988],0.0
878,MESUM1_FB_W29,RELIG,Buddhist,[0.65343626 0.34656374],0.0
879,MESUM1_FB_W29,RELIG,Hindu,[0.94313261 0.05686739],0.0
880,MESUM1_FB_W29,RELIG,Jewish,[0.92674157 0.07325843],0.015112581144876349
881,MESUM1_FB_W29,RELIG,Mormon,[0.74276627 0.25723373],0.0
882,MESUM1_FB_W29,RELIG,Muslim,[0.96549894 0.03450106],0.0
883,MESUM1_FB_W29,RELIG,Nothing in particular,[0.82762927 0.17237073],0.0021295257546680994
884,MESUM1_FB_W29,RELIG,Orthodox,[0.84904335 0.15095665],0.0
885,MESUM1_FB_W29,RELIG,Other,[0.90759169 0.09240831],0.0
886,MESUM1_FB_W29,RELIG,Protestant,[0.90912783 0.09087217],0.006361468900441684
887,MESUM1_FB_W29,RELIG,Roman Catholic,[0.87504443 0.12495557],0.0020280337599861468
888,HOOD_NHISC_W29,RELIG,Agnostic,[0.06378125 0.37653292 0.31966022 0.24002561],0.0006721292650542271
889,HOOD_NHISC_W29,RELIG,Atheist,[0.08517392 0.25483781 0.33140281 0.32858546],0.0024382317456038364
890,HOOD_NHISC_W29,RELIG,Buddhist,[0.01809941 0.27662451 0.62379435 0.08148172],0.0
891,HOOD_NHISC_W29,RELIG,Hindu,[0.18266763 0.33482998 0.32269435 0.15980804],0.0
892,HOOD_NHISC_W29,RELIG,Jewish,[0.25368957 0.39742527 0.24786138 0.10102378],0.0
893,HOOD_NHISC_W29,RELIG,Mormon,[0.13903537 0.54754427 0.19052418 0.12289618],0.0
894,HOOD_NHISC_W29,RELIG,Muslim,[0.03340088 0.47858918 0.33473261 0.15327733],0.03041822509223398
895,HOOD_NHISC_W29,RELIG,Nothing in particular,[0.12128838 0.40188368 0.26085236 0.21597558],0.007075347950108246
896,HOOD_NHISC_W29,RELIG,Orthodox,[0.0339242  0.26901791 0.63421133 0.06284656],0.0
897,HOOD_NHISC_W29,RELIG,Other,[0.09265817 0.43055866 0.27916456 0.19761861],0.059302674805943076
898,HOOD_NHISC_W29,RELIG,Protestant,[0.14367424 0.45863392 0.25706385 0.14062799],0.007305625242844373
899,HOOD_NHISC_W29,RELIG,Roman Catholic,[0.19412117 0.39153815 0.27774866 0.13659202],0.0025346960255852517
900,MASC2BF1_W29,RELIG,Agnostic,[0. 1.],0.0
901,MASC2BF1_W29,RELIG,Atheist,[0. 1.],0.0
902,MASC2BF1_W29,RELIG,Buddhist,[0.88028718 0.11971282],0.0
903,MASC2BF1_W29,RELIG,Hindu,[0.61891318 0.38108682],0.24023444959858892
904,MASC2BF1_W29,RELIG,Jewish,[0.41780817 0.58219183],0.0
905,MASC2BF1_W29,RELIG,Mormon,[0. 1.],0.0
906,MASC2BF1_W29,RELIG,Muslim,[0. 1.],0.0
907,MASC2BF1_W29,RELIG,Nothing in particular,[0.04146817 0.95853183],0.0
908,MASC2BF1_W29,RELIG,Orthodox,[0. 1.],0.0
909,MASC2BF1_W29,RELIG,Other,[0. 1.],0.0
910,MASC2BF1_W29,RELIG,Protestant,[0.04744767 0.95255233],0.0045295765451516925
911,MASC2BF1_W29,RELIG,Roman Catholic,[0.03338203 0.96661797],0.0
912,GOODJOBS_W29,RELIG,Agnostic,[0.37315502 0.62684498],0.004330210330314589
913,GOODJOBS_W29,RELIG,Atheist,[0.36526253 0.63473747],0.008917451900488134
914,GOODJOBS_W29,RELIG,Buddhist,[0.54470396 0.45529604],0.0
915,GOODJOBS_W29,RELIG,Hindu,[0.47629386 0.52370614],0.022884466030240753
916,GOODJOBS_W29,RELIG,Jewish,[0.4090639 0.5909361],0.024126054916445643
917,GOODJOBS_W29,RELIG,Mormon,[0.53866307 0.46133693],0.004736002071794441
918,GOODJOBS_W29,RELIG,Muslim,[0.47960511 0.52039489],0.03041822509223398
919,GOODJOBS_W29,RELIG,Nothing in particular,[0.41811208 0.58188792],0.007270329777485735
920,GOODJOBS_W29,RELIG,Orthodox,[0.5794398 0.4205602],0.0
921,GOODJOBS_W29,RELIG,Other,[0.20769332 0.79230668],0.012525812099737719
922,GOODJOBS_W29,RELIG,Protestant,[0.36037325 0.63962675],0.012719604718323447
923,GOODJOBS_W29,RELIG,Roman Catholic,[0.37965747 0.62034253],0.015326747393574376
0,WORRYRET_W29,RELIGATTEND,A few times a year,[0.30535151 0.32583145 0.23872383 0.13009321],0.0066396968077057006
1,WORRYRET_W29,RELIGATTEND,More than once a week,[0.23123106 0.29376766 0.3236713  0.15132998],0.003704898304364817
2,WORRYRET_W29,RELIGATTEND,Never,[0.34678995 0.27217302 0.23488179 0.14615525],0.0015973825017360727
3,WORRYRET_W29,RELIGATTEND,Once a week,[0.24620586 0.35059871 0.25088787 0.15230756],0.00532030419887043
4,WORRYRET_W29,RELIGATTEND,Once or twice a month,[0.34289591 0.3308183  0.21337279 0.112913  ],0.0
5,WORRYRET_W29,RELIGATTEND,Seldom,[0.29790402 0.34803153 0.23347047 0.12059398],0.0046931725312607175
6,BOYSF1B_W29,RELIGATTEND,A few times a year,[0.09235725 0.5946237  0.31301904],0.016511595340966027
7,BOYSF1B_W29,RELIGATTEND,More than once a week,[0.18016944 0.53267426 0.2871563 ],0.02334042385529518
8,BOYSF1B_W29,RELIGATTEND,Never,[0.09791016 0.62446802 0.27762182],0.005490596377762516
9,BOYSF1B_W29,RELIGATTEND,Once a week,[0.10689225 0.57208155 0.32102619],0.007421096072120292
10,BOYSF1B_W29,RELIGATTEND,Once or twice a month,[0.11455535 0.57607519 0.30936946],0.006786293151259797
11,BOYSF1B_W29,RELIGATTEND,Seldom,[0.11576207 0.59436218 0.28987574],0.005420997648720205
12,TRANSGEND2_W29,RELIGATTEND,A few times a year,[0.34505106 0.65494894],0.006370683834452384
13,TRANSGEND2_W29,RELIGATTEND,More than once a week,[0.30426709 0.69573291],0.00609928885101015
14,TRANSGEND2_W29,RELIGATTEND,Never,[0.41058356 0.58941644],0.0016848439422731058
15,TRANSGEND2_W29,RELIGATTEND,Once a week,[0.34815786 0.65184214],0.012372495012629395
16,TRANSGEND2_W29,RELIGATTEND,Once or twice a month,[0.33640135 0.66359865],0.00573440096612586
17,TRANSGEND2_W29,RELIGATTEND,Seldom,[0.38599373 0.61400627],0.0019292240723498921
18,MAN1E_W29,RELIGATTEND,A few times a year,[0.37834399 0.51470647 0.08985696 0.01709258],0.004982120538567885
19,MAN1E_W29,RELIGATTEND,More than once a week,[0.32824433 0.48920761 0.12992633 0.05262172],0.004539611090114797
20,MAN1E_W29,RELIGATTEND,Never,[0.45225254 0.42157715 0.09887875 0.02729156],0.002711889443352383
21,MAN1E_W29,RELIGATTEND,Once a week,[0.34259993 0.49436197 0.13245505 0.03058305],0.009485227273379566
22,MAN1E_W29,RELIGATTEND,Once or twice a month,[0.40877347 0.35702398 0.13679442 0.09740813],0.001246157292881366
23,MAN1E_W29,RELIGATTEND,Seldom,[0.41734844 0.44193044 0.09739732 0.0433238 ],0.001727879956190193
24,MESUM2_FC_W29,RELIGATTEND,A few times a year,[0.51398842 0.48601158],0.002979319297406833
25,MESUM2_FC_W29,RELIGATTEND,More than once a week,[0.52495578 0.47504422],0.03628233919141114
26,MESUM2_FC_W29,RELIGATTEND,Never,[0.38276544 0.61723456],0.015334031727234703
27,MESUM2_FC_W29,RELIGATTEND,Once a week,[0.44251887 0.55748113],0.02430077256794881
28,MESUM2_FC_W29,RELIGATTEND,Once or twice a month,[0.48893545 0.51106455],0.021967115182831017
29,MESUM2_FC_W29,RELIGATTEND,Seldom,[0.41749426 0.58250574],0.01232039608078194
30,HELPHURTC_W29,RELIGATTEND,A few times a year,[0.34777174 0.09770361 0.55452465],0.007981256110782445
31,HELPHURTC_W29,RELIGATTEND,More than once a week,[0.24911644 0.11758584 0.63329772],0.0018418617408282828
32,HELPHURTC_W29,RELIGATTEND,Never,[0.30864527 0.10250007 0.58885465],0.00018255200546536275
33,HELPHURTC_W29,RELIGATTEND,Once a week,[0.26713893 0.13252188 0.60033919],0.01208619692103465
34,HELPHURTC_W29,RELIGATTEND,Once or twice a month,[0.31716974 0.10879578 0.57403448],0.026056302449065167
35,HELPHURTC_W29,RELIGATTEND,Seldom,[0.29421002 0.09709772 0.60869226],0.004386660532084628
36,MESUM1_FF_W29,RELIGATTEND,A few times a year,[0.64718002 0.35281998],0.00291332356877076
37,MESUM1_FF_W29,RELIGATTEND,More than once a week,[0.61800902 0.38199098],0.021380350517573723
38,MESUM1_FF_W29,RELIGATTEND,Never,[0.6858734 0.3141266],0.004858771931340826
39,MESUM1_FF_W29,RELIGATTEND,Once a week,[0.58673322 0.41326678],0.005406704734000807
40,MESUM1_FF_W29,RELIGATTEND,Once or twice a month,[0.63877367 0.36122633],0.009240057258366328
41,MESUM1_FF_W29,RELIGATTEND,Seldom,[0.66305473 0.33694527],0.011111200496140141
42,MESUM2_FE_W29,RELIGATTEND,A few times a year,[0.51589462 0.48410538],0.019949027882912355
43,MESUM2_FE_W29,RELIGATTEND,More than once a week,[0.20813839 0.79186161],0.03946777681281874
44,MESUM2_FE_W29,RELIGATTEND,Never,[0.77275405 0.22724595],0.02486829575824077
45,MESUM2_FE_W29,RELIGATTEND,Once a week,[0.3824514 0.6175486],0.032166321941673987
46,MESUM2_FE_W29,RELIGATTEND,Once or twice a month,[0.57638775 0.42361225],0.04507550737409759
47,MESUM2_FE_W29,RELIGATTEND,Seldom,[0.61971436 0.38028564],0.015534273482977685
48,MESUM2_FA_W29,RELIGATTEND,A few times a year,[0.56094197 0.43905803],0.008363254251868209
49,MESUM2_FA_W29,RELIGATTEND,More than once a week,[0.39040459 0.60959541],0.043724559208000245
50,MESUM2_FA_W29,RELIGATTEND,Never,[0.64548084 0.35451916],0.01445044044390604
51,MESUM2_FA_W29,RELIGATTEND,Once a week,[0.53118258 0.46881742],0.02092101134730391
52,MESUM2_FA_W29,RELIGATTEND,Once or twice a month,[0.62057508 0.37942492],0.001943070097131442
53,MESUM2_FA_W29,RELIGATTEND,Seldom,[0.6494527 0.3505473],0.007281173976841688
54,MESUM1_FD_W29,RELIGATTEND,A few times a year,[0.48554656 0.51445344],0.006535557833329668
55,MESUM1_FD_W29,RELIGATTEND,More than once a week,[0.46032782 0.53967218],0.03408103090734957
56,MESUM1_FD_W29,RELIGATTEND,Never,[0.39860861 0.60139139],0.015676067444016034
57,MESUM1_FD_W29,RELIGATTEND,Once a week,[0.39841689 0.60158311],0.010299806516922897
58,MESUM1_FD_W29,RELIGATTEND,Once or twice a month,[0.46939186 0.53060814],0.014445242294946651
59,MESUM1_FD_W29,RELIGATTEND,Seldom,[0.46295838 0.53704162],0.00543520161603608
60,MASC1F1_W29,RELIGATTEND,A few times a year,[0.57514637 0.0748592  0.34999443],0.009346780648959316
61,MASC1F1_W29,RELIGATTEND,More than once a week,[0.51409001 0.15041947 0.33549052],0.0
62,MASC1F1_W29,RELIGATTEND,Never,[0.52619801 0.08503479 0.38876719],0.01003808748915869
63,MASC1F1_W29,RELIGATTEND,Once a week,[0.52489689 0.0945162  0.38058691],0.008065588175704509
64,MASC1F1_W29,RELIGATTEND,Once or twice a month,[0.50709567 0.0456394  0.44726493],0.0020219776673091098
65,MASC1F1_W29,RELIGATTEND,Seldom,[0.53391899 0.05957536 0.40650564],0.0035078235201943786
66,TRAITSB_W29,RELIGATTEND,A few times a year,[0.17061214 0.64843204 0.16310248 0.01785334],0.007887028986999745
67,TRAITSB_W29,RELIGATTEND,More than once a week,[0.18087625 0.60486343 0.18878957 0.02547075],0.015999601790542353
68,TRAITSB_W29,RELIGATTEND,Never,[0.10609581 0.58580223 0.23844634 0.06965562],0.010348019099328492
69,TRAITSB_W29,RELIGATTEND,Once a week,[0.15678698 0.63906585 0.18137821 0.02276896],0.005996397017237132
70,TRAITSB_W29,RELIGATTEND,Once or twice a month,[0.14858697 0.63161585 0.18959334 0.03020385],0.003122632854754555
71,TRAITSB_W29,RELIGATTEND,Seldom,[0.13029338 0.61342048 0.22248466 0.03380148],0.007707653231200075
72,BOYSF1C_W29,RELIGATTEND,A few times a year,[0.12845961 0.38280511 0.48873528],0.02283154925441362
73,BOYSF1C_W29,RELIGATTEND,More than once a week,[0.11800117 0.42179643 0.46020241],0.024891723949574805
74,BOYSF1C_W29,RELIGATTEND,Never,[0.13486602 0.37182958 0.4933044 ],0.005262876937923878
75,BOYSF1C_W29,RELIGATTEND,Once a week,[0.12842329 0.41763731 0.4539394 ],0.007248619058610172
76,BOYSF1C_W29,RELIGATTEND,Once or twice a month,[0.12282274 0.47390522 0.40327203],0.002659590803268798
77,BOYSF1C_W29,RELIGATTEND,Seldom,[0.17305703 0.38174424 0.44519873],0.005214789528297178
78,BLOODPR_W29,RELIGATTEND,A few times a year,[0.3707229 0.6292771],0.0026788368830641123
79,BLOODPR_W29,RELIGATTEND,More than once a week,[0.42691847 0.57308153],0.0
80,BLOODPR_W29,RELIGATTEND,Never,[0.34252758 0.65747242],0.0
81,BLOODPR_W29,RELIGATTEND,Once a week,[0.35960444 0.64039556],0.0031823167817585586
82,BLOODPR_W29,RELIGATTEND,Once or twice a month,[0.36218951 0.63781049],0.00412978272260468
83,BLOODPR_W29,RELIGATTEND,Seldom,[0.33270947 0.66729053],0.0018151626386347978
84,MAN1C_W29,RELIGATTEND,A few times a year,[0.16037875 0.32637262 0.33738275 0.17586588],0.004982120538567886
85,MAN1C_W29,RELIGATTEND,More than once a week,[0.1393402  0.34657887 0.30962936 0.20445156],0.0
86,MAN1C_W29,RELIGATTEND,Never,[0.0667888  0.38210352 0.38110737 0.17000031],0.0011342777839278546
87,MAN1C_W29,RELIGATTEND,Once a week,[0.1078612  0.32763688 0.36844627 0.19605564],0.007100723615251263
88,MAN1C_W29,RELIGATTEND,Once or twice a month,[0.10710726 0.26721605 0.31970764 0.30596905],0.013138075491641442
89,MAN1C_W29,RELIGATTEND,Seldom,[0.06787978 0.40573893 0.35914067 0.16724061],0.0
90,FEM2AF2_W29,RELIGATTEND,A few times a year,[0.86555097 0.13444903],0.0016880148174638274
91,FEM2AF2_W29,RELIGATTEND,More than once a week,[0.91911855 0.08088145],0.00945391028645413
92,FEM2AF2_W29,RELIGATTEND,Never,[0.77374054 0.22625946],0.05465811829075598
93,FEM2AF2_W29,RELIGATTEND,Once a week,[0.89680815 0.10319185],0.023551861988973775
94,FEM2AF2_W29,RELIGATTEND,Once or twice a month,[0.78555891 0.21444109],0.0
95,FEM2AF2_W29,RELIGATTEND,Seldom,[0.80095832 0.19904168],0.005580182919184188
96,DIFF1B_W29,RELIGATTEND,A few times a year,[0.25999519 0.74000481],0.026678870810057095
97,DIFF1B_W29,RELIGATTEND,More than once a week,[0.17276308 0.82723692],0.007642108817891496
98,DIFF1B_W29,RELIGATTEND,Never,[0.27440619 0.72559381],0.00970204972630575
99,DIFF1B_W29,RELIGATTEND,Once a week,[0.18805948 0.81194052],0.004528081543605327
100,DIFF1B_W29,RELIGATTEND,Once or twice a month,[0.18247331 0.81752669],0.003512660510289696
101,DIFF1B_W29,RELIGATTEND,Seldom,[0.2543992 0.7456008],0.00237886913044678
102,DIFF1A_W29,RELIGATTEND,A few times a year,[0.33719771 0.66280229],0.023626709373644673
103,DIFF1A_W29,RELIGATTEND,More than once a week,[0.25348801 0.74651199],0.0038676203103268775
104,DIFF1A_W29,RELIGATTEND,Never,[0.3782012 0.6217988],0.0018022958342480146
105,DIFF1A_W29,RELIGATTEND,Once a week,[0.24270309 0.75729691],0.006258782879839785
106,DIFF1A_W29,RELIGATTEND,Once or twice a month,[0.27065036 0.72934964],0.005940165436042364
107,DIFF1A_W29,RELIGATTEND,Seldom,[0.30877267 0.69122733],0.002335497500156287
108,FEM2_W29,RELIGATTEND,A few times a year,[0.3560161  0.52643279 0.10435309 0.01319801],0.0035228189777312493
109,FEM2_W29,RELIGATTEND,More than once a week,[0.4725055  0.47788387 0.028007   0.02160363],0.0
110,FEM2_W29,RELIGATTEND,Never,[0.19902624 0.58003919 0.19796778 0.02296679],0.003504367226932144
111,FEM2_W29,RELIGATTEND,Once a week,[0.46079755 0.44084707 0.08082342 0.01753196],0.0010337146344339397
112,FEM2_W29,RELIGATTEND,Once or twice a month,[0.32582821 0.54843314 0.11065458 0.01508407],0.006623671376495034
113,FEM2_W29,RELIGATTEND,Seldom,[0.22048886 0.61125809 0.13915357 0.02909949],0.0003253136173265747
114,HELPHURTE_W29,RELIGATTEND,A few times a year,[0.285286   0.19947551 0.51523849],0.007981256110782445
115,HELPHURTE_W29,RELIGATTEND,More than once a week,[0.27308696 0.19071369 0.53619935],0.012333427150413532
116,HELPHURTE_W29,RELIGATTEND,Never,[0.22799142 0.20141711 0.57059147],0.0011444183980917587
117,HELPHURTE_W29,RELIGATTEND,Once a week,[0.27835087 0.16572053 0.5559286 ],0.018000282277051954
118,HELPHURTE_W29,RELIGATTEND,Once or twice a month,[0.23316918 0.17739804 0.58943278],0.00528125989762582
119,HELPHURTE_W29,RELIGATTEND,Seldom,[0.19144547 0.17244136 0.63611317],0.0028297122685326
120,PARTICIPATEC_W29,RELIGATTEND,A few times a year,[0.15514148 0.84485852],0.005858848820314966
121,PARTICIPATEC_W29,RELIGATTEND,More than once a week,[0.11119902 0.88880098],0.0025052853883067864
122,PARTICIPATEC_W29,RELIGATTEND,Never,[0.11112234 0.88887766],0.006212578532161063
123,PARTICIPATEC_W29,RELIGATTEND,Once a week,[0.14159263 0.85840737],0.006428609973406012
124,PARTICIPATEC_W29,RELIGATTEND,Once or twice a month,[0.1398104 0.8601896],0.0002203034932352617
125,PARTICIPATEC_W29,RELIGATTEND,Seldom,[0.11919187 0.88080813],0.008067528409879732
126,S13_W29,RELIGATTEND,A few times a year,[0.30019031 0.34588596 0.20638381 0.07410494 0.04940307 0.0240319 ],0.008776271056708555
127,S13_W29,RELIGATTEND,More than once a week,[0.40879194 0.30546179 0.16548353 0.05162343 0.04853297 0.02010635],0.000552318111311164
128,S13_W29,RELIGATTEND,Never,[0.28032061 0.31361592 0.20424827 0.04772491 0.10111025 0.05298004],0.0
129,S13_W29,RELIGATTEND,Once a week,[0.37935032 0.4031054  0.14189568 0.03104696 0.03144914 0.01315251],0.002314806190470296
130,S13_W29,RELIGATTEND,Once or twice a month,[0.3083381  0.3430704  0.21197372 0.04462079 0.07256374 0.01943325],0.002128823396206624
131,S13_W29,RELIGATTEND,Seldom,[0.26279298 0.4008146  0.19395332 0.05547686 0.05717479 0.02978744],0.0016474677089788987
132,GIRLSF2D_W29,RELIGATTEND,A few times a year,[0.06699921 0.36696268 0.56603811],0.0010509127476034889
133,GIRLSF2D_W29,RELIGATTEND,More than once a week,[0.079543   0.42495654 0.49550046],0.0033170436496474786
134,GIRLSF2D_W29,RELIGATTEND,Never,[0.08077209 0.41257714 0.50665077],0.013158102395473376
135,GIRLSF2D_W29,RELIGATTEND,Once a week,[0.05940288 0.34777523 0.59282188],0.009194665439741265
136,GIRLSF2D_W29,RELIGATTEND,Once or twice a month,[0.13107583 0.36262662 0.50629756],0.006034873885588782
137,GIRLSF2D_W29,RELIGATTEND,Seldom,[0.0642254  0.50331689 0.43245771],0.011596851216989746
138,BOYSF1A_W29,RELIGATTEND,A few times a year,[0.17419857 0.403064   0.42273743],0.027732448521487093
139,BOYSF1A_W29,RELIGATTEND,More than once a week,[0.0986451  0.52484463 0.37651027],0.017483998457476585
140,BOYSF1A_W29,RELIGATTEND,Never,[0.16476723 0.32707126 0.5081615 ],0.009156962665060326
141,BOYSF1A_W29,RELIGATTEND,Once a week,[0.12231239 0.49311491 0.3845727 ],0.00459808602389656
142,BOYSF1A_W29,RELIGATTEND,Once or twice a month,[0.09747847 0.5111124  0.39140912],0.0026595908032687986
143,BOYSF1A_W29,RELIGATTEND,Seldom,[0.1540746  0.3928542  0.45307121],0.005632272359896717
144,HELPHURTA_W29,RELIGATTEND,A few times a year,[0.17387955 0.23958163 0.58653882],0.009057312277146044
145,HELPHURTA_W29,RELIGATTEND,More than once a week,[0.15512896 0.18808781 0.65678322],0.011704449469847552
146,HELPHURTA_W29,RELIGATTEND,Never,[0.16438033 0.18515057 0.6504691 ],0.002520727092772617
147,HELPHURTA_W29,RELIGATTEND,Once a week,[0.15749027 0.22293793 0.6195718 ],0.021371464136009946
148,HELPHURTA_W29,RELIGATTEND,Once or twice a month,[0.20171711 0.21994106 0.57834183],0.026460212732518622
149,HELPHURTA_W29,RELIGATTEND,Seldom,[0.08410544 0.24852478 0.66736978],0.004093045618102486
150,MAN1B_W29,RELIGATTEND,A few times a year,[0.14172254 0.31484505 0.33146049 0.21197192],0.004169956162847882
151,MAN1B_W29,RELIGATTEND,More than once a week,[0.170666   0.21504116 0.32575323 0.28853961],0.0
152,MAN1B_W29,RELIGATTEND,Never,[0.09103853 0.29913551 0.33246705 0.27735891],0.0019690046889818667
153,MAN1B_W29,RELIGATTEND,Once a week,[0.10610348 0.28560658 0.32930332 0.27898662],0.007100723615251263
154,MAN1B_W29,RELIGATTEND,Once or twice a month,[0.08779792 0.22271379 0.37878418 0.31070411],0.0
155,MAN1B_W29,RELIGATTEND,Seldom,[0.10212772 0.3081892  0.36720199 0.22248108],0.014837266877160723
156,S12_W29,RELIGATTEND,A few times a year,[0.57110543 0.21545321 0.09806418 0.02172916 0.03750737 0.05614066],0.0037351862571305262
157,S12_W29,RELIGATTEND,More than once a week,[0.66719892 0.15540029 0.07586987 0.02117074 0.04800871 0.03235146],0.0029104931417055424
158,S12_W29,RELIGATTEND,Never,[0.52011608 0.23482564 0.08137736 0.02654736 0.03833256 0.09880099],0.00044890706120304807
159,S12_W29,RELIGATTEND,Once a week,[0.63739186 0.1880683  0.06721496 0.02032712 0.04584589 0.04115188],0.0030446098589455035
160,S12_W29,RELIGATTEND,Once or twice a month,[0.56661093 0.19501383 0.12365623 0.03845677 0.04907982 0.02718242],0.0
161,S12_W29,RELIGATTEND,Seldom,[0.49768346 0.26127188 0.11493182 0.03544056 0.03588909 0.05478318],0.0020522898389713487
162,HELPHURTB_W29,RELIGATTEND,A few times a year,[0.37214062 0.04338745 0.58447193],0.007981256110782445
163,HELPHURTB_W29,RELIGATTEND,More than once a week,[0.24229818 0.08622542 0.67147641],0.0028746218585654778
164,HELPHURTB_W29,RELIGATTEND,Never,[0.33986379 0.04749384 0.61264237],0.002198984065248865
165,HELPHURTB_W29,RELIGATTEND,Once a week,[0.26442496 0.05256493 0.68301012],0.014093648371204082
166,HELPHURTB_W29,RELIGATTEND,Once or twice a month,[0.33695556 0.0959696  0.56707484],0.0018249575870261912
167,HELPHURTB_W29,RELIGATTEND,Seldom,[0.24582431 0.03857419 0.7156015 ],0.0038814511214785344
168,TRAITSD_W29,RELIGATTEND,A few times a year,[0.27946434 0.52916394 0.1746127  0.01675902],0.010910207408801779
169,TRAITSD_W29,RELIGATTEND,More than once a week,[0.23401563 0.58783286 0.17106956 0.00708196],0.012676157462985494
170,TRAITSD_W29,RELIGATTEND,Never,[0.27523225 0.45216784 0.21884029 0.05375962],0.0043036675819980936
171,TRAITSD_W29,RELIGATTEND,Once a week,[0.28648079 0.49116781 0.18761985 0.03473154],0.008965468342820436
172,TRAITSD_W29,RELIGATTEND,Once or twice a month,[0.22600771 0.55947871 0.19016845 0.02434514],0.0
173,TRAITSD_W29,RELIGATTEND,Seldom,[0.23592228 0.51850867 0.19263873 0.05293032],0.00698672626816954
174,PARTICIPATEB_W29,RELIGATTEND,A few times a year,[0.10330952 0.89669048],0.005547844566504586
175,PARTICIPATEB_W29,RELIGATTEND,More than once a week,[0.0943212 0.9056788],0.010433652431219305
176,PARTICIPATEB_W29,RELIGATTEND,Never,[0.05305417 0.94694583],0.009612567980576983
177,PARTICIPATEB_W29,RELIGATTEND,Once a week,[0.12033324 0.87966676],0.01563179763204053
178,PARTICIPATEB_W29,RELIGATTEND,Once or twice a month,[0.10428279 0.89571721],0.010421468222129688
179,PARTICIPATEB_W29,RELIGATTEND,Seldom,[0.08032683 0.91967317],0.0048523783556910045
180,MESUM1_FA_W29,RELIGATTEND,A few times a year,[0.84130796 0.15869204],0.0008035605756756616
181,MESUM1_FA_W29,RELIGATTEND,More than once a week,[0.87329117 0.12670883],0.00490962530350119
182,MESUM1_FA_W29,RELIGATTEND,Never,[0.61776147 0.38223853],0.004807102717874888
183,MESUM1_FA_W29,RELIGATTEND,Once a week,[0.82684889 0.17315111],0.01031898071047297
184,MESUM1_FA_W29,RELIGATTEND,Once or twice a month,[0.82073714 0.17926286],0.004206525893961674
185,MESUM1_FA_W29,RELIGATTEND,Seldom,[0.84271155 0.15728845],0.015945605672868096
186,TRAITSF_W29,RELIGATTEND,A few times a year,[0.39750879 0.46873979 0.11064132 0.02311009],0.01095964312558374
187,TRAITSF_W29,RELIGATTEND,More than once a week,[0.39662405 0.50151635 0.08139416 0.02046544],0.021534095860445454
188,TRAITSF_W29,RELIGATTEND,Never,[0.30834958 0.48501074 0.17745527 0.02918441],0.0004904268875810094
189,TRAITSF_W29,RELIGATTEND,Once a week,[0.35002201 0.4985429  0.13182966 0.01960543],0.006973685378120556
190,TRAITSF_W29,RELIGATTEND,Once or twice a month,[0.40354918 0.44006452 0.13743077 0.01895553],0.004255101564429948
191,TRAITSF_W29,RELIGATTEND,Seldom,[0.34890694 0.47844474 0.14289562 0.0297527 ],0.007868311491577693
192,NOWSMK_NHIS_W29,RELIGATTEND,A few times a year,[0.32513256 0.16010742 0.51476002],0.0
193,NOWSMK_NHIS_W29,RELIGATTEND,More than once a week,[0.09446102 0.05526401 0.85027497],0.0
194,NOWSMK_NHIS_W29,RELIGATTEND,Never,[0.37205858 0.15812976 0.46981166],0.0017241192608420004
195,NOWSMK_NHIS_W29,RELIGATTEND,Once a week,[0.26642162 0.09516167 0.63841671],0.002646383767956634
196,NOWSMK_NHIS_W29,RELIGATTEND,Once or twice a month,[0.29161111 0.19849048 0.50989841],0.0
197,NOWSMK_NHIS_W29,RELIGATTEND,Seldom,[0.37333405 0.11632963 0.51033632],0.0
198,SEENMASC_W29,RELIGATTEND,A few times a year,[0.12009158 0.40607615 0.35533393 0.11849835],0.0037697525721429154
199,SEENMASC_W29,RELIGATTEND,More than once a week,[0.10562086 0.40641562 0.38231974 0.10564378],0.009297580125205698
200,SEENMASC_W29,RELIGATTEND,Never,[0.08664949 0.32311746 0.35010173 0.24013132],0.012572368966684436
201,SEENMASC_W29,RELIGATTEND,Once a week,[0.09815442 0.33686542 0.41987362 0.14510654],0.010252624406560778
202,SEENMASC_W29,RELIGATTEND,Once or twice a month,[0.0918899  0.44192515 0.28170069 0.18448426],0.007321803297938866
203,SEENMASC_W29,RELIGATTEND,Seldom,[0.07156221 0.30675509 0.43185623 0.18982647],0.0
204,MASC2_W29,RELIGATTEND,A few times a year,[0.35693265 0.50183385 0.1371048  0.00412869],0.003769752572142915
205,MASC2_W29,RELIGATTEND,More than once a week,[0.35615231 0.58589526 0.05448227 0.00347015],0.0
206,MASC2_W29,RELIGATTEND,Never,[0.27936186 0.55171145 0.15211506 0.01681162],0.00889323205419875
207,MASC2_W29,RELIGATTEND,Once a week,[0.35793257 0.49077084 0.1254724  0.02582419],0.006715338983622499
208,MASC2_W29,RELIGATTEND,Once or twice a month,[0.39518349 0.45875286 0.13104072 0.01502293],0.0
209,MASC2_W29,RELIGATTEND,Seldom,[0.24060676 0.57946596 0.17224602 0.00768126],0.005596900092736444
210,HOOD_NHISB_W29,RELIGATTEND,A few times a year,[0.31468354 0.45319859 0.15883358 0.07328428],0.00719831325429076
211,HOOD_NHISB_W29,RELIGATTEND,More than once a week,[0.3581535  0.45348927 0.09801679 0.09034044],0.003931059774380018
212,HOOD_NHISB_W29,RELIGATTEND,Never,[0.25959832 0.48412154 0.12466562 0.13161452],0.0041003017742950705
213,HOOD_NHISB_W29,RELIGATTEND,Once a week,[0.32794894 0.51357046 0.12189953 0.03658107],0.01205178312558782
214,HOOD_NHISB_W29,RELIGATTEND,Once or twice a month,[0.31812802 0.50436775 0.11544332 0.0620609 ],0.002128823396206624
215,HOOD_NHISB_W29,RELIGATTEND,Seldom,[0.25466518 0.45986704 0.19643879 0.08902899],0.00628932905454512
216,FAVORS_CPS_W29,RELIGATTEND,A few times a year,[0.01787654 0.10410992 0.21731298 0.09860442 0.24676095 0.31533519],0.002835616212356848
217,FAVORS_CPS_W29,RELIGATTEND,More than once a week,[0.0240513  0.18714616 0.24414045 0.09592745 0.27989831 0.16883633],0.002463489661853699
218,FAVORS_CPS_W29,RELIGATTEND,Never,[0.014145   0.07664935 0.14087119 0.12569318 0.25373866 0.38890262],0.005464488177838063
219,FAVORS_CPS_W29,RELIGATTEND,Once a week,[0.04026877 0.13529118 0.21652802 0.10456495 0.2554224  0.2479247 ],0.009528941547690968
220,FAVORS_CPS_W29,RELIGATTEND,Once or twice a month,[0.02905196 0.14642871 0.19956426 0.11220547 0.23608473 0.27666488],0.0021288233962066245
221,FAVORS_CPS_W29,RELIGATTEND,Seldom,[0.02374699 0.07138365 0.17676531 0.10314969 0.29862549 0.32632888],0.0010167066828572493
222,HOOD_NHISA_W29,RELIGATTEND,A few times a year,[0.36331558 0.39248081 0.15043789 0.09376572],0.00388286307972275
223,HOOD_NHISA_W29,RELIGATTEND,More than once a week,[0.46614992 0.32925849 0.13381191 0.07077968],0.0046452181404057
224,HOOD_NHISA_W29,RELIGATTEND,Never,[0.27781463 0.41797711 0.15976839 0.14443987],0.0030620495973531624
225,HOOD_NHISA_W29,RELIGATTEND,Once a week,[0.42595366 0.41581494 0.10375002 0.05448138],0.005575873445796075
226,HOOD_NHISA_W29,RELIGATTEND,Once or twice a month,[0.36716379 0.4313401  0.14560818 0.05588792],0.0021288233962066245
227,HOOD_NHISA_W29,RELIGATTEND,Seldom,[0.31559382 0.39527255 0.16066938 0.12846425],0.003604074627248786
228,S7_W29,RELIGATTEND,A few times a year,[0.1444212 0.8555788],0.008518884422997485
229,S7_W29,RELIGATTEND,More than once a week,[0.23949417 0.76050583],0.002538997475350295
230,S7_W29,RELIGATTEND,Never,[0.08670202 0.91329798],0.0022308234876425815
231,S7_W29,RELIGATTEND,Once a week,[0.20081038 0.79918962],0.0025169306047817014
232,S7_W29,RELIGATTEND,Once or twice a month,[0.17468137 0.82531863],0.00147785559026973
233,S7_W29,RELIGATTEND,Seldom,[0.09705499 0.90294501],0.0014019560517792335
234,MAN1A_W29,RELIGATTEND,A few times a year,[0.321389   0.42793178 0.21543766 0.03524155],0.00416995616284788
235,MAN1A_W29,RELIGATTEND,More than once a week,[0.32285728 0.40513239 0.25183596 0.02017438],0.005177057216644306
236,MAN1A_W29,RELIGATTEND,Never,[0.25532006 0.45759403 0.2614641  0.02562181],0.0027785597227574016
237,MAN1A_W29,RELIGATTEND,Once a week,[0.27980907 0.44554232 0.25169862 0.02294999],0.006715338983622498
238,MAN1A_W29,RELIGATTEND,Once or twice a month,[0.22812181 0.41310434 0.27322419 0.08554966],0.0023546135639915767
239,MAN1A_W29,RELIGATTEND,Seldom,[0.24919006 0.42816945 0.28571027 0.03693022],0.0
240,DIFF1C_W29,RELIGATTEND,A few times a year,[0.36426608 0.63573392],0.017859909913958114
241,DIFF1C_W29,RELIGATTEND,More than once a week,[0.28781864 0.71218136],0.004984515523854504
242,DIFF1C_W29,RELIGATTEND,Never,[0.35933325 0.64066675],0.007997444451488353
243,DIFF1C_W29,RELIGATTEND,Once a week,[0.29484432 0.70515568],0.00958754448701824
244,DIFF1C_W29,RELIGATTEND,Once or twice a month,[0.35612305 0.64387695],0.004572969037360505
245,DIFF1C_W29,RELIGATTEND,Seldom,[0.36599851 0.63400149],0.0009534770457005154
246,TRAITSC_W29,RELIGATTEND,A few times a year,[0.44463827 0.42597435 0.11765761 0.01172977],0.007351933040257376
247,TRAITSC_W29,RELIGATTEND,More than once a week,[0.44284457 0.43883452 0.11668709 0.00163382],0.012285620013688764
248,TRAITSC_W29,RELIGATTEND,Never,[0.29180387 0.45924488 0.20270499 0.04624626],0.00597544496957913
249,TRAITSC_W29,RELIGATTEND,Once a week,[0.44377565 0.42492772 0.10067215 0.03062448],0.011639997728494514
250,TRAITSC_W29,RELIGATTEND,Once or twice a month,[0.34572274 0.53144033 0.10633098 0.01650594],0.0008127714191790057
251,TRAITSC_W29,RELIGATTEND,Seldom,[0.34793673 0.4668014  0.16173762 0.02352426],0.003437073368100546
252,LOCALELECT_W29,RELIGATTEND,A few times a year,[0.31863922 0.29857669 0.1488592  0.23392489],0.01258490831305026
253,LOCALELECT_W29,RELIGATTEND,More than once a week,[0.4445644  0.26237453 0.07650225 0.21655882],0.0
254,LOCALELECT_W29,RELIGATTEND,Never,[0.26002713 0.27000927 0.14004534 0.32991826],0.00455550053720481
255,LOCALELECT_W29,RELIGATTEND,Once a week,[0.46147059 0.27779291 0.09980648 0.16093003],0.015134988868151067
256,LOCALELECT_W29,RELIGATTEND,Once or twice a month,[0.30275835 0.27853844 0.19124735 0.22745586],0.0020302032350486988
257,LOCALELECT_W29,RELIGATTEND,Seldom,[0.3101529  0.28821538 0.17299778 0.22863395],0.0014531727611716272
258,BOYSF1D_W29,RELIGATTEND,A few times a year,[0.08038084 0.5181215  0.40149766],0.014710317436773205
259,BOYSF1D_W29,RELIGATTEND,More than once a week,[0.06313363 0.53342403 0.40344233],0.019915132668120374
260,BOYSF1D_W29,RELIGATTEND,Never,[0.05824258 0.50393566 0.43782175],0.005326784679130218
261,BOYSF1D_W29,RELIGATTEND,Once a week,[0.06072289 0.5780157  0.36126141],0.006548668721548225
262,BOYSF1D_W29,RELIGATTEND,Once or twice a month,[0.08766102 0.52088449 0.39145449],0.002659590803268798
263,BOYSF1D_W29,RELIGATTEND,Seldom,[0.05459305 0.49560976 0.44979719],0.005214789528297177
264,MESUM2_FB_W29,RELIGATTEND,A few times a year,[0.82093328 0.17906672],0.007557214903246955
265,MESUM2_FB_W29,RELIGATTEND,More than once a week,[0.93360429 0.06639571],0.026618098787248592
266,MESUM2_FB_W29,RELIGATTEND,Never,[0.53647457 0.46352543],0.02233089175260772
267,MESUM2_FB_W29,RELIGATTEND,Once a week,[0.89884204 0.10115796],0.008620343180688574
268,MESUM2_FB_W29,RELIGATTEND,Once or twice a month,[0.81949618 0.18050382],0.004843886263148747
269,MESUM2_FB_W29,RELIGATTEND,Seldom,[0.75519737 0.24480263],0.0041562513567005984
270,MESUM1_FC_W29,RELIGATTEND,A few times a year,[0.81377944 0.18622056],0.0004298627770630637
271,MESUM1_FC_W29,RELIGATTEND,More than once a week,[0.73754131 0.26245869],0.03188487528078825
272,MESUM1_FC_W29,RELIGATTEND,Never,[0.76573047 0.23426953],0.003547784624640203
273,MESUM1_FC_W29,RELIGATTEND,Once a week,[0.81091264 0.18908736],0.01772690041724688
274,MESUM1_FC_W29,RELIGATTEND,Once or twice a month,[0.69873192 0.30126808],0.0052266465195786255
275,MESUM1_FC_W29,RELIGATTEND,Seldom,[0.77450963 0.22549037],0.001989385297892793
276,PARTICIPATEA_W29,RELIGATTEND,A few times a year,[0.1383628 0.8616372],0.004905157521253797
277,PARTICIPATEA_W29,RELIGATTEND,More than once a week,[0.25326883 0.74673117],0.003251155623433333
278,PARTICIPATEA_W29,RELIGATTEND,Never,[0.09730189 0.90269811],0.0030098527844530294
279,PARTICIPATEA_W29,RELIGATTEND,Once a week,[0.20151761 0.79848239],0.014688104346982709
280,PARTICIPATEA_W29,RELIGATTEND,Once or twice a month,[0.19208686 0.80791314],0.0
281,PARTICIPATEA_W29,RELIGATTEND,Seldom,[0.1095795 0.8904205],0.002321655159957676
282,GIRLSF2B_W29,RELIGATTEND,A few times a year,[0.14340756 0.35536959 0.50122285],0.012226294796839246
283,GIRLSF2B_W29,RELIGATTEND,More than once a week,[0.13355508 0.37646008 0.48998484],0.0029338931678274003
284,GIRLSF2B_W29,RELIGATTEND,Never,[0.1300744 0.328685  0.5412406],0.018207513223931937
285,GIRLSF2B_W29,RELIGATTEND,Once a week,[0.07859469 0.35426384 0.56714148],0.02062618176882467
286,GIRLSF2B_W29,RELIGATTEND,Once or twice a month,[0.1817278  0.35011631 0.4681559 ],0.006034873885588782
287,GIRLSF2B_W29,RELIGATTEND,Seldom,[0.06424604 0.40120468 0.53454929],0.005700181857229187
288,SEENFEM_W29,RELIGATTEND,A few times a year,[0.14388035 0.3969051  0.29926907 0.15994548],0.0003555355036816567
289,SEENFEM_W29,RELIGATTEND,More than once a week,[0.30812912 0.34567884 0.22764187 0.11855017],0.0
290,SEENFEM_W29,RELIGATTEND,Never,[0.10226783 0.29602661 0.3821227  0.21958287],0.0
291,SEENFEM_W29,RELIGATTEND,Once a week,[0.26171658 0.33553512 0.26603396 0.13671434],0.002202119883652496
292,SEENFEM_W29,RELIGATTEND,Once or twice a month,[0.25197248 0.32327537 0.27048979 0.15426236],0.005790791968198
293,SEENFEM_W29,RELIGATTEND,Seldom,[0.14042115 0.32704388 0.38457474 0.14796023],0.0
294,GOPDIRCT_W29,RELIGATTEND,A few times a year,[0.20577367 0.43748263 0.28723906 0.06950463],0.0
295,GOPDIRCT_W29,RELIGATTEND,More than once a week,[0.0919634  0.53426858 0.27166152 0.10210649],0.004365236017789612
296,GOPDIRCT_W29,RELIGATTEND,Never,[0.08998336 0.42946417 0.31632926 0.16422321],0.025091100888321595
297,GOPDIRCT_W29,RELIGATTEND,Once a week,[0.12605342 0.47116401 0.32800363 0.07477894],0.03887241725907542
298,GOPDIRCT_W29,RELIGATTEND,Once or twice a month,[0.10660844 0.46155318 0.27324586 0.15859252],0.0
299,GOPDIRCT_W29,RELIGATTEND,Seldom,[0.10511437 0.51601726 0.2950417  0.08382666],0.012312694857905905
300,DEMDIRCT_W29,RELIGATTEND,A few times a year,[0.16207836 0.5519609  0.24362712 0.04233361],0.022238695774091544
301,DEMDIRCT_W29,RELIGATTEND,More than once a week,[0.21010429 0.50993146 0.24715846 0.03280579],0.006583798880757007
302,DEMDIRCT_W29,RELIGATTEND,Never,[0.09070357 0.46288263 0.33880747 0.10760633],0.0
303,DEMDIRCT_W29,RELIGATTEND,Once a week,[0.18581984 0.56884931 0.22690192 0.01842893],0.00043515737010436613
304,DEMDIRCT_W29,RELIGATTEND,Once or twice a month,[0.17022506 0.60040763 0.13976669 0.08960062],0.005004421934435028
305,DEMDIRCT_W29,RELIGATTEND,Seldom,[0.12225811 0.50102882 0.32803569 0.04867738],0.010140391008452076
306,SPOUSESEX_W29,RELIGATTEND,A few times a year,[0.94009646 0.05990354],0.004464665526731347
307,SPOUSESEX_W29,RELIGATTEND,More than once a week,[0.982042 0.017958],0.0
308,SPOUSESEX_W29,RELIGATTEND,Never,[0.9448005 0.0551995],0.0006933833081163079
309,SPOUSESEX_W29,RELIGATTEND,Once a week,[0.97674191 0.02325809],0.00035843645014594993
310,SPOUSESEX_W29,RELIGATTEND,Once or twice a month,[0.95131734 0.04868266],0.019434455647833734
311,SPOUSESEX_W29,RELIGATTEND,Seldom,[0.94798286 0.05201714],0.0
312,FEM1F2_W29,RELIGATTEND,A few times a year,[0.34509511 0.08804087 0.56686402],0.0
313,FEM1F2_W29,RELIGATTEND,More than once a week,[0.36436846 0.11281022 0.52282132],0.012803596049840051
314,FEM1F2_W29,RELIGATTEND,Never,[0.31123644 0.12541218 0.56335138],0.00593528469823868
315,FEM1F2_W29,RELIGATTEND,Once a week,[0.29457273 0.1139293  0.59149798],0.0004009464667870184
316,FEM1F2_W29,RELIGATTEND,Once or twice a month,[0.33042855 0.09428552 0.57528593],0.0
317,FEM1F2_W29,RELIGATTEND,Seldom,[0.26622143 0.12366459 0.61011398],0.002581905875474268
318,MAN1D_W29,RELIGATTEND,A few times a year,[0.15102642 0.42572193 0.28801181 0.13523984],0.00416995616284788
319,MAN1D_W29,RELIGATTEND,More than once a week,[0.1810523  0.30366635 0.36684012 0.14844124],0.0031955563522356313
320,MAN1D_W29,RELIGATTEND,Never,[0.14775717 0.45726364 0.29614293 0.09883625],0.0032147585477607047
321,MAN1D_W29,RELIGATTEND,Once a week,[0.12367228 0.42250833 0.34329088 0.1105285 ],0.006715338983622498
322,MAN1D_W29,RELIGATTEND,Once or twice a month,[0.15370051 0.35548048 0.32213702 0.16868199],0.0
323,MAN1D_W29,RELIGATTEND,Seldom,[0.15322706 0.41053064 0.32364474 0.11259756],0.0019491497817393758
324,TRAITSA_W29,RELIGATTEND,A few times a year,[0.42635469 0.53422255 0.02991389 0.00950886],0.006143685227690178
325,TRAITSA_W29,RELIGATTEND,More than once a week,[0.40843994 0.57739951 0.01134165 0.00281889],0.007089444186065027
326,TRAITSA_W29,RELIGATTEND,Never,[0.44634776 0.47259752 0.06080709 0.02024762],0.00438653643038011
327,TRAITSA_W29,RELIGATTEND,Once a week,[0.43198661 0.52286093 0.04457138 0.00058108],0.003882220133927184
328,TRAITSA_W29,RELIGATTEND,Once or twice a month,[0.40156837 0.54684644 0.04481363 0.00677155],0.00209254647424959
329,TRAITSA_W29,RELIGATTEND,Seldom,[0.43809431 0.52112952 0.04077617 0.        ],0.008839913803172113
330,GIRLSF2C_W29,RELIGATTEND,A few times a year,[0.08646409 0.52400754 0.38952837],0.0006486238839771756
331,GIRLSF2C_W29,RELIGATTEND,More than once a week,[0.04764015 0.45286982 0.49949002],0.0023948372076890477
332,GIRLSF2C_W29,RELIGATTEND,Never,[0.06204067 0.55620851 0.38175082],0.013158102395473376
333,GIRLSF2C_W29,RELIGATTEND,Once a week,[0.02575683 0.47195698 0.5022862 ],0.005700454136240194
334,GIRLSF2C_W29,RELIGATTEND,Once or twice a month,[0.13849401 0.43670306 0.42480293],0.006573764978698801
335,GIRLSF2C_W29,RELIGATTEND,Seldom,[0.05422087 0.60678132 0.33899781],0.014159035058186668
336,TRAITSE_W29,RELIGATTEND,A few times a year,[0.17810679 0.54512014 0.24263947 0.03413359],0.006964516497840761
337,TRAITSE_W29,RELIGATTEND,More than once a week,[0.19104441 0.53073784 0.22827164 0.0499461 ],0.007239067661370141
338,TRAITSE_W29,RELIGATTEND,Never,[0.1559032  0.49602468 0.25769139 0.09038073],0.00043685217145077366
339,TRAITSE_W29,RELIGATTEND,Once a week,[0.18681205 0.53275711 0.23399327 0.04643757],0.003122673176325365
340,TRAITSE_W29,RELIGATTEND,Once or twice a month,[0.12694985 0.61826107 0.18832104 0.06646805],0.01262237664109159
341,TRAITSE_W29,RELIGATTEND,Seldom,[0.16559504 0.51662175 0.25813586 0.05964735],0.0024837727794790243
342,MESUM2_FF_W29,RELIGATTEND,A few times a year,[0.23823892 0.76176108],0.003021098596113483
343,MESUM2_FF_W29,RELIGATTEND,More than once a week,[0.18867391 0.81132609],0.03898938413055022
344,MESUM2_FF_W29,RELIGATTEND,Never,[0.45918621 0.54081379],0.02126036956252832
345,MESUM2_FF_W29,RELIGATTEND,Once a week,[0.22224351 0.77775649],0.03166767321608141
346,MESUM2_FF_W29,RELIGATTEND,Once or twice a month,[0.33947181 0.66052819],0.02573781310640808
347,MESUM2_FF_W29,RELIGATTEND,Seldom,[0.32118925 0.67881075],0.010994216980594903
348,MESUM1_FE_W29,RELIGATTEND,A few times a year,[0.6506229 0.3493771],0.009209185725760204
349,MESUM1_FE_W29,RELIGATTEND,More than once a week,[0.56314467 0.43685533],0.02785570633931693
350,MESUM1_FE_W29,RELIGATTEND,Never,[0.52032279 0.47967721],0.0
351,MESUM1_FE_W29,RELIGATTEND,Once a week,[0.55129619 0.44870381],0.030257261208114283
352,MESUM1_FE_W29,RELIGATTEND,Once or twice a month,[0.61096087 0.38903913],0.014470544562470607
353,MESUM1_FE_W29,RELIGATTEND,Seldom,[0.59582531 0.40417469],0.014666426449653523
354,PERSDISCR_W29,RELIGATTEND,A few times a year,[0.31177218 0.68822782],0.006647898773569586
355,PERSDISCR_W29,RELIGATTEND,More than once a week,[0.30479001 0.69520999],0.0032837103429914083
356,PERSDISCR_W29,RELIGATTEND,Never,[0.32737558 0.67262442],0.001248546431710619
357,PERSDISCR_W29,RELIGATTEND,Once a week,[0.23621136 0.76378864],0.004030357807312187
358,PERSDISCR_W29,RELIGATTEND,Once or twice a month,[0.29192024 0.70807976],0.0
359,PERSDISCR_W29,RELIGATTEND,Seldom,[0.34368483 0.65631517],0.0026814606000979796
360,GIRLSF2A_W29,RELIGATTEND,A few times a year,[0.10724728 0.47299663 0.41975609],0.00435600375362652
361,GIRLSF2A_W29,RELIGATTEND,More than once a week,[0.05987046 0.43085436 0.50927518],0.003317043649647479
362,GIRLSF2A_W29,RELIGATTEND,Never,[0.06336313 0.60335363 0.33328324],0.017900312764977448
363,GIRLSF2A_W29,RELIGATTEND,Once a week,[0.13664401 0.45195649 0.4113995 ],0.005700454136240194
364,GIRLSF2A_W29,RELIGATTEND,Once or twice a month,[0.13993518 0.49205799 0.36800683],0.006735519298166316
365,GIRLSF2A_W29,RELIGATTEND,Seldom,[0.06989541 0.57260272 0.35750186],0.007004862051627275
366,MASC2AF1_W29,RELIGATTEND,A few times a year,[0.66447813 0.33552187],0.016797456798987396
367,MASC2AF1_W29,RELIGATTEND,More than once a week,[0.80501492 0.19498508],0.011449257428987378
368,MASC2AF1_W29,RELIGATTEND,Never,[0.4816659 0.5183341],0.037338242534150405
369,MASC2AF1_W29,RELIGATTEND,Once a week,[0.7508478 0.2491522],0.020855487330432475
370,MASC2AF1_W29,RELIGATTEND,Once or twice a month,[0.64361623 0.35638377],0.0
371,MASC2AF1_W29,RELIGATTEND,Seldom,[0.58028045 0.41971955],0.031293435026307506
372,DIFF1D_W29,RELIGATTEND,A few times a year,[0.17142812 0.82857188],0.021285795780804456
373,DIFF1D_W29,RELIGATTEND,More than once a week,[0.12028715 0.87971285],0.0028479000987269502
374,DIFF1D_W29,RELIGATTEND,Never,[0.13966302 0.86033698],0.012627315678765043
375,DIFF1D_W29,RELIGATTEND,Once a week,[0.10379106 0.89620894],0.007646380060767956
376,DIFF1D_W29,RELIGATTEND,Once or twice a month,[0.10846179 0.89153821],0.001228048144584219
377,DIFF1D_W29,RELIGATTEND,Seldom,[0.09387333 0.90612667],0.0015784065452929485
378,HELPHURTF_W29,RELIGATTEND,A few times a year,[0.14385483 0.21537645 0.64076873],0.007981256110782445
379,HELPHURTF_W29,RELIGATTEND,More than once a week,[0.04592571 0.20491842 0.74915587],0.010764106868934892
380,HELPHURTF_W29,RELIGATTEND,Never,[0.11697602 0.19830867 0.68471531],0.00470292244861513
381,HELPHURTF_W29,RELIGATTEND,Once a week,[0.08217246 0.20474927 0.71307828],0.02462317619727398
382,HELPHURTF_W29,RELIGATTEND,Once or twice a month,[0.13352779 0.2110084  0.65546381],0.0018249575870261912
383,HELPHURTF_W29,RELIGATTEND,Seldom,[0.0696182 0.2207909 0.7095909],0.006385301574313053
384,TRANSGEND1_W29,RELIGATTEND,A few times a year,[0.51628811 0.48371189],0.0390650111448148
385,TRANSGEND1_W29,RELIGATTEND,More than once a week,[0.84282916 0.15717084],0.01926771705499226
386,TRANSGEND1_W29,RELIGATTEND,Never,[0.39531655 0.60468345],0.01300299616367001
387,TRANSGEND1_W29,RELIGATTEND,Once a week,[0.71037534 0.28962466],0.016517051768327424
388,TRANSGEND1_W29,RELIGATTEND,Once or twice a month,[0.63785476 0.36214524],0.017582123134454425
389,TRANSGEND1_W29,RELIGATTEND,Seldom,[0.50172104 0.49827896],0.012305174374413504
390,TALK_CPS_W29,RELIGATTEND,A few times a year,[0.12300808 0.34955646 0.25393256 0.06294933 0.12915272 0.08140085],0.0021769869540592445
391,TALK_CPS_W29,RELIGATTEND,More than once a week,[0.14605456 0.39276812 0.23293405 0.08236727 0.11169593 0.03418008],0.002579724947475946
392,TALK_CPS_W29,RELIGATTEND,Never,[0.08292676 0.25303367 0.25713735 0.09914593 0.19755975 0.11019654],0.005555141199918097
393,TALK_CPS_W29,RELIGATTEND,Once a week,[0.17607675 0.37816197 0.24312558 0.05433326 0.09694259 0.05135984],0.003837959882675374
394,TALK_CPS_W29,RELIGATTEND,Once or twice a month,[0.11156295 0.32883572 0.26383364 0.06474204 0.14686504 0.08416061],0.0
395,TALK_CPS_W29,RELIGATTEND,Seldom,[0.09696264 0.29810278 0.28676431 0.08230268 0.14801775 0.08784984],0.002804567949773596
396,HELPHURTD_W29,RELIGATTEND,A few times a year,[0.12530839 0.30400941 0.5706822 ],0.007981256110782445
397,HELPHURTD_W29,RELIGATTEND,More than once a week,[0.07406532 0.283516   0.64241868],0.014762226976864403
398,HELPHURTD_W29,RELIGATTEND,Never,[0.05829949 0.31994498 0.62175553],0.009062306001354404
399,HELPHURTD_W29,RELIGATTEND,Once a week,[0.05325736 0.33531598 0.61142666],0.020521215948966783
400,HELPHURTD_W29,RELIGATTEND,Once or twice a month,[0.11805235 0.25597516 0.6259725 ],0.026056302449065174
401,HELPHURTD_W29,RELIGATTEND,Seldom,[0.01977693 0.32553703 0.65468604],0.0033749236008310222
402,HELPHURTG_W29,RELIGATTEND,A few times a year,[0.29809612 0.06633637 0.63556751],0.007981256110782445
403,HELPHURTG_W29,RELIGATTEND,More than once a week,[0.19691297 0.05179009 0.75129694],0.011183766923313293
404,HELPHURTG_W29,RELIGATTEND,Never,[0.22546077 0.03769541 0.73684382],0.0031315839515250812
405,HELPHURTG_W29,RELIGATTEND,Once a week,[0.2259733  0.06362389 0.7104028 ],0.01695888839381665
406,HELPHURTG_W29,RELIGATTEND,Once or twice a month,[0.27461843 0.08333721 0.64204436],0.030250618322248353
407,HELPHURTG_W29,RELIGATTEND,Seldom,[0.20837998 0.0401947  0.75142531],0.004850381499910074
408,MESUM2_FD_W29,RELIGATTEND,A few times a year,[0.3610722 0.6389278],0.008410733737517212
409,MESUM2_FD_W29,RELIGATTEND,More than once a week,[0.347491 0.652509],0.07389207273100497
410,MESUM2_FD_W29,RELIGATTEND,Never,[0.53175079 0.46824921],0.020936141093549732
411,MESUM2_FD_W29,RELIGATTEND,Once a week,[0.35149543 0.64850457],0.012559268519577272
412,MESUM2_FD_W29,RELIGATTEND,Once or twice a month,[0.42290248 0.57709752],0.01777373151530922
413,MESUM2_FD_W29,RELIGATTEND,Seldom,[0.40704878 0.59295122],0.02566576293115088
414,WORRYBILL_W29,RELIGATTEND,A few times a year,[0.2227596  0.34417598 0.21564237 0.21742205],0.020699148943333138
415,WORRYBILL_W29,RELIGATTEND,More than once a week,[0.19669335 0.2245408  0.33736572 0.24140013],0.005431579408102471
416,WORRYBILL_W29,RELIGATTEND,Never,[0.24641798 0.24764384 0.23988186 0.26605632],8.592471591748468e-05
417,WORRYBILL_W29,RELIGATTEND,Once a week,[0.15705007 0.28260097 0.28940054 0.27094841],0.0036357067942955853
418,WORRYBILL_W29,RELIGATTEND,Once or twice a month,[0.21846374 0.28983099 0.27939871 0.21230655],0.002399808985232955
419,WORRYBILL_W29,RELIGATTEND,Seldom,[0.23089999 0.28720623 0.30956949 0.17232429],0.0015077341342885746
420,FEM2BF2_W29,RELIGATTEND,A few times a year,[0.07480799 0.92519201],0.0
421,FEM2BF2_W29,RELIGATTEND,More than once a week,[0.01731749 0.98268251],0.0
422,FEM2BF2_W29,RELIGATTEND,Never,[0.02077209 0.97922791],0.0
423,FEM2BF2_W29,RELIGATTEND,Once a week,[0.10257093 0.89742907],0.0
424,FEM2BF2_W29,RELIGATTEND,Once or twice a month,[0. 1.],0.0
425,FEM2BF2_W29,RELIGATTEND,Seldom,[0. 1.],0.0
426,DIFF1E_W29,RELIGATTEND,A few times a year,[0.67184601 0.32815399],0.016072276208834495
427,DIFF1E_W29,RELIGATTEND,More than once a week,[0.56273016 0.43726984],0.005831171085322191
428,DIFF1E_W29,RELIGATTEND,Never,[0.68535242 0.31464758],0.008385673584329924
429,DIFF1E_W29,RELIGATTEND,Once a week,[0.5628212 0.4371788],0.009833628006020612
430,DIFF1E_W29,RELIGATTEND,Once or twice a month,[0.60335744 0.39664256],0.005570798851921797
431,DIFF1E_W29,RELIGATTEND,Seldom,[0.63826116 0.36173884],0.0032953065688282536
432,TRANSGEND3_W29,RELIGATTEND,A few times a year,[0.30299649 0.37900828 0.31799523],0.01892920408757223
433,TRANSGEND3_W29,RELIGATTEND,More than once a week,[0.67715074 0.12190265 0.20094661],0.04861838212174722
434,TRANSGEND3_W29,RELIGATTEND,Never,[0.22365892 0.54486593 0.23147515],0.007699392044003276
435,TRANSGEND3_W29,RELIGATTEND,Once a week,[0.47523856 0.25415994 0.2706015 ],0.024854991970219814
436,TRANSGEND3_W29,RELIGATTEND,Once or twice a month,[0.32717352 0.31627147 0.35655501],0.018344187172584413
437,TRANSGEND3_W29,RELIGATTEND,Seldom,[0.27297997 0.43936901 0.28765102],0.01691410097712172
438,MESUM1_FB_W29,RELIGATTEND,A few times a year,[0.90798388 0.09201612],0.011805318674085213
439,MESUM1_FB_W29,RELIGATTEND,More than once a week,[0.9709301 0.0290699],0.0043877930665946335
440,MESUM1_FB_W29,RELIGATTEND,Never,[0.79080019 0.20919981],0.006747730819294029
441,MESUM1_FB_W29,RELIGATTEND,Once a week,[0.92318965 0.07681035],0.0030128967270820956
442,MESUM1_FB_W29,RELIGATTEND,Once or twice a month,[0.80758427 0.19241573],0.004206525893961675
443,MESUM1_FB_W29,RELIGATTEND,Seldom,[0.88319266 0.11680734],0.0006379265243315953
444,HOOD_NHISC_W29,RELIGATTEND,A few times a year,[0.18166957 0.42708601 0.23562802 0.1556164 ],0.0030483828790516003
445,HOOD_NHISC_W29,RELIGATTEND,More than once a week,[0.19587519 0.43733843 0.26523636 0.10155003],0.002463489661853699
446,HOOD_NHISC_W29,RELIGATTEND,Never,[0.11171935 0.35860613 0.31276971 0.21690481],0.009935991456177485
447,HOOD_NHISC_W29,RELIGATTEND,Once a week,[0.18147334 0.41271296 0.27099954 0.13481416],0.014489293711070847
448,HOOD_NHISC_W29,RELIGATTEND,Once or twice a month,[0.13532237 0.51435263 0.22985784 0.12046716],0.002128823396206624
449,HOOD_NHISC_W29,RELIGATTEND,Seldom,[0.08549344 0.41227797 0.29546943 0.20675916],0.005716069395992428
450,MASC2BF1_W29,RELIGATTEND,A few times a year,[0.19126395 0.80873605],0.020284048329882103
451,MASC2BF1_W29,RELIGATTEND,More than once a week,[0. 1.],0.0
452,MASC2BF1_W29,RELIGATTEND,Never,[0.06795475 0.93204525],0.0
453,MASC2BF1_W29,RELIGATTEND,Once a week,[0.05835492 0.94164508],0.0
454,MASC2BF1_W29,RELIGATTEND,Once or twice a month,[0.06593262 0.93406738],0.0
455,MASC2BF1_W29,RELIGATTEND,Seldom,[0.04298374 0.95701626],0.0
456,GOODJOBS_W29,RELIGATTEND,A few times a year,[0.36761447 0.63238553],0.014361266871908134
457,GOODJOBS_W29,RELIGATTEND,More than once a week,[0.38848656 0.61151344],0.01418983328882007
458,GOODJOBS_W29,RELIGATTEND,Never,[0.36329039 0.63670961],0.008734377205521376
459,GOODJOBS_W29,RELIGATTEND,Once a week,[0.41538526 0.58461474],0.01545976908454908
460,GOODJOBS_W29,RELIGATTEND,Once or twice a month,[0.41301797 0.58698203],0.0053062055616840045
461,GOODJOBS_W29,RELIGATTEND,Seldom,[0.36270702 0.63729298],0.010190269921309407
0,WORRYRET_W29,POLPARTY,Democrat,[0.32296108 0.36476163 0.20264396 0.10963334],0.0018170342754149406
1,WORRYRET_W29,POLPARTY,Independent,[0.29143013 0.31067693 0.27888925 0.11900369],0.0040376598238168904
2,WORRYRET_W29,POLPARTY,Other,[0.29043536 0.28117366 0.20155386 0.22683712],0.005229918405611308
3,WORRYRET_W29,POLPARTY,Republican,[0.27801034 0.305517   0.2793958  0.13707686],0.003256403280540721
4,BOYSF1B_W29,POLPARTY,Democrat,[0.09789928 0.66579117 0.23630955],0.008732965918664442
5,BOYSF1B_W29,POLPARTY,Independent,[0.08843995 0.61606586 0.29549419],0.01121246143014594
6,BOYSF1B_W29,POLPARTY,Other,[0.11853014 0.63413274 0.24733712],0.001017036772067073
7,BOYSF1B_W29,POLPARTY,Republican,[0.14258347 0.46566799 0.39174854],0.011353053066395724
8,TRANSGEND2_W29,POLPARTY,Democrat,[0.44207045 0.55792955],0.0016259595544759798
9,TRANSGEND2_W29,POLPARTY,Independent,[0.38327483 0.61672517],0.009995463180655889
10,TRANSGEND2_W29,POLPARTY,Other,[0.3995469 0.6004531],0.0008428008757084003
11,TRANSGEND2_W29,POLPARTY,Republican,[0.22892939 0.77107061],0.004506044916657529
12,MAN1E_W29,POLPARTY,Democrat,[0.42815687 0.45420331 0.08160703 0.03603279],0.006691346786801972
13,MAN1E_W29,POLPARTY,Independent,[0.46015811 0.42514795 0.09618189 0.01851204],0.003611813064720916
14,MAN1E_W29,POLPARTY,Other,[0.40853183 0.42130346 0.08765237 0.08251234],0.0032787419073646656
15,MAN1E_W29,POLPARTY,Republican,[0.31872547 0.48726789 0.1590086  0.03499804],0.0012872177191187858
16,MESUM2_FC_W29,POLPARTY,Democrat,[0.18038864 0.81961136],0.016135784880155966
17,MESUM2_FC_W29,POLPARTY,Independent,[0.43593766 0.56406234],0.017471615415116465
18,MESUM2_FC_W29,POLPARTY,Other,[0.51830837 0.48169163],0.0027130728274378565
19,MESUM2_FC_W29,POLPARTY,Republican,[0.74273549 0.25726451],0.019024165791590622
20,HELPHURTC_W29,POLPARTY,Democrat,[0.42412041 0.0509267  0.52495288],0.0151089648843244
21,HELPHURTC_W29,POLPARTY,Independent,[0.29381162 0.11232599 0.5938624 ],0.001316464245771967
22,HELPHURTC_W29,POLPARTY,Other,[0.33841481 0.12432058 0.53726461],0.00252987436028509
23,HELPHURTC_W29,POLPARTY,Republican,[0.127229   0.16114862 0.71162237],0.004555757349643781
24,MESUM1_FF_W29,POLPARTY,Democrat,[0.70096112 0.29903888],0.010025678420075743
25,MESUM1_FF_W29,POLPARTY,Independent,[0.66169192 0.33830808],0.009160335174087111
26,MESUM1_FF_W29,POLPARTY,Other,[0.70737649 0.29262351],0.0011555470209509376
27,MESUM1_FF_W29,POLPARTY,Republican,[0.53572032 0.46427968],0.007451031006345516
28,MESUM2_FE_W29,POLPARTY,Democrat,[0.73154117 0.26845883],0.021480491025009228
29,MESUM2_FE_W29,POLPARTY,Independent,[0.62971856 0.37028144],0.015011633264211968
30,MESUM2_FE_W29,POLPARTY,Other,[0.62682699 0.37317301],0.04929389110973704
31,MESUM2_FE_W29,POLPARTY,Republican,[0.25317823 0.74682177],0.028004270115589022
32,MESUM2_FA_W29,POLPARTY,Democrat,[0.74447022 0.25552978],0.0074769287811297614
33,MESUM2_FA_W29,POLPARTY,Independent,[0.60549934 0.39450066],0.012346132999859954
34,MESUM2_FA_W29,POLPARTY,Other,[0.58533977 0.41466023],0.0022916680201999573
35,MESUM2_FA_W29,POLPARTY,Republican,[0.40044632 0.59955368],0.02355754567744406
36,MESUM1_FD_W29,POLPARTY,Democrat,[0.39916855 0.60083145],0.01208256294207139
37,MESUM1_FD_W29,POLPARTY,Independent,[0.42205098 0.57794902],0.004066282021227717
38,MESUM1_FD_W29,POLPARTY,Other,[0.46149218 0.53850782],0.02694452109294767
39,MESUM1_FD_W29,POLPARTY,Republican,[0.5006899 0.4993101],0.00833104492110341
40,MASC1F1_W29,POLPARTY,Democrat,[0.57697845 0.04022909 0.38279246],0.002141918295242056
41,MASC1F1_W29,POLPARTY,Independent,[0.52414195 0.11267648 0.36318157],0.006487010316225231
42,MASC1F1_W29,POLPARTY,Other,[0.51825129 0.10572566 0.37602305],0.004960856920223809
43,MASC1F1_W29,POLPARTY,Republican,[0.49863542 0.07204542 0.42931916],0.0055726600111009545
44,TRAITSB_W29,POLPARTY,Democrat,[0.16637729 0.62258324 0.17141001 0.03962945],0.0036200893610850017
45,TRAITSB_W29,POLPARTY,Independent,[0.1063298  0.62511285 0.23076689 0.03779047],0.010478670926365891
46,TRAITSB_W29,POLPARTY,Other,[0.18931006 0.54190743 0.20065964 0.06812287],0.0007796423186675748
47,TRAITSB_W29,POLPARTY,Republican,[0.1208143  0.66108476 0.20197323 0.01612771],0.009357732244527189
48,BOYSF1C_W29,POLPARTY,Democrat,[0.22964832 0.3080007  0.46235098],0.010700791411928137
49,BOYSF1C_W29,POLPARTY,Independent,[0.11241256 0.38211353 0.50547391],0.01031297175669144
50,BOYSF1C_W29,POLPARTY,Other,[0.09219581 0.45960031 0.44820388],0.0016455721158516808
51,BOYSF1C_W29,POLPARTY,Republican,[0.08603873 0.48529447 0.4286668 ],0.012719787476883248
52,BLOODPR_W29,POLPARTY,Democrat,[0.36159713 0.63840287],0.0022801803301442276
53,BLOODPR_W29,POLPARTY,Independent,[0.33118954 0.66881046],0.00262840301078556
54,BLOODPR_W29,POLPARTY,Other,[0.28283717 0.71716283],0.0
55,BLOODPR_W29,POLPARTY,Republican,[0.42860993 0.57139007],0.002214889827902585
56,MAN1C_W29,POLPARTY,Democrat,[0.09378485 0.43256526 0.28193523 0.19171467],0.0005774826573390846
57,MAN1C_W29,POLPARTY,Independent,[0.1130556  0.32575515 0.36945093 0.19173832],0.00419138962669253
58,MAN1C_W29,POLPARTY,Other,[0.09834772 0.39921076 0.35223949 0.15020203],0.0
59,MAN1C_W29,POLPARTY,Republican,[0.07811045 0.30918113 0.41149151 0.2012169 ],0.005416568759146691
60,FEM2AF2_W29,POLPARTY,Democrat,[0.7893554 0.2106446],0.0107066225156087
61,FEM2AF2_W29,POLPARTY,Independent,[0.81161381 0.18838619],0.01775998799723157
62,FEM2AF2_W29,POLPARTY,Other,[0.76263823 0.23736177],0.05738653996953548
63,FEM2AF2_W29,POLPARTY,Republican,[0.9453518 0.0546482],0.00122631383812929
64,DIFF1B_W29,POLPARTY,Democrat,[0.29806205 0.70193795],0.011491991622309993
65,DIFF1B_W29,POLPARTY,Independent,[0.23994209 0.76005791],0.008249104623743874
66,DIFF1B_W29,POLPARTY,Other,[0.27272774 0.72727226],0.0
67,DIFF1B_W29,POLPARTY,Republican,[0.14037966 0.85962034],0.00761142500205712
68,DIFF1A_W29,POLPARTY,Democrat,[0.36729284 0.63270716],0.008346515723901644
69,DIFF1A_W29,POLPARTY,Independent,[0.32671303 0.67328697],0.00540893364509856
70,DIFF1A_W29,POLPARTY,Other,[0.34084173 0.65915827],0.0002658930716538785
71,DIFF1A_W29,POLPARTY,Republican,[0.21914344 0.78085656],0.010319641495792757
72,FEM2_W29,POLPARTY,Democrat,[0.33888278 0.50597198 0.14187799 0.01326725],0.0036315195518100227
73,FEM2_W29,POLPARTY,Independent,[0.27751148 0.57564287 0.14121076 0.00563488],0.00296386114956634
74,FEM2_W29,POLPARTY,Other,[0.23743886 0.54524906 0.13469207 0.08262001],0.0
75,FEM2_W29,POLPARTY,Republican,[0.35948286 0.55509217 0.07702411 0.00840087],0.0023171083490779315
76,HELPHURTE_W29,POLPARTY,Democrat,[0.26449094 0.17787972 0.55762934],0.007158705259977182
77,HELPHURTE_W29,POLPARTY,Independent,[0.27060656 0.17517709 0.55421635],0.0030524206333701525
78,HELPHURTE_W29,POLPARTY,Other,[0.22118692 0.20404143 0.57477165],0.0033439221298101353
79,HELPHURTE_W29,POLPARTY,Republican,[0.17490072 0.19711977 0.62797951],0.010559880052910827
80,PARTICIPATEC_W29,POLPARTY,Democrat,[0.13598181 0.86401819],0.004316288712510639
81,PARTICIPATEC_W29,POLPARTY,Independent,[0.13483212 0.86516788],0.005284725916204507
82,PARTICIPATEC_W29,POLPARTY,Other,[0.12552148 0.87447852],0.0027941892199297093
83,PARTICIPATEC_W29,POLPARTY,Republican,[0.11347568 0.88652432],0.00861826601753297
84,S13_W29,POLPARTY,Democrat,[0.32131888 0.37340096 0.17895158 0.04431686 0.06708857 0.01492315],0.0020688036104897205
85,S13_W29,POLPARTY,Independent,[0.28841293 0.36924713 0.19506805 0.04581286 0.07067906 0.03077996],0.0023454440278090835
86,S13_W29,POLPARTY,Other,[0.3175006  0.3029167  0.16085204 0.08060975 0.05749728 0.08062363],0.0016031304412480168
87,S13_W29,POLPARTY,Republican,[0.31541904 0.36753361 0.19896431 0.05407188 0.05113707 0.01287407],0.004568122729369037
88,GIRLSF2D_W29,POLPARTY,Democrat,[0.08018837 0.46233333 0.4574783 ],0.003808634602819758
89,GIRLSF2D_W29,POLPARTY,Independent,[0.06463386 0.39748771 0.53787843],0.012722421496714117
90,GIRLSF2D_W29,POLPARTY,Other,[0.1382333  0.43077229 0.43099441],0.0015659691924488472
91,GIRLSF2D_W29,POLPARTY,Republican,[0.03653163 0.37055188 0.5929165 ],0.012410869886369738
92,BOYSF1A_W29,POLPARTY,Democrat,[0.23516809 0.32082356 0.44400834],0.014693414304754406
93,BOYSF1A_W29,POLPARTY,Independent,[0.12657367 0.39346103 0.47996529],0.013842054081338052
94,BOYSF1A_W29,POLPARTY,Other,[0.111811   0.45147488 0.43671412],0.0
95,BOYSF1A_W29,POLPARTY,Republican,[0.0792515  0.53396373 0.38678477],0.009373695072174077
96,HELPHURTA_W29,POLPARTY,Democrat,[0.20295527 0.13099955 0.66604518],0.020045976943470753
97,HELPHURTA_W29,POLPARTY,Independent,[0.1405122  0.21063644 0.64885136],0.001793522381527464
98,HELPHURTA_W29,POLPARTY,Other,[0.1758685  0.22494146 0.59919003],0.00439291500036261
99,HELPHURTA_W29,POLPARTY,Republican,[0.05950873 0.34223269 0.59825858],0.008258666157526424
100,MAN1B_W29,POLPARTY,Democrat,[0.11360689 0.34371043 0.31226515 0.23041754],0.0007833960615190482
101,MAN1B_W29,POLPARTY,Independent,[0.11401835 0.27421009 0.38928184 0.22248972],0.01516527363400732
102,MAN1B_W29,POLPARTY,Other,[0.16868908 0.3312336  0.23159171 0.26848562],0.0
103,MAN1B_W29,POLPARTY,Republican,[0.07368929 0.23963664 0.38662016 0.3000539 ],0.002021567757336378
104,S12_W29,POLPARTY,Democrat,[0.51255011 0.22936251 0.11617678 0.03227464 0.04426026 0.0653757 ],0.003223799623107106
105,S12_W29,POLPARTY,Independent,[0.54594898 0.22751807 0.08804712 0.03374358 0.04102471 0.06371754],0.002181964690695981
106,S12_W29,POLPARTY,Other,[0.48081067 0.24350735 0.07620135 0.03533427 0.06688089 0.09726547],0.0008238330273295294
107,S12_W29,POLPARTY,Republican,[0.66665134 0.18735463 0.0805552  0.01696595 0.02762373 0.02084916],0.0008560261339822761
108,HELPHURTB_W29,POLPARTY,Democrat,[0.40961624 0.02616633 0.56421742],0.007566225065800911
109,HELPHURTB_W29,POLPARTY,Independent,[0.29274184 0.07581803 0.63144013],0.002998946616905001
110,HELPHURTB_W29,POLPARTY,Other,[0.26440083 0.06202898 0.6735702 ],0.005206962769887655
111,HELPHURTB_W29,POLPARTY,Republican,[0.20709729 0.0523666  0.7405361 ],0.0042440459195687685
112,TRAITSD_W29,POLPARTY,Democrat,[0.25986467 0.51353761 0.18738226 0.03921547],0.0019058735180212665
113,TRAITSD_W29,POLPARTY,Independent,[0.26143445 0.48213989 0.21096667 0.04545899],0.006514396610053347
114,TRAITSD_W29,POLPARTY,Other,[0.23735568 0.54089553 0.17779935 0.04394944],0.005843048586808015
115,TRAITSD_W29,POLPARTY,Republican,[0.27242208 0.51997082 0.18232032 0.02528678],0.010996999837056026
116,PARTICIPATEB_W29,POLPARTY,Democrat,[0.06962858 0.93037142],0.003489476310776821
117,PARTICIPATEB_W29,POLPARTY,Independent,[0.08973158 0.91026842],0.015181806496636854
118,PARTICIPATEB_W29,POLPARTY,Other,[0.06823632 0.93176368],0.007937396864707959
119,PARTICIPATEB_W29,POLPARTY,Republican,[0.12300108 0.87699892],0.008460609800272096
120,MESUM1_FA_W29,POLPARTY,Democrat,[0.74509868 0.25490132],0.00022612032443362378
121,MESUM1_FA_W29,POLPARTY,Independent,[0.80159474 0.19840526],0.0034266456724753556
122,MESUM1_FA_W29,POLPARTY,Other,[0.72650298 0.27349702],0.024406120189438486
123,MESUM1_FA_W29,POLPARTY,Republican,[0.87382154 0.12617846],0.01451399805778571
124,TRAITSF_W29,POLPARTY,Democrat,[0.39288262 0.4761982  0.11179939 0.0191198 ],0.0010189996560907941
125,TRAITSF_W29,POLPARTY,Independent,[0.35750754 0.46761025 0.15382236 0.02105985],0.009642379145613751
126,TRAITSF_W29,POLPARTY,Other,[0.31731097 0.48923499 0.14364542 0.04980861],0.004076483638203053
127,TRAITSF_W29,POLPARTY,Republican,[0.33471861 0.49236473 0.15166226 0.02125439],0.012436948886544535
128,NOWSMK_NHIS_W29,POLPARTY,Democrat,[0.28957793 0.15510195 0.55532012],0.0
129,NOWSMK_NHIS_W29,POLPARTY,Independent,[0.29868078 0.14711164 0.55420758],0.0008451305219071356
130,NOWSMK_NHIS_W29,POLPARTY,Other,[0.44258888 0.18176322 0.3756479 ],0.0006014221439140648
131,NOWSMK_NHIS_W29,POLPARTY,Republican,[0.3192085  0.079871   0.60092051],0.0016977235573801153
132,SEENMASC_W29,POLPARTY,Democrat,[0.11469395 0.31810847 0.3801832  0.18701439],0.0
133,SEENMASC_W29,POLPARTY,Independent,[0.06369529 0.34191343 0.412068   0.18232327],0.004303552570678785
134,SEENMASC_W29,POLPARTY,Other,[0.09247138 0.33748682 0.33242542 0.23761638],0.003734388975316473
135,SEENMASC_W29,POLPARTY,Republican,[0.10449248 0.41383091 0.35033276 0.13134385],0.0036487459567096925
136,MASC2_W29,POLPARTY,Democrat,[0.31880546 0.50240371 0.15229972 0.0264911 ],0.0027046269035432414
137,MASC2_W29,POLPARTY,Independent,[0.25741341 0.58243922 0.15110185 0.00904552],0.004207802646217656
138,MASC2_W29,POLPARTY,Other,[0.24558083 0.54892501 0.19375919 0.01173497],0.0
139,MASC2_W29,POLPARTY,Republican,[0.39889641 0.5233342  0.07588682 0.00188257],0.003419095080436459
140,HOOD_NHISB_W29,POLPARTY,Democrat,[0.25699037 0.49980803 0.15913161 0.08406999],0.007979132334028523
141,HOOD_NHISB_W29,POLPARTY,Independent,[0.29260384 0.48726664 0.13105627 0.08907324],0.002930023100226035
142,HOOD_NHISB_W29,POLPARTY,Other,[0.20196274 0.43081202 0.23976906 0.12745618],0.003986983104525662
143,HOOD_NHISB_W29,POLPARTY,Republican,[0.38850163 0.47388243 0.08396278 0.05365315],0.006585678749978592
144,FAVORS_CPS_W29,POLPARTY,Democrat,[0.03453254 0.1027407  0.1886527  0.11851597 0.2104888  0.34506929],0.0010478011825999275
145,FAVORS_CPS_W29,POLPARTY,Independent,[0.01093093 0.09330499 0.16908906 0.11759997 0.29518577 0.31388928],0.004346376112734306
146,FAVORS_CPS_W29,POLPARTY,Other,[0.03139417 0.08580327 0.13340088 0.11481621 0.2816786  0.35290689],0.0
147,FAVORS_CPS_W29,POLPARTY,Republican,[0.02107194 0.12518405 0.23813918 0.09389451 0.29029128 0.23141903],0.004661958987194636
148,HOOD_NHISA_W29,POLPARTY,Democrat,[0.31880255 0.425212   0.1638743  0.09211115],0.0037428183782781533
149,HOOD_NHISA_W29,POLPARTY,Independent,[0.36342556 0.38392555 0.14704008 0.10560881],0.0033474994510403447
150,HOOD_NHISA_W29,POLPARTY,Other,[0.2169959  0.41400152 0.20545249 0.16355009],0.0006131301811967072
151,HOOD_NHISA_W29,POLPARTY,Republican,[0.45203544 0.39261024 0.08551266 0.06984165],0.003580237239267276
152,S7_W29,POLPARTY,Democrat,[0.13294922 0.86705078],0.0007100890543555494
153,S7_W29,POLPARTY,Independent,[0.12524638 0.87475362],0.007084210185101869
154,S7_W29,POLPARTY,Other,[0.11486574 0.88513426],0.00045242674161505135
155,S7_W29,POLPARTY,Republican,[0.17520257 0.82479743],0.0014388326721777223
156,MAN1A_W29,POLPARTY,Democrat,[0.35532301 0.41793324 0.17477371 0.05197005],0.0009724270587066223
157,MAN1A_W29,POLPARTY,Independent,[0.22388078 0.45829183 0.28245387 0.03537351],0.005788370032608028
158,MAN1A_W29,POLPARTY,Other,[0.28620495 0.3737238  0.33248519 0.00758606],0.0012835006798639717
159,MAN1A_W29,POLPARTY,Republican,[0.23928465 0.45569004 0.27405347 0.03097184],0.0009770795323652546
160,DIFF1C_W29,POLPARTY,Democrat,[0.359584 0.640416],0.01135727937479702
161,DIFF1C_W29,POLPARTY,Independent,[0.34664456 0.65335544],0.004611594231987594
162,DIFF1C_W29,POLPARTY,Other,[0.40052781 0.59947219],0.0
163,DIFF1C_W29,POLPARTY,Republican,[0.30290806 0.69709194],0.009374115774913119
164,TRAITSC_W29,POLPARTY,Democrat,[0.43781545 0.43385276 0.10490386 0.02342793],0.0012362157045848392
165,TRAITSC_W29,POLPARTY,Independent,[0.3473923  0.44830398 0.17435846 0.02994526],0.0023686202737057053
166,TRAITSC_W29,POLPARTY,Other,[0.32004914 0.46385518 0.17637178 0.0397239 ],0.0006131301811967072
167,TRAITSC_W29,POLPARTY,Republican,[0.35201985 0.48839617 0.14450144 0.01508253],0.017123974236664775
168,LOCALELECT_W29,POLPARTY,Democrat,[0.36631635 0.28450316 0.14405185 0.20512864],0.004324178698185419
169,LOCALELECT_W29,POLPARTY,Independent,[0.29234704 0.29084185 0.16375699 0.25305412],0.007790529012921947
170,LOCALELECT_W29,POLPARTY,Other,[0.17960414 0.20601685 0.17040987 0.44396914],0.0
171,LOCALELECT_W29,POLPARTY,Republican,[0.43607009 0.31702809 0.10651396 0.14038786],0.007377843933816788
172,BOYSF1D_W29,POLPARTY,Democrat,[0.10699926 0.48589737 0.40710337],0.007239303224326021
173,BOYSF1D_W29,POLPARTY,Independent,[0.04980824 0.52407369 0.42611807],0.011090539437800884
174,BOYSF1D_W29,POLPARTY,Other,[0.05395934 0.48717034 0.45887032],0.0
175,BOYSF1D_W29,POLPARTY,Republican,[0.03906003 0.58478587 0.3761541 ],0.009373695072174077
176,MESUM2_FB_W29,POLPARTY,Democrat,[0.63879438 0.36120562],0.015167697301448176
177,MESUM2_FB_W29,POLPARTY,Independent,[0.71815267 0.28184733],0.006670586212963024
178,MESUM2_FB_W29,POLPARTY,Other,[0.75165949 0.24834051],0.005670467866992164
179,MESUM2_FB_W29,POLPARTY,Republican,[0.95876436 0.04123564],0.012706754483232106
180,MESUM1_FC_W29,POLPARTY,Democrat,[0.76428528 0.23571472],0.012429546165275446
181,MESUM1_FC_W29,POLPARTY,Independent,[0.76889004 0.23110996],0.008954263189858553
182,MESUM1_FC_W29,POLPARTY,Other,[0.75658198 0.24341802],0.000501120245363618
183,MESUM1_FC_W29,POLPARTY,Republican,[0.79055346 0.20944654],0.0029642854459899937
184,PARTICIPATEA_W29,POLPARTY,Democrat,[0.13541105 0.86458895],0.00356526879905395
185,PARTICIPATEA_W29,POLPARTY,Independent,[0.14165838 0.85834162],0.007751567154479004
186,PARTICIPATEA_W29,POLPARTY,Other,[0.14074354 0.85925646],0.005118328841379796
187,PARTICIPATEA_W29,POLPARTY,Republican,[0.16136489 0.83863511],0.0012299183298490205
188,GIRLSF2B_W29,POLPARTY,Democrat,[0.07952653 0.43226158 0.4882119 ],0.004226269606733184
189,GIRLSF2B_W29,POLPARTY,Independent,[0.1200653  0.29244225 0.58749245],0.017096383843825298
190,GIRLSF2B_W29,POLPARTY,Other,[0.14828962 0.3789673  0.47274308],0.0018714178195248763
191,GIRLSF2B_W29,POLPARTY,Republican,[0.11776077 0.33521782 0.54702141],0.018054853996029283
192,SEENFEM_W29,POLPARTY,Democrat,[0.18408828 0.33406023 0.34469705 0.13715444],0.0012105721035916282
193,SEENFEM_W29,POLPARTY,Independent,[0.14642596 0.35655758 0.35940669 0.13760978],0.0002166711655796409
194,SEENFEM_W29,POLPARTY,Other,[0.11952499 0.3289112  0.27269826 0.27886555],0.0
195,SEENFEM_W29,POLPARTY,Republican,[0.25238708 0.31476182 0.28103469 0.15181642],0.0023171083490779315
196,GOPDIRCT_W29,POLPARTY,Independent,[0.05881803 0.35485266 0.43483917 0.15149014],0.009944888912166711
197,GOPDIRCT_W29,POLPARTY,Other,[0.05968737 0.45868526 0.32800908 0.15361828],0.05026539209369648
198,GOPDIRCT_W29,POLPARTY,Republican,[0.17231865 0.53991326 0.22530069 0.0624674 ],0.0041170993623104776
199,DEMDIRCT_W29,POLPARTY,Democrat,[0.20745968 0.57898431 0.19665749 0.01689852],0.008221427376580229
200,DEMDIRCT_W29,POLPARTY,Independent,[0.03464172 0.45881551 0.42763949 0.07890329],0.00045916123618524836
201,DEMDIRCT_W29,POLPARTY,Other,[0.03580827 0.3665458  0.37620589 0.22144005],0.0
202,SPOUSESEX_W29,POLPARTY,Democrat,[0.93721804 0.06278196],0.004306873536915429
203,SPOUSESEX_W29,POLPARTY,Independent,[0.96535128 0.03464872],0.00021140308170664124
204,SPOUSESEX_W29,POLPARTY,Other,[0.89134091 0.10865909],0.009379517383820023
205,SPOUSESEX_W29,POLPARTY,Republican,[0.98806588 0.01193412],0.0
206,FEM1F2_W29,POLPARTY,Democrat,[0.3140367  0.11307707 0.57288623],0.0
207,FEM1F2_W29,POLPARTY,Independent,[0.29848339 0.1367969  0.56471971],0.00268440794892725
208,FEM1F2_W29,POLPARTY,Other,[0.29581523 0.10776234 0.59642243],0.0
209,FEM1F2_W29,POLPARTY,Republican,[0.3265241  0.09000406 0.58347183],0.006540399831960497
210,MAN1D_W29,POLPARTY,Democrat,[0.17353145 0.38866374 0.31171346 0.12609136],0.0017801826182357928
211,MAN1D_W29,POLPARTY,Independent,[0.15385012 0.42700785 0.31169266 0.10744937],0.004567897405709581
212,MAN1D_W29,POLPARTY,Other,[0.12872217 0.50187298 0.25814259 0.11126225],0.004155457708387085
213,MAN1D_W29,POLPARTY,Republican,[0.11074754 0.41768525 0.34906682 0.12250039],0.0009770795323652546
214,TRAITSA_W29,POLPARTY,Democrat,[0.47628732 0.47477292 0.04393669 0.00500307],0.004252463713339759
215,TRAITSA_W29,POLPARTY,Independent,[0.45177482 0.49815686 0.04632848 0.00373983],0.0063500201577621
216,TRAITSA_W29,POLPARTY,Other,[0.42955631 0.49181971 0.05459636 0.02402762],0.0003327739349346613
217,TRAITSA_W29,POLPARTY,Republican,[0.35934215 0.60844736 0.0272069  0.0050036 ],0.009596741325705272
218,GIRLSF2C_W29,POLPARTY,Democrat,[0.04884435 0.5879794  0.36317624],0.003995403618503948
219,GIRLSF2C_W29,POLPARTY,Independent,[0.05564843 0.58540188 0.35894969],0.009997664008850903
220,GIRLSF2C_W29,POLPARTY,Other,[0.12560734 0.51521792 0.35917474],0.0013090580339809488
221,GIRLSF2C_W29,POLPARTY,Republican,[0.05568977 0.40910479 0.53520544],0.015008100167318052
222,TRAITSE_W29,POLPARTY,Democrat,[0.1898826  0.47502181 0.27797435 0.05712124],0.00199182510775139
223,TRAITSE_W29,POLPARTY,Independent,[0.14384866 0.5617358  0.2235396  0.07087593],0.0029239553386300786
224,TRAITSE_W29,POLPARTY,Other,[0.17103789 0.55440959 0.21146686 0.06308565],0.006584183079266126
225,TRAITSE_W29,POLPARTY,Republican,[0.16691984 0.55273846 0.22895491 0.05138679],0.006886737325108204
226,MESUM2_FF_W29,POLPARTY,Democrat,[0.45463219 0.54536781],0.026134612016793495
227,MESUM2_FF_W29,POLPARTY,Independent,[0.32012884 0.67987116],0.01603154788508566
228,MESUM2_FF_W29,POLPARTY,Other,[0.32680655 0.67319345],0.004697958394173489
229,MESUM2_FF_W29,POLPARTY,Republican,[0.124609 0.875391],0.017400188435710146
230,MESUM1_FE_W29,POLPARTY,Democrat,[0.64977055 0.35022945],0.014913235754287432
231,MESUM1_FE_W29,POLPARTY,Independent,[0.52175885 0.47824115],0.022523553672701344
232,MESUM1_FE_W29,POLPARTY,Other,[0.57702504 0.42297496],0.009846285003696033
233,MESUM1_FE_W29,POLPARTY,Republican,[0.55607786 0.44392214],0.007350865468743656
234,PERSDISCR_W29,POLPARTY,Democrat,[0.34251964 0.65748036],0.002651087635391697
235,PERSDISCR_W29,POLPARTY,Independent,[0.33960722 0.66039278],0.003040102237556565
236,PERSDISCR_W29,POLPARTY,Other,[0.32637412 0.67362588],0.0014470278596292584
237,PERSDISCR_W29,POLPARTY,Republican,[0.23108585 0.76891415],0.0027808190278917513
238,GIRLSF2A_W29,POLPARTY,Democrat,[0.0899767  0.59730716 0.31271614],0.005717679982954808
239,GIRLSF2A_W29,POLPARTY,Independent,[0.08510002 0.53820622 0.37669375],0.011877151024827979
240,GIRLSF2A_W29,POLPARTY,Other,[0.1071972  0.57103668 0.32176612],0.0011651636574296982
241,GIRLSF2A_W29,POLPARTY,Republican,[0.08909016 0.39147589 0.51943395],0.011106192809349788
242,MASC2AF1_W29,POLPARTY,Democrat,[0.54664976 0.45335024],0.021528738939101975
243,MASC2AF1_W29,POLPARTY,Independent,[0.58726667 0.41273333],0.040776449414852825
244,MASC2AF1_W29,POLPARTY,Other,[0.55631028 0.44368972],0.006054162889953045
245,MASC2AF1_W29,POLPARTY,Republican,[0.80282821 0.19717179],0.0188641600032949
246,DIFF1D_W29,POLPARTY,Democrat,[0.14862882 0.85137118],0.011658554165158977
247,DIFF1D_W29,POLPARTY,Independent,[0.10187272 0.89812728],0.009074835624336176
248,DIFF1D_W29,POLPARTY,Other,[0.16030403 0.83969597],0.0
249,DIFF1D_W29,POLPARTY,Republican,[0.0974025 0.9025975],0.007656166637955566
250,HELPHURTF_W29,POLPARTY,Democrat,[0.12140244 0.14167403 0.73692353],0.012789736371711016
251,HELPHURTF_W29,POLPARTY,Independent,[0.09078162 0.22499227 0.6842261 ],0.005295388536454452
252,HELPHURTF_W29,POLPARTY,Other,[0.11680973 0.158419   0.72477127],0.00252987436028509
253,HELPHURTF_W29,POLPARTY,Republican,[0.07305755 0.31789826 0.6090442 ],0.011363066189216581
254,TRANSGEND1_W29,POLPARTY,Democrat,[0.36391283 0.63608717],0.028456238690369194
255,TRANSGEND1_W29,POLPARTY,Independent,[0.516354 0.483646],0.012974965918852072
256,TRANSGEND1_W29,POLPARTY,Other,[0.5229092 0.4770908],0.005890748547196371
257,TRANSGEND1_W29,POLPARTY,Republican,[0.8418984 0.1581016],0.01595131735839058
258,TALK_CPS_W29,POLPARTY,Democrat,[0.16405797 0.29518148 0.26077503 0.06318545 0.13805641 0.07874365],0.0024352310192663523
259,TALK_CPS_W29,POLPARTY,Independent,[0.07871813 0.32202691 0.27054486 0.070207   0.16781934 0.09068376],0.0028774927535363095
260,TALK_CPS_W29,POLPARTY,Other,[0.07792423 0.21588922 0.2401298  0.149967   0.18059298 0.13549677],0.0017355883754600712
261,TALK_CPS_W29,POLPARTY,Republican,[0.11802315 0.41416248 0.2562859  0.06457623 0.10610553 0.04084671],0.004732618052469021
262,HELPHURTD_W29,POLPARTY,Democrat,[0.07101638 0.22951202 0.6994716 ],0.020650147104342625
263,HELPHURTD_W29,POLPARTY,Independent,[0.05545993 0.33969571 0.60484436],0.004822713992355798
264,HELPHURTD_W29,POLPARTY,Other,[0.07683866 0.31565103 0.60751031],0.003938440336985507
265,HELPHURTD_W29,POLPARTY,Republican,[0.06183536 0.37589331 0.56227133],0.010212305839148679
266,HELPHURTG_W29,POLPARTY,Democrat,[0.19996234 0.04247868 0.75755898],0.01579972304365019
267,HELPHURTG_W29,POLPARTY,Independent,[0.24727213 0.05340518 0.69932269],0.0025254511036056134
268,HELPHURTG_W29,POLPARTY,Other,[0.22079611 0.05919947 0.72000442],0.0033439221298101353
269,HELPHURTG_W29,POLPARTY,Republican,[0.27681595 0.0596031  0.66358095],0.013175566758467117
270,MESUM2_FD_W29,POLPARTY,Democrat,[0.73618888 0.26381112],0.026360437413935574
271,MESUM2_FD_W29,POLPARTY,Independent,[0.36132149 0.63867851],0.029460753711518833
272,MESUM2_FD_W29,POLPARTY,Other,[0.44368732 0.55631268],0.004807775429225271
273,MESUM2_FD_W29,POLPARTY,Republican,[0.08155844 0.91844156],0.017933736222554793
274,WORRYBILL_W29,POLPARTY,Democrat,[0.24773905 0.31416057 0.25886621 0.17923417],0.000652870536697389
275,WORRYBILL_W29,POLPARTY,Independent,[0.21000021 0.26318494 0.3135471  0.21326775],0.003925194479902989
276,WORRYBILL_W29,POLPARTY,Other,[0.26190709 0.22340429 0.23303212 0.28165649],0.015753625657183273
277,WORRYBILL_W29,POLPARTY,Republican,[0.15490579 0.28677129 0.28111968 0.27720324],0.004544539885199958
278,FEM2BF2_W29,POLPARTY,Democrat,[0.02611846 0.97388154],0.0
279,FEM2BF2_W29,POLPARTY,Independent,[0.00972306 0.99027694],0.0
280,FEM2BF2_W29,POLPARTY,Other,[0. 1.],0.0
281,FEM2BF2_W29,POLPARTY,Republican,[0.112925 0.887075],0.0
282,DIFF1E_W29,POLPARTY,Democrat,[0.68103981 0.31896019],0.011898090063985612
283,DIFF1E_W29,POLPARTY,Independent,[0.66213287 0.33786713],0.004025717182919403
284,DIFF1E_W29,POLPARTY,Other,[0.61983721 0.38016279],0.0021061701292636606
285,DIFF1E_W29,POLPARTY,Republican,[0.55987512 0.44012488],0.009699472263785317
286,TRANSGEND3_W29,POLPARTY,Democrat,[0.14928981 0.5914994  0.25921079],0.007781431951106525
287,TRANSGEND3_W29,POLPARTY,Independent,[0.29384535 0.40708481 0.29906984],0.014800576174836039
288,TRANSGEND3_W29,POLPARTY,Other,[0.27211079 0.42902976 0.29885945],0.017225492238819015
289,TRANSGEND3_W29,POLPARTY,Republican,[0.64384606 0.09301072 0.26314322],0.029516361340674386
290,MESUM1_FB_W29,POLPARTY,Democrat,[0.92920429 0.07079571],0.008589626849652586
291,MESUM1_FB_W29,POLPARTY,Independent,[0.87009262 0.12990738],0.0012016514238082383
292,MESUM1_FB_W29,POLPARTY,Other,[0.78357295 0.21642705],0.0022418903815485023
293,MESUM1_FB_W29,POLPARTY,Republican,[0.86040236 0.13959764],0.005941603492041397
294,HOOD_NHISC_W29,POLPARTY,Democrat,[0.12976173 0.39764933 0.28132426 0.19126468],0.0056437744866866665
295,HOOD_NHISC_W29,POLPARTY,Independent,[0.1133535  0.37742332 0.32671611 0.18250707],0.0036459747268113886
296,HOOD_NHISC_W29,POLPARTY,Other,[0.13016397 0.37043072 0.27375694 0.22564837],0.0018564586038136777
297,HOOD_NHISC_W29,POLPARTY,Republican,[0.17589356 0.51390781 0.21189367 0.09830496],0.007005083594999651
298,MASC2BF1_W29,POLPARTY,Democrat,[0.30414957 0.69585043],0.0
299,MASC2BF1_W29,POLPARTY,Independent,[0.02928748 0.97071252],0.0
300,MASC2BF1_W29,POLPARTY,Other,[0. 1.],0.00907714381022418
301,MASC2BF1_W29,POLPARTY,Republican,[0.05187624 0.94812376],0.00764240273231647
302,GOODJOBS_W29,POLPARTY,Democrat,[0.3811929 0.6188071],0.012799414426114373
303,GOODJOBS_W29,POLPARTY,Independent,[0.35464893 0.64535107],0.006102313224829177
304,GOODJOBS_W29,POLPARTY,Other,[0.35621061 0.64378939],0.0021749292848454995
305,GOODJOBS_W29,POLPARTY,Republican,[0.43065033 0.56934967],0.020345060765601566
0,WORRYRET_W29,INCOME,"$100,000 or more",[0.15361985 0.32458656 0.3356903  0.18610329],0.0013179136987211942
1,WORRYRET_W29,INCOME,"$30,000-$50,000",[0.2674963  0.38039547 0.2486938  0.10341443],0.003914694001849445
2,WORRYRET_W29,INCOME,"$50,000-$75,000",[0.28478305 0.31573949 0.26585227 0.13362519],0.0025683189869819766
3,WORRYRET_W29,INCOME,"$75,000-$100,000",[0.1759691  0.4173039  0.28438279 0.12234421],0.00023579052556890756
4,WORRYRET_W29,INCOME,"Less than $30,000",[0.44121621 0.25576042 0.16814402 0.13487935],0.0036949900390392033
5,BOYSF1B_W29,INCOME,"$100,000 or more",[0.11006359 0.56747606 0.32246035],0.00805279113118246
6,BOYSF1B_W29,INCOME,"$30,000-$50,000",[0.07550025 0.62948965 0.2950101 ],0.006995535037890355
7,BOYSF1B_W29,INCOME,"$50,000-$75,000",[0.14150911 0.54854325 0.30994764],0.005149046569154919
8,BOYSF1B_W29,INCOME,"$75,000-$100,000",[0.13246713 0.55736361 0.31016926],0.0019777822678852205
9,BOYSF1B_W29,INCOME,"Less than $30,000",[0.10991907 0.63045531 0.25962562],0.012743510328819907
10,TRANSGEND2_W29,INCOME,"$100,000 or more",[0.36535259 0.63464741],0.006819433299563041
11,TRANSGEND2_W29,INCOME,"$30,000-$50,000",[0.32820389 0.67179611],0.0
12,TRANSGEND2_W29,INCOME,"$50,000-$75,000",[0.35409301 0.64590699],0.012680255209410355
13,TRANSGEND2_W29,INCOME,"$75,000-$100,000",[0.38915725 0.61084275],0.0009528130265844771
14,TRANSGEND2_W29,INCOME,"Less than $30,000",[0.4087215 0.5912785],0.004217409869450213
15,MAN1E_W29,INCOME,"$100,000 or more",[0.34600933 0.48296309 0.11783286 0.05319471],0.0042909621507259245
16,MAN1E_W29,INCOME,"$30,000-$50,000",[0.40669196 0.43305997 0.13729298 0.0229551 ],0.0004875791527597666
17,MAN1E_W29,INCOME,"$50,000-$75,000",[0.30926111 0.59282169 0.0685264  0.0293908 ],0.004889454324958629
18,MAN1E_W29,INCOME,"$75,000-$100,000",[0.38933405 0.41000705 0.14697969 0.05367921],0.0101738037314326
19,MAN1E_W29,INCOME,"Less than $30,000",[0.53285897 0.3469756  0.08755094 0.0326145 ],0.0014963033839168805
20,MESUM2_FC_W29,INCOME,"$100,000 or more",[0.44503986 0.55496014],0.01067072957906126
21,MESUM2_FC_W29,INCOME,"$30,000-$50,000",[0.42832746 0.57167254],0.00873753258175383
22,MESUM2_FC_W29,INCOME,"$50,000-$75,000",[0.40999571 0.59000429],0.011277595060139114
23,MESUM2_FC_W29,INCOME,"$75,000-$100,000",[0.42980531 0.57019469],0.0253447691017272
24,MESUM2_FC_W29,INCOME,"Less than $30,000",[0.47611515 0.52388485],0.02065970841050825
25,HELPHURTC_W29,INCOME,"$100,000 or more",[0.28342693 0.1554739  0.56109916],0.00794622868247543
26,HELPHURTC_W29,INCOME,"$30,000-$50,000",[0.30909256 0.09389345 0.59701399],0.0030925975358085784
27,HELPHURTC_W29,INCOME,"$50,000-$75,000",[0.29939027 0.0679352  0.63267453],0.003539173727354469
28,HELPHURTC_W29,INCOME,"$75,000-$100,000",[0.26468419 0.14452847 0.59078734],0.007689789382763978
29,HELPHURTC_W29,INCOME,"Less than $30,000",[0.33428173 0.0905896  0.57512867],0.010347643243349837
30,MESUM1_FF_W29,INCOME,"$100,000 or more",[0.72706315 0.27293685],0.007788442855237518
31,MESUM1_FF_W29,INCOME,"$30,000-$50,000",[0.64722168 0.35277832],0.00229158129217051
32,MESUM1_FF_W29,INCOME,"$50,000-$75,000",[0.67146678 0.32853322],0.001823572685937064
33,MESUM1_FF_W29,INCOME,"$75,000-$100,000",[0.70765405 0.29234595],0.008297984408374908
34,MESUM1_FF_W29,INCOME,"Less than $30,000",[0.58687923 0.41312077],0.010850195474877046
35,MESUM2_FE_W29,INCOME,"$100,000 or more",[0.63054655 0.36945345],0.02797636096259659
36,MESUM2_FE_W29,INCOME,"$30,000-$50,000",[0.54110845 0.45889155],0.0075908980519617366
37,MESUM2_FE_W29,INCOME,"$50,000-$75,000",[0.53475013 0.46524987],0.008457566049763448
38,MESUM2_FE_W29,INCOME,"$75,000-$100,000",[0.61711251 0.38288749],0.03556221383029614
39,MESUM2_FE_W29,INCOME,"Less than $30,000",[0.54613099 0.45386901],0.037729543485322564
40,MESUM2_FA_W29,INCOME,"$100,000 or more",[0.63102589 0.36897411],0.003763485963397294
41,MESUM2_FA_W29,INCOME,"$30,000-$50,000",[0.51695469 0.48304531],0.01239423890511366
42,MESUM2_FA_W29,INCOME,"$50,000-$75,000",[0.56778724 0.43221276],0.0035293450466689115
43,MESUM2_FA_W29,INCOME,"$75,000-$100,000",[0.60118017 0.39881983],0.027379316260123823
44,MESUM2_FA_W29,INCOME,"Less than $30,000",[0.61658273 0.38341727],0.015720482818341163
45,MESUM1_FD_W29,INCOME,"$100,000 or more",[0.31264547 0.68735453],0.004061333084929744
46,MESUM1_FD_W29,INCOME,"$30,000-$50,000",[0.54433787 0.45566213],0.012012069657703222
47,MESUM1_FD_W29,INCOME,"$50,000-$75,000",[0.44300793 0.55699207],0.008557105734581207
48,MESUM1_FD_W29,INCOME,"$75,000-$100,000",[0.46011037 0.53988963],0.013518391294405505
49,MESUM1_FD_W29,INCOME,"Less than $30,000",[0.45583235 0.54416765],0.0131799675693208
50,MASC1F1_W29,INCOME,"$100,000 or more",[0.50131333 0.11373331 0.38495336],0.0064365768386966645
51,MASC1F1_W29,INCOME,"$30,000-$50,000",[0.53654581 0.10300676 0.36044743],0.003495458165580064
52,MASC1F1_W29,INCOME,"$50,000-$75,000",[0.49793338 0.07092585 0.43114077],0.004223485935720048
53,MASC1F1_W29,INCOME,"$75,000-$100,000",[0.53213309 0.08134556 0.38652135],0.0011287471792999404
54,MASC1F1_W29,INCOME,"Less than $30,000",[0.56979812 0.05309543 0.37710645],0.011078646258105701
55,TRAITSB_W29,INCOME,"$100,000 or more",[0.10452511 0.70023125 0.18079902 0.01444461],0.006045055927397291
56,TRAITSB_W29,INCOME,"$30,000-$50,000",[0.10370008 0.67576046 0.20019081 0.02034866],0.006245253624677559
57,TRAITSB_W29,INCOME,"$50,000-$75,000",[0.13199906 0.62211988 0.23424826 0.0116328 ],0.004044424391171312
58,TRAITSB_W29,INCOME,"$75,000-$100,000",[0.10676713 0.68127283 0.17075396 0.04120609],0.0003252221072449127
59,TRAITSB_W29,INCOME,"Less than $30,000",[0.19880579 0.51872011 0.21057908 0.07189501],0.00831602173056233
60,BOYSF1C_W29,INCOME,"$100,000 or more",[0.11130435 0.38392958 0.50476607],0.010843992617206656
61,BOYSF1C_W29,INCOME,"$30,000-$50,000",[0.17621036 0.39894651 0.42484313],0.007163648276476959
62,BOYSF1C_W29,INCOME,"$50,000-$75,000",[0.09966209 0.39744447 0.50289344],0.006060819836551613
63,BOYSF1C_W29,INCOME,"$75,000-$100,000",[0.12193937 0.36373812 0.51432252],0.002092477357934467
64,BOYSF1C_W29,INCOME,"Less than $30,000",[0.16413657 0.41181989 0.42404355],0.013288920809958032
65,BLOODPR_W29,INCOME,"$100,000 or more",[0.26865081 0.73134919],0.0
66,BLOODPR_W29,INCOME,"$30,000-$50,000",[0.41050939 0.58949061],0.0023618678078855017
67,BLOODPR_W29,INCOME,"$50,000-$75,000",[0.33600777 0.66399223],0.004026090301035025
68,BLOODPR_W29,INCOME,"$75,000-$100,000",[0.32893959 0.67106041],0.0
69,BLOODPR_W29,INCOME,"Less than $30,000",[0.38945581 0.61054419],0.0027953599195266825
70,MAN1C_W29,INCOME,"$100,000 or more",[0.05238628 0.26565761 0.44174096 0.24021515],0.003768428343297422
71,MAN1C_W29,INCOME,"$30,000-$50,000",[0.08337684 0.38056926 0.34738932 0.18866458],0.0015254085594174412
72,MAN1C_W29,INCOME,"$50,000-$75,000",[0.07418781 0.41692811 0.38516512 0.12371897],0.004889454324958629
73,MAN1C_W29,INCOME,"$75,000-$100,000",[0.08933056 0.31809723 0.40017075 0.19240146],0.0090672621883544
74,MAN1C_W29,INCOME,"Less than $30,000",[0.16680483 0.3961856  0.25758551 0.17942405],0.0
75,FEM2AF2_W29,INCOME,"$100,000 or more",[0.78577441 0.21422559],0.008446240374087432
76,FEM2AF2_W29,INCOME,"$30,000-$50,000",[0.83180194 0.16819806],0.0615488881693781
77,FEM2AF2_W29,INCOME,"$50,000-$75,000",[0.8073302 0.1926698],0.007023291387576158
78,FEM2AF2_W29,INCOME,"$75,000-$100,000",[0.77364279 0.22635721],0.028175536930621442
79,FEM2AF2_W29,INCOME,"Less than $30,000",[0.88946616 0.11053384],0.002570398100683672
80,DIFF1B_W29,INCOME,"$100,000 or more",[0.21057145 0.78942855],0.009725043044209255
81,DIFF1B_W29,INCOME,"$30,000-$50,000",[0.21990932 0.78009068],0.005061001670742042
82,DIFF1B_W29,INCOME,"$50,000-$75,000",[0.18074438 0.81925562],0.009939765764521057
83,DIFF1B_W29,INCOME,"$75,000-$100,000",[0.21621733 0.78378267],0.0025256736225500063
84,DIFF1B_W29,INCOME,"Less than $30,000",[0.30112098 0.69887902],0.013531698146121053
85,DIFF1A_W29,INCOME,"$100,000 or more",[0.3004761 0.6995239],0.007584248895383124
86,DIFF1A_W29,INCOME,"$30,000-$50,000",[0.34700082 0.65299918],0.0017059241603801327
87,DIFF1A_W29,INCOME,"$50,000-$75,000",[0.29017562 0.70982438],0.017834613304016495
88,DIFF1A_W29,INCOME,"$75,000-$100,000",[0.28302402 0.71697598],0.0015916824946682728
89,DIFF1A_W29,INCOME,"Less than $30,000",[0.31849551 0.68150449],0.006286904773027394
90,FEM2_W29,INCOME,"$100,000 or more",[0.1812689  0.66655128 0.1489834  0.00319642],0.0008535232171860412
91,FEM2_W29,INCOME,"$30,000-$50,000",[0.31213746 0.52288769 0.14355055 0.0214243 ],0.0031201695434715303
92,FEM2_W29,INCOME,"$50,000-$75,000",[0.35796872 0.49204063 0.14377767 0.00621298],0.004071695790596542
93,FEM2_W29,INCOME,"$75,000-$100,000",[0.25388983 0.62619394 0.10951982 0.01039642],0.0019216153249599565
94,FEM2_W29,INCOME,"Less than $30,000",[0.33488128 0.5232418  0.10927921 0.0325977 ],0.0030847460917946858
95,HELPHURTE_W29,INCOME,"$100,000 or more",[0.284882  0.1223314 0.5927866],0.008394866458450117
96,HELPHURTE_W29,INCOME,"$30,000-$50,000",[0.21099612 0.19322673 0.59577715],0.0046440013289503765
97,HELPHURTE_W29,INCOME,"$50,000-$75,000",[0.24542249 0.17308928 0.58148823],0.0051290618150579914
98,HELPHURTE_W29,INCOME,"$75,000-$100,000",[0.19782415 0.19295584 0.60922001],0.014394599460349355
99,HELPHURTE_W29,INCOME,"Less than $30,000",[0.24942562 0.2239407  0.52663368],0.0038396759227267985
100,PARTICIPATEC_W29,INCOME,"$100,000 or more",[0.21866873 0.78133127],0.008301772809035669
101,PARTICIPATEC_W29,INCOME,"$30,000-$50,000",[0.11647453 0.88352547],0.008552299398406195
102,PARTICIPATEC_W29,INCOME,"$50,000-$75,000",[0.09592353 0.90407647],0.0022426596356456057
103,PARTICIPATEC_W29,INCOME,"$75,000-$100,000",[0.16387654 0.83612346],0.0015358757469385107
104,PARTICIPATEC_W29,INCOME,"Less than $30,000",[0.09688088 0.90311912],0.0071945223126066654
105,S13_W29,INCOME,"$100,000 or more",[0.31322213 0.36313037 0.22240653 0.0439713  0.05234302 0.00492665],0.005923780724750603
106,S13_W29,INCOME,"$30,000-$50,000",[0.32346497 0.34888666 0.19046189 0.06018803 0.05625397 0.02074447],0.00021992915976118863
107,S13_W29,INCOME,"$50,000-$75,000",[0.30375495 0.38092965 0.20502244 0.05242088 0.0433243  0.01454777],0.009619983093071044
108,S13_W29,INCOME,"$75,000-$100,000",[0.32158023 0.37590723 0.21072712 0.04204652 0.04491725 0.00482166],0.0
109,S13_W29,INCOME,"Less than $30,000",[0.29413397 0.35200332 0.15120893 0.05814851 0.08103669 0.06346859],0.0010887040550317144
110,GIRLSF2D_W29,INCOME,"$100,000 or more",[0.04732579 0.3456351  0.60703911],0.0062900898548457805
111,GIRLSF2D_W29,INCOME,"$30,000-$50,000",[0.06539617 0.50697093 0.4276329 ],0.010524780131403726
112,GIRLSF2D_W29,INCOME,"$50,000-$75,000",[0.08659465 0.38527901 0.52812634],0.0075067021698641
113,GIRLSF2D_W29,INCOME,"$75,000-$100,000",[0.05335713 0.42771526 0.51892761],0.007685604310481525
114,GIRLSF2D_W29,INCOME,"Less than $30,000",[0.08963896 0.42585609 0.48450494],0.006655077011391379
115,BOYSF1A_W29,INCOME,"$100,000 or more",[0.12113694 0.38760622 0.49125684],0.00940963365190259
116,BOYSF1A_W29,INCOME,"$30,000-$50,000",[0.17461765 0.43545662 0.38992573],0.007133578803797752
117,BOYSF1A_W29,INCOME,"$50,000-$75,000",[0.16800215 0.44077142 0.39122643],0.022552596275667636
118,BOYSF1A_W29,INCOME,"$75,000-$100,000",[0.11357289 0.40638195 0.48004515],0.0010825041445281095
119,BOYSF1A_W29,INCOME,"Less than $30,000",[0.14994599 0.40761982 0.44243419],0.010845447756413294
120,HELPHURTA_W29,INCOME,"$100,000 or more",[0.17650846 0.15977102 0.66372052],0.00912326017854054
121,HELPHURTA_W29,INCOME,"$30,000-$50,000",[0.11943667 0.24315622 0.63740711],0.007467379753674952
122,HELPHURTA_W29,INCOME,"$50,000-$75,000",[0.14804353 0.25047631 0.60148016],0.0030827058489017295
123,HELPHURTA_W29,INCOME,"$75,000-$100,000",[0.11148075 0.17337081 0.71514844],0.008819659578623759
124,HELPHURTA_W29,INCOME,"Less than $30,000",[0.16567237 0.24236608 0.59196155],0.016061340058117875
125,MAN1B_W29,INCOME,"$100,000 or more",[0.05184559 0.25297537 0.39156058 0.30361846],0.004154463537266066
126,MAN1B_W29,INCOME,"$30,000-$50,000",[0.11519163 0.33720079 0.29581032 0.25179726],0.0015254085594174412
127,MAN1B_W29,INCOME,"$50,000-$75,000",[0.07709299 0.35557235 0.34175552 0.22557913],0.004022777633820946
128,MAN1B_W29,INCOME,"$75,000-$100,000",[0.08200145 0.31818601 0.38026965 0.21954289],0.0005786120309015056
129,MAN1B_W29,INCOME,"Less than $30,000",[0.19056737 0.25877133 0.32882785 0.22183345],0.013356691160861302
130,S12_W29,INCOME,"$100,000 or more",[0.65844954 0.23190439 0.04684904 0.01989519 0.02232189 0.02057995],0.0031673796297811336
131,S12_W29,INCOME,"$30,000-$50,000",[0.53748924 0.1895561  0.085442   0.0438307  0.07274344 0.07093852],0.0008342048284255598
132,S12_W29,INCOME,"$50,000-$75,000",[0.58834485 0.22005713 0.10572861 0.0239049  0.02534786 0.03661665],0.004701322934672758
133,S12_W29,INCOME,"$75,000-$100,000",[0.62054255 0.29032088 0.04800357 0.01606268 0.01677566 0.00829467],0.0
134,S12_W29,INCOME,"Less than $30,000",[0.45391488 0.20856498 0.14228439 0.03476964 0.04998947 0.11047665],0.0022448420706426787
135,HELPHURTB_W29,INCOME,"$100,000 or more",[0.32499213 0.05615047 0.6188574 ],0.00720179020406541
136,HELPHURTB_W29,INCOME,"$30,000-$50,000",[0.28231351 0.04294261 0.67474387],0.006270135995676509
137,HELPHURTB_W29,INCOME,"$50,000-$75,000",[0.30520301 0.05134223 0.64345476],0.003539173727354469
138,HELPHURTB_W29,INCOME,"$75,000-$100,000",[0.32229472 0.03173944 0.64596584],0.008245317718703822
139,HELPHURTB_W29,INCOME,"Less than $30,000",[0.29848692 0.06575655 0.63575653],0.0038361541333704046
140,TRAITSD_W29,INCOME,"$100,000 or more",[0.32733883 0.46154649 0.19567555 0.01543913],0.004204119526063712
141,TRAITSD_W29,INCOME,"$30,000-$50,000",[0.22209092 0.57192019 0.18100129 0.0249876 ],0.00601351096334626
142,TRAITSD_W29,INCOME,"$50,000-$75,000",[0.2206011  0.5132758  0.22329534 0.04282776],0.0023892473620490155
143,TRAITSD_W29,INCOME,"$75,000-$100,000",[0.2586952  0.51278113 0.19088371 0.03763995],0.0011559005877199715
144,TRAITSD_W29,INCOME,"Less than $30,000",[0.26354948 0.48832449 0.19196527 0.05616075],0.010737025409153672
145,PARTICIPATEB_W29,INCOME,"$100,000 or more",[0.11321942 0.88678058],0.01978531354656588
146,PARTICIPATEB_W29,INCOME,"$30,000-$50,000",[0.10157715 0.89842285],0.006412084866316263
147,PARTICIPATEB_W29,INCOME,"$50,000-$75,000",[0.09025838 0.90974162],0.006773220307193474
148,PARTICIPATEB_W29,INCOME,"$75,000-$100,000",[0.0840456 0.9159544],0.0013723698838365244
149,PARTICIPATEB_W29,INCOME,"Less than $30,000",[0.06564585 0.93435415],0.008230717655093138
150,MESUM1_FA_W29,INCOME,"$100,000 or more",[0.79636523 0.20363477],0.00845103095818197
151,MESUM1_FA_W29,INCOME,"$30,000-$50,000",[0.83031875 0.16968125],0.016882782224686414
152,MESUM1_FA_W29,INCOME,"$50,000-$75,000",[0.77112519 0.22887481],0.00039496319744334755
153,MESUM1_FA_W29,INCOME,"$75,000-$100,000",[0.78901277 0.21098723],0.0034138866633329494
154,MESUM1_FA_W29,INCOME,"Less than $30,000",[0.76937675 0.23062325],0.010614299093572203
155,TRAITSF_W29,INCOME,"$100,000 or more",[0.30073614 0.46420497 0.20957755 0.02548135],0.003415376285550338
156,TRAITSF_W29,INCOME,"$30,000-$50,000",[0.32591    0.49472192 0.15302625 0.02634183],0.00601351096334626
157,TRAITSF_W29,INCOME,"$50,000-$75,000",[0.31357308 0.54308829 0.11951326 0.02382537],0.004697860866971533
158,TRAITSF_W29,INCOME,"$75,000-$100,000",[0.33309647 0.49406938 0.16340248 0.00943167],0.0011559005877199715
159,TRAITSF_W29,INCOME,"Less than $30,000",[0.43685111 0.43265858 0.10091266 0.02957765],0.011047931691191124
160,NOWSMK_NHIS_W29,INCOME,"$100,000 or more",[0.16745126 0.11371537 0.71883338],0.0
161,NOWSMK_NHIS_W29,INCOME,"$30,000-$50,000",[0.36309535 0.09051042 0.54639423],0.0
162,NOWSMK_NHIS_W29,INCOME,"$50,000-$75,000",[0.26673209 0.1449586  0.58830931],0.0005407159352062922
163,NOWSMK_NHIS_W29,INCOME,"$75,000-$100,000",[0.13174526 0.15589913 0.71235561],0.0070648401741447465
164,NOWSMK_NHIS_W29,INCOME,"Less than $30,000",[0.45052073 0.15970205 0.38977722],0.0
165,SEENMASC_W29,INCOME,"$100,000 or more",[0.08494971 0.38656783 0.31812247 0.21035999],0.006661230334070134
166,SEENMASC_W29,INCOME,"$30,000-$50,000",[0.10383975 0.3480398  0.40425176 0.1438687 ],0.0
167,SEENMASC_W29,INCOME,"$50,000-$75,000",[0.07721408 0.39379931 0.38913747 0.13984914],0.011148762614057834
168,SEENMASC_W29,INCOME,"$75,000-$100,000",[0.06203167 0.38952037 0.39242085 0.15602711],0.0
169,SEENMASC_W29,INCOME,"Less than $30,000",[0.11479818 0.31256132 0.36345848 0.20918203],0.0
170,MASC2_W29,INCOME,"$100,000 or more",[0.31427189 0.54299986 0.14114866 0.00157959],0.0035910803807939
171,MASC2_W29,INCOME,"$30,000-$50,000",[0.32503025 0.55622287 0.11406264 0.00468424],0.0037047307234318234
172,MASC2_W29,INCOME,"$50,000-$75,000",[0.2612921  0.62987469 0.10801454 0.00081867],0.004022777633820947
173,MASC2_W29,INCOME,"$75,000-$100,000",[0.28253202 0.57802788 0.1227987  0.01664141],0.0005720518576403785
174,MASC2_W29,INCOME,"Less than $30,000",[0.33896382 0.44694654 0.18745661 0.02663303],0.010664781002701419
175,HOOD_NHISB_W29,INCOME,"$100,000 or more",[0.42733485 0.46521558 0.05570688 0.05174268],0.0042761239457890215
176,HOOD_NHISB_W29,INCOME,"$30,000-$50,000",[0.24335876 0.4875865  0.20153534 0.0675194 ],0.006738279842054414
177,HOOD_NHISB_W29,INCOME,"$50,000-$75,000",[0.35744818 0.45962033 0.12154711 0.06138438],0.008048453819287319
178,HOOD_NHISB_W29,INCOME,"$75,000-$100,000",[0.35724091 0.51734364 0.09465079 0.03076467],0.0046754298110100396
179,HOOD_NHISB_W29,INCOME,"Less than $30,000",[0.19839817 0.48150844 0.17560782 0.14448557],0.004170519508327653
180,FAVORS_CPS_W29,INCOME,"$100,000 or more",[0.01115912 0.09470675 0.20320644 0.1294119  0.33726023 0.22425557],0.003140303585222595
181,FAVORS_CPS_W29,INCOME,"$30,000-$50,000",[0.02481237 0.11624678 0.17576829 0.12076776 0.25099281 0.31141198],0.0
182,FAVORS_CPS_W29,INCOME,"$50,000-$75,000",[0.00593007 0.08711781 0.20795313 0.1204767  0.29722955 0.28129272],0.002509654315592578
183,FAVORS_CPS_W29,INCOME,"$75,000-$100,000",[0.01387451 0.09597777 0.2274149  0.13448372 0.28790788 0.24034122],0.001837044592826756
184,FAVORS_CPS_W29,INCOME,"Less than $30,000",[0.04351529 0.11467141 0.16036878 0.07660239 0.20616685 0.39867527],0.004732882594416005
185,HOOD_NHISA_W29,INCOME,"$100,000 or more",[0.45770515 0.37227674 0.11514604 0.05487206],0.003694629032780488
186,HOOD_NHISA_W29,INCOME,"$30,000-$50,000",[0.3240606  0.4034816  0.17764253 0.09481528],0.004461066087513789
187,HOOD_NHISA_W29,INCOME,"$50,000-$75,000",[0.36701077 0.42102053 0.11717978 0.09478892],0.0029752754217023773
188,HOOD_NHISA_W29,INCOME,"$75,000-$100,000",[0.42575899 0.39630598 0.14707424 0.03086079],0.005091115620795679
189,HOOD_NHISA_W29,INCOME,"Less than $30,000",[0.26515849 0.41770564 0.14921108 0.16792479],0.0028952657626329236
190,S7_W29,INCOME,"$100,000 or more",[0.23175371 0.76824629],0.0033966937854870115
191,S7_W29,INCOME,"$30,000-$50,000",[0.13061397 0.86938603],0.0029272269218698693
192,S7_W29,INCOME,"$50,000-$75,000",[0.14487632 0.85512368],0.0022426596356456057
193,S7_W29,INCOME,"$75,000-$100,000",[0.17757204 0.82242796],0.002198654399985458
194,S7_W29,INCOME,"Less than $30,000",[0.07224362 0.92775638],0.004443710030429075
195,MAN1A_W29,INCOME,"$100,000 or more",[0.20895293 0.47455041 0.27296237 0.04353429],0.004067263736648586
196,MAN1A_W29,INCOME,"$30,000-$50,000",[0.3527636  0.37033136 0.25151447 0.02539057],0.001151540333581781
197,MAN1A_W29,INCOME,"$50,000-$75,000",[0.2207164  0.49117227 0.2280467  0.06006464],0.004359300847275802
198,MAN1A_W29,INCOME,"$75,000-$100,000",[0.18612999 0.48006257 0.2945023  0.03930514],0.007389303107954118
199,MAN1A_W29,INCOME,"Less than $30,000",[0.36450049 0.35981961 0.26014636 0.01553354],0.0
200,DIFF1C_W29,INCOME,"$100,000 or more",[0.36420871 0.63579129],0.006807884268146323
201,DIFF1C_W29,INCOME,"$30,000-$50,000",[0.30335807 0.69664193],0.007845649997086273
202,DIFF1C_W29,INCOME,"$50,000-$75,000",[0.331016 0.668984],0.009722011250611513
203,DIFF1C_W29,INCOME,"$75,000-$100,000",[0.36720671 0.63279329],0.002195616179895277
204,DIFF1C_W29,INCOME,"Less than $30,000",[0.35682543 0.64317457],0.008941277162972008
205,TRAITSC_W29,INCOME,"$100,000 or more",[0.2956234  0.49336034 0.19135358 0.01966268],0.005757838091081373
206,TRAITSC_W29,INCOME,"$30,000-$50,000",[0.38330173 0.46853359 0.13732381 0.01084087],0.004691818705917737
207,TRAITSC_W29,INCOME,"$50,000-$75,000",[0.36105743 0.49358789 0.12671645 0.01863823],0.0055556569617274815
208,TRAITSC_W29,INCOME,"$75,000-$100,000",[0.30856346 0.46612303 0.2086775  0.016636  ],0.003033087825757023
209,TRAITSC_W29,INCOME,"Less than $30,000",[0.43053405 0.40915936 0.11498734 0.04531925],0.008412048599239868
210,LOCALELECT_W29,INCOME,"$100,000 or more",[0.42928927 0.30870476 0.11659816 0.1454078 ],0.0018949125850353681
211,LOCALELECT_W29,INCOME,"$30,000-$50,000",[0.29668461 0.301151   0.14913364 0.25303075],0.004126426744304066
212,LOCALELECT_W29,INCOME,"$50,000-$75,000",[0.37322969 0.35395158 0.13289663 0.1399221 ],0.0024360362010066414
213,LOCALELECT_W29,INCOME,"$75,000-$100,000",[0.43026429 0.27338129 0.1330518  0.16330262],0.0
214,LOCALELECT_W29,INCOME,"Less than $30,000",[0.24880254 0.21882909 0.16230413 0.37006425],0.013228031656116912
215,BOYSF1D_W29,INCOME,"$100,000 or more",[0.04052395 0.54932499 0.41015107],0.005894764049418305
216,BOYSF1D_W29,INCOME,"$30,000-$50,000",[0.06753593 0.53801253 0.39445154],0.006570369471156143
217,BOYSF1D_W29,INCOME,"$50,000-$75,000",[0.07374536 0.53774839 0.38850625],0.006644866636836993
218,BOYSF1D_W29,INCOME,"$75,000-$100,000",[0.03863798 0.52686026 0.43450176],0.0010825041445281095
219,BOYSF1D_W29,INCOME,"Less than $30,000",[0.08175012 0.4847271  0.43352279],0.010640193104383267
220,MESUM2_FB_W29,INCOME,"$100,000 or more",[0.71534774 0.28465226],0.014333038471064102
221,MESUM2_FB_W29,INCOME,"$30,000-$50,000",[0.76694567 0.23305433],0.0006211871385002789
222,MESUM2_FB_W29,INCOME,"$50,000-$75,000",[0.74835291 0.25164709],0.004120143031553134
223,MESUM2_FB_W29,INCOME,"$75,000-$100,000",[0.79878558 0.20121442],0.01553966109626729
224,MESUM2_FB_W29,INCOME,"Less than $30,000",[0.77245025 0.22754975],0.017206367270723714
225,MESUM1_FC_W29,INCOME,"$100,000 or more",[0.80363923 0.19636077],0.006800079581474632
226,MESUM1_FC_W29,INCOME,"$30,000-$50,000",[0.82977331 0.17022669],0.009958860123663515
227,MESUM1_FC_W29,INCOME,"$50,000-$75,000",[0.7985152 0.2014848],0.0009303144066070148
228,MESUM1_FC_W29,INCOME,"$75,000-$100,000",[0.79534073 0.20465927],0.003449759130604143
229,MESUM1_FC_W29,INCOME,"Less than $30,000",[0.70783611 0.29216389],0.009819173408589411
230,PARTICIPATEA_W29,INCOME,"$100,000 or more",[0.21429033 0.78570967],0.0023960151639021133
231,PARTICIPATEA_W29,INCOME,"$30,000-$50,000",[0.11510395 0.88489605],0.003794033124299062
232,PARTICIPATEA_W29,INCOME,"$50,000-$75,000",[0.13402761 0.86597239],0.007162572936835322
233,PARTICIPATEA_W29,INCOME,"$75,000-$100,000",[0.15536501 0.84463499],0.0013889781621124872
234,PARTICIPATEA_W29,INCOME,"Less than $30,000",[0.12521154 0.87478846],0.006522812932935535
235,GIRLSF2B_W29,INCOME,"$100,000 or more",[0.09913807 0.26822813 0.6326338 ],0.006671205910301232
236,GIRLSF2B_W29,INCOME,"$30,000-$50,000",[0.1110559  0.41402879 0.47491531],0.019875428045289335
237,GIRLSF2B_W29,INCOME,"$50,000-$75,000",[0.13500958 0.3144238  0.55056661],0.0027342269443378616
238,GIRLSF2B_W29,INCOME,"$75,000-$100,000",[0.14135825 0.29945004 0.55919171],0.00633715451433744
239,GIRLSF2B_W29,INCOME,"Less than $30,000",[0.10498757 0.42194828 0.47306415],0.012031724544321764
240,SEENFEM_W29,INCOME,"$100,000 or more",[0.10874798 0.3869039  0.37804364 0.12630448],0.0
241,SEENFEM_W29,INCOME,"$30,000-$50,000",[0.15738028 0.3050229  0.32501614 0.21258068],0.0002761392039457976
242,SEENFEM_W29,INCOME,"$50,000-$75,000",[0.2080293  0.33480743 0.32930892 0.12785435],0.004071695790596542
243,SEENFEM_W29,INCOME,"$75,000-$100,000",[0.14359881 0.37725771 0.37904162 0.10010185],0.0
244,SEENFEM_W29,INCOME,"Less than $30,000",[0.21100812 0.3217322  0.29254212 0.17471756],0.0011121543067518734
245,GOPDIRCT_W29,INCOME,"$100,000 or more",[0.03848867 0.39210524 0.43762371 0.13178238],0.0008842553410710668
246,GOPDIRCT_W29,INCOME,"$30,000-$50,000",[0.16964163 0.48827725 0.24178016 0.10030095],0.01364889472517123
247,GOPDIRCT_W29,INCOME,"$50,000-$75,000",[0.11736536 0.4960396  0.30484433 0.0817507 ],0.0
248,GOPDIRCT_W29,INCOME,"$75,000-$100,000",[0.09381771 0.41491647 0.32914553 0.16212029],0.0026224473263814006
249,GOPDIRCT_W29,INCOME,"Less than $30,000",[0.1760645  0.55784272 0.21288268 0.05321009],0.025370713297862734
250,DEMDIRCT_W29,INCOME,"$100,000 or more",[0.0380287  0.53189873 0.32331446 0.10675811],0.003045165382827541
251,DEMDIRCT_W29,INCOME,"$30,000-$50,000",[0.13089042 0.50710263 0.32251754 0.03948941],0.000685241377995012
252,DEMDIRCT_W29,INCOME,"$50,000-$75,000",[0.12370848 0.52067968 0.31754725 0.03806459],0.00034785310037742525
253,DEMDIRCT_W29,INCOME,"$75,000-$100,000",[0.07373091 0.53558476 0.35039604 0.0402883 ],0.0
254,DEMDIRCT_W29,INCOME,"Less than $30,000",[0.20190149 0.49270491 0.2253992  0.0799944 ],0.017914335509540823
255,SPOUSESEX_W29,INCOME,"$100,000 or more",[0.98024068 0.01975932],0.0027637252221635565
256,SPOUSESEX_W29,INCOME,"$30,000-$50,000",[0.95968595 0.04031405],0.00041745124582595437
257,SPOUSESEX_W29,INCOME,"$50,000-$75,000",[0.95585462 0.04414538],0.000857244522170702
258,SPOUSESEX_W29,INCOME,"$75,000-$100,000",[0.94398129 0.05601871],0.005149811232565205
259,SPOUSESEX_W29,INCOME,"Less than $30,000",[0.91656165 0.08343835],0.008165984585141069
260,FEM1F2_W29,INCOME,"$100,000 or more",[0.28125845 0.09625703 0.62248453],0.003774626102318079
261,FEM1F2_W29,INCOME,"$30,000-$50,000",[0.28612543 0.15711902 0.55675555],0.0075357706088353205
262,FEM1F2_W29,INCOME,"$50,000-$75,000",[0.33070901 0.08161684 0.58767415],0.0016234021650879413
263,FEM1F2_W29,INCOME,"$75,000-$100,000",[0.31553011 0.1318071  0.55266279],0.0
264,FEM1F2_W29,INCOME,"Less than $30,000",[0.33389666 0.10896717 0.55713616],0.00020244590607000965
265,MAN1D_W29,INCOME,"$100,000 or more",[0.08743976 0.40963205 0.34373485 0.15919334],0.003768428343297422
266,MAN1D_W29,INCOME,"$30,000-$50,000",[0.16446203 0.46345727 0.268785   0.10329571],0.002503080544101867
267,MAN1D_W29,INCOME,"$50,000-$75,000",[0.14944618 0.39090224 0.36111967 0.09853191],0.006139345485995455
268,MAN1D_W29,INCOME,"$75,000-$100,000",[0.09742346 0.41144608 0.37774198 0.11338847],0.0020564960735502363
269,MAN1D_W29,INCOME,"Less than $30,000",[0.20490142 0.41218951 0.27156111 0.11134796],0.00170579434912168
270,TRAITSA_W29,INCOME,"$100,000 or more",[0.56024923 0.41708865 0.01885676 0.00380536],0.008314106693484008
271,TRAITSA_W29,INCOME,"$30,000-$50,000",[0.35999208 0.59723766 0.04277026 0.        ],0.00400400956223975
272,TRAITSA_W29,INCOME,"$50,000-$75,000",[0.41740736 0.55339888 0.02596153 0.00323222],0.005348668129174036
273,TRAITSA_W29,INCOME,"$75,000-$100,000",[0.4264029  0.53874198 0.02985418 0.00500094],0.0013079651762018
274,TRAITSA_W29,INCOME,"Less than $30,000",[0.42824648 0.48547907 0.06889396 0.01738049],0.005805466727865611
275,GIRLSF2C_W29,INCOME,"$100,000 or more",[0.04861543 0.52330469 0.42807987],0.005807609145669911
276,GIRLSF2C_W29,INCOME,"$30,000-$50,000",[0.08128815 0.59027594 0.3284359 ],0.014721688834592303
277,GIRLSF2C_W29,INCOME,"$50,000-$75,000",[0.07324001 0.55365797 0.37310203],0.002260411010976062
278,GIRLSF2C_W29,INCOME,"$75,000-$100,000",[0.05172626 0.53646759 0.41180615],0.006042271311291283
279,GIRLSF2C_W29,INCOME,"Less than $30,000",[0.06870532 0.4888593  0.44243538],0.006204952656072678
280,TRAITSE_W29,INCOME,"$100,000 or more",[0.15867999 0.55557503 0.24512307 0.04062191],0.004435810419410473
281,TRAITSE_W29,INCOME,"$30,000-$50,000",[0.16265336 0.54605772 0.23272786 0.05856106],0.0009983611775040797
282,TRAITSE_W29,INCOME,"$50,000-$75,000",[0.13459509 0.60676617 0.20978584 0.0488529 ],0.0043089239751209815
283,TRAITSE_W29,INCOME,"$75,000-$100,000",[0.17777171 0.56282671 0.21618449 0.04321708],0.0015878865936456911
284,TRAITSE_W29,INCOME,"Less than $30,000",[0.18985595 0.45420622 0.27058232 0.08535551],0.0057261303195682975
285,MESUM2_FF_W29,INCOME,"$100,000 or more",[0.38027888 0.61972112],0.005644338444654249
286,MESUM2_FF_W29,INCOME,"$30,000-$50,000",[0.30023309 0.69976691],0.012491568858494997
287,MESUM2_FF_W29,INCOME,"$50,000-$75,000",[0.28337683 0.71662317],0.0034173613687374636
288,MESUM2_FF_W29,INCOME,"$75,000-$100,000",[0.32792327 0.67207673],0.030904448674908692
289,MESUM2_FF_W29,INCOME,"Less than $30,000",[0.30984857 0.69015143],0.025793852488927765
290,MESUM1_FE_W29,INCOME,"$100,000 or more",[0.65260035 0.34739965],0.000988855909939862
291,MESUM1_FE_W29,INCOME,"$30,000-$50,000",[0.66810366 0.33189634],0.011677940910937785
292,MESUM1_FE_W29,INCOME,"$50,000-$75,000",[0.55911192 0.44088808],0.019145150069656742
293,MESUM1_FE_W29,INCOME,"$75,000-$100,000",[0.62505583 0.37494417],0.019851790164120225
294,MESUM1_FE_W29,INCOME,"Less than $30,000",[0.4983316 0.5016684],0.015962929637987053
295,PERSDISCR_W29,INCOME,"$100,000 or more",[0.36400418 0.63599582],0.0017883055600552832
296,PERSDISCR_W29,INCOME,"$30,000-$50,000",[0.29766367 0.70233633],0.0033745279209575177
297,PERSDISCR_W29,INCOME,"$50,000-$75,000",[0.32531521 0.67468479],0.0
298,PERSDISCR_W29,INCOME,"$75,000-$100,000",[0.29899983 0.70100017],0.010624955692623686
299,PERSDISCR_W29,INCOME,"Less than $30,000",[0.2978839 0.7021161],0.002140793725757421
300,GIRLSF2A_W29,INCOME,"$100,000 or more",[0.06347436 0.51544473 0.4210809 ],0.010067358455663264
301,GIRLSF2A_W29,INCOME,"$30,000-$50,000",[0.05489431 0.56318539 0.3819203 ],0.006408708002692281
302,GIRLSF2A_W29,INCOME,"$50,000-$75,000",[0.07925458 0.52188516 0.39886026],0.00038672096052400957
303,GIRLSF2A_W29,INCOME,"$75,000-$100,000",[0.10357304 0.54901188 0.34741508],0.01901506761076473
304,GIRLSF2A_W29,INCOME,"Less than $30,000",[0.12334969 0.51826481 0.3583855 ],0.006204952656072677
305,MASC2AF1_W29,INCOME,"$100,000 or more",[0.50474628 0.49525372],0.04007807609895432
306,MASC2AF1_W29,INCOME,"$30,000-$50,000",[0.6560473 0.3439527],0.011044787770958377
307,MASC2AF1_W29,INCOME,"$50,000-$75,000",[0.65897844 0.34102156],0.035065777460650004
308,MASC2AF1_W29,INCOME,"$75,000-$100,000",[0.62861679 0.37138321],0.012567596018625359
309,MASC2AF1_W29,INCOME,"Less than $30,000",[0.62358321 0.37641679],0.015308671761032351
310,DIFF1D_W29,INCOME,"$100,000 or more",[0.09357665 0.90642335],0.008163887022395991
311,DIFF1D_W29,INCOME,"$30,000-$50,000",[0.10417675 0.89582325],0.006058531550550686
312,DIFF1D_W29,INCOME,"$50,000-$75,000",[0.12573663 0.87426337],0.015364857903747555
313,DIFF1D_W29,INCOME,"$75,000-$100,000",[0.12215313 0.87784687],0.0013921423576279636
314,DIFF1D_W29,INCOME,"Less than $30,000",[0.15348676 0.84651324],0.011570772177783637
315,HELPHURTF_W29,INCOME,"$100,000 or more",[0.10378743 0.17473395 0.72147863],0.006835007736193231
316,HELPHURTF_W29,INCOME,"$30,000-$50,000",[0.10317054 0.24246861 0.65436084],0.006805017024805518
317,HELPHURTF_W29,INCOME,"$50,000-$75,000",[0.06244752 0.25206527 0.68548721],0.006968432667832513
318,HELPHURTF_W29,INCOME,"$75,000-$100,000",[0.05122718 0.22402021 0.72475261],0.013284469109262035
319,HELPHURTF_W29,INCOME,"Less than $30,000",[0.14598775 0.18221491 0.67179734],0.010788944106514117
320,TRANSGEND1_W29,INCOME,"$100,000 or more",[0.51336954 0.48663046],0.00734351342525149
321,TRANSGEND1_W29,INCOME,"$30,000-$50,000",[0.57395889 0.42604111],0.019794012947285725
322,TRANSGEND1_W29,INCOME,"$50,000-$75,000",[0.58912096 0.41087904],0.0029168361535456084
323,TRANSGEND1_W29,INCOME,"$75,000-$100,000",[0.54150858 0.45849142],0.02689074390333473
324,TRANSGEND1_W29,INCOME,"Less than $30,000",[0.54181877 0.45818123],0.02868800124191296
325,TALK_CPS_W29,INCOME,"$100,000 or more",[0.07039593 0.3507015  0.31095487 0.07489464 0.14416557 0.04888749],0.004011293427628397
326,TALK_CPS_W29,INCOME,"$30,000-$50,000",[0.10788765 0.32160408 0.25246107 0.10811646 0.14329844 0.0666323 ],0.0006037834797632529
327,TALK_CPS_W29,INCOME,"$50,000-$75,000",[0.080587   0.32398017 0.33062746 0.06437607 0.11889999 0.08152929],0.0030624398154797203
328,TALK_CPS_W29,INCOME,"$75,000-$100,000",[0.10211742 0.34762459 0.28867976 0.09500531 0.1278222  0.03875071],0.0021706096008789716
329,TALK_CPS_W29,INCOME,"Less than $30,000",[0.15695273 0.29011894 0.19615365 0.05912102 0.17447301 0.12318065],0.005111406741608549
330,HELPHURTD_W29,INCOME,"$100,000 or more",[0.0406129  0.28693593 0.67245117],0.007693620603387942
331,HELPHURTD_W29,INCOME,"$30,000-$50,000",[0.06369505 0.31213209 0.62417285],0.012387811155163948
332,HELPHURTD_W29,INCOME,"$50,000-$75,000",[0.03600973 0.36557999 0.59841029],0.007777304067028172
333,HELPHURTD_W29,INCOME,"$75,000-$100,000",[0.01227301 0.31883976 0.66888723],0.014394599460349355
334,HELPHURTD_W29,INCOME,"Less than $30,000",[0.12610679 0.29250721 0.581386  ],0.013653956967414449
335,HELPHURTG_W29,INCOME,"$100,000 or more",[0.26679627 0.01830773 0.714896  ],0.00901257384873201
336,HELPHURTG_W29,INCOME,"$30,000-$50,000",[0.21429653 0.05903793 0.72666554],0.008873556036906361
337,HELPHURTG_W29,INCOME,"$50,000-$75,000",[0.2384999  0.04608685 0.71541325],0.0051290618150579914
338,HELPHURTG_W29,INCOME,"$75,000-$100,000",[0.17609276 0.08687284 0.7370344 ],0.015294230925051543
339,HELPHURTG_W29,INCOME,"Less than $30,000",[0.25807888 0.06017929 0.68174183],0.010586458897771722
340,MESUM2_FD_W29,INCOME,"$100,000 or more",[0.43156676 0.56843324],0.01429560478786803
341,MESUM2_FD_W29,INCOME,"$30,000-$50,000",[0.39797216 0.60202784],0.023885120224313345
342,MESUM2_FD_W29,INCOME,"$50,000-$75,000",[0.3607603 0.6392397],0.021061081602513413
343,MESUM2_FD_W29,INCOME,"$75,000-$100,000",[0.32721166 0.67278834],0.025735695869926366
344,MESUM2_FD_W29,INCOME,"Less than $30,000",[0.46739566 0.53260434],0.02146828234120151
345,WORRYBILL_W29,INCOME,"$100,000 or more",[0.0650051  0.13909491 0.36058854 0.43531144],0.0037790561950284567
346,WORRYBILL_W29,INCOME,"$30,000-$50,000",[0.19074898 0.32595785 0.29293429 0.19035888],0.004333306276993751
347,WORRYBILL_W29,INCOME,"$50,000-$75,000",[0.14674584 0.28755623 0.33651607 0.22918186],0.0032921655968001728
348,WORRYBILL_W29,INCOME,"$75,000-$100,000",[0.10952295 0.26491406 0.35666863 0.26889436],0.0003183565379853417
349,WORRYBILL_W29,INCOME,"Less than $30,000",[0.38680312 0.3186395  0.16361197 0.13094541],0.003298229147601138
350,FEM2BF2_W29,INCOME,"$100,000 or more",[0.00322856 0.99677144],0.0
351,FEM2BF2_W29,INCOME,"$30,000-$50,000",[0.02494055 0.97505945],0.0
352,FEM2BF2_W29,INCOME,"$50,000-$75,000",[0.0866733 0.9133267],0.0
353,FEM2BF2_W29,INCOME,"$75,000-$100,000",[0.00991234 0.99008766],0.0
354,FEM2BF2_W29,INCOME,"Less than $30,000",[0.04376158 0.95623842],0.0
355,DIFF1E_W29,INCOME,"$100,000 or more",[0.65963585 0.34036415],0.010290086622243283
356,DIFF1E_W29,INCOME,"$30,000-$50,000",[0.5998317 0.4001683],0.0027576769072211673
357,DIFF1E_W29,INCOME,"$50,000-$75,000",[0.6411386 0.3588614],0.019877495270504114
358,DIFF1E_W29,INCOME,"$75,000-$100,000",[0.66314866 0.33685134],0.0024522687112720756
359,DIFF1E_W29,INCOME,"Less than $30,000",[0.62475646 0.37524354],0.005185542007672269
360,TRANSGEND3_W29,INCOME,"$100,000 or more",[0.3020228  0.43156127 0.26641593],0.014424995301725254
361,TRANSGEND3_W29,INCOME,"$30,000-$50,000",[0.36338299 0.36185557 0.27476144],0.011181054414094725
362,TRANSGEND3_W29,INCOME,"$50,000-$75,000",[0.41144448 0.33699333 0.25156219],0.010978902240025339
363,TRANSGEND3_W29,INCOME,"$75,000-$100,000",[0.32600583 0.42213724 0.25185693],0.01355558216499461
364,TRANSGEND3_W29,INCOME,"Less than $30,000",[0.28975281 0.40825646 0.30199073],0.020327723760394965
365,MESUM1_FB_W29,INCOME,"$100,000 or more",[0.83834541 0.16165459],0.008840697952456435
366,MESUM1_FB_W29,INCOME,"$30,000-$50,000",[0.91716154 0.08283846],0.0003545018046676473
367,MESUM1_FB_W29,INCOME,"$50,000-$75,000",[0.82170746 0.17829254],0.0017384230283777604
368,MESUM1_FB_W29,INCOME,"$75,000-$100,000",[0.88158842 0.11841158],0.013186597892584011
369,MESUM1_FB_W29,INCOME,"Less than $30,000",[0.87468504 0.12531496],0.004202249506310536
370,HOOD_NHISC_W29,INCOME,"$100,000 or more",[0.14548201 0.4320262  0.28162679 0.140865  ],0.00393057036397382
371,HOOD_NHISC_W29,INCOME,"$30,000-$50,000",[0.11729974 0.44045319 0.2654536  0.17679347],0.00324643523981277
372,HOOD_NHISC_W29,INCOME,"$50,000-$75,000",[0.13128518 0.4165304  0.30234075 0.14984368],0.006434962601661827
373,HOOD_NHISC_W29,INCOME,"$75,000-$100,000",[0.14569048 0.44903821 0.27866768 0.12660363],0.006517308825056298
374,HOOD_NHISC_W29,INCOME,"Less than $30,000",[0.14378072 0.39490663 0.25349251 0.20782013],0.00459745327854966
375,MASC2BF1_W29,INCOME,"$100,000 or more",[0.06754911 0.93245089],0.0
376,MASC2BF1_W29,INCOME,"$30,000-$50,000",[0.0085752 0.9914248],0.0
377,MASC2BF1_W29,INCOME,"$50,000-$75,000",[0.19198433 0.80801567],0.0
378,MASC2BF1_W29,INCOME,"$75,000-$100,000",[0.0740935 0.9259065],0.015254738827006934
379,MASC2BF1_W29,INCOME,"Less than $30,000",[0.07703475 0.92296525],0.007546073318863827
380,GOODJOBS_W29,INCOME,"$100,000 or more",[0.52053221 0.47946779],0.012421021601978383
381,GOODJOBS_W29,INCOME,"$30,000-$50,000",[0.36939913 0.63060087],0.007098613391884604
382,GOODJOBS_W29,INCOME,"$50,000-$75,000",[0.42945957 0.57054043],0.009052366087246822
383,GOODJOBS_W29,INCOME,"$75,000-$100,000",[0.42804083 0.57195917],0.012672809463655715
384,GOODJOBS_W29,INCOME,"Less than $30,000",[0.27656556 0.72343444],0.007875932452235099
0,WORRYRET_W29,POLIDEOLOGY,Conservative,[0.26763962 0.34173866 0.25388908 0.13673264],0.002375424928067135
1,WORRYRET_W29,POLIDEOLOGY,Liberal,[0.28481596 0.3454124  0.23111787 0.13865378],0.004004132268135376
2,WORRYRET_W29,POLIDEOLOGY,Moderate,[0.32538348 0.3358659  0.22412974 0.11462088],0.00310887018080132
3,WORRYRET_W29,POLIDEOLOGY,Very conservative,[0.32050339 0.2232213  0.31007051 0.14620479],0.0
4,WORRYRET_W29,POLIDEOLOGY,Very liberal,[0.30991133 0.2700562  0.24634274 0.17368973],0.000523694414599501
5,BOYSF1B_W29,POLIDEOLOGY,Conservative,[0.13053712 0.46598793 0.40347495],0.007414764086482817
6,BOYSF1B_W29,POLIDEOLOGY,Liberal,[0.0562883  0.71720599 0.22650571],0.011057207038351786
7,BOYSF1B_W29,POLIDEOLOGY,Moderate,[0.11661818 0.59481383 0.28856799],0.008841133898346818
8,BOYSF1B_W29,POLIDEOLOGY,Very conservative,[0.1644523  0.462869   0.37267869],0.010180410068862819
9,BOYSF1B_W29,POLIDEOLOGY,Very liberal,[0.08587544 0.78615824 0.12796632],0.004290516213002366
10,TRANSGEND2_W29,POLIDEOLOGY,Conservative,[0.25709578 0.74290422],0.009357092630662648
11,TRANSGEND2_W29,POLIDEOLOGY,Liberal,[0.43837457 0.56162543],0.0018721981936956965
12,TRANSGEND2_W29,POLIDEOLOGY,Moderate,[0.39146394 0.60853606],0.00469932391278497
13,TRANSGEND2_W29,POLIDEOLOGY,Very conservative,[0.21676914 0.78323086],0.0036480048545498352
14,TRANSGEND2_W29,POLIDEOLOGY,Very liberal,[0.57261376 0.42738624],0.0023109151809702732
15,MAN1E_W29,POLIDEOLOGY,Conservative,[0.37649504 0.45745397 0.13041049 0.03564049],0.0026190054480009577
16,MAN1E_W29,POLIDEOLOGY,Liberal,[0.40384229 0.42539441 0.12209173 0.04867157],0.011243541614739715
17,MAN1E_W29,POLIDEOLOGY,Moderate,[0.42241364 0.46605627 0.08466369 0.02686641],0.0021493943728187128
18,MAN1E_W29,POLIDEOLOGY,Very conservative,[0.29616867 0.51459552 0.13832909 0.05090672],0.002320198369767478
19,MAN1E_W29,POLIDEOLOGY,Very liberal,[0.54472816 0.37717425 0.07152177 0.00657582],0.00215017566687285
20,MESUM2_FC_W29,POLIDEOLOGY,Conservative,[0.71149483 0.28850517],0.022891442099564077
21,MESUM2_FC_W29,POLIDEOLOGY,Liberal,[0.23322192 0.76677808],0.008270561657886923
22,MESUM2_FC_W29,POLIDEOLOGY,Moderate,[0.40084683 0.59915317],0.014190059007682993
23,MESUM2_FC_W29,POLIDEOLOGY,Very conservative,[0.66131965 0.33868035],0.022708473305815106
24,MESUM2_FC_W29,POLIDEOLOGY,Very liberal,[0.1554622 0.8445378],0.01214923084465425
25,HELPHURTC_W29,POLIDEOLOGY,Conservative,[0.16607307 0.16755303 0.6663739 ],0.002595061843958197
26,HELPHURTC_W29,POLIDEOLOGY,Liberal,[0.41656689 0.02772127 0.55571184],0.011704539120326067
27,HELPHURTC_W29,POLIDEOLOGY,Moderate,[0.28929362 0.10772085 0.60298553],0.007906541109702181
28,HELPHURTC_W29,POLIDEOLOGY,Very conservative,[0.15322205 0.245274   0.60150396],0.011000593783604212
29,HELPHURTC_W29,POLIDEOLOGY,Very liberal,[0.54131962 0.0195772  0.43910318],0.0
30,MESUM1_FF_W29,POLIDEOLOGY,Conservative,[0.54251751 0.45748249],0.0036712069925404754
31,MESUM1_FF_W29,POLIDEOLOGY,Liberal,[0.74265317 0.25734683],0.00850680673466397
32,MESUM1_FF_W29,POLIDEOLOGY,Moderate,[0.6515652 0.3484348],0.011942031767952053
33,MESUM1_FF_W29,POLIDEOLOGY,Very conservative,[0.52068651 0.47931349],0.006805388006347805
34,MESUM1_FF_W29,POLIDEOLOGY,Very liberal,[0.83116001 0.16883999],0.005276374532959073
35,MESUM2_FE_W29,POLIDEOLOGY,Conservative,[0.32661994 0.67338006],0.029081704584927065
36,MESUM2_FE_W29,POLIDEOLOGY,Liberal,[0.85545029 0.14454971],0.013904448123397493
37,MESUM2_FE_W29,POLIDEOLOGY,Moderate,[0.60634607 0.39365393],0.02056016568565269
38,MESUM2_FE_W29,POLIDEOLOGY,Very conservative,[0.22230216 0.77769784],0.026023761207575324
39,MESUM2_FE_W29,POLIDEOLOGY,Very liberal,[0.75651764 0.24348236],0.0
40,MESUM2_FA_W29,POLIDEOLOGY,Conservative,[0.43297399 0.56702601],0.016772594521872432
41,MESUM2_FA_W29,POLIDEOLOGY,Liberal,[0.75413017 0.24586983],0.012229496051052289
42,MESUM2_FA_W29,POLIDEOLOGY,Moderate,[0.63242431 0.36757569],0.015234103964664163
43,MESUM2_FA_W29,POLIDEOLOGY,Very conservative,[0.27140189 0.72859811],0.005740572702590411
44,MESUM2_FA_W29,POLIDEOLOGY,Very liberal,[0.85850821 0.14149179],0.0018612532847935793
45,MESUM1_FD_W29,POLIDEOLOGY,Conservative,[0.5147916 0.4852084],0.005866837287212266
46,MESUM1_FD_W29,POLIDEOLOGY,Liberal,[0.35721617 0.64278383],0.0024740389796439537
47,MESUM1_FD_W29,POLIDEOLOGY,Moderate,[0.44540377 0.55459623],0.02360358839085513
48,MESUM1_FD_W29,POLIDEOLOGY,Very conservative,[0.55030299 0.44969701],0.008394321895067327
49,MESUM1_FD_W29,POLIDEOLOGY,Very liberal,[0.36375215 0.63624785],0.0010832530201945788
50,MASC1F1_W29,POLIDEOLOGY,Conservative,[0.44284326 0.10962835 0.4475284 ],0.014296792735929317
51,MASC1F1_W29,POLIDEOLOGY,Liberal,[0.66036109 0.05102459 0.28861432],0.011135031828489189
52,MASC1F1_W29,POLIDEOLOGY,Moderate,[0.50975163 0.08313802 0.40711035],0.002412770665174288
53,MASC1F1_W29,POLIDEOLOGY,Very conservative,[0.51924693 0.11616475 0.36458832],0.0
54,MASC1F1_W29,POLIDEOLOGY,Very liberal,[0.66127283 0.0250561  0.31367107],0.009168423251584632
55,TRAITSB_W29,POLIDEOLOGY,Conservative,[0.12650692 0.62306267 0.21511573 0.03531467],0.008407646577237377
56,TRAITSB_W29,POLIDEOLOGY,Liberal,[0.15712128 0.61583694 0.20069872 0.02634306],0.00679553433117397
57,TRAITSB_W29,POLIDEOLOGY,Moderate,[0.11561278 0.63152185 0.22143094 0.03143443],0.01056285083095638
58,TRAITSB_W29,POLIDEOLOGY,Very conservative,[0.17952941 0.60936628 0.1555672  0.05553711],0.008806030374243774
59,TRAITSB_W29,POLIDEOLOGY,Very liberal,[0.19575122 0.58046182 0.1647568  0.05903016],0.0057248900771425006
60,BOYSF1C_W29,POLIDEOLOGY,Conservative,[0.09317007 0.48840914 0.41842078],0.007604832846766845
61,BOYSF1C_W29,POLIDEOLOGY,Liberal,[0.21962654 0.26660545 0.51376802],0.01421379416950962
62,BOYSF1C_W29,POLIDEOLOGY,Moderate,[0.12841822 0.39681425 0.47476753],0.008955951412553606
63,BOYSF1C_W29,POLIDEOLOGY,Very conservative,[0.04749599 0.52869973 0.42380428],0.012728212314767584
64,BOYSF1C_W29,POLIDEOLOGY,Very liberal,[0.25513741 0.2449458  0.49991679],0.006599213760525371
65,BLOODPR_W29,POLIDEOLOGY,Conservative,[0.39812635 0.60187365],0.003264943676063161
66,BLOODPR_W29,POLIDEOLOGY,Liberal,[0.31731098 0.68268902],0.0018721981936956965
67,BLOODPR_W29,POLIDEOLOGY,Moderate,[0.33894813 0.66105187],0.001867523059347817
68,BLOODPR_W29,POLIDEOLOGY,Very conservative,[0.45905776 0.54094224],0.0
69,BLOODPR_W29,POLIDEOLOGY,Very liberal,[0.31324789 0.68675211],0.0023109151809702732
70,MAN1C_W29,POLIDEOLOGY,Conservative,[0.0683249  0.28396763 0.43158333 0.21612414],0.004410149752060567
71,MAN1C_W29,POLIDEOLOGY,Liberal,[0.16471116 0.36050145 0.31204067 0.16274673],0.004179391513998299
72,MAN1C_W29,POLIDEOLOGY,Moderate,[0.08368245 0.36732102 0.38226009 0.16673644],0.0021493943728187128
73,MAN1C_W29,POLIDEOLOGY,Very conservative,[0.10269519 0.37781005 0.27675673 0.24273803],0.0028050976792426442
74,MAN1C_W29,POLIDEOLOGY,Very liberal,[0.12374559 0.50466863 0.24764032 0.12394546],0.00215017566687285
75,FEM2AF2_W29,POLIDEOLOGY,Conservative,[0.92886416 0.07113584],0.0013884563542830243
76,FEM2AF2_W29,POLIDEOLOGY,Liberal,[0.68054231 0.31945769],0.025922790615472945
77,FEM2AF2_W29,POLIDEOLOGY,Moderate,[0.82713997 0.17286003],0.007577352050048071
78,FEM2AF2_W29,POLIDEOLOGY,Very conservative,[0.99536789 0.00463211],0.07514899057226972
79,FEM2AF2_W29,POLIDEOLOGY,Very liberal,[0.65728122 0.34271878],0.006972438811302651
80,DIFF1B_W29,POLIDEOLOGY,Conservative,[0.13973709 0.86026291],0.014232394598874811
81,DIFF1B_W29,POLIDEOLOGY,Liberal,[0.28224967 0.71775033],0.017596505041541442
82,DIFF1B_W29,POLIDEOLOGY,Moderate,[0.25142379 0.74857621],0.0032062470096214236
83,DIFF1B_W29,POLIDEOLOGY,Very conservative,[0.11813836 0.88186164],0.010468067028410244
84,DIFF1B_W29,POLIDEOLOGY,Very liberal,[0.43026922 0.56973078],0.0023807528265775246
85,DIFF1A_W29,POLIDEOLOGY,Conservative,[0.23166946 0.76833054],0.013431811089807982
86,DIFF1A_W29,POLIDEOLOGY,Liberal,[0.39234877 0.60765123],0.009806472668882318
87,DIFF1A_W29,POLIDEOLOGY,Moderate,[0.32028731 0.67971269],0.003182146004639262
88,DIFF1A_W29,POLIDEOLOGY,Very conservative,[0.2079851 0.7920149],0.0047796347612206825
89,DIFF1A_W29,POLIDEOLOGY,Very liberal,[0.45469325 0.54530675],0.001117155444059343
90,FEM2_W29,POLIDEOLOGY,Conservative,[0.4038719  0.51364216 0.07103958 0.01144636],0.0008606689060797439
91,FEM2_W29,POLIDEOLOGY,Liberal,[0.22018064 0.61974072 0.14954477 0.01053387],0.0006223396208733325
92,FEM2_W29,POLIDEOLOGY,Moderate,[0.27703851 0.55680587 0.14172053 0.0244351 ],0.003740996143915201
93,FEM2_W29,POLIDEOLOGY,Very conservative,[0.50475502 0.37618289 0.0709692  0.0480929 ],0.006160236310187608
94,FEM2_W29,POLIDEOLOGY,Very liberal,[0.25696441 0.58258271 0.14937549 0.01107739],0.004167203690122853
95,HELPHURTE_W29,POLIDEOLOGY,Conservative,[0.24201772 0.1889965  0.56898578],0.007132967674889753
96,HELPHURTE_W29,POLIDEOLOGY,Liberal,[0.25176328 0.17549507 0.57274165],0.0
97,HELPHURTE_W29,POLIDEOLOGY,Moderate,[0.25225046 0.20610407 0.54164547],0.009635121353218997
98,HELPHURTE_W29,POLIDEOLOGY,Very conservative,[0.16571339 0.14663384 0.68765277],0.010205543869131918
99,HELPHURTE_W29,POLIDEOLOGY,Very liberal,[0.23789429 0.16655756 0.59554815],0.0028184681409181202
100,PARTICIPATEC_W29,POLIDEOLOGY,Conservative,[0.1160208 0.8839792],0.005415783377108197
101,PARTICIPATEC_W29,POLIDEOLOGY,Liberal,[0.14251039 0.85748961],0.003006643073457277
102,PARTICIPATEC_W29,POLIDEOLOGY,Moderate,[0.12234783 0.87765217],0.006251445607139494
103,PARTICIPATEC_W29,POLIDEOLOGY,Very conservative,[0.12536058 0.87463942],0.011627490261537289
104,PARTICIPATEC_W29,POLIDEOLOGY,Very liberal,[0.1678448 0.8321552],0.0041937054496177795
105,S13_W29,POLIDEOLOGY,Conservative,[0.29376125 0.39318549 0.19517705 0.04644592 0.05681238 0.01461791],0.0033831810388580295
106,S13_W29,POLIDEOLOGY,Liberal,[0.30463246 0.34023883 0.18578048 0.0641063  0.07917908 0.02606285],0.0030938866618068516
107,S13_W29,POLIDEOLOGY,Moderate,[0.31242209 0.34948486 0.19174679 0.05803345 0.06246148 0.02585133],0.002696763792999147
108,S13_W29,POLIDEOLOGY,Very conservative,[0.29552426 0.34986937 0.18718829 0.0314549  0.08772025 0.04824294],0.0012594966147643435
109,S13_W29,POLIDEOLOGY,Very liberal,[0.34017333 0.33460429 0.17795617 0.04897534 0.02641174 0.07187914],0.002494579813746551
110,GIRLSF2D_W29,POLIDEOLOGY,Conservative,[0.07134015 0.34519541 0.58346445],0.005705342367195449
111,GIRLSF2D_W29,POLIDEOLOGY,Liberal,[0.08773058 0.4634675  0.44880192],0.007899386069445484
112,GIRLSF2D_W29,POLIDEOLOGY,Moderate,[0.06210253 0.41776987 0.52012761],0.005918144458170347
113,GIRLSF2D_W29,POLIDEOLOGY,Very conservative,[0.07929505 0.3066441  0.61406085],0.013737500823492937
114,GIRLSF2D_W29,POLIDEOLOGY,Very liberal,[0.07610082 0.57932239 0.34457679],0.01876758404379939
115,BOYSF1A_W29,POLIDEOLOGY,Conservative,[0.10109013 0.52350665 0.37540322],0.004331621566000535
116,BOYSF1A_W29,POLIDEOLOGY,Liberal,[0.21526535 0.20441334 0.58032131],0.023852076870368794
117,BOYSF1A_W29,POLIDEOLOGY,Moderate,[0.12126941 0.40715217 0.47157842],0.008421267276725805
118,BOYSF1A_W29,POLIDEOLOGY,Very conservative,[0.0597402  0.69662166 0.24363814],0.009216493774863192
119,BOYSF1A_W29,POLIDEOLOGY,Very liberal,[0.29504594 0.2495224  0.45543166],0.01041630480594748
120,HELPHURTA_W29,POLIDEOLOGY,Conservative,[0.09183784 0.33444267 0.5737195 ],0.009499220499402909
121,HELPHURTA_W29,POLIDEOLOGY,Liberal,[0.1915024  0.10489046 0.70360714],0.02122768398934461
122,HELPHURTA_W29,POLIDEOLOGY,Moderate,[0.12077687 0.23438949 0.64483364],0.007396594761289096
123,HELPHURTA_W29,POLIDEOLOGY,Very conservative,[0.07675189 0.37615753 0.54709058],0.007278395490542884
124,HELPHURTA_W29,POLIDEOLOGY,Very liberal,[0.3188637  0.04501798 0.63611832],0.0
125,MAN1B_W29,POLIDEOLOGY,Conservative,[0.07076934 0.22501341 0.37038138 0.33383587],0.0008749805898166245
126,MAN1B_W29,POLIDEOLOGY,Liberal,[0.11156012 0.33013917 0.38565395 0.17264676],0.005400872142526263
127,MAN1B_W29,POLIDEOLOGY,Moderate,[0.10951079 0.30832565 0.34300701 0.23915655],0.011850712121297471
128,MAN1B_W29,POLIDEOLOGY,Very conservative,[0.10041178 0.29107601 0.28887857 0.31963364],0.0028050976792426442
129,MAN1B_W29,POLIDEOLOGY,Very liberal,[0.25372873 0.32463239 0.26437031 0.15726858],0.00040592821395673775
130,S12_W29,POLIDEOLOGY,Conservative,[0.63241456 0.21244635 0.08099303 0.01608337 0.02999166 0.02807103],0.0
131,S12_W29,POLIDEOLOGY,Liberal,[0.5171928  0.22182595 0.10614392 0.03798827 0.05389339 0.06295567],0.0066064373313887955
132,S12_W29,POLIDEOLOGY,Moderate,[0.5015699  0.24171336 0.1175753  0.02750439 0.0483112  0.06332585],0.0015131707207197056
133,S12_W29,POLIDEOLOGY,Very conservative,[0.69335074 0.11852043 0.04672024 0.02318845 0.03493528 0.08328486],0.0020610780326050892
134,S12_W29,POLIDEOLOGY,Very liberal,[0.51355617 0.28824759 0.06225842 0.0303722  0.02146262 0.084103  ],0.002859786910753991
135,HELPHURTB_W29,POLIDEOLOGY,Conservative,[0.18204804 0.06138265 0.75656931],0.003262207202928167
136,HELPHURTB_W29,POLIDEOLOGY,Liberal,[0.43611219 0.02185316 0.54203465],0.002949731912189296
137,HELPHURTB_W29,POLIDEOLOGY,Moderate,[0.29042467 0.04754802 0.66202731],0.007705909624947683
138,HELPHURTB_W29,POLIDEOLOGY,Very conservative,[0.14157326 0.12410007 0.73432667],0.007278395490542886
139,HELPHURTB_W29,POLIDEOLOGY,Very liberal,[0.48206574 0.05450388 0.46343038],0.0006627296982699519
140,TRAITSD_W29,POLIDEOLOGY,Conservative,[0.2461388  0.51747285 0.19603239 0.04035597],0.009748460536792304
141,TRAITSD_W29,POLIDEOLOGY,Liberal,[0.24330706 0.51856599 0.20899742 0.02912953],0.0034144817662797125
142,TRAITSD_W29,POLIDEOLOGY,Moderate,[0.24546653 0.53426146 0.1860942  0.0341778 ],0.006842906735608364
143,TRAITSD_W29,POLIDEOLOGY,Very conservative,[0.36364426 0.44972125 0.15733134 0.02930316],0.0049075014693141785
144,TRAITSD_W29,POLIDEOLOGY,Very liberal,[0.28936757 0.41782301 0.21857527 0.07423414],0.0026156035070457524
145,PARTICIPATEB_W29,POLIDEOLOGY,Conservative,[0.10979912 0.89020088],0.014322296387201124
146,PARTICIPATEB_W29,POLIDEOLOGY,Liberal,[0.08307034 0.91692966],0.002814608893072725
147,PARTICIPATEB_W29,POLIDEOLOGY,Moderate,[0.08051617 0.91948383],0.010184309974043584
148,PARTICIPATEB_W29,POLIDEOLOGY,Very conservative,[0.10208352 0.89791648],0.007233724941501154
149,PARTICIPATEB_W29,POLIDEOLOGY,Very liberal,[0.06233567 0.93766433],0.0023109151809702732
150,MESUM1_FA_W29,POLIDEOLOGY,Conservative,[0.86136659 0.13863341],0.009425011057283892
151,MESUM1_FA_W29,POLIDEOLOGY,Liberal,[0.68868281 0.31131719],0.005667688988697972
152,MESUM1_FA_W29,POLIDEOLOGY,Moderate,[0.79943451 0.20056549],0.012102574791583935
153,MESUM1_FA_W29,POLIDEOLOGY,Very conservative,[0.94365374 0.05634626],0.0
154,MESUM1_FA_W29,POLIDEOLOGY,Very liberal,[0.59159886 0.40840114],0.0010299826258928786
155,TRAITSF_W29,POLIDEOLOGY,Conservative,[0.30907233 0.51205027 0.1596664  0.019211  ],0.007024177766583385
156,TRAITSF_W29,POLIDEOLOGY,Liberal,[0.4154884  0.45173045 0.12575759 0.00702355],0.002339355446784633
157,TRAITSF_W29,POLIDEOLOGY,Moderate,[0.32864479 0.4967971  0.13779325 0.03676487],0.01006163828771028
158,TRAITSF_W29,POLIDEOLOGY,Very conservative,[0.36001918 0.49349128 0.11770237 0.02878717],0.009537852543417812
159,TRAITSF_W29,POLIDEOLOGY,Very liberal,[0.45019687 0.38673685 0.13581608 0.02725021],0.002491736646667936
160,NOWSMK_NHIS_W29,POLIDEOLOGY,Conservative,[0.32736951 0.09997538 0.57265511],0.0023289321508819785
161,NOWSMK_NHIS_W29,POLIDEOLOGY,Liberal,[0.31982955 0.11411239 0.56605806],0.0
162,NOWSMK_NHIS_W29,POLIDEOLOGY,Moderate,[0.34849563 0.17152103 0.47998334],0.0006249222623769852
163,NOWSMK_NHIS_W29,POLIDEOLOGY,Very conservative,[0.30384987 0.07541643 0.6207337 ],0.0
164,NOWSMK_NHIS_W29,POLIDEOLOGY,Very liberal,[0.26817246 0.20612159 0.52570595],0.0
165,SEENMASC_W29,POLIDEOLOGY,Conservative,[0.08296153 0.41849174 0.3614011  0.13714562],0.018418387586653432
166,SEENMASC_W29,POLIDEOLOGY,Liberal,[0.09000308 0.28056851 0.3892398  0.2401886 ],0.004179391513998299
167,SEENMASC_W29,POLIDEOLOGY,Moderate,[0.06966674 0.36100296 0.40699336 0.16233694],0.0013359497731504418
168,SEENMASC_W29,POLIDEOLOGY,Very conservative,[0.21679582 0.34716187 0.30240434 0.13363798],0.007414720093401146
169,SEENMASC_W29,POLIDEOLOGY,Very liberal,[0.06859191 0.26575106 0.36505856 0.30059847],0.0
170,MASC2_W29,POLIDEOLOGY,Conservative,[0.3730716  0.52352075 0.09430736 0.00910028],0.007812338452417082
171,MASC2_W29,POLIDEOLOGY,Liberal,[0.20380486 0.5829026  0.20290471 0.01038782],0.004618052622684356
172,MASC2_W29,POLIDEOLOGY,Moderate,[0.29577445 0.55984317 0.13805409 0.00632828],0.005603468818035823
173,MASC2_W29,POLIDEOLOGY,Very conservative,[0.50256606 0.42166939 0.02541682 0.05034773],0.002320198369767478
174,MASC2_W29,POLIDEOLOGY,Very liberal,[0.15813002 0.56610271 0.27248277 0.00328451],0.00431668705551454
175,HOOD_NHISB_W29,POLIDEOLOGY,Conservative,[0.3350388  0.49325437 0.11134829 0.06035854],0.006473037860266835
176,HOOD_NHISB_W29,POLIDEOLOGY,Liberal,[0.24328082 0.52058105 0.16461079 0.07152734],0.009185151856238912
177,HOOD_NHISB_W29,POLIDEOLOGY,Moderate,[0.26587975 0.46709405 0.16258602 0.10444018],0.0052067718499776
178,HOOD_NHISB_W29,POLIDEOLOGY,Very conservative,[0.33638041 0.43068053 0.11788506 0.115054  ],0.002701450325475381
179,HOOD_NHISB_W29,POLIDEOLOGY,Very liberal,[0.35067802 0.46166653 0.13262374 0.05503171],0.005411557739657368
180,FAVORS_CPS_W29,POLIDEOLOGY,Conservative,[0.02507273 0.10039795 0.22377161 0.09358507 0.29216823 0.26500441],0.009316023779887696
181,FAVORS_CPS_W29,POLIDEOLOGY,Liberal,[0.01154163 0.0740576  0.19037524 0.13401777 0.26507976 0.324928  ],0.0020950884395350665
182,FAVORS_CPS_W29,POLIDEOLOGY,Moderate,[0.02230256 0.10703956 0.17660253 0.12162566 0.26251005 0.30991964],0.003592547622621083
183,FAVORS_CPS_W29,POLIDEOLOGY,Very conservative,[0.03606066 0.17858434 0.17676533 0.08461016 0.22470583 0.29927368],0.0012594966147643437
184,FAVORS_CPS_W29,POLIDEOLOGY,Very liberal,[0.03196077 0.08011155 0.16718539 0.06741792 0.25086771 0.40245666],0.0
185,HOOD_NHISA_W29,POLIDEOLOGY,Conservative,[0.38624572 0.41507434 0.1331571  0.06552284],0.0033485451389107467
186,HOOD_NHISA_W29,POLIDEOLOGY,Liberal,[0.29830964 0.44549839 0.17366971 0.08252226],0.004277161008429308
187,HOOD_NHISA_W29,POLIDEOLOGY,Moderate,[0.32986057 0.40887477 0.13334863 0.12791603],0.003143384435785897
188,HOOD_NHISA_W29,POLIDEOLOGY,Very conservative,[0.45892124 0.26047075 0.13547444 0.14513356],0.0029305220400917707
189,HOOD_NHISA_W29,POLIDEOLOGY,Very liberal,[0.33206606 0.42232029 0.14919598 0.09641767],0.004307015849536546
190,S7_W29,POLIDEOLOGY,Conservative,[0.13597094 0.86402906],0.0014875038095255517
191,S7_W29,POLIDEOLOGY,Liberal,[0.17630823 0.82369177],0.006883867937805784
192,S7_W29,POLIDEOLOGY,Moderate,[0.12286508 0.87713492],0.0012460503342618609
193,S7_W29,POLIDEOLOGY,Very conservative,[0.14814382 0.85185618],0.006834036872969877
194,S7_W29,POLIDEOLOGY,Very liberal,[0.12412881 0.87587119],0.0023109151809702732
195,MAN1A_W29,POLIDEOLOGY,Conservative,[0.23683767 0.46125885 0.27965199 0.02225149],0.0007678122932818883
196,MAN1A_W29,POLIDEOLOGY,Liberal,[0.27254804 0.42793274 0.26220655 0.03731267],0.008094563455357822
197,MAN1A_W29,POLIDEOLOGY,Moderate,[0.28309051 0.44953289 0.22755157 0.03982502],0.0029731374475315485
198,MAN1A_W29,POLIDEOLOGY,Very conservative,[0.30552666 0.38304838 0.25631093 0.05511402],0.0023201983697674782
199,MAN1A_W29,POLIDEOLOGY,Very liberal,[0.30330953 0.40717996 0.26666318 0.02284733],0.0010899265851682933
200,DIFF1C_W29,POLIDEOLOGY,Conservative,[0.30762765 0.69237235],0.011222335449432148
201,DIFF1C_W29,POLIDEOLOGY,Liberal,[0.38451928 0.61548072],0.005845440762803425
202,DIFF1C_W29,POLIDEOLOGY,Moderate,[0.35604494 0.64395506],0.004537010763513254
203,DIFF1C_W29,POLIDEOLOGY,Very conservative,[0.21435167 0.78564833],0.020466100720858527
204,DIFF1C_W29,POLIDEOLOGY,Very liberal,[0.4828032 0.5171968],0.00043912197865735096
205,TRAITSC_W29,POLIDEOLOGY,Conservative,[0.3591433  0.48082624 0.14434759 0.01568286],0.012303177271005598
206,TRAITSC_W29,POLIDEOLOGY,Liberal,[0.4043992  0.45594006 0.12007886 0.01958188],0.002761062680775684
207,TRAITSC_W29,POLIDEOLOGY,Moderate,[0.35959976 0.44853049 0.16404935 0.0278204 ],0.006125755045692447
208,TRAITSC_W29,POLIDEOLOGY,Very conservative,[0.38291964 0.47030258 0.12327863 0.02349916],0.008529884821763032
209,TRAITSC_W29,POLIDEOLOGY,Very liberal,[0.42073698 0.37217135 0.14757396 0.05951771],0.0023109151809702732
210,LOCALELECT_W29,POLIDEOLOGY,Conservative,[0.39057575 0.29687295 0.09884067 0.21371062],0.010082934476296861
211,LOCALELECT_W29,POLIDEOLOGY,Liberal,[0.29951925 0.2808763  0.17608894 0.24351551],0.0076095147298734485
212,LOCALELECT_W29,POLIDEOLOGY,Moderate,[0.27873082 0.27135522 0.18517726 0.26473669],0.0018582550357001105
213,LOCALELECT_W29,POLIDEOLOGY,Very conservative,[0.46238997 0.2834288  0.07423818 0.17994306],0.0055745402582055344
214,LOCALELECT_W29,POLIDEOLOGY,Very liberal,[0.36979048 0.2978529  0.09064764 0.24170898],0.0023109151809702732
215,BOYSF1D_W29,POLIDEOLOGY,Conservative,[0.04224673 0.54361203 0.41414124],0.005110972696370987
216,BOYSF1D_W29,POLIDEOLOGY,Liberal,[0.06773194 0.45032051 0.48194755],0.011569945494196746
217,BOYSF1D_W29,POLIDEOLOGY,Moderate,[0.08721501 0.48912601 0.42365899],0.007583675061183151
218,BOYSF1D_W29,POLIDEOLOGY,Very conservative,[0.01462077 0.71597664 0.26940259],0.00921649377486319
219,BOYSF1D_W29,POLIDEOLOGY,Very liberal,[0.08242481 0.52354789 0.3940273 ],0.004290516213002366
220,MESUM2_FB_W29,POLIDEOLOGY,Conservative,[0.93350494 0.06649506],0.009184538818128977
221,MESUM2_FB_W29,POLIDEOLOGY,Liberal,[0.53226933 0.46773067],0.018960874082285473
222,MESUM2_FB_W29,POLIDEOLOGY,Moderate,[0.7993346 0.2006654],0.008747662975523181
223,MESUM2_FB_W29,POLIDEOLOGY,Very conservative,[0.91257309 0.08742691],0.003216364833296941
224,MESUM2_FB_W29,POLIDEOLOGY,Very liberal,[0.45367678 0.54632322],0.015376688383521723
225,MESUM1_FC_W29,POLIDEOLOGY,Conservative,[0.80413342 0.19586658],0.003527169574770518
226,MESUM1_FC_W29,POLIDEOLOGY,Liberal,[0.77188587 0.22811413],0.01659950450604147
227,MESUM1_FC_W29,POLIDEOLOGY,Moderate,[0.80678163 0.19321837],0.005886814019762496
228,MESUM1_FC_W29,POLIDEOLOGY,Very conservative,[0.74983531 0.25016469],0.00845113849510094
229,MESUM1_FC_W29,POLIDEOLOGY,Very liberal,[0.63187484 0.36812516],0.0
230,PARTICIPATEA_W29,POLIDEOLOGY,Conservative,[0.14910273 0.85089727],0.0043823732272674455
231,PARTICIPATEA_W29,POLIDEOLOGY,Liberal,[0.12236818 0.87763182],0.003711407998114952
232,PARTICIPATEA_W29,POLIDEOLOGY,Moderate,[0.15133486 0.84866514],0.0024379293388312323
233,PARTICIPATEA_W29,POLIDEOLOGY,Very conservative,[0.15350603 0.84649397],0.006834036872969878
234,PARTICIPATEA_W29,POLIDEOLOGY,Very liberal,[0.13732191 0.86267809],0.0030275988434579205
235,GIRLSF2B_W29,POLIDEOLOGY,Conservative,[0.1229233  0.36650031 0.51057639],0.005154868763740592
236,GIRLSF2B_W29,POLIDEOLOGY,Liberal,[0.11195794 0.38949976 0.4985423 ],0.019718414693388267
237,GIRLSF2B_W29,POLIDEOLOGY,Moderate,[0.10194265 0.3579471  0.54011025],0.005064278100140759
238,GIRLSF2B_W29,POLIDEOLOGY,Very conservative,[0.1662576  0.21922719 0.61451521],0.03746919700682266
239,GIRLSF2B_W29,POLIDEOLOGY,Very liberal,[0.04874653 0.45132383 0.49992964],0.013350995295985133
240,SEENFEM_W29,POLIDEOLOGY,Conservative,[0.20436112 0.37306669 0.2758818  0.14669039],0.0
241,SEENFEM_W29,POLIDEOLOGY,Liberal,[0.14817878 0.27542023 0.4033529  0.17304809],0.0
242,SEENFEM_W29,POLIDEOLOGY,Moderate,[0.17516362 0.34276036 0.32172577 0.16035024],0.0001497696162749807
243,SEENFEM_W29,POLIDEOLOGY,Very conservative,[0.24465187 0.35783943 0.18819882 0.20930987],0.006160236310187608
244,SEENFEM_W29,POLIDEOLOGY,Very liberal,[0.15291114 0.31315786 0.38283125 0.15109975],0.0041672036901228525
245,GOPDIRCT_W29,POLIDEOLOGY,Conservative,[0.12706615 0.50205096 0.30803154 0.06285136],0.02016749027776525
246,GOPDIRCT_W29,POLIDEOLOGY,Liberal,[0.24410809 0.33407062 0.27020417 0.15161713],0.0
247,GOPDIRCT_W29,POLIDEOLOGY,Moderate,[0.08251751 0.49854817 0.30249052 0.11644379],0.02055184385112052
248,GOPDIRCT_W29,POLIDEOLOGY,Very conservative,[0.15238363 0.42013649 0.28118091 0.14629897],0.0006699220110183352
249,GOPDIRCT_W29,POLIDEOLOGY,Very liberal,[0.26001071 0.35452105 0.19227668 0.19319156],0.0
250,DEMDIRCT_W29,POLIDEOLOGY,Conservative,[0.24931647 0.61116935 0.11078317 0.02873101],0.0022535394947673253
251,DEMDIRCT_W29,POLIDEOLOGY,Liberal,[0.1418032  0.5581188  0.26013105 0.03994695],0.004877844202717118
252,DEMDIRCT_W29,POLIDEOLOGY,Moderate,[0.10925475 0.47107868 0.33993946 0.07972711],0.007762972422458467
253,DEMDIRCT_W29,POLIDEOLOGY,Very conservative,[0.25867524 0.4819037  0.13164866 0.1277724 ],0.0
254,DEMDIRCT_W29,POLIDEOLOGY,Very liberal,[0.10403991 0.49294448 0.33741216 0.06560346],0.0
255,SPOUSESEX_W29,POLIDEOLOGY,Conservative,[0.98441827 0.01558173],0.0
256,SPOUSESEX_W29,POLIDEOLOGY,Liberal,[0.86636381 0.13363619],0.006920141583784352
257,SPOUSESEX_W29,POLIDEOLOGY,Moderate,[0.97585693 0.02414307],0.00137593539997263
258,SPOUSESEX_W29,POLIDEOLOGY,Very conservative,[0.97439302 0.02560698],0.0
259,SPOUSESEX_W29,POLIDEOLOGY,Very liberal,[0.90692976 0.09307024],0.011804539102963628
260,FEM1F2_W29,POLIDEOLOGY,Conservative,[0.29494196 0.0741015  0.63095654],0.0015123518548265465
261,FEM1F2_W29,POLIDEOLOGY,Liberal,[0.29364075 0.09974135 0.6066179 ],0.0
262,FEM1F2_W29,POLIDEOLOGY,Moderate,[0.31599242 0.11245599 0.57155159],0.005820862008226881
263,FEM1F2_W29,POLIDEOLOGY,Very conservative,[0.41116389 0.20231191 0.38652419],0.006960480293528946
264,FEM1F2_W29,POLIDEOLOGY,Very liberal,[0.2651504  0.16111976 0.57372984],0.0
265,MAN1D_W29,POLIDEOLOGY,Conservative,[0.09906091 0.4331493  0.33253731 0.13525247],0.0007678122932818883
266,MAN1D_W29,POLIDEOLOGY,Liberal,[0.13987867 0.4092823  0.37242594 0.07841309],0.00475610421703345
267,MAN1D_W29,POLIDEOLOGY,Moderate,[0.18340397 0.4316525  0.28739848 0.09754506],0.0032209959145269623
268,MAN1D_W29,POLIDEOLOGY,Very conservative,[0.15166679 0.34110214 0.30641423 0.20081684],0.0023201983697674782
269,MAN1D_W29,POLIDEOLOGY,Very liberal,[0.17624112 0.41139911 0.29691546 0.1154443 ],0.009634858662689694
270,TRAITSA_W29,POLIDEOLOGY,Conservative,[0.35304313 0.57636337 0.06874203 0.00185147],0.003945990200441863
271,TRAITSA_W29,POLIDEOLOGY,Liberal,[0.49383089 0.47721975 0.01646714 0.01248222],0.006844232615926867
272,TRAITSA_W29,POLIDEOLOGY,Moderate,[0.41210534 0.54354371 0.03953596 0.004815  ],0.005958693253522751
273,TRAITSA_W29,POLIDEOLOGY,Very conservative,[0.43914281 0.51746114 0.0285852  0.01481085],0.008222880785458955
274,TRAITSA_W29,POLIDEOLOGY,Very liberal,[0.57622379 0.36945169 0.03908508 0.01523944],0.007417112815882138
275,GIRLSF2C_W29,POLIDEOLOGY,Conservative,[0.04456249 0.43522368 0.52021383],0.005628214544298412
276,GIRLSF2C_W29,POLIDEOLOGY,Liberal,[0.04511326 0.60469787 0.35018887],0.007580219410851198
277,GIRLSF2C_W29,POLIDEOLOGY,Moderate,[0.05672015 0.55787412 0.38540573],0.007668390052930511
278,GIRLSF2C_W29,POLIDEOLOGY,Very conservative,[0.1700816  0.3018106  0.52810779],0.013013051860094629
279,GIRLSF2C_W29,POLIDEOLOGY,Very liberal,[0.0543612  0.75465606 0.19098275],0.012959089342370689
280,TRAITSE_W29,POLIDEOLOGY,Conservative,[0.15371524 0.57918931 0.20736519 0.05973026],0.002286931507318459
281,TRAITSE_W29,POLIDEOLOGY,Liberal,[0.14037145 0.51220707 0.31613374 0.03128774],0.002912958711780543
282,TRAITSE_W29,POLIDEOLOGY,Moderate,[0.15835827 0.54025408 0.24358009 0.05780756],0.006704610294531909
283,TRAITSE_W29,POLIDEOLOGY,Very conservative,[0.28601923 0.48025395 0.17740536 0.05632146],0.0049075014693141785
284,TRAITSE_W29,POLIDEOLOGY,Very liberal,[0.17012589 0.44424829 0.25449383 0.13113199],0.003354255472840055
285,MESUM2_FF_W29,POLIDEOLOGY,Conservative,[0.11884161 0.88115839],0.023982711714688718
286,MESUM2_FF_W29,POLIDEOLOGY,Liberal,[0.542621 0.457379],0.020673922342593375
287,MESUM2_FF_W29,POLIDEOLOGY,Moderate,[0.30183717 0.69816283],0.015264427426143838
288,MESUM2_FF_W29,POLIDEOLOGY,Very conservative,[0.11170505 0.88829495],0.02959189633338534
289,MESUM2_FF_W29,POLIDEOLOGY,Very liberal,[0.60552176 0.39447824],0.0020970422295772543
290,MESUM1_FE_W29,POLIDEOLOGY,Conservative,[0.51225542 0.48774458],0.00742062564030889
291,MESUM1_FE_W29,POLIDEOLOGY,Liberal,[0.63839439 0.36160561],0.015818135690552827
292,MESUM1_FE_W29,POLIDEOLOGY,Moderate,[0.60822768 0.39177232],0.020897132894222566
293,MESUM1_FE_W29,POLIDEOLOGY,Very conservative,[0.59279122 0.40720878],0.008320746922142514
294,MESUM1_FE_W29,POLIDEOLOGY,Very liberal,[0.52457835 0.47542165],0.0007680041227139228
295,PERSDISCR_W29,POLIDEOLOGY,Conservative,[0.21414631 0.78585369],0.0027344787655758907
296,PERSDISCR_W29,POLIDEOLOGY,Liberal,[0.39137784 0.60862216],0.0
297,PERSDISCR_W29,POLIDEOLOGY,Moderate,[0.32126211 0.67873789],0.002169626591939627
298,PERSDISCR_W29,POLIDEOLOGY,Very conservative,[0.2517521 0.7482479],0.007724724196539667
299,PERSDISCR_W29,POLIDEOLOGY,Very liberal,[0.4198845 0.5801155],0.004303760273636474
300,GIRLSF2A_W29,POLIDEOLOGY,Conservative,[0.12084174 0.4047364  0.47442186],0.006570094828987789
301,GIRLSF2A_W29,POLIDEOLOGY,Liberal,[0.06785865 0.66669747 0.26544388],0.010481659631223666
302,GIRLSF2A_W29,POLIDEOLOGY,Moderate,[0.07856452 0.51859556 0.40283992],0.0042908210811681
303,GIRLSF2A_W29,POLIDEOLOGY,Very conservative,[0.12590205 0.28606741 0.58803055],0.017306634633896225
304,GIRLSF2A_W29,POLIDEOLOGY,Very liberal,[0.06197729 0.79384686 0.14417585],0.013591238141808949
305,MASC2AF1_W29,POLIDEOLOGY,Conservative,[0.76959048 0.23040952],0.0038559496309879602
306,MASC2AF1_W29,POLIDEOLOGY,Liberal,[0.45222971 0.54777029],0.05686281543567818
307,MASC2AF1_W29,POLIDEOLOGY,Moderate,[0.67502146 0.32497854],0.01920022463688957
308,MASC2AF1_W29,POLIDEOLOGY,Very conservative,[0.8176881 0.1823119],0.004001216027046483
309,MASC2AF1_W29,POLIDEOLOGY,Very liberal,[0.37579776 0.62420224],0.029160482670732353
310,DIFF1D_W29,POLIDEOLOGY,Conservative,[0.08610635 0.91389365],0.014463793697321852
311,DIFF1D_W29,POLIDEOLOGY,Liberal,[0.14002742 0.85997258],0.014025910979793145
312,DIFF1D_W29,POLIDEOLOGY,Moderate,[0.13395394 0.86604606],0.006684150545476711
313,DIFF1D_W29,POLIDEOLOGY,Very conservative,[0.08090848 0.91909152],0.00875150588800621
314,DIFF1D_W29,POLIDEOLOGY,Very liberal,[0.18536092 0.81463908],0.00043912197865735096
315,HELPHURTF_W29,POLIDEOLOGY,Conservative,[0.10651014 0.25686304 0.63662681],0.00629054208276026
316,HELPHURTF_W29,POLIDEOLOGY,Liberal,[0.12931741 0.11866458 0.752018  ],0.011510832168068185
317,HELPHURTF_W29,POLIDEOLOGY,Moderate,[0.09065808 0.22605397 0.68328795],0.010456396625391256
318,HELPHURTF_W29,POLIDEOLOGY,Very conservative,[0.06751842 0.33450634 0.59797524],0.010205543869131918
319,HELPHURTF_W29,POLIDEOLOGY,Very liberal,[0.10002443 0.14476386 0.7552117 ],0.0028828148242482543
320,TRANSGEND1_W29,POLIDEOLOGY,Conservative,[0.79826655 0.20173345],0.028897066520165143
321,TRANSGEND1_W29,POLIDEOLOGY,Liberal,[0.30243173 0.69756827],0.021218963860424187
322,TRANSGEND1_W29,POLIDEOLOGY,Moderate,[0.53690014 0.46309986],0.016359386459069498
323,TRANSGEND1_W29,POLIDEOLOGY,Very conservative,[0.82181538 0.17818462],0.012411015490953858
324,TRANSGEND1_W29,POLIDEOLOGY,Very liberal,[0.22249507 0.77750493],0.006361362591548312
325,TALK_CPS_W29,POLIDEOLOGY,Conservative,[0.12024976 0.38696166 0.26837412 0.06798511 0.11690271 0.03952663],0.002617687587225224
326,TALK_CPS_W29,POLIDEOLOGY,Liberal,[0.10580397 0.28134563 0.25773948 0.08725909 0.18447539 0.08337644],0.0018721981936956967
327,TALK_CPS_W29,POLIDEOLOGY,Moderate,[0.11071203 0.28419978 0.29137318 0.08590588 0.15166488 0.07614425],0.005726918125022234
328,TALK_CPS_W29,POLIDEOLOGY,Very conservative,[0.15727885 0.39489554 0.18312688 0.04596686 0.14310085 0.07563103],0.0019453468629297226
329,TALK_CPS_W29,POLIDEOLOGY,Very liberal,[0.10469337 0.26345847 0.23386423 0.08527926 0.15684427 0.15586041],0.0001836646327762775
330,HELPHURTD_W29,POLIDEOLOGY,Conservative,[0.06399164 0.38238313 0.55362523],0.007179212299532353
331,HELPHURTD_W29,POLIDEOLOGY,Liberal,[0.05406241 0.24254734 0.70339025],0.025915463074493435
332,HELPHURTD_W29,POLIDEOLOGY,Moderate,[0.06132581 0.33103196 0.60764223],0.008688256565896465
333,HELPHURTD_W29,POLIDEOLOGY,Very conservative,[0.06888159 0.38275594 0.54836247],0.007278395490542886
334,HELPHURTD_W29,POLIDEOLOGY,Very liberal,[0.10721758 0.21115795 0.68162448],0.004425822418939339
335,HELPHURTG_W29,POLIDEOLOGY,Conservative,[0.2900012  0.03870006 0.67129874],0.007498331120079866
336,HELPHURTG_W29,POLIDEOLOGY,Liberal,[0.19551727 0.0260068  0.77847592],0.011502121648131166
337,HELPHURTG_W29,POLIDEOLOGY,Moderate,[0.23912817 0.06442171 0.69645012],0.010129196309609524
338,HELPHURTG_W29,POLIDEOLOGY,Very conservative,[0.25691998 0.09710438 0.64597564],0.01574990704192254
339,HELPHURTG_W29,POLIDEOLOGY,Very liberal,[0.18195683 0.0518691  0.76617407],0.003504746901553594
340,MESUM2_FD_W29,POLIDEOLOGY,Conservative,[0.19441677 0.80558323],0.025408785223157832
341,MESUM2_FD_W29,POLIDEOLOGY,Liberal,[0.73995426 0.26004574],0.020281867164717433
342,MESUM2_FD_W29,POLIDEOLOGY,Moderate,[0.38146447 0.61853553],0.028761597223604413
343,MESUM2_FD_W29,POLIDEOLOGY,Very conservative,[0.15231115 0.84768885],0.011344690158044152
344,MESUM2_FD_W29,POLIDEOLOGY,Very liberal,[0.73687569 0.26312431],0.0031400127563687517
345,WORRYBILL_W29,POLIDEOLOGY,Conservative,[0.18649634 0.28442106 0.28586729 0.24321532],0.0044082621569955524
346,WORRYBILL_W29,POLIDEOLOGY,Liberal,[0.19397333 0.27565428 0.31147697 0.21889542],0.0018721981936956967
347,WORRYBILL_W29,POLIDEOLOGY,Moderate,[0.24088272 0.31715388 0.24180906 0.20015435],0.0074175696318558035
348,WORRYBILL_W29,POLIDEOLOGY,Very conservative,[0.24638114 0.16609932 0.27732017 0.31019936],0.0023908909493107356
349,WORRYBILL_W29,POLIDEOLOGY,Very liberal,[0.21168979 0.27301506 0.28244849 0.23284665],0.000744601113715102
350,FEM2BF2_W29,POLIDEOLOGY,Conservative,[0. 1.],0.0
351,FEM2BF2_W29,POLIDEOLOGY,Liberal,[0.01253391 0.98746609],0.0
352,FEM2BF2_W29,POLIDEOLOGY,Moderate,[0.05502395 0.94497605],0.0
353,FEM2BF2_W29,POLIDEOLOGY,Very conservative,[0.0765395 0.9234605],0.0
354,FEM2BF2_W29,POLIDEOLOGY,Very liberal,[0. 1.],0.0
355,DIFF1E_W29,POLIDEOLOGY,Conservative,[0.54648742 0.45351258],0.002118165218155923
356,DIFF1E_W29,POLIDEOLOGY,Liberal,[0.7299115 0.2700885],0.010788120227278758
357,DIFF1E_W29,POLIDEOLOGY,Moderate,[0.65410955 0.34589045],0.006021757694477613
358,DIFF1E_W29,POLIDEOLOGY,Very conservative,[0.45306921 0.54693079],0.03417235681683904
359,DIFF1E_W29,POLIDEOLOGY,Very liberal,[0.77689685 0.22310315],0.0011489548332278092
360,TRANSGEND3_W29,POLIDEOLOGY,Conservative,[0.57824414 0.15130085 0.27045501],0.027822767016507644
361,TRANSGEND3_W29,POLIDEOLOGY,Liberal,[0.09928152 0.64310316 0.25761532],0.01231775936430994
362,TRANSGEND3_W29,POLIDEOLOGY,Moderate,[0.25838213 0.40001072 0.34160714],0.014649785125857906
363,TRANSGEND3_W29,POLIDEOLOGY,Very conservative,[0.70066219 0.08140787 0.21792994],0.025372718271677298
364,TRANSGEND3_W29,POLIDEOLOGY,Very liberal,[0.10780003 0.74254708 0.14965289],0.006614675454606746
365,MESUM1_FB_W29,POLIDEOLOGY,Conservative,[0.84683393 0.15316607],0.0033034057007729468
366,MESUM1_FB_W29,POLIDEOLOGY,Liberal,[0.9082658 0.0917342],0.0
367,MESUM1_FB_W29,POLIDEOLOGY,Moderate,[0.89069669 0.10930331],0.008045483841451918
368,MESUM1_FB_W29,POLIDEOLOGY,Very conservative,[0.86912495 0.13087505],0.009029196802283387
369,MESUM1_FB_W29,POLIDEOLOGY,Very liberal,[0.8279257 0.1720743],0.002286260986875071
370,HOOD_NHISC_W29,POLIDEOLOGY,Conservative,[0.15251218 0.45153946 0.26037912 0.13556923],0.01544294543206681
371,HOOD_NHISC_W29,POLIDEOLOGY,Liberal,[0.12927048 0.39732531 0.31105322 0.16235098],0.0048672500876050925
372,HOOD_NHISC_W29,POLIDEOLOGY,Moderate,[0.12226141 0.40648362 0.28864059 0.18261438],0.004743091352443257
373,HOOD_NHISC_W29,POLIDEOLOGY,Very conservative,[0.20359013 0.4021142  0.24783858 0.14645709],0.0012594966147643437
374,HOOD_NHISC_W29,POLIDEOLOGY,Very liberal,[0.10498702 0.39628096 0.25528427 0.24344775],0.0041901651049960015
375,MASC2BF1_W29,POLIDEOLOGY,Conservative,[0.10621559 0.89378441],0.005571593046004563
376,MASC2BF1_W29,POLIDEOLOGY,Liberal,[0.07155672 0.92844328],0.0
377,MASC2BF1_W29,POLIDEOLOGY,Moderate,[0.06043552 0.93956448],0.004429488177147786
378,MASC2BF1_W29,POLIDEOLOGY,Very conservative,[0. 1.],0.0
379,MASC2BF1_W29,POLIDEOLOGY,Very liberal,[0.26571381 0.73428619],0.0
380,GOODJOBS_W29,POLIDEOLOGY,Conservative,[0.39471791 0.60528209],0.016174502507011822
381,GOODJOBS_W29,POLIDEOLOGY,Liberal,[0.38118875 0.61881125],0.010079643318270914
382,GOODJOBS_W29,POLIDEOLOGY,Moderate,[0.37000456 0.62999544],0.00600934689028329
383,GOODJOBS_W29,POLIDEOLOGY,Very conservative,[0.36472932 0.63527068],0.005429412138680014
384,GOODJOBS_W29,POLIDEOLOGY,Very liberal,[0.38994327 0.61005673],0.011123521512330252
0,WORRYRET_W29,RACE,Asian,[0.26561702 0.35160364 0.28690118 0.09587816],0.006375933501649309
1,WORRYRET_W29,RACE,Black,[0.32502912 0.26319802 0.18325198 0.22852088],0.010411184390108958
2,WORRYRET_W29,RACE,Hispanic,[0.36916827 0.3265739  0.19970501 0.10455282],0.0
3,WORRYRET_W29,RACE,Other,[0.39982229 0.32393277 0.16689808 0.10934686],0.0
4,WORRYRET_W29,RACE,White,[0.28546024 0.33135702 0.26014737 0.12303538],0.003827867077138676
5,BOYSF1B_W29,RACE,Asian,[0.16645483 0.39141619 0.44212898],0.011512776079170839
6,BOYSF1B_W29,RACE,Black,[0.02673749 0.71034901 0.2629135 ],0.01608213975398333
7,BOYSF1B_W29,RACE,Hispanic,[0.15182913 0.50065755 0.34751332],0.0
8,BOYSF1B_W29,RACE,Other,[0.05183555 0.6801744  0.26799005],0.025492949866557393
9,BOYSF1B_W29,RACE,White,[0.12115519 0.58516782 0.29367699],0.010172452793373223
10,TRANSGEND2_W29,RACE,Asian,[0.21203272 0.78796728],0.006375933501649311
11,TRANSGEND2_W29,RACE,Black,[0.42161663 0.57838337],0.01220285986414007
12,TRANSGEND2_W29,RACE,Hispanic,[0.36218702 0.63781298],0.0
13,TRANSGEND2_W29,RACE,Other,[0.45716586 0.54283414],0.0
14,TRANSGEND2_W29,RACE,White,[0.35781049 0.64218951],0.005315812337856347
15,MAN1E_W29,RACE,Asian,[0.17995423 0.54335231 0.21287512 0.06381834],0.016604667863609434
16,MAN1E_W29,RACE,Black,[0.46978759 0.42493516 0.07946015 0.0258171 ],0.004982826305660429
17,MAN1E_W29,RACE,Hispanic,[0.48920504 0.37856256 0.0758199  0.05641251],0.0
18,MAN1E_W29,RACE,Other,[0.69382672 0.26234658 0.0438267  0.        ],0.0
19,MAN1E_W29,RACE,White,[0.39606031 0.45893435 0.10801353 0.03699182],0.004329465765815291
20,MESUM2_FC_W29,RACE,Asian,[0.23167979 0.76832021],0.0272083551509856
21,MESUM2_FC_W29,RACE,Black,[0.20317245 0.79682755],0.038820418692402846
22,MESUM2_FC_W29,RACE,Hispanic,[0.38790224 0.61209776],0.06729589481247869
23,MESUM2_FC_W29,RACE,Other,[0.53582985 0.46417015],0.0
24,MESUM2_FC_W29,RACE,White,[0.50103603 0.49896397],0.010974479079237242
25,HELPHURTC_W29,RACE,Asian,[0.43941446 0.01530143 0.54528411],0.00812740117620668
26,HELPHURTC_W29,RACE,Black,[0.46584407 0.03558064 0.49857529],0.011291071380118926
27,HELPHURTC_W29,RACE,Hispanic,[0.46239724 0.00996523 0.52763753],0.024352185356816696
28,HELPHURTC_W29,RACE,Other,[0.36710164 0.11033346 0.52256491],0.0
29,HELPHURTC_W29,RACE,White,[0.24003764 0.13862983 0.62133253],0.0068811094268584295
30,MESUM1_FF_W29,RACE,Asian,[0.79104154 0.20895846],0.0
31,MESUM1_FF_W29,RACE,Black,[0.71519809 0.28480191],0.003510162991131883
32,MESUM1_FF_W29,RACE,Hispanic,[0.75756682 0.24243318],0.06565760143004036
33,MESUM1_FF_W29,RACE,Other,[0.68790148 0.31209852],0.0
34,MESUM1_FF_W29,RACE,White,[0.61688423 0.38311577],0.006590817494853498
35,MESUM2_FE_W29,RACE,Asian,[0.63964287 0.36035713],0.0
36,MESUM2_FE_W29,RACE,Black,[0.50453454 0.49546546],0.02707034062382536
37,MESUM2_FE_W29,RACE,Hispanic,[0.62295174 0.37704826],0.11295802639780142
38,MESUM2_FE_W29,RACE,Other,[0.6469545 0.3530455],0.0
39,MESUM2_FE_W29,RACE,White,[0.56035236 0.43964764],0.022877553834979785
40,MESUM2_FA_W29,RACE,Asian,[0.71981322 0.28018678],0.0
41,MESUM2_FA_W29,RACE,Black,[0.58223734 0.41776266],0.028214144662790146
42,MESUM2_FA_W29,RACE,Hispanic,[0.78182964 0.21817036],0.05955349683934147
43,MESUM2_FA_W29,RACE,Other,[0.65565655 0.34434345],0.0
44,MESUM2_FA_W29,RACE,White,[0.57689723 0.42310277],0.010788010346576614
45,MESUM1_FD_W29,RACE,Asian,[0.34802121 0.65197879],0.0
46,MESUM1_FD_W29,RACE,Black,[0.44243559 0.55756441],0.008351860275127474
47,MESUM1_FD_W29,RACE,Hispanic,[0.4652564 0.5347436],0.10340948066401506
48,MESUM1_FD_W29,RACE,Other,[0.50354605 0.49645395],0.0
49,MESUM1_FD_W29,RACE,White,[0.44208277 0.55791723],0.006950402224751776
50,MASC1F1_W29,RACE,Asian,[0.45898134 0.14402392 0.39699473],0.011512776079170839
51,MASC1F1_W29,RACE,Black,[0.5969192  0.04830072 0.35478008],0.0035796133593641957
52,MASC1F1_W29,RACE,Hispanic,[0.57844554 0.05206939 0.36948506],0.020715459662187602
53,MASC1F1_W29,RACE,Other,[0.59583778 0.00890183 0.39526039],0.0
54,MASC1F1_W29,RACE,White,[0.51421564 0.08489843 0.40088592],0.004933766415728925
55,TRAITSB_W29,RACE,Asian,[0.07815103 0.59764469 0.25250993 0.07169435],0.00986851856637177
56,TRAITSB_W29,RACE,Black,[0.31814148 0.56425605 0.06798911 0.04961336],0.009049489153299003
57,TRAITSB_W29,RACE,Hispanic,[0.20084757 0.57332663 0.16018336 0.06564243],0.04573731281781899
58,TRAITSB_W29,RACE,Other,[0.13659167 0.66715895 0.19334787 0.00290151],0.0
59,TRAITSB_W29,RACE,White,[0.10474687 0.64181841 0.22276526 0.03066946],0.0050507578801571576
60,BOYSF1C_W29,RACE,Asian,[0.19894484 0.16911113 0.63194403],0.011512776079170839
61,BOYSF1C_W29,RACE,Black,[0.13784019 0.37965927 0.48250054],0.017171977581620014
62,BOYSF1C_W29,RACE,Hispanic,[0.24403257 0.37416266 0.38180477],0.0
63,BOYSF1C_W29,RACE,Other,[0.06123447 0.4290761  0.50968944],0.025492949866557393
64,BOYSF1C_W29,RACE,White,[0.12518591 0.41323503 0.46157906],0.011569134016017259
65,BLOODPR_W29,RACE,Asian,[0.18019147 0.81980853],0.0
66,BLOODPR_W29,RACE,Black,[0.4012752 0.5987248],0.008549376850192053
67,BLOODPR_W29,RACE,Hispanic,[0.2396976 0.7603024],0.0
68,BLOODPR_W29,RACE,Other,[0.6553562 0.3446438],0.0
69,BLOODPR_W29,RACE,White,[0.36767426 0.63232574],0.001314107435648982
70,MAN1C_W29,RACE,Asian,[0.11303233 0.34022035 0.38365525 0.16309207],0.016604667863609437
71,MAN1C_W29,RACE,Black,[0.21162284 0.34788857 0.2714799  0.16900869],0.0
72,MAN1C_W29,RACE,Hispanic,[0.11252233 0.43396512 0.23064308 0.22286946],0.0
73,MAN1C_W29,RACE,Other,[0.05861608 0.54367573 0.21185116 0.18585704],0.0
74,MAN1C_W29,RACE,White,[0.07833334 0.3547998  0.38061492 0.18625194],0.0034466679636675434
75,FEM2AF2_W29,RACE,Asian,[0.7751848 0.2248152],0.0
76,FEM2AF2_W29,RACE,Black,[0.84901498 0.15098502],0.0
77,FEM2AF2_W29,RACE,Hispanic,[0.8107925 0.1892075],0.0041592181695261346
78,FEM2AF2_W29,RACE,Other,[0.93424393 0.06575607],0.0
79,FEM2AF2_W29,RACE,White,[0.82845338 0.17154662],0.013322637714004723
80,DIFF1B_W29,RACE,Asian,[0.20579524 0.79420476],0.015589610932980408
81,DIFF1B_W29,RACE,Black,[0.24589194 0.75410806],0.03343993442544541
82,DIFF1B_W29,RACE,Hispanic,[0.26741693 0.73258307],0.014339929098719896
83,DIFF1B_W29,RACE,Other,[0.27129341 0.72870659],0.009401051939397857
84,DIFF1B_W29,RACE,White,[0.230771 0.769229],0.004585966951155894
85,DIFF1A_W29,RACE,Asian,[0.30456906 0.69543094],0.00986851856637177
86,DIFF1A_W29,RACE,Black,[0.32854964 0.67145036],0.029941287947475352
87,DIFF1A_W29,RACE,Hispanic,[0.367128 0.632872],0.003120977698956754
88,DIFF1A_W29,RACE,Other,[0.47034744 0.52965256],0.0
89,DIFF1A_W29,RACE,White,[0.30278291 0.69721709],0.004099873646561884
90,FEM2_W29,RACE,Asian,[0.11797997 0.53570646 0.34631357 0.        ],0.0
91,FEM2_W29,RACE,Black,[0.45510006 0.41028073 0.09459108 0.04002812],0.007208965543121271
92,FEM2_W29,RACE,Hispanic,[0.42112734 0.35148253 0.20527374 0.02211638],0.001251176294606627
93,FEM2_W29,RACE,Other,[0.22524683 0.41573462 0.26900491 0.09001364],0.0
94,FEM2_W29,RACE,White,[0.28913295 0.58219933 0.1116617  0.01700603],0.002232761715258952
95,HELPHURTE_W29,RACE,Asian,[0.44830712 0.11809957 0.43359332],0.00812740117620668
96,HELPHURTE_W29,RACE,Black,[0.2458113  0.21242429 0.54176441],0.01669870090562933
97,HELPHURTE_W29,RACE,Hispanic,[0.27569938 0.19949419 0.52480643],0.026069555416265402
98,HELPHURTE_W29,RACE,Other,[0.18081864 0.23665306 0.5825283 ],0.0
99,HELPHURTE_W29,RACE,White,[0.22311644 0.18075234 0.59613122],0.004950280848470251
100,PARTICIPATEC_W29,RACE,Asian,[0.13594551 0.86405449],0.00986851856637177
101,PARTICIPATEC_W29,RACE,Black,[0.11892831 0.88107169],0.004882389630784271
102,PARTICIPATEC_W29,RACE,Hispanic,[0.14721533 0.85278467],0.0
103,PARTICIPATEC_W29,RACE,Other,[0.20257458 0.79742542],0.0
104,PARTICIPATEC_W29,RACE,White,[0.12903869 0.87096131],0.00703152190741198
105,S13_W29,RACE,Asian,[0.19605252 0.3858428  0.21739796 0.05320315 0.08428904 0.06321453],0.009868518566371772
106,S13_W29,RACE,Black,[0.34361187 0.32117331 0.11749598 0.10438707 0.06389607 0.04943569],0.006800010726068603
107,S13_W29,RACE,Hispanic,[0.26036009 0.37479145 0.15801264 0.04414486 0.07752924 0.08516172],0.0
108,S13_W29,RACE,Other,[0.2282199  0.28455289 0.1979282  0.11188367 0.13904917 0.03836616],0.0
109,S13_W29,RACE,White,[0.31577282 0.36923373 0.20158963 0.04140134 0.05455426 0.01744822],0.002473100163773622
110,GIRLSF2D_W29,RACE,Asian,[0.14460097 0.40563288 0.44976615],0.007827639095571945
111,GIRLSF2D_W29,RACE,Black,[0.04130424 0.4836762  0.47501956],0.00921758810857671
112,GIRLSF2D_W29,RACE,Hispanic,[0.06391012 0.43835764 0.49773224],0.0
113,GIRLSF2D_W29,RACE,Other,[0.         0.58801284 0.41198716],0.0
114,GIRLSF2D_W29,RACE,White,[0.08166338 0.3995994  0.51873722],0.009200035159942749
115,BOYSF1A_W29,RACE,Asian,[0.31652303 0.16101711 0.52245986],0.011512776079170839
116,BOYSF1A_W29,RACE,Black,[0.13327022 0.46458159 0.40214819],0.03381123738839562
117,BOYSF1A_W29,RACE,Hispanic,[0.21804475 0.37907463 0.40288062],0.0
118,BOYSF1A_W29,RACE,Other,[0.2737639 0.4317102 0.2945259],0.0
119,BOYSF1A_W29,RACE,White,[0.12568752 0.42591948 0.44839299],0.010540859797653726
120,HELPHURTA_W29,RACE,Asian,[0.31758854 0.08741866 0.59499281],0.00812740117620668
121,HELPHURTA_W29,RACE,Black,[0.13559088 0.18872177 0.67568735],0.01484747038469274
122,HELPHURTA_W29,RACE,Hispanic,[0.29796235 0.11404365 0.587994  ],0.037104694291545864
123,HELPHURTA_W29,RACE,Other,[0.05838657 0.34798033 0.5936331 ],0.0
124,HELPHURTA_W29,RACE,White,[0.12571236 0.23772052 0.63656712],0.00852271441879222
125,MAN1B_W29,RACE,Asian,[0.10346237 0.18254547 0.49592595 0.21806621],0.016604667863609437
126,MAN1B_W29,RACE,Black,[0.23593295 0.28162503 0.23662218 0.24581984],0.0
127,MAN1B_W29,RACE,Hispanic,[0.12557585 0.35547548 0.26365332 0.25529535],0.03030703006264915
128,MAN1B_W29,RACE,Other,[0.13267657 0.3366966  0.39605316 0.13457367],0.0
129,MAN1B_W29,RACE,White,[0.089798   0.28489    0.35469796 0.27061405],0.0023361086211409333
130,S12_W29,RACE,Asian,[0.39771491 0.40305857 0.10898425 0.02971053 0.01673653 0.04379521],0.01085898761792335
131,S12_W29,RACE,Black,[0.43715612 0.24582446 0.07742954 0.03467758 0.06775878 0.13715352],0.00597264254705541
132,S12_W29,RACE,Hispanic,[0.40990823 0.18092824 0.19151056 0.05206952 0.08380301 0.08178044],0.0
133,S12_W29,RACE,Other,[0.68633469 0.15450013 0.13574292 0.         0.         0.02342226],0.0
134,S12_W29,RACE,White,[0.61039218 0.21106735 0.07933656 0.02184011 0.03147935 0.04588445],0.0015759449966426696
135,HELPHURTB_W29,RACE,Asian,[0.45098805 0.07946055 0.46955139],0.00812740117620668
136,HELPHURTB_W29,RACE,Black,[0.29933707 0.04025768 0.66040525],0.010238765577601061
137,HELPHURTB_W29,RACE,Hispanic,[0.31517403 0.04174094 0.64308502],0.024352185356816696
138,HELPHURTB_W29,RACE,Other,[0.3545741  0.04746106 0.59796484],0.0
139,HELPHURTB_W29,RACE,White,[0.29866196 0.05482647 0.64651158],0.0049389407455311465
140,TRAITSD_W29,RACE,Asian,[0.1430387  0.43262765 0.30042436 0.12390929],0.009868518566371772
141,TRAITSD_W29,RACE,Black,[0.33240823 0.51835919 0.11014672 0.03908586],0.014982418763376401
142,TRAITSD_W29,RACE,Hispanic,[0.25890097 0.53967939 0.16008209 0.04133755],0.0156582606551594
143,TRAITSD_W29,RACE,Other,[0.25459807 0.55056896 0.19483297 0.        ],0.0
144,TRAITSD_W29,RACE,White,[0.25963701 0.50491203 0.19995843 0.03549253],0.005932181949785776
145,PARTICIPATEB_W29,RACE,Asian,[0.10239315 0.89760685],0.00986851856637177
146,PARTICIPATEB_W29,RACE,Black,[0.05538562 0.94461438],0.006642369057809485
147,PARTICIPATEB_W29,RACE,Hispanic,[0.03646441 0.96353559],0.003791643555931476
148,PARTICIPATEB_W29,RACE,Other,[0.22755149 0.77244851],0.0
149,PARTICIPATEB_W29,RACE,White,[0.0910988 0.9089012],0.011076597356103115
150,MESUM1_FA_W29,RACE,Asian,[0.59797485 0.40202515],0.0
151,MESUM1_FA_W29,RACE,Black,[0.84488238 0.15511762],0.0
152,MESUM1_FA_W29,RACE,Hispanic,[0.8441642 0.1558358],0.030863989727820566
153,MESUM1_FA_W29,RACE,Other,[0.84398806 0.15601194],0.0
154,MESUM1_FA_W29,RACE,White,[0.78469056 0.21530944],0.012963628176757905
155,TRAITSF_W29,RACE,Asian,[0.25392671 0.38503475 0.32353976 0.03749879],0.00986851856637177
156,TRAITSF_W29,RACE,Black,[0.35735656 0.47066375 0.12070768 0.05127202],0.011162295378100423
157,TRAITSF_W29,RACE,Hispanic,[0.27670257 0.50476607 0.19193009 0.02660128],0.004439309255396258
158,TRAITSF_W29,RACE,Other,[0.34687342 0.54994708 0.1031795  0.        ],0.0
159,TRAITSF_W29,RACE,White,[0.37249152 0.47888861 0.12878025 0.01983962],0.007993546130561347
160,NOWSMK_NHIS_W29,RACE,Asian,[0.12134255 0.27498259 0.60367486],0.0
161,NOWSMK_NHIS_W29,RACE,Black,[0.4148797  0.12290609 0.46221421],0.0
162,NOWSMK_NHIS_W29,RACE,Hispanic,[0.30502303 0.12680567 0.56817129],0.0
163,NOWSMK_NHIS_W29,RACE,Other,[0.55365604 0.15051059 0.29583337],0.0
164,NOWSMK_NHIS_W29,RACE,White,[0.29759151 0.13624387 0.56616463],0.0010341213842702491
165,SEENMASC_W29,RACE,Asian,[0.11419441 0.19654598 0.54705382 0.1422058 ],0.016604667863609437
166,SEENMASC_W29,RACE,Black,[0.21701993 0.25467517 0.35041397 0.17789094],0.0
167,SEENMASC_W29,RACE,Hispanic,[0.03707483 0.34976465 0.40781226 0.20534826],0.03030703006264915
168,SEENMASC_W29,RACE,Other,[0.04522268 0.65729978 0.15069117 0.14678636],0.0
169,SEENMASC_W29,RACE,White,[0.0809862  0.37619838 0.36084685 0.18196857],0.0038039743417496164
170,MASC2_W29,RACE,Asian,[0.10064055 0.51872455 0.34481783 0.03581706],0.016604667863609434
171,MASC2_W29,RACE,Black,[0.49336157 0.45646824 0.04859022 0.00157997],0.004363778255992435
172,MASC2_W29,RACE,Hispanic,[0.35644949 0.47864746 0.14680041 0.01810264],0.017966078988149534
173,MASC2_W29,RACE,Other,[0.30898912 0.55119825 0.1214743  0.01833833],0.0
174,MASC2_W29,RACE,White,[0.28643869 0.56811732 0.13350258 0.0119414 ],0.0032352975621491695
175,HOOD_NHISB_W29,RACE,Asian,[0.26119636 0.57719297 0.11232133 0.04928935],0.00986851856637177
176,HOOD_NHISB_W29,RACE,Black,[0.17106368 0.51321391 0.18598143 0.12974097],0.007266144160120162
177,HOOD_NHISB_W29,RACE,Hispanic,[0.19085913 0.50386335 0.19913049 0.10614703],0.007614811913590863
178,HOOD_NHISB_W29,RACE,Other,[0.17046494 0.31418604 0.33026077 0.18508825],0.0
179,HOOD_NHISB_W29,RACE,White,[0.3374586  0.46889878 0.12494033 0.06870229],0.006462660376036717
180,FAVORS_CPS_W29,RACE,Asian,[0.01744304 0.03568151 0.14749915 0.10111674 0.33342701 0.36483255],0.00986851856637177
181,FAVORS_CPS_W29,RACE,Black,[0.04435578 0.11315843 0.13563503 0.0753914  0.17217919 0.45928018],0.003553564912858684
182,FAVORS_CPS_W29,RACE,Hispanic,[0.00936031 0.1375878  0.1292352  0.10383055 0.17952458 0.44046156],0.011218951399763144
183,FAVORS_CPS_W29,RACE,Other,[0.07344122 0.14101256 0.25649875 0.12165133 0.22770165 0.17969448],0.0
184,FAVORS_CPS_W29,RACE,White,[0.02208605 0.10230683 0.20021681 0.1191957  0.29125701 0.2649376 ],0.003192383382670734
185,HOOD_NHISA_W29,RACE,Asian,[0.23985081 0.5255749  0.19828132 0.03629296],0.00986851856637177
186,HOOD_NHISA_W29,RACE,Black,[0.24581306 0.41647813 0.20130233 0.13640649],0.006320587683106503
187,HOOD_NHISA_W29,RACE,Hispanic,[0.23029428 0.43423927 0.17588315 0.15958331],0.0
188,HOOD_NHISA_W29,RACE,Other,[0.18779888 0.4381283  0.21918684 0.15488598],0.0
189,HOOD_NHISA_W29,RACE,White,[0.39544763 0.39308444 0.12480217 0.08666576],0.004040982292365697
190,S7_W29,RACE,Asian,[0.15255144 0.84744856],0.011813419194800825
191,S7_W29,RACE,Black,[0.11758576 0.88241424],0.002246657746950847
192,S7_W29,RACE,Hispanic,[0.07496824 0.92503176],0.0
193,S7_W29,RACE,Other,[0.08070701 0.91929299],0.006488857960846653
194,S7_W29,RACE,White,[0.15040972 0.84959028],0.0035780201966845037
195,MAN1A_W29,RACE,Asian,[0.10275746 0.55286127 0.32921695 0.01516432],0.016604667863609437
196,MAN1A_W29,RACE,Black,[0.51436816 0.29692395 0.17068343 0.01802446],0.0005720542618028627
197,MAN1A_W29,RACE,Hispanic,[0.36554643 0.40609799 0.19034977 0.03800582],0.0
198,MAN1A_W29,RACE,Other,[0.32733841 0.48640793 0.13802856 0.0482251 ],0.016836821704695186
199,MAN1A_W29,RACE,White,[0.22844289 0.46044996 0.2736425  0.03746465],0.0029095100856479142
200,DIFF1C_W29,RACE,Asian,[0.38080026 0.61919974],0.015589610932980408
201,DIFF1C_W29,RACE,Black,[0.23562237 0.76437763],0.02798577535496907
202,DIFF1C_W29,RACE,Hispanic,[0.40925297 0.59074703],0.0
203,DIFF1C_W29,RACE,Other,[0.1838133 0.8161867],0.0
204,DIFF1C_W29,RACE,White,[0.36459286 0.63540714],0.005208570196179536
205,TRAITSC_W29,RACE,Asian,[0.17875107 0.52286454 0.18081878 0.11756561],0.00986851856637177
206,TRAITSC_W29,RACE,Black,[0.49700971 0.37364041 0.09273971 0.03661017],0.007443233128081216
207,TRAITSC_W29,RACE,Hispanic,[0.32046229 0.5184142  0.13806444 0.02305907],0.017390989182641498
208,TRAITSC_W29,RACE,Other,[0.39925879 0.36071414 0.17391727 0.06610979],0.0
209,TRAITSC_W29,RACE,White,[0.36587487 0.46543183 0.14884688 0.01984642],0.006198431697064584
210,LOCALELECT_W29,RACE,Asian,[0.22295004 0.1173265  0.21288506 0.4468384 ],0.006375933501649311
211,LOCALELECT_W29,RACE,Black,[0.35494997 0.23054029 0.16462974 0.24988   ],0.017732023162283766
212,LOCALELECT_W29,RACE,Hispanic,[0.18977796 0.19138222 0.13467517 0.48416466],0.013878957597476793
213,LOCALELECT_W29,RACE,Other,[0.21974185 0.1887165  0.19506603 0.39647561],0.0
214,LOCALELECT_W29,RACE,White,[0.35448288 0.31290168 0.13511944 0.197496  ],0.002629419624211277
215,BOYSF1D_W29,RACE,Asian,[0.22519795 0.33711651 0.43768554],0.01151277607917084
216,BOYSF1D_W29,RACE,Black,[0.05870213 0.51435774 0.42694013],0.01608213975398333
217,BOYSF1D_W29,RACE,Hispanic,[0.2255847  0.37422658 0.40018872],0.0
218,BOYSF1D_W29,RACE,Other,[0.01746832 0.62201317 0.36051851],0.0
219,BOYSF1D_W29,RACE,White,[0.04042086 0.54291392 0.41666522],0.009354185510007959
220,MESUM2_FB_W29,RACE,Asian,[0.57398799 0.42601201],0.0
221,MESUM2_FB_W29,RACE,Black,[0.72016266 0.27983734],0.014637964224649792
222,MESUM2_FB_W29,RACE,Hispanic,[0.78761477 0.21238523],0.042656434757672584
223,MESUM2_FB_W29,RACE,Other,[0.94306518 0.05693482],0.0
224,MESUM2_FB_W29,RACE,White,[0.7676652 0.2323348],0.012173571925847164
225,MESUM1_FC_W29,RACE,Asian,[0.4989057 0.5010943],0.0
226,MESUM1_FC_W29,RACE,Black,[0.76298442 0.23701558],0.002203937434975788
227,MESUM1_FC_W29,RACE,Hispanic,[0.80095101 0.19904899],0.07407870788479726
228,MESUM1_FC_W29,RACE,Other,[0.84500091 0.15499909],0.0
229,MESUM1_FC_W29,RACE,White,[0.77796651 0.22203349],0.00452718295757641
230,PARTICIPATEA_W29,RACE,Asian,[0.11515176 0.88484824],0.00986851856637177
231,PARTICIPATEA_W29,RACE,Black,[0.16731311 0.83268689],0.006750767139735619
232,PARTICIPATEA_W29,RACE,Hispanic,[0.09107462 0.90892538],0.0
233,PARTICIPATEA_W29,RACE,Other,[0.17342288 0.82657712],0.0
234,PARTICIPATEA_W29,RACE,White,[0.14644011 0.85355989],0.0038826837314490507
235,GIRLSF2B_W29,RACE,Asian,[0.24581581 0.30426551 0.44991867],0.007827639095571945
236,GIRLSF2B_W29,RACE,Black,[0.08154436 0.51461641 0.40383923],0.002557178254765029
237,GIRLSF2B_W29,RACE,Hispanic,[0.09620039 0.42248986 0.48130975],0.008920848844400689
238,GIRLSF2B_W29,RACE,Other,[0.12366207 0.6047316  0.27160633],0.0
239,GIRLSF2B_W29,RACE,White,[0.10186913 0.32971505 0.56841582],0.0149546083657183
240,SEENFEM_W29,RACE,Asian,[0.11616228 0.17963414 0.46345382 0.24074975],0.0
241,SEENFEM_W29,RACE,Black,[0.23393061 0.29385909 0.25455107 0.21765923],0.003155236540785285
242,SEENFEM_W29,RACE,Hispanic,[0.26347549 0.32205952 0.30599407 0.10847093],0.0
243,SEENFEM_W29,RACE,Other,[0.0415107  0.34203096 0.46863844 0.1478199 ],0.0
244,SEENFEM_W29,RACE,White,[0.17668437 0.34763399 0.32466735 0.15101429],0.0013701959480244012
245,GOPDIRCT_W29,RACE,Asian,[0.07554158 0.46069507 0.42578878 0.03797457],0.0
246,GOPDIRCT_W29,RACE,Black,[0.24544204 0.31171806 0.14815412 0.29468579],0.0
247,GOPDIRCT_W29,RACE,Hispanic,[0.08572475 0.53326998 0.29560299 0.08540228],0.09392693910465603
248,GOPDIRCT_W29,RACE,Other,[0.02288235 0.67923658 0.2580544  0.03982667],0.0
249,GOPDIRCT_W29,RACE,White,[0.12655503 0.47179328 0.30316742 0.09848426],0.013961643459681997
250,DEMDIRCT_W29,RACE,Asian,[0.15999329 0.53439835 0.2344317  0.07117666],0.0
251,DEMDIRCT_W29,RACE,Black,[0.18579558 0.53516557 0.23896188 0.04007696],0.011847394350602428
252,DEMDIRCT_W29,RACE,Hispanic,[0.25739025 0.53159456 0.17998421 0.03103098],0.02057453896777443
253,DEMDIRCT_W29,RACE,Other,[0.14960709 0.43923246 0.38231815 0.0288423 ],0.0
254,DEMDIRCT_W29,RACE,White,[0.09411516 0.50803097 0.32088752 0.07696636],0.0005189471641288681
255,SPOUSESEX_W29,RACE,Asian,[0.98529054 0.01470946],0.0
256,SPOUSESEX_W29,RACE,Black,[0.87377367 0.12622633],0.008661080490000929
257,SPOUSESEX_W29,RACE,Hispanic,[0.94079082 0.05920918],0.020249443710679875
258,SPOUSESEX_W29,RACE,Other,[0.85109218 0.14890782],0.0
259,SPOUSESEX_W29,RACE,White,[0.96616695 0.03383305],0.0017216529619472653
260,FEM1F2_W29,RACE,Asian,[0.2009799  0.08002005 0.71900005],0.0
261,FEM1F2_W29,RACE,Black,[0.32565655 0.12936243 0.54498102],0.0
262,FEM1F2_W29,RACE,Hispanic,[0.29077022 0.09720144 0.61202833],0.01860465359314307
263,FEM1F2_W29,RACE,Other,[0.39582063 0.13147085 0.47270852],0.039344550080456155
264,FEM1F2_W29,RACE,White,[0.30388607 0.10804108 0.58807285],0.0015098614950622808
265,MAN1D_W29,RACE,Asian,[0.06600099 0.51199534 0.37083861 0.05116506],0.016604667863609434
266,MAN1D_W29,RACE,Black,[0.30963344 0.28821345 0.21651948 0.18563363],0.004589657640160205
267,MAN1D_W29,RACE,Hispanic,[0.16635139 0.47153913 0.19444398 0.1676655 ],0.0
268,MAN1D_W29,RACE,Other,[0.49165525 0.30202808 0.11356873 0.09274795],0.0
269,MAN1D_W29,RACE,White,[0.12031832 0.42530939 0.3404553  0.11391699],0.002982630131965595
270,TRAITSA_W29,RACE,Asian,[0.2392519  0.60053722 0.14686775 0.01334312],0.00986851856637177
271,TRAITSA_W29,RACE,Black,[0.57561681 0.3730706  0.02292904 0.02838355],0.00783066669484784
272,TRAITSA_W29,RACE,Hispanic,[0.38914309 0.55544475 0.05541216 0.        ],0.009357642599523429
273,TRAITSA_W29,RACE,Other,[0.52432937 0.47567063 0.         0.        ],0.0
274,TRAITSA_W29,RACE,White,[0.41588812 0.54137144 0.03984435 0.00289609],0.005979803678511965
275,GIRLSF2C_W29,RACE,Asian,[0.14729428 0.66573698 0.18696874],0.007827639095571945
276,GIRLSF2C_W29,RACE,Black,[0.02305964 0.56281553 0.41412484],0.0004911850476396331
277,GIRLSF2C_W29,RACE,Hispanic,[0.11967205 0.52274851 0.35757945],0.0
278,GIRLSF2C_W29,RACE,Other,[0.         0.57395968 0.42604032],0.0
279,GIRLSF2C_W29,RACE,White,[0.05961609 0.52079182 0.41959209],0.011265498593912602
280,TRAITSE_W29,RACE,Asian,[0.07127807 0.48111256 0.235213   0.21239637],0.00986851856637177
281,TRAITSE_W29,RACE,Black,[0.29230554 0.47499345 0.17968889 0.05301212],0.007443233128081216
282,TRAITSE_W29,RACE,Hispanic,[0.25353237 0.5272354  0.18254919 0.03668304],0.012470755783294894
283,TRAITSE_W29,RACE,Other,[0.12328353 0.41481502 0.44671568 0.01518577],0.0
284,TRAITSE_W29,RACE,White,[0.13925983 0.54958807 0.25411299 0.05703912],0.003527361031735138
285,MESUM2_FF_W29,RACE,Asian,[0.35821596 0.64178404],0.0
286,MESUM2_FF_W29,RACE,Black,[0.35534032 0.64465968],0.03178995722530404
287,MESUM2_FF_W29,RACE,Hispanic,[0.36537815 0.63462185],0.0780302946361579
288,MESUM2_FF_W29,RACE,Other,[0.35164281 0.64835719],0.0
289,MESUM2_FF_W29,RACE,White,[0.29306693 0.70693307],0.0161766988420944
290,MESUM1_FE_W29,RACE,Asian,[0.68999286 0.31000714],0.0
291,MESUM1_FE_W29,RACE,Black,[0.79582783 0.20417217],0.009194426970753974
292,MESUM1_FE_W29,RACE,Hispanic,[0.67983499 0.32016501],0.04321471815697669
293,MESUM1_FE_W29,RACE,Other,[0.7310095 0.2689905],0.0
294,MESUM1_FE_W29,RACE,White,[0.52159199 0.47840801],0.012454905188340162
295,PERSDISCR_W29,RACE,Asian,[0.30863903 0.69136097],0.0
296,PERSDISCR_W29,RACE,Black,[0.37507221 0.62492779],0.010264750094975846
297,PERSDISCR_W29,RACE,Hispanic,[0.24177964 0.75822036],0.0
298,PERSDISCR_W29,RACE,Other,[0.53541519 0.46458481],0.0
299,PERSDISCR_W29,RACE,White,[0.30257569 0.69742431],0.00250328193834795
300,GIRLSF2A_W29,RACE,Asian,[0.23692486 0.58896719 0.17410795],0.007827639095571945
301,GIRLSF2A_W29,RACE,Black,[0.10730279 0.58596592 0.30673128],0.0
302,GIRLSF2A_W29,RACE,Hispanic,[0.07808413 0.51691169 0.40500418],0.0
303,GIRLSF2A_W29,RACE,Other,[0.10943353 0.72908389 0.16148259],0.0
304,GIRLSF2A_W29,RACE,White,[0.07695147 0.50986608 0.41318245],0.010724539605857565
305,MASC2AF1_W29,RACE,Asian,[0.48995892 0.51004108],0.0
306,MASC2AF1_W29,RACE,Black,[0.72249511 0.27750489],0.013472131239085933
307,MASC2AF1_W29,RACE,Hispanic,[0.65794216 0.34205784],0.0
308,MASC2AF1_W29,RACE,Other,[0.28682252 0.71317748],0.0
309,MASC2AF1_W29,RACE,White,[0.60778384 0.39221616],0.03264506133425231
310,DIFF1D_W29,RACE,Asian,[0.21868595 0.78131405],0.015589610932980408
311,DIFF1D_W29,RACE,Black,[0.14451982 0.85548018],0.039604840342375706
312,DIFF1D_W29,RACE,Hispanic,[0.18789696 0.81210304],0.014339929098719896
313,DIFF1D_W29,RACE,Other,[0.01523239 0.98476761],0.0
314,DIFF1D_W29,RACE,White,[0.11009005 0.88990995],0.00415821853732114
315,HELPHURTF_W29,RACE,Asian,[0.14166263 0.07765178 0.7806856 ],0.02974286520688494
316,HELPHURTF_W29,RACE,Black,[0.13211195 0.14920913 0.71867893],0.017293174257625245
317,HELPHURTF_W29,RACE,Hispanic,[0.17356635 0.15448536 0.67194829],0.04288771356512029
318,HELPHURTF_W29,RACE,Other,[0.02959027 0.31423976 0.65616996],0.0
319,HELPHURTF_W29,RACE,White,[0.08762873 0.23402522 0.67834605],0.004623837687760296
320,TRANSGEND1_W29,RACE,Asian,[0.46626333 0.53373667],0.006375933501649309
321,TRANSGEND1_W29,RACE,Black,[0.59965906 0.40034094],0.030808030424644462
322,TRANSGEND1_W29,RACE,Hispanic,[0.43909019 0.56090981],0.03803098299354351
323,TRANSGEND1_W29,RACE,Other,[0.41909927 0.58090073],0.0
324,TRANSGEND1_W29,RACE,White,[0.56384534 0.43615466],0.015530750737204672
325,TALK_CPS_W29,RACE,Asian,[0.01725618 0.21733509 0.27608086 0.08324732 0.22287522 0.18320533],0.009868518566371772
326,TALK_CPS_W29,RACE,Black,[0.1745181  0.28969426 0.21146569 0.0757229  0.10957522 0.13902382],0.001037482223501447
327,TALK_CPS_W29,RACE,Hispanic,[0.11634205 0.21316111 0.2542424  0.07362092 0.13562813 0.20700538],0.007255129446188523
328,TALK_CPS_W29,RACE,Other,[0.1062431  0.44895571 0.22655695 0.02113736 0.13498881 0.06211808],0.0
329,TALK_CPS_W29,RACE,White,[0.11362675 0.33907874 0.27193289 0.07815874 0.14377797 0.0534249 ],0.003049472643177802
330,HELPHURTD_W29,RACE,Asian,[0.09373651 0.19768754 0.70857595],0.00812740117620668
331,HELPHURTD_W29,RACE,Black,[0.08347252 0.30275302 0.61377446],0.01640617467501026
332,HELPHURTD_W29,RACE,Hispanic,[0.09931589 0.23809452 0.66258959],0.04288771356512029
333,HELPHURTD_W29,RACE,Other,[0.19776147 0.11017926 0.69205927],0.0
334,HELPHURTD_W29,RACE,White,[0.05579316 0.32869934 0.61550749],0.009475360171856838
335,HELPHURTG_W29,RACE,Asian,[0.22181226 0.06563803 0.71254972],0.00812740117620668
336,HELPHURTG_W29,RACE,Black,[0.16942635 0.08124186 0.74933179],0.01640617467501026
337,HELPHURTG_W29,RACE,Hispanic,[0.31169953 0.0345124  0.65378806],0.030135204630391123
338,HELPHURTG_W29,RACE,Other,[0.16586314 0.19261737 0.64151949],0.0
339,HELPHURTG_W29,RACE,White,[0.23653439 0.04491722 0.71854839],0.008822486670941893
340,MESUM2_FD_W29,RACE,Asian,[0.38638486 0.61361514],0.0
341,MESUM2_FD_W29,RACE,Black,[0.80302041 0.19697959],0.019973546019800784
342,MESUM2_FD_W29,RACE,Hispanic,[0.4797942 0.5202058],0.07721338434547485
343,MESUM2_FD_W29,RACE,Other,[0.56534101 0.43465899],0.0
344,MESUM2_FD_W29,RACE,White,[0.34037355 0.65962645],0.022701283806986734
345,WORRYBILL_W29,RACE,Asian,[0.22439299 0.26747406 0.34486696 0.16326598],0.06444426819940106
346,WORRYBILL_W29,RACE,Black,[0.26678839 0.31854804 0.22215804 0.19250554],0.0074192787882742285
347,WORRYBILL_W29,RACE,Hispanic,[0.3123969  0.36296387 0.18178627 0.14285296],0.0
348,WORRYBILL_W29,RACE,Other,[0.33695867 0.23045087 0.21680879 0.21578166],0.0
349,WORRYBILL_W29,RACE,White,[0.19035672 0.26652252 0.29604131 0.24707945],0.0028070607983583552
350,FEM2BF2_W29,RACE,Asian,[0.2808971 0.7191029],0.0
351,FEM2BF2_W29,RACE,Black,[0. 1.],0.0
352,FEM2BF2_W29,RACE,Hispanic,[0.02004608 0.97995392],0.0
353,FEM2BF2_W29,RACE,Other,[0. 1.],0.0
354,FEM2BF2_W29,RACE,White,[0.02586966 0.97413034],0.0
355,DIFF1E_W29,RACE,Asian,[0.66662629 0.33337371],0.019082195997702868
356,DIFF1E_W29,RACE,Black,[0.6190833 0.3809167],0.018706749221993328
357,DIFF1E_W29,RACE,Hispanic,[0.59412249 0.40587751],0.007210528022251124
358,DIFF1E_W29,RACE,Other,[0.63973223 0.36026777],0.0
359,DIFF1E_W29,RACE,White,[0.63808966 0.36191034],0.0065392277681101015
360,TRANSGEND3_W29,RACE,Asian,[0.15851862 0.51759653 0.32388485],0.006375933501649311
361,TRANSGEND3_W29,RACE,Black,[0.29114797 0.41497705 0.29387498],0.04482473020337928
362,TRANSGEND3_W29,RACE,Hispanic,[0.17840449 0.4753044  0.34629111],0.04344254582071806
363,TRANSGEND3_W29,RACE,Other,[0.22413837 0.46685431 0.30900732],0.0
364,TRANSGEND3_W29,RACE,White,[0.36302268 0.37389815 0.26307917],0.015319753956820118
365,MESUM1_FB_W29,RACE,Asian,[0.71571981 0.28428019],0.0
366,MESUM1_FB_W29,RACE,Black,[0.9144736 0.0855264],0.0074051514966108995
367,MESUM1_FB_W29,RACE,Hispanic,[0.88324817 0.11675183],0.030863989727820566
368,MESUM1_FB_W29,RACE,Other,[0.87729872 0.12270128],0.0
369,MESUM1_FB_W29,RACE,White,[0.87311582 0.12688418],0.005593078140940633
370,HOOD_NHISC_W29,RACE,Asian,[0.08559038 0.5104847  0.25796114 0.14596378],0.00986851856637177
371,HOOD_NHISC_W29,RACE,Black,[0.14893348 0.38111278 0.2676978  0.20225594],0.008657749132692285
372,HOOD_NHISC_W29,RACE,Hispanic,[0.16891418 0.35969116 0.25455443 0.21684023],0.018925281224038627
373,HOOD_NHISC_W29,RACE,Other,[0.1925823  0.27536125 0.21188322 0.32017323],0.0
374,HOOD_NHISC_W29,RACE,White,[0.13591582 0.42647472 0.28340737 0.15420208],0.006079485586412646
375,MASC2BF1_W29,RACE,Asian,[0.04864361 0.95135639],0.02466766246866817
376,MASC2BF1_W29,RACE,Black,[0.28928637 0.71071363],0.0
377,MASC2BF1_W29,RACE,Hispanic,[0. 1.],0.0
378,MASC2BF1_W29,RACE,Other,[0. 1.],0.0
379,MASC2BF1_W29,RACE,White,[0.06186637 0.93813363],0.0
380,GOODJOBS_W29,RACE,Asian,[0.48106618 0.51893382],0.03168269831781252
381,GOODJOBS_W29,RACE,Black,[0.3043667 0.6956333],0.0023554120659829755
382,GOODJOBS_W29,RACE,Hispanic,[0.44742302 0.55257698],0.02219374097128689
383,GOODJOBS_W29,RACE,Other,[0.35191282 0.64808718],0.0
384,GOODJOBS_W29,RACE,White,[0.38947971 0.61052029],0.011370133891355471
