,qkey,attribute,group,D_H,R_H
0,MED4A_W34,Overall,Overall,[0.18881541 0.81118459],0.013891416456473087
1,EAT3J_W34,Overall,Overall,[0.88425382 0.11574618],0.0
2,EAT3G_W34,Overall,Overall,[0.66666407 0.33333593],0.0
3,MED2G_W34,Overall,Overall,[0.49343367 0.40109904 0.10546729],0.008683279852101945
4,MED6C_W34,Overall,Overall,[0.45962292 0.38612488 0.12191577 0.03233643],0.009278498862310382
5,BIOTECHC_W34,Overall,Overall,[0.70740165 0.29259835],0.014130584803536359
6,BIOTECHD_W34,Overall,Overall,[0.57889391 0.42110609],0.017204985803415684
7,MED6D_W34,Overall,Overall,[0.58151535 0.29404074 0.08702625 0.03741766],0.010749949356633228
8,EVOPERS3A_W34,Overall,Overall,[0.69356977 0.22298026 0.08344997],0.5867965259315602
9,EAT6_W34,Overall,Overall,[0.51446819 0.48553181],0.018014199502744965
10,SCI3C_W34,Overall,Overall,[0.8079766 0.1920234],0.011825802117778754
11,EAT1_W34,Overall,Overall,[0.1155581  0.37239816 0.32514126 0.15587483 0.03102765],0.004751472300272172
12,FUD37A_W34,Overall,Overall,[0.25258608 0.38239212 0.3039163  0.0611055 ],0.009351345644336342
13,MED4C_W34,Overall,Overall,[0.60791451 0.39208549],0.020859037174480996
14,SCI3A_W34,Overall,Overall,[0.77803704 0.22196296],0.012490687085918415
15,MED6A_W34,Overall,Overall,[0.55066918 0.32222573 0.09257306 0.03453204],0.011061156681899045
16,G1_W34,Overall,Overall,[0.39353487 0.60646513],0.3448058895695745
17,MED6B_W34,Overall,Overall,[0.16180327 0.48986519 0.27181967 0.07651187],0.015766861586231168
18,MED6E_W34,Overall,Overall,[0.18662398 0.43008359 0.30137775 0.08191469],0.014071543717962893
19,EAT5D_W34,Overall,Overall,[0.26270152 0.52417366 0.17730211 0.03582271],0.004994467010599138
20,EAT5B_W34,Overall,Overall,[0.32226425 0.47811803 0.16079511 0.0388226 ],0.004676175878277749
21,EVOONE_W34,Overall,Overall,[0.69258757 0.30741243],0.025643821352562792
22,BIOTECHA_W34,Overall,Overall,[0.44135973 0.55864027],0.017868182319181813
23,FUD37C_W34,Overall,Overall,[0.21785646 0.35624093 0.36510645 0.06079617],0.013219229060967112
24,MED5_W34,Overall,Overall,[0.07371661 0.29364512 0.45716676 0.1754715 ],0.013638440531049555
25,EAT3H_W34,Overall,Overall,[0.72156529 0.27843471],0.0
26,SCI3B_W34,Overall,Overall,[0.80722051 0.19277949],0.010226042121198087
27,SCI5_W34,Overall,Overall,[0.47429852 0.52570148],0.01882206130223191
28,FUD37D_W34,Overall,Overall,[0.316401   0.45171575 0.18731827 0.04456498],0.011796105872911473
29,FUD33B_W34,Overall,Overall,[0.04596712 0.35811551 0.59591736],0.04236180720419234
30,FUD33A_W34,Overall,Overall,[0.05415935 0.55036458 0.39547608],0.2703907435112965
31,FUD22_W34,Overall,Overall,[0.06619355 0.32182336 0.43084996 0.18113313],0.006322216459553551
32,EAT5A_W34,Overall,Overall,[0.3160743  0.48221524 0.16947564 0.03223483],0.004121713827943144
33,SCI2B_W34,Overall,Overall,[0.90568021 0.09431979],0.008210703814774765
34,SCI2A_W34,Overall,Overall,[0.70888475 0.29111525],0.008461657561167945
35,EAT5C_W34,Overall,Overall,[0.20698449 0.48484484 0.25055957 0.0576111 ],0.0048368022424479015
36,SCI2C_W34,Overall,Overall,[0.76378787 0.23621213],0.006649960055414544
37,EVOPERS3_W34,Overall,Overall,[0.33439584 0.48513808 0.18046608],0.01502373446827741
38,EAT3K_W34,Overall,Overall,[0.76215536 0.23784464],0.0
39,BIO15_W34,Overall,Overall,[0.64214925 0.35785075],0.0056762564058686045
40,EAT3F_W34,Overall,Overall,[0.61935076 0.38064924],0.0
41,G2_W34,Overall,Overall,[0.18042244 0.81957756],0.20372825376156584
42,EAT3I_W34,Overall,Overall,[0.56078495 0.43921505],0.0
43,MED7_W34,Overall,Overall,[0.33921459 0.66078541],0.018444448712007535
44,MED2D_W34,Overall,Overall,[0.8300575  0.14098698 0.02895552],0.003844180148637096
45,MED2A_W34,Overall,Overall,[0.4576044  0.42293304 0.11946256],0.005488348191639347
46,EVOTWO_W34,Overall,Overall,[0.49372493 0.50627507],0.45598888385642433
47,MED2B_W34,Overall,Overall,[0.68411041 0.28126473 0.03462485],0.0050402755117816
48,EVOTHREE_W34,Overall,Overall,[0.59910125 0.40089875],0.0266770310603917
49,MED1_W34,Overall,Overall,[0.48719622 0.51280378],0.014777394108738844
50,EVOBIOA_W34,Overall,Overall,[0.80530749 0.19469251],0.19224313099291113
51,FUD37B_W34,Overall,Overall,[0.24195326 0.35719808 0.32862878 0.07221989],0.01301659916613085
52,FUD35_W34,Overall,Overall,[0.21853358 0.39383187 0.28431513 0.10331942],0.003949541171538077
53,MED2E_W34,Overall,Overall,[0.42708262 0.48352969 0.08938769],0.009799987936846827
54,FUD24_W34,Overall,Overall,[0.45926759 0.02616478 0.51456763],0.009380562433417911
55,EAT2_W34,Overall,Overall,[0.11343024 0.2884204  0.29861729 0.26510713 0.03442494],0.006706668430976187
56,MED3_W34,Overall,Overall,[0.11905602 0.55967968 0.3212643 ],0.007488431748634223
57,MED4B_W34,Overall,Overall,[0.72722091 0.27277909],0.01594440941382267
58,FUD32_W34,Overall,Overall,[0.28848784 0.58155043 0.12996174],0.0036153300403991995
59,BIOTECHB_W34,Overall,Overall,[0.32361524 0.67638476],0.01335388432813295
60,EAT3E_W34,Overall,Overall,[0.75705322 0.24294678],0.0
61,SCI4_W34,Overall,Overall,[0.57427463 0.42572537],0.01592397640507219
62,SCI1_W34,Overall,Overall,[0.90416773 0.09583227],0.0061305362180085685
63,EVOBIOB_W34,Overall,Overall,[0.60129327 0.39870673],0.09225501249064201
64,BIOTECHE_W34,Overall,Overall,[0.21504346 0.78495654],0.013072106585839124
65,MED2F_W34,Overall,Overall,[0.58891233 0.3655047  0.04558297],0.004882674377252753
66,MED2C_W34,Overall,Overall,[0.44578808 0.46288034 0.09133158],0.0076941524166671705
0,MED4A_W34,CREGION,Midwest,[0.19271927 0.80728073],0.008121358545284382
1,MED4A_W34,CREGION,Northeast,[0.20551751 0.79448249],0.02169655001827831
2,MED4A_W34,CREGION,South,[0.16824707 0.83175293],0.014295844065124214
3,MED4A_W34,CREGION,West,[0.20583435 0.79416565],0.012639957319315016
4,EAT3J_W34,CREGION,Midwest,[0.87901847 0.12098153],0.0
5,EAT3J_W34,CREGION,Northeast,[0.90638256 0.09361744],0.0
6,EAT3J_W34,CREGION,South,[0.8693485 0.1306515],0.0
7,EAT3J_W34,CREGION,West,[0.89635146 0.10364854],0.0
8,EAT3G_W34,CREGION,Midwest,[0.65230424 0.34769576],0.0
9,EAT3G_W34,CREGION,Northeast,[0.68701815 0.31298185],0.0
10,EAT3G_W34,CREGION,South,[0.67450369 0.32549631],0.0
11,EAT3G_W34,CREGION,West,[0.6520228 0.3479772],0.0
12,MED2G_W34,CREGION,Midwest,[0.41907887 0.4498184  0.13110274],0.013861052825572862
13,MED2G_W34,CREGION,Northeast,[0.49257446 0.41212062 0.09530492],0.01795056678061556
14,MED2G_W34,CREGION,South,[0.501423   0.40076905 0.09780795],0.006190078902680569
15,MED2G_W34,CREGION,West,[0.54634171 0.35116013 0.10249816],0.0012825474218453013
16,MED6C_W34,CREGION,Midwest,[0.49447205 0.35495687 0.1154918  0.03507928],0.0034571927503360294
17,MED6C_W34,CREGION,Northeast,[0.43289539 0.38384968 0.1412549  0.04200003],0.014032760209809212
18,MED6C_W34,CREGION,South,[0.43748047 0.40590129 0.12466276 0.03195547],0.011853978938166893
19,MED6C_W34,CREGION,West,[0.48309295 0.38419334 0.10922841 0.02348529],0.006858355885906939
20,BIOTECHC_W34,CREGION,Midwest,[0.66010665 0.33989335],0.009945163472289792
21,BIOTECHC_W34,CREGION,Northeast,[0.66855302 0.33144698],0.013384875731151628
22,BIOTECHC_W34,CREGION,South,[0.7326821 0.2673179],0.009071074166680076
23,BIOTECHC_W34,CREGION,West,[0.73788348 0.26211652],0.026407813692025144
24,BIOTECHD_W34,CREGION,Midwest,[0.60057563 0.39942437],0.006545315343197757
25,BIOTECHD_W34,CREGION,Northeast,[0.6099765 0.3900235],0.03532989487613186
26,BIOTECHD_W34,CREGION,South,[0.55660965 0.44339035],0.016785083326288253
27,BIOTECHD_W34,CREGION,West,[0.57260265 0.42739735],0.014034240272299511
28,MED6D_W34,CREGION,Midwest,[0.62151118 0.27620537 0.06162135 0.04066211],0.005580507206448682
29,MED6D_W34,CREGION,Northeast,[0.57503865 0.31237088 0.08947539 0.02311508],0.01795143917528229
30,MED6D_W34,CREGION,South,[0.54848214 0.31731812 0.09995082 0.03424893],0.012993329953542729
31,MED6D_W34,CREGION,West,[0.60289898 0.25985882 0.08735448 0.04988772],0.006490075072939196
32,EVOPERS3A_W34,CREGION,Midwest,[0.95365396 0.04634604 0.        ],0.5478474051932185
33,EVOPERS3A_W34,CREGION,Northeast,[0. 0. 1.],0.8097384733632503
34,EVOPERS3A_W34,CREGION,South,[0.64026966 0.35973034 0.        ],0.4678979961296477
35,EAT6_W34,CREGION,Midwest,[0.45277805 0.54722195],0.004549626923351999
36,EAT6_W34,CREGION,Northeast,[0.49809809 0.50190191],0.04101136774623428
37,EAT6_W34,CREGION,South,[0.54214056 0.45785944],0.019567949745032575
38,EAT6_W34,CREGION,West,[0.53742444 0.46257556],0.010625474003728397
39,SCI3C_W34,CREGION,Midwest,[0.82208807 0.17791193],0.030290594070363625
40,SCI3C_W34,CREGION,Northeast,[0.77283657 0.22716343],0.011393555433309914
41,SCI3C_W34,CREGION,South,[0.78248914 0.21751086],0.0025142332940576214
42,SCI3C_W34,CREGION,West,[0.86239893 0.13760107],0.010548932154193396
43,EAT1_W34,CREGION,Midwest,[0.12694101 0.35604559 0.32041432 0.15923951 0.03735957],0.0
44,EAT1_W34,CREGION,Northeast,[0.1265376  0.4080203  0.28364267 0.14041612 0.04138332],0.012954846485085235
45,EAT1_W34,CREGION,South,[0.10665363 0.36421321 0.33765517 0.16308889 0.0283891 ],0.005137364133563581
46,EAT1_W34,CREGION,West,[0.11161783 0.37405897 0.33956219 0.15266435 0.02209667],0.0023375169072932865
47,FUD37A_W34,CREGION,Midwest,[0.20645144 0.38995495 0.33920554 0.06438808],0.005351144329487154
48,FUD37A_W34,CREGION,Northeast,[0.25357934 0.37277942 0.32693732 0.04670392],0.019559602443173157
49,FUD37A_W34,CREGION,South,[0.24652802 0.37157487 0.31218049 0.06971662],0.01121201126292031
50,FUD37A_W34,CREGION,West,[0.30207363 0.39965827 0.24324872 0.05501938],0.0024652692086789838
51,MED4C_W34,CREGION,Midwest,[0.60433261 0.39566739],0.008155057035513717
52,MED4C_W34,CREGION,Northeast,[0.6288954 0.3711046],0.034687696537831124
53,MED4C_W34,CREGION,South,[0.59079686 0.40920314],0.02025240835581656
54,MED4C_W34,CREGION,West,[0.62320911 0.37679089],0.02293553685881549
55,SCI3A_W34,CREGION,Midwest,[0.77244746 0.22755254],0.012849687748086999
56,SCI3A_W34,CREGION,Northeast,[0.78513414 0.21486586],0.016166490869800536
57,SCI3A_W34,CREGION,South,[0.7505475 0.2494525],0.008493715887550731
58,SCI3A_W34,CREGION,West,[0.82176379 0.17823621],0.015828427575349458
59,MED6A_W34,CREGION,Midwest,[0.56983731 0.29550325 0.1086696  0.02598984],0.011184025201536139
60,MED6A_W34,CREGION,Northeast,[0.54258273 0.30852516 0.10967428 0.03921783],0.011224563993548242
61,MED6A_W34,CREGION,South,[0.52997038 0.34745485 0.08815267 0.0344221 ],0.013466827469036031
62,MED6A_W34,CREGION,West,[0.5723282  0.3159464  0.07291345 0.03881196],0.0070143031390351935
63,G1_W34,CREGION,Midwest,[0.42683765 0.57316235],0.34751548137460464
64,G1_W34,CREGION,Northeast,[0.3895623 0.6104377],0.2992234707549576
65,G1_W34,CREGION,South,[0.38991404 0.61008596],0.3619498450657415
66,G1_W34,CREGION,West,[0.37280106 0.62719894],0.3485482367773616
67,MED6B_W34,CREGION,Midwest,[0.14878637 0.4945364  0.29449141 0.06218582],0.008431956726236518
68,MED6B_W34,CREGION,Northeast,[0.18790282 0.49087351 0.23130828 0.0899154 ],0.022779088943397186
69,MED6B_W34,CREGION,South,[0.12862956 0.48353803 0.30736673 0.08046568],0.018342291859819348
70,MED6B_W34,CREGION,West,[0.2068327  0.49497507 0.22490812 0.07328411],0.013032879723088494
71,MED6E_W34,CREGION,Midwest,[0.18057632 0.41241295 0.31531224 0.09169849],0.0047090291644581
72,MED6E_W34,CREGION,Northeast,[0.19542168 0.46557402 0.25564024 0.08336406],0.02559177161905582
73,MED6E_W34,CREGION,South,[0.14924966 0.43955376 0.32681155 0.08438503],0.013461082499532115
74,MED6E_W34,CREGION,West,[0.24507134 0.40512803 0.28160119 0.06819945],0.014888943282497602
75,EAT5D_W34,CREGION,Midwest,[0.23059868 0.53529018 0.20233903 0.03177211],0.0009327039430468943
76,EAT5D_W34,CREGION,Northeast,[0.25566706 0.53644053 0.1694403  0.0384521 ],0.011224563993548242
77,EAT5D_W34,CREGION,South,[0.27713206 0.52805037 0.16563778 0.02917979],0.0035096167649496875
78,EAT5D_W34,CREGION,West,[0.27338866 0.49918841 0.17933872 0.04808422],0.0063840742286334325
79,EAT5B_W34,CREGION,Midwest,[0.24829835 0.5337955  0.1594408  0.05846535],0.0
80,EAT5B_W34,CREGION,Northeast,[0.34547595 0.48110772 0.14010214 0.03331419],0.011224563993548244
81,EAT5B_W34,CREGION,South,[0.337333   0.46915903 0.15988436 0.03362362],0.0015141455384824216
82,EAT5B_W34,CREGION,West,[0.34720722 0.44059084 0.17856718 0.03363476],0.00903839001533999
83,EVOONE_W34,CREGION,Midwest,[0.62014841 0.37985159],0.01117205518212359
84,EVOONE_W34,CREGION,Northeast,[0.72878579 0.27121421],0.009821385485414067
85,EVOONE_W34,CREGION,South,[0.6822946 0.3177054],0.041197316645324986
86,EVOONE_W34,CREGION,West,[0.74610807 0.25389193],0.025350994619458705
87,BIOTECHA_W34,CREGION,Midwest,[0.44556633 0.55443367],0.010444585799113497
88,BIOTECHA_W34,CREGION,Northeast,[0.47698705 0.52301295],0.02991388322415193
89,BIOTECHA_W34,CREGION,South,[0.42120661 0.57879339],0.017917524324958453
90,BIOTECHA_W34,CREGION,West,[0.44384737 0.55615263],0.015539554870591023
91,FUD37C_W34,CREGION,Midwest,[0.20097304 0.3457404  0.37488986 0.0783967 ],0.00748959761965583
92,FUD37C_W34,CREGION,Northeast,[0.2448697  0.30587759 0.39422024 0.05503247],0.023704282702580903
93,FUD37C_W34,CREGION,South,[0.20601565 0.38799584 0.35215558 0.05383293],0.017024325230327177
94,FUD37C_W34,CREGION,West,[0.23191489 0.35186274 0.35589032 0.06033205],0.004573114790409401
95,MED5_W34,CREGION,Midwest,[0.0381445  0.31909801 0.4313682  0.21138928],0.0
96,MED5_W34,CREGION,Northeast,[0.0842637  0.25305674 0.5174149  0.14526466],0.018927694323053374
97,MED5_W34,CREGION,South,[0.08116166 0.31246064 0.43548417 0.17089353],0.015503419915435364
98,MED5_W34,CREGION,West,[0.0861958  0.27043569 0.47087071 0.17249781],0.01886584246558713
99,EAT3H_W34,CREGION,Midwest,[0.71977217 0.28022783],0.0
100,EAT3H_W34,CREGION,Northeast,[0.72675779 0.27324221],0.0
101,EAT3H_W34,CREGION,South,[0.72656468 0.27343532],0.0
102,EAT3H_W34,CREGION,West,[0.71141554 0.28858446],0.0
103,SCI3B_W34,CREGION,Midwest,[0.80425781 0.19574219],0.013428804972009031
104,SCI3B_W34,CREGION,Northeast,[0.78816581 0.21183419],0.010850115774783432
105,SCI3B_W34,CREGION,South,[0.80259227 0.19740773],0.011111070691670015
106,SCI3B_W34,CREGION,West,[0.83099184 0.16900816],0.005532986691233611
107,SCI5_W34,CREGION,Midwest,[0.47302543 0.52697457],0.01068556123146003
108,SCI5_W34,CREGION,Northeast,[0.45392151 0.54607849],0.034522189826554424
109,SCI5_W34,CREGION,South,[0.48812331 0.51187669],0.021675494261771698
110,SCI5_W34,CREGION,West,[0.46827725 0.53172275],0.009998761342548424
111,FUD37D_W34,CREGION,Midwest,[0.28817943 0.45237563 0.2240784  0.03536654],0.004838277406760346
112,FUD37D_W34,CREGION,Northeast,[0.33083248 0.41749325 0.18868302 0.06299125],0.018795572440963804
113,FUD37D_W34,CREGION,South,[0.28520505 0.48045829 0.19664422 0.03769245],0.017894353651267403
114,FUD37D_W34,CREGION,West,[0.37970266 0.43083026 0.13930613 0.05016095],0.0031461087158554664
115,FUD33B_W34,CREGION,Midwest,[0.05217954 0.38194582 0.56587463],0.005056108639057372
116,FUD33B_W34,CREGION,Northeast,[0.06611139 0.31626157 0.61762704],0.044220593216467007
117,FUD33B_W34,CREGION,South,[0.05007347 0.36261181 0.58731472],0.03734120713104514
118,FUD33B_W34,CREGION,West,[0.01174488 0.36179715 0.62645797],0.08510754984244213
119,FUD33A_W34,CREGION,Midwest,[0.0318964  0.55275093 0.41535267],0.2176942564320578
120,FUD33A_W34,CREGION,Northeast,[0.02373831 0.56089694 0.41536475],0.26008360183931034
121,FUD33A_W34,CREGION,South,[0.07265956 0.58906396 0.33827647],0.3348932200824013
122,FUD33A_W34,CREGION,West,[0.07001732 0.48838756 0.44159513],0.22213283510466336
123,FUD22_W34,CREGION,Midwest,[0.08883281 0.27241107 0.4409294  0.19782672],0.010430821365497151
124,FUD22_W34,CREGION,Northeast,[0.07379545 0.37125188 0.37066937 0.18428329],0.011758046372385065
125,FUD22_W34,CREGION,South,[0.04037399 0.33654275 0.44652159 0.17656168],0.005174627128260889
126,FUD22_W34,CREGION,West,[0.08167125 0.30606046 0.44080406 0.17146423],0.0005341537393700009
127,EAT5A_W34,CREGION,Midwest,[0.30023757 0.50530319 0.15688325 0.03757599],0.0
128,EAT5A_W34,CREGION,Northeast,[0.27705561 0.51568278 0.17664449 0.03061712],0.011224563993548244
129,EAT5A_W34,CREGION,South,[0.34834386 0.47453787 0.15282671 0.02429156],0.0021054906145383007
130,EAT5A_W34,CREGION,West,[0.30713708 0.44956328 0.20198194 0.0413177 ],0.005769231715999008
131,SCI2B_W34,CREGION,Midwest,[0.89614982 0.10385018],0.006601562154973198
132,SCI2B_W34,CREGION,Northeast,[0.89698338 0.10301662],0.0037748534809326716
133,SCI2B_W34,CREGION,South,[0.90492174 0.09507826],0.009682452734482391
134,SCI2B_W34,CREGION,West,[0.92175141 0.07824859],0.010542761156482377
135,SCI2A_W34,CREGION,Midwest,[0.71094757 0.28905243],0.0076063786597042665
136,SCI2A_W34,CREGION,Northeast,[0.727886 0.272114],0.00508003656913319
137,SCI2A_W34,CREGION,South,[0.70259259 0.29740741],0.015411475405262892
138,SCI2A_W34,CREGION,West,[0.70307292 0.29692708],0.0006602042781382512
139,EAT5C_W34,CREGION,Midwest,[0.17362364 0.48972904 0.27076832 0.06587899],0.000825486960034711
140,EAT5C_W34,CREGION,Northeast,[0.24064074 0.49330853 0.21150806 0.05454267],0.01281105715357336
141,EAT5C_W34,CREGION,South,[0.21118131 0.49845536 0.24637621 0.04398711],0.0029245833743442376
142,EAT5C_W34,CREGION,West,[0.20549397 0.4526958  0.26763104 0.07417919],0.005584038720017119
143,SCI2C_W34,CREGION,Midwest,[0.8136982 0.1863018],0.009142281514255703
144,SCI2C_W34,CREGION,Northeast,[0.76763614 0.23236386],0.004088961443249252
145,SCI2C_W34,CREGION,South,[0.76611056 0.23388944],0.003985005430611647
146,SCI2C_W34,CREGION,West,[0.71305362 0.28694638],0.01055054645456349
147,EVOPERS3_W34,CREGION,Midwest,[0.3459684  0.47709786 0.17693375],0.022137748840997114
148,EVOPERS3_W34,CREGION,Northeast,[0.41130215 0.42031703 0.16838082],0.015687351335825633
149,EVOPERS3_W34,CREGION,South,[0.23618169 0.54906606 0.21475225],0.01776273044057479
150,EVOPERS3_W34,CREGION,West,[0.42323212 0.43844507 0.13832281],0.0038211789294057335
151,EAT3K_W34,CREGION,Midwest,[0.78183627 0.21816373],0.0
152,EAT3K_W34,CREGION,Northeast,[0.74478398 0.25521602],0.0
153,EAT3K_W34,CREGION,South,[0.77852571 0.22147429],0.0
154,EAT3K_W34,CREGION,West,[0.73147995 0.26852005],0.0
155,BIO15_W34,CREGION,Midwest,[0.67619915 0.32380085],0.0018896529510280158
156,BIO15_W34,CREGION,Northeast,[0.65092727 0.34907273],0.012588271297519826
157,BIO15_W34,CREGION,South,[0.63406543 0.36593457],0.0063253697021045455
158,BIO15_W34,CREGION,West,[0.6184418 0.3815582],0.002936284452521279
159,EAT3F_W34,CREGION,Midwest,[0.63887723 0.36112277],0.0
160,EAT3F_W34,CREGION,Northeast,[0.64527701 0.35472299],0.0
161,EAT3F_W34,CREGION,South,[0.61396018 0.38603982],0.0
162,EAT3F_W34,CREGION,West,[0.59167449 0.40832551],0.0
163,G2_W34,CREGION,Midwest,[0.19939051 0.80060949],0.22452418481063327
164,G2_W34,CREGION,Northeast,[0.17706151 0.82293849],0.19595225956670279
165,G2_W34,CREGION,South,[0.18522861 0.81477139],0.20669885626788834
166,G2_W34,CREGION,West,[0.15943212 0.84056788],0.18631656100327296
167,EAT3I_W34,CREGION,Midwest,[0.56350228 0.43649772],0.0
168,EAT3I_W34,CREGION,Northeast,[0.59346516 0.40653484],0.0
169,EAT3I_W34,CREGION,South,[0.5582813 0.4417187],0.0
170,EAT3I_W34,CREGION,West,[0.53844543 0.46155457],0.0
171,MED7_W34,CREGION,Midwest,[0.33596266 0.66403734],0.011917808971498875
172,MED7_W34,CREGION,Northeast,[0.3453986 0.6546014],0.02816783173484261
173,MED7_W34,CREGION,South,[0.32009311 0.67990689],0.02024139600717169
174,MED7_W34,CREGION,West,[0.36780373 0.63219627],0.01424792252625391
175,MED2D_W34,CREGION,Midwest,[0.83176144 0.12429542 0.04394314],0.0034571927503360294
176,MED2D_W34,CREGION,Northeast,[0.79378893 0.17217334 0.03403773],0.012590651632028979
177,MED2D_W34,CREGION,South,[0.86355435 0.11624486 0.02020079],0.001870772408894074
178,MED2D_W34,CREGION,West,[0.80166076 0.17239208 0.02594715],0.0009192480630026573
179,MED2A_W34,CREGION,Midwest,[0.44621437 0.43374111 0.12004452],0.010156498820475701
180,MED2A_W34,CREGION,Northeast,[0.44123558 0.43769837 0.12106605],0.011224563993548244
181,MED2A_W34,CREGION,South,[0.49107426 0.3828695  0.12605625],0.0030177845613608366
182,MED2A_W34,CREGION,West,[0.42641211 0.46624281 0.10734508],0.0010858390307209261
183,EVOTWO_W34,CREGION,Midwest,[0.7761784 0.2238216],0.0
184,EVOTWO_W34,CREGION,Northeast,[1. 0.],0.7706470185757986
185,EVOTWO_W34,CREGION,South,[0.07219624 0.92780376],0.5462132370246503
186,EVOTWO_W34,CREGION,West,[1. 0.],0.31172372329442527
187,MED2B_W34,CREGION,Midwest,[0.70151722 0.26474621 0.03373657],0.004412378392425477
188,MED2B_W34,CREGION,Northeast,[0.60922383 0.33377525 0.05700093],0.011224563993548244
189,MED2B_W34,CREGION,South,[0.68104908 0.28488347 0.03406745],0.0006900963856527346
190,MED2B_W34,CREGION,West,[0.72817404 0.25184005 0.01998591],0.007975808785014213
191,EVOTHREE_W34,CREGION,Midwest,[0.52100775 0.47899225],0.012678460122077795
192,EVOTHREE_W34,CREGION,Northeast,[0.67827451 0.32172549],0.021957870976721656
193,EVOTHREE_W34,CREGION,South,[0.57356357 0.42643643],0.00853306830894858
194,EVOTHREE_W34,CREGION,West,[0.63826959 0.36173041],0.06547663545423182
195,MED1_W34,CREGION,Midwest,[0.46244565 0.53755435],0.004079459423899487
196,MED1_W34,CREGION,Northeast,[0.5169257 0.4830743],0.030936745133167697
197,MED1_W34,CREGION,South,[0.48516023 0.51483977],0.012159856961277781
198,MED1_W34,CREGION,West,[0.49116803 0.50883197],0.0165670640605209
199,EVOBIOA_W34,CREGION,Midwest,[0.82495599 0.17504401],0.20911128618266478
200,EVOBIOA_W34,CREGION,Northeast,[0.83817206 0.16182794],0.2050653846357494
201,EVOBIOA_W34,CREGION,South,[0.75997174 0.24002826],0.19704911445020082
202,EVOBIOA_W34,CREGION,West,[0.83499701 0.16500299],0.16031936685776657
203,FUD37B_W34,CREGION,Midwest,[0.23578314 0.3321881  0.35019983 0.08182893],0.006966627967476759
204,FUD37B_W34,CREGION,Northeast,[0.22108032 0.35360009 0.36779551 0.05752408],0.026078225773601214
205,FUD37B_W34,CREGION,South,[0.25028986 0.40824808 0.2760975  0.06536457],0.015051468925733467
206,FUD37B_W34,CREGION,West,[0.24925096 0.30159419 0.36410943 0.08504543],0.005578469474510482
207,FUD35_W34,CREGION,Midwest,[0.19836025 0.38434526 0.3051446  0.11214989],0.00572586792150801
208,FUD35_W34,CREGION,Northeast,[0.1973257  0.39296357 0.30532255 0.10438818],0.011224563993548244
209,FUD35_W34,CREGION,South,[0.23159989 0.39988689 0.27074425 0.09776897],0.0009835347038797183
210,FUD35_W34,CREGION,West,[0.23091119 0.39319603 0.27230657 0.10358621],0.0017642460723589816
211,MED2E_W34,CREGION,Midwest,[0.45116078 0.42949743 0.11934178],0.01681220270905024
212,MED2E_W34,CREGION,Northeast,[0.43135375 0.4547145  0.11393175],0.019512719955902657
213,MED2E_W34,CREGION,South,[0.44045634 0.49180843 0.06773524],0.00725189109841387
214,MED2E_W34,CREGION,West,[0.38198956 0.53815209 0.07985835],0.0005386351325809796
215,FUD24_W34,CREGION,Midwest,[0.39830184 0.03517783 0.56652033],0.00644877429921995
216,FUD24_W34,CREGION,Northeast,[0.5162995  0.02446511 0.45923539],0.01979634332725536
217,FUD24_W34,CREGION,South,[0.43840299 0.02481973 0.53677727],0.011774684089425922
218,FUD24_W34,CREGION,West,[0.50467201 0.02157408 0.47375391],0.0005512701908416156
219,EAT2_W34,CREGION,Midwest,[0.08762712 0.29855926 0.31874677 0.25555743 0.03950943],0.0
220,EAT2_W34,CREGION,Northeast,[0.15576425 0.27704471 0.23979711 0.29405933 0.0333346 ],0.011224563993548244
221,EAT2_W34,CREGION,South,[0.12510868 0.27789136 0.31020679 0.25845141 0.02834177],0.008364506026306454
222,EAT2_W34,CREGION,West,[0.08705635 0.30436686 0.30517602 0.26306724 0.04033354],0.006698849783572476
223,MED3_W34,CREGION,Midwest,[0.14202959 0.53945279 0.31851762],0.0
224,MED3_W34,CREGION,Northeast,[0.10747888 0.57112477 0.32139635],0.013044074182654027
225,MED3_W34,CREGION,South,[0.09571962 0.5585451  0.34573528],0.008052918767567648
226,MED3_W34,CREGION,West,[0.14407906 0.57118928 0.28473166],0.009148020260623673
227,MED4B_W34,CREGION,Midwest,[0.75144579 0.24855421],0.009656387381571723
228,MED4B_W34,CREGION,Northeast,[0.73868643 0.26131357],0.025214510515564836
229,MED4B_W34,CREGION,South,[0.70764013 0.29235987],0.01974442142104437
230,MED4B_W34,CREGION,West,[0.7283104 0.2716896],0.008688991997687785
231,FUD32_W34,CREGION,Midwest,[0.30076644 0.57673975 0.12249382],0.003382417519403999
232,FUD32_W34,CREGION,Northeast,[0.27397222 0.62328691 0.10274087],0.011802667017594649
233,FUD32_W34,CREGION,South,[0.24559403 0.59524438 0.15916159],0.0008836486609931252
234,FUD32_W34,CREGION,West,[0.35633909 0.53379056 0.10987034],0.002166937179964944
235,BIOTECHB_W34,CREGION,Midwest,[0.32099585 0.67900415],0.009262912450747077
236,BIOTECHB_W34,CREGION,Northeast,[0.38291161 0.61708839],0.020731048806613032
237,BIOTECHB_W34,CREGION,South,[0.2844182 0.7155818],0.016714893740932674
238,BIOTECHB_W34,CREGION,West,[0.34473488 0.65526512],0.006237914084018016
239,EAT3E_W34,CREGION,Midwest,[0.80247019 0.19752981],0.0
240,EAT3E_W34,CREGION,Northeast,[0.77897327 0.22102673],0.0
241,EAT3E_W34,CREGION,South,[0.73059418 0.26940582],0.0
242,EAT3E_W34,CREGION,West,[0.74286153 0.25713847],0.0
243,SCI4_W34,CREGION,Midwest,[0.56534722 0.43465278],0.0062767248698239785
244,SCI4_W34,CREGION,Northeast,[0.62828096 0.37171904],0.025511433860290717
245,SCI4_W34,CREGION,South,[0.54742551 0.45257449],0.0188979419756985
246,SCI4_W34,CREGION,West,[0.58556825 0.41443175],0.012717500475912689
247,SCI1_W34,CREGION,Midwest,[0.89659813 0.10340187],0.010784826183997414
248,SCI1_W34,CREGION,Northeast,[0.93320512 0.06679488],0.0035739177006256888
249,SCI1_W34,CREGION,South,[0.88442398 0.11557602],0.006653994300029335
250,SCI1_W34,CREGION,West,[0.92080057 0.07919943],0.0030553546985857658
251,EVOBIOB_W34,CREGION,Midwest,[0.65823639 0.34176361],0.04925826579430982
252,EVOBIOB_W34,CREGION,Northeast,[0.64895793 0.35104207],0.20330655614506996
253,EVOBIOB_W34,CREGION,South,[0.51785133 0.48214867],0.06049263608884596
254,EVOBIOB_W34,CREGION,West,[0.66237275 0.33762725],0.09987509480548487
255,BIOTECHE_W34,CREGION,Midwest,[0.21174157 0.78825843],0.013243891882063394
256,BIOTECHE_W34,CREGION,Northeast,[0.19784908 0.80215092],0.02723637081368917
257,BIOTECHE_W34,CREGION,South,[0.19616372 0.80383628],0.01144907543721075
258,BIOTECHE_W34,CREGION,West,[0.26001873 0.73998127],0.005132922608125295
259,MED2F_W34,CREGION,Midwest,[0.60256707 0.33889538 0.05853755],0.008315019290663963
260,MED2F_W34,CREGION,Northeast,[0.55442515 0.38118283 0.06439202],0.0145795552534497
261,MED2F_W34,CREGION,South,[0.59723498 0.36290665 0.03985837],0.0015772817145896178
262,MED2F_W34,CREGION,West,[0.58861582 0.38164798 0.0297362 ],0.0
263,MED2C_W34,CREGION,Midwest,[0.42010362 0.4843332  0.09556317],0.006808351792958396
264,MED2C_W34,CREGION,Northeast,[0.46965617 0.45692354 0.07342029],0.012590651632028979
265,MED2C_W34,CREGION,South,[0.47299472 0.44423627 0.08276901],0.00908881064897385
266,MED2C_W34,CREGION,West,[0.40820247 0.47771206 0.11408547],0.0026808220996659836
0,MED4A_W34,AGE,18-29,[0.29624761 0.70375239],0.01722585276392359
1,MED4A_W34,AGE,30-49,[0.20658965 0.79341035],0.012013001887066577
2,MED4A_W34,AGE,50-64,[0.12914626 0.87085374],0.017100571190329813
3,MED4A_W34,AGE,65+,[0.13246733 0.86753267],0.00930315484804808
4,EAT3J_W34,AGE,18-29,[0.94828763 0.05171237],0.0
5,EAT3J_W34,AGE,30-49,[0.89750728 0.10249272],0.0
6,EAT3J_W34,AGE,50-64,[0.85361099 0.14638901],0.0
7,EAT3J_W34,AGE,65+,[0.83758088 0.16241912],0.0
8,EAT3G_W34,AGE,18-29,[0.7187398 0.2812602],0.0
9,EAT3G_W34,AGE,30-49,[0.69697658 0.30302342],0.0
10,EAT3G_W34,AGE,50-64,[0.64329624 0.35670376],0.0
11,EAT3G_W34,AGE,65+,[0.59688196 0.40311804],0.0
12,MED2G_W34,AGE,18-29,[0.32876564 0.48972415 0.18151021],0.013829108000800387
13,MED2G_W34,AGE,30-49,[0.50512718 0.38522715 0.10964567],0.011447216212134438
14,MED2G_W34,AGE,50-64,[0.58187395 0.35281956 0.06530649],0.002237472025778835
15,MED2G_W34,AGE,65+,[0.51671047 0.40628606 0.07700346],0.007701065117412885
16,MED6C_W34,AGE,18-29,[0.40263524 0.41311994 0.15182611 0.03241871],0.017657331564840558
17,MED6C_W34,AGE,30-49,[0.47961339 0.37532735 0.10778189 0.03727737],0.007329514805778456
18,MED6C_W34,AGE,50-64,[0.46767454 0.37268728 0.1331695  0.02646868],0.012191696137455523
19,MED6C_W34,AGE,65+,[0.47695841 0.38999429 0.10073926 0.03230804],0.0
20,BIOTECHC_W34,AGE,18-29,[0.61217271 0.38782729],0.026230945794922217
21,BIOTECHC_W34,AGE,30-49,[0.68717066 0.31282934],0.00803529007873052
22,BIOTECHC_W34,AGE,50-64,[0.71930242 0.28069758],0.01773783965191474
23,BIOTECHC_W34,AGE,65+,[0.8215986 0.1784014],0.006979256864665146
24,BIOTECHD_W34,AGE,18-29,[0.60310126 0.39689874],0.00997728551618422
25,BIOTECHD_W34,AGE,30-49,[0.6252807 0.3747193],0.019284672369342032
26,BIOTECHD_W34,AGE,50-64,[0.50363237 0.49636763],0.015216341363843696
27,BIOTECHD_W34,AGE,65+,[0.5803543 0.4196457],0.024029922970358376
28,MED6D_W34,AGE,18-29,[0.56163638 0.30852177 0.07689098 0.05295088],0.01722585276392359
29,MED6D_W34,AGE,30-49,[0.59216502 0.27687424 0.09453693 0.03642382],0.007329514805778456
30,MED6D_W34,AGE,50-64,[0.5759497  0.30708496 0.07921465 0.03775069],0.016835581886962814
31,MED6D_W34,AGE,65+,[0.58831223 0.29238625 0.09609238 0.02320914],0.0015371662013423872
32,EVOPERS3A_W34,AGE,30-49,[0.75608999 0.20962395 0.03428606],0.3479838252679267
33,EVOPERS3A_W34,AGE,50-64,[0. 1. 0.],0.9564295312588543
34,EVOPERS3A_W34,AGE,65+,[0.         0.22278909 0.77721091],0.8934695786482005
35,EAT6_W34,AGE,18-29,[0.5238167 0.4761833],0.04051299637890932
36,EAT6_W34,AGE,30-49,[0.54909314 0.45090686],0.0009474919061762593
37,EAT6_W34,AGE,50-64,[0.53228777 0.46771223],0.020863328737159317
38,EAT6_W34,AGE,65+,[0.42316451 0.57683549],0.019398591493660827
39,SCI3C_W34,AGE,18-29,[0.80784769 0.19215231],0.0
40,SCI3C_W34,AGE,30-49,[0.82454038 0.17545962],0.017944324240326097
41,SCI3C_W34,AGE,50-64,[0.81048973 0.18951027],0.014405580767240281
42,SCI3C_W34,AGE,65+,[0.77483918 0.22516082],0.010096176073822015
43,EAT1_W34,AGE,18-29,[0.10155396 0.31736888 0.35064984 0.17803927 0.05238805],0.01236070433652564
44,EAT1_W34,AGE,30-49,[0.09623438 0.35522214 0.35151027 0.17365186 0.02338134],0.0006141134253358608
45,EAT1_W34,AGE,50-64,[0.13755825 0.39009748 0.31928434 0.12935769 0.02370224],0.006436631774318685
46,EAT1_W34,AGE,65+,[0.12830691 0.43551568 0.26278341 0.14119781 0.03219619],0.0015216884441930883
47,FUD37A_W34,AGE,18-29,[0.36669101 0.39888357 0.20377656 0.03064886],0.01593810431762184
48,FUD37A_W34,AGE,30-49,[0.26919705 0.39438808 0.28031027 0.0561046 ],0.005682839080604768
49,FUD37A_W34,AGE,50-64,[0.21386401 0.36698696 0.34963863 0.0695104 ],0.007425619459407486
50,FUD37A_W34,AGE,65+,[0.15900201 0.3697207  0.38514921 0.08612807],0.011360249119320235
51,MED4C_W34,AGE,18-29,[0.72810542 0.27189458],0.019585019254930898
52,MED4C_W34,AGE,30-49,[0.61472938 0.38527062],0.017830624529119043
53,MED4C_W34,AGE,50-64,[0.51617253 0.48382747],0.027593788304312947
54,MED4C_W34,AGE,65+,[0.59782777 0.40217223],0.018141247630956866
55,SCI3A_W34,AGE,18-29,[0.7931228 0.2068772],0.02468015710241892
56,SCI3A_W34,AGE,30-49,[0.78762827 0.21237173],0.01051024240854815
57,SCI3A_W34,AGE,50-64,[0.76507862 0.23492138],0.011893279999911383
58,SCI3A_W34,AGE,65+,[0.76627563 0.23372437],0.004172012118728326
59,MED6A_W34,AGE,18-29,[0.51753276 0.3436557  0.10589947 0.03291207],0.02248037925117351
60,MED6A_W34,AGE,30-49,[0.53750087 0.31457166 0.1085466  0.03938086],0.00780258643402559
61,MED6A_W34,AGE,50-64,[0.56100397 0.31653529 0.07724913 0.04521161],0.01030974306106267
62,MED6A_W34,AGE,65+,[0.5882703  0.32348648 0.074321   0.01392222],0.0058448907273884985
63,G1_W34,AGE,18-29,[0.39956135 0.60043865],0.30396036759717293
64,G1_W34,AGE,30-49,[0.36657259 0.63342741],0.3274325249636137
65,G1_W34,AGE,50-64,[0.43578196 0.56421804],0.3918222043924074
66,G1_W34,AGE,65+,[0.38175803 0.61824197],0.3506113904318172
67,MED6B_W34,AGE,18-29,[0.22475253 0.50019548 0.22497976 0.05007223],0.01722585276392359
68,MED6B_W34,AGE,30-49,[0.17486404 0.50495837 0.26470318 0.05547441],0.010011681020423943
69,MED6B_W34,AGE,50-64,[0.13037759 0.46622163 0.28420329 0.11919749],0.016006046944326398
70,MED6B_W34,AGE,65+,[0.11942735 0.48576545 0.31724005 0.07756716],0.023580729317911085
71,MED6E_W34,AGE,18-29,[0.19292277 0.47212487 0.29266531 0.04228705],0.02476173134168655
72,MED6E_W34,AGE,30-49,[0.21573017 0.3994899  0.30461985 0.08016008],0.009233612227568282
73,MED6E_W34,AGE,50-64,[0.1558709  0.42872323 0.31171518 0.10369069],0.012025164872521383
74,MED6E_W34,AGE,65+,[0.17541355 0.43898504 0.2930653  0.09253611],0.014005389440313957
75,EAT5D_W34,AGE,18-29,[0.28658744 0.48588129 0.1849398  0.04259147],0.016164338111569875
76,EAT5D_W34,AGE,30-49,[0.238265   0.5266117  0.18812415 0.04699915],0.0014733247981132864
77,EAT5D_W34,AGE,50-64,[0.28621723 0.53552936 0.14204121 0.0362122 ],0.004230021546907622
78,EAT5D_W34,AGE,65+,[0.24900116 0.53967596 0.20104496 0.01027792],0.00043881052165388934
79,EAT5B_W34,AGE,18-29,[0.29384843 0.48395129 0.16736134 0.05483894],0.016164338111569875
80,EAT5B_W34,AGE,30-49,[0.29592142 0.49897121 0.16669045 0.03841691],0.002347700795037947
81,EAT5B_W34,AGE,50-64,[0.36911163 0.43590317 0.15180201 0.04318319],0.0017555158420526251
82,EAT5B_W34,AGE,65+,[0.33306595 0.49576945 0.1579447  0.0132199 ],0.00076313152276483
83,EVOONE_W34,AGE,18-29,[0.68001628 0.31998372],0.01004054480350613
84,EVOONE_W34,AGE,30-49,[0.76380246 0.23619754],0.027664810634954306
85,EVOONE_W34,AGE,50-64,[0.63520629 0.36479371],0.04539142543074012
86,EVOONE_W34,AGE,65+,[0.66739323 0.33260677],0.01159602042677404
87,BIOTECHA_W34,AGE,18-29,[0.51797059 0.48202941],0.019073604430455852
88,BIOTECHA_W34,AGE,30-49,[0.43514615 0.56485385],0.018197434432928084
89,BIOTECHA_W34,AGE,50-64,[0.40421345 0.59578655],0.01870324756656214
90,BIOTECHA_W34,AGE,65+,[0.41944079 0.58055921],0.015085954432247643
91,FUD37C_W34,AGE,18-29,[0.20883513 0.42168496 0.31467914 0.05480076],0.01593810431762184
92,FUD37C_W34,AGE,30-49,[0.22135412 0.36788206 0.35532394 0.05543988],0.005065060735374896
93,FUD37C_W34,AGE,50-64,[0.24594705 0.30982403 0.37024502 0.0739839 ],0.0171868476041824
94,FUD37C_W34,AGE,65+,[0.18121714 0.33567952 0.42923969 0.05386365],0.018597322549221623
95,MED5_W34,AGE,18-29,[0.06787736 0.31311745 0.51968708 0.09931812],0.016595816912486835
96,MED5_W34,AGE,30-49,[0.06146312 0.28971265 0.46397998 0.18484426],0.002836509541202817
97,MED5_W34,AGE,50-64,[0.09833041 0.28336886 0.38971845 0.22858228],0.023627426739818835
98,MED5_W34,AGE,65+,[0.06748165 0.29198798 0.47659453 0.16393584],0.014932887851900502
99,EAT3H_W34,AGE,18-29,[0.74383766 0.25616234],0.0
100,EAT3H_W34,AGE,30-49,[0.74203529 0.25796471],0.0
101,EAT3H_W34,AGE,50-64,[0.71401703 0.28598297],0.0
102,EAT3H_W34,AGE,65+,[0.68077861 0.31922139],0.0
103,SCI3B_W34,AGE,18-29,[0.8133939 0.1866061],0.0006937269571318652
104,SCI3B_W34,AGE,30-49,[0.82512411 0.17487589],0.009202742465350642
105,SCI3B_W34,AGE,50-64,[0.77909269 0.22090731],0.01894727007487051
106,SCI3B_W34,AGE,65+,[0.8110922 0.1889078],0.00987133696609385
107,SCI5_W34,AGE,18-29,[0.44885837 0.55114163],0.00997728551618422
108,SCI5_W34,AGE,30-49,[0.51008404 0.48991596],0.013705636668030426
109,SCI5_W34,AGE,50-64,[0.44638153 0.55361847],0.029775101126152132
110,SCI5_W34,AGE,65+,[0.47807721 0.52192279],0.021549106413102537
111,FUD37D_W34,AGE,18-29,[0.38696437 0.41250431 0.14082814 0.05970319],0.01801519885821439
112,FUD37D_W34,AGE,30-49,[0.34722869 0.43019056 0.18379058 0.03879017],0.007353355888984655
113,FUD37D_W34,AGE,50-64,[0.29639993 0.4720652  0.18148013 0.05005475],0.012495147723906728
114,FUD37D_W34,AGE,65+,[0.21852972 0.49987481 0.250013   0.03158248],0.011898183125663929
115,FUD33B_W34,AGE,18-29,[0.0180093  0.33648161 0.64550909],0.1737492581098162
116,FUD33B_W34,AGE,30-49,[0.03257465 0.42672276 0.54070258],0.03713166813306245
117,FUD33B_W34,AGE,50-64,[0.07070434 0.3372766  0.59201906],0.018780887903288912
118,FUD33B_W34,AGE,65+,[0.04240732 0.31407558 0.6435171 ],0.004312823035872051
119,FUD33A_W34,AGE,18-29,[0.07588745 0.49802853 0.42608402],0.18549129139625087
120,FUD33A_W34,AGE,30-49,[0.05700097 0.56713116 0.37586786],0.24524428946030558
121,FUD33A_W34,AGE,50-64,[0.04585002 0.54880515 0.40534482],0.3253524020936984
122,FUD33A_W34,AGE,65+,[0.03393386 0.58776537 0.37830077],0.3261353968312258
123,FUD22_W34,AGE,18-29,[0.06304406 0.30140737 0.45703356 0.17851502],0.009622063178018204
124,FUD22_W34,AGE,30-49,[0.06820206 0.34604035 0.41946617 0.16629143],0.0037590637169646335
125,FUD22_W34,AGE,50-64,[0.06564024 0.31288072 0.42438899 0.19709004],0.008308476425120535
126,FUD22_W34,AGE,65+,[0.06735357 0.31393245 0.43064001 0.18807397],0.004512082841772008
127,EAT5A_W34,AGE,18-29,[0.24363823 0.53972897 0.16631544 0.05031735],0.016164338111569875
128,EAT5A_W34,AGE,30-49,[0.26806093 0.51522465 0.1833609  0.03335352],0.0015619788106714723
129,EAT5A_W34,AGE,50-64,[0.38917056 0.41629292 0.16293742 0.03159909],0.0010510797688912808
130,EAT5A_W34,AGE,65+,[0.37122883 0.45554677 0.15997447 0.01324993],0.0002225947581861143
131,SCI2B_W34,AGE,18-29,[0.90033078 0.09966922],0.003917687155315372
132,SCI2B_W34,AGE,30-49,[0.89258165 0.10741835],0.010844183405152787
133,SCI2B_W34,AGE,50-64,[0.9055404 0.0944596],0.011726572707724542
134,SCI2B_W34,AGE,65+,[0.93211687 0.06788313],0.0035254370341645793
135,SCI2A_W34,AGE,18-29,[0.65930912 0.34069088],0.0011790459968079319
136,SCI2A_W34,AGE,30-49,[0.6863639 0.3136361],0.0031098888366720622
137,SCI2A_W34,AGE,50-64,[0.72394684 0.27605316],0.01389450697346435
138,SCI2A_W34,AGE,65+,[0.77880209 0.22119791],0.017430224448627542
139,EAT5C_W34,AGE,18-29,[0.23580056 0.43239111 0.26684041 0.06496792],0.016164338111569875
140,EAT5C_W34,AGE,30-49,[0.21324333 0.47566781 0.23326525 0.0778236 ],0.0007791787234353093
141,EAT5C_W34,AGE,50-64,[0.21603894 0.50181374 0.2285063  0.05364103],0.004487205768081336
142,EAT5C_W34,AGE,65+,[0.15239255 0.533673   0.29131224 0.02262221],0.00043881052165388934
143,SCI2C_W34,AGE,18-29,[0.69168485 0.30831515],0.003917687155315372
144,SCI2C_W34,AGE,30-49,[0.7853399 0.2146601],0.009294553247237044
145,SCI2C_W34,AGE,50-64,[0.75081399 0.24918601],0.008751215304650797
146,SCI2C_W34,AGE,65+,[0.82133818 0.17866182],0.002264079944556394
147,EVOPERS3_W34,AGE,18-29,[0.49131869 0.42489236 0.08378895],0.0007078281308155252
148,EVOPERS3_W34,AGE,30-49,[0.38124794 0.43184625 0.18690581],0.026087633025538605
149,EVOPERS3_W34,AGE,50-64,[0.21071585 0.57692218 0.21236197],0.00842769356671269
150,EVOPERS3_W34,AGE,65+,[0.26393555 0.50758633 0.22847811],0.019938314189017804
151,EAT3K_W34,AGE,18-29,[0.66133738 0.33866262],0.0
152,EAT3K_W34,AGE,30-49,[0.72415417 0.27584583],0.0
153,EAT3K_W34,AGE,50-64,[0.82067515 0.17932485],0.0
154,EAT3K_W34,AGE,65+,[0.84668099 0.15331901],0.0
155,BIO15_W34,AGE,18-29,[0.43990737 0.56009263],0.014623777725579587
156,BIO15_W34,AGE,30-49,[0.57246909 0.42753091],0.0030288138843619973
157,BIO15_W34,AGE,50-64,[0.70870227 0.29129773],0.0038927788724054412
158,BIO15_W34,AGE,65+,[0.87339439 0.12660561],0.0033524381149067253
159,EAT3F_W34,AGE,18-29,[0.7156472 0.2843528],0.0
160,EAT3F_W34,AGE,30-49,[0.66899911 0.33100089],0.0
161,EAT3F_W34,AGE,50-64,[0.57512792 0.42487208],0.0
162,EAT3F_W34,AGE,65+,[0.50365295 0.49634705],0.0
163,G2_W34,AGE,18-29,[0.16176058 0.83823942],0.2981661324708219
164,G2_W34,AGE,30-49,[0.20980871 0.79019129],0.21174218159560182
165,G2_W34,AGE,50-64,[0.18262126 0.81737874],0.17806983348386066
166,G2_W34,AGE,65+,[0.15004389 0.84995611],0.12688497425133968
167,EAT3I_W34,AGE,18-29,[0.64446727 0.35553273],0.0
168,EAT3I_W34,AGE,30-49,[0.57999315 0.42000685],0.0
169,EAT3I_W34,AGE,50-64,[0.51402568 0.48597432],0.0
170,EAT3I_W34,AGE,65+,[0.50804481 0.49195519],0.0
171,MED7_W34,AGE,18-29,[0.44052134 0.55947866],0.012374180199017792
172,MED7_W34,AGE,30-49,[0.37347153 0.62652847],0.015688005638642352
173,MED7_W34,AGE,50-64,[0.28952469 0.71047531],0.027576108096247984
174,MED7_W34,AGE,65+,[0.24787078 0.75212922],0.016906840020637956
175,MED2D_W34,AGE,18-29,[0.80839638 0.1423057  0.04929792],0.010315790135150067
176,MED2D_W34,AGE,30-49,[0.82179539 0.14264074 0.03556387],0.0028362855408642
177,MED2D_W34,AGE,50-64,[0.84669626 0.13712481 0.01617893],0.002229714880387305
178,MED2D_W34,AGE,65+,[0.8417024  0.14327904 0.01501856],0.0011049003187849648
179,MED2A_W34,AGE,18-29,[0.37796706 0.48461674 0.1374162 ],0.009622063178018203
180,MED2A_W34,AGE,30-49,[0.43048421 0.44264312 0.12687267],0.006538790823263835
181,MED2A_W34,AGE,50-64,[0.50774475 0.37564071 0.11661454],0.0011556014063342829
182,MED2A_W34,AGE,65+,[0.51077662 0.39550333 0.09372005],0.005468018467789186
183,EVOTWO_W34,AGE,18-29,[0. 1.],0.0
184,EVOTWO_W34,AGE,30-49,[0.97440436 0.02559564],0.5159035670242669
185,EVOTWO_W34,AGE,50-64,[0.23770709 0.76229291],0.4831566443902884
186,EVOTWO_W34,AGE,65+,[1. 0.],0.4869689960421833
187,MED2B_W34,AGE,18-29,[0.63066539 0.30353507 0.06579954],0.018966542417023138
188,MED2B_W34,AGE,30-49,[0.71524928 0.25679899 0.02795173],0.00345024809727587
189,MED2B_W34,AGE,50-64,[0.71191031 0.26075218 0.02733751],0.00022077737397677833
190,MED2B_W34,AGE,65+,[0.64620475 0.32933759 0.02445766],0.0
191,EVOTHREE_W34,AGE,18-29,[0.742353 0.257647],0.028101267172930114
192,EVOTHREE_W34,AGE,30-49,[0.68623566 0.31376434],0.007440982924694349
193,EVOTHREE_W34,AGE,50-64,[0.4755747 0.5244253],0.04697753936323132
194,EVOTHREE_W34,AGE,65+,[0.4469127 0.5530873],0.03480278049338178
195,MED1_W34,AGE,18-29,[0.45359785 0.54640215],0.017052567651695806
196,MED1_W34,AGE,30-49,[0.50147718 0.49852282],0.013190660530336957
197,MED1_W34,AGE,50-64,[0.4429918 0.5570082],0.01016831541586787
198,MED1_W34,AGE,65+,[0.5629154 0.4370846],0.021473009363448006
199,EVOBIOA_W34,AGE,18-29,[0.87838641 0.12161359],0.2054779303597002
200,EVOBIOA_W34,AGE,30-49,[0.84441651 0.15558349],0.14965381426502847
201,EVOBIOA_W34,AGE,50-64,[0.72871408 0.27128592],0.2322147590330737
202,EVOBIOA_W34,AGE,65+,[0.76178375 0.23821625],0.1926877371468603
203,FUD37B_W34,AGE,18-29,[0.25556984 0.30881075 0.35176284 0.08385657],0.01602273064759037
204,FUD37B_W34,AGE,30-49,[0.24493293 0.38548239 0.28192552 0.08765916],0.013616421987277265
205,FUD37B_W34,AGE,50-64,[0.26999722 0.33500103 0.33301246 0.06198929],0.003951149200202276
206,FUD37B_W34,AGE,65+,[0.18589514 0.39026476 0.37910818 0.04473192],0.021417014251867813
207,FUD35_W34,AGE,18-29,[0.16380517 0.42077767 0.29037531 0.12504186],0.009622063178018204
208,FUD35_W34,AGE,30-49,[0.22152271 0.37808289 0.28946126 0.11093314],0.0037590637169646335
209,FUD35_W34,AGE,50-64,[0.24404245 0.39942623 0.26090795 0.09562338],0.0010641543985312342
210,FUD35_W34,AGE,65+,[0.23171437 0.38448245 0.30385465 0.07994854],0.0024143827525357083
211,MED2E_W34,AGE,18-29,[0.33268337 0.5388037  0.12851294],0.015027649323221115
212,MED2E_W34,AGE,30-49,[0.39212309 0.51043621 0.0974407 ],0.011100938751383295
213,MED2E_W34,AGE,50-64,[0.4816075  0.43774894 0.08064356],0.007933397847656645
214,MED2E_W34,AGE,65+,[0.50170698 0.44926968 0.04902334],0.004910178974452933
215,FUD24_W34,AGE,18-29,[0.54880199 0.02732452 0.42387348],0.009622063178018203
216,FUD24_W34,AGE,30-49,[0.4721839  0.02562788 0.50218822],0.0038685319408058136
217,FUD24_W34,AGE,50-64,[0.42933699 0.02736296 0.54330005],0.0171942954989103
218,FUD24_W34,AGE,65+,[0.39021738 0.02445315 0.58532947],0.007652044249732341
219,EAT2_W34,AGE,18-29,[0.15033379 0.35326647 0.30406574 0.17277635 0.01955766],0.009622063178018204
220,EAT2_W34,AGE,30-49,[0.13396823 0.29678156 0.3184578  0.2222942  0.02849822],0.005881575929909625
221,EAT2_W34,AGE,50-64,[0.09930499 0.266065   0.27744623 0.31252483 0.04465896],0.009565617290777501
222,EAT2_W34,AGE,65+,[0.06209493 0.24119808 0.29140574 0.3595853  0.04571595],0.0012291849640121387
223,MED3_W34,AGE,18-29,[0.14553733 0.54481243 0.30965024],0.014623777725579587
224,MED3_W34,AGE,30-49,[0.14067341 0.56094684 0.29837975],0.004316303555707956
225,MED3_W34,AGE,50-64,[0.09434117 0.54170953 0.3639493 ],0.006680266386824176
226,MED3_W34,AGE,65+,[0.09095279 0.59827166 0.31077555],0.006573872569717957
227,MED4B_W34,AGE,18-29,[0.80761616 0.19238384],0.028058060767804812
228,MED4B_W34,AGE,30-49,[0.73126035 0.26873965],0.005166508776538517
229,MED4B_W34,AGE,50-64,[0.6499579 0.3500421],0.014503006126392558
230,MED4B_W34,AGE,65+,[0.74599233 0.25400767],0.023426892031914868
231,FUD32_W34,AGE,18-29,[0.38333537 0.50582207 0.11084256],0.009622063178018204
232,FUD32_W34,AGE,30-49,[0.27707529 0.59474914 0.12817557],0.0010197770288480294
233,FUD32_W34,AGE,50-64,[0.24728353 0.60932215 0.14339433],0.0019080012091987006
234,FUD32_W34,AGE,65+,[0.26480373 0.60013054 0.13506572],0.004102767784765118
235,BIOTECHB_W34,AGE,18-29,[0.46800695 0.53199305],0.01441319648904901
236,BIOTECHB_W34,AGE,30-49,[0.37461783 0.62538217],0.01499532942233265
237,BIOTECHB_W34,AGE,50-64,[0.21814953 0.78185047],0.013767100825278487
238,BIOTECHB_W34,AGE,65+,[0.2337978 0.7662022],0.009092978017928091
239,EAT3E_W34,AGE,18-29,[0.89752359 0.10247641],0.0
240,EAT3E_W34,AGE,30-49,[0.8093604 0.1906396],0.0
241,EAT3E_W34,AGE,50-64,[0.67160367 0.32839633],0.0
242,EAT3E_W34,AGE,65+,[0.64567133 0.35432867],0.0
243,SCI4_W34,AGE,18-29,[0.58515592 0.41484408],0.013972779407229274
244,SCI4_W34,AGE,30-49,[0.57746055 0.42253945],0.015393115933125028
245,SCI4_W34,AGE,50-64,[0.55799554 0.44200446],0.02309546423916746
246,SCI4_W34,AGE,65+,[0.57985316 0.42014684],0.009137332999817806
247,SCI1_W34,AGE,18-29,[0.92797415 0.07202585],0.0
248,SCI1_W34,AGE,30-49,[0.90950175 0.09049825],0.00016506529809944857
249,SCI1_W34,AGE,50-64,[0.87379738 0.12620262],0.009930735445549189
250,SCI1_W34,AGE,65+,[0.91472727 0.08527273],0.017142385141691845
251,EVOBIOB_W34,AGE,18-29,[0.69475157 0.30524843],0.16648526073068662
252,EVOBIOB_W34,AGE,30-49,[0.56346544 0.43653456],0.05418273606694594
253,EVOBIOB_W34,AGE,50-64,[0.61195064 0.38804936],0.07079908847914064
254,EVOBIOB_W34,AGE,65+,[0.55122149 0.44877851],0.09681731120512914
255,BIOTECHE_W34,AGE,18-29,[0.26601434 0.73398566],0.01000673904552326
256,BIOTECHE_W34,AGE,30-49,[0.27052467 0.72947533],0.00926103776498584
257,BIOTECHE_W34,AGE,50-64,[0.17436636 0.82563364],0.01576224632074741
258,BIOTECHE_W34,AGE,65+,[0.1270543 0.8729457],0.01894678766865182
259,MED2F_W34,AGE,18-29,[0.55991317 0.37295665 0.06713018],0.009622063178018204
260,MED2F_W34,AGE,30-49,[0.60763827 0.34688508 0.04547664],0.006906605316092014
261,MED2F_W34,AGE,50-64,[0.62439193 0.33370005 0.04190802],0.0011152401813009443
262,MED2F_W34,AGE,65+,[0.53928666 0.43151419 0.02919916],0.0018551535473792101
263,MED2C_W34,AGE,18-29,[0.46655641 0.43819718 0.09524641],0.009622063178018203
264,MED2C_W34,AGE,30-49,[0.42090412 0.49024152 0.08885437],0.005228121870215311
265,MED2C_W34,AGE,50-64,[0.46828851 0.41198665 0.11972484],0.011260423609689115
266,MED2C_W34,AGE,65+,[0.43533382 0.51103979 0.05362639],0.004984744064467838
0,MED4A_W34,SEX,Female,[0.13358295 0.86641705],0.009966336270293148
1,MED4A_W34,SEX,Male,[0.24836995 0.75163005],0.018088921664246797
2,EAT3J_W34,SEX,Female,[0.87737339 0.12262661],0.0
3,EAT3J_W34,SEX,Male,[0.89161179 0.10838821],0.0
4,EAT3G_W34,SEX,Female,[0.64337901 0.35662099],0.0
5,EAT3G_W34,SEX,Male,[0.69156527 0.30843473],0.0
6,MED2G_W34,SEX,Female,[0.51675822 0.38697767 0.09626411],0.012472728741779803
7,MED2G_W34,SEX,Male,[0.46868676 0.41608156 0.11523169],0.004630819597908824
8,MED6C_W34,SEX,Female,[0.49131309 0.35125962 0.11640942 0.04101787],0.007336105170320766
9,MED6C_W34,SEX,Male,[0.42559547 0.4235616  0.12782823 0.0230147 ],0.011355706779330873
10,BIOTECHC_W34,SEX,Female,[0.68556914 0.31443086],0.014290116002391048
11,BIOTECHC_W34,SEX,Male,[0.73074165 0.26925835],0.013959981145462643
12,BIOTECHD_W34,SEX,Female,[0.5005244 0.4994756],0.01725781760506298
13,BIOTECHD_W34,SEX,Male,[0.66269342 0.33730658],0.01714848714554586
14,MED6D_W34,SEX,Female,[0.63279938 0.27002018 0.06335327 0.03382718],0.010603686417106106
15,MED6D_W34,SEX,Male,[0.5266551  0.31973634 0.11235004 0.04125852],0.010906363855509214
16,EVOPERS3A_W34,SEX,Female,[0.95166301 0.02165795 0.02667904],0.590997433101323
17,EVOPERS3A_W34,SEX,Male,[0.         0.76399042 0.23600958],0.5750678176581121
18,EAT6_W34,SEX,Female,[0.56509206 0.43490794],0.026204367957863687
19,EAT6_W34,SEX,Male,[0.46125685 0.53874315],0.009255582324948329
20,SCI3C_W34,SEX,Female,[0.81419781 0.18580219],0.009223659978375294
21,SCI3C_W34,SEX,Male,[0.80141386 0.19858614],0.01455601765802586
22,EAT1_W34,SEX,Female,[0.13357159 0.38812791 0.30605308 0.14879709 0.02345034],0.0009717511417471617
23,EAT1_W34,SEX,Male,[0.09614235 0.35544394 0.34571536 0.16350354 0.03919481],0.008793529658158184
24,FUD37A_W34,SEX,Female,[0.22719971 0.37532761 0.32701767 0.070455  ],0.010990117962754047
25,FUD37A_W34,SEX,Male,[0.27964164 0.38992113 0.27929598 0.05114125],0.007598832316039619
26,MED4C_W34,SEX,Female,[0.55169518 0.44830482],0.016870647646174547
27,MED4C_W34,SEX,Male,[0.66854481 0.33145519],0.025124245787197214
28,SCI3A_W34,SEX,Female,[0.76468597 0.23531403],0.010886480545351135
29,SCI3A_W34,SEX,Male,[0.79236285 0.20763715],0.014206235556006945
30,MED6A_W34,SEX,Female,[0.5790781  0.29233125 0.08339946 0.04519119],0.011717625784045399
31,MED6A_W34,SEX,Male,[0.52033021 0.35415118 0.10236989 0.02314872],0.010359124533688679
32,G1_W34,SEX,Female,[0.41512351 0.58487649],0.3257004234763906
33,G1_W34,SEX,Male,[0.36900983 0.63099017],0.36523739405334216
34,MED6B_W34,SEX,Female,[0.13352477 0.46030895 0.31409529 0.092071  ],0.017042558296052744
35,MED6B_W34,SEX,Male,[0.19196347 0.52138816 0.22673097 0.0599174 ],0.014402623576044842
36,MED6E_W34,SEX,Female,[0.14670343 0.40887335 0.34047682 0.1039464 ],0.012275656940695706
37,MED6E_W34,SEX,Male,[0.22947651 0.45285161 0.25940703 0.05826485],0.015992076227513356
38,EAT5D_W34,SEX,Female,[0.30968487 0.53306325 0.13966255 0.01758934],0.005335969964026826
39,EAT5D_W34,SEX,Male,[0.21249291 0.51467384 0.21752551 0.05530775],0.00462926162434232
40,EAT5B_W34,SEX,Female,[0.38939031 0.46706152 0.12035094 0.02319723],0.005099689551459017
41,EAT5B_W34,SEX,Male,[0.25054242 0.48993153 0.20400828 0.05551777],0.0042232677173181426
42,EVOONE_W34,SEX,Female,[0.63222513 0.36777487],0.021577605068643833
43,EVOONE_W34,SEX,Male,[0.7589939 0.2410061],0.03007830829873553
44,BIOTECHA_W34,SEX,Female,[0.34294564 0.65705436],0.013032442321673767
45,BIOTECHA_W34,SEX,Male,[0.5476824 0.4523176],0.023039552803394682
46,FUD37C_W34,SEX,Female,[0.27437877 0.38367544 0.30246409 0.03948171],0.014265564876103903
47,FUD37C_W34,SEX,Male,[0.15754364 0.32696659 0.43194975 0.08354003],0.012100271020675119
48,MED5_W34,SEX,Female,[0.06860697 0.28279424 0.45652725 0.19207154],0.014252329340607772
49,MED5_W34,SEX,Male,[0.07917386 0.30523419 0.45784979 0.15774216],0.0129819440130453
50,EAT3H_W34,SEX,Female,[0.68644311 0.31355689],0.0
51,EAT3H_W34,SEX,Male,[0.75912517 0.24087483],0.0
52,SCI3B_W34,SEX,Female,[0.7958171 0.2041829],0.013518142018307984
53,SCI3B_W34,SEX,Male,[0.81933175 0.18066825],0.006705449978575143
54,SCI5_W34,SEX,Female,[0.36534322 0.63465678],0.016768925255108143
55,SCI5_W34,SEX,Male,[0.59132168 0.40867832],0.021017697783854317
56,FUD37D_W34,SEX,Female,[0.26249086 0.4625343  0.22163168 0.05334317],0.01312632966268084
57,FUD37D_W34,SEX,Male,[0.37389249 0.4401785  0.15072536 0.03520365],0.010373556263677723
58,FUD33B_W34,SEX,Female,[0.04014638 0.35386403 0.6059896 ],0.0394560960166187
59,FUD33B_W34,SEX,Male,[0.05242601 0.3628331  0.58474089],0.0455655696931853
60,FUD33A_W34,SEX,Female,[0.02863301 0.64088634 0.33048065],0.2743793206340102
61,FUD33A_W34,SEX,Male,[0.08115034 0.45464881 0.46420085],0.26612533428395224
62,FUD22_W34,SEX,Female,[0.07255376 0.31231071 0.42349989 0.19163564],0.001892916553940035
63,FUD22_W34,SEX,Male,[0.05932887 0.33209053 0.43878302 0.16979758],0.011058937377018147
64,EAT5A_W34,SEX,Female,[0.39598347 0.45867577 0.1239664  0.02137435],0.004194830907335617
65,EAT5A_W34,SEX,Male,[0.2306319  0.50738468 0.2181361  0.04384732],0.0040435219676576584
66,SCI2B_W34,SEX,Female,[0.89156991 0.10843009],0.006810040749021578
67,SCI2B_W34,SEX,Male,[0.92081401 0.07918599],0.009708581624643733
68,SCI2A_W34,SEX,Female,[0.64911659 0.35088341],0.008125160453023977
69,SCI2A_W34,SEX,Male,[0.77284609 0.22715391],0.008821509665287572
70,EAT5C_W34,SEX,Female,[0.2600966  0.50228175 0.21015052 0.02747113],0.004876093526876182
71,EAT5C_W34,SEX,Male,[0.15019071 0.46619923 0.29376973 0.08984033],0.004794783898061328
72,SCI2C_W34,SEX,Female,[0.76488541 0.23511459],0.003431493357947706
73,SCI2C_W34,SEX,Male,[0.76260625 0.23739375],0.01009180839554015
74,EVOPERS3_W34,SEX,Female,[0.30735914 0.5095926  0.18304826],0.0216045453076356
75,EVOPERS3_W34,SEX,Male,[0.36237756 0.4598288  0.17779364],0.008119026324562677
76,EAT3K_W34,SEX,Female,[0.79822263 0.20177737],0.0
77,EAT3K_W34,SEX,Male,[0.72358479 0.27641521],0.0
78,BIO15_W34,SEX,Female,[0.68582194 0.31417806],0.0053578455733776405
79,BIO15_W34,SEX,Male,[0.59541444 0.40458556],0.006016766934111633
80,EAT3F_W34,SEX,Female,[0.61833295 0.38166705],0.0
81,EAT3F_W34,SEX,Male,[0.62043921 0.37956079],0.0
82,G2_W34,SEX,Female,[0.18348051 0.81651949],0.1756772580004557
83,G2_W34,SEX,Male,[0.17690439 0.82309561],0.23372616341066585
84,EAT3I_W34,SEX,Female,[0.53667748 0.46332252],0.0
85,EAT3I_W34,SEX,Male,[0.58656562 0.41343438],0.0
86,MED7_W34,SEX,Female,[0.24549351 0.75450649],0.019025845483836852
87,MED7_W34,SEX,Male,[0.43931771 0.56068229],0.017822699381604298
88,MED2D_W34,SEX,Female,[0.87155116 0.11036284 0.018086  ],0.002256271442958642
89,MED2D_W34,SEX,Male,[0.78553729 0.17384485 0.04061787],0.005542299612545794
90,MED2A_W34,SEX,Female,[0.45336294 0.41830461 0.12833245],0.006637259880610884
91,MED2A_W34,SEX,Male,[0.46212941 0.4278709  0.10999969],0.004259694872731318
92,EVOTWO_W34,SEX,Female,[0.24766382 0.75233618],0.1659859873824731
93,EVOTWO_W34,SEX,Male,[1. 0.],0.6828735130516004
94,MED2B_W34,SEX,Female,[0.69545018 0.27321218 0.03133764],0.0019115318176061483
95,MED2B_W34,SEX,Male,[0.67190442 0.28993241 0.03816317],0.008386173513134832
96,EVOTHREE_W34,SEX,Female,[0.5777817 0.4222183],0.02468957318301832
97,EVOTHREE_W34,SEX,Male,[0.6186031 0.3813969],0.028487957646445766
98,MED1_W34,SEX,Female,[0.454639 0.545361],0.012543489462177529
99,MED1_W34,SEX,Male,[0.52217689 0.47782311],0.017166345656945796
100,EVOBIOA_W34,SEX,Female,[0.76725585 0.23274415],0.22516706818051435
101,EVOBIOA_W34,SEX,Male,[0.84271115 0.15728885],0.15703406741964437
102,FUD37B_W34,SEX,Female,[0.30369087 0.36593425 0.27624987 0.05412501],0.016077512413326518
103,FUD37B_W34,SEX,Male,[0.176353   0.34791532 0.3842848  0.09144687],0.009743239467420645
104,FUD35_W34,SEX,Female,[0.2590736  0.39150251 0.26755483 0.08186906],0.0007187770182492349
105,FUD35_W34,SEX,Male,[0.17488781 0.39633969 0.30235943 0.12641307],0.007404540487543607
106,MED2E_W34,SEX,Female,[0.46627489 0.44799045 0.08573465],0.010296259116463395
107,MED2E_W34,SEX,Male,[0.38521361 0.52149617 0.09329022],0.00926927244516259
108,FUD24_W34,SEX,Female,[0.4599821  0.02218062 0.51783728],0.004524055601294623
109,FUD24_W34,SEX,Male,[0.45849569 0.03046893 0.51103538],0.014574141099963805
110,EAT2_W34,SEX,Female,[0.1283175  0.26221189 0.28602886 0.27733794 0.04610381],0.002495776723848754
111,EAT2_W34,SEX,Male,[0.09736941 0.31669494 0.31219807 0.25191216 0.02182542],0.011209822260106202
112,MED3_W34,SEX,Female,[0.08861308 0.55397854 0.35740838],0.007216824463026183
113,MED3_W34,SEX,Male,[0.15163034 0.56577997 0.28258969],0.007778890272213739
114,MED4B_W34,SEX,Female,[0.68986195 0.31013805],0.02130118704711284
115,MED4B_W34,SEX,Male,[0.76672537 0.23327463],0.0102158380353855
116,FUD32_W34,SEX,Female,[0.25480929 0.59243261 0.15275809],0.0028432778603979213
117,FUD32_W34,SEX,Male,[0.32456168 0.56989427 0.10554405],0.004440967452251007
118,BIOTECHB_W34,SEX,Female,[0.24078316 0.75921684],0.010737382978282846
119,BIOTECHB_W34,SEX,Male,[0.41268389 0.58731611],0.016151987174748087
120,EAT3E_W34,SEX,Female,[0.76153351 0.23846649],0.0
121,EAT3E_W34,SEX,Male,[0.75226198 0.24773802],0.0
122,SCI4_W34,SEX,Female,[0.58313829 0.41686171],0.013578708500719145
123,SCI4_W34,SEX,Male,[0.5647489 0.4352511],0.018432020515051852
124,SCI1_W34,SEX,Female,[0.87880307 0.12119693],0.0076365504133238645
125,SCI1_W34,SEX,Male,[0.93120794 0.06879206],0.004519995253756459
126,EVOBIOB_W34,SEX,Female,[0.65442781 0.34557219],0.09111858785477078
127,EVOBIOB_W34,SEX,Male,[0.51955819 0.48044181],0.09399759898383798
128,BIOTECHE_W34,SEX,Female,[0.14296954 0.85703046],0.010575758271899448
129,BIOTECHE_W34,SEX,Male,[0.2925243 0.7074757],0.01574171702719344
130,MED2F_W34,SEX,Female,[0.61467004 0.35286326 0.03246669],0.004585912922064737
131,MED2F_W34,SEX,Male,[0.56134987 0.37903187 0.05961826],0.005200032926513509
132,MED2C_W34,SEX,Female,[0.50084532 0.43338691 0.06576778],0.007036623059250298
133,MED2C_W34,SEX,Male,[0.38682874 0.49446407 0.11870719],0.008397318408470146
0,MED4A_W34,EDUCATION,Associate's degree,[0.23107154 0.76892846],0.004724758946284706
1,MED4A_W34,EDUCATION,College graduate/some postgrad,[0.18099521 0.81900479],0.011051711918591126
2,MED4A_W34,EDUCATION,High school graduate,[0.18151044 0.81848956],0.015411356311532095
3,MED4A_W34,EDUCATION,Less than high school,[0.21410799 0.78589201],0.015999056502485235
4,MED4A_W34,EDUCATION,Postgraduate,[0.17657487 0.82342513],0.0031161524447404416
5,MED4A_W34,EDUCATION,"Some college, no degree",[0.18037951 0.81962049],0.02369506122880525
6,EAT3J_W34,EDUCATION,Associate's degree,[0.86716019 0.13283981],0.0
7,EAT3J_W34,EDUCATION,College graduate/some postgrad,[0.88996339 0.11003661],0.0
8,EAT3J_W34,EDUCATION,High school graduate,[0.87509022 0.12490978],0.0
9,EAT3J_W34,EDUCATION,Less than high school,[0.87252344 0.12747656],0.0
10,EAT3J_W34,EDUCATION,Postgraduate,[0.87014091 0.12985909],0.0
11,EAT3J_W34,EDUCATION,"Some college, no degree",[0.91583478 0.08416522],0.0
12,EAT3G_W34,EDUCATION,Associate's degree,[0.6739694 0.3260306],0.0
13,EAT3G_W34,EDUCATION,College graduate/some postgrad,[0.6264994 0.3735006],0.0
14,EAT3G_W34,EDUCATION,High school graduate,[0.72390063 0.27609937],0.0
15,EAT3G_W34,EDUCATION,Less than high school,[0.67709081 0.32290919],0.0
16,EAT3G_W34,EDUCATION,Postgraduate,[0.61200206 0.38799794],0.0
17,EAT3G_W34,EDUCATION,"Some college, no degree",[0.64803638 0.35196362],0.0
18,MED2G_W34,EDUCATION,Associate's degree,[0.53677422 0.32962433 0.13360146],0.0
19,MED2G_W34,EDUCATION,College graduate/some postgrad,[0.41728966 0.483074   0.09963634],0.0004912740878880159
20,MED2G_W34,EDUCATION,High school graduate,[0.5600398  0.35881173 0.08114847],0.011632502425453816
21,MED2G_W34,EDUCATION,Less than high school,[0.45665613 0.41463288 0.12871099],0.008435435233224708
22,MED2G_W34,EDUCATION,Postgraduate,[0.41655806 0.48163244 0.1018095 ],0.00859418617907736
23,MED2G_W34,EDUCATION,"Some college, no degree",[0.50362733 0.37355533 0.12281734],0.015437453866743115
24,MED6C_W34,EDUCATION,Associate's degree,[0.44021515 0.37887071 0.13469895 0.04621519],0.001566503317007078
25,MED6C_W34,EDUCATION,College graduate/some postgrad,[0.47041403 0.43264712 0.08405171 0.01288714],0.010618026296718033
26,MED6C_W34,EDUCATION,High school graduate,[0.44493095 0.38125757 0.1398389  0.03397258],0.003411629439477743
27,MED6C_W34,EDUCATION,Less than high school,[0.42519092 0.33237996 0.14965988 0.09276924],0.007248233690080944
28,MED6C_W34,EDUCATION,Postgraduate,[0.43699617 0.42795046 0.11571518 0.01933819],0.007347983649110294
29,MED6C_W34,EDUCATION,"Some college, no degree",[0.50954677 0.36171041 0.11025632 0.0184865 ],0.021973321516712108
30,BIOTECHC_W34,EDUCATION,Associate's degree,[0.72007951 0.27992049],0.007562688787091511
31,BIOTECHC_W34,EDUCATION,College graduate/some postgrad,[0.71987779 0.28012221],0.010267225312120569
32,BIOTECHC_W34,EDUCATION,High school graduate,[0.66788809 0.33211191],0.01816451748295979
33,BIOTECHC_W34,EDUCATION,Less than high school,[0.68728779 0.31271221],0.009875364860230234
34,BIOTECHC_W34,EDUCATION,Postgraduate,[0.79158862 0.20841138],0.010099619871857837
35,BIOTECHC_W34,EDUCATION,"Some college, no degree",[0.70541179 0.29458821],0.019156931921678125
36,BIOTECHD_W34,EDUCATION,Associate's degree,[0.63725225 0.36274775],0.012676762329839589
37,BIOTECHD_W34,EDUCATION,College graduate/some postgrad,[0.61456286 0.38543714],0.004417092583363171
38,BIOTECHD_W34,EDUCATION,High school graduate,[0.52985401 0.47014599],0.009288500670425606
39,BIOTECHD_W34,EDUCATION,Less than high school,[0.38564188 0.61435812],0.038855085625934635
40,BIOTECHD_W34,EDUCATION,Postgraduate,[0.6766348 0.3233652],0.023747881771324933
41,BIOTECHD_W34,EDUCATION,"Some college, no degree",[0.62701134 0.37298866],0.024961303689724174
42,MED6D_W34,EDUCATION,Associate's degree,[0.63092349 0.22754568 0.09777891 0.04375192],0.0
43,MED6D_W34,EDUCATION,College graduate/some postgrad,[0.57185736 0.35743884 0.0623831  0.0083207 ],0.011484216762728094
44,MED6D_W34,EDUCATION,High school graduate,[0.55734941 0.29637961 0.10119273 0.04507824],0.003610921661665921
45,MED6D_W34,EDUCATION,Less than high school,[0.50449279 0.27014944 0.09861732 0.12674045],0.008435435233224708
46,MED6D_W34,EDUCATION,Postgraduate,[0.57912241 0.33065093 0.07972534 0.01050132],0.013315618406982983
47,MED6D_W34,EDUCATION,"Some college, no degree",[0.63886475 0.26142383 0.08162849 0.01808293],0.02458236323547237
48,EVOPERS3A_W34,EDUCATION,Associate's degree,[0.         0.55384489 0.44615511],0.9130486977220716
49,EVOPERS3A_W34,EDUCATION,College graduate/some postgrad,[0. 0. 1.],0.6653379742371656
50,EVOPERS3A_W34,EDUCATION,High school graduate,[0.94351619 0.         0.05648381],0.6184151644447583
51,EVOPERS3A_W34,EDUCATION,Less than high school,[0. 1. 0.],0.5458799840604259
52,EVOPERS3A_W34,EDUCATION,Postgraduate,[0. 1. 0.],0.6097644553055229
53,EVOPERS3A_W34,EDUCATION,"Some college, no degree",[1. 0. 0.],0.3741232444520586
54,EAT6_W34,EDUCATION,Associate's degree,[0.51233614 0.48766386],0.011215541170628132
55,EAT6_W34,EDUCATION,College graduate/some postgrad,[0.47678053 0.52321947],0.006263434640785937
56,EAT6_W34,EDUCATION,High school graduate,[0.53856355 0.46143645],0.014401737465673034
57,EAT6_W34,EDUCATION,Less than high school,[0.56638792 0.43361208],0.028753620258819418
58,EAT6_W34,EDUCATION,Postgraduate,[0.43562733 0.56437267],0.00911291736484871
59,EAT6_W34,EDUCATION,"Some college, no degree",[0.53237352 0.46762648],0.03590958054101903
60,SCI3C_W34,EDUCATION,Associate's degree,[0.80520963 0.19479037],0.0
61,SCI3C_W34,EDUCATION,College graduate/some postgrad,[0.79185417 0.20814583],0.004194146288372971
62,SCI3C_W34,EDUCATION,High school graduate,[0.82100146 0.17899854],0.007387571903129646
63,SCI3C_W34,EDUCATION,Less than high school,[0.80532444 0.19467556],0.012044500038063621
64,SCI3C_W34,EDUCATION,Postgraduate,[0.85666644 0.14333356],0.014888725459152687
65,SCI3C_W34,EDUCATION,"Some college, no degree",[0.77763266 0.22236734],0.02688630692941057
66,EAT1_W34,EDUCATION,Associate's degree,[0.08946754 0.42158269 0.25391831 0.23334681 0.00168465],0.003119188443046172
67,EAT1_W34,EDUCATION,College graduate/some postgrad,[0.13349545 0.46785258 0.27172256 0.12360298 0.00332643],0.010108753633173201
68,EAT1_W34,EDUCATION,High school graduate,[0.11149886 0.28247453 0.35574084 0.19415238 0.05613338],0.0006856251064889311
69,EAT1_W34,EDUCATION,Less than high school,[0.13694245 0.29044417 0.34870611 0.1719609  0.05194636],0.005543188198876834
70,EAT1_W34,EDUCATION,Postgraduate,[0.11047897 0.46923274 0.33221348 0.07773017 0.01034464],0.0
71,EAT1_W34,EDUCATION,"Some college, no degree",[0.11227254 0.37709129 0.34327223 0.13290213 0.0344618 ],0.00921691532576368
72,FUD37A_W34,EDUCATION,Associate's degree,[0.29082507 0.37477699 0.28992574 0.0444722 ],0.0
73,FUD37A_W34,EDUCATION,College graduate/some postgrad,[0.31605794 0.43026714 0.21298618 0.04068874],0.0025825577303232395
74,FUD37A_W34,EDUCATION,High school graduate,[0.20779489 0.36537244 0.36076286 0.0660698 ],0.006738174167353054
75,FUD37A_W34,EDUCATION,Less than high school,[0.26943108 0.30707667 0.31316967 0.11032259],0.007248233690080944
76,FUD37A_W34,EDUCATION,Postgraduate,[0.25654296 0.42794977 0.26733029 0.04817698],0.009388162787289189
77,FUD37A_W34,EDUCATION,"Some college, no degree",[0.23596595 0.37715284 0.32532532 0.06155589],0.023754140998458084
78,MED4C_W34,EDUCATION,Associate's degree,[0.65416934 0.34583066],0.007886118275956634
79,MED4C_W34,EDUCATION,College graduate/some postgrad,[0.66214756 0.33785244],0.015198647228646655
80,MED4C_W34,EDUCATION,High school graduate,[0.56240185 0.43759815],0.020807694728423688
81,MED4C_W34,EDUCATION,Less than high school,[0.50079266 0.49920734],0.0475223575237796
82,MED4C_W34,EDUCATION,Postgraduate,[0.68937521 0.31062479],0.0127893121952042
83,MED4C_W34,EDUCATION,"Some college, no degree",[0.60635331 0.39364669],0.02369506122880525
84,SCI3A_W34,EDUCATION,Associate's degree,[0.74302636 0.25697364],0.0
85,SCI3A_W34,EDUCATION,College graduate/some postgrad,[0.85071724 0.14928276],0.008512961457636007
86,SCI3A_W34,EDUCATION,High school graduate,[0.74416756 0.25583244],0.02240698010113994
87,SCI3A_W34,EDUCATION,Less than high school,[0.67950494 0.32049506],0.009746203909946941
88,SCI3A_W34,EDUCATION,Postgraduate,[0.8553023 0.1446977],0.007347983649110294
89,SCI3A_W34,EDUCATION,"Some college, no degree",[0.78367906 0.21632094],0.012101456255776669
90,MED6A_W34,EDUCATION,Associate's degree,[0.56552516 0.31561925 0.07290802 0.04594756],0.0010437957364730183
91,MED6A_W34,EDUCATION,College graduate/some postgrad,[0.5514625  0.36962072 0.06694026 0.01197652],0.012627438034042739
92,MED6A_W34,EDUCATION,High school graduate,[0.56293285 0.30504036 0.09174419 0.0402826 ],0.00329091871415296
93,MED6A_W34,EDUCATION,Less than high school,[0.43952123 0.29181491 0.16563405 0.10302981],0.007248233690080944
94,MED6A_W34,EDUCATION,Postgraduate,[0.57600122 0.32799552 0.09537287 0.00063039],0.0010016710008530299
95,MED6A_W34,EDUCATION,"Some college, no degree",[0.56275107 0.3240741  0.08598588 0.02718896],0.032883914591968544
96,G1_W34,EDUCATION,Associate's degree,[0.35056279 0.64943721],0.37126513652046467
97,G1_W34,EDUCATION,College graduate/some postgrad,[0.36568872 0.63431128],0.3658260238686623
98,G1_W34,EDUCATION,High school graduate,[0.38497298 0.61502702],0.35083015106368937
99,G1_W34,EDUCATION,Less than high school,[0.39482086 0.60517914],0.24995477211770517
100,G1_W34,EDUCATION,Postgraduate,[0.30242346 0.69757654],0.39061310500696805
101,G1_W34,EDUCATION,"Some college, no degree",[0.49115703 0.50884297],0.3245471820609085
102,MED6B_W34,EDUCATION,Associate's degree,[0.16725728 0.40846073 0.34760069 0.07668131],0.0017024965411340674
103,MED6B_W34,EDUCATION,College graduate/some postgrad,[0.17650037 0.55166834 0.23635161 0.03547969],0.01472596426225751
104,MED6B_W34,EDUCATION,High school graduate,[0.15246966 0.44888681 0.31105615 0.08758738],0.0106359596082628
105,MED6B_W34,EDUCATION,Less than high school,[0.11805141 0.45349668 0.22292742 0.20552449],0.007248233690080944
106,MED6B_W34,EDUCATION,Postgraduate,[0.15006419 0.593893   0.22175012 0.03429269],0.010924751063459037
107,MED6B_W34,EDUCATION,"Some college, no degree",[0.18940002 0.4908154  0.2636747  0.05610987],0.037094053132635786
108,MED6E_W34,EDUCATION,Associate's degree,[0.20250664 0.38442013 0.30146719 0.11160604],0.0017024965411340672
109,MED6E_W34,EDUCATION,College graduate/some postgrad,[0.17753041 0.48043091 0.29465948 0.0473792 ],0.014187870888878101
110,MED6E_W34,EDUCATION,High school graduate,[0.18157272 0.41247254 0.3083277  0.09762705],0.007755734336970939
111,MED6E_W34,EDUCATION,Less than high school,[0.18281759 0.36505064 0.34660391 0.10552786],0.008950032714924372
112,MED6E_W34,EDUCATION,Postgraduate,[0.20399978 0.51529472 0.23352292 0.04718257],0.01117855200628883
113,MED6E_W34,EDUCATION,"Some college, no degree",[0.18408462 0.41546883 0.31794791 0.08249864],0.03256170224208469
114,EAT5D_W34,EDUCATION,Associate's degree,[0.24031595 0.58920265 0.14059451 0.02988689],0.0
115,EAT5D_W34,EDUCATION,College graduate/some postgrad,[0.21992571 0.57744765 0.18834944 0.0142772 ],0.0
116,EAT5D_W34,EDUCATION,High school graduate,[0.29189839 0.48904908 0.17308055 0.04597197],0.0026202069721374234
117,EAT5D_W34,EDUCATION,Less than high school,[0.32138815 0.44950788 0.16767849 0.06142548],0.006664399113078038
118,EAT5D_W34,EDUCATION,Postgraduate,[0.18985271 0.56977027 0.218575   0.02180202],0.0
119,EAT5D_W34,EDUCATION,"Some college, no degree",[0.28269505 0.50652939 0.17227345 0.0385021 ],0.016782460607500334
120,EAT5B_W34,EDUCATION,Associate's degree,[0.31810067 0.50847678 0.13480759 0.03861496],0.0006647998953812428
121,EAT5B_W34,EDUCATION,College graduate/some postgrad,[0.22638164 0.57599583 0.18253363 0.0150889 ],0.0
122,EAT5B_W34,EDUCATION,High school graduate,[0.33072124 0.47437265 0.14254709 0.05235902],0.0019508835337417709
123,EAT5B_W34,EDUCATION,Less than high school,[0.39724697 0.37679452 0.17454607 0.05141245],0.0
124,EAT5B_W34,EDUCATION,Postgraduate,[0.30170368 0.47113901 0.18359877 0.04355854],0.0045561729041233645
125,EAT5B_W34,EDUCATION,"Some college, no degree",[0.36505391 0.44430793 0.15973374 0.03090442],0.016381577071786148
126,EVOONE_W34,EDUCATION,Associate's degree,[0.68921639 0.31078361],0.0038697791735437695
127,EVOONE_W34,EDUCATION,College graduate/some postgrad,[0.80899217 0.19100783],0.03996352155720019
128,EVOONE_W34,EDUCATION,High school graduate,[0.58380214 0.41619786],0.05433170159650097
129,EVOONE_W34,EDUCATION,Less than high school,[0.5240133 0.4759867],0.0
130,EVOONE_W34,EDUCATION,Postgraduate,[0.84249027 0.15750973],0.0023739469293328924
131,EVOONE_W34,EDUCATION,"Some college, no degree",[0.73050666 0.26949334],0.0064883927803232756
132,BIOTECHA_W34,EDUCATION,Associate's degree,[0.51088465 0.48911535],0.020351416239512365
133,BIOTECHA_W34,EDUCATION,College graduate/some postgrad,[0.49674081 0.50325919],0.01965491033186903
134,BIOTECHA_W34,EDUCATION,High school graduate,[0.38061017 0.61938983],0.02169842048671952
135,BIOTECHA_W34,EDUCATION,Less than high school,[0.40763419 0.59236581],0.009766706589741886
136,BIOTECHA_W34,EDUCATION,Postgraduate,[0.48398616 0.51601384],0.017395206953835604
137,BIOTECHA_W34,EDUCATION,"Some college, no degree",[0.43947255 0.56052745],0.01422361180311963
138,FUD37C_W34,EDUCATION,Associate's degree,[0.16324757 0.45528659 0.32824788 0.05321796],0.0
139,FUD37C_W34,EDUCATION,College graduate/some postgrad,[0.1920322  0.37043346 0.38947131 0.04806303],0.01417873037996464
140,FUD37C_W34,EDUCATION,High school graduate,[0.21611742 0.34368732 0.38875902 0.05143623],0.007815632692403398
141,FUD37C_W34,EDUCATION,Less than high school,[0.24646783 0.2994508  0.3583371  0.09574428],0.007248233690080945
142,FUD37C_W34,EDUCATION,Postgraduate,[0.2121169  0.3076937  0.40504752 0.07514189],0.013646957549759978
143,FUD37C_W34,EDUCATION,"Some college, no degree",[0.25613854 0.36993144 0.31091071 0.06301931],0.028596950708364776
144,MED5_W34,EDUCATION,Associate's degree,[0.06469847 0.3359947  0.41759677 0.18171006],0.0004798143177877405
145,MED5_W34,EDUCATION,College graduate/some postgrad,[0.04217087 0.27949899 0.52715519 0.15117495],0.015071588877437163
146,MED5_W34,EDUCATION,High school graduate,[0.10128742 0.27073606 0.44882156 0.17915496],0.00815497261329309
147,MED5_W34,EDUCATION,Less than high school,[0.1178527  0.32158819 0.33499372 0.22556539],0.014714651865002589
148,MED5_W34,EDUCATION,Postgraduate,[0.05265231 0.27710848 0.50998622 0.16025299],0.009648620539950527
149,MED5_W34,EDUCATION,"Some college, no degree",[0.05370987 0.3145882  0.45807406 0.17362787],0.027976937332955955
150,EAT3H_W34,EDUCATION,Associate's degree,[0.73549663 0.26450337],0.0
151,EAT3H_W34,EDUCATION,College graduate/some postgrad,[0.69280738 0.30719262],0.0
152,EAT3H_W34,EDUCATION,High school graduate,[0.7611266 0.2388734],0.0
153,EAT3H_W34,EDUCATION,Less than high school,[0.71448893 0.28551107],0.0
154,EAT3H_W34,EDUCATION,Postgraduate,[0.67725393 0.32274607],0.0
155,EAT3H_W34,EDUCATION,"Some college, no degree",[0.71601763 0.28398237],0.0
156,SCI3B_W34,EDUCATION,Associate's degree,[0.80210018 0.19789982],0.007838345056512135
157,SCI3B_W34,EDUCATION,College graduate/some postgrad,[0.85815599 0.14184401],0.00244908090952141
158,SCI3B_W34,EDUCATION,High school graduate,[0.78862849 0.21137151],0.013361024537359248
159,SCI3B_W34,EDUCATION,Less than high school,[0.69679969 0.30320031],0.009746203909946941
160,SCI3B_W34,EDUCATION,Postgraduate,[0.87064909 0.12935091],0.01313200804703682
161,SCI3B_W34,EDUCATION,"Some college, no degree",[0.80734333 0.19265667],0.011879953281938416
162,SCI5_W34,EDUCATION,Associate's degree,[0.44266006 0.55733994],0.003189575344606616
163,SCI5_W34,EDUCATION,College graduate/some postgrad,[0.56583 0.43417],0.016720046105002166
164,SCI5_W34,EDUCATION,High school graduate,[0.43402052 0.56597948],0.020290764040865238
165,SCI5_W34,EDUCATION,Less than high school,[0.32197692 0.67802308],0.013240754079355493
166,SCI5_W34,EDUCATION,Postgraduate,[0.60608604 0.39391396],0.022689231987132616
167,SCI5_W34,EDUCATION,"Some college, no degree",[0.46657795 0.53342205],0.026115007746169705
168,FUD37D_W34,EDUCATION,Associate's degree,[0.3478537  0.47335149 0.14742391 0.0313709 ],0.0
169,FUD37D_W34,EDUCATION,College graduate/some postgrad,[0.40979432 0.42759198 0.13579247 0.02682124],0.011551394117450951
170,FUD37D_W34,EDUCATION,High school graduate,[0.25861199 0.48119955 0.22576855 0.03441991],0.013550257757100058
171,FUD37D_W34,EDUCATION,Less than high school,[0.25043903 0.38091838 0.27232771 0.09631488],0.007248233690080944
172,FUD37D_W34,EDUCATION,Postgraduate,[0.32294026 0.49860752 0.16033841 0.01811381],0.013523419940509224
173,FUD37D_W34,EDUCATION,"Some college, no degree",[0.33318854 0.42704357 0.17107626 0.06869163],0.01615989509968573
174,FUD33B_W34,EDUCATION,Associate's degree,[0.03880455 0.21289781 0.74829764],0.013756064697992544
175,FUD33B_W34,EDUCATION,College graduate/some postgrad,[0.03428146 0.47433307 0.49138547],0.0041781342404665
176,FUD33B_W34,EDUCATION,High school graduate,[0.05406177 0.33573867 0.61019955],0.06250140607606544
177,FUD33B_W34,EDUCATION,Less than high school,[0.05511214 0.33873833 0.60614954],0.033729803348357346
178,FUD33B_W34,EDUCATION,Postgraduate,[0.0148016  0.38289183 0.60230657],0.001889231091253035
179,FUD33B_W34,EDUCATION,"Some college, no degree",[0.05110854 0.37639185 0.57249961],0.06778007734504286
180,FUD33A_W34,EDUCATION,Associate's degree,[0.05593343 0.55124651 0.39282006],0.20959515361728281
181,FUD33A_W34,EDUCATION,College graduate/some postgrad,[0.04263542 0.50741803 0.44994655],0.19768525631613232
182,FUD33A_W34,EDUCATION,High school graduate,[0.08189135 0.58638741 0.33172125],0.33313243838898676
183,FUD33A_W34,EDUCATION,Less than high school,[0.0439992  0.58943341 0.36656739],0.4080356869250486
184,FUD33A_W34,EDUCATION,Postgraduate,[0.02670387 0.47847313 0.494823  ],0.20460350936305435
185,FUD33A_W34,EDUCATION,"Some college, no degree",[0.05049276 0.57066112 0.37884612],0.24370049829990947
186,FUD22_W34,EDUCATION,Associate's degree,[0.06339068 0.2617392  0.5119323  0.16293781],0.0022704321973705944
187,FUD22_W34,EDUCATION,College graduate/some postgrad,[0.07784789 0.39827021 0.44906415 0.07481775],0.0
188,FUD22_W34,EDUCATION,High school graduate,[0.03848217 0.28132488 0.43784486 0.24234809],0.006132223409113479
189,FUD22_W34,EDUCATION,Less than high school,[0.05423536 0.25062847 0.36109263 0.33404354],0.014940976529456262
190,FUD22_W34,EDUCATION,Postgraduate,[0.10726121 0.40257973 0.41181927 0.07833979],0.0016759527833540694
191,FUD22_W34,EDUCATION,"Some college, no degree",[0.07544418 0.33085958 0.41402332 0.17967292],0.012254218479295014
192,EAT5A_W34,EDUCATION,Associate's degree,[0.31379559 0.49107944 0.14920296 0.045922  ],0.0
193,EAT5A_W34,EDUCATION,College graduate/some postgrad,[0.19639695 0.58453144 0.19612143 0.02295018],0.0
194,EAT5A_W34,EDUCATION,High school graduate,[0.35232802 0.43658112 0.17750258 0.03358829],0.0027127953462568024
195,EAT5A_W34,EDUCATION,Less than high school,[0.42019821 0.40413203 0.12492184 0.05074793],0.0
196,EAT5A_W34,EDUCATION,Postgraduate,[0.25276681 0.51215722 0.21312198 0.02195399],0.00035385830258500406
197,EAT5A_W34,EDUCATION,"Some college, no degree",[0.35076221 0.47792743 0.14219707 0.02911329],0.015483720374203562
198,SCI2B_W34,EDUCATION,Associate's degree,[0.93775664 0.06224336],0.003119188443046172
199,SCI2B_W34,EDUCATION,College graduate/some postgrad,[0.95948862 0.04051138],0.0
200,SCI2B_W34,EDUCATION,High school graduate,[0.86223139 0.13776861],0.012523892443161886
201,SCI2B_W34,EDUCATION,Less than high school,[0.82968519 0.17031481],0.01279142188895778
202,SCI2B_W34,EDUCATION,Postgraduate,[0.9595334 0.0404666],0.009270877056281612
203,SCI2B_W34,EDUCATION,"Some college, no degree",[0.91033782 0.08966218],0.008494782668224845
204,SCI2A_W34,EDUCATION,Associate's degree,[0.69623589 0.30376411],0.0
205,SCI2A_W34,EDUCATION,College graduate/some postgrad,[0.76992319 0.23007681],0.012381925437646785
206,SCI2A_W34,EDUCATION,High school graduate,[0.69313291 0.30686709],0.0042050143515115984
207,SCI2A_W34,EDUCATION,Less than high school,[0.64306517 0.35693483],0.015881917215424562
208,SCI2A_W34,EDUCATION,Postgraduate,[0.75464962 0.24535038],0.011603952932409692
209,SCI2A_W34,EDUCATION,"Some college, no degree",[0.69184043 0.30815957],0.008062179459981006
210,EAT5C_W34,EDUCATION,Associate's degree,[0.21576481 0.49116649 0.25841048 0.03465822],0.0015792018169673088
211,EAT5C_W34,EDUCATION,College graduate/some postgrad,[0.14588947 0.5197226  0.27532534 0.05906259],0.0003139617077956584
212,EAT5C_W34,EDUCATION,High school graduate,[0.21293426 0.48980727 0.23148494 0.06577353],0.0019508835337417709
213,EAT5C_W34,EDUCATION,Less than high school,[0.27893819 0.44814207 0.16698236 0.10593738],0.002470270255702793
214,EAT5C_W34,EDUCATION,Postgraduate,[0.1709048  0.48500021 0.30957061 0.03452438],0.002023476495231478
215,EAT5C_W34,EDUCATION,"Some college, no degree",[0.22862641 0.46659731 0.25824668 0.0465296 ],0.016786450095309848
216,SCI2C_W34,EDUCATION,Associate's degree,[0.76741198 0.23258802],0.0
217,SCI2C_W34,EDUCATION,College graduate/some postgrad,[0.82016576 0.17983424],0.0
218,SCI2C_W34,EDUCATION,High school graduate,[0.75127929 0.24872071],0.009588128771563054
219,SCI2C_W34,EDUCATION,Less than high school,[0.70560395 0.29439605],0.012791421888957778
220,SCI2C_W34,EDUCATION,Postgraduate,[0.83236854 0.16763146],0.01400338166590166
221,SCI2C_W34,EDUCATION,"Some college, no degree",[0.71921326 0.28078674],0.003832953917474269
222,EVOPERS3_W34,EDUCATION,Associate's degree,[0.29700841 0.42165743 0.28133416],0.020969402544943706
223,EVOPERS3_W34,EDUCATION,College graduate/some postgrad,[0.35677183 0.4854206  0.15780757],0.005638718540858182
224,EVOPERS3_W34,EDUCATION,High school graduate,[0.26829504 0.51700853 0.21469643],0.02002772981904465
225,EVOPERS3_W34,EDUCATION,Less than high school,[0.24026389 0.56546757 0.19426854],0.022064373836301644
226,EVOPERS3_W34,EDUCATION,Postgraduate,[0.51612777 0.39857487 0.08529736],0.002045701882632658
227,EVOPERS3_W34,EDUCATION,"Some college, no degree",[0.36582484 0.4744209  0.15975426],0.01701403794257158
228,EAT3K_W34,EDUCATION,Associate's degree,[0.72693627 0.27306373],0.0
229,EAT3K_W34,EDUCATION,College graduate/some postgrad,[0.76930647 0.23069353],0.0
230,EAT3K_W34,EDUCATION,High school graduate,[0.72330422 0.27669578],0.0
231,EAT3K_W34,EDUCATION,Less than high school,[0.79680438 0.20319562],0.0
232,EAT3K_W34,EDUCATION,Postgraduate,[0.80256438 0.19743562],0.0
233,EAT3K_W34,EDUCATION,"Some college, no degree",[0.78437413 0.21562587],0.0
234,BIO15_W34,EDUCATION,Associate's degree,[0.66350284 0.33649716],0.0032999841830554685
235,BIO15_W34,EDUCATION,College graduate/some postgrad,[0.66762882 0.33237118],0.0007471442245918047
236,BIO15_W34,EDUCATION,High school graduate,[0.60518263 0.39481737],0.0057907914888960105
237,BIO15_W34,EDUCATION,Less than high school,[0.60427005 0.39572995],0.0
238,BIO15_W34,EDUCATION,Postgraduate,[0.68464199 0.31535801],0.007771511196349362
239,BIO15_W34,EDUCATION,"Some college, no degree",[0.65516929 0.34483071],0.012094599201732316
240,EAT3F_W34,EDUCATION,Associate's degree,[0.62322037 0.37677963],0.0
241,EAT3F_W34,EDUCATION,College graduate/some postgrad,[0.56097699 0.43902301],0.0
242,EAT3F_W34,EDUCATION,High school graduate,[0.67870154 0.32129846],0.0
243,EAT3F_W34,EDUCATION,Less than high school,[0.63623004 0.36376996],0.0
244,EAT3F_W34,EDUCATION,Postgraduate,[0.50448856 0.49551144],0.0
245,EAT3F_W34,EDUCATION,"Some college, no degree",[0.64416468 0.35583532],0.0
246,G2_W34,EDUCATION,Associate's degree,[0.19136327 0.80863673],0.20923557514958765
247,G2_W34,EDUCATION,College graduate/some postgrad,[0.19971353 0.80028647],0.20046509677220128
248,G2_W34,EDUCATION,High school graduate,[0.14242284 0.85757716],0.23377664991594285
249,G2_W34,EDUCATION,Less than high school,[0.12846115 0.87153885],0.29979424565549023
250,G2_W34,EDUCATION,Postgraduate,[0.2765372 0.7234628],0.12468361501644827
251,G2_W34,EDUCATION,"Some college, no degree",[0.17076261 0.82923739],0.16196068947817144
252,EAT3I_W34,EDUCATION,Associate's degree,[0.57779798 0.42220202],0.0
253,EAT3I_W34,EDUCATION,College graduate/some postgrad,[0.51004936 0.48995064],0.0
254,EAT3I_W34,EDUCATION,High school graduate,[0.61360416 0.38639584],0.0
255,EAT3I_W34,EDUCATION,Less than high school,[0.58582671 0.41417329],0.0
256,EAT3I_W34,EDUCATION,Postgraduate,[0.49460487 0.50539513],0.0
257,EAT3I_W34,EDUCATION,"Some college, no degree",[0.55155584 0.44844416],0.0
258,MED7_W34,EDUCATION,Associate's degree,[0.36634472 0.63365528],0.006554038660818966
259,MED7_W34,EDUCATION,College graduate/some postgrad,[0.39757558 0.60242442],0.018008586656055783
260,MED7_W34,EDUCATION,High school graduate,[0.28619772 0.71380228],0.010439026177366513
261,MED7_W34,EDUCATION,Less than high school,[0.25841142 0.74158858],0.026784289469220658
262,MED7_W34,EDUCATION,Postgraduate,[0.40474925 0.59525075],0.030239435982538622
263,MED7_W34,EDUCATION,"Some college, no degree",[0.35032306 0.64967694],0.024532848689021544
264,MED2D_W34,EDUCATION,Associate's degree,[0.81644842 0.15182014 0.03173144],0.007500176435773402
265,MED2D_W34,EDUCATION,College graduate/some postgrad,[0.85028187 0.14099323 0.0087249 ],0.0
266,MED2D_W34,EDUCATION,High school graduate,[0.84629814 0.13478698 0.01891489],0.0014969324473509491
267,MED2D_W34,EDUCATION,Less than high school,[0.68452083 0.22073595 0.09474322],0.007248233690080944
268,MED2D_W34,EDUCATION,Postgraduate,[0.85582561 0.13685552 0.00731886],0.0
269,MED2D_W34,EDUCATION,"Some college, no degree",[0.85008401 0.10983741 0.04007858],0.00921691532576368
270,MED2A_W34,EDUCATION,Associate's degree,[0.37904188 0.44702753 0.17393059],0.0
271,MED2A_W34,EDUCATION,College graduate/some postgrad,[0.43110568 0.46832355 0.10057077],0.000607156373094157
272,MED2A_W34,EDUCATION,High school graduate,[0.51631589 0.38524028 0.09844383],0.007544063641152682
273,MED2A_W34,EDUCATION,Less than high school,[0.46802732 0.36221147 0.16976121],0.00957179724481374
274,MED2A_W34,EDUCATION,Postgraduate,[0.44546309 0.42551593 0.12902098],0.0
275,MED2A_W34,EDUCATION,"Some college, no degree",[0.43307637 0.45658568 0.11033795],0.010435521044796753
276,EVOTWO_W34,EDUCATION,Associate's degree,[1. 0.],0.0
277,EVOTWO_W34,EDUCATION,College graduate/some postgrad,[0.88220652 0.11779348],0.865568723414812
278,EVOTWO_W34,EDUCATION,High school graduate,[0.42623116 0.57376884],0.2734064360158225
279,EVOTWO_W34,EDUCATION,"Some college, no degree",[1. 0.],0.6246370552378615
280,MED2B_W34,EDUCATION,Associate's degree,[0.67700918 0.29143438 0.03155643],0.0
281,MED2B_W34,EDUCATION,College graduate/some postgrad,[0.68387921 0.29598732 0.02013347],0.0015145163883917767
282,MED2B_W34,EDUCATION,High school graduate,[0.71167597 0.26094562 0.02737841],0.0006856251064889311
283,MED2B_W34,EDUCATION,Less than high school,[0.55408152 0.34695568 0.09896281],0.007248233690080945
284,MED2B_W34,EDUCATION,Postgraduate,[0.66642813 0.31927927 0.0142926 ],0.0
285,MED2B_W34,EDUCATION,"Some college, no degree",[0.71986858 0.24031081 0.03982061],0.01816793469820187
286,EVOTHREE_W34,EDUCATION,Associate's degree,[0.58334927 0.41665073],0.01498002490527433
287,EVOTHREE_W34,EDUCATION,College graduate/some postgrad,[0.65650264 0.34349736],0.002130546647252321
288,EVOTHREE_W34,EDUCATION,High school graduate,[0.54355895 0.45644105],0.033018272844478155
289,EVOTHREE_W34,EDUCATION,Less than high school,[0.34887785 0.65112215],0.0
290,EVOTHREE_W34,EDUCATION,Postgraduate,[0.75285759 0.24714241],0.02305730029883954
291,EVOTHREE_W34,EDUCATION,"Some college, no degree",[0.58468483 0.41531517],0.056738626950749806
292,MED1_W34,EDUCATION,Associate's degree,[0.48667322 0.51332678],0.01872509416573499
293,MED1_W34,EDUCATION,College graduate/some postgrad,[0.58965886 0.41034114],0.005765344843611847
294,MED1_W34,EDUCATION,High school graduate,[0.40767051 0.59232949],0.018518971501691333
295,MED1_W34,EDUCATION,Less than high school,[0.42028171 0.57971829],0.010861388292722264
296,MED1_W34,EDUCATION,Postgraduate,[0.63124855 0.36875145],0.007493437696083839
297,MED1_W34,EDUCATION,"Some college, no degree",[0.46003136 0.53996864],0.021351060591625688
298,EVOBIOA_W34,EDUCATION,Associate's degree,[0.85410848 0.14589152],0.13976335337162546
299,EVOBIOA_W34,EDUCATION,College graduate/some postgrad,[0.91061653 0.08938347],0.09724178813496888
300,EVOBIOA_W34,EDUCATION,High school graduate,[0.70942758 0.29057242],0.26112667304779164
301,EVOBIOA_W34,EDUCATION,Less than high school,[0.49457651 0.50542349],0.3747033430748498
302,EVOBIOA_W34,EDUCATION,Postgraduate,[0.93170209 0.06829791],0.03707620523469232
303,EVOBIOA_W34,EDUCATION,"Some college, no degree",[0.83767131 0.16232869],0.2024338264452457
304,FUD37B_W34,EDUCATION,Associate's degree,[0.24251541 0.34934273 0.34687975 0.06126212],0.0044143662434756505
305,FUD37B_W34,EDUCATION,College graduate/some postgrad,[0.19599028 0.35171951 0.35334329 0.09894692],0.01625100219795804
306,FUD37B_W34,EDUCATION,High school graduate,[0.24794685 0.41141412 0.29021937 0.05041966],0.012217092528765834
307,FUD37B_W34,EDUCATION,Less than high school,[0.30233372 0.27651431 0.33679321 0.08435876],0.008915594279634575
308,FUD37B_W34,EDUCATION,Postgraduate,[0.16607546 0.27610566 0.46310946 0.09470943],0.005790732736378679
309,FUD37B_W34,EDUCATION,"Some college, no degree",[0.28470631 0.37641422 0.27170314 0.06717633],0.021688170617236213
310,FUD35_W34,EDUCATION,Associate's degree,[0.24256501 0.41012057 0.24257024 0.10474418],0.003134466603888468
311,FUD35_W34,EDUCATION,College graduate/some postgrad,[0.20196078 0.35347798 0.37335874 0.0712025 ],0.0010184562201228675
312,FUD35_W34,EDUCATION,High school graduate,[0.21665756 0.4425372  0.2587151  0.08209015],0.0047783944569253075
313,FUD35_W34,EDUCATION,Less than high school,[0.13929374 0.37386942 0.26285794 0.2239789 ],0.0011668242218166645
314,FUD35_W34,EDUCATION,Postgraduate,[0.20475014 0.36515232 0.33906096 0.09103658],0.0
315,FUD35_W34,EDUCATION,"Some college, no degree",[0.26477281 0.38051892 0.24585814 0.10885012],0.00921691532576368
316,MED2E_W34,EDUCATION,Associate's degree,[0.3991234  0.50051133 0.10036527],0.003776466123273677
317,MED2E_W34,EDUCATION,College graduate/some postgrad,[0.35964634 0.55531094 0.08504272],0.0007950022707272459
318,MED2E_W34,EDUCATION,High school graduate,[0.50284946 0.44088284 0.0562677 ],0.010519769505389534
319,MED2E_W34,EDUCATION,Less than high school,[0.4741346  0.44805537 0.07781003],0.0270533811180647
320,MED2E_W34,EDUCATION,Postgraduate,[0.31248185 0.54706703 0.14045112],0.008535959204997159
321,MED2E_W34,EDUCATION,"Some college, no degree",[0.43249507 0.45783218 0.10967275],0.01150006471374709
322,FUD24_W34,EDUCATION,Associate's degree,[0.49074568 0.03489486 0.47435946],0.0
323,FUD24_W34,EDUCATION,College graduate/some postgrad,[0.49326325 0.01581854 0.49091821],0.010745794808990829
324,FUD24_W34,EDUCATION,High school graduate,[0.39745059 0.03488574 0.56766367],0.004829052353654644
325,FUD24_W34,EDUCATION,Less than high school,[0.4029871  0.04673204 0.55028085],0.014940976529456263
326,FUD24_W34,EDUCATION,Postgraduate,[0.49909433 0.00963248 0.49127319],0.004510653284031194
327,FUD24_W34,EDUCATION,"Some college, no degree",[0.50526746 0.01860523 0.47612731],0.019130710376699986
328,EAT2_W34,EDUCATION,Associate's degree,[0.08743466 0.33725357 0.25953331 0.30223252 0.01354594],0.010101558981572617
329,EAT2_W34,EDUCATION,College graduate/some postgrad,[0.05819108 0.26807484 0.29209517 0.35016283 0.03147609],0.011522912286902167
330,EAT2_W34,EDUCATION,High school graduate,[0.15418954 0.3042407  0.3237155  0.18169153 0.03616273],0.006122993137166415
331,EAT2_W34,EDUCATION,Less than high school,[0.18585348 0.33179824 0.28270108 0.16848029 0.0311669 ],0.0
332,EAT2_W34,EDUCATION,Postgraduate,[0.05498026 0.19709682 0.36413085 0.34434725 0.03944482],0.0
333,EAT2_W34,EDUCATION,"Some college, no degree",[0.11428454 0.29369517 0.25767476 0.29162631 0.04271922],0.00921691532576368
334,MED3_W34,EDUCATION,Associate's degree,[0.14551984 0.57506328 0.27941689],0.0
335,MED3_W34,EDUCATION,College graduate/some postgrad,[0.10849179 0.62200582 0.26950239],0.0
336,MED3_W34,EDUCATION,High school graduate,[0.09930322 0.53315956 0.36753721],0.005604022227488161
337,MED3_W34,EDUCATION,Less than high school,[0.10912589 0.43786577 0.45300835],0.0383011180169217
338,MED3_W34,EDUCATION,Postgraduate,[0.14202765 0.61833524 0.23963712],0.0003950507392070477
339,MED3_W34,EDUCATION,"Some college, no degree",[0.1319894  0.56293386 0.30507673],0.00921691532576368
340,MED4B_W34,EDUCATION,Associate's degree,[0.73109584 0.26890416],0.0017024965411340674
341,MED4B_W34,EDUCATION,College graduate/some postgrad,[0.81969585 0.18030415],0.016658950507182035
342,MED4B_W34,EDUCATION,High school graduate,[0.66036999 0.33963001],0.013312607954897684
343,MED4B_W34,EDUCATION,Less than high school,[0.59728845 0.40271155],0.01706108531145015
344,MED4B_W34,EDUCATION,Postgraduate,[0.83788141 0.16211859],0.009616232657508026
345,MED4B_W34,EDUCATION,"Some college, no degree",[0.73738168 0.26261832],0.028786554027094152
346,FUD32_W34,EDUCATION,Associate's degree,[0.31892323 0.55107405 0.13000271],0.004724758946284706
347,FUD32_W34,EDUCATION,College graduate/some postgrad,[0.33112907 0.63100804 0.03786289],0.0
348,FUD32_W34,EDUCATION,High school graduate,[0.22961362 0.60412572 0.16626065],0.003456232899899045
349,FUD32_W34,EDUCATION,Less than high school,[0.15648654 0.52262361 0.32088986],0.0
350,FUD32_W34,EDUCATION,Postgraduate,[0.37235847 0.56849348 0.05914805],0.0015424476276050174
351,FUD32_W34,EDUCATION,"Some college, no degree",[0.33688231 0.55828588 0.10483181],0.00921691532576368
352,BIOTECHB_W34,EDUCATION,Associate's degree,[0.39931224 0.60068776],0.003481577175851161
353,BIOTECHB_W34,EDUCATION,College graduate/some postgrad,[0.35433112 0.64566888],0.005970558802819042
354,BIOTECHB_W34,EDUCATION,High school graduate,[0.25763536 0.74236464],0.01695259013529751
355,BIOTECHB_W34,EDUCATION,Less than high school,[0.34150459 0.65849541],0.023663676629908946
356,BIOTECHB_W34,EDUCATION,Postgraduate,[0.35743952 0.64256048],0.01102365715570167
357,BIOTECHB_W34,EDUCATION,"Some college, no degree",[0.32364062 0.67635938],0.015446776256843618
358,EAT3E_W34,EDUCATION,Associate's degree,[0.7640907 0.2359093],0.0
359,EAT3E_W34,EDUCATION,College graduate/some postgrad,[0.75054658 0.24945342],0.0
360,EAT3E_W34,EDUCATION,High school graduate,[0.73337445 0.26662555],0.0
361,EAT3E_W34,EDUCATION,Less than high school,[0.66930431 0.33069569],0.0
362,EAT3E_W34,EDUCATION,Postgraduate,[0.7886796 0.2113204],0.0
363,EAT3E_W34,EDUCATION,"Some college, no degree",[0.81949944 0.18050056],0.0
364,SCI4_W34,EDUCATION,Associate's degree,[0.52340961 0.47659039],0.007596355624266663
365,SCI4_W34,EDUCATION,College graduate/some postgrad,[0.64886722 0.35113278],0.015160876793159998
366,SCI4_W34,EDUCATION,High school graduate,[0.53035485 0.46964515],0.01895176548727228
367,SCI4_W34,EDUCATION,Less than high school,[0.54585398 0.45414602],0.01682367010523806
368,SCI4_W34,EDUCATION,Postgraduate,[0.70107899 0.29892101],0.01423659549742099
369,SCI4_W34,EDUCATION,"Some college, no degree",[0.53439889 0.46560111],0.01485964208690018
370,SCI1_W34,EDUCATION,Associate's degree,[0.92996232 0.07003768],0.007546486960692922
371,SCI1_W34,EDUCATION,College graduate/some postgrad,[0.95502771 0.04497229],0.0003139617077956584
372,SCI1_W34,EDUCATION,High school graduate,[0.87389261 0.12610739],0.008617986146196585
373,SCI1_W34,EDUCATION,Less than high school,[0.77844881 0.22155119],0.015023008595292153
374,SCI1_W34,EDUCATION,Postgraduate,[0.96510514 0.03489486],0.00020214315118231033
375,SCI1_W34,EDUCATION,"Some college, no degree",[0.91498007 0.08501993],0.00608188440505423
376,EVOBIOB_W34,EDUCATION,Associate's degree,[0.61257471 0.38742529],0.05206767005988412
377,EVOBIOB_W34,EDUCATION,College graduate/some postgrad,[0.78113415 0.21886585],0.218334923008595
378,EVOBIOB_W34,EDUCATION,High school graduate,[0.64789031 0.35210969],0.08443985604617989
379,EVOBIOB_W34,EDUCATION,Less than high school,[0.49622608 0.50377392],0.03411506824495662
380,EVOBIOB_W34,EDUCATION,Postgraduate,[0.74841977 0.25158023],0.08356617200943371
381,EVOBIOB_W34,EDUCATION,"Some college, no degree",[0.53869908 0.46130092],0.12229958294657318
382,BIOTECHE_W34,EDUCATION,Associate's degree,[0.24574351 0.75425649],0.0
383,BIOTECHE_W34,EDUCATION,College graduate/some postgrad,[0.23236126 0.76763874],0.020553677802203477
384,BIOTECHE_W34,EDUCATION,High school graduate,[0.18376409 0.81623591],0.0061108215355576015
385,BIOTECHE_W34,EDUCATION,Less than high school,[0.19313605 0.80686395],0.01956093896767809
386,BIOTECHE_W34,EDUCATION,Postgraduate,[0.23647665 0.76352335],0.019041688606523482
387,BIOTECHE_W34,EDUCATION,"Some college, no degree",[0.22703885 0.77296115],0.016090799631357296
388,MED2F_W34,EDUCATION,Associate's degree,[0.60582389 0.33239989 0.06177622],0.0
389,MED2F_W34,EDUCATION,College graduate/some postgrad,[0.55715619 0.39590861 0.0469352 ],0.0021343260126279813
390,MED2F_W34,EDUCATION,High school graduate,[0.63691231 0.32342292 0.03966477],0.005229921508750975
391,MED2F_W34,EDUCATION,Less than high school,[0.64617829 0.29010041 0.0637213 ],0.0072482336900809435
392,MED2F_W34,EDUCATION,Postgraduate,[0.43199402 0.51860526 0.04940072],0.00020214315118231038
393,MED2F_W34,EDUCATION,"Some college, no degree",[0.6039618  0.36135713 0.03468107],0.010519645046869967
394,MED2C_W34,EDUCATION,Associate's degree,[0.38664863 0.50530652 0.10804484],0.003776466123273677
395,MED2C_W34,EDUCATION,College graduate/some postgrad,[0.31117256 0.5727118  0.11611564],0.011054293121371099
396,MED2C_W34,EDUCATION,High school graduate,[0.55504281 0.37217899 0.07277821],0.00657213694313843
397,MED2C_W34,EDUCATION,Less than high school,[0.56903533 0.31659775 0.11436692],0.008435435233224708
398,MED2C_W34,EDUCATION,Postgraduate,[0.29784082 0.56891003 0.13324915],0.0038158807141970355
399,MED2C_W34,EDUCATION,"Some college, no degree",[0.45612433 0.4896365  0.05423916],0.010282024611856538
0,MED4A_W34,CITIZEN,No,[0.22024058 0.77975942],0.008293359963963165
1,MED4A_W34,CITIZEN,Yes,[0.18751868 0.81248132],0.012432898125067409
2,EAT3J_W34,CITIZEN,No,[0.89925508 0.10074492],0.0
3,EAT3J_W34,CITIZEN,Yes,[0.88451584 0.11548416],0.0
4,EAT3G_W34,CITIZEN,No,[0.61846573 0.38153427],0.0
5,EAT3G_W34,CITIZEN,Yes,[0.67001431 0.32998569],0.0
6,MED2G_W34,CITIZEN,No,[0.61844211 0.34741308 0.03414481],0.006508427613752459
7,MED2G_W34,CITIZEN,Yes,[0.48764795 0.40482647 0.10752558],0.008854492257165898
8,MED6C_W34,CITIZEN,No,[0.44860828 0.41733173 0.05982997 0.07423002],0.01676555120669401
9,MED6C_W34,CITIZEN,Yes,[0.46114832 0.38566543 0.12565975 0.0275265 ],0.007127775495402976
10,BIOTECHC_W34,CITIZEN,No,[0.72815627 0.27184373],0.014476101644301274
11,BIOTECHC_W34,CITIZEN,Yes,[0.70876999 0.29123001],0.01421341708428546
12,BIOTECHD_W34,CITIZEN,No,[0.63479295 0.36520705],0.05063977501851211
13,BIOTECHD_W34,CITIZEN,Yes,[0.57656368 0.42343632],0.015641953884136826
14,MED6D_W34,CITIZEN,No,[0.57627944 0.28413342 0.08003187 0.05955527],0.006508427613752459
15,MED6D_W34,CITIZEN,Yes,[0.58278017 0.2955218  0.08750118 0.03419685],0.009200776287845209
16,EVOPERS3A_W34,CITIZEN,No,[0. 1. 0.],0.4530257061146993
17,EVOPERS3A_W34,CITIZEN,Yes,[0.85868702 0.03799618 0.1033168 ],0.5894268365671025
18,EAT6_W34,CITIZEN,No,[0.63953274 0.36046726],0.0
19,EAT6_W34,CITIZEN,Yes,[0.50818194 0.49181806],0.01904989926261893
20,SCI3C_W34,CITIZEN,No,[0.96414572 0.03585428],0.013249646556728842
21,SCI3C_W34,CITIZEN,Yes,[0.8006645 0.1993355],0.011811202595442681
22,EAT1_W34,CITIZEN,No,[0.22561181 0.44055388 0.25061131 0.04305243 0.04017057],0.0
23,EAT1_W34,CITIZEN,Yes,[0.10820631 0.37032685 0.32833698 0.16240091 0.03072895],0.0031854455927053217
24,FUD37A_W34,CITIZEN,No,[0.47195595 0.34119368 0.18036262 0.00648774],0.0084972949502857
25,FUD37A_W34,CITIZEN,Yes,[0.24163838 0.3841897  0.30987341 0.06429851],0.00946073006423976
26,MED4C_W34,CITIZEN,No,[0.64758698 0.35241302],0.006508427613752459
27,MED4C_W34,CITIZEN,Yes,[0.60488394 0.39511606],0.019891071159822374
28,SCI3A_W34,CITIZEN,No,[0.88901483 0.11098517],0.030187972560204144
29,SCI3A_W34,CITIZEN,Yes,[0.77341341 0.22658659],0.01168736922172936
30,MED6A_W34,CITIZEN,No,[0.46609402 0.27647004 0.16615742 0.09127852],0.006508427613752459
31,MED6A_W34,CITIZEN,Yes,[0.55589463 0.32579516 0.0893443  0.0289659 ],0.00952987601804413
32,G1_W34,CITIZEN,No,[0.33490837 0.66509163],0.22445852971206917
33,G1_W34,CITIZEN,Yes,[0.39787998 0.60212002],0.34908693936670104
34,MED6B_W34,CITIZEN,No,[0.27341682 0.47512996 0.22464934 0.02680388],0.006508427613752459
35,MED6B_W34,CITIZEN,Yes,[0.1567418  0.49322602 0.27349854 0.07653364],0.014506128466757105
36,MED6E_W34,CITIZEN,No,[0.27605267 0.36559949 0.28709237 0.07125548],0.01009090281176542
37,MED6E_W34,CITIZEN,Yes,[0.1813259  0.43563037 0.30307235 0.07997138],0.012532786709616496
38,EAT5D_W34,CITIZEN,No,[0.42618281 0.43753078 0.09611584 0.04017057],0.0
39,EAT5D_W34,CITIZEN,Yes,[0.25273431 0.52872772 0.18268007 0.0358579 ],0.00528161650524017
40,EAT5B_W34,CITIZEN,No,[0.49735166 0.44691905 0.05572928 0.        ],0.0
41,EAT5B_W34,CITIZEN,Yes,[0.31354731 0.47871704 0.16726305 0.0404726 ],0.004945025694974998
42,EVOONE_W34,CITIZEN,No,[0.70553346 0.29446654],0.0848055615872831
43,EVOONE_W34,CITIZEN,Yes,[0.6948359 0.3051641],0.019058374059501032
44,BIOTECHA_W34,CITIZEN,No,[0.44051545 0.55948455],0.006508427613752459
45,BIOTECHA_W34,CITIZEN,Yes,[0.43939351 0.56060649],0.01672826152768289
46,FUD37C_W34,CITIZEN,No,[0.36671641 0.39787795 0.14697968 0.08842596],0.0084972949502857
47,FUD37C_W34,CITIZEN,Yes,[0.2097943  0.35372351 0.37793764 0.05854454],0.011711786137145788
48,MED5_W34,CITIZEN,No,[0.15327989 0.30917134 0.4008868  0.13666197],0.006508427613752459
49,MED5_W34,CITIZEN,Yes,[0.06973438 0.29430698 0.4604914  0.17546724],0.012255336990651363
50,EAT3H_W34,CITIZEN,No,[0.53347579 0.46652421],0.0
51,EAT3H_W34,CITIZEN,Yes,[0.73238344 0.26761656],0.0
52,SCI3B_W34,CITIZEN,No,[0.88082398 0.11917602],0.015005722564038157
53,SCI3B_W34,CITIZEN,Yes,[0.80702191 0.19297809],0.009455833280842003
54,SCI5_W34,CITIZEN,No,[0.52839047 0.47160953],0.00890059535098358
55,SCI5_W34,CITIZEN,Yes,[0.47337054 0.52662946],0.017616418890971198
56,FUD37D_W34,CITIZEN,No,[0.53232679 0.33834658 0.10571097 0.02361566],0.015005722564038157
57,FUD37D_W34,CITIZEN,Yes,[0.30637264 0.45596749 0.19240411 0.04525577],0.009878822657347578
58,FUD33B_W34,CITIZEN,No,[0.         0.36138345 0.63861655],0.12352649838402571
59,FUD33B_W34,CITIZEN,Yes,[0.04813653 0.35675937 0.5951041 ],0.039266116394461786
60,FUD33A_W34,CITIZEN,No,[0.10835507 0.62834137 0.26330356],0.2477945617855249
61,FUD33A_W34,CITIZEN,Yes,[0.05155827 0.54503458 0.40340715],0.2691914917073062
62,FUD22_W34,CITIZEN,No,[0.08404488 0.40941342 0.35585573 0.15068597],0.0
63,FUD22_W34,CITIZEN,Yes,[0.06518286 0.31677991 0.43467152 0.18336572],0.006685702945202444
64,EAT5A_W34,CITIZEN,No,[0.4340112  0.52366594 0.03661765 0.00570521],0.006508427613752459
65,EAT5A_W34,CITIZEN,Yes,[0.30946894 0.48065196 0.17667352 0.03320558],0.004030665740380123
66,SCI2B_W34,CITIZEN,No,[0.86953434 0.13046566],0.006508427613752459
67,SCI2B_W34,CITIZEN,Yes,[0.90683056 0.09316944],0.00835474615944789
68,SCI2A_W34,CITIZEN,No,[0.74621789 0.25378211],0.0
69,SCI2A_W34,CITIZEN,Yes,[0.70619384 0.29380616],0.0071089424683199245
70,EAT5C_W34,CITIZEN,No,[0.42231961 0.437245   0.05642654 0.08400886],0.0
71,EAT5C_W34,CITIZEN,Yes,[0.19282478 0.48830987 0.26218071 0.05668464],0.005114887034408698
72,SCI2C_W34,CITIZEN,No,[0.72112 0.27888],0.0
73,SCI2C_W34,CITIZEN,Yes,[0.76969868 0.23030132],0.0070322896744195295
74,EVOPERS3_W34,CITIZEN,No,[0.3752007  0.34907929 0.27572001],0.04724348005103871
75,EVOPERS3_W34,CITIZEN,Yes,[0.33240035 0.49320017 0.17439948],0.012863233794506953
76,EAT3K_W34,CITIZEN,No,[0.72606483 0.27393517],0.0
77,EAT3K_W34,CITIZEN,Yes,[0.76456631 0.23543369],0.0
78,BIO15_W34,CITIZEN,No,[0.33905879 0.66094121],0.0
79,BIO15_W34,CITIZEN,Yes,[0.65884415 0.34115585],0.005665620166408798
80,EAT3F_W34,CITIZEN,No,[0.66812686 0.33187314],0.0
81,EAT3F_W34,CITIZEN,Yes,[0.6181554 0.3818446],0.0
82,G2_W34,CITIZEN,No,[0.05001979 0.94998021],0.21300028995755832
83,G2_W34,CITIZEN,Yes,[0.18674716 0.81325284],0.20025071193173816
84,EAT3I_W34,CITIZEN,No,[0.56708384 0.43291616],0.0
85,EAT3I_W34,CITIZEN,Yes,[0.56063743 0.43936257],0.0
86,MED7_W34,CITIZEN,No,[0.21079152 0.78920848],0.010469208374795976
87,MED7_W34,CITIZEN,Yes,[0.3451116 0.6548884],0.017138039089332903
88,MED2D_W34,CITIZEN,No,[0.84545111 0.15320913 0.00133976],0.0
89,MED2D_W34,CITIZEN,Yes,[0.83035662 0.14137276 0.02827062],0.004065195601266507
90,MED2A_W34,CITIZEN,No,[0.5756347  0.30688465 0.11748065],0.017397890301269276
91,MED2A_W34,CITIZEN,Yes,[0.45075884 0.4311189  0.11812225],0.004927051875959103
92,EVOTWO_W34,CITIZEN,No,[1. 0.],0.0
93,EVOTWO_W34,CITIZEN,Yes,[0.27791574 0.72208426],0.45503307637833473
94,MED2B_W34,CITIZEN,No,[0.84774089 0.1487119  0.00354721],0.0
95,MED2B_W34,CITIZEN,Yes,[0.67585792 0.28998715 0.03415493],0.005330058698453612
96,EVOTHREE_W34,CITIZEN,No,[0.67446839 0.32553161],0.0
97,EVOTHREE_W34,CITIZEN,Yes,[0.59401564 0.40598436],0.028212803489250992
98,MED1_W34,CITIZEN,No,[0.41651559 0.58348441],0.01973912209183457
99,MED1_W34,CITIZEN,Yes,[0.49399422 0.50600578],0.014632161403564273
100,EVOBIOA_W34,CITIZEN,No,[0.65676965 0.34323035],0.1610938962911176
101,EVOBIOA_W34,CITIZEN,Yes,[0.81273973 0.18726027],0.19013109965610375
102,FUD37B_W34,CITIZEN,No,[0.42976965 0.32021545 0.19454893 0.05546597],0.026223943389880135
103,FUD37B_W34,CITIZEN,Yes,[0.23278782 0.35612762 0.33751327 0.07357129],0.012443301971874165
104,FUD35_W34,CITIZEN,No,[0.3843576  0.37163091 0.14359203 0.10041946],0.0
105,FUD35_W34,CITIZEN,Yes,[0.20990684 0.39532153 0.29056939 0.10420224],0.004176614200364643
106,MED2E_W34,CITIZEN,No,[0.61221108 0.33984377 0.04794515],0.006508427613752459
107,MED2E_W34,CITIZEN,Yes,[0.41651207 0.49366601 0.08982192],0.010035403821784717
108,FUD24_W34,CITIZEN,No,[0.59758758 0.01313827 0.38927414],0.010257123592941548
109,FUD24_W34,CITIZEN,Yes,[0.45125282 0.02695807 0.52178911],0.007563726989243067
110,EAT2_W34,CITIZEN,No,[0.12557419 0.20254684 0.35267498 0.2179184  0.1012856 ],0.0
111,EAT2_W34,CITIZEN,Yes,[0.11282086 0.29186502 0.29734342 0.26675141 0.03121928],0.005253052833476597
112,MED3_W34,CITIZEN,No,[0.133807   0.48856817 0.37762483],0.029637488282538038
113,MED3_W34,CITIZEN,Yes,[0.11832295 0.56620982 0.31546723],0.006425260611136143
114,MED4B_W34,CITIZEN,No,[0.73178376 0.26821624],0.014476101644301274
115,MED4B_W34,CITIZEN,Yes,[0.72767013 0.27232987],0.014292319277448194
116,FUD32_W34,CITIZEN,No,[0.29969644 0.50661633 0.19368723],0.0
117,FUD32_W34,CITIZEN,Yes,[0.28835604 0.58398075 0.12766321],0.0038231880944934716
118,BIOTECHB_W34,CITIZEN,No,[0.48502686 0.51497314],0.02081191491499858
119,BIOTECHB_W34,CITIZEN,Yes,[0.31420606 0.68579394],0.013072741070006447
120,EAT3E_W34,CITIZEN,No,[0.71739941 0.28260059],0.0
121,EAT3E_W34,CITIZEN,Yes,[0.76032796 0.23967204],0.0
122,SCI4_W34,CITIZEN,No,[0.67991463 0.32008537],0.036044372728221814
123,SCI4_W34,CITIZEN,Yes,[0.56791016 0.43208984],0.01199161077789512
124,SCI1_W34,CITIZEN,No,[0.92742207 0.07257793],0.0
125,SCI1_W34,CITIZEN,Yes,[0.90415499 0.09584501],0.006483002331638686
126,EVOBIOB_W34,CITIZEN,No,[0.82120827 0.17879173],0.0404014538328062
127,EVOBIOB_W34,CITIZEN,Yes,[0.6004883 0.3995117],0.08413996446431693
128,BIOTECHE_W34,CITIZEN,No,[0.23979291 0.76020709],0.006508427613752459
129,BIOTECHE_W34,CITIZEN,Yes,[0.21409974 0.78590026],0.011656442512791472
130,MED2F_W34,CITIZEN,No,[0.70601691 0.23483685 0.05914624],0.006508427613752459
131,MED2F_W34,CITIZEN,Yes,[0.58249266 0.37457227 0.04293507],0.00483537659111575
132,MED2C_W34,CITIZEN,No,[0.63596302 0.27456866 0.08946832],0.006508427613752459
133,MED2C_W34,CITIZEN,Yes,[0.43628984 0.47409492 0.08961523],0.005969290821921384
0,MED4A_W34,MARITAL,Divorced,[0.14870181 0.85129819],0.01540819860665293
1,MED4A_W34,MARITAL,Married,[0.15279449 0.84720551],0.011545343144866412
2,MED4A_W34,MARITAL,Never been married,[0.29047644 0.70952356],0.015619408868626946
3,MED4A_W34,MARITAL,Separated,[0.23880419 0.76119581],0.020610714606053765
4,MED4A_W34,MARITAL,Widowed,[0.13612352 0.86387648],0.006224175735596988
5,EAT3J_W34,MARITAL,Divorced,[0.81357177 0.18642823],0.0
6,EAT3J_W34,MARITAL,Married,[0.88577383 0.11422617],0.0
7,EAT3J_W34,MARITAL,Never been married,[0.92258088 0.07741912],0.0
8,EAT3J_W34,MARITAL,Separated,[0.89032247 0.10967753],0.0
9,EAT3J_W34,MARITAL,Widowed,[0.86471809 0.13528191],0.0
10,EAT3G_W34,MARITAL,Divorced,[0.67592786 0.32407214],0.0
11,EAT3G_W34,MARITAL,Married,[0.63362216 0.36637784],0.0
12,EAT3G_W34,MARITAL,Never been married,[0.70183529 0.29816471],0.0
13,EAT3G_W34,MARITAL,Separated,[0.70557447 0.29442553],0.0
14,EAT3G_W34,MARITAL,Widowed,[0.63937224 0.36062776],0.0
15,MED2G_W34,MARITAL,Divorced,[0.5717366  0.32790757 0.10035583],0.018036420749648775
16,MED2G_W34,MARITAL,Married,[0.50812175 0.3896801  0.10219815],0.002328699977417002
17,MED2G_W34,MARITAL,Never been married,[0.40977957 0.43561982 0.15460061],0.01596822855347886
18,MED2G_W34,MARITAL,Separated,[0.58309227 0.38345651 0.03345122],0.0
19,MED2G_W34,MARITAL,Widowed,[0.58161534 0.37932388 0.03906078],0.0027852707414653417
20,MED6C_W34,MARITAL,Divorced,[0.49983322 0.3264509  0.14717647 0.02653941],0.007602323954153019
21,MED6C_W34,MARITAL,Married,[0.47231091 0.40510176 0.09655849 0.02602883],0.005181551398035505
22,MED6C_W34,MARITAL,Never been married,[0.40276698 0.4066304  0.15136565 0.03923696],0.011809248041335013
23,MED6C_W34,MARITAL,Separated,[0.42987639 0.37074651 0.16008524 0.03929186],0.0
24,MED6C_W34,MARITAL,Widowed,[0.41391418 0.4346299  0.11190836 0.03954756],0.0
25,BIOTECHC_W34,MARITAL,Divorced,[0.73491531 0.26508469],0.022156515539662434
26,BIOTECHC_W34,MARITAL,Married,[0.74748645 0.25251355],0.01530905755164923
27,BIOTECHC_W34,MARITAL,Never been married,[0.67598218 0.32401782],0.012489542656559289
28,BIOTECHC_W34,MARITAL,Separated,[0.43991683 0.56008317],0.0
29,BIOTECHC_W34,MARITAL,Widowed,[0.85773107 0.14226893],0.017057526693473837
30,BIOTECHD_W34,MARITAL,Divorced,[0.60585781 0.39414219],0.015520457483990713
31,BIOTECHD_W34,MARITAL,Married,[0.59472047 0.40527953],0.017402273605866707
32,BIOTECHD_W34,MARITAL,Never been married,[0.62664866 0.37335134],0.015060195924662447
33,BIOTECHD_W34,MARITAL,Separated,[0.48135027 0.51864973],0.07913539890781814
34,BIOTECHD_W34,MARITAL,Widowed,[0.43798531 0.56201469],0.008183723182769663
35,MED6D_W34,MARITAL,Divorced,[0.61077236 0.26312077 0.07605112 0.05005574],0.013077234121739384
36,MED6D_W34,MARITAL,Married,[0.58957355 0.29424663 0.08116003 0.03501979],0.007140366580085716
37,MED6D_W34,MARITAL,Never been married,[0.56351666 0.31208881 0.07827496 0.04611958],0.01109164761858982
38,MED6D_W34,MARITAL,Separated,[0.58153134 0.32099716 0.06762346 0.02984804],0.0
39,MED6D_W34,MARITAL,Widowed,[0.5140883  0.34914168 0.11495965 0.02181038],0.0019106783052935282
40,EVOPERS3A_W34,MARITAL,Divorced,[0.95365396 0.04634604 0.        ],0.48550062440858793
41,EVOPERS3A_W34,MARITAL,Married,[0.         0.79938274 0.20061726],0.6715881302212093
42,EVOPERS3A_W34,MARITAL,Never been married,[0. 0. 1.],0.643656324414124
43,EAT6_W34,MARITAL,Divorced,[0.52629459 0.47370541],0.00860075077250834
44,EAT6_W34,MARITAL,Married,[0.48420862 0.51579138],0.013736807753203286
45,EAT6_W34,MARITAL,Never been married,[0.50017028 0.49982972],0.014943923631766451
46,EAT6_W34,MARITAL,Separated,[0.76726149 0.23273851],0.001597423589184273
47,EAT6_W34,MARITAL,Widowed,[0.44837676 0.55162324],0.03796973726912929
48,SCI3C_W34,MARITAL,Divorced,[0.83645918 0.16354082],0.014642196934173287
49,SCI3C_W34,MARITAL,Married,[0.77755857 0.22244143],0.009074761187631576
50,SCI3C_W34,MARITAL,Never been married,[0.83528813 0.16471187],0.004454373792477739
51,SCI3C_W34,MARITAL,Separated,[0.90422024 0.09577976],0.0
52,SCI3C_W34,MARITAL,Widowed,[0.77510434 0.22489566],0.01981252619733283
53,EAT1_W34,MARITAL,Divorced,[0.13641858 0.3741291  0.32459296 0.12692578 0.03793357],0.0
54,EAT1_W34,MARITAL,Married,[0.12461342 0.41027681 0.31372877 0.13323359 0.01814741],0.0012361779742669499
55,EAT1_W34,MARITAL,Never been married,[0.0929165  0.32660829 0.34425241 0.20126833 0.03495446],0.008680053904129204
56,EAT1_W34,MARITAL,Separated,[0.08887257 0.27430804 0.42441892 0.15638719 0.05601327],0.008735498584092762
57,EAT1_W34,MARITAL,Widowed,[0.14991309 0.35424342 0.32072675 0.13538517 0.03973157],0.0
58,FUD37A_W34,MARITAL,Divorced,[0.1877375  0.33718159 0.37730956 0.09777135],0.012192150320725428
59,FUD37A_W34,MARITAL,Married,[0.246149   0.40142396 0.2922506  0.06017644],0.009309277141262713
60,FUD37A_W34,MARITAL,Never been married,[0.3492097  0.37512    0.24357793 0.03209237],0.010268922275368558
61,FUD37A_W34,MARITAL,Separated,[0.28405142 0.4029123  0.2605196  0.05251669],0.0
62,FUD37A_W34,MARITAL,Widowed,[0.11217844 0.36917767 0.41352067 0.10512322],0.012340604183051686
63,MED4C_W34,MARITAL,Divorced,[0.66463136 0.33536864],0.02309357970955217
64,MED4C_W34,MARITAL,Married,[0.55022797 0.44977203],0.013398159727648453
65,MED4C_W34,MARITAL,Never been married,[0.70827648 0.29172352],0.019579253411971257
66,MED4C_W34,MARITAL,Separated,[0.60371386 0.39628614],0.0
67,MED4C_W34,MARITAL,Widowed,[0.56701106 0.43298894],0.047476982902978714
68,SCI3A_W34,MARITAL,Divorced,[0.81937646 0.18062354],0.016023449961077404
69,SCI3A_W34,MARITAL,Married,[0.75601697 0.24398303],0.007502441227139377
70,SCI3A_W34,MARITAL,Never been married,[0.81196663 0.18803337],0.028088381980902476
71,SCI3A_W34,MARITAL,Separated,[0.81703349 0.18296651],0.0
72,SCI3A_W34,MARITAL,Widowed,[0.73467341 0.26532659],0.010118817497916887
73,MED6A_W34,MARITAL,Divorced,[0.5732971  0.30376026 0.09572117 0.02722147],0.006293228662657816
74,MED6A_W34,MARITAL,Married,[0.58385363 0.30899238 0.0780895  0.02906449],0.00905764945905168
75,MED6A_W34,MARITAL,Never been married,[0.51371769 0.3368745  0.10632834 0.04307947],0.009637645247273034
76,MED6A_W34,MARITAL,Separated,[0.4109187  0.35452436 0.2047089  0.02984804],0.0
77,MED6A_W34,MARITAL,Widowed,[0.59833833 0.32800916 0.05078125 0.02287125],0.0020007289274578104
78,G1_W34,MARITAL,Divorced,[0.3377709 0.6622291],0.3425492530744212
79,G1_W34,MARITAL,Married,[0.38727052 0.61272948],0.3743863523119778
80,G1_W34,MARITAL,Never been married,[0.34144989 0.65855011],0.33587251369194604
81,G1_W34,MARITAL,Separated,[0.53494709 0.46505291],0.14883042239694758
82,G1_W34,MARITAL,Widowed,[0.46981033 0.53018967],0.3011969732173963
83,MED6B_W34,MARITAL,Divorced,[0.12573913 0.48684727 0.32452601 0.06288759],0.018924540084615155
84,MED6B_W34,MARITAL,Married,[0.13977604 0.50056347 0.28427446 0.07538603],0.011931753243198487
85,MED6B_W34,MARITAL,Never been married,[0.24553604 0.48590799 0.20132181 0.06723416],0.013581962459609943
86,MED6B_W34,MARITAL,Separated,[0.20362981 0.48700481 0.18994662 0.11941876],0.0
87,MED6B_W34,MARITAL,Widowed,[0.10395084 0.50416673 0.30755928 0.08432315],0.02686531022914241
88,MED6E_W34,MARITAL,Divorced,[0.16067169 0.37198177 0.3996164  0.06773014],0.014740384705170802
89,MED6E_W34,MARITAL,Married,[0.17510801 0.4463871  0.28943571 0.08906918],0.01043669967385659
90,MED6E_W34,MARITAL,Never been married,[0.24468359 0.44929692 0.25412277 0.05189673],0.016439476870731193
91,MED6E_W34,MARITAL,Separated,[0.26695465 0.36670686 0.23088406 0.13545442],0.0
92,MED6E_W34,MARITAL,Widowed,[0.1147106  0.46342729 0.3289638  0.09289831],0.009010692750124094
93,EAT5D_W34,MARITAL,Divorced,[0.28552272 0.50574213 0.18726508 0.02147006],0.0016472345810184263
94,EAT5D_W34,MARITAL,Married,[0.23844461 0.5495441  0.1854811  0.02653019],0.0031461454100624865
95,EAT5D_W34,MARITAL,Never been married,[0.25744238 0.49922121 0.17875266 0.06458375],0.012911935536241499
96,EAT5D_W34,MARITAL,Separated,[0.35807894 0.34693858 0.17868841 0.11629407],0.0
97,EAT5D_W34,MARITAL,Widowed,[0.26991933 0.57752322 0.15255746 0.        ],0.0013632905977811883
98,EAT5B_W34,MARITAL,Divorced,[0.32853872 0.47395458 0.12726998 0.07023673],0.0016472345810184265
99,EAT5B_W34,MARITAL,Married,[0.30791749 0.48075746 0.18298684 0.02833822],0.003288841126698152
100,EAT5B_W34,MARITAL,Never been married,[0.2784263  0.48619731 0.18101629 0.0543601 ],0.009941701140022014
101,EAT5B_W34,MARITAL,Separated,[0.5109804  0.33799502 0.14228909 0.0087355 ],0.0
102,EAT5B_W34,MARITAL,Widowed,[0.39356561 0.44867279 0.14814535 0.00961624],0.0
103,EVOONE_W34,MARITAL,Divorced,[0.71132138 0.28867862],0.015884488843380146
104,EVOONE_W34,MARITAL,Married,[0.68650367 0.31349633],0.03878121516665624
105,EVOONE_W34,MARITAL,Never been married,[0.71702643 0.28297357],0.008823968023121138
106,EVOONE_W34,MARITAL,Separated,[0.48104076 0.51895924],0.0
107,EVOONE_W34,MARITAL,Widowed,[0.65146035 0.34853965],0.0
108,BIOTECHA_W34,MARITAL,Divorced,[0.39806495 0.60193505],0.02926921253082836
109,BIOTECHA_W34,MARITAL,Married,[0.43035758 0.56964242],0.00947339092817876
110,BIOTECHA_W34,MARITAL,Never been married,[0.55684858 0.44315142],0.021049717869285032
111,BIOTECHA_W34,MARITAL,Separated,[0.3244177 0.6755823],0.01641534269558939
112,BIOTECHA_W34,MARITAL,Widowed,[0.36426894 0.63573106],0.020943677416278363
113,FUD37C_W34,MARITAL,Divorced,[0.26981924 0.33474526 0.34406862 0.05136688],0.011165297761317836
114,FUD37C_W34,MARITAL,Married,[0.19154208 0.36033201 0.38976712 0.0583588 ],0.012638867643196813
115,FUD37C_W34,MARITAL,Never been married,[0.2112154  0.36882527 0.36343443 0.0565249 ],0.010268922275368556
116,FUD37C_W34,MARITAL,Separated,[0.26493746 0.37835986 0.26473587 0.0919668 ],0.0
117,FUD37C_W34,MARITAL,Widowed,[0.16586508 0.33791771 0.4234448  0.07277241],0.0175722474936879
118,MED5_W34,MARITAL,Divorced,[0.04769491 0.31089279 0.41090007 0.23051223],0.010859952811308202
119,MED5_W34,MARITAL,Married,[0.07175513 0.27957272 0.45469175 0.1939804 ],0.01196865082646598
120,MED5_W34,MARITAL,Never been married,[0.09695886 0.30847684 0.49286177 0.10170254],0.011164156477428367
121,MED5_W34,MARITAL,Separated,[0.05853564 0.30399182 0.40015461 0.23731793],0.011273575421957487
122,MED5_W34,MARITAL,Widowed,[0.09998168 0.326345   0.42626025 0.14741307],0.02828485395193644
123,EAT3H_W34,MARITAL,Divorced,[0.70742651 0.29257349],0.0
124,EAT3H_W34,MARITAL,Married,[0.70193201 0.29806799],0.0
125,EAT3H_W34,MARITAL,Never been married,[0.75954419 0.24045581],0.0
126,EAT3H_W34,MARITAL,Separated,[0.78750649 0.21249351],0.0
127,EAT3H_W34,MARITAL,Widowed,[0.7594399 0.2405601],0.0
128,SCI3B_W34,MARITAL,Divorced,[0.85445845 0.14554155],0.02240615975928298
129,SCI3B_W34,MARITAL,Married,[0.79312799 0.20687201],0.007490586610126031
130,SCI3B_W34,MARITAL,Never been married,[0.8235678 0.1764322],0.004922544725933843
131,SCI3B_W34,MARITAL,Separated,[0.82075594 0.17924406],0.013420812758067443
132,SCI3B_W34,MARITAL,Widowed,[0.78613378 0.21386622],0.017105414844500816
133,SCI5_W34,MARITAL,Divorced,[0.43512561 0.56487439],0.02674406825510034
134,SCI5_W34,MARITAL,Married,[0.52920163 0.47079837],0.019753030244538016
135,SCI5_W34,MARITAL,Never been married,[0.46679927 0.53320073],0.01262784089404748
136,SCI5_W34,MARITAL,Separated,[0.3696963 0.6303037],0.026397544022874996
137,SCI5_W34,MARITAL,Widowed,[0.44353597 0.55646403],0.010236939508645402
138,FUD37D_W34,MARITAL,Divorced,[0.29502033 0.40220637 0.24981241 0.05296089],0.008744535095210048
139,FUD37D_W34,MARITAL,Married,[0.29204319 0.48176208 0.18515286 0.04104187],0.009480861238872004
140,FUD37D_W34,MARITAL,Never been married,[0.40054515 0.4213252  0.12789166 0.05023798],0.013484717624983029
141,FUD37D_W34,MARITAL,Separated,[0.37630471 0.43954025 0.14079073 0.04336431],0.0
142,FUD37D_W34,MARITAL,Widowed,[0.24532847 0.42672567 0.31699792 0.01094794],0.012222664194262725
143,FUD33B_W34,MARITAL,Divorced,[0.04399    0.36768561 0.58832439],0.0
144,FUD33B_W34,MARITAL,Married,[0.02849212 0.41364782 0.55786006],0.04622776410074978
145,FUD33B_W34,MARITAL,Never been married,[0.04650254 0.28436082 0.66913665],0.05616758078842358
146,FUD33B_W34,MARITAL,Separated,[0.         0.24534174 0.75465826],0.0
147,FUD33B_W34,MARITAL,Widowed,[0.14923791 0.23040932 0.62035277],0.0
148,FUD33A_W34,MARITAL,Divorced,[0.04346765 0.62505201 0.33148034],0.28296970582556014
149,FUD33A_W34,MARITAL,Married,[0.03805113 0.54008771 0.42186117],0.26850109686473395
150,FUD33A_W34,MARITAL,Never been married,[0.10149479 0.44430622 0.45419899],0.24610945679132015
151,FUD33A_W34,MARITAL,Separated,[0.         0.71546393 0.28453607],0.19223590265125184
152,FUD33A_W34,MARITAL,Widowed,[0.08532227 0.52706525 0.38761248],0.3504833725921187
153,FUD22_W34,MARITAL,Divorced,[0.10162896 0.34645309 0.38608297 0.16583498],0.0030497835360271367
154,FUD22_W34,MARITAL,Married,[0.07037655 0.33820989 0.44921901 0.14219454],0.005056819493881158
155,FUD22_W34,MARITAL,Never been married,[0.05982454 0.31227797 0.42758251 0.20031498],0.008680053904129204
156,FUD22_W34,MARITAL,Separated,[0.02925083 0.20853104 0.41185669 0.35036143],0.029848035078701478
157,FUD22_W34,MARITAL,Widowed,[0.04193196 0.26937396 0.48850781 0.20018627],0.006154220593157086
158,EAT5A_W34,MARITAL,Divorced,[0.37444101 0.45356047 0.14497149 0.02702703],0.0
159,EAT5A_W34,MARITAL,Married,[0.30628566 0.49606198 0.17634913 0.02130322],0.002953076254379741
160,EAT5A_W34,MARITAL,Never been married,[0.25816884 0.49204318 0.18473262 0.06505535],0.009941701140022016
161,EAT5A_W34,MARITAL,Separated,[0.4688629  0.34895761 0.14982186 0.03235763],0.0
162,EAT5A_W34,MARITAL,Widowed,[0.33794229 0.46264046 0.18399586 0.0154214 ],0.0007067934896787674
163,SCI2B_W34,MARITAL,Divorced,[0.88423763 0.11576237],0.009314788278733818
164,SCI2B_W34,MARITAL,Married,[0.93503189 0.06496811],0.010749066419773978
165,SCI2B_W34,MARITAL,Never been married,[0.89660057 0.10339943],0.001581084700392286
166,SCI2B_W34,MARITAL,Separated,[0.80586771 0.19413229],0.00873549858409276
167,SCI2B_W34,MARITAL,Widowed,[0.91216506 0.08783494],0.017513871691152927
168,SCI2A_W34,MARITAL,Divorced,[0.73530177 0.26469823],0.006293228662657816
169,SCI2A_W34,MARITAL,Married,[0.73936062 0.26063938],0.008211381765659734
170,SCI2A_W34,MARITAL,Never been married,[0.70813488 0.29186512],0.004545689380539312
171,SCI2A_W34,MARITAL,Separated,[0.65160368 0.34839632],0.02578238563873585
172,SCI2A_W34,MARITAL,Widowed,[0.72691827 0.27308173],0.002396416551941483
173,EAT5C_W34,MARITAL,Divorced,[0.21036943 0.49551041 0.23877739 0.05534277],0.0
174,EAT5C_W34,MARITAL,Married,[0.17466908 0.51840199 0.25616644 0.05076249],0.005329992705401537
175,EAT5C_W34,MARITAL,Never been married,[0.21702047 0.4478687  0.26034959 0.07476124],0.009941701140022016
176,EAT5C_W34,MARITAL,Separated,[0.32618026 0.30438341 0.24182099 0.12761533],0.0
177,EAT5C_W34,MARITAL,Widowed,[0.18623853 0.5601335  0.24394413 0.00968385],0.0
178,SCI2C_W34,MARITAL,Divorced,[0.80151768 0.19848232],0.010208089255593132
179,SCI2C_W34,MARITAL,Married,[0.82552832 0.17447168],0.010882670782507323
180,SCI2C_W34,MARITAL,Never been married,[0.67955877 0.32044123],0.0
181,SCI2C_W34,MARITAL,Separated,[0.70530503 0.29469497],0.0
182,SCI2C_W34,MARITAL,Widowed,[0.80014534 0.19985466],0.003271008988113296
183,EVOPERS3_W34,MARITAL,Divorced,[0.30884727 0.52844151 0.16271123],0.03817423756982705
184,EVOPERS3_W34,MARITAL,Married,[0.28510432 0.51534555 0.19955013],0.011046611495905877
185,EVOPERS3_W34,MARITAL,Never been married,[0.42031461 0.40654349 0.1731419 ],0.002524268746710772
186,EVOPERS3_W34,MARITAL,Separated,[0.33464379 0.57409426 0.09126194],0.03110362321924199
187,EVOPERS3_W34,MARITAL,Widowed,[0.19790073 0.59242518 0.20967409],0.0079193470745145
188,EAT3K_W34,MARITAL,Divorced,[0.76684187 0.23315813],0.0
189,EAT3K_W34,MARITAL,Married,[0.80580502 0.19419498],0.0
190,EAT3K_W34,MARITAL,Never been married,[0.6953547 0.3046453],0.0
191,EAT3K_W34,MARITAL,Separated,[0.7181826 0.2818174],0.0
192,EAT3K_W34,MARITAL,Widowed,[0.81366669 0.18633331],0.0
193,BIO15_W34,MARITAL,Divorced,[0.69858856 0.30141144],0.0
194,BIO15_W34,MARITAL,Married,[0.69461399 0.30538601],0.001641769414030834
195,BIO15_W34,MARITAL,Never been married,[0.51704819 0.48295181],0.014246662602511185
196,BIO15_W34,MARITAL,Separated,[0.55431739 0.44568261],0.01653664083636032
197,BIO15_W34,MARITAL,Widowed,[0.8099286 0.1900714],0.00858509029466715
198,EAT3F_W34,MARITAL,Divorced,[0.63442789 0.36557211],0.0
199,EAT3F_W34,MARITAL,Married,[0.58291732 0.41708268],0.0
200,EAT3F_W34,MARITAL,Never been married,[0.64428346 0.35571654],0.0
201,EAT3F_W34,MARITAL,Separated,[0.65904234 0.34095766],0.0
202,EAT3F_W34,MARITAL,Widowed,[0.61333797 0.38666203],0.0
203,G2_W34,MARITAL,Divorced,[0.08846007 0.91153993],0.20172513684580634
204,G2_W34,MARITAL,Married,[0.20130278 0.79869722],0.15357121917382816
205,G2_W34,MARITAL,Never been married,[0.19252556 0.80747444],0.24209137642632572
206,G2_W34,MARITAL,Separated,[0.18582223 0.81417777],0.1457750649623351
207,G2_W34,MARITAL,Widowed,[0.1470172 0.8529828],0.2181861943834674
208,EAT3I_W34,MARITAL,Divorced,[0.57261733 0.42738267],0.0
209,EAT3I_W34,MARITAL,Married,[0.50678429 0.49321571],0.0
210,EAT3I_W34,MARITAL,Never been married,[0.60380271 0.39619729],0.0
211,EAT3I_W34,MARITAL,Separated,[0.5899931 0.4100069],0.0
212,EAT3I_W34,MARITAL,Widowed,[0.51403943 0.48596057],0.0
213,MED7_W34,MARITAL,Divorced,[0.25513522 0.74486478],0.019795876037352226
214,MED7_W34,MARITAL,Married,[0.29881703 0.70118297],0.011951459345823557
215,MED7_W34,MARITAL,Never been married,[0.49043906 0.50956094],0.02145845662939284
216,MED7_W34,MARITAL,Separated,[0.32835707 0.67164293],0.03725892517724447
217,MED7_W34,MARITAL,Widowed,[0.22153924 0.77846076],0.025895987690584564
218,MED2D_W34,MARITAL,Divorced,[0.831982   0.13502656 0.03299144],0.009449145389290812
219,MED2D_W34,MARITAL,Married,[0.83667095 0.15114575 0.0121833 ],0.0010147324492999544
220,MED2D_W34,MARITAL,Never been married,[0.80926565 0.14625062 0.04448373],0.009305864322461162
221,MED2D_W34,MARITAL,Separated,[0.84575064 0.13614551 0.01810385],0.0
222,MED2D_W34,MARITAL,Widowed,[0.79747466 0.1767894  0.02573594],0.0
223,MED2A_W34,MARITAL,Divorced,[0.47700609 0.41791965 0.10507426],0.006293228662657818
224,MED2A_W34,MARITAL,Married,[0.45403429 0.43049377 0.11547195],0.0020798581360581166
225,MED2A_W34,MARITAL,Never been married,[0.39372572 0.4659303  0.14034398],0.008680053904129204
226,MED2A_W34,MARITAL,Separated,[0.65229283 0.30315085 0.04455632],0.0
227,MED2A_W34,MARITAL,Widowed,[0.48480458 0.37317735 0.14201807],0.01736231295817528
228,EVOTWO_W34,MARITAL,Divorced,[1. 0.],0.4233912122825226
229,EVOTWO_W34,MARITAL,Married,[0.51727917 0.48272083],0.4144120492453209
230,EVOTWO_W34,MARITAL,Never been married,[0. 1.],0.0
231,MED2B_W34,MARITAL,Divorced,[0.68464602 0.27334136 0.04201263],0.006293228662657816
232,MED2B_W34,MARITAL,Married,[0.69598052 0.28118441 0.02283507],0.00044659901056789476
233,MED2B_W34,MARITAL,Never been married,[0.63912084 0.31212166 0.0487575 ],0.017374706288321877
234,MED2B_W34,MARITAL,Separated,[0.77309355 0.20292107 0.02398539],0.0
235,MED2B_W34,MARITAL,Widowed,[0.58999008 0.39248263 0.01752729],0.0
236,EVOTHREE_W34,MARITAL,Divorced,[0.50032595 0.49967405],0.056116387970568005
237,EVOTHREE_W34,MARITAL,Married,[0.59469998 0.40530002],0.02378940270536403
238,EVOTHREE_W34,MARITAL,Never been married,[0.65493117 0.34506883],0.00847586581465606
239,EVOTHREE_W34,MARITAL,Separated,[0.33926051 0.66073949],0.09532182242488492
240,EVOTHREE_W34,MARITAL,Widowed,[0.42511038 0.57488962],0.010603212645933826
241,MED1_W34,MARITAL,Divorced,[0.45496922 0.54503078],0.012060702005273595
242,MED1_W34,MARITAL,Married,[0.53763696 0.46236304],0.008656352982879208
243,MED1_W34,MARITAL,Never been married,[0.49820293 0.50179707],0.03260275035986956
244,MED1_W34,MARITAL,Separated,[0.29086681 0.70913319],0.03649746003978285
245,MED1_W34,MARITAL,Widowed,[0.52512935 0.47487065],0.004869946490484908
246,EVOBIOA_W34,MARITAL,Divorced,[0.80200459 0.19799541],0.19167082442901578
247,EVOBIOA_W34,MARITAL,Married,[0.81888427 0.18111573],0.16663294511762333
248,EVOBIOA_W34,MARITAL,Never been married,[0.84763341 0.15236659],0.20174092277615369
249,EVOBIOA_W34,MARITAL,Separated,[0.60624309 0.39375691],0.27610450856892377
250,EVOBIOA_W34,MARITAL,Widowed,[0.68494182 0.31505818],0.19398505087004678
251,FUD37B_W34,MARITAL,Divorced,[0.3066069  0.36849398 0.23329311 0.09160601],0.014445968391000328
252,FUD37B_W34,MARITAL,Married,[0.21006202 0.35323953 0.37290197 0.06379647],0.010488989427637964
253,FUD37B_W34,MARITAL,Never been married,[0.2007673  0.3486732  0.34279496 0.10776455],0.015085366877573362
254,FUD37B_W34,MARITAL,Separated,[0.39004734 0.29203102 0.28942123 0.02850041],0.0
255,FUD37B_W34,MARITAL,Widowed,[0.24720771 0.39196206 0.34251038 0.01831986],0.017367644169306598
256,FUD35_W34,MARITAL,Divorced,[0.24894123 0.40898797 0.21754134 0.12452946],0.00147530330425077
257,FUD35_W34,MARITAL,Married,[0.21215758 0.40413325 0.29881891 0.08489027],0.00038949091632231174
258,FUD35_W34,MARITAL,Never been married,[0.17562714 0.36972247 0.34154262 0.11310778],0.009200092001964732
259,FUD35_W34,MARITAL,Separated,[0.25697614 0.42533111 0.18244469 0.13524806],0.029848035078701478
260,FUD35_W34,MARITAL,Widowed,[0.24997572 0.38345787 0.29700678 0.06955964],0.0
261,MED2E_W34,MARITAL,Divorced,[0.49878636 0.4322606  0.06895304],0.01829198853676651
262,MED2E_W34,MARITAL,Married,[0.40742982 0.50998867 0.08258151],0.0034948294588304112
263,MED2E_W34,MARITAL,Never been married,[0.34850293 0.51841707 0.13307999],0.01443224892662396
264,MED2E_W34,MARITAL,Separated,[0.59892688 0.38767606 0.01339706],0.02410163384552289
265,MED2E_W34,MARITAL,Widowed,[0.51407056 0.43858944 0.04734   ],0.013218182378702864
266,FUD24_W34,MARITAL,Divorced,[0.43114267 0.02066506 0.54819227],0.004391885409509828
267,FUD24_W34,MARITAL,Married,[0.45440728 0.01858193 0.52701079],0.007424657637870571
268,FUD24_W34,MARITAL,Never been married,[0.51093357 0.03723712 0.45182931],0.010851656698191181
269,FUD24_W34,MARITAL,Separated,[0.42380404 0.07976317 0.49643279],0.0
270,FUD24_W34,MARITAL,Widowed,[0.37320765 0.01652063 0.61027171],0.013985779411630024
271,EAT2_W34,MARITAL,Divorced,[0.11327466 0.31196445 0.24998125 0.2666209  0.05815874],0.0
272,EAT2_W34,MARITAL,Married,[0.07281522 0.23620018 0.31725184 0.32579467 0.04793809],0.0
273,EAT2_W34,MARITAL,Never been married,[0.17556169 0.37557178 0.28206891 0.15357643 0.01322119],0.015760079491492832
274,EAT2_W34,MARITAL,Separated,[0.12698146 0.32515386 0.30774518 0.18803533 0.05208416],0.024520174639523412
275,EAT2_W34,MARITAL,Widowed,[0.09969892 0.33340465 0.3028019  0.24763146 0.01646307],0.0039029667061989473
276,MED3_W34,MARITAL,Divorced,[0.08791542 0.60255516 0.30952942],0.0
277,MED3_W34,MARITAL,Married,[0.0963015  0.56874537 0.33495313],0.0007040428401330951
278,MED3_W34,MARITAL,Never been married,[0.17926282 0.57752822 0.24320896],0.01643889641153614
279,MED3_W34,MARITAL,Separated,[0.1216294  0.54956529 0.32880531],0.0
280,MED3_W34,MARITAL,Widowed,[0.11010081 0.53257236 0.35732683],0.04395909198973633
281,MED4B_W34,MARITAL,Divorced,[0.71852885 0.28147115],0.014740384705170802
282,MED4B_W34,MARITAL,Married,[0.725571 0.274429],0.012273510929761398
283,MED4B_W34,MARITAL,Never been married,[0.78127472 0.21872528],0.019409369630587082
284,MED4B_W34,MARITAL,Separated,[0.6481992 0.3518008],0.0
285,MED4B_W34,MARITAL,Widowed,[0.66140677 0.33859323],0.02633909379569532
286,FUD32_W34,MARITAL,Divorced,[0.25476196 0.6177771  0.12746094],0.0008709029928127953
287,FUD32_W34,MARITAL,Married,[0.2823596  0.60333909 0.11430131],0.003022505906219269
288,FUD32_W34,MARITAL,Never been married,[0.34815588 0.53198509 0.11985903],0.008680053904129202
289,FUD32_W34,MARITAL,Separated,[0.3133634  0.47692038 0.20971622],0.0
290,FUD32_W34,MARITAL,Widowed,[0.23738713 0.62257716 0.14003571],0.0
291,BIOTECHB_W34,MARITAL,Divorced,[0.31733739 0.68266261],0.018673946153229305
292,BIOTECHB_W34,MARITAL,Married,[0.28756615 0.71243385],0.014166052354655288
293,BIOTECHB_W34,MARITAL,Never been married,[0.45090688 0.54909312],0.012855867319516703
294,BIOTECHB_W34,MARITAL,Separated,[0.18983515 0.81016485],0.0
295,BIOTECHB_W34,MARITAL,Widowed,[0.17851015 0.82148985],0.015647292494330237
296,EAT3E_W34,MARITAL,Divorced,[0.70530009 0.29469991],0.0
297,EAT3E_W34,MARITAL,Married,[0.75872706 0.24127294],0.0
298,EAT3E_W34,MARITAL,Never been married,[0.81757263 0.18242737],0.0
299,EAT3E_W34,MARITAL,Separated,[0.76214506 0.23785494],0.0
300,EAT3E_W34,MARITAL,Widowed,[0.60137082 0.39862918],0.0
301,SCI4_W34,MARITAL,Divorced,[0.65036529 0.34963471],0.007560758912820852
302,SCI4_W34,MARITAL,Married,[0.53252116 0.46747884],0.01788133454578174
303,SCI4_W34,MARITAL,Never been married,[0.67043225 0.32956775],0.008936828543033402
304,SCI4_W34,MARITAL,Separated,[0.45435645 0.54564355],0.004328684957405474
305,SCI4_W34,MARITAL,Widowed,[0.51680744 0.48319256],0.028494555760960456
306,SCI1_W34,MARITAL,Divorced,[0.90643179 0.09356821],0.006179254577316561
307,SCI1_W34,MARITAL,Married,[0.91567768 0.08432232],0.0025823028684366623
308,SCI1_W34,MARITAL,Never been married,[0.91010638 0.08989362],0.0020692913588325978
309,SCI1_W34,MARITAL,Separated,[0.83251893 0.16748107],0.0
310,SCI1_W34,MARITAL,Widowed,[0.91227855 0.08772145],0.04059747299872454
311,EVOBIOB_W34,MARITAL,Divorced,[0.72112125 0.27887875],0.10332497341415872
312,EVOBIOB_W34,MARITAL,Married,[0.64560321 0.35439679],0.06075913422703333
313,EVOBIOB_W34,MARITAL,Never been married,[0.4818031 0.5181969],0.13952364342505727
314,EVOBIOB_W34,MARITAL,Separated,[0.77746587 0.22253413],0.0
315,EVOBIOB_W34,MARITAL,Widowed,[0.3956587 0.6043413],0.13513709321102535
316,BIOTECHE_W34,MARITAL,Divorced,[0.17706491 0.82293509],0.011213489127340335
317,BIOTECHE_W34,MARITAL,Married,[0.19048771 0.80951229],0.011154304611006804
318,BIOTECHE_W34,MARITAL,Never been married,[0.29867371 0.70132629],0.010626242935142489
319,BIOTECHE_W34,MARITAL,Separated,[0.10530914 0.89469086],0.03942988097562421
320,BIOTECHE_W34,MARITAL,Widowed,[0.21924899 0.78075101],0.008183723182769663
321,MED2F_W34,MARITAL,Divorced,[0.64350361 0.31765929 0.0388371 ],0.015867545608456525
322,MED2F_W34,MARITAL,Married,[0.5708149  0.38737409 0.04181101],0.001242235740126821
323,MED2F_W34,MARITAL,Never been married,[0.52428076 0.42524544 0.05047379],0.008680053904129204
324,MED2F_W34,MARITAL,Separated,[0.71606889 0.27733631 0.0065948 ],0.0
325,MED2F_W34,MARITAL,Widowed,[0.55767748 0.42601469 0.01630783],0.00040375896847718196
326,MED2C_W34,MARITAL,Divorced,[0.51326916 0.40387941 0.08285143],0.00944914538929081
327,MED2C_W34,MARITAL,Married,[0.39325631 0.51738113 0.08936256],0.0020866285566653337
328,MED2C_W34,MARITAL,Never been married,[0.41624794 0.46071024 0.12304182],0.009402728830822393
329,MED2C_W34,MARITAL,Separated,[0.62828744 0.27798633 0.09372623],0.0
330,MED2C_W34,MARITAL,Widowed,[0.47782095 0.49021693 0.03196211],0.013218182378702864
0,MED4A_W34,RELIG,Agnostic,[0.22158754 0.77841246],0.006138058277061155
1,MED4A_W34,RELIG,Atheist,[0.35632932 0.64367068],0.0021045159200964005
2,MED4A_W34,RELIG,Buddhist,[0.32924161 0.67075839],0.0
3,MED4A_W34,RELIG,Hindu,[0.2245676 0.7754324],0.0
4,MED4A_W34,RELIG,Jewish,[0.24856846 0.75143154],0.0
5,MED4A_W34,RELIG,Mormon,[0.19745508 0.80254492],0.0
6,MED4A_W34,RELIG,Muslim,[0.12715156 0.87284844],0.0
7,MED4A_W34,RELIG,Nothing in particular,[0.22924051 0.77075949],0.004848620548088286
8,MED4A_W34,RELIG,Orthodox,[0.13960375 0.86039625],0.0
9,MED4A_W34,RELIG,Other,[0.28970096 0.71029904],0.11623988667774685
10,MED4A_W34,RELIG,Protestant,[0.12155688 0.87844312],0.01650900869372315
11,MED4A_W34,RELIG,Roman Catholic,[0.19864936 0.80135064],0.00260633228769796
12,EAT3J_W34,RELIG,Agnostic,[0.90637394 0.09362606],0.0
13,EAT3J_W34,RELIG,Atheist,[0.94686565 0.05313435],0.0
14,EAT3J_W34,RELIG,Buddhist,[0.86472433 0.13527567],0.0
15,EAT3J_W34,RELIG,Hindu,[0.59754316 0.40245684],0.0
16,EAT3J_W34,RELIG,Jewish,[0.90102736 0.09897264],0.0
17,EAT3J_W34,RELIG,Mormon,[0.96003477 0.03996523],0.0
18,EAT3J_W34,RELIG,Muslim,[0.91981733 0.08018267],0.0
19,EAT3J_W34,RELIG,Nothing in particular,[0.93626413 0.06373587],0.0
20,EAT3J_W34,RELIG,Orthodox,[0.8023768 0.1976232],0.0
21,EAT3J_W34,RELIG,Other,[0.82304285 0.17695715],0.0
22,EAT3J_W34,RELIG,Protestant,[0.85966272 0.14033728],0.0
23,EAT3J_W34,RELIG,Roman Catholic,[0.88057583 0.11942417],0.0
24,EAT3G_W34,RELIG,Agnostic,[0.6140586 0.3859414],0.0
25,EAT3G_W34,RELIG,Atheist,[0.72612756 0.27387244],0.0
26,EAT3G_W34,RELIG,Buddhist,[0.71708448 0.28291552],0.0
27,EAT3G_W34,RELIG,Hindu,[0.36622557 0.63377443],0.0
28,EAT3G_W34,RELIG,Jewish,[0.65462862 0.34537138],0.0
29,EAT3G_W34,RELIG,Mormon,[0.79829162 0.20170838],0.0
30,EAT3G_W34,RELIG,Muslim,[0.39229469 0.60770531],0.0
31,EAT3G_W34,RELIG,Nothing in particular,[0.67181043 0.32818957],0.0
32,EAT3G_W34,RELIG,Orthodox,[0.4310521 0.5689479],0.0
33,EAT3G_W34,RELIG,Other,[0.49729308 0.50270692],0.0
34,EAT3G_W34,RELIG,Protestant,[0.69092394 0.30907606],0.0
35,EAT3G_W34,RELIG,Roman Catholic,[0.66510013 0.33489987],0.0
36,MED2G_W34,RELIG,Agnostic,[0.3570793 0.5393237 0.103597 ],0.0023213509490449175
37,MED2G_W34,RELIG,Atheist,[0.30672487 0.55142159 0.14185354],0.0
38,MED2G_W34,RELIG,Buddhist,[0.25837745 0.46309932 0.27852323],0.0
39,MED2G_W34,RELIG,Hindu,[0.62453313 0.07585814 0.29960873],0.0
40,MED2G_W34,RELIG,Jewish,[0.51788871 0.33850653 0.14360477],0.04736687009988657
41,MED2G_W34,RELIG,Mormon,[0.69575916 0.25998711 0.04425373],0.0
42,MED2G_W34,RELIG,Muslim,[0.33194134 0.36409144 0.30396722],0.0
43,MED2G_W34,RELIG,Nothing in particular,[0.46599976 0.40128683 0.13271341],0.002572206723976263
44,MED2G_W34,RELIG,Orthodox,[0.59140135 0.34444103 0.06415762],0.0
45,MED2G_W34,RELIG,Other,[0.68045366 0.20249851 0.11704783],0.0
46,MED2G_W34,RELIG,Protestant,[0.51943454 0.39569407 0.08487139],0.013261334325569104
47,MED2G_W34,RELIG,Roman Catholic,[0.5350189  0.36889455 0.09608655],0.010717541288011908
48,MED6C_W34,RELIG,Agnostic,[0.37471762 0.48356273 0.13409265 0.00762699],0.0
49,MED6C_W34,RELIG,Atheist,[0.41310497 0.44165286 0.12923125 0.01601091],0.0
50,MED6C_W34,RELIG,Buddhist,[0.80025639 0.06559705 0.04616116 0.08798539],0.0
51,MED6C_W34,RELIG,Hindu,[0.63880127 0.27797542 0.08322332 0.        ],0.0
52,MED6C_W34,RELIG,Jewish,[0.39335854 0.33342114 0.26682545 0.00639487],0.0
53,MED6C_W34,RELIG,Mormon,[0.4326099  0.35472315 0.15909839 0.05356856],0.0
54,MED6C_W34,RELIG,Muslim,[0.36488713 0.36208912 0.12718442 0.14583933],0.0
55,MED6C_W34,RELIG,Nothing in particular,[0.46054439 0.38095633 0.11008199 0.04841729],0.008851496216754729
56,MED6C_W34,RELIG,Orthodox,[0.52392934 0.37914012 0.09693053 0.        ],0.0
57,MED6C_W34,RELIG,Other,[0.66167675 0.29615213 0.0367945  0.00537662],0.044325720321684
58,MED6C_W34,RELIG,Protestant,[0.48597358 0.3634217  0.12341984 0.02718488],0.010056398965085658
59,MED6C_W34,RELIG,Roman Catholic,[0.40313795 0.43729076 0.11952416 0.04004713],0.0027925578448300637
60,BIOTECHC_W34,RELIG,Agnostic,[0.76015239 0.23984761],0.022454089129495963
61,BIOTECHC_W34,RELIG,Atheist,[0.72269352 0.27730648],0.0
62,BIOTECHC_W34,RELIG,Buddhist,[0.44051136 0.55948864],0.057717926666937196
63,BIOTECHC_W34,RELIG,Hindu,[0.9626579 0.0373421],0.0
64,BIOTECHC_W34,RELIG,Jewish,[0.73635497 0.26364503],0.0
65,BIOTECHC_W34,RELIG,Mormon,[0.74417987 0.25582013],0.0
66,BIOTECHC_W34,RELIG,Muslim,[0.38299647 0.61700353],0.0
67,BIOTECHC_W34,RELIG,Nothing in particular,[0.64161513 0.35838487],0.013008998503390783
68,BIOTECHC_W34,RELIG,Orthodox,[0.58271918 0.41728082],0.0
69,BIOTECHC_W34,RELIG,Other,[0.81821309 0.18178691],0.05423656921588429
70,BIOTECHC_W34,RELIG,Protestant,[0.71322065 0.28677935],0.01852773532444593
71,BIOTECHC_W34,RELIG,Roman Catholic,[0.75458375 0.24541625],0.004192804796830171
72,BIOTECHD_W34,RELIG,Agnostic,[0.7376455 0.2623545],0.0034624859935131177
73,BIOTECHD_W34,RELIG,Atheist,[0.79832867 0.20167133],0.0
74,BIOTECHD_W34,RELIG,Buddhist,[0.67071801 0.32928199],0.0
75,BIOTECHD_W34,RELIG,Hindu,[0.59041803 0.40958197],0.0
76,BIOTECHD_W34,RELIG,Jewish,[0.58153655 0.41846345],0.08398509345271613
77,BIOTECHD_W34,RELIG,Mormon,[0.66976286 0.33023714],0.0
78,BIOTECHD_W34,RELIG,Muslim,[0.36385123 0.63614877],0.0
79,BIOTECHD_W34,RELIG,Nothing in particular,[0.52972944 0.47027056],0.01716349095945798
80,BIOTECHD_W34,RELIG,Orthodox,[0.55473124 0.44526876],0.0
81,BIOTECHD_W34,RELIG,Other,[0.54668068 0.45331932],0.028675143195474855
82,BIOTECHD_W34,RELIG,Protestant,[0.53276274 0.46723726],0.01662834732098711
83,BIOTECHD_W34,RELIG,Roman Catholic,[0.62323595 0.37676405],0.022037560965680852
84,MED6D_W34,RELIG,Agnostic,[0.62718157 0.2978734  0.04990233 0.0250427 ],0.0
85,MED6D_W34,RELIG,Atheist,[0.58253701 0.33341435 0.05867131 0.02537734],0.0
86,MED6D_W34,RELIG,Buddhist,[0.62960942 0.35666113 0.01372945 0.        ],0.0
87,MED6D_W34,RELIG,Hindu,[0.81394704 0.18605296 0.         0.        ],0.0
88,MED6D_W34,RELIG,Jewish,[0.42192634 0.39943844 0.17198693 0.00664829],0.03811758753732868
89,MED6D_W34,RELIG,Mormon,[0.51731847 0.22577822 0.10355836 0.15334495],0.0
90,MED6D_W34,RELIG,Muslim,[0.53661617 0.2227561  0.12619886 0.11442887],0.0
91,MED6D_W34,RELIG,Nothing in particular,[0.61973392 0.24663075 0.06998381 0.06365153],0.01005764418671953
92,MED6D_W34,RELIG,Orthodox,[0.4924458  0.48193291 0.02562129 0.        ],0.0
93,MED6D_W34,RELIG,Other,[0.75872129 0.19139624 0.04988247 0.        ],0.044325720321684
94,MED6D_W34,RELIG,Protestant,[0.55400899 0.31390206 0.09947689 0.03261206],0.011964058583853528
95,MED6D_W34,RELIG,Roman Catholic,[0.56403193 0.30316451 0.10509119 0.02771237],0.0
96,EVOPERS3A_W34,RELIG,Nothing in particular,[1. 0. 0.],0.5286341539551915
97,EVOPERS3A_W34,RELIG,Protestant,[0.         0.26887961 0.73112039],0.8294172451211425
98,EVOPERS3A_W34,RELIG,Roman Catholic,[0.62812276 0.37187724 0.        ],0.27525993156438544
99,EAT6_W34,RELIG,Agnostic,[0.41202632 0.58797368],0.0
100,EAT6_W34,RELIG,Atheist,[0.3128674 0.6871326],0.0
101,EAT6_W34,RELIG,Buddhist,[0.45972409 0.54027591],0.0
102,EAT6_W34,RELIG,Hindu,[0.77022688 0.22977312],0.0
103,EAT6_W34,RELIG,Jewish,[0.30663345 0.69336655],0.0
104,EAT6_W34,RELIG,Mormon,[0.31477733 0.68522267],0.0
105,EAT6_W34,RELIG,Muslim,[0.75189912 0.24810088],0.0
106,EAT6_W34,RELIG,Nothing in particular,[0.59777984 0.40222016],0.03571612006179199
107,EAT6_W34,RELIG,Orthodox,[0.77300054 0.22699946],0.0
108,EAT6_W34,RELIG,Other,[0.72205471 0.27794529],0.044325720321684005
109,EAT6_W34,RELIG,Protestant,[0.5135568 0.4864432],0.015764572688418917
110,EAT6_W34,RELIG,Roman Catholic,[0.4851271 0.5148729],0.01726225615252209
111,SCI3C_W34,RELIG,Agnostic,[0.89744511 0.10255489],0.0
112,SCI3C_W34,RELIG,Atheist,[0.98520969 0.01479031],0.0
113,SCI3C_W34,RELIG,Buddhist,[0.94914027 0.05085973],0.0
114,SCI3C_W34,RELIG,Hindu,[0.81006095 0.18993905],0.0
115,SCI3C_W34,RELIG,Jewish,[0.68102531 0.31897469],0.0
116,SCI3C_W34,RELIG,Mormon,[0.6471589 0.3528411],0.0
117,SCI3C_W34,RELIG,Muslim,[0.76993008 0.23006992],0.0
118,SCI3C_W34,RELIG,Nothing in particular,[0.73869934 0.26130066],0.011770629578555075
119,SCI3C_W34,RELIG,Orthodox,[0.84163749 0.15836251],0.0
120,SCI3C_W34,RELIG,Other,[0.78532049 0.21467951],0.0
121,SCI3C_W34,RELIG,Protestant,[0.77116687 0.22883313],0.022212628819519825
122,SCI3C_W34,RELIG,Roman Catholic,[0.88305647 0.11694353],0.0029780993252968868
123,EAT1_W34,RELIG,Agnostic,[0.04335621 0.45456024 0.36303176 0.12615181 0.01289998],0.0
124,EAT1_W34,RELIG,Atheist,[0.04256192 0.40493944 0.35449354 0.16283217 0.03517293],0.0
125,EAT1_W34,RELIG,Buddhist,[0.4464918  0.28655889 0.26694931 0.         0.        ],0.0
126,EAT1_W34,RELIG,Hindu,[0.21783193 0.6483293  0.0201642  0.11367457 0.        ],0.0
127,EAT1_W34,RELIG,Jewish,[0.10422343 0.61752975 0.18838013 0.07211833 0.01774836],0.0
128,EAT1_W34,RELIG,Mormon,[0.02767708 0.4094125  0.18183018 0.33975108 0.04132916],0.020657166917183587
129,EAT1_W34,RELIG,Muslim,[0.57053382 0.13362459 0.26531986 0.         0.03052172],0.0
130,EAT1_W34,RELIG,Nothing in particular,[0.10159948 0.27418924 0.39247653 0.18667357 0.04506118],0.00380986639079993
131,EAT1_W34,RELIG,Orthodox,[0.28142942 0.27907321 0.32977961 0.10971776 0.        ],0.0
132,EAT1_W34,RELIG,Other,[0.12353014 0.45340004 0.26030488 0.11843922 0.04432572],0.0
133,EAT1_W34,RELIG,Protestant,[0.12624409 0.38290852 0.30798166 0.15941398 0.02345175],0.004958400071785824
134,EAT1_W34,RELIG,Roman Catholic,[0.11539645 0.36343308 0.33389627 0.14559978 0.04167441],0.0
135,FUD37A_W34,RELIG,Agnostic,[0.31318717 0.45044554 0.20440774 0.03195954],0.0
136,FUD37A_W34,RELIG,Atheist,[0.32484833 0.50104748 0.11488351 0.05922068],0.0
137,FUD37A_W34,RELIG,Buddhist,[0.59969975 0.30611387 0.00732988 0.08685651],0.0
138,FUD37A_W34,RELIG,Hindu,[0.60189032 0.23143595 0.01322508 0.15344865],0.0
139,FUD37A_W34,RELIG,Jewish,[0.18874501 0.46985929 0.26915296 0.07224274],0.005531541418719195
140,FUD37A_W34,RELIG,Mormon,[0.32812074 0.2495923  0.36716393 0.05512303],0.0
141,FUD37A_W34,RELIG,Muslim,[0.55029832 0.33044127 0.04624575 0.07301466],0.0
142,FUD37A_W34,RELIG,Nothing in particular,[0.27905313 0.36242953 0.27748434 0.08103299],0.007806190306475115
143,FUD37A_W34,RELIG,Orthodox,[0.17279112 0.4066244  0.16244486 0.25813962],0.06786176034094013
144,FUD37A_W34,RELIG,Other,[0.31896754 0.15243056 0.49394833 0.03465357],0.007635835411768374
145,FUD37A_W34,RELIG,Protestant,[0.20497931 0.40290154 0.33790205 0.0542171 ],0.015686366543703378
146,FUD37A_W34,RELIG,Roman Catholic,[0.22658191 0.35922158 0.35466906 0.05952745],0.00525173384481355
147,MED4C_W34,RELIG,Agnostic,[0.81366404 0.18633596],0.0
148,MED4C_W34,RELIG,Atheist,[0.85170036 0.14829964],0.006364136920752698
149,MED4C_W34,RELIG,Buddhist,[0.74831872 0.25168128],0.0
150,MED4C_W34,RELIG,Hindu,[0.71608065 0.28391935],0.029178280758724626
151,MED4C_W34,RELIG,Jewish,[0.71429937 0.28570063],0.03811758753732868
152,MED4C_W34,RELIG,Mormon,[0.73664302 0.26335698],0.01127496971352864
153,MED4C_W34,RELIG,Muslim,[0.3908108 0.6091892],0.0
154,MED4C_W34,RELIG,Nothing in particular,[0.58287864 0.41712136],0.016247219827546542
155,MED4C_W34,RELIG,Orthodox,[0.73402189 0.26597811],0.0
156,MED4C_W34,RELIG,Other,[0.69517176 0.30482824],0.044325720321684
157,MED4C_W34,RELIG,Protestant,[0.51699718 0.48300282],0.022059651933450497
158,MED4C_W34,RELIG,Roman Catholic,[0.63655282 0.36344718],0.011710843043372356
159,SCI3A_W34,RELIG,Agnostic,[0.90445327 0.09554673],0.0
160,SCI3A_W34,RELIG,Atheist,[0.96447705 0.03552295],0.032239341718158364
161,SCI3A_W34,RELIG,Buddhist,[0.88719885 0.11280115],0.0
162,SCI3A_W34,RELIG,Hindu,[0.76106318 0.23893682],0.0
163,SCI3A_W34,RELIG,Jewish,[0.83552872 0.16447128],0.0
164,SCI3A_W34,RELIG,Mormon,[0.61571404 0.38428596],0.0
165,SCI3A_W34,RELIG,Muslim,[0.85849196 0.14150804],0.0
166,SCI3A_W34,RELIG,Nothing in particular,[0.73302698 0.26697302],0.016291631003961932
167,SCI3A_W34,RELIG,Orthodox,[0.73571214 0.26428786],0.0
168,SCI3A_W34,RELIG,Other,[0.76847633 0.23152367],0.0
169,SCI3A_W34,RELIG,Protestant,[0.74351567 0.25648433],0.013151484388357764
170,SCI3A_W34,RELIG,Roman Catholic,[0.80895186 0.19104814],0.010677555703438635
171,MED6A_W34,RELIG,Agnostic,[0.40029872 0.48006167 0.11639164 0.00324796],0.0
172,MED6A_W34,RELIG,Atheist,[0.41667481 0.48148717 0.10183802 0.        ],0.0
173,MED6A_W34,RELIG,Buddhist,[0.88250457 0.07133427 0.01750512 0.02865605],0.0
174,MED6A_W34,RELIG,Hindu,[0.55427524 0.43249968 0.01322508 0.        ],0.0
175,MED6A_W34,RELIG,Jewish,[0.61526364 0.33566154 0.04263877 0.00643605],0.006398059467069273
176,MED6A_W34,RELIG,Mormon,[0.5644315  0.30616644 0.04753898 0.08186308],0.0
177,MED6A_W34,RELIG,Muslim,[0.37534789 0.37278245 0.15769511 0.09417456],0.0
178,MED6A_W34,RELIG,Nothing in particular,[0.53940426 0.31330373 0.0940688  0.05322321],0.0161961094513391
179,MED6A_W34,RELIG,Orthodox,[0.59230712 0.39000233 0.01769054 0.        ],0.0
180,MED6A_W34,RELIG,Other,[0.72129328 0.21011824 0.06858848 0.        ],0.044325720321684
181,MED6A_W34,RELIG,Protestant,[0.61149597 0.28137159 0.07954399 0.02758845],0.010512578611574818
182,MED6A_W34,RELIG,Roman Catholic,[0.49119182 0.33308173 0.11860208 0.05712437],0.0028990115162108787
183,G1_W34,RELIG,Agnostic,[0.34653012 0.65346988],0.4218950476023375
184,G1_W34,RELIG,Atheist,[0.37525398 0.62474602],0.3935742516707604
185,G1_W34,RELIG,Buddhist,[0.05368103 0.94631897],0.17936760905076032
186,G1_W34,RELIG,Hindu,[0.34857195 0.65142805],0.2802469642285236
187,G1_W34,RELIG,Jewish,[0.1812453 0.8187547],0.48947738222668163
188,G1_W34,RELIG,Mormon,[0.51554476 0.48445524],0.30784826159385603
189,G1_W34,RELIG,Muslim,[0.32386274 0.67613726],0.04732840327274166
190,G1_W34,RELIG,Nothing in particular,[0.40337428 0.59662572],0.33891892716401717
191,G1_W34,RELIG,Orthodox,[0.39662869 0.60337131],0.26381413871853504
192,G1_W34,RELIG,Other,[0.30372845 0.69627155],0.23212185099933258
193,G1_W34,RELIG,Protestant,[0.38582828 0.61417172],0.3696966350670856
194,G1_W34,RELIG,Roman Catholic,[0.44445405 0.55554595],0.2943102749113699
195,MED6B_W34,RELIG,Agnostic,[0.23995602 0.59579387 0.16021762 0.00403249],0.0
196,MED6B_W34,RELIG,Atheist,[0.30129464 0.58428532 0.10538329 0.00903674],0.0
197,MED6B_W34,RELIG,Buddhist,[0.17789161 0.44664024 0.34761431 0.02785384],0.0
198,MED6B_W34,RELIG,Hindu,[0.33326674 0.46873166 0.17880245 0.01919915],0.0
199,MED6B_W34,RELIG,Jewish,[0.31449025 0.50117418 0.1778305  0.00650507],0.01693980365097821
200,MED6B_W34,RELIG,Mormon,[0.37609013 0.33765109 0.23090363 0.05535515],0.01127496971352864
201,MED6B_W34,RELIG,Muslim,[0.1776324  0.28485791 0.39466722 0.14284247],0.0
202,MED6B_W34,RELIG,Nothing in particular,[0.16302884 0.49685717 0.26511538 0.07499862],0.014015495119994089
203,MED6B_W34,RELIG,Orthodox,[0.16643971 0.61138725 0.22217305 0.        ],0.0
204,MED6B_W34,RELIG,Other,[0.10422337 0.5505931  0.2914637  0.05371983],0.04816722677717872
205,MED6B_W34,RELIG,Protestant,[0.12188364 0.44124685 0.33291996 0.10394955],0.022250286738594194
206,MED6B_W34,RELIG,Roman Catholic,[0.13710256 0.54043906 0.23798407 0.08447431],0.003061998115933421
207,MED6E_W34,RELIG,Agnostic,[0.23221224 0.54651223 0.20875517 0.01252037],0.0023213509490449175
208,MED6E_W34,RELIG,Atheist,[0.34532797 0.44113729 0.1779119  0.03562285],0.0
209,MED6E_W34,RELIG,Buddhist,[0.20626522 0.35883096 0.40704998 0.02785384],0.0
210,MED6E_W34,RELIG,Hindu,[0.31567307 0.50552448 0.17880245 0.        ],0.0
211,MED6E_W34,RELIG,Jewish,[0.24791361 0.4954305  0.25015082 0.00650507],0.01693980365097821
212,MED6E_W34,RELIG,Mormon,[0.28376028 0.26560412 0.26855529 0.18208031],0.08685303671514029
213,MED6E_W34,RELIG,Muslim,[0.07839252 0.75418756 0.01680668 0.15061324],0.0
214,MED6E_W34,RELIG,Nothing in particular,[0.15590016 0.44834501 0.31055963 0.0851952 ],0.010686989639711533
215,MED6E_W34,RELIG,Orthodox,[0.30939177 0.46843518 0.22217305 0.        ],0.0
216,MED6E_W34,RELIG,Other,[0.16480454 0.43267263 0.33048027 0.07204256],0.044325720321684
217,MED6E_W34,RELIG,Protestant,[0.15174413 0.39882375 0.34717787 0.10225425],0.017409390047282536
218,MED6E_W34,RELIG,Roman Catholic,[0.20817761 0.42990312 0.28468012 0.07723915],0.001577658247006789
219,EAT5D_W34,RELIG,Agnostic,[0.12944716 0.66313693 0.18312777 0.02428815],0.0
220,EAT5D_W34,RELIG,Atheist,[0.14565094 0.46260923 0.32615766 0.06558217],0.0
221,EAT5D_W34,RELIG,Buddhist,[0.39339818 0.36421172 0.2423901  0.        ],0.0
222,EAT5D_W34,RELIG,Hindu,[0.52949133 0.38911725 0.06261141 0.01878   ],0.0
223,EAT5D_W34,RELIG,Jewish,[0.12254479 0.56361575 0.18294703 0.13089243],0.0
224,EAT5D_W34,RELIG,Mormon,[0.16505022 0.37497823 0.22596501 0.23400655],0.0
225,EAT5D_W34,RELIG,Muslim,[0.60307918 0.29815947 0.06823963 0.03052172],0.0
226,EAT5D_W34,RELIG,Nothing in particular,[0.26730053 0.52112597 0.1643243  0.04724921],0.004375927808121481
227,EAT5D_W34,RELIG,Orthodox,[0.29631389 0.70368611 0.         0.        ],0.0
228,EAT5D_W34,RELIG,Other,[0.24988826 0.59509396 0.15501779 0.        ],0.050676347883635106
229,EAT5D_W34,RELIG,Protestant,[0.27163272 0.53172209 0.1726057  0.02403949],0.006613034382300921
230,EAT5D_W34,RELIG,Roman Catholic,[0.31699244 0.49653121 0.1576671  0.02880925],0.0
231,EAT5B_W34,RELIG,Agnostic,[0.15508514 0.56326663 0.27640809 0.00524014],0.008974546432437324
232,EAT5B_W34,RELIG,Atheist,[0.19217712 0.45330172 0.23444434 0.12007682],0.0010475774930666384
233,EAT5B_W34,RELIG,Buddhist,[0.51862047 0.34467369 0.13670584 0.        ],0.0
234,EAT5B_W34,RELIG,Hindu,[0.7382218  0.18436623 0.05863197 0.01878   ],0.0
235,EAT5B_W34,RELIG,Jewish,[0.34087408 0.48650712 0.15520728 0.01741151],0.0
236,EAT5B_W34,RELIG,Mormon,[0.23075348 0.40038896 0.27594665 0.09291091],0.0
237,EAT5B_W34,RELIG,Muslim,[0.48711957 0.46869176 0.01366695 0.03052172],0.0
238,EAT5B_W34,RELIG,Nothing in particular,[0.37072391 0.44670485 0.12457538 0.05799586],0.0010112984063170084
239,EAT5B_W34,RELIG,Orthodox,[0.54095403 0.43569075 0.02335522 0.        ],0.0
240,EAT5B_W34,RELIG,Other,[0.40797337 0.50352253 0.08850409 0.        ],0.0506763478836351
241,EAT5B_W34,RELIG,Protestant,[0.31536354 0.49134404 0.16426991 0.02902251],0.005899518937554647
242,EAT5B_W34,RELIG,Roman Catholic,[0.33481185 0.49292452 0.14437988 0.02788374],0.0
243,EVOONE_W34,RELIG,Agnostic,[0.92559131 0.07440869],0.0
244,EVOONE_W34,RELIG,Atheist,[0.94574567 0.05425433],0.0
245,EVOONE_W34,RELIG,Buddhist,[0.7739677 0.2260323],0.0
246,EVOONE_W34,RELIG,Hindu,[0.66991834 0.33008166],0.0
247,EVOONE_W34,RELIG,Jewish,[0.93346812 0.06653188],0.0
248,EVOONE_W34,RELIG,Mormon,[0.6033358 0.3966642],0.0
249,EVOONE_W34,RELIG,Muslim,[0.34318303 0.65681697],0.0
250,EVOONE_W34,RELIG,Nothing in particular,[0.82081786 0.17918214],0.007502245761930517
251,EVOONE_W34,RELIG,Orthodox,[0.53323048 0.46676952],0.0
252,EVOONE_W34,RELIG,Other,[0.7560164 0.2439836],0.13167326278811575
253,EVOONE_W34,RELIG,Protestant,[0.53131133 0.46868867],0.016795690967788202
254,EVOONE_W34,RELIG,Roman Catholic,[0.70568288 0.29431712],0.04186887550807847
255,BIOTECHA_W34,RELIG,Agnostic,[0.5524822 0.4475178],0.007279193321529354
256,BIOTECHA_W34,RELIG,Atheist,[0.66088592 0.33911408],0.005518867435566196
257,BIOTECHA_W34,RELIG,Buddhist,[0.43320193 0.56679807],0.0
258,BIOTECHA_W34,RELIG,Hindu,[0.37363775 0.62636225],0.0
259,BIOTECHA_W34,RELIG,Jewish,[0.51856668 0.48143332],0.04033596449666826
260,BIOTECHA_W34,RELIG,Mormon,[0.4727387 0.5272613],0.0
261,BIOTECHA_W34,RELIG,Muslim,[0.38613396 0.61386604],0.0
262,BIOTECHA_W34,RELIG,Nothing in particular,[0.43373707 0.56626293],0.020320599560762057
263,BIOTECHA_W34,RELIG,Orthodox,[0.45730955 0.54269045],0.0
264,BIOTECHA_W34,RELIG,Other,[0.44715413 0.55284587],0.07697613545414433
265,BIOTECHA_W34,RELIG,Protestant,[0.38395199 0.61604801],0.0154148359989034
266,BIOTECHA_W34,RELIG,Roman Catholic,[0.46249104 0.53750896],0.009608993416274598
267,FUD37C_W34,RELIG,Agnostic,[0.16843594 0.41356207 0.35614705 0.06185494],0.008459409226106072
268,FUD37C_W34,RELIG,Atheist,[0.11190136 0.32749412 0.43134761 0.12925691],0.0
269,FUD37C_W34,RELIG,Buddhist,[0.3876336  0.46102272 0.11808549 0.0332582 ],0.0
270,FUD37C_W34,RELIG,Hindu,[0.65103737 0.12530731 0.14304468 0.08061064],0.0
271,FUD37C_W34,RELIG,Jewish,[0.31890365 0.10298383 0.50194565 0.07616687],0.005531541418719196
272,FUD37C_W34,RELIG,Mormon,[0.06401948 0.14351497 0.56229116 0.2301744 ],0.0
273,FUD37C_W34,RELIG,Muslim,[0.42208794 0.50490393 0.0424864  0.03052172],0.0
274,FUD37C_W34,RELIG,Nothing in particular,[0.23611388 0.36571558 0.35328952 0.04488102],0.0078061903064751146
275,FUD37C_W34,RELIG,Orthodox,[0.54000098 0.3294423  0.08537585 0.04518087],0.06786176034094012
276,FUD37C_W34,RELIG,Other,[0.37644212 0.46127091 0.13659374 0.02569323],0.005061969098081474
277,FUD37C_W34,RELIG,Protestant,[0.19397204 0.37899734 0.372642   0.05438861],0.01593740992341718
278,FUD37C_W34,RELIG,Roman Catholic,[0.23555568 0.31850472 0.39084422 0.05509538],0.00911535494348428
279,MED5_W34,RELIG,Agnostic,[0.036353   0.29993288 0.56993258 0.09378154],0.0023213509490449175
280,MED5_W34,RELIG,Atheist,[0.06411992 0.37464852 0.48663434 0.07459721],0.000632142656182266
281,MED5_W34,RELIG,Buddhist,[0.05820046 0.37842746 0.39234184 0.17103024],0.0
282,MED5_W34,RELIG,Hindu,[0.16493806 0.24345101 0.43816228 0.15344865],0.0
283,MED5_W34,RELIG,Jewish,[0.05781283 0.18007123 0.69656902 0.06554692],0.00716754060868495
284,MED5_W34,RELIG,Mormon,[0.06215595 0.19870913 0.63387477 0.10526015],0.0
285,MED5_W34,RELIG,Muslim,[0.08390715 0.47395306 0.40384729 0.0382925 ],0.0
286,MED5_W34,RELIG,Nothing in particular,[0.08552195 0.2878909  0.43316156 0.19342559],0.004726392164149377
287,MED5_W34,RELIG,Orthodox,[0.01769054 0.27866488 0.46188993 0.24175465],0.0
288,MED5_W34,RELIG,Other,[0.05367063 0.32258224 0.42853765 0.19520949],0.050676347883635106
289,MED5_W34,RELIG,Protestant,[0.06628288 0.28724871 0.44358653 0.20288189],0.020978169038485057
290,MED5_W34,RELIG,Roman Catholic,[0.10067596 0.29526794 0.4286972  0.17535891],0.003560395178402175
291,EAT3H_W34,RELIG,Agnostic,[0.72273182 0.27726818],0.0
292,EAT3H_W34,RELIG,Atheist,[0.84885749 0.15114251],0.0
293,EAT3H_W34,RELIG,Buddhist,[0.47358547 0.52641453],0.0
294,EAT3H_W34,RELIG,Hindu,[0.44604808 0.55395192],0.0
295,EAT3H_W34,RELIG,Jewish,[0.79563923 0.20436077],0.0
296,EAT3H_W34,RELIG,Mormon,[0.87151602 0.12848398],0.0
297,EAT3H_W34,RELIG,Muslim,[0.22981463 0.77018537],0.0
298,EAT3H_W34,RELIG,Nothing in particular,[0.68678169 0.31321831],0.0
299,EAT3H_W34,RELIG,Orthodox,[0.42357075 0.57642925],0.0
300,EAT3H_W34,RELIG,Other,[0.60892266 0.39107734],0.0
301,EAT3H_W34,RELIG,Protestant,[0.75191301 0.24808699],0.0
302,EAT3H_W34,RELIG,Roman Catholic,[0.71819445 0.28180555],0.0
303,SCI3B_W34,RELIG,Agnostic,[0.89833597 0.10166403],0.0
304,SCI3B_W34,RELIG,Atheist,[0.94150153 0.05849847],0.0
305,SCI3B_W34,RELIG,Buddhist,[0.99267012 0.00732988],0.0
306,SCI3B_W34,RELIG,Hindu,[0.89112768 0.10887232],0.029178280758724626
307,SCI3B_W34,RELIG,Jewish,[0.71677167 0.28322833],0.0
308,SCI3B_W34,RELIG,Mormon,[0.83234166 0.16765834],0.0
309,SCI3B_W34,RELIG,Muslim,[0.97292084 0.02707916],0.0
310,SCI3B_W34,RELIG,Nothing in particular,[0.79194467 0.20805533],0.009835138402504686
311,SCI3B_W34,RELIG,Orthodox,[0.71235692 0.28764308],0.0
312,SCI3B_W34,RELIG,Other,[0.81416416 0.18583584],0.0
313,SCI3B_W34,RELIG,Protestant,[0.79815332 0.20184668],0.017443476113267613
314,SCI3B_W34,RELIG,Roman Catholic,[0.76394095 0.23605905],0.002638259625287611
315,SCI5_W34,RELIG,Agnostic,[0.46685463 0.53314537],0.008172527311720223
316,SCI5_W34,RELIG,Atheist,[0.67678522 0.32321478],0.003698803828968559
317,SCI5_W34,RELIG,Buddhist,[0.49699188 0.50300812],0.0
318,SCI5_W34,RELIG,Hindu,[0.66556189 0.33443811],0.0
319,SCI5_W34,RELIG,Jewish,[0.62631551 0.37368449],0.04364912895604788
320,SCI5_W34,RELIG,Mormon,[0.56984538 0.43015462],0.0
321,SCI5_W34,RELIG,Muslim,[0.30068056 0.69931944],0.0
322,SCI5_W34,RELIG,Nothing in particular,[0.36849721 0.63150279],0.014936393041284786
323,SCI5_W34,RELIG,Orthodox,[0.38687095 0.61312905],0.0
324,SCI5_W34,RELIG,Other,[0.42834189 0.57165811],0.07191416635606286
325,SCI5_W34,RELIG,Protestant,[0.49753136 0.50246864],0.020799709762555574
326,SCI5_W34,RELIG,Roman Catholic,[0.48759121 0.51240879],0.010075696204261752
327,FUD37D_W34,RELIG,Agnostic,[0.38033172 0.49207589 0.11803735 0.00955503],0.004595588934248207
328,FUD37D_W34,RELIG,Atheist,[0.42628076 0.4457625  0.08792539 0.04003135],0.0
329,FUD37D_W34,RELIG,Buddhist,[0.56567585 0.22429854 0.1231691  0.08685651],0.0
330,FUD37D_W34,RELIG,Hindu,[0.58775243 0.25879892 0.         0.15344865],0.0
331,FUD37D_W34,RELIG,Jewish,[0.2524767  0.61632618 0.09022259 0.04097453],0.0
332,FUD37D_W34,RELIG,Mormon,[0.32745172 0.30480463 0.27933081 0.08841283],0.0
333,FUD37D_W34,RELIG,Muslim,[0.43807049 0.4575044  0.04249294 0.06193218],0.0
334,FUD37D_W34,RELIG,Nothing in particular,[0.33282649 0.37921682 0.21240249 0.07555419],0.0071317479762426
335,FUD37D_W34,RELIG,Orthodox,[0.25781595 0.36950228 0.29613232 0.07654945],0.06786176034094012
336,FUD37D_W34,RELIG,Other,[0.40184778 0.34563311 0.18021281 0.0723063 ],0.007635835411768374
337,FUD37D_W34,RELIG,Protestant,[0.28080167 0.47771791 0.21376468 0.02771574],0.017217715307150706
338,FUD37D_W34,RELIG,Roman Catholic,[0.28510418 0.50189822 0.17142882 0.04156877],0.005557043506292319
339,FUD33B_W34,RELIG,Agnostic,[0.02559117 0.36812628 0.60628254],0.0035196431535394266
340,FUD33B_W34,RELIG,Atheist,[0.02855419 0.21341047 0.75803535],0.0
341,FUD33B_W34,RELIG,Buddhist,[0.         0.84160396 0.15839604],0.0
342,FUD33B_W34,RELIG,Hindu,[0. 0. 1.],0.0
343,FUD33B_W34,RELIG,Jewish,[0.01888323 0.56888134 0.41223543],0.0
344,FUD33B_W34,RELIG,Mormon,[0.02234206 0.39104757 0.58661037],0.0
345,FUD33B_W34,RELIG,Muslim,[0. 0. 1.],0.0
346,FUD33B_W34,RELIG,Nothing in particular,[0.06420337 0.27260872 0.66318791],0.04808620835805885
347,FUD33B_W34,RELIG,Orthodox,[0.18718839 0.42994825 0.38286336],0.0
348,FUD33B_W34,RELIG,Other,[0.         0.85219154 0.14780846],0.21376963158835932
349,FUD33B_W34,RELIG,Protestant,[0.02676326 0.36659351 0.60664323],0.04606959881603587
350,FUD33B_W34,RELIG,Roman Catholic,[0.07107336 0.32861386 0.60031277],0.017113769562308662
351,FUD33A_W34,RELIG,Agnostic,[0.06382536 0.27546905 0.66070559],0.21632755447122823
352,FUD33A_W34,RELIG,Atheist,[0.11098174 0.23207827 0.65694   ],0.12102967983239135
353,FUD33A_W34,RELIG,Buddhist,[0.         0.60309813 0.39690187],0.08667798424446889
354,FUD33A_W34,RELIG,Hindu,[0.04104014 0.66246854 0.29649132],0.07458517118240225
355,FUD33A_W34,RELIG,Jewish,[0.18955338 0.46038381 0.35006281],0.33865352890894196
356,FUD33A_W34,RELIG,Mormon,[0.         0.50360443 0.49639557],0.2886376622313094
357,FUD33A_W34,RELIG,Muslim,[0.01179722 0.82893628 0.1592665 ],0.06841130376154023
358,FUD33A_W34,RELIG,Nothing in particular,[0.01690587 0.63382398 0.34927015],0.2885901627735119
359,FUD33A_W34,RELIG,Orthodox,[0.         0.78999724 0.21000276],0.1562054929866099
360,FUD33A_W34,RELIG,Other,[0.01462052 0.64059339 0.34478609],0.207352746937595
361,FUD33A_W34,RELIG,Protestant,[0.04302614 0.58975324 0.36722061],0.2914006928766875
362,FUD33A_W34,RELIG,Roman Catholic,[0.10472729 0.55279182 0.3424809 ],0.29566348518554975
363,FUD22_W34,RELIG,Agnostic,[0.06639902 0.41175152 0.42308617 0.09876328],0.0
364,FUD22_W34,RELIG,Atheist,[0.04854363 0.28808875 0.48887569 0.17449193],0.0
365,FUD22_W34,RELIG,Buddhist,[0.2292307 0.411757  0.3590123 0.       ],0.0
366,FUD22_W34,RELIG,Hindu,[0.30327807 0.48025741 0.21646453 0.        ],0.0
367,FUD22_W34,RELIG,Jewish,[0.10540697 0.34796969 0.50055046 0.04607288],0.0
368,FUD22_W34,RELIG,Mormon,[0.02823893 0.15676801 0.47688014 0.33811292],0.07058278778654543
369,FUD22_W34,RELIG,Muslim,[0.10318833 0.61913585 0.2471541  0.03052172],0.0
370,FUD22_W34,RELIG,Nothing in particular,[0.08336678 0.28765903 0.38046199 0.24851219],0.008554491433881779
371,FUD22_W34,RELIG,Orthodox,[0.1037962  0.43702141 0.45918239 0.        ],0.0
372,FUD22_W34,RELIG,Other,[0.15146238 0.43976385 0.35048034 0.05829343],0.0
373,FUD22_W34,RELIG,Protestant,[0.05699354 0.31216719 0.45231426 0.17852501],0.0072376613379073204
374,FUD22_W34,RELIG,Roman Catholic,[0.03501368 0.32156411 0.44968047 0.19374174],0.003240745172409569
375,EAT5A_W34,RELIG,Agnostic,[0.15218465 0.62515709 0.20816964 0.01448863],0.0
376,EAT5A_W34,RELIG,Atheist,[0.1770927  0.4622778  0.26870582 0.09192368],0.0
377,EAT5A_W34,RELIG,Buddhist,[0.38848968 0.5808714  0.03063892 0.        ],0.0
378,EAT5A_W34,RELIG,Hindu,[0.50345276 0.48332216 0.01322508 0.        ],0.0
379,EAT5A_W34,RELIG,Jewish,[0.21586356 0.6108609  0.1424592  0.03081634],0.0
380,EAT5A_W34,RELIG,Mormon,[0.25983955 0.38528234 0.26871513 0.08616298],0.0
381,EAT5A_W34,RELIG,Muslim,[0.38336191 0.57512622 0.         0.04151188],0.0
382,EAT5A_W34,RELIG,Nothing in particular,[0.33812751 0.45187467 0.1655986  0.04439921],0.002572206723976263
383,EAT5A_W34,RELIG,Orthodox,[0.51471629 0.40374355 0.08154015 0.        ],0.0
384,EAT5A_W34,RELIG,Other,[0.47118094 0.40766979 0.12114926 0.        ],0.044325720321684
385,EAT5A_W34,RELIG,Protestant,[0.31578865 0.48384031 0.17413815 0.02623289],0.005679104322486778
386,EAT5A_W34,RELIG,Roman Catholic,[0.35524744 0.48491984 0.14200894 0.01782378],0.00025169867637985383
387,SCI2B_W34,RELIG,Agnostic,[0.98724637 0.01275363],0.0037876297784196944
388,SCI2B_W34,RELIG,Atheist,[0.96578354 0.03421646],0.0
389,SCI2B_W34,RELIG,Buddhist,[0.99267012 0.00732988],0.0
390,SCI2B_W34,RELIG,Hindu,[0.74085574 0.25914426],0.0
391,SCI2B_W34,RELIG,Jewish,[1. 0.],0.0
392,SCI2B_W34,RELIG,Mormon,[0.78975726 0.21024274],0.020657166917183587
393,SCI2B_W34,RELIG,Muslim,[0.97292084 0.02707916],0.0
394,SCI2B_W34,RELIG,Nothing in particular,[0.85851378 0.14148622],0.007062553881854545
395,SCI2B_W34,RELIG,Orthodox,[1. 0.],0.0
396,SCI2B_W34,RELIG,Other,[0.79873213 0.20126787],0.08392264364710636
397,SCI2B_W34,RELIG,Protestant,[0.92367159 0.07632841],0.008633233300863604
398,SCI2B_W34,RELIG,Roman Catholic,[0.89668524 0.10331476],0.001994533584884044
399,SCI2A_W34,RELIG,Agnostic,[0.86278052 0.13721948],0.008383218712667902
400,SCI2A_W34,RELIG,Atheist,[0.86854096 0.13145904],0.0
401,SCI2A_W34,RELIG,Buddhist,[0.80660303 0.19339697],0.0
402,SCI2A_W34,RELIG,Hindu,[0.47983826 0.52016174],0.0
403,SCI2A_W34,RELIG,Jewish,[0.63990901 0.36009099],0.0
404,SCI2A_W34,RELIG,Mormon,[0.68738113 0.31261887],0.0
405,SCI2A_W34,RELIG,Muslim,[0.47157652 0.52842348],0.0
406,SCI2A_W34,RELIG,Nothing in particular,[0.60200944 0.39799056],0.0
407,SCI2A_W34,RELIG,Orthodox,[0.37751298 0.62248702],0.04380506254419196
408,SCI2A_W34,RELIG,Other,[0.65900392 0.34099608],0.02890005326016944
409,SCI2A_W34,RELIG,Protestant,[0.70844657 0.29155343],0.011744702982975792
410,SCI2A_W34,RELIG,Roman Catholic,[0.76745657 0.23254343],0.002650990183502728
411,EAT5C_W34,RELIG,Agnostic,[0.04311789 0.47095708 0.46075651 0.02516851],0.0
412,EAT5C_W34,RELIG,Atheist,[0.13234906 0.32374182 0.40079939 0.14310973],0.0
413,EAT5C_W34,RELIG,Buddhist,[0.34865033 0.40895957 0.01750512 0.22488498],0.0
414,EAT5C_W34,RELIG,Hindu,[0.3749599  0.45154416 0.15626976 0.01722618],0.0
415,EAT5C_W34,RELIG,Jewish,[0.27732709 0.38898548 0.28740295 0.04628448],0.0
416,EAT5C_W34,RELIG,Mormon,[0.14444074 0.28686767 0.3637492  0.20494239],0.0
417,EAT5C_W34,RELIG,Muslim,[0.60624659 0.30515017 0.04709136 0.04151188],0.0
418,EAT5C_W34,RELIG,Nothing in particular,[0.23364353 0.48255414 0.21793158 0.06587075],0.0010112984063170084
419,EAT5C_W34,RELIG,Orthodox,[0.2341115  0.72735216 0.         0.03853634],0.0
420,EAT5C_W34,RELIG,Other,[0.19729541 0.65142267 0.13090995 0.02037197],0.044325720321684
421,EAT5C_W34,RELIG,Protestant,[0.1959293  0.5143199  0.2452266  0.04452421],0.007114151745324361
422,EAT5C_W34,RELIG,Roman Catholic,[0.22818314 0.50543004 0.22388681 0.04250001],0.0018862339912074217
423,SCI2C_W34,RELIG,Agnostic,[0.77091009 0.22908991],0.010704569661712819
424,SCI2C_W34,RELIG,Atheist,[0.82264104 0.17735896],0.0
425,SCI2C_W34,RELIG,Buddhist,[0.95116271 0.04883729],0.0
426,SCI2C_W34,RELIG,Hindu,[0.45572124 0.54427876],0.0
427,SCI2C_W34,RELIG,Jewish,[0.84155881 0.15844119],0.0
428,SCI2C_W34,RELIG,Mormon,[0.76173224 0.23826776],0.0
429,SCI2C_W34,RELIG,Muslim,[0.7614804 0.2385196],0.0
430,SCI2C_W34,RELIG,Nothing in particular,[0.69682025 0.30317975],0.006620116760356268
431,SCI2C_W34,RELIG,Orthodox,[0.79621885 0.20378115],0.0
432,SCI2C_W34,RELIG,Other,[0.62247056 0.37752944],0.0
433,SCI2C_W34,RELIG,Protestant,[0.80685193 0.19314807],0.01153361231566041
434,SCI2C_W34,RELIG,Roman Catholic,[0.75536816 0.24463184],0.0006437260404035671
435,EVOPERS3_W34,RELIG,Agnostic,[0.79259803 0.17097696 0.03642502],0.0023530813457485764
436,EVOPERS3_W34,RELIG,Atheist,[0.99547542 0.         0.00452458],0.0
437,EVOPERS3_W34,RELIG,Buddhist,[0.80255322 0.10218239 0.0952644 ],0.0
438,EVOPERS3_W34,RELIG,Hindu,[0.32210809 0.36016342 0.31772849],0.0
439,EVOPERS3_W34,RELIG,Jewish,[0.27994614 0.58914439 0.13090948],0.0
440,EVOPERS3_W34,RELIG,Mormon,[0.10052366 0.7386316  0.16084474],0.0
441,EVOPERS3_W34,RELIG,Muslim,[0.01871138 0.98128862 0.        ],0.0
442,EVOPERS3_W34,RELIG,Nothing in particular,[0.48004134 0.35398687 0.16597179],0.024664265203969832
443,EVOPERS3_W34,RELIG,Orthodox,[0.4661432  0.46733582 0.06652098],0.0
444,EVOPERS3_W34,RELIG,Other,[0.31460974 0.60035519 0.08503508],0.01512042593005093
445,EVOPERS3_W34,RELIG,Protestant,[0.1115468  0.61599739 0.27245581],0.010292300767299862
446,EVOPERS3_W34,RELIG,Roman Catholic,[0.30042267 0.56907437 0.13050296],0.024275788733792505
447,EAT3K_W34,RELIG,Agnostic,[0.79312338 0.20687662],0.0
448,EAT3K_W34,RELIG,Atheist,[0.65792618 0.34207382],0.0
449,EAT3K_W34,RELIG,Buddhist,[0.70671635 0.29328365],0.0
450,EAT3K_W34,RELIG,Hindu,[0.80875838 0.19124162],0.0
451,EAT3K_W34,RELIG,Jewish,[0.70596589 0.29403411],0.0
452,EAT3K_W34,RELIG,Mormon,[0.61580481 0.38419519],0.0
453,EAT3K_W34,RELIG,Muslim,[0.93934956 0.06065044],0.0
454,EAT3K_W34,RELIG,Nothing in particular,[0.71254405 0.28745595],0.0
455,EAT3K_W34,RELIG,Orthodox,[0.97936081 0.02063919],0.0
456,EAT3K_W34,RELIG,Other,[0.80642358 0.19357642],0.0
457,EAT3K_W34,RELIG,Protestant,[0.78365157 0.21634843],0.0
458,EAT3K_W34,RELIG,Roman Catholic,[0.7771472 0.2228528],0.0
459,BIO15_W34,RELIG,Agnostic,[0.61434372 0.38565628],0.0020335287467442772
460,BIO15_W34,RELIG,Atheist,[0.65310092 0.34689908],0.0
461,BIO15_W34,RELIG,Buddhist,[0.59295002 0.40704998],0.0
462,BIO15_W34,RELIG,Hindu,[0.66369848 0.33630152],0.0
463,BIO15_W34,RELIG,Jewish,[0.60854365 0.39145635],0.0
464,BIO15_W34,RELIG,Mormon,[0.61723132 0.38276868],0.0
465,BIO15_W34,RELIG,Muslim,[0.46817229 0.53182771],0.0
466,BIO15_W34,RELIG,Nothing in particular,[0.54067887 0.45932113],0.004629673154388332
467,BIO15_W34,RELIG,Orthodox,[0.59163725 0.40836275],0.0
468,BIO15_W34,RELIG,Other,[0.6482513 0.3517487],0.0
469,BIO15_W34,RELIG,Protestant,[0.70002378 0.29997622],0.005575828650878917
470,BIO15_W34,RELIG,Roman Catholic,[0.66121822 0.33878178],0.0030041059087374733
471,EAT3F_W34,RELIG,Agnostic,[0.51008677 0.48991323],0.0
472,EAT3F_W34,RELIG,Atheist,[0.64021144 0.35978856],0.0
473,EAT3F_W34,RELIG,Buddhist,[0.54303141 0.45696859],0.0
474,EAT3F_W34,RELIG,Hindu,[0.38923369 0.61076631],0.0
475,EAT3F_W34,RELIG,Jewish,[0.70132506 0.29867494],0.0
476,EAT3F_W34,RELIG,Mormon,[0.58716435 0.41283565],0.0
477,EAT3F_W34,RELIG,Muslim,[0.66451617 0.33548383],0.0
478,EAT3F_W34,RELIG,Nothing in particular,[0.67760257 0.32239743],0.0
479,EAT3F_W34,RELIG,Orthodox,[0.53836345 0.46163655],0.0
480,EAT3F_W34,RELIG,Other,[0.51066182 0.48933818],0.0
481,EAT3F_W34,RELIG,Protestant,[0.61851337 0.38148663],0.0
482,EAT3F_W34,RELIG,Roman Catholic,[0.62690345 0.37309655],0.0
483,G2_W34,RELIG,Agnostic,[0.17520818 0.82479182],0.18118130564308713
484,G2_W34,RELIG,Atheist,[0.31911917 0.68088083],0.23009327249727166
485,G2_W34,RELIG,Buddhist,[0.13198311 0.86801689],0.13301089344255734
486,G2_W34,RELIG,Hindu,[0.17837451 0.82162549],0.04540689042367762
487,G2_W34,RELIG,Jewish,[0.43071689 0.56928311],0.12509995525741044
488,G2_W34,RELIG,Mormon,[0.05320859 0.94679141],0.25276427963196535
489,G2_W34,RELIG,Muslim,[0.14581888 0.85418112],0.06201797141276422
490,G2_W34,RELIG,Nothing in particular,[0.20176554 0.79823446],0.24122165210823104
491,G2_W34,RELIG,Orthodox,[0.15702274 0.84297726],0.18246790210656094
492,G2_W34,RELIG,Other,[0.21303102 0.78696898],0.1590416016413123
493,G2_W34,RELIG,Protestant,[0.15494806 0.84505194],0.18015550642372583
494,G2_W34,RELIG,Roman Catholic,[0.12573292 0.87426708],0.2207680538448213
495,EAT3I_W34,RELIG,Agnostic,[0.52238438 0.47761562],0.0
496,EAT3I_W34,RELIG,Atheist,[0.62385947 0.37614053],0.0
497,EAT3I_W34,RELIG,Buddhist,[0.38701139 0.61298861],0.0
498,EAT3I_W34,RELIG,Hindu,[0.39854089 0.60145911],0.0
499,EAT3I_W34,RELIG,Jewish,[0.68339388 0.31660612],0.0
500,EAT3I_W34,RELIG,Mormon,[0.75388987 0.24611013],0.0
501,EAT3I_W34,RELIG,Muslim,[0.19058144 0.80941856],0.0
502,EAT3I_W34,RELIG,Nothing in particular,[0.56838188 0.43161812],0.0
503,EAT3I_W34,RELIG,Orthodox,[0.20622874 0.79377126],0.0
504,EAT3I_W34,RELIG,Other,[0.39184017 0.60815983],0.0
505,EAT3I_W34,RELIG,Protestant,[0.55759694 0.44240306],0.0
506,EAT3I_W34,RELIG,Roman Catholic,[0.5919604 0.4080396],0.0
507,MED7_W34,RELIG,Agnostic,[0.57547549 0.42452451],0.011135098642051488
508,MED7_W34,RELIG,Atheist,[0.79479111 0.20520889],0.0
509,MED7_W34,RELIG,Buddhist,[0.48481503 0.51518497],0.0
510,MED7_W34,RELIG,Hindu,[0.52936686 0.47063314],0.0
511,MED7_W34,RELIG,Jewish,[0.40094201 0.59905799],0.09539335568497515
512,MED7_W34,RELIG,Mormon,[0.21087412 0.78912588],0.0
513,MED7_W34,RELIG,Muslim,[0.1613203 0.8386797],0.10762475719507705
514,MED7_W34,RELIG,Nothing in particular,[0.42298078 0.57701922],0.017889368172313347
515,MED7_W34,RELIG,Orthodox,[0.36094292 0.63905708],0.0
516,MED7_W34,RELIG,Other,[0.34266671 0.65733329],0.0
517,MED7_W34,RELIG,Protestant,[0.20920878 0.79079122],0.019813663765861255
518,MED7_W34,RELIG,Roman Catholic,[0.30432206 0.69567794],0.006687575433035601
519,MED2D_W34,RELIG,Agnostic,[0.84909638 0.14298838 0.00791524],0.0
520,MED2D_W34,RELIG,Atheist,[0.94940628 0.0251514  0.02544233],0.0
521,MED2D_W34,RELIG,Buddhist,[0.99260341 0.00739659 0.        ],0.0
522,MED2D_W34,RELIG,Hindu,[0.96560721 0.02077024 0.01362256],0.029178280758724626
523,MED2D_W34,RELIG,Jewish,[0.77390548 0.10913021 0.1169643 ],0.0
524,MED2D_W34,RELIG,Mormon,[0.73759324 0.26240676 0.        ],0.0
525,MED2D_W34,RELIG,Muslim,[0.72774212 0.22059311 0.05166477],0.0
526,MED2D_W34,RELIG,Nothing in particular,[0.78547697 0.15098114 0.06354189],0.0010112984063170084
527,MED2D_W34,RELIG,Orthodox,[0.90651695 0.09348305 0.        ],0.0
528,MED2D_W34,RELIG,Other,[0.95243387 0.04756613 0.        ],0.0
529,MED2D_W34,RELIG,Protestant,[0.84397451 0.13975986 0.01626563],0.007962214525164471
530,MED2D_W34,RELIG,Roman Catholic,[0.78314158 0.20015627 0.01670215],0.0020832228061551192
531,MED2A_W34,RELIG,Agnostic,[0.41231894 0.50132286 0.0863582 ],0.0
532,MED2A_W34,RELIG,Atheist,[0.36296455 0.51486074 0.12217471],0.0
533,MED2A_W34,RELIG,Buddhist,[0.8200823  0.17258782 0.00732988],0.0
534,MED2A_W34,RELIG,Hindu,[0.58019083 0.38380299 0.03600618],0.0
535,MED2A_W34,RELIG,Jewish,[0.41529592 0.45687554 0.12782854],0.0
536,MED2A_W34,RELIG,Mormon,[0.57027233 0.38866302 0.04106465],0.0
537,MED2A_W34,RELIG,Muslim,[0.49658243 0.43817368 0.06524389],0.0
538,MED2A_W34,RELIG,Nothing in particular,[0.43759034 0.4187109  0.14369876],0.002572206723976263
539,MED2A_W34,RELIG,Orthodox,[0.55984431 0.44015569 0.        ],0.0
540,MED2A_W34,RELIG,Other,[0.60783676 0.36294579 0.02921744],0.0
541,MED2A_W34,RELIG,Protestant,[0.4512652  0.43367066 0.11506413],0.012340945239277876
542,MED2A_W34,RELIG,Roman Catholic,[0.47386046 0.37123184 0.1549077 ],0.0006512807143467764
543,EVOTWO_W34,RELIG,Nothing in particular,[1. 0.],0.0
544,EVOTWO_W34,RELIG,Protestant,[0.03036038 0.96963962],0.3017220357274696
545,EVOTWO_W34,RELIG,Roman Catholic,[0.89229349 0.10770651],0.16141458776869771
546,MED2B_W34,RELIG,Agnostic,[0.62611033 0.3594307  0.01445897],0.0
547,MED2B_W34,RELIG,Atheist,[0.66362801 0.30491777 0.03145422],0.0
548,MED2B_W34,RELIG,Buddhist,[0.88079928 0.11920072 0.        ],0.0
549,MED2B_W34,RELIG,Hindu,[0.75330595 0.22652985 0.0201642 ],0.0
550,MED2B_W34,RELIG,Jewish,[0.64705788 0.34592386 0.00701827],0.0
551,MED2B_W34,RELIG,Mormon,[0.77992176 0.18954166 0.03053658],0.0
552,MED2B_W34,RELIG,Muslim,[0.47438124 0.49509704 0.03052172],0.0
553,MED2B_W34,RELIG,Nothing in particular,[0.66302048 0.27909254 0.05788698],0.010560253131074353
554,MED2B_W34,RELIG,Orthodox,[0.861865   0.11251371 0.02562129],0.0
555,MED2B_W34,RELIG,Other,[0.76574076 0.23425924 0.        ],0.0
556,MED2B_W34,RELIG,Protestant,[0.68730785 0.28504961 0.02764253],0.007464995788042988
557,MED2B_W34,RELIG,Roman Catholic,[0.6955874  0.26928704 0.03512556],0.0
558,EVOTHREE_W34,RELIG,Agnostic,[0.87858196 0.12141804],0.03504156316635885
559,EVOTHREE_W34,RELIG,Atheist,[1. 0.],0.0
560,EVOTHREE_W34,RELIG,Buddhist,[1. 0.],0.0
561,EVOTHREE_W34,RELIG,Hindu,[0.94642714 0.05357286],0.0
562,EVOTHREE_W34,RELIG,Jewish,[0.85304917 0.14695083],0.0
563,EVOTHREE_W34,RELIG,Mormon,[0.53928922 0.46071078],0.0
564,EVOTHREE_W34,RELIG,Muslim,[0.09650841 0.90349159],0.0
565,EVOTHREE_W34,RELIG,Nothing in particular,[0.71480768 0.28519232],0.034044814331748025
566,EVOTHREE_W34,RELIG,Orthodox,[0.55818315 0.44181685],0.0
567,EVOTHREE_W34,RELIG,Other,[0.72103745 0.27896255],0.080020523585989
568,EVOTHREE_W34,RELIG,Protestant,[0.3084206 0.6915794],0.024718341943905108
569,EVOTHREE_W34,RELIG,Roman Catholic,[0.52297967 0.47702033],0.03141624549282802
570,MED1_W34,RELIG,Agnostic,[0.57643596 0.42356404],0.014062523640433687
571,MED1_W34,RELIG,Atheist,[0.69198279 0.30801721],0.0
572,MED1_W34,RELIG,Buddhist,[0.32762945 0.67237055],0.0
573,MED1_W34,RELIG,Hindu,[0.48159155 0.51840845],0.0
574,MED1_W34,RELIG,Jewish,[0.64687778 0.35312222],0.05977623820926232
575,MED1_W34,RELIG,Mormon,[0.48381675 0.51618325],0.0
576,MED1_W34,RELIG,Muslim,[0.44839943 0.55160057],0.0
577,MED1_W34,RELIG,Nothing in particular,[0.40321392 0.59678608],0.0077995041764277245
578,MED1_W34,RELIG,Orthodox,[0.50285186 0.49714814],0.0
579,MED1_W34,RELIG,Other,[0.40142104 0.59857896],0.013547431585675979
580,MED1_W34,RELIG,Protestant,[0.47355517 0.52644483],0.020241554276397334
581,MED1_W34,RELIG,Roman Catholic,[0.54148611 0.45851389],0.014787170154823259
582,EVOBIOA_W34,RELIG,Agnostic,[0.98376143 0.01623857],0.025341106513653934
583,EVOBIOA_W34,RELIG,Atheist,[0.96888103 0.03111897],0.01701146641990237
584,EVOBIOA_W34,RELIG,Buddhist,[0.90306809 0.09693191],0.09229698847974706
585,EVOBIOA_W34,RELIG,Hindu,[0.73337501 0.26662499],0.15344865401765145
586,EVOBIOA_W34,RELIG,Jewish,[0.85809132 0.14190868],0.10065800185660563
587,EVOBIOA_W34,RELIG,Mormon,[0.89281066 0.10718934],0.04821696804398356
588,EVOBIOA_W34,RELIG,Muslim,[0.76836009 0.23163991],0.24068284326802453
589,EVOBIOA_W34,RELIG,Nothing in particular,[0.84721004 0.15278996],0.21276971812610174
590,EVOBIOA_W34,RELIG,Orthodox,[1. 0.],0.06831799918472978
591,EVOBIOA_W34,RELIG,Other,[0.90029923 0.09970077],0.09987341275182006
592,EVOBIOA_W34,RELIG,Protestant,[0.71166897 0.28833103],0.2424126148765823
593,EVOBIOA_W34,RELIG,Roman Catholic,[0.79379127 0.20620873],0.19731901131872442
594,FUD37B_W34,RELIG,Agnostic,[0.08276483 0.23454382 0.58824617 0.09444518],0.0023213509490449175
595,FUD37B_W34,RELIG,Atheist,[0.11673661 0.18034114 0.45541638 0.24750587],0.0
596,FUD37B_W34,RELIG,Buddhist,[0.43221772 0.19155361 0.15134368 0.22488498],0.0
597,FUD37B_W34,RELIG,Hindu,[0.65103737 0.07076069 0.18036513 0.09783681],0.0
598,FUD37B_W34,RELIG,Jewish,[0.21066458 0.34960358 0.40272718 0.03700466],0.02609081347004203
599,FUD37B_W34,RELIG,Mormon,[0.09457398 0.16826932 0.58683277 0.15032392],0.0
600,FUD37B_W34,RELIG,Muslim,[0.62975891 0.16882038 0.17089899 0.03052172],0.0
601,FUD37B_W34,RELIG,Nothing in particular,[0.23192928 0.39681197 0.29424699 0.07701176],0.0024366845005923763
602,FUD37B_W34,RELIG,Orthodox,[0.42229552 0.31779318 0.19258866 0.06732264],0.06786176034094013
603,FUD37B_W34,RELIG,Other,[0.42289042 0.32198865 0.1816336  0.07348733],0.0
604,FUD37B_W34,RELIG,Protestant,[0.25606081 0.37346539 0.32236039 0.04811341],0.01842037905989101
605,FUD37B_W34,RELIG,Roman Catholic,[0.25826193 0.42091728 0.27259947 0.04822132],0.01339065791744802
606,FUD35_W34,RELIG,Agnostic,[0.14349368 0.39589932 0.34839651 0.1122105 ],0.0
607,FUD35_W34,RELIG,Atheist,[0.18050719 0.33963033 0.31894075 0.16092172],0.0
608,FUD35_W34,RELIG,Buddhist,[0.41600721 0.23613773 0.12297007 0.22488498],0.0
609,FUD35_W34,RELIG,Hindu,[0.65103737 0.25005187 0.09891076 0.        ],0.0
610,FUD35_W34,RELIG,Jewish,[0.09930825 0.42432895 0.43941426 0.03694854],0.0
611,FUD35_W34,RELIG,Mormon,[0.26474162 0.24142962 0.44666525 0.04716352],0.07058278778654545
612,FUD35_W34,RELIG,Muslim,[0.58293635 0.16417153 0.2223704  0.03052172],0.0
613,FUD35_W34,RELIG,Nothing in particular,[0.20615484 0.38898093 0.27981515 0.12504908],0.0010112984063170084
614,FUD35_W34,RELIG,Orthodox,[0.40991506 0.45946917 0.08850095 0.04211482],0.0
615,FUD35_W34,RELIG,Other,[0.32535151 0.48593622 0.11528801 0.07342426],0.0
616,FUD35_W34,RELIG,Protestant,[0.20918047 0.42098687 0.28290552 0.08692714],0.006132726016177917
617,FUD35_W34,RELIG,Roman Catholic,[0.22607137 0.3826194  0.29548312 0.09582612],0.0017290747755183376
618,MED2E_W34,RELIG,Agnostic,[0.16816488 0.72349378 0.10834133],0.0
619,MED2E_W34,RELIG,Atheist,[0.22550308 0.65089836 0.12359856],0.0
620,MED2E_W34,RELIG,Buddhist,[0.56578909 0.42048146 0.01372945],0.0
621,MED2E_W34,RELIG,Hindu,[0.69885835 0.21791833 0.08322332],0.0
622,MED2E_W34,RELIG,Jewish,[0.21525724 0.58849514 0.19624761],0.0
623,MED2E_W34,RELIG,Mormon,[0.32539933 0.53966143 0.13493924],0.0
624,MED2E_W34,RELIG,Muslim,[0.19948887 0.7174739  0.08303723],0.0
625,MED2E_W34,RELIG,Nothing in particular,[0.43448765 0.45261898 0.11289337],0.006447906102529517
626,MED2E_W34,RELIG,Orthodox,[0.32225919 0.52957648 0.14816433],0.0
627,MED2E_W34,RELIG,Other,[0.43917039 0.52763912 0.03319048],0.0
628,MED2E_W34,RELIG,Protestant,[0.47331236 0.46035109 0.06633655],0.014440630691003105
629,MED2E_W34,RELIG,Roman Catholic,[0.4912456  0.42339832 0.08535608],0.015423268243226616
630,FUD24_W34,RELIG,Agnostic,[0.47682995 0.00373879 0.51943125],0.0061380582770611545
631,FUD24_W34,RELIG,Atheist,[0.38728281 0.03294801 0.57976918],0.0
632,FUD24_W34,RELIG,Buddhist,[0.57179982 0.         0.42820018],0.0
633,FUD24_W34,RELIG,Hindu,[0.75280491 0.01322508 0.23397002],0.0
634,FUD24_W34,RELIG,Jewish,[0.6596524  0.01715144 0.32319616],0.005622432320665964
635,FUD24_W34,RELIG,Mormon,[0.34766381 0.08022845 0.57210774],0.0
636,FUD24_W34,RELIG,Muslim,[0.80712039 0.         0.19287961],0.0
637,FUD24_W34,RELIG,Nothing in particular,[0.4867973  0.02819899 0.48500371],0.008554491433881779
638,FUD24_W34,RELIG,Orthodox,[0.73134031 0.         0.26865969],0.0
639,FUD24_W34,RELIG,Other,[0.6774303 0.        0.3225697],0.0
640,FUD24_W34,RELIG,Protestant,[0.42298285 0.02297959 0.55403756],0.010723067393657807
641,FUD24_W34,RELIG,Roman Catholic,[0.44079109 0.03209651 0.5271124 ],0.005966821488259468
642,EAT2_W34,RELIG,Agnostic,[0.03181499 0.31771467 0.37733906 0.25983158 0.01329969],0.0
643,EAT2_W34,RELIG,Atheist,[0.07272689 0.30506946 0.39119468 0.20805676 0.02295221],0.0
644,EAT2_W34,RELIG,Buddhist,[0.13412732 0.08798539 0.46231101 0.31557629 0.        ],0.0
645,EAT2_W34,RELIG,Hindu,[0.16493806 0.19428521 0.28675476 0.35402198 0.        ],0.0
646,EAT2_W34,RELIG,Jewish,[0.02894712 0.22767679 0.3335513  0.3813311  0.02849369],0.0
647,EAT2_W34,RELIG,Mormon,[0.23721723 0.27998834 0.27241733 0.21037709 0.        ],0.0
648,EAT2_W34,RELIG,Muslim,[0.14294619 0.2963703  0.24159643 0.28856535 0.03052172],0.0
649,EAT2_W34,RELIG,Nothing in particular,[0.1481873  0.34563051 0.26538824 0.21631034 0.02448361],0.0010112984063170084
650,EAT2_W34,RELIG,Orthodox,[0.0804779  0.12092035 0.36340189 0.38837374 0.04682613],0.0
651,EAT2_W34,RELIG,Other,[0.00484963 0.28998494 0.22406046 0.34167879 0.13942619],0.0
652,EAT2_W34,RELIG,Protestant,[0.11849292 0.28688864 0.30643096 0.25964827 0.02853921],0.008051165797577054
653,EAT2_W34,RELIG,Roman Catholic,[0.11148156 0.25024505 0.27322026 0.30329337 0.06175976],0.009104510755674396
654,MED3_W34,RELIG,Agnostic,[0.16482111 0.59998442 0.23519447],0.0
655,MED3_W34,RELIG,Atheist,[0.2120597  0.60793803 0.18000227],0.0
656,MED3_W34,RELIG,Buddhist,[0.07756005 0.80323923 0.11920072],0.0
657,MED3_W34,RELIG,Hindu,[0.43944746 0.48690342 0.07364912],0.0
658,MED3_W34,RELIG,Jewish,[0.10578037 0.50404141 0.39017822],0.0
659,MED3_W34,RELIG,Mormon,[0.2478995  0.43461658 0.31748392],0.0
660,MED3_W34,RELIG,Muslim,[0.07838549 0.56116709 0.36044742],0.0
661,MED3_W34,RELIG,Nothing in particular,[0.10078576 0.53205149 0.36716276],0.010396654550132943
662,MED3_W34,RELIG,Orthodox,[0.31358221 0.64430298 0.04211482],0.0
663,MED3_W34,RELIG,Other,[0.1311064  0.67788935 0.19100425],0.0
664,MED3_W34,RELIG,Protestant,[0.10152267 0.56490272 0.33357461],0.008385282670746518
665,MED3_W34,RELIG,Roman Catholic,[0.09919087 0.5393093  0.36149983],0.006297012922669157
666,MED4B_W34,RELIG,Agnostic,[0.92436588 0.07563412],0.0
667,MED4B_W34,RELIG,Atheist,[0.92508755 0.07491245],0.0029145850212228454
668,MED4B_W34,RELIG,Buddhist,[0.81783501 0.18216499],0.0
669,MED4B_W34,RELIG,Hindu,[0.69845238 0.30154762],0.0
670,MED4B_W34,RELIG,Jewish,[0.84030003 0.15969997],0.03811758753732868
671,MED4B_W34,RELIG,Mormon,[0.75004405 0.24995595],0.01127496971352864
672,MED4B_W34,RELIG,Muslim,[0.5609814 0.4390186],0.0
673,MED4B_W34,RELIG,Nothing in particular,[0.69423773 0.30576227],0.007134757651304267
674,MED4B_W34,RELIG,Orthodox,[0.73402189 0.26597811],0.0
675,MED4B_W34,RELIG,Other,[0.82905809 0.17094191],0.044325720321684
676,MED4B_W34,RELIG,Protestant,[0.67972292 0.32027708],0.02214106652287539
677,MED4B_W34,RELIG,Roman Catholic,[0.72074705 0.27925295],0.0
678,FUD32_W34,RELIG,Agnostic,[0.37897234 0.56178227 0.05924539],0.0
679,FUD32_W34,RELIG,Atheist,[0.43790123 0.50919302 0.05290575],0.0
680,FUD32_W34,RELIG,Buddhist,[0.7817339  0.20453665 0.01372945],0.0
681,FUD32_W34,RELIG,Hindu,[0.4614727 0.5385273 0.       ],0.0
682,FUD32_W34,RELIG,Jewish,[0.15680354 0.67091425 0.17228221],0.0
683,FUD32_W34,RELIG,Mormon,[0.23985547 0.6309879  0.12915663],0.0
684,FUD32_W34,RELIG,Muslim,[0.77387242 0.19560585 0.03052172],0.0
685,FUD32_W34,RELIG,Nothing in particular,[0.30375148 0.5730518  0.12319671],0.0010112984063170084
686,FUD32_W34,RELIG,Orthodox,[0.57917945 0.37870573 0.04211482],0.0
687,FUD32_W34,RELIG,Other,[0.37163555 0.52993339 0.09843106],0.0
688,FUD32_W34,RELIG,Protestant,[0.24355638 0.60358043 0.15286319],0.007019221171935138
689,FUD32_W34,RELIG,Roman Catholic,[0.23670588 0.59988625 0.16340787],0.0037034720846656098
690,BIOTECHB_W34,RELIG,Agnostic,[0.44779663 0.55220337],0.004698239114889371
691,BIOTECHB_W34,RELIG,Atheist,[0.59048895 0.40951105],0.0
692,BIOTECHB_W34,RELIG,Buddhist,[0.26987473 0.73012527],0.0
693,BIOTECHB_W34,RELIG,Hindu,[0.71120627 0.28879373],0.0
694,BIOTECHB_W34,RELIG,Jewish,[0.35819233 0.64180767],0.0
695,BIOTECHB_W34,RELIG,Mormon,[0.57024521 0.42975479],0.0
696,BIOTECHB_W34,RELIG,Muslim,[0.19321078 0.80678922],0.0
697,BIOTECHB_W34,RELIG,Nothing in particular,[0.34087137 0.65912863],0.008458110009801647
698,BIOTECHB_W34,RELIG,Orthodox,[0.28797615 0.71202385],0.0
699,BIOTECHB_W34,RELIG,Other,[0.44697974 0.55302026],0.07191416635606286
700,BIOTECHB_W34,RELIG,Protestant,[0.22919081 0.77080919],0.01907317742653762
701,BIOTECHB_W34,RELIG,Roman Catholic,[0.33436675 0.66563325],0.007209619471872375
702,EAT3E_W34,RELIG,Agnostic,[0.81172076 0.18827924],0.0
703,EAT3E_W34,RELIG,Atheist,[0.91565322 0.08434678],0.0
704,EAT3E_W34,RELIG,Buddhist,[0.59502266 0.40497734],0.0
705,EAT3E_W34,RELIG,Hindu,[0.69672193 0.30327807],0.0
706,EAT3E_W34,RELIG,Jewish,[0.85005819 0.14994181],0.0
707,EAT3E_W34,RELIG,Mormon,[0.85401939 0.14598061],0.0
708,EAT3E_W34,RELIG,Muslim,[0.77402125 0.22597875],0.0
709,EAT3E_W34,RELIG,Nothing in particular,[0.8183109 0.1816891],0.0
710,EAT3E_W34,RELIG,Orthodox,[0.63060264 0.36939736],0.0
711,EAT3E_W34,RELIG,Other,[0.69196519 0.30803481],0.0
712,EAT3E_W34,RELIG,Protestant,[0.7153683 0.2846317],0.0
713,EAT3E_W34,RELIG,Roman Catholic,[0.75137819 0.24862181],0.0
714,SCI4_W34,RELIG,Agnostic,[0.72635613 0.27364387],0.0
715,SCI4_W34,RELIG,Atheist,[0.83784187 0.16215813],0.0
716,SCI4_W34,RELIG,Buddhist,[0.91382616 0.08617384],0.0
717,SCI4_W34,RELIG,Hindu,[0.49494566 0.50505434],0.12453257181936253
718,SCI4_W34,RELIG,Jewish,[0.75147934 0.24852066],0.0
719,SCI4_W34,RELIG,Mormon,[0.28982937 0.71017063],0.041733947204670246
720,SCI4_W34,RELIG,Muslim,[0.64631557 0.35368443],0.0
721,SCI4_W34,RELIG,Nothing in particular,[0.56071555 0.43928445],0.0007370437121460427
722,SCI4_W34,RELIG,Orthodox,[0.66965348 0.33034652],0.0
723,SCI4_W34,RELIG,Other,[0.58165481 0.41834519],0.12297917222678965
724,SCI4_W34,RELIG,Protestant,[0.49166074 0.50833926],0.018533993122457137
725,SCI4_W34,RELIG,Roman Catholic,[0.6025949 0.3974051],0.004065149903730577
726,SCI1_W34,RELIG,Agnostic,[0.98673937 0.01326063],0.0
727,SCI1_W34,RELIG,Atheist,[0.99822107 0.00177893],0.0
728,SCI1_W34,RELIG,Buddhist,[1. 0.],0.0
729,SCI1_W34,RELIG,Hindu,[0.72763066 0.27236934],0.0
730,SCI1_W34,RELIG,Jewish,[0.85552982 0.14447018],0.0
731,SCI1_W34,RELIG,Mormon,[0.87958999 0.12041001],0.0
732,SCI1_W34,RELIG,Muslim,[0.79032191 0.20967809],0.0
733,SCI1_W34,RELIG,Nothing in particular,[0.86772474 0.13227526],0.004339663386249445
734,SCI1_W34,RELIG,Orthodox,[1. 0.],0.0
735,SCI1_W34,RELIG,Other,[0.83559988 0.16440012],0.011616045494758361
736,SCI1_W34,RELIG,Protestant,[0.89804009 0.10195991],0.007779355218763728
737,SCI1_W34,RELIG,Roman Catholic,[0.93293814 0.06706186],0.010593289844127942
738,EVOBIOB_W34,RELIG,Agnostic,[0.57521224 0.42478776],0.43867893488148757
739,EVOBIOB_W34,RELIG,Atheist,[1. 0.],0.0
740,EVOBIOB_W34,RELIG,Buddhist,[0.85124705 0.14875295],0.0
741,EVOBIOB_W34,RELIG,Hindu,[1. 0.],0.0
742,EVOBIOB_W34,RELIG,Jewish,[0.66964605 0.33035395],0.054953817050722546
743,EVOBIOB_W34,RELIG,Mormon,[0.36983808 0.63016192],0.36772813535841364
744,EVOBIOB_W34,RELIG,Muslim,[0.67090238 0.32909762],0.0
745,EVOBIOB_W34,RELIG,Nothing in particular,[0.57842131 0.42157869],0.014675797829846435
746,EVOBIOB_W34,RELIG,Orthodox,[1. 0.],0.0
747,EVOBIOB_W34,RELIG,Other,[1. 0.],0.44381902150305985
748,EVOBIOB_W34,RELIG,Protestant,[0.5862456 0.4137544],0.1113797707792333
749,EVOBIOB_W34,RELIG,Roman Catholic,[0.58872875 0.41127125],0.04499822885726713
750,BIOTECHE_W34,RELIG,Agnostic,[0.31065904 0.68934096],0.0035571040704211725
751,BIOTECHE_W34,RELIG,Atheist,[0.40564661 0.59435339],0.0
752,BIOTECHE_W34,RELIG,Buddhist,[0.23669056 0.76330944],0.0
753,BIOTECHE_W34,RELIG,Hindu,[0.40453961 0.59546039],0.0
754,BIOTECHE_W34,RELIG,Jewish,[0.18357866 0.81642134],0.0
755,BIOTECHE_W34,RELIG,Mormon,[0.25945615 0.74054385],0.0
756,BIOTECHE_W34,RELIG,Muslim,[0.14405008 0.85594992],0.10762475719507705
757,BIOTECHE_W34,RELIG,Nothing in particular,[0.26977614 0.73022386],0.009218895035897031
758,BIOTECHE_W34,RELIG,Orthodox,[0.18197467 0.81802533],0.0
759,BIOTECHE_W34,RELIG,Other,[0.18198393 0.81801607],0.020747006582035973
760,BIOTECHE_W34,RELIG,Protestant,[0.14781509 0.85218491],0.014119820725471882
761,BIOTECHE_W34,RELIG,Roman Catholic,[0.20728178 0.79271822],0.011666595637536841
762,MED2F_W34,RELIG,Agnostic,[0.55588575 0.37791674 0.06619751],0.0
763,MED2F_W34,RELIG,Atheist,[0.45384469 0.48413692 0.06201839],0.0
764,MED2F_W34,RELIG,Buddhist,[0.51917255 0.15047119 0.33035626],0.0
765,MED2F_W34,RELIG,Hindu,[0.7674807  0.18317683 0.04934248],0.0
766,MED2F_W34,RELIG,Jewish,[0.36998674 0.54040344 0.08960982],0.0
767,MED2F_W34,RELIG,Mormon,[0.73308711 0.25871546 0.00819743],0.0
768,MED2F_W34,RELIG,Muslim,[0.44686291 0.34890575 0.20423134],0.0
769,MED2F_W34,RELIG,Nothing in particular,[0.62166744 0.33075803 0.04757453],0.002572206723976263
770,MED2F_W34,RELIG,Orthodox,[0.63767954 0.36232046 0.        ],0.0
771,MED2F_W34,RELIG,Other,[0.70948203 0.27803924 0.01247873],0.0
772,MED2F_W34,RELIG,Protestant,[0.59598815 0.38208788 0.02192397],0.007799475497132026
773,MED2F_W34,RELIG,Roman Catholic,[0.57308858 0.36638593 0.06052549],0.007414825102713927
774,MED2C_W34,RELIG,Agnostic,[0.26846599 0.59118809 0.14034592],0.0
775,MED2C_W34,RELIG,Atheist,[0.20372761 0.65736962 0.13890278],0.0
776,MED2C_W34,RELIG,Buddhist,[0.5054431 0.197742  0.2968149],0.0
777,MED2C_W34,RELIG,Hindu,[0.71604834 0.26378747 0.0201642 ],0.0
778,MED2C_W34,RELIG,Jewish,[0.29228567 0.65541923 0.05229511],0.0
779,MED2C_W34,RELIG,Mormon,[0.47445147 0.42406825 0.10148028],0.0
780,MED2C_W34,RELIG,Muslim,[0.39334201 0.49576029 0.1108977 ],0.0
781,MED2C_W34,RELIG,Nothing in particular,[0.49316471 0.40202423 0.10481106],0.004963159830385721
782,MED2C_W34,RELIG,Orthodox,[0.63209751 0.34726331 0.02063919],0.0
783,MED2C_W34,RELIG,Other,[0.5106879  0.40867859 0.08063352],0.0
784,MED2C_W34,RELIG,Protestant,[0.47197281 0.45633856 0.07168862],0.010697357209477867
785,MED2C_W34,RELIG,Roman Catholic,[0.45264816 0.46682698 0.08052485],0.0030125417135157917
0,MED4A_W34,RELIGATTEND,A few times a year,[0.17177184 0.82822816],0.024126506571355604
1,MED4A_W34,RELIGATTEND,More than once a week,[0.07950978 0.92049022],0.006842970209093285
2,MED4A_W34,RELIGATTEND,Never,[0.2528105 0.7471895],0.014413201985677141
3,MED4A_W34,RELIGATTEND,Once a week,[0.08782166 0.91217834],0.016578235009107996
4,MED4A_W34,RELIGATTEND,Once or twice a month,[0.2130966 0.7869034],0.01096725701845861
5,MED4A_W34,RELIGATTEND,Seldom,[0.21312195 0.78687805],0.0012577703405407818
6,EAT3J_W34,RELIGATTEND,A few times a year,[0.86061691 0.13938309],0.0
7,EAT3J_W34,RELIGATTEND,More than once a week,[0.83281838 0.16718162],0.0
8,EAT3J_W34,RELIGATTEND,Never,[0.91077499 0.08922501],0.0
9,EAT3J_W34,RELIGATTEND,Once a week,[0.86507549 0.13492451],0.0
10,EAT3J_W34,RELIGATTEND,Once or twice a month,[0.85455801 0.14544199],0.0
11,EAT3J_W34,RELIGATTEND,Seldom,[0.91965775 0.08034225],0.0
12,EAT3G_W34,RELIGATTEND,A few times a year,[0.69369962 0.30630038],0.0
13,EAT3G_W34,RELIGATTEND,More than once a week,[0.60382589 0.39617411],0.0
14,EAT3G_W34,RELIGATTEND,Never,[0.67327012 0.32672988],0.0
15,EAT3G_W34,RELIGATTEND,Once a week,[0.67519499 0.32480501],0.0
16,EAT3G_W34,RELIGATTEND,Once or twice a month,[0.70892109 0.29107891],0.0
17,EAT3G_W34,RELIGATTEND,Seldom,[0.64641415 0.35358585],0.0
18,MED2G_W34,RELIGATTEND,A few times a year,[0.49584082 0.42387427 0.08028491],0.024273216304878668
19,MED2G_W34,RELIGATTEND,More than once a week,[0.51228761 0.38822614 0.09948625],0.0025392492230404337
20,MED2G_W34,RELIGATTEND,Never,[0.46655932 0.40393354 0.12950714],0.003270083337564131
21,MED2G_W34,RELIGATTEND,Once a week,[0.57300287 0.35782255 0.06917458],0.0
22,MED2G_W34,RELIGATTEND,Once or twice a month,[0.47323097 0.41942468 0.10734434],0.024954138513834028
23,MED2G_W34,RELIGATTEND,Seldom,[0.47444184 0.40162391 0.12393425],0.004439985413602313
24,MED6C_W34,RELIGATTEND,A few times a year,[0.4024795  0.39828516 0.16494955 0.03428578],0.020434465647377723
25,MED6C_W34,RELIGATTEND,More than once a week,[0.49771588 0.42086072 0.05997697 0.02144644],0.016532878539976315
26,MED6C_W34,RELIGATTEND,Never,[0.497499   0.35617603 0.1036071  0.04271787],0.0030488696485523347
27,MED6C_W34,RELIGATTEND,Once a week,[0.49404363 0.32511494 0.14446972 0.03637171],0.00044694030553064294
28,MED6C_W34,RELIGATTEND,Once or twice a month,[0.48928508 0.3756066  0.08453051 0.05057781],0.004998167170610707
29,MED6C_W34,RELIGATTEND,Seldom,[0.40976939 0.45087774 0.12881683 0.01053604],0.006316268056396754
30,BIOTECHC_W34,RELIGATTEND,A few times a year,[0.74010945 0.25989055],0.0220995530074075
31,BIOTECHC_W34,RELIGATTEND,More than once a week,[0.68904922 0.31095078],0.03134563850531854
32,BIOTECHC_W34,RELIGATTEND,Never,[0.67877287 0.32122713],0.017452500523076484
33,BIOTECHC_W34,RELIGATTEND,Once a week,[0.73230267 0.26769733],0.015124326083561226
34,BIOTECHC_W34,RELIGATTEND,Once or twice a month,[0.70392502 0.29607498],0.009025908348013227
35,BIOTECHC_W34,RELIGATTEND,Seldom,[0.71392998 0.28607002],0.0021264925425651
36,BIOTECHD_W34,RELIGATTEND,A few times a year,[0.57344436 0.42655564],0.026404904169873802
37,BIOTECHD_W34,RELIGATTEND,More than once a week,[0.50629301 0.49370699],0.032897557608222806
38,BIOTECHD_W34,RELIGATTEND,Never,[0.60676154 0.39323846],0.010755590620600247
39,BIOTECHD_W34,RELIGATTEND,Once a week,[0.53548132 0.46451868],0.007776412451095625
40,BIOTECHD_W34,RELIGATTEND,Once or twice a month,[0.64896898 0.35103102],0.004740098120881438
41,BIOTECHD_W34,RELIGATTEND,Seldom,[0.57991563 0.42008437],0.022785948022970168
42,MED6D_W34,RELIGATTEND,A few times a year,[0.51418623 0.33580994 0.13758734 0.01241649],0.02321484321862718
43,MED6D_W34,RELIGATTEND,More than once a week,[0.60273642 0.33349966 0.02348343 0.04028049],0.01827478762262597
44,MED6D_W34,RELIGATTEND,Never,[0.5862596  0.27203927 0.08812019 0.05358094],0.003945726138563957
45,MED6D_W34,RELIGATTEND,Once a week,[0.55807932 0.32482344 0.07704453 0.04005271],0.0
46,MED6D_W34,RELIGATTEND,Once or twice a month,[0.58454999 0.27022183 0.08278679 0.06244139],0.00472826232991412
47,MED6D_W34,RELIGATTEND,Seldom,[0.61865436 0.27836712 0.07957872 0.0233998 ],0.009383379735909567
48,EVOPERS3A_W34,RELIGATTEND,A few times a year,[0.95365396 0.04634604 0.        ],0.2539674044272707
49,EVOPERS3A_W34,RELIGATTEND,More than once a week,[0. 1. 0.],0.30337795188209427
50,EVOPERS3A_W34,RELIGATTEND,Never,[0. 0. 1.],0.9078445553346461
51,EVOPERS3A_W34,RELIGATTEND,Once a week,[0. 0. 1.],0.9179813358914753
52,EVOPERS3A_W34,RELIGATTEND,Seldom,[1. 0. 0.],0.402464837261431
53,EAT6_W34,RELIGATTEND,A few times a year,[0.53685377 0.46314623],0.02473158478793258
54,EAT6_W34,RELIGATTEND,More than once a week,[0.58527395 0.41472605],0.008927398371663644
55,EAT6_W34,RELIGATTEND,Never,[0.49076773 0.50923227],0.02475065534684056
56,EAT6_W34,RELIGATTEND,Once a week,[0.46026964 0.53973036],0.030086810982315637
57,EAT6_W34,RELIGATTEND,Once or twice a month,[0.53430116 0.46569884],0.008203671343530533
58,EAT6_W34,RELIGATTEND,Seldom,[0.5104308 0.4895692],0.006108534483087132
59,SCI3C_W34,RELIGATTEND,A few times a year,[0.77099394 0.22900606],0.03810141410973181
60,SCI3C_W34,RELIGATTEND,More than once a week,[0.74279882 0.25720118],0.021857333992348914
61,SCI3C_W34,RELIGATTEND,Never,[0.84347051 0.15652949],0.011885203707395304
62,SCI3C_W34,RELIGATTEND,Once a week,[0.77088879 0.22911121],0.0024902592515499916
63,SCI3C_W34,RELIGATTEND,Once or twice a month,[0.8531916 0.1468084],0.0
64,SCI3C_W34,RELIGATTEND,Seldom,[0.80521704 0.19478296],0.004644064436869697
65,EAT1_W34,RELIGATTEND,A few times a year,[0.11042909 0.38235778 0.32870025 0.16624746 0.01226541],0.014039005828091543
66,EAT1_W34,RELIGATTEND,More than once a week,[0.1624813  0.46510724 0.26682138 0.10105744 0.00453264],0.0
67,EAT1_W34,RELIGATTEND,Never,[0.10612022 0.32289906 0.33498462 0.17473678 0.06125932],0.002080933618530654
68,EAT1_W34,RELIGATTEND,Once a week,[0.14779799 0.39431339 0.30904695 0.13172906 0.01711262],0.0
69,EAT1_W34,RELIGATTEND,Once or twice a month,[0.09839248 0.46752562 0.35047487 0.06792045 0.01568658],0.0
70,EAT1_W34,RELIGATTEND,Seldom,[0.09493597 0.32671208 0.34644354 0.19822709 0.03368131],0.0
71,FUD37A_W34,RELIGATTEND,A few times a year,[0.23524369 0.34442009 0.36691674 0.05341948],0.016121293289124386
72,FUD37A_W34,RELIGATTEND,More than once a week,[0.22954988 0.42558144 0.27179083 0.07307784],0.026470320658759528
73,FUD37A_W34,RELIGATTEND,Never,[0.28978548 0.39958229 0.20970304 0.10092919],0.0037808896560928376
74,FUD37A_W34,RELIGATTEND,Once a week,[0.23894172 0.39930566 0.31805391 0.04369871],0.0013215192024272665
75,FUD37A_W34,RELIGATTEND,Once or twice a month,[0.29964372 0.36461887 0.29651849 0.03921891],0.004877758229853375
76,FUD37A_W34,RELIGATTEND,Seldom,[0.21672933 0.38356464 0.36466653 0.0350395 ],0.010053320103573142
77,MED4C_W34,RELIGATTEND,A few times a year,[0.61006767 0.38993233],0.04565499942331877
78,MED4C_W34,RELIGATTEND,More than once a week,[0.40281088 0.59718912],0.003152474028762922
79,MED4C_W34,RELIGATTEND,Never,[0.68619998 0.31380002],0.011969756083552437
80,MED4C_W34,RELIGATTEND,Once a week,[0.52380526 0.47619474],0.01793182506382751
81,MED4C_W34,RELIGATTEND,Once or twice a month,[0.5863308 0.4136692],0.020263121102381026
82,MED4C_W34,RELIGATTEND,Seldom,[0.63720887 0.36279113],0.005946847029140801
83,SCI3A_W34,RELIGATTEND,A few times a year,[0.72161293 0.27838707],0.009393418237234894
84,SCI3A_W34,RELIGATTEND,More than once a week,[0.74396962 0.25603038],0.01867378260675245
85,SCI3A_W34,RELIGATTEND,Never,[0.81552277 0.18447723],0.018175784281806207
86,SCI3A_W34,RELIGATTEND,Once a week,[0.74209157 0.25790843],0.002386860099451505
87,SCI3A_W34,RELIGATTEND,Once or twice a month,[0.85238889 0.14761111],0.021166477104973908
88,SCI3A_W34,RELIGATTEND,Seldom,[0.78165195 0.21834805],0.009875749643811898
89,MED6A_W34,RELIGATTEND,A few times a year,[0.49279931 0.37232463 0.10186821 0.03300785],0.030552378979655
90,MED6A_W34,RELIGATTEND,More than once a week,[0.69854795 0.24993877 0.04065419 0.01085909],0.003942445313533822
91,MED6A_W34,RELIGATTEND,Never,[0.53591552 0.31617473 0.1023132  0.04559655],0.003187698968134825
92,MED6A_W34,RELIGATTEND,Once a week,[0.57972453 0.31000313 0.07862105 0.03165129],0.0031680549621990782
93,MED6A_W34,RELIGATTEND,Once or twice a month,[0.56212581 0.29093002 0.08567072 0.06127345],0.0010305622892224763
94,MED6A_W34,RELIGATTEND,Seldom,[0.54377165 0.3400049  0.09541927 0.02080418],0.010289007132022814
95,G1_W34,RELIGATTEND,A few times a year,[0.3864764 0.6135236],0.3362550652560138
96,G1_W34,RELIGATTEND,More than once a week,[0.33193745 0.66806255],0.29523261893321473
97,G1_W34,RELIGATTEND,Never,[0.40029603 0.59970397],0.3590127352364497
98,G1_W34,RELIGATTEND,Once a week,[0.32445816 0.67554184],0.2880249727614804
99,G1_W34,RELIGATTEND,Once or twice a month,[0.41685526 0.58314474],0.3740030351120844
100,G1_W34,RELIGATTEND,Seldom,[0.43564908 0.56435092],0.37105257269171715
101,MED6B_W34,RELIGATTEND,A few times a year,[0.17374152 0.46966372 0.29476149 0.06183327],0.023184068368104202
102,MED6B_W34,RELIGATTEND,More than once a week,[0.06676801 0.36299028 0.43122494 0.13901676],0.04687420666825555
103,MED6B_W34,RELIGATTEND,Never,[0.20542802 0.50230966 0.20600432 0.086258  ],0.007240900442482392
104,MED6B_W34,RELIGATTEND,Once a week,[0.10461737 0.49664569 0.32238832 0.07634862],0.015544080486205692
105,MED6B_W34,RELIGATTEND,Once or twice a month,[0.17472609 0.5020353  0.24187615 0.08136247],0.004243132958963955
106,MED6B_W34,RELIGATTEND,Seldom,[0.15856669 0.51676244 0.26853881 0.05613206],0.009416412554564544
107,MED6E_W34,RELIGATTEND,A few times a year,[0.15732635 0.48103344 0.28944543 0.07219478],0.0237998367322071
108,MED6E_W34,RELIGATTEND,More than once a week,[0.12274426 0.38798268 0.35512649 0.13414658],0.0173302186803671
109,MED6E_W34,RELIGATTEND,Never,[0.23606349 0.41891474 0.26599232 0.07902946],0.006851688921687541
110,MED6E_W34,RELIGATTEND,Once a week,[0.1394214  0.46357768 0.29454654 0.10245439],0.008948258444104715
111,MED6E_W34,RELIGATTEND,Once or twice a month,[0.21513853 0.34959988 0.34897394 0.08628766],0.003569636615844162
112,MED6E_W34,RELIGATTEND,Seldom,[0.18276914 0.43693356 0.31684899 0.06344831],0.014849704602992278
113,EAT5D_W34,RELIGATTEND,A few times a year,[0.30496277 0.50085881 0.1515013  0.04267712],0.020434465647377723
114,EAT5D_W34,RELIGATTEND,More than once a week,[0.41138624 0.44033047 0.10580744 0.04247585],0.011021141941632177
115,EAT5D_W34,RELIGATTEND,Never,[0.24281999 0.50266419 0.20306101 0.05145481],0.000712217644588387
116,EAT5D_W34,RELIGATTEND,Once a week,[0.27518565 0.49621046 0.20853167 0.02007222],0.001370641244080786
117,EAT5D_W34,RELIGATTEND,Once or twice a month,[0.20008751 0.61786929 0.16655548 0.01548771],0.0
118,EAT5D_W34,RELIGATTEND,Seldom,[0.22668604 0.56936288 0.1717456  0.03220548],0.0015038198172882716
119,EAT5B_W34,RELIGATTEND,A few times a year,[0.35719185 0.47300003 0.12628672 0.04352141],0.020434465647377723
120,EAT5B_W34,RELIGATTEND,More than once a week,[0.36096189 0.46029671 0.14797342 0.03076797],0.0
121,EAT5B_W34,RELIGATTEND,Never,[0.31631579 0.44941848 0.16962522 0.06464052],0.0009524260289381937
122,EAT5B_W34,RELIGATTEND,Once a week,[0.32245883 0.44888323 0.21565271 0.01300522],0.0
123,EAT5B_W34,RELIGATTEND,Once or twice a month,[0.35011048 0.47885496 0.13060893 0.04042564],0.0
124,EAT5B_W34,RELIGATTEND,Seldom,[0.27784184 0.53774951 0.16228833 0.02212032],0.003804204249593873
125,EVOONE_W34,RELIGATTEND,A few times a year,[0.75953316 0.24046684],0.050395384783246594
126,EVOONE_W34,RELIGATTEND,More than once a week,[0.17913851 0.82086149],0.03349174650849017
127,EVOONE_W34,RELIGATTEND,Never,[0.86978368 0.13021632],0.028742506750812177
128,EVOONE_W34,RELIGATTEND,Once a week,[0.45300671 0.54699329],0.007765430204242053
129,EVOONE_W34,RELIGATTEND,Once or twice a month,[0.64565162 0.35434838],0.02210865470127643
130,EVOONE_W34,RELIGATTEND,Seldom,[0.75204975 0.24795025],0.0015384304789096193
131,BIOTECHA_W34,RELIGATTEND,A few times a year,[0.42283927 0.57716073],0.03630122806287401
132,BIOTECHA_W34,RELIGATTEND,More than once a week,[0.3236053 0.6763947],0.0035587394310009476
133,BIOTECHA_W34,RELIGATTEND,Never,[0.48108902 0.51891098],0.019825564582926954
134,BIOTECHA_W34,RELIGATTEND,Once a week,[0.36581099 0.63418901],0.012661741240214767
135,BIOTECHA_W34,RELIGATTEND,Once or twice a month,[0.48342137 0.51657863],0.005832224411398516
136,BIOTECHA_W34,RELIGATTEND,Seldom,[0.46900662 0.53099338],0.007013946355124376
137,FUD37C_W34,RELIGATTEND,A few times a year,[0.20199665 0.3860129  0.35878722 0.05320323],0.01828596700690047
138,FUD37C_W34,RELIGATTEND,More than once a week,[0.30345508 0.35824638 0.28369313 0.05460541],0.030424322113006275
139,FUD37C_W34,RELIGATTEND,Never,[0.21827843 0.33348151 0.370279   0.07796106],0.0063494897938953625
140,FUD37C_W34,RELIGATTEND,Once a week,[0.20229479 0.3670546  0.37537462 0.05527599],0.0054863900264098975
141,FUD37C_W34,RELIGATTEND,Once or twice a month,[0.21890305 0.30619357 0.42785153 0.04705186],0.0025377674198410606
142,FUD37C_W34,RELIGATTEND,Seldom,[0.2020939  0.38457739 0.3608404  0.05248831],0.008273350719205525
143,MED5_W34,RELIGATTEND,A few times a year,[0.1134698  0.30595187 0.42937511 0.15120322],0.025838470661882697
144,MED5_W34,RELIGATTEND,More than once a week,[0.03785884 0.22966898 0.44250538 0.28996681],0.02351128760168738
145,MED5_W34,RELIGATTEND,Never,[0.07078384 0.31802692 0.43885794 0.17233129],0.008693564986686804
146,MED5_W34,RELIGATTEND,Once a week,[0.0990573  0.23255791 0.48491123 0.18347355],0.013372863643233616
147,MED5_W34,RELIGATTEND,Once or twice a month,[0.07268061 0.30453812 0.43151959 0.19126168],0.006530116669629115
148,MED5_W34,RELIGATTEND,Seldom,[0.04740806 0.31120393 0.49279247 0.14859554],0.0043136822172994875
149,EAT3H_W34,RELIGATTEND,A few times a year,[0.75152528 0.24847472],0.0
150,EAT3H_W34,RELIGATTEND,More than once a week,[0.60629041 0.39370959],0.0
151,EAT3H_W34,RELIGATTEND,Never,[0.72607678 0.27392322],0.0
152,EAT3H_W34,RELIGATTEND,Once a week,[0.73186682 0.26813318],0.0
153,EAT3H_W34,RELIGATTEND,Once or twice a month,[0.73155529 0.26844471],0.0
154,EAT3H_W34,RELIGATTEND,Seldom,[0.73680452 0.26319548],0.0
155,SCI3B_W34,RELIGATTEND,A few times a year,[0.7459022 0.2540978],0.003692040923977879
156,SCI3B_W34,RELIGATTEND,More than once a week,[0.79021291 0.20978709],0.03081741001597264
157,SCI3B_W34,RELIGATTEND,Never,[0.84347659 0.15652341],0.007287409886196288
158,SCI3B_W34,RELIGATTEND,Once a week,[0.78278209 0.21721791],0.0046430834161277175
159,SCI3B_W34,RELIGATTEND,Once or twice a month,[0.87293031 0.12706969],0.004871070065248637
160,SCI3B_W34,RELIGATTEND,Seldom,[0.80379702 0.19620298],0.015684248125753236
161,SCI5_W34,RELIGATTEND,A few times a year,[0.47555177 0.52444823],0.020976954605918845
162,SCI5_W34,RELIGATTEND,More than once a week,[0.5666644 0.4333356],0.057304614304169825
163,SCI5_W34,RELIGATTEND,Never,[0.42935767 0.57064233],0.016102258902126267
164,SCI5_W34,RELIGATTEND,Once a week,[0.53486965 0.46513035],0.00530103911934584
165,SCI5_W34,RELIGATTEND,Once or twice a month,[0.53800297 0.46199703],0.012685816273057787
166,SCI5_W34,RELIGATTEND,Seldom,[0.44987212 0.55012788],0.01251806672643537
167,FUD37D_W34,RELIGATTEND,A few times a year,[0.33722499 0.40014419 0.23281909 0.02981174],0.017518238492047245
168,FUD37D_W34,RELIGATTEND,More than once a week,[0.29993045 0.51851628 0.14435993 0.03719334],0.026994685081325315
169,FUD37D_W34,RELIGATTEND,Never,[0.34095596 0.42541956 0.16364929 0.06997519],0.004867884531132104
170,FUD37D_W34,RELIGATTEND,Once a week,[0.26850115 0.51602221 0.18345222 0.03202442],0.0013215192024272665
171,FUD37D_W34,RELIGATTEND,Once or twice a month,[0.36378258 0.46959216 0.14021059 0.02641467],0.020100210186873895
172,FUD37D_W34,RELIGATTEND,Seldom,[0.28931667 0.45547986 0.21257332 0.04263015],0.004643933591297306
173,FUD33B_W34,RELIGATTEND,A few times a year,[0.05197162 0.28414661 0.66388177],0.12415493787337246
174,FUD33B_W34,RELIGATTEND,More than once a week,[0.08353972 0.53047126 0.38598902],0.03237770030181756
175,FUD33B_W34,RELIGATTEND,Never,[0.03043514 0.31904431 0.65052055],0.033106830989418544
176,FUD33B_W34,RELIGATTEND,Once a week,[0.08439088 0.30570252 0.60990659],0.0
177,FUD33B_W34,RELIGATTEND,Once or twice a month,[0.01045966 0.36417559 0.62536475],0.05454081312244154
178,FUD33B_W34,RELIGATTEND,Seldom,[0.02842787 0.41005739 0.56151473],0.016236098718503487
179,FUD33A_W34,RELIGATTEND,A few times a year,[0.08440685 0.58066365 0.3349295 ],0.28427315026770134
180,FUD33A_W34,RELIGATTEND,More than once a week,[0.02502417 0.73870626 0.23626957],0.261984630071658
181,FUD33A_W34,RELIGATTEND,Never,[0.05447631 0.4729141  0.47260959],0.2865942148837096
182,FUD33A_W34,RELIGATTEND,Once a week,[0.04954919 0.57222023 0.37823058],0.27602273782050263
183,FUD33A_W34,RELIGATTEND,Once or twice a month,[0.12195859 0.4884818  0.38955961],0.28929909382345
184,FUD33A_W34,RELIGATTEND,Seldom,[0.02398853 0.55487902 0.42113245],0.2309711851873949
185,FUD22_W34,RELIGATTEND,A few times a year,[0.04746571 0.38632175 0.42213866 0.14407387],0.01677647768025801
186,FUD22_W34,RELIGATTEND,More than once a week,[0.10180201 0.37147369 0.4180364  0.1086879 ],0.0
187,FUD22_W34,RELIGATTEND,Never,[0.08257099 0.27028224 0.40317153 0.24397524],0.00560889856853908
188,FUD22_W34,RELIGATTEND,Once a week,[0.06018127 0.32420003 0.46782996 0.14778874],0.0053871859443873705
189,FUD22_W34,RELIGATTEND,Once or twice a month,[0.06218598 0.29973008 0.45721733 0.18086661],0.010522729096112425
190,FUD22_W34,RELIGATTEND,Seldom,[0.04881641 0.32588848 0.44943664 0.17585846],0.0005153132724176183
191,EAT5A_W34,RELIGATTEND,A few times a year,[0.34546233 0.49082341 0.14102439 0.02268987],0.020434465647377723
192,EAT5A_W34,RELIGATTEND,More than once a week,[0.37372492 0.45804174 0.15161242 0.01662091],0.0
193,EAT5A_W34,RELIGATTEND,Never,[0.27483325 0.49693432 0.1752273  0.05300513],0.0
194,EAT5A_W34,RELIGATTEND,Once a week,[0.33013341 0.44634779 0.19775852 0.02576029],0.0
195,EAT5A_W34,RELIGATTEND,Once or twice a month,[0.32449993 0.487878   0.1512274  0.03639467],0.0
196,EAT5A_W34,RELIGATTEND,Seldom,[0.29815603 0.49632988 0.18599076 0.01952333],0.002588049182740355
197,SCI2B_W34,RELIGATTEND,A few times a year,[0.89432036 0.10567964],0.001875085591396166
198,SCI2B_W34,RELIGATTEND,More than once a week,[0.91153725 0.08846275],0.013380404511213395
199,SCI2B_W34,RELIGATTEND,Never,[0.890068 0.109932],0.017104634166006823
200,SCI2B_W34,RELIGATTEND,Once a week,[0.93293516 0.06706484],0.007371221607692788
201,SCI2B_W34,RELIGATTEND,Once or twice a month,[0.89911251 0.10088749],0.0036799806423244803
202,SCI2B_W34,RELIGATTEND,Seldom,[0.92191145 0.07808855],0.00408849712576528
203,SCI2A_W34,RELIGATTEND,A few times a year,[0.69483107 0.30516893],0.009036640640882112
204,SCI2A_W34,RELIGATTEND,More than once a week,[0.63226727 0.36773273],0.03948704083597324
205,SCI2A_W34,RELIGATTEND,Never,[0.72278459 0.27721541],0.005291632548537819
206,SCI2A_W34,RELIGATTEND,Once a week,[0.73224827 0.26775173],0.0037559456725685166
207,SCI2A_W34,RELIGATTEND,Once or twice a month,[0.70983014 0.29016986],0.0
208,SCI2A_W34,RELIGATTEND,Seldom,[0.7091493 0.2908507],0.0025097997930799538
209,EAT5C_W34,RELIGATTEND,A few times a year,[0.19126917 0.50687936 0.24832252 0.05352895],0.023234663774298808
210,EAT5C_W34,RELIGATTEND,More than once a week,[0.30322057 0.45294968 0.1651762  0.07865355],0.0030201377607833014
211,EAT5C_W34,RELIGATTEND,Never,[0.18541286 0.4684781  0.2625094  0.08359965],0.0009273487093564357
212,EAT5C_W34,RELIGATTEND,Once a week,[0.20808916 0.50086271 0.25466539 0.03638275],0.0005471485558312892
213,EAT5C_W34,RELIGATTEND,Once or twice a month,[0.19072662 0.55347629 0.22337256 0.03242453],0.0
214,EAT5C_W34,RELIGATTEND,Seldom,[0.20112255 0.46932196 0.28602764 0.04352785],0.0015038198172882716
215,SCI2C_W34,RELIGATTEND,A few times a year,[0.78468879 0.21531121],0.005454666183993656
216,SCI2C_W34,RELIGATTEND,More than once a week,[0.75271248 0.24728752],0.03689116037707585
217,SCI2C_W34,RELIGATTEND,Never,[0.74162778 0.25837222],0.01017549241861807
218,SCI2C_W34,RELIGATTEND,Once a week,[0.81134634 0.18865366],0.001277086704559078
219,SCI2C_W34,RELIGATTEND,Once or twice a month,[0.76924173 0.23075827],0.0
220,SCI2C_W34,RELIGATTEND,Seldom,[0.75929972 0.24070028],0.0014149654916091536
221,EVOPERS3_W34,RELIGATTEND,A few times a year,[0.15103962 0.66240026 0.18656012],0.018637853630429427
222,EVOPERS3_W34,RELIGATTEND,More than once a week,[0.01632146 0.59126315 0.39241539],0.02901925875786382
223,EVOPERS3_W34,RELIGATTEND,Never,[0.65087243 0.20271263 0.14641494],0.013255546425760661
224,EVOPERS3_W34,RELIGATTEND,Once a week,[0.0973544  0.65051343 0.25213217],0.014952637390624022
225,EVOPERS3_W34,RELIGATTEND,Once or twice a month,[0.18078402 0.65078188 0.1684341 ],0.0
226,EVOPERS3_W34,RELIGATTEND,Seldom,[0.40111721 0.48589808 0.11298471],0.016110043860473166
227,EAT3K_W34,RELIGATTEND,A few times a year,[0.76127494 0.23872506],0.0
228,EAT3K_W34,RELIGATTEND,More than once a week,[0.85096487 0.14903513],0.0
229,EAT3K_W34,RELIGATTEND,Never,[0.72597506 0.27402494],0.0
230,EAT3K_W34,RELIGATTEND,Once a week,[0.77323468 0.22676532],0.0
231,EAT3K_W34,RELIGATTEND,Once or twice a month,[0.76706023 0.23293977],0.0
232,EAT3K_W34,RELIGATTEND,Seldom,[0.75856263 0.24143737],0.0
233,BIO15_W34,RELIGATTEND,A few times a year,[0.62646698 0.37353302],0.012821326944555643
234,BIO15_W34,RELIGATTEND,More than once a week,[0.76812705 0.23187295],0.002013889482702314
235,BIO15_W34,RELIGATTEND,Never,[0.61300556 0.38699444],0.006972019735195545
236,BIO15_W34,RELIGATTEND,Once a week,[0.69946096 0.30053904],0.0027769114636923397
237,BIO15_W34,RELIGATTEND,Once or twice a month,[0.61295951 0.38704049],0.0
238,BIO15_W34,RELIGATTEND,Seldom,[0.63115063 0.36884937],0.0028327169473012096
239,EAT3F_W34,RELIGATTEND,A few times a year,[0.62929122 0.37070878],0.0
240,EAT3F_W34,RELIGATTEND,More than once a week,[0.5900503 0.4099497],0.0
241,EAT3F_W34,RELIGATTEND,Never,[0.61534221 0.38465779],0.0
242,EAT3F_W34,RELIGATTEND,Once a week,[0.63819558 0.36180442],0.0
243,EAT3F_W34,RELIGATTEND,Once or twice a month,[0.65646213 0.34353787],0.0
244,EAT3F_W34,RELIGATTEND,Seldom,[0.6142713 0.3857287],0.0
245,G2_W34,RELIGATTEND,A few times a year,[0.19106319 0.80893681],0.1955132585069517
246,G2_W34,RELIGATTEND,More than once a week,[0.12362124 0.87637876],0.1270430637542599
247,G2_W34,RELIGATTEND,Never,[0.19051575 0.80948425],0.2245561987395994
248,G2_W34,RELIGATTEND,Once a week,[0.13098848 0.86901152],0.12854994915520018
249,G2_W34,RELIGATTEND,Once or twice a month,[0.17953896 0.82046104],0.25980545785154385
250,G2_W34,RELIGATTEND,Seldom,[0.19892548 0.80107452],0.21389887955252426
251,EAT3I_W34,RELIGATTEND,A few times a year,[0.59291114 0.40708886],0.0
252,EAT3I_W34,RELIGATTEND,More than once a week,[0.44424487 0.55575513],0.0
253,EAT3I_W34,RELIGATTEND,Never,[0.56789024 0.43210976],0.0
254,EAT3I_W34,RELIGATTEND,Once a week,[0.52381935 0.47618065],0.0
255,EAT3I_W34,RELIGATTEND,Once or twice a month,[0.6091473 0.3908527],0.0
256,EAT3I_W34,RELIGATTEND,Seldom,[0.56544636 0.43455364],0.0
257,MED7_W34,RELIGATTEND,A few times a year,[0.31890605 0.68109395],0.0263337758445452
258,MED7_W34,RELIGATTEND,More than once a week,[0.11258261 0.88741739],0.005494656167674998
259,MED7_W34,RELIGATTEND,Never,[0.51511299 0.48488701],0.011779233446777376
260,MED7_W34,RELIGATTEND,Once a week,[0.1502467 0.8497533],0.021059550128909182
261,MED7_W34,RELIGATTEND,Once or twice a month,[0.27500835 0.72499165],0.011867592269864263
262,MED7_W34,RELIGATTEND,Seldom,[0.3677362 0.6322638],0.01533633287456882
263,MED2D_W34,RELIGATTEND,A few times a year,[0.78285171 0.17485304 0.04229525],0.012163920236695377
264,MED2D_W34,RELIGATTEND,More than once a week,[0.80811489 0.19006201 0.0018231 ],0.0
265,MED2D_W34,RELIGATTEND,Never,[0.8350924  0.13202187 0.03288573],0.003539358624152795
266,MED2D_W34,RELIGATTEND,Once a week,[0.86703002 0.12055066 0.01241932],0.0009842024770181617
267,MED2D_W34,RELIGATTEND,Once or twice a month,[0.78050728 0.19476646 0.02472626],0.0024314306626061636
268,MED2D_W34,RELIGATTEND,Seldom,[0.85738548 0.11456764 0.02804688],0.0014787147417738896
269,MED2A_W34,RELIGATTEND,A few times a year,[0.45606121 0.41355122 0.13038757],0.01281422212591052
270,MED2A_W34,RELIGATTEND,More than once a week,[0.47628037 0.41984974 0.10386989],0.013109829706271633
271,MED2A_W34,RELIGATTEND,Never,[0.46263523 0.40645915 0.13090562],0.0027210140842254074
272,MED2A_W34,RELIGATTEND,Once a week,[0.45115893 0.41869341 0.13014766],0.0049246460610937485
273,MED2A_W34,RELIGATTEND,Once or twice a month,[0.44731677 0.4309899  0.12169333],0.0
274,MED2A_W34,RELIGATTEND,Seldom,[0.45283656 0.44325501 0.10390844],0.0036511825536094263
275,EVOTWO_W34,RELIGATTEND,A few times a year,[0.48824265 0.51175735],0.0
276,EVOTWO_W34,RELIGATTEND,More than once a week,[0.55543533 0.44456467],0.8995958167300254
277,EVOTWO_W34,RELIGATTEND,Never,[0.19812865 0.80187135],0.6694800261238425
278,EVOTWO_W34,RELIGATTEND,Once a week,[1. 0.],0.3049973850156687
279,EVOTWO_W34,RELIGATTEND,Once or twice a month,[0.65536832 0.34463168],0.23151474943721898
280,EVOTWO_W34,RELIGATTEND,Seldom,[1. 0.],0.0
281,MED2B_W34,RELIGATTEND,A few times a year,[0.67978072 0.30126296 0.01895632],0.012163920236695377
282,MED2B_W34,RELIGATTEND,More than once a week,[0.73279996 0.26135426 0.00584578],0.0008724250622113596
283,MED2B_W34,RELIGATTEND,Never,[0.66729967 0.27688107 0.05581926],0.0027210140842254074
284,MED2B_W34,RELIGATTEND,Once a week,[0.68512686 0.29601859 0.01885454],0.0014036788914226354
285,MED2B_W34,RELIGATTEND,Once or twice a month,[0.66090233 0.28887721 0.05022046],0.0
286,MED2B_W34,RELIGATTEND,Seldom,[0.69166815 0.28241637 0.02591548],0.0076944890997681335
287,EVOTHREE_W34,RELIGATTEND,A few times a year,[0.60721449 0.39278551],0.025882450729663557
288,EVOTHREE_W34,RELIGATTEND,More than once a week,[0.18546432 0.81453568],0.0
289,EVOTHREE_W34,RELIGATTEND,Never,[0.79106876 0.20893124],0.031128525109549603
290,EVOTHREE_W34,RELIGATTEND,Once a week,[0.2747122 0.7252878],0.016935745556816352
291,EVOTHREE_W34,RELIGATTEND,Once or twice a month,[0.29318721 0.70681279],0.03324301135539237
292,EVOTHREE_W34,RELIGATTEND,Seldom,[0.59702887 0.40297113],0.025494072545789417
293,MED1_W34,RELIGATTEND,A few times a year,[0.54332313 0.45667687],0.036732492018741236
294,MED1_W34,RELIGATTEND,More than once a week,[0.50366585 0.49633415],0.006647240762766656
295,MED1_W34,RELIGATTEND,Never,[0.48691243 0.51308757],0.003107510209958492
296,MED1_W34,RELIGATTEND,Once a week,[0.49151861 0.50848139],0.021205582286319184
297,MED1_W34,RELIGATTEND,Once or twice a month,[0.47255284 0.52744716],0.020375334910408886
298,MED1_W34,RELIGATTEND,Seldom,[0.46435818 0.53564182],0.009580799145092463
299,EVOBIOA_W34,RELIGATTEND,A few times a year,[0.77119591 0.22880409],0.2204335310928285
300,EVOBIOA_W34,RELIGATTEND,More than once a week,[0.60732792 0.39267208],0.15239158811232664
301,EVOBIOA_W34,RELIGATTEND,Never,[0.89484423 0.10515577],0.15223481116959103
302,EVOBIOA_W34,RELIGATTEND,Once a week,[0.71597758 0.28402242],0.17386631519132648
303,EVOBIOA_W34,RELIGATTEND,Once or twice a month,[0.78226446 0.21773554],0.19281138618092414
304,EVOBIOA_W34,RELIGATTEND,Seldom,[0.86366146 0.13633854],0.22083755567006097
305,FUD37B_W34,RELIGATTEND,A few times a year,[0.26772964 0.37297797 0.27721271 0.08207967],0.019910963129167288
306,FUD37B_W34,RELIGATTEND,More than once a week,[0.33826014 0.36738235 0.2571768  0.03718071],0.017877511775687915
307,FUD37B_W34,RELIGATTEND,Never,[0.22940339 0.29361458 0.34577293 0.1312091 ],0.00813046994753588
308,FUD37B_W34,RELIGATTEND,Once a week,[0.24953586 0.38570977 0.32016115 0.04459322],0.011735398419269386
309,FUD37B_W34,RELIGATTEND,Once or twice a month,[0.28499316 0.35221806 0.32547857 0.03731021],0.004102588189202666
310,FUD37B_W34,RELIGATTEND,Seldom,[0.18523458 0.39250496 0.37660868 0.04565178],0.010746849413517593
311,FUD35_W34,RELIGATTEND,A few times a year,[0.22879555 0.42838174 0.26577799 0.07704472],0.014048190223257626
312,FUD35_W34,RELIGATTEND,More than once a week,[0.32620872 0.39379495 0.22574204 0.05425429],0.0024931075924319833
313,FUD35_W34,RELIGATTEND,Never,[0.18667605 0.37836728 0.26736786 0.16758882],0.0
314,FUD35_W34,RELIGATTEND,Once a week,[0.23272586 0.35526707 0.32344443 0.08856264],0.0020420417894657147
315,FUD35_W34,RELIGATTEND,Once or twice a month,[0.24435192 0.3770352  0.29742747 0.0811854 ],0.010522729096112425
316,FUD35_W34,RELIGATTEND,Seldom,[0.19205774 0.42370306 0.31366584 0.07057337],0.0
317,MED2E_W34,RELIGATTEND,A few times a year,[0.41872603 0.48161018 0.09966379],0.025737406875322926
318,MED2E_W34,RELIGATTEND,More than once a week,[0.54929989 0.38077677 0.06992333],0.016996447298282796
319,MED2E_W34,RELIGATTEND,Never,[0.37899875 0.51288674 0.10811452],0.0060870026163593344
320,MED2E_W34,RELIGATTEND,Once a week,[0.43617144 0.51117561 0.05265295],0.007540360251880055
321,MED2E_W34,RELIGATTEND,Once or twice a month,[0.45751322 0.44884341 0.09364337],0.0007055997545568906
322,MED2E_W34,RELIGATTEND,Seldom,[0.42611026 0.4937571  0.08013264],0.00619349589181764
323,FUD24_W34,RELIGATTEND,A few times a year,[0.43935402 0.03774357 0.52290242],0.01821189367530455
324,FUD24_W34,RELIGATTEND,More than once a week,[0.56146276 0.02647308 0.41206415],0.005651092116203584
325,FUD24_W34,RELIGATTEND,Never,[0.44160338 0.02830228 0.53009435],0.007845920878906712
326,FUD24_W34,RELIGATTEND,Once a week,[0.42988972 0.02003314 0.55007714],0.0036106326799368585
327,FUD24_W34,RELIGATTEND,Once or twice a month,[0.44973073 0.01723893 0.53303034],0.007429597833216871
328,FUD24_W34,RELIGATTEND,Seldom,[0.47646945 0.02494301 0.49858754],0.0031960148978029054
329,EAT2_W34,RELIGATTEND,A few times a year,[0.07399028 0.39717986 0.20919251 0.25824771 0.06138964],0.012163920236695377
330,EAT2_W34,RELIGATTEND,More than once a week,[0.06069257 0.26741088 0.29041503 0.34013102 0.04135049],0.012364516049285701
331,EAT2_W34,RELIGATTEND,Never,[0.15906544 0.26152291 0.32213302 0.21543936 0.04183928],0.0
332,EAT2_W34,RELIGATTEND,Once a week,[0.11369836 0.27088312 0.33768783 0.25283891 0.02489179],0.0016998207112268087
333,EAT2_W34,RELIGATTEND,Once or twice a month,[0.10780173 0.20827044 0.34500648 0.30962276 0.02929859],0.017624469648088878
334,EAT2_W34,RELIGATTEND,Seldom,[0.09794596 0.30312626 0.30713461 0.27561918 0.01617399],0.0
335,MED3_W34,RELIGATTEND,A few times a year,[0.08843455 0.55153449 0.36003096],0.027338348732883006
336,MED3_W34,RELIGATTEND,More than once a week,[0.13813909 0.5441812  0.31767971],0.0
337,MED3_W34,RELIGATTEND,Never,[0.12882908 0.52958837 0.34158254],0.003984567687651089
338,MED3_W34,RELIGATTEND,Once a week,[0.10832103 0.54186312 0.34981585],0.009090905823073533
339,MED3_W34,RELIGATTEND,Once or twice a month,[0.14270834 0.56808498 0.28920668],0.004300590771647459
340,MED3_W34,RELIGATTEND,Seldom,[0.11360407 0.61013758 0.27625835],0.0012577703405407818
341,MED4B_W34,RELIGATTEND,A few times a year,[0.74625366 0.25374634],0.020434465647377723
342,MED4B_W34,RELIGATTEND,More than once a week,[0.61201848 0.38798152],0.02856486334938512
343,MED4B_W34,RELIGATTEND,Never,[0.76269091 0.23730909],0.013855753373443008
344,MED4B_W34,RELIGATTEND,Once a week,[0.63719431 0.36280569],0.017997247891435718
345,MED4B_W34,RELIGATTEND,Once or twice a month,[0.72590337 0.27409663],0.010531820483029286
346,MED4B_W34,RELIGATTEND,Seldom,[0.77168705 0.22831295],0.0042707934157345155
347,FUD32_W34,RELIGATTEND,A few times a year,[0.24954603 0.60462222 0.14583175],0.012990341350252602
348,FUD32_W34,RELIGATTEND,More than once a week,[0.27487157 0.55210432 0.17302411],0.0
349,FUD32_W34,RELIGATTEND,Never,[0.32924324 0.53913608 0.13162068],0.0
350,FUD32_W34,RELIGATTEND,Once a week,[0.30040339 0.57722889 0.12236773],0.0031874961064074342
351,FUD32_W34,RELIGATTEND,Once or twice a month,[0.23994243 0.60251312 0.15754445],0.0006063643293166371
352,FUD32_W34,RELIGATTEND,Seldom,[0.28395585 0.6130954  0.10294875],0.003292999134342741
353,BIOTECHB_W34,RELIGATTEND,A few times a year,[0.31149088 0.68850912],0.020441759315816935
354,BIOTECHB_W34,RELIGATTEND,More than once a week,[0.25820574 0.74179426],0.020035141761831153
355,BIOTECHB_W34,RELIGATTEND,Never,[0.37980029 0.62019971],0.014176790127756229
356,BIOTECHB_W34,RELIGATTEND,Once a week,[0.22518836 0.77481164],0.004734646513270712
357,BIOTECHB_W34,RELIGATTEND,Once or twice a month,[0.3009597 0.6990403],0.019395670546060846
358,BIOTECHB_W34,RELIGATTEND,Seldom,[0.35672744 0.64327256],0.006866359263745609
359,EAT3E_W34,RELIGATTEND,A few times a year,[0.70824053 0.29175947],0.0
360,EAT3E_W34,RELIGATTEND,More than once a week,[0.6769206 0.3230794],0.0
361,EAT3E_W34,RELIGATTEND,Never,[0.79561917 0.20438083],0.0
362,EAT3E_W34,RELIGATTEND,Once a week,[0.75175935 0.24824065],0.0
363,EAT3E_W34,RELIGATTEND,Once or twice a month,[0.72297866 0.27702134],0.0
364,EAT3E_W34,RELIGATTEND,Seldom,[0.8060087 0.1939913],0.0
365,SCI4_W34,RELIGATTEND,A few times a year,[0.57602217 0.42397783],0.029042147109045423
366,SCI4_W34,RELIGATTEND,More than once a week,[0.48451324 0.51548676],0.020100268287932252
367,SCI4_W34,RELIGATTEND,Never,[0.65495804 0.34504196],0.012301939204964352
368,SCI4_W34,RELIGATTEND,Once a week,[0.45431183 0.54568817],0.023664639503186476
369,SCI4_W34,RELIGATTEND,Once or twice a month,[0.58001636 0.41998364],0.0
370,SCI4_W34,RELIGATTEND,Seldom,[0.57122137 0.42877863],0.00139033929529975
371,SCI1_W34,RELIGATTEND,A few times a year,[0.91648439 0.08351561],0.011195835389409213
372,SCI1_W34,RELIGATTEND,More than once a week,[0.90468392 0.09531608],0.002437946204171735
373,SCI1_W34,RELIGATTEND,Never,[0.88988316 0.11011684],0.003226847260321812
374,SCI1_W34,RELIGATTEND,Once a week,[0.91569855 0.08430145],0.009207453119275207
375,SCI1_W34,RELIGATTEND,Once or twice a month,[0.89396865 0.10603135],0.020296318020353983
376,SCI1_W34,RELIGATTEND,Seldom,[0.91918225 0.08081775],0.0
377,EVOBIOB_W34,RELIGATTEND,A few times a year,[0.62466376 0.37533624],0.1817012182597847
378,EVOBIOB_W34,RELIGATTEND,More than once a week,[0.57373324 0.42626676],0.1680106521374572
379,EVOBIOB_W34,RELIGATTEND,Never,[0.62254635 0.37745365],0.055843772509880346
380,EVOBIOB_W34,RELIGATTEND,Once a week,[0.67998437 0.32001563],0.060401376621451126
381,EVOBIOB_W34,RELIGATTEND,Once or twice a month,[0.29831212 0.70168788],0.02057821449887123
382,EVOBIOB_W34,RELIGATTEND,Seldom,[0.63998497 0.36001503],0.053049308242267786
383,BIOTECHE_W34,RELIGATTEND,A few times a year,[0.21102112 0.78897888],0.015855961160673254
384,BIOTECHE_W34,RELIGATTEND,More than once a week,[0.17060745 0.82939255],0.0182647681512188
385,BIOTECHE_W34,RELIGATTEND,Never,[0.30320554 0.69679446],0.008798741641124229
386,BIOTECHE_W34,RELIGATTEND,Once a week,[0.15206216 0.84793784],0.013514300995497656
387,BIOTECHE_W34,RELIGATTEND,Once or twice a month,[0.19858457 0.80141543],0.01329057957924231
388,BIOTECHE_W34,RELIGATTEND,Seldom,[0.18212777 0.81787223],0.007096942573621297
389,MED2F_W34,RELIGATTEND,A few times a year,[0.55698971 0.39679543 0.04621486],0.020400961503840354
390,MED2F_W34,RELIGATTEND,More than once a week,[0.60148811 0.36265642 0.03585546],0.0
391,MED2F_W34,RELIGATTEND,Never,[0.55952531 0.37880822 0.06166647],0.002721014084225407
392,MED2F_W34,RELIGATTEND,Once a week,[0.58847505 0.38719438 0.02433057],0.001974950748227254
393,MED2F_W34,RELIGATTEND,Once or twice a month,[0.62299351 0.33530883 0.04169766],0.0008642065629251434
394,MED2F_W34,RELIGATTEND,Seldom,[0.6143002  0.34715092 0.03854888],0.0012577703405407818
395,MED2C_W34,RELIGATTEND,A few times a year,[0.44675921 0.48330206 0.06993873],0.012163920236695375
396,MED2C_W34,RELIGATTEND,More than once a week,[0.42390425 0.49616726 0.07992849],0.0017419090826496502
397,MED2C_W34,RELIGATTEND,Never,[0.42428875 0.45300445 0.12270679],0.004498857155054729
398,MED2C_W34,RELIGATTEND,Once a week,[0.46199099 0.4803777  0.0576313 ],0.004924646061093748
399,MED2C_W34,RELIGATTEND,Once or twice a month,[0.51463061 0.37414799 0.1112214 ],0.004740098120881438
400,MED2C_W34,RELIGATTEND,Seldom,[0.43169131 0.48805475 0.08025395],0.005312212715408256
0,MED4A_W34,POLPARTY,Democrat,[0.20473335 0.79526665],0.006849828156673282
1,MED4A_W34,POLPARTY,Independent,[0.19835917 0.80164083],0.01316838068901678
2,MED4A_W34,POLPARTY,Other,[0.27343642 0.72656358],0.012492957364810622
3,MED4A_W34,POLPARTY,Republican,[0.10694374 0.89305626],0.016252239805225246
4,EAT3J_W34,POLPARTY,Democrat,[0.86521929 0.13478071],0.0
5,EAT3J_W34,POLPARTY,Independent,[0.87429051 0.12570949],0.0
6,EAT3J_W34,POLPARTY,Other,[0.91077171 0.08922829],0.0
7,EAT3J_W34,POLPARTY,Republican,[0.91142452 0.08857548],0.0
8,EAT3G_W34,POLPARTY,Democrat,[0.64542289 0.35457711],0.0
9,EAT3G_W34,POLPARTY,Independent,[0.66244496 0.33755504],0.0
10,EAT3G_W34,POLPARTY,Other,[0.68371995 0.31628005],0.0
11,EAT3G_W34,POLPARTY,Republican,[0.69595875 0.30404125],0.0
12,MED2G_W34,POLPARTY,Democrat,[0.46979094 0.44134877 0.08886029],0.010773195015375199
13,MED2G_W34,POLPARTY,Independent,[0.47176641 0.43355428 0.09467931],0.01471747194346521
14,MED2G_W34,POLPARTY,Other,[0.42940275 0.39396161 0.17663564],0.0025015914919627805
15,MED2G_W34,POLPARTY,Republican,[0.57934858 0.32102035 0.09963106],0.0027948313816914855
16,MED6C_W34,POLPARTY,Democrat,[0.42935265 0.41623193 0.1218377  0.03257773],0.0031308807641840073
17,MED6C_W34,POLPARTY,Independent,[0.44841726 0.41785026 0.11946367 0.01426881],0.017220987857219164
18,MED6C_W34,POLPARTY,Other,[0.44009884 0.34812163 0.12798531 0.08379421],0.01124031307176405
19,MED6C_W34,POLPARTY,Republican,[0.52707177 0.32947076 0.12259436 0.02086312],0.0012411490060370983
20,BIOTECHC_W34,POLPARTY,Democrat,[0.74312884 0.25687116],0.014106768340197992
21,BIOTECHC_W34,POLPARTY,Independent,[0.71029773 0.28970227],0.013375842847536987
22,BIOTECHC_W34,POLPARTY,Other,[0.63230583 0.36769417],0.023031339000234272
23,BIOTECHC_W34,POLPARTY,Republican,[0.69801988 0.30198012],0.004795414773372323
24,BIOTECHD_W34,POLPARTY,Democrat,[0.57974626 0.42025374],0.012432352045944063
25,BIOTECHD_W34,POLPARTY,Independent,[0.66241356 0.33758644],0.035480438107497195
26,BIOTECHD_W34,POLPARTY,Other,[0.54400359 0.45599641],0.015613897584572026
27,BIOTECHD_W34,POLPARTY,Republican,[0.51088335 0.48911665],0.0033154757075435563
28,MED6D_W34,POLPARTY,Democrat,[0.62396026 0.29276213 0.06104199 0.02223563],0.007499353972772881
29,MED6D_W34,POLPARTY,Independent,[0.59575855 0.29698867 0.08566814 0.02158464],0.018766833868603748
30,MED6D_W34,POLPARTY,Other,[0.58920099 0.2102528  0.09991369 0.10063252],0.01124031307176405
31,MED6D_W34,POLPARTY,Republican,[0.50163756 0.3444464  0.11516488 0.03875115],0.0017839391080933672
32,EVOPERS3A_W34,POLPARTY,Democrat,[0.92117673 0.0447677  0.03405557],0.6453905048829119
33,EVOPERS3A_W34,POLPARTY,Independent,[0.8377125 0.        0.1622875],0.47421767611265514
34,EVOPERS3A_W34,POLPARTY,Other,[0. 1. 0.],0.6479627543601808
35,EAT6_W34,POLPARTY,Democrat,[0.54997294 0.45002706],0.014724034181577453
36,EAT6_W34,POLPARTY,Independent,[0.51045373 0.48954627],0.024698233471351787
37,EAT6_W34,POLPARTY,Other,[0.624414 0.375586],0.018930095627472523
38,EAT6_W34,POLPARTY,Republican,[0.39962214 0.60037786],0.014188122142286378
39,SCI3C_W34,POLPARTY,Democrat,[0.9247037 0.0752963],0.0076326958068562295
40,SCI3C_W34,POLPARTY,Independent,[0.78471434 0.21528566],0.004078579484019858
41,SCI3C_W34,POLPARTY,Other,[0.76150491 0.23849509],0.014399063261743655
42,SCI3C_W34,POLPARTY,Republican,[0.71460289 0.28539711],0.025113350728985927
43,EAT1_W34,POLPARTY,Democrat,[0.12738    0.38784783 0.30857832 0.16773833 0.00845553],0.001584695076452751
44,EAT1_W34,POLPARTY,Independent,[0.11157713 0.38965351 0.33015288 0.13731071 0.03130576],0.012871889493576288
45,EAT1_W34,POLPARTY,Other,[0.13782881 0.31686457 0.32264317 0.15629204 0.06637141],0.0
46,EAT1_W34,POLPARTY,Republican,[0.09073566 0.35836197 0.34930601 0.16190914 0.03968722],0.0022791138444192803
47,FUD37A_W34,POLPARTY,Democrat,[0.25352468 0.40755732 0.2828734  0.0560446 ],0.009925862360724298
48,FUD37A_W34,POLPARTY,Independent,[0.29509602 0.36818887 0.28521585 0.05149926],0.012390882826249389
49,FUD37A_W34,POLPARTY,Other,[0.2778349  0.33847583 0.30770827 0.075981  ],0.00731899470515327
50,FUD37A_W34,POLPARTY,Republican,[0.17984851 0.39916029 0.3526715  0.0683197 ],0.0027409434176896455
51,MED4C_W34,POLPARTY,Democrat,[0.65073247 0.34926753],0.019539399083396736
52,MED4C_W34,POLPARTY,Independent,[0.67604098 0.32395902],0.027719666803128103
53,MED4C_W34,POLPARTY,Other,[0.63693106 0.36306894],0.026856448621335377
54,MED4C_W34,POLPARTY,Republican,[0.4548063 0.5451937],0.011468922071376744
55,SCI3A_W34,POLPARTY,Democrat,[0.89646752 0.10353248],0.008514137519836689
56,SCI3A_W34,POLPARTY,Independent,[0.79100717 0.20899283],0.020722460318666282
57,SCI3A_W34,POLPARTY,Other,[0.69104077 0.30895923],0.008500863906135926
58,SCI3A_W34,POLPARTY,Republican,[0.65924442 0.34075558],0.006937110264955511
59,MED6A_W34,POLPARTY,Democrat,[0.48010735 0.37589501 0.10680748 0.03719016],0.0033225873056253402
60,MED6A_W34,POLPARTY,Independent,[0.57688705 0.33132412 0.07990848 0.01188034],0.021122936207275192
61,MED6A_W34,POLPARTY,Other,[0.57183057 0.24855366 0.08766063 0.09195514],0.018559307776917323
62,MED6A_W34,POLPARTY,Republican,[0.59163594 0.29199544 0.09403805 0.02233057],0.005089759365866278
63,G1_W34,POLPARTY,Democrat,[0.34535308 0.65464692],0.3376108208176652
64,G1_W34,POLPARTY,Independent,[0.43379525 0.56620475],0.3462785155830394
65,G1_W34,POLPARTY,Other,[0.48040351 0.51959649],0.40426114479234304
66,G1_W34,POLPARTY,Republican,[0.3634433 0.6365567],0.3166957144283781
67,MED6B_W34,POLPARTY,Democrat,[0.18446284 0.48089976 0.25473798 0.07989942],0.0069013534112313145
68,MED6B_W34,POLPARTY,Independent,[0.19151742 0.53096659 0.23574539 0.0417706 ],0.02557670645116779
69,MED6B_W34,POLPARTY,Other,[0.19667601 0.48991486 0.22154385 0.09186529],0.01350860861249135
70,MED6B_W34,POLPARTY,Republican,[0.07607441 0.45423647 0.37005948 0.09962963],0.013758032630538564
71,MED6E_W34,POLPARTY,Democrat,[0.22782185 0.45198803 0.26869182 0.05149829],0.005340816627742626
72,MED6E_W34,POLPARTY,Independent,[0.18904621 0.4402736  0.29934824 0.07133195],0.025674642277102963
73,MED6E_W34,POLPARTY,Other,[0.2128908  0.40639093 0.25430435 0.12641393],0.013508608612491353
74,MED6E_W34,POLPARTY,Republican,[0.11204397 0.40049754 0.37828244 0.10917605],0.008721843125449602
75,EAT5D_W34,POLPARTY,Democrat,[0.2725935  0.54103875 0.15728737 0.02908038],0.003631455144574116
76,EAT5D_W34,POLPARTY,Independent,[0.24920583 0.53861038 0.17751038 0.03467341],0.00747357092375708
77,EAT5D_W34,POLPARTY,Other,[0.2938926  0.49907861 0.14084119 0.0661876 ],0.009708469445194705
78,EAT5D_W34,POLPARTY,Republican,[0.2484396  0.49588047 0.22682766 0.02885227],0.0011638971665569654
79,EAT5B_W34,POLPARTY,Democrat,[0.36071269 0.48853216 0.12070811 0.03004705],0.0024244447359243687
80,EAT5B_W34,POLPARTY,Independent,[0.30088368 0.52986388 0.14049606 0.02875638],0.00747357092375708
81,EAT5B_W34,POLPARTY,Other,[0.381295   0.42396604 0.14186413 0.05287483],0.01014880414825282
82,EAT5B_W34,POLPARTY,Republican,[0.25257023 0.44719195 0.24786417 0.05237364],0.0011638971665569654
83,EVOONE_W34,POLPARTY,Democrat,[0.77440268 0.22559732],0.007750539859295425
84,EVOONE_W34,POLPARTY,Independent,[0.75274099 0.24725901],0.030099514720524675
85,EVOONE_W34,POLPARTY,Other,[0.63205052 0.36794948],0.03042454253898495
86,EVOONE_W34,POLPARTY,Republican,[0.55225117 0.44774883],0.02414067091777192
87,BIOTECHA_W34,POLPARTY,Democrat,[0.4327956 0.5672044],0.010522201491751837
88,BIOTECHA_W34,POLPARTY,Independent,[0.53146599 0.46853401],0.025312133440872076
89,BIOTECHA_W34,POLPARTY,Other,[0.4142292 0.5857708],0.021069297185868786
90,BIOTECHA_W34,POLPARTY,Republican,[0.36771777 0.63228223],0.00837744176323648
91,FUD37C_W34,POLPARTY,Democrat,[0.23659695 0.40140903 0.31319181 0.0488022 ],0.009506693036500301
92,FUD37C_W34,POLPARTY,Independent,[0.19758469 0.37925262 0.37260775 0.05055494],0.025033789438689072
93,FUD37C_W34,POLPARTY,Other,[0.29081412 0.31940923 0.33076044 0.0590162 ],0.00731899470515327
94,FUD37C_W34,POLPARTY,Republican,[0.17221584 0.28804859 0.45152143 0.08821414],0.004270557815994496
95,MED5_W34,POLPARTY,Democrat,[0.10316996 0.34502581 0.42624774 0.12555649],0.008232578765322216
96,MED5_W34,POLPARTY,Independent,[0.04445215 0.32605152 0.47962059 0.14987574],0.022736140812109958
97,MED5_W34,POLPARTY,Other,[0.08812541 0.23969897 0.44063122 0.23154439],0.015823405916895822
98,MED5_W34,POLPARTY,Republican,[0.06253213 0.22435026 0.47796978 0.23514783],0.0052636938728737375
99,EAT3H_W34,POLPARTY,Democrat,[0.69992389 0.30007611],0.0
100,EAT3H_W34,POLPARTY,Independent,[0.70621578 0.29378422],0.0
101,EAT3H_W34,POLPARTY,Other,[0.75536036 0.24463964],0.0
102,EAT3H_W34,POLPARTY,Republican,[0.75543651 0.24456349],0.0
103,SCI3B_W34,POLPARTY,Democrat,[0.90713403 0.09286597],0.013840417926035808
104,SCI3B_W34,POLPARTY,Independent,[0.81614291 0.18385709],0.0016332302274205078
105,SCI3B_W34,POLPARTY,Other,[0.7455295 0.2544705],0.01199664966267107
106,SCI3B_W34,POLPARTY,Republican,[0.70262066 0.29737934],0.011096270504422988
107,SCI5_W34,POLPARTY,Democrat,[0.46806513 0.53193487],0.017620775453759504
108,SCI5_W34,POLPARTY,Independent,[0.47288437 0.52711563],0.028531633403608442
109,SCI5_W34,POLPARTY,Other,[0.3809131 0.6190869],0.00693137908232527
110,SCI5_W34,POLPARTY,Republican,[0.53923909 0.46076091],0.0018538789448489135
111,FUD37D_W34,POLPARTY,Democrat,[0.29735885 0.46824279 0.18371849 0.05067987],0.01053339558989934
112,FUD37D_W34,POLPARTY,Independent,[0.3661872  0.41895415 0.18279732 0.03206134],0.022505678480984045
113,FUD37D_W34,POLPARTY,Other,[0.34794106 0.37398793 0.20545807 0.07261293],0.002501591491962781
114,FUD37D_W34,POLPARTY,Republican,[0.26798068 0.51219152 0.18678618 0.03304162],0.002955939459119879
115,FUD33B_W34,POLPARTY,Democrat,[0.05869372 0.36580595 0.57550033],0.021681436834773613
116,FUD33B_W34,POLPARTY,Independent,[0.04976517 0.36574884 0.58448599],0.08334378175397388
117,FUD33B_W34,POLPARTY,Other,[0.03203434 0.27905574 0.68890992],0.04776623278976847
118,FUD33B_W34,POLPARTY,Republican,[0.03490091 0.37312251 0.59197658],0.023649996088376066
119,FUD33A_W34,POLPARTY,Democrat,[0.05966177 0.52775403 0.4125842 ],0.28588940340402585
120,FUD33A_W34,POLPARTY,Independent,[0.07361954 0.52130019 0.40508028],0.24776137806464626
121,FUD33A_W34,POLPARTY,Other,[0.03951552 0.58985581 0.37062867],0.30061332725723555
122,FUD33A_W34,POLPARTY,Republican,[0.03353379 0.58160385 0.38486236],0.2550591230981589
123,FUD22_W34,POLPARTY,Democrat,[0.06423257 0.34291099 0.43196541 0.16089104],0.0026687388925823834
124,FUD22_W34,POLPARTY,Independent,[0.06577315 0.33632638 0.4081059  0.18979457],0.006810165392395056
125,FUD22_W34,POLPARTY,Other,[0.08608562 0.33825301 0.36705988 0.20860149],0.0070592999137207455
126,FUD22_W34,POLPARTY,Republican,[0.05846408 0.25987485 0.49835815 0.18330292],0.010218242281873926
127,EAT5A_W34,POLPARTY,Democrat,[0.36295178 0.4693584  0.13770101 0.02998881],0.0006341881659123198
128,EAT5A_W34,POLPARTY,Independent,[0.30653981 0.51277882 0.15688211 0.02379927],0.006810165392395054
129,EAT5A_W34,POLPARTY,Other,[0.27565319 0.48300957 0.19398899 0.04734825],0.01124031307176405
130,EAT5A_W34,POLPARTY,Republican,[0.28314894 0.46903374 0.21388095 0.03393638],0.001344463099455626
131,SCI2B_W34,POLPARTY,Democrat,[0.92410936 0.07589064],0.0051026872655765805
132,SCI2B_W34,POLPARTY,Independent,[0.91566232 0.08433768],0.0024949231531675485
133,SCI2B_W34,POLPARTY,Other,[0.85328669 0.14671331],0.005812097301677196
134,SCI2B_W34,POLPARTY,Republican,[0.90152235 0.09847765],0.008033054947827079
135,SCI2A_W34,POLPARTY,Democrat,[0.75082777 0.24917223],0.008589198659238849
136,SCI2A_W34,POLPARTY,Independent,[0.7284122 0.2715878],0.014111659277541376
137,SCI2A_W34,POLPARTY,Other,[0.60520745 0.39479255],0.0
138,SCI2A_W34,POLPARTY,Republican,[0.69040059 0.30959941],0.0031802698504747014
139,EAT5C_W34,POLPARTY,Democrat,[0.21866888 0.50422271 0.23143326 0.04567515],0.00189751163751857
140,EAT5C_W34,POLPARTY,Independent,[0.17235824 0.50979056 0.26058328 0.05726792],0.007083125279329805
141,EAT5C_W34,POLPARTY,Other,[0.2584166  0.46791273 0.18959299 0.08407768],0.011602795685867749
142,EAT5C_W34,POLPARTY,Republican,[0.20008653 0.43491483 0.3056327  0.05936594],0.0020968485117952174
143,SCI2C_W34,POLPARTY,Democrat,[0.77306616 0.22693384],0.003627226490280972
144,SCI2C_W34,POLPARTY,Independent,[0.76201285 0.23798715],0.002373664109132279
145,SCI2C_W34,POLPARTY,Other,[0.61837764 0.38162236],0.00037396930005425573
146,SCI2C_W34,POLPARTY,Republican,[0.85139577 0.14860423],0.015777917856136525
147,EVOPERS3_W34,POLPARTY,Democrat,[0.40477142 0.43095035 0.16427823],0.019714358122207908
148,EVOPERS3_W34,POLPARTY,Independent,[0.40207253 0.46737919 0.13054828],0.017807782548580557
149,EVOPERS3_W34,POLPARTY,Other,[0.42004564 0.4486674  0.13128695],0.025026459666246108
150,EVOPERS3_W34,POLPARTY,Republican,[0.12161624 0.59480547 0.28357829],0.0
151,EAT3K_W34,POLPARTY,Democrat,[0.80935133 0.19064867],0.0
152,EAT3K_W34,POLPARTY,Independent,[0.75457268 0.24542732],0.0
153,EAT3K_W34,POLPARTY,Other,[0.69328221 0.30671779],0.0
154,EAT3K_W34,POLPARTY,Republican,[0.74865971 0.25134029],0.0
155,BIO15_W34,POLPARTY,Democrat,[0.68090497 0.31909503],0.005107821746470396
156,BIO15_W34,POLPARTY,Independent,[0.63947505 0.36052495],0.01173554447741422
157,BIO15_W34,POLPARTY,Other,[0.52784151 0.47215849],0.003791835160738531
158,BIO15_W34,POLPARTY,Republican,[0.67178257 0.32821743],0.0005643402135114065
159,EAT3F_W34,POLPARTY,Democrat,[0.60429232 0.39570768],0.0
160,EAT3F_W34,POLPARTY,Independent,[0.60468178 0.39531822],0.0
161,EAT3F_W34,POLPARTY,Other,[0.68258245 0.31741755],0.0
162,EAT3F_W34,POLPARTY,Republican,[0.62659142 0.37340858],0.0
163,G2_W34,POLPARTY,Democrat,[0.21021377 0.78978623],0.186366207813558
164,G2_W34,POLPARTY,Independent,[0.18807655 0.81192345],0.2046542429859111
165,G2_W34,POLPARTY,Other,[0.15327794 0.84672206],0.3402715567323473
166,G2_W34,POLPARTY,Republican,[0.14574293 0.85425707],0.14711907940747188
167,EAT3I_W34,POLPARTY,Democrat,[0.56662508 0.43337492],0.0
168,EAT3I_W34,POLPARTY,Independent,[0.56661732 0.43338268],0.0
169,EAT3I_W34,POLPARTY,Other,[0.57056244 0.42943756],0.0
170,EAT3I_W34,POLPARTY,Republican,[0.54894107 0.45105893],0.0
171,MED7_W34,POLPARTY,Democrat,[0.4044813 0.5955187],0.021035902566041664
172,MED7_W34,POLPARTY,Independent,[0.35511047 0.64488953],0.027594224594727757
173,MED7_W34,POLPARTY,Other,[0.43503066 0.56496934],0.01945021636262544
174,MED7_W34,POLPARTY,Republican,[0.18571356 0.81428644],0.004202677695122016
175,MED2D_W34,POLPARTY,Democrat,[0.86479535 0.12243931 0.01276534],0.003373558492988074
176,MED2D_W34,POLPARTY,Independent,[0.81246243 0.16841342 0.01912415],0.00967226741056749
177,MED2D_W34,POLPARTY,Other,[0.79664191 0.13167728 0.07168081],0.0
178,MED2D_W34,POLPARTY,Republican,[0.82110015 0.14231038 0.03658947],0.0
179,MED2A_W34,POLPARTY,Democrat,[0.39020965 0.48856002 0.12123034],0.006229151212746078
180,MED2A_W34,POLPARTY,Independent,[0.47858632 0.41695221 0.10446146],0.006810165392395054
181,MED2A_W34,POLPARTY,Other,[0.47477775 0.37682918 0.14839307],0.002127622191908525
182,MED2A_W34,POLPARTY,Republican,[0.5045294 0.3749415 0.1205291],0.004656512845405756
183,EVOTWO_W34,POLPARTY,Democrat,[0.74181657 0.25818343],0.18413439721185135
184,EVOTWO_W34,POLPARTY,Independent,[0.06230556 0.93769444],0.7410969681450388
185,EVOTWO_W34,POLPARTY,Other,[1. 0.],0.0586625993040569
186,EVOTWO_W34,POLPARTY,Republican,[0.19377945 0.80622055],0.0542866035322692
187,MED2B_W34,POLPARTY,Democrat,[0.6322909  0.33430132 0.03340778],0.0031172539240827577
188,MED2B_W34,POLPARTY,Independent,[0.74460624 0.22252974 0.03286403],0.006810165392395054
189,MED2B_W34,POLPARTY,Other,[0.63567215 0.2852016  0.07912625],0.013015862464228714
190,MED2B_W34,POLPARTY,Republican,[0.70085273 0.28624359 0.01290368],0.000823384665539623
191,EVOTHREE_W34,POLPARTY,Democrat,[0.66467476 0.33532524],0.02453698417594196
192,EVOTHREE_W34,POLPARTY,Independent,[0.60534737 0.39465263],0.03904948500456632
193,EVOTHREE_W34,POLPARTY,Other,[0.62153731 0.37846269],0.03932374024584453
194,EVOTHREE_W34,POLPARTY,Republican,[0.46414215 0.53585785],0.002940050439347103
195,MED1_W34,POLPARTY,Democrat,[0.55275442 0.44724558],0.011932987679572514
196,MED1_W34,POLPARTY,Independent,[0.48649694 0.51350306],0.027944262852439276
197,MED1_W34,POLPARTY,Other,[0.3809498 0.6190502],0.007839676965990012
198,MED1_W34,POLPARTY,Republican,[0.47512733 0.52487267],0.007521432076861776
199,EVOBIOA_W34,POLPARTY,Democrat,[0.80403985 0.19596015],0.17353897702176263
200,EVOBIOA_W34,POLPARTY,Independent,[0.84229924 0.15770076],0.21692099300163495
201,EVOBIOA_W34,POLPARTY,Other,[0.85376978 0.14623022],0.20983957543956158
202,EVOBIOA_W34,POLPARTY,Republican,[0.73599787 0.26400213],0.175221838345088
203,FUD37B_W34,POLPARTY,Democrat,[0.25206848 0.35211857 0.32351547 0.07229748],0.01161676493979829
204,FUD37B_W34,POLPARTY,Independent,[0.20835072 0.37791496 0.34688125 0.06685307],0.023319249502222694
205,FUD37B_W34,POLPARTY,Other,[0.27725486 0.34369068 0.26979481 0.10925965],0.006223777811782636
206,FUD37B_W34,POLPARTY,Republican,[0.23999206 0.34394742 0.35797857 0.05808195],0.007119773987678757
207,FUD35_W34,POLPARTY,Democrat,[0.24182261 0.39811468 0.28629401 0.0737687 ],0.001541574494719386
208,FUD35_W34,POLPARTY,Independent,[0.21056376 0.41690895 0.264665   0.1078623 ],0.006810165392395054
209,FUD35_W34,POLPARTY,Other,[0.21314914 0.37750233 0.24902549 0.16032304],0.008261202612878235
210,FUD35_W34,POLPARTY,Republican,[0.20357473 0.36358944 0.32997865 0.10285718],0.0012404197129023949
211,MED2E_W34,POLPARTY,Democrat,[0.41560682 0.49708935 0.08730383],0.011730891402158501
212,MED2E_W34,POLPARTY,Independent,[0.42144444 0.48088855 0.09766702],0.008808816357955445
213,MED2E_W34,POLPARTY,Other,[0.4020976  0.47904124 0.11886116],0.008762827312030076
214,MED2E_W34,POLPARTY,Republican,[0.45518324 0.47797913 0.06683763],0.005584668664619425
215,FUD24_W34,POLPARTY,Democrat,[0.47871087 0.02457331 0.49671582],0.00785839162467313
216,FUD24_W34,POLPARTY,Independent,[0.47767168 0.0329735  0.48935483],0.013700721933206697
217,FUD24_W34,POLPARTY,Other,[0.46821036 0.03125422 0.50053542],0.0008996275083857592
218,FUD24_W34,POLPARTY,Republican,[0.40356645 0.01783406 0.57859949],0.009586968398684757
219,EAT2_W34,POLPARTY,Democrat,[0.11223901 0.26686756 0.32621938 0.25582883 0.03884522],0.0010443926254498118
220,EAT2_W34,POLPARTY,Independent,[0.11638937 0.29363159 0.28351169 0.27921694 0.02725041],0.02137344525017247
221,EAT2_W34,POLPARTY,Other,[0.13819497 0.33175404 0.25947451 0.22201457 0.04856191],0.0
222,EAT2_W34,POLPARTY,Republican,[0.09516942 0.28964571 0.30985298 0.27654999 0.02878191],0.0009970986358370769
223,MED3_W34,POLPARTY,Democrat,[0.13084291 0.54988644 0.31927066],0.004633299141517266
224,MED3_W34,POLPARTY,Independent,[0.11555511 0.60173057 0.28271432],0.010350206928627937
225,MED3_W34,POLPARTY,Other,[0.16217654 0.49055723 0.34726622],0.014171333890795758
226,MED3_W34,POLPARTY,Republican,[0.0845143  0.56179612 0.35368959],0.004034610621379639
227,MED4B_W34,POLPARTY,Democrat,[0.76940266 0.23059734],0.007983689164350619
228,MED4B_W34,POLPARTY,Independent,[0.76144088 0.23855912],0.022240965398435845
229,MED4B_W34,POLPARTY,Other,[0.76221381 0.23778619],0.02401003191403248
230,MED4B_W34,POLPARTY,Republican,[0.61334908 0.38665092],0.012921387274867626
231,FUD32_W34,POLPARTY,Democrat,[0.26810494 0.57915012 0.15274495],0.0008213376278149426
232,FUD32_W34,POLPARTY,Independent,[0.33409075 0.5813917  0.08451755],0.007272850477267085
233,FUD32_W34,POLPARTY,Other,[0.32932571 0.51511753 0.15555676],0.0
234,FUD32_W34,POLPARTY,Republican,[0.23601695 0.62679585 0.1371872 ],0.005197865981741881
235,BIOTECHB_W34,POLPARTY,Democrat,[0.34447516 0.65552484],0.009900048443110165
236,BIOTECHB_W34,POLPARTY,Independent,[0.34101875 0.65898125],0.01310474774769611
237,BIOTECHB_W34,POLPARTY,Other,[0.40205936 0.59794064],0.005082679084267818
238,BIOTECHB_W34,POLPARTY,Republican,[0.23136863 0.76863137],0.010840903198264947
239,EAT3E_W34,POLPARTY,Democrat,[0.73804518 0.26195482],0.0
240,EAT3E_W34,POLPARTY,Independent,[0.79326518 0.20673482],0.0
241,EAT3E_W34,POLPARTY,Other,[0.75893313 0.24106687],0.0
242,EAT3E_W34,POLPARTY,Republican,[0.74738862 0.25261138],0.0
243,SCI4_W34,POLPARTY,Democrat,[0.76008016 0.23991984],0.011533019626767721
244,SCI4_W34,POLPARTY,Independent,[0.55869047 0.44130953],0.014078745792601889
245,SCI4_W34,POLPARTY,Other,[0.53649533 0.46350467],0.01008243874524896
246,SCI4_W34,POLPARTY,Republican,[0.36950368 0.63049632],0.012833106847402348
247,SCI1_W34,POLPARTY,Democrat,[0.91942764 0.08057236],0.005972437141115586
248,SCI1_W34,POLPARTY,Independent,[0.90141384 0.09858616],0.002141685811070739
249,SCI1_W34,POLPARTY,Other,[0.87463775 0.12536225],0.0
250,SCI1_W34,POLPARTY,Republican,[0.90525221 0.09474779],0.014849362192369452
251,EVOBIOB_W34,POLPARTY,Democrat,[0.49314356 0.50685644],0.03208260651145312
252,EVOBIOB_W34,POLPARTY,Independent,[0.72005914 0.27994086],0.13145836601758157
253,EVOBIOB_W34,POLPARTY,Other,[0.66710541 0.33289459],0.15062438507381481
254,EVOBIOB_W34,POLPARTY,Republican,[0.53117317 0.46882683],0.0613527330216767
255,BIOTECHE_W34,POLPARTY,Democrat,[0.21029428 0.78970572],0.01150605349455314
256,BIOTECHE_W34,POLPARTY,Independent,[0.24358464 0.75641536],0.0227638051229151
257,BIOTECHE_W34,POLPARTY,Other,[0.26202131 0.73797869],0.0048903883217443255
258,BIOTECHE_W34,POLPARTY,Republican,[0.16296584 0.83703416],0.005191272721059041
259,MED2F_W34,POLPARTY,Democrat,[0.56229613 0.39391731 0.04378656],0.007125025182277978
260,MED2F_W34,POLPARTY,Independent,[0.58911396 0.36556559 0.04532045],0.007104758384459281
261,MED2F_W34,POLPARTY,Other,[0.63160619 0.30382441 0.0645694 ],0.0040219484325815695
262,MED2F_W34,POLPARTY,Republican,[0.59244208 0.36945655 0.03810137],0.0
263,MED2C_W34,POLPARTY,Democrat,[0.43973728 0.46942432 0.0908384 ],0.006632098929193429
264,MED2C_W34,POLPARTY,Independent,[0.43556771 0.46890083 0.09553146],0.01497173253308849
265,MED2C_W34,POLPARTY,Other,[0.49263245 0.40253503 0.10483252],0.0021276221919085247
266,MED2C_W34,POLPARTY,Republican,[0.42752429 0.49106978 0.08140593],0.004043558660573369
0,MED4A_W34,INCOME,"$100,000 or more",[0.17955879 0.82044121],0.004466539860447854
1,MED4A_W34,INCOME,"$30,000-$50,000",[0.15795284 0.84204716],0.004029830480091249
2,MED4A_W34,INCOME,"$50,000-$75,000",[0.19862444 0.80137556],0.00705887120146287
3,MED4A_W34,INCOME,"$75,000-$100,000",[0.15004326 0.84995674],0.0004597606122003749
4,MED4A_W34,INCOME,"Less than $30,000",[0.22839711 0.77160289],0.017984770238580677
5,EAT3J_W34,INCOME,"$100,000 or more",[0.9097235 0.0902765],0.0
6,EAT3J_W34,INCOME,"$30,000-$50,000",[0.87270126 0.12729874],0.0
7,EAT3J_W34,INCOME,"$50,000-$75,000",[0.90501922 0.09498078],0.0
8,EAT3J_W34,INCOME,"$75,000-$100,000",[0.90973793 0.09026207],0.0
9,EAT3J_W34,INCOME,"Less than $30,000",[0.87171583 0.12828417],0.0
10,EAT3G_W34,INCOME,"$100,000 or more",[0.63046639 0.36953361],0.0
11,EAT3G_W34,INCOME,"$30,000-$50,000",[0.69679353 0.30320647],0.0
12,EAT3G_W34,INCOME,"$50,000-$75,000",[0.64687611 0.35312389],0.0
13,EAT3G_W34,INCOME,"$75,000-$100,000",[0.66883073 0.33116927],0.0
14,EAT3G_W34,INCOME,"Less than $30,000",[0.69331375 0.30668625],0.0
15,MED2G_W34,INCOME,"$100,000 or more",[0.45243714 0.45610862 0.09145424],0.0018370001640357245
16,MED2G_W34,INCOME,"$30,000-$50,000",[0.54698489 0.34649322 0.1065219 ],0.010368786558060917
17,MED2G_W34,INCOME,"$50,000-$75,000",[0.46889159 0.39279007 0.13831835],0.005049487744984273
18,MED2G_W34,INCOME,"$75,000-$100,000",[0.42425303 0.49816913 0.07757784],0.0012165257260364595
19,MED2G_W34,INCOME,"Less than $30,000",[0.50545986 0.38045914 0.114081  ],0.015918552681575455
20,MED6C_W34,INCOME,"$100,000 or more",[0.44324446 0.41318208 0.12662489 0.01694857],0.0
21,MED6C_W34,INCOME,"$30,000-$50,000",[0.50147322 0.31628509 0.1454518  0.03678989],0.007948450734575651
22,MED6C_W34,INCOME,"$50,000-$75,000",[0.49587128 0.39227388 0.09437552 0.01747932],0.0
23,MED6C_W34,INCOME,"$75,000-$100,000",[0.41157471 0.47850808 0.10424108 0.00567613],0.0
24,MED6C_W34,INCOME,"Less than $30,000",[0.44327104 0.37901296 0.12253664 0.05517936],0.011278825844392566
25,BIOTECHC_W34,INCOME,"$100,000 or more",[0.76877065 0.23122935],0.011324895932052976
26,BIOTECHC_W34,INCOME,"$30,000-$50,000",[0.72304705 0.27695295],0.0019002182135587735
27,BIOTECHC_W34,INCOME,"$50,000-$75,000",[0.75608841 0.24391159],0.0047298908769686536
28,BIOTECHC_W34,INCOME,"$75,000-$100,000",[0.66590748 0.33409252],0.0074999985717429715
29,BIOTECHC_W34,INCOME,"Less than $30,000",[0.65634369 0.34365631],0.023063797537419238
30,BIOTECHD_W34,INCOME,"$100,000 or more",[0.70923402 0.29076598],0.027318886160301325
31,BIOTECHD_W34,INCOME,"$30,000-$50,000",[0.53245266 0.46754734],0.01501138587655919
32,BIOTECHD_W34,INCOME,"$50,000-$75,000",[0.6243903 0.3756097],0.006645742744143196
33,BIOTECHD_W34,INCOME,"$75,000-$100,000",[0.68216979 0.31783021],0.004879861011611257
34,BIOTECHD_W34,INCOME,"Less than $30,000",[0.50194369 0.49805631],0.021768211288697364
35,MED6D_W34,INCOME,"$100,000 or more",[0.56870601 0.31970362 0.09621868 0.01537169],0.005699906853918082
36,MED6D_W34,INCOME,"$30,000-$50,000",[0.57261535 0.31075771 0.06017988 0.05644707],0.007051871530597503
37,MED6D_W34,INCOME,"$50,000-$75,000",[0.61683908 0.27270617 0.08698523 0.02346953],0.0009769149068617144
38,MED6D_W34,INCOME,"$75,000-$100,000",[0.60640725 0.28704994 0.08658989 0.01995293],0.0
39,MED6D_W34,INCOME,"Less than $30,000",[0.55879264 0.29091566 0.09908841 0.05120329],0.012303446252994205
40,EVOPERS3A_W34,INCOME,"$30,000-$50,000",[1. 0. 0.],0.28045737590526554
41,EVOPERS3A_W34,INCOME,"$50,000-$75,000",[0. 1. 0.],0.8860820847302487
42,EVOPERS3A_W34,INCOME,"$75,000-$100,000",[0. 0. 1.],0.9402501776514252
43,EVOPERS3A_W34,INCOME,"Less than $30,000",[0.        0.9081696 0.0918304],0.6837505402533383
44,EAT6_W34,INCOME,"$100,000 or more",[0.41356711 0.58643289],0.009846534670403152
45,EAT6_W34,INCOME,"$30,000-$50,000",[0.53977472 0.46022528],0.0026123753359409236
46,EAT6_W34,INCOME,"$50,000-$75,000",[0.49086092 0.50913908],0.014058336879242194
47,EAT6_W34,INCOME,"$75,000-$100,000",[0.44924587 0.55075413],0.005228656891086559
48,EAT6_W34,INCOME,"Less than $30,000",[0.57289272 0.42710728],0.03417810578214957
49,SCI3C_W34,INCOME,"$100,000 or more",[0.75823479 0.24176521],0.0
50,SCI3C_W34,INCOME,"$30,000-$50,000",[0.77374843 0.22625157],0.014998620728979232
51,SCI3C_W34,INCOME,"$50,000-$75,000",[0.85213287 0.14786713],0.020430831403288194
52,SCI3C_W34,INCOME,"$75,000-$100,000",[0.77437924 0.22562076],0.012984044775805052
53,SCI3C_W34,INCOME,"Less than $30,000",[0.84071992 0.15928008],0.011484470267971187
54,EAT1_W34,INCOME,"$100,000 or more",[0.12175138 0.46278488 0.28834721 0.10586981 0.02124672],0.0
55,EAT1_W34,INCOME,"$30,000-$50,000",[0.10457901 0.34035478 0.35126906 0.19105059 0.01274655],0.0028506172624545166
56,EAT1_W34,INCOME,"$50,000-$75,000",[0.07856384 0.39638668 0.33797876 0.18176791 0.00530281],0.0
57,EAT1_W34,INCOME,"$75,000-$100,000",[0.07715576 0.39573756 0.37351305 0.12329445 0.03029918],0.0
58,EAT1_W34,INCOME,"Less than $30,000",[0.14825345 0.30404523 0.32385334 0.16750002 0.05634796],0.007396869157627639
59,FUD37A_W34,INCOME,"$100,000 or more",[0.31702798 0.42252009 0.21928726 0.04116467],0.0
60,FUD37A_W34,INCOME,"$30,000-$50,000",[0.23708306 0.33635766 0.36605874 0.06050054],0.0046326113465058796
61,FUD37A_W34,INCOME,"$50,000-$75,000",[0.23887407 0.43194355 0.29325317 0.03592922],0.007281269006360288
62,FUD37A_W34,INCOME,"$75,000-$100,000",[0.2424067  0.43442843 0.26820284 0.05496203],0.0036973724628866053
63,FUD37A_W34,INCOME,"Less than $30,000",[0.23869586 0.35859646 0.32420142 0.07850626],0.016987460396249675
64,MED4C_W34,INCOME,"$100,000 or more",[0.6893265 0.3106735],0.011663062914497471
65,MED4C_W34,INCOME,"$30,000-$50,000",[0.60570249 0.39429751],0.005056350935821576
66,MED4C_W34,INCOME,"$50,000-$75,000",[0.60485945 0.39514055],0.010932328992903827
67,MED4C_W34,INCOME,"$75,000-$100,000",[0.62512371 0.37487629],0.002095796711346007
68,MED4C_W34,INCOME,"Less than $30,000",[0.5706703 0.4293297],0.03495233631019149
69,SCI3A_W34,INCOME,"$100,000 or more",[0.81033425 0.18966575],0.004163622765016888
70,SCI3A_W34,INCOME,"$30,000-$50,000",[0.78669828 0.21330172],0.0027533508755927345
71,SCI3A_W34,INCOME,"$50,000-$75,000",[0.80682833 0.19317167],0.00910433975274051
72,SCI3A_W34,INCOME,"$75,000-$100,000",[0.78584882 0.21415118],0.02349054863867857
73,SCI3A_W34,INCOME,"Less than $30,000",[0.74256165 0.25743835],0.01729703105957894
74,MED6A_W34,INCOME,"$100,000 or more",[0.53759421 0.35327436 0.08319417 0.02593727],0.0007337594816685957
75,MED6A_W34,INCOME,"$30,000-$50,000",[0.59372967 0.26145758 0.1130674  0.03174535],0.008996187532292305
76,MED6A_W34,INCOME,"$50,000-$75,000",[0.59899898 0.32334202 0.07187314 0.00578586],0.0
77,MED6A_W34,INCOME,"$75,000-$100,000",[0.57142564 0.34960728 0.07363614 0.00533095],0.0004794501348596834
78,MED6A_W34,INCOME,"Less than $30,000",[0.49881938 0.33100853 0.10601032 0.06416176],0.018249013584163646
79,G1_W34,INCOME,"$100,000 or more",[0.30562231 0.69437769],0.3863582613998524
80,G1_W34,INCOME,"$30,000-$50,000",[0.36260323 0.63739677],0.3125231826235237
81,G1_W34,INCOME,"$50,000-$75,000",[0.38445701 0.61554299],0.34412931579133926
82,G1_W34,INCOME,"$75,000-$100,000",[0.46899707 0.53100293],0.4133555909023326
83,G1_W34,INCOME,"Less than $30,000",[0.43397231 0.56602769],0.31921973323173436
84,MED6B_W34,INCOME,"$100,000 or more",[0.1905896 0.5746814 0.1961791 0.0385499],0.003007011882830124
85,MED6B_W34,INCOME,"$30,000-$50,000",[0.13195415 0.49290086 0.30610422 0.06904077],0.015930217677240604
86,MED6B_W34,INCOME,"$50,000-$75,000",[0.16066723 0.49501446 0.28874434 0.05557397],0.0024080252243214697
87,MED6B_W34,INCOME,"$75,000-$100,000",[0.14372253 0.55550799 0.25378972 0.04697976],0.004649218130286775
88,MED6B_W34,INCOME,"Less than $30,000",[0.17768996 0.43104023 0.27662096 0.11464885],0.018576670279590667
89,MED6E_W34,INCOME,"$100,000 or more",[0.19666455 0.51799589 0.22992506 0.0554145 ],0.0036256621306590005
90,MED6E_W34,INCOME,"$30,000-$50,000",[0.17933742 0.41120194 0.33348232 0.07597832],0.017405101318147417
91,MED6E_W34,INCOME,"$50,000-$75,000",[0.19501258 0.39147926 0.34258423 0.07092394],0.0
92,MED6E_W34,INCOME,"$75,000-$100,000",[0.19879041 0.47320131 0.23257977 0.0954285 ],0.012603648820230833
93,MED6E_W34,INCOME,"Less than $30,000",[0.18188093 0.39695643 0.33262601 0.08853662],0.013365637276608618
94,EAT5D_W34,INCOME,"$100,000 or more",[0.17955186 0.58844302 0.19488718 0.03711793],0.0
95,EAT5D_W34,INCOME,"$30,000-$50,000",[0.31675728 0.50160554 0.14419621 0.03744097],0.0014112653575635368
96,EAT5D_W34,INCOME,"$50,000-$75,000",[0.24144322 0.51354007 0.2141039  0.03091281],0.0012598836022406355
97,EAT5D_W34,INCOME,"$75,000-$100,000",[0.2379009  0.56500089 0.17889415 0.01820405],0.0007709472987755553
98,EAT5D_W34,INCOME,"Less than $30,000",[0.29182138 0.48557443 0.17657928 0.0460249 ],0.006489760728864796
99,EAT5B_W34,INCOME,"$100,000 or more",[0.23052552 0.50495493 0.21698264 0.04753691],0.0033375580062465853
100,EAT5B_W34,INCOME,"$30,000-$50,000",[0.36058307 0.48377094 0.13184268 0.02380331],0.001304703838279705
101,EAT5B_W34,INCOME,"$50,000-$75,000",[0.26035507 0.52137539 0.1675472  0.05072234],0.0
102,EAT5B_W34,INCOME,"$75,000-$100,000",[0.2229258  0.59910163 0.15438323 0.02358935],0.0007709472987755551
103,EAT5B_W34,INCOME,"Less than $30,000",[0.39216579 0.41389998 0.14895688 0.04497735],0.006489760728864796
104,EVOONE_W34,INCOME,"$100,000 or more",[0.85891338 0.14108662],0.019388516120641144
105,EVOONE_W34,INCOME,"$30,000-$50,000",[0.65387511 0.34612489],0.027297550701846172
106,EVOONE_W34,INCOME,"$50,000-$75,000",[0.652034 0.347966],0.007125374565319709
107,EVOONE_W34,INCOME,"$75,000-$100,000",[0.81153524 0.18846476],0.005203031988189538
108,EVOONE_W34,INCOME,"Less than $30,000",[0.59992506 0.40007494],0.022846131955780252
109,BIOTECHA_W34,INCOME,"$100,000 or more",[0.55599166 0.44400834],0.008591971646111881
110,BIOTECHA_W34,INCOME,"$30,000-$50,000",[0.42268232 0.57731768],0.01060340180106544
111,BIOTECHA_W34,INCOME,"$50,000-$75,000",[0.47043726 0.52956274],0.006415196068805027
112,BIOTECHA_W34,INCOME,"$75,000-$100,000",[0.44351582 0.55648418],0.015641854319162263
113,BIOTECHA_W34,INCOME,"Less than $30,000",[0.39351072 0.60648928],0.02123478697519357
114,FUD37C_W34,INCOME,"$100,000 or more",[0.15311634 0.33063045 0.4359548  0.08029841],0.0025625302055856934
115,FUD37C_W34,INCOME,"$30,000-$50,000",[0.243429   0.3577554  0.35594972 0.04286588],0.010513757230140513
116,FUD37C_W34,INCOME,"$50,000-$75,000",[0.16342275 0.37020217 0.39799713 0.06837795],0.007875688266767761
117,FUD37C_W34,INCOME,"$75,000-$100,000",[0.18413143 0.33535938 0.43135014 0.04915906],0.00854281754516706
118,FUD37C_W34,INCOME,"Less than $30,000",[0.26843281 0.36217809 0.30934404 0.06004505],0.016951864711298628
119,MED5_W34,INCOME,"$100,000 or more",[0.04720412 0.29014602 0.53535565 0.1272942 ],0.013340409871796785
120,MED5_W34,INCOME,"$30,000-$50,000",[0.07321    0.29956109 0.46221001 0.1650189 ],0.006152025489567846
121,MED5_W34,INCOME,"$50,000-$75,000",[0.06490858 0.252193   0.47096156 0.21193686],0.005250327447481996
122,MED5_W34,INCOME,"$75,000-$100,000",[0.06682643 0.31085997 0.47610979 0.14620381],0.004659841726473956
123,MED5_W34,INCOME,"Less than $30,000",[0.09387465 0.31746684 0.39453112 0.19412738],0.012740467515419579
124,EAT3H_W34,INCOME,"$100,000 or more",[0.72359377 0.27640623],0.0
125,EAT3H_W34,INCOME,"$30,000-$50,000",[0.75204542 0.24795458],0.0
126,EAT3H_W34,INCOME,"$50,000-$75,000",[0.73022719 0.26977281],0.0
127,EAT3H_W34,INCOME,"$75,000-$100,000",[0.70615344 0.29384656],0.0
128,EAT3H_W34,INCOME,"Less than $30,000",[0.72563687 0.27436313],0.0
129,SCI3B_W34,INCOME,"$100,000 or more",[0.81095237 0.18904763],0.0013284030537729886
130,SCI3B_W34,INCOME,"$30,000-$50,000",[0.80596189 0.19403811],0.005551240424850352
131,SCI3B_W34,INCOME,"$50,000-$75,000",[0.82798549 0.17201451],0.004400348045469612
132,SCI3B_W34,INCOME,"$75,000-$100,000",[0.83487216 0.16512784],0.013717367479175997
133,SCI3B_W34,INCOME,"Less than $30,000",[0.79330577 0.20669423],0.0132370295616375
134,SCI5_W34,INCOME,"$100,000 or more",[0.62584696 0.37415304],0.015742967930521698
135,SCI5_W34,INCOME,"$30,000-$50,000",[0.47955462 0.52044538],0.02199696799214463
136,SCI5_W34,INCOME,"$50,000-$75,000",[0.51494693 0.48505307],0.002653210972056335
137,SCI5_W34,INCOME,"$75,000-$100,000",[0.49052432 0.50947568],0.005055830015713085
138,SCI5_W34,INCOME,"Less than $30,000",[0.38796085 0.61203915],0.01578831121095606
139,FUD37D_W34,INCOME,"$100,000 or more",[0.41239995 0.45433418 0.10816667 0.0250992 ],0.0
140,FUD37D_W34,INCOME,"$30,000-$50,000",[0.28268302 0.47720686 0.18585358 0.05425654],0.009104283388955357
141,FUD37D_W34,INCOME,"$50,000-$75,000",[0.32617906 0.47053383 0.1811205  0.02216661],0.007380138936848786
142,FUD37D_W34,INCOME,"$75,000-$100,000",[0.3307515  0.46098602 0.18451988 0.0237426 ],0.003217922328026921
143,FUD37D_W34,INCOME,"Less than $30,000",[0.2826596  0.426562   0.22923279 0.06154561],0.01643710674938595
144,FUD33B_W34,INCOME,"$100,000 or more",[0.04131203 0.38757265 0.57111531],0.003701163483480168
145,FUD33B_W34,INCOME,"$30,000-$50,000",[0.06631385 0.43385847 0.49982767],0.050547506034927345
146,FUD33B_W34,INCOME,"$50,000-$75,000",[0.04122573 0.43518121 0.52359307],0.04792848661352081
147,FUD33B_W34,INCOME,"$75,000-$100,000",[0.         0.29909401 0.70090599],0.0
148,FUD33B_W34,INCOME,"Less than $30,000",[0.03906754 0.28406549 0.67686697],0.05113108558685669
149,FUD33A_W34,INCOME,"$100,000 or more",[0.02355504 0.43190399 0.54454097],0.22134450280618587
150,FUD33A_W34,INCOME,"$30,000-$50,000",[0.05834207 0.62089628 0.32076165],0.25963674665544106
151,FUD33A_W34,INCOME,"$50,000-$75,000",[0.04550813 0.54852716 0.40596471],0.2413550381647535
152,FUD33A_W34,INCOME,"$75,000-$100,000",[0.03352637 0.50577365 0.46069998],0.2069836757400502
153,FUD33A_W34,INCOME,"Less than $30,000",[0.08587853 0.57603592 0.33808556],0.3312938134438287
154,FUD22_W34,INCOME,"$100,000 or more",[0.09929257 0.3819071  0.4257478  0.09305252],0.007282453937404802
155,FUD22_W34,INCOME,"$30,000-$50,000",[0.04360933 0.30702384 0.46911353 0.1802533 ],0.003125073537085031
156,FUD22_W34,INCOME,"$50,000-$75,000",[0.0534265  0.33032757 0.45456041 0.16168552],0.003046724900807599
157,FUD22_W34,INCOME,"$75,000-$100,000",[0.05455183 0.37209633 0.46409176 0.10926008],0.0
158,FUD22_W34,INCOME,"Less than $30,000",[0.07115801 0.2660005  0.39827485 0.26456665],0.01138686698087893
159,EAT5A_W34,INCOME,"$100,000 or more",[0.22331652 0.51110139 0.22268866 0.04289343],0.00025921373831106685
160,EAT5A_W34,INCOME,"$30,000-$50,000",[0.34492379 0.48350113 0.15716987 0.01440521],0.0
161,EAT5A_W34,INCOME,"$50,000-$75,000",[0.2382567  0.5031373  0.21439608 0.04420991],0.0
162,EAT5A_W34,INCOME,"$75,000-$100,000",[0.20925998 0.62097137 0.14523924 0.02452942],0.0
163,EAT5A_W34,INCOME,"Less than $30,000",[0.40107118 0.4165679  0.1465689  0.03579202],0.007423918281565733
164,SCI2B_W34,INCOME,"$100,000 or more",[0.95257806 0.04742194],0.0018370001640357245
165,SCI2B_W34,INCOME,"$30,000-$50,000",[0.91560228 0.08439772],0.0068312223408433315
166,SCI2B_W34,INCOME,"$50,000-$75,000",[0.94192737 0.05807263],0.00455350440072636
167,SCI2B_W34,INCOME,"$75,000-$100,000",[0.94562011 0.05437989],0.0
168,SCI2B_W34,INCOME,"Less than $30,000",[0.84469431 0.15530569],0.007319348498758463
169,SCI2A_W34,INCOME,"$100,000 or more",[0.78432656 0.21567344],0.001376797803513886
170,SCI2A_W34,INCOME,"$30,000-$50,000",[0.6649147 0.3350853],0.01553998028721276
171,SCI2A_W34,INCOME,"$50,000-$75,000",[0.7307812 0.2692188],0.0018655500761056122
172,SCI2A_W34,INCOME,"$75,000-$100,000",[0.77767717 0.22232283],0.0
173,SCI2A_W34,INCOME,"Less than $30,000",[0.65629063 0.34370937],0.005382261990458879
174,EAT5C_W34,INCOME,"$100,000 or more",[0.13453491 0.48162934 0.31145934 0.07237641],0.003107031174829454
175,EAT5C_W34,INCOME,"$30,000-$50,000",[0.23994744 0.4676039  0.2431422  0.04930646],0.0
176,EAT5C_W34,INCOME,"$50,000-$75,000",[0.15182075 0.50748747 0.27489559 0.06579619],0.0
177,EAT5C_W34,INCOME,"$75,000-$100,000",[0.15196205 0.53615916 0.27812897 0.03374982],0.0026039322244520787
178,EAT5C_W34,INCOME,"Less than $30,000",[0.25659856 0.46458311 0.2153534  0.06346493],0.006489760728864796
179,SCI2C_W34,INCOME,"$100,000 or more",[0.81694692 0.18305308],0.004537796046593466
180,SCI2C_W34,INCOME,"$30,000-$50,000",[0.78522958 0.21477042],0.004830027265854922
181,SCI2C_W34,INCOME,"$50,000-$75,000",[0.81613782 0.18386218],0.011115673713631277
182,SCI2C_W34,INCOME,"$75,000-$100,000",[0.78380482 0.21619518],0.0
183,SCI2C_W34,INCOME,"Less than $30,000",[0.69462056 0.30537944],0.006394413949382049
184,EVOPERS3_W34,INCOME,"$100,000 or more",[0.44204797 0.45735439 0.10059763],0.010170798698867575
185,EVOPERS3_W34,INCOME,"$30,000-$50,000",[0.31790776 0.49138796 0.19070427],0.029993925759756644
186,EVOPERS3_W34,INCOME,"$50,000-$75,000",[0.28517049 0.56719467 0.14763484],0.004886207039925319
187,EVOPERS3_W34,INCOME,"$75,000-$100,000",[0.40347781 0.31701837 0.27950382],0.011982641886876666
188,EVOPERS3_W34,INCOME,"Less than $30,000",[0.28746651 0.50937071 0.20316279],0.012356077702506187
189,EAT3K_W34,INCOME,"$100,000 or more",[0.76565355 0.23434645],0.0
190,EAT3K_W34,INCOME,"$30,000-$50,000",[0.73264625 0.26735375],0.0
191,EAT3K_W34,INCOME,"$50,000-$75,000",[0.78963655 0.21036345],0.0
192,EAT3K_W34,INCOME,"$75,000-$100,000",[0.80216213 0.19783787],0.0
193,EAT3K_W34,INCOME,"Less than $30,000",[0.74579761 0.25420239],0.0
194,BIO15_W34,INCOME,"$100,000 or more",[0.6242209 0.3757791],0.005927446305854327
195,BIO15_W34,INCOME,"$30,000-$50,000",[0.63871015 0.36128985],0.0
196,BIO15_W34,INCOME,"$50,000-$75,000",[0.65316465 0.34683535],0.0008254980509635899
197,BIO15_W34,INCOME,"$75,000-$100,000",[0.76501259 0.23498741],0.0021070631632266737
198,BIO15_W34,INCOME,"Less than $30,000",[0.62171724 0.37828276],0.011998583687905956
199,EAT3F_W34,INCOME,"$100,000 or more",[0.54093194 0.45906806],0.0
200,EAT3F_W34,INCOME,"$30,000-$50,000",[0.66876834 0.33123166],0.0
201,EAT3F_W34,INCOME,"$50,000-$75,000",[0.60276043 0.39723957],0.0
202,EAT3F_W34,INCOME,"$75,000-$100,000",[0.5565137 0.4434863],0.0
203,EAT3F_W34,INCOME,"Less than $30,000",[0.6796483 0.3203517],0.0
204,G2_W34,INCOME,"$100,000 or more",[0.2761518 0.7238482],0.14750140611945825
205,G2_W34,INCOME,"$30,000-$50,000",[0.1321459 0.8678541],0.16392256583876444
206,G2_W34,INCOME,"$50,000-$75,000",[0.16538991 0.83461009],0.1386352273878773
207,G2_W34,INCOME,"$75,000-$100,000",[0.2082159 0.7917841],0.22098030846520242
208,G2_W34,INCOME,"Less than $30,000",[0.15263085 0.84736915],0.27958285431165253
209,EAT3I_W34,INCOME,"$100,000 or more",[0.50556214 0.49443786],0.0
210,EAT3I_W34,INCOME,"$30,000-$50,000",[0.60806216 0.39193784],0.0
211,EAT3I_W34,INCOME,"$50,000-$75,000",[0.46868228 0.53131772],0.0
212,EAT3I_W34,INCOME,"$75,000-$100,000",[0.52788552 0.47211448],0.0
213,EAT3I_W34,INCOME,"Less than $30,000",[0.62633941 0.37366059],0.0
214,MED7_W34,INCOME,"$100,000 or more",[0.39613598 0.60386402],0.01834550541745932
215,MED7_W34,INCOME,"$30,000-$50,000",[0.29455822 0.70544178],0.005908270381917934
216,MED7_W34,INCOME,"$50,000-$75,000",[0.38242499 0.61757501],0.0193000376410783
217,MED7_W34,INCOME,"$75,000-$100,000",[0.387028 0.612972],0.006909276896511863
218,MED7_W34,INCOME,"Less than $30,000",[0.31396783 0.68603217],0.021488639294282474
219,MED2D_W34,INCOME,"$100,000 or more",[0.85214588 0.13744034 0.01041378],0.0012866670555371886
220,MED2D_W34,INCOME,"$30,000-$50,000",[0.82160562 0.12926399 0.04913039],0.0007220916962001344
221,MED2D_W34,INCOME,"$50,000-$75,000",[0.84841226 0.13143546 0.02015228],0.0
222,MED2D_W34,INCOME,"$75,000-$100,000",[0.82302506 0.17006467 0.00691027],0.0
223,MED2D_W34,INCOME,"Less than $30,000",[0.81323993 0.1456813  0.04107878],0.010494228863795061
224,MED2A_W34,INCOME,"$100,000 or more",[0.4318899  0.45276602 0.11534407],0.0024515579765620583
225,MED2A_W34,INCOME,"$30,000-$50,000",[0.49162285 0.39159025 0.1167869 ],0.0026601787274592556
226,MED2A_W34,INCOME,"$50,000-$75,000",[0.44157588 0.44723482 0.1111893 ],0.0
227,MED2A_W34,INCOME,"$75,000-$100,000",[0.4106387  0.46797731 0.12138399],0.0
228,MED2A_W34,INCOME,"Less than $30,000",[0.4595032  0.40841898 0.13207782],0.01371078465167596
229,EVOTWO_W34,INCOME,"$100,000 or more",[1. 0.],0.7441895457437961
230,EVOTWO_W34,INCOME,"$30,000-$50,000",[0. 1.],0.15989547930308795
231,EVOTWO_W34,INCOME,"$50,000-$75,000",[0.49278916 0.50721084],0.0
232,EVOTWO_W34,INCOME,"$75,000-$100,000",[0.78218857 0.21781143],0.20429271478390165
233,EVOTWO_W34,INCOME,"Less than $30,000",[0.71495514 0.28504486],0.03471559716888157
234,MED2B_W34,INCOME,"$100,000 or more",[0.67534334 0.28743529 0.03722138],0.0
235,MED2B_W34,INCOME,"$30,000-$50,000",[0.68586512 0.29147804 0.02265683],0.01106218346092512
236,MED2B_W34,INCOME,"$50,000-$75,000",[0.70395801 0.28485942 0.01118257],0.0
237,MED2B_W34,INCOME,"$75,000-$100,000",[0.67352089 0.3119366  0.01454251],0.0
238,MED2B_W34,INCOME,"Less than $30,000",[0.66699583 0.27313165 0.05987252],0.008679796252091775
239,EVOTHREE_W34,INCOME,"$100,000 or more",[0.62524473 0.37475527],0.035216104932050185
240,EVOTHREE_W34,INCOME,"$30,000-$50,000",[0.6503569 0.3496431],0.015312378398455902
241,EVOTHREE_W34,INCOME,"$50,000-$75,000",[0.66704915 0.33295085],0.02785253742843734
242,EVOTHREE_W34,INCOME,"$75,000-$100,000",[0.69861133 0.30138867],0.00990951748738115
243,EVOTHREE_W34,INCOME,"Less than $30,000",[0.51589115 0.48410885],0.01947492199064135
244,MED1_W34,INCOME,"$100,000 or more",[0.62138014 0.37861986],0.004034980524867781
245,MED1_W34,INCOME,"$30,000-$50,000",[0.48017773 0.51982227],0.011101650796046242
246,MED1_W34,INCOME,"$50,000-$75,000",[0.50905898 0.49094102],0.008743115765347908
247,MED1_W34,INCOME,"$75,000-$100,000",[0.52937554 0.47062446],0.0004794501348596834
248,MED1_W34,INCOME,"Less than $30,000",[0.40887548 0.59112452],0.03148831040795173
249,EVOBIOA_W34,INCOME,"$100,000 or more",[0.95220494 0.04779506],0.08610827816777825
250,EVOBIOA_W34,INCOME,"$30,000-$50,000",[0.74603381 0.25396619],0.17939940566249774
251,EVOBIOA_W34,INCOME,"$50,000-$75,000",[0.88641902 0.11358098],0.15497168437417888
252,EVOBIOA_W34,INCOME,"$75,000-$100,000",[0.84936917 0.15063083],0.11052166155914657
253,EVOBIOA_W34,INCOME,"Less than $30,000",[0.68373736 0.31626264],0.2817933343467262
254,FUD37B_W34,INCOME,"$100,000 or more",[0.15253596 0.25760309 0.48468107 0.10517988],0.013318233151440107
255,FUD37B_W34,INCOME,"$30,000-$50,000",[0.25902682 0.3841615  0.30530902 0.05150266],0.005384767147110203
256,FUD37B_W34,INCOME,"$50,000-$75,000",[0.19538684 0.41618158 0.30943084 0.07900074],0.011189407024873185
257,FUD37B_W34,INCOME,"$75,000-$100,000",[0.17062958 0.35415648 0.3991017  0.07611225],0.0043059289451431336
258,FUD37B_W34,INCOME,"Less than $30,000",[0.32165468 0.34791635 0.26600971 0.06441927],0.020341345681948148
259,FUD35_W34,INCOME,"$100,000 or more",[0.1758316  0.38520209 0.3392614  0.0997049 ],0.0060547591707921485
260,FUD35_W34,INCOME,"$30,000-$50,000",[0.24312097 0.39770716 0.29027409 0.06889778],0.0
261,FUD35_W34,INCOME,"$50,000-$75,000",[0.2176815  0.42154853 0.28475403 0.07601593],0.0
262,FUD35_W34,INCOME,"$75,000-$100,000",[0.16068569 0.4102865  0.35208394 0.07694388],0.001555281933949732
263,FUD35_W34,INCOME,"Less than $30,000",[0.23668675 0.37085606 0.24629887 0.14615832],0.008267268941327819
264,MED2E_W34,INCOME,"$100,000 or more",[0.31875922 0.55810409 0.12313669],0.0031132351447220124
265,MED2E_W34,INCOME,"$30,000-$50,000",[0.46251249 0.43880204 0.09868547],0.005584937943727803
266,MED2E_W34,INCOME,"$50,000-$75,000",[0.37837448 0.5525134  0.06911212],0.0
267,MED2E_W34,INCOME,"$75,000-$100,000",[0.36137279 0.54782534 0.09080186],0.002010238876376549
268,MED2E_W34,INCOME,"Less than $30,000",[0.4893483  0.42955795 0.08109375],0.021201096962948758
269,FUD24_W34,INCOME,"$100,000 or more",[0.51052722 0.01401371 0.47545907],0.0010215212501440251
270,FUD24_W34,INCOME,"$30,000-$50,000",[0.44226211 0.01959592 0.53814197],0.005310165640479151
271,FUD24_W34,INCOME,"$50,000-$75,000",[0.44380044 0.03421869 0.52198087],0.003477386737543164
272,FUD24_W34,INCOME,"$75,000-$100,000",[0.43539846 0.01045148 0.55415006],0.005514087835816267
273,FUD24_W34,INCOME,"Less than $30,000",[0.44923971 0.033579   0.51718129],0.015868120902880645
274,EAT2_W34,INCOME,"$100,000 or more",[0.07084786 0.2219384  0.32270465 0.34713458 0.03737452],0.0
275,EAT2_W34,INCOME,"$30,000-$50,000",[0.10796493 0.33057744 0.33076343 0.21611433 0.01457986],0.0019134199792105917
276,EAT2_W34,INCOME,"$50,000-$75,000",[0.10162947 0.29372271 0.29032749 0.27836391 0.03595643],0.0
277,EAT2_W34,INCOME,"$75,000-$100,000",[0.02553801 0.29822186 0.3502123  0.30572867 0.02029916],0.0
278,EAT2_W34,INCOME,"Less than $30,000",[0.17929903 0.3084657  0.26228197 0.20356489 0.04638841],0.01383578599109835
279,MED3_W34,INCOME,"$100,000 or more",[0.11625578 0.6286726  0.25507162],0.0
280,MED3_W34,INCOME,"$30,000-$50,000",[0.12074904 0.55713757 0.32211339],0.0002521344543599825
281,MED3_W34,INCOME,"$50,000-$75,000",[0.09491548 0.61155026 0.29353426],0.0
282,MED3_W34,INCOME,"$75,000-$100,000",[0.12826778 0.56613935 0.30559287],0.0028113238694366357
283,MED3_W34,INCOME,"Less than $30,000",[0.12504715 0.50548104 0.36947181],0.021450151710007432
284,MED4B_W34,INCOME,"$100,000 or more",[0.85053427 0.14946573],0.00621803956150245
285,MED4B_W34,INCOME,"$30,000-$50,000",[0.70961742 0.29038258],0.017297362390079556
286,MED4B_W34,INCOME,"$50,000-$75,000",[0.76866108 0.23133892],0.00041879499289668994
287,MED4B_W34,INCOME,"$75,000-$100,000",[0.80021342 0.19978658],0.0038302255020882586
288,MED4B_W34,INCOME,"Less than $30,000",[0.63669601 0.36330399],0.02085091877788016
289,FUD32_W34,INCOME,"$100,000 or more",[0.37483485 0.5729317  0.05223345],0.003814048041905758
290,FUD32_W34,INCOME,"$30,000-$50,000",[0.29640005 0.54564581 0.15795414],0.0
291,FUD32_W34,INCOME,"$50,000-$75,000",[0.27557341 0.62634616 0.09808043],0.004568922861747019
292,FUD32_W34,INCOME,"$75,000-$100,000",[0.30467323 0.61486482 0.08046194],0.0
293,FUD32_W34,INCOME,"Less than $30,000",[0.23913345 0.57448703 0.18637952],0.006489760728864795
294,BIOTECHB_W34,INCOME,"$100,000 or more",[0.34174514 0.65825486],0.006238606072264459
295,BIOTECHB_W34,INCOME,"$30,000-$50,000",[0.31201397 0.68798603],0.01257708767311368
296,BIOTECHB_W34,INCOME,"$50,000-$75,000",[0.38428398 0.61571602],0.0005016461138311871
297,BIOTECHB_W34,INCOME,"$75,000-$100,000",[0.36391557 0.63608443],0.0017182006912262306
298,BIOTECHB_W34,INCOME,"Less than $30,000",[0.29602158 0.70397842],0.01956847961272109
299,EAT3E_W34,INCOME,"$100,000 or more",[0.82011238 0.17988762],0.0
300,EAT3E_W34,INCOME,"$30,000-$50,000",[0.76468886 0.23531114],0.0
301,EAT3E_W34,INCOME,"$50,000-$75,000",[0.79790136 0.20209864],0.0
302,EAT3E_W34,INCOME,"$75,000-$100,000",[0.78911067 0.21088933],0.0
303,EAT3E_W34,INCOME,"Less than $30,000",[0.70991209 0.29008791],0.0
304,SCI4_W34,INCOME,"$100,000 or more",[0.62256196 0.37743804],0.00121952030566351
305,SCI4_W34,INCOME,"$30,000-$50,000",[0.55127755 0.44872245],0.005838712375944708
306,SCI4_W34,INCOME,"$50,000-$75,000",[0.55478507 0.44521493],0.0028520872594670114
307,SCI4_W34,INCOME,"$75,000-$100,000",[0.61738539 0.38261461],0.006107606790710123
308,SCI4_W34,INCOME,"Less than $30,000",[0.55663091 0.44336909],0.013108157120773322
309,SCI1_W34,INCOME,"$100,000 or more",[0.94877028 0.05122972],0.0006966460232176605
310,SCI1_W34,INCOME,"$30,000-$50,000",[0.91247315 0.08752685],0.00012901444819027948
311,SCI1_W34,INCOME,"$50,000-$75,000",[0.97935564 0.02064436],0.009182840976594147
312,SCI1_W34,INCOME,"$75,000-$100,000",[0.94939179 0.05060821],0.0004794501348596834
313,SCI1_W34,INCOME,"Less than $30,000",[0.82967891 0.17032109],0.013221837271912083
314,EVOBIOB_W34,INCOME,"$100,000 or more",[0.79678897 0.20321103],0.10572772194836715
315,EVOBIOB_W34,INCOME,"$30,000-$50,000",[0.5990547 0.4009453],0.017051278966241062
316,EVOBIOB_W34,INCOME,"$50,000-$75,000",[0.53327537 0.46672463],0.03352784267385693
317,EVOBIOB_W34,INCOME,"$75,000-$100,000",[0.53669756 0.46330244],0.07842242818554439
318,EVOBIOB_W34,INCOME,"Less than $30,000",[0.60176926 0.39823074],0.09510266152828264
319,BIOTECHE_W34,INCOME,"$100,000 or more",[0.25651595 0.74348405],0.012819423327005206
320,BIOTECHE_W34,INCOME,"$30,000-$50,000",[0.17685589 0.82314411],0.00410331891516698
321,BIOTECHE_W34,INCOME,"$50,000-$75,000",[0.21416882 0.78583118],0.011225641858441361
322,BIOTECHE_W34,INCOME,"$75,000-$100,000",[0.23598247 0.76401753],0.0004794501348596834
323,BIOTECHE_W34,INCOME,"Less than $30,000",[0.21928397 0.78071603],0.01663505211970471
324,MED2F_W34,INCOME,"$100,000 or more",[0.47093524 0.45880669 0.07025807],0.0016247629819345646
325,MED2F_W34,INCOME,"$30,000-$50,000",[0.58850153 0.36481937 0.0466791 ],0.005237570522241695
326,MED2F_W34,INCOME,"$50,000-$75,000",[0.60972776 0.3642404  0.02603185],0.00016163562228341559
327,MED2F_W34,INCOME,"$75,000-$100,000",[0.52664321 0.44164825 0.03170854],0.0
328,MED2F_W34,INCOME,"Less than $30,000",[0.65853885 0.29152553 0.04993562],0.009613953804792711
329,MED2C_W34,INCOME,"$100,000 or more",[0.27481346 0.58534301 0.13984353],0.0013284030537729886
330,MED2C_W34,INCOME,"$30,000-$50,000",[0.4847061  0.43340664 0.08188726],0.0
331,MED2C_W34,INCOME,"$50,000-$75,000",[0.38108453 0.54530072 0.07361475],0.0
332,MED2C_W34,INCOME,"$75,000-$100,000",[0.35837847 0.55807871 0.08354283],0.00566116781794338
333,MED2C_W34,INCOME,"Less than $30,000",[0.55674547 0.35609432 0.0871602 ],0.015333051019629559
0,MED4A_W34,POLIDEOLOGY,Conservative,[0.15887946 0.84112054],0.022364041370728154
1,MED4A_W34,POLIDEOLOGY,Liberal,[0.18836622 0.81163378],0.01325385131499951
2,MED4A_W34,POLIDEOLOGY,Moderate,[0.20321486 0.79678514],0.00461099602846719
3,MED4A_W34,POLIDEOLOGY,Very conservative,[0.10803059 0.89196941],0.0038205303743436645
4,MED4A_W34,POLIDEOLOGY,Very liberal,[0.29971402 0.70028598],0.0019530835763211184
5,EAT3J_W34,POLIDEOLOGY,Conservative,[0.88418655 0.11581345],0.0
6,EAT3J_W34,POLIDEOLOGY,Liberal,[0.89900429 0.10099571],0.0
7,EAT3J_W34,POLIDEOLOGY,Moderate,[0.8877977 0.1122023],0.0
8,EAT3J_W34,POLIDEOLOGY,Very conservative,[0.86194142 0.13805858],0.0
9,EAT3J_W34,POLIDEOLOGY,Very liberal,[0.88979117 0.11020883],0.0
10,EAT3G_W34,POLIDEOLOGY,Conservative,[0.71250926 0.28749074],0.0
11,EAT3G_W34,POLIDEOLOGY,Liberal,[0.73838809 0.26161191],0.0
12,EAT3G_W34,POLIDEOLOGY,Moderate,[0.63302111 0.36697889],0.0
13,EAT3G_W34,POLIDEOLOGY,Very conservative,[0.66637698 0.33362302],0.0
14,EAT3G_W34,POLIDEOLOGY,Very liberal,[0.57362581 0.42637419],0.0
15,MED2G_W34,POLIDEOLOGY,Conservative,[0.51826478 0.41335631 0.06837891],0.00459885885193709
16,MED2G_W34,POLIDEOLOGY,Liberal,[0.4186231  0.45472949 0.12664741],0.011456180883389613
17,MED2G_W34,POLIDEOLOGY,Moderate,[0.50768377 0.37685142 0.1154648 ],0.0065076234905177156
18,MED2G_W34,POLIDEOLOGY,Very conservative,[0.6692179  0.21480294 0.11597915],0.009869387904867733
19,MED2G_W34,POLIDEOLOGY,Very liberal,[0.36509871 0.50863445 0.12626683],0.009594731916136886
20,MED6C_W34,POLIDEOLOGY,Conservative,[0.43429281 0.39400082 0.1462418  0.02546457],0.0013262263667697541
21,MED6C_W34,POLIDEOLOGY,Liberal,[0.44006952 0.39130292 0.13018485 0.03844272],0.010705262478090075
22,MED6C_W34,POLIDEOLOGY,Moderate,[0.43883545 0.43285643 0.1046241  0.02368402],0.0033025201392788183
23,MED6C_W34,POLIDEOLOGY,Very conservative,[0.62536089 0.18869311 0.09645422 0.08949178],0.015327504777900442
24,MED6C_W34,POLIDEOLOGY,Very liberal,[0.49672033 0.38184912 0.10994484 0.01148571],0.002804616999672759
25,BIOTECHC_W34,POLIDEOLOGY,Conservative,[0.72192099 0.27807901],0.012682441595344606
26,BIOTECHC_W34,POLIDEOLOGY,Liberal,[0.77433412 0.22566588],0.020109296955384673
27,BIOTECHC_W34,POLIDEOLOGY,Moderate,[0.69179878 0.30820122],0.009801287677919364
28,BIOTECHC_W34,POLIDEOLOGY,Very conservative,[0.66834315 0.33165685],0.010558974660574814
29,BIOTECHC_W34,POLIDEOLOGY,Very liberal,[0.67096064 0.32903936],0.004830301812673044
30,BIOTECHD_W34,POLIDEOLOGY,Conservative,[0.56695787 0.43304213],0.026554147396639898
31,BIOTECHD_W34,POLIDEOLOGY,Liberal,[0.63019135 0.36980865],0.01958084985790865
32,BIOTECHD_W34,POLIDEOLOGY,Moderate,[0.57662831 0.42337169],0.009131390465579849
33,BIOTECHD_W34,POLIDEOLOGY,Very conservative,[0.45505788 0.54494212],0.008344215720792511
34,BIOTECHD_W34,POLIDEOLOGY,Very liberal,[0.67666425 0.32333575],0.01741059653816063
35,MED6D_W34,POLIDEOLOGY,Conservative,[0.48145467 0.35397534 0.13252322 0.03204677],0.001384638855799335
36,MED6D_W34,POLIDEOLOGY,Liberal,[0.64958305 0.26224915 0.06153942 0.02662838],0.014945472798445754
37,MED6D_W34,POLIDEOLOGY,Moderate,[0.60389427 0.29427142 0.07351965 0.02831466],0.004377497827670161
38,MED6D_W34,POLIDEOLOGY,Very conservative,[0.54480366 0.25457668 0.08941658 0.11120308],0.011290446545321877
39,MED6D_W34,POLIDEOLOGY,Very liberal,[0.63720404 0.2739178  0.06272061 0.02615755],0.009174460408563958
40,EVOPERS3A_W34,POLIDEOLOGY,Conservative,[0. 0. 1.],0.8950778763312578
41,EVOPERS3A_W34,POLIDEOLOGY,Liberal,[0. 1. 0.],0.5599079661535064
42,EVOPERS3A_W34,POLIDEOLOGY,Moderate,[0.96264591 0.02068837 0.01666572],0.22998965162534143
43,EVOPERS3A_W34,POLIDEOLOGY,Very liberal,[0. 0. 1.],0.0
44,EAT6_W34,POLIDEOLOGY,Conservative,[0.41852672 0.58147328],0.020018635765398227
45,EAT6_W34,POLIDEOLOGY,Liberal,[0.52723617 0.47276383],0.04004212368774223
46,EAT6_W34,POLIDEOLOGY,Moderate,[0.52196554 0.47803446],0.007546563192181974
47,EAT6_W34,POLIDEOLOGY,Very conservative,[0.61953382 0.38046618],0.005658751959731589
48,EAT6_W34,POLIDEOLOGY,Very liberal,[0.5189614 0.4810386],0.01448012343261693
49,SCI3C_W34,POLIDEOLOGY,Conservative,[0.71685789 0.28314211],0.025786720179502443
50,SCI3C_W34,POLIDEOLOGY,Liberal,[0.8670011 0.1329989],0.004846684010403971
51,SCI3C_W34,POLIDEOLOGY,Moderate,[0.87375645 0.12624355],0.0038646768839687264
52,SCI3C_W34,POLIDEOLOGY,Very conservative,[0.5871651 0.4128349],0.014097494069141197
53,SCI3C_W34,POLIDEOLOGY,Very liberal,[0.87609221 0.12390779],0.0
54,EAT1_W34,POLIDEOLOGY,Conservative,[0.10537367 0.36588256 0.35137444 0.13377916 0.04359016],0.0
55,EAT1_W34,POLIDEOLOGY,Liberal,[0.10418126 0.37706886 0.34633177 0.16238508 0.01003303],0.010705262478090075
56,EAT1_W34,POLIDEOLOGY,Moderate,[0.1098191  0.34049083 0.33910209 0.17998885 0.03059913],0.0008125694948285083
57,EAT1_W34,POLIDEOLOGY,Very conservative,[0.12963089 0.3863533  0.30957021 0.1249426  0.049503  ],0.0
58,EAT1_W34,POLIDEOLOGY,Very liberal,[0.13924092 0.448274   0.25589369 0.13780674 0.01878466],0.007357855435516881
59,FUD37A_W34,POLIDEOLOGY,Conservative,[0.21572702 0.37918504 0.34648843 0.05859951],0.0037781840271768883
60,FUD37A_W34,POLIDEOLOGY,Liberal,[0.28163273 0.41852301 0.26230672 0.03753754],0.01084316229360037
61,FUD37A_W34,POLIDEOLOGY,Moderate,[0.25545545 0.34789691 0.32953977 0.06710787],0.005804783132287409
62,FUD37A_W34,POLIDEOLOGY,Very conservative,[0.22832678 0.40254951 0.27526232 0.09386139],0.01696960470053096
63,FUD37A_W34,POLIDEOLOGY,Very liberal,[0.29536424 0.46733145 0.17939767 0.05790664],0.020178741654753522
64,MED4C_W34,POLIDEOLOGY,Conservative,[0.54313678 0.45686322],0.015707959031931597
65,MED4C_W34,POLIDEOLOGY,Liberal,[0.73172679 0.26827321],0.026908661019877496
66,MED4C_W34,POLIDEOLOGY,Moderate,[0.61777324 0.38222676],0.0034678710532619742
67,MED4C_W34,POLIDEOLOGY,Very conservative,[0.32360101 0.67639899],0.0019940145363152354
68,MED4C_W34,POLIDEOLOGY,Very liberal,[0.75864957 0.24135043],0.04501437800991329
69,SCI3A_W34,POLIDEOLOGY,Conservative,[0.6673954 0.3326046],0.012131915589924804
70,SCI3A_W34,POLIDEOLOGY,Liberal,[0.91794781 0.08205219],0.0033775814986226993
71,SCI3A_W34,POLIDEOLOGY,Moderate,[0.79707661 0.20292339],0.00671550296399818
72,SCI3A_W34,POLIDEOLOGY,Very conservative,[0.56188902 0.43811098],0.02132542161138313
73,SCI3A_W34,POLIDEOLOGY,Very liberal,[0.90999616 0.09000384],0.03468924972664894
74,MED6A_W34,POLIDEOLOGY,Conservative,[0.52349146 0.32957748 0.13512071 0.01181035],0.0035410361720175604
75,MED6A_W34,POLIDEOLOGY,Liberal,[0.52998777 0.33623437 0.09932386 0.034454  ],0.013466814512930667
76,MED6A_W34,POLIDEOLOGY,Moderate,[0.56674337 0.32691779 0.06748926 0.03884958],0.006114605556266486
77,MED6A_W34,POLIDEOLOGY,Very conservative,[0.66189777 0.20983246 0.05968467 0.06858511],0.0005897992068267032
78,MED6A_W34,POLIDEOLOGY,Very liberal,[0.51774921 0.3563486  0.09716172 0.02874046],0.013302575382498445
79,G1_W34,POLIDEOLOGY,Conservative,[0.35354515 0.64645485],0.3579051041402031
80,G1_W34,POLIDEOLOGY,Liberal,[0.36939034 0.63060966],0.34550301521925847
81,G1_W34,POLIDEOLOGY,Moderate,[0.41103547 0.58896453],0.3375714997194378
82,G1_W34,POLIDEOLOGY,Very conservative,[0.36610874 0.63389126],0.3236954506421191
83,G1_W34,POLIDEOLOGY,Very liberal,[0.46402057 0.53597943],0.3717332780162559
84,MED6B_W34,POLIDEOLOGY,Conservative,[0.11313783 0.50455911 0.31984924 0.06245382],0.02076334879726681
85,MED6B_W34,POLIDEOLOGY,Liberal,[0.20473371 0.51566113 0.22225874 0.05734642],0.012210733003228978
86,MED6B_W34,POLIDEOLOGY,Moderate,[0.16810116 0.50157461 0.25427489 0.07604935],0.006925226878965457
87,MED6B_W34,POLIDEOLOGY,Very conservative,[0.08116502 0.33504817 0.37339087 0.21039594],0.015248967852015547
88,MED6B_W34,POLIDEOLOGY,Very liberal,[0.23799093 0.53235031 0.20387332 0.02578544],0.0065433748742370354
89,MED6E_W34,POLIDEOLOGY,Conservative,[0.14800141 0.43769968 0.32983283 0.08446608],0.014856404823148789
90,MED6E_W34,POLIDEOLOGY,Liberal,[0.22995609 0.44450162 0.2783851  0.04715719],0.010705262478090075
91,MED6E_W34,POLIDEOLOGY,Moderate,[0.1951324  0.4476264  0.28246996 0.07477125],0.005045942171084211
92,MED6E_W34,POLIDEOLOGY,Very conservative,[0.09647675 0.2914454  0.39700101 0.21507684],0.02202251375968292
93,MED6E_W34,POLIDEOLOGY,Very liberal,[0.24099609 0.46648871 0.25197644 0.04053876],0.0051623293216904904
94,EAT5D_W34,POLIDEOLOGY,Conservative,[0.22829236 0.54105919 0.20605057 0.02459789],0.0003803572067985385
95,EAT5D_W34,POLIDEOLOGY,Liberal,[0.2590447  0.5514695  0.16250806 0.02697774],0.014834122765818452
96,EAT5D_W34,POLIDEOLOGY,Moderate,[0.27075542 0.53944978 0.16292636 0.02686844],0.001808933191883179
97,EAT5D_W34,POLIDEOLOGY,Very conservative,[0.34176882 0.39170006 0.15609825 0.11043287],0.0
98,EAT5D_W34,POLIDEOLOGY,Very liberal,[0.23938967 0.51437048 0.20767155 0.0385683 ],0.0019530835763211184
99,EAT5B_W34,POLIDEOLOGY,Conservative,[0.24035613 0.50091437 0.2283366  0.0303929 ],0.0006614758764779343
100,EAT5B_W34,POLIDEOLOGY,Liberal,[0.31752944 0.53634992 0.11339137 0.03272927],0.013813433094986036
101,EAT5B_W34,POLIDEOLOGY,Moderate,[0.3449545  0.46765038 0.15421779 0.03317733],0.001279668782973743
102,EAT5B_W34,POLIDEOLOGY,Very conservative,[0.42156653 0.32336545 0.14729307 0.10777494],0.0
103,EAT5B_W34,POLIDEOLOGY,Very liberal,[0.33114631 0.50656021 0.13942621 0.02286727],0.0019530835763211189
104,EVOONE_W34,POLIDEOLOGY,Conservative,[0.58872207 0.41127793],0.03426023251247265
105,EVOONE_W34,POLIDEOLOGY,Liberal,[0.86055635 0.13944365],0.0
106,EVOONE_W34,POLIDEOLOGY,Moderate,[0.67903523 0.32096477],0.019739542541407498
107,EVOONE_W34,POLIDEOLOGY,Very conservative,[0.45237842 0.54762158],0.060572176702472384
108,EVOONE_W34,POLIDEOLOGY,Very liberal,[0.890272 0.109728],0.00730107324339014
109,BIOTECHA_W34,POLIDEOLOGY,Conservative,[0.43972481 0.56027519],0.017267616286207998
110,BIOTECHA_W34,POLIDEOLOGY,Liberal,[0.51232544 0.48767456],0.02888175077706344
111,BIOTECHA_W34,POLIDEOLOGY,Moderate,[0.43807358 0.56192642],0.006574943175657104
112,BIOTECHA_W34,POLIDEOLOGY,Very conservative,[0.29869745 0.70130255],0.0012303919383788674
113,BIOTECHA_W34,POLIDEOLOGY,Very liberal,[0.47651397 0.52348603],0.02237357788717522
114,FUD37C_W34,POLIDEOLOGY,Conservative,[0.1644019  0.32134909 0.41920678 0.09504222],0.005702339351919461
115,FUD37C_W34,POLIDEOLOGY,Liberal,[0.21117193 0.43315438 0.2879958  0.06767789],0.016607401328965356
116,FUD37C_W34,POLIDEOLOGY,Moderate,[0.22837297 0.34333759 0.39064043 0.03764901],0.0058024140160177545
117,FUD37C_W34,POLIDEOLOGY,Very conservative,[0.29350518 0.30481529 0.3206516  0.08102793],0.014629687453926173
118,FUD37C_W34,POLIDEOLOGY,Very liberal,[0.22912909 0.39979832 0.35193329 0.0191393 ],0.018330353216620677
119,MED5_W34,POLIDEOLOGY,Conservative,[0.0730022  0.28977069 0.50267018 0.13455692],0.006357396091528817
120,MED5_W34,POLIDEOLOGY,Liberal,[0.07846507 0.28977179 0.4846086  0.14715454],0.027300600624647252
121,MED5_W34,POLIDEOLOGY,Moderate,[0.0643379  0.31790405 0.44033325 0.1774248 ],0.0037463249856305634
122,MED5_W34,POLIDEOLOGY,Very conservative,[0.07500155 0.19881119 0.33685687 0.38933039],0.014944613044361642
123,MED5_W34,POLIDEOLOGY,Very liberal,[0.10329856 0.31743157 0.46261276 0.11665711],0.00797635546377759
124,EAT3H_W34,POLIDEOLOGY,Conservative,[0.7571406 0.2428594],0.0
125,EAT3H_W34,POLIDEOLOGY,Liberal,[0.75534115 0.24465885],0.0
126,EAT3H_W34,POLIDEOLOGY,Moderate,[0.70728911 0.29271089],0.0
127,EAT3H_W34,POLIDEOLOGY,Very conservative,[0.73458203 0.26541797],0.0
128,EAT3H_W34,POLIDEOLOGY,Very liberal,[0.65926409 0.34073591],0.0
129,SCI3B_W34,POLIDEOLOGY,Conservative,[0.72659287 0.27340713],0.009183951249842965
130,SCI3B_W34,POLIDEOLOGY,Liberal,[0.86926721 0.13073279],0.009358919461176424
131,SCI3B_W34,POLIDEOLOGY,Moderate,[0.85121148 0.14878852],0.0050478151168770954
132,SCI3B_W34,POLIDEOLOGY,Very conservative,[0.62891417 0.37108583],0.031537632919583745
133,SCI3B_W34,POLIDEOLOGY,Very liberal,[0.88906076 0.11093924],0.0
134,SCI5_W34,POLIDEOLOGY,Conservative,[0.5156519 0.4843481],0.02807546696828845
135,SCI5_W34,POLIDEOLOGY,Liberal,[0.47155997 0.52844003],0.022931541129161955
136,SCI5_W34,POLIDEOLOGY,Moderate,[0.46861579 0.53138421],0.0072872146504716845
137,SCI5_W34,POLIDEOLOGY,Very conservative,[0.52977226 0.47022774],0.013956724496015366
138,SCI5_W34,POLIDEOLOGY,Very liberal,[0.42462881 0.57537119],0.012107655923881067
139,FUD37D_W34,POLIDEOLOGY,Conservative,[0.29077466 0.46867662 0.20874642 0.03180231],0.003617458361871385
140,FUD37D_W34,POLIDEOLOGY,Liberal,[0.352324   0.4624659  0.15032418 0.03488591],0.017041522691947853
141,FUD37D_W34,POLIDEOLOGY,Moderate,[0.3002459  0.45822178 0.19784379 0.04368854],0.0054986944540355315
142,FUD37D_W34,POLIDEOLOGY,Very conservative,[0.31877342 0.42257379 0.16797834 0.09067445],0.023180263531729813
143,FUD37D_W34,POLIDEOLOGY,Very liberal,[0.37194532 0.43147679 0.15550942 0.04106847],0.008427766181499558
144,FUD33B_W34,POLIDEOLOGY,Conservative,[0.05797109 0.38947089 0.55255802],0.016255706433460606
145,FUD33B_W34,POLIDEOLOGY,Liberal,[0.04352784 0.33307371 0.62339845],0.057925165477604616
146,FUD33B_W34,POLIDEOLOGY,Moderate,[0.05609982 0.31914653 0.62475365],0.027298598269489896
147,FUD33B_W34,POLIDEOLOGY,Very conservative,[0.01262096 0.39805124 0.5893278 ],0.11255328876929101
148,FUD33B_W34,POLIDEOLOGY,Very liberal,[0.01270177 0.30692917 0.68036906],0.015549443499021829
149,FUD33A_W34,POLIDEOLOGY,Conservative,[0.04172206 0.53398458 0.42429337],0.2744627848148721
150,FUD33A_W34,POLIDEOLOGY,Liberal,[0.06400428 0.53469404 0.40130168],0.25970126471256266
151,FUD33A_W34,POLIDEOLOGY,Moderate,[0.06488332 0.57564261 0.35947407],0.2814852810424684
152,FUD33A_W34,POLIDEOLOGY,Very conservative,[0.01444893 0.6461183  0.33943277],0.2773972499098561
153,FUD33A_W34,POLIDEOLOGY,Very liberal,[0.06464694 0.40212808 0.53322498],0.214421122471515
154,FUD22_W34,POLIDEOLOGY,Conservative,[0.03579456 0.30276969 0.49191755 0.1695182 ],0.004204678847535045
155,FUD22_W34,POLIDEOLOGY,Liberal,[0.06932761 0.32340204 0.48848357 0.11878679],0.012828043747384794
156,FUD22_W34,POLIDEOLOGY,Moderate,[0.0564239  0.30911714 0.4369722  0.19748676],0.00044351306268082633
157,FUD22_W34,POLIDEOLOGY,Very conservative,[0.11438426 0.29400025 0.3196057  0.27200978],0.017754746051218205
158,FUD22_W34,POLIDEOLOGY,Very liberal,[0.11030752 0.41190333 0.32045712 0.15733202],0.0019530835763211184
159,EAT5A_W34,POLIDEOLOGY,Conservative,[0.29452929 0.47186534 0.20374576 0.02985962],0.00019294323242879366
160,EAT5A_W34,POLIDEOLOGY,Liberal,[0.29905752 0.51314676 0.16207704 0.02571869],0.010705262478090078
161,EAT5A_W34,POLIDEOLOGY,Moderate,[0.31211232 0.50506259 0.15971534 0.02310976],0.0007661759218833116
162,EAT5A_W34,POLIDEOLOGY,Very conservative,[0.41869165 0.30817241 0.20198085 0.0711551 ],0.0
163,EAT5A_W34,POLIDEOLOGY,Very liberal,[0.30722343 0.529896   0.13628494 0.02659564],0.0019530835763211184
164,SCI2B_W34,POLIDEOLOGY,Conservative,[0.92780957 0.07219043],0.009599423043454956
165,SCI2B_W34,POLIDEOLOGY,Liberal,[0.92055042 0.07944958],0.003224686235326906
166,SCI2B_W34,POLIDEOLOGY,Moderate,[0.90361158 0.09638842],0.004619084501637454
167,SCI2B_W34,POLIDEOLOGY,Very conservative,[0.80228331 0.19771669],0.023194286201437844
168,SCI2B_W34,POLIDEOLOGY,Very liberal,[0.96840128 0.03159872],0.005404771859195762
169,SCI2A_W34,POLIDEOLOGY,Conservative,[0.73447872 0.26552128],0.010863478025413063
170,SCI2A_W34,POLIDEOLOGY,Liberal,[0.73411905 0.26588095],0.002903375036709268
171,SCI2A_W34,POLIDEOLOGY,Moderate,[0.6823882 0.3176118],0.0009479235208880826
172,SCI2A_W34,POLIDEOLOGY,Very conservative,[0.59609938 0.40390062],0.022393163809136443
173,SCI2A_W34,POLIDEOLOGY,Very liberal,[0.80986886 0.19013114],0.0
174,EAT5C_W34,POLIDEOLOGY,Conservative,[0.18446425 0.45272867 0.31100985 0.05179723],0.002226003637800826
175,EAT5C_W34,POLIDEOLOGY,Liberal,[0.192519   0.49042286 0.27693179 0.04012636],0.011540751744682996
176,EAT5C_W34,POLIDEOLOGY,Moderate,[0.20608939 0.50834333 0.23419184 0.05137544],0.0017224974891238384
177,EAT5C_W34,POLIDEOLOGY,Very conservative,[0.24076045 0.48900017 0.17404132 0.09619805],0.0005897992068267032
178,EAT5C_W34,POLIDEOLOGY,Very liberal,[0.22037474 0.48444598 0.22653975 0.06863953],0.0019530835763211184
179,SCI2C_W34,POLIDEOLOGY,Conservative,[0.79502379 0.20497621],0.0067490767927112704
180,SCI2C_W34,POLIDEOLOGY,Liberal,[0.76833072 0.23166928],0.0029033750367092677
181,SCI2C_W34,POLIDEOLOGY,Moderate,[0.75386727 0.24613273],0.0008468529619776905
182,SCI2C_W34,POLIDEOLOGY,Very conservative,[0.73370529 0.26629471],0.030357322772314534
183,SCI2C_W34,POLIDEOLOGY,Very liberal,[0.77488753 0.22511247],0.005404771859195762
184,EVOPERS3_W34,POLIDEOLOGY,Conservative,[0.12697362 0.52845112 0.34457527],0.012563254474917136
185,EVOPERS3_W34,POLIDEOLOGY,Liberal,[0.45278562 0.45516083 0.09205355],0.017485692964015653
186,EVOPERS3_W34,POLIDEOLOGY,Moderate,[0.34747687 0.55101773 0.1015054 ],0.01640776696252898
187,EVOPERS3_W34,POLIDEOLOGY,Very conservative,[0.10330269 0.56209028 0.33460703],0.0
188,EVOPERS3_W34,POLIDEOLOGY,Very liberal,[0.72392683 0.18959992 0.08647326],0.0010228771997803472
189,EAT3K_W34,POLIDEOLOGY,Conservative,[0.73790665 0.26209335],0.0
190,EAT3K_W34,POLIDEOLOGY,Liberal,[0.74021829 0.25978171],0.0
191,EAT3K_W34,POLIDEOLOGY,Moderate,[0.76731988 0.23268012],0.0
192,EAT3K_W34,POLIDEOLOGY,Very conservative,[0.78186935 0.21813065],0.0
193,EAT3K_W34,POLIDEOLOGY,Very liberal,[0.81310334 0.18689666],0.0
194,BIO15_W34,POLIDEOLOGY,Conservative,[0.6567193 0.3432807],0.0005629089637436724
195,BIO15_W34,POLIDEOLOGY,Liberal,[0.69275572 0.30724428],0.011408742907260001
196,BIO15_W34,POLIDEOLOGY,Moderate,[0.6079993 0.3920007],0.005111752636583996
197,BIO15_W34,POLIDEOLOGY,Very conservative,[0.68159372 0.31840628],0.004095606503894063
198,BIO15_W34,POLIDEOLOGY,Very liberal,[0.6314334 0.3685666],0.0029793757272925016
199,EAT3F_W34,POLIDEOLOGY,Conservative,[0.61611266 0.38388734],0.0
200,EAT3F_W34,POLIDEOLOGY,Liberal,[0.65907719 0.34092281],0.0
201,EAT3F_W34,POLIDEOLOGY,Moderate,[0.63404219 0.36595781],0.0
202,EAT3F_W34,POLIDEOLOGY,Very conservative,[0.59367071 0.40632929],0.0
203,EAT3F_W34,POLIDEOLOGY,Very liberal,[0.54953973 0.45046027],0.0
204,G2_W34,POLIDEOLOGY,Conservative,[0.12740324 0.87259676],0.19795100727280626
205,G2_W34,POLIDEOLOGY,Liberal,[0.21882389 0.78117611],0.2047020577948665
206,G2_W34,POLIDEOLOGY,Moderate,[0.17977964 0.82022036],0.20442298663819053
207,G2_W34,POLIDEOLOGY,Very conservative,[0.18487773 0.81512227],0.13374748711343848
208,G2_W34,POLIDEOLOGY,Very liberal,[0.21619433 0.78380567],0.21749509082955615
209,EAT3I_W34,POLIDEOLOGY,Conservative,[0.5780414 0.4219586],0.0
210,EAT3I_W34,POLIDEOLOGY,Liberal,[0.63750687 0.36249313],0.0
211,EAT3I_W34,POLIDEOLOGY,Moderate,[0.54413658 0.45586342],0.0
212,EAT3I_W34,POLIDEOLOGY,Very conservative,[0.55604046 0.44395954],0.0
213,EAT3I_W34,POLIDEOLOGY,Very liberal,[0.43630173 0.56369827],0.0
214,MED7_W34,POLIDEOLOGY,Conservative,[0.22677219 0.77322781],0.0027621718682942185
215,MED7_W34,POLIDEOLOGY,Liberal,[0.48328112 0.51671888],0.023565361311960107
216,MED7_W34,POLIDEOLOGY,Moderate,[0.321124 0.678876],0.01534958145902614
217,MED7_W34,POLIDEOLOGY,Very conservative,[0.09470049 0.90529951],0.016309036735809832
218,MED7_W34,POLIDEOLOGY,Very liberal,[0.64912443 0.35087557],0.024862813216390896
219,MED2D_W34,POLIDEOLOGY,Conservative,[0.81114036 0.16166768 0.02719196],0.000957718145544697
220,MED2D_W34,POLIDEOLOGY,Liberal,[0.81743031 0.15550636 0.02706332],0.011477085425707946
221,MED2D_W34,POLIDEOLOGY,Moderate,[0.8557385  0.12475361 0.01950788],0.0016253322579119931
222,MED2D_W34,POLIDEOLOGY,Very conservative,[0.7550543  0.18402843 0.06091727],0.0
223,MED2D_W34,POLIDEOLOGY,Very liberal,[0.88879421 0.08519198 0.0260138 ],0.0019530835763211184
224,MED2A_W34,POLIDEOLOGY,Conservative,[0.49449343 0.39787046 0.10763612],0.003086766387190292
225,MED2A_W34,POLIDEOLOGY,Liberal,[0.37031527 0.46435875 0.16532598],0.011277582279484737
226,MED2A_W34,POLIDEOLOGY,Moderate,[0.47641506 0.41347459 0.11011035],0.002846989412118944
227,MED2A_W34,POLIDEOLOGY,Very conservative,[0.55485054 0.3054233  0.13972616],0.004709896919984626
228,MED2A_W34,POLIDEOLOGY,Very liberal,[0.37593751 0.52345634 0.10060615],0.0019530835763211184
229,EVOTWO_W34,POLIDEOLOGY,Conservative,[1. 0.],0.905629476859099
230,EVOTWO_W34,POLIDEOLOGY,Moderate,[0.67648531 0.32351469],0.16845947315269427
231,EVOTWO_W34,POLIDEOLOGY,Very conservative,[0.07287826 0.92712174],0.033984463226970914
232,EVOTWO_W34,POLIDEOLOGY,Very liberal,[1. 0.],0.20236945637752637
233,MED2B_W34,POLIDEOLOGY,Conservative,[0.71514016 0.27631363 0.00854621],0.0008798254263758427
234,MED2B_W34,POLIDEOLOGY,Liberal,[0.63238081 0.33158935 0.03602984],0.010705262478090075
235,MED2B_W34,POLIDEOLOGY,Moderate,[0.69659634 0.27351046 0.02989321],0.00016093384445603517
236,MED2B_W34,POLIDEOLOGY,Very conservative,[0.71719598 0.1987047  0.08409931],0.0
237,MED2B_W34,POLIDEOLOGY,Very liberal,[0.60805703 0.34368569 0.04825728],0.02039463013415421
238,EVOTHREE_W34,POLIDEOLOGY,Conservative,[0.471874 0.528126],0.019162520578053496
239,EVOTHREE_W34,POLIDEOLOGY,Liberal,[0.69268485 0.30731515],0.042956509895683885
240,EVOTHREE_W34,POLIDEOLOGY,Moderate,[0.55022021 0.44977979],0.014391307185500081
241,EVOTHREE_W34,POLIDEOLOGY,Very conservative,[0.37470588 0.62529412],0.009914104743712052
242,EVOTHREE_W34,POLIDEOLOGY,Very liberal,[0.8883455 0.1116545],0.0037068084238489687
243,MED1_W34,POLIDEOLOGY,Conservative,[0.46754572 0.53245428],0.008924135142291739
244,MED1_W34,POLIDEOLOGY,Liberal,[0.56016261 0.43983739],0.015859418183687923
245,MED1_W34,POLIDEOLOGY,Moderate,[0.46719794 0.53280206],0.013210923032474054
246,MED1_W34,POLIDEOLOGY,Very conservative,[0.36742971 0.63257029],0.01595952435655003
247,MED1_W34,POLIDEOLOGY,Very liberal,[0.63877169 0.36122831],0.0319231059448113
248,EVOBIOA_W34,POLIDEOLOGY,Conservative,[0.74474183 0.25525817],0.20458199785219547
249,EVOBIOA_W34,POLIDEOLOGY,Liberal,[0.90911676 0.09088324],0.15557711562586732
250,EVOBIOA_W34,POLIDEOLOGY,Moderate,[0.78959009 0.21040991],0.20252082897496718
251,EVOBIOA_W34,POLIDEOLOGY,Very conservative,[0.71482893 0.28517107],0.21856742466645038
252,EVOBIOA_W34,POLIDEOLOGY,Very liberal,[0.91154353 0.08845647],0.12374104458576889
253,FUD37B_W34,POLIDEOLOGY,Conservative,[0.20280832 0.36071871 0.37371873 0.06275424],0.005184058975717372
254,FUD37B_W34,POLIDEOLOGY,Liberal,[0.2142008  0.35259341 0.36220459 0.07100119],0.018855774957796938
255,FUD37B_W34,POLIDEOLOGY,Moderate,[0.26421645 0.37615244 0.29785377 0.06177735],0.012554297786796561
256,FUD37B_W34,POLIDEOLOGY,Very conservative,[0.34830664 0.30666903 0.23239604 0.11262829],0.011625771706395433
257,FUD37B_W34,POLIDEOLOGY,Very liberal,[0.19532237 0.31501876 0.39133509 0.09832378],0.0075846222466088254
258,FUD35_W34,POLIDEOLOGY,Conservative,[0.18427768 0.37470146 0.34132998 0.09969088],0.002605398144811882
259,FUD35_W34,POLIDEOLOGY,Liberal,[0.2084778  0.45816569 0.25962257 0.07373394],0.010705262478090076
260,FUD35_W34,POLIDEOLOGY,Moderate,[0.20813701 0.40044326 0.29000916 0.10141058],0.0
261,FUD35_W34,POLIDEOLOGY,Very conservative,[0.30971512 0.35188422 0.19326166 0.145139  ],0.001861375101724686
262,FUD35_W34,POLIDEOLOGY,Very liberal,[0.24139213 0.36587352 0.29324364 0.09949071],0.0019530835763211184
263,MED2E_W34,POLIDEOLOGY,Conservative,[0.46557675 0.47651561 0.05790763],0.004597896268831915
264,MED2E_W34,POLIDEOLOGY,Liberal,[0.35610258 0.54002276 0.10387466],0.01742825432827895
265,MED2E_W34,POLIDEOLOGY,Moderate,[0.45333583 0.45801918 0.08864499],0.0039045383161003607
266,MED2E_W34,POLIDEOLOGY,Very conservative,[0.47460447 0.42584303 0.0995525 ],0.02233222102140065
267,MED2E_W34,POLIDEOLOGY,Very liberal,[0.31812312 0.56067937 0.12119751],0.010096688667676252
268,FUD24_W34,POLIDEOLOGY,Conservative,[0.41163052 0.02577026 0.56259923],0.003131597215545766
269,FUD24_W34,POLIDEOLOGY,Liberal,[0.49091023 0.03901989 0.47006989],0.01651202070444899
270,FUD24_W34,POLIDEOLOGY,Moderate,[0.46870381 0.02077888 0.51051731],0.0046497875539169235
271,FUD24_W34,POLIDEOLOGY,Very conservative,[0.40454228 0.0343103  0.56114742],0.021704725846116837
272,FUD24_W34,POLIDEOLOGY,Very liberal,[0.5208465  0.01031426 0.46883925],0.0019530835763211184
273,EAT2_W34,POLIDEOLOGY,Conservative,[0.10436444 0.3138667  0.30762134 0.25842527 0.01572225],0.0010654470129574098
274,EAT2_W34,POLIDEOLOGY,Liberal,[0.10637332 0.31192043 0.30002824 0.24413799 0.03754001],0.015337392212308475
275,EAT2_W34,POLIDEOLOGY,Moderate,[0.10934958 0.27360589 0.31815817 0.2587536  0.04013276],0.0
276,EAT2_W34,POLIDEOLOGY,Very conservative,[0.14082152 0.2255719  0.2589931  0.33755324 0.03706024],0.0014193164591837226
277,EAT2_W34,POLIDEOLOGY,Very liberal,[0.11377981 0.32593568 0.25985409 0.25939733 0.04103309],0.01744206450572812
278,MED3_W34,POLIDEOLOGY,Conservative,[0.08524505 0.59600328 0.31875167],0.0032005604015223127
279,MED3_W34,POLIDEOLOGY,Liberal,[0.14086277 0.56348954 0.2956477 ],0.012440593504500781
280,MED3_W34,POLIDEOLOGY,Moderate,[0.10566635 0.55288698 0.34144667],0.0065307248862975145
281,MED3_W34,POLIDEOLOGY,Very conservative,[0.12916074 0.47362127 0.39721799],0.0
282,MED3_W34,POLIDEOLOGY,Very liberal,[0.18341315 0.59763653 0.21895032],0.0170641531158273
283,MED4B_W34,POLIDEOLOGY,Conservative,[0.66648681 0.33351319],0.016418414369397855
284,MED4B_W34,POLIDEOLOGY,Liberal,[0.80617244 0.19382756],0.013406533482119986
285,MED4B_W34,POLIDEOLOGY,Moderate,[0.75749036 0.24250964],0.00898007881683321
286,MED4B_W34,POLIDEOLOGY,Very conservative,[0.50009656 0.49990344],0.010526019619233287
287,MED4B_W34,POLIDEOLOGY,Very liberal,[0.84504089 0.15495911],0.009174460408563958
288,FUD32_W34,POLIDEOLOGY,Conservative,[0.24283159 0.61227025 0.14489816],0.002438606741753446
289,FUD32_W34,POLIDEOLOGY,Liberal,[0.28182808 0.65783292 0.060339  ],0.011030183759317217
290,FUD32_W34,POLIDEOLOGY,Moderate,[0.28575501 0.56405869 0.15018631],0.0003581300980819755
291,FUD32_W34,POLIDEOLOGY,Very conservative,[0.30147798 0.49992273 0.19859929],0.007768366714136806
292,FUD32_W34,POLIDEOLOGY,Very liberal,[0.40822962 0.51976537 0.07200501],0.0019530835763211184
293,BIOTECHB_W34,POLIDEOLOGY,Conservative,[0.2857733 0.7142267],0.024362000356436108
294,BIOTECHB_W34,POLIDEOLOGY,Liberal,[0.37668334 0.62331666],0.015443680349598317
295,BIOTECHB_W34,POLIDEOLOGY,Moderate,[0.32088224 0.67911776],0.00145446691922909
296,BIOTECHB_W34,POLIDEOLOGY,Very conservative,[0.20388978 0.79611022],0.02396482190257451
297,BIOTECHB_W34,POLIDEOLOGY,Very liberal,[0.43549187 0.56450813],0.005939895840542073
298,EAT3E_W34,POLIDEOLOGY,Conservative,[0.73866501 0.26133499],0.0
299,EAT3E_W34,POLIDEOLOGY,Liberal,[0.79598156 0.20401844],0.0
300,EAT3E_W34,POLIDEOLOGY,Moderate,[0.76199178 0.23800822],0.0
301,EAT3E_W34,POLIDEOLOGY,Very conservative,[0.72366333 0.27633667],0.0
302,EAT3E_W34,POLIDEOLOGY,Very liberal,[0.78555547 0.21444453],0.0
303,SCI4_W34,POLIDEOLOGY,Conservative,[0.3853427 0.6146573],0.018321959981184646
304,SCI4_W34,POLIDEOLOGY,Liberal,[0.74277665 0.25722335],0.000273060030337926
305,SCI4_W34,POLIDEOLOGY,Moderate,[0.59988553 0.40011447],0.014970758850715015
306,SCI4_W34,POLIDEOLOGY,Very conservative,[0.35514307 0.64485693],0.012709403773202016
307,SCI4_W34,POLIDEOLOGY,Very liberal,[0.79663295 0.20336705],0.0
308,SCI1_W34,POLIDEOLOGY,Conservative,[0.92406397 0.07593603],0.009323359773773379
309,SCI1_W34,POLIDEOLOGY,Liberal,[0.94820345 0.05179655],0.00013789981551029452
310,SCI1_W34,POLIDEOLOGY,Moderate,[0.897386 0.102614],0.0057476834380014545
311,SCI1_W34,POLIDEOLOGY,Very conservative,[0.78757061 0.21242939],0.020152909503058983
312,SCI1_W34,POLIDEOLOGY,Very liberal,[0.94948294 0.05051706],0.0
313,EVOBIOB_W34,POLIDEOLOGY,Conservative,[0.57751962 0.42248038],0.10079458607599633
314,EVOBIOB_W34,POLIDEOLOGY,Liberal,[0.66336403 0.33663597],0.08310354168454365
315,EVOBIOB_W34,POLIDEOLOGY,Moderate,[0.60432846 0.39567154],0.06668374157889972
316,EVOBIOB_W34,POLIDEOLOGY,Very conservative,[0.60071891 0.39928109],0.004677866681913128
317,EVOBIOB_W34,POLIDEOLOGY,Very liberal,[0.49055859 0.50944141],0.015783635760140798
318,BIOTECHE_W34,POLIDEOLOGY,Conservative,[0.18069096 0.81930904],0.008151563828746829
319,BIOTECHE_W34,POLIDEOLOGY,Liberal,[0.25963036 0.74036964],0.01190430926270312
320,BIOTECHE_W34,POLIDEOLOGY,Moderate,[0.20331466 0.79668534],0.010948799308452913
321,BIOTECHE_W34,POLIDEOLOGY,Very conservative,[0.16129741 0.83870259],0.01803452275760688
322,BIOTECHE_W34,POLIDEOLOGY,Very liberal,[0.30775123 0.69224877],0.003928616918648572
323,MED2F_W34,POLIDEOLOGY,Conservative,[0.57304065 0.397344   0.02961535],0.0
324,MED2F_W34,POLIDEOLOGY,Liberal,[0.55629339 0.38822849 0.05547812],0.010843162293600371
325,MED2F_W34,POLIDEOLOGY,Moderate,[0.61524362 0.35058336 0.03417302],0.004492262605841573
326,MED2F_W34,POLIDEOLOGY,Very conservative,[0.67410124 0.23817181 0.08772694],0.0
327,MED2F_W34,POLIDEOLOGY,Very liberal,[0.49478384 0.45074218 0.05447398],0.0019530835763211184
328,MED2C_W34,POLIDEOLOGY,Conservative,[0.43346518 0.49078437 0.07575045],0.0037991491319956765
329,MED2C_W34,POLIDEOLOGY,Liberal,[0.38060839 0.48716676 0.13222485],0.010705262478090076
330,MED2C_W34,POLIDEOLOGY,Moderate,[0.48827728 0.44398085 0.06774188],0.0022344784793105347
331,MED2C_W34,POLIDEOLOGY,Very conservative,[0.4961637  0.37775559 0.12608072],0.006460014959762706
332,MED2C_W34,POLIDEOLOGY,Very liberal,[0.35453991 0.54612417 0.09933591],0.0065706437491772265
0,MED4A_W34,RACE,Asian,[0.29981665 0.70018335],0.0
1,MED4A_W34,RACE,Black,[0.22673453 0.77326547],0.030414315474361197
2,MED4A_W34,RACE,Hispanic,[0.21427304 0.78572696],0.024200788351448788
3,MED4A_W34,RACE,Other,[0.28009136 0.71990864],0.07783070609794189
4,MED4A_W34,RACE,White,[0.16721683 0.83278317],0.009535866072942585
5,EAT3J_W34,RACE,Asian,[0.88185043 0.11814957],0.0
6,EAT3J_W34,RACE,Black,[0.82590715 0.17409285],0.0
7,EAT3J_W34,RACE,Hispanic,[0.86514946 0.13485054],0.0
8,EAT3J_W34,RACE,Other,[0.88336841 0.11663159],0.0
9,EAT3J_W34,RACE,White,[0.89806418 0.10193582],0.0
10,EAT3G_W34,RACE,Asian,[0.71543139 0.28456861],0.0
11,EAT3G_W34,RACE,Black,[0.64617183 0.35382817],0.0
12,EAT3G_W34,RACE,Hispanic,[0.63344385 0.36655615],0.0
13,EAT3G_W34,RACE,Other,[0.45050795 0.54949205],0.0
14,EAT3G_W34,RACE,White,[0.67571441 0.32428559],0.0
15,MED2G_W34,RACE,Asian,[0.38087314 0.50349261 0.11563425],0.0
16,MED2G_W34,RACE,Black,[0.48933971 0.38386734 0.12679295],0.025276194732265635
17,MED2G_W34,RACE,Hispanic,[0.6777806  0.24633166 0.07588774],0.021064988925893643
18,MED2G_W34,RACE,Other,[0.72560043 0.13096085 0.14343872],0.0
19,MED2G_W34,RACE,White,[0.46253661 0.4313797  0.10608369],0.005049240597717169
20,MED6C_W34,RACE,Asian,[0.37395359 0.4746482  0.09584313 0.05555509],0.0
21,MED6C_W34,RACE,Black,[0.38296406 0.41059216 0.14209569 0.06434809],0.017702053767104868
22,MED6C_W34,RACE,Hispanic,[0.38188268 0.41139638 0.16035433 0.04636661],0.0009837880370198683
23,MED6C_W34,RACE,Other,[0.39459769 0.36945301 0.2359493  0.        ],0.10646907988270968
24,MED6C_W34,RACE,White,[0.48212931 0.37811395 0.1135173  0.02623944],0.0057754790359731975
25,BIOTECHC_W34,RACE,Asian,[0.59059346 0.40940654],0.013926380656377099
26,BIOTECHC_W34,RACE,Black,[0.62663968 0.37336032],0.026783881606518064
27,BIOTECHC_W34,RACE,Hispanic,[0.71498018 0.28501982],0.0066015280893274445
28,BIOTECHC_W34,RACE,Other,[0.37668821 0.62331179],0.07783070609794189
29,BIOTECHC_W34,RACE,White,[0.73616259 0.26383741],0.011436913474268317
30,BIOTECHD_W34,RACE,Asian,[0.58195797 0.41804203],0.0
31,BIOTECHD_W34,RACE,Black,[0.49790166 0.50209834],0.02426457025835765
32,BIOTECHD_W34,RACE,Hispanic,[0.49095366 0.50904634],0.029437027148015934
33,BIOTECHD_W34,RACE,Other,[0.4421675 0.5578325],0.0
34,BIOTECHD_W34,RACE,White,[0.60608134 0.39391866],0.015597889897773443
35,MED6D_W34,RACE,Asian,[0.51976777 0.38179561 0.06411095 0.03432567],0.0
36,MED6D_W34,RACE,Black,[0.57799234 0.2921909  0.07752761 0.05228915],0.020206713840830625
37,MED6D_W34,RACE,Hispanic,[0.5784465  0.26988724 0.085141   0.06652525],0.0
38,MED6D_W34,RACE,Other,[0.62062059 0.12626337 0.15808787 0.09502818],0.0778307060979419
39,MED6D_W34,RACE,White,[0.57752068 0.30010713 0.09043436 0.03193783],0.008282616996159913
40,EVOPERS3A_W34,RACE,Black,[0.         0.71877895 0.28122105],0.9027362065203782
41,EVOPERS3A_W34,RACE,Hispanic,[0.62812276 0.37187724 0.        ],0.10500752003094829
42,EVOPERS3A_W34,RACE,White,[0. 0. 1.],0.926289083616622
43,EAT6_W34,RACE,Asian,[0.33918743 0.66081257],0.0
44,EAT6_W34,RACE,Black,[0.67850508 0.32149492],0.02450283870008785
45,EAT6_W34,RACE,Hispanic,[0.65773024 0.34226976],0.0055909371402258394
46,EAT6_W34,RACE,Other,[0.52002233 0.47997767],0.0778307060979419
47,EAT6_W34,RACE,White,[0.46628548 0.53371452],0.01572188137753117
48,SCI3C_W34,RACE,Asian,[0.82350387 0.17649613],0.0
49,SCI3C_W34,RACE,Black,[0.79828246 0.20171754],0.0023972137781393104
50,SCI3C_W34,RACE,Hispanic,[0.86567441 0.13432559],0.002963420462754313
51,SCI3C_W34,RACE,Other,[0.88118191 0.11881809],0.08417370336888379
52,SCI3C_W34,RACE,White,[0.80552071 0.19447929],0.014820690809992198
53,EAT1_W34,RACE,Asian,[0.19308551 0.34612018 0.34076168 0.12003264 0.        ],0.0
54,EAT1_W34,RACE,Black,[0.21406292 0.28559298 0.29720672 0.18325906 0.01987833],0.017191681833160707
55,EAT1_W34,RACE,Hispanic,[0.13643077 0.37180756 0.32410564 0.14477653 0.02287951],0.0
56,EAT1_W34,RACE,Other,[0.11490064 0.48493875 0.32093186 0.         0.07922875],0.017645660391870103
57,EAT1_W34,RACE,White,[0.09287111 0.38999587 0.32429097 0.15681982 0.03602222],0.0025147231649273604
58,FUD37A_W34,RACE,Asian,[0.41689809 0.38858631 0.12362491 0.07089068],0.0
59,FUD37A_W34,RACE,Black,[0.29606481 0.36769483 0.3004319  0.03580846],0.0218789923559079
60,FUD37A_W34,RACE,Hispanic,[0.30365883 0.35327591 0.31383161 0.02923365],0.005153479110345516
61,FUD37A_W34,RACE,Other,[0.27497264 0.22264718 0.38458596 0.11779422],0.0
62,FUD37A_W34,RACE,White,[0.22715133 0.40064867 0.30590491 0.06629509],0.008892122008845624
63,MED4C_W34,RACE,Asian,[0.76869011 0.23130989],0.004216804669024174
64,MED4C_W34,RACE,Black,[0.53494348 0.46505652],0.04151036905023184
65,MED4C_W34,RACE,Hispanic,[0.68202028 0.31797972],0.03760907436275798
66,MED4C_W34,RACE,Other,[0.60752196 0.39247804],0.0778307060979419
67,MED4C_W34,RACE,White,[0.60470731 0.39529269],0.015668920375337826
68,SCI3A_W34,RACE,Asian,[0.84570134 0.15429866],0.059137094903838026
69,SCI3A_W34,RACE,Black,[0.77632277 0.22367723],0.014294373967264762
70,SCI3A_W34,RACE,Hispanic,[0.84742111 0.15257889],0.021890789495210575
71,SCI3A_W34,RACE,Other,[0.55278998 0.44721002],0.0
72,SCI3A_W34,RACE,White,[0.77679239 0.22320761],0.009793923449000073
73,MED6A_W34,RACE,Asian,[0.46797883 0.450007   0.04435376 0.03766041],0.0
74,MED6A_W34,RACE,Black,[0.46452983 0.38413311 0.08024967 0.07108738],0.017191681833160707
75,MED6A_W34,RACE,Hispanic,[0.4549483  0.3069523  0.15495842 0.08314098],0.0006064958799511645
76,MED6A_W34,RACE,Other,[0.67887566 0.22187591 0.0619086  0.03733984],0.07783070609794189
77,MED6A_W34,RACE,White,[0.57775175 0.30619459 0.09353086 0.02252281],0.00920092744426298
78,G1_W34,RACE,Asian,[0.41097798 0.58902202],0.19861428143309243
79,G1_W34,RACE,Black,[0.37373807 0.62626193],0.28249104972797956
80,G1_W34,RACE,Hispanic,[0.39623864 0.60376136],0.2372081725130515
81,G1_W34,RACE,Other,[0.21382382 0.78617618],0.37273162151295985
82,G1_W34,RACE,White,[0.39631151 0.60368849],0.3780263291228955
83,MED6B_W34,RACE,Asian,[0.1654142  0.62557862 0.15740358 0.0516036 ],0.0
84,MED6B_W34,RACE,Black,[0.19085118 0.3832819  0.27147776 0.15438916],0.01858616416806232
85,MED6B_W34,RACE,Hispanic,[0.19576797 0.49168619 0.23399539 0.07855045],0.003996161138753186
86,MED6B_W34,RACE,Other,[0.22675187 0.53494369 0.117497   0.12080744],0.07783070609794189
87,MED6B_W34,RACE,White,[0.14833109 0.50020689 0.28946993 0.06199208],0.015315648357536621
88,MED6E_W34,RACE,Asian,[0.17361087 0.55068341 0.23374296 0.04196276],0.0
89,MED6E_W34,RACE,Black,[0.16472201 0.40527927 0.30548784 0.12451088],0.019292385657532232
90,MED6E_W34,RACE,Hispanic,[0.23885289 0.42249613 0.25369985 0.08495113],0.01237322277979152
91,MED6E_W34,RACE,Other,[0.13614592 0.45748495 0.24280866 0.16356047],0.07783070609794189
92,MED6E_W34,RACE,White,[0.18436481 0.42797731 0.31508708 0.07257081],0.01144544508186464
93,EAT5D_W34,RACE,Asian,[0.19287315 0.62740793 0.17971892 0.        ],0.0
94,EAT5D_W34,RACE,Black,[0.31280406 0.47924197 0.14839488 0.0595591 ],0.023203892874345478
95,EAT5D_W34,RACE,Hispanic,[0.41938989 0.44712558 0.07545271 0.05803182],0.0
96,EAT5D_W34,RACE,Other,[0.26809735 0.46326856 0.11256904 0.15606506],0.0778307060979419
97,EAT5D_W34,RACE,White,[0.23468823 0.53471983 0.20148669 0.02910526],0.0008114499371045194
98,EAT5B_W34,RACE,Asian,[0.28637513 0.48960967 0.2240152  0.        ],0.0
99,EAT5B_W34,RACE,Black,[0.45034524 0.39013998 0.1036149  0.05589988],0.017191681833160707
100,EAT5B_W34,RACE,Hispanic,[0.46767576 0.43044738 0.09415961 0.00771725],0.0
101,EAT5B_W34,RACE,Other,[0.3418374  0.39918741 0.17395414 0.08502105],0.07783070609794189
102,EAT5B_W34,RACE,White,[0.2814375  0.49922643 0.17744886 0.04188721],0.001724545919886857
103,EVOONE_W34,RACE,Asian,[0.68207425 0.31792575],0.0
104,EVOONE_W34,RACE,Black,[0.57610751 0.42389249],0.005946263991614426
105,EVOONE_W34,RACE,Hispanic,[0.70146433 0.29853567],0.0980673757843335
106,EVOONE_W34,RACE,Other,[0.79147457 0.20852543],0.0
107,EVOONE_W34,RACE,White,[0.7139847 0.2860153],0.021797400397972625
108,BIOTECHA_W34,RACE,Asian,[0.62504583 0.37495417],0.017428539119581622
109,BIOTECHA_W34,RACE,Black,[0.3876299 0.6123701],0.029558963460359702
110,BIOTECHA_W34,RACE,Hispanic,[0.49462186 0.50537814],0.05145185588010853
111,BIOTECHA_W34,RACE,Other,[0.36897949 0.63102051],0.0
112,BIOTECHA_W34,RACE,White,[0.43516606 0.56483394],0.01301060481113894
113,FUD37C_W34,RACE,Asian,[0.17937266 0.37361572 0.42298636 0.02402527],0.0
114,FUD37C_W34,RACE,Black,[0.26981296 0.43886163 0.26369495 0.02763046],0.01968462141865208
115,FUD37C_W34,RACE,Hispanic,[0.24893398 0.42811388 0.25465456 0.06829758],0.008189140833185267
116,FUD37C_W34,RACE,Other,[0.35460414 0.27049417 0.29463251 0.08026918],0.0
117,FUD37C_W34,RACE,White,[0.19671741 0.33078165 0.40359072 0.06891022],0.013918442643335041
118,MED5_W34,RACE,Asian,[0.00377799 0.34743596 0.63049198 0.01829407],0.0
119,MED5_W34,RACE,Black,[0.11796617 0.35640813 0.38024507 0.14538064],0.020871796849837115
120,MED5_W34,RACE,Hispanic,[0.19595409 0.18591812 0.44804363 0.17008416],0.004979949175773055
121,MED5_W34,RACE,Other,[0.03354171 0.15203622 0.61229746 0.20212461],0.07783070609794188
122,MED5_W34,RACE,White,[0.05375614 0.292245   0.46762571 0.18637316],0.013162607873863736
123,EAT3H_W34,RACE,Asian,[0.59836906 0.40163094],0.0
124,EAT3H_W34,RACE,Black,[0.67303067 0.32696933],0.0
125,EAT3H_W34,RACE,Hispanic,[0.64768037 0.35231963],0.0
126,EAT3H_W34,RACE,Other,[0.77549332 0.22450668],0.0
127,EAT3H_W34,RACE,White,[0.74333901 0.25666099],0.0
128,SCI3B_W34,RACE,Asian,[0.92284927 0.07715073],0.004216804669024174
129,SCI3B_W34,RACE,Black,[0.85471797 0.14528203],0.004704850499377429
130,SCI3B_W34,RACE,Hispanic,[0.8429217 0.1570783],0.01493336636962764
131,SCI3B_W34,RACE,Other,[0.51574761 0.48425239],0.0
132,SCI3B_W34,RACE,White,[0.80179778 0.19820222],0.011137235022342203
133,SCI5_W34,RACE,Asian,[0.57379146 0.42620854],0.0
134,SCI5_W34,RACE,Black,[0.49214759 0.50785241],0.028092641583225247
135,SCI5_W34,RACE,Hispanic,[0.38747927 0.61252073],0.03567355546003934
136,SCI5_W34,RACE,Other,[0.48667095 0.51332905],0.024957662189168825
137,SCI5_W34,RACE,White,[0.47514836 0.52485164],0.01488944971265697
138,FUD37D_W34,RACE,Asian,[0.47735072 0.42525781 0.05828479 0.03910668],0.0
139,FUD37D_W34,RACE,Black,[0.28043685 0.45041631 0.20738677 0.06176008],0.018700756541216796
140,FUD37D_W34,RACE,Hispanic,[0.37224695 0.41756897 0.15454664 0.05563745],0.004546983230394351
141,FUD37D_W34,RACE,Other,[0.26678785 0.41324349 0.21718029 0.10278837],0.0
142,FUD37D_W34,RACE,White,[0.30351471 0.46499142 0.19435621 0.03713766],0.01272026717321923
143,FUD33B_W34,RACE,Asian,[0. 0. 1.],0.0
144,FUD33B_W34,RACE,Black,[0.10031639 0.29848702 0.60119659],0.08066852780065516
145,FUD33B_W34,RACE,Hispanic,[0.01435136 0.38878274 0.59686591],0.12308519535149864
146,FUD33B_W34,RACE,Other,[0.         0.34424853 0.65575147],0.1834866647007015
147,FUD33B_W34,RACE,White,[0.0434815  0.36881267 0.58770583],0.022760199422520073
148,FUD33A_W34,RACE,Asian,[0.08048076 0.35888049 0.56063875],0.07450752905611308
149,FUD33A_W34,RACE,Black,[0.08515408 0.66775303 0.24709289],0.29682877275150465
150,FUD33A_W34,RACE,Hispanic,[0.08601479 0.5619994  0.35198582],0.24964031892263505
151,FUD33A_W34,RACE,Other,[0.22872135 0.46256207 0.30871658],0.4241763630337783
152,FUD33A_W34,RACE,White,[0.04082767 0.53134489 0.42782744],0.2787347671510538
153,FUD22_W34,RACE,Asian,[0.01982228 0.4168031  0.46119599 0.10217862],0.0
154,FUD22_W34,RACE,Black,[0.07457489 0.38293243 0.36905374 0.17343894],0.021594334931414147
155,FUD22_W34,RACE,Hispanic,[0.06562372 0.29436972 0.42860475 0.21140181],0.0014268841607223885
156,FUD22_W34,RACE,Other,[0.08578445 0.25439827 0.47248568 0.1873316 ],0.0
157,FUD22_W34,RACE,White,[0.06592511 0.31010482 0.44000454 0.18396553],0.0050438045413364226
158,EAT5A_W34,RACE,Asian,[0.25017437 0.63302323 0.09241825 0.02438415],0.0
159,EAT5A_W34,RACE,Black,[0.39640493 0.42176785 0.13069439 0.05113283],0.017191681833160704
160,EAT5A_W34,RACE,Hispanic,[0.43506248 0.40143927 0.15731261 0.00618565],0.0004947057994107555
161,EAT5A_W34,RACE,Other,[0.35995832 0.54366455 0.08639608 0.00998104],0.07783070609794189
162,EAT5A_W34,RACE,White,[0.28553187 0.49996654 0.18235267 0.03214892],0.0008591432327913336
163,SCI2B_W34,RACE,Asian,[0.96824036 0.03175964],0.0
164,SCI2B_W34,RACE,Black,[0.90261827 0.09738173],0.0
165,SCI2B_W34,RACE,Hispanic,[0.87105056 0.12894944],0.02819694949020198
166,SCI2B_W34,RACE,Other,[0.79686588 0.20313412],0.017645660391870103
167,SCI2B_W34,RACE,White,[0.91365387 0.08634613],0.007001067927086351
168,SCI2A_W34,RACE,Asian,[0.85121447 0.14878553],0.017428539119581626
169,SCI2A_W34,RACE,Black,[0.66157367 0.33842633],0.01119943042828176
170,SCI2A_W34,RACE,Hispanic,[0.6819971 0.3180029],0.0039452142809118735
171,SCI2A_W34,RACE,Other,[0.4145572 0.5854428],0.0
172,SCI2A_W34,RACE,White,[0.73226502 0.26773498],0.008854990172737042
173,EAT5C_W34,RACE,Asian,[0.21315296 0.48424075 0.23506566 0.06754063],0.0
174,EAT5C_W34,RACE,Black,[0.2881759  0.4736829  0.17308268 0.06505851],0.01903307584362799
175,EAT5C_W34,RACE,Hispanic,[0.2852743  0.48941162 0.17197963 0.05333445],0.0006064958799511645
176,EAT5C_W34,RACE,Other,[0.50219463 0.34390028 0.13477014 0.01913495],0.0778307060979419
177,EAT5C_W34,RACE,White,[0.16945105 0.49011233 0.28046242 0.0599742 ],0.001544960576607224
178,SCI2C_W34,RACE,Asian,[0.90244903 0.09755097],0.0
179,SCI2C_W34,RACE,Black,[0.74659675 0.25340325],0.0025043578115859057
180,SCI2C_W34,RACE,Hispanic,[0.60176057 0.39823943],0.0
181,SCI2C_W34,RACE,Other,[0.59999669 0.40000331],0.0
182,SCI2C_W34,RACE,White,[0.78981131 0.21018869],0.008144989711692705
183,EVOPERS3_W34,RACE,Asian,[0.58623736 0.27516749 0.13859515],0.0
184,EVOPERS3_W34,RACE,Black,[0.16395146 0.59796419 0.23808435],0.02114466849523996
185,EVOPERS3_W34,RACE,Hispanic,[0.35044697 0.54214079 0.10741225],0.04106866462837639
186,EVOPERS3_W34,RACE,Other,[0.35509773 0.56375736 0.08114491],0.0
187,EVOPERS3_W34,RACE,White,[0.35339543 0.46020584 0.18639873],0.008666067573317723
188,EAT3K_W34,RACE,Asian,[0.73585676 0.26414324],0.0
189,EAT3K_W34,RACE,Black,[0.78949318 0.21050682],0.0
190,EAT3K_W34,RACE,Hispanic,[0.75209503 0.24790497],0.0
191,EAT3K_W34,RACE,Other,[0.88146866 0.11853134],0.0
192,EAT3K_W34,RACE,White,[0.76396342 0.23603658],0.0
193,BIO15_W34,RACE,Asian,[0.65448896 0.34551104],0.0
194,BIO15_W34,RACE,Black,[0.61059166 0.38940834],0.022470303950233268
195,BIO15_W34,RACE,Hispanic,[0.43130229 0.56869771],0.00640202561425918
196,BIO15_W34,RACE,Other,[0.61096366 0.38903634],0.0
197,BIO15_W34,RACE,White,[0.67641069 0.32358931],0.0026139371215158436
198,EAT3F_W34,RACE,Asian,[0.60619643 0.39380357],0.0
199,EAT3F_W34,RACE,Black,[0.69329793 0.30670207],0.0
200,EAT3F_W34,RACE,Hispanic,[0.61511717 0.38488283],0.0
201,EAT3F_W34,RACE,Other,[0.47649891 0.52350109],0.0
202,EAT3F_W34,RACE,White,[0.60241137 0.39758863],0.0
203,G2_W34,RACE,Asian,[0.07536028 0.92463972],0.24736497738898583
204,G2_W34,RACE,Black,[0.16732311 0.83267689],0.2260111135348256
205,G2_W34,RACE,Hispanic,[0.1300773 0.8699227],0.2616955111300425
206,G2_W34,RACE,Other,[0.27640462 0.72359538],0.08604214475109528
207,G2_W34,RACE,White,[0.187535 0.812465],0.186236884078852
208,EAT3I_W34,RACE,Asian,[0.4229351 0.5770649],0.0
209,EAT3I_W34,RACE,Black,[0.60332925 0.39667075],0.0
210,EAT3I_W34,RACE,Hispanic,[0.58566313 0.41433687],0.0
211,EAT3I_W34,RACE,Other,[0.60602931 0.39397069],0.0
212,EAT3I_W34,RACE,White,[0.54804151 0.45195849],0.0
213,MED7_W34,RACE,Asian,[0.56658036 0.43341964],0.0
214,MED7_W34,RACE,Black,[0.29862887 0.70137113],0.03609372655505339
215,MED7_W34,RACE,Hispanic,[0.31267228 0.68732772],0.010271092365928798
216,MED7_W34,RACE,Other,[0.2258039 0.7741961],0.0
217,MED7_W34,RACE,White,[0.33865986 0.66134014],0.016651311841377657
218,MED2D_W34,RACE,Asian,[0.78416891 0.20122442 0.01460667],0.004216804669024174
219,MED2D_W34,RACE,Black,[0.82778866 0.13269556 0.03951579],0.017191681833160707
220,MED2D_W34,RACE,Hispanic,[0.71521941 0.23844207 0.04633852],0.0
221,MED2D_W34,RACE,Other,[0.8378168  0.03591046 0.12627274],0.0
222,MED2D_W34,RACE,White,[0.84338085 0.13474827 0.02187089],0.002238807163139072
223,MED2A_W34,RACE,Asian,[0.47323491 0.37061546 0.15614963],0.0
224,MED2A_W34,RACE,Black,[0.42620972 0.39716828 0.176622  ],0.019252686445375807
225,MED2A_W34,RACE,Hispanic,[0.49234276 0.38712007 0.12053717],0.00454698323039435
226,MED2A_W34,RACE,Other,[0.42354392 0.57066081 0.00579528],0.0
227,MED2A_W34,RACE,White,[0.45578534 0.43805519 0.10615946],0.003709672647139821
228,EVOTWO_W34,RACE,Black,[1. 0.],0.8109353143402098
229,EVOTWO_W34,RACE,Hispanic,[0.97440436 0.02559564],0.5197057141307265
230,EVOTWO_W34,RACE,White,[0.18568768 0.81431232],0.43132026783807187
231,MED2B_W34,RACE,Asian,[0.56621489 0.40899925 0.02478586],0.0
232,MED2B_W34,RACE,Black,[0.68068703 0.25285561 0.06645737],0.01766760380380694
233,MED2B_W34,RACE,Hispanic,[0.71358684 0.25327428 0.03313887],0.02130576720797625
234,MED2B_W34,RACE,Other,[0.72435634 0.27564366 0.        ],0.0
235,MED2B_W34,RACE,White,[0.68518296 0.28283729 0.03197975],0.0013419623195135896
236,EVOTHREE_W34,RACE,Asian,[0.90140522 0.09859478],0.028418384328954906
237,EVOTHREE_W34,RACE,Black,[0.3780964 0.6219036],0.006091934084649719
238,EVOTHREE_W34,RACE,Hispanic,[0.66990628 0.33009372],0.05048711998459785
239,EVOTHREE_W34,RACE,Other,[0.59004564 0.40995436],0.0
240,EVOTHREE_W34,RACE,White,[0.61880375 0.38119625],0.023351258597247522
241,MED1_W34,RACE,Asian,[0.69800731 0.30199269],0.0
242,MED1_W34,RACE,Black,[0.44598044 0.55401956],0.04628866024751566
243,MED1_W34,RACE,Hispanic,[0.41886143 0.58113857],0.03070821863101022
244,MED1_W34,RACE,Other,[0.33712378 0.66287622],0.0
245,MED1_W34,RACE,White,[0.50180336 0.49819664],0.005908246101924611
246,EVOBIOA_W34,RACE,Asian,[0.78983589 0.21016411],0.09319711946999475
247,EVOBIOA_W34,RACE,Black,[0.59286852 0.40713148],0.2782994343421416
248,EVOBIOA_W34,RACE,Hispanic,[0.80517702 0.19482298],0.23375510614367168
249,EVOBIOA_W34,RACE,Other,[0.68679835 0.31320165],0.29639683913772125
250,EVOBIOA_W34,RACE,White,[0.84506921 0.15493079],0.1732078676274188
251,FUD37B_W34,RACE,Asian,[0.21272919 0.24605503 0.41703171 0.12418407],0.0
252,FUD37B_W34,RACE,Black,[0.32023671 0.43259568 0.19780865 0.04935896],0.01924742935983407
253,FUD37B_W34,RACE,Hispanic,[0.32502249 0.3962887  0.23350691 0.0451819 ],0.004546983230394351
254,FUD37B_W34,RACE,Other,[0.52517073 0.17704692 0.12772388 0.17005846],0.0
255,FUD37B_W34,RACE,White,[0.20086352 0.3456064  0.37536568 0.07816441],0.014534576253468594
256,FUD35_W34,RACE,Asian,[0.18382251 0.25915967 0.44435097 0.11266684],0.0
257,FUD35_W34,RACE,Black,[0.30745311 0.38588412 0.20050672 0.10615605],0.018125611321595143
258,FUD35_W34,RACE,Hispanic,[0.2665422  0.43135852 0.22661852 0.07548076],0.0
259,FUD35_W34,RACE,Other,[0.19938818 0.28101585 0.36086703 0.15872894],0.0
260,FUD35_W34,RACE,White,[0.19109156 0.40229822 0.30052734 0.10608288],0.002425575610035855
261,MED2E_W34,RACE,Asian,[0.37944543 0.58403867 0.0365159 ],0.0
262,MED2E_W34,RACE,Black,[0.48506978 0.41368334 0.10124687],0.032634192463709175
263,MED2E_W34,RACE,Hispanic,[0.46721921 0.41123253 0.12154826],0.012911622408929518
264,MED2E_W34,RACE,Other,[0.47197591 0.33765684 0.19036725],0.0
265,MED2E_W34,RACE,White,[0.40722538 0.50438119 0.08839342],0.006492696502409127
266,FUD24_W34,RACE,Asian,[0.43346133 0.00191127 0.5646274 ],0.0
267,FUD24_W34,RACE,Black,[0.50230018 0.04759795 0.45010187],0.026071619551859035
268,FUD24_W34,RACE,Hispanic,[0.56653286 0.01864974 0.41481739],0.005970269814970165
269,FUD24_W34,RACE,Other,[0.44714833 0.00756693 0.54528474],0.02863837378476778
270,FUD24_W34,RACE,White,[0.44036003 0.02566692 0.53397306],0.0073624953357251085
271,EAT2_W34,RACE,Asian,[0.11667725 0.30809771 0.41612765 0.15909739 0.        ],0.0
272,EAT2_W34,RACE,Black,[0.22895393 0.29901836 0.25947846 0.19145302 0.02109623],0.024973761514302226
273,EAT2_W34,RACE,Hispanic,[0.16535504 0.29415308 0.28085563 0.20262751 0.05700874],0.017894628356457387
274,EAT2_W34,RACE,Other,[0.08673594 0.24660796 0.12887064 0.45995475 0.07783071],0.0
275,EAT2_W34,RACE,White,[0.08846966 0.2814968  0.31437199 0.27930659 0.03635496],0.0028665190098418627
276,MED3_W34,RACE,Asian,[0.14082762 0.65565129 0.20352109],0.0
277,MED3_W34,RACE,Black,[0.14216981 0.54323471 0.31459547],0.015980822534866712
278,MED3_W34,RACE,Hispanic,[0.14599333 0.45029853 0.40370814],0.024437094135569968
279,MED3_W34,RACE,Other,[0.0897554  0.41949648 0.49074812],0.0
280,MED3_W34,RACE,White,[0.10841235 0.57770898 0.31387868],0.0047842100909112634
281,MED4B_W34,RACE,Asian,[0.65465442 0.34534558],0.012157170673779626
282,MED4B_W34,RACE,Black,[0.65182663 0.34817337],0.027736253682588752
283,MED4B_W34,RACE,Hispanic,[0.75619622 0.24380378],0.0
284,MED4B_W34,RACE,Other,[0.54648054 0.45351946],0.0778307060979419
285,MED4B_W34,RACE,White,[0.74950285 0.25049715],0.015518931765013089
286,FUD32_W34,RACE,Asian,[0.31631164 0.65281118 0.03087718],0.0
287,FUD32_W34,RACE,Black,[0.29751891 0.49999588 0.2024852 ],0.017191681833160704
288,FUD32_W34,RACE,Hispanic,[0.32907571 0.52586498 0.14505931],0.0
289,FUD32_W34,RACE,Other,[0.27698602 0.33132696 0.39168702],0.0
290,FUD32_W34,RACE,White,[0.27933283 0.6018378  0.11882938],0.0021116043712560138
291,BIOTECHB_W34,RACE,Asian,[0.50431093 0.49568907],0.0
292,BIOTECHB_W34,RACE,Black,[0.25964502 0.74035498],0.023331178671546462
293,BIOTECHB_W34,RACE,Hispanic,[0.36986178 0.63013822],0.027842945954239702
294,BIOTECHB_W34,RACE,Other,[0.42780913 0.57219087],0.0
295,BIOTECHB_W34,RACE,White,[0.3138072 0.6861928],0.011282118213294185
296,EAT3E_W34,RACE,Asian,[0.71557768 0.28442232],0.0
297,EAT3E_W34,RACE,Black,[0.71068432 0.28931568],0.0
298,EAT3E_W34,RACE,Hispanic,[0.70657172 0.29342828],0.0
299,EAT3E_W34,RACE,Other,[0.6754993 0.3245007],0.0
300,EAT3E_W34,RACE,White,[0.77228971 0.22771029],0.0
301,SCI4_W34,RACE,Asian,[0.74242298 0.25757702],0.017997274569936977
302,SCI4_W34,RACE,Black,[0.67467034 0.32532966],0.020082814864355075
303,SCI4_W34,RACE,Hispanic,[0.61126241 0.38873759],0.0454519057943994
304,SCI4_W34,RACE,Other,[0.54737348 0.45262652],0.07783070609794189
305,SCI4_W34,RACE,White,[0.55515444 0.44484556],0.01074117936385531
306,SCI1_W34,RACE,Asian,[0.98990495 0.01009505],0.05160360222609083
307,SCI1_W34,RACE,Black,[0.85258403 0.14741597],0.002777566328337243
308,SCI1_W34,RACE,Hispanic,[0.92918922 0.07081078],0.0006064958799511645
309,SCI1_W34,RACE,Other,[0.58744163 0.41255837],0.0
310,SCI1_W34,RACE,White,[0.91428576 0.08571424],0.005412398038674117
311,EVOBIOB_W34,RACE,Asian,[0.96445503 0.03554497],0.0
312,EVOBIOB_W34,RACE,Black,[0.51843024 0.48156976],0.13114958616314323
313,EVOBIOB_W34,RACE,Hispanic,[0.50693105 0.49306895],0.0
314,EVOBIOB_W34,RACE,Other,[0.53257768 0.46742232],0.2625895280272464
315,EVOBIOB_W34,RACE,White,[0.6538123 0.3461877],0.09876940111351881
316,BIOTECHE_W34,RACE,Asian,[0.39654796 0.60345204],0.0
317,BIOTECHE_W34,RACE,Black,[0.17933606 0.82066394],0.031089722942315143
318,BIOTECHE_W34,RACE,Hispanic,[0.21187648 0.78812352],0.0006064958799511645
319,BIOTECHE_W34,RACE,Other,[0.34989606 0.65010394],0.0
320,BIOTECHE_W34,RACE,White,[0.20658805 0.79341195],0.01227957567065243
321,MED2F_W34,RACE,Asian,[0.4633022  0.40782854 0.12886927],0.0
322,MED2F_W34,RACE,Black,[0.62841701 0.32125627 0.05032672],0.017191681833160704
323,MED2F_W34,RACE,Hispanic,[0.58414329 0.37818345 0.03767326],0.011472767108590555
324,MED2F_W34,RACE,Other,[0.83518919 0.15746058 0.00735022],0.0
325,MED2F_W34,RACE,White,[0.57260001 0.38251322 0.04488677],0.0024666158070023344
326,MED2C_W34,RACE,Asian,[0.32764184 0.51713226 0.1552259 ],0.0
327,MED2C_W34,RACE,Black,[0.58503178 0.31690837 0.09805985],0.018993080855719314
328,MED2C_W34,RACE,Hispanic,[0.59251267 0.34428288 0.06320446],0.0
329,MED2C_W34,RACE,Other,[0.70317957 0.28761622 0.00920421],0.0
330,MED2C_W34,RACE,White,[0.39738497 0.51351172 0.08910331],0.00768268225041801
