,qkey,attribute,group,D_H,R_H
0,RACESURV1c_W43,Overall,Overall,[0.29379001 0.18127344 0.52493655],0.002341980990855502
1,RACESURV28g_W43,Overall,Overall,[0.33771005 0.02639164 0.6358983 ],0.01326409954418338
2,RACESURV4_W43,Overall,Overall,[0.6476346  0.12369627 0.22866913],0.0062784996172876445
3,RACESURV48_W43,Overall,Overall,[0.49449106 0.26391414 0.11855508 0.12303971],0.014890712392528241
4,RACESURV1b_W43,Overall,Overall,[0.31169136 0.27143854 0.4168701 ],0.0062733498695618254
5,RACESURV34d_W43,Overall,Overall,[0.62726583 0.18380002 0.03408974 0.02135219 0.13349222],0.007397132277493619
6,RACESURV29d_W43,Overall,Overall,[0.13326126 0.36422858 0.372295   0.13021516],0.006511267420147978
7,RACESURV28f_W43,Overall,Overall,[0.35745498 0.03451157 0.60803345],0.01410639936814042
8,RACESURV5d_W43,Overall,Overall,[0.0819507  0.26287623 0.18070761 0.03397574 0.44048973],0.010640722610205844
9,RACESURV28a_W43,Overall,Overall,[0.52346827 0.06399148 0.41254025],0.015261808723211074
10,RACESURV10_W43,Overall,Overall,[0.4117719 0.5882281],0.014786216541660551
11,RACATTN_W43,Overall,Overall,[0.41146568 0.37887766 0.20965666],0.011178075821551605
12,RACESURV50_W43,Overall,Overall,[0.4379436 0.5620564],0.03515357742450196
13,RACESURV28d_W43,Overall,Overall,[0.6741583 0.0263189 0.2995228],0.009521361817701177
14,RACESURV28e_W43,Overall,Overall,[0.65804863 0.03489618 0.3070552 ],0.01463823384551837
15,ADMISSIONe_W43,Overall,Overall,[0.21435012 0.48626069 0.29938919],0.0048065942298653516
16,RACESURV53b_W43,Overall,Overall,[0.33782312 0.66217688],0.013181510614892995
17,RACESURV37_W43,Overall,Overall,[0.60788378 0.39211622],0.007844415169779946
18,RACESURV45_W43,Overall,Overall,[0.05388793 0.39463107 0.55148099 0.        ],0.27184406787786114
19,RACESURV5h_W43,Overall,Overall,[0.10864044 0.19533539 0.10162108 0.05152286 0.54288022],0.010029063049532275
20,ADMISSIONc_W43,Overall,Overall,[0.07653723 0.239826   0.68363677],0.004791354681439851
21,RACESURV1d_W43,Overall,Overall,[0.27597392 0.38146942 0.34255666],0.002779765408619775
22,RACESURV5f_W43,Overall,Overall,[0.08407197 0.15467009 0.16458776 0.04082341 0.55584677],0.011495573758294238
23,RACESURV19c_W43,Overall,Overall,[0.48167782 0.27426125 0.24406093],0.007441409682677771
24,RACESURV29b_W43,Overall,Overall,[0.29110666 0.42575664 0.22939004 0.05374666],0.005608400339915484
25,RACESURV47a_W43,Overall,Overall,[0.28501137 0.30227691 0.14855075 0.26416097],0.20690648541234244
26,RACESURV27_W43,Overall,Overall,[0.07126401 0.26314043 0.34972274 0.31587283],0.0149560302974764
27,RACESURV5b_W43,Overall,Overall,[0.07324903 0.10119349 0.30753475 0.25627837 0.26174437],0.008952411275128889
28,RACESURV18a_W43,Overall,Overall,[0.08452254 0.55023494 0.30429793 0.06094459],0.13001964118272444
29,RACESURV28c_W43,Overall,Overall,[0.45821053 0.03179837 0.5099911 ],0.023088494866171237
30,RACESURV18d_W43,Overall,Overall,[0.19303274 0.68287495 0.1027675  0.0213248 ],0.1661262543638639
31,RACESURV51_W43,Overall,Overall,[0.24778404 0.0826101  0.66960586],0.017973496770372323
32,RACESURV47b_W43,Overall,Overall,[0.15081589 0.23640002 0.17059972 0.44218436],0.14464983249487295
33,RACESURV19b_W43,Overall,Overall,[0.30782068 0.27917605 0.41300327],0.011833025579047798
34,RACESURV14_W43,Overall,Overall,[0.15396628 0.13717899 0.13834164 0.57051309],0.017770998910887514
35,ADMISSIONg_W43,Overall,Overall,[0.67100468 0.26157594 0.06741938],0.004317488792408419
36,RACESURV52_W43,Overall,Overall,[0.1108669  0.1787847  0.24099078 0.46935762],0.007847767002927027
37,RACESURV34a_W43,Overall,Overall,[0.14466566 0.23954241 0.10767018 0.04410164 0.46402012],0.01052609910613594
38,ADMISSIONa_W43,Overall,Overall,[0.07440558 0.19539519 0.73019924],0.004280305206541292
39,RACESURV34c_W43,Overall,Overall,[0.1488977  0.19277495 0.19286776 0.1457442  0.31971539],0.008118312292862378
40,RACESURV7_W43,Overall,Overall,[0.14313062 0.38162027 0.34676133 0.12848778],0.003872498704943976
41,RACESURV5i_W43,Overall,Overall,[0.38008943 0.279293   0.07080187 0.02652828 0.24328742],0.006813233322051485
42,RACESURV6_W43,Overall,Overall,[0.42734518 0.57265482],0.011600641568787018
43,RACESURV5e_W43,Overall,Overall,[0.0721861  0.16483028 0.22660114 0.16057286 0.37580961],0.010774230248687455
44,RACESURV53e_W43,Overall,Overall,[0.42812805 0.57187195],0.011673041353946012
45,RACESURV41_W43,Overall,Overall,[0.07291331 0.52178537 0.40530132 0.        ],0.1611667280610489
46,RACESURV1a_W43,Overall,Overall,[0.236779   0.29308062 0.47014038],0.003336008159863092
47,RACESURV47d_W43,Overall,Overall,[0.22198081 0.37842605 0.23482253 0.16477061],0.146412777594307
48,RACESURV9_W43,Overall,Overall,[0.13778196 0.42524495 0.11559319 0.02675039 0.29462951],0.0036673432452488277
49,RACESURV22_W43,Overall,Overall,[0.03733522 0.13468635 0.21292904 0.6150494 ],0.0054199005670210075
50,ADMISSIONd_W43,Overall,Overall,[0.08291544 0.34271612 0.57436844],0.004926862758402403
51,RACESURV53g_W43,Overall,Overall,[0.3771935 0.6228065],0.014232507896918545
52,RACESURV5a_W43,Overall,Overall,[0.38053891 0.21495831 0.07491087 0.04221742 0.28737449],0.009057161609255805
53,RACESURV26_W43,Overall,Overall,[0.12375229 0.34396143 0.29561364 0.23667264],0.01347003238147443
54,RACESURV16_W43,Overall,Overall,[0.44511943 0.55488057],0.016982575483886958
55,RACESURV47c_W43,Overall,Overall,[0.02783595 0.06864851 0.14096546 0.76255008],0.08850232693424426
56,RACESURV34e_W43,Overall,Overall,[0.23673889 0.36758437 0.04649262 0.02158027 0.32760384],0.01132250348474288
57,ADMISSIONh_W43,Overall,Overall,[0.2053997  0.26639216 0.52820814],0.004037743337880628
58,RACESURV18f_W43,Overall,Overall,[0.11166959 0.62035273 0.23115502 0.03682266],0.42967044667177356
59,RACESURV13_W43,Overall,Overall,[0.18607971 0.45959247 0.28051676 0.07381106],0.0023590699207330073
60,RACESURV29c_W43,Overall,Overall,[0.2978779  0.41964952 0.21540487 0.06706771],0.00557789299447325
61,RACESURV17_W43,Overall,Overall,[0.31696504 0.32356257 0.19426946 0.16520293],0.011782556069088452
62,RACESURV19f_W43,Overall,Overall,[0.50121335 0.32656569 0.17222096],0.011077577110679955
63,RACESURV29a_W43,Overall,Overall,[0.71609243 0.20805686 0.05330643 0.02254427],0.00678020895187932
64,ADMISSIONf_W43,Overall,Overall,[0.4691772  0.41731182 0.11351098],0.007205024677689392
65,IDIMPORT_W43,Overall,Overall,[0.16206683 0.15651343 0.18677326 0.14719626 0.34745022],0.009648396156690477
66,RACESURV19a_W43,Overall,Overall,[0.44030847 0.34075676 0.21893477],0.009255409535773914
67,ADMISSIONb_W43,Overall,Overall,[0.04637602 0.13912332 0.81450066],0.00552511460051511
68,RACESURV21_W43,Overall,Overall,[0.07360845 0.15311789 0.17805466 0.595219  ],0.006012029955118342
69,RACESURV49_W43,Overall,Overall,[0.24281389 0.75718611],0.026115697373829634
70,RACESURV8_W43,Overall,Overall,[0.36807846 0.35838385 0.22203581 0.05150188],0.004528750305334148
71,RACESURV28b_W43,Overall,Overall,[0.45181989 0.0230368  0.52514331],0.012625733139647873
72,RACESURV40_W43,Overall,Overall,[0.10362589 0.70648696 0.18988715 0.        ],0.11552155978670228
73,RACESURV2_W43,Overall,Overall,[0.56816149 0.19590539 0.05301385 0.01412683 0.16879244],0.0024245016832648864
74,RACESURV47f_W43,Overall,Overall,[0.17220081 0.21656036 0.18560023 0.4256386 ],0.13033350544307423
75,RACESURV53d_W43,Overall,Overall,[0.2517982 0.7482018],0.011574536607328515
76,RACESURV47e_W43,Overall,Overall,[0.30898866 0.37064128 0.17045478 0.14991528],0.14309188756361263
77,RACESURV3_W43,Overall,Overall,[0.06873202 0.47514121 0.45612677],0.004941070247120154
78,RACESURV19e_W43,Overall,Overall,[0.41892584 0.30829871 0.27277545],0.010516388160532263
79,RACESURV15b_W43,Overall,Overall,[0.45478324 0.2360349  0.30918186],0.011532897411423215
80,RACESURV19d_W43,Overall,Overall,[0.42733021 0.34164897 0.23102081],0.007784271771533341
81,RACESURV12_W43,Overall,Overall,[0.15342446 0.45458755 0.39198799],0.01465444197380924
82,RACESURV5l_W43,Overall,Overall,[0.78791549 0.10667126 0.01770345 0.01880958 0.06890022],0.005825686040132805
83,RACESURV25_W43,Overall,Overall,[0.14330883 0.34203985 0.28434193 0.23030939],0.012936992183779415
84,RACESURV53a_W43,Overall,Overall,[0.15802663 0.84197337],0.011244326615419352
85,RACESURV15a_W43,Overall,Overall,[0.65667283 0.0539336  0.28939357],0.011773325164421514
86,RACESURV18b_W43,Overall,Overall,[0.10739026 0.54415592 0.2912722  0.05718162],0.27561065123710066
87,RACESURV18c_W43,Overall,Overall,[0.05285291 0.45730839 0.39398637 0.09585234],0.08989143328186014
88,RACESURV53f_W43,Overall,Overall,[0.37574502 0.62425498],0.012761897823239925
89,RACESURV11_W43,Overall,Overall,[0.17384468 0.52971131 0.29644401],0.003504499383292059
90,RACESURV53c_W43,Overall,Overall,[0.35448948 0.64551052],0.012509796594913747
91,RACESURV5g_W43,Overall,Overall,[0.03440072 0.05395962 0.31957791 0.31499967 0.27706208],0.009961950275787022
92,RACESURV24_W43,Overall,Overall,[0.21209175 0.35479518 0.21761011 0.21550296],0.01134645877158936
93,RACESURV5k_W43,Overall,Overall,[0.02167397 0.02782696 0.20323413 0.66333762 0.08392733],0.0042698392346889776
94,RACESURV36_W43,Overall,Overall,[0.10199337 0.35796465 0.38621321 0.15382878],0.008697661266779887
95,RACESURV5j_W43,Overall,Overall,[0.07842491 0.15154917 0.41551767 0.09955119 0.25495704],0.0073492792339495015
96,RACESURV18e_W43,Overall,Overall,[0.08565957 0.53932145 0.31232603 0.06269295],0.3776873485903246
97,RACESURV5c_W43,Overall,Overall,[0.06475709 0.11483777 0.3512253  0.16764976 0.30153007],0.009446382879694456
98,RACESURV44_W43,Overall,Overall,[0.15714832 0.67727151 0.16558017 0.        ],0.14931748138528672
99,RACESURV38_W43,Overall,Overall,[0.06858624 0.28425386 0.36031795 0.28684195],0.00913375917454137
100,RACESURV34b_W43,Overall,Overall,[0.13525607 0.21654012 0.20226598 0.05176902 0.39416881],0.009791156292155084
101,RACESURV20_W43,Overall,Overall,[0.05564865 0.39738239 0.54696896],0.007345461097969712
0,RACESURV1c_W43,CREGION,Midwest,[0.27402822 0.17739859 0.54857318],0.0028093616808039343
1,RACESURV1c_W43,CREGION,Northeast,[0.31340777 0.19342192 0.49317031],0.0
2,RACESURV1c_W43,CREGION,South,[0.29765202 0.18030239 0.52204559],0.0023297650026844756
3,RACESURV1c_W43,CREGION,West,[0.29019409 0.17711545 0.53269046],0.003704240654542988
4,RACESURV28g_W43,CREGION,Midwest,[0.27995671 0.02341262 0.69663067],0.010335954066507063
5,RACESURV28g_W43,CREGION,Northeast,[0.36027128 0.01887289 0.62085582],0.010465594287627215
6,RACESURV28g_W43,CREGION,South,[0.338119  0.0341532 0.6277278],0.015426677246700268
7,RACESURV28g_W43,CREGION,West,[0.37100561 0.02219564 0.60679875],0.014450457159373266
8,RACESURV4_W43,CREGION,Midwest,[0.63557542 0.11393096 0.25049363],0.004999942572437694
9,RACESURV4_W43,CREGION,Northeast,[0.6667395  0.12052314 0.21273736],0.009400048036614393
10,RACESURV4_W43,CREGION,South,[0.61717605 0.13729175 0.24553221],0.006284563198748977
11,RACESURV4_W43,CREGION,West,[0.69324874 0.11277766 0.1939736 ],0.005069173315248979
12,RACESURV48_W43,CREGION,Midwest,[0.42829112 0.31588273 0.13348581 0.12234034],0.00964887491908874
13,RACESURV48_W43,CREGION,Northeast,[0.57921021 0.20965015 0.11095957 0.10018007],0.01038909389404255
14,RACESURV48_W43,CREGION,South,[0.46807268 0.26274851 0.11924881 0.14993   ],0.01722185042531864
15,RACESURV48_W43,CREGION,West,[0.53089746 0.26122221 0.11008462 0.09779571],0.019088115482092556
16,RACESURV1b_W43,CREGION,Midwest,[0.29076806 0.27839154 0.4308404 ],0.010966481054476807
17,RACESURV1b_W43,CREGION,Northeast,[0.28789578 0.27983795 0.43226627],0.005543136085811804
18,RACESURV1b_W43,CREGION,South,[0.33727734 0.26539844 0.39732422],0.002576482104612685
19,RACESURV1b_W43,CREGION,West,[0.30865403 0.26837661 0.42296937],0.008277668122683757
20,RACESURV34d_W43,CREGION,Midwest,[0.63844948 0.18299769 0.03330208 0.02291245 0.12233829],0.006184997359096983
21,RACESURV34d_W43,CREGION,Northeast,[0.61985122 0.18729399 0.03490285 0.0181685  0.13978344],0.00520006457421571
22,RACESURV34d_W43,CREGION,South,[0.61552571 0.18766883 0.03292906 0.02336298 0.14051342],0.008382220837757743
23,RACESURV34d_W43,CREGION,West,[0.64188054 0.17565827 0.03603936 0.0191354  0.12728644],0.008521031016316708
24,RACESURV29d_W43,CREGION,Midwest,[0.10290061 0.32402926 0.42537701 0.14769312],0.005451897554090803
25,RACESURV29d_W43,CREGION,Northeast,[0.15182498 0.38641276 0.35331989 0.10844237],0.0004940867936226635
26,RACESURV29d_W43,CREGION,South,[0.10021088 0.34110636 0.40970028 0.14898248],0.009068358697404952
27,RACESURV29d_W43,CREGION,West,[0.19907393 0.42001893 0.27980388 0.10110325],0.007831694233150463
28,RACESURV28f_W43,CREGION,Midwest,[0.29564854 0.02921405 0.67513741],0.01068399667711708
29,RACESURV28f_W43,CREGION,Northeast,[0.39623645 0.02102819 0.58273536],0.02039570160129315
30,RACESURV28f_W43,CREGION,South,[0.35744159 0.04415666 0.59840175],0.015581512294178888
31,RACESURV28f_W43,CREGION,West,[0.38297144 0.03371754 0.58331102],0.010030561578156509
32,RACESURV5d_W43,CREGION,Midwest,[0.06487349 0.25613443 0.19499841 0.03545042 0.44854324],0.008589328870215325
33,RACESURV5d_W43,CREGION,Northeast,[0.06835685 0.26849689 0.18673278 0.0339938  0.44241968],0.011943149502085219
34,RACESURV5d_W43,CREGION,South,[0.08517141 0.25522528 0.17584139 0.03339034 0.45037158],0.009169037739878177
35,RACESURV5d_W43,CREGION,West,[0.10200958 0.27697548 0.17144264 0.0336069  0.4159654 ],0.013833816506296523
36,RACESURV28a_W43,CREGION,Midwest,[0.47528351 0.06235377 0.46236272],0.01378020212543718
37,RACESURV28a_W43,CREGION,Northeast,[0.56619479 0.06143682 0.37236839],0.015081117838592544
38,RACESURV28a_W43,CREGION,South,[0.51836344 0.06855904 0.41307752],0.014165809793174841
39,RACESURV28a_W43,CREGION,West,[0.54212414 0.05997546 0.3979004 ],0.018460507169590586
40,RACESURV10_W43,CREGION,Midwest,[0.42366086 0.57633914],0.01559260642317655
41,RACESURV10_W43,CREGION,Northeast,[0.40189743 0.59810257],0.014214090804078353
42,RACESURV10_W43,CREGION,South,[0.40143564 0.59856436],0.014661484787529386
43,RACESURV10_W43,CREGION,West,[0.42540868 0.57459132],0.014714006016293952
44,RACATTN_W43,CREGION,Midwest,[0.43657647 0.34708764 0.21633589],0.012036698263489985
45,RACATTN_W43,CREGION,Northeast,[0.36932205 0.41437015 0.2163078 ],0.0070726838436733115
46,RACATTN_W43,CREGION,South,[0.44316039 0.36365683 0.19318279],0.01139899762705465
47,RACATTN_W43,CREGION,West,[0.37006463 0.40461194 0.22532344],0.013141742321627964
48,RACESURV50_W43,CREGION,Midwest,[0.36466124 0.63533876],0.03381160575405158
49,RACESURV50_W43,CREGION,Northeast,[0.47199811 0.52800189],0.026804291204544226
50,RACESURV50_W43,CREGION,South,[0.44312419 0.55687581],0.03555384582648923
51,RACESURV50_W43,CREGION,West,[0.46853641 0.53146359],0.04193680471871255
52,RACESURV28d_W43,CREGION,Midwest,[0.62869097 0.02157693 0.3497321 ],0.00590035246560284
53,RACESURV28d_W43,CREGION,Northeast,[0.73360855 0.02108245 0.24530901],0.005766381308703149
54,RACESURV28d_W43,CREGION,South,[0.64870761 0.03322389 0.3180685 ],0.013526469367917467
55,RACESURV28d_W43,CREGION,West,[0.70966212 0.02338364 0.26695424],0.009069388885559046
56,RACESURV28e_W43,CREGION,Midwest,[0.65799181 0.02381824 0.31818994],0.01121363591980285
57,RACESURV28e_W43,CREGION,Northeast,[0.66206006 0.03655868 0.30138126],0.014259792171426677
58,RACESURV28e_W43,CREGION,South,[0.65526766 0.04403614 0.3006962 ],0.014235808308823357
59,RACESURV28e_W43,CREGION,West,[0.65960066 0.02871007 0.31168927],0.018606054792129487
60,ADMISSIONe_W43,CREGION,Midwest,[0.15549096 0.52135037 0.32315867],0.004156702226534929
61,ADMISSIONe_W43,CREGION,Northeast,[0.25243481 0.48984098 0.25772421],0.013897191952744796
62,ADMISSIONe_W43,CREGION,South,[0.20860952 0.47408941 0.31730107],0.0029276052917388824
63,ADMISSIONe_W43,CREGION,West,[0.2469516  0.47244297 0.28060543],0.0015954937485066465
64,RACESURV53b_W43,CREGION,Midwest,[0.27884528 0.72115472],0.010286816855292952
65,RACESURV53b_W43,CREGION,Northeast,[0.26185041 0.73814959],0.011184811640674317
66,RACESURV53b_W43,CREGION,South,[0.39920263 0.60079737],0.014229935159438638
67,RACESURV53b_W43,CREGION,West,[0.34812309 0.65187691],0.015530503417605394
68,RACESURV37_W43,CREGION,Midwest,[0.60564122 0.39435878],0.009355258814776694
69,RACESURV37_W43,CREGION,Northeast,[0.60605549 0.39394451],0.009382777430346288
70,RACESURV37_W43,CREGION,South,[0.59633515 0.40366485],0.007204650619352858
71,RACESURV37_W43,CREGION,West,[0.62970359 0.37029641],0.006401820745975388
72,RACESURV45_W43,CREGION,Midwest,[0.04422802 0.38679658 0.5689754  0.        ],0.2770829356823369
73,RACESURV45_W43,CREGION,Northeast,[0.06569164 0.41404693 0.52026143 0.        ],0.2844761105627728
74,RACESURV45_W43,CREGION,South,[0.05504626 0.39219134 0.5527624  0.        ],0.26934835410042185
75,RACESURV45_W43,CREGION,West,[0.05149115 0.39072762 0.55778123 0.        ],0.2613835390758497
76,RACESURV5h_W43,CREGION,Midwest,[0.10064523 0.1827667  0.10253609 0.05107773 0.56297425],0.006655657873106911
77,RACESURV5h_W43,CREGION,Northeast,[0.08125083 0.22461195 0.10191397 0.03079461 0.56142864],0.020034178040354074
78,RACESURV5h_W43,CREGION,South,[0.11364462 0.19447177 0.1097658  0.06017807 0.52193973],0.006189143324699987
79,RACESURV5h_W43,CREGION,West,[0.12792456 0.18594406 0.08748869 0.05338133 0.54526136],0.011610146847282184
80,ADMISSIONc_W43,CREGION,Midwest,[0.0521271  0.23088499 0.71698791],0.0055734467550946345
81,ADMISSIONc_W43,CREGION,Northeast,[0.07524705 0.27381133 0.65094161],0.010000914678081237
82,ADMISSIONc_W43,CREGION,South,[0.0826062  0.23541688 0.68197692],0.0018748478526213052
83,ADMISSIONc_W43,CREGION,West,[0.08911877 0.22947654 0.68140469],0.004896910459235805
84,RACESURV1d_W43,CREGION,Midwest,[0.28017281 0.36992623 0.34990097],0.0029358076119118523
85,RACESURV1d_W43,CREGION,Northeast,[0.25519252 0.39237317 0.35243431],0.0009460463049450333
86,RACESURV1d_W43,CREGION,South,[0.27148132 0.40151638 0.3270023 ],0.0026020795520029544
87,RACESURV1d_W43,CREGION,West,[0.29512821 0.35112676 0.35374502],0.0043010616990569964
88,RACESURV5f_W43,CREGION,Midwest,[0.06297213 0.1370757  0.17735024 0.02961819 0.59298374],0.005696015934322063
89,RACESURV5f_W43,CREGION,Northeast,[0.09613271 0.15115661 0.18015636 0.02017414 0.55238019],0.013719211534747604
90,RACESURV5f_W43,CREGION,South,[0.09273154 0.15288841 0.14609919 0.0452531  0.56302775],0.008663807913897273
91,RACESURV5f_W43,CREGION,West,[0.07955304 0.17571004 0.17153495 0.05909684 0.51410514],0.019404399523631752
92,RACESURV19c_W43,CREGION,Midwest,[0.45661539 0.29337182 0.25001279],0.0022765453746777004
93,RACESURV19c_W43,CREGION,Northeast,[0.56334982 0.22144053 0.21520965],0.007742860102295567
94,RACESURV19c_W43,CREGION,South,[0.43960013 0.28242336 0.27797651],0.010272881206862209
95,RACESURV19c_W43,CREGION,West,[0.50955332 0.2841141  0.20633257],0.007169865226816924
96,RACESURV29b_W43,CREGION,Midwest,[0.2700497  0.41285997 0.24728732 0.06980301],0.0035792679486619772
97,RACESURV29b_W43,CREGION,Northeast,[0.28512279 0.45445064 0.23242477 0.0280018 ],0.0022106736988550084
98,RACESURV29b_W43,CREGION,South,[0.38334724 0.40935504 0.16365504 0.04364269],0.00890399437499323
99,RACESURV29b_W43,CREGION,West,[0.16636714 0.44182951 0.31666745 0.07513589],0.0046316444759927616
100,RACESURV47a_W43,CREGION,Midwest,[0.32105535 0.33851341 0.1184364  0.22199483],0.16342495426191117
101,RACESURV47a_W43,CREGION,Northeast,[0.25338478 0.25794476 0.1573348  0.33133566],0.20124377746548874
102,RACESURV47a_W43,CREGION,South,[0.30090869 0.31454919 0.13223818 0.25230394],0.21862481448992557
103,RACESURV47a_W43,CREGION,West,[0.24972606 0.2825855  0.19667857 0.27100987],0.23017696073497543
104,RACESURV27_W43,CREGION,Midwest,[0.08023101 0.23547879 0.36844363 0.31584657],0.011472592516619603
105,RACESURV27_W43,CREGION,Northeast,[0.06974563 0.25810022 0.35664148 0.31551267],0.023583409922772473
106,RACESURV27_W43,CREGION,South,[0.05908592 0.25798208 0.35002676 0.33290525],0.016291265565563016
107,RACESURV27_W43,CREGION,West,[0.08398181 0.29932899 0.327734   0.2889552 ],0.009408810226801113
108,RACESURV5b_W43,CREGION,Midwest,[0.06508769 0.11004719 0.33459086 0.22236815 0.26790611],0.005599979162705729
109,RACESURV5b_W43,CREGION,Northeast,[0.06481315 0.08599324 0.28623839 0.29929226 0.26366296],0.01003238627037175
110,RACESURV5b_W43,CREGION,South,[0.08692896 0.1100899  0.2984353  0.24191771 0.26262813],0.00740400857220707
111,RACESURV5b_W43,CREGION,West,[0.0646656  0.09037709 0.31431784 0.27721915 0.25342032],0.013577443490376638
112,RACESURV18a_W43,CREGION,Midwest,[0.06295104 0.59881884 0.27629113 0.06193899],0.1448802149026141
113,RACESURV18a_W43,CREGION,Northeast,[0.07707396 0.54356867 0.31087731 0.06848006],0.1480653671346351
114,RACESURV18a_W43,CREGION,South,[0.10632824 0.52944105 0.30889419 0.05533652],0.13591368575345134
115,RACESURV18a_W43,CREGION,West,[0.07418498 0.54657476 0.31581971 0.06342055],0.0939881008294926
116,RACESURV28c_W43,CREGION,Midwest,[0.41830079 0.02772787 0.55397133],0.018548666813811853
117,RACESURV28c_W43,CREGION,Northeast,[0.48372728 0.02554513 0.49072759],0.02908519177891172
118,RACESURV28c_W43,CREGION,South,[0.45969932 0.03628079 0.50401989],0.020004672766347317
119,RACESURV28c_W43,CREGION,West,[0.47208586 0.03281145 0.49510269],0.02754558059831136
120,RACESURV18d_W43,CREGION,Midwest,[0.17223387 0.70729899 0.09954103 0.02092611],0.1803487815320787
121,RACESURV18d_W43,CREGION,Northeast,[0.18292725 0.7194348  0.07488885 0.02274911],0.153396203897462
122,RACESURV18d_W43,CREGION,South,[0.20246919 0.66275456 0.10898062 0.02579563],0.18814481979187742
123,RACESURV18d_W43,CREGION,West,[0.20340251 0.66629238 0.11637956 0.01392555],0.12775283695665307
124,RACESURV51_W43,CREGION,Midwest,[0.24154122 0.06993963 0.68851914],0.011968315282037671
125,RACESURV51_W43,CREGION,Northeast,[0.27477809 0.07175165 0.65347026],0.012069028024595372
126,RACESURV51_W43,CREGION,South,[0.21806632 0.09170311 0.69023057],0.023766988097656892
127,RACESURV51_W43,CREGION,West,[0.28050347 0.08743808 0.63205845],0.018345206120678692
128,RACESURV47b_W43,CREGION,Midwest,[0.13733908 0.21212804 0.20350539 0.44702749],0.10695308495777814
129,RACESURV47b_W43,CREGION,Northeast,[0.15041985 0.2349111  0.17485244 0.43981661],0.15224082572802933
130,RACESURV47b_W43,CREGION,South,[0.15787754 0.2309835  0.13793601 0.47320296],0.15342226121419167
131,RACESURV47b_W43,CREGION,West,[0.15216711 0.26860835 0.189644   0.38958053],0.15767430343319003
132,RACESURV19b_W43,CREGION,Midwest,[0.3267632  0.29392705 0.37930976],0.007774509370964459
133,RACESURV19b_W43,CREGION,Northeast,[0.25492763 0.26477713 0.48029524],0.011275127403033517
134,RACESURV19b_W43,CREGION,South,[0.3258728  0.28267703 0.39145017],0.013782778245798393
135,RACESURV19b_W43,CREGION,West,[0.30175058 0.27133071 0.42691872],0.012676944104688642
136,RACESURV14_W43,CREGION,Midwest,[0.2031712  0.11325085 0.14974607 0.53383188],0.011576591284593294
137,RACESURV14_W43,CREGION,Northeast,[0.10721191 0.13854291 0.13315151 0.62109368],0.015752916574913796
138,RACESURV14_W43,CREGION,South,[0.15991804 0.15563981 0.14908883 0.53535331],0.01725422002652457
139,RACESURV14_W43,CREGION,West,[0.1358458  0.12750598 0.11467695 0.62197127],0.025550092287099927
140,ADMISSIONg_W43,CREGION,Midwest,[0.63400786 0.28884128 0.07715085],0.00251543263865881
141,ADMISSIONg_W43,CREGION,Northeast,[0.74127007 0.21100023 0.0477297 ],0.00866048688316233
142,ADMISSIONg_W43,CREGION,South,[0.66130182 0.25870537 0.07999281],0.0045669566740083704
143,ADMISSIONg_W43,CREGION,West,[0.66678964 0.2798661  0.05334426],0.002247500799226987
144,RACESURV52_W43,CREGION,Midwest,[0.11188013 0.19209929 0.26334075 0.43267983],0.0071273436496087925
145,RACESURV52_W43,CREGION,Northeast,[0.11725073 0.18898986 0.21559859 0.47816083],0.0012451522056218507
146,RACESURV52_W43,CREGION,South,[0.11872769 0.17749227 0.24407221 0.45970782],0.009852447320671528
147,RACESURV52_W43,CREGION,West,[0.09250499 0.16143338 0.23552994 0.51053169],0.010197395544313707
148,RACESURV34a_W43,CREGION,Midwest,[0.14431907 0.26300042 0.09407651 0.03027193 0.46833208],0.011727593883447194
149,RACESURV34a_W43,CREGION,Northeast,[0.15788278 0.26111805 0.09722959 0.03322712 0.45054246],0.010645328657858994
150,RACESURV34a_W43,CREGION,South,[0.12989263 0.20890789 0.12637046 0.05835196 0.47647706],0.009912252082034619
151,RACESURV34a_W43,CREGION,West,[0.15886385 0.2521597  0.09729178 0.04141548 0.45026919],0.010370089927446827
152,ADMISSIONa_W43,CREGION,Midwest,[0.05759696 0.1635563  0.77884674],0.0030519396484376673
153,ADMISSIONa_W43,CREGION,Northeast,[0.08284468 0.20752883 0.70962649],0.007045872306193843
154,ADMISSIONa_W43,CREGION,South,[0.07703837 0.18357888 0.73938275],0.0030398659371738707
155,ADMISSIONa_W43,CREGION,West,[0.07864363 0.23338983 0.68796654],0.0052838938167095225
156,RACESURV34c_W43,CREGION,Midwest,[0.1202172  0.2199827  0.18888904 0.13150499 0.33940607],0.00450337616748936
157,RACESURV34c_W43,CREGION,Northeast,[0.15467603 0.19229447 0.18668295 0.15787402 0.30847253],0.008616024300640117
158,RACESURV34c_W43,CREGION,South,[0.15200058 0.18104946 0.20592203 0.14297927 0.31804866],0.009172774190387766
159,RACESURV34c_W43,CREGION,West,[0.1648744  0.18799968 0.18000993 0.15366622 0.31344977],0.009222856477468297
160,RACESURV7_W43,CREGION,Midwest,[0.12042052 0.36394515 0.38259895 0.13303538],0.0029581994273751378
161,RACESURV7_W43,CREGION,Northeast,[0.13354162 0.39458801 0.36194443 0.10992594],0.0012914341456853903
162,RACESURV7_W43,CREGION,South,[0.16592848 0.38507791 0.32218925 0.12680436],0.006241012576880686
163,RACESURV7_W43,CREGION,West,[0.13370621 0.38186996 0.34331508 0.14110875],0.002797123413772784
164,RACESURV5i_W43,CREGION,Midwest,[0.32704813 0.27943536 0.09717164 0.0118102  0.28453466],0.00443566187975087
165,RACESURV5i_W43,CREGION,Northeast,[0.37423068 0.30295236 0.07813026 0.03352259 0.21116411],0.013366210346831879
166,RACESURV5i_W43,CREGION,South,[0.39385523 0.27048927 0.06831733 0.0302458  0.23709238],0.008074721323378758
167,RACESURV5i_W43,CREGION,West,[0.4092082  0.27582311 0.04606466 0.02840447 0.24049957],0.0019857729623070776
168,RACESURV6_W43,CREGION,Midwest,[0.49280901 0.50719099],0.01161408977988629
169,RACESURV6_W43,CREGION,Northeast,[0.37162056 0.62837944],0.006619943272935803
170,RACESURV6_W43,CREGION,South,[0.43942072 0.56057928],0.011277148739302145
171,RACESURV6_W43,CREGION,West,[0.39221957 0.60778043],0.015837017057885067
172,RACESURV5e_W43,CREGION,Midwest,[0.05737265 0.14392949 0.24107546 0.1484114  0.409211  ],0.007167569582077154
173,RACESURV5e_W43,CREGION,Northeast,[0.05620196 0.1481344  0.22952184 0.19551345 0.37062835],0.015169900935834294
174,RACESURV5e_W43,CREGION,South,[0.08563824 0.17873644 0.20540248 0.14062767 0.38959516],0.00602927807591916
175,RACESURV5e_W43,CREGION,West,[0.07541518 0.17320882 0.24605396 0.17732549 0.32799656],0.018212747837805174
176,RACESURV53e_W43,CREGION,Midwest,[0.40242657 0.59757343],0.013498070618176618
177,RACESURV53e_W43,CREGION,Northeast,[0.37791817 0.62208183],0.011443716688983977
178,RACESURV53e_W43,CREGION,South,[0.45043144 0.54956856],0.010427571736663447
179,RACESURV53e_W43,CREGION,West,[0.45232944 0.54767056],0.012246023668595623
180,RACESURV41_W43,CREGION,Midwest,[0.0541317  0.55766585 0.38820245 0.        ],0.1569849742127406
181,RACESURV41_W43,CREGION,Northeast,[0.06356824 0.52525481 0.41117695 0.        ],0.1562594055388244
182,RACESURV41_W43,CREGION,South,[0.08135704 0.4976797  0.42096326 0.        ],0.16904757944666501
183,RACESURV41_W43,CREGION,West,[0.08325314 0.52578493 0.39096193 0.        ],0.15580048704382388
184,RACESURV1a_W43,CREGION,Midwest,[0.24171828 0.29754441 0.4607373 ],0.0011721908352498882
185,RACESURV1a_W43,CREGION,Northeast,[0.22593594 0.29159253 0.48247153],0.0014475116602126023
186,RACESURV1a_W43,CREGION,South,[0.23971542 0.3149748  0.44530978],0.002995459581765415
187,RACESURV1a_W43,CREGION,West,[0.23583639 0.25489293 0.50927068],0.007196623283481089
188,RACESURV47d_W43,CREGION,Midwest,[0.22923758 0.40603919 0.21853617 0.14618706],0.138453376093981
189,RACESURV47d_W43,CREGION,Northeast,[0.27629561 0.33854784 0.20809577 0.17706079],0.13930253579517535
190,RACESURV47d_W43,CREGION,South,[0.18473258 0.38285305 0.26260771 0.16980665],0.161138269013564
191,RACESURV47d_W43,CREGION,West,[0.23353959 0.3767686  0.22554507 0.16414674],0.13499333999447885
192,RACESURV9_W43,CREGION,Midwest,[0.16855066 0.46324878 0.09379113 0.03428973 0.2401197 ],0.0007172363921402128
193,RACESURV9_W43,CREGION,Northeast,[0.14860711 0.4292507  0.10102605 0.03451976 0.28659637],0.004322164473824892
194,RACESURV9_W43,CREGION,South,[0.14003753 0.41527863 0.11856812 0.02231438 0.30380133],0.0046775536970432114
195,RACESURV9_W43,CREGION,West,[0.09834958 0.40458356 0.14144191 0.02123946 0.3343855 ],0.004125895713411963
196,RACESURV22_W43,CREGION,Midwest,[0.02119053 0.10389339 0.18675162 0.68816445],0.006327761866683017
197,RACESURV22_W43,CREGION,Northeast,[0.0322781  0.13701037 0.20726511 0.62344642],0.0012277993867166905
198,RACESURV22_W43,CREGION,South,[0.04556364 0.14808285 0.21787824 0.58847527],0.007047083304127542
199,RACESURV22_W43,CREGION,West,[0.04207986 0.13843066 0.23219035 0.58729914],0.0051432711021556325
200,ADMISSIONd_W43,CREGION,Midwest,[0.06317943 0.32988501 0.60693556],0.003546019777593933
201,ADMISSIONd_W43,CREGION,Northeast,[0.06527033 0.3766598  0.55806987],0.007010561153465823
202,ADMISSIONd_W43,CREGION,South,[0.09640053 0.33350792 0.57009154],0.003921731547268141
203,ADMISSIONd_W43,CREGION,West,[0.09174113 0.34346993 0.56478894],0.006196151403485307
204,RACESURV53g_W43,CREGION,Midwest,[0.39579011 0.60420989],0.011332911207704058
205,RACESURV53g_W43,CREGION,Northeast,[0.31421624 0.68578376],0.016918939538312524
206,RACESURV53g_W43,CREGION,South,[0.39876703 0.60123297],0.015291951388278404
207,RACESURV53g_W43,CREGION,West,[0.37316989 0.62683011],0.013062955689162081
208,RACESURV5a_W43,CREGION,Midwest,[0.34591384 0.22957519 0.07568617 0.04255798 0.30626682],0.005351925993966482
209,RACESURV5a_W43,CREGION,Northeast,[0.42165263 0.18809229 0.07163091 0.03939415 0.27923002],0.011997967734894035
210,RACESURV5a_W43,CREGION,South,[0.35646496 0.21412046 0.07667428 0.04660916 0.30613114],0.010885001984937628
211,RACESURV5a_W43,CREGION,West,[0.41894398 0.22345714 0.07384622 0.03698308 0.24676958],0.007168437276390264
212,RACESURV26_W43,CREGION,Midwest,[0.10409233 0.33114168 0.31734198 0.24742401],0.007853496530010008
213,RACESURV26_W43,CREGION,Northeast,[0.11555315 0.32875123 0.29564608 0.26004954],0.023899023748460365
214,RACESURV26_W43,CREGION,South,[0.1154047  0.34553759 0.29253929 0.24651842],0.015456851344645018
215,RACESURV26_W43,CREGION,West,[0.16035456 0.36388963 0.28143046 0.19432536],0.007398726572319027
216,RACESURV16_W43,CREGION,Midwest,[0.44564988 0.55435012],0.019756482525976084
217,RACESURV16_W43,CREGION,Northeast,[0.45629844 0.54370156],0.014027014382931946
218,RACESURV16_W43,CREGION,South,[0.43309568 0.56690432],0.015440743150428348
219,RACESURV16_W43,CREGION,West,[0.45565771 0.54434229],0.019239812229007915
220,RACESURV47c_W43,CREGION,Midwest,[0.02811077 0.06162705 0.14850255 0.76175963],0.06984932287877282
221,RACESURV47c_W43,CREGION,Northeast,[0.01582999 0.04598787 0.14013097 0.79805117],0.07989404969460612
222,RACESURV47c_W43,CREGION,South,[0.0396023  0.09059561 0.12818424 0.74161785],0.09647137474194004
223,RACESURV47c_W43,CREGION,West,[0.01789055 0.05705758 0.1553587  0.76969317],0.09840564179212623
224,RACESURV34e_W43,CREGION,Midwest,[0.21428095 0.39622694 0.04044187 0.01771899 0.33133126],0.007732039585954954
225,RACESURV34e_W43,CREGION,Northeast,[0.23583562 0.34786312 0.04443713 0.02060968 0.35125445],0.012933000692234384
226,RACESURV34e_W43,CREGION,South,[0.23912099 0.35870754 0.0502865  0.02677584 0.32510912],0.011603867651162714
227,RACESURV34e_W43,CREGION,West,[0.25339349 0.37136737 0.04725959 0.01734614 0.31063341],0.012816222329153403
228,ADMISSIONh_W43,CREGION,Midwest,[0.16181204 0.24648816 0.5916998 ],0.00241539365952532
229,ADMISSIONh_W43,CREGION,Northeast,[0.20950057 0.28456443 0.50593499],0.00894681573959058
230,ADMISSIONh_W43,CREGION,South,[0.20830539 0.24409516 0.54759944],0.0024922403898633145
231,ADMISSIONh_W43,CREGION,West,[0.23599492 0.30628791 0.45771716],0.00427354074134675
232,RACESURV18f_W43,CREGION,Midwest,[0.07414343 0.65421941 0.2247165  0.04692065],0.46370370519646487
233,RACESURV18f_W43,CREGION,Northeast,[0.07845763 0.63543301 0.23731771 0.04879166],0.46783930596759576
234,RACESURV18f_W43,CREGION,South,[0.13750794 0.60687316 0.22303984 0.03257906],0.42175877193597794
235,RACESURV18f_W43,CREGION,West,[0.12280791 0.60507451 0.24434288 0.0277747 ],0.38395447274595124
236,RACESURV13_W43,CREGION,Midwest,[0.18521339 0.49439693 0.25401575 0.06637393],0.0048008907676233845
237,RACESURV13_W43,CREGION,Northeast,[0.14169137 0.48502332 0.32022855 0.05305675],0.0005262069260117449
238,RACESURV13_W43,CREGION,South,[0.19314041 0.42166623 0.29137    0.09382335],0.00378099731439346
239,RACESURV13_W43,CREGION,West,[0.20989738 0.468996   0.25451279 0.06659382],0.0
240,RACESURV29c_W43,CREGION,Midwest,[0.17381056 0.40794107 0.32580021 0.09244816],0.005389791429011834
241,RACESURV29c_W43,CREGION,Northeast,[0.24754177 0.45574039 0.23987623 0.05684161],0.0030163947668055326
242,RACESURV29c_W43,CREGION,South,[0.30781325 0.40989579 0.20511106 0.0771799 ],0.007950059806555642
243,RACESURV29c_W43,CREGION,West,[0.42840495 0.41850047 0.11680935 0.03628522],0.003844546447172105
244,RACESURV17_W43,CREGION,Midwest,[0.27025875 0.31942481 0.22639165 0.18392479],0.009325123972446515
245,RACESURV17_W43,CREGION,Northeast,[0.35557902 0.31182627 0.17771513 0.15487958],0.009647241610005878
246,RACESURV17_W43,CREGION,South,[0.33095439 0.2994935  0.19295999 0.17659212],0.013587915364960075
247,RACESURV17_W43,CREGION,West,[0.30663238 0.37469526 0.18051028 0.13816207],0.012633941085854233
248,RACESURV19f_W43,CREGION,Midwest,[0.51409604 0.33367264 0.15223132],0.008040895177882324
249,RACESURV19f_W43,CREGION,Northeast,[0.50821418 0.3264209  0.16536492],0.01063561566977794
250,RACESURV19f_W43,CREGION,South,[0.49174027 0.3222588  0.18600094],0.012773945712809983
251,RACESURV19f_W43,CREGION,West,[0.49980296 0.32730155 0.17289549],0.011358838216044798
252,RACESURV29a_W43,CREGION,Midwest,[0.78514657 0.15604879 0.03186698 0.02693766],0.0036934932080997965
253,RACESURV29a_W43,CREGION,Northeast,[0.76199281 0.18646841 0.03591839 0.0156204 ],0.005670639403571779
254,RACESURV29a_W43,CREGION,South,[0.69329409 0.22043499 0.0631608  0.02311013],0.007928706222630186
255,RACESURV29a_W43,CREGION,West,[0.65742477 0.25021174 0.06940808 0.02295541],0.008472811326413424
256,ADMISSIONf_W43,CREGION,Midwest,[0.44480244 0.44894787 0.10624969],0.001401393662137735
257,ADMISSIONf_W43,CREGION,Northeast,[0.45814695 0.42636756 0.11548549],0.016233742282095356
258,ADMISSIONf_W43,CREGION,South,[0.47440238 0.40210284 0.12349478],0.00797654877364253
259,ADMISSIONf_W43,CREGION,West,[0.49041853 0.40713783 0.10244364],0.00430079861896373
260,IDIMPORT_W43,CREGION,Midwest,[0.11681093 0.14007768 0.17116392 0.16179386 0.41015361],0.0120203169041034
261,IDIMPORT_W43,CREGION,Northeast,[0.14825126 0.14025957 0.19146889 0.17353255 0.34648774],0.008228985766574609
262,IDIMPORT_W43,CREGION,South,[0.1957822  0.16257244 0.18364271 0.13041602 0.32758663],0.008137146698099874
263,IDIMPORT_W43,CREGION,West,[0.15770488 0.17333295 0.20198591 0.14172447 0.32525178],0.011059229687347525
264,RACESURV19a_W43,CREGION,Midwest,[0.39662547 0.37014161 0.23323292],0.007792664480710501
265,RACESURV19a_W43,CREGION,Northeast,[0.48959384 0.3240677  0.18633846],0.00796767947645572
266,RACESURV19a_W43,CREGION,South,[0.42690613 0.33179486 0.24129902],0.010210844623106034
267,RACESURV19a_W43,CREGION,West,[0.46332715 0.34183429 0.19483855],0.0099663889473262
268,ADMISSIONb_W43,CREGION,Midwest,[0.02695735 0.12034463 0.85269802],0.006806742861050273
269,ADMISSIONb_W43,CREGION,Northeast,[0.03353165 0.17476664 0.79170172],0.008727987364013845
270,ADMISSIONb_W43,CREGION,South,[0.06136733 0.12958949 0.80904318],0.004790738908556559
271,ADMISSIONb_W43,CREGION,West,[0.04884498 0.14432851 0.80682652],0.003184140677269063
272,RACESURV21_W43,CREGION,Midwest,[0.05245447 0.12116646 0.17296969 0.65340937],0.004296771292391707
273,RACESURV21_W43,CREGION,Northeast,[0.0644421  0.14894816 0.16044539 0.62616435],0.0038140709508185117
274,RACESURV21_W43,CREGION,South,[0.09563338 0.17868929 0.17724651 0.54843082],0.00958288369157507
275,RACESURV21_W43,CREGION,West,[0.06381079 0.14338231 0.19698072 0.59582618],0.0034190272470642426
276,RACESURV49_W43,CREGION,Midwest,[0.20308516 0.79691484],0.0313250902294969
277,RACESURV49_W43,CREGION,Northeast,[0.23824932 0.76175068],0.021911301353133995
278,RACESURV49_W43,CREGION,South,[0.2334695 0.7665305],0.026614527146803544
279,RACESURV49_W43,CREGION,West,[0.29622143 0.70377857],0.023835011968913772
280,RACESURV8_W43,CREGION,Midwest,[0.36313311 0.36702957 0.23133521 0.03850211],0.006550663883617441
281,RACESURV8_W43,CREGION,Northeast,[0.3571809  0.3613372  0.22382083 0.05766107],0.00010579305162904977
282,RACESURV8_W43,CREGION,South,[0.37822274 0.35740831 0.21049025 0.0538787 ],0.006917169724787574
283,RACESURV8_W43,CREGION,West,[0.36446979 0.35004062 0.23117079 0.05431881],0.0022810289987618706
284,RACESURV28b_W43,CREGION,Midwest,[0.39966391 0.01427237 0.58606373],0.007605470387417552
285,RACESURV28b_W43,CREGION,Northeast,[0.47979563 0.01261377 0.50759059],0.014324463452201808
286,RACESURV28b_W43,CREGION,South,[0.44142215 0.03079923 0.52777861],0.013813306750043412
287,RACESURV28b_W43,CREGION,West,[0.49368876 0.02608998 0.48022126],0.013850840871130452
288,RACESURV40_W43,CREGION,Midwest,[0.07315951 0.70998273 0.21685776 0.        ],0.11337933893773249
289,RACESURV40_W43,CREGION,Northeast,[0.11150066 0.72276741 0.16573193 0.        ],0.10833091866214539
290,RACESURV40_W43,CREGION,South,[0.11143721 0.71488869 0.17367411 0.        ],0.12363196188828725
291,RACESURV40_W43,CREGION,West,[0.11206378 0.67763122 0.210305   0.        ],0.10973501011249584
292,RACESURV2_W43,CREGION,Midwest,[0.55914957 0.2000316  0.0441915  0.01999178 0.17663555],0.0036550606248526548
293,RACESURV2_W43,CREGION,Northeast,[0.64880314 0.17763189 0.03452884 0.01107569 0.12796043],0.005073593096046853
294,RACESURV2_W43,CREGION,South,[0.50324743 0.21555734 0.06637247 0.01345849 0.20136426],0.0006140676251288316
295,RACESURV2_W43,CREGION,West,[0.61983109 0.17445974 0.05306059 0.01238943 0.14025915],0.00226841798088363
296,RACESURV47f_W43,CREGION,Midwest,[0.22498809 0.22990071 0.15846445 0.38664675],0.1440499592730196
297,RACESURV47f_W43,CREGION,Northeast,[0.16795996 0.19351916 0.18382055 0.45470033],0.11984539212821921
298,RACESURV47f_W43,CREGION,South,[0.15799059 0.21862512 0.20528832 0.41809597],0.13021545927456424
299,RACESURV47f_W43,CREGION,West,[0.15241553 0.21900247 0.17884038 0.44974162],0.12620568544115776
300,RACESURV53d_W43,CREGION,Midwest,[0.18634641 0.81365359],0.011463711140182567
301,RACESURV53d_W43,CREGION,Northeast,[0.23964883 0.76035117],0.011030246959164911
302,RACESURV53d_W43,CREGION,South,[0.30671944 0.69328056],0.011789904227242756
303,RACESURV53d_W43,CREGION,West,[0.23003092 0.76996908],0.011732776996482267
304,RACESURV47e_W43,CREGION,Midwest,[0.31803358 0.40037308 0.13410944 0.14748389],0.15235708151391172
305,RACESURV47e_W43,CREGION,Northeast,[0.28993136 0.4072739  0.15285667 0.14993807],0.16451295245230318
306,RACESURV47e_W43,CREGION,South,[0.29812024 0.35825525 0.19012192 0.15350259],0.13352558231885664
307,RACESURV47e_W43,CREGION,West,[0.33245635 0.33844723 0.18288774 0.14620868],0.13432632876564649
308,RACESURV3_W43,CREGION,Midwest,[0.05708067 0.46905172 0.47386761],0.0030389495041242415
309,RACESURV3_W43,CREGION,Northeast,[0.07778295 0.4982356  0.42398145],0.004353294361972902
310,RACESURV3_W43,CREGION,South,[0.05882266 0.48278165 0.45839569],0.006391050844473068
311,RACESURV3_W43,CREGION,West,[0.08828936 0.4509618  0.46074884],0.004723811242281097
312,RACESURV19e_W43,CREGION,Midwest,[0.4091429  0.31212711 0.27872999],0.009074960970546992
313,RACESURV19e_W43,CREGION,Northeast,[0.43918152 0.30088682 0.25993166],0.0
314,RACESURV19e_W43,CREGION,South,[0.40097226 0.30582962 0.29319812],0.009779202569432712
315,RACESURV19e_W43,CREGION,West,[0.44157003 0.31455511 0.24387486],0.02084315074926669
316,RACESURV15b_W43,CREGION,Midwest,[0.42401391 0.22322914 0.35275695],0.00808131101013385
317,RACESURV15b_W43,CREGION,Northeast,[0.53649996 0.23820965 0.22529039],0.006692721761490146
318,RACESURV15b_W43,CREGION,South,[0.42443718 0.2308089  0.34475391],0.009620009143532577
319,RACESURV15b_W43,CREGION,West,[0.47004857 0.25443007 0.27552137],0.021298630091486314
320,RACESURV19d_W43,CREGION,Midwest,[0.44194784 0.34694301 0.21110914],0.0033150613627997696
321,RACESURV19d_W43,CREGION,Northeast,[0.40942267 0.36602374 0.22455359],0.00649038577964947
322,RACESURV19d_W43,CREGION,South,[0.4407936  0.31230672 0.24689967],0.00978297517155873
323,RACESURV19d_W43,CREGION,West,[0.40645723 0.36566717 0.2278756 ],0.009437771280210094
324,RACESURV12_W43,CREGION,Midwest,[0.1514728  0.40022145 0.44830575],0.012326784163652814
325,RACESURV12_W43,CREGION,Northeast,[0.14740228 0.49858032 0.35401739],0.012781248364166288
326,RACESURV12_W43,CREGION,South,[0.16485923 0.43381371 0.40132706],0.013296575357474272
327,RACESURV12_W43,CREGION,West,[0.14109977 0.50383088 0.35506935],0.02031045210998026
328,RACESURV5l_W43,CREGION,Midwest,[0.78223197 0.10675594 0.01658649 0.02120983 0.07321577],0.003960162492807821
329,RACESURV5l_W43,CREGION,Northeast,[0.80573337 0.09904012 0.01889838 0.01477901 0.06154912],0.005337934850974533
330,RACESURV5l_W43,CREGION,South,[0.78494407 0.10470587 0.01848379 0.01761144 0.07425482],0.0072574016220508936
331,RACESURV5l_W43,CREGION,West,[0.78443456 0.11546894 0.01654348 0.02162356 0.06192946],0.005530752607140969
332,RACESURV25_W43,CREGION,Midwest,[0.12862774 0.32658045 0.31255861 0.2322332 ],0.008791012979238785
333,RACESURV25_W43,CREGION,Northeast,[0.16128632 0.30499366 0.28784262 0.2458774 ],0.01920140481412643
334,RACESURV25_W43,CREGION,South,[0.16432362 0.35971392 0.25222787 0.2237346 ],0.01588449306516265
335,RACESURV25_W43,CREGION,West,[0.10937761 0.35479978 0.30822717 0.22759544],0.007146595230837323
336,RACESURV53a_W43,CREGION,Midwest,[0.13226838 0.86773162],0.007494131558312716
337,RACESURV53a_W43,CREGION,Northeast,[0.14063112 0.85936888],0.011411453528387816
338,RACESURV53a_W43,CREGION,South,[0.18466115 0.81533885],0.010804794909723747
339,RACESURV53a_W43,CREGION,West,[0.15085158 0.84914842],0.015118119760060769
340,RACESURV15a_W43,CREGION,Midwest,[0.59364407 0.06865665 0.33769927],0.013074043141572612
341,RACESURV15a_W43,CREGION,Northeast,[0.68151167 0.05062495 0.26786338],0.005680240460409653
342,RACESURV15a_W43,CREGION,South,[0.634668   0.04682595 0.31850605],0.012506050302892743
343,RACESURV15a_W43,CREGION,West,[0.72802504 0.05502658 0.21694838],0.01403717994665629
344,RACESURV18b_W43,CREGION,Midwest,[0.06053269 0.58197755 0.28503752 0.07245224],0.33034461675875504
345,RACESURV18b_W43,CREGION,Northeast,[0.1097024  0.58730144 0.25801256 0.0449836 ],0.2956794643495308
346,RACESURV18b_W43,CREGION,South,[0.13009981 0.55306529 0.27192753 0.04490736],0.25507713379835667
347,RACESURV18b_W43,CREGION,West,[0.10621598 0.47038881 0.35009405 0.07330116],0.24557311995395079
348,RACESURV18c_W43,CREGION,Midwest,[0.04096104 0.50420905 0.3803965  0.07443341],0.08961699068880798
349,RACESURV18c_W43,CREGION,Northeast,[0.041263   0.45519038 0.38274242 0.1208042 ],0.08683689870430282
350,RACESURV18c_W43,CREGION,South,[0.06861508 0.45031914 0.39529476 0.08577101],0.09444508817018765
351,RACESURV18c_W43,CREGION,West,[0.04680357 0.42905239 0.41217302 0.11197102],0.08509396650873516
352,RACESURV53f_W43,CREGION,Midwest,[0.36820408 0.63179592],0.008585714090718004
353,RACESURV53f_W43,CREGION,Northeast,[0.35376129 0.64623871],0.012349902791826078
354,RACESURV53f_W43,CREGION,South,[0.38597334 0.61402666],0.014445891362413407
355,RACESURV53f_W43,CREGION,West,[0.38243754 0.61756246],0.014027375622286726
356,RACESURV11_W43,CREGION,Midwest,[0.16452512 0.50251019 0.33296469],0.0
357,RACESURV11_W43,CREGION,Northeast,[0.17224347 0.54942968 0.27832686],0.0018542935320851803
358,RACESURV11_W43,CREGION,South,[0.16763196 0.53894288 0.29342516],0.006092857449014169
359,RACESURV11_W43,CREGION,West,[0.19310229 0.52388273 0.28301498],0.0036422988722491063
360,RACESURV53c_W43,CREGION,Midwest,[0.27562883 0.72437117],0.012265439217949401
361,RACESURV53c_W43,CREGION,Northeast,[0.31335812 0.68664188],0.00930014582456493
362,RACESURV53c_W43,CREGION,South,[0.40802616 0.59197384],0.013334237249148801
363,RACESURV53c_W43,CREGION,West,[0.36859155 0.63140845],0.013800465321107288
364,RACESURV5g_W43,CREGION,Midwest,[0.04047419 0.03893858 0.36023509 0.28561689 0.27473524],0.007563402563384172
365,RACESURV5g_W43,CREGION,Northeast,[0.02095755 0.07343618 0.33416299 0.30229379 0.26914948],0.015806499408834447
366,RACESURV5g_W43,CREGION,South,[0.04206867 0.04755337 0.29851238 0.31270557 0.29915999],0.006315568291004746
367,RACESURV5g_W43,CREGION,West,[0.02677482 0.06286126 0.30710151 0.35389566 0.24936674],0.013504861155130915
368,RACESURV24_W43,CREGION,Midwest,[0.21553544 0.34735302 0.2310146  0.20609695],0.00668741485468095
369,RACESURV24_W43,CREGION,Northeast,[0.23766394 0.33557754 0.2195046  0.20725392],0.02027449558343204
370,RACESURV24_W43,CREGION,South,[0.20389637 0.36459383 0.20478542 0.22672438],0.010788177079265689
371,RACESURV24_W43,CREGION,West,[0.20329259 0.35983368 0.22501064 0.21186309],0.009651872437657652
372,RACESURV5k_W43,CREGION,Midwest,[0.01782555 0.02380216 0.19898046 0.68492858 0.07446325],0.004991253997766687
373,RACESURV5k_W43,CREGION,Northeast,[0.03007867 0.02338144 0.18351843 0.67132075 0.09170071],0.006568497930194958
374,RACESURV5k_W43,CREGION,South,[0.02260358 0.02154334 0.20964894 0.66310474 0.08309941],0.004007824764351402
375,RACESURV5k_W43,CREGION,West,[0.01732247 0.04482535 0.21131949 0.63868935 0.08784334],0.002336033061404248
376,RACESURV36_W43,CREGION,Midwest,[0.08260016 0.35838452 0.40299664 0.15601868],0.006868575467662184
377,RACESURV36_W43,CREGION,Northeast,[0.09694796 0.38075941 0.3632446  0.15904803],0.0031107374232784224
378,RACESURV36_W43,CREGION,South,[0.11438013 0.35139814 0.38017047 0.15405127],0.009176523845846538
379,RACESURV36_W43,CREGION,West,[0.10292481 0.35097903 0.39850581 0.14759035],0.013709341405479034
380,RACESURV5j_W43,CREGION,Midwest,[0.07810532 0.17517906 0.40251473 0.06987179 0.27432911],0.00443566187975087
381,RACESURV5j_W43,CREGION,Northeast,[0.10621167 0.11748208 0.46182059 0.09379892 0.22068674],0.006879382733846047
382,RACESURV5j_W43,CREGION,South,[0.06843966 0.16181498 0.41288666 0.09711672 0.25974198],0.009869183554371984
383,RACESURV5j_W43,CREGION,West,[0.07402863 0.1394887  0.39671883 0.13411454 0.2556493 ],0.006212070482256303
384,RACESURV18e_W43,CREGION,Midwest,[0.06368104 0.55681772 0.32152715 0.05797409],0.4151104991505051
385,RACESURV18e_W43,CREGION,Northeast,[0.0708518  0.53184908 0.32701541 0.07028372],0.40060813476264895
386,RACESURV18e_W43,CREGION,South,[0.10471094 0.54591856 0.29827114 0.05109936],0.3630925551318323
387,RACESURV18e_W43,CREGION,West,[0.08320842 0.52022734 0.31708044 0.07948379],0.35115809479170074
388,RACESURV5c_W43,CREGION,Midwest,[0.05397216 0.10383996 0.36334427 0.14439398 0.33444963],0.006933235136007875
389,RACESURV5c_W43,CREGION,Northeast,[0.06465405 0.10775968 0.36997897 0.1709807  0.28662661],0.008114914216509094
390,RACESURV5c_W43,CREGION,South,[0.06458518 0.11535605 0.33859698 0.17042309 0.3110387 ],0.009740921459766726
391,RACESURV5c_W43,CREGION,West,[0.0746289  0.12902652 0.34679964 0.18119662 0.26834832],0.012175187349298202
392,RACESURV44_W43,CREGION,Midwest,[0.14719655 0.69698951 0.15581394 0.        ],0.13573838182384423
393,RACESURV44_W43,CREGION,Northeast,[0.14289553 0.69312711 0.16397736 0.        ],0.1629305684384556
394,RACESURV44_W43,CREGION,South,[0.1685127  0.67024371 0.16124359 0.        ],0.14804061986573797
395,RACESURV44_W43,CREGION,West,[0.1582673  0.65916554 0.18256716 0.        ],0.15304243931841147
396,RACESURV38_W43,CREGION,Midwest,[0.04641379 0.26123333 0.38843221 0.30392067],0.005797668660418209
397,RACESURV38_W43,CREGION,Northeast,[0.09467127 0.27324785 0.32700897 0.30507191],0.005395304579643937
398,RACESURV38_W43,CREGION,South,[0.06638681 0.30588305 0.34688973 0.28084042],0.010619800622868058
399,RACESURV38_W43,CREGION,West,[0.07206157 0.27803843 0.38222145 0.26767855],0.012469929623561969
400,RACESURV34b_W43,CREGION,Midwest,[0.11823422 0.22216621 0.18172903 0.0456117  0.43225884],0.006429155964491777
401,RACESURV34b_W43,CREGION,Northeast,[0.13674744 0.19671722 0.22563992 0.04519589 0.39569953],0.007610017813132568
402,RACESURV34b_W43,CREGION,South,[0.13540069 0.21464841 0.19479417 0.05851274 0.396644  ],0.012015924002271564
403,RACESURV34b_W43,CREGION,West,[0.14891155 0.22950324 0.21482559 0.05129938 0.35546024],0.010796242875441208
404,RACESURV20_W43,CREGION,Midwest,[0.04712491 0.33512913 0.61774596],0.005584864324782594
405,RACESURV20_W43,CREGION,Northeast,[0.04355884 0.34596011 0.61048106],0.0060329701174281
406,RACESURV20_W43,CREGION,South,[0.05918917 0.43683126 0.50397957],0.008704916251532259
407,RACESURV20_W43,CREGION,West,[0.06652128 0.42730665 0.50617207],0.007686558195281205
0,RACESURV1c_W43,AGE,18-29,[0.33038151 0.17077823 0.49884026],0.0022057811502442628
1,RACESURV1c_W43,AGE,30-49,[0.29411901 0.20532928 0.50055171],0.00197465952547359
2,RACESURV1c_W43,AGE,50-64,[0.28793603 0.18326045 0.52880353],0.0030284992071409073
3,RACESURV1c_W43,AGE,65+,[0.26296579 0.146355   0.59067921],0.0022489255774500085
4,RACESURV28g_W43,AGE,18-29,[0.44629251 0.02943054 0.52427695],0.012267565033787738
5,RACESURV28g_W43,AGE,30-49,[0.36289853 0.0264028  0.61069867],0.012639992334873573
6,RACESURV28g_W43,AGE,50-64,[0.26299824 0.02905397 0.70794779],0.017195508064711016
7,RACESURV28g_W43,AGE,65+,[0.27662871 0.02002308 0.70334821],0.010411327096788459
8,RACESURV4_W43,AGE,18-29,[0.72721133 0.07340258 0.19938609],0.007331242103182772
9,RACESURV4_W43,AGE,30-49,[0.66675247 0.08943165 0.24381588],0.004757547964732378
10,RACESURV4_W43,AGE,50-64,[0.5841705  0.18085524 0.23497426],0.007366379678325672
11,RACESURV4_W43,AGE,65+,[0.61421261 0.16225638 0.22353101],0.006452885745279063
12,RACESURV48_W43,AGE,18-29,[0.44808376 0.29751828 0.12772466 0.12667331],0.017535791978107455
13,RACESURV48_W43,AGE,30-49,[0.512669   0.2459368  0.10498443 0.13640977],0.015567328861770145
14,RACESURV48_W43,AGE,50-64,[0.48533334 0.24539803 0.13231978 0.13694884],0.011782553054253188
15,RACESURV48_W43,AGE,65+,[0.52022884 0.28482938 0.11547683 0.07946495],0.015013837697098568
16,RACESURV1b_W43,AGE,18-29,[0.30581347 0.27898256 0.41520397],0.00406519302082991
17,RACESURV1b_W43,AGE,30-49,[0.31728049 0.29079766 0.39192184],0.0037952194590581277
18,RACESURV1b_W43,AGE,50-64,[0.30144418 0.26189174 0.43666408],0.008797975472101429
19,RACESURV1b_W43,AGE,65+,[0.33086157 0.18243983 0.4866986 ],0.016996196300378973
20,RACESURV34d_W43,AGE,18-29,[0.5851179  0.20712056 0.05533085 0.02678727 0.12564341],0.00894777601393234
21,RACESURV34d_W43,AGE,30-49,[0.6173609  0.19854592 0.0309907  0.02333806 0.12976443],0.009136510711880437
22,RACESURV34d_W43,AGE,50-64,[0.62356805 0.17283141 0.03440607 0.02038074 0.14881373],0.00869907531593351
23,RACESURV34d_W43,AGE,65+,[0.6915142  0.14962565 0.01758685 0.01377369 0.12749961],0.0012023792522410917
24,RACESURV29d_W43,AGE,18-29,[0.18388447 0.34862892 0.34472966 0.12275695],0.007492857281720136
25,RACESURV29d_W43,AGE,30-49,[0.1315143  0.40128656 0.34731706 0.11988207],0.005383231639834781
26,RACESURV29d_W43,AGE,50-64,[0.12779925 0.35059351 0.39457479 0.12703245],0.008183665254152284
27,RACESURV29d_W43,AGE,65+,[0.09214199 0.33523986 0.41516533 0.15745282],0.005347235526100086
28,RACESURV28f_W43,AGE,18-29,[0.43666265 0.03290412 0.53043324],0.007650529484203766
29,RACESURV28f_W43,AGE,30-49,[0.36004459 0.02827451 0.6116809 ],0.01513923657319712
30,RACESURV28f_W43,AGE,50-64,[0.30576576 0.04004892 0.65418532],0.02027761043399485
31,RACESURV28f_W43,AGE,65+,[0.33839106 0.03884144 0.6227675 ],0.011140138251545612
32,RACESURV5d_W43,AGE,18-29,[0.07630717 0.26050099 0.21836275 0.03241255 0.41241654],0.010347800286075784
33,RACESURV5d_W43,AGE,30-49,[0.07764151 0.2659552  0.15968551 0.03379473 0.46292304],0.008022042397205106
34,RACESURV5d_W43,AGE,50-64,[0.08793702 0.26369927 0.16507139 0.03478809 0.44850422],0.016870614459100104
35,RACESURV5d_W43,AGE,65+,[0.08650289 0.26004088 0.19619358 0.03499344 0.4222692 ],0.007563450915424935
36,RACESURV28a_W43,AGE,18-29,[0.61561563 0.04782731 0.33655706],0.006588211845780269
37,RACESURV28a_W43,AGE,30-49,[0.52320559 0.05748408 0.41931033],0.018820452257725873
38,RACESURV28a_W43,AGE,50-64,[0.46062522 0.08583856 0.45353622],0.018028033309941457
39,RACESURV28a_W43,AGE,65+,[0.50924451 0.06435541 0.42640009],0.014553925840123398
40,RACESURV10_W43,AGE,18-29,[0.39346975 0.60653025],0.010054674541132366
41,RACESURV10_W43,AGE,30-49,[0.39646161 0.60353839],0.013805249311935523
42,RACESURV10_W43,AGE,50-64,[0.41188022 0.58811978],0.010783151093660228
43,RACESURV10_W43,AGE,65+,[0.45511774 0.54488226],0.026282353690556117
44,RACATTN_W43,AGE,18-29,[0.29874798 0.43687269 0.26437933],0.01003010131883465
45,RACATTN_W43,AGE,30-49,[0.37567979 0.39708299 0.22723721],0.008330558034973144
46,RACATTN_W43,AGE,50-64,[0.47719716 0.34645798 0.17634486],0.014196890693791214
47,RACATTN_W43,AGE,65+,[0.50439841 0.32920962 0.16639197],0.013449194464371176
48,RACESURV50_W43,AGE,18-29,[0.56211117 0.43788883],0.027780159504178857
49,RACESURV50_W43,AGE,30-49,[0.47644934 0.52355066],0.030452647797415265
50,RACESURV50_W43,AGE,50-64,[0.34397527 0.65602473],0.03353366442163025
51,RACESURV50_W43,AGE,65+,[0.36075801 0.63924199],0.052954932976113034
52,RACESURV28d_W43,AGE,18-29,[0.72307153 0.04948211 0.22744637],0.004436949749701633
53,RACESURV28d_W43,AGE,30-49,[0.66852515 0.02493745 0.3065374 ],0.013731963438323787
54,RACESURV28d_W43,AGE,50-64,[0.63181802 0.01593878 0.3522432 ],0.00767716588240927
55,RACESURV28d_W43,AGE,65+,[0.6865102  0.01833736 0.29515244],0.009803384700904715
56,RACESURV28e_W43,AGE,18-29,[0.75630608 0.03282862 0.2108653 ],0.008689540049790731
57,RACESURV28e_W43,AGE,30-49,[0.66420234 0.03025902 0.30553864],0.014180388388169275
58,RACESURV28e_W43,AGE,50-64,[0.58563814 0.04949392 0.36486795],0.019199327572327604
59,RACESURV28e_W43,AGE,65+,[0.64132365 0.02424693 0.33442943],0.015795637835877112
60,ADMISSIONe_W43,AGE,18-29,[0.22775364 0.50286652 0.26937984],0.004112513485203817
61,ADMISSIONe_W43,AGE,30-49,[0.22304105 0.487644   0.28931496],0.005274557637455607
62,ADMISSIONe_W43,AGE,50-64,[0.19119706 0.46284003 0.34596292],0.007442934572836816
63,ADMISSIONe_W43,AGE,65+,[0.21594104 0.49449167 0.28956729],0.0013811950323025955
64,RACESURV53b_W43,AGE,18-29,[0.35837401 0.64162599],0.010275624545852116
65,RACESURV53b_W43,AGE,30-49,[0.37248944 0.62751056],0.015198774235647184
66,RACESURV53b_W43,AGE,50-64,[0.34848126 0.65151874],0.01807530667700305
67,RACESURV53b_W43,AGE,65+,[0.24437372 0.75562628],0.006519365336083494
68,RACESURV37_W43,AGE,18-29,[0.60953752 0.39046248],0.012426599527447084
69,RACESURV37_W43,AGE,30-49,[0.62515521 0.37484479],0.0033964279012100125
70,RACESURV37_W43,AGE,50-64,[0.61273273 0.38726727],0.006326521947370298
71,RACESURV37_W43,AGE,65+,[0.568963 0.431037],0.01260403355460337
72,RACESURV45_W43,AGE,18-29,[0.07011517 0.36199671 0.56788812 0.        ],0.26982410250550265
73,RACESURV45_W43,AGE,30-49,[0.05544085 0.38071119 0.56384797 0.        ],0.25560672642345283
74,RACESURV45_W43,AGE,50-64,[0.04313515 0.42375758 0.53310727 0.        ],0.28069947953485413
75,RACESURV45_W43,AGE,65+,[0.04900254 0.41196141 0.53903605 0.        ],0.29048193372890324
76,RACESURV5h_W43,AGE,18-29,[0.10216722 0.22650945 0.07576118 0.03985975 0.5557024 ],0.008314172875722722
77,RACESURV5h_W43,AGE,30-49,[0.12329181 0.20365243 0.08864611 0.04574419 0.53866546],0.009982143433151085
78,RACESURV5h_W43,AGE,50-64,[0.10678101 0.15815051 0.11788329 0.06466125 0.55252394],0.015185168318070714
79,RACESURV5h_W43,AGE,65+,[0.09010934 0.19665256 0.12967857 0.05686201 0.52669753],0.0053972102161966625
80,ADMISSIONc_W43,AGE,18-29,[0.08179837 0.23919603 0.6790056 ],0.0047898419056734524
81,ADMISSIONc_W43,AGE,30-49,[0.09462025 0.23530404 0.67007572],0.0019402169435283763
82,ADMISSIONc_W43,AGE,50-64,[0.06683124 0.22253407 0.71063468],0.009227205547493787
83,ADMISSIONc_W43,AGE,65+,[0.0512458  0.26956318 0.67919102],0.004071757323151479
84,RACESURV1d_W43,AGE,18-29,[0.22486797 0.42542507 0.34970696],0.0015619122123602632
85,RACESURV1d_W43,AGE,30-49,[0.25929925 0.42227319 0.31842756],0.001588909983108007
86,RACESURV1d_W43,AGE,50-64,[0.26610005 0.39935628 0.33454366],0.005971177909761242
87,RACESURV1d_W43,AGE,65+,[0.37043881 0.24133205 0.38822914],0.0020242560170882517
88,RACESURV5f_W43,AGE,18-29,[0.06227366 0.16273021 0.15946883 0.04807627 0.56745103],0.011087112560153866
89,RACESURV5f_W43,AGE,30-49,[0.10467292 0.169284   0.14635913 0.04158572 0.53809823],0.007470095366485876
90,RACESURV5f_W43,AGE,50-64,[0.08450081 0.14193372 0.14989324 0.04593527 0.57773696],0.018839324316839306
91,RACESURV5f_W43,AGE,65+,[0.07050303 0.13506709 0.21958103 0.02599455 0.5488543 ],0.009589380019245234
92,RACESURV19c_W43,AGE,18-29,[0.57906415 0.24220184 0.17873402],0.00430448061925555
93,RACESURV19c_W43,AGE,30-49,[0.51641044 0.25737443 0.22621512],0.008768691724825757
94,RACESURV19c_W43,AGE,50-64,[0.3962505  0.29577313 0.30797637],0.009593187296822025
95,RACESURV19c_W43,AGE,65+,[0.42975907 0.3091627  0.26107823],0.005659663261303066
96,RACESURV29b_W43,AGE,18-29,[0.28921722 0.41486287 0.2341459  0.06177401],0.0052031616384054895
97,RACESURV29b_W43,AGE,30-49,[0.33735915 0.41238221 0.20167608 0.04858256],0.006378230632200324
98,RACESURV29b_W43,AGE,50-64,[0.31659226 0.42627741 0.20844216 0.04868817],0.007965285738429308
99,RACESURV29b_W43,AGE,65+,[0.18145517 0.45961857 0.29791686 0.0610094 ],0.0017280198524893208
100,RACESURV47a_W43,AGE,18-29,[0.19578272 0.2360951  0.20566006 0.36246212],0.20118482680330563
101,RACESURV47a_W43,AGE,30-49,[0.26565928 0.30394764 0.15906078 0.2713323 ],0.22574465281673886
102,RACESURV47a_W43,AGE,50-64,[0.34242619 0.33402945 0.10926737 0.21427699],0.22087201476388518
103,RACESURV47a_W43,AGE,65+,[0.33189342 0.32718352 0.12344255 0.2174805 ],0.1636227273925772
104,RACESURV27_W43,AGE,18-29,[0.10808223 0.26711318 0.32444095 0.30036364],0.013228347703451968
105,RACESURV27_W43,AGE,30-49,[0.07498013 0.25227549 0.35095041 0.32179397],0.011396543952444882
106,RACESURV27_W43,AGE,50-64,[0.06056903 0.2630458  0.35516194 0.32122323],0.017835232068714735
107,RACESURV27_W43,AGE,65+,[0.0409085  0.27766222 0.36654663 0.31488265],0.019234300769942765
108,RACESURV5b_W43,AGE,18-29,[0.05241455 0.06160284 0.31490221 0.32426814 0.24681226],0.00798952930249201
109,RACESURV5b_W43,AGE,30-49,[0.06206441 0.10409627 0.28249827 0.25916629 0.29217476],0.007399795265018737
110,RACESURV5b_W43,AGE,50-64,[0.09562951 0.10699113 0.31251015 0.21631174 0.26855746],0.014750192342835228
111,RACESURV5b_W43,AGE,65+,[0.08171029 0.12964769 0.33791694 0.23343368 0.2172914 ],0.005270834440510132
112,RACESURV18a_W43,AGE,18-29,[0.10156435 0.39901008 0.38194666 0.11747892],0.15104273445115302
113,RACESURV18a_W43,AGE,30-49,[0.08453394 0.52247901 0.32435518 0.06863186],0.13710997389781207
114,RACESURV18a_W43,AGE,50-64,[0.08673135 0.6296574  0.2524268  0.03118445],0.12454170407523038
115,RACESURV18a_W43,AGE,65+,[0.06565669 0.64180208 0.2617786  0.03076262],0.10386190536998342
116,RACESURV28c_W43,AGE,18-29,[0.53865431 0.03547148 0.42587421],0.014247449231077841
117,RACESURV28c_W43,AGE,30-49,[0.45211541 0.03426539 0.51361919],0.02788089969966026
118,RACESURV28c_W43,AGE,50-64,[0.40363781 0.03557294 0.56078925],0.023897224200598133
119,RACESURV28c_W43,AGE,65+,[0.45537248 0.01772908 0.52689845],0.02295179528889742
120,RACESURV18d_W43,AGE,18-29,[0.24003718 0.61340219 0.1094265  0.03713413],0.19156255825008633
121,RACESURV18d_W43,AGE,30-49,[0.19497033 0.68439119 0.09500349 0.02563499],0.17052493512906503
122,RACESURV18d_W43,AGE,50-64,[0.16156043 0.72260312 0.10349726 0.01233919],0.17020771748851482
123,RACESURV18d_W43,AGE,65+,[0.1837577  0.69758352 0.10840929 0.0102495 ],0.12543252892325188
124,RACESURV51_W43,AGE,18-29,[0.36970344 0.09893222 0.53136434],0.01041510896317632
125,RACESURV51_W43,AGE,30-49,[0.27558686 0.09886931 0.62554383],0.014883654636131281
126,RACESURV51_W43,AGE,50-64,[0.17033421 0.07517556 0.75449023],0.020240664769968886
127,RACESURV51_W43,AGE,65+,[0.1713105  0.04720259 0.78148691],0.02818879459440922
128,RACESURV47b_W43,AGE,18-29,[0.2975326  0.30563502 0.18170205 0.21513033],0.1974546306220877
129,RACESURV47b_W43,AGE,30-49,[0.16268319 0.27174762 0.17287292 0.39269626],0.1577561794005996
130,RACESURV47b_W43,AGE,50-64,[0.08148307 0.19533652 0.14123983 0.58194058],0.12639724897497162
131,RACESURV47b_W43,AGE,65+,[0.08558927 0.16609763 0.19308328 0.55522982],0.09244501330202794
132,RACESURV19b_W43,AGE,18-29,[0.26109537 0.24004779 0.49885684],0.00923420487483367
133,RACESURV19b_W43,AGE,30-49,[0.30504741 0.26937003 0.42558257],0.011527086462880793
134,RACESURV19b_W43,AGE,50-64,[0.33804605 0.30456019 0.35739376],0.012539751506402548
135,RACESURV19b_W43,AGE,65+,[0.32064463 0.30364901 0.37570636],0.014161670419601282
136,RACESURV14_W43,AGE,18-29,[0.0761723  0.11987567 0.15374876 0.65020326],0.017619592789044264
137,RACESURV14_W43,AGE,30-49,[0.11797466 0.12719667 0.14134228 0.61348639],0.007620627272833521
138,RACESURV14_W43,AGE,50-64,[0.2033069  0.14237861 0.14291409 0.5114004 ],0.02353806944220518
139,RACESURV14_W43,AGE,65+,[0.2350137  0.16529732 0.11191471 0.48777426],0.02809954093672819
140,ADMISSIONg_W43,AGE,18-29,[0.62625569 0.28878147 0.08496284],0.0034963062078838675
141,ADMISSIONg_W43,AGE,30-49,[0.65705151 0.2773447  0.0656038 ],0.005074908054766656
142,ADMISSIONg_W43,AGE,50-64,[0.66422644 0.26900387 0.06676969],0.006608717561874705
143,ADMISSIONg_W43,AGE,65+,[0.747681   0.19857001 0.05374899],0.0009613634733011265
144,RACESURV52_W43,AGE,18-29,[0.05591097 0.12558363 0.24093646 0.57756893],0.007446034735233598
145,RACESURV52_W43,AGE,30-49,[0.07600878 0.14420021 0.24122786 0.53856315],0.008983145921402839
146,RACESURV52_W43,AGE,50-64,[0.14460595 0.22771084 0.24765933 0.38002387],0.009382630031424841
147,RACESURV52_W43,AGE,65+,[0.18303884 0.229539   0.23318485 0.3542373 ],0.004389611063965517
148,RACESURV34a_W43,AGE,18-29,[0.15346816 0.28990927 0.10594215 0.05038225 0.40029817],0.010706335678492086
149,RACESURV34a_W43,AGE,30-49,[0.12689629 0.21775856 0.12520841 0.05227851 0.47785822],0.013305994606343819
150,RACESURV34a_W43,AGE,50-64,[0.11358789 0.22740089 0.11933646 0.04707713 0.49259764],0.010705959221623427
151,RACESURV34a_W43,AGE,65+,[0.20445277 0.24178976 0.06525564 0.01869942 0.46980241],0.005384254392838126
152,ADMISSIONa_W43,AGE,18-29,[0.1118316  0.23732022 0.65084818],0.002279145552813606
153,ADMISSIONa_W43,AGE,30-49,[0.07165804 0.22988037 0.69846159],0.004986181873033153
154,ADMISSIONa_W43,AGE,50-64,[0.06223141 0.15387924 0.78388935],0.006057343368134248
155,ADMISSIONa_W43,AGE,65+,[0.05521463 0.1468412  0.79794417],0.002870760862508246
156,RACESURV34c_W43,AGE,18-29,[0.22196053 0.22804685 0.1850068  0.15152097 0.21346485],0.007275045043022662
157,RACESURV34c_W43,AGE,30-49,[0.15524714 0.18369604 0.19567968 0.15702197 0.30835517],0.0106839940180589
158,RACESURV34c_W43,AGE,50-64,[0.11842605 0.18714331 0.19879579 0.13787013 0.35776472],0.009502277359712612
159,RACESURV34c_W43,AGE,65+,[0.10286978 0.18027385 0.18936501 0.12828962 0.39920174],0.002847699822842447
160,RACESURV7_W43,AGE,18-29,[0.1692852  0.40842797 0.28065983 0.141627  ],0.003848202550130391
161,RACESURV7_W43,AGE,30-49,[0.16416843 0.39545083 0.31831548 0.12206525],0.004227787009339267
162,RACESURV7_W43,AGE,50-64,[0.13333509 0.35851521 0.37452009 0.13362961],0.005773632983471981
163,RACESURV7_W43,AGE,65+,[0.09346099 0.35889067 0.42752867 0.12011967],0.0008871097924535735
164,RACESURV5i_W43,AGE,18-29,[0.40547544 0.28715867 0.0568245  0.02810942 0.22243197],0.005651559515943907
165,RACESURV5i_W43,AGE,30-49,[0.36131514 0.25677242 0.06834258 0.0258185  0.28775136],0.00878381544400409
166,RACESURV5i_W43,AGE,50-64,[0.37799434 0.27819082 0.07097491 0.03152572 0.2413142 ],0.010344570687043052
167,RACESURV5i_W43,AGE,65+,[0.38782299 0.31269468 0.08729407 0.01989145 0.1922968 ],9.748780539936322e-05
168,RACESURV6_W43,AGE,18-29,[0.32511932 0.67488068],0.008963977938479787
169,RACESURV6_W43,AGE,30-49,[0.41219185 0.58780815],0.007073254877674783
170,RACESURV6_W43,AGE,50-64,[0.48628407 0.51371593],0.013674530858292006
171,RACESURV6_W43,AGE,65+,[0.48445434 0.51554566],0.019478912499927375
172,RACESURV5e_W43,AGE,18-29,[0.08335475 0.16304611 0.20568862 0.18088087 0.36702965],0.010983418798176563
173,RACESURV5e_W43,AGE,30-49,[0.06848767 0.18226241 0.21659201 0.17597604 0.35668188],0.009569496320832987
174,RACESURV5e_W43,AGE,50-64,[0.07698626 0.14708716 0.22720682 0.13932737 0.40939238],0.017833829547623546
175,RACESURV5e_W43,AGE,65+,[0.05877362 0.15947384 0.26434244 0.14089237 0.37651773],0.003793487687257647
176,RACESURV53e_W43,AGE,18-29,[0.46738669 0.53261331],0.008875480857729339
177,RACESURV53e_W43,AGE,30-49,[0.47857926 0.52142074],0.011309975618241168
178,RACESURV53e_W43,AGE,50-64,[0.41024704 0.58975296],0.01644998492206816
179,RACESURV53e_W43,AGE,65+,[0.32296595 0.67703405],0.009130218071306198
180,RACESURV41_W43,AGE,18-29,[0.07118379 0.45413763 0.47467858 0.        ],0.1791040200474156
181,RACESURV41_W43,AGE,30-49,[0.06681465 0.53198534 0.40120001 0.        ],0.16201714441666107
182,RACESURV41_W43,AGE,50-64,[0.07207353 0.54738587 0.3805406  0.        ],0.16230576431260768
183,RACESURV41_W43,AGE,65+,[0.08290367 0.53837443 0.3787219  0.        ],0.1412302599662142
184,RACESURV1a_W43,AGE,18-29,[0.21595056 0.28743519 0.49661425],0.0008613655987172059
185,RACESURV1a_W43,AGE,30-49,[0.20138641 0.29803774 0.50057585],0.0044482053242657724
186,RACESURV1a_W43,AGE,50-64,[0.22507598 0.31982131 0.45510271],0.004989839489312751
187,RACESURV1a_W43,AGE,65+,[0.33446686 0.25501584 0.4105173 ],0.0018649436548578372
188,RACESURV47d_W43,AGE,18-29,[0.12616252 0.33448328 0.28694243 0.25241178],0.12051010326740011
189,RACESURV47d_W43,AGE,30-49,[0.22106883 0.37227642 0.240986   0.16566875],0.16325659785875338
190,RACESURV47d_W43,AGE,50-64,[0.27751428 0.38302047 0.21789731 0.12156794],0.16295895041422534
191,RACESURV47d_W43,AGE,65+,[0.25523012 0.4268134  0.19205418 0.12590229],0.1205628144739658
192,RACESURV9_W43,AGE,18-29,[0.12124732 0.40743722 0.15473779 0.03059833 0.28597933],0.002924664848859269
193,RACESURV9_W43,AGE,30-49,[0.13033723 0.4173716  0.12441362 0.03106599 0.29681156],0.0028415158521320327
194,RACESURV9_W43,AGE,50-64,[0.14938678 0.39245618 0.10452671 0.02431143 0.32931889],0.003930320520548322
195,RACESURV9_W43,AGE,65+,[0.14985503 0.498      0.07584441 0.018694   0.25760657],0.005504597267241299
196,RACESURV22_W43,AGE,18-29,[0.06018238 0.21682047 0.20467729 0.51831987],0.007204269262301503
197,RACESURV22_W43,AGE,30-49,[0.03284403 0.13124358 0.23372036 0.60219204],0.006476533135392544
198,RACESURV22_W43,AGE,50-64,[0.03228219 0.11058067 0.21806152 0.63907562],0.004494345009825733
199,RACESURV22_W43,AGE,65+,[0.0283521  0.08668022 0.17870813 0.70625955],0.002981336414553538
200,ADMISSIONd_W43,AGE,18-29,[0.11123852 0.37265025 0.51611123],0.0029963718619574367
201,ADMISSIONd_W43,AGE,30-49,[0.0866312  0.38342943 0.52993937],0.0025674054250785843
202,ADMISSIONd_W43,AGE,50-64,[0.07239143 0.29517706 0.63243151],0.007905955834579323
203,ADMISSIONd_W43,AGE,65+,[0.05825384 0.30353575 0.63821041],0.00718418980494749
204,RACESURV53g_W43,AGE,18-29,[0.3793756 0.6206244],0.012983037145900562
205,RACESURV53g_W43,AGE,30-49,[0.41624902 0.58375098],0.012413944993209731
206,RACESURV53g_W43,AGE,50-64,[0.38024046 0.61975954],0.01840229558603705
207,RACESURV53g_W43,AGE,65+,[0.30551951 0.69448049],0.013390141061869665
208,RACESURV5a_W43,AGE,18-29,[0.45090825 0.1967593  0.05070232 0.04144259 0.26018755],0.012530974632577397
209,RACESURV5a_W43,AGE,30-49,[0.38982671 0.21319976 0.06472016 0.03745879 0.29479459],0.009293755631503963
210,RACESURV5a_W43,AGE,50-64,[0.31575361 0.21547951 0.10262777 0.05248983 0.31364927],0.00981080030669581
211,RACESURV5a_W43,AGE,65+,[0.3752987  0.23660057 0.08211589 0.03717765 0.26880718],0.00418267472749738
212,RACESURV26_W43,AGE,18-29,[0.15671994 0.31770843 0.28361309 0.24195853],0.012582582723453282
213,RACESURV26_W43,AGE,30-49,[0.14129854 0.33787821 0.29023844 0.23058481],0.010435418697819932
214,RACESURV26_W43,AGE,50-64,[0.11191553 0.36848262 0.28577875 0.2338231 ],0.016126651277244664
215,RACESURV26_W43,AGE,65+,[0.07520346 0.35022225 0.32821275 0.24636153],0.016265874400901863
216,RACESURV16_W43,AGE,18-29,[0.54270025 0.45729975],0.010687543232078404
217,RACESURV16_W43,AGE,30-49,[0.46793606 0.53206394],0.01239837892491853
218,RACESURV16_W43,AGE,50-64,[0.40762872 0.59237128],0.024043959486331153
219,RACESURV16_W43,AGE,65+,[0.35293192 0.64706808],0.022378199303954925
220,RACESURV47c_W43,AGE,18-29,[0.05815115 0.07974794 0.15697956 0.70512135],0.11385394109075402
221,RACESURV47c_W43,AGE,30-49,[0.02530757 0.07112308 0.16323412 0.74033522],0.11187050565864676
222,RACESURV47c_W43,AGE,50-64,[0.01686624 0.07227113 0.12089225 0.78997038],0.07170033051793083
223,RACESURV47c_W43,AGE,65+,[0.01698325 0.05015175 0.11560553 0.81725947],0.044472349999996275
224,RACESURV34e_W43,AGE,18-29,[0.29392874 0.3629967  0.07058636 0.0283783  0.2441099 ],0.010694383892759986
225,RACESURV34e_W43,AGE,30-49,[0.24128399 0.37797131 0.04419082 0.02435615 0.31219774],0.011947814780642656
226,RACESURV34e_W43,AGE,50-64,[0.20827684 0.37010666 0.04812877 0.02281908 0.35066865],0.010728428274374266
227,RACESURV34e_W43,AGE,65+,[0.20625312 0.35273167 0.02239866 0.00837867 0.41023787],0.01169055082786028
228,ADMISSIONh_W43,AGE,18-29,[0.26657424 0.32501719 0.40840858],0.0028068264321030605
229,ADMISSIONh_W43,AGE,30-49,[0.21612717 0.28164683 0.50222601],0.004074419570987344
230,ADMISSIONh_W43,AGE,50-64,[0.17452015 0.22925141 0.59622845],0.005247339408764864
231,ADMISSIONh_W43,AGE,65+,[0.16295583 0.228488   0.60855617],0.003710919156222736
232,RACESURV18f_W43,AGE,18-29,[0.15432321 0.65710096 0.15873769 0.02983815],0.3937750386389241
233,RACESURV18f_W43,AGE,30-49,[0.11144995 0.64074318 0.21211081 0.03569606],0.4310347535636728
234,RACESURV18f_W43,AGE,50-64,[0.09560855 0.6015806  0.25335294 0.04945791],0.4217053239500425
235,RACESURV18f_W43,AGE,65+,[0.08443256 0.56568436 0.32036897 0.02951411],0.47180368402546513
236,RACESURV13_W43,AGE,18-29,[0.19453777 0.50220358 0.25286102 0.05039764],0.0
237,RACESURV13_W43,AGE,30-49,[0.17919697 0.46961427 0.2665532  0.08463555],0.0018446134203955926
238,RACESURV13_W43,AGE,50-64,[0.19667661 0.38288576 0.33032052 0.09011711],0.003748232702649351
239,RACESURV13_W43,AGE,65+,[0.17689266 0.47842335 0.28715866 0.05752533],0.004859433621202917
240,RACESURV29c_W43,AGE,18-29,[0.34583086 0.37833648 0.20895242 0.06688024],0.0032849479244143674
241,RACESURV29c_W43,AGE,30-49,[0.34291148 0.40391189 0.18995247 0.06322417],0.005155336967390984
242,RACESURV29c_W43,AGE,50-64,[0.29520782 0.42926555 0.21372547 0.06180116],0.007948464418640298
243,RACESURV29c_W43,AGE,65+,[0.17487007 0.47848225 0.26583636 0.08081131],0.005655093939820037
244,RACESURV17_W43,AGE,18-29,[0.35221818 0.36317052 0.16289874 0.12171256],0.011238227495909059
245,RACESURV17_W43,AGE,30-49,[0.3206809  0.3022055  0.19711863 0.17999497],0.013731900610098005
246,RACESURV17_W43,AGE,50-64,[0.29601405 0.3108212  0.20643245 0.18673231],0.013213742597735714
247,RACESURV17_W43,AGE,65+,[0.29961392 0.33712206 0.2055888  0.15767522],0.0072198392572947615
248,RACESURV19f_W43,AGE,18-29,[0.48791167 0.32864821 0.18344012],0.009560842594967832
249,RACESURV19f_W43,AGE,30-49,[0.48774195 0.32900202 0.18325603],0.00884693415907886
250,RACESURV19f_W43,AGE,50-64,[0.49890302 0.32419384 0.17690314],0.01099673948344998
251,RACESURV19f_W43,AGE,65+,[0.53889376 0.32496579 0.13614046],0.016669417324955138
252,RACESURV29a_W43,AGE,18-29,[0.66661713 0.22916192 0.06707902 0.03714193],0.006855424761659288
253,RACESURV29a_W43,AGE,30-49,[0.71391009 0.20190339 0.06063452 0.02355199],0.006455681502080543
254,RACESURV29a_W43,AGE,50-64,[0.73620891 0.20580492 0.04216891 0.01581726],0.008414937755788382
255,RACESURV29a_W43,AGE,65+,[0.74515953 0.1992731  0.04102077 0.0145466 ],0.005210819276237648
256,ADMISSIONf_W43,AGE,18-29,[0.42826054 0.42970384 0.14203562],0.0010089940870366648
257,ADMISSIONf_W43,AGE,30-49,[0.44224496 0.44399415 0.11376089],0.012702847572857803
258,ADMISSIONf_W43,AGE,50-64,[0.46635641 0.42173478 0.11190881],0.00860553346842563
259,ADMISSIONf_W43,AGE,65+,[0.55819904 0.35539843 0.08640253],0.002340250978612427
260,IDIMPORT_W43,AGE,18-29,[0.17199642 0.13461693 0.2047912  0.16647097 0.32212448],0.008709329424350083
261,IDIMPORT_W43,AGE,30-49,[0.18119978 0.15601821 0.18486423 0.13888672 0.33903105],0.013022526429743208
262,IDIMPORT_W43,AGE,50-64,[0.16051418 0.15677386 0.16740957 0.14053272 0.37476967],0.009255039636658531
263,IDIMPORT_W43,AGE,65+,[0.1190907  0.17994626 0.19579892 0.15076104 0.35440308],0.005354219906007756
264,RACESURV19a_W43,AGE,18-29,[0.54383313 0.2872148  0.16895207],0.006546889629350533
265,RACESURV19a_W43,AGE,30-49,[0.45046456 0.33256035 0.21697509],0.01045483546571739
266,RACESURV19a_W43,AGE,50-64,[0.38587784 0.345149   0.26897316],0.008951185219518827
267,RACESURV19a_W43,AGE,65+,[0.38488947 0.4043588  0.21075173],0.010385226001906637
268,ADMISSIONb_W43,AGE,18-29,[0.06002645 0.17093824 0.76903532],0.004281104983296723
269,ADMISSIONb_W43,AGE,30-49,[0.05575112 0.15828425 0.78596463],0.004459087708107541
270,ADMISSIONb_W43,AGE,50-64,[0.03912868 0.10961547 0.85125584],0.00760743783885933
271,ADMISSIONb_W43,AGE,65+,[0.02428576 0.11162435 0.86408989],0.006002287272975985
272,RACESURV21_W43,AGE,18-29,[0.10959235 0.18908971 0.17394692 0.52737102],0.006194794377567806
273,RACESURV21_W43,AGE,30-49,[0.08117233 0.16917186 0.20103495 0.54862086],0.007903644217780344
274,RACESURV21_W43,AGE,50-64,[0.06331821 0.14629473 0.16451349 0.62587357],0.003820910440621243
275,RACESURV21_W43,AGE,65+,[0.03581597 0.09822274 0.15945297 0.70650831],0.005385489038598205
276,RACESURV49_W43,AGE,18-29,[0.3087476 0.6912524],0.016290727951087484
277,RACESURV49_W43,AGE,30-49,[0.23945449 0.76054551],0.03392885614105152
278,RACESURV49_W43,AGE,50-64,[0.21532949 0.78467051],0.02644765134807628
279,RACESURV49_W43,AGE,65+,[0.21640504 0.78359496],0.02248033548229533
280,RACESURV8_W43,AGE,18-29,[0.31744469 0.38730608 0.24839855 0.04685068],0.006965382625238703
281,RACESURV8_W43,AGE,30-49,[0.34118373 0.36188281 0.2347571  0.06217635],0.004853952937613646
282,RACESURV8_W43,AGE,50-64,[0.41037936 0.33424385 0.2077967  0.04758009],0.002579800210675384
283,RACESURV8_W43,AGE,65+,[0.41305781 0.35421793 0.18970309 0.04302118],0.004000647484391125
284,RACESURV28b_W43,AGE,18-29,[0.51120759 0.02868653 0.46010588],0.01090986170356084
285,RACESURV28b_W43,AGE,30-49,[0.5054429  0.02881042 0.46574668],0.014281317155438211
286,RACESURV28b_W43,AGE,50-64,[0.38660912 0.02055441 0.59283647],0.015760137487779068
287,RACESURV28b_W43,AGE,65+,[0.38241166 0.01066121 0.60692712],0.0076029037734828015
288,RACESURV40_W43,AGE,18-29,[0.14529766 0.65337789 0.20132445 0.        ],0.13429598565660364
289,RACESURV40_W43,AGE,30-49,[0.10813098 0.70122738 0.19064164 0.        ],0.12028064710503159
290,RACESURV40_W43,AGE,50-64,[0.08121393 0.72501355 0.19377252 0.        ],0.10953192322283321
291,RACESURV40_W43,AGE,65+,[0.08522321 0.74227745 0.17249934 0.        ],0.09695118615536502
292,RACESURV2_W43,AGE,18-29,[0.62155384 0.17093873 0.07268051 0.0062751  0.12855182],0.0035496255949336365
293,RACESURV2_W43,AGE,30-49,[0.59518921 0.20528629 0.04212601 0.01690267 0.14049582],0.001294452416019536
294,RACESURV2_W43,AGE,50-64,[0.50162647 0.21452586 0.04284571 0.01643858 0.22456338],0.0010310952303691208
295,RACESURV2_W43,AGE,65+,[0.55345427 0.18213203 0.06197427 0.01442342 0.18801601],0.0049717607080330345
296,RACESURV47f_W43,AGE,18-29,[0.12798436 0.17331843 0.2279616  0.47073561],0.11885649955195435
297,RACESURV47f_W43,AGE,30-49,[0.17158713 0.20585948 0.18415802 0.43839537],0.14138487779351466
298,RACESURV47f_W43,AGE,50-64,[0.20362162 0.254229   0.16100214 0.38114724],0.14021670030042657
299,RACESURV47f_W43,AGE,65+,[0.17735761 0.23242442 0.17566686 0.4145511 ],0.10806120962922557
300,RACESURV53d_W43,AGE,18-29,[0.20070406 0.79929594],0.009067127961789332
301,RACESURV53d_W43,AGE,30-49,[0.2634527 0.7365473],0.012122573126176752
302,RACESURV53d_W43,AGE,50-64,[0.31019765 0.68980235],0.015897718455451328
303,RACESURV53d_W43,AGE,65+,[0.20988009 0.79011991],0.007747066485801411
304,RACESURV47e_W43,AGE,18-29,[0.21082286 0.35665643 0.20415951 0.22836119],0.12562278953504577
305,RACESURV47e_W43,AGE,30-49,[0.30955908 0.36707481 0.18372299 0.13964312],0.14961167473410011
306,RACESURV47e_W43,AGE,50-64,[0.34557003 0.38907433 0.14477548 0.12058016],0.15752284334877395
307,RACESURV47e_W43,AGE,65+,[0.36271313 0.36921742 0.14542399 0.12264545],0.1290770527777307
308,RACESURV3_W43,AGE,18-29,[0.09853523 0.40155389 0.49991088],0.007412030723295528
309,RACESURV3_W43,AGE,30-49,[0.08378035 0.46500484 0.45121481],0.0036479878317663096
310,RACESURV3_W43,AGE,50-64,[0.03930888 0.48847107 0.47222005],0.005568256674461583
311,RACESURV3_W43,AGE,65+,[0.05011547 0.55170139 0.39818315],0.0038388636014066125
312,RACESURV19e_W43,AGE,18-29,[0.49821892 0.27831487 0.22346621],0.00803938228420063
313,RACESURV19e_W43,AGE,30-49,[0.41567346 0.31450342 0.26982312],0.016762349335458983
314,RACESURV19e_W43,AGE,50-64,[0.35185619 0.31592082 0.33222299],0.006039526524896728
315,RACESURV19e_W43,AGE,65+,[0.4281098  0.32050866 0.25138154],0.008092227143923839
316,RACESURV15b_W43,AGE,18-29,[0.51736327 0.23062134 0.25201538],0.008921520052869853
317,RACESURV15b_W43,AGE,30-49,[0.46907094 0.23172255 0.2992065 ],0.008411069590200581
318,RACESURV15b_W43,AGE,50-64,[0.41784101 0.23347398 0.34868501],0.011132623766501848
319,RACESURV15b_W43,AGE,65+,[0.41370768 0.25020845 0.33608387],0.017945157383346875
320,RACESURV19d_W43,AGE,18-29,[0.39261724 0.38527451 0.22210826],0.008377690274641924
321,RACESURV19d_W43,AGE,30-49,[0.41862883 0.32839539 0.25297578],0.008719823902745585
322,RACESURV19d_W43,AGE,50-64,[0.38957205 0.36229865 0.2481293 ],0.009587458902895987
323,RACESURV19d_W43,AGE,65+,[0.52231119 0.29563302 0.18205579],0.0033527888837251037
324,RACESURV12_W43,AGE,18-29,[0.09498242 0.535719   0.36929858],0.010020327124738368
325,RACESURV12_W43,AGE,30-49,[0.11625914 0.47234636 0.4113945 ],0.01285032734056965
326,RACESURV12_W43,AGE,50-64,[0.2133851  0.39427482 0.39234008],0.025079395330406457
327,RACESURV12_W43,AGE,65+,[0.20282159 0.41582182 0.38135659],0.009232960761595724
328,RACESURV5l_W43,AGE,18-29,[0.82281237 0.07409053 0.01837813 0.02155714 0.06316183],0.011467026093336464
329,RACESURV5l_W43,AGE,30-49,[0.767981   0.11525452 0.01536938 0.01590033 0.08549477],0.0016817841038610812
330,RACESURV5l_W43,AGE,50-64,[0.77913065 0.10142917 0.0279584  0.02948191 0.06199986],0.008776076286510955
331,RACESURV5l_W43,AGE,65+,[0.79902751 0.13025151 0.00802187 0.00746771 0.05523141],0.003387922141093241
332,RACESURV25_W43,AGE,18-29,[0.16147139 0.32328665 0.28616343 0.22907853],0.01467794079098597
333,RACESURV25_W43,AGE,30-49,[0.15621098 0.34032563 0.27875245 0.22471093],0.011267133016731514
334,RACESURV25_W43,AGE,50-64,[0.1376417  0.35341748 0.27847631 0.23046451],0.01275068840147531
335,RACESURV25_W43,AGE,65+,[0.10778889 0.35105197 0.3007377  0.24042143],0.014315669341099397
336,RACESURV53a_W43,AGE,18-29,[0.15131347 0.84868653],0.007771271849235578
337,RACESURV53a_W43,AGE,30-49,[0.19059691 0.80940309],0.015074227259232603
338,RACESURV53a_W43,AGE,50-64,[0.17692831 0.82307169],0.012878202941995992
339,RACESURV53a_W43,AGE,65+,[0.08355843 0.91644157],0.006183068776596661
340,RACESURV15a_W43,AGE,18-29,[0.71196029 0.08263678 0.20540293],0.00826870064975883
341,RACESURV15a_W43,AGE,30-49,[0.67826682 0.04019007 0.28154311],0.010335645824650325
342,RACESURV15a_W43,AGE,50-64,[0.60273083 0.06305784 0.33421132],0.011268884750320795
343,RACESURV15a_W43,AGE,65+,[0.63332801 0.0369799  0.32969209],0.018416813017440983
344,RACESURV18b_W43,AGE,18-29,[0.16101786 0.61168867 0.18967073 0.03762274],0.2525100030743412
345,RACESURV18b_W43,AGE,30-49,[0.11079131 0.56660946 0.27341049 0.04918873],0.2712798552821227
346,RACESURV18b_W43,AGE,50-64,[0.08931906 0.5160633  0.31207869 0.08253896],0.28183205213354323
347,RACESURV18b_W43,AGE,65+,[0.0669132  0.46527042 0.40784597 0.05997041],0.29869927316169487
348,RACESURV18c_W43,AGE,18-29,[0.06501573 0.36416695 0.42052992 0.15028739],0.11296623492576872
349,RACESURV18c_W43,AGE,30-49,[0.05417007 0.43017373 0.41831563 0.09734056],0.10499631973593827
350,RACESURV18c_W43,AGE,50-64,[0.04972953 0.51206232 0.36304072 0.07516744],0.07380069996471236
351,RACESURV18c_W43,AGE,65+,[0.0431043  0.52062384 0.36903208 0.06723978],0.06119963275866781
352,RACESURV53f_W43,AGE,18-29,[0.33385714 0.66614286],0.012645005226293719
353,RACESURV53f_W43,AGE,30-49,[0.38806537 0.61193463],0.016027607367362733
354,RACESURV53f_W43,AGE,50-64,[0.42146064 0.57853936],0.01316878031196286
355,RACESURV53f_W43,AGE,65+,[0.33705601 0.66294399],0.006807738662942842
356,RACESURV11_W43,AGE,18-29,[0.22453639 0.48555425 0.28990935],0.0034465574694363247
357,RACESURV11_W43,AGE,30-49,[0.16442222 0.5203801  0.31519768],0.004454577558936255
358,RACESURV11_W43,AGE,50-64,[0.14766696 0.57575024 0.2765828 ],0.0025280922881944137
359,RACESURV11_W43,AGE,65+,[0.17219613 0.53373497 0.2940689 ],0.0031778946522912433
360,RACESURV53c_W43,AGE,18-29,[0.37288762 0.62711238],0.01067883275716508
361,RACESURV53c_W43,AGE,30-49,[0.37271479 0.62728521],0.015167554484026303
362,RACESURV53c_W43,AGE,50-64,[0.38827282 0.61172718],0.01327652512088892
363,RACESURV53c_W43,AGE,65+,[0.26181912 0.73818088],0.008891580753366426
364,RACESURV5g_W43,AGE,18-29,[0.01986457 0.04701309 0.28378537 0.37090348 0.27843349],0.007534946919221747
365,RACESURV5g_W43,AGE,30-49,[0.04340302 0.05584073 0.32568136 0.29220613 0.28286876],0.0064997037176685694
366,RACESURV5g_W43,AGE,50-64,[0.03761066 0.05697428 0.28605823 0.31314135 0.30621549],0.01712344923937696
367,RACESURV5g_W43,AGE,65+,[0.02977798 0.05415074 0.3850477  0.30076676 0.23025682],0.009352313328757161
368,RACESURV24_W43,AGE,18-29,[0.22140879 0.33547766 0.19398964 0.2491239 ],0.009008872124051983
369,RACESURV24_W43,AGE,30-49,[0.22439692 0.33590851 0.22686734 0.21282723],0.011909154228454054
370,RACESURV24_W43,AGE,50-64,[0.18998643 0.38224055 0.21315029 0.21462272],0.010893715128436786
371,RACESURV24_W43,AGE,65+,[0.20900279 0.37241889 0.23095487 0.18762345],0.013388060332704324
372,RACESURV5k_W43,AGE,18-29,[0.00268281 0.02273146 0.14723608 0.76840424 0.05894541],0.006262840225762439
373,RACESURV5k_W43,AGE,30-49,[0.02331241 0.03924988 0.18959021 0.6550275  0.09282   ],0.003099864506992111
374,RACESURV5k_W43,AGE,50-64,[0.02738122 0.02362349 0.21981443 0.65242576 0.07675511],0.007574387989609509
375,RACESURV5k_W43,AGE,65+,[0.03121047 0.01888372 0.26200111 0.58400988 0.10389483],0.0
376,RACESURV36_W43,AGE,18-29,[0.18494625 0.39591948 0.27138091 0.14775335],0.011504243668115125
377,RACESURV36_W43,AGE,30-49,[0.10691546 0.37115491 0.36121603 0.1607136 ],0.011996852349567896
378,RACESURV36_W43,AGE,50-64,[0.07901593 0.33376586 0.43404986 0.15316835],0.007702179835689542
379,RACESURV36_W43,AGE,65+,[0.03919367 0.32804357 0.48303108 0.14973167],0.0014682010109734998
380,RACESURV5j_W43,AGE,18-29,[0.0407833  0.13282049 0.4596209  0.11615651 0.2506188 ],0.007979767761176954
381,RACESURV5j_W43,AGE,30-49,[0.07582208 0.12911675 0.40563418 0.09741297 0.29201402],0.007042633886138908
382,RACESURV5j_W43,AGE,50-64,[0.08297476 0.16940505 0.37752692 0.10362859 0.26646469],0.010787574367707633
383,RACESURV5j_W43,AGE,65+,[0.11327349 0.18748728 0.4378233  0.08145231 0.17996362],0.002840487708064976
384,RACESURV18e_W43,AGE,18-29,[0.12198201 0.59724205 0.21358132 0.06719462],0.35584580157232415
385,RACESURV18e_W43,AGE,30-49,[0.09185371 0.56910347 0.28397392 0.05506889],0.3746226935616989
386,RACESURV18e_W43,AGE,50-64,[0.06379508 0.51069004 0.35987341 0.06564147],0.3786738359250532
387,RACESURV18e_W43,AGE,65+,[0.06373802 0.45963116 0.41072357 0.06590725],0.4040104084666225
388,RACESURV5c_W43,AGE,18-29,[0.0410884  0.09769319 0.35680616 0.21908719 0.28532506],0.006808654255591704
389,RACESURV5c_W43,AGE,30-49,[0.06860717 0.10641997 0.34654929 0.16488958 0.31353399],0.007890596956742303
390,RACESURV5c_W43,AGE,50-64,[0.08598626 0.12503091 0.34766476 0.13881644 0.30250163],0.015484055731410188
391,RACESURV5c_W43,AGE,65+,[0.05293274 0.13441747 0.35945992 0.15685541 0.29633446],0.007177585484879042
392,RACESURV44_W43,AGE,18-29,[0.15316857 0.60769845 0.23913298 0.        ],0.20132260343750288
393,RACESURV44_W43,AGE,30-49,[0.15117803 0.66395739 0.18486459 0.        ],0.1540183400322986
394,RACESURV44_W43,AGE,50-64,[0.16164936 0.7052416  0.13310904 0.        ],0.12989418904953792
395,RACESURV44_W43,AGE,65+,[0.16269883 0.72802843 0.10927274 0.        ],0.1147271988822581
396,RACESURV38_W43,AGE,18-29,[0.09325874 0.32868784 0.29004372 0.2880097 ],0.008017324555495723
397,RACESURV38_W43,AGE,30-49,[0.06225857 0.29400316 0.37023735 0.27350092],0.01205330200082336
398,RACESURV38_W43,AGE,50-64,[0.06913328 0.24632332 0.38241929 0.30212411],0.009295564311359361
399,RACESURV38_W43,AGE,65+,[0.05384297 0.27015122 0.38729602 0.28870979],0.005091457525419494
400,RACESURV34b_W43,AGE,18-29,[0.16174038 0.23085042 0.22071232 0.05618462 0.33051227],0.009398253800650484
401,RACESURV34b_W43,AGE,30-49,[0.11511632 0.21888309 0.20310083 0.05238331 0.41051645],0.010317193704462707
402,RACESURV34b_W43,AGE,50-64,[0.12441923 0.21399666 0.21025721 0.0506792  0.40064771],0.009832274110434388
403,RACESURV34b_W43,AGE,65+,[0.15568623 0.20202115 0.17115106 0.04780158 0.42333999],0.00927621925749107
404,RACESURV20_W43,AGE,18-29,[0.07965389 0.39606679 0.52427932],0.007792686696187943
405,RACESURV20_W43,AGE,30-49,[0.06036476 0.44405266 0.49558258],0.010007434481258176
406,RACESURV20_W43,AGE,50-64,[0.05689548 0.40653131 0.53657321],0.006005547482563918
407,RACESURV20_W43,AGE,65+,[0.02182306 0.30616343 0.67201351],0.004049792288581696
0,RACESURV1c_W43,SEX,Female,[0.3037994  0.18225605 0.51394456],0.003583369813387127
1,RACESURV1c_W43,SEX,Male,[0.28387755 0.18066096 0.53546148],0.0010224839832343178
2,RACESURV28g_W43,SEX,Female,[0.36252804 0.02251373 0.61495823],0.016191142186730133
3,RACESURV28g_W43,SEX,Male,[0.31057951 0.03057472 0.65884577],0.010172560328855983
4,RACESURV4_W43,SEX,Female,[0.64278763 0.11135154 0.24586082],0.009235050190856893
5,RACESURV4_W43,SEX,Male,[0.65115348 0.13727532 0.21157121],0.003169480786843606
6,RACESURV48_W43,SEX,Female,[0.54999777 0.26371335 0.09570816 0.09058072],0.017765884415886023
7,RACESURV48_W43,SEX,Male,[0.43546081 0.26375169 0.14301724 0.15777026],0.011808821134052433
8,RACESURV1b_W43,SEX,Female,[0.29556276 0.2636579  0.44077934],0.009150012648875981
9,RACESURV1b_W43,SEX,Male,[0.32603056 0.2783653  0.39560415],0.003727293723837307
10,RACESURV34d_W43,SEX,Female,[0.59012575 0.19121337 0.03804504 0.02189853 0.15871731],0.007370303252570684
11,RACESURV34d_W43,SEX,Male,[0.6676251  0.17472638 0.02992627 0.02082348 0.10689877],0.00744457463089976
12,RACESURV29d_W43,SEX,Female,[0.13426577 0.35987903 0.36541233 0.14044287],0.006794282861605313
13,RACESURV29d_W43,SEX,Male,[0.13253009 0.36724434 0.38059146 0.11963411],0.0062256334745888695
14,RACESURV28f_W43,SEX,Female,[0.36226389 0.03111762 0.60661849],0.016972762409485812
15,RACESURV28f_W43,SEX,Male,[0.35324213 0.03820243 0.60855544],0.011081788951266502
16,RACESURV5d_W43,SEX,Female,[0.08252215 0.25320237 0.17702527 0.03519126 0.45205895],0.014879112604660308
17,RACESURV5d_W43,SEX,Male,[0.08155546 0.27191015 0.18441354 0.03277618 0.42934467],0.006142373369357723
18,RACESURV28a_W43,SEX,Female,[0.53574069 0.05642819 0.40783112],0.019015198243906496
19,RACESURV28a_W43,SEX,Male,[0.51153368 0.0721683  0.41629803],0.011293043749270145
20,RACESURV10_W43,SEX,Female,[0.36962576 0.63037424],0.016833692745000496
21,RACESURV10_W43,SEX,Male,[0.4565628 0.5434372],0.012593647021472702
22,RACATTN_W43,SEX,Female,[0.3854607  0.40932592 0.20521339],0.012532085782484994
23,RACATTN_W43,SEX,Male,[0.44020972 0.34511583 0.21467445],0.009760784789009715
24,RACESURV50_W43,SEX,Female,[0.46132667 0.53867333],0.0412532923693022
25,RACESURV50_W43,SEX,Male,[0.41375637 0.58624363],0.02711400790200934
26,RACESURV28d_W43,SEX,Female,[0.69725904 0.0265135  0.27622745],0.012575029249402772
27,RACESURV28d_W43,SEX,Male,[0.64932832 0.02612452 0.32454716],0.006244956994679786
28,RACESURV28e_W43,SEX,Female,[0.68172857 0.03169863 0.2865728 ],0.021414530965443188
29,RACESURV28e_W43,SEX,Male,[0.63172    0.03840017 0.32987984],0.007513603951129288
30,ADMISSIONe_W43,SEX,Female,[0.24109968 0.49224314 0.26665719],0.0036033283373731535
31,ADMISSIONe_W43,SEX,Male,[0.18601527 0.47882103 0.3351637 ],0.006103551882622317
32,RACESURV53b_W43,SEX,Female,[0.29856829 0.70143171],0.011582158553761072
33,RACESURV53b_W43,SEX,Male,[0.38072212 0.61927788],0.01492265623677564
34,RACESURV37_W43,SEX,Female,[0.67030068 0.32969932],0.012090050164822093
35,RACESURV37_W43,SEX,Male,[0.54185825 0.45814175],0.003365764136619443
36,RACESURV45_W43,SEX,Female,[0.06392714 0.4198431  0.51622976 0.        ],0.28416742243701865
37,RACESURV45_W43,SEX,Male,[0.04350584 0.36842596 0.5880682  0.        ],0.2591457001946169
38,RACESURV5h_W43,SEX,Female,[0.11193664 0.16394444 0.096598   0.04513749 0.58238343],0.012338990053113114
39,RACESURV5h_W43,SEX,Male,[0.10517109 0.22849259 0.10704425 0.05837724 0.50091482],0.007552078103014271
40,ADMISSIONc_W43,SEX,Female,[0.08597294 0.24449629 0.66953077],0.0050574159484881144
41,ADMISSIONc_W43,SEX,Male,[0.0666634  0.23542714 0.69790947],0.004519452525794285
42,RACESURV1d_W43,SEX,Female,[0.26655673 0.39486473 0.33857854],0.0031055976950668525
43,RACESURV1d_W43,SEX,Male,[0.28672505 0.36812118 0.34515377],0.002438933313836529
44,RACESURV5f_W43,SEX,Female,[0.06510503 0.12344799 0.18627968 0.03349069 0.59167662],0.01639672581739853
45,RACESURV5f_W43,SEX,Male,[0.10428672 0.18795452 0.14160152 0.04864279 0.51751446],0.006235011166255745
46,RACESURV19c_W43,SEX,Female,[0.49966078 0.27316353 0.22717569],0.00877762581808361
47,RACESURV19c_W43,SEX,Male,[0.46214474 0.2755771  0.26227816],0.0060093858813579796
48,RACESURV29b_W43,SEX,Female,[0.29925935 0.42946417 0.21585553 0.05542095],0.005613128010569311
49,RACESURV29b_W43,SEX,Male,[0.28311853 0.42060789 0.24417725 0.05209632],0.005617603876951728
50,RACESURV47a_W43,SEX,Female,[0.24242574 0.28831441 0.16655627 0.30270358],0.241097892902453
51,RACESURV47a_W43,SEX,Male,[0.32703822 0.31557372 0.13094557 0.2264425 ],0.17027187523425455
52,RACESURV27_W43,SEX,Female,[0.07313689 0.27648082 0.3413283  0.30905398],0.016563823217629375
53,RACESURV27_W43,SEX,Male,[0.06945449 0.24732597 0.35927693 0.32394261],0.013277371708974955
54,RACESURV5b_W43,SEX,Female,[0.06861681 0.09816665 0.29361417 0.27060555 0.26899681],0.011613990320317857
55,RACESURV5b_W43,SEX,Male,[0.07835491 0.10466619 0.32057278 0.24169337 0.25471275],0.006133354941036811
56,RACESURV18a_W43,SEX,Female,[0.08891867 0.51957305 0.32224208 0.0692662 ],0.15350646117607117
57,RACESURV18a_W43,SEX,Male,[0.08032182 0.57996113 0.2870055  0.05271156],0.10527282516867215
58,RACESURV28c_W43,SEX,Female,[0.45987904 0.02758167 0.51253929],0.025414688785886704
59,RACESURV28c_W43,SEX,Male,[0.45661919 0.03630135 0.50707946],0.01904730810979186
60,RACESURV18d_W43,SEX,Female,[0.1879338  0.6813122  0.10979285 0.02096115],0.19974358310000653
61,RACESURV18d_W43,SEX,Male,[0.19832253 0.68376998 0.09616295 0.02174455],0.13065470241947474
62,RACESURV51_W43,SEX,Female,[0.26714129 0.07093216 0.66192656],0.02023646895433423
63,RACESURV51_W43,SEX,Male,[0.22618366 0.09523335 0.67858299],0.015602961744836144
64,RACESURV47b_W43,SEX,Female,[0.1357174  0.21431319 0.1649969  0.48497251],0.15823512197933054
65,RACESURV47b_W43,SEX,Male,[0.16660297 0.25950333 0.17594306 0.39795064],0.13012537873484695
66,RACESURV19b_W43,SEX,Female,[0.30241427 0.27506156 0.42252417],0.015001221978376212
67,RACESURV19b_W43,SEX,Male,[0.31426529 0.28350256 0.40223215],0.00823173963413294
68,RACESURV14_W43,SEX,Female,[0.13088798 0.13993286 0.12835172 0.60082744],0.02489570068290348
69,RACESURV14_W43,SEX,Male,[0.17863696 0.13463445 0.14895371 0.53777488],0.010209012893689964
70,ADMISSIONg_W43,SEX,Female,[0.67098605 0.26790462 0.06110933],0.0039981371177113065
71,ADMISSIONg_W43,SEX,Male,[0.6718084  0.25385823 0.07433337],0.004669436066213364
72,RACESURV52_W43,SEX,Female,[0.11160284 0.17992451 0.22585609 0.48261655],0.008803883805298996
73,RACESURV52_W43,SEX,Male,[0.11036634 0.17802754 0.2554268  0.45617933],0.006846849493262401
74,RACESURV34a_W43,SEX,Female,[0.14480617 0.23080775 0.09478065 0.04547186 0.48413356],0.01249639684493159
75,RACESURV34a_W43,SEX,Male,[0.1448871  0.24919835 0.12163183 0.04275698 0.44152574],0.008448107048368821
76,ADMISSIONa_W43,SEX,Female,[0.0755452  0.19968546 0.72476934],0.003999264808209526
77,ADMISSIONa_W43,SEX,Male,[0.073378  0.1910335 0.7355885],0.004591252510606638
78,RACESURV34c_W43,SEX,Female,[0.15341122 0.17520291 0.18771815 0.14973509 0.33393264],0.009421408482715412
79,RACESURV34c_W43,SEX,Male,[0.14419485 0.21132592 0.19884469 0.14186741 0.30376712],0.006747607530421149
80,RACESURV7_W43,SEX,Female,[0.15920626 0.37679693 0.33353837 0.13045844],0.003703573201623217
81,RACESURV7_W43,SEX,Male,[0.12467549 0.38709389 0.36151986 0.12671076],0.004062703108463831
82,RACESURV5i_W43,SEX,Female,[0.48328294 0.24030898 0.05529709 0.01117092 0.20994008],0.008385163305660442
83,RACESURV5i_W43,SEX,Male,[0.2694144  0.32050941 0.0875223  0.04289222 0.27966167],0.005175901558093013
84,RACESURV6_W43,SEX,Female,[0.38717555 0.61282445],0.012726716738228167
85,RACESURV6_W43,SEX,Male,[0.47123259 0.52876741],0.010427793458513683
86,RACESURV5e_W43,SEX,Female,[0.07088317 0.14552835 0.22676387 0.16247211 0.3943525 ],0.011803732387904413
87,RACESURV5e_W43,SEX,Male,[0.07362    0.18509923 0.22654244 0.15861852 0.35611982],0.009673462785427328
88,RACESURV53e_W43,SEX,Female,[0.38518715 0.61481285],0.011970139885547692
89,RACESURV53e_W43,SEX,Male,[0.47477107 0.52522893],0.011385487124779277
90,RACESURV41_W43,SEX,Female,[0.06875721 0.54646054 0.38478225 0.        ],0.16731490826985282
91,RACESURV41_W43,SEX,Male,[0.07757681 0.49429852 0.42812467 0.        ],0.15494627907794137
92,RACESURV1a_W43,SEX,Female,[0.24275296 0.31117671 0.44607032],0.004240558443915281
93,RACESURV1a_W43,SEX,Male,[0.22849556 0.27451458 0.49698986],0.002378684246142356
94,RACESURV47d_W43,SEX,Female,[0.20975736 0.3727856  0.22364879 0.19380825],0.15634387611815645
95,RACESURV47d_W43,SEX,Male,[0.23488669 0.38336043 0.24672522 0.13502766],0.13335701380714438
96,RACESURV9_W43,SEX,Female,[0.14762299 0.40597199 0.10702161 0.027163   0.31222041],0.005603917573227787
97,RACESURV9_W43,SEX,Male,[0.12776086 0.44587066 0.12501107 0.02639161 0.27496581],0.001618481570000496
98,RACESURV22_W43,SEX,Female,[0.04182602 0.14242784 0.19657746 0.61916869],0.005490959944344851
99,RACESURV22_W43,SEX,Male,[0.03263635 0.12673861 0.23002682 0.61059822],0.005357801825413358
100,ADMISSIONd_W43,SEX,Female,[0.08214643 0.3481725  0.56968106],0.0076301402090281365
101,ADMISSIONd_W43,SEX,Male,[0.08394306 0.33714495 0.57891199],0.0020530552558808797
102,RACESURV53g_W43,SEX,Female,[0.32783949 0.67216051],0.015093066776735851
103,RACESURV53g_W43,SEX,Male,[0.43051581 0.56948419],0.013349842985217639
104,RACESURV5a_W43,SEX,Female,[0.41008257 0.18540761 0.0661116  0.04009925 0.29829898],0.012073340727686966
105,RACESURV5a_W43,SEX,Male,[0.34851164 0.24595911 0.08443874 0.0445728  0.27651771],0.005859760013444534
106,RACESURV26_W43,SEX,Female,[0.12682813 0.35716238 0.28770774 0.22830174],0.014054897833522146
107,RACESURV26_W43,SEX,Male,[0.12079064 0.32844645 0.30455392 0.24620898],0.012879791680927889
108,RACESURV16_W43,SEX,Female,[0.49034094 0.50965906],0.019697616112543767
109,RACESURV16_W43,SEX,Male,[0.39567844 0.60432156],0.014126842680093774
110,RACESURV47c_W43,SEX,Female,[0.0183087  0.05473284 0.11147559 0.81548287],0.09287433505038778
111,RACESURV47c_W43,SEX,Male,[0.03798769 0.08349177 0.17186627 0.70665427],0.08384930514997725
112,RACESURV34e_W43,SEX,Female,[0.21775118 0.35674788 0.05067731 0.02273021 0.35209342],0.013319279454268015
113,RACESURV34e_W43,SEX,Male,[0.25662941 0.38004952 0.0421623  0.02041289 0.30074587],0.009219289228515589
114,ADMISSIONh_W43,SEX,Female,[0.22712651 0.26918225 0.50369124],0.004920885262435088
115,ADMISSIONh_W43,SEX,Male,[0.18249092 0.26344637 0.55406271],0.0031050605860124506
116,RACESURV18f_W43,SEX,Female,[0.12161782 0.59656762 0.24182751 0.03998705],0.4662523068124379
117,RACESURV18f_W43,SEX,Male,[0.10276938 0.64121278 0.22202135 0.03399649],0.3914275901951993
118,RACESURV13_W43,SEX,Female,[0.17523577 0.44186866 0.2991308  0.08376477],0.004269137320231299
119,RACESURV13_W43,SEX,Male,[0.19849344 0.47892805 0.26033081 0.0622477 ],0.0
120,RACESURV29c_W43,SEX,Female,[0.28924483 0.42361378 0.21343665 0.07370474],0.006078026740411604
121,RACESURV29c_W43,SEX,Male,[0.30781964 0.41396619 0.21805435 0.06015981],0.005058067040038132
122,RACESURV17_W43,SEX,Female,[0.34677817 0.33392052 0.18110999 0.13819133],0.01366049450577728
123,RACESURV17_W43,SEX,Male,[0.28441092 0.3124699  0.20876387 0.19435531],0.009807395328438582
124,RACESURV19f_W43,SEX,Female,[0.46241851 0.33973185 0.19784964],0.01488743122199192
125,RACESURV19f_W43,SEX,Male,[0.54433168 0.31284756 0.14282076],0.0070847124833903884
126,RACESURV29a_W43,SEX,Female,[0.72862603 0.19777869 0.04987213 0.02372315],0.008054460351158864
127,RACESURV29a_W43,SEX,Male,[0.70201998 0.2195337  0.05709984 0.02134648],0.005436901960268548
128,ADMISSIONf_W43,SEX,Female,[0.44432749 0.43653769 0.11913482],0.005974734330584096
129,ADMISSIONf_W43,SEX,Male,[0.4969533  0.39526497 0.10778172],0.008536931296468741
130,IDIMPORT_W43,SEX,Female,[0.18186562 0.1557122  0.1959554  0.14674906 0.31971772],0.01217940994938223
131,IDIMPORT_W43,SEX,Male,[0.14141556 0.15776556 0.17724366 0.14739422 0.37618101],0.00696919244939327
132,RACESURV19a_W43,SEX,Female,[0.47968735 0.32124795 0.1990647 ],0.01097038263116982
133,RACESURV19a_W43,SEX,Male,[0.39885819 0.36050629 0.24063552],0.00744782750518013
134,ADMISSIONb_W43,SEX,Female,[0.04694514 0.1450246  0.80803025],0.006245281151463192
135,ADMISSIONb_W43,SEX,Male,[0.04588768 0.13293716 0.82117516],0.004770222440380126
136,RACESURV21_W43,SEX,Female,[0.07575664 0.15751216 0.16299754 0.60373366],0.005755014870168033
137,RACESURV21_W43,SEX,Male,[0.07150176 0.14878778 0.193692   0.58601846],0.006301725530793277
138,RACESURV49_W43,SEX,Female,[0.27003451 0.72996549],0.03014237896297343
139,RACESURV49_W43,SEX,Male,[0.2139301 0.7860699],0.0219605243230059
140,RACESURV8_W43,SEX,Female,[0.35692328 0.35912659 0.22262557 0.06132456],0.004065609317223419
141,RACESURV8_W43,SEX,Male,[0.37913566 0.35835823 0.22130975 0.04119636],0.0050345391798299124
142,RACESURV28b_W43,SEX,Female,[0.47165109 0.0213945  0.50695441],0.015070664580997692
143,RACESURV28b_W43,SEX,Male,[0.43188567 0.02484055 0.54327378],0.010047328638558145
144,RACESURV40_W43,SEX,Female,[0.12043268 0.73032476 0.14924255 0.        ],0.1297815776164546
145,RACESURV40_W43,SEX,Male,[0.08650479 0.68101086 0.23248435 0.        ],0.10057159961907337
146,RACESURV2_W43,SEX,Female,[0.59087545 0.18042663 0.05508658 0.01696326 0.15664807],0.004603938783846789
147,RACESURV2_W43,SEX,Male,[0.5436467  0.21256155 0.05082356 0.01109996 0.18186822],8.388263209498124e-05
148,RACESURV47f_W43,SEX,Female,[0.14800713 0.2117486  0.16576064 0.47448363],0.13747636771464417
149,RACESURV47f_W43,SEX,Male,[0.19805669 0.22237358 0.20696624 0.3726035 ],0.12206499061948663
150,RACESURV53d_W43,SEX,Female,[0.24296848 0.75703152],0.010387046833447555
151,RACESURV53d_W43,SEX,Male,[0.26187029 0.73812971],0.012871847692558287
152,RACESURV47e_W43,SEX,Female,[0.28484641 0.35481243 0.17935921 0.18098194],0.155147946085867
153,RACESURV47e_W43,SEX,Male,[0.33281047 0.38747561 0.16156239 0.11815154],0.12776627548734876
154,RACESURV3_W43,SEX,Female,[0.06460715 0.44749616 0.48789669],0.007073104461400102
155,RACESURV3_W43,SEX,Male,[0.07340051 0.50649512 0.42010437],0.0027009514344491334
156,RACESURV19e_W43,SEX,Female,[0.45271952 0.27887023 0.26841025],0.013406659738626443
157,RACESURV19e_W43,SEX,Male,[0.38384222 0.3407405  0.27541727],0.007496800596937747
158,RACESURV15b_W43,SEX,Female,[0.4632043  0.22479705 0.31199864],0.014019263549573195
159,RACESURV15b_W43,SEX,Male,[0.44346734 0.2489722  0.30756046],0.008946491640218742
160,RACESURV19d_W43,SEX,Female,[0.40730108 0.35609388 0.23660504],0.009250042347114774
161,RACESURV19d_W43,SEX,Male,[0.44900371 0.32583987 0.22515642],0.006213212794902669
162,RACESURV12_W43,SEX,Female,[0.14193455 0.49045932 0.36760613],0.01760283579713004
163,RACESURV12_W43,SEX,Male,[0.16624231 0.41426709 0.41949061],0.011591828526660753
164,RACESURV5l_W43,SEX,Female,[0.77676135 0.09570098 0.02316445 0.0191403  0.08523292],0.007481916737424271
165,RACESURV5l_W43,SEX,Male,[0.79875155 0.11875542 0.0120084  0.01854495 0.05193968],0.004094448547885041
166,RACESURV25_W43,SEX,Female,[0.15817049 0.35499462 0.26784856 0.21898634],0.013471467920819626
167,RACESURV25_W43,SEX,Male,[0.12619036 0.32841815 0.30241287 0.24297862],0.012399198791776126
168,RACESURV53a_W43,SEX,Female,[0.10891827 0.89108173],0.010593001782425832
169,RACESURV53a_W43,SEX,Male,[0.21028265 0.78971735],0.011968327835037929
170,RACESURV15a_W43,SEX,Female,[0.66830196 0.04621747 0.28548057],0.011834015287764095
171,RACESURV15a_W43,SEX,Male,[0.64451484 0.06225134 0.29323382],0.011714069848723297
172,RACESURV18b_W43,SEX,Female,[0.11828976 0.5423508  0.28376777 0.05559167],0.3080635265974598
173,RACESURV18b_W43,SEX,Male,[0.09706403 0.54542789 0.29860519 0.05890288],0.24141198284217175
174,RACESURV18c_W43,SEX,Female,[0.06207007 0.44239288 0.3940441  0.10149295],0.1009408238842887
175,RACESURV18c_W43,SEX,Male,[0.04339884 0.47137626 0.39498306 0.09024184],0.07832226536860935
176,RACESURV53f_W43,SEX,Female,[0.35925766 0.64074234],0.012050153036637739
177,RACESURV53f_W43,SEX,Male,[0.39409152 0.60590848],0.013554266523696746
178,RACESURV11_W43,SEX,Female,[0.16033949 0.55165189 0.28800862],0.004692808276191617
179,RACESURV11_W43,SEX,Male,[0.18790146 0.50646258 0.30563595],0.0022294125816478163
180,RACESURV53c_W43,SEX,Female,[0.37849596 0.62150404],0.01070115743781359
181,RACESURV53c_W43,SEX,Male,[0.32964586 0.67035414],0.01447269409339673
182,RACESURV5g_W43,SEX,Female,[0.03488513 0.04545006 0.29648624 0.32213184 0.30104672],0.014728276801011549
183,RACESURV5g_W43,SEX,Male,[0.03390286 0.06303992 0.34379795 0.3075723  0.25168696],0.00484548421709039
184,RACESURV24_W43,SEX,Female,[0.22089324 0.35718244 0.21564218 0.20628213],0.012300290881953129
185,RACESURV24_W43,SEX,Male,[0.20096824 0.35316228 0.21998731 0.22588217],0.010356871079502535
186,RACESURV5k_W43,SEX,Female,[0.02054167 0.0356664  0.18458723 0.67058386 0.08862085],0.00660739997989773
187,RACESURV5k_W43,SEX,Male,[0.02296758 0.01967384 0.22384361 0.65416523 0.07934973],0.0018086026842371952
188,RACESURV36_W43,SEX,Female,[0.09704294 0.34619075 0.40069677 0.15606954],0.009811586699976588
189,RACESURV36_W43,SEX,Male,[0.10753074 0.36911904 0.37151555 0.15183466],0.007529832991938726
190,RACESURV5j_W43,SEX,Female,[0.05379882 0.12809476 0.46291486 0.1255356  0.22965596],0.00785209891465085
191,RACESURV5j_W43,SEX,Male,[0.10488616 0.17581506 0.36390615 0.0724577  0.28293493],0.006848839691932697
192,RACESURV18e_W43,SEX,Female,[0.10587224 0.53178837 0.30636249 0.0559769 ],0.4154502016141625
193,RACESURV18e_W43,SEX,Male,[0.06688171 0.54568005 0.31816951 0.06926873],0.3383271541079911
194,RACESURV5c_W43,SEX,Female,[0.07040902 0.09897502 0.34485553 0.1882429  0.29751753],0.013809799144624466
195,RACESURV5c_W43,SEX,Male,[0.05894235 0.13191474 0.35793232 0.14466509 0.3065455 ],0.004811506446939498
196,RACESURV44_W43,SEX,Female,[0.1556466  0.69214077 0.15221264 0.        ],0.1585098986285077
197,RACESURV44_W43,SEX,Male,[0.15918579 0.66080134 0.18001287 0.        ],0.13990839088071555
198,RACESURV38_W43,SEX,Female,[0.07323468 0.27528706 0.35526718 0.29621108],0.011613684721320522
199,RACESURV38_W43,SEX,Male,[0.06382397 0.29450569 0.36404688 0.27762346],0.006509117629758972
200,RACESURV34b_W43,SEX,Female,[0.04724984 0.1356035  0.32997898 0.0819014  0.40526628],0.008633637810011006
201,RACESURV34b_W43,SEX,Male,[0.22979887 0.30306853 0.0658399  0.0196506  0.38164211],0.011051934917633968
202,RACESURV20_W43,SEX,Female,[0.05899183 0.37413657 0.56687159],0.008118694548559149
203,RACESURV20_W43,SEX,Male,[0.0522271  0.42290168 0.52487122],0.006538534297145559
0,RACESURV1c_W43,EDUCATION,Associate's degree,[0.23282625 0.20951056 0.55766319],0.00470318678548586
1,RACESURV1c_W43,EDUCATION,College graduate/some postgrad,[0.28700956 0.15529101 0.55769943],0.0007931475879867893
2,RACESURV1c_W43,EDUCATION,High school graduate,[0.30909249 0.18049513 0.51041239],0.00291026556624357
3,RACESURV1c_W43,EDUCATION,Less than high school,[0.31659711 0.20385123 0.47955167],0.0028622923686540624
4,RACESURV1c_W43,EDUCATION,Postgraduate,[0.24053692 0.16518364 0.59427944],0.0006794881331588386
5,RACESURV1c_W43,EDUCATION,"Some college, no degree",[0.32407622 0.19129905 0.48462473],0.002481851481932856
6,RACESURV28g_W43,EDUCATION,Associate's degree,[0.2888367  0.01082303 0.70034027],0.0049593246260434916
7,RACESURV28g_W43,EDUCATION,College graduate/some postgrad,[0.3972521  0.01511234 0.58763556],0.013336227613469767
8,RACESURV28g_W43,EDUCATION,High school graduate,[0.26027334 0.03509839 0.70462827],0.016893223003158826
9,RACESURV28g_W43,EDUCATION,Less than high school,[0.31467056 0.05834669 0.62698274],0.015941216264101707
10,RACESURV28g_W43,EDUCATION,Postgraduate,[0.4946882  0.01852194 0.48678985],0.014149856743560101
11,RACESURV28g_W43,EDUCATION,"Some college, no degree",[0.33235034 0.02034975 0.64729991],0.009573588710467911
12,RACESURV4_W43,EDUCATION,Associate's degree,[0.71480667 0.09182071 0.19337262],0.007631543464115533
13,RACESURV4_W43,EDUCATION,College graduate/some postgrad,[0.77649198 0.09379414 0.12971388],0.0030850946045634666
14,RACESURV4_W43,EDUCATION,High school graduate,[0.49955824 0.17478265 0.32565911],0.013384664567457037
15,RACESURV4_W43,EDUCATION,Less than high school,[0.54162565 0.11379103 0.34458332],0.0
16,RACESURV4_W43,EDUCATION,Postgraduate,[0.81936402 0.09125407 0.08938191],0.0009685570573284047
17,RACESURV4_W43,EDUCATION,"Some college, no degree",[0.66347629 0.11426168 0.22226203],0.004294914301422724
18,RACESURV48_W43,EDUCATION,Associate's degree,[0.52974052 0.22645781 0.13977244 0.10402923],0.0076761506460861825
19,RACESURV48_W43,EDUCATION,College graduate/some postgrad,[0.52349489 0.2640051  0.12833507 0.08416495],0.008966088920846209
20,RACESURV48_W43,EDUCATION,High school graduate,[0.42981654 0.29196786 0.10523344 0.17298216],0.019197601262661665
21,RACESURV48_W43,EDUCATION,Less than high school,[0.42720845 0.25500557 0.11630988 0.2014761 ],0.03664509068765806
22,RACESURV48_W43,EDUCATION,Postgraduate,[0.59806123 0.24019981 0.10018925 0.06154971],0.010203721177448197
23,RACESURV48_W43,EDUCATION,"Some college, no degree",[0.51079933 0.26226279 0.12928427 0.09765361],0.009529368342469459
24,RACESURV1b_W43,EDUCATION,Associate's degree,[0.34467115 0.270365   0.38496385],0.003215971856434612
25,RACESURV1b_W43,EDUCATION,College graduate/some postgrad,[0.29683021 0.2751604  0.42800938],0.006386125039613969
26,RACESURV1b_W43,EDUCATION,High school graduate,[0.30047527 0.26783067 0.43169406],0.008055901343498425
27,RACESURV1b_W43,EDUCATION,Less than high school,[0.35174053 0.28918425 0.35907522],0.027006760847421315
28,RACESURV1b_W43,EDUCATION,Postgraduate,[0.32941872 0.24245961 0.42812167],0.003684187846111279
29,RACESURV1b_W43,EDUCATION,"Some college, no degree",[0.30070921 0.28496004 0.41433075],0.00016772905869733736
30,RACESURV34d_W43,EDUCATION,Associate's degree,[0.65007366 0.17759391 0.02453097 0.01835344 0.12944802],0.004148364956614028
31,RACESURV34d_W43,EDUCATION,College graduate/some postgrad,[0.72164666 0.1751242  0.01681771 0.00749524 0.0789162 ],0.005267329199725446
32,RACESURV34d_W43,EDUCATION,High school graduate,[0.56646334 0.18530735 0.03799679 0.02673245 0.18350007],0.00802625245756036
33,RACESURV34d_W43,EDUCATION,Less than high school,[0.39088719 0.25335036 0.06335205 0.05490735 0.23750306],0.020298222159059506
34,RACESURV34d_W43,EDUCATION,Postgraduate,[0.7537464  0.16923787 0.02033347 0.00644976 0.0502325 ],0.004662334942814089
35,RACESURV34d_W43,EDUCATION,"Some college, no degree",[0.65401118 0.17023037 0.04172533 0.01999745 0.11403566],0.005387454050220201
36,RACESURV29d_W43,EDUCATION,Associate's degree,[0.14079631 0.39774214 0.34780628 0.11365527],0.002338567475501614
37,RACESURV29d_W43,EDUCATION,College graduate/some postgrad,[0.17480511 0.4353851  0.3168266  0.07298319],0.005450753823279845
38,RACESURV29d_W43,EDUCATION,High school graduate,[0.09500923 0.30257187 0.42258711 0.17983178],0.004714636827051074
39,RACESURV29d_W43,EDUCATION,Less than high school,[0.0958936  0.28313776 0.38666369 0.23430495],0.017448735979481156
40,RACESURV29d_W43,EDUCATION,Postgraduate,[0.1803597  0.46210133 0.30258531 0.05495366],0.007609116686043571
41,RACESURV29d_W43,EDUCATION,"Some college, no degree",[0.13761767 0.35380247 0.39387979 0.11470006],0.006001581336957401
42,RACESURV28f_W43,EDUCATION,Associate's degree,[0.30722374 0.02706269 0.66571357],0.007008465165917602
43,RACESURV28f_W43,EDUCATION,College graduate/some postgrad,[0.44000296 0.02172302 0.53827402],0.015447072057259141
44,RACESURV28f_W43,EDUCATION,High school graduate,[0.2686899  0.05070926 0.68060084],0.01556006735224008
45,RACESURV28f_W43,EDUCATION,Less than high school,[0.29380614 0.03527794 0.67091593],0.040574955465851
46,RACESURV28f_W43,EDUCATION,Postgraduate,[0.53959035 0.02631059 0.43409905],0.012599534109658906
47,RACESURV28f_W43,EDUCATION,"Some college, no degree",[0.35382124 0.03042133 0.61575743],0.00268212409530402
48,RACESURV5d_W43,EDUCATION,Associate's degree,[0.08625439 0.28846571 0.16895663 0.01781442 0.43850885],0.014164371177404518
49,RACESURV5d_W43,EDUCATION,College graduate/some postgrad,[0.07239545 0.31554212 0.19091047 0.02813367 0.39301828],0.005276772576652487
50,RACESURV5d_W43,EDUCATION,High school graduate,[0.06791406 0.22112668 0.16371333 0.03900955 0.50823637],0.014810007565383407
51,RACESURV5d_W43,EDUCATION,Less than high school,[0.11091793 0.22095163 0.18299433 0.03293409 0.45220202],0.012780652228152414
52,RACESURV5d_W43,EDUCATION,Postgraduate,[0.08643242 0.31223238 0.2073421  0.03583036 0.35816275],0.007718935942717665
53,RACESURV5d_W43,EDUCATION,"Some college, no degree",[0.09046264 0.25630596 0.18294004 0.03814373 0.43214764],0.008759609661154888
54,RACESURV28a_W43,EDUCATION,Associate's degree,[0.48279702 0.05758911 0.45961387],0.0085247159400186
55,RACESURV28a_W43,EDUCATION,College graduate/some postgrad,[0.5900625  0.04974937 0.36018813],0.01806056714550415
56,RACESURV28a_W43,EDUCATION,High school graduate,[0.45050171 0.070037   0.47946129],0.016293520729644406
57,RACESURV28a_W43,EDUCATION,Less than high school,[0.47585898 0.08085718 0.44328384],0.024142297924059686
58,RACESURV28a_W43,EDUCATION,Postgraduate,[0.66950781 0.04221147 0.28828072],0.013085248992883727
59,RACESURV28a_W43,EDUCATION,"Some college, no degree",[0.52102279 0.07464791 0.40432929],0.011205251143009076
60,RACESURV10_W43,EDUCATION,Associate's degree,[0.38281243 0.61718757],0.008058269540364416
61,RACESURV10_W43,EDUCATION,College graduate/some postgrad,[0.39676094 0.60323906],0.006890873860772775
62,RACESURV10_W43,EDUCATION,High school graduate,[0.42499453 0.57500547],0.015380400933908116
63,RACESURV10_W43,EDUCATION,Less than high school,[0.40516635 0.59483365],0.03785574050608241
64,RACESURV10_W43,EDUCATION,Postgraduate,[0.37976287 0.62023713],0.008384275216649582
65,RACESURV10_W43,EDUCATION,"Some college, no degree",[0.44298721 0.55701279],0.016071046802688223
66,RACATTN_W43,EDUCATION,Associate's degree,[0.43257709 0.36259389 0.20482902],0.008751149000412795
67,RACATTN_W43,EDUCATION,College graduate/some postgrad,[0.39807089 0.36817274 0.23375636],0.010834297406162019
68,RACATTN_W43,EDUCATION,High school graduate,[0.47097255 0.34102444 0.18800301],0.01414003207105846
69,RACATTN_W43,EDUCATION,Less than high school,[0.30372349 0.44933298 0.24694353],0.016793038743597086
70,RACATTN_W43,EDUCATION,Postgraduate,[0.32137795 0.43906857 0.23955348],0.008905378983920013
71,RACATTN_W43,EDUCATION,"Some college, no degree",[0.43449561 0.3773908  0.18811358],0.007426592082598314
72,RACESURV50_W43,EDUCATION,Associate's degree,[0.40357569 0.59642431],0.04194901996181362
73,RACESURV50_W43,EDUCATION,College graduate/some postgrad,[0.45611827 0.54388173],0.02720674366568488
74,RACESURV50_W43,EDUCATION,High school graduate,[0.38341876 0.61658124],0.03444136152828772
75,RACESURV50_W43,EDUCATION,Less than high school,[0.5201518 0.4798482],0.060852945199391224
76,RACESURV50_W43,EDUCATION,Postgraduate,[0.53953141 0.46046859],0.04023792696405516
77,RACESURV50_W43,EDUCATION,"Some college, no degree",[0.41741735 0.58258265],0.024972850426640127
78,RACESURV28d_W43,EDUCATION,Associate's degree,[0.646114   0.02915764 0.32472835],0.0029322782905089745
79,RACESURV28d_W43,EDUCATION,College graduate/some postgrad,[0.77444181 0.01418428 0.21137391],0.006174131871107928
80,RACESURV28d_W43,EDUCATION,High school graduate,[0.61510573 0.03251202 0.35238225],0.009763377941148526
81,RACESURV28d_W43,EDUCATION,Less than high school,[0.56847861 0.05617619 0.3753452 ],0.019526452403908243
82,RACESURV28d_W43,EDUCATION,Postgraduate,[0.83438288 0.01222652 0.1533906 ],0.012320340744399102
83,RACESURV28d_W43,EDUCATION,"Some college, no degree",[0.63856148 0.01982229 0.34161624],0.006960485484480546
84,RACESURV28e_W43,EDUCATION,Associate's degree,[0.61142162 0.0399522  0.34862618],0.005282366939606836
85,RACESURV28e_W43,EDUCATION,College graduate/some postgrad,[0.72421233 0.0145197  0.26126797],0.020055363853595947
86,RACESURV28e_W43,EDUCATION,High school graduate,[0.57961033 0.04401593 0.37637373],0.014277331147320693
87,RACESURV28e_W43,EDUCATION,Less than high school,[0.61278733 0.04911549 0.33809718],0.022462823092878025
88,RACESURV28e_W43,EDUCATION,Postgraduate,[0.78847142 0.03093197 0.18059661],0.011689229383148108
89,RACESURV28e_W43,EDUCATION,"Some college, no degree",[0.67489496 0.03360818 0.29149686],0.01281824783286976
90,ADMISSIONe_W43,EDUCATION,Associate's degree,[0.19611496 0.52173925 0.2821458 ],0.005956614269625476
91,ADMISSIONe_W43,EDUCATION,College graduate/some postgrad,[0.26895555 0.53397771 0.19706674],0.001065431185639543
92,ADMISSIONe_W43,EDUCATION,High school graduate,[0.15291001 0.43648055 0.41060945],0.00889711030987776
93,ADMISSIONe_W43,EDUCATION,Less than high school,[0.24618062 0.42594661 0.32787277],0.004320280188119797
94,ADMISSIONe_W43,EDUCATION,Postgraduate,[0.28769143 0.57456663 0.13774194],0.0032639977709624807
95,ADMISSIONe_W43,EDUCATION,"Some college, no degree",[0.20253802 0.4768145  0.32064748],0.0030506090974738924
96,RACESURV53b_W43,EDUCATION,Associate's degree,[0.38894873 0.61105127],0.006458854634642815
97,RACESURV53b_W43,EDUCATION,College graduate/some postgrad,[0.28007783 0.71992217],0.008787654218333081
98,RACESURV53b_W43,EDUCATION,High school graduate,[0.35368206 0.64631794],0.016654360205947162
99,RACESURV53b_W43,EDUCATION,Less than high school,[0.3669076 0.6330924],0.026625838576920344
100,RACESURV53b_W43,EDUCATION,Postgraduate,[0.29808712 0.70191288],0.011643729486165334
101,RACESURV53b_W43,EDUCATION,"Some college, no degree",[0.35218745 0.64781255],0.009863526325394698
102,RACESURV37_W43,EDUCATION,Associate's degree,[0.63582558 0.36417442],0.0016297235884603928
103,RACESURV37_W43,EDUCATION,College graduate/some postgrad,[0.65792043 0.34207957],0.003382064782930101
104,RACESURV37_W43,EDUCATION,High school graduate,[0.56038856 0.43961144],0.009502635021295662
105,RACESURV37_W43,EDUCATION,Less than high school,[0.50626532 0.49373468],0.021956470682216664
106,RACESURV37_W43,EDUCATION,Postgraduate,[0.6556861 0.3443139],0.009963112621831494
107,RACESURV37_W43,EDUCATION,"Some college, no degree",[0.62818905 0.37181095],0.00514631108773954
108,RACESURV45_W43,EDUCATION,Associate's degree,[0.04676145 0.38205277 0.57118578 0.        ],0.2123867322918336
109,RACESURV45_W43,EDUCATION,College graduate/some postgrad,[0.03875665 0.3809369  0.58030645 0.        ],0.2560615775266693
110,RACESURV45_W43,EDUCATION,High school graduate,[0.06093999 0.37427695 0.56478305 0.        ],0.2942584419033223
111,RACESURV45_W43,EDUCATION,Less than high school,[0.09223567 0.44161744 0.46614689 0.        ],0.3611730011705749
112,RACESURV45_W43,EDUCATION,Postgraduate,[0.04330819 0.43341566 0.52327614 0.        ],0.2704114260918796
113,RACESURV45_W43,EDUCATION,"Some college, no degree",[0.05311898 0.39577414 0.55110688 0.        ],0.24121056606125338
114,RACESURV5h_W43,EDUCATION,Associate's degree,[0.09947742 0.17025033 0.11208578 0.03100613 0.58718034],0.01414568358178002
115,RACESURV5h_W43,EDUCATION,College graduate/some postgrad,[0.09235215 0.21995478 0.12239152 0.03979121 0.52551035],0.008665696948860204
116,RACESURV5h_W43,EDUCATION,High school graduate,[0.10576911 0.16012189 0.0712608  0.06174295 0.60110524],0.008583083737965359
117,RACESURV5h_W43,EDUCATION,Less than high school,[0.13872824 0.19589844 0.1115851  0.04475368 0.50903453],0.00957963044746015
118,RACESURV5h_W43,EDUCATION,Postgraduate,[0.10101    0.28457753 0.15507391 0.04826161 0.41107694],0.0199745827566705
119,RACESURV5h_W43,EDUCATION,"Some college, no degree",[0.1176046  0.18027755 0.08399299 0.06208673 0.55603812],0.0053971122139570725
120,ADMISSIONc_W43,EDUCATION,Associate's degree,[0.06781256 0.20799507 0.72419237],0.0012722484596210907
121,ADMISSIONc_W43,EDUCATION,College graduate/some postgrad,[0.05018302 0.29301241 0.65680457],0.001811994359370287
122,ADMISSIONc_W43,EDUCATION,High school graduate,[0.07397174 0.18824127 0.73778699],0.005998592787208174
123,ADMISSIONc_W43,EDUCATION,Less than high school,[0.20819151 0.23715899 0.5546495 ],0.01351016527599087
124,ADMISSIONc_W43,EDUCATION,Postgraduate,[0.04655367 0.31570748 0.63773885],0.0022109251584877753
125,ADMISSIONc_W43,EDUCATION,"Some college, no degree",[0.0638551  0.23675561 0.69938929],0.004654477328885894
126,RACESURV1d_W43,EDUCATION,Associate's degree,[0.2670851  0.41524613 0.31766877],0.0045147523547136425
127,RACESURV1d_W43,EDUCATION,College graduate/some postgrad,[0.32809578 0.33728701 0.33461721],0.002614503525129366
128,RACESURV1d_W43,EDUCATION,High school graduate,[0.23734837 0.40605091 0.35660072],0.003246080745328965
129,RACESURV1d_W43,EDUCATION,Less than high school,[0.28278843 0.37948181 0.33772976],0.004793610927718238
130,RACESURV1d_W43,EDUCATION,Postgraduate,[0.32013157 0.29547069 0.38439774],0.0011694858027615567
131,RACESURV1d_W43,EDUCATION,"Some college, no degree",[0.26069637 0.42028227 0.31902136],0.0015275774378367614
132,RACESURV5f_W43,EDUCATION,Associate's degree,[0.08389714 0.15889952 0.12084755 0.03404323 0.60231256],0.011212046289782555
133,RACESURV5f_W43,EDUCATION,College graduate/some postgrad,[0.08642814 0.18383321 0.19833126 0.02311442 0.50829297],0.012534357631554591
134,RACESURV5f_W43,EDUCATION,High school graduate,[0.06845421 0.126149   0.16041701 0.04678238 0.5981974 ],0.016303475280059324
135,RACESURV5f_W43,EDUCATION,Less than high school,[0.07704915 0.19912131 0.11240798 0.08961969 0.52180186],0.00671168678253528
136,RACESURV5f_W43,EDUCATION,Postgraduate,[0.10689054 0.20835231 0.22368347 0.02155546 0.43951823],0.012832217859216379
137,RACESURV5f_W43,EDUCATION,"Some college, no degree",[0.09277468 0.11369851 0.15324664 0.03717163 0.60310853],0.006067493921176024
138,RACESURV19c_W43,EDUCATION,Associate's degree,[0.44865147 0.35772302 0.19362551],0.0019792603265833767
139,RACESURV19c_W43,EDUCATION,College graduate/some postgrad,[0.61426318 0.23412088 0.15161594],0.002429933833167567
140,RACESURV19c_W43,EDUCATION,High school graduate,[0.35458873 0.30858592 0.33682535],0.010490183384284235
141,RACESURV19c_W43,EDUCATION,Less than high school,[0.35473075 0.24515114 0.4001181 ],0.015333364459888525
142,RACESURV19c_W43,EDUCATION,Postgraduate,[0.6987254  0.19666632 0.10460828],0.008245185190021244
143,RACESURV19c_W43,EDUCATION,"Some college, no degree",[0.48538071 0.2862612  0.22835809],0.004252762402771154
144,RACESURV29b_W43,EDUCATION,Associate's degree,[0.33094348 0.43321906 0.19050874 0.04532871],0.002338567475501614
145,RACESURV29b_W43,EDUCATION,College graduate/some postgrad,[0.25650449 0.47369301 0.23405138 0.03575112],0.004640796764201815
146,RACESURV29b_W43,EDUCATION,High school graduate,[0.30693093 0.39352384 0.2339788  0.06556643],0.004836617154155691
147,RACESURV29b_W43,EDUCATION,Less than high school,[0.25135718 0.37770044 0.24148322 0.12945916],0.017032998228376114
148,RACESURV29b_W43,EDUCATION,Postgraduate,[0.25899008 0.45187075 0.2620818  0.02705737],0.005811660729818279
149,RACESURV29b_W43,EDUCATION,"Some college, no degree",[0.31767297 0.43266891 0.21173311 0.03792502],0.0036044677114739298
150,RACESURV47a_W43,EDUCATION,Associate's degree,[0.32727149 0.32894595 0.0669894  0.27679316],0.233514967759208
151,RACESURV47a_W43,EDUCATION,College graduate/some postgrad,[0.25896617 0.27964977 0.20386379 0.25752027],0.1515732315441649
152,RACESURV47a_W43,EDUCATION,High school graduate,[0.33167231 0.31642557 0.11829904 0.23360308],0.24188400957681275
153,RACESURV47a_W43,EDUCATION,Less than high school,[0.2949993  0.26517982 0.16221281 0.27760808],0.3209627739620788
154,RACESURV47a_W43,EDUCATION,Postgraduate,[0.17733312 0.30458224 0.20438207 0.31370257],0.11260134009381342
155,RACESURV47a_W43,EDUCATION,"Some college, no degree",[0.30082925 0.30725805 0.13121997 0.26069273],0.19241405538305312
156,RACESURV27_W43,EDUCATION,Associate's degree,[0.06543759 0.2493066  0.38059846 0.30465735],0.0161468412167877
157,RACESURV27_W43,EDUCATION,College graduate/some postgrad,[0.06795859 0.29138248 0.38847882 0.25218011],0.014721027381771966
158,RACESURV27_W43,EDUCATION,High school graduate,[0.06419593 0.20131735 0.34988976 0.38459696],0.014129429922400951
159,RACESURV27_W43,EDUCATION,Less than high school,[0.0589054  0.27536995 0.3071594  0.35856524],0.02885369847187531
160,RACESURV27_W43,EDUCATION,Postgraduate,[0.08955805 0.365583   0.34710239 0.19775656],0.019078405168701754
161,RACESURV27_W43,EDUCATION,"Some college, no degree",[0.08067231 0.26337315 0.32776254 0.328192  ],0.007360021648723275
162,RACESURV5b_W43,EDUCATION,Associate's degree,[0.07100693 0.06585006 0.35247006 0.22794326 0.28272969],0.01031119144257527
163,RACESURV5b_W43,EDUCATION,College graduate/some postgrad,[0.05557506 0.0848388  0.37766023 0.3205657  0.1613602 ],0.006970154484098381
164,RACESURV5b_W43,EDUCATION,High school graduate,[0.09626237 0.10624007 0.28521766 0.18776698 0.32451292],0.009827581567774706
165,RACESURV5b_W43,EDUCATION,Less than high school,[0.07420806 0.13613403 0.22381074 0.1733825  0.39246467],0.015706661106449093
166,RACESURV5b_W43,EDUCATION,Postgraduate,[0.04671891 0.08013464 0.32525268 0.39932309 0.14857068],0.007158783991360362
167,RACESURV5b_W43,EDUCATION,"Some college, no degree",[0.07182404 0.11868664 0.29080692 0.26173544 0.25694697],0.006915303272182686
168,RACESURV18a_W43,EDUCATION,Associate's degree,[0.08901918 0.59929278 0.2637491  0.04793893],0.1098296968973946
169,RACESURV18a_W43,EDUCATION,College graduate/some postgrad,[0.07383006 0.58306219 0.29332282 0.04978493],0.1002562874473098
170,RACESURV18a_W43,EDUCATION,High school graduate,[0.08646606 0.56416916 0.27454999 0.07481478],0.16497907261629127
171,RACESURV18a_W43,EDUCATION,Less than high school,[0.14169442 0.4419587  0.33514429 0.08120258],0.16845626261816027
172,RACESURV18a_W43,EDUCATION,Postgraduate,[0.05035293 0.56753614 0.35810915 0.02400178],0.10261544143257295
173,RACESURV18a_W43,EDUCATION,"Some college, no degree",[0.0845629  0.52209418 0.32213822 0.0712047 ],0.11368114743360996
174,RACESURV28c_W43,EDUCATION,Associate's degree,[0.45495877 0.01644373 0.52859749],0.024594683903214357
175,RACESURV28c_W43,EDUCATION,College graduate/some postgrad,[0.53447446 0.01862741 0.44689813],0.02591265502649343
176,RACESURV28c_W43,EDUCATION,High school graduate,[0.36223118 0.03370659 0.60406223],0.02019612387918495
177,RACESURV28c_W43,EDUCATION,Less than high school,[0.43005504 0.07435909 0.49558587],0.041988495244653624
178,RACESURV28c_W43,EDUCATION,Postgraduate,[0.63197691 0.01749778 0.35052531],0.014902796849384769
179,RACESURV28c_W43,EDUCATION,"Some college, no degree",[0.43819964 0.03530149 0.52649887],0.019410412998927793
180,RACESURV18d_W43,EDUCATION,Associate's degree,[0.21879439 0.6689241  0.09128196 0.02099956],0.14637674216175034
181,RACESURV18d_W43,EDUCATION,College graduate/some postgrad,[0.24270373 0.68337653 0.06207645 0.01184329],0.10418376234087344
182,RACESURV18d_W43,EDUCATION,High school graduate,[0.15606201 0.69103518 0.12986471 0.02303809],0.21455137361481885
183,RACESURV18d_W43,EDUCATION,Less than high school,[0.19749707 0.53384623 0.20181128 0.06684542],0.24537963344862576
184,RACESURV18d_W43,EDUCATION,Postgraduate,[0.16903672 0.76606032 0.05778782 0.00711515],0.09623826277665713
185,RACESURV18d_W43,EDUCATION,"Some college, no degree",[0.19865804 0.68738432 0.09582883 0.01812881],0.16285148408001052
186,RACESURV51_W43,EDUCATION,Associate's degree,[0.24724523 0.06309139 0.68966337],0.011441846841840094
187,RACESURV51_W43,EDUCATION,College graduate/some postgrad,[0.3176767  0.06776813 0.61455517],0.010783935961218578
188,RACESURV51_W43,EDUCATION,High school graduate,[0.17245432 0.092007   0.73553868],0.02136472016668946
189,RACESURV51_W43,EDUCATION,Less than high school,[0.20903196 0.14769854 0.6432695 ],0.03397212991001821
190,RACESURV51_W43,EDUCATION,Postgraduate,[0.38793101 0.04568402 0.56638497],0.016068175781298284
191,RACESURV51_W43,EDUCATION,"Some college, no degree",[0.22796457 0.08272453 0.6893109 ],0.014395467314717102
192,RACESURV47b_W43,EDUCATION,Associate's degree,[0.1658441  0.23147856 0.18743304 0.4152443 ],0.1836613197420433
193,RACESURV47b_W43,EDUCATION,College graduate/some postgrad,[0.14933476 0.2988292  0.17942042 0.37241561],0.11212521644426589
194,RACESURV47b_W43,EDUCATION,High school graduate,[0.1520497  0.18577612 0.13835907 0.52381511],0.1534070663594066
195,RACESURV47b_W43,EDUCATION,Less than high school,[0.20460264 0.22596915 0.14812241 0.4213058 ],0.2475222273642462
196,RACESURV47b_W43,EDUCATION,Postgraduate,[0.09530953 0.27206301 0.21098171 0.42164575],0.12975248440546072
197,RACESURV47b_W43,EDUCATION,"Some college, no degree",[0.15584398 0.23578828 0.18252956 0.42583818],0.09732495182181299
198,RACESURV19b_W43,EDUCATION,Associate's degree,[0.33206808 0.26145155 0.40648037],0.014667000952471886
199,RACESURV19b_W43,EDUCATION,College graduate/some postgrad,[0.23991946 0.28859954 0.471481  ],0.008390277819453226
200,RACESURV19b_W43,EDUCATION,High school graduate,[0.33996085 0.32566198 0.33437717],0.01353094131115714
201,RACESURV19b_W43,EDUCATION,Less than high school,[0.4063816  0.27099911 0.32261929],0.017431382162245063
202,RACESURV19b_W43,EDUCATION,Postgraduate,[0.18888818 0.23602857 0.57508325],0.010577949778414577
203,RACESURV19b_W43,EDUCATION,"Some college, no degree",[0.3337086  0.24640988 0.41988152],0.008862794965733329
204,RACESURV14_W43,EDUCATION,Associate's degree,[0.16861885 0.13636675 0.15608716 0.53892725],0.031606174005040934
205,RACESURV14_W43,EDUCATION,College graduate/some postgrad,[0.12780673 0.12219673 0.12106923 0.62892731],0.009681923115602521
206,RACESURV14_W43,EDUCATION,High school graduate,[0.19591603 0.16864326 0.15194372 0.48349698],0.017166389325343596
207,RACESURV14_W43,EDUCATION,Less than high school,[0.10000026 0.12482794 0.1664327  0.6087391 ],0.02343601961127592
208,RACESURV14_W43,EDUCATION,Postgraduate,[0.08447943 0.07948329 0.11328375 0.72275353],0.01028434593213614
209,RACESURV14_W43,EDUCATION,"Some college, no degree",[0.17720914 0.14715001 0.12974545 0.5458954 ],0.020215421953431026
210,ADMISSIONg_W43,EDUCATION,Associate's degree,[0.61339228 0.33753559 0.04907213],0.0
211,ADMISSIONg_W43,EDUCATION,College graduate/some postgrad,[0.76053275 0.21188072 0.02758652],0.0020050140138678737
212,ADMISSIONg_W43,EDUCATION,High school graduate,[0.62031871 0.28433357 0.09534772],0.005528618590852498
213,ADMISSIONg_W43,EDUCATION,Less than high school,[0.62565311 0.24389788 0.13044901],0.014969169699800056
214,ADMISSIONg_W43,EDUCATION,Postgraduate,[0.79915759 0.17479761 0.0260448 ],0.0011220768786950617
215,ADMISSIONg_W43,EDUCATION,"Some college, no degree",[0.63741191 0.29614042 0.06644768],0.0034694039266701545
216,RACESURV52_W43,EDUCATION,Associate's degree,[0.09451665 0.17194526 0.29914892 0.43438917],0.005257146697962392
217,RACESURV52_W43,EDUCATION,College graduate/some postgrad,[0.06075343 0.15883878 0.27936815 0.50103964],0.0019725179681556516
218,RACESURV52_W43,EDUCATION,High school graduate,[0.15741717 0.22191615 0.23424639 0.38642029],0.0125287535563496
219,RACESURV52_W43,EDUCATION,Less than high school,[0.12901196 0.1527686  0.19182427 0.52639516],0.0191237762730316
220,RACESURV52_W43,EDUCATION,Postgraduate,[0.05022029 0.14999713 0.21443096 0.58535161],0.007401552228191625
221,RACESURV52_W43,EDUCATION,"Some college, no degree",[0.1219224  0.16925803 0.23292573 0.47589383],0.0027483548079826406
222,RACESURV34a_W43,EDUCATION,Associate's degree,[0.12065106 0.20775413 0.10655012 0.04795977 0.51708493],0.0053167350928168215
223,RACESURV34a_W43,EDUCATION,College graduate/some postgrad,[0.19071001 0.28264096 0.0917651  0.03518637 0.39969755],0.009071450902582878
224,RACESURV34a_W43,EDUCATION,High school graduate,[0.09535943 0.22098821 0.10343885 0.03204187 0.54817164],0.009519125074184934
225,RACESURV34a_W43,EDUCATION,Less than high school,[0.12249735 0.21210624 0.14612017 0.07116305 0.44811317],0.023362124057031787
226,RACESURV34a_W43,EDUCATION,Postgraduate,[0.26051977 0.29313879 0.09847283 0.03851452 0.30935409],0.0106571440067169
227,RACESURV34a_W43,EDUCATION,"Some college, no degree",[0.12713602 0.22423885 0.11520536 0.05583022 0.47758955],0.009446086500294952
228,ADMISSIONa_W43,EDUCATION,Associate's degree,[0.07186118 0.1534961  0.77464271],0.0007859901754585792
229,ADMISSIONa_W43,EDUCATION,College graduate/some postgrad,[0.06316394 0.24929724 0.68753883],0.0019032504871101228
230,ADMISSIONa_W43,EDUCATION,High school graduate,[0.06379478 0.11618147 0.82002376],0.00833018385248513
231,ADMISSIONa_W43,EDUCATION,Less than high school,[0.12893046 0.20636721 0.66470233],0.0077417463127096514
232,ADMISSIONa_W43,EDUCATION,Postgraduate,[0.0795686  0.39213154 0.52829986],0.0006794881331588388
233,ADMISSIONa_W43,EDUCATION,"Some college, no degree",[0.07055461 0.15703696 0.77240843],0.0027059661216978772
234,RACESURV34c_W43,EDUCATION,Associate's degree,[0.12540345 0.18755601 0.19917139 0.15594531 0.33192384],0.006100686236855342
235,RACESURV34c_W43,EDUCATION,College graduate/some postgrad,[0.24700214 0.24987465 0.17411156 0.09781845 0.2311932 ],0.002891250459572015
236,RACESURV34c_W43,EDUCATION,High school graduate,[0.07379795 0.1646463  0.20525588 0.15993529 0.39636458],0.008974716855994797
237,RACESURV34c_W43,EDUCATION,Less than high school,[0.08373886 0.24080241 0.15301783 0.24255528 0.27988562],0.02483752705472089
238,RACESURV34c_W43,EDUCATION,Postgraduate,[0.31324796 0.17962188 0.16701507 0.11304913 0.22706597],0.009924369246449781
239,RACESURV34c_W43,EDUCATION,"Some college, no degree",[0.11449106 0.17398004 0.2203705  0.13822487 0.35293353],0.003617897742352153
240,RACESURV7_W43,EDUCATION,Associate's degree,[0.14301758 0.39068339 0.38052982 0.08576921],0.005055631895529232
241,RACESURV7_W43,EDUCATION,College graduate/some postgrad,[0.1554077  0.43252852 0.33713371 0.07493007],0.0007561976906613356
242,RACESURV7_W43,EDUCATION,High school graduate,[0.11643326 0.33265204 0.36581022 0.18510448],0.003072085454364164
243,RACESURV7_W43,EDUCATION,Less than high school,[0.12722073 0.32805619 0.35426974 0.19045334],0.022129250132620258
244,RACESURV7_W43,EDUCATION,Postgraduate,[0.19226377 0.46537531 0.29050608 0.05185485],0.0005574491875697215
245,RACESURV7_W43,EDUCATION,"Some college, no degree",[0.14795143 0.37862998 0.34357999 0.12983859],0.0007892344011656966
246,RACESURV5i_W43,EDUCATION,Associate's degree,[0.35055643 0.26197035 0.07431262 0.01965924 0.29350135],0.0031459088528246566
247,RACESURV5i_W43,EDUCATION,College graduate/some postgrad,[0.41137406 0.32875619 0.06898154 0.0261986  0.16468962],0.0023957785021875644
248,RACESURV5i_W43,EDUCATION,High school graduate,[0.34778686 0.26359455 0.06443092 0.02862075 0.29556691],0.013553886898896342
249,RACESURV5i_W43,EDUCATION,Less than high school,[0.32613208 0.21018747 0.06008291 0.03360257 0.36999495],0.014369388728610016
250,RACESURV5i_W43,EDUCATION,Postgraduate,[0.44913412 0.29993358 0.0902122  0.01869584 0.14202426],0.0011289043287196134
251,RACESURV5i_W43,EDUCATION,"Some college, no degree",[0.39274047 0.28325603 0.07324326 0.02806821 0.22269202],0.0028632192605571203
252,RACESURV6_W43,EDUCATION,Associate's degree,[0.4327272 0.5672728],0.014420538805680557
253,RACESURV6_W43,EDUCATION,College graduate/some postgrad,[0.39601469 0.60398531],0.0027125031419364294
254,RACESURV6_W43,EDUCATION,High school graduate,[0.49000575 0.50999425],0.01569432453058731
255,RACESURV6_W43,EDUCATION,Less than high school,[0.34967823 0.65032177],0.026884954199187783
256,RACESURV6_W43,EDUCATION,Postgraduate,[0.29824658 0.70175342],0.00847722820044311
257,RACESURV6_W43,EDUCATION,"Some college, no degree",[0.47507836 0.52492164],0.006966423523519183
258,RACESURV5e_W43,EDUCATION,Associate's degree,[0.03638002 0.16065924 0.22786988 0.13688141 0.43820944],0.02179593359592669
259,RACESURV5e_W43,EDUCATION,College graduate/some postgrad,[0.0304434  0.1947732  0.28179447 0.20301185 0.28997707],0.00925748103268295
260,RACESURV5e_W43,EDUCATION,High school graduate,[0.08672393 0.17256133 0.20678645 0.12003436 0.41389393],0.010157983248290004
261,RACESURV5e_W43,EDUCATION,Less than high school,[0.17191981 0.19808911 0.10777689 0.07486273 0.44735145],0.014130910882096306
262,RACESURV5e_W43,EDUCATION,Postgraduate,[0.04303013 0.13621003 0.29790911 0.29415729 0.22869344],0.011571449155752984
263,RACESURV5e_W43,EDUCATION,"Some college, no degree",[0.07202945 0.13532874 0.22381263 0.14894134 0.41988784],0.005869333831489947
264,RACESURV53e_W43,EDUCATION,Associate's degree,[0.46785501 0.53214499],0.007120902738771876
265,RACESURV53e_W43,EDUCATION,College graduate/some postgrad,[0.39850772 0.60149228],0.009105113710494762
266,RACESURV53e_W43,EDUCATION,High school graduate,[0.41900663 0.58099337],0.012272679671845074
267,RACESURV53e_W43,EDUCATION,Less than high school,[0.41380712 0.58619288],0.025948706598356276
268,RACESURV53e_W43,EDUCATION,Postgraduate,[0.38563491 0.61436509],0.01162420996100031
269,RACESURV53e_W43,EDUCATION,"Some college, no degree",[0.47766638 0.52233362],0.008576980481633285
270,RACESURV41_W43,EDUCATION,Associate's degree,[0.06938391 0.52555891 0.40505718 0.        ],0.16454828012247408
271,RACESURV41_W43,EDUCATION,College graduate/some postgrad,[0.07121759 0.51344923 0.41533318 0.        ],0.0971208384904993
272,RACESURV41_W43,EDUCATION,High school graduate,[0.07300919 0.50138624 0.42560457 0.        ],0.2068318765298299
273,RACESURV41_W43,EDUCATION,Less than high school,[0.1068671  0.51023223 0.38290067 0.        ],0.26690566445979047
274,RACESURV41_W43,EDUCATION,Postgraduate,[0.05640738 0.55356498 0.39002764 0.        ],0.11293314065084727
275,RACESURV41_W43,EDUCATION,"Some college, no degree",[0.07333621 0.5379871  0.38867669 0.        ],0.13575334466616873
276,RACESURV1a_W43,EDUCATION,Associate's degree,[0.22127031 0.27753614 0.50119355],0.0015106640309883877
277,RACESURV1a_W43,EDUCATION,College graduate/some postgrad,[0.200516   0.31626693 0.48321707],0.003785391358738236
278,RACESURV1a_W43,EDUCATION,High school graduate,[0.23760969 0.30798347 0.45440684],0.00525498267715101
279,RACESURV1a_W43,EDUCATION,Less than high school,[0.30279395 0.28082043 0.41638561],0.005809714760267513
280,RACESURV1a_W43,EDUCATION,Postgraduate,[0.21320673 0.22541332 0.56137995],0.0006794881331588387
281,RACESURV1a_W43,EDUCATION,"Some college, no degree",[0.25541289 0.30571173 0.43887538],0.0016426374475225533
282,RACESURV47d_W43,EDUCATION,Associate's degree,[0.21123997 0.34524188 0.25048445 0.1930337 ],0.11848429644273085
283,RACESURV47d_W43,EDUCATION,College graduate/some postgrad,[0.23769876 0.38500661 0.2172978  0.15999683],0.05838459769401016
284,RACESURV47d_W43,EDUCATION,High school graduate,[0.24150506 0.38300282 0.23502573 0.14046639],0.23567923118435014
285,RACESURV47d_W43,EDUCATION,Less than high school,[0.18982009 0.36794465 0.25038886 0.19184639],0.27541393248086476
286,RACESURV47d_W43,EDUCATION,Postgraduate,[0.21783952 0.38626274 0.26069422 0.13520352],0.0830740430302128
287,RACESURV47d_W43,EDUCATION,"Some college, no degree",[0.20276655 0.37957304 0.22494332 0.19271709],0.0915837802974619
288,RACESURV9_W43,EDUCATION,Associate's degree,[0.14693724 0.33387311 0.14280907 0.01846409 0.35791649],0.0037770126581059796
289,RACESURV9_W43,EDUCATION,College graduate/some postgrad,[0.16044832 0.51140071 0.10168204 0.01390742 0.21256151],0.006374750722307678
290,RACESURV9_W43,EDUCATION,High school graduate,[0.14240377 0.38721744 0.11311782 0.0371152  0.32014578],0.0015196847571359179
291,RACESURV9_W43,EDUCATION,Less than high school,[0.1527258  0.31053774 0.16127309 0.04427845 0.33118492],0.0076364171223762475
292,RACESURV9_W43,EDUCATION,Postgraduate,[0.12764493 0.52153514 0.11815868 0.01838381 0.21427744],0.0011275288718641879
293,RACESURV9_W43,EDUCATION,"Some college, no degree",[0.10995861 0.42344505 0.09920037 0.02662611 0.34076986],0.00396991941009648
294,RACESURV22_W43,EDUCATION,Associate's degree,[0.04181889 0.13382478 0.21284367 0.61151265],0.0031688000193718833
295,RACESURV22_W43,EDUCATION,College graduate/some postgrad,[0.02487657 0.12074684 0.22898564 0.62539095],0.003282061619002831
296,RACESURV22_W43,EDUCATION,High school graduate,[0.02902405 0.12754544 0.22731541 0.6161151 ],0.007079197474796752
297,RACESURV22_W43,EDUCATION,Less than high school,[0.07051199 0.19292809 0.22603235 0.51052756],0.01677098129163834
298,RACESURV22_W43,EDUCATION,Postgraduate,[0.02563681 0.14771837 0.20590222 0.6207426 ],0.002838239474195647
299,RACESURV22_W43,EDUCATION,"Some college, no degree",[0.04866982 0.12336563 0.18075245 0.6472121 ],0.002245203664438021
300,ADMISSIONd_W43,EDUCATION,Associate's degree,[0.09376754 0.33008009 0.57615237],0.00043524524849356265
301,ADMISSIONd_W43,EDUCATION,College graduate/some postgrad,[0.07508652 0.36045416 0.56445931],0.006722024329886786
302,ADMISSIONd_W43,EDUCATION,High school graduate,[0.08779579 0.31465207 0.59755214],0.0038743681316698035
303,ADMISSIONd_W43,EDUCATION,Less than high school,[0.15396741 0.3516066  0.49442599],0.016491181341158987
304,ADMISSIONd_W43,EDUCATION,Postgraduate,[0.04712739 0.37585553 0.57701708],0.0015323746539895216
305,ADMISSIONd_W43,EDUCATION,"Some college, no degree",[0.06700302 0.34884205 0.58415494],0.0031302645213485965
306,RACESURV53g_W43,EDUCATION,Associate's degree,[0.44340726 0.55659274],0.008548485901585065
307,RACESURV53g_W43,EDUCATION,College graduate/some postgrad,[0.42527993 0.57472007],0.00853257610202606
308,RACESURV53g_W43,EDUCATION,High school graduate,[0.34547866 0.65452134],0.019076818080839535
309,RACESURV53g_W43,EDUCATION,Less than high school,[0.26745627 0.73254373],0.02582958650633245
310,RACESURV53g_W43,EDUCATION,Postgraduate,[0.39575888 0.60424112],0.014059518804941218
311,RACESURV53g_W43,EDUCATION,"Some college, no degree",[0.39188606 0.60811394],0.009769258533722765
312,RACESURV5a_W43,EDUCATION,Associate's degree,[0.37278153 0.21734027 0.06232672 0.03745089 0.31010058],0.002484094357734259
313,RACESURV5a_W43,EDUCATION,College graduate/some postgrad,[0.44596641 0.28088941 0.06465729 0.02163332 0.18685357],0.005708675239822139
314,RACESURV5a_W43,EDUCATION,High school graduate,[0.30906838 0.19983564 0.08479477 0.04757124 0.35872996],0.013281558472632555
315,RACESURV5a_W43,EDUCATION,Less than high school,[0.30010378 0.16217995 0.09920442 0.05733655 0.3811753 ],0.021353266771991255
316,RACESURV5a_W43,EDUCATION,Postgraduate,[0.52610422 0.2207591  0.06657607 0.01786526 0.16869535],0.008219993939821943
317,RACESURV5a_W43,EDUCATION,"Some college, no degree",[0.37745112 0.20154878 0.06986816 0.0603664  0.29076554],0.003951873177939695
318,RACESURV26_W43,EDUCATION,Associate's degree,[0.11429018 0.33266405 0.33061116 0.22243461],0.01319007303584478
319,RACESURV26_W43,EDUCATION,College graduate/some postgrad,[0.09872443 0.36952575 0.33906664 0.19268318],0.011736449200205586
320,RACESURV26_W43,EDUCATION,High school graduate,[0.11603952 0.2988629  0.27620409 0.3088935 ],0.015281350338786564
321,RACESURV26_W43,EDUCATION,Less than high school,[0.16986987 0.34347016 0.24985348 0.23680649],0.026673179095607704
322,RACESURV26_W43,EDUCATION,Postgraduate,[0.13169532 0.43086068 0.28923432 0.14820969],0.01844774655554815
323,RACESURV26_W43,EDUCATION,"Some college, no degree",[0.13298779 0.33839133 0.29690652 0.23171436],0.004010598420886484
324,RACESURV16_W43,EDUCATION,Associate's degree,[0.44590114 0.55409886],0.022681341011024418
325,RACESURV16_W43,EDUCATION,College graduate/some postgrad,[0.44255475 0.55744525],0.008704273733020443
326,RACESURV16_W43,EDUCATION,High school graduate,[0.42768731 0.57231269],0.022227067923636108
327,RACESURV16_W43,EDUCATION,Less than high school,[0.48195023 0.51804977],0.018713346842629302
328,RACESURV16_W43,EDUCATION,Postgraduate,[0.44872838 0.55127162],0.01052045561250134
329,RACESURV16_W43,EDUCATION,"Some college, no degree",[0.45167676 0.54832324],0.017338108058110924
330,RACESURV47c_W43,EDUCATION,Associate's degree,[0.00889957 0.05303167 0.1624738  0.77559496],0.0830774620579374
331,RACESURV47c_W43,EDUCATION,College graduate/some postgrad,[0.01654582 0.05209441 0.16085167 0.77050811],0.03763564957198246
332,RACESURV47c_W43,EDUCATION,High school graduate,[0.05004682 0.07484819 0.12742942 0.74767558],0.11664531273134511
333,RACESURV47c_W43,EDUCATION,Less than high school,[0.07360757 0.1431027  0.11276173 0.67052799],0.18478306689725216
334,RACESURV47c_W43,EDUCATION,Postgraduate,[0.01066143 0.031433   0.11005567 0.8478499 ],0.06260074154763422
335,RACESURV47c_W43,EDUCATION,"Some college, no degree",[0.00903075 0.07272514 0.16337818 0.75486593],0.059517213569788785
336,RACESURV34e_W43,EDUCATION,Associate's degree,[0.22304129 0.39813043 0.04851407 0.02166384 0.30865037],0.006874123298469586
337,RACESURV34e_W43,EDUCATION,College graduate/some postgrad,[0.29309631 0.39072002 0.02927191 0.01486323 0.27204852],0.006129037174263862
338,RACESURV34e_W43,EDUCATION,High school graduate,[0.18743426 0.35046801 0.04324629 0.02149977 0.39735167],0.012166299211720273
339,RACESURV34e_W43,EDUCATION,Less than high school,[0.19283699 0.32507572 0.07981879 0.04480321 0.3574653 ],0.031362621354957924
340,RACESURV34e_W43,EDUCATION,Postgraduate,[0.31852931 0.38041243 0.0353694  0.0092875  0.25640136],0.013677626101009782
341,RACESURV34e_W43,EDUCATION,"Some college, no degree",[0.23568585 0.37025723 0.05519854 0.02406019 0.31479819],0.006042316982800621
342,ADMISSIONh_W43,EDUCATION,Associate's degree,[0.22580048 0.23016784 0.54403168],0.0
343,ADMISSIONh_W43,EDUCATION,College graduate/some postgrad,[0.24230803 0.28872515 0.46896682],0.0009713803247244705
344,ADMISSIONh_W43,EDUCATION,High school graduate,[0.1557891 0.2081312 0.6360797],0.006382503028002706
345,ADMISSIONh_W43,EDUCATION,Less than high school,[0.25036563 0.26258713 0.48704724],0.010352894018902735
346,ADMISSIONh_W43,EDUCATION,Postgraduate,[0.21240333 0.40519958 0.38239709],0.001534560238731529
347,ADMISSIONh_W43,EDUCATION,"Some college, no degree",[0.20879821 0.26275883 0.52844296],0.00369738540608777
348,RACESURV18f_W43,EDUCATION,Associate's degree,[0.12356081 0.62070425 0.23549775 0.02023719],0.42634691203579667
349,RACESURV18f_W43,EDUCATION,College graduate/some postgrad,[0.0844514  0.67109519 0.21213769 0.03231573],0.44007680657538417
350,RACESURV18f_W43,EDUCATION,High school graduate,[0.11938573 0.5956979  0.23261749 0.05229888],0.42258288822767504
351,RACESURV18f_W43,EDUCATION,Less than high school,[0.13404638 0.51659259 0.30960566 0.03975537],0.32434995340643225
352,RACESURV18f_W43,EDUCATION,Postgraduate,[0.06928304 0.63029979 0.27370742 0.02670975],0.5075182551654269
353,RACESURV18f_W43,EDUCATION,"Some college, no degree",[0.12633926 0.66300105 0.18057316 0.03008653],0.4337455856457492
354,RACESURV13_W43,EDUCATION,Associate's degree,[0.1404006  0.49512985 0.27366033 0.09080921],0.0
355,RACESURV13_W43,EDUCATION,College graduate/some postgrad,[0.20832399 0.49300245 0.25366821 0.04500536],0.0018806859203086496
356,RACESURV13_W43,EDUCATION,High school graduate,[0.18194011 0.44363437 0.30335289 0.07107264],0.0035300577965528377
357,RACESURV13_W43,EDUCATION,Less than high school,[0.16940993 0.35286255 0.27464161 0.20308591],0.008277596540095343
358,RACESURV13_W43,EDUCATION,Postgraduate,[0.16879638 0.57187013 0.22062656 0.03870692],0.002028159215871882
359,RACESURV13_W43,EDUCATION,"Some college, no degree",[0.20383504 0.41044031 0.31761345 0.0681112 ],0.0003177347742138386
360,RACESURV29c_W43,EDUCATION,Associate's degree,[0.32846985 0.42522999 0.18110107 0.06519909],0.002338567475501614
361,RACESURV29c_W43,EDUCATION,College graduate/some postgrad,[0.25294349 0.47586265 0.22753104 0.04366282],0.006031850783105587
362,RACESURV29c_W43,EDUCATION,High school graduate,[0.29353726 0.37544282 0.23546771 0.09555221],0.0032501727482496124
363,RACESURV29c_W43,EDUCATION,Less than high school,[0.37420415 0.34205987 0.17051312 0.11322286],0.01634130088420867
364,RACESURV29c_W43,EDUCATION,Postgraduate,[0.24938294 0.4779909  0.23654643 0.03607973],0.007490043097317974
365,RACESURV29c_W43,EDUCATION,"Some college, no degree",[0.32157598 0.43054054 0.20166979 0.0462137 ],0.0037952533817607968
366,RACESURV17_W43,EDUCATION,Associate's degree,[0.29271802 0.34104466 0.20611495 0.16012237],0.014617450515051238
367,RACESURV17_W43,EDUCATION,College graduate/some postgrad,[0.34010085 0.33143601 0.20862816 0.11983499],0.008983334533955853
368,RACESURV17_W43,EDUCATION,High school graduate,[0.27125921 0.3075801  0.20009451 0.22106618],0.01321484521320961
369,RACESURV17_W43,EDUCATION,Less than high school,[0.27507016 0.34720385 0.22052038 0.15720561],0.018596682768631315
370,RACESURV17_W43,EDUCATION,Postgraduate,[0.44310667 0.2992309  0.16538251 0.09227992],0.00800167907626589
371,RACESURV17_W43,EDUCATION,"Some college, no degree",[0.31507802 0.33338395 0.17583377 0.17570427],0.00856613041523041
372,RACESURV19f_W43,EDUCATION,Associate's degree,[0.46636662 0.35504127 0.17859211],0.010172979829521821
373,RACESURV19f_W43,EDUCATION,College graduate/some postgrad,[0.52873375 0.32867124 0.14259502],0.011221853193693974
374,RACESURV19f_W43,EDUCATION,High school graduate,[0.4647789  0.34420456 0.19101655],0.014765287722144471
375,RACESURV19f_W43,EDUCATION,Less than high school,[0.48221076 0.26848842 0.24930082],0.0188770748477654
376,RACESURV19f_W43,EDUCATION,Postgraduate,[0.52393256 0.35805743 0.11801001],0.007310313428218466
377,RACESURV19f_W43,EDUCATION,"Some college, no degree",[0.53497224 0.29750246 0.1675253 ],0.005399375906325408
378,RACESURV29a_W43,EDUCATION,Associate's degree,[0.69581465 0.25114823 0.04407645 0.00896067],0.004723136857972572
379,RACESURV29a_W43,EDUCATION,College graduate/some postgrad,[0.81738025 0.16186521 0.01715159 0.00360295],0.005853454247038583
380,RACESURV29a_W43,EDUCATION,High school graduate,[0.66869565 0.23438707 0.06208555 0.03483173],0.006050839123421019
381,RACESURV29a_W43,EDUCATION,Less than high school,[0.46367635 0.30468616 0.14045841 0.09117909],0.01646629613870161
382,RACESURV29a_W43,EDUCATION,Postgraduate,[0.84441473 0.1311163  0.02166822 0.00280076],0.009472833959218897
383,RACESURV29a_W43,EDUCATION,"Some college, no degree",[0.74464841 0.1937577  0.0537193  0.00787459],0.0035499900704577605
384,ADMISSIONf_W43,EDUCATION,Associate's degree,[0.4490839  0.42519703 0.12571907],0.0007731932761966753
385,ADMISSIONf_W43,EDUCATION,College graduate/some postgrad,[0.48122441 0.45867763 0.06009795],0.0011281088378754713
386,ADMISSIONf_W43,EDUCATION,High school graduate,[0.46692781 0.41086717 0.12220503],0.013529470140723024
387,ADMISSIONf_W43,EDUCATION,Less than high school,[0.48204635 0.32161952 0.19633413],0.023145773080820685
388,ADMISSIONf_W43,EDUCATION,Postgraduate,[0.50730944 0.40910317 0.08358739],0.0006794881331588388
389,ADMISSIONf_W43,EDUCATION,"Some college, no degree",[0.44358065 0.43584649 0.12057286],0.00307273927275141
390,IDIMPORT_W43,EDUCATION,Associate's degree,[0.19343014 0.14529019 0.19207362 0.13699861 0.33220744],0.0050400570587328915
391,IDIMPORT_W43,EDUCATION,College graduate/some postgrad,[0.11879668 0.15659095 0.18503201 0.21289659 0.32668378],0.009502442840377687
392,IDIMPORT_W43,EDUCATION,High school graduate,[0.1795655  0.14920663 0.16766684 0.11170672 0.39185431],0.008634906629814944
393,IDIMPORT_W43,EDUCATION,Less than high school,[0.2278682  0.26930656 0.16155036 0.07705282 0.26422206],0.021938954219236157
394,IDIMPORT_W43,EDUCATION,Postgraduate,[0.10586291 0.14646475 0.25086274 0.19561778 0.30119182],0.0050664896296142336
395,IDIMPORT_W43,EDUCATION,"Some college, no degree",[0.16347794 0.12689312 0.18583326 0.14940134 0.37439433],0.01021297336592396
396,RACESURV19a_W43,EDUCATION,Associate's degree,[0.41256243 0.38201609 0.20542148],0.005615796950877153
397,RACESURV19a_W43,EDUCATION,College graduate/some postgrad,[0.49076165 0.34283091 0.16640744],0.005852416021889478
398,RACESURV19a_W43,EDUCATION,High school graduate,[0.36520369 0.35623611 0.2785602 ],0.010862517000826204
399,RACESURV19a_W43,EDUCATION,Less than high school,[0.46066951 0.26725752 0.27207296],0.019017195895231494
400,RACESURV19a_W43,EDUCATION,Postgraduate,[0.56941371 0.31210125 0.11848504],0.006642767968838097
401,RACESURV19a_W43,EDUCATION,"Some college, no degree",[0.42782157 0.35043815 0.22174028],0.007932130925883723
402,ADMISSIONb_W43,EDUCATION,Associate's degree,[0.05484659 0.11225608 0.83289734],0.003646535905792162
403,ADMISSIONb_W43,EDUCATION,College graduate/some postgrad,[0.02965065 0.15811936 0.81223   ],0.0015579030067077355
404,ADMISSIONb_W43,EDUCATION,High school graduate,[0.0458001  0.09848936 0.85571054],0.008104494425334919
405,ADMISSIONb_W43,EDUCATION,Less than high school,[0.11758518 0.15520928 0.72720554],0.016462455662363498
406,ADMISSIONb_W43,EDUCATION,Postgraduate,[0.03293201 0.23055466 0.73651334],0.0037034573172744206
407,ADMISSIONb_W43,EDUCATION,"Some college, no degree",[0.03275569 0.12971586 0.83752845],0.002301691565478108
408,RACESURV21_W43,EDUCATION,Associate's degree,[0.07934861 0.15913673 0.17768276 0.5838319 ],0.0031688000193718837
409,RACESURV21_W43,EDUCATION,College graduate/some postgrad,[0.05996177 0.13407866 0.16747417 0.6384854 ],0.006493841308404664
410,RACESURV21_W43,EDUCATION,High school graduate,[0.06452487 0.14660278 0.19238477 0.59648758],0.0068398484885705
411,RACESURV21_W43,EDUCATION,Less than high school,[0.10186519 0.23149345 0.21366416 0.4529772 ],0.01409337756712241
412,RACESURV21_W43,EDUCATION,Postgraduate,[0.06236882 0.13191389 0.15492274 0.65079455],0.002913338070678024
413,RACESURV21_W43,EDUCATION,"Some college, no degree",[0.08837258 0.15289844 0.16630086 0.59242813],0.0038268405141428014
414,RACESURV49_W43,EDUCATION,Associate's degree,[0.19539236 0.80460764],0.007336698698685254
415,RACESURV49_W43,EDUCATION,College graduate/some postgrad,[0.28218565 0.71781435],0.016745660651629902
416,RACESURV49_W43,EDUCATION,High school graduate,[0.16360313 0.83639687],0.03739088223983852
417,RACESURV49_W43,EDUCATION,Less than high school,[0.23255429 0.76744571],0.07185053580364013
418,RACESURV49_W43,EDUCATION,Postgraduate,[0.43637279 0.56362721],0.018420023237144822
419,RACESURV49_W43,EDUCATION,"Some college, no degree",[0.23319546 0.76680454],0.011746648141000147
420,RACESURV8_W43,EDUCATION,Associate's degree,[0.42428396 0.34010783 0.19731954 0.03828867],0.006104759560458697
421,RACESURV8_W43,EDUCATION,College graduate/some postgrad,[0.3353837  0.39525151 0.23965503 0.02970975],0.0020934716452556327
422,RACESURV8_W43,EDUCATION,High school graduate,[0.37402172 0.3648531  0.20701445 0.05411072],0.005397430114183997
423,RACESURV8_W43,EDUCATION,Less than high school,[0.28178601 0.29680234 0.28155448 0.13985718],0.006767546987246644
424,RACESURV8_W43,EDUCATION,Postgraduate,[0.34709922 0.40340627 0.2126511  0.0368434 ],0.0
425,RACESURV8_W43,EDUCATION,"Some college, no degree",[0.41127418 0.3244299  0.21798056 0.04631535],0.006770326867901319
426,RACESURV28b_W43,EDUCATION,Associate's degree,[0.39889648 0.01972477 0.58137875],0.013657124998572747
427,RACESURV28b_W43,EDUCATION,College graduate/some postgrad,[0.52687291 0.00683962 0.46628747],0.01426925622040616
428,RACESURV28b_W43,EDUCATION,High school graduate,[0.38227198 0.03302034 0.58470767],0.01447632444476682
429,RACESURV28b_W43,EDUCATION,Less than high school,[0.4309666  0.05796493 0.51106847],0.014488189763193356
430,RACESURV28b_W43,EDUCATION,Postgraduate,[0.58194811 0.01897012 0.39908177],0.010156698069529704
431,RACESURV28b_W43,EDUCATION,"Some college, no degree",[0.44031367 0.01055479 0.54913154],0.008383735371228307
432,RACESURV40_W43,EDUCATION,Associate's degree,[0.09786953 0.71191495 0.19021552 0.        ],0.10204644508435723
433,RACESURV40_W43,EDUCATION,College graduate/some postgrad,[0.0894308  0.73394662 0.17662258 0.        ],0.07045867273167972
434,RACESURV40_W43,EDUCATION,High school graduate,[0.09841456 0.71322054 0.1883649  0.        ],0.15542134426690452
435,RACESURV40_W43,EDUCATION,Less than high school,[0.15768874 0.63431073 0.20800053 0.        ],0.20188202700141264
436,RACESURV40_W43,EDUCATION,Postgraduate,[0.12636756 0.71622089 0.15741156 0.        ],0.07259120655666407
437,RACESURV40_W43,EDUCATION,"Some college, no degree",[0.09043077 0.69479671 0.21477252 0.        ],0.09080595644694177
438,RACESURV2_W43,EDUCATION,Associate's degree,[0.59818673 0.21515414 0.06127215 0.01620934 0.10917764],0.00020177433122376383
439,RACESURV2_W43,EDUCATION,College graduate/some postgrad,[0.67777775 0.18063748 0.02399414 0.00730984 0.11028079],0.003985112654826715
440,RACESURV2_W43,EDUCATION,High school graduate,[0.47384391 0.20199711 0.06720003 0.02604231 0.23091663],0.001309699888361198
441,RACESURV2_W43,EDUCATION,Less than high school,[0.39913923 0.22420156 0.11849493 0.01521793 0.24294634],0.0
442,RACESURV2_W43,EDUCATION,Postgraduate,[0.70936657 0.17739153 0.02827684 0.00164133 0.08332372],0.0013202758670887763
443,RACESURV2_W43,EDUCATION,"Some college, no degree",[0.59172461 0.18914463 0.037307   0.00897749 0.17284626],0.005505793497059424
444,RACESURV47f_W43,EDUCATION,Associate's degree,[0.21812163 0.24699857 0.12524974 0.40963007],0.1274705063738984
445,RACESURV47f_W43,EDUCATION,College graduate/some postgrad,[0.13731895 0.19998572 0.18510242 0.47759292],0.07125456201995348
446,RACESURV47f_W43,EDUCATION,High school graduate,[0.21462139 0.2551867  0.17204803 0.35814388],0.1876713486905223
447,RACESURV47f_W43,EDUCATION,Less than high school,[0.13160072 0.2057391  0.21594396 0.44671622],0.2312212495136101
448,RACESURV47f_W43,EDUCATION,Postgraduate,[0.10599993 0.13795351 0.24017968 0.51586687],0.08389851501538263
449,RACESURV47f_W43,EDUCATION,"Some college, no degree",[0.18328951 0.21913893 0.18447766 0.4130939 ],0.0870209940956192
450,RACESURV53d_W43,EDUCATION,Associate's degree,[0.25531391 0.74468609],0.006672397683946362
451,RACESURV53d_W43,EDUCATION,College graduate/some postgrad,[0.20483281 0.79516719],0.007428428406111659
452,RACESURV53d_W43,EDUCATION,High school graduate,[0.25513271 0.74486729],0.014970398524147959
453,RACESURV53d_W43,EDUCATION,Less than high school,[0.29434234 0.70565766],0.020192815346790304
454,RACESURV53d_W43,EDUCATION,Postgraduate,[0.21421494 0.78578506],0.012018683866288038
455,RACESURV53d_W43,EDUCATION,"Some college, no degree",[0.28397026 0.71602974],0.008408801007920628
456,RACESURV47e_W43,EDUCATION,Associate's degree,[0.28281299 0.3910844  0.17446701 0.1516356 ],0.137883046406461
457,RACESURV47e_W43,EDUCATION,College graduate/some postgrad,[0.254666   0.40394479 0.17020093 0.17118828],0.07060263594719247
458,RACESURV47e_W43,EDUCATION,High school graduate,[0.37422068 0.36681602 0.12705781 0.13190549],0.19226248222323872
459,RACESURV47e_W43,EDUCATION,Less than high school,[0.23015565 0.37292497 0.21903253 0.17788685],0.27635436350886616
460,RACESURV47e_W43,EDUCATION,Postgraduate,[0.29874934 0.37198699 0.22142177 0.1078419 ],0.107276302451706
461,RACESURV47e_W43,EDUCATION,"Some college, no degree",[0.31669338 0.33860287 0.17821096 0.16649279],0.10306177365594238
462,RACESURV3_W43,EDUCATION,Associate's degree,[0.06207529 0.42481619 0.51310852],0.007003575176912099
463,RACESURV3_W43,EDUCATION,College graduate/some postgrad,[0.07724508 0.5147312  0.40802372],0.0016098808296425289
464,RACESURV3_W43,EDUCATION,High school graduate,[0.04696292 0.45643843 0.49659865],0.008040878933630006
465,RACESURV3_W43,EDUCATION,Less than high school,[0.18754313 0.3086253  0.50383157],0.005444849617459896
466,RACESURV3_W43,EDUCATION,Postgraduate,[0.08108128 0.60429775 0.31462097],0.0043286572534676805
467,RACESURV3_W43,EDUCATION,"Some college, no degree",[0.03931501 0.48466617 0.47601883],0.0028743028873692293
468,RACESURV19e_W43,EDUCATION,Associate's degree,[0.34707558 0.28762259 0.36530184],0.006756328872340778
469,RACESURV19e_W43,EDUCATION,College graduate/some postgrad,[0.46586692 0.27335866 0.26077443],0.003213233597012364
470,RACESURV19e_W43,EDUCATION,High school graduate,[0.33200358 0.36582951 0.30216691],0.01893006158971749
471,RACESURV19e_W43,EDUCATION,Less than high school,[0.48811516 0.23558907 0.27629577],0.01314905131188078
472,RACESURV19e_W43,EDUCATION,Postgraduate,[0.54877805 0.2800763  0.17114564],0.013728896579745948
473,RACESURV19e_W43,EDUCATION,"Some college, no degree",[0.42642932 0.31177274 0.26179794],0.00394110851318626
474,RACESURV15b_W43,EDUCATION,Associate's degree,[0.41464386 0.29112199 0.29423415],0.024350600559665474
475,RACESURV15b_W43,EDUCATION,College graduate/some postgrad,[0.53475347 0.17692963 0.2883169 ],0.0071086419798649745
476,RACESURV15b_W43,EDUCATION,High school graduate,[0.35662502 0.26815704 0.37521794],0.014963132402927206
477,RACESURV15b_W43,EDUCATION,Less than high school,[0.40323401 0.37464658 0.22211941],0.020312244390913208
478,RACESURV15b_W43,EDUCATION,Postgraduate,[0.64830731 0.13385371 0.21783898],0.006858993667902958
479,RACESURV15b_W43,EDUCATION,"Some college, no degree",[0.45141558 0.22087401 0.3277104 ],0.004770017168885892
480,RACESURV19d_W43,EDUCATION,Associate's degree,[0.4389139  0.34250853 0.21857757],0.001931397567509495
481,RACESURV19d_W43,EDUCATION,College graduate/some postgrad,[0.43997272 0.37266245 0.18736483],0.006626765140731794
482,RACESURV19d_W43,EDUCATION,High school graduate,[0.4082942  0.30712627 0.28457953],0.0077984166118312175
483,RACESURV19d_W43,EDUCATION,Less than high school,[0.44680863 0.30483235 0.24835903],0.015333364459888525
484,RACESURV19d_W43,EDUCATION,Postgraduate,[0.40779956 0.41377822 0.17842223],0.00918558536046486
485,RACESURV19d_W43,EDUCATION,"Some college, no degree",[0.43964658 0.33624276 0.22411066],0.005490871823690857
486,RACESURV12_W43,EDUCATION,Associate's degree,[0.1483946  0.40694764 0.44465776],0.017191276181476967
487,RACESURV12_W43,EDUCATION,College graduate/some postgrad,[0.13998463 0.47775848 0.38225689],0.008646922551000117
488,RACESURV12_W43,EDUCATION,High school graduate,[0.1761352  0.38553906 0.43832574],0.023151599966400642
489,RACESURV12_W43,EDUCATION,Less than high school,[0.19143739 0.45476029 0.35380232],0.02237133022157075
490,RACESURV12_W43,EDUCATION,Postgraduate,[0.07959602 0.55861842 0.36178557],0.011923661524472863
491,RACESURV12_W43,EDUCATION,"Some college, no degree",[0.16038698 0.48829581 0.35131721],0.0057385464306078885
492,RACESURV5l_W43,EDUCATION,Associate's degree,[0.79829469 0.100441   0.0189689  0.00713877 0.07515665],0.026449411413774625
493,RACESURV5l_W43,EDUCATION,College graduate/some postgrad,"[8.72291939e-01 7.68821841e-02 7.89809558e-04 1.27194315e-02
 3.73166356e-02]",0.0016047233321456464
494,RACESURV5l_W43,EDUCATION,High school graduate,[0.76186011 0.10484707 0.01609515 0.02662838 0.09056928],0.006135748202997938
495,RACESURV5l_W43,EDUCATION,Less than high school,[0.63248496 0.11587606 0.05649323 0.02886867 0.16627707],0.0036801092787288746
496,RACESURV5l_W43,EDUCATION,Postgraduate,[0.86162499 0.102941   0.00339237 0.01004223 0.02199942],0.002052033576475258
497,RACESURV5l_W43,EDUCATION,"Some college, no degree",[0.77438173 0.13317826 0.02494547 0.01835381 0.04914073],0.003916581106464315
498,RACESURV25_W43,EDUCATION,Associate's degree,[0.14900902 0.33658025 0.32838826 0.18602248],0.008747824164750697
499,RACESURV25_W43,EDUCATION,College graduate/some postgrad,[0.13523235 0.37190963 0.30748433 0.18537369],0.014463768611032424
500,RACESURV25_W43,EDUCATION,High school graduate,[0.12031952 0.297799   0.27093941 0.31094207],0.014251572086785668
501,RACESURV25_W43,EDUCATION,Less than high school,[0.16941178 0.28806276 0.27257084 0.26995462],0.02616879848909608
502,RACESURV25_W43,EDUCATION,Postgraduate,[0.14527055 0.4346561  0.28378036 0.13629298],0.016207328712396208
503,RACESURV25_W43,EDUCATION,"Some college, no degree",[0.16507397 0.34918267 0.27237002 0.21337334],0.004089541903837532
504,RACESURV53a_W43,EDUCATION,Associate's degree,[0.20051723 0.79948277],0.008123052238327861
505,RACESURV53a_W43,EDUCATION,College graduate/some postgrad,[0.10978741 0.89021259],0.006649114104556246
506,RACESURV53a_W43,EDUCATION,High school graduate,[0.17524413 0.82475587],0.017803736231161535
507,RACESURV53a_W43,EDUCATION,Less than high school,[0.21065405 0.78934595],0.01801110886364055
508,RACESURV53a_W43,EDUCATION,Postgraduate,[0.08838908 0.91161092],0.007386175502829002
509,RACESURV53a_W43,EDUCATION,"Some college, no degree",[0.17276225 0.82723775],0.006819548605468892
510,RACESURV15a_W43,EDUCATION,Associate's degree,[0.63025456 0.04030989 0.32943555],0.01925347136228665
511,RACESURV15a_W43,EDUCATION,College graduate/some postgrad,[0.71316451 0.04243246 0.24440303],0.010037745658650564
512,RACESURV15a_W43,EDUCATION,High school graduate,[0.60790437 0.05975198 0.33234365],0.0150443276176951
513,RACESURV15a_W43,EDUCATION,Less than high school,[0.59153162 0.13734676 0.27112161],0.016580704700620057
514,RACESURV15a_W43,EDUCATION,Postgraduate,[0.75466529 0.02377734 0.22155737],0.0
515,RACESURV15a_W43,EDUCATION,"Some college, no degree",[0.66124019 0.03897415 0.29978566],0.010498005868491509
516,RACESURV18b_W43,EDUCATION,Associate's degree,[0.124449   0.54894131 0.28188671 0.04472299],0.26402702613142875
517,RACESURV18b_W43,EDUCATION,College graduate/some postgrad,[0.06575809 0.5964981  0.29454109 0.04320271],0.3086192331247556
518,RACESURV18b_W43,EDUCATION,High school graduate,[0.11597203 0.53115013 0.28451063 0.06836722],0.2776759389889431
519,RACESURV18b_W43,EDUCATION,Less than high school,[0.15857504 0.53562502 0.24703544 0.0587645 ],0.20336041640422853
520,RACESURV18b_W43,EDUCATION,Postgraduate,[0.06775257 0.5467293  0.33856442 0.04695371],0.3242522034952202
521,RACESURV18b_W43,EDUCATION,"Some college, no degree",[0.11680332 0.52318786 0.29705396 0.06295487],0.25476271760293384
522,RACESURV18c_W43,EDUCATION,Associate's degree,[0.06734726 0.47119033 0.38804353 0.07341888],0.07946608693726079
523,RACESURV18c_W43,EDUCATION,College graduate/some postgrad,[0.0349354  0.47691736 0.4108205  0.07732675],0.0625177775038192
524,RACESURV18c_W43,EDUCATION,High school graduate,[0.06375793 0.48063481 0.37303107 0.0825762 ],0.11073661959711471
525,RACESURV18c_W43,EDUCATION,Less than high school,[0.09226454 0.39794053 0.35969778 0.15009715],0.15811543247073645
526,RACESURV18c_W43,EDUCATION,Postgraduate,[0.02350975 0.40515549 0.47575412 0.09558064],0.058238443598931544
527,RACESURV18c_W43,EDUCATION,"Some college, no degree",[0.04898173 0.46112854 0.37466407 0.11522566],0.07461012210037471
528,RACESURV53f_W43,EDUCATION,Associate's degree,[0.3728154 0.6271846],0.01039637292507629
529,RACESURV53f_W43,EDUCATION,College graduate/some postgrad,[0.39053538 0.60946462],0.007410162027815058
530,RACESURV53f_W43,EDUCATION,High school graduate,[0.34583148 0.65416852],0.020159475815228534
531,RACESURV53f_W43,EDUCATION,Less than high school,[0.30319364 0.69680636],0.01747509140798215
532,RACESURV53f_W43,EDUCATION,Postgraduate,[0.39573748 0.60426252],0.008235445782104582
533,RACESURV53f_W43,EDUCATION,"Some college, no degree",[0.42346125 0.57653875],0.00881952858770432
534,RACESURV11_W43,EDUCATION,Associate's degree,[0.18522673 0.54992497 0.2648483 ],0.0034739260894199814
535,RACESURV11_W43,EDUCATION,College graduate/some postgrad,[0.19021289 0.50373252 0.30605458],0.0010300224484693428
536,RACESURV11_W43,EDUCATION,High school graduate,[0.17194398 0.53401293 0.2940431 ],0.004742057845078431
537,RACESURV11_W43,EDUCATION,Less than high school,[0.13671116 0.5261685  0.33712033],0.006711686782535281
538,RACESURV11_W43,EDUCATION,Postgraduate,[0.20387847 0.52111963 0.2750019 ],0.0024034245985538214
539,RACESURV11_W43,EDUCATION,"Some college, no degree",[0.1591358  0.53935823 0.30150597],0.003001118306668227
540,RACESURV53c_W43,EDUCATION,Associate's degree,[0.3729975 0.6270025],0.011501297182224922
541,RACESURV53c_W43,EDUCATION,College graduate/some postgrad,[0.28635757 0.71364243],0.008009172249545515
542,RACESURV53c_W43,EDUCATION,High school graduate,[0.39980369 0.60019631],0.016684080274221115
543,RACESURV53c_W43,EDUCATION,Less than high school,[0.43260815 0.56739185],0.01924076633331163
544,RACESURV53c_W43,EDUCATION,Postgraduate,[0.23546734 0.76453266],0.008148997805550463
545,RACESURV53c_W43,EDUCATION,"Some college, no degree",[0.37475057 0.62524943],0.010587825743975116
546,RACESURV5g_W43,EDUCATION,Associate's degree,[0.04412439 0.03338082 0.27268377 0.34144374 0.30836728],0.019980286528968688
547,RACESURV5g_W43,EDUCATION,College graduate/some postgrad,[0.01820576 0.02794937 0.4309419  0.37175989 0.15114309],0.008305615886817948
548,RACESURV5g_W43,EDUCATION,High school graduate,[0.03440823 0.06047439 0.29047692 0.26611492 0.34852554],0.007347085435811957
549,RACESURV5g_W43,EDUCATION,Less than high school,[0.04551249 0.12822298 0.20160235 0.21027872 0.41438346],0.00671168678253528
550,RACESURV5g_W43,EDUCATION,Postgraduate,[0.02316146 0.04195507 0.34592751 0.43273709 0.15621886],0.012177993108287842
551,RACESURV5g_W43,EDUCATION,"Some college, no degree",[0.0421643  0.04660234 0.33353652 0.30294184 0.274755  ],0.010583795524150383
552,RACESURV24_W43,EDUCATION,Associate's degree,[0.21615972 0.32345396 0.25170874 0.20867758],0.009793272403025455
553,RACESURV24_W43,EDUCATION,College graduate/some postgrad,[0.23660759 0.39095764 0.22426175 0.14817302],0.01109974213157292
554,RACESURV24_W43,EDUCATION,High school graduate,[0.1805353  0.33125882 0.20515853 0.28304735],0.01170569973363175
555,RACESURV24_W43,EDUCATION,Less than high school,[0.14993161 0.30698109 0.24183321 0.3012541 ],0.019114753855372053
556,RACESURV24_W43,EDUCATION,Postgraduate,[0.27827577 0.41149826 0.19695693 0.11326904],0.0164969160079522
557,RACESURV24_W43,EDUCATION,"Some college, no degree",[0.22253168 0.35829673 0.21681798 0.20235362],0.005411531001632796
558,RACESURV5k_W43,EDUCATION,Associate's degree,[0.00627018 0.0317748  0.24744448 0.62827442 0.08623612],0.003299501956079265
559,RACESURV5k_W43,EDUCATION,College graduate/some postgrad,[0.01124945 0.03471539 0.20347868 0.69737824 0.05317825],0.00016556149607104405
560,RACESURV5k_W43,EDUCATION,High school graduate,[0.02609993 0.02973196 0.21517073 0.62680436 0.10219302],0.007851914735222225
561,RACESURV5k_W43,EDUCATION,Less than high school,[0.02412665 0.04430494 0.24110536 0.48515949 0.20530357],0.005444849617459896
562,RACESURV5k_W43,EDUCATION,Postgraduate,[0.01229087 0.02125649 0.15229427 0.77536333 0.03879504],0.005133146496447213
563,RACESURV5k_W43,EDUCATION,"Some college, no degree",[0.03389614 0.0154546  0.18283306 0.70820599 0.05961022],0.0022640165168078042
564,RACESURV36_W43,EDUCATION,Associate's degree,[0.10162399 0.39288654 0.40776508 0.09772439],0.006768233173735223
565,RACESURV36_W43,EDUCATION,College graduate/some postgrad,[0.08700385 0.40248896 0.37301204 0.13749514],0.005835817970050119
566,RACESURV36_W43,EDUCATION,High school graduate,[0.11446165 0.32182347 0.38445981 0.17925507],0.008433950998602342
567,RACESURV36_W43,EDUCATION,Less than high school,[0.10919441 0.3508024  0.34652927 0.19347392],0.027559477724519346
568,RACESURV36_W43,EDUCATION,Postgraduate,[0.06198614 0.37434716 0.40138691 0.16227979],0.006085744851715952
569,RACESURV36_W43,EDUCATION,"Some college, no degree",[0.11658608 0.35099339 0.39917572 0.1332448 ],0.005325497440682509
570,RACESURV5j_W43,EDUCATION,Associate's degree,[0.08404382 0.12615609 0.39009022 0.108658   0.29105187],0.0
571,RACESURV5j_W43,EDUCATION,College graduate/some postgrad,[0.05785371 0.13161509 0.51594134 0.10582882 0.18876104],0.0029478026603237573
572,RACESURV5j_W43,EDUCATION,High school graduate,[0.08909863 0.17081405 0.35739537 0.0761639  0.30652804],0.009251253497915765
573,RACESURV5j_W43,EDUCATION,Less than high school,[0.14764323 0.11815941 0.27622168 0.09423917 0.36373651],0.02834713809804845
574,RACESURV5j_W43,EDUCATION,Postgraduate,[0.05262994 0.14482166 0.51819919 0.12322785 0.16112136],0.0009685570573284046
575,RACESURV5j_W43,EDUCATION,"Some college, no degree",[0.0655025  0.16763339 0.42175094 0.11137166 0.23374151],0.006137033216691701
576,RACESURV18e_W43,EDUCATION,Associate's degree,[0.08001828 0.58343007 0.29195293 0.04459873],0.3800716548204286
577,RACESURV18e_W43,EDUCATION,College graduate/some postgrad,[0.06231849 0.54430027 0.33574043 0.05764081],0.3857940079203136
578,RACESURV18e_W43,EDUCATION,High school graduate,[0.08564907 0.55593157 0.2974541  0.06096527],0.38729922568622
579,RACESURV18e_W43,EDUCATION,Less than high school,[0.14265335 0.45172868 0.32484301 0.08077496],0.3291492060114557
580,RACESURV18e_W43,EDUCATION,Postgraduate,[0.04642248 0.47761342 0.39118294 0.08478116],0.40135233034765716
581,RACESURV18e_W43,EDUCATION,"Some college, no degree",[0.10060285 0.57172331 0.27179367 0.05588016],0.36457224386670134
582,RACESURV5c_W43,EDUCATION,Associate's degree,[0.04680686 0.11069321 0.35707353 0.1485765  0.3368499 ],0.009270244492094782
583,RACESURV5c_W43,EDUCATION,College graduate/some postgrad,[0.03015786 0.10352165 0.46562161 0.16725716 0.23344172],0.006852148284648169
584,RACESURV5c_W43,EDUCATION,High school graduate,[0.08209752 0.1126263  0.29137883 0.14771541 0.36618194],0.011462155060450176
585,RACESURV5c_W43,EDUCATION,Less than high school,[0.13032533 0.14594198 0.22954987 0.13801306 0.35616975],0.018455711816732803
586,RACESURV5c_W43,EDUCATION,Postgraduate,[0.0367591  0.10047396 0.45616586 0.21751829 0.1890828 ],0.011559562443058086
587,RACESURV5c_W43,EDUCATION,"Some college, no degree",[0.06401055 0.12225913 0.3312968  0.18641611 0.29601741],0.0038115587882280475
588,RACESURV44_W43,EDUCATION,Associate's degree,[0.16758462 0.65593122 0.17648416 0.        ],0.12697364003628447
589,RACESURV44_W43,EDUCATION,College graduate/some postgrad,[0.11430583 0.70912217 0.17657201 0.        ],0.11616791846934464
590,RACESURV44_W43,EDUCATION,High school graduate,[0.16893943 0.68553344 0.14552713 0.        ],0.1815404184097389
591,RACESURV44_W43,EDUCATION,Less than high school,[0.20553808 0.59999347 0.19446845 0.        ],0.2539853570767344
592,RACESURV44_W43,EDUCATION,Postgraduate,[0.13395607 0.66883888 0.19720505 0.        ],0.1372385351728336
593,RACESURV44_W43,EDUCATION,"Some college, no degree",[0.16868519 0.68226868 0.14904613 0.        ],0.10392812685093841
594,RACESURV38_W43,EDUCATION,Associate's degree,[0.07965691 0.31402208 0.34157758 0.26474343],0.005958965148804142
595,RACESURV38_W43,EDUCATION,College graduate/some postgrad,[0.07112521 0.30695864 0.40080255 0.2211136 ],0.004703571077124735
596,RACESURV38_W43,EDUCATION,High school graduate,[0.0495631  0.25655874 0.34445615 0.34942202],0.008412137148830873
597,RACESURV38_W43,EDUCATION,Less than high school,[0.13420529 0.22954622 0.29334874 0.34289976],0.023918254382297322
598,RACESURV38_W43,EDUCATION,Postgraduate,[0.06366853 0.32304952 0.40576654 0.20751541],0.01162541532734549
599,RACESURV38_W43,EDUCATION,"Some college, no degree",[0.06173814 0.29325832 0.36133821 0.28366533],0.007007114185418276
600,RACESURV34b_W43,EDUCATION,Associate's degree,[0.09472392 0.24160094 0.22845262 0.05026254 0.38495999],0.002338567475501614
601,RACESURV34b_W43,EDUCATION,College graduate/some postgrad,[0.12818449 0.22014972 0.23915206 0.05361166 0.35890207],0.006448619025281583
602,RACESURV34b_W43,EDUCATION,High school graduate,[0.13937525 0.2013745  0.15686896 0.04060774 0.46177355],0.00993839812066586
603,RACESURV34b_W43,EDUCATION,Less than high school,[0.17464226 0.23323374 0.12924876 0.05627698 0.40659826],0.03342681648410179
604,RACESURV34b_W43,EDUCATION,Postgraduate,[0.1480454  0.22195743 0.26943895 0.04262604 0.31793219],0.005059986763246028
605,RACESURV34b_W43,EDUCATION,"Some college, no degree",[0.12837353 0.21384743 0.21482906 0.06841768 0.37453229],0.006633928304086412
606,RACESURV20_W43,EDUCATION,Associate's degree,[0.05622784 0.4282617  0.51551046],0.003234025546403246
607,RACESURV20_W43,EDUCATION,College graduate/some postgrad,[0.03958708 0.34274501 0.6176679 ],0.008577332832358018
608,RACESURV20_W43,EDUCATION,High school graduate,[0.05360117 0.3900355  0.55636333],0.007759668762451676
609,RACESURV20_W43,EDUCATION,Less than high school,[0.09081336 0.43671093 0.47247571],0.01853205335140659
610,RACESURV20_W43,EDUCATION,Postgraduate,[0.03529746 0.39033726 0.57436527],0.004544232155885695
611,RACESURV20_W43,EDUCATION,"Some college, no degree",[0.06608585 0.42466785 0.5092463 ],0.00375670718371754
0,RACESURV1c_W43,CITIZEN,No,[0.38080248 0.15130579 0.46789173],0.0007191594849297797
1,RACESURV1c_W43,CITIZEN,Yes,[0.28380637 0.1875053  0.52868834],0.0017877429696149868
2,RACESURV28g_W43,CITIZEN,No,[0.43415471 0.01372431 0.55212098],0.007646945994772647
3,RACESURV28g_W43,CITIZEN,Yes,[0.3168696  0.02514454 0.65798586],0.008966704236627125
4,RACESURV4_W43,CITIZEN,No,[0.68587701 0.06419398 0.24992901],0.0
5,RACESURV4_W43,CITIZEN,Yes,[0.64402395 0.12793921 0.22803684],0.005390342282189765
6,RACESURV48_W43,CITIZEN,No,[0.51591315 0.30422101 0.06792306 0.11194278],0.0
7,RACESURV48_W43,CITIZEN,Yes,[0.47910485 0.27132146 0.1272019  0.12237179],0.009127070605933298
8,RACESURV1b_W43,CITIZEN,No,[0.32049315 0.35673244 0.32277441],0.0010706311665939097
9,RACESURV1b_W43,CITIZEN,Yes,[0.31065909 0.27103054 0.41831037],0.004377510561778832
10,RACESURV34d_W43,CITIZEN,No,[0.60387646 0.17452697 0.08217331 0.03001886 0.10940439],0.008369914481388135
11,RACESURV34d_W43,CITIZEN,Yes,[0.65480029 0.17398252 0.02843656 0.01915347 0.12362716],0.0025750739530124023
12,RACESURV29d_W43,CITIZEN,No,[0.22234867 0.3515665  0.28727472 0.13881011],0.00628757648397011
13,RACESURV29d_W43,CITIZEN,Yes,[0.13820596 0.37506062 0.36670307 0.12003035],0.0027131012065261984
14,RACESURV28f_W43,CITIZEN,No,[0.3675924  0.04098116 0.59142643],0.0375004670195659
15,RACESURV28f_W43,CITIZEN,Yes,[0.34902437 0.03464067 0.61633496],0.008210661586100183
16,RACESURV5d_W43,CITIZEN,No,[0.1163554  0.21394914 0.23496433 0.06180835 0.37292277],0.011910224949160976
17,RACESURV5d_W43,CITIZEN,Yes,[0.07776607 0.26506027 0.18284503 0.03214756 0.44218108],0.007666431050468458
18,RACESURV28a_W43,CITIZEN,No,[0.58155784 0.04381345 0.37462871],0.012543047207879519
19,RACESURV28a_W43,CITIZEN,Yes,[0.50447913 0.0683855  0.42713537],0.01100638944703295
20,RACESURV10_W43,CITIZEN,No,[0.40910133 0.59089867],0.0
21,RACESURV10_W43,CITIZEN,Yes,[0.41921479 0.58078521],0.010284037157497173
22,RACATTN_W43,CITIZEN,No,[0.2445081  0.47886913 0.27662277],0.0
23,RACATTN_W43,CITIZEN,Yes,[0.45177518 0.34206605 0.20615877],0.009306127533531728
24,RACESURV50_W43,CITIZEN,No,[0.47014562 0.52985438],0.026960570154927383
25,RACESURV50_W43,CITIZEN,Yes,[0.41629088 0.58370912],0.028456553952418993
26,RACESURV28d_W43,CITIZEN,No,[0.74771359 0.00673066 0.24555575],0.012203713646195342
27,RACESURV28d_W43,CITIZEN,Yes,[0.66451433 0.02648268 0.30900299],0.004735117393161008
28,RACESURV28e_W43,CITIZEN,No,[0.64239309 0.04962952 0.30797738],0.007741463540383098
29,RACESURV28e_W43,CITIZEN,Yes,[0.65226064 0.03439059 0.31334878],0.01102527727696348
30,ADMISSIONe_W43,CITIZEN,No,[0.37338592 0.39559529 0.23101879],0.00975283971334944
31,ADMISSIONe_W43,CITIZEN,Yes,[0.2090018  0.50085567 0.29014253],0.003353987171992161
32,RACESURV53b_W43,CITIZEN,No,[0.35292367 0.64707633],0.00628757648397011
33,RACESURV53b_W43,CITIZEN,Yes,[0.32103319 0.67896681],0.008059495415971537
34,RACESURV37_W43,CITIZEN,No,[0.4919817 0.5080183],0.0
35,RACESURV37_W43,CITIZEN,Yes,[0.62982493 0.37017507],0.0056250228115508165
36,RACESURV45_W43,CITIZEN,No,[0.06640365 0.40003001 0.53356634 0.        ],0.25063373678121326
37,RACESURV45_W43,CITIZEN,Yes,[0.05005959 0.3912044  0.55873602 0.        ],0.25923372276093853
38,RACESURV5h_W43,CITIZEN,No,[0.18010836 0.12685767 0.08979062 0.02583696 0.57740639],0.03377765894315301
39,RACESURV5h_W43,CITIZEN,Yes,[0.10587144 0.19358357 0.1097856  0.05394634 0.53681304],0.007615734707172066
40,ADMISSIONc_W43,CITIZEN,No,[0.22700569 0.21915555 0.55383876],0.02179741109687969
41,ADMISSIONc_W43,CITIZEN,Yes,[0.05173874 0.24010122 0.70816005],0.00258587531739419
42,RACESURV1d_W43,CITIZEN,No,[0.23371868 0.40775511 0.35852621],0.0007191594849297797
43,RACESURV1d_W43,CITIZEN,Yes,[0.27857832 0.39192149 0.32950019],0.0024421858197468077
44,RACESURV5f_W43,CITIZEN,No,[0.14953006 0.17503669 0.19311651 0.00609703 0.47621972],0.012203713646195342
45,RACESURV5f_W43,CITIZEN,Yes,[0.07185926 0.1506152  0.16837647 0.0393315  0.56981758],0.008919359237641505
46,RACESURV19c_W43,CITIZEN,No,[0.53996313 0.30747358 0.15256329],0.012203713646195342
47,RACESURV19c_W43,CITIZEN,Yes,[0.48090033 0.27704603 0.24205364],0.0032649727438958044
48,RACESURV29b_W43,CITIZEN,No,[0.14476786 0.42797165 0.37824343 0.04901706],0.007796566462348075
49,RACESURV29b_W43,CITIZEN,Yes,[0.28870803 0.44085143 0.22572308 0.04471746],0.0020720496460275954
50,RACESURV47a_W43,CITIZEN,No,[0.208845   0.32682624 0.18084266 0.2834861 ],0.21937173624810605
51,RACESURV47a_W43,CITIZEN,Yes,[0.29548572 0.30715897 0.14494669 0.25240861],0.18082109878966682
52,RACESURV27_W43,CITIZEN,No,[0.14508981 0.33237325 0.3246174  0.19791954],0.014253437523368736
53,RACESURV27_W43,CITIZEN,Yes,[0.0682867  0.26486235 0.3546904  0.31216056],0.011818917236980381
54,RACESURV5b_W43,CITIZEN,No,[0.09610093 0.09779121 0.29149308 0.20526482 0.30934996],0.0053947570794906936
55,RACESURV5b_W43,CITIZEN,Yes,[0.07643101 0.10240405 0.31324342 0.25964854 0.24827298],0.006825567778394958
56,RACESURV18a_W43,CITIZEN,No,[0.16482313 0.44085121 0.33937576 0.0549499 ],0.1664731477637826
57,RACESURV18a_W43,CITIZEN,Yes,[0.07778291 0.57673206 0.2917256  0.05375943],0.11798802903272332
58,RACESURV28c_W43,CITIZEN,No,[0.45995754 0.04000825 0.50003421],0.016929059378754403
59,RACESURV28c_W43,CITIZEN,Yes,[0.44253948 0.03049785 0.52696267],0.016313916982483734
60,RACESURV18d_W43,CITIZEN,No,[0.2561055  0.56757768 0.14683429 0.02948254],0.15967484335519255
61,RACESURV18d_W43,CITIZEN,Yes,[0.19499597 0.70209783 0.08607298 0.01683323],0.14979543055311387
62,RACESURV51_W43,CITIZEN,No,[0.35266483 0.13988625 0.50744892],0.016859309252692516
63,RACESURV51_W43,CITIZEN,Yes,[0.23976853 0.07394737 0.68628409],0.01380549909754736
64,RACESURV47b_W43,CITIZEN,No,[0.17748165 0.34056933 0.16987441 0.31207461],0.20237466424667486
65,RACESURV47b_W43,CITIZEN,Yes,[0.14654724 0.23044872 0.17065654 0.4523475 ],0.1238253335355556
66,RACESURV19b_W43,CITIZEN,No,[0.4090429  0.34233851 0.24861858],0.013870769470864432
67,RACESURV19b_W43,CITIZEN,Yes,[0.30089037 0.27737403 0.4217356 ],0.007497739534584989
68,RACESURV14_W43,CITIZEN,No,[0.09645175 0.1182152  0.14778775 0.6375453 ],0.0145079516845651
69,RACESURV14_W43,CITIZEN,Yes,[0.17208073 0.14386733 0.1348682  0.54918374],0.015559231406269702
70,ADMISSIONg_W43,CITIZEN,No,[0.67227147 0.27601141 0.05171712],0.0007401881565966488
71,ADMISSIONg_W43,CITIZEN,Yes,[0.6764818  0.26870172 0.05481648],0.0022695778225108416
72,RACESURV52_W43,CITIZEN,No,[0.03450457 0.1875625  0.1602453  0.61768763],0.0
73,RACESURV52_W43,CITIZEN,Yes,[0.12263685 0.18641822 0.24645884 0.44448608],0.003663309999888356
74,RACESURV34a_W43,CITIZEN,No,[0.07695606 0.27163463 0.19717132 0.09427199 0.359966  ],0.017402867701729753
75,RACESURV34a_W43,CITIZEN,Yes,[0.15621694 0.24725634 0.08329248 0.03483196 0.47840228],0.006521354154128417
76,ADMISSIONa_W43,CITIZEN,No,[0.13640894 0.21912431 0.64446674],0.011290892253652185
77,ADMISSIONa_W43,CITIZEN,Yes,[0.06140019 0.19196929 0.74663052],0.0015621159107588297
78,RACESURV34c_W43,CITIZEN,No,[0.1996921  0.26777741 0.14858957 0.1608038  0.22313711],0.0008757371975396343
79,RACESURV34c_W43,CITIZEN,Yes,[0.15175365 0.18671384 0.18944689 0.14533972 0.3267459 ],0.003911731148835705
80,RACESURV7_W43,CITIZEN,No,[0.15798425 0.41787483 0.28627652 0.1378644 ],0.0
81,RACESURV7_W43,CITIZEN,Yes,[0.14309554 0.38571114 0.3489776  0.12221571],0.0006378901372021224
82,RACESURV5i_W43,CITIZEN,No,[0.35131086 0.26062044 0.04505347 0.00959726 0.33341797],0.008015498575754787
83,RACESURV5i_W43,CITIZEN,Yes,[0.37948606 0.29277792 0.07027704 0.02650299 0.23095598],0.00461312412925007
84,RACESURV6_W43,CITIZEN,No,[0.2875508 0.7124492],0.0
85,RACESURV6_W43,CITIZEN,Yes,[0.46076066 0.53923934],0.008951547224980316
86,RACESURV5e_W43,CITIZEN,No,[0.1070178  0.26453858 0.25253914 0.03204178 0.3438627 ],0.015132549842152895
87,RACESURV5e_W43,CITIZEN,Yes,[0.06262246 0.16029247 0.23123911 0.1755628  0.37028316],0.008112992537786362
88,RACESURV53e_W43,CITIZEN,No,[0.35555954 0.64444046],0.00924309817465461
89,RACESURV53e_W43,CITIZEN,Yes,[0.43340642 0.56659358],0.006894488893079299
90,RACESURV41_W43,CITIZEN,No,[0.03592395 0.55888416 0.40519189 0.        ],0.2577022415372737
91,RACESURV41_W43,CITIZEN,Yes,[0.07317294 0.52762164 0.39920542 0.        ],0.13464175144599985
92,RACESURV1a_W43,CITIZEN,No,[0.26868051 0.28092408 0.45039541],0.0
93,RACESURV1a_W43,CITIZEN,Yes,[0.22676594 0.30626244 0.46697162],0.0018882327863870253
94,RACESURV47d_W43,CITIZEN,No,[0.31895055 0.3793945  0.18815553 0.11349942],0.1570397104307641
95,RACESURV47d_W43,CITIZEN,Yes,[0.22096737 0.39363435 0.23193524 0.15346304],0.12763389245073337
96,RACESURV9_W43,CITIZEN,No,[0.10495846 0.36706776 0.19046985 0.06829721 0.26920672],0.004507141458405916
97,RACESURV9_W43,CITIZEN,Yes,[0.13656015 0.44359446 0.10777891 0.02244492 0.28962156],0.0028533384797685113
98,RACESURV22_W43,CITIZEN,No,[0.04588363 0.26590232 0.28067374 0.40754031],0.0007191594849297797
99,RACESURV22_W43,CITIZEN,Yes,[0.03347016 0.11941946 0.20162573 0.64548466],0.0020496699414459846
100,ADMISSIONd_W43,CITIZEN,No,[0.19129776 0.41421647 0.39448576],0.0
101,ADMISSIONd_W43,CITIZEN,Yes,[0.06871861 0.33854905 0.59273234],0.0035717782454624284
102,RACESURV53g_W43,CITIZEN,No,[0.2385802 0.7614198],0.013339957251690295
103,RACESURV53g_W43,CITIZEN,Yes,[0.4094881 0.5905119],0.0093030602023308
104,RACESURV5a_W43,CITIZEN,No,[0.37348741 0.20040662 0.07953178 0.02548099 0.3210932 ],0.011682333563460804
105,RACESURV5a_W43,CITIZEN,Yes,[0.36365695 0.22512294 0.07994017 0.04419973 0.28708022],0.006958591295781897
106,RACESURV26_W43,CITIZEN,No,[0.26738098 0.30885125 0.27114501 0.15262276],0.02027122719091026
107,RACESURV26_W43,CITIZEN,Yes,[0.10769217 0.34933665 0.30069329 0.24227789],0.008793063235446494
108,RACESURV16_W43,CITIZEN,No,[0.5445279 0.4554721],0.01599810150632103
109,RACESURV16_W43,CITIZEN,Yes,[0.43515408 0.56484592],0.014660740984862787
110,RACESURV47c_W43,CITIZEN,No,[0.07388833 0.23460391 0.11761029 0.57389747],0.1670543545943631
111,RACESURV47c_W43,CITIZEN,Yes,[0.02503019 0.06041718 0.14126816 0.77328448],0.06368302435771762
112,RACESURV34e_W43,CITIZEN,No,[0.26340591 0.36658502 0.09170195 0.02632595 0.25198117],0.010156181138244182
113,RACESURV34e_W43,CITIZEN,Yes,[0.24006103 0.37185586 0.04186016 0.02136807 0.32485488],0.006013325418940219
114,ADMISSIONh_W43,CITIZEN,No,[0.22466724 0.30170158 0.47363118],0.012080722747100371
115,ADMISSIONh_W43,CITIZEN,Yes,[0.19615177 0.27121496 0.53263327],0.0019975419008615575
116,RACESURV18f_W43,CITIZEN,No,[0.21739386 0.53731124 0.19849404 0.04680086],0.2268899391152316
117,RACESURV18f_W43,CITIZEN,Yes,[0.10055964 0.6348434  0.22617578 0.03842118],0.45369390330461223
118,RACESURV13_W43,CITIZEN,No,[0.29838599 0.32706736 0.29572881 0.07881784],0.0
119,RACESURV13_W43,CITIZEN,Yes,[0.20261937 0.48481368 0.25789035 0.0546766 ],0.0014965718255908176
120,RACESURV29c_W43,CITIZEN,No,[0.35232108 0.38700856 0.19969779 0.06097258],0.00628757648397011
121,RACESURV29c_W43,CITIZEN,Yes,[0.27296532 0.43522946 0.22635944 0.06544577],0.0026490638511962035
122,RACESURV17_W43,CITIZEN,No,[0.31796583 0.38694887 0.18095898 0.11412633],0.0015089899783779655
123,RACESURV17_W43,CITIZEN,Yes,[0.30645654 0.31880334 0.20178914 0.17295098],0.00810695579839171
124,RACESURV19f_W43,CITIZEN,No,[0.54176083 0.3479704  0.11026877],0.0
125,RACESURV19f_W43,CITIZEN,Yes,[0.51489925 0.32442003 0.16068072],0.008213308368151168
126,RACESURV29a_W43,CITIZEN,No,[0.36983633 0.48676777 0.10660181 0.03679409],0.020938818680829346
127,RACESURV29a_W43,CITIZEN,Yes,[0.77997123 0.16970562 0.03536294 0.01496021],0.002740764635214647
128,ADMISSIONf_W43,CITIZEN,No,[0.64443071 0.22031492 0.13525437],0.01777806930035507
129,ADMISSIONf_W43,CITIZEN,Yes,[0.46526979 0.43608152 0.09864869],0.0035433230617987143
130,IDIMPORT_W43,CITIZEN,No,[0.28067066 0.29152389 0.15196914 0.10577286 0.17006345],0.0
131,IDIMPORT_W43,CITIZEN,Yes,[0.12856853 0.13140391 0.19064162 0.16266299 0.38672296],0.0068479185349128715
132,RACESURV19a_W43,CITIZEN,No,[0.50153076 0.28608572 0.21238352],0.009315075567098685
133,RACESURV19a_W43,CITIZEN,Yes,[0.41717929 0.35852222 0.22429849],0.005751157394931854
134,ADMISSIONb_W43,CITIZEN,No,[0.11400902 0.24002256 0.64596843],0.0
135,ADMISSIONb_W43,CITIZEN,Yes,[0.03345349 0.13169554 0.83485098],0.0035581198114402186
136,RACESURV21_W43,CITIZEN,No,[0.1591452  0.31899487 0.16128088 0.36057905],0.014514941174902742
137,RACESURV21_W43,CITIZEN,Yes,[0.0586042  0.13021075 0.16639566 0.6447894 ],0.002303230426611687
138,RACESURV49_W43,CITIZEN,No,[0.28837724 0.71162276],0.014213916729577624
139,RACESURV49_W43,CITIZEN,Yes,[0.23014352 0.76985648],0.015606188400425715
140,RACESURV8_W43,CITIZEN,No,[0.21269592 0.40883263 0.29277615 0.08569529],0.003549208983560359
141,RACESURV8_W43,CITIZEN,Yes,[0.37400756 0.36653983 0.2126817  0.04677092],0.0035135756577574723
142,RACESURV28b_W43,CITIZEN,No,[0.53528749 0.03811171 0.4266008 ],0.016426988510923033
143,RACESURV28b_W43,CITIZEN,Yes,[0.43362254 0.01990994 0.54646753],0.007738905895832425
144,RACESURV40_W43,CITIZEN,No,[0.11924187 0.58909948 0.29165865 0.        ],0.19170418479041762
145,RACESURV40_W43,CITIZEN,Yes,[0.09378054 0.7156617  0.19055776 0.        ],0.09588953420253547
146,RACESURV2_W43,CITIZEN,No,[0.5241916  0.23770715 0.07636551 0.00608974 0.155646  ],0.0
147,RACESURV2_W43,CITIZEN,Yes,[0.56937449 0.19473006 0.05444908 0.01583555 0.16561084],0.0015648410285019224
148,RACESURV47f_W43,CITIZEN,No,[0.23845967 0.21911914 0.21260362 0.32981757],0.1288665268803294
149,RACESURV47f_W43,CITIZEN,Yes,[0.17132864 0.22104107 0.18878521 0.41884508],0.11417918290232511
150,RACESURV53d_W43,CITIZEN,No,[0.24317845 0.75682155],0.009315075567098685
151,RACESURV53d_W43,CITIZEN,Yes,[0.24023566 0.75976434],0.0074110089255951484
152,RACESURV47e_W43,CITIZEN,No,[0.41033019 0.23768379 0.2141471  0.13783893],0.1276306647139911
153,RACESURV47e_W43,CITIZEN,Yes,[0.31243221 0.37901814 0.16349018 0.14505946],0.12046646912671904
154,RACESURV3_W43,CITIZEN,No,[0.16118233 0.50845259 0.33036509],0.0
155,RACESURV3_W43,CITIZEN,Yes,[0.04985819 0.49465373 0.45548808],0.0029821797739713867
156,RACESURV19e_W43,CITIZEN,No,[0.52778383 0.21819455 0.25402162],0.0
157,RACESURV19e_W43,CITIZEN,Yes,[0.40012352 0.31922009 0.28065639],0.0076924825535577505
158,RACESURV15b_W43,CITIZEN,No,[0.42999555 0.29721095 0.27279351],0.0
159,RACESURV15b_W43,CITIZEN,Yes,[0.45389285 0.22041711 0.32569004],0.009548092213947982
160,RACESURV19d_W43,CITIZEN,No,[0.46358823 0.41208114 0.12433063],0.016776708596103723
161,RACESURV19d_W43,CITIZEN,Yes,[0.43609144 0.34684348 0.21706508],0.003786344532473147
162,RACESURV12_W43,CITIZEN,No,[0.08295561 0.49458181 0.42246258],0.013523559264032975
163,RACESURV12_W43,CITIZEN,Yes,[0.16362552 0.43028563 0.40608886],0.011879435384956432
164,RACESURV5l_W43,CITIZEN,No,[0.72174994 0.09461355 0.         0.08511899 0.09851752],0.008015498575754787
165,RACESURV5l_W43,CITIZEN,Yes,[0.80483379 0.10495593 0.01690686 0.0156336  0.05766982],0.00332365296594188
166,RACESURV25_W43,CITIZEN,No,[0.17775899 0.3277736  0.30151657 0.19295084],0.021460819142794133
167,RACESURV25_W43,CITIZEN,Yes,[0.12848724 0.34408248 0.29656271 0.23086757],0.008337113534640136
168,RACESURV53a_W43,CITIZEN,No,[0.13788233 0.86211767],0.007734108196276644
169,RACESURV53a_W43,CITIZEN,Yes,[0.13904794 0.86095206],0.00696092715933097
170,RACESURV15a_W43,CITIZEN,No,[0.62394925 0.13251599 0.24353476],0.0
171,RACESURV15a_W43,CITIZEN,Yes,[0.64129732 0.04767107 0.31103161],0.00953879455807536
172,RACESURV18b_W43,CITIZEN,No,[0.19437303 0.49661459 0.26790951 0.04110287],0.20315479040689155
173,RACESURV18b_W43,CITIZEN,Yes,[0.09594226 0.54630822 0.29856996 0.05917956],0.29332893253282044
174,RACESURV18c_W43,CITIZEN,No,[0.09464351 0.35748331 0.43276707 0.11510611],0.08196858311864953
175,RACESURV18c_W43,CITIZEN,Yes,[0.04838103 0.48168751 0.38177603 0.08815542],0.07695784881614366
176,RACESURV53f_W43,CITIZEN,No,[0.32485156 0.67514844],0.00628757648397011
177,RACESURV53f_W43,CITIZEN,Yes,[0.38764546 0.61235454],0.008228781620303416
178,RACESURV11_W43,CITIZEN,No,[0.23981974 0.46645125 0.29372901],0.0
179,RACESURV11_W43,CITIZEN,Yes,[0.17795638 0.5268342  0.29520943],0.0007443241004209619
180,RACESURV53c_W43,CITIZEN,No,[0.42288597 0.57711403],0.00628757648397011
181,RACESURV53c_W43,CITIZEN,Yes,[0.33326067 0.66673933],0.0083995024536458
182,RACESURV5g_W43,CITIZEN,No,[0.02673683 0.10975543 0.36496664 0.23335232 0.26518879],0.012203713646195342
183,RACESURV5g_W43,CITIZEN,Yes,[0.03673389 0.04837791 0.33250621 0.32805089 0.2543311 ],0.008643038686619177
184,RACESURV24_W43,CITIZEN,No,[0.2014751  0.3472832  0.25556125 0.19568045],0.009155935973150613
185,RACESURV24_W43,CITIZEN,Yes,[0.22450293 0.36729752 0.21036673 0.19783283],0.007754394492155976
186,RACESURV5k_W43,CITIZEN,No,[0.01838616 0.02657039 0.16770544 0.67183688 0.11550113],0.008015498575754787
187,RACESURV5k_W43,CITIZEN,Yes,[0.02078231 0.02474471 0.20514182 0.67768231 0.07164885],0.0022109215894208388
188,RACESURV36_W43,CITIZEN,No,[0.11922938 0.38184191 0.35430302 0.1446257 ],0.0
189,RACESURV36_W43,CITIZEN,Yes,[0.10049087 0.3643961  0.38961642 0.14549662],0.0036156854913427104
190,RACESURV5j_W43,CITIZEN,No,[0.20453145 0.07690652 0.34256104 0.10541507 0.27058592],0.012985891863756184
191,RACESURV5j_W43,CITIZEN,Yes,[0.0736703  0.15291309 0.43029992 0.09616909 0.24694761],0.004567557696186757
192,RACESURV18e_W43,CITIZEN,No,[0.14960892 0.46817557 0.34468175 0.03753376],0.24667224410878064
193,RACESURV18e_W43,CITIZEN,Yes,[0.07869573 0.55160509 0.30891764 0.06078154],0.39166468480238836
194,RACESURV5c_W43,CITIZEN,No,[0.12426587 0.08764433 0.35436622 0.14024653 0.29347706],0.010173343585082838
195,RACESURV5c_W43,CITIZEN,Yes,[0.06146034 0.11070088 0.36446228 0.16769628 0.29568022],0.007120725793352228
196,RACESURV44_W43,CITIZEN,No,[0.11222128 0.62155057 0.26622816 0.        ],0.19606447997538795
197,RACESURV44_W43,CITIZEN,Yes,[0.15609985 0.68451831 0.15938184 0.        ],0.12441171375981196
198,RACESURV38_W43,CITIZEN,No,[0.11583896 0.27460548 0.32664806 0.2829075 ],0.00628757648397011
199,RACESURV38_W43,CITIZEN,Yes,[0.06258726 0.28991978 0.37293712 0.27455584],0.005522086504985447
200,RACESURV34b_W43,CITIZEN,No,[0.22564892 0.25717826 0.15279327 0.02127672 0.34310282],0.006287576483970111
201,RACESURV34b_W43,CITIZEN,Yes,[0.12631015 0.21689221 0.21119868 0.05464926 0.39094969],0.006073162299432236
202,RACESURV20_W43,CITIZEN,No,[0.10236449 0.45734582 0.44028969],0.0015089899783779657
203,RACESURV20_W43,CITIZEN,Yes,[0.05062075 0.37149741 0.57788183],0.0035507597089654503
0,RACESURV1c_W43,MARITAL,Divorced,[0.22333427 0.27238781 0.50427792],0.0
1,RACESURV1c_W43,MARITAL,Married,[0.30876041 0.14909273 0.54214686],0.0019385474905871173
2,RACESURV1c_W43,MARITAL,Never been married,[0.28022725 0.20777719 0.51199556],0.0030630686409794813
3,RACESURV1c_W43,MARITAL,Separated,[0.23759596 0.31787495 0.44452909],0.004738938835190672
4,RACESURV1c_W43,MARITAL,Widowed,[0.27328273 0.15276611 0.57395115],0.00935378363722065
5,RACESURV28g_W43,MARITAL,Divorced,[0.32354907 0.01605759 0.66039333],0.019267050707068956
6,RACESURV28g_W43,MARITAL,Married,[0.27934548 0.02994718 0.69070734],0.011620200025579522
7,RACESURV28g_W43,MARITAL,Never been married,[0.45209594 0.02609457 0.52180949],0.01280942355349379
8,RACESURV28g_W43,MARITAL,Separated,[0.42542985 0.04454747 0.53002269],0.006667066486798979
9,RACESURV28g_W43,MARITAL,Widowed,[0.28914698 0.02106545 0.68978757],0.0107859075913475
10,RACESURV4_W43,MARITAL,Divorced,[0.60193968 0.12520314 0.27285718],0.008577848026376221
11,RACESURV4_W43,MARITAL,Married,[0.63828391 0.14147226 0.22024383],0.003735124898467678
12,RACESURV4_W43,MARITAL,Never been married,[0.69918069 0.08957299 0.21124632],0.010116262847022897
13,RACESURV4_W43,MARITAL,Separated,[0.4980707  0.13895336 0.36297594],0.011873314404147614
14,RACESURV4_W43,MARITAL,Widowed,[0.58931253 0.15204382 0.25864365],0.014313209570945623
15,RACESURV48_W43,MARITAL,Divorced,[0.56453498 0.27318692 0.0778329  0.0844452 ],0.02412841898916715
16,RACESURV48_W43,MARITAL,Married,[0.49458721 0.24701859 0.13239751 0.12599669],0.015788088915659904
17,RACESURV48_W43,MARITAL,Never been married,[0.47406059 0.26348281 0.12440021 0.13805639],0.016222925553838786
18,RACESURV48_W43,MARITAL,Separated,[0.47139471 0.26107833 0.11074942 0.15677753],0.004900759616412371
19,RACESURV48_W43,MARITAL,Widowed,[0.44976938 0.4016145  0.09282694 0.05578917],0.015616661369034515
20,RACESURV1b_W43,MARITAL,Divorced,[0.2500862  0.27115624 0.47875757],0.01069822205141079
21,RACESURV1b_W43,MARITAL,Married,[0.31731035 0.24584728 0.43684237],0.009259442561173056
22,RACESURV1b_W43,MARITAL,Never been married,[0.29698782 0.32572915 0.37728303],0.002300642881399066
23,RACESURV1b_W43,MARITAL,Separated,[0.5519892 0.2168052 0.2312056],0.0
24,RACESURV1b_W43,MARITAL,Widowed,[0.26460247 0.20242125 0.53297629],0.0
25,RACESURV34d_W43,MARITAL,Divorced,[0.58869037 0.1946353  0.03081845 0.03381246 0.15204342],0.0058420556514409356
26,RACESURV34d_W43,MARITAL,Married,[0.69221656 0.15202695 0.02401582 0.01274526 0.11899542],0.004434003991857492
27,RACESURV34d_W43,MARITAL,Never been married,[0.5429151  0.23322733 0.0542053  0.03686815 0.13278412],0.01466061344351859
28,RACESURV34d_W43,MARITAL,Separated,[0.51715593 0.17776531 0.03253675 0.01557169 0.25697033],0.004738938835190672
29,RACESURV34d_W43,MARITAL,Widowed,[0.50815809 0.26548986 0.02541464 0.01989105 0.18104636],0.0012121940014723147
30,RACESURV29d_W43,MARITAL,Divorced,[0.11978188 0.3317325  0.40443339 0.14405223],0.00949800525034145
31,RACESURV29d_W43,MARITAL,Married,[0.12070715 0.37639029 0.37570099 0.12720157],0.005209009767477388
32,RACESURV29d_W43,MARITAL,Never been married,[0.17415663 0.35949946 0.34395406 0.12238985],0.008719296477106071
33,RACESURV29d_W43,MARITAL,Separated,[0.12642417 0.29700867 0.4149731  0.16159406],0.0047389388351906725
34,RACESURV29d_W43,MARITAL,Widowed,[0.09051428 0.37992749 0.36141811 0.16814012],0.009494598251937332
35,RACESURV28f_W43,MARITAL,Divorced,[0.34829023 0.03686129 0.61484848],0.016938338312480754
36,RACESURV28f_W43,MARITAL,Married,[0.31574547 0.03347487 0.65077966],0.013655088492258745
37,RACESURV28f_W43,MARITAL,Never been married,[0.46261409 0.03307827 0.50430764],0.011269378294883352
38,RACESURV28f_W43,MARITAL,Separated,[0.34776912 0.02022858 0.6320023 ],0.024010045922521654
39,RACESURV28f_W43,MARITAL,Widowed,[0.29917822 0.05178403 0.64903775],0.0027677560470070407
40,RACESURV5d_W43,MARITAL,Divorced,[0.08953797 0.25052124 0.17708647 0.03924217 0.44361215],0.006616871429519544
41,RACESURV5d_W43,MARITAL,Married,[0.07463842 0.26740247 0.16790759 0.03134361 0.45870791],0.009583314944688486
42,RACESURV5d_W43,MARITAL,Never been married,[0.08055226 0.26862518 0.20727658 0.03882355 0.40472243],0.011575349060227676
43,RACESURV5d_W43,MARITAL,Separated,[0.1447773  0.23609516 0.13186663 0.05851707 0.42874385],0.010192738956792064
44,RACESURV5d_W43,MARITAL,Widowed,[0.0991125  0.25888758 0.19186132 0.03268869 0.41744992],0.029020686740023182
45,RACESURV28a_W43,MARITAL,Divorced,[0.53615654 0.05337038 0.41047307],0.014969083903571946
46,RACESURV28a_W43,MARITAL,Married,[0.46588025 0.0690064  0.46511335],0.01602390385622247
47,RACESURV28a_W43,MARITAL,Never been married,[0.63849043 0.05636953 0.30514004],0.014345448655915314
48,RACESURV28a_W43,MARITAL,Separated,[0.50508964 0.06453562 0.43037473],0.009841703041676942
49,RACESURV28a_W43,MARITAL,Widowed,[0.47800917 0.10786897 0.41412186],0.00709278433401818
50,RACESURV10_W43,MARITAL,Divorced,[0.37474069 0.62525931],0.00955752301928106
51,RACESURV10_W43,MARITAL,Married,[0.44658103 0.55341897],0.016919040598813103
52,RACESURV10_W43,MARITAL,Never been married,[0.36954002 0.63045998],0.013034298420649435
53,RACESURV10_W43,MARITAL,Separated,[0.30999057 0.69000943],0.010318346498193427
54,RACESURV10_W43,MARITAL,Widowed,[0.53422654 0.46577346],0.01954701824827928
55,RACATTN_W43,MARITAL,Divorced,[0.39391979 0.41722344 0.18885678],0.023994720156821955
56,RACATTN_W43,MARITAL,Married,[0.48058172 0.33361126 0.18580703],0.008354597406821724
57,RACATTN_W43,MARITAL,Never been married,[0.28320293 0.45178589 0.26501119],0.016033014812898375
58,RACATTN_W43,MARITAL,Separated,[0.28302153 0.47125804 0.24572043],0.0
59,RACATTN_W43,MARITAL,Widowed,[0.50014037 0.28004091 0.21981872],0.011628292559580674
60,RACESURV50_W43,MARITAL,Divorced,[0.41545022 0.58454978],0.028679681190554706
61,RACESURV50_W43,MARITAL,Married,[0.37628738 0.62371262],0.030365629122769133
62,RACESURV50_W43,MARITAL,Never been married,[0.56234284 0.43765716],0.03775379053582824
63,RACESURV50_W43,MARITAL,Separated,[0.51428101 0.48571899],0.025036712184362746
64,RACESURV50_W43,MARITAL,Widowed,[0.40140037 0.59859963],0.0665788420332608
65,RACESURV28d_W43,MARITAL,Divorced,[0.73361857 0.02346145 0.24291998],0.012961675960833089
66,RACESURV28d_W43,MARITAL,Married,[0.62580504 0.02006877 0.35412619],0.008514047871930922
67,RACESURV28d_W43,MARITAL,Never been married,[0.73284698 0.0423899  0.22476312],0.011331884880909686
68,RACESURV28d_W43,MARITAL,Separated,[0.71402343 0.00584473 0.28013183],0.0013467947090341254
69,RACESURV28d_W43,MARITAL,Widowed,[0.68940815 0.0253219  0.28526995],0.006145582771979284
70,RACESURV28e_W43,MARITAL,Divorced,[0.63702905 0.05241416 0.31055679],0.01850663523968591
71,RACESURV28e_W43,MARITAL,Married,[0.59740566 0.04028457 0.36230976],0.01589362433553256
72,RACESURV28e_W43,MARITAL,Never been married,[0.77340635 0.02170866 0.20488498],0.015167514371402482
73,RACESURV28e_W43,MARITAL,Separated,[0.58481113 0.00993235 0.40525652],0.016235977961182483
74,RACESURV28e_W43,MARITAL,Widowed,[0.66529916 0.03316542 0.30153542],0.0
75,ADMISSIONe_W43,MARITAL,Divorced,[0.22360187 0.44093788 0.33546025],0.0072451716368346466
76,ADMISSIONe_W43,MARITAL,Married,[0.20724489 0.50795985 0.28479526],0.004470091249311153
77,ADMISSIONe_W43,MARITAL,Never been married,[0.21796794 0.4786303  0.30340176],0.0037291547862938258
78,ADMISSIONe_W43,MARITAL,Separated,[0.20792548 0.43309227 0.35898225],0.018036306206538278
79,ADMISSIONe_W43,MARITAL,Widowed,[0.2249882  0.45292426 0.32208754],0.0
80,RACESURV53b_W43,MARITAL,Divorced,[0.38497858 0.61502142],0.010551512239218205
81,RACESURV53b_W43,MARITAL,Married,[0.29029126 0.70970874],0.012439463987246739
82,RACESURV53b_W43,MARITAL,Never been married,[0.40439281 0.59560719],0.01273170899046104
83,RACESURV53b_W43,MARITAL,Separated,[0.40490129 0.59509871],0.0047389388351906725
84,RACESURV53b_W43,MARITAL,Widowed,[0.29172156 0.70827844],0.024658850645296344
85,RACESURV37_W43,MARITAL,Divorced,[0.63273483 0.36726517],0.007016431880151372
86,RACESURV37_W43,MARITAL,Married,[0.60472323 0.39527677],0.008946965927958616
87,RACESURV37_W43,MARITAL,Never been married,[0.60588694 0.39411306],0.00824682086187866
88,RACESURV37_W43,MARITAL,Separated,[0.59615649 0.40384351],0.0
89,RACESURV37_W43,MARITAL,Widowed,[0.52817206 0.47182794],0.002356588113042089
90,RACESURV45_W43,MARITAL,Divorced,[0.06811449 0.36670925 0.56517626 0.        ],0.261248320469428
91,RACESURV45_W43,MARITAL,Married,[0.04288939 0.4034965  0.55361411 0.        ],0.27495438112536513
92,RACESURV45_W43,MARITAL,Never been married,[0.07980081 0.35785078 0.56234841 0.        ],0.2774863107448808
93,RACESURV45_W43,MARITAL,Separated,[0.06002865 0.55529121 0.38468015 0.        ],0.2884070720173577
94,RACESURV45_W43,MARITAL,Widowed,[0.08399082 0.47854007 0.43746911 0.        ],0.30549891931613615
95,RACESURV5h_W43,MARITAL,Divorced,[0.09077155 0.21344118 0.14008977 0.03497704 0.52072046],0.012364814795891419
96,RACESURV5h_W43,MARITAL,Married,[0.09508573 0.18070389 0.11642598 0.05335256 0.55443183],0.008044317441034005
97,RACESURV5h_W43,MARITAL,Never been married,[0.13027465 0.23721126 0.07360265 0.05150081 0.50741063],0.007047892160809748
98,RACESURV5h_W43,MARITAL,Separated,[0.27937352 0.11619597 0.06515341 0.02735328 0.51192382],0.0013467947090341251
99,RACESURV5h_W43,MARITAL,Widowed,[0.14588907 0.20361564 0.05479436 0.1055417  0.49015923],0.015951448795983716
100,ADMISSIONc_W43,MARITAL,Divorced,[0.07632576 0.21928807 0.70438617],0.008300474733722722
101,ADMISSIONc_W43,MARITAL,Married,[0.07083425 0.23782663 0.69133913],0.005043993593574312
102,ADMISSIONc_W43,MARITAL,Never been married,[0.08108006 0.25300118 0.66591876],0.003984636929863753
103,ADMISSIONc_W43,MARITAL,Separated,[0.20752095 0.21497687 0.57750218],0.0
104,ADMISSIONc_W43,MARITAL,Widowed,[0.07568821 0.26067489 0.6636369 ],0.005289770023005315
105,RACESURV1d_W43,MARITAL,Divorced,[0.20341479 0.46646884 0.33011636],0.0037417799896628965
106,RACESURV1d_W43,MARITAL,Married,[0.32467346 0.32700938 0.34831716],0.002316204577401985
107,RACESURV1d_W43,MARITAL,Never been married,[0.21746573 0.45575476 0.32677951],0.00457385003382947
108,RACESURV1d_W43,MARITAL,Separated,[0.18774069 0.49750914 0.31475017],0.0
109,RACESURV1d_W43,MARITAL,Widowed,[0.3068101  0.28767032 0.40551958],0.0032917583042607165
110,RACESURV5f_W43,MARITAL,Divorced,[0.11504031 0.17858383 0.16635155 0.02828476 0.51173954],0.013456625392228567
111,RACESURV5f_W43,MARITAL,Married,[0.07066784 0.14054274 0.16210406 0.04079438 0.58589098],0.008218678921342945
112,RACESURV5f_W43,MARITAL,Never been married,[0.09432274 0.18090449 0.15890409 0.04932184 0.51654683],0.010424099381159124
113,RACESURV5f_W43,MARITAL,Separated,[0.17521523 0.14519421 0.19525404 0.01839406 0.46594245],0.0013467947090341254
114,RACESURV5f_W43,MARITAL,Widowed,[0.11184227 0.1436051  0.15087662 0.06198423 0.53169179],0.043081392652380104
115,RACESURV19c_W43,MARITAL,Divorced,[0.46882536 0.31047581 0.22069883],0.01079995720606746
116,RACESURV19c_W43,MARITAL,Married,[0.43323639 0.29080097 0.27596264],0.003279100547491637
117,RACESURV19c_W43,MARITAL,Never been married,[0.59918574 0.23192462 0.16888964],0.007924189133473081
118,RACESURV19c_W43,MARITAL,Separated,[0.60590625 0.20445309 0.18964066],0.002702788870361803
119,RACESURV19c_W43,MARITAL,Widowed,[0.3726793  0.31172057 0.31560013],0.02233197243457571
120,RACESURV29b_W43,MARITAL,Divorced,[0.34210113 0.42813242 0.18846845 0.041298  ],0.005842055651440936
121,RACESURV29b_W43,MARITAL,Married,[0.24830279 0.44861089 0.24984769 0.05323864],0.004204515014318319
122,RACESURV29b_W43,MARITAL,Never been married,[0.34131255 0.38005825 0.2221431  0.0564861 ],0.007997837292540779
123,RACESURV29b_W43,MARITAL,Separated,[0.40524369 0.33678635 0.21623481 0.04173515],0.01213126822585126
124,RACESURV29b_W43,MARITAL,Widowed,[0.26807143 0.43138546 0.24362832 0.0569148 ],0.003657357837957199
125,RACESURV47a_W43,MARITAL,Divorced,[0.26804782 0.36277709 0.080632   0.2885431 ],0.20695417575196084
126,RACESURV47a_W43,MARITAL,Married,[0.3426222  0.32638443 0.12736813 0.20362525],0.1913751923879048
127,RACESURV47a_W43,MARITAL,Never been married,[0.19045914 0.25615559 0.17319766 0.38018761],0.19417596464882864
128,RACESURV47a_W43,MARITAL,Separated,[0.1982961  0.15936261 0.40213214 0.24020915],0.2878237015577549
129,RACESURV47a_W43,MARITAL,Widowed,[0.19261957 0.310083   0.1614359  0.33586153],0.27340488251077893
130,RACESURV27_W43,MARITAL,Divorced,[0.05028877 0.23030947 0.37404541 0.34535635],0.012841925650462545
131,RACESURV27_W43,MARITAL,Married,[0.06482312 0.25537812 0.35900539 0.32079337],0.014594434251151978
132,RACESURV27_W43,MARITAL,Never been married,[0.09418597 0.26484387 0.3433751  0.29759506],0.018717422587949232
133,RACESURV27_W43,MARITAL,Separated,[0.07829546 0.30640777 0.35974865 0.25554813],0.005858425379556475
134,RACESURV27_W43,MARITAL,Widowed,[0.06437647 0.23771363 0.35331124 0.34459865],0.02514565697719086
135,RACESURV5b_W43,MARITAL,Divorced,[0.06909954 0.09544183 0.30365599 0.25517633 0.27662631],0.008253342165567931
136,RACESURV5b_W43,MARITAL,Married,[0.08052707 0.11226088 0.31523295 0.21692229 0.27505682],0.009603766955545788
137,RACESURV5b_W43,MARITAL,Never been married,[0.06343777 0.06582251 0.31109001 0.33522947 0.22442025],0.007915255309094166
138,RACESURV5b_W43,MARITAL,Separated,[0.07633073 0.11083836 0.25611774 0.25875482 0.29795835],0.0007126640507736272
139,RACESURV5b_W43,MARITAL,Widowed,[0.1036995  0.1544317  0.25541557 0.23024188 0.25621137],0.008728806465565585
140,RACESURV18a_W43,MARITAL,Divorced,[0.11196833 0.54395577 0.29993717 0.04413874],0.15683634601258611
141,RACESURV18a_W43,MARITAL,Married,[0.08542854 0.58943141 0.28486941 0.04027064],0.1103532681402834
142,RACESURV18a_W43,MARITAL,Never been married,[0.07221491 0.45851456 0.34974494 0.11952559],0.14492079932232146
143,RACESURV18a_W43,MARITAL,Separated,[0.11370405 0.5326543  0.29646979 0.05717186],0.20138741770920668
144,RACESURV18a_W43,MARITAL,Widowed,[0.05905484 0.6269302  0.2522934  0.06172155],0.13435745857101486
145,RACESURV28c_W43,MARITAL,Divorced,[0.4403704  0.01905963 0.54056997],0.023077816416350504
146,RACESURV28c_W43,MARITAL,Married,[0.41033469 0.03080548 0.55885983],0.023623229588402586
147,RACESURV28c_W43,MARITAL,Never been married,[0.57425731 0.03458745 0.39115524],0.022705766058927712
148,RACESURV28c_W43,MARITAL,Separated,[0.46725095 0.05054083 0.48220822],0.011108274450768186
149,RACESURV28c_W43,MARITAL,Widowed,[0.44884696 0.0344795  0.51667354],0.01218148674006713
150,RACESURV18d_W43,MARITAL,Divorced,[0.17417878 0.6665001  0.13868581 0.02063531],0.16106527196919884
151,RACESURV18d_W43,MARITAL,Married,[0.19495129 0.7087868  0.08302349 0.01323842],0.14934185888724014
152,RACESURV18d_W43,MARITAL,Never been married,[0.19926033 0.65351519 0.10938179 0.03784268],0.18971149130349207
153,RACESURV18d_W43,MARITAL,Separated,[0.23976552 0.58833404 0.14096784 0.0309326 ],0.22758982326839336
154,RACESURV18d_W43,MARITAL,Widowed,[0.15244361 0.665253   0.15241973 0.02988366],0.17286297984611093
155,RACESURV51_W43,MARITAL,Divorced,[0.22730761 0.06755347 0.70513892],0.011509539523037184
156,RACESURV51_W43,MARITAL,Married,[0.22447086 0.08068829 0.69484084],0.018542998826307135
157,RACESURV51_W43,MARITAL,Never been married,[0.3064899  0.09199082 0.60151929],0.015430513137003582
158,RACESURV51_W43,MARITAL,Separated,[0.22232936 0.10186483 0.6758058 ],0.010504810837915208
159,RACESURV51_W43,MARITAL,Widowed,[0.20776636 0.08572888 0.70650476],0.05278867734847002
160,RACESURV47b_W43,MARITAL,Divorced,[0.08445825 0.17187742 0.19775124 0.54591309],0.15511803419994946
161,RACESURV47b_W43,MARITAL,Married,[0.12334815 0.21493366 0.15761662 0.50410157],0.13209908247990446
162,RACESURV47b_W43,MARITAL,Never been married,[0.23720229 0.31732191 0.19974621 0.24572959],0.1630136713404614
163,RACESURV47b_W43,MARITAL,Separated,[0.09763072 0.18181831 0.14316317 0.57738781],0.1893957567594498
164,RACESURV47b_W43,MARITAL,Widowed,[0.12652186 0.17639808 0.14949547 0.54758459],0.13579966064938775
165,RACESURV19b_W43,MARITAL,Divorced,[0.29193449 0.3211828  0.38688271],0.0159225220891181
166,RACESURV19b_W43,MARITAL,Married,[0.32602462 0.28173909 0.39223629],0.009346078470164934
167,RACESURV19b_W43,MARITAL,Never been married,[0.27410757 0.25720555 0.46868687],0.01285073214091373
168,RACESURV19b_W43,MARITAL,Separated,[0.3290574  0.30648437 0.36445823],0.002905679400213097
169,RACESURV19b_W43,MARITAL,Widowed,[0.29485105 0.31451031 0.39063864],0.024847266686750656
170,RACESURV14_W43,MARITAL,Divorced,[0.15637093 0.10759666 0.14939343 0.58663898],0.017529257158616137
171,RACESURV14_W43,MARITAL,Married,[0.19168791 0.16314972 0.13352738 0.51163499],0.01774243730002512
172,RACESURV14_W43,MARITAL,Never been married,[0.08216334 0.08425841 0.13939446 0.69418379],0.015615506935207966
173,RACESURV14_W43,MARITAL,Separated,[0.10529874 0.13240085 0.11817413 0.64412628],0.015919874803213375
174,RACESURV14_W43,MARITAL,Widowed,[0.24839381 0.15278554 0.17186295 0.4269577 ],0.0369420838654814
175,ADMISSIONg_W43,MARITAL,Divorced,[0.66229512 0.28143244 0.05627244],0.005516881485270186
176,ADMISSIONg_W43,MARITAL,Married,[0.69300685 0.24800253 0.05899062],0.0047903925140150615
177,ADMISSIONg_W43,MARITAL,Never been married,[0.63846348 0.2785849  0.08295162],0.004298411682722687
178,ADMISSIONg_W43,MARITAL,Separated,[0.66728865 0.26622281 0.06648853],0.001704771813863853
179,ADMISSIONg_W43,MARITAL,Widowed,[0.70443145 0.21035194 0.08521661],0.0
180,RACESURV52_W43,MARITAL,Divorced,[0.14014059 0.17941047 0.25815665 0.42229229],0.006562074194996161
181,RACESURV52_W43,MARITAL,Married,[0.11704266 0.20306198 0.23893359 0.44096177],0.00386749299086173
182,RACESURV52_W43,MARITAL,Never been married,[0.06952938 0.11104359 0.24824569 0.57118134],0.013733656433935829
183,RACESURV52_W43,MARITAL,Separated,[0.0614803  0.20253109 0.26978444 0.46620417],0.009821003391465147
184,RACESURV52_W43,MARITAL,Widowed,[0.24535699 0.22821576 0.17948463 0.34694262],0.01744950130806443
185,RACESURV34a_W43,MARITAL,Divorced,[0.1235923  0.21141666 0.10836597 0.05982087 0.49680419],0.007531266998007897
186,RACESURV34a_W43,MARITAL,Married,[0.15432465 0.23338645 0.09487072 0.02987198 0.48754619],0.00939558020564666
187,RACESURV34a_W43,MARITAL,Never been married,[0.13724241 0.27559579 0.13949246 0.06927332 0.37839602],0.0137362428662026
188,RACESURV34a_W43,MARITAL,Separated,[0.13572044 0.15772352 0.12504052 0.06483688 0.51667864],0.01528771094494419
189,RACESURV34a_W43,MARITAL,Widowed,[0.1421461  0.24443842 0.07347441 0.03145285 0.50848823],0.0025408041851461443
190,ADMISSIONa_W43,MARITAL,Divorced,[0.06603763 0.16218588 0.77177649],0.0037355699535178855
191,ADMISSIONa_W43,MARITAL,Married,[0.05568168 0.18832455 0.75599377],0.0038270644087062865
192,ADMISSIONa_W43,MARITAL,Never been married,[0.10536689 0.23993747 0.65469564],0.006302184418067595
193,ADMISSIONa_W43,MARITAL,Separated,[0.12616096 0.22845387 0.64538517],0.011240628092068673
194,ADMISSIONa_W43,MARITAL,Widowed,[0.10444252 0.0657625  0.82979498],0.0
195,RACESURV34c_W43,MARITAL,Divorced,[0.09399004 0.19891933 0.20535842 0.17123724 0.33049498],0.0093428257234685
196,RACESURV34c_W43,MARITAL,Married,[0.14515074 0.1837195  0.19348365 0.12716617 0.35047994],0.006296976903772757
197,RACESURV34c_W43,MARITAL,Never been married,[0.20059555 0.20003465 0.19827598 0.17189692 0.22919689],0.013047538856203212
198,RACESURV34c_W43,MARITAL,Separated,[0.09550682 0.18870692 0.1548223  0.12733547 0.43362849],0.004738938835190672
199,RACESURV34c_W43,MARITAL,Widowed,[0.09041211 0.22524243 0.15616992 0.15394858 0.37422696],0.00046182018655141634
200,RACESURV7_W43,MARITAL,Divorced,[0.12996719 0.36622595 0.36442764 0.13937922],0.009773570480908229
201,RACESURV7_W43,MARITAL,Married,[0.13085754 0.38286392 0.36837444 0.1179041 ],0.0035119465333012497
202,RACESURV7_W43,MARITAL,Never been married,[0.18019135 0.37439768 0.31966393 0.12574704],0.004416364189720265
203,RACESURV7_W43,MARITAL,Separated,[0.19069263 0.2552006  0.33982445 0.21428232],0.0
204,RACESURV7_W43,MARITAL,Widowed,[0.07498151 0.37837575 0.38828206 0.15836067],0.003002969468836878
205,RACESURV5i_W43,MARITAL,Divorced,[0.34909972 0.27781558 0.06053931 0.02688515 0.28566024],0.0
206,RACESURV5i_W43,MARITAL,Married,[0.36064632 0.29678592 0.08294902 0.02295467 0.23666408],0.00867933983964097
207,RACESURV5i_W43,MARITAL,Never been married,[0.42063625 0.25058446 0.05800655 0.03376518 0.23700756],0.008193815072883432
208,RACESURV5i_W43,MARITAL,Separated,[0.36431628 0.13624099 0.02778108 0.04045321 0.43120844],0.0
209,RACESURV5i_W43,MARITAL,Widowed,[0.37821829 0.34420424 0.05216748 0.03888662 0.18652336],0.006969052440598942
210,RACESURV6_W43,MARITAL,Divorced,[0.42396498 0.57603502],0.017126034262082066
211,RACESURV6_W43,MARITAL,Married,[0.48415902 0.51584098],0.009555227603995178
212,RACESURV6_W43,MARITAL,Never been married,[0.31333503 0.68666497],0.016171520607137224
213,RACESURV6_W43,MARITAL,Separated,[0.38978568 0.61021432],0.0037715713917383046
214,RACESURV6_W43,MARITAL,Widowed,[0.48737004 0.51262996],0.021979956490939378
215,RACESURV5e_W43,MARITAL,Divorced,[0.03167447 0.18565091 0.20994733 0.17658657 0.39614072],0.009459452248608365
216,RACESURV5e_W43,MARITAL,Married,[0.07581335 0.16614859 0.24220963 0.14129918 0.37452926],0.010270036336482727
217,RACESURV5e_W43,MARITAL,Never been married,[0.07605607 0.1678915  0.20278457 0.19221783 0.36105003],0.012532006807934629
218,RACESURV5e_W43,MARITAL,Separated,[0.14515887 0.1512573  0.23692403 0.1395515  0.32710831],0.0013467947090341254
219,RACESURV5e_W43,MARITAL,Widowed,[0.09601403 0.12816361 0.23003291 0.12549944 0.42029001],0.009827080889513232
220,RACESURV53e_W43,MARITAL,Divorced,[0.41716408 0.58283592],0.011752606942843058
221,RACESURV53e_W43,MARITAL,Married,[0.39550946 0.60449054],0.009834753494839319
222,RACESURV53e_W43,MARITAL,Never been married,[0.49230175 0.50769825],0.011734680346316946
223,RACESURV53e_W43,MARITAL,Separated,[0.42795758 0.57204242],0.005590482816965984
224,RACESURV53e_W43,MARITAL,Widowed,[0.3545169 0.6454831],0.025291807714507748
225,RACESURV41_W43,MARITAL,Divorced,[0.09390465 0.47556832 0.43052704 0.        ],0.14503447967530722
226,RACESURV41_W43,MARITAL,Married,[0.06545247 0.54202209 0.39252544 0.        ],0.1585371388634907
227,RACESURV41_W43,MARITAL,Never been married,[0.06766965 0.47347621 0.45885414 0.        ],0.17889867808863355
228,RACESURV41_W43,MARITAL,Separated,[0.05975169 0.55246906 0.38777926 0.        ],0.18004339786665077
229,RACESURV41_W43,MARITAL,Widowed,[0.09833939 0.58324026 0.31842036 0.        ],0.18044493611054055
230,RACESURV1a_W43,MARITAL,Divorced,[0.21072612 0.34673233 0.44254156],0.004411226608260879
231,RACESURV1a_W43,MARITAL,Married,[0.24589289 0.28234411 0.47176299],0.002922074624912391
232,RACESURV1a_W43,MARITAL,Never been married,[0.19752773 0.30944265 0.49302962],0.006239852682054742
233,RACESURV1a_W43,MARITAL,Separated,[0.29943805 0.33073034 0.36983161],0.0008515439817753127
234,RACESURV1a_W43,MARITAL,Widowed,[0.26796161 0.28030396 0.45173443],0.0
235,RACESURV47d_W43,MARITAL,Divorced,[0.27166113 0.40193289 0.18032239 0.14608359],0.15176369496097
236,RACESURV47d_W43,MARITAL,Married,[0.24485188 0.41099758 0.2246815  0.11946904],0.13399435688832462
237,RACESURV47d_W43,MARITAL,Never been married,[0.15088237 0.32810222 0.26937127 0.25164413],0.15433810830699882
238,RACESURV47d_W43,MARITAL,Separated,[0.1895166  0.33642898 0.23329175 0.24076267],0.24010390508915375
239,RACESURV47d_W43,MARITAL,Widowed,[0.26856258 0.33528979 0.23523397 0.16091367],0.11908895737873715
240,RACESURV9_W43,MARITAL,Divorced,[0.12847984 0.40219266 0.09274571 0.02571423 0.35086757],0.0076965011610830684
241,RACESURV9_W43,MARITAL,Married,[0.14360833 0.45376705 0.10623788 0.02211528 0.27427147],0.002398471611047598
242,RACESURV9_W43,MARITAL,Never been married,[0.1329776  0.41828839 0.12837008 0.04311717 0.27724676],0.002869606736078733
243,RACESURV9_W43,MARITAL,Separated,[0.1200869  0.20300767 0.12633443 0.02322961 0.5273414 ],0.0
244,RACESURV9_W43,MARITAL,Widowed,[0.1960164  0.37188801 0.08635803 0.02034287 0.32539469],0.008154918948651977
245,RACESURV22_W43,MARITAL,Divorced,[0.03527921 0.09258511 0.21446746 0.65766822],0.0033850318353513286
246,RACESURV22_W43,MARITAL,Married,[0.02296761 0.11489853 0.20538762 0.65674624],0.005718194124857979
247,RACESURV22_W43,MARITAL,Never been married,[0.05985898 0.19015344 0.24273285 0.50725472],0.008234640886266988
248,RACESURV22_W43,MARITAL,Separated,[0.07040018 0.17765456 0.2429066  0.50903866],0.004738938835190672
249,RACESURV22_W43,MARITAL,Widowed,[0.04057759 0.12374224 0.16675018 0.66892999],0.0024471403866551914
250,ADMISSIONd_W43,MARITAL,Divorced,[0.0756211  0.33647203 0.58790687],0.015960399737324025
251,ADMISSIONd_W43,MARITAL,Married,[0.07252561 0.34193053 0.58554385],0.004109704584478351
252,ADMISSIONd_W43,MARITAL,Never been married,[0.1003873  0.35708137 0.54253133],0.003100869232456317
253,ADMISSIONd_W43,MARITAL,Separated,[0.08360878 0.38234222 0.534049  ],0.0
254,ADMISSIONd_W43,MARITAL,Widowed,[0.11911613 0.28354061 0.59734326],0.006608575156778532
255,RACESURV53g_W43,MARITAL,Divorced,[0.35786007 0.64213993],0.007815427836100924
256,RACESURV53g_W43,MARITAL,Married,[0.37130621 0.62869379],0.011984944279116979
257,RACESURV53g_W43,MARITAL,Never been married,[0.39824177 0.60175823],0.017647912806218576
258,RACESURV53g_W43,MARITAL,Separated,[0.35382029 0.64617971],0.012274368198812866
259,RACESURV53g_W43,MARITAL,Widowed,[0.30382841 0.69617159],0.0254823183114136
260,RACESURV5a_W43,MARITAL,Divorced,[0.39538988 0.20366867 0.05158281 0.04406394 0.3052947 ],0.004289052935508665
261,RACESURV5a_W43,MARITAL,Married,[0.34007903 0.22911861 0.08646103 0.04167673 0.30266459],0.008403376832366305
262,RACESURV5a_W43,MARITAL,Never been married,[0.45706848 0.21374542 0.05118711 0.03988818 0.23811081],0.012741308725632483
263,RACESURV5a_W43,MARITAL,Separated,[0.36188073 0.19182595 0.05121094 0.02381439 0.37126798],0.0007126640507736272
264,RACESURV5a_W43,MARITAL,Widowed,[0.3466173  0.21010268 0.0723835  0.06758854 0.30330797],0.008728806465565585
265,RACESURV26_W43,MARITAL,Divorced,[0.098233   0.35407068 0.26851982 0.2791765 ],0.014915805448790351
266,RACESURV26_W43,MARITAL,Married,[0.11621882 0.34672651 0.30331206 0.23374261],0.013784912904223413
267,RACESURV26_W43,MARITAL,Never been married,[0.1458469  0.33054833 0.29994631 0.22365846],0.013971900857048329
268,RACESURV26_W43,MARITAL,Separated,[0.20188737 0.30418025 0.2885556  0.20537678],0.007787661871002928
269,RACESURV26_W43,MARITAL,Widowed,[0.08387162 0.33123537 0.3167386  0.26815441],0.02218847535467791
270,RACESURV16_W43,MARITAL,Divorced,[0.42623559 0.57376441],0.02123414912451931
271,RACESURV16_W43,MARITAL,Married,[0.40671543 0.59328457],0.014576075232700129
272,RACESURV16_W43,MARITAL,Never been married,[0.50350789 0.49649211],0.018857988501939052
273,RACESURV16_W43,MARITAL,Separated,[0.63437433 0.36562567],0.0171463305357899
274,RACESURV16_W43,MARITAL,Widowed,[0.46175351 0.53824649],0.04228666189260907
275,RACESURV47c_W43,MARITAL,Divorced,[0.03145629 0.08117488 0.13898771 0.74838113],0.06678184321090126
276,RACESURV47c_W43,MARITAL,Married,[0.0212523  0.07051647 0.13069588 0.77753535],0.08816336955221524
277,RACESURV47c_W43,MARITAL,Never been married,[0.04283274 0.05766322 0.17747343 0.7220306 ],0.10120375815008234
278,RACESURV47c_W43,MARITAL,Separated,[0.00250102 0.1227611  0.07548914 0.79924875],0.10889523400841422
279,RACESURV47c_W43,MARITAL,Widowed,[0.01609301 0.01755221 0.12348577 0.84286901],0.07090116655572458
280,RACESURV34e_W43,MARITAL,Divorced,[0.16354433 0.41123683 0.0486185  0.02442403 0.3521763 ],0.010430727434035872
281,RACESURV34e_W43,MARITAL,Married,[0.23846627 0.37306002 0.03940749 0.01347499 0.33559123],0.010866060690184445
282,RACESURV34e_W43,MARITAL,Never been married,[0.28070879 0.3595433  0.05252907 0.04182403 0.26539482],0.013335998745591592
283,RACESURV34e_W43,MARITAL,Separated,[0.2314022  0.31247945 0.04060655 0.00892403 0.40658777],0.005430258174660408
284,RACESURV34e_W43,MARITAL,Widowed,[0.14335421 0.37567307 0.05869256 0.00932545 0.41295472],0.005800902540018695
285,ADMISSIONh_W43,MARITAL,Divorced,[0.18722142 0.21232596 0.60045262],0.004859102887083554
286,ADMISSIONh_W43,MARITAL,Married,[0.17183064 0.2685918  0.55957756],0.004040423333952687
287,ADMISSIONh_W43,MARITAL,Never been married,[0.26532087 0.30535424 0.42932489],0.003961090834482002
288,ADMISSIONh_W43,MARITAL,Separated,[0.29503432 0.22832946 0.47663622],0.00843697832789663
289,ADMISSIONh_W43,MARITAL,Widowed,[0.21355957 0.20442563 0.5820148 ],0.0028590626980757945
290,RACESURV18f_W43,MARITAL,Divorced,[0.10576853 0.57102378 0.27629944 0.04690826],0.402504792138993
291,RACESURV18f_W43,MARITAL,Married,[0.11616053 0.63084494 0.21922018 0.03377435],0.44560027697475996
292,RACESURV18f_W43,MARITAL,Never been married,[0.09460171 0.66723165 0.19801102 0.04015563],0.41808931955062606
293,RACESURV18f_W43,MARITAL,Separated,[0.13529119 0.56511158 0.26339428 0.03620295],0.36800471517137273
294,RACESURV18f_W43,MARITAL,Widowed,[0.10260828 0.48757349 0.36395368 0.04586454],0.4287446974108254
295,RACESURV13_W43,MARITAL,Divorced,[0.1461392  0.44073175 0.34440913 0.06871992],0.0
296,RACESURV13_W43,MARITAL,Married,[0.20625397 0.47258449 0.25875991 0.06240163],0.0028139421917395364
297,RACESURV13_W43,MARITAL,Never been married,[0.19059225 0.45375464 0.26931849 0.08633463],0.0025398703534436767
298,RACESURV13_W43,MARITAL,Separated,[0.23818128 0.22934067 0.30792302 0.22455503],0.0
299,RACESURV13_W43,MARITAL,Widowed,[0.11098852 0.54633815 0.22699646 0.11567687],0.00208789854682065
300,RACESURV29c_W43,MARITAL,Divorced,[0.29793246 0.39522433 0.22562221 0.081221  ],0.01066648180507944
301,RACESURV29c_W43,MARITAL,Married,[0.2852038  0.4275824  0.23102798 0.05618582],0.005236606921857274
302,RACESURV29c_W43,MARITAL,Never been married,[0.32800409 0.40067809 0.20057847 0.07073934],0.005199438900979033
303,RACESURV29c_W43,MARITAL,Separated,[0.37347682 0.38608511 0.17640004 0.06403803],0.0047389388351906725
304,RACESURV29c_W43,MARITAL,Widowed,[0.2100666  0.4849723  0.20833145 0.09662966],0.0032174618747588786
305,RACESURV17_W43,MARITAL,Divorced,[0.33443778 0.28747729 0.21503311 0.16305182],0.008347250674810364
306,RACESURV17_W43,MARITAL,Married,[0.27989197 0.31011966 0.21821245 0.19177592],0.01021543790583419
307,RACESURV17_W43,MARITAL,Never been married,[0.37240249 0.35163012 0.15181952 0.12414787],0.017028159055279473
308,RACESURV17_W43,MARITAL,Separated,[0.43531743 0.34369106 0.11175449 0.10923702],0.015643425488257375
309,RACESURV17_W43,MARITAL,Widowed,[0.29804649 0.3576628  0.18528828 0.15900244],0.014128353152320753
310,RACESURV19f_W43,MARITAL,Divorced,[0.41450194 0.36506266 0.2204354 ],0.016425891892588248
311,RACESURV19f_W43,MARITAL,Married,[0.51197182 0.32970203 0.15832615],0.008062177956519553
312,RACESURV19f_W43,MARITAL,Never been married,[0.49355879 0.31256279 0.19387842],0.014475602695767927
313,RACESURV19f_W43,MARITAL,Separated,[0.42847994 0.34930422 0.22221584],0.006171210288257126
314,RACESURV19f_W43,MARITAL,Widowed,[0.54940272 0.31954655 0.13105073],0.03310383818456809
315,RACESURV29a_W43,MARITAL,Divorced,[0.71311623 0.21394025 0.063437   0.00950651],0.006664449087273187
316,RACESURV29a_W43,MARITAL,Married,[0.74677061 0.19853234 0.0372855  0.01741154],0.00568601427294295
317,RACESURV29a_W43,MARITAL,Never been married,[0.65634548 0.24754654 0.06558585 0.03052213],0.009100535789690964
318,RACESURV29a_W43,MARITAL,Separated,[0.48673289 0.34227045 0.15502456 0.01597211],0.0047389388351906725
319,RACESURV29a_W43,MARITAL,Widowed,[0.70772124 0.20667751 0.05207393 0.03352732],0.014361851255002767
320,ADMISSIONf_W43,MARITAL,Divorced,[0.43575883 0.45759643 0.10664473],0.008382023463784095
321,ADMISSIONf_W43,MARITAL,Married,[0.48017829 0.41992157 0.09990014],0.007868382853259949
322,ADMISSIONf_W43,MARITAL,Never been married,[0.44091769 0.42821893 0.13086339],0.004299788387567666
323,ADMISSIONf_W43,MARITAL,Separated,[0.50235834 0.31726415 0.18037752],0.02395875451281857
324,ADMISSIONf_W43,MARITAL,Widowed,[0.49993354 0.36558473 0.13448173],0.006037690067896481
325,IDIMPORT_W43,MARITAL,Divorced,[0.17437121 0.15604317 0.21846277 0.10002693 0.35109591],0.009287295574300773
326,IDIMPORT_W43,MARITAL,Married,[0.1339154  0.15665848 0.18006593 0.16091935 0.36844084],0.007839645572358027
327,IDIMPORT_W43,MARITAL,Never been married,[0.19832647 0.15260189 0.20129326 0.15242016 0.29535822],0.016109775640610814
328,IDIMPORT_W43,MARITAL,Separated,[0.2409767  0.2519449  0.10708336 0.0817579  0.31823714],0.0
329,IDIMPORT_W43,MARITAL,Widowed,[0.1954136  0.19199022 0.16301392 0.11150366 0.3380786 ],0.012172174625728957
330,RACESURV19a_W43,MARITAL,Divorced,[0.40958226 0.36938555 0.22103219],0.007053685631917028
331,RACESURV19a_W43,MARITAL,Married,[0.38420281 0.37309073 0.24270647],0.0075242524742515065
332,RACESURV19a_W43,MARITAL,Never been married,[0.5594833  0.27867527 0.16184143],0.010723703759817326
333,RACESURV19a_W43,MARITAL,Separated,[0.49090018 0.25341379 0.25568603],0.00666706648679898
334,RACESURV19a_W43,MARITAL,Widowed,[0.42651135 0.32280222 0.25068643],0.02361838557663997
335,ADMISSIONb_W43,MARITAL,Divorced,[0.03856383 0.13104432 0.83039185],0.010150909954340486
336,ADMISSIONb_W43,MARITAL,Married,[0.0350567  0.12875147 0.83619183],0.005971587458605294
337,ADMISSIONb_W43,MARITAL,Never been married,[0.06269239 0.16969563 0.76761198],0.003262274498836458
338,ADMISSIONb_W43,MARITAL,Separated,[0.08729035 0.12560111 0.78710854],0.009686275838622171
339,ADMISSIONb_W43,MARITAL,Widowed,[0.05296733 0.10703235 0.84000032],0.0017901861347289119
340,RACESURV21_W43,MARITAL,Divorced,[0.07444223 0.15774494 0.1493368  0.61847603],0.006635524976271048
341,RACESURV21_W43,MARITAL,Married,[0.04555046 0.12976785 0.18570067 0.63898101],0.004373027800948704
342,RACESURV21_W43,MARITAL,Never been married,[0.11444593 0.20436127 0.18734847 0.49384433],0.010453605374162045
343,RACESURV21_W43,MARITAL,Separated,[0.10618868 0.22136405 0.18105616 0.49139111],0.004738938835190672
344,RACESURV21_W43,MARITAL,Widowed,[0.06317968 0.16829705 0.10716267 0.66136059],0.0064545856730673905
345,RACESURV49_W43,MARITAL,Divorced,[0.26574267 0.73425733],0.047621171364830135
346,RACESURV49_W43,MARITAL,Married,[0.21866842 0.78133158],0.016821898869082218
347,RACESURV49_W43,MARITAL,Never been married,[0.314059 0.685941],0.029162573514515393
348,RACESURV49_W43,MARITAL,Separated,[0.20099511 0.79900489],0.05968673232914452
349,RACESURV49_W43,MARITAL,Widowed,[0.18623351 0.81376649],0.06109721315338371
350,RACESURV8_W43,MARITAL,Divorced,[0.41005337 0.32916911 0.20224165 0.05853587],0.0028340088921264264
351,RACESURV8_W43,MARITAL,Married,[0.35858481 0.373455   0.21475506 0.05320514],0.003075515846214026
352,RACESURV8_W43,MARITAL,Never been married,[0.36111181 0.35285771 0.24498605 0.04104444],0.006852473978352974
353,RACESURV8_W43,MARITAL,Separated,[0.30585055 0.30880791 0.31225291 0.07308864],0.0
354,RACESURV8_W43,MARITAL,Widowed,[0.43083904 0.36705034 0.17519503 0.02691559],0.0121764679337186
355,RACESURV28b_W43,MARITAL,Divorced,[0.46737111 0.01362001 0.51900888],0.021949984224297923
356,RACESURV28b_W43,MARITAL,Married,[0.40587486 0.023689   0.57043613],0.008902448946115669
357,RACESURV28b_W43,MARITAL,Never been married,[0.5422073  0.02132298 0.43646972],0.016220497458941635
358,RACESURV28b_W43,MARITAL,Separated,[0.43321746 0.03184769 0.53493485],0.016052228703989445
359,RACESURV28b_W43,MARITAL,Widowed,[0.40768143 0.0395476  0.55277097],0.008487374319485019
360,RACESURV40_W43,MARITAL,Divorced,[0.09586591 0.72212272 0.18201136 0.        ],0.10670176462084187
361,RACESURV40_W43,MARITAL,Married,[0.07282872 0.73409319 0.19307809 0.        ],0.10970158315014049
362,RACESURV40_W43,MARITAL,Never been married,[0.14770224 0.68264719 0.16965057 0.        ],0.12662709483742485
363,RACESURV40_W43,MARITAL,Separated,[0.15756044 0.6713979  0.17104166 0.        ],0.1734335311142455
364,RACESURV40_W43,MARITAL,Widowed,[0.13597146 0.66155949 0.20246905 0.        ],0.12133373973203768
365,RACESURV2_W43,MARITAL,Divorced,[0.53022366 0.18900553 0.09386436 0.01411829 0.17278816],0.003057509258420373
366,RACESURV2_W43,MARITAL,Married,[0.5752749  0.21021531 0.037232   0.01369882 0.16357896],0.0006344771044609956
367,RACESURV2_W43,MARITAL,Never been married,[0.61532566 0.15671143 0.061599   0.01760619 0.14875773],0.005746547158943886
368,RACESURV2_W43,MARITAL,Separated,[0.51956888 0.26234864 0.06650861 0.01540358 0.1361703 ],0.0
369,RACESURV2_W43,MARITAL,Widowed,[0.43876335 0.20473201 0.07257596 0.01625371 0.26767497],0.004493821871670232
370,RACESURV47f_W43,MARITAL,Divorced,[0.20203891 0.25412493 0.18390041 0.35993576],0.1548472258862965
371,RACESURV47f_W43,MARITAL,Married,[0.19163656 0.22613964 0.18403955 0.39818426],0.11452943082610273
372,RACESURV47f_W43,MARITAL,Never been married,[0.1223351  0.17736844 0.18211448 0.51818198],0.14589610498164762
373,RACESURV47f_W43,MARITAL,Separated,[0.13908902 0.22618493 0.18263345 0.4520926 ],0.19545034110747245
374,RACESURV47f_W43,MARITAL,Widowed,[0.15443285 0.23630375 0.13617984 0.47308355],0.15501739307286555
375,RACESURV53d_W43,MARITAL,Divorced,[0.31455012 0.68544988],0.010263346862603747
376,RACESURV53d_W43,MARITAL,Married,[0.23255754 0.76744246],0.008859382918827775
377,RACESURV53d_W43,MARITAL,Never been married,[0.24791365 0.75208635],0.014106333251335701
378,RACESURV53d_W43,MARITAL,Separated,[0.33656609 0.66343391],0.006193260842595936
379,RACESURV53d_W43,MARITAL,Widowed,[0.24842977 0.75157023],0.024286114979019932
380,RACESURV47e_W43,MARITAL,Divorced,[0.37659835 0.38810815 0.12021638 0.11507712],0.19288234162192724
381,RACESURV47e_W43,MARITAL,Married,[0.3378923  0.36834948 0.17642189 0.11733633],0.1142371433106931
382,RACESURV47e_W43,MARITAL,Never been married,[0.23249339 0.35957083 0.18964329 0.21829249],0.16778689634179667
383,RACESURV47e_W43,MARITAL,Separated,[0.1873045  0.36677184 0.08647813 0.35944553],0.23542834622984957
384,RACESURV47e_W43,MARITAL,Widowed,[0.36193386 0.35158882 0.14050193 0.14597539],0.1477779907653663
385,RACESURV3_W43,MARITAL,Divorced,[0.04442006 0.40803433 0.54754561],0.0038475295804344476
386,RACESURV3_W43,MARITAL,Married,[0.06424917 0.51812263 0.4176282 ],0.003702783308480828
387,RACESURV3_W43,MARITAL,Never been married,[0.09405267 0.43963043 0.4663169 ],0.010517475256938209
388,RACESURV3_W43,MARITAL,Separated,[0.0195769  0.30060352 0.67981958],0.011873314404147614
389,RACESURV3_W43,MARITAL,Widowed,[0.07347781 0.44779609 0.4787261 ],0.0
390,RACESURV19e_W43,MARITAL,Divorced,[0.35054109 0.31883786 0.33062104],0.002305552296493204
391,RACESURV19e_W43,MARITAL,Married,[0.37033133 0.32917017 0.3004985 ],0.010212566985959378
392,RACESURV19e_W43,MARITAL,Never been married,[0.51911059 0.28442591 0.1964635 ],0.009453994303031048
393,RACESURV19e_W43,MARITAL,Separated,[0.40984199 0.24376404 0.34639397],0.006171210288257126
394,RACESURV19e_W43,MARITAL,Widowed,[0.44423923 0.26846419 0.28729657],0.026338091417328513
395,RACESURV15b_W43,MARITAL,Divorced,[0.42304902 0.21632624 0.36062474],0.010132832257574829
396,RACESURV15b_W43,MARITAL,Married,[0.42224461 0.23912158 0.3386338 ],0.00809353430858698
397,RACESURV15b_W43,MARITAL,Never been married,[0.54210734 0.22871314 0.22917951],0.016452090074666963
398,RACESURV15b_W43,MARITAL,Separated,[0.38888218 0.29165091 0.31946691],0.011774546812991811
399,RACESURV15b_W43,MARITAL,Widowed,[0.37714182 0.25579815 0.36706003],0.02374098060723126
400,RACESURV19d_W43,MARITAL,Divorced,[0.38635215 0.39703625 0.2166116 ],0.010395524635384281
401,RACESURV19d_W43,MARITAL,Married,[0.4635376  0.33353964 0.20292276],0.004522705322848142
402,RACESURV19d_W43,MARITAL,Never been married,[0.397656   0.33977387 0.26257012],0.007924189133473081
403,RACESURV19d_W43,MARITAL,Separated,[0.41238806 0.40653569 0.18107625],0.0013467947090341254
404,RACESURV19d_W43,MARITAL,Widowed,[0.46941381 0.25303719 0.277549  ],0.004790739046047291
405,RACESURV12_W43,MARITAL,Divorced,[0.1509071  0.44952035 0.39957255],0.01186609923625477
406,RACESURV12_W43,MARITAL,Married,[0.17550427 0.39579648 0.42869925],0.014979690266584144
407,RACESURV12_W43,MARITAL,Never been married,[0.10190925 0.58147209 0.31661866],0.015381578355874443
408,RACESURV12_W43,MARITAL,Separated,[0.12626733 0.50671951 0.36701316],0.0
409,RACESURV12_W43,MARITAL,Widowed,[0.24363915 0.42077738 0.33558347],0.018918145611660973
410,RACESURV5l_W43,MARITAL,Divorced,[0.76617322 0.12825827 0.01708796 0.02940738 0.05907316],0.0011686666947225393
411,RACESURV5l_W43,MARITAL,Married,[0.79500254 0.11498526 0.01598019 0.0137731  0.06025891],0.006295108024124556
412,RACESURV5l_W43,MARITAL,Never been married,[0.78098678 0.08450027 0.02210134 0.02781172 0.08459988],0.006097280409433434
413,RACESURV5l_W43,MARITAL,Separated,[0.69600465 0.10869911 0.01898049 0.03670727 0.13960847],0.001176026625672591
414,RACESURV5l_W43,MARITAL,Widowed,[0.78141283 0.11028828 0.00912796 0.00184613 0.09732479],0.0
415,RACESURV25_W43,MARITAL,Divorced,[0.14932917 0.35959689 0.23488942 0.25618453],0.014605161458416215
416,RACESURV25_W43,MARITAL,Married,[0.12045647 0.34450634 0.29627741 0.23875978],0.012373885174129623
417,RACESURV25_W43,MARITAL,Never been married,[0.17179194 0.3297981  0.29187545 0.20653452],0.012258608083776306
418,RACESURV25_W43,MARITAL,Separated,[0.1924178  0.32451635 0.25119441 0.23187144],0.007332203552279601
419,RACESURV25_W43,MARITAL,Widowed,[0.12296317 0.31014465 0.30225167 0.26464051],0.020617027074911788
420,RACESURV53a_W43,MARITAL,Divorced,[0.23308978 0.76691022],0.0071063419239492595
421,RACESURV53a_W43,MARITAL,Married,[0.11364389 0.88635611],0.008108691942778471
422,RACESURV53a_W43,MARITAL,Never been married,[0.19102982 0.80897018],0.016216596592388118
423,RACESURV53a_W43,MARITAL,Separated,[0.25897073 0.74102927],0.004738938835190672
424,RACESURV53a_W43,MARITAL,Widowed,[0.12472476 0.87527524],0.02687002953094382
425,RACESURV15a_W43,MARITAL,Divorced,[0.68735063 0.05334097 0.25930841],0.012507039744683557
426,RACESURV15a_W43,MARITAL,Married,[0.62895329 0.04905505 0.32199166],0.016435546527599133
427,RACESURV15a_W43,MARITAL,Never been married,[0.70907732 0.05511861 0.23580408],0.009336144198124199
428,RACESURV15a_W43,MARITAL,Separated,[0.70723115 0.10582452 0.18694433],0.0
429,RACESURV15a_W43,MARITAL,Widowed,[0.51730477 0.07545473 0.4072405 ],0.0011614293115598932
430,RACESURV18b_W43,MARITAL,Divorced,[0.1007834  0.52800215 0.31580242 0.05541203],0.26474264910132855
431,RACESURV18b_W43,MARITAL,Married,[0.08819992 0.52664703 0.31630798 0.06884507],0.29266687359106447
432,RACESURV18b_W43,MARITAL,Never been married,[0.13641617 0.59538231 0.22443321 0.04376831],0.25238909981239727
433,RACESURV18b_W43,MARITAL,Separated,[0.15664565 0.47979253 0.3100301  0.05353172],0.2373324481542483
434,RACESURV18b_W43,MARITAL,Widowed,[0.11158841 0.46261532 0.37182287 0.0539734 ],0.2577383779014254
435,RACESURV18c_W43,MARITAL,Divorced,[0.04385757 0.518093   0.3625894  0.07546004],0.103093869808222
436,RACESURV18c_W43,MARITAL,Married,[0.05605551 0.48168151 0.38653539 0.07572759],0.0764809747688961
437,RACESURV18c_W43,MARITAL,Never been married,[0.04330635 0.38000481 0.4375375  0.13915133],0.1104598774076438
438,RACESURV18c_W43,MARITAL,Separated,[0.09861636 0.36036547 0.42151533 0.11950285],0.08686417644332126
439,RACESURV18c_W43,MARITAL,Widowed,[0.07320279 0.49786947 0.34280834 0.08611941],0.05842647125457812
440,RACESURV53f_W43,MARITAL,Divorced,[0.42061764 0.57938236],0.012230226213765308
441,RACESURV53f_W43,MARITAL,Married,[0.36621301 0.63378699],0.007418467608539731
442,RACESURV53f_W43,MARITAL,Never been married,[0.37113446 0.62886554],0.01974968521740792
443,RACESURV53f_W43,MARITAL,Separated,[0.34052793 0.65947207],0.004738938835190672
444,RACESURV53f_W43,MARITAL,Widowed,[0.33732479 0.66267521],0.040755571844846836
445,RACESURV11_W43,MARITAL,Divorced,[0.16208994 0.57206129 0.26584877],0.00789270556475508
446,RACESURV11_W43,MARITAL,Married,[0.17236481 0.53035714 0.29727805],0.0031873988478469026
447,RACESURV11_W43,MARITAL,Never been married,[0.2111887  0.47624927 0.31256203],0.004042664606323638
448,RACESURV11_W43,MARITAL,Separated,[0.13721516 0.69561536 0.16716948],0.0
449,RACESURV11_W43,MARITAL,Widowed,[0.14473444 0.4700377  0.38522785],0.004803733551737908
450,RACESURV53c_W43,MARITAL,Divorced,[0.38583913 0.61416087],0.00860085364045141
451,RACESURV53c_W43,MARITAL,Married,[0.31852311 0.68147689],0.008527453889630466
452,RACESURV53c_W43,MARITAL,Never been married,[0.37916158 0.62083842],0.015858580038784324
453,RACESURV53c_W43,MARITAL,Separated,[0.52619452 0.47380548],0.035787202542137284
454,RACESURV53c_W43,MARITAL,Widowed,[0.36565326 0.63434674],0.032234000524196615
455,RACESURV5g_W43,MARITAL,Divorced,[0.02779857 0.05520535 0.29151124 0.31636228 0.30912256],0.012693610464362263
456,RACESURV5g_W43,MARITAL,Married,[0.03853045 0.0548297  0.33396948 0.29698192 0.27568845],0.008766758386010176
457,RACESURV5g_W43,MARITAL,Never been married,[0.03271137 0.04975845 0.31971526 0.34969649 0.24811843],0.010430748536275219
458,RACESURV5g_W43,MARITAL,Separated,[0.07280907 0.07041    0.27355165 0.34933454 0.23389474],0.0013467947090341251
459,RACESURV5g_W43,MARITAL,Widowed,[0.01957881 0.05631907 0.36170681 0.27043681 0.2919585 ],0.016660444916619502
460,RACESURV24_W43,MARITAL,Divorced,[0.21265472 0.35191742 0.21175348 0.22367438],0.009303484795154845
461,RACESURV24_W43,MARITAL,Married,[0.20767998 0.35583431 0.23076475 0.20572096],0.011470791768712392
462,RACESURV24_W43,MARITAL,Never been married,[0.22843805 0.34873243 0.19631964 0.22650988],0.011566102402650444
463,RACESURV24_W43,MARITAL,Separated,[0.17020517 0.35389665 0.25297463 0.22292354],0.01038092658809186
464,RACESURV24_W43,MARITAL,Widowed,[0.18706146 0.3832345  0.18421026 0.24549378],0.020929091253613155
465,RACESURV5k_W43,MARITAL,Divorced,[0.02566434 0.00342664 0.1851282  0.70909198 0.07668883],0.002020827784298334
466,RACESURV5k_W43,MARITAL,Married,[0.02315744 0.03554868 0.23939828 0.62080697 0.08108863],0.004770737665464089
467,RACESURV5k_W43,MARITAL,Never been married,[0.01442822 0.02111537 0.14487226 0.74232293 0.07726121],0.007231362595443341
468,RACESURV5k_W43,MARITAL,Separated,[0.06062524 0.02398383 0.13830183 0.57969215 0.19739695],0.0
469,RACESURV5k_W43,MARITAL,Widowed,[0.03079788 0.03671601 0.24808663 0.56739432 0.11700516],0.0
470,RACESURV36_W43,MARITAL,Divorced,[0.07068818 0.31323419 0.47187086 0.14420677],0.008184537581596278
471,RACESURV36_W43,MARITAL,Married,[0.07539029 0.34533996 0.42213224 0.15713752],0.005435834880832547
472,RACESURV36_W43,MARITAL,Never been married,[0.17535335 0.40356436 0.28753768 0.13354461],0.01727532067764963
473,RACESURV36_W43,MARITAL,Separated,[0.07584647 0.40226422 0.32692246 0.19496685],0.0047389388351906725
474,RACESURV36_W43,MARITAL,Widowed,[0.0352254  0.31128273 0.44734335 0.20614852],0.010099507854006231
475,RACESURV5j_W43,MARITAL,Divorced,[0.08402683 0.14738349 0.39344301 0.10413782 0.27100886],0.005522466360426075
476,RACESURV5j_W43,MARITAL,Married,[0.08865816 0.17569265 0.4044165  0.07834359 0.2528891 ],0.006887710170733843
477,RACESURV5j_W43,MARITAL,Never been married,[0.05598003 0.11678116 0.44420558 0.12661322 0.25642001],0.011453586743936598
478,RACESURV5j_W43,MARITAL,Separated,[0.0264269  0.06897236 0.39198234 0.15465628 0.35796213],0.007854059660571807
479,RACESURV5j_W43,MARITAL,Widowed,[0.10557583 0.12956028 0.44536831 0.10258901 0.21690657],0.012416471469130646
480,RACESURV18e_W43,MARITAL,Divorced,[0.078873   0.49264085 0.37152082 0.05696533],0.37457333253619157
481,RACESURV18e_W43,MARITAL,Married,[0.08268026 0.55225019 0.30865339 0.05641616],0.40159936492740156
482,RACESURV18e_W43,MARITAL,Never been married,[0.07347869 0.57295012 0.28332307 0.07024812],0.3457108920129244
483,RACESURV18e_W43,MARITAL,Separated,[0.133623   0.51108463 0.31267528 0.04261709],0.3249994883838891
484,RACESURV18e_W43,MARITAL,Widowed,[0.09968786 0.39689822 0.43491216 0.06850177],0.3209730340539169
485,RACESURV5c_W43,MARITAL,Divorced,[0.06695935 0.12686112 0.342242   0.13402943 0.3299081 ],0.002343256939749086
486,RACESURV5c_W43,MARITAL,Married,[0.06877136 0.11815045 0.35595529 0.14473675 0.31238615],0.009876427569333652
487,RACESURV5c_W43,MARITAL,Never been married,[0.04963434 0.09791809 0.37475079 0.21476065 0.26293613],0.010037210051499488
488,RACESURV5c_W43,MARITAL,Separated,[0.10778081 0.11036701 0.22482032 0.20498641 0.35204545],0.005660741754521278
489,RACESURV5c_W43,MARITAL,Widowed,[0.08250674 0.15014108 0.33716638 0.14721475 0.28297105],0.023742207712272104
490,RACESURV44_W43,MARITAL,Divorced,[0.16936326 0.70673785 0.12389889 0.        ],0.13776138418037243
491,RACESURV44_W43,MARITAL,Married,[0.14437246 0.69511767 0.16050987 0.        ],0.13954533334812522
492,RACESURV44_W43,MARITAL,Never been married,[0.16747789 0.62384443 0.20867767 0.        ],0.18548013405625854
493,RACESURV44_W43,MARITAL,Separated,[0.13748367 0.68578364 0.17673268 0.        ],0.1522787281743696
494,RACESURV44_W43,MARITAL,Widowed,[0.18133772 0.70810366 0.11055862 0.        ],0.14431684100981435
495,RACESURV38_W43,MARITAL,Divorced,[0.06550662 0.23198475 0.3962363  0.30627233],0.014494044877360725
496,RACESURV38_W43,MARITAL,Married,[0.05954699 0.27757207 0.37563724 0.2872437 ],0.0059015028266759945
497,RACESURV38_W43,MARITAL,Never been married,[0.09053491 0.32117546 0.31572837 0.27256125],0.013509978342079221
498,RACESURV38_W43,MARITAL,Separated,[0.07996233 0.23843375 0.29273407 0.38886985],0.004738938835190672
499,RACESURV38_W43,MARITAL,Widowed,[0.05761392 0.27814083 0.34126294 0.32298231],0.011951394851996469
500,RACESURV34b_W43,MARITAL,Divorced,[0.0960133  0.19426645 0.21810581 0.07364435 0.41797008],0.00944663857541736
501,RACESURV34b_W43,MARITAL,Married,[0.13700914 0.21783197 0.18397126 0.0404208  0.42076682],0.006440842774981098
502,RACESURV34b_W43,MARITAL,Never been married,[0.15846735 0.22532779 0.23089839 0.06650382 0.31880265],0.015043508639651568
503,RACESURV34b_W43,MARITAL,Separated,[0.09622237 0.23979278 0.23561919 0.03847788 0.38988777],0.004738938835190672
504,RACESURV34b_W43,MARITAL,Widowed,[0.11042395 0.15728766 0.19384306 0.06262532 0.47582001],0.015596509107054983
505,RACESURV20_W43,MARITAL,Divorced,[0.05125275 0.42625211 0.52249514],0.0075777752973843395
506,RACESURV20_W43,MARITAL,Married,[0.03946707 0.3791315  0.58140143],0.004853347153381609
507,RACESURV20_W43,MARITAL,Never been married,[0.07998992 0.41726347 0.50274661],0.013833836386345708
508,RACESURV20_W43,MARITAL,Separated,[0.07890693 0.44649822 0.47459485],0.012518627863490754
509,RACESURV20_W43,MARITAL,Widowed,[0.05656896 0.34013295 0.60329809],0.007974313531458044
0,RACESURV1c_W43,RELIG,Agnostic,[0.30544911 0.18990059 0.50465031],0.0
1,RACESURV1c_W43,RELIG,Atheist,[0.20454161 0.23329058 0.56216782],0.0
2,RACESURV1c_W43,RELIG,Buddhist,[0.49136646 0.16854418 0.34008937],0.02280933972723291
3,RACESURV1c_W43,RELIG,Hindu,[0.42978144 0.11610006 0.4541185 ],0.0
4,RACESURV1c_W43,RELIG,Jewish,[0.19088756 0.20610835 0.60300409],0.0
5,RACESURV1c_W43,RELIG,Mormon,[0.33319781 0.1211249  0.5456773 ],0.0
6,RACESURV1c_W43,RELIG,Muslim,[0.51260533 0.16465966 0.32273501],0.0
7,RACESURV1c_W43,RELIG,Nothing in particular,[0.26252677 0.19751261 0.53996063],0.0
8,RACESURV1c_W43,RELIG,Orthodox,[0.0820124 0.1928438 0.7251438],0.0
9,RACESURV1c_W43,RELIG,Other,[0.24655878 0.18651473 0.56692649],0.0
10,RACESURV1c_W43,RELIG,Protestant,[0.297471   0.18438165 0.51814735],0.002117208470016321
11,RACESURV1c_W43,RELIG,Roman Catholic,[0.30888117 0.16051613 0.53060269],0.0033983303883546004
12,RACESURV28g_W43,RELIG,Agnostic,[0.41403214 0.01859029 0.56737757],0.006069360985088577
13,RACESURV28g_W43,RELIG,Atheist,[0.58177441 0.00366716 0.41455844],0.003816317657166879
14,RACESURV28g_W43,RELIG,Buddhist,[0.7730167 0.        0.2269833],0.0
15,RACESURV28g_W43,RELIG,Hindu,[0.38755698 0.         0.61244302],0.034780941640090664
16,RACESURV28g_W43,RELIG,Jewish,[0.42481403 0.01752287 0.5576631 ],0.0
17,RACESURV28g_W43,RELIG,Mormon,[0.15683297 0.02502401 0.81814303],0.015346911612096498
18,RACESURV28g_W43,RELIG,Muslim,[0.59988642 0.         0.40011358],0.0
19,RACESURV28g_W43,RELIG,Nothing in particular,[0.35444272 0.02369032 0.62186695],0.007161807400935644
20,RACESURV28g_W43,RELIG,Orthodox,[0.08655758 0.         0.91344242],0.0
21,RACESURV28g_W43,RELIG,Other,[0.39392562 0.04866365 0.55741072],0.007617390116759931
22,RACESURV28g_W43,RELIG,Protestant,[0.24487784 0.02850339 0.72661877],0.010914080072118006
23,RACESURV28g_W43,RELIG,Roman Catholic,[0.28302243 0.02984999 0.68712758],0.008553840759943554
24,RACESURV4_W43,RELIG,Agnostic,[0.80085954 0.06424845 0.13489202],0.0
25,RACESURV4_W43,RELIG,Atheist,[0.86412513 0.02368138 0.11219349],0.005620093376529138
26,RACESURV4_W43,RELIG,Buddhist,[0.84233713 0.03836015 0.11930272],0.0
27,RACESURV4_W43,RELIG,Hindu,[0.51126293 0.31548873 0.17324834],0.0
28,RACESURV4_W43,RELIG,Jewish,[0.83961219 0.0284749  0.13191291],0.0
29,RACESURV4_W43,RELIG,Mormon,[0.77057821 0.16877885 0.06064294],0.0
30,RACESURV4_W43,RELIG,Muslim,[0.78887031 0.10888949 0.1022402 ],0.0
31,RACESURV4_W43,RELIG,Nothing in particular,[0.6519127  0.10727094 0.24081636],0.011245460039929408
32,RACESURV4_W43,RELIG,Orthodox,[1. 0. 0.],0.0
33,RACESURV4_W43,RELIG,Other,[0.75844901 0.11732156 0.12422943],0.0
34,RACESURV4_W43,RELIG,Protestant,[0.56390664 0.17104008 0.26505329],0.0057157403001279
35,RACESURV4_W43,RELIG,Roman Catholic,[0.62657899 0.12047048 0.25295054],0.0008353464841341287
36,RACESURV48_W43,RELIG,Agnostic,[0.5058035  0.28045973 0.15770195 0.05603482],0.0
37,RACESURV48_W43,RELIG,Atheist,[0.59861685 0.25204843 0.07206086 0.07727386],0.0
38,RACESURV48_W43,RELIG,Buddhist,[0.51315557 0.23152233 0.23129185 0.02403026],0.0
39,RACESURV48_W43,RELIG,Hindu,[0.63612132 0.2760031  0.01982716 0.06804841],0.0
40,RACESURV48_W43,RELIG,Jewish,[0.45467959 0.29262902 0.07107583 0.18161555],0.0
41,RACESURV48_W43,RELIG,Mormon,[0.4512739  0.36387528 0.0685637  0.11628711],0.0
42,RACESURV48_W43,RELIG,Muslim,[0.88794497 0.01986915 0.03947829 0.0527076 ],0.0
43,RACESURV48_W43,RELIG,Nothing in particular,[0.48251026 0.26116621 0.11048127 0.14584226],0.015791965843614697
44,RACESURV48_W43,RELIG,Orthodox,[0.50773662 0.01841458 0.19083508 0.28301373],0.0
45,RACESURV48_W43,RELIG,Other,[0.65317377 0.20212367 0.11556874 0.02913382],0.03690120566676912
46,RACESURV48_W43,RELIG,Protestant,[0.43136407 0.30078544 0.1387665  0.12908398],0.008040754050636477
47,RACESURV48_W43,RELIG,Roman Catholic,[0.49549975 0.23432864 0.13667405 0.13349756],0.008903798546925835
48,RACESURV1b_W43,RELIG,Agnostic,[0.26850674 0.32913802 0.40235525],0.0
49,RACESURV1b_W43,RELIG,Atheist,[0.34639152 0.27563672 0.37797176],0.0
50,RACESURV1b_W43,RELIG,Buddhist,[0.45397276 0.45192163 0.09410561],0.032024123200361174
51,RACESURV1b_W43,RELIG,Hindu,[0.31064144 0.1677044  0.52165416],0.0
52,RACESURV1b_W43,RELIG,Jewish,[0.40510819 0.2166955  0.3781963 ],0.0
53,RACESURV1b_W43,RELIG,Mormon,[0.35280053 0.13423021 0.51296926],0.0
54,RACESURV1b_W43,RELIG,Muslim,[0.3276278  0.3273884  0.34498379],0.0
55,RACESURV1b_W43,RELIG,Nothing in particular,[0.29098174 0.29736898 0.41164928],0.0038418236602716523
56,RACESURV1b_W43,RELIG,Orthodox,[0.         0.29587095 0.70412905],0.0
57,RACESURV1b_W43,RELIG,Other,[0.23830075 0.33945203 0.42224723],0.0
58,RACESURV1b_W43,RELIG,Protestant,[0.31691248 0.26386645 0.41922107],0.00468386811975229
59,RACESURV1b_W43,RELIG,Roman Catholic,[0.31931186 0.24206599 0.43862214],0.008162300145826928
60,RACESURV34d_W43,RELIG,Agnostic,[0.69639945 0.18038043 0.03624601 0.02274594 0.06422818],0.007871566096899266
61,RACESURV34d_W43,RELIG,Atheist,[0.62397139 0.25986479 0.0339704  0.01129378 0.07089964],0.0
62,RACESURV34d_W43,RELIG,Buddhist,[0.56252892 0.29217593 0.06489981 0.01574142 0.06465392],0.0
63,RACESURV34d_W43,RELIG,Hindu,[0.40249254 0.37076118 0.0993843  0.07639425 0.05096773],0.026572542146031327
64,RACESURV34d_W43,RELIG,Jewish,[0.61492013 0.18178977 0.02495227 0.00632526 0.17201258],0.0
65,RACESURV34d_W43,RELIG,Mormon,[0.82905814 0.05740953 0.00751503 0.         0.1060173 ],0.0
66,RACESURV34d_W43,RELIG,Muslim,[0.61425765 0.21880276 0.03833719 0.01321063 0.11539177],0.0
67,RACESURV34d_W43,RELIG,Nothing in particular,[0.58376625 0.19707743 0.04492863 0.03281629 0.1414114 ],0.0020092500744707097
68,RACESURV34d_W43,RELIG,Orthodox,[0.69101066 0.24792662 0.         0.         0.06106273],0.0
69,RACESURV34d_W43,RELIG,Other,[0.65672152 0.19402537 0.02761165 0.05310888 0.06853258],0.0
70,RACESURV34d_W43,RELIG,Protestant,[0.66223483 0.16365994 0.02709835 0.01340714 0.13359974],0.0026322038593481006
71,RACESURV34d_W43,RELIG,Roman Catholic,[0.71284381 0.1248671  0.01907689 0.01725828 0.12595392],0.0014436172322683804
72,RACESURV29d_W43,RELIG,Agnostic,[0.21674441 0.41291948 0.28810563 0.08223048],0.0
73,RACESURV29d_W43,RELIG,Atheist,[0.16309128 0.40887459 0.34959632 0.07843781],0.0
74,RACESURV29d_W43,RELIG,Buddhist,[0.25259674 0.35618566 0.23737515 0.15384245],0.0
75,RACESURV29d_W43,RELIG,Hindu,[0.46413747 0.25854083 0.1499115  0.1274102 ],0.06916500488713756
76,RACESURV29d_W43,RELIG,Jewish,[0.18384921 0.47335931 0.2290921  0.11369937],0.0
77,RACESURV29d_W43,RELIG,Mormon,[0.06733667 0.4222614  0.46660234 0.04379959],0.014387956141594039
78,RACESURV29d_W43,RELIG,Muslim,[0.42310078 0.31822327 0.23031578 0.02836017],0.0
79,RACESURV29d_W43,RELIG,Nothing in particular,[0.11192306 0.39086966 0.36627973 0.13092756],0.0012582316364692927
80,RACESURV29d_W43,RELIG,Orthodox,[0.13255124 0.33230729 0.42223765 0.11290383],0.0
81,RACESURV29d_W43,RELIG,Other,[0.24593298 0.39879114 0.3060251  0.04925079],0.0
82,RACESURV29d_W43,RELIG,Protestant,[0.12517381 0.35766394 0.38173239 0.13542986],0.002791483750371706
83,RACESURV29d_W43,RELIG,Roman Catholic,[0.12746966 0.36714022 0.38175583 0.12363429],0.003582458739229379
84,RACESURV28f_W43,RELIG,Agnostic,[0.53577568 0.0189294  0.44529492],0.001013413466522442
85,RACESURV28f_W43,RELIG,Atheist,[0.73940753 0.         0.26059247],0.006926561751092635
86,RACESURV28f_W43,RELIG,Buddhist,[0.73194353 0.02389366 0.2441628 ],0.0
87,RACESURV28f_W43,RELIG,Hindu,[0.39772876 0.08030056 0.52197068],0.02657254214603133
88,RACESURV28f_W43,RELIG,Jewish,[0.41578186 0.         0.58421814],0.0
89,RACESURV28f_W43,RELIG,Mormon,[0.13339788 0.00698243 0.85961969],0.0
90,RACESURV28f_W43,RELIG,Muslim,[0.29538338 0.09917031 0.60544631],0.16115830006515355
91,RACESURV28f_W43,RELIG,Nothing in particular,[0.39650172 0.03611415 0.56738413],0.0044657957464057174
92,RACESURV28f_W43,RELIG,Orthodox,[0.30770509 0.         0.69229491],0.0
93,RACESURV28f_W43,RELIG,Other,[0.51817023 0.02017974 0.46165002],0.049484865646803475
94,RACESURV28f_W43,RELIG,Protestant,[0.25033012 0.04251523 0.70715464],0.008986240472126912
95,RACESURV28f_W43,RELIG,Roman Catholic,[0.26511431 0.03543082 0.69945487],0.008256899458490664
96,RACESURV5d_W43,RELIG,Agnostic,[0.05714183 0.25796646 0.24935686 0.05732403 0.37821082],0.004434454431597764
97,RACESURV5d_W43,RELIG,Atheist,[0.04854579 0.31866819 0.28366327 0.02335614 0.32576661],0.002804402711418913
98,RACESURV5d_W43,RELIG,Buddhist,[0.13873941 0.32541563 0.21448078 0.         0.32136418],0.017058320237875246
99,RACESURV5d_W43,RELIG,Hindu,[0.01022912 0.25527533 0.27105668 0.13629538 0.32714349],0.02657254214603133
100,RACESURV5d_W43,RELIG,Jewish,[0.10640938 0.29771778 0.22389832 0.00179622 0.37017831],0.0
101,RACESURV5d_W43,RELIG,Mormon,[0.01731426 0.38086026 0.12018738 0.0212721  0.460366  ],0.004617594618842387
102,RACESURV5d_W43,RELIG,Muslim,[0.03267806 0.38199077 0.23768257 0.09945656 0.24819204],0.0
103,RACESURV5d_W43,RELIG,Nothing in particular,[0.06995225 0.26500714 0.19747029 0.04306065 0.42450966],0.0066192293416546056
104,RACESURV5d_W43,RELIG,Orthodox,[0.01721898 0.23255494 0.05598567 0.         0.6942404 ],0.0
105,RACESURV5d_W43,RELIG,Other,[0.06005337 0.28200199 0.22261748 0.0460562  0.38927097],0.0011037142391579374
106,RACESURV5d_W43,RELIG,Protestant,[0.08967551 0.25366581 0.15036325 0.02721657 0.47907886],0.009944051818228366
107,RACESURV5d_W43,RELIG,Roman Catholic,[0.09474176 0.24290858 0.17424283 0.02834653 0.45976029],0.008617499840860032
108,RACESURV28a_W43,RELIG,Agnostic,[0.68844995 0.05017404 0.26137601],0.004587648895133672
109,RACESURV28a_W43,RELIG,Atheist,[0.77401893 0.02090286 0.20507821],0.0
110,RACESURV28a_W43,RELIG,Buddhist,[0.7895135  0.04813169 0.16235481],0.0
111,RACESURV28a_W43,RELIG,Hindu,[0.55644533 0.01669125 0.42686342],0.026572542146031327
112,RACESURV28a_W43,RELIG,Jewish,[0.59629436 0.06640992 0.33729572],0.007596242375565061
113,RACESURV28a_W43,RELIG,Mormon,[0.42971052 0.00710056 0.56318892],0.01663685063682836
114,RACESURV28a_W43,RELIG,Muslim,[0.89173946 0.0034076  0.10485294],0.03434441285248728
115,RACESURV28a_W43,RELIG,Nothing in particular,[0.55938844 0.0484339  0.39217766],0.009709972722217864
116,RACESURV28a_W43,RELIG,Orthodox,[0.32305524 0.06106273 0.61588203],0.0
117,RACESURV28a_W43,RELIG,Other,[0.65704902 0.04153613 0.30141485],0.0
118,RACESURV28a_W43,RELIG,Protestant,[0.40744197 0.08544469 0.50711334],0.011757679692903287
119,RACESURV28a_W43,RELIG,Roman Catholic,[0.44723657 0.08797871 0.46478472],0.016902700490282675
120,RACESURV10_W43,RELIG,Agnostic,[0.33434406 0.66565594],0.002099594200657927
121,RACESURV10_W43,RELIG,Atheist,[0.22358813 0.77641187],0.0007060039912775989
122,RACESURV10_W43,RELIG,Buddhist,[0.41919606 0.58080394],0.0
123,RACESURV10_W43,RELIG,Hindu,[0.54905552 0.45094448],0.0
124,RACESURV10_W43,RELIG,Jewish,[0.44312017 0.55687983],0.013398178157694363
125,RACESURV10_W43,RELIG,Mormon,[0.70117259 0.29882741],0.0
126,RACESURV10_W43,RELIG,Muslim,[0.48177198 0.51822802],0.0
127,RACESURV10_W43,RELIG,Nothing in particular,[0.34593342 0.65406658],0.009555380391097358
128,RACESURV10_W43,RELIG,Orthodox,[0.47147905 0.52852095],0.0
129,RACESURV10_W43,RELIG,Other,[0.54800707 0.45199293],0.0
130,RACESURV10_W43,RELIG,Protestant,[0.47549465 0.52450535],0.013153866841010562
131,RACESURV10_W43,RELIG,Roman Catholic,[0.41762922 0.58237078],0.008204214496085362
132,RACATTN_W43,RELIG,Agnostic,[0.34560936 0.40643304 0.2479576 ],0.010469880595132758
133,RACATTN_W43,RELIG,Atheist,[0.24156244 0.52608867 0.2323489 ],0.0
134,RACATTN_W43,RELIG,Buddhist,[0.1106621  0.62273582 0.26660209],0.0
135,RACATTN_W43,RELIG,Hindu,[0.1218905  0.52710827 0.35100123],0.0
136,RACATTN_W43,RELIG,Jewish,[0.28943421 0.44296444 0.26760135],0.014614537998386285
137,RACATTN_W43,RELIG,Mormon,[0.4319219  0.11719053 0.45088758],0.0
138,RACATTN_W43,RELIG,Muslim,[0.21963044 0.56893331 0.21143625],0.0
139,RACATTN_W43,RELIG,Nothing in particular,[0.35424692 0.39815152 0.24760156],0.007195755335810391
140,RACATTN_W43,RELIG,Orthodox,[0.47061787 0.30770509 0.22167704],0.0
141,RACATTN_W43,RELIG,Other,[0.25984146 0.45953319 0.28062535],0.004107296191135011
142,RACATTN_W43,RELIG,Protestant,[0.55043937 0.27970266 0.16985797],0.008648576478416768
143,RACATTN_W43,RELIG,Roman Catholic,[0.50476171 0.31875723 0.17648106],0.01705208783370817
144,RACESURV50_W43,RELIG,Agnostic,[0.52416667 0.47583333],0.0038676728597681737
145,RACESURV50_W43,RELIG,Atheist,[0.56189528 0.43810472],0.018503696577421316
146,RACESURV50_W43,RELIG,Buddhist,[0.72030774 0.27969226],0.04334109355827759
147,RACESURV50_W43,RELIG,Hindu,[0.657239 0.342761],0.02657254214603133
148,RACESURV50_W43,RELIG,Jewish,[0.42440956 0.57559044],0.0
149,RACESURV50_W43,RELIG,Mormon,[0.33733441 0.66266559],0.03327675859075903
150,RACESURV50_W43,RELIG,Muslim,[0.58852247 0.41147753],0.038876209660438046
151,RACESURV50_W43,RELIG,Nothing in particular,[0.46380819 0.53619181],0.032832442167768955
152,RACESURV50_W43,RELIG,Orthodox,[0.45060398 0.54939602],0.0
153,RACESURV50_W43,RELIG,Other,[0.53418406 0.46581594],0.010672653114369936
154,RACESURV50_W43,RELIG,Protestant,[0.34968399 0.65031601],0.0333868673868445
155,RACESURV50_W43,RELIG,Roman Catholic,[0.3849958 0.6150042],0.029897958011649888
156,RACESURV28d_W43,RELIG,Agnostic,[0.87767286 0.02061076 0.10171638],0.002099594200657927
157,RACESURV28d_W43,RELIG,Atheist,[0.87124824 0.01372388 0.11502787],0.0016037983500189242
158,RACESURV28d_W43,RELIG,Buddhist,[0.89131394 0.         0.10868606],0.0
159,RACESURV28d_W43,RELIG,Hindu,[0.70803926 0.         0.29196074],0.04279670554133415
160,RACESURV28d_W43,RELIG,Jewish,[0.77292939 0.         0.22707061],0.01580267476086485
161,RACESURV28d_W43,RELIG,Mormon,[0.62778717 0.         0.37221283],0.0
162,RACESURV28d_W43,RELIG,Muslim,[1. 0. 0.],0.0
163,RACESURV28d_W43,RELIG,Nothing in particular,[0.67342997 0.03503571 0.29153432],0.001605402884951507
164,RACESURV28d_W43,RELIG,Orthodox,[0.30586637 0.         0.69413363],0.0
165,RACESURV28d_W43,RELIG,Other,[0.79888658 0.05425014 0.14686328],0.0
166,RACESURV28d_W43,RELIG,Protestant,[0.6002265  0.02460572 0.37516778],0.006745241402070172
167,RACESURV28d_W43,RELIG,Roman Catholic,[0.60945368 0.03126948 0.35927684],0.005682886462070927
168,RACESURV28e_W43,RELIG,Agnostic,[0.7442357  0.00499088 0.25077342],0.0
169,RACESURV28e_W43,RELIG,Atheist,[0.83007672 0.         0.16992328],0.0
170,RACESURV28e_W43,RELIG,Buddhist,[0.8022522 0.        0.1977478],0.0
171,RACESURV28e_W43,RELIG,Hindu,[0.59080524 0.         0.40919476],0.0
172,RACESURV28e_W43,RELIG,Jewish,[0.81300856 0.         0.18699144],0.0
173,RACESURV28e_W43,RELIG,Mormon,[0.45085331 0.06481305 0.48433364],0.038802181914183206
174,RACESURV28e_W43,RELIG,Muslim,[0.65930657 0.24194406 0.09874937],0.0
175,RACESURV28e_W43,RELIG,Nothing in particular,[0.72378353 0.03065521 0.24556126],0.016030058126423455
176,RACESURV28e_W43,RELIG,Orthodox,[0.70163384 0.         0.29836616],0.0
177,RACESURV28e_W43,RELIG,Other,[0.88858573 0.00538001 0.10603427],0.0
178,RACESURV28e_W43,RELIG,Protestant,[0.5623239  0.04275085 0.39492526],0.01273660525076592
179,RACESURV28e_W43,RELIG,Roman Catholic,[0.63530796 0.05215296 0.31253908],0.011394086128023931
180,ADMISSIONe_W43,RELIG,Agnostic,[0.25648197 0.52360505 0.21991299],0.0
181,ADMISSIONe_W43,RELIG,Atheist,[0.25969736 0.51774425 0.2225584 ],0.0
182,ADMISSIONe_W43,RELIG,Buddhist,[0.33749351 0.448255   0.21425148],0.0
183,ADMISSIONe_W43,RELIG,Hindu,[0.39763392 0.45942812 0.14293796],0.0
184,ADMISSIONe_W43,RELIG,Jewish,[0.35046624 0.39917414 0.25035962],0.005061319727579097
185,ADMISSIONe_W43,RELIG,Mormon,[0.18609606 0.64090015 0.17300378],0.0
186,ADMISSIONe_W43,RELIG,Muslim,[0.41287215 0.32492369 0.26220417],0.0
187,ADMISSIONe_W43,RELIG,Nothing in particular,[0.18115821 0.4905743  0.32826749],0.002033901740481115
188,ADMISSIONe_W43,RELIG,Orthodox,[0.05772104 0.55508853 0.38719044],0.0
189,ADMISSIONe_W43,RELIG,Other,[0.31792295 0.45822644 0.22385061],0.009770137238001783
190,ADMISSIONe_W43,RELIG,Protestant,[0.19276251 0.49104727 0.31619023],0.002619768016346974
191,ADMISSIONe_W43,RELIG,Roman Catholic,[0.23184541 0.51668396 0.25147063],0.004431854069772218
192,RACESURV53b_W43,RELIG,Agnostic,[0.30150519 0.69849481],0.0009061340200399165
193,RACESURV53b_W43,RELIG,Atheist,[0.27715994 0.72284006],0.0
194,RACESURV53b_W43,RELIG,Buddhist,[0.20547842 0.79452158],0.025008919556550442
195,RACESURV53b_W43,RELIG,Hindu,[0.25749388 0.74250612],0.026572542146031327
196,RACESURV53b_W43,RELIG,Jewish,[0.28324363 0.71675637],0.0
197,RACESURV53b_W43,RELIG,Mormon,[0.26342091 0.73657909],0.004617594618842387
198,RACESURV53b_W43,RELIG,Muslim,[0.4228738 0.5771262],0.0
199,RACESURV53b_W43,RELIG,Nothing in particular,[0.35517705 0.64482295],0.0026999487439787586
200,RACESURV53b_W43,RELIG,Orthodox,[0.34102858 0.65897142],0.09619375862190788
201,RACESURV53b_W43,RELIG,Other,[0.42687292 0.57312708],0.004144335742664314
202,RACESURV53b_W43,RELIG,Protestant,[0.34004845 0.65995155],0.010528621927516219
203,RACESURV53b_W43,RELIG,Roman Catholic,[0.26051497 0.73948503],0.0038241915359810644
204,RACESURV37_W43,RELIG,Agnostic,[0.71160199 0.28839801],0.008325781821020067
205,RACESURV37_W43,RELIG,Atheist,[0.70362798 0.29637202],0.0
206,RACESURV37_W43,RELIG,Buddhist,[0.72882908 0.27117092],0.0
207,RACESURV37_W43,RELIG,Hindu,[0.4251556 0.5748444],0.0
208,RACESURV37_W43,RELIG,Jewish,[0.76167419 0.23832581],0.010897130998760354
209,RACESURV37_W43,RELIG,Mormon,[0.71255754 0.28744246],0.0
210,RACESURV37_W43,RELIG,Muslim,[0.47638404 0.52361596],0.0017551146697811874
211,RACESURV37_W43,RELIG,Nothing in particular,[0.60164017 0.39835983],0.004631249416715747
212,RACESURV37_W43,RELIG,Orthodox,[0.58230052 0.41769948],0.0
213,RACESURV37_W43,RELIG,Other,[0.7712562 0.2287438],0.006816172610897997
214,RACESURV37_W43,RELIG,Protestant,[0.61364848 0.38635152],0.006295593352194172
215,RACESURV37_W43,RELIG,Roman Catholic,[0.57999399 0.42000601],0.003574053059019207
216,RACESURV45_W43,RELIG,Agnostic,[0.05119756 0.36597117 0.58283127 0.        ],0.22217814862148128
217,RACESURV45_W43,RELIG,Atheist,[0.04721481 0.34979992 0.60298527 0.        ],0.2583380140558793
218,RACESURV45_W43,RELIG,Buddhist,[0.01603364 0.45213249 0.53183387 0.        ],0.20674844075904325
219,RACESURV45_W43,RELIG,Hindu,[0.03793634 0.10407365 0.85799002 0.        ],0.4140114012337871
220,RACESURV45_W43,RELIG,Jewish,[0.         0.45697906 0.54302094 0.        ],0.3426125950938484
221,RACESURV45_W43,RELIG,Mormon,[0.04139123 0.37585124 0.58275753 0.        ],0.24200976721960765
222,RACESURV45_W43,RELIG,Muslim,[0.17730682 0.58691805 0.23577513 0.        ],0.07248226634597077
223,RACESURV45_W43,RELIG,Nothing in particular,[0.05308085 0.40001421 0.54690494 0.        ],0.2677345679650573
224,RACESURV45_W43,RELIG,Orthodox,[0.03064139 0.35454636 0.61481225 0.        ],0.5158535710106531
225,RACESURV45_W43,RELIG,Other,[0.05637784 0.44454037 0.49908179 0.        ],0.2270610855300059
226,RACESURV45_W43,RELIG,Protestant,[0.05405457 0.38228711 0.56365832 0.        ],0.26155633189292476
227,RACESURV45_W43,RELIG,Roman Catholic,[0.04123081 0.42073206 0.53803713 0.        ],0.2463782367688237
228,RACESURV5h_W43,RELIG,Agnostic,[0.12959164 0.33036859 0.04796871 0.04789646 0.4441746 ],0.020410714746757767
229,RACESURV5h_W43,RELIG,Atheist,[0.15454255 0.46300881 0.08868562 0.01592132 0.2778417 ],0.008034547667446242
230,RACESURV5h_W43,RELIG,Buddhist,[0.14164429 0.40308832 0.         0.         0.45526739],0.0
231,RACESURV5h_W43,RELIG,Hindu,[0.22304013 0.15423739 0.15637949 0.00967823 0.45666476],0.04279670554133415
232,RACESURV5h_W43,RELIG,Jewish,[0.07025491 0.09058825 0.16357442 0.08043488 0.59514753],0.0
233,RACESURV5h_W43,RELIG,Mormon,[0.01362938 0.23198132 0.10693792 0.02113808 0.62631329],0.0
234,RACESURV5h_W43,RELIG,Muslim,[0.21197185 0.25750972 0.23511286 0.         0.29540557],0.0
235,RACESURV5h_W43,RELIG,Nothing in particular,[0.10994136 0.16120409 0.07675032 0.04557399 0.60653024],0.007982050286946853
236,RACESURV5h_W43,RELIG,Orthodox,[0.         0.23886887 0.18846532 0.         0.5726658 ],0.0
237,RACESURV5h_W43,RELIG,Other,[0.10458962 0.2135194  0.06192607 0.02132898 0.59863593],0.0
238,RACESURV5h_W43,RELIG,Protestant,[0.10875625 0.16112424 0.13141278 0.06311606 0.53559067],0.006630620448733275
239,RACESURV5h_W43,RELIG,Roman Catholic,[0.08680824 0.12859497 0.12320725 0.06668304 0.59470651],0.008563588089218512
240,ADMISSIONc_W43,RELIG,Agnostic,[0.03455343 0.20457842 0.76086816],0.0
241,ADMISSIONc_W43,RELIG,Atheist,[0.02025697 0.17578989 0.80395314],0.0
242,ADMISSIONc_W43,RELIG,Buddhist,[0.05981181 0.17654276 0.76364543],0.0
243,ADMISSIONc_W43,RELIG,Hindu,[0.32960877 0.32642616 0.34396507],0.0
244,ADMISSIONc_W43,RELIG,Jewish,[0.06232637 0.28458442 0.65308921],0.01853809626304984
245,ADMISSIONc_W43,RELIG,Mormon,[0.01960804 0.12982499 0.85056697],0.0
246,ADMISSIONc_W43,RELIG,Muslim,[0.01764791 0.30410171 0.67825038],0.0
247,ADMISSIONc_W43,RELIG,Nothing in particular,[0.05743299 0.25015206 0.69241495],0.0
248,ADMISSIONc_W43,RELIG,Orthodox,[0.         0.24013999 0.75986001],0.0
249,ADMISSIONc_W43,RELIG,Other,[0.01272103 0.1760742  0.81120478],0.0
250,ADMISSIONc_W43,RELIG,Protestant,[0.05257875 0.24563669 0.70178456],0.003734995831020882
251,ADMISSIONc_W43,RELIG,Roman Catholic,[0.09319194 0.26353708 0.64327098],0.009047258273112471
252,RACESURV1d_W43,RELIG,Agnostic,[0.24111866 0.46753433 0.29134701],0.0010134134665224419
253,RACESURV1d_W43,RELIG,Atheist,[0.25174179 0.39881564 0.34944257],0.0
254,RACESURV1d_W43,RELIG,Buddhist,[0.24861932 0.46788521 0.28349547],0.02280933972723291
255,RACESURV1d_W43,RELIG,Hindu,[0.36055308 0.25661535 0.38283157],0.0
256,RACESURV1d_W43,RELIG,Jewish,[0.2768077  0.36451023 0.35868206],0.0
257,RACESURV1d_W43,RELIG,Mormon,[0.37029295 0.34308625 0.2866208 ],0.0
258,RACESURV1d_W43,RELIG,Muslim,[0.49867706 0.25504975 0.24627319],0.0
259,RACESURV1d_W43,RELIG,Nothing in particular,[0.23832062 0.43383315 0.32784623],0.0025085795759376937
260,RACESURV1d_W43,RELIG,Orthodox,[0.1338535  0.34057614 0.52557036],0.0
261,RACESURV1d_W43,RELIG,Other,[0.279725  0.3962034 0.3240716],0.0
262,RACESURV1d_W43,RELIG,Protestant,[0.29731485 0.38036603 0.32231912],0.0027061798664147576
263,RACESURV1d_W43,RELIG,Roman Catholic,[0.281178   0.35338722 0.36543478],0.001669196177590595
264,RACESURV5f_W43,RELIG,Agnostic,[0.11149396 0.21064249 0.14210872 0.03495637 0.50079846],0.004146938447344997
265,RACESURV5f_W43,RELIG,Atheist,[0.02890922 0.21569119 0.33529164 0.0152861  0.40482186],0.0016037983500189242
266,RACESURV5f_W43,RELIG,Buddhist,[0.0800022  0.36621158 0.04066292 0.02327662 0.48984667],0.0
267,RACESURV5f_W43,RELIG,Hindu,[0.17978633 0.25779076 0.21240527 0.02477833 0.32523931],0.04279670554133415
268,RACESURV5f_W43,RELIG,Jewish,[0.         0.10731902 0.34115095 0.10254061 0.44898942],0.007009957853075279
269,RACESURV5f_W43,RELIG,Mormon,[0.01428623 0.10393633 0.1338893  0.         0.74788814],0.0
270,RACESURV5f_W43,RELIG,Muslim,[0.506702   0.03947829 0.23511286 0.01839178 0.20031508],0.0
271,RACESURV5f_W43,RELIG,Nothing in particular,[0.08570375 0.16131789 0.15402451 0.0367137  0.56224015],0.008106070099299175
272,RACESURV5f_W43,RELIG,Orthodox,[0.04803379 0.29108944 0.         0.19083508 0.47004168],0.0
273,RACESURV5f_W43,RELIG,Other,[0.07138631 0.19112318 0.18361487 0.07299488 0.48088077],0.016295312481821783
274,RACESURV5f_W43,RELIG,Protestant,[0.05998968 0.13122666 0.15370352 0.04185742 0.61322272],0.011424834696458813
275,RACESURV5f_W43,RELIG,Roman Catholic,[0.09347102 0.12928209 0.15886618 0.02987035 0.58851036],0.008563588089218512
276,RACESURV19c_W43,RELIG,Agnostic,[0.73895897 0.22956889 0.03147214],0.0
277,RACESURV19c_W43,RELIG,Atheist,[0.77812635 0.13652625 0.0853474 ],0.0
278,RACESURV19c_W43,RELIG,Buddhist,[0.86225555 0.07849947 0.05924499],0.0
279,RACESURV19c_W43,RELIG,Hindu,[0.65904736 0.07551405 0.26543859],0.04279670554133415
280,RACESURV19c_W43,RELIG,Jewish,[0.48027356 0.27183568 0.24789076],0.0
281,RACESURV19c_W43,RELIG,Mormon,[0.35664776 0.32727748 0.31607476],0.0
282,RACESURV19c_W43,RELIG,Muslim,[0.80195904 0.16837243 0.02966853],0.0
283,RACESURV19c_W43,RELIG,Nothing in particular,[0.50535696 0.28023545 0.21440759],0.0
284,RACESURV19c_W43,RELIG,Orthodox,[0.12225613 0.28301373 0.59473014],0.0
285,RACESURV19c_W43,RELIG,Other,[0.54479923 0.31227592 0.14292485],0.0
286,RACESURV19c_W43,RELIG,Protestant,[0.38843893 0.3135246  0.29803647],0.00714072545427185
287,RACESURV19c_W43,RELIG,Roman Catholic,[0.43171524 0.28728761 0.28099715],0.0014636421187127235
288,RACESURV29b_W43,RELIG,Agnostic,[0.23604348 0.44068845 0.29243431 0.03083376],0.0
289,RACESURV29b_W43,RELIG,Atheist,[0.26180705 0.4094978  0.27767967 0.05101548],0.0
290,RACESURV29b_W43,RELIG,Buddhist,[0.25917805 0.47895758 0.24480605 0.01705832],0.0
291,RACESURV29b_W43,RELIG,Hindu,[0.11527629 0.48810672 0.34518438 0.05143261],0.02657254214603133
292,RACESURV29b_W43,RELIG,Jewish,[0.2637537  0.42425394 0.2366444  0.07534796],0.0
293,RACESURV29b_W43,RELIG,Mormon,[0.16649452 0.44081815 0.34149573 0.05119161],0.0
294,RACESURV29b_W43,RELIG,Muslim,[0.32624771 0.46693025 0.20682204 0.        ],0.0
295,RACESURV29b_W43,RELIG,Nothing in particular,[0.29638039 0.41671195 0.23119484 0.05571282],0.0018052291706573912
296,RACESURV29b_W43,RELIG,Orthodox,[0.1539148  0.59626483 0.23646744 0.01335293],0.0
297,RACESURV29b_W43,RELIG,Other,[0.30788672 0.38516994 0.23212003 0.07482331],0.0
298,RACESURV29b_W43,RELIG,Protestant,[0.31426968 0.44776633 0.2000926  0.03787138],0.0024150041256097675
299,RACESURV29b_W43,RELIG,Roman Catholic,[0.23449852 0.46768076 0.24838668 0.04943404],0.004227887510373606
300,RACESURV47a_W43,RELIG,Agnostic,[0.15902024 0.26600829 0.17248255 0.40248892],0.08987375236616367
301,RACESURV47a_W43,RELIG,Atheist,[0.15580401 0.14451758 0.24395829 0.45572012],0.06110449902292386
302,RACESURV47a_W43,RELIG,Buddhist,[0.0293693  0.40511993 0.20832267 0.35718811],0.06238743954355736
303,RACESURV47a_W43,RELIG,Hindu,[0.14963086 0.10941426 0.34785285 0.39310203],0.20189814575806914
304,RACESURV47a_W43,RELIG,Jewish,[0.14166132 0.40630232 0.1381617  0.31387467],0.21111503502275408
305,RACESURV47a_W43,RELIG,Mormon,[0.40462591 0.26335556 0.25879959 0.07321894],0.24212551351138661
306,RACESURV47a_W43,RELIG,Muslim,[0.07038825 0.49404862 0.06082895 0.37473417],0.09538147358863774
307,RACESURV47a_W43,RELIG,Nothing in particular,[0.27013374 0.25647439 0.1765234  0.29686847],0.234421257283978
308,RACESURV47a_W43,RELIG,Orthodox,[0.77655724 0.22344276 0.         0.        ],0.3928598902827437
309,RACESURV47a_W43,RELIG,Other,[0.11610068 0.30902339 0.18387971 0.39099623],0.2124325501106945
310,RACESURV47a_W43,RELIG,Protestant,[0.36209136 0.35220229 0.10236243 0.18334392],0.18778108775441954
311,RACESURV47a_W43,RELIG,Roman Catholic,[0.32407038 0.34997548 0.13448738 0.19146675],0.16957414343087146
312,RACESURV27_W43,RELIG,Agnostic,[0.14784953 0.26458436 0.36291518 0.22465093],0.0067982929598150435
313,RACESURV27_W43,RELIG,Atheist,[0.06383942 0.35460134 0.35373369 0.22782555],0.0
314,RACESURV27_W43,RELIG,Buddhist,[0.15089858 0.32418037 0.42130881 0.10361224],0.0
315,RACESURV27_W43,RELIG,Hindu,[0.17742155 0.52186851 0.14027084 0.1604391 ],0.03552567775924192
316,RACESURV27_W43,RELIG,Jewish,[0.00961867 0.31688133 0.32553993 0.34796007],0.002357834443033394
317,RACESURV27_W43,RELIG,Mormon,[0.03094886 0.29340844 0.28968897 0.38595372],0.0
318,RACESURV27_W43,RELIG,Muslim,[0.22131971 0.31538349 0.35436512 0.10893168],0.0
319,RACESURV27_W43,RELIG,Nothing in particular,[0.07281174 0.27440145 0.33158279 0.32120402],0.010345426361831578
320,RACESURV27_W43,RELIG,Orthodox,[0.         0.18519064 0.60404865 0.21076071],0.0
321,RACESURV27_W43,RELIG,Other,[0.14576139 0.37523623 0.31211531 0.16688707],0.006096311329243201
322,RACESURV27_W43,RELIG,Protestant,[0.05776229 0.2484906  0.35700252 0.33674459],0.014055413324096051
323,RACESURV27_W43,RELIG,Roman Catholic,[0.0556923  0.24077598 0.38046528 0.32306644],0.013583327722166876
324,RACESURV5b_W43,RELIG,Agnostic,[0.05498242 0.04079487 0.38322826 0.38552324 0.13547121],0.0034964701664014397
325,RACESURV5b_W43,RELIG,Atheist,[0.01735133 0.06768005 0.35120941 0.49991264 0.06384658],0.0
326,RACESURV5b_W43,RELIG,Buddhist,[0.0350602  0.16320847 0.21652658 0.47556979 0.10963496],0.017058320237875246
327,RACESURV5b_W43,RELIG,Hindu,[0.08491428 0.02802007 0.27205228 0.39827617 0.2167372 ],0.0
328,RACESURV5b_W43,RELIG,Jewish,[0.11609816 0.06568764 0.32638062 0.33382141 0.15801216],0.0
329,RACESURV5b_W43,RELIG,Mormon,[0.05807546 0.09656504 0.39951001 0.14616012 0.29968936],0.02236362592637476
330,RACESURV5b_W43,RELIG,Muslim,[0.03585434 0.17144814 0.32206104 0.23171325 0.23892322],0.0
331,RACESURV5b_W43,RELIG,Nothing in particular,[0.06063056 0.06730771 0.29797821 0.3101301  0.26395342],0.0067475877691246635
332,RACESURV5b_W43,RELIG,Orthodox,[0.06106273 0.27504148 0.21349311 0.10956214 0.34084055],0.0
333,RACESURV5b_W43,RELIG,Other,[0.06184853 0.08730842 0.3538232  0.33498577 0.16203408],0.0
334,RACESURV5b_W43,RELIG,Protestant,[0.09376529 0.13039114 0.30564519 0.17846744 0.29173094],0.007618744926877588
335,RACESURV5b_W43,RELIG,Roman Catholic,[0.09382377 0.11623151 0.29810372 0.2086466  0.28319441],0.009265812326545463
336,RACESURV18a_W43,RELIG,Agnostic,[0.06397265 0.51531915 0.33748088 0.08322732],0.07366412528743517
337,RACESURV18a_W43,RELIG,Atheist,[0.03271635 0.42181003 0.46109585 0.08437778],0.0866314737849406
338,RACESURV18a_W43,RELIG,Buddhist,[0.09959792 0.38919028 0.40320236 0.10800943],0.06120986463837942
339,RACESURV18a_W43,RELIG,Hindu,[0.17453815 0.51980232 0.28015072 0.02550882],0.2291215289148057
340,RACESURV18a_W43,RELIG,Jewish,[0.08776405 0.52737997 0.32752291 0.05733307],0.08221350696574657
341,RACESURV18a_W43,RELIG,Mormon,[0.08839884 0.63740224 0.23975284 0.03444608],0.059864591048303696
342,RACESURV18a_W43,RELIG,Muslim,[0.08918847 0.34590111 0.49371729 0.07119312],0.08732660794731913
343,RACESURV18a_W43,RELIG,Nothing in particular,[0.06518733 0.52455607 0.34401358 0.06624302],0.15727253019020815
344,RACESURV18a_W43,RELIG,Orthodox,[0.17332417 0.78418427 0.         0.04249156],0.14435984013717867
345,RACESURV18a_W43,RELIG,Other,[0.06797303 0.55347502 0.31448607 0.06406588],0.08666167436100883
346,RACESURV18a_W43,RELIG,Protestant,[0.09486611 0.61515291 0.25048539 0.03949559],0.1191213817592943
347,RACESURV18a_W43,RELIG,Roman Catholic,[0.08734476 0.6284312  0.23302728 0.05119677],0.11212617219517945
348,RACESURV28c_W43,RELIG,Agnostic,[0.62644806 0.02838556 0.34516638],0.00937277470642553
349,RACESURV28c_W43,RELIG,Atheist,[0.72635558 0.02569057 0.24795385],0.012129912865658302
350,RACESURV28c_W43,RELIG,Buddhist,[0.76425323 0.02459218 0.2111546 ],0.017058320237875246
351,RACESURV28c_W43,RELIG,Hindu,[0.38321841 0.         0.61678159],0.02657254214603133
352,RACESURV28c_W43,RELIG,Jewish,[0.58326325 0.         0.41673675],0.020007337275580718
353,RACESURV28c_W43,RELIG,Mormon,[0.24604702 0.02520771 0.72874527],0.022522639365654403
354,RACESURV28c_W43,RELIG,Muslim,[0.77569069 0.0034076  0.22090171],0.03434441285248728
355,RACESURV28c_W43,RELIG,Nothing in particular,[0.4766879  0.03074254 0.49256955],0.016781830303324308
356,RACESURV28c_W43,RELIG,Orthodox,[0.20492747 0.         0.79507253],0.0
357,RACESURV28c_W43,RELIG,Other,[0.62423832 0.02772304 0.34803864],0.017017299616260195
358,RACESURV28c_W43,RELIG,Protestant,[0.35251179 0.03051053 0.61697767],0.020653814898821867
359,RACESURV28c_W43,RELIG,Roman Catholic,[0.38500644 0.03976893 0.57522463],0.010965174168152554
360,RACESURV18d_W43,RELIG,Agnostic,[0.16234351 0.72884136 0.07613956 0.03267556],0.08473043649469827
361,RACESURV18d_W43,RELIG,Atheist,[0.1919491  0.71063581 0.08245846 0.01495663],0.10862887348756237
362,RACESURV18d_W43,RELIG,Buddhist,[0.18275661 0.64270179 0.1745416  0.        ],0.051598837802845424
363,RACESURV18d_W43,RELIG,Hindu,[0.29600503 0.59393351 0.11006146 0.        ],0.1528053157363635
364,RACESURV18d_W43,RELIG,Jewish,[0.21768798 0.67352084 0.05603796 0.05275322],0.051114077315318515
365,RACESURV18d_W43,RELIG,Mormon,[0.28058668 0.71803831 0.         0.00137501],0.06187187586107535
366,RACESURV18d_W43,RELIG,Muslim,[0.20661438 0.62902318 0.13226849 0.03209396],0.11419033178819493
367,RACESURV18d_W43,RELIG,Nothing in particular,[0.17616986 0.6666582  0.1348188  0.02235314],0.18997329749845476
368,RACESURV18d_W43,RELIG,Orthodox,[0.00484383 0.97955039 0.01560578 0.        ],0.1443598401371787
369,RACESURV18d_W43,RELIG,Other,[0.20825345 0.7231189  0.04725164 0.02137601],0.09419315571093079
370,RACESURV18d_W43,RELIG,Protestant,[0.20884475 0.70438384 0.07213617 0.01463524],0.16034055094967722
371,RACESURV18d_W43,RELIG,Roman Catholic,[0.20403307 0.7032712  0.08205327 0.01064247],0.1514719824802655
372,RACESURV51_W43,RELIG,Agnostic,[0.35856872 0.08714441 0.55428687],0.005743652797939979
373,RACESURV51_W43,RELIG,Atheist,[0.41894744 0.05917065 0.5218819 ],0.0
374,RACESURV51_W43,RELIG,Buddhist,[0.50303051 0.11755042 0.37941906],0.0
375,RACESURV51_W43,RELIG,Hindu,[0.32021145 0.15108308 0.52870547],0.02657254214603133
376,RACESURV51_W43,RELIG,Jewish,[0.2329558  0.05278556 0.71425864],0.0
377,RACESURV51_W43,RELIG,Mormon,[0.33892486 0.06028145 0.60079369],0.0
378,RACESURV51_W43,RELIG,Muslim,[0.41095582 0.17364838 0.41539581],0.0
379,RACESURV51_W43,RELIG,Nothing in particular,[0.27057698 0.08710116 0.64232186],0.01308034232144973
380,RACESURV51_W43,RELIG,Orthodox,[0.01721898 0.01335293 0.96942809],0.0
381,RACESURV51_W43,RELIG,Other,[0.36079754 0.00843491 0.63076755],0.02135709607414696
382,RACESURV51_W43,RELIG,Protestant,[0.18287021 0.06928007 0.74784972],0.02134797562521742
383,RACESURV51_W43,RELIG,Roman Catholic,[0.20078549 0.09052383 0.70869067],0.0064938181111325105
384,RACESURV47b_W43,RELIG,Agnostic,[0.19308687 0.3853916  0.16810269 0.25341884],0.08627004054983621
385,RACESURV47b_W43,RELIG,Atheist,[0.18113431 0.53349724 0.1348414  0.15052705],0.10601626679021929
386,RACESURV47b_W43,RELIG,Buddhist,[0.03984794 0.59932633 0.26419703 0.09662871],0.02403025962370661
387,RACESURV47b_W43,RELIG,Hindu,[0.34887656 0.03538092 0.28078764 0.33495488],0.24445192483393197
388,RACESURV47b_W43,RELIG,Jewish,[0.18522078 0.12472847 0.21920069 0.47085005],0.12844824273838842
389,RACESURV47b_W43,RELIG,Mormon,[0.08532234 0.16115421 0.39283124 0.36069222],0.11633815212143424
390,RACESURV47b_W43,RELIG,Muslim,[0.1649395  0.28189925 0.         0.55316125],0.0
391,RACESURV47b_W43,RELIG,Nothing in particular,[0.18422413 0.24395607 0.15094242 0.42087738],0.2122085884925589
392,RACESURV47b_W43,RELIG,Orthodox,[0.24751287 0.         0.         0.75248713],0.38963926176241176
393,RACESURV47b_W43,RELIG,Other,[0.13431135 0.32149217 0.13529092 0.40890556],0.09409262763717598
394,RACESURV47b_W43,RELIG,Protestant,[0.12736808 0.17855704 0.17199302 0.52208186],0.1003640747002476
395,RACESURV47b_W43,RELIG,Roman Catholic,[0.12307541 0.18672009 0.17856179 0.51164271],0.10694456685464745
396,RACESURV19b_W43,RELIG,Agnostic,[0.18953475 0.27586603 0.53459922],0.0009266934588483121
397,RACESURV19b_W43,RELIG,Atheist,[0.15241863 0.15864678 0.68893459],0.005210704942708547
398,RACESURV19b_W43,RELIG,Buddhist,[0.2631216  0.18866017 0.54821823],0.0
399,RACESURV19b_W43,RELIG,Hindu,[0.25378506 0.41277877 0.33343616],0.02657254214603133
400,RACESURV19b_W43,RELIG,Jewish,[0.22229948 0.18389234 0.59380818],0.0
401,RACESURV19b_W43,RELIG,Mormon,[0.23866302 0.28180388 0.4795331 ],0.0
402,RACESURV19b_W43,RELIG,Muslim,[0.28177195 0.40641964 0.31180841],0.0
403,RACESURV19b_W43,RELIG,Nothing in particular,[0.30707843 0.27575605 0.41716552],0.010383019055436787
404,RACESURV19b_W43,RELIG,Orthodox,[0.46832568 0.32568443 0.2059899 ],0.0
405,RACESURV19b_W43,RELIG,Other,[0.26553784 0.19451816 0.539944  ],0.0
406,RACESURV19b_W43,RELIG,Protestant,[0.33947071 0.29474274 0.36578654],0.01028863570716524
407,RACESURV19b_W43,RELIG,Roman Catholic,[0.35151196 0.31359271 0.33489532],0.004414978523279112
408,RACESURV14_W43,RELIG,Agnostic,[0.06730487 0.10700611 0.09040632 0.7352827 ],0.0
409,RACESURV14_W43,RELIG,Atheist,[0.03708681 0.06378178 0.08043532 0.81869609],0.0
410,RACESURV14_W43,RELIG,Buddhist,[0.08029703 0.02169571 0.16468296 0.73332429],0.0
411,RACESURV14_W43,RELIG,Hindu,[0.08815496 0.13718911 0.24992291 0.52473302],0.02657254214603133
412,RACESURV14_W43,RELIG,Jewish,[0.0913579  0.15567743 0.04022504 0.71273962],0.0
413,RACESURV14_W43,RELIG,Mormon,[0.1961157  0.21372163 0.1884606  0.40170208],0.02363040861698128
414,RACESURV14_W43,RELIG,Muslim,[0.04485338 0.08693529 0.07612517 0.79208616],0.04733385379041991
415,RACESURV14_W43,RELIG,Nothing in particular,[0.099446   0.10247175 0.1393526  0.65872965],0.012099749144716123
416,RACESURV14_W43,RELIG,Orthodox,[0.24035231 0.08329711 0.29480798 0.3815426 ],0.0
417,RACESURV14_W43,RELIG,Other,[0.13325389 0.15159956 0.02357491 0.69157165],0.0010890727450543084
418,RACESURV14_W43,RELIG,Protestant,[0.24429457 0.17830772 0.15708322 0.42031449],0.02481218934542045
419,RACESURV14_W43,RELIG,Roman Catholic,[0.19221849 0.16198327 0.12790158 0.51789665],0.01140911575420406
420,ADMISSIONg_W43,RELIG,Agnostic,[0.7134372  0.25693254 0.02963027],0.00042320420691160823
421,ADMISSIONg_W43,RELIG,Atheist,[0.75184633 0.23011709 0.01803658],0.0
422,ADMISSIONg_W43,RELIG,Buddhist,[0.67461    0.29356946 0.03182054],0.0
423,ADMISSIONg_W43,RELIG,Hindu,[0.708974   0.22402235 0.06700364],0.0
424,ADMISSIONg_W43,RELIG,Jewish,[0.80874627 0.13773688 0.05351684],0.006127001363034186
425,ADMISSIONg_W43,RELIG,Mormon,[0.76531726 0.22820008 0.00648267],0.0
426,ADMISSIONg_W43,RELIG,Muslim,[0.86018697 0.13327475 0.00653829],0.0
427,ADMISSIONg_W43,RELIG,Nothing in particular,[0.59284842 0.32522764 0.08192394],0.0005002374229960245
428,ADMISSIONg_W43,RELIG,Orthodox,[0.55597591 0.44402409 0.        ],0.0
429,ADMISSIONg_W43,RELIG,Other,[0.63556266 0.27003033 0.09440701],0.0
430,ADMISSIONg_W43,RELIG,Protestant,[0.66174026 0.28056489 0.05769486],0.0014725412846790696
431,ADMISSIONg_W43,RELIG,Roman Catholic,[0.74449134 0.21529349 0.04021518],0.00349347082636949
432,RACESURV52_W43,RELIG,Agnostic,[0.03537575 0.09041321 0.27459927 0.59961177],0.0014948627767152924
433,RACESURV52_W43,RELIG,Atheist,[0.05918463 0.06801986 0.23626845 0.63652706],0.004044189579496551
434,RACESURV52_W43,RELIG,Buddhist,[0.09420322 0.11883721 0.15286825 0.63409132],0.0
435,RACESURV52_W43,RELIG,Hindu,[0.07489479 0.23310311 0.32207006 0.36993204],0.0
436,RACESURV52_W43,RELIG,Jewish,[0.10659663 0.13542783 0.17523096 0.58274458],0.0
437,RACESURV52_W43,RELIG,Mormon,[0.06035935 0.16583228 0.32962038 0.44418799],0.0
438,RACESURV52_W43,RELIG,Muslim,[0.05956223 0.15731693 0.29027781 0.49284303],0.0
439,RACESURV52_W43,RELIG,Nothing in particular,[0.10975308 0.18263188 0.22656148 0.48105356],0.003730360132341143
440,RACESURV52_W43,RELIG,Orthodox,[0.13314099 0.09923138 0.28733061 0.48029702],0.0
441,RACESURV52_W43,RELIG,Other,[0.04699174 0.18013098 0.12829184 0.64458544],0.00938640492513528
442,RACESURV52_W43,RELIG,Protestant,[0.15687855 0.22303131 0.24811733 0.37197281],0.0036001073651477974
443,RACESURV52_W43,RELIG,Roman Catholic,[0.11677959 0.20237246 0.25022097 0.43062698],0.0023929057467777302
444,RACESURV34a_W43,RELIG,Agnostic,[0.19139669 0.3306921  0.06643107 0.03188379 0.37959634],0.008381425016422028
445,RACESURV34a_W43,RELIG,Atheist,[0.34920472 0.35052574 0.03158149 0.02435459 0.24433346],0.011899113037760473
446,RACESURV34a_W43,RELIG,Buddhist,[0.15564965 0.45659384 0.0729288  0.02635813 0.28846958],0.0
447,RACESURV34a_W43,RELIG,Hindu,[0.09481469 0.17905385 0.2037831  0.18628124 0.33606713],0.02657254214603133
448,RACESURV34a_W43,RELIG,Jewish,[0.33323703 0.28497231 0.05893773 0.00576647 0.31708647],0.012411094900015653
449,RACESURV34a_W43,RELIG,Mormon,[0.11969692 0.26853932 0.02814479 0.         0.58361897],0.0
450,RACESURV34a_W43,RELIG,Muslim,[0.08744594 0.35983428 0.10853826 0.05188197 0.39229955],0.007286472128105693
451,RACESURV34a_W43,RELIG,Nothing in particular,[0.15121449 0.22198176 0.09808093 0.0530077  0.47571513],0.006092266508882724
452,RACESURV34a_W43,RELIG,Orthodox,[0.0518411  0.10400881 0.06106273 0.03471649 0.74837088],0.0
453,RACESURV34a_W43,RELIG,Other,[0.20197314 0.27069454 0.11717745 0.05844566 0.3517092 ],0.0
454,RACESURV34a_W43,RELIG,Protestant,[0.1151391  0.22660507 0.09524846 0.03455494 0.52845243],0.00751362628550409
455,RACESURV34a_W43,RELIG,Roman Catholic,[0.13858275 0.2380117  0.08477069 0.0272285  0.51140637],0.0025879307314962733
456,ADMISSIONa_W43,RELIG,Agnostic,[0.06263196 0.32365604 0.613712  ],0.0
457,ADMISSIONa_W43,RELIG,Atheist,[0.0754239  0.36179247 0.56278363],0.0
458,ADMISSIONa_W43,RELIG,Buddhist,[0.0651644  0.42420743 0.51062817],0.0
459,ADMISSIONa_W43,RELIG,Hindu,[0.20668567 0.26402254 0.52929179],0.0
460,ADMISSIONa_W43,RELIG,Jewish,[0.11292702 0.31111437 0.57595861],0.0
461,ADMISSIONa_W43,RELIG,Mormon,[0.03916268 0.17199712 0.7888402 ],0.0
462,ADMISSIONa_W43,RELIG,Muslim,[0.17988303 0.26616374 0.55395323],0.0
463,ADMISSIONa_W43,RELIG,Nothing in particular,[0.06951394 0.19634137 0.7341447 ],0.000977243728716214
464,ADMISSIONa_W43,RELIG,Orthodox,[0.05204965 0.04050206 0.9074483 ],0.0
465,ADMISSIONa_W43,RELIG,Other,[0.05893778 0.20939289 0.73166933],0.0010890727450543084
466,ADMISSIONa_W43,RELIG,Protestant,[0.05515698 0.14242677 0.80241626],0.002138349755088535
467,ADMISSIONa_W43,RELIG,Roman Catholic,[0.0633431  0.15731242 0.77934449],0.005162444150939718
468,RACESURV34c_W43,RELIG,Agnostic,[0.24319122 0.16953287 0.26208179 0.13393968 0.19125443],0.002127646670031675
469,RACESURV34c_W43,RELIG,Atheist,[0.26322225 0.21691438 0.19111845 0.18260316 0.14614176],0.005025037693104788
470,RACESURV34c_W43,RELIG,Buddhist,[0.2334189  0.28053917 0.19678553 0.15645415 0.13280224],0.0
471,RACESURV34c_W43,RELIG,Hindu,[0.21195103 0.3643861  0.05879442 0.25223177 0.11263668],0.0
472,RACESURV34c_W43,RELIG,Jewish,[0.35872375 0.19116656 0.09160091 0.07465717 0.28385162],0.0
473,RACESURV34c_W43,RELIG,Mormon,[0.15316708 0.16964538 0.24786395 0.02997042 0.39935317],0.0
474,RACESURV34c_W43,RELIG,Muslim,[0.39181552 0.24857002 0.15434764 0.13677938 0.06848744],0.0
475,RACESURV34c_W43,RELIG,Nothing in particular,[0.1535327  0.18108314 0.19221979 0.16576145 0.30740292],0.003020266260302647
476,RACESURV34c_W43,RELIG,Orthodox,[0.00414457 0.06354101 0.34229294 0.21128924 0.37873223],0.0
477,RACESURV34c_W43,RELIG,Other,[0.15028437 0.1812703  0.11182699 0.2750491  0.28156923],0.0
478,RACESURV34c_W43,RELIG,Protestant,[0.11495927 0.17810324 0.17840664 0.14487617 0.38365469],0.004361167855237323
479,RACESURV34c_W43,RELIG,Roman Catholic,[0.13392685 0.20702467 0.19702269 0.1040467  0.35797909],0.003732040362363318
480,RACESURV7_W43,RELIG,Agnostic,[0.17690705 0.51364219 0.26373432 0.04571643],0.0
481,RACESURV7_W43,RELIG,Atheist,[0.21130867 0.42698854 0.27937049 0.0823323 ],0.0
482,RACESURV7_W43,RELIG,Buddhist,[0.28715176 0.49188712 0.20875325 0.01220786],0.0
483,RACESURV7_W43,RELIG,Hindu,[0.19406673 0.41436601 0.32355567 0.06801159],0.0
484,RACESURV7_W43,RELIG,Jewish,[0.07888749 0.42761131 0.37953271 0.11396849],0.0
485,RACESURV7_W43,RELIG,Mormon,[0.13331089 0.43788541 0.32080464 0.10799906],0.0
486,RACESURV7_W43,RELIG,Muslim,[0.0807005  0.6276462  0.21030266 0.08135063],0.0
487,RACESURV7_W43,RELIG,Nothing in particular,[0.13679058 0.39602252 0.3171821  0.1500048 ],0.00073658594966225
488,RACESURV7_W43,RELIG,Orthodox,[0.03471649 0.24793335 0.65628743 0.06106273],0.0
489,RACESURV7_W43,RELIG,Other,[0.20891751 0.39673438 0.30317407 0.09117404],0.0
490,RACESURV7_W43,RELIG,Protestant,[0.14002253 0.33978364 0.38733237 0.13286145],0.0011221743129859487
491,RACESURV7_W43,RELIG,Roman Catholic,[0.11988258 0.3963938  0.35835503 0.12536859],0.0
492,RACESURV5i_W43,RELIG,Agnostic,[0.40234522 0.25119496 0.05542618 0.0224422  0.26859143],0.0
493,RACESURV5i_W43,RELIG,Atheist,[0.45139    0.38857503 0.04759761 0.00783597 0.10460139],0.0
494,RACESURV5i_W43,RELIG,Buddhist,[0.71752369 0.05699585 0.04239766 0.         0.1830828 ],0.031177975416305542
495,RACESURV5i_W43,RELIG,Hindu,[0.58783257 0.26816878 0.04550568 0.         0.09849296],0.0
496,RACESURV5i_W43,RELIG,Jewish,[0.56852727 0.24545637 0.0448847  0.         0.14113167],0.0
497,RACESURV5i_W43,RELIG,Mormon,[0.20846659 0.66914041 0.02889751 0.         0.09349549],0.0
498,RACESURV5i_W43,RELIG,Muslim,[0.39199673 0.16241975 0.09851547 0.08275341 0.26431464],0.0
499,RACESURV5i_W43,RELIG,Nothing in particular,[0.40274676 0.26602857 0.0295945  0.04081357 0.2608166 ],0.004619256330468622
500,RACESURV5i_W43,RELIG,Orthodox,[0.67912812 0.32087188 0.         0.         0.        ],0.0
501,RACESURV5i_W43,RELIG,Other,[0.38376235 0.30163497 0.03410196 0.00991522 0.2705855 ],0.0
502,RACESURV5i_W43,RELIG,Protestant,[0.33969136 0.29007282 0.0967444  0.02193647 0.25155496],0.0037287553328297115
503,RACESURV5i_W43,RELIG,Roman Catholic,[0.36600603 0.29617616 0.08253642 0.03144263 0.22383876],0.002297697389682967
504,RACESURV6_W43,RELIG,Agnostic,[0.37679328 0.62320672],0.005142667526240263
505,RACESURV6_W43,RELIG,Atheist,[0.23008839 0.76991161],0.0
506,RACESURV6_W43,RELIG,Buddhist,[0.25994298 0.74005702],0.0
507,RACESURV6_W43,RELIG,Hindu,[0.16954158 0.83045842],0.0
508,RACESURV6_W43,RELIG,Jewish,[0.372136 0.627864],0.0023571397233282994
509,RACESURV6_W43,RELIG,Mormon,[0.62874487 0.37125513],0.0
510,RACESURV6_W43,RELIG,Muslim,[0.1887205 0.8112795],0.0
511,RACESURV6_W43,RELIG,Nothing in particular,[0.38255886 0.61744114],0.0030248872746632977
512,RACESURV6_W43,RELIG,Orthodox,[0.63521487 0.36478513],0.0
513,RACESURV6_W43,RELIG,Other,[0.34029382 0.65970618],0.0
514,RACESURV6_W43,RELIG,Protestant,[0.55038241 0.44961759],0.014544910158226194
515,RACESURV6_W43,RELIG,Roman Catholic,[0.48335599 0.51664401],0.009464880163039459
516,RACESURV5e_W43,RELIG,Agnostic,[0.01754035 0.11582275 0.34302769 0.39008667 0.13352254],0.004146938447344997
517,RACESURV5e_W43,RELIG,Atheist,[0.03030286 0.12532214 0.23662666 0.43674055 0.1710078 ],0.0
518,RACESURV5e_W43,RELIG,Buddhist,[0.03315077 0.23332757 0.38715906 0.09550005 0.25086255],0.0
519,RACESURV5e_W43,RELIG,Hindu,[0.02474251 0.48500409 0.12469135 0.1285354  0.23702665],0.04279670554133415
520,RACESURV5e_W43,RELIG,Jewish,[0.03393364 0.1811668  0.28877768 0.14746482 0.34865705],0.0
521,RACESURV5e_W43,RELIG,Mormon,[0.05917419 0.15112844 0.13823256 0.12828541 0.52317941],0.0
522,RACESURV5e_W43,RELIG,Muslim,[0.12573985 0.03826092 0.44860553 0.02986558 0.35752811],0.0
523,RACESURV5e_W43,RELIG,Nothing in particular,[0.07311793 0.14421522 0.21326642 0.19168495 0.37771548],0.011937202646680184
524,RACESURV5e_W43,RELIG,Orthodox,[0.13265756 0.24664284 0.13224334 0.         0.48845626],0.0
525,RACESURV5e_W43,RELIG,Other,[0.05813757 0.09727946 0.33189726 0.25423393 0.25845177],0.016295312481821783
526,RACESURV5e_W43,RELIG,Protestant,[0.07081726 0.17639122 0.22475549 0.09998084 0.42805519],0.009243099024148426
527,RACESURV5e_W43,RELIG,Roman Catholic,[0.0758711  0.18663277 0.20538692 0.13484502 0.39726418],0.006459910258694794
528,RACESURV53e_W43,RELIG,Agnostic,[0.46050591 0.53949409],0.0
529,RACESURV53e_W43,RELIG,Atheist,[0.40314992 0.59685008],0.005025037693104789
530,RACESURV53e_W43,RELIG,Buddhist,[0.56668671 0.43331329],0.0
531,RACESURV53e_W43,RELIG,Hindu,[0.44372832 0.55627168],0.02657254214603133
532,RACESURV53e_W43,RELIG,Jewish,[0.60485364 0.39514636],0.018980372542990512
533,RACESURV53e_W43,RELIG,Mormon,[0.45131108 0.54868892],0.0
534,RACESURV53e_W43,RELIG,Muslim,[0.46676391 0.53323609],0.0
535,RACESURV53e_W43,RELIG,Nothing in particular,[0.44681024 0.55318976],0.005127153778978495
536,RACESURV53e_W43,RELIG,Orthodox,[0.29103263 0.70896737],0.0
537,RACESURV53e_W43,RELIG,Other,[0.43898269 0.56101731],0.0010890727450543084
538,RACESURV53e_W43,RELIG,Protestant,[0.42566427 0.57433573],0.00949281106050774
539,RACESURV53e_W43,RELIG,Roman Catholic,[0.38429934 0.61570066],0.004002667585832369
540,RACESURV41_W43,RELIG,Agnostic,[0.04787331 0.51372085 0.43840584 0.        ],0.0836138888875486
541,RACESURV41_W43,RELIG,Atheist,[0.02839134 0.44510785 0.52650081 0.        ],0.06922206136189502
542,RACESURV41_W43,RELIG,Buddhist,[0.         0.43274494 0.56725506 0.        ],0.061256407353777374
543,RACESURV41_W43,RELIG,Hindu,[0.0346169  0.41023151 0.55515159 0.        ],0.4359296742712397
544,RACESURV41_W43,RELIG,Jewish,[0.03176761 0.67782469 0.29040771 0.        ],0.14879305288159644
545,RACESURV41_W43,RELIG,Mormon,[0.11537354 0.62057343 0.26405303 0.        ],0.11851150659407161
546,RACESURV41_W43,RELIG,Muslim,[0.20889539 0.38612506 0.40497956 0.        ],0.13016081718284178
547,RACESURV41_W43,RELIG,Nothing in particular,[0.05501648 0.49988262 0.44510091 0.        ],0.14820732805981535
548,RACESURV41_W43,RELIG,Orthodox,[0.         0.74243159 0.25756841 0.        ],0.16318965131746702
549,RACESURV41_W43,RELIG,Other,[0.05415743 0.53671138 0.4091312  0.        ],0.1493349987476442
550,RACESURV41_W43,RELIG,Protestant,[0.0914037  0.55885176 0.34974454 0.        ],0.14566359589454628
551,RACESURV41_W43,RELIG,Roman Catholic,[0.07888878 0.52493335 0.39617787 0.        ],0.14429926677038377
552,RACESURV1a_W43,RELIG,Agnostic,[0.21219267 0.30714642 0.48066091],0.0
553,RACESURV1a_W43,RELIG,Atheist,[0.18331662 0.25980252 0.55688086],0.0041746783606817555
554,RACESURV1a_W43,RELIG,Buddhist,[0.25317707 0.448365   0.29845792],0.0
555,RACESURV1a_W43,RELIG,Hindu,[0.35380763 0.27698151 0.36921086],0.0
556,RACESURV1a_W43,RELIG,Jewish,[0.19793803 0.23285422 0.56920774],0.0
557,RACESURV1a_W43,RELIG,Mormon,[0.20428036 0.28251693 0.51320271],0.0
558,RACESURV1a_W43,RELIG,Muslim,[0.39373796 0.19142159 0.41484045],0.0
559,RACESURV1a_W43,RELIG,Nothing in particular,[0.20323235 0.31448684 0.48228081],0.0025085795759376933
560,RACESURV1a_W43,RELIG,Orthodox,[0.21515339 0.27303347 0.51181314],0.0
561,RACESURV1a_W43,RELIG,Other,[0.21300889 0.22990138 0.55708973],0.0
562,RACESURV1a_W43,RELIG,Protestant,[0.24060425 0.33369804 0.42569771],0.001624557311660667
563,RACESURV1a_W43,RELIG,Roman Catholic,[0.25981097 0.26124128 0.47894775],0.0013812720451537263
564,RACESURV47d_W43,RELIG,Agnostic,[0.24838299 0.30361197 0.28744251 0.16056253],0.08575508535688488
565,RACESURV47d_W43,RELIG,Atheist,[0.10978072 0.35354549 0.31346135 0.22321245],0.08569145477728657
566,RACESURV47d_W43,RELIG,Buddhist,[0.13840346 0.18450709 0.14302459 0.53406486],0.10035557884310108
567,RACESURV47d_W43,RELIG,Hindu,[0.5638683  0.12992363 0.03826273 0.26794535],0.13708315408313712
568,RACESURV47d_W43,RELIG,Jewish,[0.20809661 0.39462551 0.36524025 0.03203762],0.01614414473819338
569,RACESURV47d_W43,RELIG,Mormon,[0.30366498 0.54122361 0.12090397 0.03420743],0.11370879739291873
570,RACESURV47d_W43,RELIG,Muslim,[0.1622348  0.23592488 0.18579921 0.41604112],0.08028159219384569
571,RACESURV47d_W43,RELIG,Nothing in particular,[0.20511147 0.35852755 0.27188344 0.16447753],0.1248953626918256
572,RACESURV47d_W43,RELIG,Orthodox,[0.44973082 0.27060537 0.18978244 0.08988137],0.30304003155868636
573,RACESURV47d_W43,RELIG,Other,[0.22419759 0.38957861 0.21440005 0.17182375],0.16849966693878116
574,RACESURV47d_W43,RELIG,Protestant,[0.2292042  0.41067338 0.22085004 0.13927238],0.14566481937743983
575,RACESURV47d_W43,RELIG,Roman Catholic,[0.25649172 0.4585748  0.1693513  0.11558218],0.1377729026678417
576,RACESURV9_W43,RELIG,Agnostic,[0.09849848 0.54227019 0.1202362  0.02360676 0.21538837],0.004096467031314723
577,RACESURV9_W43,RELIG,Atheist,[0.13973667 0.55189392 0.13046887 0.00971507 0.16818547],0.0029845175971947415
578,RACESURV9_W43,RELIG,Buddhist,[0.06446094 0.44081828 0.19507506 0.10479693 0.19484879],0.017269139518216906
579,RACESURV9_W43,RELIG,Hindu,[0.10354112 0.39600202 0.10746264 0.03060904 0.36238519],0.0
580,RACESURV9_W43,RELIG,Jewish,[0.15501982 0.6216774  0.06054757 0.         0.16275522],0.0
581,RACESURV9_W43,RELIG,Mormon,[0.03922999 0.46398601 0.03389105 0.         0.46289295],0.0
582,RACESURV9_W43,RELIG,Muslim,[0.13356971 0.33879135 0.29187358 0.00596014 0.22980522],0.0
583,RACESURV9_W43,RELIG,Nothing in particular,[0.12253964 0.37025814 0.12498523 0.04108376 0.34113323],0.0019305761055185386
584,RACESURV9_W43,RELIG,Orthodox,[0.05521253 0.73940229 0.         0.08871425 0.11667094],0.0
585,RACESURV9_W43,RELIG,Other,[0.06151405 0.46574098 0.06251502 0.03039019 0.37983976],0.0
586,RACESURV9_W43,RELIG,Protestant,[0.15705463 0.43928752 0.09884969 0.01362963 0.29117853],0.0033741704659032336
587,RACESURV9_W43,RELIG,Roman Catholic,[0.13412211 0.412638   0.11523575 0.03986731 0.29813683],0.0029381709799155783
588,RACESURV22_W43,RELIG,Agnostic,[0.04355758 0.15234709 0.19438284 0.60971249],0.0
589,RACESURV22_W43,RELIG,Atheist,[0.02884644 0.16028851 0.21275302 0.59811203],0.0
590,RACESURV22_W43,RELIG,Buddhist,[0.01760209 0.17920802 0.41296969 0.39022021],0.0
591,RACESURV22_W43,RELIG,Hindu,[0.0369757  0.23378656 0.22833653 0.5009012 ],0.0
592,RACESURV22_W43,RELIG,Jewish,[0.02660247 0.17949058 0.18047152 0.61343543],0.0
593,RACESURV22_W43,RELIG,Mormon,[0.00128994 0.12387343 0.16563984 0.7091968 ],0.0
594,RACESURV22_W43,RELIG,Muslim,[0.09428477 0.20129574 0.23298679 0.4714327 ],0.003021869125084773
595,RACESURV22_W43,RELIG,Nothing in particular,[0.03788989 0.13818847 0.20728457 0.61663707],0.0011135094640755095
596,RACESURV22_W43,RELIG,Orthodox,[0.         0.08329711 0.32680933 0.58989356],0.0
597,RACESURV22_W43,RELIG,Other,[0.04988628 0.15638916 0.20466446 0.5890601 ],0.0
598,RACESURV22_W43,RELIG,Protestant,[0.03219075 0.09559515 0.19603757 0.67617653],0.003601431317670333
599,RACESURV22_W43,RELIG,Roman Catholic,[0.03200163 0.13641739 0.21482671 0.61675428],0.0016503603384645654
600,ADMISSIONd_W43,RELIG,Agnostic,[0.07154551 0.34821463 0.58023986],0.00019556493913345174
601,ADMISSIONd_W43,RELIG,Atheist,[0.03275333 0.33373933 0.63350734],0.0
602,ADMISSIONd_W43,RELIG,Buddhist,[0.01330857 0.42282526 0.56386617],0.0
603,ADMISSIONd_W43,RELIG,Hindu,[0.14764267 0.44322909 0.40912824],0.0
604,ADMISSIONd_W43,RELIG,Jewish,[0.06235476 0.33102278 0.60662246],0.004555521625318716
605,ADMISSIONd_W43,RELIG,Mormon,[0.05094998 0.40052145 0.54852856],0.007175727753557909
606,ADMISSIONd_W43,RELIG,Muslim,[0.17927743 0.50883159 0.31189098],0.0
607,ADMISSIONd_W43,RELIG,Nothing in particular,[0.07218794 0.35899467 0.56881739],0.0010563970624426033
608,ADMISSIONd_W43,RELIG,Orthodox,[0.14852193 0.30987562 0.54160245],0.0
609,ADMISSIONd_W43,RELIG,Other,[0.05401177 0.26069378 0.68529445],0.0
610,ADMISSIONd_W43,RELIG,Protestant,[0.07045766 0.31647586 0.61306648],0.005113394832128682
611,ADMISSIONd_W43,RELIG,Roman Catholic,[0.09941228 0.36660789 0.53397983],0.005587921781687093
612,RACESURV53g_W43,RELIG,Agnostic,[0.47759484 0.52240516],0.0
613,RACESURV53g_W43,RELIG,Atheist,[0.52621032 0.47378968],0.00016121400441946823
614,RACESURV53g_W43,RELIG,Buddhist,[0.28556799 0.71443201],0.025008919556550442
615,RACESURV53g_W43,RELIG,Hindu,[0.40903614 0.59096386],0.02657254214603133
616,RACESURV53g_W43,RELIG,Jewish,[0.32299534 0.67700466],0.0
617,RACESURV53g_W43,RELIG,Mormon,[0.45237491 0.54762509],0.0
618,RACESURV53g_W43,RELIG,Muslim,[0.19368321 0.80631679],0.0
619,RACESURV53g_W43,RELIG,Nothing in particular,[0.39385777 0.60614223],0.014085186411168779
620,RACESURV53g_W43,RELIG,Orthodox,[0.2738635 0.7261365],0.0
621,RACESURV53g_W43,RELIG,Other,[0.4163813 0.5836187],0.0
622,RACESURV53g_W43,RELIG,Protestant,[0.40291154 0.59708846],0.010496729828974935
623,RACESURV53g_W43,RELIG,Roman Catholic,[0.34631655 0.65368345],0.004014475782895251
624,RACESURV5a_W43,RELIG,Agnostic,[0.48370078 0.27628623 0.01971975 0.04054125 0.17975199],0.0020016073896861474
625,RACESURV5a_W43,RELIG,Atheist,[0.63728368 0.23168884 0.04438125 0.01296877 0.07367746],0.0
626,RACESURV5a_W43,RELIG,Buddhist,[0.5733951  0.19563225 0.0353119  0.0431149  0.15254585],0.017058320237875246
627,RACESURV5a_W43,RELIG,Hindu,[0.40853871 0.11943645 0.17333775 0.07443934 0.22424774],0.042820264386418616
628,RACESURV5a_W43,RELIG,Jewish,[0.48156629 0.2154276  0.06383552 0.0558191  0.18335149],0.0
629,RACESURV5a_W43,RELIG,Mormon,[0.16501451 0.46368997 0.05455544 0.00827237 0.30846771],0.0
630,RACESURV5a_W43,RELIG,Muslim,[0.44922611 0.18641709 0.18346152 0.06637573 0.11451955],0.0
631,RACESURV5a_W43,RELIG,Nothing in particular,[0.38855348 0.18774875 0.07749802 0.04098023 0.30521951],0.004836002871653113
632,RACESURV5a_W43,RELIG,Orthodox,[0.18645608 0.24060797 0.         0.06106273 0.51187322],0.0
633,RACESURV5a_W43,RELIG,Other,[0.56342942 0.20328413 0.02136914 0.05177645 0.16014086],0.0
634,RACESURV5a_W43,RELIG,Protestant,[0.29536347 0.22621756 0.09288545 0.05220612 0.3333274 ],0.009872832966940609
635,RACESURV5a_W43,RELIG,Roman Catholic,[0.30347824 0.2280428  0.09916149 0.0399916  0.32932587],0.003764606776431674
636,RACESURV26_W43,RELIG,Agnostic,[0.15400235 0.38625686 0.31854125 0.14119954],0.006355192206847087
637,RACESURV26_W43,RELIG,Atheist,[0.09619347 0.41030954 0.31358648 0.17991052],0.0
638,RACESURV26_W43,RELIG,Buddhist,[0.1575487  0.40399234 0.33455742 0.10390155],0.0
639,RACESURV26_W43,RELIG,Hindu,[0.10058205 0.39351089 0.35805858 0.14784848],0.02657254214603133
640,RACESURV26_W43,RELIG,Jewish,[0.03863766 0.34509362 0.31874174 0.29752697],0.0
641,RACESURV26_W43,RELIG,Mormon,[0.07403902 0.42272683 0.28448294 0.21875121],0.0
642,RACESURV26_W43,RELIG,Muslim,[0.25837103 0.38801884 0.25047261 0.10313752],0.0
643,RACESURV26_W43,RELIG,Nothing in particular,[0.12673046 0.32138371 0.29519052 0.25669531],0.007994482693045491
644,RACESURV26_W43,RELIG,Orthodox,[0.02136356 0.2646217  0.65047373 0.06354101],0.0
645,RACESURV26_W43,RELIG,Other,[0.14744635 0.44399447 0.21861104 0.18994814],0.0
646,RACESURV26_W43,RELIG,Protestant,[0.09128476 0.34735802 0.29937915 0.26197806],0.010917147083518042
647,RACESURV26_W43,RELIG,Roman Catholic,[0.14811852 0.31411784 0.29342917 0.24433446],0.009793543228735387
648,RACESURV16_W43,RELIG,Agnostic,[0.44621626 0.55378374],0.01781458672391938
649,RACESURV16_W43,RELIG,Atheist,[0.49996046 0.50003954],0.003463159325900266
650,RACESURV16_W43,RELIG,Buddhist,[0.69594706 0.30405294],0.0
651,RACESURV16_W43,RELIG,Hindu,[0.63033763 0.36966237],0.0
652,RACESURV16_W43,RELIG,Jewish,[0.56540991 0.43459009],0.010034928447375833
653,RACESURV16_W43,RELIG,Mormon,[0.32180908 0.67819092],0.05335736647096253
654,RACESURV16_W43,RELIG,Muslim,[0.47352707 0.52647293],0.03434441285248727
655,RACESURV16_W43,RELIG,Nothing in particular,[0.46751388 0.53248612],0.014396657534520312
656,RACESURV16_W43,RELIG,Orthodox,[0.46465066 0.53534934],0.0
657,RACESURV16_W43,RELIG,Other,[0.30103318 0.69896682],0.025362357246764836
658,RACESURV16_W43,RELIG,Protestant,[0.40999453 0.59000547],0.01470142057883478
659,RACESURV16_W43,RELIG,Roman Catholic,[0.43614378 0.56385622],0.0145574077588807
660,RACESURV47c_W43,RELIG,Agnostic,[0.05403371 0.00234734 0.23136424 0.71225471],0.04405752852548084
661,RACESURV47c_W43,RELIG,Atheist,[0.01437884 0.03717452 0.27828706 0.67015958],0.002479866051976364
662,RACESURV47c_W43,RELIG,Buddhist,[0.         0.2956949  0.08581252 0.61849258],0.0
663,RACESURV47c_W43,RELIG,Hindu,[0.         0.17873547 0.10691864 0.71434589],0.23484887657106163
664,RACESURV47c_W43,RELIG,Jewish,[0.01185327 0.01532757 0.14456988 0.82824928],0.08828966595381683
665,RACESURV47c_W43,RELIG,Mormon,[0.         0.01073054 0.31430195 0.67496751],0.10656705154384777
666,RACESURV47c_W43,RELIG,Muslim,[0.         0.23511286 0.01839178 0.74649536],0.0
667,RACESURV47c_W43,RELIG,Nothing in particular,[0.03836542 0.0593096  0.13287988 0.7694451 ],0.11252211218149707
668,RACESURV47c_W43,RELIG,Orthodox,[0.         0.21734288 0.         0.78265712],0.38963926176241176
669,RACESURV47c_W43,RELIG,Other,[0.         0.12423253 0.13230125 0.74346622],0.03986034896326914
670,RACESURV47c_W43,RELIG,Protestant,[0.02205775 0.06833989 0.11528617 0.79431619],0.059398835544107055
671,RACESURV47c_W43,RELIG,Roman Catholic,[0.03200092 0.08841046 0.11132698 0.76826164],0.049996675814013465
672,RACESURV34e_W43,RELIG,Agnostic,[0.29900948 0.3580226  0.02701459 0.01332304 0.3026303 ],0.0009266934588483121
673,RACESURV34e_W43,RELIG,Atheist,[0.31093245 0.3757427  0.02378306 0.01671835 0.27282343],0.0
674,RACESURV34e_W43,RELIG,Buddhist,[0.40497621 0.40476997 0.0121705  0.         0.17808331],0.0
675,RACESURV34e_W43,RELIG,Hindu,[0.16495643 0.38494675 0.20445718 0.11063736 0.13500228],0.02657254214603133
676,RACESURV34e_W43,RELIG,Jewish,[0.3036431  0.36869324 0.04765624 0.         0.28000743],0.012411094900015655
677,RACESURV34e_W43,RELIG,Mormon,[0.30979228 0.44549792 0.         0.0065696  0.2381402 ],0.0
678,RACESURV34e_W43,RELIG,Muslim,[0.36611976 0.32731247 0.11721902 0.01294192 0.17640682],0.0
679,RACESURV34e_W43,RELIG,Nothing in particular,[0.22267157 0.33087282 0.06274213 0.02841307 0.35530042],0.004241009832090138
680,RACESURV34e_W43,RELIG,Orthodox,[0.27811336 0.48773621 0.         0.01335293 0.2207975 ],0.0
681,RACESURV34e_W43,RELIG,Other,[0.23798764 0.40086443 0.04178958 0.02199685 0.2973615 ],0.0
682,RACESURV34e_W43,RELIG,Protestant,[0.22138027 0.378147   0.03773378 0.02445074 0.33828821],0.00982552695591029
683,RACESURV34e_W43,RELIG,Roman Catholic,[0.23086112 0.39957549 0.04309976 0.01092942 0.31553421],0.0027286781590412095
684,ADMISSIONh_W43,RELIG,Agnostic,[0.21233649 0.33374051 0.453923  ],0.0
685,ADMISSIONh_W43,RELIG,Atheist,[0.1889475  0.43369811 0.37735439],0.0
686,ADMISSIONh_W43,RELIG,Buddhist,[0.33447195 0.28234073 0.38318732],0.0
687,ADMISSIONh_W43,RELIG,Hindu,[0.43323143 0.3266349  0.24013367],0.0
688,ADMISSIONh_W43,RELIG,Jewish,[0.19959053 0.26913432 0.53127515],0.0
689,ADMISSIONh_W43,RELIG,Mormon,[0.1442106 0.2995464 0.556243 ],0.0
690,ADMISSIONh_W43,RELIG,Muslim,[0.19283129 0.23714265 0.57002607],0.0
691,ADMISSIONh_W43,RELIG,Nothing in particular,[0.19118766 0.2656349  0.54317743],0.001753847418892718
692,ADMISSIONh_W43,RELIG,Orthodox,[0.25879774 0.06354101 0.67766124],0.0
693,ADMISSIONh_W43,RELIG,Other,[0.19571266 0.33416529 0.47012205],0.0
694,ADMISSIONh_W43,RELIG,Protestant,[0.19199501 0.23780906 0.57019593],0.0018837918392022833
695,ADMISSIONh_W43,RELIG,Roman Catholic,[0.19905469 0.26330642 0.5376389 ],0.007732254558004203
696,RACESURV18f_W43,RELIG,Agnostic,[0.07249483 0.69454445 0.19499152 0.03796921],0.44936302665310957
697,RACESURV18f_W43,RELIG,Atheist,[0.07103454 0.66429086 0.25439597 0.01027864],0.5311172406788659
698,RACESURV18f_W43,RELIG,Buddhist,[0.1066858  0.67183366 0.20569363 0.0157869 ],0.3322725491290255
699,RACESURV18f_W43,RELIG,Hindu,[0.18485205 0.64000168 0.16991948 0.0052268 ],0.29658458590706877
700,RACESURV18f_W43,RELIG,Jewish,[0.05143881 0.53231026 0.31833706 0.09791387],0.4625938054493584
701,RACESURV18f_W43,RELIG,Mormon,[0.16867337 0.7179745  0.05634866 0.05700348],0.45452377575181063
702,RACESURV18f_W43,RELIG,Muslim,[0.0595707  0.45290718 0.31028975 0.17723237],0.26223582987953975
703,RACESURV18f_W43,RELIG,Nothing in particular,[0.08877313 0.60349395 0.25617852 0.0515544 ],0.4478455420897418
704,RACESURV18f_W43,RELIG,Orthodox,[0.         0.83458331 0.16541669 0.        ],0.5351500149087333
705,RACESURV18f_W43,RELIG,Other,[0.0543756  0.77756009 0.16806431 0.        ],0.3555004803576949
706,RACESURV18f_W43,RELIG,Protestant,[0.1155458  0.62933696 0.2247089  0.03040834],0.448199421631946
707,RACESURV18f_W43,RELIG,Roman Catholic,[0.14096028 0.61023751 0.20034756 0.04845464],0.41837108553964375
708,RACESURV13_W43,RELIG,Agnostic,[0.26331379 0.53672766 0.18376698 0.01619157],0.0
709,RACESURV13_W43,RELIG,Atheist,[0.21552588 0.56276391 0.21813284 0.00357737],0.0
710,RACESURV13_W43,RELIG,Buddhist,[0.10999632 0.34706266 0.54294102 0.        ],0.0
711,RACESURV13_W43,RELIG,Hindu,[0.25690802 0.29691793 0.1887192  0.25745486],0.0
712,RACESURV13_W43,RELIG,Jewish,[0.1648087  0.56466005 0.19367101 0.07686024],0.0
713,RACESURV13_W43,RELIG,Mormon,[0.43348593 0.55145797 0.0150561  0.        ],0.0
714,RACESURV13_W43,RELIG,Muslim,[0.28983533 0.07412081 0.61276883 0.02327503],0.0
715,RACESURV13_W43,RELIG,Nothing in particular,[0.20377356 0.49867237 0.23138737 0.0661667 ],0.004684146147232044
716,RACESURV13_W43,RELIG,Orthodox,[0.58692035 0.02966057 0.12322735 0.26019172],0.0
717,RACESURV13_W43,RELIG,Other,[0.25394277 0.37909559 0.32470021 0.04226143],0.0
718,RACESURV13_W43,RELIG,Protestant,[0.19288293 0.46722354 0.26308143 0.0768121 ],0.0010345806252892494
719,RACESURV13_W43,RELIG,Roman Catholic,[0.18277649 0.47144405 0.30230241 0.04347705],0.0
720,RACESURV29c_W43,RELIG,Agnostic,[0.27416399 0.42487442 0.25695231 0.04400928],0.0
721,RACESURV29c_W43,RELIG,Atheist,[0.29575273 0.43268442 0.22670144 0.04486141],0.0
722,RACESURV29c_W43,RELIG,Buddhist,[0.29837477 0.38703696 0.2579964  0.05659187],0.0
723,RACESURV29c_W43,RELIG,Hindu,[0.32050623 0.40071298 0.25585086 0.02292993],0.02657254214603133
724,RACESURV29c_W43,RELIG,Jewish,[0.23210203 0.4718937  0.21236248 0.08364179],0.006127001363034185
725,RACESURV29c_W43,RELIG,Mormon,[0.27295478 0.52863594 0.18497658 0.0134327 ],0.0
726,RACESURV29c_W43,RELIG,Muslim,[0.31846167 0.4508459  0.17377883 0.05691361],0.0
727,RACESURV29c_W43,RELIG,Nothing in particular,[0.28751506 0.42550604 0.21485034 0.07212856],0.0
728,RACESURV29c_W43,RELIG,Orthodox,[0.24058656 0.50250755 0.25690589 0.        ],0.0
729,RACESURV29c_W43,RELIG,Other,[0.2809512  0.44204339 0.26136194 0.01564347],0.010243894540726998
730,RACESURV29c_W43,RELIG,Protestant,[0.25081615 0.44466249 0.22860711 0.07591425],0.004059966535033571
731,RACESURV29c_W43,RELIG,Roman Catholic,[0.31469493 0.41114722 0.21583125 0.05832661],0.003390354130186184
732,RACESURV17_W43,RELIG,Agnostic,[0.40089517 0.32146681 0.14869243 0.12894559],0.001013413466522442
733,RACESURV17_W43,RELIG,Atheist,[0.48154003 0.31101859 0.12747829 0.0799631 ],0.006269550372545899
734,RACESURV17_W43,RELIG,Buddhist,[0.60503204 0.2216238  0.11560075 0.05774341],0.0
735,RACESURV17_W43,RELIG,Hindu,[0.26491526 0.34938871 0.19499071 0.19070532],0.0
736,RACESURV17_W43,RELIG,Jewish,[0.34807895 0.31014013 0.21044478 0.13133614],0.0
737,RACESURV17_W43,RELIG,Mormon,[0.2530901  0.34958217 0.29940509 0.09792264],0.0
738,RACESURV17_W43,RELIG,Muslim,[0.54267416 0.32791151 0.091296   0.03811833],0.0
739,RACESURV17_W43,RELIG,Nothing in particular,[0.33288679 0.33753929 0.18118705 0.14838687],0.010295848603190778
740,RACESURV17_W43,RELIG,Orthodox,[0.03471649 0.11165594 0.58486528 0.26876229],0.0
741,RACESURV17_W43,RELIG,Other,[0.31918615 0.42164028 0.19065718 0.06851639],0.004107296191135011
742,RACESURV17_W43,RELIG,Protestant,[0.26150337 0.29868412 0.22974927 0.21006324],0.009794134265241342
743,RACESURV17_W43,RELIG,Roman Catholic,[0.26125763 0.35566929 0.19220313 0.19086994],0.006915920224111652
744,RACESURV19f_W43,RELIG,Agnostic,[0.57051809 0.35543001 0.0740519 ],0.004112754414672244
745,RACESURV19f_W43,RELIG,Atheist,[0.49448881 0.39366987 0.11184132],0.003897797062441759
746,RACESURV19f_W43,RELIG,Buddhist,[0.44991505 0.28939544 0.26068951],0.0
747,RACESURV19f_W43,RELIG,Hindu,[0.55310627 0.2407025  0.20619123],0.0
748,RACESURV19f_W43,RELIG,Jewish,[0.50364386 0.34749507 0.14886107],0.03374876785053144
749,RACESURV19f_W43,RELIG,Mormon,[0.63106404 0.31263208 0.05630388],0.0
750,RACESURV19f_W43,RELIG,Muslim,[0.78146364 0.14453913 0.07399723],0.0
751,RACESURV19f_W43,RELIG,Nothing in particular,[0.5087967  0.31460166 0.17660164],0.005735039686926219
752,RACESURV19f_W43,RELIG,Orthodox,[0.63431625 0.36568375 0.        ],0.0
753,RACESURV19f_W43,RELIG,Other,[0.36299807 0.3921472  0.24485473],0.0
754,RACESURV19f_W43,RELIG,Protestant,[0.49949556 0.31754777 0.18295667],0.011048617770012767
755,RACESURV19f_W43,RELIG,Roman Catholic,[0.55664159 0.30886509 0.13449332],0.006499373386955654
756,RACESURV29a_W43,RELIG,Agnostic,[0.82973057 0.15447169 0.01579774 0.        ],0.0
757,RACESURV29a_W43,RELIG,Atheist,[0.90240113 0.07777905 0.01981982 0.        ],0.0
758,RACESURV29a_W43,RELIG,Buddhist,[0.65431152 0.20320812 0.14248036 0.        ],0.0
759,RACESURV29a_W43,RELIG,Hindu,[0.61638591 0.36578899 0.01782509 0.        ],0.08849159024990891
760,RACESURV29a_W43,RELIG,Jewish,[0.82654275 0.11727346 0.006127   0.05005678],0.0
761,RACESURV29a_W43,RELIG,Mormon,[0.85857766 0.13155619 0.         0.00986614],0.0
762,RACESURV29a_W43,RELIG,Muslim,[0.59372647 0.32144742 0.07490605 0.00992006],0.0
763,RACESURV29a_W43,RELIG,Nothing in particular,[0.7028968  0.2124054  0.06022773 0.02447008],0.0020827999317202684
764,RACESURV29a_W43,RELIG,Orthodox,[0.9420347  0.00414457 0.05382072 0.        ],0.0
765,RACESURV29a_W43,RELIG,Other,[0.71592856 0.22906935 0.04820535 0.00679674],0.0
766,RACESURV29a_W43,RELIG,Protestant,[0.77588489 0.1766622  0.0351066  0.01234631],0.004525158026986678
767,RACESURV29a_W43,RELIG,Roman Catholic,[0.73897296 0.19769355 0.03809211 0.02524137],0.0021313248847437583
768,ADMISSIONf_W43,RELIG,Agnostic,[0.53905609 0.41895083 0.04199308],0.0
769,ADMISSIONf_W43,RELIG,Atheist,[0.48911991 0.45238905 0.05849103],0.0
770,ADMISSIONf_W43,RELIG,Buddhist,[0.31107672 0.52067671 0.16824657],0.0
771,ADMISSIONf_W43,RELIG,Hindu,[0.66072809 0.28532061 0.05395129],0.0
772,ADMISSIONf_W43,RELIG,Jewish,[0.55680818 0.28211255 0.16107927],0.0
773,ADMISSIONf_W43,RELIG,Mormon,[0.48628802 0.43730268 0.0764093 ],0.0
774,ADMISSIONf_W43,RELIG,Muslim,[0.69712656 0.26589044 0.036983  ],0.0
775,ADMISSIONf_W43,RELIG,Nothing in particular,[0.41206065 0.43761007 0.15032928],0.0012867008144361136
776,ADMISSIONf_W43,RELIG,Orthodox,[0.61192732 0.33836227 0.04971041],0.0
777,ADMISSIONf_W43,RELIG,Other,[0.41751304 0.49493379 0.08755317],0.0
778,ADMISSIONf_W43,RELIG,Protestant,[0.4762554  0.42962687 0.09411773],0.0045150440845090865
779,ADMISSIONf_W43,RELIG,Roman Catholic,[0.47721965 0.43232276 0.09045759],0.004990011116859605
780,IDIMPORT_W43,RELIG,Agnostic,[0.0833506  0.14371735 0.19644949 0.21219834 0.36428423],0.01778010635135642
781,IDIMPORT_W43,RELIG,Atheist,[0.07107873 0.07691127 0.23763597 0.25413041 0.36024362],0.0015149540023758682
782,IDIMPORT_W43,RELIG,Buddhist,[0.13173487 0.14556968 0.33394934 0.20812432 0.18062179],0.0
783,IDIMPORT_W43,RELIG,Hindu,[0.27141952 0.2953785  0.25926559 0.04454431 0.12939208],0.0
784,IDIMPORT_W43,RELIG,Jewish,[0.05377383 0.14989678 0.17957742 0.30708441 0.30966755],0.0
785,IDIMPORT_W43,RELIG,Mormon,[0.10965943 0.02157515 0.27788423 0.20989795 0.38098324],0.0
786,IDIMPORT_W43,RELIG,Muslim,[0.14892852 0.28942639 0.1892149  0.12712824 0.24530196],0.0
787,IDIMPORT_W43,RELIG,Nothing in particular,[0.13412892 0.1257862  0.20223256 0.14982239 0.38802993],0.00798513377503874
788,IDIMPORT_W43,RELIG,Orthodox,[0.03057191 0.04461236 0.08329711 0.22505169 0.61646692],0.0
789,IDIMPORT_W43,RELIG,Other,[0.13174585 0.08971476 0.21459768 0.14584621 0.4180955 ],0.0
790,IDIMPORT_W43,RELIG,Protestant,[0.14856611 0.14080855 0.16401811 0.14460774 0.40199948],0.0053530743956718765
791,IDIMPORT_W43,RELIG,Roman Catholic,[0.15101453 0.16788183 0.1972635  0.13864155 0.34519858],0.00699423414645295
792,RACESURV19a_W43,RELIG,Agnostic,[0.54412284 0.3179864  0.13789075],0.0
793,RACESURV19a_W43,RELIG,Atheist,[0.67186192 0.22075447 0.10738361],0.005210704942708546
794,RACESURV19a_W43,RELIG,Buddhist,[0.78809212 0.13683493 0.07507295],0.0
795,RACESURV19a_W43,RELIG,Hindu,[0.74897996 0.22455686 0.02646319],0.02657254214603133
796,RACESURV19a_W43,RELIG,Jewish,[0.49511164 0.32086844 0.18401992],0.008755931634626502
797,RACESURV19a_W43,RELIG,Mormon,[0.33323474 0.4599594  0.20680586],0.0
798,RACESURV19a_W43,RELIG,Muslim,[0.73756356 0.22036269 0.04207375],0.0
799,RACESURV19a_W43,RELIG,Nothing in particular,[0.47169415 0.33284605 0.1954598 ],0.007051174023317803
800,RACESURV19a_W43,RELIG,Orthodox,[0.18791703 0.30874699 0.50333598],0.0
801,RACESURV19a_W43,RELIG,Other,[0.46709621 0.39661094 0.13629285],0.0
802,RACESURV19a_W43,RELIG,Protestant,[0.32399143 0.38999529 0.28601329],0.008085008260175122
803,RACESURV19a_W43,RELIG,Roman Catholic,[0.38396391 0.38274647 0.23328962],0.0022186194858352256
804,ADMISSIONb_W43,RELIG,Agnostic,[0.02486229 0.17061048 0.80452723],0.0
805,ADMISSIONb_W43,RELIG,Atheist,[0.03483491 0.15945364 0.80571145],0.0
806,ADMISSIONb_W43,RELIG,Buddhist,[0.05009608 0.26304058 0.68686334],0.0
807,ADMISSIONb_W43,RELIG,Hindu,[0.15892066 0.25155363 0.58952572],0.0
808,ADMISSIONb_W43,RELIG,Jewish,[0.05031715 0.21428635 0.7353965 ],0.0
809,ADMISSIONb_W43,RELIG,Mormon,[0.01971545 0.12943974 0.85084482],0.0
810,ADMISSIONb_W43,RELIG,Muslim,[0.06279135 0.30358688 0.63362177],0.0
811,ADMISSIONb_W43,RELIG,Nothing in particular,[0.04134087 0.14319188 0.81546725],0.00042544651713955823
812,ADMISSIONb_W43,RELIG,Orthodox,[0.02136356 0.01335293 0.96528351],0.0
813,ADMISSIONb_W43,RELIG,Other,[0.05957112 0.09462553 0.84580335],0.0010890727450543084
814,ADMISSIONb_W43,RELIG,Protestant,[0.03238861 0.11648316 0.85112823],0.003177540244567159
815,ADMISSIONb_W43,RELIG,Roman Catholic,[0.03581939 0.1357464  0.82843421],0.007444292060806773
816,RACESURV21_W43,RELIG,Agnostic,[0.05629176 0.08612443 0.13650563 0.72107818],0.0
817,RACESURV21_W43,RELIG,Atheist,[0.01533896 0.09207965 0.13225226 0.76032912],0.005719997959664641
818,RACESURV21_W43,RELIG,Buddhist,[0.05338195 0.19796635 0.23501372 0.51363797],0.017058320237875246
819,RACESURV21_W43,RELIG,Hindu,[0.29857002 0.32969678 0.10920858 0.26252461],0.0
820,RACESURV21_W43,RELIG,Jewish,[0.08186728 0.27325187 0.23960614 0.40527472],0.0
821,RACESURV21_W43,RELIG,Mormon,[0.00265692 0.11051745 0.14759652 0.73922912],0.0006820407925061474
822,RACESURV21_W43,RELIG,Muslim,[0.10445312 0.46905867 0.16748432 0.25900389],0.0
823,RACESURV21_W43,RELIG,Nothing in particular,[0.07139237 0.16978714 0.15856731 0.60025318],0.000568851270466541
824,RACESURV21_W43,RELIG,Orthodox,[0.02136356 0.07682527 0.2682792  0.63353197],0.0
825,RACESURV21_W43,RELIG,Other,[0.0900748  0.11952167 0.23893136 0.55147217],0.0
826,RACESURV21_W43,RELIG,Protestant,[0.06708146 0.11898843 0.15982143 0.65410867],0.004102057247086151
827,RACESURV21_W43,RELIG,Roman Catholic,[0.04787064 0.14361506 0.1950436  0.61347071],0.0026455051546451776
828,RACESURV49_W43,RELIG,Agnostic,[0.29667986 0.70332014],0.009714277607110695
829,RACESURV49_W43,RELIG,Atheist,[0.38607479 0.61392521],0.0
830,RACESURV49_W43,RELIG,Buddhist,[0.49443344 0.50556656],0.02298661103907135
831,RACESURV49_W43,RELIG,Hindu,[0.3407131 0.6592869],0.0
832,RACESURV49_W43,RELIG,Jewish,[0.46180099 0.53819901],0.029172068786948533
833,RACESURV49_W43,RELIG,Mormon,[0.21660999 0.78339001],0.0
834,RACESURV49_W43,RELIG,Muslim,[0.32499782 0.67500218],0.04980901925201969
835,RACESURV49_W43,RELIG,Nothing in particular,[0.2428288 0.7571712],0.014064490601869793
836,RACESURV49_W43,RELIG,Orthodox,[0.51303273 0.48696727],0.0
837,RACESURV49_W43,RELIG,Other,[0.42161013 0.57838987],0.0
838,RACESURV49_W43,RELIG,Protestant,[0.17145968 0.82854032],0.02039697281146622
839,RACESURV49_W43,RELIG,Roman Catholic,[0.20658208 0.79341792],0.015545768254926614
840,RACESURV8_W43,RELIG,Agnostic,[0.37219267 0.36019786 0.23701482 0.03059465],0.0
841,RACESURV8_W43,RELIG,Atheist,[0.38307092 0.33592004 0.24141614 0.0395929 ],0.0030560111257351454
842,RACESURV8_W43,RELIG,Buddhist,[0.33588591 0.37348905 0.29062504 0.        ],0.023091234340495412
843,RACESURV8_W43,RELIG,Hindu,[0.26350104 0.41789791 0.2690477  0.04955336],0.0
844,RACESURV8_W43,RELIG,Jewish,[0.30433109 0.43712555 0.20493252 0.05361084],0.0
845,RACESURV8_W43,RELIG,Mormon,[0.45730015 0.39186499 0.15083486 0.        ],0.0
846,RACESURV8_W43,RELIG,Muslim,[0.22214548 0.36289424 0.23943489 0.17552539],0.0
847,RACESURV8_W43,RELIG,Nothing in particular,[0.33775045 0.37176877 0.2343485  0.05613227],0.007848151533758837
848,RACESURV8_W43,RELIG,Orthodox,[0.35756711 0.29593303 0.2047002  0.14179966],0.0
849,RACESURV8_W43,RELIG,Other,[0.40987227 0.34301049 0.14538647 0.10173077],0.0011983292716628159
850,RACESURV8_W43,RELIG,Protestant,[0.4008523  0.37379436 0.18272442 0.04262892],0.003520061127917999
851,RACESURV8_W43,RELIG,Roman Catholic,[0.32035181 0.35622861 0.26835545 0.05506413],0.000260681757402646
852,RACESURV28b_W43,RELIG,Agnostic,[0.61846367 0.00858993 0.3729464 ],0.005142667526240263
853,RACESURV28b_W43,RELIG,Atheist,[0.73108083 0.00674498 0.26217419],0.01778931702636513
854,RACESURV28b_W43,RELIG,Buddhist,[0.74866535 0.         0.25133465],0.0
855,RACESURV28b_W43,RELIG,Hindu,[0.5891975 0.        0.4108025],0.02657254214603133
856,RACESURV28b_W43,RELIG,Jewish,[0.46721013 0.         0.53278987],0.0
857,RACESURV28b_W43,RELIG,Mormon,[0.21976736 0.         0.78023264],0.0
858,RACESURV28b_W43,RELIG,Muslim,[0.59656459 0.0292624  0.37417301],0.03434441285248727
859,RACESURV28b_W43,RELIG,Nothing in particular,[0.48713216 0.03648516 0.47638268],0.013454764961590898
860,RACESURV28b_W43,RELIG,Orthodox,[0.15774573 0.         0.84225427],0.0
861,RACESURV28b_W43,RELIG,Other,[0.53145408 0.03381135 0.43473458],0.0
862,RACESURV28b_W43,RELIG,Protestant,[0.34297309 0.01763388 0.63939303],0.0056464922044561295
863,RACESURV28b_W43,RELIG,Roman Catholic,[0.38498438 0.02597288 0.58904274],0.009354033638765627
864,RACESURV40_W43,RELIG,Agnostic,[0.08804761 0.74026403 0.17168836 0.        ],0.056618312349952696
865,RACESURV40_W43,RELIG,Atheist,[0.15851801 0.73569027 0.10579172 0.        ],0.05762053806740497
866,RACESURV40_W43,RELIG,Buddhist,[0.43412421 0.41435233 0.15152346 0.        ],0.05895347466707162
867,RACESURV40_W43,RELIG,Hindu,[0.23557463 0.59137138 0.17305399 0.        ],0.28367629194319577
868,RACESURV40_W43,RELIG,Jewish,[0.11082426 0.70788821 0.18128753 0.        ],0.10165037397348098
869,RACESURV40_W43,RELIG,Mormon,[0.00388438 0.63883409 0.35728153 0.        ],0.06786048508670736
870,RACESURV40_W43,RELIG,Muslim,[0.17991303 0.44310332 0.37698364 0.        ],0.08978358881358463
871,RACESURV40_W43,RELIG,Nothing in particular,[0.11243133 0.71104788 0.17652079 0.        ],0.11174356126254005
872,RACESURV40_W43,RELIG,Orthodox,[0.0518411  0.74293762 0.20522128 0.        ],0.0
873,RACESURV40_W43,RELIG,Other,[0.14281972 0.75683216 0.10034812 0.        ],0.09564852870065964
874,RACESURV40_W43,RELIG,Protestant,[0.07001426 0.70606107 0.22392467 0.        ],0.10166906552934839
875,RACESURV40_W43,RELIG,Roman Catholic,[0.08654036 0.73118269 0.18227695 0.        ],0.10608477655585487
876,RACESURV2_W43,RELIG,Agnostic,[0.68764355 0.18962312 0.03764607 0.00467079 0.08041647],0.0
877,RACESURV2_W43,RELIG,Atheist,[0.80643894 0.06563621 0.05368721 0.01241242 0.06182522],0.0
878,RACESURV2_W43,RELIG,Buddhist,[0.45253006 0.20031626 0.20680591 0.         0.14034778],0.0
879,RACESURV2_W43,RELIG,Hindu,[0.78546153 0.16116451 0.         0.         0.05337396],0.024604162279025066
880,RACESURV2_W43,RELIG,Jewish,[0.67067412 0.11330946 0.         0.         0.21601642],0.0
881,RACESURV2_W43,RELIG,Mormon,[0.73271043 0.09917104 0.00803413 0.         0.1600844 ],0.0
882,RACESURV2_W43,RELIG,Muslim,[0.8940051 0.1059949 0.        0.        0.       ],0.0
883,RACESURV2_W43,RELIG,Nothing in particular,[0.50748962 0.19858697 0.07310524 0.02062484 0.20019334],0.0006308172086053762
884,RACESURV2_W43,RELIG,Orthodox,[0.3192713 0.3793004 0.        0.        0.3014283],0.0
885,RACESURV2_W43,RELIG,Other,[0.68829139 0.11055196 0.04359274 0.         0.15756391],0.0
886,RACESURV2_W43,RELIG,Protestant,[0.5097444  0.23440119 0.06242487 0.0162314  0.17719814],0.0026688975254415387
887,RACESURV2_W43,RELIG,Roman Catholic,[0.57565436 0.18801082 0.037564   0.02147351 0.17729731],0.0
888,RACESURV47f_W43,RELIG,Agnostic,[0.15046564 0.169226   0.2287061  0.45160226],0.10379239714730432
889,RACESURV47f_W43,RELIG,Atheist,[0.0548354  0.14909776 0.26574043 0.53032641],0.056604648103570444
890,RACESURV47f_W43,RELIG,Buddhist,[0.12783356 0.02366761 0.20071964 0.64777919],0.02596862380877082
891,RACESURV47f_W43,RELIG,Hindu,[0.17705755 0.17053443 0.19246639 0.45994163],0.10173701680928114
892,RACESURV47f_W43,RELIG,Jewish,[0.12342131 0.16250907 0.07567952 0.6383901 ],0.0
893,RACESURV47f_W43,RELIG,Mormon,[0.09006568 0.18605702 0.29134637 0.43253094],0.060483859804042174
894,RACESURV47f_W43,RELIG,Muslim,[0.26789423 0.09294634 0.23166705 0.40749238],0.030472572941825978
895,RACESURV47f_W43,RELIG,Nothing in particular,[0.16032205 0.22137413 0.20695824 0.41134557],0.12798413945049741
896,RACESURV47f_W43,RELIG,Orthodox,[0.01507822 0.         0.29836616 0.68655563],0.0
897,RACESURV47f_W43,RELIG,Other,[0.09495952 0.09341926 0.15191003 0.6597112 ],0.10029281064362726
898,RACESURV47f_W43,RELIG,Protestant,[0.20299176 0.24178061 0.17838348 0.37684414],0.1258381580521217
899,RACESURV47f_W43,RELIG,Roman Catholic,[0.19421855 0.27725216 0.14779536 0.38073393],0.1186636670242323
900,RACESURV53d_W43,RELIG,Agnostic,[0.18361668 0.81638332],0.0
901,RACESURV53d_W43,RELIG,Atheist,[0.13601623 0.86398377],0.0
902,RACESURV53d_W43,RELIG,Buddhist,[0.28385028 0.71614972],0.025008919556550442
903,RACESURV53d_W43,RELIG,Hindu,[0.16585173 0.83414827],0.02657254214603133
904,RACESURV53d_W43,RELIG,Jewish,[0.22080114 0.77919886],0.0017962171872073832
905,RACESURV53d_W43,RELIG,Mormon,[0.1019352 0.8980648],0.0
906,RACESURV53d_W43,RELIG,Muslim,[0.38977573 0.61022427],0.007286472128105692
907,RACESURV53d_W43,RELIG,Nothing in particular,[0.25902265 0.74097735],0.007054363495798993
908,RACESURV53d_W43,RELIG,Orthodox,[0.26775597 0.73224403],0.0
909,RACESURV53d_W43,RELIG,Other,[0.37190002 0.62809998],0.0
910,RACESURV53d_W43,RELIG,Protestant,[0.25193114 0.74806886],0.010263417809453076
911,RACESURV53d_W43,RELIG,Roman Catholic,[0.2437708 0.7562292],0.0009676188680552498
912,RACESURV47e_W43,RELIG,Agnostic,[0.30106734 0.4217841  0.18099651 0.09615205],0.06915404720975718
913,RACESURV47e_W43,RELIG,Atheist,[0.18796981 0.37070246 0.22274071 0.21858702],0.0948245859803887
914,RACESURV47e_W43,RELIG,Buddhist,[0.2765139  0.14300685 0.20741097 0.37306828],0.032454848127030034
915,RACESURV47e_W43,RELIG,Hindu,[0.27628198 0.55441509 0.01050007 0.15880287],0.15207238404524223
916,RACESURV47e_W43,RELIG,Jewish,[0.25392044 0.36105092 0.24983521 0.13519343],0.07550774488849343
917,RACESURV47e_W43,RELIG,Mormon,[0.3148029  0.39516181 0.18943085 0.10060444],0.03850449540201542
918,RACESURV47e_W43,RELIG,Muslim,[0.39582035 0.12624065 0.11590208 0.36203693],0.0
919,RACESURV47e_W43,RELIG,Nothing in particular,[0.29625133 0.39011849 0.17484009 0.13879008],0.13595720058396837
920,RACESURV47e_W43,RELIG,Orthodox,[0.02149015 0.88922722 0.         0.08928263],0.29836615913165765
921,RACESURV47e_W43,RELIG,Other,[0.16741158 0.3982983  0.19190748 0.24238264],0.16824930281451983
922,RACESURV47e_W43,RELIG,Protestant,[0.3460154  0.36406337 0.15274238 0.13717885],0.12618107252191635
923,RACESURV47e_W43,RELIG,Roman Catholic,[0.34529882 0.37534144 0.14749654 0.13186319],0.1371219036781102
924,RACESURV3_W43,RELIG,Agnostic,[0.03508313 0.5562305  0.40868637],0.0
925,RACESURV3_W43,RELIG,Atheist,[0.05697866 0.48967201 0.45334933],0.0
926,RACESURV3_W43,RELIG,Buddhist,[0.04828128 0.33014729 0.62157143],0.0
927,RACESURV3_W43,RELIG,Hindu,[0.23043252 0.45540778 0.3141597 ],0.0
928,RACESURV3_W43,RELIG,Jewish,[0.11331056 0.34252344 0.544166  ],0.0
929,RACESURV3_W43,RELIG,Mormon,[0.06575433 0.45786837 0.4763773 ],0.0
930,RACESURV3_W43,RELIG,Muslim,[0.11843652 0.39433036 0.48723312],0.0
931,RACESURV3_W43,RELIG,Nothing in particular,[0.07695082 0.48088706 0.44216212],0.004619256330468622
932,RACESURV3_W43,RELIG,Orthodox,[0.30304003 0.19491448 0.50204549],0.0
933,RACESURV3_W43,RELIG,Other,[0.11614526 0.44079806 0.44305668],0.0
934,RACESURV3_W43,RELIG,Protestant,[0.03677971 0.49111158 0.47210871],0.003835458290920677
935,RACESURV3_W43,RELIG,Roman Catholic,[0.05039281 0.53868032 0.41092687],0.0020771630389746416
936,RACESURV19e_W43,RELIG,Agnostic,[0.51016489 0.33332269 0.15651242],0.0
937,RACESURV19e_W43,RELIG,Atheist,[0.62224747 0.27044069 0.10731184],0.0
938,RACESURV19e_W43,RELIG,Buddhist,[0.75875984 0.02430322 0.21693694],0.0
939,RACESURV19e_W43,RELIG,Hindu,[0.50321437 0.4084211  0.08836453],0.0
940,RACESURV19e_W43,RELIG,Jewish,[0.60468042 0.32918843 0.06613115],0.09173209021739054
941,RACESURV19e_W43,RELIG,Mormon,[0.28195996 0.34285147 0.37518857],0.0
942,RACESURV19e_W43,RELIG,Muslim,[0.78755647 0.02928477 0.18315877],0.0
943,RACESURV19e_W43,RELIG,Nothing in particular,[0.44326374 0.31186848 0.24486778],0.014192521283953258
944,RACESURV19e_W43,RELIG,Orthodox,[0.50835886 0.49164114 0.        ],0.0
945,RACESURV19e_W43,RELIG,Other,[0.59664634 0.2578835  0.14547017],0.0
946,RACESURV19e_W43,RELIG,Protestant,[0.32295876 0.32008942 0.35695182],0.007349890798847844
947,RACESURV19e_W43,RELIG,Roman Catholic,[0.34898325 0.34639272 0.30462403],0.0004409381994311645
948,RACESURV15b_W43,RELIG,Agnostic,[0.62378918 0.16995055 0.20626027],0.004112754414672244
949,RACESURV15b_W43,RELIG,Atheist,[0.68089867 0.10897358 0.21012775],0.010835419536224432
950,RACESURV15b_W43,RELIG,Buddhist,[0.58810072 0.2470359  0.16486338],0.0
951,RACESURV15b_W43,RELIG,Hindu,[0.5725209  0.14430523 0.28317387],0.0
952,RACESURV15b_W43,RELIG,Jewish,[0.72409756 0.16908024 0.1068222 ],0.0
953,RACESURV15b_W43,RELIG,Mormon,[0.26724057 0.23275323 0.5000062 ],0.0
954,RACESURV15b_W43,RELIG,Muslim,[0.47962034 0.33136994 0.18900973],0.0
955,RACESURV15b_W43,RELIG,Nothing in particular,[0.53986715 0.20822554 0.25190731],0.004392244788662442
956,RACESURV15b_W43,RELIG,Orthodox,[0.2099927  0.18860111 0.60140619],0.0
957,RACESURV15b_W43,RELIG,Other,[0.6332781  0.15174819 0.2149737 ],0.00204504948875155
958,RACESURV15b_W43,RELIG,Protestant,[0.3486484  0.24138963 0.40996197],0.013863373311298414
959,RACESURV15b_W43,RELIG,Roman Catholic,[0.384159   0.28023645 0.33560456],0.008696853596596546
960,RACESURV19d_W43,RELIG,Agnostic,[0.42115857 0.38266905 0.19617237],0.0
961,RACESURV19d_W43,RELIG,Atheist,[0.27303897 0.50160751 0.22535352],0.0
962,RACESURV19d_W43,RELIG,Buddhist,[0.51723457 0.36059981 0.12216563],0.0
963,RACESURV19d_W43,RELIG,Hindu,[0.24645098 0.65451405 0.09903498],0.05883355497808342
964,RACESURV19d_W43,RELIG,Jewish,[0.53440734 0.33925707 0.1263356 ],0.0
965,RACESURV19d_W43,RELIG,Mormon,[0.33294897 0.55956789 0.10748315],0.007638912026962893
966,RACESURV19d_W43,RELIG,Muslim,[0.50441208 0.34451167 0.15107625],0.0
967,RACESURV19d_W43,RELIG,Nothing in particular,[0.37077885 0.37429739 0.25492376],0.00329736711942375
968,RACESURV19d_W43,RELIG,Orthodox,[0.39730075 0.51507198 0.08762727],0.0
969,RACESURV19d_W43,RELIG,Other,[0.53698994 0.33182701 0.13118305],0.0
970,RACESURV19d_W43,RELIG,Protestant,[0.49559082 0.29332195 0.21108723],0.0054011548730609855
971,RACESURV19d_W43,RELIG,Roman Catholic,[0.44557348 0.34609516 0.20833136],0.003753495845029353
972,RACESURV12_W43,RELIG,Agnostic,[0.09654315 0.49394578 0.40951108],0.0
973,RACESURV12_W43,RELIG,Atheist,[0.05968359 0.66806782 0.2722486 ],0.005215326159695296
974,RACESURV12_W43,RELIG,Buddhist,[0.01938616 0.67870639 0.30190745],0.0
975,RACESURV12_W43,RELIG,Hindu,[0.21082029 0.59100205 0.19817766],0.0
976,RACESURV12_W43,RELIG,Jewish,[0.         0.58915392 0.41084608],0.0
977,RACESURV12_W43,RELIG,Mormon,[0.23523996 0.15876466 0.60599539],0.0
978,RACESURV12_W43,RELIG,Muslim,[0.12266829 0.60985381 0.2674779 ],0.0
979,RACESURV12_W43,RELIG,Nothing in particular,[0.16084467 0.48721176 0.35194357],0.010608782571500941
980,RACESURV12_W43,RELIG,Orthodox,[0.         0.50835886 0.49164114],0.0
981,RACESURV12_W43,RELIG,Other,[0.13016844 0.57367917 0.29615239],0.0
982,RACESURV12_W43,RELIG,Protestant,[0.19360267 0.3690431  0.43735423],0.018820791997404843
983,RACESURV12_W43,RELIG,Roman Catholic,[0.17384037 0.353669   0.47249063],0.009712416820357096
984,RACESURV5l_W43,RELIG,Agnostic,[0.89067396 0.03861509 0.         0.01834779 0.05236316],0.0
985,RACESURV5l_W43,RELIG,Atheist,[0.92391869 0.07081418 0.         0.         0.00526712],0.0
986,RACESURV5l_W43,RELIG,Buddhist,[0.76710623 0.12976177 0.07940565 0.         0.02372635],0.031177975416305542
987,RACESURV5l_W43,RELIG,Hindu,[0.60085584 0.         0.         0.28440292 0.11474124],0.0
988,RACESURV5l_W43,RELIG,Jewish,[0.93483742 0.06516258 0.         0.         0.        ],0.0
989,RACESURV5l_W43,RELIG,Mormon,[0.78442715 0.20143783 0.         0.         0.01413502],0.0
990,RACESURV5l_W43,RELIG,Muslim,[0.66269494 0.29612344 0.         0.04118162 0.        ],0.0
991,RACESURV5l_W43,RELIG,Nothing in particular,[0.79164746 0.12092652 0.00878807 0.02785529 0.05078266],0.0
992,RACESURV5l_W43,RELIG,Orthodox,[1. 0. 0. 0. 0.],0.0
993,RACESURV5l_W43,RELIG,Other,[0.87670697 0.07752005 0.         0.00289119 0.04288179],0.0
994,RACESURV5l_W43,RELIG,Protestant,[0.77068199 0.11693765 0.02564825 0.01054176 0.07619036],0.004355141779437282
995,RACESURV5l_W43,RELIG,Roman Catholic,[0.79386827 0.0907283  0.01891704 0.03119682 0.06528957],0.008397837036407256
996,RACESURV25_W43,RELIG,Agnostic,[0.13842925 0.34952349 0.3699628  0.14208445],0.010092464548914682
997,RACESURV25_W43,RELIG,Atheist,[0.09750607 0.42269865 0.31011397 0.16968132],0.0
998,RACESURV25_W43,RELIG,Buddhist,[0.18046219 0.30600321 0.44026155 0.07327305],0.0
999,RACESURV25_W43,RELIG,Hindu,[0.06667394 0.40909846 0.31910471 0.2051229 ],0.02657254214603133
1000,RACESURV25_W43,RELIG,Jewish,[0.07932815 0.34094797 0.30860686 0.27111702],0.0
1001,RACESURV25_W43,RELIG,Mormon,[0.06276455 0.363562   0.25620409 0.31746936],0.0
1002,RACESURV25_W43,RELIG,Muslim,[0.35746026 0.37252609 0.18287858 0.08713507],0.0
1003,RACESURV25_W43,RELIG,Nothing in particular,[0.14873216 0.32578172 0.27701009 0.24847603],0.009451659029574082
1004,RACESURV25_W43,RELIG,Orthodox,[0.13973344 0.2646217  0.48026275 0.11538211],0.0
1005,RACESURV25_W43,RELIG,Other,[0.17119099 0.44555347 0.21220875 0.17104679],0.0
1006,RACESURV25_W43,RELIG,Protestant,[0.13940442 0.32462788 0.28778014 0.24818755],0.00905903937283817
1007,RACESURV25_W43,RELIG,Roman Catholic,[0.09792515 0.35439637 0.31108474 0.23659374],0.008656305588587364
1008,RACESURV53a_W43,RELIG,Agnostic,[0.11411281 0.88588719],0.0
1009,RACESURV53a_W43,RELIG,Atheist,[0.0916152 0.9083848],0.0
1010,RACESURV53a_W43,RELIG,Buddhist,[0.13132544 0.86867456],0.0
1011,RACESURV53a_W43,RELIG,Hindu,[0.20005584 0.79994416],0.02657254214603133
1012,RACESURV53a_W43,RELIG,Jewish,[0.07807264 0.92192736],0.0
1013,RACESURV53a_W43,RELIG,Mormon,[0.05785521 0.94214479],0.0
1014,RACESURV53a_W43,RELIG,Muslim,[0.37926459 0.62073541],0.0
1015,RACESURV53a_W43,RELIG,Nothing in particular,[0.18510356 0.81489644],0.007217957269392086
1016,RACESURV53a_W43,RELIG,Orthodox,[0.19483887 0.80516113],0.0
1017,RACESURV53a_W43,RELIG,Other,[0.2548316 0.7451684],0.0041443357426643145
1018,RACESURV53a_W43,RELIG,Protestant,[0.13283767 0.86716233],0.009234557218656406
1019,RACESURV53a_W43,RELIG,Roman Catholic,[0.10597529 0.89402471],0.0016521391139533274
1020,RACESURV15a_W43,RELIG,Agnostic,[0.77275908 0.         0.22724092],0.0
1021,RACESURV15a_W43,RELIG,Atheist,[0.89174171 0.04494954 0.06330875],0.0
1022,RACESURV15a_W43,RELIG,Buddhist,[0.93456148 0.03889038 0.02654814],0.0
1023,RACESURV15a_W43,RELIG,Hindu,[0.69769631 0.09599223 0.20631146],0.0
1024,RACESURV15a_W43,RELIG,Jewish,[0.62059173 0.05681529 0.32259298],0.0
1025,RACESURV15a_W43,RELIG,Mormon,[0.63338023 0.11646903 0.25015074],0.0
1026,RACESURV15a_W43,RELIG,Muslim,[0.71217954 0.28782046 0.        ],0.0
1027,RACESURV15a_W43,RELIG,Nothing in particular,[0.65836804 0.06457832 0.27705364],0.002490308417112932
1028,RACESURV15a_W43,RELIG,Orthodox,[0.59229782 0.         0.40770218],0.0
1029,RACESURV15a_W43,RELIG,Other,[0.63916495 0.02723437 0.33360068],0.0
1030,RACESURV15a_W43,RELIG,Protestant,[0.56223265 0.05097787 0.38678948],0.017604000095346916
1031,RACESURV15a_W43,RELIG,Roman Catholic,[0.63907266 0.03869489 0.32223245],0.008299537752716853
1032,RACESURV18b_W43,RELIG,Agnostic,[0.05917307 0.5602886  0.33166872 0.04886961],0.2941389507509279
1033,RACESURV18b_W43,RELIG,Atheist,[0.04808226 0.56703545 0.34138972 0.04349257],0.2962305515092568
1034,RACESURV18b_W43,RELIG,Buddhist,[0.10053366 0.53706816 0.30755863 0.05483954],0.19200599094064794
1035,RACESURV18b_W43,RELIG,Hindu,[0.12828485 0.73613578 0.13026388 0.0053155 ],0.3083221581082544
1036,RACESURV18b_W43,RELIG,Jewish,[0.12313404 0.34050047 0.37023281 0.16613268],0.3512408826577772
1037,RACESURV18b_W43,RELIG,Mormon,[0.15036555 0.59023547 0.21150878 0.0478902 ],0.42155121708461896
1038,RACESURV18b_W43,RELIG,Muslim,[0.16654949 0.54882868 0.24466122 0.03996061],0.06438330439189516
1039,RACESURV18b_W43,RELIG,Nothing in particular,[0.09978559 0.56618435 0.278187   0.05584307],0.3123975258144133
1040,RACESURV18b_W43,RELIG,Orthodox,[0.         0.36934569 0.54639928 0.08425503],0.384712149098128
1041,RACESURV18b_W43,RELIG,Other,[0.06022444 0.69876171 0.2152681  0.02574574],0.2262411629213735
1042,RACESURV18b_W43,RELIG,Protestant,[0.11350328 0.53609633 0.29586497 0.05453541],0.2813248451407837
1043,RACESURV18b_W43,RELIG,Roman Catholic,[0.10033768 0.51050264 0.30619743 0.08296225],0.2756915966221249
1044,RACESURV18c_W43,RELIG,Agnostic,[0.03346859 0.37010422 0.47535146 0.12107573],0.03802464119816753
1045,RACESURV18c_W43,RELIG,Atheist,[0.01100544 0.38209878 0.48205006 0.12484573],0.07448109073623357
1046,RACESURV18c_W43,RELIG,Buddhist,[0.07319456 0.23573832 0.48393401 0.20713311],0.049002002160965806
1047,RACESURV18c_W43,RELIG,Hindu,[0.11129658 0.36727527 0.41321277 0.10821539],0.1528053157363635
1048,RACESURV18c_W43,RELIG,Jewish,[0.02822764 0.44961258 0.39043427 0.1317255 ],0.046633760501617265
1049,RACESURV18c_W43,RELIG,Mormon,[0.07767414 0.54918241 0.34210517 0.03103829],0.05452104542549991
1050,RACESURV18c_W43,RELIG,Muslim,[0.00664462 0.20179849 0.40721429 0.38434261],0.016002447906947433
1051,RACESURV18c_W43,RELIG,Nothing in particular,[0.03929999 0.43253585 0.42849986 0.0996643 ],0.10840886000098665
1052,RACESURV18c_W43,RELIG,Orthodox,[0.         0.7104505  0.18881549 0.10073401],0.08329711244729077
1053,RACESURV18c_W43,RELIG,Other,[0.03165008 0.53126857 0.3781912  0.05889015],0.03829031703982819
1054,RACESURV18c_W43,RELIG,Protestant,[0.06740882 0.53416686 0.33365979 0.06476453],0.06695823464609807
1055,RACESURV18c_W43,RELIG,Roman Catholic,[0.04564417 0.4899969  0.36705115 0.09730778],0.08476309280568858
1056,RACESURV53f_W43,RELIG,Agnostic,[0.36938266 0.63061734],0.0
1057,RACESURV53f_W43,RELIG,Atheist,[0.29592849 0.70407151],0.0
1058,RACESURV53f_W43,RELIG,Buddhist,[0.29751894 0.70248106],0.025008919556550442
1059,RACESURV53f_W43,RELIG,Hindu,[0.36750183 0.63249817],0.02657254214603133
1060,RACESURV53f_W43,RELIG,Jewish,[0.46842191 0.53157809],0.0
1061,RACESURV53f_W43,RELIG,Mormon,[0.393112 0.606888],0.0
1062,RACESURV53f_W43,RELIG,Muslim,[0.4075732 0.5924268],0.0
1063,RACESURV53f_W43,RELIG,Nothing in particular,[0.39139209 0.60860791],0.012653140005376144
1064,RACESURV53f_W43,RELIG,Orthodox,[0.20832527 0.79167473],0.0
1065,RACESURV53f_W43,RELIG,Other,[0.47917133 0.52082867],0.0
1066,RACESURV53f_W43,RELIG,Protestant,[0.4059423 0.5940577],0.009314406145895479
1067,RACESURV53f_W43,RELIG,Roman Catholic,[0.34686642 0.65313358],0.0008699701386641651
1068,RACESURV11_W43,RELIG,Agnostic,[0.2144566  0.55375893 0.23178447],0.0
1069,RACESURV11_W43,RELIG,Atheist,[0.18281239 0.56986332 0.24732429],0.0
1070,RACESURV11_W43,RELIG,Buddhist,[0.43367923 0.50804685 0.05827393],0.0
1071,RACESURV11_W43,RELIG,Hindu,[0.33984629 0.45241021 0.20774351],0.0
1072,RACESURV11_W43,RELIG,Jewish,[0.28717768 0.45454346 0.25827886],0.0
1073,RACESURV11_W43,RELIG,Mormon,[0.22259807 0.3306556  0.44674633],0.0
1074,RACESURV11_W43,RELIG,Muslim,[0.09328348 0.76493386 0.14178266],0.0
1075,RACESURV11_W43,RELIG,Nothing in particular,[0.17151812 0.51503467 0.31344721],0.0004282865390189776
1076,RACESURV11_W43,RELIG,Orthodox,[0.19880418 0.34254096 0.45865486],0.0
1077,RACESURV11_W43,RELIG,Other,[0.30078538 0.40001713 0.29919749],0.0
1078,RACESURV11_W43,RELIG,Protestant,[0.17879271 0.51851219 0.3026951 ],0.000857708712515579
1079,RACESURV11_W43,RELIG,Roman Catholic,[0.12628397 0.56731995 0.30639609],0.0017400320448104775
1080,RACESURV53c_W43,RELIG,Agnostic,[0.24061805 0.75938195],0.0
1081,RACESURV53c_W43,RELIG,Atheist,[0.1888759 0.8111241],0.0
1082,RACESURV53c_W43,RELIG,Buddhist,[0.20800985 0.79199015],0.0
1083,RACESURV53c_W43,RELIG,Hindu,[0.37037251 0.62962749],0.02657254214603133
1084,RACESURV53c_W43,RELIG,Jewish,[0.12689943 0.87310057],0.0
1085,RACESURV53c_W43,RELIG,Mormon,[0.28072629 0.71927371],0.0
1086,RACESURV53c_W43,RELIG,Muslim,[0.38751932 0.61248068],0.0
1087,RACESURV53c_W43,RELIG,Nothing in particular,[0.35081189 0.64918811],0.011212763014644944
1088,RACESURV53c_W43,RELIG,Orthodox,[0.46548025 0.53451975],0.0
1089,RACESURV53c_W43,RELIG,Other,[0.41927289 0.58072711],0.0041443357426643145
1090,RACESURV53c_W43,RELIG,Protestant,[0.36949816 0.63050184],0.010459740968034243
1091,RACESURV53c_W43,RELIG,Roman Catholic,[0.3540893 0.6459107],0.000869970138664165
1092,RACESURV5g_W43,RELIG,Agnostic,[0.03317322 0.01911317 0.42529516 0.45110914 0.07130933],0.0072583858464678784
1093,RACESURV5g_W43,RELIG,Atheist,[0.         0.01241242 0.34691921 0.58854776 0.05212061],0.0
1094,RACESURV5g_W43,RELIG,Buddhist,[0.         0.21963267 0.28720529 0.30993108 0.18323096],0.0
1095,RACESURV5g_W43,RELIG,Hindu,[0.         0.03442396 0.40242366 0.31754844 0.24560393],0.04279670554133415
1096,RACESURV5g_W43,RELIG,Jewish,[0.04401056 0.12361124 0.36733336 0.26429044 0.2007544 ],0.0
1097,RACESURV5g_W43,RELIG,Mormon,[0.         0.05178871 0.48106715 0.31542671 0.15171743],0.0
1098,RACESURV5g_W43,RELIG,Muslim,[0.0527076  0.23511286 0.22343081 0.4590802  0.02966853],0.0
1099,RACESURV5g_W43,RELIG,Nothing in particular,[0.02925373 0.04290587 0.31154409 0.33132304 0.28497327],0.008434165525567224
1100,RACESURV5g_W43,RELIG,Orthodox,[0.         0.41567129 0.24664284 0.06644837 0.2712375 ],0.0
1101,RACESURV5g_W43,RELIG,Other,[0.10075527 0.0424328  0.29974634 0.40256464 0.15450095],0.0
1102,RACESURV5g_W43,RELIG,Protestant,[0.03811336 0.05299835 0.32939218 0.26468231 0.3148138 ],0.010554305303780147
1103,RACESURV5g_W43,RELIG,Roman Catholic,[0.05770489 0.05177921 0.31937543 0.30502475 0.26611571],0.011016100377280595
1104,RACESURV24_W43,RELIG,Agnostic,[0.27049828 0.37296574 0.25334063 0.10319535],0.0
1105,RACESURV24_W43,RELIG,Atheist,[0.28443886 0.40246823 0.18366407 0.12942883],0.0
1106,RACESURV24_W43,RELIG,Buddhist,[0.42452712 0.21297619 0.21931158 0.14318511],0.012207862477413612
1107,RACESURV24_W43,RELIG,Hindu,[0.14926988 0.40662921 0.32226523 0.12183567],0.02657254214603133
1108,RACESURV24_W43,RELIG,Jewish,[0.22771198 0.44026413 0.085747   0.24627689],0.014614537998386285
1109,RACESURV24_W43,RELIG,Mormon,[0.18282703 0.38528006 0.18161688 0.25027603],0.0
1110,RACESURV24_W43,RELIG,Muslim,[0.32865931 0.36605098 0.22164555 0.08364416],0.0
1111,RACESURV24_W43,RELIG,Nothing in particular,[0.23524296 0.33020325 0.21986509 0.2146887 ],0.003940313008555929
1112,RACESURV24_W43,RELIG,Orthodox,[0.15521705 0.29173656 0.51668891 0.03635748],0.0
1113,RACESURV24_W43,RELIG,Other,[0.3392233  0.37033633 0.18954482 0.10089555],0.005149514947803706
1114,RACESURV24_W43,RELIG,Protestant,[0.20543993 0.37292894 0.20735591 0.21427523],0.009706507256941898
1115,RACESURV24_W43,RELIG,Roman Catholic,[0.19035002 0.37295106 0.21834236 0.21835656],0.008908546243860954
1116,RACESURV5k_W43,RELIG,Agnostic,[0.0178987 0.        0.1109608 0.8236554 0.0474851],0.0
1117,RACESURV5k_W43,RELIG,Atheist,[0.01491917 0.03024845 0.11891536 0.82305236 0.01286466],0.0
1118,RACESURV5k_W43,RELIG,Buddhist,[0.         0.02303071 0.00741331 0.94582963 0.02372635],0.031177975416305546
1119,RACESURV5k_W43,RELIG,Hindu,[0.         0.07995077 0.09885127 0.70645672 0.11474124],0.0
1120,RACESURV5k_W43,RELIG,Jewish,[0.         0.03668768 0.07836561 0.84869352 0.03625319],0.0
1121,RACESURV5k_W43,RELIG,Mormon,[0.00345617 0.07025559 0.58232603 0.26233987 0.08162234],0.0
1122,RACESURV5k_W43,RELIG,Muslim,[0.         0.16410568 0.10135287 0.63049966 0.1040418 ],0.0
1123,RACESURV5k_W43,RELIG,Nothing in particular,[0.02467631 0.02002595 0.17286938 0.72161645 0.0608119 ],0.004619256330468622
1124,RACESURV5k_W43,RELIG,Orthodox,[0. 0. 0. 1. 0.],0.0
1125,RACESURV5k_W43,RELIG,Other,[0.         0.01582803 0.02047549 0.88738161 0.07631487],0.0
1126,RACESURV5k_W43,RELIG,Protestant,[0.01398064 0.02719102 0.24337126 0.62311971 0.09233737],0.0026999014911135723
1127,RACESURV5k_W43,RELIG,Roman Catholic,[0.04540656 0.03238434 0.249847   0.60216302 0.07019907],0.00044093819943116444
1128,RACESURV36_W43,RELIG,Agnostic,[0.15412785 0.41896846 0.32574965 0.10115405],0.0009294241950911443
1129,RACESURV36_W43,RELIG,Atheist,[0.18902456 0.42997517 0.28633546 0.09466481],0.0013944670790135161
1130,RACESURV36_W43,RELIG,Buddhist,[0.03484906 0.43605843 0.32939592 0.19969659],0.0
1131,RACESURV36_W43,RELIG,Hindu,[0.10051955 0.33544978 0.33067256 0.23335811],0.01624772224038728
1132,RACESURV36_W43,RELIG,Jewish,[0.0678802  0.35176897 0.3838588  0.19649203],0.0
1133,RACESURV36_W43,RELIG,Mormon,[0.02343115 0.32524352 0.48731221 0.16401312],0.0
1134,RACESURV36_W43,RELIG,Muslim,[0.07431017 0.48877724 0.31063161 0.12628098],0.0
1135,RACESURV36_W43,RELIG,Nothing in particular,[0.11346869 0.38235131 0.35626274 0.14791726],0.0033059099539365926
1136,RACESURV36_W43,RELIG,Orthodox,[0.08819858 0.26208458 0.44612961 0.20358723],0.0
1137,RACESURV36_W43,RELIG,Other,[0.11159287 0.34670812 0.43115552 0.1105435 ],0.0
1138,RACESURV36_W43,RELIG,Protestant,[0.07592846 0.34459528 0.42658244 0.15289382],0.0038550801953618668
1139,RACESURV36_W43,RELIG,Roman Catholic,[0.10563291 0.3548964  0.39584729 0.14362341],0.003601099567331211
1140,RACESURV5j_W43,RELIG,Agnostic,[0.10946325 0.11167456 0.44767595 0.10991473 0.22127151],0.0
1141,RACESURV5j_W43,RELIG,Atheist,[0.01210275 0.14587044 0.54403724 0.16472782 0.13326175],0.0
1142,RACESURV5j_W43,RELIG,Buddhist,[0.         0.08022197 0.5010619  0.1386184  0.28009774],0.031177975416305546
1143,RACESURV5j_W43,RELIG,Hindu,[0.09134103 0.08277594 0.365368   0.19487369 0.26564135],0.0
1144,RACESURV5j_W43,RELIG,Jewish,[0.         0.10585544 0.59522923 0.14262652 0.15628882],0.0
1145,RACESURV5j_W43,RELIG,Mormon,[0.12376241 0.15762965 0.43060806 0.08370698 0.20429289],0.0
1146,RACESURV5j_W43,RELIG,Muslim,[0.32002773 0.03065819 0.4706847  0.04046364 0.13816574],0.0
1147,RACESURV5j_W43,RELIG,Nothing in particular,[0.05789403 0.11477776 0.46467515 0.09978716 0.2628659 ],0.010766152642222172
1148,RACESURV5j_W43,RELIG,Orthodox,[0.07772193 0.13227077 0.7900073  0.         0.        ],0.0
1149,RACESURV5j_W43,RELIG,Other,[0.17459103 0.11196824 0.350871   0.20550781 0.15706191],0.0
1150,RACESURV5j_W43,RELIG,Protestant,[0.07823303 0.18688313 0.36586844 0.07972782 0.28928758],0.005615404284486009
1151,RACESURV5j_W43,RELIG,Roman Catholic,[0.10145478 0.138426   0.45843294 0.08476663 0.21691965],0.0004409381994311645
1152,RACESURV18e_W43,RELIG,Agnostic,[0.0719707  0.51625843 0.33272011 0.07905077],0.4007331238330694
1153,RACESURV18e_W43,RELIG,Atheist,[0.02722767 0.55437132 0.36957309 0.04882792],0.4174657180502475
1154,RACESURV18e_W43,RELIG,Buddhist,[0.09669477 0.56589936 0.19346577 0.14394011],0.1668289637950323
1155,RACESURV18e_W43,RELIG,Hindu,[0.07062766 0.4615339  0.46783844 0.        ],0.23528426955731685
1156,RACESURV18e_W43,RELIG,Jewish,[0.04407219 0.51631381 0.35347192 0.08614207],0.3727669369733105
1157,RACESURV18e_W43,RELIG,Mormon,[0.1574404  0.63426796 0.20829164 0.        ],0.43979677167531084
1158,RACESURV18e_W43,RELIG,Muslim,[0.08007285 0.54412928 0.33418316 0.04161471],0.22212738554850944
1159,RACESURV18e_W43,RELIG,Nothing in particular,[0.0755415  0.53381905 0.32116084 0.06947861],0.38417604555943435
1160,RACESURV18e_W43,RELIG,Orthodox,[0.         0.70997905 0.29002095 0.        ],0.4609459221759547
1161,RACESURV18e_W43,RELIG,Other,[0.0675064  0.5825063  0.31988825 0.03009906],0.3046252592791208
1162,RACESURV18e_W43,RELIG,Protestant,[0.09346454 0.57670547 0.28246631 0.04736368],0.3834258479577214
1163,RACESURV18e_W43,RELIG,Roman Catholic,[0.09052484 0.4982081  0.32053712 0.09072995],0.40632440041620665
1164,RACESURV5c_W43,RELIG,Agnostic,[0.04267725 0.03711624 0.50168052 0.23056417 0.18796182],0.002001607389686148
1165,RACESURV5c_W43,RELIG,Atheist,[0.00813292 0.05872507 0.48233508 0.29640794 0.15439898],0.0
1166,RACESURV5c_W43,RELIG,Buddhist,[0.04892809 0.1243853  0.27865675 0.38719311 0.16083674],0.017058320237875246
1167,RACESURV5c_W43,RELIG,Hindu,[0.0288005  0.09338857 0.32238343 0.18148075 0.37394675],0.02657254214603133
1168,RACESURV5c_W43,RELIG,Jewish,[0.08195963 0.07292106 0.45039531 0.16619453 0.22852947],0.0
1169,RACESURV5c_W43,RELIG,Mormon,[0.06705715 0.09746915 0.32932254 0.06130224 0.44484893],0.0
1170,RACESURV5c_W43,RELIG,Muslim,[0.07454166 0.17818625 0.48838672 0.09359614 0.16528924],0.0
1171,RACESURV5c_W43,RELIG,Nothing in particular,[0.07517227 0.08987584 0.35623818 0.19848092 0.28023279],0.009135209973086832
1172,RACESURV5c_W43,RELIG,Orthodox,[0.         0.32548861 0.26836859 0.04313606 0.36300673],0.06106272768988792
1173,RACESURV5c_W43,RELIG,Other,[0.05804731 0.08851363 0.38108722 0.26818736 0.20416447],0.01724979988301195
1174,RACESURV5c_W43,RELIG,Protestant,[0.06666889 0.13457479 0.32735829 0.12762682 0.34377121],0.008188344019699994
1175,RACESURV5c_W43,RELIG,Roman Catholic,[0.0770856  0.12367867 0.35343591 0.13809297 0.30770686],0.005719508538609726
1176,RACESURV44_W43,RELIG,Agnostic,[0.15058305 0.60638719 0.24302976 0.        ],0.07684208246068627
1177,RACESURV44_W43,RELIG,Atheist,[0.12288941 0.64544601 0.23166458 0.        ],0.10764839277729833
1178,RACESURV44_W43,RELIG,Buddhist,[0.08197763 0.82773726 0.09028511 0.        ],0.2207078880857088
1179,RACESURV44_W43,RELIG,Hindu,[0.13815566 0.53646303 0.32538131 0.        ],0.21621193838284924
1180,RACESURV44_W43,RELIG,Jewish,[0.09575075 0.70423552 0.20001373 0.        ],0.1833844648109328
1181,RACESURV44_W43,RELIG,Mormon,[0.06867522 0.7977621  0.13356268 0.        ],0.06346318427852247
1182,RACESURV44_W43,RELIG,Muslim,[0.23867715 0.52281498 0.23850787 0.        ],0.09582378976744349
1183,RACESURV44_W43,RELIG,Nothing in particular,[0.16311606 0.6743397  0.16254424 0.        ],0.14548740916526637
1184,RACESURV44_W43,RELIG,Orthodox,[0.2114951 0.6029326 0.1855723 0.       ],0.2825384763184345
1185,RACESURV44_W43,RELIG,Other,[0.16526696 0.69766138 0.13707166 0.        ],0.14412116157900637
1186,RACESURV44_W43,RELIG,Protestant,[0.15103639 0.701882   0.14708161 0.        ],0.12305725581363568
1187,RACESURV44_W43,RELIG,Roman Catholic,[0.17903205 0.68293053 0.13803742 0.        ],0.12198943741437226
1188,RACESURV38_W43,RELIG,Agnostic,[0.06700321 0.34137643 0.37456505 0.21705531],0.009337219033066363
1189,RACESURV38_W43,RELIG,Atheist,[0.03166604 0.32281645 0.50357291 0.1419446 ],0.0013940119679751778
1190,RACESURV38_W43,RELIG,Buddhist,[0.20575699 0.1344883  0.38222824 0.27752647],0.0
1191,RACESURV38_W43,RELIG,Hindu,[0.05284363 0.33415841 0.40820404 0.20479391],0.02657254214603133
1192,RACESURV38_W43,RELIG,Jewish,[0.08379816 0.3039931  0.34541338 0.26679537],0.0
1193,RACESURV38_W43,RELIG,Mormon,[0.04105589 0.17924441 0.39608036 0.38361934],0.0
1194,RACESURV38_W43,RELIG,Muslim,[0.34349856 0.35547347 0.16414593 0.13688205],0.007286472128105692
1195,RACESURV38_W43,RELIG,Nothing in particular,[0.06994959 0.29475925 0.34314578 0.29214538],0.0017856774422862931
1196,RACESURV38_W43,RELIG,Orthodox,[0.2485231  0.0669294  0.30167069 0.38287681],0.0
1197,RACESURV38_W43,RELIG,Other,[0.02207868 0.26597105 0.4465975  0.26535277],0.001046638124078191
1198,RACESURV38_W43,RELIG,Protestant,[0.06001055 0.28826456 0.35836825 0.29335663],0.007154359720421909
1199,RACESURV38_W43,RELIG,Roman Catholic,[0.06947957 0.26766373 0.38463372 0.27822298],0.004996303524952453
1200,RACESURV34b_W43,RELIG,Agnostic,[0.15268175 0.26218257 0.17197379 0.07683984 0.33632205],0.0
1201,RACESURV34b_W43,RELIG,Atheist,[0.22772937 0.28531024 0.2458178  0.06154132 0.17960127],0.006064343297342351
1202,RACESURV34b_W43,RELIG,Buddhist,[0.06154098 0.28387641 0.4131396  0.02744245 0.21400056],0.0
1203,RACESURV34b_W43,RELIG,Hindu,[0.21030111 0.10605543 0.21851003 0.09582789 0.36930555],0.02657254214603133
1204,RACESURV34b_W43,RELIG,Jewish,[0.14040782 0.21811798 0.17927173 0.09204636 0.37015611],0.0
1205,RACESURV34b_W43,RELIG,Mormon,[0.08476372 0.29499072 0.19133984 0.03094886 0.39795687],0.0
1206,RACESURV34b_W43,RELIG,Muslim,[0.30980867 0.17263097 0.06916303 0.06835502 0.38004231],0.0
1207,RACESURV34b_W43,RELIG,Nothing in particular,[0.13933522 0.20526144 0.21883809 0.06060845 0.3759568 ],0.006769728756297523
1208,RACESURV34b_W43,RELIG,Orthodox,[0.00484269 0.24037353 0.26939709 0.08984602 0.39554067],0.14415855033904143
1209,RACESURV34b_W43,RELIG,Other,[0.14988095 0.2181545  0.21847434 0.09552292 0.31796729],0.0
1210,RACESURV34b_W43,RELIG,Protestant,[0.10321513 0.20815833 0.20118904 0.04636813 0.44106938],0.006380553332198271
1211,RACESURV34b_W43,RELIG,Roman Catholic,[0.12234629 0.21218209 0.2156553  0.03926798 0.41054834],0.003066522971925267
1212,RACESURV20_W43,RELIG,Agnostic,[0.05598792 0.33109513 0.61291695],0.001940106925370754
1213,RACESURV20_W43,RELIG,Atheist,[0.01854883 0.32140645 0.66004472],0.0
1214,RACESURV20_W43,RELIG,Buddhist,[0.07990443 0.48839904 0.43169654],0.0
1215,RACESURV20_W43,RELIG,Hindu,[0.10933736 0.56158792 0.32907473],0.0
1216,RACESURV20_W43,RELIG,Jewish,[0.02937201 0.54546721 0.42516078],0.012411094900015655
1217,RACESURV20_W43,RELIG,Mormon,[0.01007324 0.32084579 0.66908097],0.007175727753557909
1218,RACESURV20_W43,RELIG,Muslim,[0.07345224 0.59312193 0.33342583],0.0
1219,RACESURV20_W43,RELIG,Nothing in particular,[0.07636552 0.37232879 0.55130569],0.004374528796736855
1220,RACESURV20_W43,RELIG,Orthodox,[0.00414457 0.3873763  0.60847912],0.0
1221,RACESURV20_W43,RELIG,Other,[0.06924985 0.4005491  0.53020104],0.004107296191135011
1222,RACESURV20_W43,RELIG,Protestant,[0.04928653 0.3642726  0.58644087],0.002810782805589979
1223,RACESURV20_W43,RELIG,Roman Catholic,[0.04435525 0.39879161 0.55685315],0.005281821870785512
0,RACESURV1c_W43,RELIGATTEND,A few times a year,[0.31439158 0.15862552 0.5269829 ],0.0007124405603816705
1,RACESURV1c_W43,RELIGATTEND,More than once a week,[0.40291725 0.09129153 0.50579122],0.000367120843477675
2,RACESURV1c_W43,RELIGATTEND,Never,[0.24329969 0.23003183 0.52666848],0.0019833545703860102
3,RACESURV1c_W43,RELIGATTEND,Once a week,[0.32425633 0.13397895 0.54176472],0.0018613339463404083
4,RACESURV1c_W43,RELIGATTEND,Once or twice a month,[0.37658809 0.1729266  0.45048531],0.010088434266210946
5,RACESURV1c_W43,RELIGATTEND,Seldom,[0.25031939 0.21038482 0.53929579],0.00011406363229691466
6,RACESURV28g_W43,RELIGATTEND,A few times a year,[0.35555918 0.03263386 0.61180696],0.012684194160269752
7,RACESURV28g_W43,RELIGATTEND,More than once a week,[0.24781525 0.03346898 0.71871577],0.01988747241428248
8,RACESURV28g_W43,RELIGATTEND,Never,[0.39085556 0.01932653 0.5898179 ],0.0075038785409692185
9,RACESURV28g_W43,RELIGATTEND,Once a week,[0.26255033 0.03550044 0.70194923],0.0054205137387033425
10,RACESURV28g_W43,RELIGATTEND,Once or twice a month,[0.32267197 0.02680226 0.65052577],0.008220101384937447
11,RACESURV28g_W43,RELIGATTEND,Seldom,[0.27798515 0.0166184  0.70539645],0.00860729082520287
12,RACESURV4_W43,RELIGATTEND,A few times a year,[0.61269608 0.14774736 0.23955656],0.011034676770039591
13,RACESURV4_W43,RELIGATTEND,More than once a week,[0.55294156 0.12112334 0.3259351 ],0.002950009079976124
14,RACESURV4_W43,RELIGATTEND,Never,[0.7092414  0.09664614 0.19411246],0.005001048613323603
15,RACESURV4_W43,RELIGATTEND,Once a week,[0.63645195 0.13689703 0.22665102],0.006550057709529848
16,RACESURV4_W43,RELIGATTEND,Once or twice a month,[0.55106115 0.15397491 0.29496393],0.0009266231013570531
17,RACESURV4_W43,RELIGATTEND,Seldom,[0.64977646 0.13712432 0.21309921],0.002923145854474148
18,RACESURV48_W43,RELIGATTEND,A few times a year,[0.51074482 0.29587369 0.10512432 0.08825717],0.007535792973724499
19,RACESURV48_W43,RELIGATTEND,More than once a week,[0.46237041 0.2253998  0.18164578 0.13058402],0.0059197985793764795
20,RACESURV48_W43,RELIGATTEND,Never,[0.48329656 0.28753472 0.09907312 0.1300956 ],0.01671172391038511
21,RACESURV48_W43,RELIGATTEND,Once a week,[0.44108668 0.26991565 0.15000701 0.13899066],0.0035990781655329367
22,RACESURV48_W43,RELIGATTEND,Once or twice a month,[0.54163753 0.26425717 0.15167256 0.04243274],0.005469442360888829
23,RACESURV48_W43,RELIGATTEND,Seldom,[0.4820381  0.25547817 0.13106128 0.13142245],0.0055597104970248785
24,RACESURV1b_W43,RELIGATTEND,A few times a year,[0.30617199 0.235791   0.45803701],0.0026503731856493133
25,RACESURV1b_W43,RELIGATTEND,More than once a week,[0.46579519 0.19916499 0.33503982],0.014018404886640419
26,RACESURV1b_W43,RELIGATTEND,Never,[0.29162894 0.30654436 0.4018267 ],0.0070649507237413745
27,RACESURV1b_W43,RELIGATTEND,Once a week,[0.35327765 0.21267578 0.43404658],0.0048741205207086784
28,RACESURV1b_W43,RELIGATTEND,Once or twice a month,[0.30574718 0.26270524 0.43154757],0.0
29,RACESURV1b_W43,RELIGATTEND,Seldom,[0.2782804  0.32154751 0.40017209],0.0001905842604598154
30,RACESURV34d_W43,RELIGATTEND,A few times a year,[0.67421004 0.19271122 0.03411469 0.01258962 0.08637443],0.005560004622986906
31,RACESURV34d_W43,RELIGATTEND,More than once a week,[0.72962011 0.11002301 0.03462826 0.01024459 0.11548403],0.004778057752817148
32,RACESURV34d_W43,RELIGATTEND,Never,[0.62916316 0.18515618 0.03559778 0.0224268  0.12765609],0.001983413346972884
33,RACESURV34d_W43,RELIGATTEND,Once a week,[0.69304535 0.14858805 0.02431359 0.02227116 0.11178185],0.0036315458186384998
34,RACESURV34d_W43,RELIGATTEND,Once or twice a month,[0.68630859 0.1484505  0.02883155 0.03438866 0.1020207 ],0.0
35,RACESURV34d_W43,RELIGATTEND,Seldom,[0.61124365 0.19075616 0.02521379 0.01706981 0.1557166 ],0.0018104046018133663
36,RACESURV29d_W43,RELIGATTEND,A few times a year,[0.15090076 0.39802324 0.346505   0.104571  ],0.0047689878355367905
37,RACESURV29d_W43,RELIGATTEND,More than once a week,[0.13846548 0.31825341 0.40913451 0.1341466 ],0.0021679279441869275
38,RACESURV29d_W43,RELIGATTEND,Never,[0.13811202 0.36454965 0.3746657  0.12267264],0.00169709108775569
39,RACESURV29d_W43,RELIGATTEND,Once a week,[0.15327877 0.3625542  0.366073   0.11809403],0.0034558250663752625
40,RACESURV29d_W43,RELIGATTEND,Once or twice a month,[0.14211717 0.38400562 0.33837421 0.135503  ],0.006181515094192049
41,RACESURV29d_W43,RELIGATTEND,Seldom,[0.13246418 0.39541494 0.34870992 0.12341096],0.0019689497592840417
42,RACESURV28f_W43,RELIGATTEND,A few times a year,[0.33040246 0.0338879  0.63570964],0.011675901662191165
43,RACESURV28f_W43,RELIGATTEND,More than once a week,[0.23329703 0.04396763 0.72273534],0.008679295402725261
44,RACESURV28f_W43,RELIGATTEND,Never,[0.4637407  0.03093891 0.50532039],0.015327552321794686
45,RACESURV28f_W43,RELIGATTEND,Once a week,[0.25557584 0.03380135 0.71062281],0.006302358098167485
46,RACESURV28f_W43,RELIGATTEND,Once or twice a month,[0.29814577 0.0263817  0.67547253],0.00306034472646628
47,RACESURV28f_W43,RELIGATTEND,Seldom,[0.3303545  0.03719069 0.6324548 ],0.004586633509685399
48,RACESURV5d_W43,RELIGATTEND,A few times a year,[0.09445247 0.26117741 0.19056005 0.01708881 0.43672126],0.011634075083510062
49,RACESURV5d_W43,RELIGATTEND,More than once a week,[0.0763965  0.29526728 0.1374213  0.04249881 0.44841611],0.006632518325714923
50,RACESURV5d_W43,RELIGATTEND,Never,[0.06881154 0.27408399 0.21321459 0.03962594 0.40426395],0.005374495222453448
51,RACESURV5d_W43,RELIGATTEND,Once a week,[0.11079112 0.26687079 0.14747447 0.04325371 0.43160991],0.013288249405154821
52,RACESURV5d_W43,RELIGATTEND,Once or twice a month,[0.10581272 0.26587825 0.12671188 0.03272128 0.46887586],0.005026900005248378
53,RACESURV5d_W43,RELIGATTEND,Seldom,[0.05548879 0.24486659 0.19770563 0.02767805 0.47426094],0.005970321756210883
54,RACESURV28a_W43,RELIGATTEND,A few times a year,[0.51790215 0.07601509 0.40608276],0.010963810267816967
55,RACESURV28a_W43,RELIGATTEND,More than once a week,[0.39860847 0.10623069 0.49516084],0.020152566757331545
56,RACESURV28a_W43,RELIGATTEND,Never,[0.58914193 0.04200402 0.36885404],0.012691235813733643
57,RACESURV28a_W43,RELIGATTEND,Once a week,[0.42494302 0.08870182 0.48635516],0.011209961842919424
58,RACESURV28a_W43,RELIGATTEND,Once or twice a month,[0.48734447 0.0650575  0.44759803],0.00560915369473715
59,RACESURV28a_W43,RELIGATTEND,Seldom,[0.49135255 0.06872838 0.43991908],0.008948257736369697
60,RACESURV10_W43,RELIGATTEND,A few times a year,[0.45566277 0.54433723],0.006335288543029118
61,RACESURV10_W43,RELIGATTEND,More than once a week,[0.5125626 0.4874374],0.01656775834404002
62,RACESURV10_W43,RELIGATTEND,Never,[0.32547801 0.67452199],0.01094341448850951
63,RACESURV10_W43,RELIGATTEND,Once a week,[0.51026046 0.48973954],0.014267553515944538
64,RACESURV10_W43,RELIGATTEND,Once or twice a month,[0.4210446 0.5789554],0.012036579911888907
65,RACESURV10_W43,RELIGATTEND,Seldom,[0.418972 0.581028],0.005099770362636612
66,RACATTN_W43,RELIGATTEND,A few times a year,[0.42531347 0.36617553 0.208511  ],0.010238655985963017
67,RACATTN_W43,RELIGATTEND,More than once a week,[0.61267939 0.2645     0.12282061],0.011122459654709703
68,RACATTN_W43,RELIGATTEND,Never,[0.36682933 0.39895562 0.23421505],0.00978179039269904
69,RACATTN_W43,RELIGATTEND,Once a week,[0.52830295 0.28632565 0.1853714 ],0.008476822165147615
70,RACATTN_W43,RELIGATTEND,Once or twice a month,[0.47665114 0.32696315 0.19638571],0.00019119416349689555
71,RACATTN_W43,RELIGATTEND,Seldom,[0.43361774 0.34757845 0.21880382],0.008990024839560915
72,RACESURV50_W43,RELIGATTEND,A few times a year,[0.43064709 0.56935291],0.03374419931867678
73,RACESURV50_W43,RELIGATTEND,More than once a week,[0.3255995 0.6744005],0.03638605197529772
74,RACESURV50_W43,RELIGATTEND,Never,[0.45682771 0.54317229],0.024716565660386276
75,RACESURV50_W43,RELIGATTEND,Once a week,[0.37714441 0.62285559],0.03126743414845665
76,RACESURV50_W43,RELIGATTEND,Once or twice a month,[0.41563821 0.58436179],0.01131933773486708
77,RACESURV50_W43,RELIGATTEND,Seldom,[0.4155742 0.5844258],0.03463405696455717
78,RACESURV28d_W43,RELIGATTEND,A few times a year,[0.72333682 0.02834039 0.24832278],0.007238112362526631
79,RACESURV28d_W43,RELIGATTEND,More than once a week,[0.55560335 0.03068509 0.41371156],0.006772581540401744
80,RACESURV28d_W43,RELIGATTEND,Never,[0.71556346 0.02779567 0.25664087],0.0029909464110780613
81,RACESURV28d_W43,RELIGATTEND,Once a week,[0.59768444 0.02334519 0.37897037],0.00923973628052484
82,RACESURV28d_W43,RELIGATTEND,Once or twice a month,[0.6301386  0.02082361 0.34903779],0.014349776201216519
83,RACESURV28d_W43,RELIGATTEND,Seldom,[0.66910383 0.02368161 0.30721456],0.0015554505940010843
84,RACESURV28e_W43,RELIGATTEND,A few times a year,[0.68272376 0.03607116 0.28120508],0.023461752153860847
85,RACESURV28e_W43,RELIGATTEND,More than once a week,[0.57313352 0.04485088 0.3820156 ],0.02773178902534261
86,RACESURV28e_W43,RELIGATTEND,Never,[0.73053145 0.02343658 0.24603197],0.009037458653636317
87,RACESURV28e_W43,RELIGATTEND,Once a week,[0.5337284  0.07814682 0.38812478],0.014140071444830742
88,RACESURV28e_W43,RELIGATTEND,Once or twice a month,[0.58822445 0.04781342 0.36396213],0.003090984302982463
89,RACESURV28e_W43,RELIGATTEND,Seldom,[0.6499347  0.01844387 0.33162143],0.0013914593725290513
90,ADMISSIONe_W43,RELIGATTEND,A few times a year,[0.22675714 0.5125646  0.26067826],8.78267868788538e-05
91,ADMISSIONe_W43,RELIGATTEND,More than once a week,[0.21696179 0.45159943 0.33143878],0.013815154108243284
92,ADMISSIONe_W43,RELIGATTEND,Never,[0.18952456 0.49247226 0.31800318],0.00500964896871725
93,ADMISSIONe_W43,RELIGATTEND,Once a week,[0.26730873 0.50430174 0.22838954],0.0028121100082695778
94,ADMISSIONe_W43,RELIGATTEND,Once or twice a month,[0.25523603 0.49719569 0.24756829],0.00293280897255569
95,ADMISSIONe_W43,RELIGATTEND,Seldom,[0.19457298 0.50392027 0.30150675],0.0022259711583369913
96,RACESURV53b_W43,RELIGATTEND,A few times a year,[0.33201436 0.66798564],0.008693897541494938
97,RACESURV53b_W43,RELIGATTEND,More than once a week,[0.38675994 0.61324006],0.019452162920616307
98,RACESURV53b_W43,RELIGATTEND,Never,[0.3033969 0.6966031],0.004874977696507941
99,RACESURV53b_W43,RELIGATTEND,Once a week,[0.3006848 0.6993152],0.015525318652311316
100,RACESURV53b_W43,RELIGATTEND,Once or twice a month,[0.35992647 0.64007353],0.0025488089682708702
101,RACESURV53b_W43,RELIGATTEND,Seldom,[0.32487136 0.67512864],0.005619653069639707
102,RACESURV37_W43,RELIGATTEND,A few times a year,[0.63985918 0.36014082],0.004610540128306995
103,RACESURV37_W43,RELIGATTEND,More than once a week,[0.57957913 0.42042087],0.00047543763026549913
104,RACESURV37_W43,RELIGATTEND,Never,[0.64426184 0.35573816],0.004663754672788151
105,RACESURV37_W43,RELIGATTEND,Once a week,[0.60184097 0.39815903],0.005557168638054808
106,RACESURV37_W43,RELIGATTEND,Once or twice a month,[0.6286752 0.3713248],0.0013011251603728222
107,RACESURV37_W43,RELIGATTEND,Seldom,[0.61542766 0.38457234],0.008930970224833057
108,RACESURV45_W43,RELIGATTEND,A few times a year,[0.05303497 0.42870419 0.51826084 0.        ],0.23518456909646918
109,RACESURV45_W43,RELIGATTEND,More than once a week,[0.05045897 0.42812685 0.52141418 0.        ],0.2736183727571888
110,RACESURV45_W43,RELIGATTEND,Never,[0.0553979  0.35710129 0.58750081 0.        ],0.253101058712412
111,RACESURV45_W43,RELIGATTEND,Once a week,[0.06046252 0.41214341 0.52739407 0.        ],0.2711865552366359
112,RACESURV45_W43,RELIGATTEND,Once or twice a month,[0.05303765 0.39370821 0.55325413 0.        ],0.24357334390939261
113,RACESURV45_W43,RELIGATTEND,Seldom,[0.03501057 0.38081315 0.58417628 0.        ],0.26868815764835413
114,RACESURV5h_W43,RELIGATTEND,A few times a year,[0.09152281 0.18721283 0.10211876 0.04575468 0.57339092],0.009850032561878958
115,RACESURV5h_W43,RELIGATTEND,More than once a week,[0.17095382 0.19094468 0.13547784 0.07517561 0.42744804],0.006239094636578844
116,RACESURV5h_W43,RELIGATTEND,Never,[0.11502717 0.22875286 0.08302764 0.04134494 0.53184738],0.010454802153897153
117,RACESURV5h_W43,RELIGATTEND,Once a week,[0.10342276 0.16190327 0.1507025  0.08335145 0.50062002],0.00457968208440719
118,RACESURV5h_W43,RELIGATTEND,Once or twice a month,[0.11976002 0.2122311  0.12501912 0.05491093 0.48807883],0.00656713755100008
119,RACESURV5h_W43,RELIGATTEND,Seldom,[0.0911842  0.16641455 0.10493217 0.0428403  0.59462878],0.01001644175315599
120,ADMISSIONc_W43,RELIGATTEND,A few times a year,[0.09913194 0.25429328 0.64657477],0.0
121,ADMISSIONc_W43,RELIGATTEND,More than once a week,[0.04860625 0.23524722 0.71614653],0.005598757217537153
122,ADMISSIONc_W43,RELIGATTEND,Never,[0.03443544 0.21171662 0.75384794],0.0019391966547798879
123,ADMISSIONc_W43,RELIGATTEND,Once a week,[0.08020358 0.27633482 0.6434616 ],0.009019557732633103
124,ADMISSIONc_W43,RELIGATTEND,Once or twice a month,[0.07711675 0.23897263 0.68391062],0.0019665552787820973
125,ADMISSIONc_W43,RELIGATTEND,Seldom,[0.04723525 0.24313597 0.70962878],0.0031755758137155866
126,RACESURV1d_W43,RELIGATTEND,A few times a year,[0.2647927  0.40647994 0.32872736],0.0029246614639968473
127,RACESURV1d_W43,RELIGATTEND,More than once a week,[0.33899516 0.30865554 0.35234929],0.0007826613926202686
128,RACESURV1d_W43,RELIGATTEND,Never,[0.25359782 0.43199222 0.31440997],0.003908244793363951
129,RACESURV1d_W43,RELIGATTEND,Once a week,[0.32903548 0.30089891 0.37006561],0.0020595809639598834
130,RACESURV1d_W43,RELIGATTEND,Once or twice a month,[0.2963279  0.41647361 0.28719849],0.0
131,RACESURV1d_W43,RELIGATTEND,Seldom,[0.25707506 0.40905244 0.33387249],0.001076893058306778
132,RACESURV5f_W43,RELIGATTEND,A few times a year,[0.06697082 0.15631314 0.15575    0.06469116 0.55627487],0.008892826432827202
133,RACESURV5f_W43,RELIGATTEND,More than once a week,[0.07308112 0.13307705 0.17819955 0.05643172 0.55921056],0.005791446655305141
134,RACESURV5f_W43,RELIGATTEND,Never,[0.07486973 0.16527739 0.17269284 0.04080231 0.54635774],0.00903071520342188
135,RACESURV5f_W43,RELIGATTEND,Once a week,[0.06888954 0.15603634 0.22113195 0.02547858 0.52846358],0.017901847621876982
136,RACESURV5f_W43,RELIGATTEND,Once or twice a month,[0.0825056  0.14314663 0.15035523 0.02667617 0.59731637],0.008856477951936913
137,RACESURV5f_W43,RELIGATTEND,Seldom,[0.08323864 0.13725189 0.14045958 0.02386452 0.61518537],0.0036640848038129526
138,RACESURV19c_W43,RELIGATTEND,A few times a year,[0.48600344 0.28839983 0.22559672],0.004344567597155292
139,RACESURV19c_W43,RELIGATTEND,More than once a week,[0.29038712 0.25684467 0.45276821],0.0012959839955046979
140,RACESURV19c_W43,RELIGATTEND,Never,[0.58700267 0.22429989 0.18869745],0.005574365385985491
141,RACESURV19c_W43,RELIGATTEND,Once a week,[0.43618255 0.28740474 0.27641271],0.008377026201294326
142,RACESURV19c_W43,RELIGATTEND,Once or twice a month,[0.4780007  0.31398901 0.20801029],0.0
143,RACESURV19c_W43,RELIGATTEND,Seldom,[0.44384373 0.32764149 0.22851478],0.00022330298431405893
144,RACESURV29b_W43,RELIGATTEND,A few times a year,[0.27875089 0.50230597 0.19185927 0.02708387],0.005998682201712625
145,RACESURV29b_W43,RELIGATTEND,More than once a week,[0.35941268 0.45174934 0.16300343 0.02583455],0.003114499128413913
146,RACESURV29b_W43,RELIGATTEND,Never,[0.24658299 0.41813062 0.27624419 0.0590422 ],0.000340857468694263
147,RACESURV29b_W43,RELIGATTEND,Once a week,[0.28534952 0.43923414 0.23766836 0.03774798],0.0022894711723551067
148,RACESURV29b_W43,RELIGATTEND,Once or twice a month,[0.35624387 0.42990661 0.16752803 0.04632149],0.004484086600779217
149,RACESURV29b_W43,RELIGATTEND,Seldom,[0.28734257 0.4290795  0.23509607 0.04848187],0.0016158503949869896
150,RACESURV47a_W43,RELIGATTEND,A few times a year,[0.26873085 0.30358098 0.15951041 0.26817777],0.1627197749346434
151,RACESURV47a_W43,RELIGATTEND,More than once a week,[0.38114576 0.33743451 0.08024529 0.20117444],0.15095539739228137
152,RACESURV47a_W43,RELIGATTEND,Never,[0.25896125 0.23899007 0.17417464 0.32787403],0.1720893058204761
153,RACESURV47a_W43,RELIGATTEND,Once a week,[0.31517082 0.35280997 0.14004859 0.19197062],0.17076978512915386
154,RACESURV47a_W43,RELIGATTEND,Once or twice a month,[0.30419896 0.37047438 0.1675609  0.15776576],0.20616023680070733
155,RACESURV47a_W43,RELIGATTEND,Seldom,[0.29969358 0.34404898 0.11778546 0.23847197],0.21503313302062735
156,RACESURV27_W43,RELIGATTEND,A few times a year,[0.08126322 0.29973831 0.34831387 0.27068461],0.007838943540286497
157,RACESURV27_W43,RELIGATTEND,More than once a week,[0.06351043 0.25628984 0.32558577 0.35461396],0.01933793573116803
158,RACESURV27_W43,RELIGATTEND,Never,[0.07925787 0.27845844 0.34910546 0.29317822],0.010398572100620349
159,RACESURV27_W43,RELIGATTEND,Once a week,[0.06362213 0.23728063 0.35889134 0.3402059 ],0.018524158704077656
160,RACESURV27_W43,RELIGATTEND,Once or twice a month,[0.06381829 0.24340051 0.38068241 0.31209879],0.012480603138614111
161,RACESURV27_W43,RELIGATTEND,Seldom,[0.0632065  0.26704817 0.35864801 0.31109732],0.010000207146985685
162,RACESURV5b_W43,RELIGATTEND,A few times a year,[0.10584956 0.10640694 0.32489715 0.21532105 0.2475253 ],0.010642865311334982
163,RACESURV5b_W43,RELIGATTEND,More than once a week,[0.1278492  0.11560988 0.29008674 0.18364342 0.28281075],0.0049033060799852255
164,RACESURV5b_W43,RELIGATTEND,Never,[0.05343513 0.07286311 0.33428832 0.33996674 0.1994467 ],0.006890109587950772
165,RACESURV5b_W43,RELIGATTEND,Once a week,[0.08960966 0.13822251 0.30030319 0.19841392 0.27345072],0.005823744380301413
166,RACESURV5b_W43,RELIGATTEND,Once or twice a month,[0.08134303 0.11797898 0.2701828  0.23612667 0.29436852],0.0032228283316704195
167,RACESURV5b_W43,RELIGATTEND,Seldom,[0.06605601 0.10269513 0.30813519 0.24791606 0.2751976 ],0.006316673692076763
168,RACESURV18a_W43,RELIGATTEND,A few times a year,[0.07526274 0.58136478 0.29127578 0.0520967 ],0.13178883116638324
169,RACESURV18a_W43,RELIGATTEND,More than once a week,[0.0982414  0.60345837 0.2447996  0.05350063],0.13052167342558954
170,RACESURV18a_W43,RELIGATTEND,Never,[0.06036139 0.53185352 0.34061779 0.0671673 ],0.11226807342344221
171,RACESURV18a_W43,RELIGATTEND,Once a week,[0.10871238 0.60772011 0.25078671 0.03278079],0.11453122229966348
172,RACESURV18a_W43,RELIGATTEND,Once or twice a month,[0.1178095  0.58166934 0.26317979 0.03734137],0.10259969482818095
173,RACESURV18a_W43,RELIGATTEND,Seldom,[0.07262657 0.58190108 0.28559739 0.05987497],0.12458008901290456
174,RACESURV28c_W43,RELIGATTEND,A few times a year,[0.44313317 0.04005026 0.51681657],0.01263539512594601
175,RACESURV28c_W43,RELIGATTEND,More than once a week,[0.33351681 0.04270665 0.62377654],0.03715281546812108
176,RACESURV28c_W43,RELIGATTEND,Never,[0.52732482 0.03030243 0.44237274],0.01899148596210362
177,RACESURV28c_W43,RELIGATTEND,Once a week,[0.38140057 0.03029802 0.5883014 ],0.02047027302920808
178,RACESURV28c_W43,RELIGATTEND,Once or twice a month,[0.40878235 0.0114022  0.57981545],0.006853199929061496
179,RACESURV28c_W43,RELIGATTEND,Seldom,[0.42274857 0.02761379 0.54963764],0.014369142424978118
180,RACESURV18d_W43,RELIGATTEND,A few times a year,[0.18060431 0.72779686 0.07877908 0.01281974],0.16080099443335208
181,RACESURV18d_W43,RELIGATTEND,More than once a week,[0.17818388 0.69400193 0.09343088 0.03438331],0.19748360686146174
182,RACESURV18d_W43,RELIGATTEND,Never,[0.1825171  0.68257062 0.10929301 0.02561927],0.13410256040702373
183,RACESURV18d_W43,RELIGATTEND,Once a week,[0.24485987 0.68028734 0.06667733 0.00817547],0.13452183349826058
184,RACESURV18d_W43,RELIGATTEND,Once or twice a month,[2.33609955e-01 6.72270040e-01 9.38896416e-02 2.30363068e-04],0.15216812463961346
185,RACESURV18d_W43,RELIGATTEND,Seldom,[0.1819261  0.72092854 0.08067086 0.0164745 ],0.15757257933647198
186,RACESURV51_W43,RELIGATTEND,A few times a year,[0.24593265 0.08334336 0.67072398],0.010445066923856473
187,RACESURV51_W43,RELIGATTEND,More than once a week,[0.15970254 0.0592951  0.78100236],0.017924476906511895
188,RACESURV51_W43,RELIGATTEND,Never,[0.28362968 0.09136019 0.62501013],0.015124960288965874
189,RACESURV51_W43,RELIGATTEND,Once a week,[0.21663918 0.05101365 0.73234717],0.019676672353152475
190,RACESURV51_W43,RELIGATTEND,Once or twice a month,[0.27896855 0.09228615 0.6287453 ],0.009852577917471631
191,RACESURV51_W43,RELIGATTEND,Seldom,[0.23172839 0.07222455 0.69604705],0.01060480568973264
192,RACESURV47b_W43,RELIGATTEND,A few times a year,[0.20969344 0.20766048 0.1587184  0.42392767],0.11568788632734509
193,RACESURV47b_W43,RELIGATTEND,More than once a week,[0.07322434 0.25579488 0.13956238 0.5314184 ],0.06885996801213558
194,RACESURV47b_W43,RELIGATTEND,Never,[0.17355598 0.31233209 0.15575482 0.35835711],0.16341418840945912
195,RACESURV47b_W43,RELIGATTEND,Once a week,[0.12172849 0.17056205 0.20214997 0.50555948],0.07611291493761801
196,RACESURV47b_W43,RELIGATTEND,Once or twice a month,[0.07567163 0.20320367 0.19267404 0.52845065],0.11054277681031242
197,RACESURV47b_W43,RELIGATTEND,Seldom,[0.1349407  0.21634715 0.17361071 0.47510145],0.1370271743098568
198,RACESURV19b_W43,RELIGATTEND,A few times a year,[0.28722726 0.32299221 0.38978053],0.008937923028005374
199,RACESURV19b_W43,RELIGATTEND,More than once a week,[0.44300842 0.20478843 0.35220315],0.009417546219505317
200,RACESURV19b_W43,RELIGATTEND,Never,[0.27801866 0.23475831 0.48722302],0.0063027904677554385
201,RACESURV19b_W43,RELIGATTEND,Once a week,[0.33925475 0.28086243 0.37988282],0.0060592705869623115
202,RACESURV19b_W43,RELIGATTEND,Once or twice a month,[0.31980698 0.32332683 0.35686619],0.0034672442307258204
203,RACESURV19b_W43,RELIGATTEND,Seldom,[0.29158591 0.31203371 0.39638037],0.01138721358531398
204,RACESURV14_W43,RELIGATTEND,A few times a year,[0.15480222 0.16227603 0.13482588 0.54809587],0.01559409662294729
205,RACESURV14_W43,RELIGATTEND,More than once a week,[0.27631814 0.20373868 0.17751491 0.34242827],0.05028629072492502
206,RACESURV14_W43,RELIGATTEND,Never,[0.10429508 0.09910757 0.11678126 0.67981609],0.013260335763002245
207,RACESURV14_W43,RELIGATTEND,Once a week,[0.28330677 0.16492377 0.12516843 0.42660104],0.013952586903148878
208,RACESURV14_W43,RELIGATTEND,Once or twice a month,[0.18285324 0.18366545 0.12593889 0.50754242],0.0032037679874607106
209,RACESURV14_W43,RELIGATTEND,Seldom,[0.14931724 0.14364975 0.15481518 0.55221783],0.013017006879485708
210,ADMISSIONg_W43,RELIGATTEND,A few times a year,[0.70170209 0.24591832 0.05237958],0.0004592732733465262
211,ADMISSIONg_W43,RELIGATTEND,More than once a week,[0.65552765 0.28864932 0.05582303],0.0131309040954159
212,ADMISSIONg_W43,RELIGATTEND,Never,[0.65601132 0.28074307 0.06324561],0.0015752308452457204
213,ADMISSIONg_W43,RELIGATTEND,Once a week,[0.72403646 0.21919693 0.05676661],0.000865319732951718
214,ADMISSIONg_W43,RELIGATTEND,Once or twice a month,[0.68879674 0.26433958 0.04686368],0.0009184352624549499
215,ADMISSIONg_W43,RELIGATTEND,Seldom,[0.65896474 0.29543189 0.04560337],0.0026172339251248093
216,RACESURV52_W43,RELIGATTEND,A few times a year,[0.10247271 0.21556157 0.26649414 0.41547157],0.0050103277209327494
217,RACESURV52_W43,RELIGATTEND,More than once a week,[0.1927915  0.1992747  0.22067513 0.38725867],0.0037226828677136862
218,RACESURV52_W43,RELIGATTEND,Never,[0.09809891 0.15386936 0.22055785 0.52747388],0.004277746178887331
219,RACESURV52_W43,RELIGATTEND,Once a week,[0.13827228 0.21472071 0.24575579 0.40125123],0.001654360083273453
220,RACESURV52_W43,RELIGATTEND,Once or twice a month,[0.1136604  0.18035513 0.22847657 0.47750789],0.003404018063963815
221,RACESURV52_W43,RELIGATTEND,Seldom,[0.12318149 0.18301204 0.26772969 0.42607678],0.0029062103172520434
222,RACESURV34a_W43,RELIGATTEND,A few times a year,[0.16022345 0.27785819 0.10279888 0.0369077  0.42221178],0.0037719681718537115
223,RACESURV34a_W43,RELIGATTEND,More than once a week,[0.0873422  0.17985937 0.10828647 0.04441302 0.58009894],0.0067435587845386695
224,RACESURV34a_W43,RELIGATTEND,Never,[0.18287655 0.27637749 0.06614299 0.03432186 0.44028111],0.006737339741198402
225,RACESURV34a_W43,RELIGATTEND,Once a week,[0.15508162 0.20010278 0.09861745 0.04844786 0.49775029],0.005825720458027226
226,RACESURV34a_W43,RELIGATTEND,Once or twice a month,[0.13909315 0.2016408  0.14013432 0.04655829 0.47257344],0.010865253300461508
227,RACESURV34a_W43,RELIGATTEND,Seldom,[0.13264028 0.2585669  0.07585675 0.0283441  0.50459197],0.008992825034323164
228,ADMISSIONa_W43,RELIGATTEND,A few times a year,[0.07765417 0.21444131 0.70790452],0.0
229,ADMISSIONa_W43,RELIGATTEND,More than once a week,[0.03457805 0.12484943 0.84057252],0.0028802024767812795
230,ADMISSIONa_W43,RELIGATTEND,Never,[0.06748915 0.23277356 0.69973729],0.001100457894552153
231,ADMISSIONa_W43,RELIGATTEND,Once a week,[0.07233476 0.15986248 0.76780276],0.003993399233369879
232,ADMISSIONa_W43,RELIGATTEND,Once or twice a month,[0.09221671 0.15161331 0.75616998],0.0030248580050173416
233,ADMISSIONa_W43,RELIGATTEND,Seldom,[0.04769525 0.18495709 0.76734766],0.0023126603991059564
234,RACESURV34c_W43,RELIGATTEND,A few times a year,[0.1561206  0.22804897 0.18301077 0.11049482 0.32232485],0.0029075487001545683
235,RACESURV34c_W43,RELIGATTEND,More than once a week,[0.12516756 0.11848218 0.23363192 0.19595322 0.32676512],0.0056398140331546925
236,RACESURV34c_W43,RELIGATTEND,Never,[0.17567513 0.18846382 0.18099561 0.16996749 0.28489795],0.005230891328624104
237,RACESURV34c_W43,RELIGATTEND,Once a week,[0.14649693 0.20111942 0.18900723 0.11351026 0.34986616],0.0028971846981275837
238,RACESURV34c_W43,RELIGATTEND,Once or twice a month,[0.15949591 0.17596459 0.19138381 0.14899051 0.32416519],0.0
239,RACESURV34c_W43,RELIGATTEND,Seldom,[0.13744893 0.18462957 0.18574039 0.14446361 0.3477175 ],0.003764625878354641
240,RACESURV7_W43,RELIGATTEND,A few times a year,[0.13495517 0.38762382 0.38761352 0.0898075 ],0.0005223066645421167
241,RACESURV7_W43,RELIGATTEND,More than once a week,[0.13579087 0.34655268 0.37609798 0.14155848],0.002494721047997583
242,RACESURV7_W43,RELIGATTEND,Never,[0.1471837  0.41512131 0.31089411 0.12680088],0.0004989427555231476
243,RACESURV7_W43,RELIGATTEND,Once a week,[0.14287224 0.36095429 0.35722215 0.13895132],0.0
244,RACESURV7_W43,RELIGATTEND,Once or twice a month,[0.22612223 0.36176321 0.29722654 0.11488801],0.0
245,RACESURV7_W43,RELIGATTEND,Seldom,[0.12974921 0.38932522 0.36550606 0.11541951],0.0009211106461368485
246,RACESURV5i_W43,RELIGATTEND,A few times a year,[0.36510446 0.2857982  0.08684224 0.02831365 0.23394146],0.009554386671113425
247,RACESURV5i_W43,RELIGATTEND,More than once a week,[0.29265058 0.34159655 0.08868152 0.0026689  0.27440245],0.02344661393649545
248,RACESURV5i_W43,RELIGATTEND,Never,[0.41309705 0.27967436 0.04926938 0.02790468 0.23005453],0.0018970859641918181
249,RACESURV5i_W43,RELIGATTEND,Once a week,[0.36847112 0.31213888 0.10358859 0.03361594 0.18218546],0.001384704915158377
250,RACESURV5i_W43,RELIGATTEND,Once or twice a month,[0.34903054 0.2239817  0.07461449 0.02321652 0.32915676],0.0
251,RACESURV5i_W43,RELIGATTEND,Seldom,[0.38431184 0.30391843 0.06077376 0.02373604 0.22725993],0.0038377800186776747
252,RACESURV6_W43,RELIGATTEND,A few times a year,[0.42368923 0.57631077],0.009660169470405636
253,RACESURV6_W43,RELIGATTEND,More than once a week,[0.53990051 0.46009949],0.019234888547843047
254,RACESURV6_W43,RELIGATTEND,Never,[0.37687117 0.62312883],0.007952439648794985
255,RACESURV6_W43,RELIGATTEND,Once a week,[0.50714501 0.49285499],0.007771622401566436
256,RACESURV6_W43,RELIGATTEND,Once or twice a month,[0.52609114 0.47390886],0.00849317181021286
257,RACESURV6_W43,RELIGATTEND,Seldom,[0.48444131 0.51555869],0.006008748618885104
258,RACESURV5e_W43,RELIGATTEND,A few times a year,[0.06841574 0.19004266 0.22457572 0.13541405 0.38155184],0.007780476076840842
259,RACESURV5e_W43,RELIGATTEND,More than once a week,[0.11476814 0.1872803  0.21452888 0.06551329 0.4179094 ],0.007041222198300513
260,RACESURV5e_W43,RELIGATTEND,Never,[0.04940386 0.15571179 0.24580519 0.2628019  0.28627727],0.01050417780140591
261,RACESURV5e_W43,RELIGATTEND,Once a week,[0.10735991 0.17445234 0.20408829 0.11711886 0.3969806 ],0.011397443553123096
262,RACESURV5e_W43,RELIGATTEND,Once or twice a month,[0.03066963 0.18750366 0.23724071 0.16496852 0.37961748],0.00656713755100008
263,RACESURV5e_W43,RELIGATTEND,Seldom,[0.0455211  0.14121094 0.24604864 0.13967049 0.42754883],0.00503160695154709
264,RACESURV53e_W43,RELIGATTEND,A few times a year,[0.44179016 0.55820984],0.006123984155642474
265,RACESURV53e_W43,RELIGATTEND,More than once a week,[0.44219815 0.55780185],0.018009940334544082
266,RACESURV53e_W43,RELIGATTEND,Never,[0.42515633 0.57484367],0.007068637820390493
267,RACESURV53e_W43,RELIGATTEND,Once a week,[0.38920283 0.61079717],0.00829811797554645
268,RACESURV53e_W43,RELIGATTEND,Once or twice a month,[0.46437236 0.53562764],0.004551262310556005
269,RACESURV53e_W43,RELIGATTEND,Seldom,[0.44165161 0.55834839],0.004481976193192421
270,RACESURV41_W43,RELIGATTEND,A few times a year,[0.0588532  0.56824673 0.37290007 0.        ],0.14350849861373843
271,RACESURV41_W43,RELIGATTEND,More than once a week,[0.13837206 0.47306275 0.3885652  0.        ],0.19881776922451852
272,RACESURV41_W43,RELIGATTEND,Never,[0.06687162 0.47226645 0.46086193 0.        ],0.12867769004003043
273,RACESURV41_W43,RELIGATTEND,Once a week,[0.09739733 0.56506314 0.33753953 0.        ],0.13294004780127133
274,RACESURV41_W43,RELIGATTEND,Once or twice a month,[0.09015609 0.57045183 0.33939209 0.        ],0.1427478559460282
275,RACESURV41_W43,RELIGATTEND,Seldom,[0.04973261 0.55662971 0.39363768 0.        ],0.13219743342819512
276,RACESURV1a_W43,RELIGATTEND,A few times a year,[0.21877482 0.30250506 0.47872011],0.00045223229835546707
277,RACESURV1a_W43,RELIGATTEND,More than once a week,[0.33926461 0.26049635 0.40023904],0.0
278,RACESURV1a_W43,RELIGATTEND,Never,[0.19864685 0.31214796 0.4892052 ],0.003941909606936885
279,RACESURV1a_W43,RELIGATTEND,Once a week,[0.27378251 0.27417297 0.45204452],0.0008957583727531135
280,RACESURV1a_W43,RELIGATTEND,Once or twice a month,[0.22933742 0.32537006 0.44529252],0.0024191382553531036
281,RACESURV1a_W43,RELIGATTEND,Seldom,[0.21692326 0.32529904 0.4577777 ],0.0009502605591431877
282,RACESURV47d_W43,RELIGATTEND,A few times a year,[0.19605206 0.48024504 0.17537669 0.14832621],0.11519719667657007
283,RACESURV47d_W43,RELIGATTEND,More than once a week,[0.23516382 0.3961193  0.221227   0.14748989],0.12293732877145105
284,RACESURV47d_W43,RELIGATTEND,Never,[0.19018255 0.35491792 0.26206217 0.19283736],0.12218243323684781
285,RACESURV47d_W43,RELIGATTEND,Once a week,[0.30169966 0.4046602  0.2033737  0.09026645],0.10603611427474571
286,RACESURV47d_W43,RELIGATTEND,Once or twice a month,[0.29850882 0.37178785 0.18793188 0.14177145],0.15710576892548692
287,RACESURV47d_W43,RELIGATTEND,Seldom,[0.21512756 0.3858861  0.25235717 0.14662918],0.15978645846905165
288,RACESURV9_W43,RELIGATTEND,A few times a year,[0.11090337 0.44978964 0.08817873 0.02530256 0.32582569],0.003746245952607839
289,RACESURV9_W43,RELIGATTEND,More than once a week,[0.15176072 0.40195362 0.09476261 0.02384001 0.32768304],0.002474971342613822
290,RACESURV9_W43,RELIGATTEND,Never,[0.13370741 0.44258114 0.12935512 0.02754253 0.2668138 ],0.0017384813719165573
291,RACESURV9_W43,RELIGATTEND,Once a week,[0.13319167 0.45556945 0.10695897 0.01787577 0.28640414],0.005395221048544169
292,RACESURV9_W43,RELIGATTEND,Once or twice a month,[0.13152864 0.41124334 0.10767766 0.03267786 0.3168725 ],0.0038073954578047094
293,RACESURV9_W43,RELIGATTEND,Seldom,[0.14926019 0.43912572 0.1105504  0.02119638 0.27986731],0.0020644784865832214
294,RACESURV22_W43,RELIGATTEND,A few times a year,[0.03264775 0.17134417 0.21576379 0.58024429],0.001624396649952561
295,RACESURV22_W43,RELIGATTEND,More than once a week,[0.03560291 0.08540388 0.17948953 0.69950368],0.0027939052609574928
296,RACESURV22_W43,RELIGATTEND,Never,[0.03973994 0.12101604 0.18233499 0.65690903],0.0005468693813391674
297,RACESURV22_W43,RELIGATTEND,Once a week,[0.03744903 0.12252492 0.23104921 0.60897684],0.002436955665676845
298,RACESURV22_W43,RELIGATTEND,Once or twice a month,[0.04355305 0.11564976 0.22819852 0.61259867],0.0025929206353383348
299,RACESURV22_W43,RELIGATTEND,Seldom,[0.02105298 0.11820275 0.21163167 0.6491126 ],0.0034004526953302764
300,ADMISSIONd_W43,RELIGATTEND,A few times a year,[0.08848559 0.35876896 0.55274546],0.0031513808046660682
301,ADMISSIONd_W43,RELIGATTEND,More than once a week,[0.04768982 0.29726904 0.65504114],0.008195776748737232
302,ADMISSIONd_W43,RELIGATTEND,Never,[0.0612271  0.30948708 0.62928582],0.001635857626951309
303,ADMISSIONd_W43,RELIGATTEND,Once a week,[0.09362403 0.34587349 0.56050249],0.002581811018915387
304,ADMISSIONd_W43,RELIGATTEND,Once or twice a month,[0.08166934 0.40100973 0.51732094],0.0
305,ADMISSIONd_W43,RELIGATTEND,Seldom,[0.06908838 0.35976247 0.57114915],0.0061830911101342185
306,RACESURV53g_W43,RELIGATTEND,A few times a year,[0.3842333 0.6157667],0.011933452681579254
307,RACESURV53g_W43,RELIGATTEND,More than once a week,[0.35195263 0.64804737],0.022516914863141575
308,RACESURV53g_W43,RELIGATTEND,Never,[0.42183635 0.57816365],0.009086805768459907
309,RACESURV53g_W43,RELIGATTEND,Once a week,[0.34641109 0.65358891],0.01190400483384993
310,RACESURV53g_W43,RELIGATTEND,Once or twice a month,[0.48202288 0.51797712],0.00048658963681463103
311,RACESURV53g_W43,RELIGATTEND,Seldom,[0.41793632 0.58206368],0.006443401514307646
312,RACESURV5a_W43,RELIGATTEND,A few times a year,[0.35586655 0.22652472 0.09293672 0.05163545 0.27303657],0.013695678487438084
313,RACESURV5a_W43,RELIGATTEND,More than once a week,[0.28661065 0.2110518  0.07032761 0.06602593 0.36598401],0.016871273805798698
314,RACESURV5a_W43,RELIGATTEND,Never,[0.44054097 0.21767281 0.05650941 0.03612533 0.24915148],0.00400599766627
315,RACESURV5a_W43,RELIGATTEND,Once a week,[0.31209914 0.25720371 0.09702216 0.05359693 0.28007807],0.0042838937202470135
316,RACESURV5a_W43,RELIGATTEND,Once or twice a month,[0.35962645 0.20054248 0.06055165 0.03704761 0.34223181],0.0052968556496233304
317,RACESURV5a_W43,RELIGATTEND,Seldom,[0.33480504 0.21789621 0.09607954 0.0386385  0.31258071],0.006949660311586608
318,RACESURV26_W43,RELIGATTEND,A few times a year,[0.11792786 0.36758752 0.31755139 0.19693323],0.009100950332955476
319,RACESURV26_W43,RELIGATTEND,More than once a week,[0.11844284 0.32447486 0.29633941 0.26074289],0.018920640461416036
320,RACESURV26_W43,RELIGATTEND,Never,[0.12410104 0.3488844  0.28902854 0.23798603],0.008321505700116772
321,RACESURV26_W43,RELIGATTEND,Once a week,[0.12036586 0.31809336 0.31393028 0.2476105 ],0.008616504209869171
322,RACESURV26_W43,RELIGATTEND,Once or twice a month,[0.10330112 0.37243421 0.28868496 0.23557971],0.0038815071098862613
323,RACESURV26_W43,RELIGATTEND,Seldom,[0.09477608 0.35783777 0.29786205 0.2495241 ],0.009982263077364812
324,RACESURV16_W43,RELIGATTEND,A few times a year,[0.47865122 0.52134878],0.01488157437795698
325,RACESURV16_W43,RELIGATTEND,More than once a week,[0.40971741 0.59028259],0.008632066096675184
326,RACESURV16_W43,RELIGATTEND,Never,[0.46027189 0.53972811],0.016493162100347212
327,RACESURV16_W43,RELIGATTEND,Once a week,[0.40016298 0.59983702],0.01314063560354692
328,RACESURV16_W43,RELIGATTEND,Once or twice a month,[0.48503072 0.51496928],0.007868465879165894
329,RACESURV16_W43,RELIGATTEND,Seldom,[0.41162556 0.58837444],0.016652328445027783
330,RACESURV47c_W43,RELIGATTEND,A few times a year,[0.01597976 0.07268451 0.13131699 0.78001874],0.05202018416555286
331,RACESURV47c_W43,RELIGATTEND,More than once a week,[0.02215017 0.10084204 0.09340968 0.7835981 ],0.046163391764142636
332,RACESURV47c_W43,RELIGATTEND,Never,[0.03612747 0.04629184 0.1845606  0.7330201 ],0.08808012026753279
333,RACESURV47c_W43,RELIGATTEND,Once a week,[0.03024515 0.06858526 0.10300332 0.79816627],0.03670532360466619
334,RACESURV47c_W43,RELIGATTEND,Once or twice a month,[3.80183339e-04 4.17304593e-02 1.12382273e-01 8.45507084e-01],0.0431352689070971
335,RACESURV47c_W43,RELIGATTEND,Seldom,[0.02882673 0.08329256 0.14296451 0.74491621],0.0802463441410193
336,RACESURV34e_W43,RELIGATTEND,A few times a year,[0.27925866 0.4160258  0.0364634  0.0274196  0.24083254],0.0041813525848495205
337,RACESURV34e_W43,RELIGATTEND,More than once a week,[0.24779275 0.35735392 0.051097   0.01224172 0.33151462],0.0056398140331546925
338,RACESURV34e_W43,RELIGATTEND,Never,[0.2344633  0.3737219  0.04428346 0.01886465 0.3286667 ],0.0041758620960924
339,RACESURV34e_W43,RELIGATTEND,Once a week,[0.24587152 0.38529796 0.03767257 0.01958914 0.31156881],0.01295800483971604
340,RACESURV34e_W43,RELIGATTEND,Once or twice a month,[0.27694501 0.34917452 0.07171666 0.02263078 0.27953303],0.0035407517830877014
341,RACESURV34e_W43,RELIGATTEND,Seldom,[0.21146594 0.34146959 0.04360343 0.02480033 0.37866072],0.006270669309812178
342,ADMISSIONh_W43,RELIGATTEND,A few times a year,[0.2292789  0.27853557 0.49218553],0.0008011669392716049
343,ADMISSIONh_W43,RELIGATTEND,More than once a week,[0.17867565 0.21733575 0.6039886 ],0.0009465711842269852
344,ADMISSIONh_W43,RELIGATTEND,Never,[0.1789273  0.30234985 0.51872285],0.002606949811631663
345,ADMISSIONh_W43,RELIGATTEND,Once a week,[0.21493535 0.24408051 0.54098415],0.006158651179361826
346,ADMISSIONh_W43,RELIGATTEND,Once or twice a month,[0.25198968 0.21790744 0.53010288],0.0
347,ADMISSIONh_W43,RELIGATTEND,Seldom,[0.18049216 0.27375022 0.54575762],0.001624119225141545
348,RACESURV18f_W43,RELIGATTEND,A few times a year,[0.10496672 0.61815276 0.23186526 0.04501525],0.4082971343448098
349,RACESURV18f_W43,RELIGATTEND,More than once a week,[0.12205686 0.65701311 0.19518532 0.02574471],0.45723183667302497
350,RACESURV18f_W43,RELIGATTEND,Never,[0.07690563 0.60657228 0.27148211 0.04503998],0.46741182443472823
351,RACESURV18f_W43,RELIGATTEND,Once a week,[0.15635385 0.65755256 0.15057713 0.03551646],0.42553908464079154
352,RACESURV18f_W43,RELIGATTEND,Once or twice a month,[0.14436376 0.65197103 0.1946141  0.0090511 ],0.43543541742061337
353,RACESURV18f_W43,RELIGATTEND,Seldom,[0.08914011 0.63618172 0.23337142 0.04130675],0.44818360645897537
354,RACESURV13_W43,RELIGATTEND,A few times a year,[0.18197155 0.47651844 0.29941468 0.04209532],0.0
355,RACESURV13_W43,RELIGATTEND,More than once a week,[0.14282214 0.33020344 0.34642598 0.18054844],0.0069439128533781815
356,RACESURV13_W43,RELIGATTEND,Never,[0.21935006 0.4967802  0.23841639 0.04545335],0.0
357,RACESURV13_W43,RELIGATTEND,Once a week,[0.18354336 0.42944858 0.31270937 0.07429869],0.0
358,RACESURV13_W43,RELIGATTEND,Once or twice a month,[0.20567781 0.50526916 0.20079029 0.08826274],0.0
359,RACESURV13_W43,RELIGATTEND,Seldom,[0.21547002 0.51979455 0.23260405 0.03213139],0.004654614166480694
360,RACESURV29c_W43,RELIGATTEND,A few times a year,[0.29574348 0.43987052 0.19844049 0.06594552],0.004720310681397089
361,RACESURV29c_W43,RELIGATTEND,More than once a week,[0.24163536 0.41985954 0.26761362 0.07089149],0.0021679279441869275
362,RACESURV29c_W43,RELIGATTEND,Never,[0.26925865 0.42066822 0.23523877 0.07483437],0.0019867238580920685
363,RACESURV29c_W43,RELIGATTEND,Once a week,[0.26779197 0.4577463  0.22682653 0.0476352 ],0.0038934970423285128
364,RACESURV29c_W43,RELIGATTEND,Once or twice a month,[0.31518405 0.44124028 0.18912025 0.05445542],0.00306034472646628
365,RACESURV29c_W43,RELIGATTEND,Seldom,[0.27533763 0.43406521 0.22461694 0.06598023],0.001944555322988114
366,RACESURV17_W43,RELIGATTEND,A few times a year,[0.30370517 0.35169806 0.22099224 0.12360453],0.0038694193109866403
367,RACESURV17_W43,RELIGATTEND,More than once a week,[0.3101174  0.25373584 0.22806631 0.20808044],0.011176374720536205
368,RACESURV17_W43,RELIGATTEND,Never,[0.35650361 0.32098592 0.16576218 0.15674828],0.0077631031851192085
369,RACESURV17_W43,RELIGATTEND,Once a week,[0.27071419 0.31198605 0.22673454 0.19056523],0.008590125264642725
370,RACESURV17_W43,RELIGATTEND,Once or twice a month,[0.28403707 0.29211298 0.21208471 0.21176524],0.006803354093468422
371,RACESURV17_W43,RELIGATTEND,Seldom,[0.28237517 0.33530885 0.20313274 0.17918324],0.009111123343100784
372,RACESURV19f_W43,RELIGATTEND,A few times a year,[0.47804947 0.33943214 0.18251839],0.012654460130357767
373,RACESURV19f_W43,RELIGATTEND,More than once a week,[0.61885581 0.2421556  0.13898859],0.01864708742772437
374,RACESURV19f_W43,RELIGATTEND,Never,[0.48698109 0.3315421  0.18147681],0.0070284159374262405
375,RACESURV19f_W43,RELIGATTEND,Once a week,[0.56428553 0.28504852 0.15066595],0.006628972859579922
376,RACESURV19f_W43,RELIGATTEND,Once or twice a month,[0.47464028 0.38268385 0.14267587],0.007817232754787908
377,RACESURV19f_W43,RELIGATTEND,Seldom,[0.529763   0.33373605 0.13650095],0.004052074502807398
378,RACESURV29a_W43,RELIGATTEND,A few times a year,[0.76349139 0.19146192 0.03426095 0.01078574],0.00797287072404463
379,RACESURV29a_W43,RELIGATTEND,More than once a week,[0.78519956 0.18535214 0.01761916 0.01182914],0.007639521804246608
380,RACESURV29a_W43,RELIGATTEND,Never,[0.77703258 0.1644497  0.03972696 0.01879076],0.001751687986996224
381,RACESURV29a_W43,RELIGATTEND,Once a week,[0.75007883 0.18481422 0.04852994 0.01657701],0.004796385236333929
382,RACESURV29a_W43,RELIGATTEND,Once or twice a month,[0.7385132  0.21695692 0.03096241 0.01356747],0.005261041677539278
383,RACESURV29a_W43,RELIGATTEND,Seldom,[0.7599071  0.18383519 0.03985255 0.01640517],0.0
384,ADMISSIONf_W43,RELIGATTEND,A few times a year,[0.51551456 0.40620704 0.07827841],0.0004375634832915077
385,ADMISSIONf_W43,RELIGATTEND,More than once a week,[0.50426156 0.39773743 0.09800102],0.016586686229243062
386,ADMISSIONf_W43,RELIGATTEND,Never,[0.45159952 0.43572104 0.11267944],0.0033628052446687843
387,ADMISSIONf_W43,RELIGATTEND,Once a week,[0.48976502 0.41004936 0.10018562],0.0049278347653417005
388,ADMISSIONf_W43,RELIGATTEND,Once or twice a month,[0.42954166 0.47963685 0.0908215 ],0.0
389,ADMISSIONf_W43,RELIGATTEND,Seldom,[0.45976955 0.44058161 0.09964883],0.00442510323535305
390,IDIMPORT_W43,RELIGATTEND,A few times a year,[0.1393257  0.19572942 0.18934276 0.14328551 0.33231662],0.00598243589792949
391,IDIMPORT_W43,RELIGATTEND,More than once a week,[0.19331587 0.11907803 0.11335416 0.14404834 0.4302036 ],0.00867138186889924
392,IDIMPORT_W43,RELIGATTEND,Never,[0.10844931 0.11117245 0.20055777 0.18445115 0.39536932],0.0089857743329977
393,IDIMPORT_W43,RELIGATTEND,Once a week,[0.16326018 0.14642347 0.17419725 0.15297214 0.36314696],0.001891281477761203
394,IDIMPORT_W43,RELIGATTEND,Once or twice a month,[0.17789713 0.11384512 0.20458706 0.13303567 0.37063501],0.002966221591841005
395,IDIMPORT_W43,RELIGATTEND,Seldom,[0.1183307  0.13958595 0.20054134 0.15811386 0.38342815],0.007631916889703117
396,RACESURV19a_W43,RELIGATTEND,A few times a year,[0.43826853 0.36782797 0.1939035 ],0.008512758813635673
397,RACESURV19a_W43,RELIGATTEND,More than once a week,[0.3488833  0.35584933 0.29526737],0.00506816117277946
398,RACESURV19a_W43,RELIGATTEND,Never,[0.50266589 0.31124671 0.18608741],0.005253337766117113
399,RACESURV19a_W43,RELIGATTEND,Once a week,[0.35275404 0.3745403  0.27270566],0.004721178938120305
400,RACESURV19a_W43,RELIGATTEND,Once or twice a month,[0.36975915 0.38158109 0.24865976],0.0009184352624549497
401,RACESURV19a_W43,RELIGATTEND,Seldom,[0.3864036 0.3882744 0.225322 ],0.008081590994562706
402,ADMISSIONb_W43,RELIGATTEND,A few times a year,[0.05044323 0.15166388 0.79789289],0.0008011669392716049
403,ADMISSIONb_W43,RELIGATTEND,More than once a week,[0.02251777 0.09610089 0.88138134],0.0128685829240163
404,ADMISSIONb_W43,RELIGATTEND,Never,[0.03106496 0.13805496 0.83088008],0.003752858291489783
405,ADMISSIONb_W43,RELIGATTEND,Once a week,[0.03933245 0.1435388  0.81712876],0.000865319732951718
406,ADMISSIONb_W43,RELIGATTEND,Once or twice a month,[0.0473192  0.13271835 0.81996244],0.0
407,ADMISSIONb_W43,RELIGATTEND,Seldom,[0.03457218 0.12872689 0.83670093],0.004943034905076362
408,RACESURV21_W43,RELIGATTEND,A few times a year,[0.07931393 0.18077624 0.16917893 0.5707309 ],0.006913051145636309
409,RACESURV21_W43,RELIGATTEND,More than once a week,[0.08326025 0.15961829 0.147228   0.60989347],0.0014513502240027305
410,RACESURV21_W43,RELIGATTEND,Never,[0.04417547 0.1154117  0.1465298  0.69388303],0.0010415561772943683
411,RACESURV21_W43,RELIGATTEND,Once a week,[0.07304886 0.1405022  0.17920035 0.60724859],0.0023069780241561223
412,RACESURV21_W43,RELIGATTEND,Once or twice a month,[0.08049443 0.15512196 0.18772135 0.57666226],0.0003255568617691534
413,RACESURV21_W43,RELIGATTEND,Seldom,[0.05740823 0.12741659 0.17774926 0.63742592],0.003682227825991844
414,RACESURV49_W43,RELIGATTEND,A few times a year,[0.22964512 0.77035488],0.025113417552411973
415,RACESURV49_W43,RELIGATTEND,More than once a week,[0.22098076 0.77901924],0.02759015782329439
416,RACESURV49_W43,RELIGATTEND,Never,[0.28175297 0.71824703],0.009815937945467328
417,RACESURV49_W43,RELIGATTEND,Once a week,[0.21062968 0.78937032],0.019299411842928178
418,RACESURV49_W43,RELIGATTEND,Once or twice a month,[0.17895762 0.82104238],0.0033023245873974255
419,RACESURV49_W43,RELIGATTEND,Seldom,[0.20676592 0.79323408],0.01525857830438851
420,RACESURV8_W43,RELIGATTEND,A few times a year,[0.36743818 0.36199534 0.22005165 0.05051484],0.0006051507273100815
421,RACESURV8_W43,RELIGATTEND,More than once a week,[0.42486408 0.35281766 0.18829839 0.03401987],0.00224154858772567
422,RACESURV8_W43,RELIGATTEND,Never,[0.36890949 0.35689174 0.22182232 0.05237645],0.004923467169966836
423,RACESURV8_W43,RELIGATTEND,Once a week,[0.38756792 0.3686231  0.20612986 0.03767912],0.0019350585821355558
424,RACESURV8_W43,RELIGATTEND,Once or twice a month,[0.41065934 0.30812627 0.22652476 0.05468962],0.008087196773655698
425,RACESURV8_W43,RELIGATTEND,Seldom,[0.32857384 0.40580988 0.21607562 0.04954066],0.0037568720242987046
426,RACESURV28b_W43,RELIGATTEND,A few times a year,[0.42590816 0.03257462 0.54151722],0.00894112786355102
427,RACESURV28b_W43,RELIGATTEND,More than once a week,[0.31436454 0.0135879  0.67204757],0.012273520130649132
428,RACESURV28b_W43,RELIGATTEND,Never,[0.53871015 0.02230453 0.43898532],0.011942661921260133
429,RACESURV28b_W43,RELIGATTEND,Once a week,[0.34077665 0.02611463 0.63310873],0.003871241204926963
430,RACESURV28b_W43,RELIGATTEND,Once or twice a month,[0.42672894 0.01495117 0.5583199 ],0.007379458710594952
431,RACESURV28b_W43,RELIGATTEND,Seldom,[0.42105541 0.01211768 0.56682691],0.005065158437204052
432,RACESURV40_W43,RELIGATTEND,A few times a year,[0.07170108 0.75761844 0.17068048 0.        ],0.0915328178522167
433,RACESURV40_W43,RELIGATTEND,More than once a week,[0.0650801  0.68557184 0.24934806 0.        ],0.13347854858642513
434,RACESURV40_W43,RELIGATTEND,Never,[0.12004449 0.70421523 0.17574028 0.        ],0.09126673472919697
435,RACESURV40_W43,RELIGATTEND,Once a week,[0.07926375 0.65957258 0.26116367 0.        ],0.11468882682143837
436,RACESURV40_W43,RELIGATTEND,Once or twice a month,[0.10453114 0.69128639 0.20418247 0.        ],0.11072380277424611
437,RACESURV40_W43,RELIGATTEND,Seldom,[0.09193868 0.73844216 0.16961917 0.        ],0.08784219213295008
438,RACESURV2_W43,RELIGATTEND,A few times a year,[0.62088418 0.20540442 0.02677034 0.02161154 0.12532953],0.00013642676126398526
439,RACESURV2_W43,RELIGATTEND,More than once a week,[0.53474882 0.19265664 0.10383414 0.00932676 0.15943364],0.0116920341278718
440,RACESURV2_W43,RELIGATTEND,Never,[0.58130184 0.17802788 0.06967257 0.02062855 0.15036917],0.0
441,RACESURV2_W43,RELIGATTEND,Once a week,[0.58152594 0.21092901 0.05190578 0.00638077 0.14925849],0.001861202489919226
442,RACESURV2_W43,RELIGATTEND,Once or twice a month,[0.56998838 0.16046771 0.01719099 0.01934361 0.2330093 ],0.0
443,RACESURV2_W43,RELIGATTEND,Seldom,[0.51914826 0.21487639 0.05915458 0.01159288 0.19522789],0.0019685921237463464
444,RACESURV47f_W43,RELIGATTEND,A few times a year,[0.1474623  0.27324726 0.15522391 0.42406653],0.09640851420752443
445,RACESURV47f_W43,RELIGATTEND,More than once a week,[0.16722976 0.27669678 0.19010463 0.36596883],0.17555436886502024
446,RACESURV47f_W43,RELIGATTEND,Never,[0.13956571 0.20235055 0.19544502 0.46263872],0.12176184435936137
447,RACESURV47f_W43,RELIGATTEND,Once a week,[0.23854502 0.2356911  0.19845447 0.32730941],0.09745074113369544
448,RACESURV47f_W43,RELIGATTEND,Once or twice a month,[0.21921217 0.17092969 0.19782568 0.41203246],0.08205269757299408
449,RACESURV47f_W43,RELIGATTEND,Seldom,[0.18142324 0.20748794 0.19107208 0.42001674],0.11908299512215954
450,RACESURV53d_W43,RELIGATTEND,A few times a year,[0.2799135 0.7200865],0.007799483496420891
451,RACESURV53d_W43,RELIGATTEND,More than once a week,[0.27700252 0.72299748],0.023026239087098853
452,RACESURV53d_W43,RELIGATTEND,Never,[0.20639278 0.79360722],0.0072491309970239845
453,RACESURV53d_W43,RELIGATTEND,Once a week,[0.21439246 0.78560754],0.007201207727311839
454,RACESURV53d_W43,RELIGATTEND,Once or twice a month,[0.25894932 0.74105068],0.0006777838003115266
455,RACESURV53d_W43,RELIGATTEND,Seldom,[0.25552032 0.74447968],0.005764332418632161
456,RACESURV47e_W43,RELIGATTEND,A few times a year,[0.25169794 0.44672527 0.18805106 0.11352574],0.11121291305004581
457,RACESURV47e_W43,RELIGATTEND,More than once a week,[0.38695799 0.31559822 0.10328248 0.19416132],0.12240390873096403
458,RACESURV47e_W43,RELIGATTEND,Never,[0.28220534 0.38189549 0.17150113 0.16439805],0.14148575331054328
459,RACESURV47e_W43,RELIGATTEND,Once a week,[0.41500514 0.35326937 0.1356139  0.09611158],0.09121187557502757
460,RACESURV47e_W43,RELIGATTEND,Once or twice a month,[0.33643073 0.34596489 0.15710479 0.16049958],0.11432823360438774
461,RACESURV47e_W43,RELIGATTEND,Seldom,[0.30674185 0.36003761 0.17771127 0.15550928],0.12791710693611819
462,RACESURV3_W43,RELIGATTEND,A few times a year,[0.05652924 0.47219378 0.47127697],0.007515768330505984
463,RACESURV3_W43,RELIGATTEND,More than once a week,[0.0239461  0.44347282 0.53258108],0.0
464,RACESURV3_W43,RELIGATTEND,Never,[0.05534746 0.5160823  0.42857024],0.0
465,RACESURV3_W43,RELIGATTEND,Once a week,[0.06381302 0.50887593 0.42731105],0.0050862231136471585
466,RACESURV3_W43,RELIGATTEND,Once or twice a month,[0.04573602 0.49132529 0.46293869],0.0
467,RACESURV3_W43,RELIGATTEND,Seldom,[0.05485273 0.49214074 0.45300653],0.004092546220261446
468,RACESURV19e_W43,RELIGATTEND,A few times a year,[0.40733152 0.34172032 0.25094816],0.00914606650193591
469,RACESURV19e_W43,RELIGATTEND,More than once a week,[0.35948356 0.24994744 0.39056899],0.006011247558388765
470,RACESURV19e_W43,RELIGATTEND,Never,[0.46709751 0.3054228  0.22747969],0.007597181059417141
471,RACESURV19e_W43,RELIGATTEND,Once a week,[0.32012236 0.32696652 0.35291112],0.003034114720856557
472,RACESURV19e_W43,RELIGATTEND,Once or twice a month,[0.33750768 0.33457547 0.32791685],0.0
473,RACESURV19e_W43,RELIGATTEND,Seldom,[0.41109468 0.31161551 0.27728981],0.011341954072345506
474,RACESURV15b_W43,RELIGATTEND,A few times a year,[0.44939211 0.22182493 0.32878296],0.007142452968617992
475,RACESURV15b_W43,RELIGATTEND,More than once a week,[0.28859252 0.2240175  0.48738998],0.021214766205764984
476,RACESURV15b_W43,RELIGATTEND,Never,[0.56565106 0.18109344 0.2532555 ],0.010101855931260817
477,RACESURV15b_W43,RELIGATTEND,Once a week,[0.3318366  0.25564876 0.41251464],0.00048781526520895067
478,RACESURV15b_W43,RELIGATTEND,Once or twice a month,[0.38259018 0.30633837 0.31107145],0.00733695292348885
479,RACESURV15b_W43,RELIGATTEND,Seldom,[0.45679904 0.23232513 0.31087584],0.011843009852290155
480,RACESURV19d_W43,RELIGATTEND,A few times a year,[0.44316375 0.35406928 0.20276697],0.00639210958576427
481,RACESURV19d_W43,RELIGATTEND,More than once a week,[0.45222287 0.31845847 0.22931866],0.003925215690741264
482,RACESURV19d_W43,RELIGATTEND,Never,[0.38697426 0.39283373 0.22019202],0.00754558002864235
483,RACESURV19d_W43,RELIGATTEND,Once a week,[0.51077735 0.26616438 0.22305826],0.004063317710893627
484,RACESURV19d_W43,RELIGATTEND,Once or twice a month,[0.48650708 0.39702054 0.11647238],0.007383865476622884
485,RACESURV19d_W43,RELIGATTEND,Seldom,[0.42714372 0.35606343 0.21679286],0.0
486,RACESURV12_W43,RELIGATTEND,A few times a year,[0.1407427  0.45563946 0.40361783],0.015159994464702441
487,RACESURV12_W43,RELIGATTEND,More than once a week,[0.16008125 0.34202669 0.49789206],0.027569139137540766
488,RACESURV12_W43,RELIGATTEND,Never,[0.12097103 0.49785565 0.38117332],0.003997912104506518
489,RACESURV12_W43,RELIGATTEND,Once a week,[0.21596568 0.38306383 0.40097049],0.013013317627009987
490,RACESURV12_W43,RELIGATTEND,Once or twice a month,[0.15870455 0.37424341 0.46705204],0.01169606426858489
491,RACESURV12_W43,RELIGATTEND,Seldom,[0.18856014 0.40923271 0.40220715],0.015149661328061845
492,RACESURV5l_W43,RELIGATTEND,A few times a year,[0.8087127  0.09225469 0.024463   0.01912929 0.05544034],0.010374298295308372
493,RACESURV5l_W43,RELIGATTEND,More than once a week,[0.74059418 0.1546874  0.01051532 0.00605708 0.08814602],0.0
494,RACESURV5l_W43,RELIGATTEND,Never,[0.84430223 0.07365814 0.00918184 0.01872862 0.05412917],0.0018970859641918181
495,RACESURV5l_W43,RELIGATTEND,Once a week,[0.7447979  0.12826487 0.02403133 0.01548897 0.08741693],0.00905819010011122
496,RACESURV5l_W43,RELIGATTEND,Once or twice a month,[0.80357978 0.12897477 0.0121788  0.01088187 0.04438479],0.0
497,RACESURV5l_W43,RELIGATTEND,Seldom,[0.79040954 0.11803761 0.01877014 0.02545565 0.04732706],0.0
498,RACESURV25_W43,RELIGATTEND,A few times a year,[0.12608859 0.37325812 0.2989711  0.2016822 ],0.007582770359877504
499,RACESURV25_W43,RELIGATTEND,More than once a week,[0.15618366 0.32944573 0.25284829 0.26152233],0.017696753447832544
500,RACESURV25_W43,RELIGATTEND,Never,[0.11854399 0.33879584 0.31494516 0.227715  ],0.007449331187637721
501,RACESURV25_W43,RELIGATTEND,Once a week,[0.13094581 0.33894487 0.29787537 0.23223395],0.009549839241971704
502,RACESURV25_W43,RELIGATTEND,Once or twice a month,[0.14925762 0.33452059 0.29517067 0.22105112],0.0038815071098862617
503,RACESURV25_W43,RELIGATTEND,Seldom,[0.14024291 0.33962757 0.28405899 0.23607052],0.010107342798884639
504,RACESURV53a_W43,RELIGATTEND,A few times a year,[0.14697924 0.85302076],0.007299799048905584
505,RACESURV53a_W43,RELIGATTEND,More than once a week,[0.15004621 0.84995379],0.021260234219195918
506,RACESURV53a_W43,RELIGATTEND,Never,[0.13459559 0.86540441],0.004807090219370828
507,RACESURV53a_W43,RELIGATTEND,Once a week,[0.10351543 0.89648457],0.008642788691934983
508,RACESURV53a_W43,RELIGATTEND,Once or twice a month,[0.13791107 0.86208893],0.0
509,RACESURV53a_W43,RELIGATTEND,Seldom,[0.15800495 0.84199505],0.006768115925688353
510,RACESURV15a_W43,RELIGATTEND,A few times a year,[0.66963069 0.04024829 0.29012102],0.0
511,RACESURV15a_W43,RELIGATTEND,More than once a week,[0.54081722 0.07141384 0.38776894],0.027081811399044663
512,RACESURV15a_W43,RELIGATTEND,Never,[0.7078576  0.05668125 0.23546115],0.006101964646842606
513,RACESURV15a_W43,RELIGATTEND,Once a week,[0.55687748 0.05000108 0.39312144],0.02034767626642639
514,RACESURV15a_W43,RELIGATTEND,Once or twice a month,[0.66098186 0.05093672 0.28808142],0.0
515,RACESURV15a_W43,RELIGATTEND,Seldom,[0.62692439 0.04056535 0.33251026],0.008270878822218742
516,RACESURV18b_W43,RELIGATTEND,A few times a year,[0.09057457 0.56981493 0.28171363 0.05789686],0.25636671002014294
517,RACESURV18b_W43,RELIGATTEND,More than once a week,[0.10415454 0.60670993 0.25376172 0.03537381],0.2761852185661556
518,RACESURV18b_W43,RELIGATTEND,Never,[0.08661554 0.52884524 0.33103175 0.05350747],0.2998050903822583
519,RACESURV18b_W43,RELIGATTEND,Once a week,[0.14564942 0.52205176 0.26320517 0.06909364],0.3018544568343796
520,RACESURV18b_W43,RELIGATTEND,Once or twice a month,[0.1488129  0.56255816 0.24246071 0.04616823],0.2449204481510117
521,RACESURV18b_W43,RELIGATTEND,Seldom,[0.07141298 0.54174613 0.31977742 0.06706348],0.30451952368819174
522,RACESURV18c_W43,RELIGATTEND,A few times a year,[0.04426169 0.46907636 0.40129418 0.08536776],0.07505357302036025
523,RACESURV18c_W43,RELIGATTEND,More than once a week,[0.05912772 0.57546392 0.30023612 0.06517225],0.07905779361329066
524,RACESURV18c_W43,RELIGATTEND,Never,[0.03681035 0.41156494 0.43778908 0.11383562],0.08008719555884218
525,RACESURV18c_W43,RELIGATTEND,Once a week,[0.06832953 0.52332361 0.3375465  0.07080036],0.06701761788430548
526,RACESURV18c_W43,RELIGATTEND,Once or twice a month,[0.08243493 0.50291373 0.33203122 0.08262012],0.06450507268274273
527,RACESURV18c_W43,RELIGATTEND,Seldom,[0.04239794 0.5013703  0.37276981 0.08346195],0.08315532018331569
528,RACESURV53f_W43,RELIGATTEND,A few times a year,[0.35089027 0.64910973],0.006006330458698037
529,RACESURV53f_W43,RELIGATTEND,More than once a week,[0.41055383 0.58944617],0.018288881342882958
530,RACESURV53f_W43,RELIGATTEND,Never,[0.37156032 0.62843968],0.011329312711244755
531,RACESURV53f_W43,RELIGATTEND,Once a week,[0.36041065 0.63958935],0.008642788691934983
532,RACESURV53f_W43,RELIGATTEND,Once or twice a month,[0.45175064 0.54824936],0.0002475481429082902
533,RACESURV53f_W43,RELIGATTEND,Seldom,[0.41023002 0.58976998],0.00488464644645832
534,RACESURV11_W43,RELIGATTEND,A few times a year,[0.19117915 0.54231238 0.26650847],0.0015149927580277228
535,RACESURV11_W43,RELIGATTEND,More than once a week,[0.18095791 0.49119649 0.3278456 ],0.003442936597841774
536,RACESURV11_W43,RELIGATTEND,Never,[0.1660347  0.5530308  0.28093451],0.00031151842617956955
537,RACESURV11_W43,RELIGATTEND,Once a week,[0.18148493 0.47200374 0.34651133],0.0
538,RACESURV11_W43,RELIGATTEND,Once or twice a month,[0.16424205 0.55760888 0.27814907],0.0
539,RACESURV11_W43,RELIGATTEND,Seldom,[0.19648831 0.5121275  0.29138419],0.0007535369265835557
540,RACESURV53c_W43,RELIGATTEND,A few times a year,[0.37281623 0.62718377],0.006825296640106159
541,RACESURV53c_W43,RELIGATTEND,More than once a week,[0.41385058 0.58614942],0.01800365365030682
542,RACESURV53c_W43,RELIGATTEND,Never,[0.29059129 0.70940871],0.010004102625817766
543,RACESURV53c_W43,RELIGATTEND,Once a week,[0.34868867 0.65131133],0.011787722397428072
544,RACESURV53c_W43,RELIGATTEND,Once or twice a month,[0.37706207 0.62293793],0.0033062843381432413
545,RACESURV53c_W43,RELIGATTEND,Seldom,[0.32967679 0.67032321],0.0038157050963359422
546,RACESURV5g_W43,RELIGATTEND,A few times a year,[0.03954196 0.08404215 0.3352529  0.278244   0.26291899],0.006823269947789089
547,RACESURV5g_W43,RELIGATTEND,More than once a week,[0.05283178 0.03437144 0.35312213 0.26558069 0.29409395],0.0053504560228979535
548,RACESURV5g_W43,RELIGATTEND,Never,[0.0285239  0.04684776 0.32590481 0.39372499 0.20499854],0.007441556677871812
549,RACESURV5g_W43,RELIGATTEND,Once a week,[0.04990981 0.04005772 0.32514186 0.30013173 0.28475889],0.013031729001393867
550,RACESURV5g_W43,RELIGATTEND,Once or twice a month,[0.05704175 0.05822047 0.32415638 0.26695284 0.29362856],0.00656713755100008
551,RACESURV5g_W43,RELIGATTEND,Seldom,[0.02501471 0.04435453 0.35148569 0.31609377 0.2630513 ],0.010045737101209873
552,RACESURV24_W43,RELIGATTEND,A few times a year,[0.23229837 0.37379176 0.21392361 0.17998626],0.00899584032061833
553,RACESURV24_W43,RELIGATTEND,More than once a week,[0.20827288 0.37966287 0.18032818 0.23173606],0.01802225405515888
554,RACESURV24_W43,RELIGATTEND,Never,[0.25230547 0.34914143 0.20729123 0.19126186],0.004888940374153251
555,RACESURV24_W43,RELIGATTEND,Once a week,[0.21907763 0.35841619 0.22066608 0.2018401 ],0.010482152373156988
556,RACESURV24_W43,RELIGATTEND,Once or twice a month,[0.19181038 0.37000207 0.22796038 0.21022717],0.0038815071098862617
557,RACESURV24_W43,RELIGATTEND,Seldom,[0.201235   0.38598888 0.21582442 0.1969517 ],0.007461562542563167
558,RACESURV5k_W43,RELIGATTEND,A few times a year,[0.02087697 0.01712276 0.2258854  0.65921433 0.07690055],0.005061609444177976
559,RACESURV5k_W43,RELIGATTEND,More than once a week,[0.01723711 0.04418665 0.3158873  0.50792362 0.11476531],0.0
560,RACESURV5k_W43,RELIGATTEND,Never,[0.01714496 0.02211233 0.12360909 0.77924566 0.05788796],0.0009343020271014374
561,RACESURV5k_W43,RELIGATTEND,Once a week,[0.0388006  0.03150603 0.22585371 0.61184398 0.09199568],0.001384704915158377
562,RACESURV5k_W43,RELIGATTEND,Once or twice a month,[0.00367249 0.04964509 0.20636606 0.68660742 0.05370894],0.0
563,RACESURV5k_W43,RELIGATTEND,Seldom,[0.01851746 0.01800824 0.24728281 0.64236838 0.0738231 ],0.004811757527639359
564,RACESURV36_W43,RELIGATTEND,A few times a year,[0.0961976  0.38487489 0.38947065 0.12945686],0.005113461357432279
565,RACESURV36_W43,RELIGATTEND,More than once a week,[0.03892688 0.23549745 0.51915166 0.20642401],0.005559435458647282
566,RACESURV36_W43,RELIGATTEND,Never,[0.12880857 0.38919104 0.34495987 0.13704052],0.003501524926988605
567,RACESURV36_W43,RELIGATTEND,Once a week,[0.07376109 0.32059716 0.42460644 0.1810353 ],0.002333587494416816
568,RACESURV36_W43,RELIGATTEND,Once or twice a month,[0.10369349 0.37992782 0.36208364 0.15429505],0.004785319891427921
569,RACESURV36_W43,RELIGATTEND,Seldom,[0.10397145 0.38743768 0.38748837 0.1211025 ],0.002125156190632776
570,RACESURV5j_W43,RELIGATTEND,A few times a year,[0.08115508 0.16711075 0.39894746 0.10044569 0.25234102],0.009554386671113427
571,RACESURV5j_W43,RELIGATTEND,More than once a week,[0.06882024 0.25887596 0.38383279 0.06975545 0.21871556],0.003924097904813565
572,RACESURV5j_W43,RELIGATTEND,Never,[0.06833859 0.11901647 0.47513635 0.10604435 0.23146424],0.0036177712301549638
573,RACESURV5j_W43,RELIGATTEND,Once a week,[0.11812708 0.16172793 0.41407211 0.0877989  0.21827398],0.001384704915158377
574,RACESURV5j_W43,RELIGATTEND,Once or twice a month,[0.11398369 0.1590418  0.33290845 0.0695655  0.32450057],0.003628515442418942
575,RACESURV5j_W43,RELIGATTEND,Seldom,[0.05419056 0.14033797 0.43392884 0.10578072 0.26576191],0.006499440785045298
576,RACESURV18e_W43,RELIGATTEND,A few times a year,[0.08045006 0.54339555 0.33214234 0.04401205],0.3811365577447098
577,RACESURV18e_W43,RELIGATTEND,More than once a week,[0.07662313 0.64361005 0.21960192 0.0601649 ],0.40560938110390593
578,RACESURV18e_W43,RELIGATTEND,Never,[0.05660033 0.506967   0.35891773 0.07751494],0.3804464523927373
579,RACESURV18e_W43,RELIGATTEND,Once a week,[0.11912004 0.60749952 0.22837175 0.04500869],0.38749702995876106
580,RACESURV18e_W43,RELIGATTEND,Once or twice a month,[0.13251025 0.50263962 0.31823191 0.04661823],0.35598157103925465
581,RACESURV18e_W43,RELIGATTEND,Seldom,[0.07129414 0.5570067  0.30999463 0.06170453],0.3955307464349306
582,RACESURV5c_W43,RELIGATTEND,A few times a year,[0.08039511 0.14144713 0.35379249 0.12003102 0.30433424],0.011388518366521537
583,RACESURV5c_W43,RELIGATTEND,More than once a week,[0.06879959 0.16053541 0.30325609 0.12764669 0.33976222],0.0028723442452281435
584,RACESURV5c_W43,RELIGATTEND,Never,[0.0614752  0.0787178  0.39174112 0.2217825  0.24628339],0.006597840956536231
585,RACESURV5c_W43,RELIGATTEND,Once a week,[0.0770181  0.1225603  0.33812748 0.14114251 0.32115161],0.005567837292491855
586,RACESURV5c_W43,RELIGATTEND,Once or twice a month,[0.05898391 0.14555161 0.34799523 0.14668694 0.30078232],0.005454243877502146
587,RACESURV5c_W43,RELIGATTEND,Seldom,[0.04762228 0.09809231 0.37414892 0.16499133 0.31514516],0.008204138485980157
588,RACESURV44_W43,RELIGATTEND,A few times a year,[0.1413857  0.69712937 0.16148493 0.        ],0.11621391986428319
589,RACESURV44_W43,RELIGATTEND,More than once a week,[0.19495379 0.61999475 0.18505145 0.        ],0.13755501762590558
590,RACESURV44_W43,RELIGATTEND,Never,[0.16826004 0.65126685 0.18047311 0.        ],0.1370700741465958
591,RACESURV44_W43,RELIGATTEND,Once a week,[0.1338454  0.69807144 0.16808316 0.        ],0.12502377928231123
592,RACESURV44_W43,RELIGATTEND,Once or twice a month,[0.17469129 0.68206422 0.14324449 0.        ],0.128237388573367
593,RACESURV44_W43,RELIGATTEND,Seldom,[0.14330654 0.71844318 0.13825028 0.        ],0.11583333235909894
594,RACESURV38_W43,RELIGATTEND,A few times a year,[0.0727266  0.30789326 0.37733993 0.2420402 ],0.010929559107946664
595,RACESURV38_W43,RELIGATTEND,More than once a week,[0.07011734 0.27217436 0.3196493  0.338059  ],0.005712654836390273
596,RACESURV38_W43,RELIGATTEND,Never,[0.06260517 0.29600476 0.37791685 0.26347322],0.004392538797950333
597,RACESURV38_W43,RELIGATTEND,Once a week,[0.06832748 0.24285876 0.37566688 0.31314687],0.005438437947280276
598,RACESURV38_W43,RELIGATTEND,Once or twice a month,[0.07821461 0.32197669 0.33747611 0.2623326 ],0.002966221591841005
599,RACESURV38_W43,RELIGATTEND,Seldom,[0.05652591 0.29622223 0.38271273 0.26453913],0.0040743238490077325
600,RACESURV34b_W43,RELIGATTEND,A few times a year,[0.12470223 0.24762805 0.22348056 0.04969037 0.35449879],0.00544858466350712
601,RACESURV34b_W43,RELIGATTEND,More than once a week,[0.1004835  0.2294389  0.16944623 0.06196996 0.43866142],0.005520497969708249
602,RACESURV34b_W43,RELIGATTEND,Never,[0.15922014 0.2257439  0.19378039 0.05502071 0.36623486],0.0076263064130717845
603,RACESURV34b_W43,RELIGATTEND,Once a week,[0.1223992  0.20437254 0.2158626  0.04199689 0.41536877],0.0011646678629304978
604,RACESURV34b_W43,RELIGATTEND,Once or twice a month,[0.12093945 0.21599087 0.19904957 0.04687526 0.41714485],0.0
605,RACESURV34b_W43,RELIGATTEND,Seldom,[0.11287269 0.19975266 0.22291463 0.06083583 0.40362419],0.008688682061045644
606,RACESURV20_W43,RELIGATTEND,A few times a year,[0.05895834 0.3956266  0.54541505],0.004023893483495713
607,RACESURV20_W43,RELIGATTEND,More than once a week,[0.06029112 0.38912481 0.55058407],0.0031620217220835003
608,RACESURV20_W43,RELIGATTEND,Never,[0.05258076 0.34602114 0.60139811],0.004695332332071864
609,RACESURV20_W43,RELIGATTEND,Once a week,[0.04150276 0.37154614 0.5869511 ],0.0031325833312471213
610,RACESURV20_W43,RELIGATTEND,Once or twice a month,[0.07182504 0.38414738 0.54402758],0.0025488089682708707
611,RACESURV20_W43,RELIGATTEND,Seldom,[0.04886266 0.3917697  0.55936764],0.00218691881758375
0,RACESURV1c_W43,POLPARTY,Democrat,[0.28558188 0.17042417 0.54399395],0.0022441103220241414
1,RACESURV1c_W43,POLPARTY,Independent,[0.28847017 0.19604488 0.51548496],0.00071515499350141
2,RACESURV1c_W43,POLPARTY,Other,[0.33808725 0.20492181 0.45699094],0.0013435199246041492
3,RACESURV1c_W43,POLPARTY,Republican,[0.28109822 0.1677454  0.55115638],0.0033781967701682026
4,RACESURV28g_W43,POLPARTY,Democrat,[0.55438986 0.01451482 0.43109533],0.008837709817089968
5,RACESURV28g_W43,POLPARTY,Independent,[0.33303997 0.01781576 0.64914427],0.012192591411136816
6,RACESURV28g_W43,POLPARTY,Other,[0.29946159 0.0440417  0.65649671],0.005510828085274734
7,RACESURV28g_W43,POLPARTY,Republican,[0.10529357 0.0405128  0.85419363],0.008210850650192803
8,RACESURV4_W43,POLPARTY,Democrat,[0.79296414 0.05211664 0.15491922],0.004648301324841924
9,RACESURV4_W43,POLPARTY,Independent,[0.67711777 0.11241348 0.21046875],0.007168324286669773
10,RACESURV4_W43,POLPARTY,Other,[0.63487359 0.0934186  0.27170782],0.004334935519097296
11,RACESURV4_W43,POLPARTY,Republican,[0.45130945 0.24313301 0.30555754],0.004952923018223876
12,RACESURV48_W43,POLPARTY,Democrat,[0.72070966 0.1896748  0.04329523 0.04632031],0.007227635438287679
13,RACESURV48_W43,POLPARTY,Independent,[0.46741988 0.27893508 0.13629632 0.11734873],0.014611759083110338
14,RACESURV48_W43,POLPARTY,Other,[0.3725759  0.24811512 0.14623523 0.23307375],0.020861252501379733
15,RACESURV48_W43,POLPARTY,Republican,[0.31064876 0.34015451 0.18048629 0.16871044],0.006873124836834664
16,RACESURV1b_W43,POLPARTY,Democrat,[0.27649785 0.29914887 0.42435327],0.00655059200767538
17,RACESURV1b_W43,POLPARTY,Independent,[0.32254237 0.26259652 0.41486111],0.010985152856980256
18,RACESURV1b_W43,POLPARTY,Other,[0.34296544 0.3140617  0.34297287],0.002069307726637425
19,RACESURV1b_W43,POLPARTY,Republican,[0.32674484 0.22449122 0.44876394],0.0032585482002281886
20,RACESURV34d_W43,POLPARTY,Democrat,[0.5838262  0.23279228 0.03722211 0.02075202 0.12540739],0.004641175885943687
21,RACESURV34d_W43,POLPARTY,Independent,[0.66170286 0.16396554 0.03031305 0.02172611 0.12229244],0.005783546109382715
22,RACESURV34d_W43,POLPARTY,Other,[0.51355518 0.19778394 0.0527187  0.0405513  0.19539087],0.0037552752052020886
23,RACESURV34d_W43,POLPARTY,Republican,[0.72552003 0.12540934 0.02161069 0.01092366 0.11653628],0.0014298059793264803
24,RACESURV29d_W43,POLPARTY,Democrat,[0.14086846 0.38594479 0.34754688 0.12563987],0.0038582522778732318
25,RACESURV29d_W43,POLPARTY,Independent,[0.13620237 0.351359   0.40138318 0.11105545],0.005627006139860066
26,RACESURV29d_W43,POLPARTY,Other,[0.12475704 0.36295333 0.34051934 0.17177029],0.0016396688594854769
27,RACESURV29d_W43,POLPARTY,Republican,[0.12205371 0.35930452 0.39330151 0.12534026],0.0033644780163234996
28,RACESURV28f_W43,POLPARTY,Democrat,[0.61864222 0.01327809 0.36807969],0.01209217668786323
29,RACESURV28f_W43,POLPARTY,Independent,[0.3446095  0.03901315 0.61637735],0.008621908541717497
30,RACESURV28f_W43,POLPARTY,Other,[0.3310658  0.03457423 0.63435996],0.012743536844357514
31,RACESURV28f_W43,POLPARTY,Republican,[0.07272294 0.05791451 0.86936255],0.005483584041613027
32,RACESURV5d_W43,POLPARTY,Democrat,[0.08240205 0.27518643 0.22932565 0.04475547 0.3683304 ],0.010285337664978026
33,RACESURV5d_W43,POLPARTY,Independent,[0.07548696 0.25629103 0.19601639 0.03242109 0.43978453],0.008825592290929673
34,RACESURV5d_W43,POLPARTY,Other,[0.04855081 0.27950676 0.16078485 0.0341401  0.47701749],0.009546931477095075
35,RACESURV5d_W43,POLPARTY,Republican,[0.10800006 0.25462204 0.11630332 0.02343761 0.49763697],0.00622184442350773
36,RACESURV28a_W43,POLPARTY,Democrat,[0.78044896 0.03384177 0.18570927],0.00615458875051366
37,RACESURV28a_W43,POLPARTY,Independent,[0.51301697 0.04972068 0.43726235],0.015785094591556692
38,RACESURV28a_W43,POLPARTY,Other,[0.51476911 0.06326666 0.42196423],0.008560231979648029
39,RACESURV28a_W43,POLPARTY,Republican,[0.21963828 0.11968694 0.66067479],0.016075743184593688
40,RACESURV10_W43,POLPARTY,Democrat,[0.29779145 0.70220855],0.004737462285109575
41,RACESURV10_W43,POLPARTY,Independent,[0.41799226 0.58200774],0.01211159996664205
42,RACESURV10_W43,POLPARTY,Other,[0.40893312 0.59106688],0.031961275659649964
43,RACESURV10_W43,POLPARTY,Republican,[0.55808171 0.44191829],0.009348744767452457
44,RACATTN_W43,POLPARTY,Democrat,[0.16649198 0.60651679 0.22699123],0.007772288120388093
45,RACATTN_W43,POLPARTY,Independent,[0.40602848 0.36528012 0.2286914 ],0.008252506152747453
46,RACATTN_W43,POLPARTY,Other,[0.37005446 0.36610908 0.26383646],0.01394548492651341
47,RACATTN_W43,POLPARTY,Republican,[0.75699428 0.11249975 0.13050597],0.009061726793339494
48,RACESURV50_W43,POLPARTY,Democrat,[0.61286438 0.38713562],0.026627499211086512
49,RACESURV50_W43,POLPARTY,Independent,[0.42544201 0.57455799],0.04039151971851825
50,RACESURV50_W43,POLPARTY,Other,[0.4593797 0.5406203],0.029966331722052007
51,RACESURV50_W43,POLPARTY,Republican,[0.21658098 0.78341902],0.022512856976914693
52,RACESURV28d_W43,POLPARTY,Democrat,[0.88454789 0.01317468 0.10227742],0.004214382738641501
53,RACESURV28d_W43,POLPARTY,Independent,[0.69277066 0.02641227 0.28081707],0.006102235211603344
54,RACESURV28d_W43,POLPARTY,Other,[0.61580676 0.03075903 0.35343421],0.00889759894032537
55,RACESURV28d_W43,POLPARTY,Republican,[0.42246723 0.04031373 0.53721905],0.00799794563998418
56,RACESURV28e_W43,POLPARTY,Democrat,[0.88107907 0.01642914 0.10249179],0.0036081458665441217
57,RACESURV28e_W43,POLPARTY,Independent,[0.65484025 0.02909965 0.3160601 ],0.011774420685641645
58,RACESURV28e_W43,POLPARTY,Other,[0.69296333 0.03092151 0.27611516],0.001729920267374687
59,RACESURV28e_W43,POLPARTY,Republican,[0.36704072 0.06249397 0.5704653 ],0.02151225549008459
60,ADMISSIONe_W43,POLPARTY,Democrat,[0.2759085  0.46559468 0.25849682],0.0006759285964537487
61,ADMISSIONe_W43,POLPARTY,Independent,[0.20685907 0.53570266 0.25743828],0.005887378632071407
62,ADMISSIONe_W43,POLPARTY,Other,[0.17575577 0.44538152 0.37886271],0.0024580762397514344
63,ADMISSIONe_W43,POLPARTY,Republican,[0.16176402 0.49661768 0.34161829],0.002514671285905825
64,RACESURV53b_W43,POLPARTY,Democrat,[0.3460978 0.6539022],0.006076773226129732
65,RACESURV53b_W43,POLPARTY,Independent,[0.34971928 0.65028072],0.013403343993307556
66,RACESURV53b_W43,POLPARTY,Other,[0.40118651 0.59881349],0.009061379261515548
67,RACESURV53b_W43,POLPARTY,Republican,[0.2784422 0.7215578],0.009444472221323264
68,RACESURV37_W43,POLPARTY,Democrat,[0.662802 0.337198],0.006010146374324237
69,RACESURV37_W43,POLPARTY,Independent,[0.63091463 0.36908537],0.016029490727730814
70,RACESURV37_W43,POLPARTY,Other,[0.62731293 0.37268707],0.0033542113071441705
71,RACESURV37_W43,POLPARTY,Republican,[0.51348289 0.48651711],0.003981010809368203
72,RACESURV45_W43,POLPARTY,Democrat,[0.05844659 0.43362304 0.50793037 0.        ],0.25117864108810095
73,RACESURV45_W43,POLPARTY,Independent,[0.06375743 0.3783489  0.55789368 0.        ],0.25981922043115047
74,RACESURV45_W43,POLPARTY,Other,[0.06190948 0.42800821 0.51008231 0.        ],0.3213363674191969
75,RACESURV45_W43,POLPARTY,Republican,[0.03198893 0.34511741 0.62289366 0.        ],0.253693298300139
76,RACESURV5h_W43,POLPARTY,Democrat,[0.15506762 0.23759231 0.0732441  0.02828549 0.50581049],0.005274020921358946
77,RACESURV5h_W43,POLPARTY,Independent,[0.0962359  0.23058168 0.11182387 0.05360309 0.50775546],0.011505475273759776
78,RACESURV5h_W43,POLPARTY,Other,[0.07917079 0.16187141 0.08651428 0.05081369 0.62162982],0.007365061868242341
79,RACESURV5h_W43,POLPARTY,Republican,[0.0785452  0.13159687 0.14204906 0.0774687  0.57034017],0.0034997866259992264
80,ADMISSIONc_W43,POLPARTY,Democrat,[0.09620278 0.23191708 0.67188015],0.0017270496984490354
81,ADMISSIONc_W43,POLPARTY,Independent,[0.06469041 0.25353353 0.68177606],0.0023187081854498196
82,ADMISSIONc_W43,POLPARTY,Other,[0.07615951 0.20345306 0.72038743],0.0037376379842453955
83,ADMISSIONc_W43,POLPARTY,Republican,[0.05577403 0.25100987 0.6932161 ],0.004260962842233822
84,RACESURV1d_W43,POLPARTY,Democrat,[0.26481043 0.39960909 0.33558047],0.0027157728431057957
85,RACESURV1d_W43,POLPARTY,Independent,[0.26022388 0.37671635 0.36305977],0.001459248020520017
86,RACESURV1d_W43,POLPARTY,Other,[0.25257496 0.44258939 0.30483565],0.0013435199246041492
87,RACESURV1d_W43,POLPARTY,Republican,[0.31538425 0.33414372 0.35047203],0.002968163232186855
88,RACESURV5f_W43,POLPARTY,Democrat,[0.09127968 0.17869103 0.21668267 0.04340647 0.46994016],0.014102709797523285
89,RACESURV5f_W43,POLPARTY,Independent,[0.09274493 0.17182753 0.15553734 0.03435913 0.54553106],0.009145303450813859
90,RACESURV5f_W43,POLPARTY,Other,[0.09636461 0.12854345 0.13386197 0.02993083 0.61129914],0.006520728652425934
91,RACESURV5f_W43,POLPARTY,Republican,[0.06205085 0.12025352 0.12886484 0.05227491 0.63655588],0.005418058244221587
92,RACESURV19c_W43,POLPARTY,Democrat,[0.67466344 0.20735455 0.11798201],0.0016014505904121048
93,RACESURV19c_W43,POLPARTY,Independent,[0.52231467 0.26384413 0.2138412 ],0.004681312993430191
94,RACESURV19c_W43,POLPARTY,Other,[0.40638087 0.28524469 0.30837444],0.0
95,RACESURV19c_W43,POLPARTY,Republican,[0.24411178 0.36086469 0.39502353],0.00817420843542618
96,RACESURV29b_W43,POLPARTY,Democrat,[0.33603051 0.4045937  0.21298012 0.04639567],0.0010404070182465858
97,RACESURV29b_W43,POLPARTY,Independent,[0.29303979 0.42037252 0.24067571 0.04591197],0.004776643861143522
98,RACESURV29b_W43,POLPARTY,Other,[0.29849636 0.38153103 0.22980124 0.09017137],0.0031237958445500275
99,RACESURV29b_W43,POLPARTY,Republican,[0.23213758 0.48714581 0.23248975 0.04822685],0.004083121693775491
100,RACESURV47a_W43,POLPARTY,Democrat,[0.12071126 0.25115503 0.20150706 0.42662665],0.21341523004205612
101,RACESURV47a_W43,POLPARTY,Independent,[0.28246881 0.28491016 0.16157005 0.27105098],0.18954064891315167
102,RACESURV47a_W43,POLPARTY,Other,[0.22970385 0.36168536 0.15670199 0.2519088 ],0.29664687683368923
103,RACESURV47a_W43,POLPARTY,Republican,[0.50361329 0.35020791 0.06607412 0.08010468],0.13822879890992873
104,RACESURV27_W43,POLPARTY,Democrat,[0.08983042 0.31051752 0.3308178  0.26883426],0.008029274243630122
105,RACESURV27_W43,POLPARTY,Independent,[0.05847661 0.27065417 0.36778237 0.30308686],0.014999924057232626
106,RACESURV27_W43,POLPARTY,Other,[0.09766577 0.23527007 0.35878044 0.30828373],0.007853355528132721
107,RACESURV27_W43,POLPARTY,Republican,[0.04247994 0.20773703 0.35439917 0.39538385],0.0113500499441725
108,RACESURV5b_W43,POLPARTY,Democrat,[0.03628702 0.058958   0.3107476  0.4294224  0.16458499],0.005919503152438547
109,RACESURV5b_W43,POLPARTY,Independent,[0.06086193 0.09246345 0.34683002 0.24221546 0.25762914],0.0077757454957330585
110,RACESURV5b_W43,POLPARTY,Other,[0.06499199 0.07792514 0.28554695 0.23050298 0.34103294],0.006796035162341575
111,RACESURV5b_W43,POLPARTY,Republican,[0.14022958 0.17999097 0.27244057 0.07949408 0.3278448 ],0.007075608542189399
112,RACESURV18a_W43,POLPARTY,Democrat,[0.04259353 0.47470179 0.40255262 0.08015206],0.11929413754184454
113,RACESURV18a_W43,POLPARTY,Independent,[0.09909784 0.5626823  0.29782759 0.04039228],0.1269224010878603
114,RACESURV18a_W43,POLPARTY,Other,[0.07845969 0.48589517 0.32629273 0.10935241],0.19104379646477634
115,RACESURV18a_W43,POLPARTY,Republican,[0.12408023 0.6673296  0.17550291 0.03308727],0.0959380873981205
116,RACESURV28c_W43,POLPARTY,Democrat,[0.72535976 0.01475151 0.25988873],0.014499620744518955
117,RACESURV28c_W43,POLPARTY,Independent,[0.43794567 0.03602869 0.52602564],0.024849373492364456
118,RACESURV28c_W43,POLPARTY,Other,[0.41497417 0.03926558 0.54576024],0.014941508169267512
119,RACESURV28c_W43,POLPARTY,Republican,[0.1741673  0.04469812 0.78113458],0.019154783068054383
120,RACESURV18d_W43,POLPARTY,Democrat,[0.15148854 0.68906738 0.13774762 0.02169646],0.1655602410613551
121,RACESURV18d_W43,POLPARTY,Independent,[0.19424261 0.67522752 0.10696032 0.02356955],0.15956522367241477
122,RACESURV18d_W43,POLPARTY,Other,[0.19430648 0.66157428 0.10677416 0.03734508],0.21798311392183908
123,RACESURV18d_W43,POLPARTY,Republican,[0.23599129 0.70728042 0.04884837 0.00787992],0.12566702229699273
124,RACESURV51_W43,POLPARTY,Democrat,[0.34653506 0.05251706 0.60094788],0.006320789764338961
125,RACESURV51_W43,POLPARTY,Independent,[0.26528394 0.06877955 0.6659365 ],0.017944603557933987
126,RACESURV51_W43,POLPARTY,Other,[0.2616773  0.12424473 0.61407797],0.012122491403432802
127,RACESURV51_W43,POLPARTY,Republican,[0.09236179 0.10836593 0.79927228],0.01895285833242247
128,RACESURV47b_W43,POLPARTY,Democrat,[0.15913894 0.31081346 0.14394465 0.38610294],0.13369888848738404
129,RACESURV47b_W43,POLPARTY,Independent,[0.14962092 0.23379104 0.20779068 0.40879737],0.13121331194061112
130,RACESURV47b_W43,POLPARTY,Other,[0.19460382 0.23397566 0.17546808 0.39595244],0.27215510772375306
131,RACESURV47b_W43,POLPARTY,Republican,[0.12575149 0.15408525 0.17307912 0.54708414],0.07979167032044833
132,RACESURV19b_W43,POLPARTY,Democrat,[0.20641653 0.25548966 0.5380938 ],0.005132285962491372
133,RACESURV19b_W43,POLPARTY,Independent,[0.26627521 0.30178655 0.43193825],0.007067616905742629
134,RACESURV19b_W43,POLPARTY,Other,[0.34559362 0.22679219 0.4276142 ],0.00726526176409221
135,RACESURV19b_W43,POLPARTY,Republican,[0.45965292 0.31353586 0.22681123],0.011311302611248254
136,RACESURV14_W43,POLPARTY,Democrat,[0.01448644 0.03522492 0.06466209 0.88562655],0.005631841791033697
137,RACESURV14_W43,POLPARTY,Independent,[0.12060933 0.14042324 0.15941707 0.57955036],0.02176027092193182
138,RACESURV14_W43,POLPARTY,Other,[0.06510866 0.14492719 0.19174945 0.5982147 ],0.020511229087612246
139,RACESURV14_W43,POLPARTY,Republican,[0.42059546 0.26128107 0.17642623 0.14169723],0.020218899146546315
140,ADMISSIONg_W43,POLPARTY,Democrat,[0.70332751 0.24074308 0.05592941],0.00369039861554673
141,ADMISSIONg_W43,POLPARTY,Independent,[0.67232158 0.260635   0.06704342],0.004049471627978626
142,ADMISSIONg_W43,POLPARTY,Other,[0.57068129 0.31663803 0.11268067],0.0024340584339852768
143,ADMISSIONg_W43,POLPARTY,Republican,[0.6977436  0.25292182 0.04933457],0.0005927143489879587
144,RACESURV52_W43,POLPARTY,Democrat,[0.06255915 0.11672948 0.21512324 0.60558813],0.004467222128687738
145,RACESURV52_W43,POLPARTY,Independent,[0.09992365 0.16372886 0.26487641 0.47147109],0.0037418159041315187
146,RACESURV52_W43,POLPARTY,Other,[0.08516596 0.18372259 0.24732399 0.48378746],0.008034518552754647
147,RACESURV52_W43,POLPARTY,Republican,[0.20040621 0.26849839 0.2486555  0.2824399 ],0.004781522407054626
148,RACESURV34a_W43,POLPARTY,Democrat,[0.21993384 0.26585809 0.15095033 0.06232471 0.30093303],0.002913083545414979
149,RACESURV34a_W43,POLPARTY,Independent,[0.15091028 0.24616305 0.09491545 0.03739715 0.47061407],0.006539945092555015
150,RACESURV34a_W43,POLPARTY,Other,[0.08152298 0.23493124 0.11824109 0.05344155 0.51186314],0.007666439503153756
151,RACESURV34a_W43,POLPARTY,Republican,[0.0889727  0.19944122 0.06125389 0.02241633 0.62791585],0.008445939261651185
152,ADMISSIONa_W43,POLPARTY,Democrat,[0.11804407 0.27848902 0.60346691],0.001823614553956865
153,ADMISSIONa_W43,POLPARTY,Independent,[0.06069955 0.18995856 0.74934189],0.0018083665498525047
154,ADMISSIONa_W43,POLPARTY,Other,[0.07732358 0.19056444 0.73211198],0.0001633491407319631
155,ADMISSIONa_W43,POLPARTY,Republican,[0.02810093 0.10145788 0.87044119],0.0020208476332095925
156,RACESURV34c_W43,POLPARTY,Democrat,[0.2192076  0.20273681 0.19188171 0.15654619 0.22962769],0.006661625131988032
157,RACESURV34c_W43,POLPARTY,Independent,[0.14642195 0.19074428 0.21281231 0.15178977 0.29823169],0.0023861426613483146
158,RACESURV34c_W43,POLPARTY,Other,[0.12084988 0.1642411  0.20890801 0.15820192 0.34779909],0.0031095993883383834
159,RACESURV34c_W43,POLPARTY,Republican,[0.08656835 0.19089193 0.16161409 0.12306108 0.43786454],0.0017118854227286236
160,RACESURV7_W43,POLPARTY,Democrat,[0.20449051 0.42379866 0.28770133 0.0840095 ],0.004373602595666148
161,RACESURV7_W43,POLPARTY,Independent,[0.1092925  0.38858409 0.36885113 0.13327228],0.0011131097842171339
162,RACESURV7_W43,POLPARTY,Other,[0.16257155 0.35003547 0.30026993 0.18712304],0.0013191113550886581
163,RACESURV7_W43,POLPARTY,Republican,[0.09032139 0.35407976 0.41810239 0.13749646],0.0031282855793894294
164,RACESURV5i_W43,POLPARTY,Democrat,[0.55434132 0.23973671 0.04000573 0.01941791 0.14649833],0.002448788213730623
165,RACESURV5i_W43,POLPARTY,Independent,[0.34014821 0.29383305 0.08776212 0.02724932 0.2510073 ],0.009809688304575574
166,RACESURV5i_W43,POLPARTY,Other,[0.33578089 0.29971182 0.0468155  0.02069602 0.29699577],0.002486338978870223
167,RACESURV5i_W43,POLPARTY,Republican,[0.23428394 0.30568982 0.11056956 0.03740203 0.31205465],0.003725731557479904
168,RACESURV6_W43,POLPARTY,Democrat,[0.1622884 0.8377116],0.006186529077151106
169,RACESURV6_W43,POLPARTY,Independent,[0.41991547 0.58008453],0.006774886735033074
170,RACESURV6_W43,POLPARTY,Other,[0.44059859 0.55940141],0.011741718409861053
171,RACESURV6_W43,POLPARTY,Republican,[0.77352139 0.22647861],0.011698016673258049
172,RACESURV5e_W43,POLPARTY,Democrat,[0.06779265 0.12899164 0.26318792 0.24810613 0.29192166],0.00490230348208154
173,RACESURV5e_W43,POLPARTY,Independent,[0.06725865 0.16765168 0.25935462 0.19595361 0.30978144],0.013016069976210983
174,RACESURV5e_W43,POLPARTY,Other,[0.07483431 0.15770799 0.16870039 0.11466182 0.4840955 ],0.010650273814157549
175,RACESURV5e_W43,POLPARTY,Republican,[0.08653834 0.21164331 0.17367486 0.0497707  0.47837279],0.007569009355033367
176,RACESURV53e_W43,POLPARTY,Democrat,[0.40514648 0.59485352],0.005912273413084168
177,RACESURV53e_W43,POLPARTY,Independent,[0.43322012 0.56677988],0.010677694205287936
178,RACESURV53e_W43,POLPARTY,Other,[0.49708869 0.50291131],0.004731889687415319
179,RACESURV53e_W43,POLPARTY,Republican,[0.42351198 0.57648802],0.009710608590691984
180,RACESURV41_W43,POLPARTY,Democrat,[0.04372285 0.49151502 0.46476213 0.        ],0.12605810125816222
181,RACESURV41_W43,POLPARTY,Independent,[0.07932523 0.54010163 0.38057313 0.        ],0.16164315750901034
182,RACESURV41_W43,POLPARTY,Other,[0.0959087  0.46349059 0.44060072 0.        ],0.22601395243732503
183,RACESURV41_W43,POLPARTY,Republican,[0.09197997 0.57017491 0.33784513 0.        ],0.13862211422615364
184,RACESURV1a_W43,POLPARTY,Democrat,[0.23697577 0.29148341 0.47154082],0.004127544457852104
185,RACESURV1a_W43,POLPARTY,Independent,[0.22370839 0.29367693 0.48261469],0.0008967262723767998
186,RACESURV1a_W43,POLPARTY,Other,[0.22263286 0.31917993 0.45818721],0.0024296017182440515
187,RACESURV1a_W43,POLPARTY,Republican,[0.24436293 0.2886826  0.46695447],0.0017420945853194802
188,RACESURV47d_W43,POLPARTY,Democrat,[0.15396713 0.33850335 0.28495479 0.22257473],0.11411576299756718
189,RACESURV47d_W43,POLPARTY,Independent,[0.22984543 0.3963827  0.20273493 0.17103695],0.16796784220232366
190,RACESURV47d_W43,POLPARTY,Other,[0.19505406 0.34941706 0.27466384 0.18086504],0.1812598510467143
191,RACESURV47d_W43,POLPARTY,Republican,[0.31100856 0.43195342 0.17739674 0.07964127],0.11306528303802679
192,RACESURV9_W43,POLPARTY,Democrat,[0.13450524 0.44338618 0.11081583 0.02719679 0.28409596],0.0038154125237090707
193,RACESURV9_W43,POLPARTY,Independent,[0.12827368 0.42238252 0.12727631 0.02894351 0.29312397],0.0031035123241242653
194,RACESURV9_W43,POLPARTY,Other,[0.11984665 0.41915312 0.11411978 0.03747623 0.30940421],0.002262280216146244
195,RACESURV9_W43,POLPARTY,Republican,[0.16271928 0.4178002  0.10664574 0.01368534 0.29914945],0.0031950058443205582
196,RACESURV22_W43,POLPARTY,Democrat,[0.06198398 0.17084725 0.2471227  0.52004608],0.00452023811830836
197,RACESURV22_W43,POLPARTY,Independent,[0.02914721 0.10921126 0.20210582 0.65953572],0.0038070930877098317
198,RACESURV22_W43,POLPARTY,Other,[0.03920222 0.15803316 0.22521732 0.5775473 ],0.0010693303615119908
199,RACESURV22_W43,POLPARTY,Republican,[0.01298447 0.09046855 0.18307006 0.71347691],0.0018704813631085795
200,ADMISSIONd_W43,POLPARTY,Democrat,[0.09566032 0.34821314 0.55612653],0.003520190720699513
201,ADMISSIONd_W43,POLPARTY,Independent,[0.06509098 0.35877887 0.57613015],0.004163570061260338
202,ADMISSIONd_W43,POLPARTY,Other,[0.08028364 0.32882481 0.59089156],0.0010572686882601176
203,ADMISSIONd_W43,POLPARTY,Republican,[0.08082607 0.33304005 0.58613388],0.004427004900024397
204,RACESURV53g_W43,POLPARTY,Democrat,[0.29826797 0.70173203],0.007355032714849202
205,RACESURV53g_W43,POLPARTY,Independent,[0.38966885 0.61033115],0.012683572685880764
206,RACESURV53g_W43,POLPARTY,Other,[0.43226316 0.56773684],0.006847972384836533
207,RACESURV53g_W43,POLPARTY,Republican,[0.44416248 0.55583752],0.010920025124521004
208,RACESURV5a_W43,POLPARTY,Democrat,[0.6098905  0.17928015 0.0302197  0.01289516 0.16771449],0.004769028875102395
209,RACESURV5a_W43,POLPARTY,Independent,[0.37170731 0.21872452 0.07463864 0.04549542 0.28943411],0.009459117241568383
210,RACESURV5a_W43,POLPARTY,Other,[0.30348426 0.22168475 0.07636074 0.04796122 0.35050902],0.009843559948782873
211,RACESURV5a_W43,POLPARTY,Republican,[0.15622674 0.2565541  0.12979333 0.07385761 0.38356823],0.006718927758183932
212,RACESURV26_W43,POLPARTY,Democrat,[0.15855241 0.40062236 0.26381717 0.17700806],0.009634525606475331
213,RACESURV26_W43,POLPARTY,Independent,[0.10382798 0.34827927 0.31294434 0.23494842],0.011225818269984875
214,RACESURV26_W43,POLPARTY,Other,[0.14927897 0.30852554 0.31533067 0.22686482],0.005929121287938588
215,RACESURV26_W43,POLPARTY,Republican,[0.08394291 0.29406404 0.30767554 0.31431751],0.007410112957483168
216,RACESURV16_W43,POLPARTY,Democrat,[0.54141091 0.45858909],0.010946584279484119
217,RACESURV16_W43,POLPARTY,Independent,[0.42438522 0.57561478],0.01567226459598485
218,RACESURV16_W43,POLPARTY,Other,[0.45175171 0.54824829],0.020311860973254225
219,RACESURV16_W43,POLPARTY,Republican,[0.34355932 0.65644068],0.013405186822776336
220,RACESURV47c_W43,POLPARTY,Democrat,[0.01416005 0.0356063  0.11741381 0.83281984],0.06490922407897172
221,RACESURV47c_W43,POLPARTY,Independent,[0.01903269 0.07640131 0.174169   0.730397  ],0.07586142136491578
222,RACESURV47c_W43,POLPARTY,Other,[0.03349826 0.15295352 0.15631901 0.65722921],0.20068909601838755
223,RACESURV47c_W43,POLPARTY,Republican,[0.05277458 0.06053873 0.13485463 0.75183205],0.048628981290273446
224,RACESURV34e_W43,POLPARTY,Democrat,[0.27435371 0.37458721 0.05630937 0.02267439 0.27207532],0.006584796611808846
225,RACESURV34e_W43,POLPARTY,Independent,[0.24852163 0.35392289 0.05666665 0.01790346 0.32298536],0.0071541956322532544
226,RACESURV34e_W43,POLPARTY,Other,[0.19341939 0.32965957 0.0460255  0.04164255 0.38925299],0.004683602059849222
227,RACESURV34e_W43,POLPARTY,Republican,[0.20707753 0.39009533 0.0258259  0.01332044 0.3636808 ],0.005675299928712936
228,ADMISSIONh_W43,POLPARTY,Democrat,[0.27993353 0.30136307 0.4187034 ],0.0014924350996321706
229,ADMISSIONh_W43,POLPARTY,Independent,[0.18583158 0.28700594 0.52716248],0.0018425771062023182
230,ADMISSIONh_W43,POLPARTY,Other,[0.1920105  0.27039536 0.53759415],0.0015921022386347055
231,ADMISSIONh_W43,POLPARTY,Republican,[0.13813111 0.1982727  0.66359619],0.0034989328612247813
232,RACESURV18f_W43,POLPARTY,Democrat,[0.09098495 0.63425433 0.24185877 0.03290195],0.42342296462071083
233,RACESURV18f_W43,POLPARTY,Independent,[0.11294161 0.62346476 0.23728683 0.02630679],0.4131270338672534
234,RACESURV18f_W43,POLPARTY,Other,[0.10290688 0.64348197 0.19845037 0.05516078],0.4486857365855455
235,RACESURV18f_W43,POLPARTY,Republican,[0.13850505 0.59068982 0.22771011 0.04309502],0.43486379079099324
236,RACESURV13_W43,POLPARTY,Democrat,[0.1715737  0.45785949 0.2825103  0.08805651],0.0030388635563160325
237,RACESURV13_W43,POLPARTY,Independent,[0.19904617 0.44990653 0.30620523 0.04484208],0.0
238,RACESURV13_W43,POLPARTY,Other,[0.16300547 0.48156813 0.26266061 0.09276578],0.0004986036999838123
239,RACESURV13_W43,POLPARTY,Republican,[0.27601505 0.48066211 0.21502604 0.0282968 ],0.0
240,RACESURV29c_W43,POLPARTY,Democrat,[0.32048273 0.42504005 0.19016147 0.06431575],0.0013292841451824759
241,RACESURV29c_W43,POLPARTY,Independent,[0.29156526 0.42676225 0.21761119 0.06406131],0.003364554164362209
242,RACESURV29c_W43,POLPARTY,Other,[0.31259069 0.37532359 0.22649266 0.08559306],0.0020349826347291298
243,RACESURV29c_W43,POLPARTY,Republican,[0.25861911 0.43038071 0.24582992 0.06517026],0.0057041754985819645
244,RACESURV17_W43,POLPARTY,Democrat,[0.48140369 0.34319558 0.11225312 0.06314762],0.00414468307272725
245,RACESURV17_W43,POLPARTY,Independent,[0.28284187 0.35599152 0.22218705 0.13897956],0.009921791629004414
246,RACESURV17_W43,POLPARTY,Other,[0.28526146 0.36220777 0.17140726 0.18112352],0.008573814504968389
247,RACESURV17_W43,POLPARTY,Republican,[0.16879577 0.23901703 0.28045994 0.31172725],0.010694383440796788
248,RACESURV19f_W43,POLPARTY,Democrat,[0.44797285 0.36015991 0.19186725],0.008413787767219818
249,RACESURV19f_W43,POLPARTY,Independent,[0.50619457 0.32394609 0.16985934],0.00538462192607203
250,RACESURV19f_W43,POLPARTY,Other,[0.45026147 0.33754623 0.2121923 ],0.00817916504784505
251,RACESURV19f_W43,POLPARTY,Republican,[0.59426627 0.28419652 0.12153721],0.00986118995673744
252,RACESURV29a_W43,POLPARTY,Democrat,[0.68792983 0.22401096 0.06411973 0.02393948],0.004334576583081576
253,RACESURV29a_W43,POLPARTY,Independent,[0.74012689 0.19646797 0.05035319 0.01305194],0.004335293191241994
254,RACESURV29a_W43,POLPARTY,Other,[0.6447889  0.23708005 0.0620385  0.05609255],0.005925470955844199
255,RACESURV29a_W43,POLPARTY,Republican,[0.79607382 0.16966563 0.02807177 0.00618877],0.00434450284420368
256,ADMISSIONf_W43,POLPARTY,Democrat,[0.46391738 0.42901936 0.10706326],0.0040060456851927495
257,ADMISSIONf_W43,POLPARTY,Independent,[0.46916122 0.42746976 0.10336902],0.008275656485339976
258,ADMISSIONf_W43,POLPARTY,Other,[0.41076133 0.41488398 0.1743547 ],0.00358036701730459
259,ADMISSIONf_W43,POLPARTY,Republican,[0.51400267 0.39538293 0.0906144 ],0.002375243706844051
260,IDIMPORT_W43,POLPARTY,Democrat,[0.25062447 0.19354029 0.19285313 0.13839942 0.2245827 ],0.0035587935296149714
261,IDIMPORT_W43,POLPARTY,Independent,[0.12373609 0.13884212 0.18555961 0.15473624 0.39712593],0.010673578873652119
262,IDIMPORT_W43,POLPARTY,Other,[0.14530013 0.11397823 0.20481795 0.16887579 0.3670279 ],0.00989098790738069
263,IDIMPORT_W43,POLPARTY,Republican,[0.09702303 0.14179501 0.17259988 0.14557349 0.4430086 ],0.0057112644562086696
264,RACESURV19a_W43,POLPARTY,Democrat,[0.6951058  0.22054524 0.08434896],0.005301093792976166
265,RACESURV19a_W43,POLPARTY,Independent,[0.4111746  0.39060461 0.19822079],0.004809193833273308
266,RACESURV19a_W43,POLPARTY,Other,[0.45234188 0.32980599 0.21785213],0.0041820462718327785
267,RACESURV19a_W43,POLPARTY,Republican,[0.14423173 0.45028686 0.4054814 ],0.008370430215009913
268,ADMISSIONb_W43,POLPARTY,Democrat,[0.06328791 0.17764267 0.75906942],0.0020820193738438843
269,ADMISSIONb_W43,POLPARTY,Independent,[0.04803816 0.1361992  0.81576264],0.009479078257003516
270,ADMISSIONb_W43,POLPARTY,Other,[0.04876329 0.138892   0.81234471],0.0016367481943837122
271,ADMISSIONb_W43,POLPARTY,Republican,[0.0198784  0.09108734 0.88903425],0.0035548552033967556
272,RACESURV21_W43,POLPARTY,Democrat,[0.11972066 0.1812855  0.17256192 0.52643193],0.0035143368695151017
273,RACESURV21_W43,POLPARTY,Independent,[0.05747735 0.14639415 0.17388458 0.62224392],0.0021521015303028676
274,RACESURV21_W43,POLPARTY,Other,[0.08406393 0.17474083 0.21680009 0.52439515],0.004202889929321728
275,RACESURV21_W43,POLPARTY,Republican,[0.02577961 0.10555066 0.16774738 0.70092235],0.0040685081084846164
276,RACESURV49_W43,POLPARTY,Democrat,[0.40463576 0.59536424],0.02308133689818635
277,RACESURV49_W43,POLPARTY,Independent,[0.20195592 0.79804408],0.030852989548040898
278,RACESURV49_W43,POLPARTY,Other,[0.28647584 0.71352416],0.010379338562438304
279,RACESURV49_W43,POLPARTY,Republican,[0.06528482 0.93471518],0.01781222874872234
280,RACESURV8_W43,POLPARTY,Democrat,[0.39538912 0.34938914 0.20675065 0.04847108],0.0026519358620887452
281,RACESURV8_W43,POLPARTY,Independent,[0.35650998 0.33114829 0.25761767 0.05472405],0.005410665051946026
282,RACESURV8_W43,POLPARTY,Other,[0.29355596 0.42028798 0.22858679 0.05756927],0.006377848516513289
283,RACESURV8_W43,POLPARTY,Republican,[0.3906163  0.36847708 0.19212236 0.04878426],0.0024064505171378973
284,RACESURV28b_W43,POLPARTY,Democrat,[0.69617851 0.01512334 0.28869814],0.0074191768094727375
285,RACESURV28b_W43,POLPARTY,Independent,[0.43219683 0.02267024 0.54513293],0.006861802666751467
286,RACESURV28b_W43,POLPARTY,Other,[0.43226466 0.03729384 0.5304415 ],0.005166979585284193
287,RACESURV28b_W43,POLPARTY,Republican,[0.17666743 0.02551174 0.79782084],0.008654271261173659
288,RACESURV40_W43,POLPARTY,Democrat,[0.15423339 0.75919442 0.08657219 0.        ],0.07857568880784496
289,RACESURV40_W43,POLPARTY,Independent,[0.08390364 0.70570357 0.2103928  0.        ],0.1102953012914468
290,RACESURV40_W43,POLPARTY,Other,[0.14823442 0.65645054 0.19531504 0.        ],0.1861432477340603
291,RACESURV40_W43,POLPARTY,Republican,[0.03875427 0.67164961 0.28959612 0.        ],0.1006000303801065
292,RACESURV2_W43,POLPARTY,Democrat,[0.73476081 0.14891584 0.01354493 0.01045627 0.09232215],0.0017804955920887383
293,RACESURV2_W43,POLPARTY,Independent,[0.59584573 0.17448137 0.05871213 0.01332906 0.15763171],0.001658596212669589
294,RACESURV2_W43,POLPARTY,Other,[0.46630558 0.19707833 0.06739092 0.00539412 0.26383105],0.001967562394173316
295,RACESURV2_W43,POLPARTY,Republican,[0.39608176 0.28057062 0.08448067 0.02517822 0.21368873],0.002680916590882859
296,RACESURV47f_W43,POLPARTY,Democrat,[0.07038875 0.13088676 0.15544279 0.6432817 ],0.08844879986344371
297,RACESURV47f_W43,POLPARTY,Independent,[0.14526216 0.22614946 0.24352365 0.38506472],0.16243710198769062
298,RACESURV47f_W43,POLPARTY,Other,[0.18714941 0.24360516 0.18772739 0.38151804],0.15619054578676098
299,RACESURV47f_W43,POLPARTY,Republican,[0.32299555 0.29544121 0.16660237 0.21496087],0.10581847895699262
300,RACESURV53d_W43,POLPARTY,Democrat,[0.28035278 0.71964722],0.004637831920318391
301,RACESURV53d_W43,POLPARTY,Independent,[0.25088649 0.74911351],0.011625148854546918
302,RACESURV53d_W43,POLPARTY,Other,[0.24376911 0.75623089],0.0052582219719566675
303,RACESURV53d_W43,POLPARTY,Republican,[0.2229363 0.7770637],0.006917215699427292
304,RACESURV47e_W43,POLPARTY,Democrat,[0.18180948 0.34865641 0.23028422 0.2392499 ],0.14402919998897784
305,RACESURV47e_W43,POLPARTY,Independent,[0.29795957 0.42016208 0.1612991  0.12057925],0.15195911125318953
306,RACESURV47e_W43,POLPARTY,Other,[0.28197017 0.37469763 0.17724728 0.16608492],0.1691174118055748
307,RACESURV47e_W43,POLPARTY,Republican,[0.49103612 0.34142493 0.10354061 0.06399834],0.08721021787275614
308,RACESURV3_W43,POLPARTY,Democrat,[0.09174808 0.44123107 0.46702086],0.004465210459380298
309,RACESURV3_W43,POLPARTY,Independent,[0.06278836 0.47821333 0.45899831],0.004406499336277616
310,RACESURV3_W43,POLPARTY,Other,[0.08742295 0.40598924 0.5065878 ],0.0
311,RACESURV3_W43,POLPARTY,Republican,[0.02883554 0.56194958 0.40921488],0.0028972745178446418
312,RACESURV19e_W43,POLPARTY,Democrat,[0.66546129 0.20609358 0.12844513],0.011749802124245921
313,RACESURV19e_W43,POLPARTY,Independent,[0.37819344 0.34224331 0.27956324],0.002050891516961363
314,RACESURV19e_W43,POLPARTY,Other,[0.43564047 0.34107506 0.22328447],0.0031443657363128263
315,RACESURV19e_W43,POLPARTY,Republican,[0.15227106 0.36913072 0.47859822],0.010668973539946468
316,RACESURV15b_W43,POLPARTY,Democrat,[0.69033283 0.18194084 0.12772633],0.0050429909474627235
317,RACESURV15b_W43,POLPARTY,Independent,[0.4250171  0.23079275 0.34419016],0.005943632798620065
318,RACESURV15b_W43,POLPARTY,Other,[0.43236644 0.28137228 0.28626128],0.0150441201564238
319,RACESURV15b_W43,POLPARTY,Republican,[0.21355735 0.27764049 0.50880216],0.012191641922683736
320,RACESURV19d_W43,POLPARTY,Democrat,[0.34651563 0.40764705 0.24583732],0.005139964747192389
321,RACESURV19d_W43,POLPARTY,Independent,[0.41951674 0.37536122 0.20512203],0.0027416518209595056
322,RACESURV19d_W43,POLPARTY,Other,[0.40431232 0.2841214  0.31156628],0.0
323,RACESURV19d_W43,POLPARTY,Republican,[0.5580545  0.25979323 0.18215227],0.00652627399762789
324,RACESURV12_W43,POLPARTY,Democrat,[0.04535303 0.72673788 0.22790909],0.010116820252103925
325,RACESURV12_W43,POLPARTY,Independent,[0.12563477 0.43286318 0.44150205],0.01478433976620973
326,RACESURV12_W43,POLPARTY,Other,[0.12168275 0.4721351  0.40618215],0.012072975952215726
327,RACESURV12_W43,POLPARTY,Republican,[0.3313312  0.13286968 0.53579913],0.015658745165056442
328,RACESURV5l_W43,POLPARTY,Democrat,[0.85681509 0.04470166 0.01984828 0.02537572 0.05325925],0.003246173062931479
329,RACESURV5l_W43,POLPARTY,Independent,[0.7746534  0.12588684 0.01731056 0.00979504 0.07235417],0.0012651369858673782
330,RACESURV5l_W43,POLPARTY,Other,[0.78093452 0.08369132 0.01189065 0.04184871 0.08163479],0.013299199208192048
331,RACESURV5l_W43,POLPARTY,Republican,[0.73840311 0.17135227 0.01881442 0.00471968 0.06671053],0.00526971569070678
332,RACESURV25_W43,POLPARTY,Democrat,[0.2062814  0.38186302 0.24306883 0.16878674],0.005900208637842487
333,RACESURV25_W43,POLPARTY,Independent,[0.12246885 0.35569737 0.29009009 0.23174369],0.010112847394490853
334,RACESURV25_W43,POLPARTY,Other,[0.15511755 0.30095782 0.31811645 0.22580818],0.010174963570047801
335,RACESURV25_W43,POLPARTY,Republican,[0.07679823 0.30684163 0.31226543 0.30409472],0.008904067290030966
336,RACESURV53a_W43,POLPARTY,Democrat,[0.17564176 0.82435824],0.004353403740154096
337,RACESURV53a_W43,POLPARTY,Independent,[0.1751465 0.8248535],0.009679624618710346
338,RACESURV53a_W43,POLPARTY,Other,[0.19872538 0.80127462],0.006550707018538743
339,RACESURV53a_W43,POLPARTY,Republican,[0.09682495 0.90317505],0.007976367459878855
340,RACESURV15a_W43,POLPARTY,Democrat,[0.87986855 0.03281349 0.08731796],0.0041317660020715845
341,RACESURV15a_W43,POLPARTY,Independent,[0.68359936 0.04784665 0.26855398],0.012071904706233236
342,RACESURV15a_W43,POLPARTY,Other,[0.54590889 0.0668523  0.38723881],0.028109245497593787
343,RACESURV15a_W43,POLPARTY,Republican,[0.42115706 0.07326153 0.50558141],0.00348971546396268
344,RACESURV18b_W43,POLPARTY,Democrat,[0.11613909 0.58720646 0.26020526 0.03644919],0.22910022357505555
345,RACESURV18b_W43,POLPARTY,Independent,[0.09887843 0.56318195 0.29154629 0.04639333],0.2846184301869346
346,RACESURV18b_W43,POLPARTY,Other,[0.12325336 0.51443224 0.2965459  0.06576849],0.3227254838774338
347,RACESURV18b_W43,POLPARTY,Republican,[0.09431079 0.48651814 0.32613714 0.09303393],0.29013064383564946
348,RACESURV18c_W43,POLPARTY,Democrat,[0.03140264 0.36187056 0.47644216 0.13028464],0.06546432362061072
349,RACESURV18c_W43,POLPARTY,Independent,[0.05226205 0.47981519 0.40245964 0.06546312],0.08601270876829452
350,RACESURV18c_W43,POLPARTY,Other,[0.06295598 0.42477833 0.38376862 0.12849707],0.1468967972720159
351,RACESURV18c_W43,POLPARTY,Republican,[0.07546636 0.56854059 0.29236355 0.0636295 ],0.07085008550283234
352,RACESURV53f_W43,POLPARTY,Democrat,[0.32674751 0.67325249],0.006348438268629561
353,RACESURV53f_W43,POLPARTY,Independent,[0.39711827 0.60288173],0.009428243144132762
354,RACESURV53f_W43,POLPARTY,Other,[0.40574307 0.59425693],0.012429475364486403
355,RACESURV53f_W43,POLPARTY,Republican,[0.40618076 0.59381924],0.007782126994498266
356,RACESURV11_W43,POLPARTY,Democrat,[0.13100074 0.61206993 0.25692933],0.00038220679981470243
357,RACESURV11_W43,POLPARTY,Independent,[0.19253901 0.51583616 0.29162483],0.000998490438017386
358,RACESURV11_W43,POLPARTY,Other,[0.18479991 0.46313629 0.35206379],0.003961072070155084
359,RACESURV11_W43,POLPARTY,Republican,[0.20231521 0.48493147 0.31275332],0.0026888437565122047
360,RACESURV53c_W43,POLPARTY,Democrat,[0.37143281 0.62856719],0.005914781940564854
361,RACESURV53c_W43,POLPARTY,Independent,[0.32447912 0.67552088],0.012846676994582638
362,RACESURV53c_W43,POLPARTY,Other,[0.40955966 0.59044034],0.006360564319403632
363,RACESURV53c_W43,POLPARTY,Republican,[0.32904735 0.67095265],0.008230642115353506
364,RACESURV5g_W43,POLPARTY,Democrat,[0.01314656 0.03698429 0.28779342 0.43887205 0.22320368],0.0038597088499820876
365,RACESURV5g_W43,POLPARTY,Independent,[0.03566802 0.04401338 0.38875874 0.31934633 0.21221353],0.014428259023687618
366,RACESURV5g_W43,POLPARTY,Other,[0.0363049  0.05613968 0.26399782 0.2502332  0.3933244 ],0.005631117589784395
367,RACESURV5g_W43,POLPARTY,Republican,[0.06081338 0.07752345 0.33406785 0.19868585 0.32890947],0.008330558267491534
368,RACESURV24_W43,POLPARTY,Democrat,[0.23470892 0.36971335 0.21002402 0.18555371],0.005328635294218942
369,RACESURV24_W43,POLPARTY,Independent,[0.19061139 0.35749697 0.24081367 0.21107797],0.009479874555961701
370,RACESURV24_W43,POLPARTY,Other,[0.25032197 0.28241229 0.22943066 0.23783508],0.008162888185626918
371,RACESURV24_W43,POLPARTY,Republican,[0.18916783 0.37741003 0.19680054 0.2366216 ],0.00787138299107069
372,RACESURV5k_W43,POLPARTY,Democrat,[0.0123746  0.01000082 0.13788478 0.78399386 0.05574593],0.00014261256309738322
373,RACESURV5k_W43,POLPARTY,Independent,[0.02127288 0.01712844 0.19461009 0.67286305 0.09412555],0.004503489551662686
374,RACESURV5k_W43,POLPARTY,Other,[0.01613918 0.03619023 0.13388496 0.73018235 0.08360328],0.006507573312866305
375,RACESURV5k_W43,POLPARTY,Republican,[0.03112989 0.0536805  0.33659594 0.48071499 0.09787868],0.0025909661030650883
376,RACESURV36_W43,POLPARTY,Democrat,[0.10984666 0.39772957 0.37417729 0.11824647],0.00583294486757384
377,RACESURV36_W43,POLPARTY,Independent,[0.10205954 0.35569497 0.37885254 0.16339295],0.004604118804011208
378,RACESURV36_W43,POLPARTY,Other,[0.13922348 0.34914076 0.33252    0.17911576],0.010867525238741111
379,RACESURV36_W43,POLPARTY,Republican,[0.07332471 0.31941613 0.43989533 0.16736383],0.0031757223322031736
380,RACESURV5j_W43,POLPARTY,Democrat,[0.06110637 0.09564362 0.50281701 0.17406221 0.16637079],0.004590960155219874
381,RACESURV5j_W43,POLPARTY,Independent,[0.07052234 0.15734    0.44072975 0.05358606 0.27782185],0.006009850228230697
382,RACESURV5j_W43,POLPARTY,Other,[0.06054651 0.14045462 0.39744479 0.12030017 0.28125391],0.004702013955304472
383,RACESURV5j_W43,POLPARTY,Republican,[0.1180754  0.22647931 0.30077468 0.03908998 0.31558063],0.005794211213109628
384,RACESURV18e_W43,POLPARTY,Democrat,[0.06700296 0.54079944 0.3313742  0.06082339],0.3488742430396411
385,RACESURV18e_W43,POLPARTY,Independent,[0.10264156 0.51325024 0.32293058 0.06117761],0.37881125353646516
386,RACESURV18e_W43,POLPARTY,Other,[0.06979257 0.63541634 0.2343657  0.06042539],0.3914053637697562
387,RACESURV18e_W43,POLPARTY,Republican,[0.10310349 0.51456452 0.3195462  0.06278578],0.3897770424588254
388,RACESURV5c_W43,POLPARTY,Democrat,[0.04022738 0.08012706 0.40665144 0.27605947 0.19693465],0.007756332560763148
389,RACESURV5c_W43,POLPARTY,Independent,[0.05664613 0.11204059 0.37706382 0.14944757 0.3048019 ],0.007857496305531515
390,RACESURV5c_W43,POLPARTY,Other,[0.063967   0.12374255 0.28754963 0.16785329 0.35688753],0.006050180800955335
391,RACESURV5c_W43,POLPARTY,Republican,[0.10465828 0.15350707 0.29632129 0.05848821 0.38702515],0.008090849667633244
392,RACESURV44_W43,POLPARTY,Democrat,[0.11583198 0.70138487 0.18278315 0.        ],0.14804648208169333
393,RACESURV44_W43,POLPARTY,Independent,[0.14242817 0.6778253  0.17974653 0.        ],0.14539786826954706
394,RACESURV44_W43,POLPARTY,Other,[0.17665922 0.63510325 0.18823753 0.        ],0.20152995195803922
395,RACESURV44_W43,POLPARTY,Republican,[0.20850751 0.67705974 0.11443274 0.        ],0.09341335182480645
396,RACESURV38_W43,POLPARTY,Democrat,[0.07703501 0.29103628 0.38064064 0.25128807],0.005652797414804553
397,RACESURV38_W43,POLPARTY,Independent,[0.05799776 0.27019336 0.36996427 0.30184461],0.00801953546720863
398,RACESURV38_W43,POLPARTY,Other,[0.0785833  0.30461216 0.32418889 0.29261565],0.005034629983589179
399,RACESURV38_W43,POLPARTY,Republican,[0.05771467 0.2887506  0.35817645 0.29535827],0.004850432509768264
400,RACESURV34b_W43,POLPARTY,Democrat,[0.16839515 0.2236127  0.24025208 0.06784281 0.29989727],0.004575676246938702
401,RACESURV34b_W43,POLPARTY,Independent,[0.13919609 0.22096858 0.21143836 0.04207722 0.38631975],0.0046324662255655905
402,RACESURV34b_W43,POLPARTY,Other,[0.12250659 0.20767465 0.18112129 0.06817638 0.42052109],0.006829395132832061
403,RACESURV34b_W43,POLPARTY,Republican,[0.10055844 0.20991179 0.15963969 0.03493854 0.49495155],0.007274576016510653
404,RACESURV20_W43,POLPARTY,Democrat,[0.05867151 0.41751136 0.52381713],0.003451267517419823
405,RACESURV20_W43,POLPARTY,Independent,[0.04852129 0.40194112 0.54953758],0.002650707640894714
406,RACESURV20_W43,POLPARTY,Other,[0.09422789 0.42651474 0.47925736],0.0095985771969001
407,RACESURV20_W43,POLPARTY,Republican,[0.03731689 0.35198943 0.61069369],0.0035432251058544087
0,RACESURV1c_W43,INCOME,"$100,000 or more",[0.31341176 0.1490883  0.53749993],0.002294283475794861
1,RACESURV1c_W43,INCOME,"$30,000-$50,000",[0.26874164 0.19773892 0.53351944],0.0015029510408373714
2,RACESURV1c_W43,INCOME,"$50,000-$75,000",[0.3047848  0.21448492 0.48073028],0.0
3,RACESURV1c_W43,INCOME,"$75,000-$100,000",[0.23662421 0.13899466 0.62438113],0.001618025130323988
4,RACESURV1c_W43,INCOME,"Less than $30,000",[0.29284809 0.21414653 0.49300538],0.002814762327105035
5,RACESURV28g_W43,INCOME,"$100,000 or more",[0.38733874 0.02537531 0.58728596],0.010399153133090389
6,RACESURV28g_W43,INCOME,"$30,000-$50,000",[0.28912078 0.01995776 0.69092146],0.005207716025142394
7,RACESURV28g_W43,INCOME,"$50,000-$75,000",[0.34366094 0.02596849 0.63037057],0.010351972522838461
8,RACESURV28g_W43,INCOME,"$75,000-$100,000",[0.26015823 0.0186914  0.72115037],0.009653214510530014
9,RACESURV28g_W43,INCOME,"Less than $30,000",[0.33260316 0.03134821 0.63604863],0.008870535090455971
10,RACESURV4_W43,INCOME,"$100,000 or more",[0.72003377 0.11466302 0.16530321],0.003923703803930034
11,RACESURV4_W43,INCOME,"$30,000-$50,000",[0.61270526 0.14537958 0.24191516],0.008017329639814403
12,RACESURV4_W43,INCOME,"$50,000-$75,000",[0.64706907 0.14267239 0.21025854],0.0
13,RACESURV4_W43,INCOME,"$75,000-$100,000",[0.76422899 0.08673526 0.14903575],0.0
14,RACESURV4_W43,INCOME,"Less than $30,000",[0.56032895 0.12712188 0.31254916],0.010659852555180043
15,RACESURV48_W43,INCOME,"$100,000 or more",[0.50765909 0.25895901 0.13603939 0.09734251],0.0032537814766916084
16,RACESURV48_W43,INCOME,"$30,000-$50,000",[0.44156889 0.29184817 0.13634324 0.1302397 ],0.0
17,RACESURV48_W43,INCOME,"$50,000-$75,000",[0.52505912 0.27313268 0.09528483 0.10652337],0.007680830168603867
18,RACESURV48_W43,INCOME,"$75,000-$100,000",[0.50443005 0.2494738  0.11066911 0.13542705],0.013723630211276256
19,RACESURV48_W43,INCOME,"Less than $30,000",[0.46435913 0.28366757 0.11969828 0.13227503],0.012591499813969034
20,RACESURV1b_W43,INCOME,"$100,000 or more",[0.40173229 0.18565714 0.41261058],0.004136229109610121
21,RACESURV1b_W43,INCOME,"$30,000-$50,000",[0.26786878 0.32638113 0.40575009],0.002947387802305903
22,RACESURV1b_W43,INCOME,"$50,000-$75,000",[0.25459735 0.29388508 0.45151757],0.004873536805857571
23,RACESURV1b_W43,INCOME,"$75,000-$100,000",[0.30036674 0.25440036 0.4452329 ],0.007572732817071031
24,RACESURV1b_W43,INCOME,"Less than $30,000",[0.28279016 0.37298397 0.34422588],0.0010008153252009575
25,RACESURV34d_W43,INCOME,"$100,000 or more",[0.78445285 0.12697856 0.01761002 0.00458121 0.06637737],0.0012962287111907584
26,RACESURV34d_W43,INCOME,"$30,000-$50,000",[0.65289079 0.1780593  0.02720298 0.01644766 0.12539927],0.0022173413984977216
27,RACESURV34d_W43,INCOME,"$50,000-$75,000",[0.66258215 0.1796529  0.03272646 0.01032281 0.11471569],0.0008412154337396779
28,RACESURV34d_W43,INCOME,"$75,000-$100,000",[0.73902312 0.15395624 0.01817113 0.01191827 0.07693124],0.001044749217984764
29,RACESURV34d_W43,INCOME,"Less than $30,000",[0.48159586 0.22483911 0.05306207 0.04545134 0.19505161],0.0029709977487573716
30,RACESURV29d_W43,INCOME,"$100,000 or more",[0.18330124 0.45873226 0.30408137 0.05388513],0.0033698900848270195
31,RACESURV29d_W43,INCOME,"$30,000-$50,000",[0.11204102 0.37122899 0.36358701 0.15314298],0.004086058341551032
32,RACESURV29d_W43,INCOME,"$50,000-$75,000",[0.13964345 0.33956318 0.41161805 0.10917532],0.0006076678757817765
33,RACESURV29d_W43,INCOME,"$75,000-$100,000",[0.1517844  0.40500136 0.38419717 0.05901706],0.0
34,RACESURV29d_W43,INCOME,"Less than $30,000",[0.11794238 0.32786042 0.36600859 0.18818862],0.004076684667978453
35,RACESURV28f_W43,INCOME,"$100,000 or more",[0.43292541 0.02656114 0.54051345],0.00866982694281496
36,RACESURV28f_W43,INCOME,"$30,000-$50,000",[0.32763752 0.03228459 0.64007789],0.006740435519033026
37,RACESURV28f_W43,INCOME,"$50,000-$75,000",[0.35441866 0.02879072 0.61679062],0.010628289148717768
38,RACESURV28f_W43,INCOME,"$75,000-$100,000",[0.31100756 0.03713745 0.65185499],0.0006026647407966861
39,RACESURV28f_W43,INCOME,"Less than $30,000",[0.33254453 0.04707043 0.62038505],0.01341323684884189
40,RACESURV5d_W43,INCOME,"$100,000 or more",[0.06345543 0.28712996 0.20569684 0.02825197 0.41546581],0.006173166219273875
41,RACESURV5d_W43,INCOME,"$30,000-$50,000",[0.09010857 0.2707202  0.16872627 0.03141634 0.43902862],0.0075447421019270555
42,RACESURV5d_W43,INCOME,"$50,000-$75,000",[0.10485401 0.27720808 0.18841572 0.02067688 0.40884531],0.011311954520817485
43,RACESURV5d_W43,INCOME,"$75,000-$100,000",[0.05783727 0.29881169 0.16306612 0.03507345 0.44521146],0.002000918313371138
44,RACESURV5d_W43,INCOME,"Less than $30,000",[0.07392062 0.2262671  0.19545851 0.04964787 0.4547059 ],0.010245845719975846
45,RACESURV28a_W43,INCOME,"$100,000 or more",[0.54195396 0.06382949 0.39421655],0.00989722716546168
46,RACESURV28a_W43,INCOME,"$30,000-$50,000",[0.47204174 0.05573198 0.47222628],0.010667866393127699
47,RACESURV28a_W43,INCOME,"$50,000-$75,000",[0.55318    0.06704036 0.37977964],0.012192913400120043
48,RACESURV28a_W43,INCOME,"$75,000-$100,000",[0.48301729 0.08047416 0.43650855],0.008476240390369599
49,RACESURV28a_W43,INCOME,"Less than $30,000",[0.52047338 0.07304816 0.40647846],0.008731261906468482
50,RACESURV10_W43,INCOME,"$100,000 or more",[0.45033696 0.54966304],0.006163299664423051
51,RACESURV10_W43,INCOME,"$30,000-$50,000",[0.39294526 0.60705474],0.008826533541157972
52,RACESURV10_W43,INCOME,"$50,000-$75,000",[0.38878782 0.61121218],0.0026375823201896776
53,RACESURV10_W43,INCOME,"$75,000-$100,000",[0.47984602 0.52015398],0.0007354557907424631
54,RACESURV10_W43,INCOME,"Less than $30,000",[0.38741372 0.61258628],0.01814610495283434
55,RACATTN_W43,INCOME,"$100,000 or more",[0.43662757 0.34135911 0.22201333],0.006782265309037219
56,RACATTN_W43,INCOME,"$30,000-$50,000",[0.46575435 0.34563188 0.18861376],0.009456221023959698
57,RACATTN_W43,INCOME,"$50,000-$75,000",[0.4789554  0.35412281 0.16692179],0.0052024765989043585
58,RACATTN_W43,INCOME,"$75,000-$100,000",[0.480151   0.33477934 0.18506966],0.004726943409158696
59,RACATTN_W43,INCOME,"Less than $30,000",[0.3608363  0.38563685 0.25352685],0.012882760254623104
60,RACESURV50_W43,INCOME,"$100,000 or more",[0.41338378 0.58661622],0.024482727742035356
61,RACESURV50_W43,INCOME,"$30,000-$50,000",[0.4017139 0.5982861],0.02501216560207658
62,RACESURV50_W43,INCOME,"$50,000-$75,000",[0.38853593 0.61146407],0.02498282202554273
63,RACESURV50_W43,INCOME,"$75,000-$100,000",[0.39279542 0.60720458],0.024413734958750585
64,RACESURV50_W43,INCOME,"Less than $30,000",[0.48770719 0.51229281],0.03266254214946258
65,RACESURV28d_W43,INCOME,"$100,000 or more",[0.72817294 0.02044385 0.25138321],0.004907741325032237
66,RACESURV28d_W43,INCOME,"$30,000-$50,000",[0.64328793 0.03942815 0.31728391],0.005739971593611628
67,RACESURV28d_W43,INCOME,"$50,000-$75,000",[0.68131112 0.02379796 0.29489092],0.006944188642219508
68,RACESURV28d_W43,INCOME,"$75,000-$100,000",[0.65007665 0.00537342 0.34454993],0.0007737836748954281
69,RACESURV28d_W43,INCOME,"Less than $30,000",[0.66977208 0.03244383 0.29778409],0.004197321741247628
70,RACESURV28e_W43,INCOME,"$100,000 or more",[0.67284576 0.03178958 0.29536466],0.007348652399476612
71,RACESURV28e_W43,INCOME,"$30,000-$50,000",[0.64781221 0.02449152 0.32769626],0.009894796980767688
72,RACESURV28e_W43,INCOME,"$50,000-$75,000",[0.69378448 0.03726726 0.26894826],0.018085955052685357
73,RACESURV28e_W43,INCOME,"$75,000-$100,000",[0.61196374 0.02589611 0.36214015],0.00698561128996531
74,RACESURV28e_W43,INCOME,"Less than $30,000",[0.67125855 0.03787273 0.29086872],0.01290623728774312
75,ADMISSIONe_W43,INCOME,"$100,000 or more",[0.24382733 0.56235988 0.19381279],0.00514998217146448
76,ADMISSIONe_W43,INCOME,"$30,000-$50,000",[0.20469873 0.45567954 0.33962172],0.004595829485372802
77,ADMISSIONe_W43,INCOME,"$50,000-$75,000",[0.20967423 0.51077791 0.27954786],0.0008916903289467283
78,ADMISSIONe_W43,INCOME,"$75,000-$100,000",[0.19646181 0.53314376 0.27039443],0.0
79,ADMISSIONe_W43,INCOME,"Less than $30,000",[0.21472184 0.45302889 0.33224927],0.002910464734369028
80,RACESURV53b_W43,INCOME,"$100,000 or more",[0.28107002 0.71892998],0.008272649973954181
81,RACESURV53b_W43,INCOME,"$30,000-$50,000",[0.33307772 0.66692228],0.008677212458790365
82,RACESURV53b_W43,INCOME,"$50,000-$75,000",[0.31045892 0.68954108],0.005971241233127315
83,RACESURV53b_W43,INCOME,"$75,000-$100,000",[0.28938033 0.71061967],0.007396220751218837
84,RACESURV53b_W43,INCOME,"Less than $30,000",[0.39406476 0.60593524],0.005267244509606331
85,RACESURV37_W43,INCOME,"$100,000 or more",[0.66850883 0.33149117],0.00526555023995841
86,RACESURV37_W43,INCOME,"$30,000-$50,000",[0.61092104 0.38907896],0.00258576941569406
87,RACESURV37_W43,INCOME,"$50,000-$75,000",[0.62378206 0.37621794],0.0005434969562575202
88,RACESURV37_W43,INCOME,"$75,000-$100,000",[0.64644745 0.35355255],0.005187916764049511
89,RACESURV37_W43,INCOME,"Less than $30,000",[0.60267039 0.39732961],0.005599114018659999
90,RACESURV45_W43,INCOME,"$100,000 or more",[0.0288165  0.41615417 0.55502933 0.        ],0.2316484389146918
91,RACESURV45_W43,INCOME,"$30,000-$50,000",[0.04758969 0.39441769 0.55799262 0.        ],0.23220473709915845
92,RACESURV45_W43,INCOME,"$50,000-$75,000",[0.04414939 0.35934304 0.59650757 0.        ],0.2566210448119172
93,RACESURV45_W43,INCOME,"$75,000-$100,000",[0.02591766 0.34613734 0.627945   0.        ],0.22147525116054317
94,RACESURV45_W43,INCOME,"Less than $30,000",[0.08874478 0.39927397 0.51198125 0.        ],0.28592729402339295
95,RACESURV5h_W43,INCOME,"$100,000 or more",[0.05654815 0.21955282 0.11379912 0.05265763 0.55744227],0.007519327104556613
96,RACESURV5h_W43,INCOME,"$30,000-$50,000",[0.12958945 0.17430427 0.11831685 0.05372766 0.52406177],0.013340110294591126
97,RACESURV5h_W43,INCOME,"$50,000-$75,000",[0.09134731 0.22417978 0.11977691 0.0461978  0.51849819],0.010643961016177395
98,RACESURV5h_W43,INCOME,"$75,000-$100,000",[0.09575884 0.18077032 0.10727876 0.05641656 0.55977551],0.0001682560228535864
99,RACESURV5h_W43,INCOME,"Less than $30,000",[0.15273392 0.18060201 0.08667744 0.05763868 0.52234794],0.007892049214970059
100,ADMISSIONc_W43,INCOME,"$100,000 or more",[0.03298049 0.28068039 0.68633911],0.0005778678096526625
101,ADMISSIONc_W43,INCOME,"$30,000-$50,000",[0.06783507 0.22159889 0.71056604],0.005014706828303332
102,ADMISSIONc_W43,INCOME,"$50,000-$75,000",[0.04477036 0.24202935 0.71320029],0.0035201834693916285
103,ADMISSIONc_W43,INCOME,"$75,000-$100,000",[0.04698134 0.24391542 0.70910323],0.0
104,ADMISSIONc_W43,INCOME,"Less than $30,000",[0.0866898  0.21677798 0.69653222],0.003484123111881317
105,RACESURV1d_W43,INCOME,"$100,000 or more",[0.392181   0.25865528 0.34916372],0.0021973922325474633
106,RACESURV1d_W43,INCOME,"$30,000-$50,000",[0.23609132 0.43140138 0.3325073 ],0.0015029510408373714
107,RACESURV1d_W43,INCOME,"$50,000-$75,000",[0.29333911 0.3745271  0.33213379],0.0
108,RACESURV1d_W43,INCOME,"$75,000-$100,000",[0.30343163 0.34921748 0.34735089],0.00374504766607968
109,RACESURV1d_W43,INCOME,"Less than $30,000",[0.17613434 0.52428231 0.29958335],0.0032989509514149366
110,RACESURV5f_W43,INCOME,"$100,000 or more",[0.04607887 0.18816513 0.18533931 0.02376623 0.55665046],0.005319177664628411
111,RACESURV5f_W43,INCOME,"$30,000-$50,000",[0.08426371 0.16367494 0.16284772 0.05986012 0.52935351],0.0077156168863242594
112,RACESURV5f_W43,INCOME,"$50,000-$75,000",[0.09639017 0.11114997 0.18857131 0.03050515 0.57338341],0.015144770199494947
113,RACESURV5f_W43,INCOME,"$75,000-$100,000",[0.09100341 0.1507557  0.14669671 0.02533738 0.5862068 ],0.0012968902402037197
114,RACESURV5f_W43,INCOME,"Less than $30,000",[0.0687512  0.14415889 0.17517339 0.04556334 0.56635317],0.014855582044486516
115,RACESURV19c_W43,INCOME,"$100,000 or more",[0.52961056 0.27144215 0.19894729],0.00023946351980461546
116,RACESURV19c_W43,INCOME,"$30,000-$50,000",[0.47906131 0.29036444 0.23057424],0.002566525670198675
117,RACESURV19c_W43,INCOME,"$50,000-$75,000",[0.549343  0.2286083 0.2220487],0.0002747466386579839
118,RACESURV19c_W43,INCOME,"$75,000-$100,000",[0.45207275 0.30567686 0.24225039],0.0
119,RACESURV19c_W43,INCOME,"Less than $30,000",[0.43855671 0.29060928 0.27083401],0.009091756833202434
120,RACESURV29b_W43,INCOME,"$100,000 or more",[0.2503412  0.4684275  0.24798286 0.03324844],0.003612280289951602
121,RACESURV29b_W43,INCOME,"$30,000-$50,000",[0.29697242 0.41691075 0.23502263 0.0510942 ],0.0034918936563904514
122,RACESURV29b_W43,INCOME,"$50,000-$75,000",[0.29821017 0.45414913 0.21438638 0.03325432],0.002920225722862422
123,RACESURV29b_W43,INCOME,"$75,000-$100,000",[0.28567014 0.45766796 0.23569182 0.02097007],0.0
124,RACESURV29b_W43,INCOME,"Less than $30,000",[0.29896088 0.42360464 0.20924872 0.06818575],0.0002858184416847579
125,RACESURV47a_W43,INCOME,"$100,000 or more",[0.29284754 0.29658244 0.17493508 0.23563494],0.11173093257808801
126,RACESURV47a_W43,INCOME,"$30,000-$50,000",[0.2895522  0.32427893 0.16297383 0.22319503],0.17493813479015893
127,RACESURV47a_W43,INCOME,"$50,000-$75,000",[0.27557628 0.32339217 0.1196038  0.28142775],0.19643814449231886
128,RACESURV47a_W43,INCOME,"$75,000-$100,000",[0.3626866  0.26666395 0.09297189 0.27767756],0.18187214592526274
129,RACESURV47a_W43,INCOME,"Less than $30,000",[0.2483157  0.31926433 0.14674777 0.2856722 ],0.23435081233215538
130,RACESURV27_W43,INCOME,"$100,000 or more",[0.0692815  0.29131802 0.38161328 0.25778719],0.013229469092471502
131,RACESURV27_W43,INCOME,"$30,000-$50,000",[0.06347493 0.23377302 0.39272294 0.3100291 ],0.005595013006206228
132,RACESURV27_W43,INCOME,"$50,000-$75,000",[0.07545766 0.28041529 0.35247597 0.29165108],0.011461643620111461
133,RACESURV27_W43,INCOME,"$75,000-$100,000",[0.06893817 0.28114106 0.36529249 0.28462827],0.0073558645714994165
134,RACESURV27_W43,INCOME,"Less than $30,000",[0.08004386 0.26476619 0.3046949  0.35049505],0.013193957639554105
135,RACESURV5b_W43,INCOME,"$100,000 or more",[0.05594483 0.10466759 0.33430089 0.32340984 0.18167686],0.005446426838950303
136,RACESURV5b_W43,INCOME,"$30,000-$50,000",[0.10771721 0.09944392 0.28173795 0.2444933  0.26660762],0.007660058576706271
137,RACESURV5b_W43,INCOME,"$50,000-$75,000",[0.08076989 0.09922836 0.34803751 0.27284462 0.19911962],0.010454797618462549
138,RACESURV5b_W43,INCOME,"$75,000-$100,000",[0.06550168 0.12248708 0.33467419 0.21435946 0.26297759],0.0020535893377082583
139,RACESURV5b_W43,INCOME,"Less than $30,000",[0.07341929 0.0881741  0.28993361 0.24261181 0.30586119],0.0054646645753789694
140,RACESURV18a_W43,INCOME,"$100,000 or more",[0.06478507 0.6106831  0.29674898 0.02778286],0.07192463371306192
141,RACESURV18a_W43,INCOME,"$30,000-$50,000",[0.09168509 0.57175507 0.27202603 0.06453381],0.12278329261277518
142,RACESURV18a_W43,INCOME,"$50,000-$75,000",[0.0748879  0.53781533 0.32598853 0.06130824],0.11105647778341042
143,RACESURV18a_W43,INCOME,"$75,000-$100,000",[0.05719994 0.68115701 0.22586667 0.03577638],0.08531831654373079
144,RACESURV18a_W43,INCOME,"Less than $30,000",[0.09978675 0.47302561 0.34603151 0.08115613],0.16965453569096772
145,RACESURV28c_W43,INCOME,"$100,000 or more",[0.48076371 0.0150026  0.50423369],0.014164700759676286
146,RACESURV28c_W43,INCOME,"$30,000-$50,000",[0.44548792 0.03229953 0.52221255],0.022530912088302976
147,RACESURV28c_W43,INCOME,"$50,000-$75,000",[0.48571035 0.02921236 0.48507729],0.021068765722350617
148,RACESURV28c_W43,INCOME,"$75,000-$100,000",[0.39097171 0.02856344 0.58046484],0.006511621409441061
149,RACESURV28c_W43,INCOME,"Less than $30,000",[0.43659692 0.03876046 0.52464262],0.01777174942746227
150,RACESURV18d_W43,INCOME,"$100,000 or more",[0.19762511 0.74604851 0.04828266 0.00804372],0.0759954063119963
151,RACESURV18d_W43,INCOME,"$30,000-$50,000",[0.18861748 0.67940317 0.10891337 0.02306599],0.16551254489674116
152,RACESURV18d_W43,INCOME,"$50,000-$75,000",[0.20944586 0.71061301 0.07895813 0.00098301],0.13791208981683797
153,RACESURV18d_W43,INCOME,"$75,000-$100,000",[0.19668318 0.71988342 0.06048047 0.02295293],0.09762215721022544
154,RACESURV18d_W43,INCOME,"Less than $30,000",[0.19127969 0.63536677 0.143364   0.02998953],0.22764291510063425
155,RACESURV51_W43,INCOME,"$100,000 or more",[0.30427478 0.0513736  0.64435163],0.016565389212020925
156,RACESURV51_W43,INCOME,"$30,000-$50,000",[0.21856814 0.10224627 0.67918559],0.018099387140015317
157,RACESURV51_W43,INCOME,"$50,000-$75,000",[0.22672232 0.07705724 0.69622045],0.003102091306779749
158,RACESURV51_W43,INCOME,"$75,000-$100,000",[0.23413505 0.07551979 0.69034515],0.004349425756247687
159,RACESURV51_W43,INCOME,"Less than $30,000",[0.24825179 0.08783311 0.6639151 ],0.010577687205637717
160,RACESURV47b_W43,INCOME,"$100,000 or more",[0.11145245 0.28205649 0.19704634 0.40944472],0.09442713007612882
161,RACESURV47b_W43,INCOME,"$30,000-$50,000",[0.193838   0.22252729 0.14861064 0.43502407],0.1341783209791369
162,RACESURV47b_W43,INCOME,"$50,000-$75,000",[0.15650482 0.23029743 0.16319142 0.45000633],0.13241639778658612
163,RACESURV47b_W43,INCOME,"$75,000-$100,000",[0.12811482 0.23612111 0.18158031 0.45418376],0.08648936799520388
164,RACESURV47b_W43,INCOME,"Less than $30,000",[0.17178004 0.21005372 0.17245346 0.44571278],0.17313035519377998
165,RACESURV19b_W43,INCOME,"$100,000 or more",[0.24436421 0.2635557  0.49208009],0.00311617458655418
166,RACESURV19b_W43,INCOME,"$30,000-$50,000",[0.3492437  0.27687581 0.37388049],0.0077467010151164055
167,RACESURV19b_W43,INCOME,"$50,000-$75,000",[0.31132712 0.28691069 0.4017622 ],0.009128443680145155
168,RACESURV19b_W43,INCOME,"$75,000-$100,000",[0.29661101 0.32136382 0.38202517],0.001690378055118744
169,RACESURV19b_W43,INCOME,"Less than $30,000",[0.32160702 0.27549365 0.40289933],0.007787171768120389
170,RACESURV14_W43,INCOME,"$100,000 or more",[0.14212279 0.14293893 0.11994089 0.59499739],0.008416543069389158
171,RACESURV14_W43,INCOME,"$30,000-$50,000",[0.18692884 0.14995628 0.14652664 0.51658824],0.017725036365377356
172,RACESURV14_W43,INCOME,"$50,000-$75,000",[0.19611568 0.15390925 0.1092738  0.54070126],0.018086648053169816
173,RACESURV14_W43,INCOME,"$75,000-$100,000",[0.17700516 0.14807788 0.15798761 0.51692935],0.011370458827931503
174,RACESURV14_W43,INCOME,"Less than $30,000",[0.12760366 0.11794758 0.15312283 0.60132592],0.014025412974510185
175,ADMISSIONg_W43,INCOME,"$100,000 or more",[0.7555541  0.21041508 0.03403081],0.003506828331598611
176,ADMISSIONg_W43,INCOME,"$30,000-$50,000",[0.64290235 0.29677001 0.06032764],0.0017938196235008448
177,ADMISSIONg_W43,INCOME,"$50,000-$75,000",[0.69762013 0.26305587 0.039324  ],0.00010068225692866024
178,ADMISSIONg_W43,INCOME,"$75,000-$100,000",[0.70763297 0.26873655 0.02363048],0.0
179,ADMISSIONg_W43,INCOME,"Less than $30,000",[0.5977442  0.30734343 0.09491238],0.002598712364899692
180,RACESURV52_W43,INCOME,"$100,000 or more",[0.07617231 0.17361727 0.25099648 0.49921394],0.001685348062610324
181,RACESURV52_W43,INCOME,"$30,000-$50,000",[0.15616443 0.17944229 0.22784881 0.43654447],0.0016456608353780885
182,RACESURV52_W43,INCOME,"$50,000-$75,000",[0.11303691 0.18003824 0.25175678 0.45516807],0.0006076678757817765
183,RACESURV52_W43,INCOME,"$75,000-$100,000",[0.09825446 0.19365999 0.26088343 0.44720212],0.0034119703019069585
184,RACESURV52_W43,INCOME,"Less than $30,000",[0.13710633 0.18547211 0.23320927 0.44421229],0.004498310246458017
185,RACESURV34a_W43,INCOME,"$100,000 or more",[0.2205984  0.27259611 0.07968099 0.01743959 0.4096849 ],0.00842027536375186
186,RACESURV34a_W43,INCOME,"$30,000-$50,000",[0.15634346 0.2404253  0.09017619 0.03338483 0.47967022],0.005396080827772748
187,RACESURV34a_W43,INCOME,"$50,000-$75,000",[0.13819354 0.2589912  0.08630142 0.03725397 0.47925986],0.0043076065595681725
188,RACESURV34a_W43,INCOME,"$75,000-$100,000",[0.13488117 0.24390991 0.07675586 0.0215043  0.52294876],0.0023965469512661833
189,RACESURV34a_W43,INCOME,"Less than $30,000",[0.12413665 0.23688328 0.10563639 0.06842561 0.46491807],0.00855955096579113
190,ADMISSIONa_W43,INCOME,"$100,000 or more",[0.05631913 0.26510668 0.67857419],0.0010763255154621401
191,ADMISSIONa_W43,INCOME,"$30,000-$50,000",[0.06074389 0.16430054 0.77495558],0.0010870396386343515
192,ADMISSIONa_W43,INCOME,"$50,000-$75,000",[0.07026349 0.18086013 0.74887638],0.0001446562999797978
193,ADMISSIONa_W43,INCOME,"$75,000-$100,000",[0.03252908 0.20939797 0.75807295],0.0
194,ADMISSIONa_W43,INCOME,"Less than $30,000",[0.09225066 0.16236994 0.7453794 ],0.0018862338214651522
195,RACESURV34c_W43,INCOME,"$100,000 or more",[0.25698826 0.20084858 0.15907901 0.09161929 0.29146485],0.006227788645688726
196,RACESURV34c_W43,INCOME,"$30,000-$50,000",[0.13562969 0.17854908 0.19560682 0.14261509 0.34759932],0.00020825762780977289
197,RACESURV34c_W43,INCOME,"$50,000-$75,000",[0.13225716 0.17743613 0.20487669 0.158444   0.32698602],0.002104082709428159
198,RACESURV34c_W43,INCOME,"$75,000-$100,000",[0.14205351 0.19458082 0.23294694 0.1039882  0.32643052],0.0
199,RACESURV34c_W43,INCOME,"Less than $30,000",[0.10391985 0.19008303 0.17978604 0.21206004 0.31415103],0.005731763300718562
200,RACESURV7_W43,INCOME,"$100,000 or more",[0.16096791 0.45034958 0.3271566  0.06152591],0.0006798385262938391
201,RACESURV7_W43,INCOME,"$30,000-$50,000",[0.14524703 0.36693748 0.34925893 0.13855656],0.0
202,RACESURV7_W43,INCOME,"$50,000-$75,000",[0.12770763 0.39357111 0.35795433 0.12076693],0.0009435907892627709
203,RACESURV7_W43,INCOME,"$75,000-$100,000",[0.14982092 0.39515943 0.37481752 0.08020213],0.0
204,RACESURV7_W43,INCOME,"Less than $30,000",[0.14265409 0.35565295 0.31792009 0.18377288],0.000881514443659557
205,RACESURV5i_W43,INCOME,"$100,000 or more",[0.39633355 0.30935036 0.11878837 0.01851411 0.1570136 ],0.013423133330113473
206,RACESURV5i_W43,INCOME,"$30,000-$50,000",[0.366781   0.28242348 0.05067067 0.01685123 0.28327362],0.0057951461982911085
207,RACESURV5i_W43,INCOME,"$50,000-$75,000",[0.37701028 0.31561964 0.04063756 0.03017282 0.23655969],0.001880285927038292
208,RACESURV5i_W43,INCOME,"$75,000-$100,000",[0.39287211 0.29993667 0.0994898  0.01638861 0.19131281],0.0
209,RACESURV5i_W43,INCOME,"Less than $30,000",[0.3849417  0.25372387 0.04688716 0.03575992 0.27868736],0.0013827978518284767
210,RACESURV6_W43,INCOME,"$100,000 or more",[0.4460676 0.5539324],0.003687972476954082
211,RACESURV6_W43,INCOME,"$30,000-$50,000",[0.47886665 0.52113335],0.01072484498240359
212,RACESURV6_W43,INCOME,"$50,000-$75,000",[0.4492729 0.5507271],0.0033881424251612897
213,RACESURV6_W43,INCOME,"$75,000-$100,000",[0.50479398 0.49520602],0.0030787044061815166
214,RACESURV6_W43,INCOME,"Less than $30,000",[0.39985923 0.60014077],0.01383170534022716
215,RACESURV5e_W43,INCOME,"$100,000 or more",[0.03695544 0.14374726 0.27995686 0.23113905 0.30820139],0.004387268617956745
216,RACESURV5e_W43,INCOME,"$30,000-$50,000",[0.08154535 0.16068682 0.20122775 0.15518305 0.40135704],0.014229893167989551
217,RACESURV5e_W43,INCOME,"$50,000-$75,000",[0.06376298 0.16425023 0.27474831 0.17412927 0.32310921],0.016533661590416214
218,RACESURV5e_W43,INCOME,"$75,000-$100,000",[0.03621536 0.17872494 0.24413671 0.16690893 0.37401406],0.0001682560228535864
219,RACESURV5e_W43,INCOME,"Less than $30,000",[0.09364865 0.17372788 0.18671859 0.13653709 0.40936779],0.007570874408432159
220,RACESURV53e_W43,INCOME,"$100,000 or more",[0.39493059 0.60506941],0.005766836342578314
221,RACESURV53e_W43,INCOME,"$30,000-$50,000",[0.4232118 0.5767882],0.009004364169877615
222,RACESURV53e_W43,INCOME,"$50,000-$75,000",[0.4467143 0.5532857],0.00399865150565042
223,RACESURV53e_W43,INCOME,"$75,000-$100,000",[0.48333562 0.51666438],0.005970572133218268
224,RACESURV53e_W43,INCOME,"Less than $30,000",[0.44860136 0.55139864],0.005167674185971563
225,RACESURV41_W43,INCOME,"$100,000 or more",[0.06083509 0.54975003 0.38941488 0.        ],0.08331752853646786
226,RACESURV41_W43,INCOME,"$30,000-$50,000",[0.0759942  0.53870169 0.38530411 0.        ],0.129102123227068
227,RACESURV41_W43,INCOME,"$50,000-$75,000",[0.06366797 0.50031157 0.43602047 0.        ],0.11686457040655315
228,RACESURV41_W43,INCOME,"$75,000-$100,000",[0.05619301 0.55860168 0.38520532 0.        ],0.13273531568730856
229,RACESURV41_W43,INCOME,"Less than $30,000",[0.09538712 0.49530028 0.4093126  0.        ],0.18777947984625465
230,RACESURV1a_W43,INCOME,"$100,000 or more",[0.21828641 0.25872957 0.52298402],0.0024722691794791976
231,RACESURV1a_W43,INCOME,"$30,000-$50,000",[0.22537948 0.29091904 0.48370148],0.0033866846281008023
232,RACESURV1a_W43,INCOME,"$50,000-$75,000",[0.23898329 0.30341407 0.45760264],0.0004349023715940936
233,RACESURV1a_W43,INCOME,"$75,000-$100,000",[0.22642742 0.29305704 0.48051554],0.0
234,RACESURV1a_W43,INCOME,"Less than $30,000",[0.23991496 0.36668015 0.3934049 ],0.0010625888915256952
235,RACESURV47d_W43,INCOME,"$100,000 or more",[0.2598609  0.3803342  0.24005467 0.11975022],0.06768501854618644
236,RACESURV47d_W43,INCOME,"$30,000-$50,000",[0.2133481  0.37744164 0.2163614  0.19284885],0.1508783269533469
237,RACESURV47d_W43,INCOME,"$50,000-$75,000",[0.17478024 0.4275479  0.25852984 0.13914202],0.09441300077233623
238,RACESURV47d_W43,INCOME,"$75,000-$100,000",[0.24329547 0.45093183 0.17494002 0.13083269],0.08411987151236212
239,RACESURV47d_W43,INCOME,"Less than $30,000",[0.19654643 0.35413102 0.26054991 0.18877264],0.19849052460139543
240,RACESURV9_W43,INCOME,"$100,000 or more",[0.13496114 0.5115762  0.10793914 0.01889458 0.22662894],0.0017744714538380903
241,RACESURV9_W43,INCOME,"$30,000-$50,000",[0.15198907 0.41740912 0.10435123 0.02392772 0.30232286],0.0
242,RACESURV9_W43,INCOME,"$50,000-$75,000",[0.12570202 0.44218991 0.1240043  0.0138227  0.29428107],0.0077326617126025985
243,RACESURV9_W43,INCOME,"$75,000-$100,000",[0.13085269 0.43308787 0.12649702 0.01581359 0.29374883],0.0
244,RACESURV9_W43,INCOME,"Less than $30,000",[0.12770894 0.39196302 0.10400683 0.04490975 0.33141146],0.004367359014340211
245,RACESURV22_W43,INCOME,"$100,000 or more",[0.01802465 0.1215441  0.19002575 0.67040549],0.004068023362884686
246,RACESURV22_W43,INCOME,"$30,000-$50,000",[0.03264794 0.12894554 0.21333253 0.62507399],0.0016275633714368937
247,RACESURV22_W43,INCOME,"$50,000-$75,000",[0.033336   0.11540833 0.19689714 0.65435853],0.0005453499151699246
248,RACESURV22_W43,INCOME,"$75,000-$100,000",[0.01067994 0.11840581 0.21001689 0.66089737],0.0
249,RACESURV22_W43,INCOME,"Less than $30,000",[0.06310077 0.14677443 0.22670408 0.56342073],0.002268057870635077
250,ADMISSIONd_W43,INCOME,"$100,000 or more",[0.05632654 0.32254687 0.6211266 ],0.0
251,ADMISSIONd_W43,INCOME,"$30,000-$50,000",[0.07355933 0.37372204 0.55271863],0.004442368152397952
252,ADMISSIONd_W43,INCOME,"$50,000-$75,000",[0.06631989 0.32418013 0.60949998],0.003456780086385353
253,ADMISSIONd_W43,INCOME,"$75,000-$100,000",[0.04485474 0.371077   0.58406826],0.0017875198927879417
254,ADMISSIONd_W43,INCOME,"Less than $30,000",[0.10697165 0.34145029 0.55157806],0.00433308487712024
255,RACESURV53g_W43,INCOME,"$100,000 or more",[0.45112568 0.54887432],0.009545695438807122
256,RACESURV53g_W43,INCOME,"$30,000-$50,000",[0.3925314 0.6074686],0.013422936849337926
257,RACESURV53g_W43,INCOME,"$50,000-$75,000",[0.39406273 0.60593727],0.004734696873589469
258,RACESURV53g_W43,INCOME,"$75,000-$100,000",[0.43815759 0.56184241],0.0022884807145859467
259,RACESURV53g_W43,INCOME,"Less than $30,000",[0.37820498 0.62179502],0.008020786515838357
260,RACESURV5a_W43,INCOME,"$100,000 or more",[0.41977766 0.24978448 0.0811032  0.0303063  0.21902835],0.009636191182514957
261,RACESURV5a_W43,INCOME,"$30,000-$50,000",[0.34792564 0.19481549 0.07144706 0.05667439 0.32913741],0.01150695549838178
262,RACESURV5a_W43,INCOME,"$50,000-$75,000",[0.38685487 0.26137627 0.08557118 0.03523941 0.23095827],0.0043946557043741084
263,RACESURV5a_W43,INCOME,"$75,000-$100,000",[0.3574281  0.24785616 0.0972563  0.03238727 0.26507217],0.0007689745823461062
264,RACESURV5a_W43,INCOME,"Less than $30,000",[0.33803475 0.20178799 0.06899335 0.05289339 0.33829052],0.007525863622002544
265,RACESURV26_W43,INCOME,"$100,000 or more",[0.0887642  0.37698399 0.33193923 0.20231259],0.009628882210070355
266,RACESURV26_W43,INCOME,"$30,000-$50,000",[0.13447819 0.32111896 0.31551565 0.2288872 ],0.0055509580327838
267,RACESURV26_W43,INCOME,"$50,000-$75,000",[0.1144322  0.37486284 0.29602669 0.21467826],0.013234966917523553
268,RACESURV26_W43,INCOME,"$75,000-$100,000",[0.09029989 0.36898411 0.32646165 0.21425436],0.0011856466845907604
269,RACESURV26_W43,INCOME,"Less than $30,000",[0.13438639 0.32501672 0.25899967 0.28159723],0.007866384322153917
270,RACESURV16_W43,INCOME,"$100,000 or more",[0.4188726 0.5811274],0.006203934271194892
271,RACESURV16_W43,INCOME,"$30,000-$50,000",[0.45942552 0.54057448],0.010864136867075944
272,RACESURV16_W43,INCOME,"$50,000-$75,000",[0.42073342 0.57926658],0.02298301547148367
273,RACESURV16_W43,INCOME,"$75,000-$100,000",[0.43388138 0.56611862],0.007820124440219104
274,RACESURV16_W43,INCOME,"Less than $30,000",[0.46592023 0.53407977],0.018780457746051357
275,RACESURV47c_W43,INCOME,"$100,000 or more",[0.00612018 0.0505235  0.16299695 0.78035937],0.042063949455028025
276,RACESURV47c_W43,INCOME,"$30,000-$50,000",[0.03275012 0.07093833 0.12673193 0.76957961],0.08069470491069913
277,RACESURV47c_W43,INCOME,"$50,000-$75,000",[0.02722685 0.07094484 0.13456443 0.76726389],0.0606810952062485
278,RACESURV47c_W43,INCOME,"$75,000-$100,000",[0.03197414 0.07014796 0.13394125 0.76393665],0.05999163900435609
279,RACESURV47c_W43,INCOME,"Less than $30,000",[0.04046009 0.07968981 0.1426331  0.73721701],0.08408076928160028
280,RACESURV34e_W43,INCOME,"$100,000 or more",[0.28935969 0.3851914  0.02486951 0.01092231 0.28965708],0.0040427811372769325
281,RACESURV34e_W43,INCOME,"$30,000-$50,000",[0.23474868 0.37924157 0.04687624 0.02278295 0.31635056],0.005503911743464976
282,RACESURV34e_W43,INCOME,"$50,000-$75,000",[0.23783164 0.39409047 0.03937509 0.01736202 0.31134077],0.008765750038199465
283,RACESURV34e_W43,INCOME,"$75,000-$100,000",[0.2622207  0.37558431 0.03285981 0.00744229 0.3218929 ],0.0023894232754571375
284,RACESURV34e_W43,INCOME,"Less than $30,000",[0.20709113 0.34012097 0.07227724 0.04156463 0.33894603],0.006102047684688341
285,ADMISSIONh_W43,INCOME,"$100,000 or more",[0.15730339 0.31691638 0.52578023],0.0
286,ADMISSIONh_W43,INCOME,"$30,000-$50,000",[0.21320035 0.25481315 0.5319865 ],0.0011227185417780252
287,ADMISSIONh_W43,INCOME,"$50,000-$75,000",[0.22092699 0.25968671 0.51938629],0.0010582481946766848
288,ADMISSIONh_W43,INCOME,"$75,000-$100,000",[0.1764824  0.28826374 0.53525386],0.0
289,ADMISSIONh_W43,INCOME,"Less than $30,000",[0.22862379 0.25144795 0.51992826],0.0034024959141230144
290,RACESURV18f_W43,INCOME,"$100,000 or more",[0.08773672 0.66693614 0.20782153 0.0375056 ],0.45330216509806937
291,RACESURV18f_W43,INCOME,"$30,000-$50,000",[0.09474835 0.62775339 0.24037835 0.03711992],0.4241083006760275
292,RACESURV18f_W43,INCOME,"$50,000-$75,000",[0.11178713 0.61456379 0.21942843 0.05422065],0.45361729963310715
293,RACESURV18f_W43,INCOME,"$75,000-$100,000",[0.06495285 0.66624309 0.22831696 0.0404871 ],0.4481233334867607
294,RACESURV18f_W43,INCOME,"Less than $30,000",[0.14399704 0.59807324 0.22499066 0.03293905],0.4266905465792088
295,RACESURV13_W43,INCOME,"$100,000 or more",[0.22252866 0.51172239 0.23061178 0.03513716],0.0
296,RACESURV13_W43,INCOME,"$30,000-$50,000",[0.23139763 0.37223173 0.34909447 0.04727618],0.0
297,RACESURV13_W43,INCOME,"$50,000-$75,000",[0.13419971 0.55228262 0.27224635 0.04127132],0.006443183330511962
298,RACESURV13_W43,INCOME,"$75,000-$100,000",[0.18483342 0.60538274 0.17457766 0.03520618],0.0
299,RACESURV13_W43,INCOME,"Less than $30,000",[0.20921323 0.43390468 0.26103292 0.09584917],0.0012603930348992372
300,RACESURV29c_W43,INCOME,"$100,000 or more",[0.26774023 0.48038269 0.22206716 0.02980992],0.0028910196426886413
301,RACESURV29c_W43,INCOME,"$30,000-$50,000",[0.28254291 0.43342009 0.21354474 0.07049226],0.004768395561644592
302,RACESURV29c_W43,INCOME,"$50,000-$75,000",[0.29581514 0.43222266 0.21725643 0.05470578],0.0014528787601515154
303,RACESURV29c_W43,INCOME,"$75,000-$100,000",[0.28530673 0.43536513 0.23367047 0.04565767],0.002396546951266183
304,RACESURV29c_W43,INCOME,"Less than $30,000",[0.27219387 0.38900008 0.22990847 0.10889759],0.0020650707816873867
305,RACESURV17_W43,INCOME,"$100,000 or more",[0.33843424 0.29468632 0.20949381 0.15738563],0.008042740480766461
306,RACESURV17_W43,INCOME,"$30,000-$50,000",[0.28630555 0.33883705 0.20878378 0.16607363],0.008385610465906638
307,RACESURV17_W43,INCOME,"$50,000-$75,000",[0.29500842 0.30931021 0.20716429 0.18851707],0.008554160839124931
308,RACESURV17_W43,INCOME,"$75,000-$100,000",[0.26740023 0.33063477 0.23362531 0.1683397 ],0.0009259317406959287
309,RACESURV17_W43,INCOME,"Less than $30,000",[0.33396173 0.33993482 0.17343868 0.15266477],0.008366252504402686
310,RACESURV19f_W43,INCOME,"$100,000 or more",[0.53668963 0.30957322 0.15373715],0.002082175568629033
311,RACESURV19f_W43,INCOME,"$30,000-$50,000",[0.55863376 0.31962025 0.12174599],0.009811192652565484
312,RACESURV19f_W43,INCOME,"$50,000-$75,000",[0.54732179 0.34246049 0.11021772],0.010544207121531476
313,RACESURV19f_W43,INCOME,"$75,000-$100,000",[0.56509953 0.31316263 0.12173784],0.0005376485872500484
314,RACESURV19f_W43,INCOME,"Less than $30,000",[0.44447003 0.32689479 0.22863518],0.005493260359431178
315,RACESURV29a_W43,INCOME,"$100,000 or more",[0.87238201 0.11807358 0.00578144 0.00376296],0.003541496331837057
316,RACESURV29a_W43,INCOME,"$30,000-$50,000",[0.72651713 0.21891945 0.04441158 0.01015183],0.002777177921829449
317,RACESURV29a_W43,INCOME,"$50,000-$75,000",[0.77186868 0.1975947  0.02553346 0.00500317],0.004135118722807519
318,RACESURV29a_W43,INCOME,"$75,000-$100,000",[0.84922611 0.14146976 0.0071856  0.00211854],0.0033127107203277857
319,RACESURV29a_W43,INCOME,"Less than $30,000",[0.65269148 0.21923048 0.08396628 0.04411176],0.003092700681032968
320,ADMISSIONf_W43,INCOME,"$100,000 or more",[0.49489105 0.42996815 0.0751408 ],0.0035068283315986106
321,ADMISSIONf_W43,INCOME,"$30,000-$50,000",[0.47890958 0.4264553  0.09463512],0.0031544972701567893
322,ADMISSIONf_W43,INCOME,"$50,000-$75,000",[0.46097434 0.44110878 0.09791687],0.0008916903289467284
323,ADMISSIONf_W43,INCOME,"$75,000-$100,000",[0.4853531 0.4537544 0.0608925],0.0
324,ADMISSIONf_W43,INCOME,"Less than $30,000",[0.43887059 0.41664033 0.14448908],0.005476629047899832
325,IDIMPORT_W43,INCOME,"$100,000 or more",[0.08591454 0.13560359 0.21320353 0.19845831 0.36682003],0.005301503808452663
326,IDIMPORT_W43,INCOME,"$30,000-$50,000",[0.14188617 0.16688775 0.18585533 0.13585217 0.36951858],0.008965265511104164
327,IDIMPORT_W43,INCOME,"$50,000-$75,000",[0.11693571 0.13686127 0.19726496 0.16022919 0.38870887],0.0035325597298135176
328,IDIMPORT_W43,INCOME,"$75,000-$100,000",[0.09585519 0.12070872 0.20131456 0.1923006  0.38982094],0.00978431044295594
329,IDIMPORT_W43,INCOME,"Less than $30,000",[0.20114303 0.13071491 0.16319545 0.134725   0.37022161],0.0034378939228999076
330,RACESURV19a_W43,INCOME,"$100,000 or more",[0.44339974 0.36689316 0.18970711],0.003952882924343413
331,RACESURV19a_W43,INCOME,"$30,000-$50,000",[0.38775313 0.35837932 0.25386755],0.010594051948788338
332,RACESURV19a_W43,INCOME,"$50,000-$75,000",[0.43871848 0.34146636 0.21981516],0.003040372441832389
333,RACESURV19a_W43,INCOME,"$75,000-$100,000",[0.35756605 0.40981288 0.23262107],0.0012581782786658417
334,RACESURV19a_W43,INCOME,"Less than $30,000",[0.47225891 0.32106321 0.20667787],0.00471384256615611
335,ADMISSIONb_W43,INCOME,"$100,000 or more",[0.01679304 0.14633137 0.83687559],0.0036008484214640007
336,ADMISSIONb_W43,INCOME,"$30,000-$50,000",[0.0278475  0.13066232 0.84149018],0.0022209203362917656
337,ADMISSIONb_W43,INCOME,"$50,000-$75,000",[0.03391212 0.13682596 0.82926192],0.004223421385501022
338,ADMISSIONb_W43,INCOME,"$75,000-$100,000",[0.02090342 0.15371853 0.82537805],0.0035443998646988027
339,ADMISSIONb_W43,INCOME,"Less than $30,000",[0.07448652 0.12950665 0.79600684],0.002120677586579395
340,RACESURV21_W43,INCOME,"$100,000 or more",[0.03198717 0.11353792 0.15765782 0.6968171 ],0.002810708087534752
341,RACESURV21_W43,INCOME,"$30,000-$50,000",[0.06857515 0.13702691 0.19670048 0.59769746],0.0035894971484426983
342,RACESURV21_W43,INCOME,"$50,000-$75,000",[0.06769872 0.12663875 0.18070956 0.62495297],0.004600389631190516
343,RACESURV21_W43,INCOME,"$75,000-$100,000",[0.0340773  0.12854117 0.1749407  0.66244083],0.0
344,RACESURV21_W43,INCOME,"Less than $30,000",[0.10240467 0.17904068 0.15188863 0.56666603],0.0025330072481888127
345,RACESURV49_W43,INCOME,"$100,000 or more",[0.2894702 0.7105298],0.0053069879782965245
346,RACESURV49_W43,INCOME,"$30,000-$50,000",[0.19625374 0.80374626],0.018412117633815006
347,RACESURV49_W43,INCOME,"$50,000-$75,000",[0.21272564 0.78727436],0.006595387694157768
348,RACESURV49_W43,INCOME,"$75,000-$100,000",[0.20994714 0.79005286],0.00750300902818442
349,RACESURV49_W43,INCOME,"Less than $30,000",[0.24880766 0.75119234],0.02785807731792644
350,RACESURV8_W43,INCOME,"$100,000 or more",[0.38240905 0.37021527 0.20932335 0.03805233],0.00628424526635814
351,RACESURV8_W43,INCOME,"$30,000-$50,000",[0.35621373 0.38635575 0.2149518  0.04247871],0.0041867907416058905
352,RACESURV8_W43,INCOME,"$50,000-$75,000",[0.36492795 0.38023611 0.20785745 0.04697848],0.001822152039289146
353,RACESURV8_W43,INCOME,"$75,000-$100,000",[0.38246687 0.36323997 0.21804292 0.03625024],0.001759109450362041
354,RACESURV8_W43,INCOME,"Less than $30,000",[0.34132751 0.35554975 0.22937422 0.07374852],0.0003311082435430125
355,RACESURV28b_W43,INCOME,"$100,000 or more",[0.49507121 0.01586063 0.48906816],0.012370096879932572
356,RACESURV28b_W43,INCOME,"$30,000-$50,000",[0.40397706 0.02441687 0.57160608],0.00977810631054349
357,RACESURV28b_W43,INCOME,"$50,000-$75,000",[0.47104115 0.01778428 0.51117457],0.004743055141101234
358,RACESURV28b_W43,INCOME,"$75,000-$100,000",[0.40763104 0.00731    0.58505896],0.001747586119026383
359,RACESURV28b_W43,INCOME,"Less than $30,000",[0.43836988 0.03421907 0.52741105],0.009455718000227825
360,RACESURV40_W43,INCOME,"$100,000 or more",[0.07904905 0.72289705 0.19805389 0.        ],0.059679270082918776
361,RACESURV40_W43,INCOME,"$30,000-$50,000",[0.09193148 0.7034449  0.20462362 0.        ],0.09071279719290869
362,RACESURV40_W43,INCOME,"$50,000-$75,000",[0.07943219 0.75621279 0.16435502 0.        ],0.07375537669511172
363,RACESURV40_W43,INCOME,"$75,000-$100,000",[0.07572111 0.69552697 0.22875193 0.        ],0.09675705525528454
364,RACESURV40_W43,INCOME,"Less than $30,000",[0.13516105 0.69131568 0.17352326 0.        ],0.14361918257326436
365,RACESURV2_W43,INCOME,"$100,000 or more",[0.63037976 0.19806223 0.01782678 0.0122514  0.14147983],0.0
366,RACESURV2_W43,INCOME,"$30,000-$50,000",[0.52310618 0.22354849 0.05104356 0.01828201 0.18401976],0.0
367,RACESURV2_W43,INCOME,"$50,000-$75,000",[0.62576787 0.17196393 0.06007468 0.00798374 0.13420978],0.0
368,RACESURV2_W43,INCOME,"$75,000-$100,000",[0.63655274 0.17197748 0.04692543 0.01284964 0.1316947 ],0.0003548505424547055
369,RACESURV2_W43,INCOME,"Less than $30,000",[0.49791478 0.19682216 0.09013143 0.02119777 0.19393387],0.00435530275692546
370,RACESURV47f_W43,INCOME,"$100,000 or more",[0.15229387 0.19292595 0.2165336  0.43824657],0.05208790049623772
371,RACESURV47f_W43,INCOME,"$30,000-$50,000",[0.17965388 0.23180468 0.14536428 0.44317716],0.12255358641842559
372,RACESURV47f_W43,INCOME,"$50,000-$75,000",[0.17949264 0.25799382 0.18485697 0.37765657],0.07199458672938285
373,RACESURV47f_W43,INCOME,"$75,000-$100,000",[0.17756866 0.24069012 0.16793249 0.41380873],0.11332512842464623
374,RACESURV47f_W43,INCOME,"Less than $30,000",[0.16966571 0.21389262 0.19821356 0.41822811],0.1795940872098253
375,RACESURV53d_W43,INCOME,"$100,000 or more",[0.19317775 0.80682225],0.008093317351027132
376,RACESURV53d_W43,INCOME,"$30,000-$50,000",[0.26345288 0.73654712],0.006815167778036992
377,RACESURV53d_W43,INCOME,"$50,000-$75,000",[0.23476368 0.76523632],0.0026537243434827753
378,RACESURV53d_W43,INCOME,"$75,000-$100,000",[0.2413136 0.7586864],0.0025176530339741793
379,RACESURV53d_W43,INCOME,"Less than $30,000",[0.28645684 0.71354316],0.009030729507011332
380,RACESURV47e_W43,INCOME,"$100,000 or more",[0.33183314 0.37144671 0.1787268  0.11799335],0.07167194372925591
381,RACESURV47e_W43,INCOME,"$30,000-$50,000",[0.32314966 0.38067917 0.13086478 0.16530638],0.13102348579319595
382,RACESURV47e_W43,INCOME,"$50,000-$75,000",[0.2905547  0.38701126 0.17394132 0.14849271],0.08108091369103554
383,RACESURV47e_W43,INCOME,"$75,000-$100,000",[0.31793468 0.37921909 0.19257624 0.11026999],0.10193920617602213
384,RACESURV47e_W43,INCOME,"Less than $30,000",[0.30339815 0.3555198  0.16100841 0.18007364],0.1809857603513621
385,RACESURV3_W43,INCOME,"$100,000 or more",[0.04838411 0.56497606 0.38663983],0.007381116929836249
386,RACESURV3_W43,INCOME,"$30,000-$50,000",[0.05479662 0.47905953 0.46614385],0.004177495310985726
387,RACESURV3_W43,INCOME,"$50,000-$75,000",[0.06536776 0.54006417 0.39456807],0.001428616509900744
388,RACESURV3_W43,INCOME,"$75,000-$100,000",[0.04502486 0.52509647 0.42987867],0.0
389,RACESURV3_W43,INCOME,"Less than $30,000",[0.05670105 0.39685566 0.54644329],0.0008424670519837536
390,RACESURV19e_W43,INCOME,"$100,000 or more",[0.42803229 0.31186538 0.26010232],0.008348418917865336
391,RACESURV19e_W43,INCOME,"$30,000-$50,000",[0.39155895 0.32640925 0.2820318 ],0.0060859174318005065
392,RACESURV19e_W43,INCOME,"$50,000-$75,000",[0.40187595 0.31576085 0.28236321],0.016776046512447237
393,RACESURV19e_W43,INCOME,"$75,000-$100,000",[0.35666597 0.36379143 0.27954261],0.0
394,RACESURV19e_W43,INCOME,"Less than $30,000",[0.45195073 0.28397349 0.26407579],0.001467590678507872
395,RACESURV15b_W43,INCOME,"$100,000 or more",[0.52417572 0.20144347 0.27438081],0.0014955370008075757
396,RACESURV15b_W43,INCOME,"$30,000-$50,000",[0.43583049 0.21635291 0.3478166 ],0.002867641540261035
397,RACESURV15b_W43,INCOME,"$50,000-$75,000",[0.49374555 0.19523861 0.31101584],0.008295645737877416
398,RACESURV15b_W43,INCOME,"$75,000-$100,000",[0.45252515 0.16862332 0.37885153],0.012828737811980384
399,RACESURV15b_W43,INCOME,"Less than $30,000",[0.38534635 0.2887844  0.32586925],0.007185944225385798
400,RACESURV19d_W43,INCOME,"$100,000 or more",[0.44860842 0.377207   0.17418457],0.0008998750565192471
401,RACESURV19d_W43,INCOME,"$30,000-$50,000",[0.48214178 0.31440544 0.20345278],0.0032109657162356976
402,RACESURV19d_W43,INCOME,"$50,000-$75,000",[0.46787721 0.33284921 0.19927358],0.004763895315913589
403,RACESURV19d_W43,INCOME,"$75,000-$100,000",[0.44306484 0.35380764 0.20312752],0.0014207869356678575
404,RACESURV19d_W43,INCOME,"Less than $30,000",[0.36542302 0.37601628 0.2585607 ],0.006435300702729655
405,RACESURV12_W43,INCOME,"$100,000 or more",[0.14609096 0.45884505 0.39506399],0.009747223258716782
406,RACESURV12_W43,INCOME,"$30,000-$50,000",[0.15725381 0.4284339  0.41431229],0.0057951461982911085
407,RACESURV12_W43,INCOME,"$50,000-$75,000",[0.16890204 0.44387979 0.38721818],0.024079702396053736
408,RACESURV12_W43,INCOME,"$75,000-$100,000",[0.20317742 0.37655749 0.42026509],0.0015919724734877164
409,RACESURV12_W43,INCOME,"Less than $30,000",[0.15364615 0.46323455 0.3831193 ],0.010510654862558625
410,RACESURV5l_W43,INCOME,"$100,000 or more",[0.83210076 0.11904236 0.00354338 0.01009386 0.03521964],0.008031010867046818
411,RACESURV5l_W43,INCOME,"$30,000-$50,000",[0.80159536 0.09883076 0.0203144  0.01266456 0.06659491],0.0
412,RACESURV5l_W43,INCOME,"$50,000-$75,000",[0.81262682 0.09539041 0.02011071 0.01756191 0.05431015],0.008057719592600775
413,RACESURV5l_W43,INCOME,"$75,000-$100,000",[0.84520906 0.08362396 0.0069224  0.0101673  0.05407729],0.0
414,RACESURV5l_W43,INCOME,"Less than $30,000",[0.75594156 0.09875878 0.02863387 0.03467644 0.08198935],0.0013827978518284767
415,RACESURV25_W43,INCOME,"$100,000 or more",[0.1016052  0.38543392 0.32410633 0.18885454],0.00810842294124055
416,RACESURV25_W43,INCOME,"$30,000-$50,000",[0.1284387  0.31318896 0.33212473 0.22624761],0.008226686492608918
417,RACESURV25_W43,INCOME,"$50,000-$75,000",[0.14879548 0.35567255 0.28245048 0.21308148],0.015765089791258756
418,RACESURV25_W43,INCOME,"$75,000-$100,000",[0.10716123 0.35540628 0.32736523 0.21006726],0.0009259317406959287
419,RACESURV25_W43,INCOME,"Less than $30,000",[0.16551441 0.3159009  0.25008682 0.26849786],0.007039069175644542
420,RACESURV53a_W43,INCOME,"$100,000 or more",[0.07910479 0.92089521],0.007310833533567909
421,RACESURV53a_W43,INCOME,"$30,000-$50,000",[0.15427268 0.84572732],0.005648637927795801
422,RACESURV53a_W43,INCOME,"$50,000-$75,000",[0.13652029 0.86347971],0.0013851834604479932
423,RACESURV53a_W43,INCOME,"$75,000-$100,000",[0.11780547 0.88219453],0.0029701658259326975
424,RACESURV53a_W43,INCOME,"Less than $30,000",[0.20378065 0.79621935],0.009762317111348884
425,RACESURV15a_W43,INCOME,"$100,000 or more",[0.68330822 0.0302213  0.28647048],0.01171542013005498
426,RACESURV15a_W43,INCOME,"$30,000-$50,000",[0.65021625 0.05010078 0.29968297],0.002981080620302308
427,RACESURV15a_W43,INCOME,"$50,000-$75,000",[0.64415097 0.05593716 0.29991188],0.0012470630401403109
428,RACESURV15a_W43,INCOME,"$75,000-$100,000",[0.65535819 0.01476668 0.32987512],0.009553022497398126
429,RACESURV15a_W43,INCOME,"Less than $30,000",[0.62029233 0.06904388 0.3106638 ],0.01830714495703136
430,RACESURV18b_W43,INCOME,"$100,000 or more",[0.05934635 0.56847807 0.31261982 0.05955576],0.3048952176149006
431,RACESURV18b_W43,INCOME,"$30,000-$50,000",[0.09585744 0.54057889 0.28392876 0.07963491],0.28326515285717385
432,RACESURV18b_W43,INCOME,"$50,000-$75,000",[0.09028033 0.56822188 0.29848532 0.04301247],0.3024734682361166
433,RACESURV18b_W43,INCOME,"$75,000-$100,000",[0.0730053  0.51030963 0.34969651 0.06698856],0.26030207026674074
434,RACESURV18b_W43,INCOME,"Less than $30,000",[0.15550225 0.5181925  0.27342576 0.0528795 ],0.2645743386707899
435,RACESURV18c_W43,INCOME,"$100,000 or more",[0.03459332 0.46406499 0.43457102 0.06677067],0.04876611579775919
436,RACESURV18c_W43,INCOME,"$30,000-$50,000",[0.04992037 0.48422763 0.37363313 0.09221887],0.08301983426377796
437,RACESURV18c_W43,INCOME,"$50,000-$75,000",[0.05256866 0.45549582 0.39698121 0.0949543 ],0.06814235191462988
438,RACESURV18c_W43,INCOME,"$75,000-$100,000",[0.03045502 0.56032921 0.34723671 0.06197906],0.06124482321354386
439,RACESURV18c_W43,INCOME,"Less than $30,000",[0.07428066 0.43632802 0.36633033 0.12306099],0.09960412033704655
440,RACESURV53f_W43,INCOME,"$100,000 or more",[0.38285258 0.61714742],0.008112385963567502
441,RACESURV53f_W43,INCOME,"$30,000-$50,000",[0.37917427 0.62082573],0.00340994113259671
442,RACESURV53f_W43,INCOME,"$50,000-$75,000",[0.38359313 0.61640687],0.002874659761426801
443,RACESURV53f_W43,INCOME,"$75,000-$100,000",[0.43674756 0.56325244],0.0025185237272747634
444,RACESURV53f_W43,INCOME,"Less than $30,000",[0.37973443 0.62026557],0.013328782155437384
445,RACESURV11_W43,INCOME,"$100,000 or more",[0.2136351  0.55063697 0.23572793],0.0
446,RACESURV11_W43,INCOME,"$30,000-$50,000",[0.17678054 0.51690662 0.30631284],0.0
447,RACESURV11_W43,INCOME,"$50,000-$75,000",[0.16354823 0.54646058 0.28999119],0.001207207202066943
448,RACESURV11_W43,INCOME,"$75,000-$100,000",[0.17083311 0.49760416 0.33156273],0.0
449,RACESURV11_W43,INCOME,"Less than $30,000",[0.18940911 0.50153214 0.30905875],0.0014807652905870444
450,RACESURV53c_W43,INCOME,"$100,000 or more",[0.21076794 0.78923206],0.0075361987134375365
451,RACESURV53c_W43,INCOME,"$30,000-$50,000",[0.38201862 0.61798138],0.010925140700149315
452,RACESURV53c_W43,INCOME,"$50,000-$75,000",[0.37454657 0.62545343],0.005879384943431237
453,RACESURV53c_W43,INCOME,"$75,000-$100,000",[0.2931208 0.7068792],0.006443884361450917
454,RACESURV53c_W43,INCOME,"Less than $30,000",[0.4408539 0.5591461],0.006627901708998537
455,RACESURV5g_W43,INCOME,"$100,000 or more",[0.01286847 0.03933929 0.37521814 0.36651792 0.20605618],0.007593177530455719
456,RACESURV5g_W43,INCOME,"$30,000-$50,000",[0.04986027 0.06964515 0.34852015 0.30298689 0.22898754],0.009671176022566558
457,RACESURV5g_W43,INCOME,"$50,000-$75,000",[0.05548614 0.04783413 0.33951456 0.36500326 0.19216191],0.012142934618085115
458,RACESURV5g_W43,INCOME,"$75,000-$100,000",[0.05533052 0.03885464 0.3400931  0.32689098 0.23883077],0.001959424181790326
459,RACESURV5g_W43,INCOME,"Less than $30,000",[0.02713848 0.05421598 0.28773769 0.29990562 0.33100223],0.011151488644491616
460,RACESURV24_W43,INCOME,"$100,000 or more",[0.2451513  0.41421967 0.19662105 0.14400798],0.008617122683592104
461,RACESURV24_W43,INCOME,"$30,000-$50,000",[0.19809918 0.35251694 0.25157064 0.19781324],0.004625271157018125
462,RACESURV24_W43,INCOME,"$50,000-$75,000",[0.21900255 0.38257278 0.22197697 0.1764477 ],0.01280710614752513
463,RACESURV24_W43,INCOME,"$75,000-$100,000",[0.21563731 0.40282361 0.22243941 0.15909968],0.0026634324366162027
464,RACESURV24_W43,INCOME,"Less than $30,000",[0.2273358  0.32663413 0.18906563 0.25696444],0.006164787259116684
465,RACESURV5k_W43,INCOME,"$100,000 or more",[0.01449505 0.02856023 0.19463097 0.69788187 0.06443189],0.005969413730973844
466,RACESURV5k_W43,INCOME,"$30,000-$50,000",[0.02022577 0.03413077 0.19273158 0.67787072 0.07504116],0.003969108658552582
467,RACESURV5k_W43,INCOME,"$50,000-$75,000",[0.02420037 0.02619848 0.19882416 0.67568785 0.07508915],0.0
468,RACESURV5k_W43,INCOME,"$75,000-$100,000",[0.03374509 0.0222446  0.28822626 0.60175195 0.0540321 ],0.0
469,RACESURV5k_W43,INCOME,"Less than $30,000",[0.01446617 0.02121557 0.17638847 0.698484   0.08944579],0.0013827978518284767
470,RACESURV36_W43,INCOME,"$100,000 or more",[0.07381616 0.40748809 0.38478656 0.13390919],0.0010205067175068608
471,RACESURV36_W43,INCOME,"$30,000-$50,000",[0.13361982 0.34937348 0.38064171 0.13636498],0.0010992000790591878
472,RACESURV36_W43,INCOME,"$50,000-$75,000",[0.08624669 0.39164749 0.41290893 0.10919689],0.0035909638047938487
473,RACESURV36_W43,INCOME,"$75,000-$100,000",[0.07947788 0.34260978 0.42441665 0.15349569],0.00966526430727123
474,RACESURV36_W43,INCOME,"Less than $30,000",[0.13303436 0.35176769 0.3437159  0.17148206],0.0033144935634684403
475,RACESURV5j_W43,INCOME,"$100,000 or more",[0.05864702 0.16163537 0.47652225 0.11044636 0.192749  ],0.006409955950635628
476,RACESURV5j_W43,INCOME,"$30,000-$50,000",[0.09612511 0.13061132 0.41282829 0.10275686 0.25767842],0.0057951461982911085
477,RACESURV5j_W43,INCOME,"$50,000-$75,000",[0.05673921 0.16276273 0.46276836 0.08993801 0.22779169],0.0004807690049237759
478,RACESURV5j_W43,INCOME,"$75,000-$100,000",[0.07139145 0.15983414 0.44717796 0.08060082 0.24099564],0.007194816233497895
479,RACESURV5j_W43,INCOME,"Less than $30,000",[0.09104445 0.14353354 0.37583902 0.10159672 0.28798627],0.005435020334168334
480,RACESURV18e_W43,INCOME,"$100,000 or more",[0.05839149 0.54732562 0.34237645 0.05190643],0.37903563304479965
481,RACESURV18e_W43,INCOME,"$30,000-$50,000",[0.08127446 0.55286981 0.30727093 0.05858479],0.374772866915314
482,RACESURV18e_W43,INCOME,"$50,000-$75,000",[0.07403932 0.54705298 0.32779442 0.05111328],0.39055504492651955
483,RACESURV18e_W43,INCOME,"$75,000-$100,000",[0.06183609 0.54610178 0.29472086 0.09734127],0.3808792390446378
484,RACESURV18e_W43,INCOME,"Less than $30,000",[0.12212441 0.53910734 0.27475895 0.0640093 ],0.3793641871696341
485,RACESURV5c_W43,INCOME,"$100,000 or more",[0.03902718 0.10446412 0.43695537 0.1847885  0.23476483],0.008919862325702757
486,RACESURV5c_W43,INCOME,"$30,000-$50,000",[0.0802132  0.11916929 0.33188191 0.16824695 0.30048865],0.010443933420609851
487,RACESURV5c_W43,INCOME,"$50,000-$75,000",[0.07152497 0.11420214 0.39921383 0.14906352 0.26599553],0.006821886037526913
488,RACESURV5c_W43,INCOME,"$75,000-$100,000",[0.0414681  0.12410928 0.37971129 0.15244845 0.30226287],0.0013684519833060428
489,RACESURV5c_W43,INCOME,"Less than $30,000",[0.07252509 0.09803947 0.30737473 0.18848626 0.33357445],0.004409452081512205
490,RACESURV44_W43,INCOME,"$100,000 or more",[0.13901172 0.68666554 0.17432274 0.        ],0.10678717879485902
491,RACESURV44_W43,INCOME,"$30,000-$50,000",[0.16778515 0.67972405 0.1524908  0.        ],0.1213514196065437
492,RACESURV44_W43,INCOME,"$50,000-$75,000",[0.14273418 0.7196908  0.13757503 0.        ],0.0932754325104161
493,RACESURV44_W43,INCOME,"$75,000-$100,000",[0.13791997 0.70141403 0.160666   0.        ],0.09552203171983249
494,RACESURV44_W43,INCOME,"Less than $30,000",[0.17709428 0.64173489 0.18117083 0.        ],0.17088656106033606
495,RACESURV38_W43,INCOME,"$100,000 or more",[0.04203314 0.33822723 0.39582773 0.2239119 ],0.004793254027708886
496,RACESURV38_W43,INCOME,"$30,000-$50,000",[0.06092342 0.2760717  0.37301166 0.28999323],0.005663274181011428
497,RACESURV38_W43,INCOME,"$50,000-$75,000",[0.07918059 0.28481873 0.40390104 0.23209964],0.002023863391179408
498,RACESURV38_W43,INCOME,"$75,000-$100,000",[0.06198847 0.28131431 0.39831636 0.25838086],0.005938647828088539
499,RACESURV38_W43,INCOME,"Less than $30,000",[0.08371678 0.2686794  0.33741143 0.31019239],0.006455563036235799
500,RACESURV34b_W43,INCOME,"$100,000 or more",[0.15595456 0.22352598 0.20844419 0.03473912 0.37733616],0.005159122581870793
501,RACESURV34b_W43,INCOME,"$30,000-$50,000",[0.13665657 0.20575172 0.22268054 0.05867496 0.3762362 ],0.0034544237882745557
502,RACESURV34b_W43,INCOME,"$50,000-$75,000",[0.12276827 0.21135866 0.20518821 0.0394378  0.42124706],0.004173835549219625
503,RACESURV34b_W43,INCOME,"$75,000-$100,000",[0.11608857 0.22866697 0.24016554 0.04296315 0.37211577],0.0
504,RACESURV34b_W43,INCOME,"Less than $30,000",[0.12540864 0.23084983 0.20116294 0.08133598 0.36124261],0.007578494317957557
505,RACESURV20_W43,INCOME,"$100,000 or more",[0.02366688 0.34835695 0.62797618],0.001050810465962804
506,RACESURV20_W43,INCOME,"$30,000-$50,000",[0.05465102 0.3883332  0.55701578],0.005284344684651301
507,RACESURV20_W43,INCOME,"$50,000-$75,000",[0.03696889 0.4081072  0.55492391],0.001352628843654167
508,RACESURV20_W43,INCOME,"$75,000-$100,000",[0.02282769 0.36448066 0.61269165],0.0005047313705279836
509,RACESURV20_W43,INCOME,"Less than $30,000",[0.10905904 0.39283639 0.49810457],0.003612754721524895
0,RACESURV1c_W43,POLIDEOLOGY,Conservative,[0.28218632 0.16552555 0.55228813],0.0027572597852000627
1,RACESURV1c_W43,POLIDEOLOGY,Liberal,[0.2432554  0.19120444 0.56554016],0.000661512816603275
2,RACESURV1c_W43,POLIDEOLOGY,Moderate,[0.30838153 0.18281008 0.50880839],0.0019878248218939115
3,RACESURV1c_W43,POLIDEOLOGY,Very conservative,[0.35535242 0.18322074 0.46142683],0.0
4,RACESURV1c_W43,POLIDEOLOGY,Very liberal,[0.25944666 0.2292664  0.51128694],0.0
5,RACESURV28g_W43,POLIDEOLOGY,Conservative,[0.13284636 0.02317861 0.84397503],0.009488210424452956
6,RACESURV28g_W43,POLIDEOLOGY,Liberal,[0.52324976 0.01446593 0.46228431],0.006407801152962443
7,RACESURV28g_W43,POLIDEOLOGY,Moderate,[0.3018078  0.02305253 0.67513967],0.011638245235447838
8,RACESURV28g_W43,POLIDEOLOGY,Very conservative,[0.09484723 0.06182078 0.84333199],0.0033207064437318695
9,RACESURV28g_W43,POLIDEOLOGY,Very liberal,[0.68765473 0.02737001 0.28497526],0.0030660754247037645
10,RACESURV4_W43,POLIDEOLOGY,Conservative,[0.49663543 0.21340375 0.28996082],0.0026957109337384017
11,RACESURV4_W43,POLIDEOLOGY,Liberal,[0.85673015 0.03735134 0.10591851],0.0009749935040294634
12,RACESURV4_W43,POLIDEOLOGY,Moderate,[0.64418734 0.10383668 0.25197599],0.006006043544553138
13,RACESURV4_W43,POLIDEOLOGY,Very conservative,[0.37717876 0.27068035 0.35214089],0.012800165126158515
14,RACESURV4_W43,POLIDEOLOGY,Very liberal,[0.91838795 0.01497106 0.06664099],0.011727870335175979
15,RACESURV48_W43,POLIDEOLOGY,Conservative,[0.33116524 0.30777038 0.16561187 0.19545251],0.007469118879490722
16,RACESURV48_W43,POLIDEOLOGY,Liberal,[0.64952369 0.24542633 0.05686815 0.04818183],0.007136638566810117
17,RACESURV48_W43,POLIDEOLOGY,Moderate,[0.50010363 0.29980119 0.11002613 0.09006905],0.013102070840632144
18,RACESURV48_W43,POLIDEOLOGY,Very conservative,[0.21344324 0.25644946 0.2211555  0.3089518 ],0.002255014035072911
19,RACESURV48_W43,POLIDEOLOGY,Very liberal,[0.66217378 0.15408897 0.1221668  0.06157045],0.0
20,RACESURV1b_W43,POLIDEOLOGY,Conservative,[0.35126724 0.22771717 0.4210156 ],0.003786756651648393
21,RACESURV1b_W43,POLIDEOLOGY,Liberal,[0.25489735 0.33031711 0.41478554],0.0
22,RACESURV1b_W43,POLIDEOLOGY,Moderate,[0.31538675 0.26099624 0.42361701],0.006765173348092801
23,RACESURV1b_W43,POLIDEOLOGY,Very conservative,[0.31877162 0.25877689 0.4224515 ],0.005902901637551278
24,RACESURV1b_W43,POLIDEOLOGY,Very liberal,[0.27941037 0.35835881 0.36223082],0.0
25,RACESURV34d_W43,POLIDEOLOGY,Conservative,[0.7428876  0.11642994 0.01752749 0.01255062 0.11060435],0.002112678874556091
26,RACESURV34d_W43,POLIDEOLOGY,Liberal,[0.6209212  0.22817077 0.0330219  0.02113603 0.09675009],0.0032910679029891825
27,RACESURV34d_W43,POLIDEOLOGY,Moderate,[0.64903492 0.15819785 0.03560532 0.01953268 0.13762923],0.00305676706341733
28,RACESURV34d_W43,POLIDEOLOGY,Very conservative,[0.65646833 0.16024866 0.02720661 0.01856861 0.13750778],0.003377588094963783
29,RACESURV34d_W43,POLIDEOLOGY,Very liberal,[0.52633647 0.28666464 0.0358597  0.03023484 0.12090435],0.00012162096688447501
30,RACESURV29d_W43,POLIDEOLOGY,Conservative,[0.1226654  0.3611279  0.39205117 0.12415553],0.0036399700725385214
31,RACESURV29d_W43,POLIDEOLOGY,Liberal,[0.14106126 0.40547135 0.3596789  0.09378849],0.002109502531651033
32,RACESURV29d_W43,POLIDEOLOGY,Moderate,[0.13360942 0.37487804 0.36638851 0.12512403],0.0007512291923977525
33,RACESURV29d_W43,POLIDEOLOGY,Very conservative,[0.11891279 0.31566121 0.38442691 0.18099909],0.003068202282643471
34,RACESURV29d_W43,POLIDEOLOGY,Very liberal,[0.22228039 0.41145137 0.2714544  0.09481385],0.007753455374883995
35,RACESURV28f_W43,POLIDEOLOGY,Conservative,[0.10629599 0.06067522 0.8330288 ],0.005344002105362217
36,RACESURV28f_W43,POLIDEOLOGY,Liberal,[0.66174616 0.01395185 0.324302  ],0.01462080230725025
37,RACESURV28f_W43,POLIDEOLOGY,Moderate,[0.30059759 0.02793899 0.67146342],0.010860937671976035
38,RACESURV28f_W43,POLIDEOLOGY,Very conservative,[0.09455095 0.06172002 0.84372904],0.003910051080254185
39,RACESURV28f_W43,POLIDEOLOGY,Very liberal,[0.7783614 0.015464  0.2061746],0.00341163772237384
40,RACESURV5d_W43,POLIDEOLOGY,Conservative,[0.0839635  0.2425707  0.13922236 0.01436419 0.51987925],0.006791310544565465
41,RACESURV5d_W43,POLIDEOLOGY,Liberal,[0.0583278  0.31455956 0.23361157 0.03023677 0.36326429],0.009912073817252337
42,RACESURV5d_W43,POLIDEOLOGY,Moderate,[0.07973309 0.2596369  0.18432683 0.03644507 0.43985811],0.008423267675724131
43,RACESURV5d_W43,POLIDEOLOGY,Very conservative,[0.10555549 0.25918493 0.08936765 0.05027556 0.49561638],0.004630426874195928
44,RACESURV5d_W43,POLIDEOLOGY,Very liberal,[0.07755582 0.25421762 0.28435407 0.06215385 0.32171864],0.0031880915267999306
45,RACESURV28a_W43,POLIDEOLOGY,Conservative,[0.27556315 0.1137304  0.61070645],0.013824457188494052
46,RACESURV28a_W43,POLIDEOLOGY,Liberal,[0.7706963  0.03439636 0.19490734],0.006553425656126338
47,RACESURV28a_W43,POLIDEOLOGY,Moderate,[0.51420727 0.05477944 0.43101329],0.014926708505584453
48,RACESURV28a_W43,POLIDEOLOGY,Very conservative,[0.20040974 0.11407027 0.68551999],0.005207481865995038
49,RACESURV28a_W43,POLIDEOLOGY,Very liberal,[0.82693532 0.03106429 0.14200039],0.0006950519197393185
50,RACESURV10_W43,POLIDEOLOGY,Conservative,[0.55438034 0.44561966],0.018413616766226222
51,RACESURV10_W43,POLIDEOLOGY,Liberal,[0.30956428 0.69043572],0.005277514456136717
52,RACESURV10_W43,POLIDEOLOGY,Moderate,[0.43682701 0.56317299],0.007245598457932709
53,RACESURV10_W43,POLIDEOLOGY,Very conservative,[0.53627466 0.46372534],0.007096142330685699
54,RACESURV10_W43,POLIDEOLOGY,Very liberal,[0.22756262 0.77243738],0.0013755844784776984
55,RACATTN_W43,POLIDEOLOGY,Conservative,[0.73305201 0.13332061 0.13362738],0.005024167267202345
56,RACATTN_W43,POLIDEOLOGY,Liberal,[0.1842492  0.55260334 0.26314746],0.006868878932941922
57,RACATTN_W43,POLIDEOLOGY,Moderate,[0.40943407 0.36145188 0.22911406],0.01236167243611136
58,RACATTN_W43,POLIDEOLOGY,Very conservative,[0.73181497 0.15261691 0.11556812],0.003279198142365563
59,RACATTN_W43,POLIDEOLOGY,Very liberal,[0.12540914 0.61178488 0.26280598],0.006445833451718962
60,RACESURV50_W43,POLIDEOLOGY,Conservative,[0.22029615 0.77970385],0.03729599526360401
61,RACESURV50_W43,POLIDEOLOGY,Liberal,[0.5665455 0.4334545],0.03590010346202335
62,RACESURV50_W43,POLIDEOLOGY,Moderate,[0.44109248 0.55890752],0.028215411088155874
63,RACESURV50_W43,POLIDEOLOGY,Very conservative,[0.20223232 0.79776768],0.009149657533907696
64,RACESURV50_W43,POLIDEOLOGY,Very liberal,[0.70814728 0.29185272],0.009853362743432709
65,RACESURV28d_W43,POLIDEOLOGY,Conservative,[0.45311457 0.02494694 0.5219385 ],0.0064254513910719
66,RACESURV28d_W43,POLIDEOLOGY,Liberal,[0.90108205 0.01190592 0.08701203],0.004784714295050059
67,RACESURV28d_W43,POLIDEOLOGY,Moderate,[0.68288906 0.0303678  0.28674315],0.0027764742982189896
68,RACESURV28d_W43,POLIDEOLOGY,Very conservative,[0.4079363  0.04131149 0.55075221],0.013061430260571914
69,RACESURV28d_W43,POLIDEOLOGY,Very liberal,[0.88876957 0.00642151 0.10480892],0.0044214503844018475
70,RACESURV28e_W43,POLIDEOLOGY,Conservative,[0.44372111 0.04343805 0.51284084],0.019982432547218508
71,RACESURV28e_W43,POLIDEOLOGY,Liberal,[0.8874728  0.01670098 0.09582622],0.004153125563953803
72,RACESURV28e_W43,POLIDEOLOGY,Moderate,[0.68294939 0.03060222 0.28644839],0.008944047292220527
73,RACESURV28e_W43,POLIDEOLOGY,Very conservative,[0.34118332 0.08605916 0.57275751],0.00810786330509804
74,RACESURV28e_W43,POLIDEOLOGY,Very liberal,[0.93673397 0.01938581 0.04388022],0.0
75,ADMISSIONe_W43,POLIDEOLOGY,Conservative,[0.15076352 0.51925098 0.3299855 ],0.003369048592089457
76,ADMISSIONe_W43,POLIDEOLOGY,Liberal,[0.270955   0.49651395 0.23253105],0.0012506344855047339
77,ADMISSIONe_W43,POLIDEOLOGY,Moderate,[0.21975541 0.51255418 0.26769041],0.004407685080386233
78,ADMISSIONe_W43,POLIDEOLOGY,Very conservative,[0.13136374 0.45069773 0.41793853],0.002693372570184576
79,ADMISSIONe_W43,POLIDEOLOGY,Very liberal,[0.32123043 0.44892443 0.22984514],0.0
80,RACESURV53b_W43,POLIDEOLOGY,Conservative,[0.2943657 0.7056343],0.01363494864112302
81,RACESURV53b_W43,POLIDEOLOGY,Liberal,[0.30092159 0.69907841],0.00853436091531169
82,RACESURV53b_W43,POLIDEOLOGY,Moderate,[0.36564472 0.63435528],0.0047805803243703305
83,RACESURV53b_W43,POLIDEOLOGY,Very conservative,[0.33413912 0.66586088],0.011818722318894217
84,RACESURV53b_W43,POLIDEOLOGY,Very liberal,[0.25759322 0.74240678],0.0014686950398969836
85,RACESURV37_W43,POLIDEOLOGY,Conservative,[0.56224462 0.43775538],0.003522511786730806
86,RACESURV37_W43,POLIDEOLOGY,Liberal,[0.70054365 0.29945635],0.002644257978918245
87,RACESURV37_W43,POLIDEOLOGY,Moderate,[0.60813367 0.39186633],0.008595846347814845
88,RACESURV37_W43,POLIDEOLOGY,Very conservative,[0.5022139 0.4977861],0.008141654192706911
89,RACESURV37_W43,POLIDEOLOGY,Very liberal,[0.78606467 0.21393533],0.0018818425818800844
90,RACESURV45_W43,POLIDEOLOGY,Conservative,[0.0300889  0.36968853 0.60022257 0.        ],0.2569557959539985
91,RACESURV45_W43,POLIDEOLOGY,Liberal,[0.04372452 0.43126565 0.52500983 0.        ],0.24964564087598834
92,RACESURV45_W43,POLIDEOLOGY,Moderate,[0.05691656 0.37487505 0.56820839 0.        ],0.2520491845179288
93,RACESURV45_W43,POLIDEOLOGY,Very conservative,[0.06267667 0.34723113 0.5900922  0.        ],0.2747666759146229
94,RACESURV45_W43,POLIDEOLOGY,Very liberal,[0.06942053 0.46376697 0.4668125  0.        ],0.26171984203554144
95,RACESURV5h_W43,POLIDEOLOGY,Conservative,[0.04830955 0.12110216 0.15839267 0.08203619 0.59015942],0.0042435491492382295
96,RACESURV5h_W43,POLIDEOLOGY,Liberal,[0.1660972  0.23767106 0.08841789 0.01868222 0.48913162],0.00832696382918961
97,RACESURV5h_W43,POLIDEOLOGY,Moderate,[0.09853636 0.19699753 0.09679503 0.03691258 0.5707585 ],0.009764575746449317
98,RACESURV5h_W43,POLIDEOLOGY,Very conservative,[0.13146756 0.09235609 0.17719715 0.12423902 0.47474018],0.011681820391172779
99,RACESURV5h_W43,POLIDEOLOGY,Very liberal,[0.15737695 0.34718076 0.04823025 0.04410563 0.4031064 ],0.0021152981338706917
100,ADMISSIONc_W43,POLIDEOLOGY,Conservative,[0.04105395 0.21419274 0.74475332],0.0020909996645559607
101,ADMISSIONc_W43,POLIDEOLOGY,Liberal,[0.04517913 0.2419541  0.71286677],0.0
102,ADMISSIONc_W43,POLIDEOLOGY,Moderate,[0.07359732 0.26908073 0.65732194],0.004488581579873126
103,ADMISSIONc_W43,POLIDEOLOGY,Very conservative,[0.08050039 0.2350492  0.68445041],0.005593444738270948
104,ADMISSIONc_W43,POLIDEOLOGY,Very liberal,[0.05037692 0.18458958 0.76503349],0.0
105,RACESURV1d_W43,POLIDEOLOGY,Conservative,[0.30348436 0.33510215 0.36141349],0.0016167686635614746
106,RACESURV1d_W43,POLIDEOLOGY,Liberal,[0.26587151 0.37976868 0.35435981],0.0026219834063540078
107,RACESURV1d_W43,POLIDEOLOGY,Moderate,[0.26340265 0.41771314 0.31888421],0.0029187707604775882
108,RACESURV1d_W43,POLIDEOLOGY,Very conservative,[0.34762705 0.31790373 0.33446923],0.00043877185709081
109,RACESURV1d_W43,POLIDEOLOGY,Very liberal,[0.21881859 0.50752637 0.27365504],0.0006950519197393185
110,RACESURV5f_W43,POLIDEOLOGY,Conservative,[0.06602635 0.10768501 0.12902847 0.032646   0.66461417],0.005863148595008563
111,RACESURV5f_W43,POLIDEOLOGY,Liberal,[0.0666747  0.20664323 0.19648788 0.03909846 0.49109573],0.01836542930455118
112,RACESURV5f_W43,POLIDEOLOGY,Moderate,[0.07627652 0.14140711 0.16868198 0.03926195 0.57437244],0.006389544149647056
113,RACESURV5f_W43,POLIDEOLOGY,Very conservative,[0.1182039  0.15353263 0.1523046  0.05249661 0.52346226],0.0016384973465042813
114,RACESURV5f_W43,POLIDEOLOGY,Very liberal,[0.07299287 0.18640807 0.25104646 0.01409924 0.47545336],0.007769538215387684
115,RACESURV19c_W43,POLIDEOLOGY,Conservative,[0.31318436 0.3538325  0.33298314],0.003961233727953412
116,RACESURV19c_W43,POLIDEOLOGY,Liberal,[0.67673905 0.2337849  0.08947605],0.004768164597504991
117,RACESURV19c_W43,POLIDEOLOGY,Moderate,[0.4647907  0.29960553 0.23560378],0.0010136728264119707
118,RACESURV19c_W43,POLIDEOLOGY,Very conservative,[0.19121982 0.3416474  0.46713277],0.008728464066256363
119,RACESURV19c_W43,POLIDEOLOGY,Very liberal,[0.80642878 0.07539015 0.11818107],0.0
120,RACESURV29b_W43,POLIDEOLOGY,Conservative,[0.23919296 0.49439837 0.21666595 0.04974273],0.0033632154076347703
121,RACESURV29b_W43,POLIDEOLOGY,Liberal,[0.25887563 0.42770582 0.27809881 0.03531974],0.0034881591873392194
122,RACESURV29b_W43,POLIDEOLOGY,Moderate,[0.31040394 0.42977952 0.21903977 0.04077677],0.0011348810446114653
123,RACESURV29b_W43,POLIDEOLOGY,Very conservative,[0.30252589 0.39895473 0.24421392 0.05430546],0.004444647835640459
124,RACESURV29b_W43,POLIDEOLOGY,Very liberal,[0.30057394 0.43142551 0.21662997 0.05137058],0.00022845072868372173
125,RACESURV47a_W43,POLIDEOLOGY,Conservative,[0.45867236 0.39655321 0.05326235 0.09151208],0.1703919383562959
126,RACESURV47a_W43,POLIDEOLOGY,Liberal,[0.12041979 0.25563704 0.21783237 0.4061108 ],0.1730416186181654
127,RACESURV47a_W43,POLIDEOLOGY,Moderate,[0.26441006 0.35957668 0.15044655 0.22556671],0.20845009239862497
128,RACESURV47a_W43,POLIDEOLOGY,Very conservative,[0.60906617 0.23331869 0.06777187 0.08984326],0.12340362783957125
129,RACESURV47a_W43,POLIDEOLOGY,Very liberal,[0.0612198  0.12255647 0.24376696 0.57245677],0.12573290637993775
130,RACESURV27_W43,POLIDEOLOGY,Conservative,[0.06353191 0.20883832 0.38029602 0.34733375],0.016984109771472793
131,RACESURV27_W43,POLIDEOLOGY,Liberal,[0.08011781 0.29550608 0.36434693 0.26002917],0.009154333070638827
132,RACESURV27_W43,POLIDEOLOGY,Moderate,[0.05943221 0.27012772 0.35862582 0.31181425],0.008820481643153714
133,RACESURV27_W43,POLIDEOLOGY,Very conservative,[0.06174211 0.21788016 0.31300054 0.40737719],0.004094912798551576
134,RACESURV27_W43,POLIDEOLOGY,Very liberal,[0.12768008 0.39183585 0.2901769  0.19030717],0.011741689222843056
135,RACESURV5b_W43,POLIDEOLOGY,Conservative,[0.13672809 0.14989949 0.29314095 0.09338985 0.32684161],0.008687486184391432
136,RACESURV5b_W43,POLIDEOLOGY,Liberal,[0.0233315  0.05160921 0.34338629 0.45520677 0.12646623],0.003526058973507186
137,RACESURV5b_W43,POLIDEOLOGY,Moderate,[0.06324651 0.10357675 0.34761339 0.22697357 0.25858979],0.007582165286071901
138,RACESURV5b_W43,POLIDEOLOGY,Very conservative,[0.14917853 0.16077913 0.22076864 0.07584557 0.39342813],0.004630426874195928
139,RACESURV5b_W43,POLIDEOLOGY,Very liberal,[0.02501721 0.03754137 0.25472072 0.57359231 0.10912839],0.0028569604301398794
140,RACESURV18a_W43,POLIDEOLOGY,Conservative,[0.10417761 0.65963032 0.19168201 0.04451006],0.10832666751445667
141,RACESURV18a_W43,POLIDEOLOGY,Liberal,[0.04034086 0.50938098 0.40092141 0.04935675],0.09146826036018732
142,RACESURV18a_W43,POLIDEOLOGY,Moderate,[0.08318983 0.58843031 0.28794672 0.04043314],0.14472253201994847
143,RACESURV18a_W43,POLIDEOLOGY,Very conservative,[0.15841347 0.62153486 0.17086015 0.04919152],0.11615148189329214
144,RACESURV18a_W43,POLIDEOLOGY,Very liberal,[0.03382341 0.37088129 0.46359244 0.13170286],0.0897296481768998
145,RACESURV28c_W43,POLIDEOLOGY,Conservative,[0.20310711 0.03307253 0.76382036],0.018985022148947935
146,RACESURV28c_W43,POLIDEOLOGY,Liberal,[0.6865507  0.01351529 0.29993401],0.016707134966680595
147,RACESURV28c_W43,POLIDEOLOGY,Moderate,[0.44960817 0.03336015 0.51703168],0.016271547386648464
148,RACESURV28c_W43,POLIDEOLOGY,Very conservative,[0.16177865 0.0681703  0.77005105],0.022493970418220842
149,RACESURV28c_W43,POLIDEOLOGY,Very liberal,[0.79482877 0.01420832 0.19096291],0.006436619265121885
150,RACESURV18d_W43,POLIDEOLOGY,Conservative,[0.23509346 0.70988751 0.04226343 0.01275559],0.1399872412000177
151,RACESURV18d_W43,POLIDEOLOGY,Liberal,[0.13463286 0.75051466 0.10238814 0.01246434],0.1303955923961533
152,RACESURV18d_W43,POLIDEOLOGY,Moderate,[0.19130515 0.69413626 0.09873066 0.01582792],0.17152727804326362
153,RACESURV18d_W43,POLIDEOLOGY,Very conservative,[0.31751615 0.60006408 0.06395712 0.01846265],0.14715393849215286
154,RACESURV18d_W43,POLIDEOLOGY,Very liberal,[0.15647801 0.66439576 0.14939812 0.02972812],0.11354487908588914
155,RACESURV51_W43,POLIDEOLOGY,Conservative,[0.10483214 0.08631988 0.80884798],0.02236584198127169
156,RACESURV51_W43,POLIDEOLOGY,Liberal,[0.38506103 0.05415609 0.56078288],0.01009650717665516
157,RACESURV51_W43,POLIDEOLOGY,Moderate,[0.22314268 0.07554635 0.70131098],0.011774984286097905
158,RACESURV51_W43,POLIDEOLOGY,Very conservative,[0.13051114 0.10576416 0.7637247 ],0.012750935703686926
159,RACESURV51_W43,POLIDEOLOGY,Very liberal,[0.49551292 0.06787943 0.43660765],0.0006799468760819168
160,RACESURV47b_W43,POLIDEOLOGY,Conservative,[0.0922377  0.1719853  0.18233741 0.55343959],0.10786054853290183
161,RACESURV47b_W43,POLIDEOLOGY,Liberal,[0.15532295 0.31778219 0.19717179 0.32972308],0.14719235199522515
162,RACESURV47b_W43,POLIDEOLOGY,Moderate,[0.162108   0.19167577 0.15590793 0.49030831],0.11422326275394937
163,RACESURV47b_W43,POLIDEOLOGY,Very conservative,[0.1176465  0.21076506 0.18971362 0.48187482],0.08851783876786892
164,RACESURV47b_W43,POLIDEOLOGY,Very liberal,[0.22747579 0.4399854  0.16203729 0.17050152],0.17140826980290833
165,RACESURV19b_W43,POLIDEOLOGY,Conservative,[0.42474063 0.31012871 0.26513066],0.007320979847383169
166,RACESURV19b_W43,POLIDEOLOGY,Liberal,[0.17976988 0.23492271 0.58530741],0.007879042644798155
167,RACESURV19b_W43,POLIDEOLOGY,Moderate,[0.29222703 0.32370515 0.38406782],0.010029832823657598
168,RACESURV19b_W43,POLIDEOLOGY,Very conservative,[0.50595907 0.24099786 0.25304307],0.004520375839835541
169,RACESURV19b_W43,POLIDEOLOGY,Very liberal,[0.14211162 0.15190958 0.7059788 ],0.0
170,RACESURV14_W43,POLIDEOLOGY,Conservative,[0.36387019 0.2517719  0.1815422  0.20281571],0.02364126016468706
171,RACESURV14_W43,POLIDEOLOGY,Liberal,[0.01686009 0.0493817  0.05021301 0.8835452 ],0.007869176181808945
172,RACESURV14_W43,POLIDEOLOGY,Moderate,[0.10184635 0.14315352 0.15986999 0.59513014],0.014521728548200998
173,RACESURV14_W43,POLIDEOLOGY,Very conservative,[0.45568803 0.20120433 0.15351703 0.18959061],0.01106644231552013
174,RACESURV14_W43,POLIDEOLOGY,Very liberal,[0.01176088 0.01748472 0.07217259 0.89858182],0.00538092035732178
175,ADMISSIONg_W43,POLIDEOLOGY,Conservative,[0.69643435 0.26158701 0.04197865],0.004644180018461937
176,ADMISSIONg_W43,POLIDEOLOGY,Liberal,[0.70003086 0.25987017 0.04009897],0.00023988717399472058
177,ADMISSIONg_W43,POLIDEOLOGY,Moderate,[0.6703097  0.27264329 0.05704701],0.000547478510572287
178,ADMISSIONg_W43,POLIDEOLOGY,Very conservative,[0.6577226  0.24994496 0.09233244],0.0013455616414983702
179,ADMISSIONg_W43,POLIDEOLOGY,Very liberal,[0.66575354 0.28336888 0.05087758],0.0004246335412822173
180,RACESURV52_W43,POLIDEOLOGY,Conservative,[0.17577658 0.25602729 0.25634699 0.31184914],0.003988951910605394
181,RACESURV52_W43,POLIDEOLOGY,Liberal,[0.0624704  0.0848463  0.23533724 0.61734606],0.0024525122054963287
182,RACESURV52_W43,POLIDEOLOGY,Moderate,[0.09624197 0.20314155 0.27995219 0.4206643 ],0.002385938830817135
183,RACESURV52_W43,POLIDEOLOGY,Very conservative,[0.26295818 0.2565563  0.18602243 0.29446309],0.001201233954990531
184,RACESURV52_W43,POLIDEOLOGY,Very liberal,[0.04969848 0.08254441 0.13783221 0.72992491],0.004778201309801687
185,RACESURV34a_W43,POLIDEOLOGY,Conservative,[0.07082684 0.19446373 0.07391677 0.02676335 0.63402931],0.007074682538800848
186,RACESURV34a_W43,POLIDEOLOGY,Liberal,[0.24760207 0.31613334 0.08596327 0.04155936 0.30874196],0.008427480905002671
187,RACESURV34a_W43,POLIDEOLOGY,Moderate,[0.12157555 0.25425073 0.1004683  0.0405223  0.48318312],0.0048088356065437024
188,RACESURV34a_W43,POLIDEOLOGY,Very conservative,[0.09725723 0.17780177 0.09202721 0.03253824 0.60037555],0.013432402391512988
189,RACESURV34a_W43,POLIDEOLOGY,Very liberal,[0.36453254 0.29598666 0.06705557 0.03091197 0.24151327],0.0
190,ADMISSIONa_W43,POLIDEOLOGY,Conservative,[0.03292986 0.09971743 0.86735271],0.0005948323011647381
191,ADMISSIONa_W43,POLIDEOLOGY,Liberal,[0.08383448 0.29061622 0.62554931],0.001076802135694834
192,ADMISSIONa_W43,POLIDEOLOGY,Moderate,[0.06457595 0.17770966 0.75771439],0.0017657820962627205
193,ADMISSIONa_W43,POLIDEOLOGY,Very conservative,[0.04467017 0.08342426 0.87190556],0.0021852641472072413
194,ADMISSIONa_W43,POLIDEOLOGY,Very liberal,[0.12535144 0.39803016 0.4766184 ],0.0
195,RACESURV34c_W43,POLIDEOLOGY,Conservative,[0.08611081 0.20317009 0.17679238 0.113078   0.42084872],0.0018304863399632384
196,RACESURV34c_W43,POLIDEOLOGY,Liberal,[0.24223995 0.21757175 0.18807126 0.15775925 0.19435779],0.0040734451735053015
197,RACESURV34c_W43,POLIDEOLOGY,Moderate,[0.13862968 0.18446986 0.19820331 0.14442192 0.33427523],0.003981069557128346
198,RACESURV34c_W43,POLIDEOLOGY,Very conservative,[0.08269393 0.11785822 0.17300274 0.18351857 0.44292654],0.001201233954990531
199,RACESURV34c_W43,POLIDEOLOGY,Very liberal,[0.28489977 0.18415872 0.19825071 0.15672398 0.17596683],0.001966237732792132
200,RACESURV7_W43,POLIDEOLOGY,Conservative,[0.07576816 0.34447242 0.44059445 0.13916497],0.00034048511078903053
201,RACESURV7_W43,POLIDEOLOGY,Liberal,[0.19669671 0.44772899 0.27523378 0.08034051],0.0
202,RACESURV7_W43,POLIDEOLOGY,Moderate,[0.13601004 0.37725505 0.35986388 0.12687102],0.0004092424252459467
203,RACESURV7_W43,POLIDEOLOGY,Very conservative,[0.1300605  0.32765381 0.34200147 0.20028422],0.0018927920892439349
204,RACESURV7_W43,POLIDEOLOGY,Very liberal,[0.2509683  0.49781681 0.18533563 0.06587925],0.0
205,RACESURV5i_W43,POLIDEOLOGY,Conservative,[0.22077111 0.32442317 0.12276272 0.04265829 0.28938472],0.008860005886735276
206,RACESURV5i_W43,POLIDEOLOGY,Liberal,[0.59905547 0.25990626 0.01286737 0.0050382  0.1231327 ],0.0015843964436842162
207,RACESURV5i_W43,POLIDEOLOGY,Moderate,[0.35983317 0.29797928 0.07003718 0.020921   0.25122938],0.003983737783438045
208,RACESURV5i_W43,POLIDEOLOGY,Very conservative,[0.22340525 0.24828107 0.09536289 0.07244871 0.36050208],0.00990878247468326
209,RACESURV5i_W43,POLIDEOLOGY,Very liberal,[0.58485822 0.28107071 0.0098042  0.00146832 0.12279854],0.0
210,RACESURV6_W43,POLIDEOLOGY,Conservative,[0.7274711 0.2725289],0.008128027239569372
211,RACESURV6_W43,POLIDEOLOGY,Liberal,[0.17879539 0.82120461],0.00459322577787904
212,RACESURV6_W43,POLIDEOLOGY,Moderate,[0.44726921 0.55273079],0.007869651657096195
213,RACESURV6_W43,POLIDEOLOGY,Very conservative,[0.70096518 0.29903482],0.008386170749915055
214,RACESURV6_W43,POLIDEOLOGY,Very liberal,[0.1456174 0.8543826],0.0006950519197393185
215,RACESURV5e_W43,POLIDEOLOGY,Conservative,[0.07237582 0.16328401 0.19602693 0.05299741 0.51531583],0.00556000777616263
216,RACESURV5e_W43,POLIDEOLOGY,Liberal,[0.05742863 0.12848906 0.32782737 0.24918016 0.23707479],0.007055605098419077
217,RACESURV5e_W43,POLIDEOLOGY,Moderate,[0.05934314 0.18745503 0.22691735 0.15602114 0.37026334],0.010573550491863303
218,RACESURV5e_W43,POLIDEOLOGY,Very conservative,[0.14404408 0.19164143 0.15571928 0.03847892 0.47011629],0.010070952444556839
219,RACESURV5e_W43,POLIDEOLOGY,Very liberal,[0.0181037  0.10549712 0.23350357 0.46463097 0.17826463],0.0
220,RACESURV53e_W43,POLIDEOLOGY,Conservative,[0.43454193 0.56545807],0.011423067617788751
221,RACESURV53e_W43,POLIDEOLOGY,Liberal,[0.40324601 0.59675399],0.010683822759235188
222,RACESURV53e_W43,POLIDEOLOGY,Moderate,[0.45772992 0.54227008],0.00356897332834792
223,RACESURV53e_W43,POLIDEOLOGY,Very conservative,[0.4145948 0.5854052],0.006525656078990277
224,RACESURV53e_W43,POLIDEOLOGY,Very liberal,[0.3951513 0.6048487],0.00045149614739819506
225,RACESURV41_W43,POLIDEOLOGY,Conservative,[0.09125409 0.58329865 0.32544727 0.        ],0.15467334463623328
226,RACESURV41_W43,POLIDEOLOGY,Liberal,[0.03896515 0.53848064 0.42255422 0.        ],0.09520214999917068
227,RACESURV41_W43,POLIDEOLOGY,Moderate,[0.07078979 0.52513224 0.40407796 0.        ],0.14152829226368038
228,RACESURV41_W43,POLIDEOLOGY,Very conservative,[0.17449322 0.47859814 0.34690864 0.        ],0.19158632000080578
229,RACESURV41_W43,POLIDEOLOGY,Very liberal,[0.02212972 0.4535183  0.52435198 0.        ],0.08776772814878778
230,RACESURV1a_W43,POLIDEOLOGY,Conservative,[0.25100613 0.2912736  0.45772027],0.0007771915107710212
231,RACESURV1a_W43,POLIDEOLOGY,Liberal,[0.20554206 0.33430112 0.46015681],0.0032605879631584043
232,RACESURV1a_W43,POLIDEOLOGY,Moderate,[0.23238825 0.28359728 0.48401447],0.0027383640633367504
233,RACESURV1a_W43,POLIDEOLOGY,Very conservative,[0.25875696 0.31747587 0.42376717],0.0
234,RACESURV1a_W43,POLIDEOLOGY,Very liberal,[0.16842717 0.36142922 0.4701436 ],0.0
235,RACESURV47d_W43,POLIDEOLOGY,Conservative,[0.29534441 0.43418627 0.19673759 0.07373174],0.12916546620289654
236,RACESURV47d_W43,POLIDEOLOGY,Liberal,[0.15165598 0.34056618 0.31838138 0.18939646],0.07656273591608484
237,RACESURV47d_W43,POLIDEOLOGY,Moderate,[0.200872   0.44653717 0.19874135 0.15384948],0.15693450188162794
238,RACESURV47d_W43,POLIDEOLOGY,Very conservative,[0.36913598 0.37238635 0.14726621 0.11121147],0.13514540671578057
239,RACESURV47d_W43,POLIDEOLOGY,Very liberal,[0.12830563 0.22372742 0.34040176 0.3075652 ],0.059965475925086484
240,RACESURV9_W43,POLIDEOLOGY,Conservative,[0.16943046 0.44062246 0.08348371 0.01057821 0.29588516],0.0010215524476337539
241,RACESURV9_W43,POLIDEOLOGY,Liberal,[0.1242708  0.46768865 0.13989698 0.01720782 0.25093575],0.0008262309339234282
242,RACESURV9_W43,POLIDEOLOGY,Moderate,[0.12063731 0.41462244 0.11151933 0.03253035 0.32069057],0.00482315844500253
243,RACESURV9_W43,POLIDEOLOGY,Very conservative,[0.17883947 0.41339538 0.09871499 0.03434453 0.27470563],0.0053257606358423516
244,RACESURV9_W43,POLIDEOLOGY,Very liberal,[0.10502263 0.51715157 0.10647221 0.03316036 0.23819323],0.001668188419622703
245,RACESURV22_W43,POLIDEOLOGY,Conservative,[0.00913252 0.06977957 0.17973792 0.74135   ],0.0021227686228567494
246,RACESURV22_W43,POLIDEOLOGY,Liberal,[0.03617476 0.15454581 0.22457241 0.58470701],0.002039048367279417
247,RACESURV22_W43,POLIDEOLOGY,Moderate,[0.03541206 0.13177265 0.22440908 0.60840621],0.002195305598434641
248,RACESURV22_W43,POLIDEOLOGY,Very conservative,[0.03629414 0.09515965 0.17688114 0.69166507],0.0
249,RACESURV22_W43,POLIDEOLOGY,Very liberal,[0.08150258 0.18792853 0.20121502 0.52935387],0.0018659736980924139
250,ADMISSIONd_W43,POLIDEOLOGY,Conservative,[0.07673807 0.30918295 0.61407898],0.004744477931991817
251,ADMISSIONd_W43,POLIDEOLOGY,Liberal,[0.06442509 0.36266356 0.57291135],0.0010922174910801797
252,ADMISSIONd_W43,POLIDEOLOGY,Moderate,[0.08639816 0.37273449 0.54086735],0.0035915551162126504
253,ADMISSIONd_W43,POLIDEOLOGY,Very conservative,[0.07709713 0.27218148 0.65072139],0.0
254,ADMISSIONd_W43,POLIDEOLOGY,Very liberal,[0.036443   0.33211447 0.63144252],0.0005876297334291184
255,RACESURV53g_W43,POLIDEOLOGY,Conservative,[0.44031285 0.55968715],0.012033043701391308
256,RACESURV53g_W43,POLIDEOLOGY,Liberal,[0.35168203 0.64831797],0.007439617657137197
257,RACESURV53g_W43,POLIDEOLOGY,Moderate,[0.39815222 0.60184778],0.011200933497292495
258,RACESURV53g_W43,POLIDEOLOGY,Very conservative,[0.4612037 0.5387963],0.0048621767948520515
259,RACESURV53g_W43,POLIDEOLOGY,Very liberal,[0.41161062 0.58838938],0.0034179831775045747
260,RACESURV5a_W43,POLIDEOLOGY,Conservative,[0.17075388 0.25581612 0.1249449  0.06824441 0.38024069],0.0086936985786102
261,RACESURV5a_W43,POLIDEOLOGY,Liberal,[0.6142939  0.20240928 0.0278593  0.00975151 0.14568601],0.005163133241573062
262,RACESURV5a_W43,POLIDEOLOGY,Moderate,[0.34658079 0.22896917 0.080967   0.03939514 0.3040879 ],0.008442955215478653
263,RACESURV5a_W43,POLIDEOLOGY,Very conservative,[0.13818829 0.21044203 0.12427649 0.09511064 0.43198255],0.006196868384252805
264,RACESURV5a_W43,POLIDEOLOGY,Very liberal,[0.65071788 0.19828479 0.01759646 0.01932068 0.11408019],0.0
265,RACESURV26_W43,POLIDEOLOGY,Conservative,[0.09645698 0.30015245 0.32658754 0.27680304],0.01122635263397407
266,RACESURV26_W43,POLIDEOLOGY,Liberal,[0.12886616 0.38947618 0.31150359 0.17015407],0.0067546448976155875
267,RACESURV26_W43,POLIDEOLOGY,Moderate,[0.10129109 0.34631794 0.30763252 0.24475846],0.006917694219661694
268,RACESURV26_W43,POLIDEOLOGY,Very conservative,[0.10641367 0.29488142 0.25936777 0.33933714],0.008028739788641671
269,RACESURV26_W43,POLIDEOLOGY,Very liberal,[0.19459384 0.44092139 0.22857871 0.13590606],0.009576474770948645
270,RACESURV16_W43,POLIDEOLOGY,Conservative,[0.33945008 0.66054992],0.010265220057998651
271,RACESURV16_W43,POLIDEOLOGY,Liberal,[0.52074316 0.47925684],0.010311082942603621
272,RACESURV16_W43,POLIDEOLOGY,Moderate,[0.43523223 0.56476777],0.017561040185668335
273,RACESURV16_W43,POLIDEOLOGY,Very conservative,[0.33172383 0.66827617],0.014430676840418152
274,RACESURV16_W43,POLIDEOLOGY,Very liberal,[0.61520577 0.38479423],0.013150620457754475
275,RACESURV47c_W43,POLIDEOLOGY,Conservative,[0.03786814 0.07352858 0.14922675 0.73937653],0.0642284715897406
276,RACESURV47c_W43,POLIDEOLOGY,Liberal,[0.00694779 0.05971476 0.14257849 0.79075896],0.0402190075923305
277,RACESURV47c_W43,POLIDEOLOGY,Moderate,[0.03211921 0.05485074 0.14051641 0.77251364],0.07597245440285955
278,RACESURV47c_W43,POLIDEOLOGY,Very conservative,[0.04640509 0.14286057 0.11024818 0.70048616],0.06681059962899444
279,RACESURV47c_W43,POLIDEOLOGY,Very liberal,[0.00265059 0.05440267 0.15240342 0.79054332],0.06859558235097794
280,RACESURV34e_W43,POLIDEOLOGY,Conservative,[0.21360971 0.36657676 0.03190368 0.01692574 0.3709841 ],0.010706223478050754
281,RACESURV34e_W43,POLIDEOLOGY,Liberal,[0.27123001 0.40470256 0.04559036 0.02580183 0.25267524],0.004463663768687695
282,RACESURV34e_W43,POLIDEOLOGY,Moderate,[0.22461667 0.37627046 0.05364717 0.02026427 0.32520143],0.004741386709840667
283,RACESURV34e_W43,POLIDEOLOGY,Very conservative,[0.20283986 0.33606109 0.03638028 0.03016803 0.39455074],0.003320706443731869
284,RACESURV34e_W43,POLIDEOLOGY,Very liberal,[0.35059092 0.33500284 0.0381952  0.02595811 0.25025293],0.0
285,ADMISSIONh_W43,POLIDEOLOGY,Conservative,[0.1325091  0.21223436 0.65525654],0.0024732202553594124
286,ADMISSIONh_W43,POLIDEOLOGY,Liberal,[0.26777615 0.34077851 0.39144534],0.00023374487383663625
287,ADMISSIONh_W43,POLIDEOLOGY,Moderate,[0.20604649 0.25569585 0.53825766],0.002820834172432972
288,ADMISSIONh_W43,POLIDEOLOGY,Very conservative,[0.12383389 0.15740045 0.71876566],0.0
289,ADMISSIONh_W43,POLIDEOLOGY,Very liberal,[0.26637938 0.43589587 0.29772475],0.0
290,RACESURV18f_W43,POLIDEOLOGY,Conservative,[0.12366732 0.61518126 0.22521968 0.03593174],0.4543790634437619
291,RACESURV18f_W43,POLIDEOLOGY,Liberal,[0.08692498 0.66757723 0.2184332  0.0270646 ],0.4509016068423797
292,RACESURV18f_W43,POLIDEOLOGY,Moderate,[0.10083635 0.6436264  0.22173806 0.0337992 ],0.43743811781397895
293,RACESURV18f_W43,POLIDEOLOGY,Very conservative,[0.1594444  0.5553424  0.19623858 0.08897462],0.4005430720578473
294,RACESURV18f_W43,POLIDEOLOGY,Very liberal,[0.06991054 0.59330456 0.28502013 0.05176477],0.4695541678985498
295,RACESURV13_W43,POLIDEOLOGY,Conservative,[0.24586945 0.39096924 0.24164226 0.12151905],0.0034979595313276773
296,RACESURV13_W43,POLIDEOLOGY,Liberal,[0.17248978 0.53811622 0.26253913 0.02685487],0.003478670980016927
297,RACESURV13_W43,POLIDEOLOGY,Moderate,[0.24083677 0.42600243 0.28183775 0.05132304],0.0
298,RACESURV13_W43,POLIDEOLOGY,Very conservative,[0.21832888 0.41346531 0.2936747  0.07453112],0.0
299,RACESURV13_W43,POLIDEOLOGY,Very liberal,[0.17952444 0.54189125 0.20929579 0.06928852],0.0
300,RACESURV29c_W43,POLIDEOLOGY,Conservative,[0.23352365 0.46078593 0.24253382 0.06315661],0.003462264539716969
301,RACESURV29c_W43,POLIDEOLOGY,Liberal,[0.28230516 0.45513504 0.21466068 0.04789912],0.0018594397325066233
302,RACESURV29c_W43,POLIDEOLOGY,Moderate,[0.291475   0.40816669 0.23734865 0.06300965],0.003703005778534371
303,RACESURV29c_W43,POLIDEOLOGY,Very conservative,[0.26339266 0.41947557 0.21044232 0.10668944],0.0025467955964889014
304,RACESURV29c_W43,POLIDEOLOGY,Very liberal,[0.30370124 0.44634028 0.1787712  0.07118727],0.0
305,RACESURV17_W43,POLIDEOLOGY,Conservative,[0.19338094 0.25595558 0.27010782 0.28055566],0.008142233293769214
306,RACESURV17_W43,POLIDEOLOGY,Liberal,[0.42981355 0.39329617 0.12415079 0.05273949],0.0031031931482948666
307,RACESURV17_W43,POLIDEOLOGY,Moderate,[0.27634645 0.36449172 0.21969356 0.13946828],0.0059125376040074906
308,RACESURV17_W43,POLIDEOLOGY,Very conservative,[0.17826152 0.2248074  0.24609659 0.35083449],0.0193201637187015
309,RACESURV17_W43,POLIDEOLOGY,Very liberal,[0.60211014 0.24506408 0.08613464 0.06669114],0.0052710405488905114
310,RACESURV19f_W43,POLIDEOLOGY,Conservative,[0.62094474 0.27889567 0.10015959],0.010361694442623193
311,RACESURV19f_W43,POLIDEOLOGY,Liberal,[0.49323719 0.36700608 0.13975673],0.0060689134172582865
312,RACESURV19f_W43,POLIDEOLOGY,Moderate,[0.47956133 0.32494777 0.1954909 ],0.00731425662545961
313,RACESURV19f_W43,POLIDEOLOGY,Very conservative,[0.56843534 0.26515855 0.16640611],0.0
314,RACESURV19f_W43,POLIDEOLOGY,Very liberal,[0.42924847 0.3896197  0.18113182],0.008223551895928579
315,RACESURV29a_W43,POLIDEOLOGY,Conservative,[0.76855579 0.18698105 0.03035703 0.01410613],0.0032116168067635783
316,RACESURV29a_W43,POLIDEOLOGY,Liberal,[0.77368703 0.18178534 0.03412051 0.01040711],0.0031809934571718455
317,RACESURV29a_W43,POLIDEOLOGY,Moderate,[0.75206832 0.19042096 0.03878543 0.01872529],0.003522038374745546
318,RACESURV29a_W43,POLIDEOLOGY,Very conservative,[0.77256681 0.17856312 0.0301278  0.01874227],0.009113295359561685
319,RACESURV29a_W43,POLIDEOLOGY,Very liberal,[0.80779658 0.12101452 0.05366515 0.01752374],0.0
320,ADMISSIONf_W43,POLIDEOLOGY,Conservative,[0.52120704 0.39326871 0.08552425],0.00502209192658422
321,ADMISSIONf_W43,POLIDEOLOGY,Liberal,[0.45679008 0.48002857 0.06318134],0.0010580948161467286
322,ADMISSIONf_W43,POLIDEOLOGY,Moderate,[0.46828503 0.42790986 0.10380511],0.003385468456465474
323,ADMISSIONf_W43,POLIDEOLOGY,Very conservative,[0.50590847 0.34873049 0.14536104],0.006872546041970115
324,ADMISSIONf_W43,POLIDEOLOGY,Very liberal,[0.39092006 0.4732445  0.13583544],0.00030954451242085973
325,IDIMPORT_W43,POLIDEOLOGY,Conservative,[0.09910431 0.1228062  0.15688893 0.13401056 0.48718999],0.0054787038171132925
326,IDIMPORT_W43,POLIDEOLOGY,Liberal,[0.16011746 0.14088818 0.20939791 0.22557052 0.26402592],0.003725611005064676
327,IDIMPORT_W43,POLIDEOLOGY,Moderate,[0.14767255 0.15973721 0.18830145 0.1527422  0.35154659],0.007626889288945663
328,IDIMPORT_W43,POLIDEOLOGY,Very conservative,[0.13401542 0.12595024 0.13894491 0.12217181 0.47891763],0.005128022327127344
329,IDIMPORT_W43,POLIDEOLOGY,Very liberal,[0.11132353 0.0998334  0.2722976  0.18441943 0.33212604],0.009066222688742834
330,RACESURV19a_W43,POLIDEOLOGY,Conservative,[0.189463   0.43773009 0.37280691],0.004310880436299269
331,RACESURV19a_W43,POLIDEOLOGY,Liberal,[0.67015845 0.26886856 0.06097299],0.009423978841633518
332,RACESURV19a_W43,POLIDEOLOGY,Moderate,[0.40426948 0.40848422 0.1872463 ],0.00671108605698892
333,RACESURV19a_W43,POLIDEOLOGY,Very conservative,[0.20077327 0.32553537 0.47369137],0.0015414703511201825
334,RACESURV19a_W43,POLIDEOLOGY,Very liberal,[0.76000724 0.1638857  0.07610706],0.00045350107728953825
335,ADMISSIONb_W43,POLIDEOLOGY,Conservative,[0.01676102 0.08583932 0.89739966],0.004023376664817724
336,ADMISSIONb_W43,POLIDEOLOGY,Liberal,[0.03011467 0.19006497 0.77982036],0.0
337,ADMISSIONb_W43,POLIDEOLOGY,Moderate,[0.04433025 0.13316027 0.82250948],0.003470752085445934
338,ADMISSIONb_W43,POLIDEOLOGY,Very conservative,[0.05005843 0.08153875 0.86840282],0.005416995953287399
339,ADMISSIONb_W43,POLIDEOLOGY,Very liberal,[0.05860186 0.23405961 0.70733853],0.0
340,RACESURV21_W43,POLIDEOLOGY,Conservative,[0.03932426 0.09984912 0.14571468 0.71511194],0.002575327402207602
341,RACESURV21_W43,POLIDEOLOGY,Liberal,[0.08266494 0.13346226 0.14494044 0.63893236],0.0013827611229073374
342,RACESURV21_W43,POLIDEOLOGY,Moderate,[0.07060154 0.16423977 0.19766808 0.56749061],0.004019439002183048
343,RACESURV21_W43,POLIDEOLOGY,Very conservative,[0.05290129 0.12829495 0.18897827 0.6298255 ],0.0
344,RACESURV21_W43,POLIDEOLOGY,Very liberal,[0.057946   0.12967608 0.13472491 0.67765302],0.0038860887464050604
345,RACESURV49_W43,POLIDEOLOGY,Conservative,[0.09764512 0.90235488],0.018529356530020122
346,RACESURV49_W43,POLIDEOLOGY,Liberal,[0.40998427 0.59001573],0.01651592060022932
347,RACESURV49_W43,POLIDEOLOGY,Moderate,[0.19800903 0.80199097],0.01474471572306541
348,RACESURV49_W43,POLIDEOLOGY,Very conservative,[0.05063343 0.94936657],0.012252703346031386
349,RACESURV49_W43,POLIDEOLOGY,Very liberal,[0.53691433 0.46308567],0.004117641045363314
350,RACESURV8_W43,POLIDEOLOGY,Conservative,[0.36811621 0.38745449 0.21216858 0.03226072],0.003468303401862845
351,RACESURV8_W43,POLIDEOLOGY,Liberal,[0.36329972 0.36500918 0.21511929 0.05657181],0.0037361407207092585
352,RACESURV8_W43,POLIDEOLOGY,Moderate,[0.33697267 0.37172178 0.23877547 0.05253008],0.003637935176915985
353,RACESURV8_W43,POLIDEOLOGY,Very conservative,[0.47254045 0.31691533 0.15613384 0.05441039],0.0
354,RACESURV8_W43,POLIDEOLOGY,Very liberal,[0.40809456 0.36267989 0.1843907  0.04483485],0.0
355,RACESURV28b_W43,POLIDEOLOGY,Conservative,[0.21598179 0.01797363 0.76604459],0.007537835850583172
356,RACESURV28b_W43,POLIDEOLOGY,Liberal,[0.68117946 0.02044601 0.29837452],0.008162423847913195
357,RACESURV28b_W43,POLIDEOLOGY,Moderate,[0.43106488 0.01945058 0.54948453],0.005940847238452777
358,RACESURV28b_W43,POLIDEOLOGY,Very conservative,[0.159489   0.02139579 0.81911521],0.0060341009660148616
359,RACESURV28b_W43,POLIDEOLOGY,Very liberal,[0.77539546 0.02013386 0.20447068],0.0074249567482041305
360,RACESURV40_W43,POLIDEOLOGY,Conservative,[0.04443037 0.66387621 0.29169342 0.        ],0.11769456784179537
361,RACESURV40_W43,POLIDEOLOGY,Liberal,[0.11252211 0.7967501  0.09072778 0.        ],0.0635790575183117
362,RACESURV40_W43,POLIDEOLOGY,Moderate,[0.08230314 0.73451888 0.18317798 0.        ],0.10102173262016621
363,RACESURV40_W43,POLIDEOLOGY,Very conservative,[0.05716303 0.57351598 0.36932098 0.        ],0.12357700343868416
364,RACESURV40_W43,POLIDEOLOGY,Very liberal,[0.25220395 0.67588205 0.07191399 0.        ],0.06903331069597776
365,RACESURV2_W43,POLIDEOLOGY,Conservative,[0.48995047 0.25987271 0.04713965 0.01298647 0.1900507 ],0.0018126202812975207
366,RACESURV2_W43,POLIDEOLOGY,Liberal,[0.77304258 0.12337037 0.01158146 0.00339031 0.08861528],0.0
367,RACESURV2_W43,POLIDEOLOGY,Moderate,[0.52322107 0.21360924 0.05922958 0.01727476 0.18666535],0.002905913685029693
368,RACESURV2_W43,POLIDEOLOGY,Very conservative,[0.33925747 0.22760608 0.14171636 0.04587959 0.2455405 ],0.0
369,RACESURV2_W43,POLIDEOLOGY,Very liberal,[0.73176336 0.10397347 0.05350793 0.01121048 0.09954476],0.0
370,RACESURV47f_W43,POLIDEOLOGY,Conservative,[0.30908976 0.29732411 0.13548432 0.25810181],0.13223295196495094
371,RACESURV47f_W43,POLIDEOLOGY,Liberal,[0.05999146 0.12201326 0.24392713 0.57406815],0.0829438311683234
372,RACESURV47f_W43,POLIDEOLOGY,Moderate,[0.13288665 0.25092898 0.21065812 0.40552625],0.12103810549874212
373,RACESURV47f_W43,POLIDEOLOGY,Very conservative,[0.36644515 0.25020895 0.1872494  0.19609651],0.144442466699914
374,RACESURV47f_W43,POLIDEOLOGY,Very liberal,[0.04580384 0.10819229 0.12195225 0.72405163],0.03165659418971371
375,RACESURV53d_W43,POLIDEOLOGY,Conservative,[0.23869059 0.76130941],0.010465234386193461
376,RACESURV53d_W43,POLIDEOLOGY,Liberal,[0.21270274 0.78729726],0.008140699983254248
377,RACESURV53d_W43,POLIDEOLOGY,Moderate,[0.25994502 0.74005498],0.00500017995426044
378,RACESURV53d_W43,POLIDEOLOGY,Very conservative,[0.25015702 0.74984298],0.007161805931759529
379,RACESURV53d_W43,POLIDEOLOGY,Very liberal,[0.20918157 0.79081843],0.0006111979285447286
380,RACESURV47e_W43,POLIDEOLOGY,Conservative,[0.44397836 0.3728575  0.09460552 0.08855862],0.09536875976520881
381,RACESURV47e_W43,POLIDEOLOGY,Liberal,[0.18932493 0.38562386 0.23413775 0.19091347],0.08787722901730133
382,RACESURV47e_W43,POLIDEOLOGY,Moderate,[0.2913619  0.40362982 0.16003916 0.14496912],0.1428848813185016
383,RACESURV47e_W43,POLIDEOLOGY,Very conservative,[0.54681866 0.31248379 0.09574889 0.04494866],0.15202664978752334
384,RACESURV47e_W43,POLIDEOLOGY,Very liberal,[0.13032661 0.2917908  0.28026247 0.29762013],0.0900651957409571
385,RACESURV3_W43,POLIDEOLOGY,Conservative,[0.02448841 0.55887973 0.41663186],0.0
386,RACESURV3_W43,POLIDEOLOGY,Liberal,[0.07090734 0.47365618 0.45543648],0.005720947837727709
387,RACESURV3_W43,POLIDEOLOGY,Moderate,[0.04798139 0.49390818 0.45811043],0.002297128701585987
388,RACESURV3_W43,POLIDEOLOGY,Very conservative,[0.05350701 0.42780577 0.51868722],0.010847722880405706
389,RACESURV3_W43,POLIDEOLOGY,Very liberal,[0.13070914 0.44538017 0.42391069],0.0014910625259535444
390,RACESURV19e_W43,POLIDEOLOGY,Conservative,[0.18986575 0.37875359 0.43138066],0.0032389396483466005
391,RACESURV19e_W43,POLIDEOLOGY,Liberal,[0.68434029 0.2107203  0.1049394 ],0.01477465321351041
392,RACESURV19e_W43,POLIDEOLOGY,Moderate,[0.37471357 0.37746712 0.24781931],0.005482176819669896
393,RACESURV19e_W43,POLIDEOLOGY,Very conservative,[0.24039064 0.2368263  0.52278306],0.0032986363493918377
394,RACESURV19e_W43,POLIDEOLOGY,Very liberal,[0.72337691 0.20014458 0.07647851],0.014528909352290476
395,RACESURV15b_W43,POLIDEOLOGY,Conservative,[0.21549603 0.27701752 0.50748645],0.013301273856278304
396,RACESURV15b_W43,POLIDEOLOGY,Liberal,[0.69962212 0.12989975 0.17047813],0.0096429500855083
397,RACESURV15b_W43,POLIDEOLOGY,Moderate,[0.44996787 0.23764459 0.31238754],0.006153014003433414
398,RACESURV15b_W43,POLIDEOLOGY,Very conservative,[0.246259   0.34471009 0.40903092],0.006132067601543924
399,RACESURV15b_W43,POLIDEOLOGY,Very liberal,[0.8241906  0.10926936 0.06654004],0.0
400,RACESURV19d_W43,POLIDEOLOGY,Conservative,[0.56197181 0.26345535 0.17457284],0.004438152917678636
401,RACESURV19d_W43,POLIDEOLOGY,Liberal,[0.36016232 0.40487416 0.23496352],0.005750049698974564
402,RACESURV19d_W43,POLIDEOLOGY,Moderate,[0.39962165 0.38869904 0.21167931],0.0021361309681868423
403,RACESURV19d_W43,POLIDEOLOGY,Very conservative,[0.59261371 0.22456542 0.18282088],0.001870715147711958
404,RACESURV19d_W43,POLIDEOLOGY,Very liberal,[0.32376561 0.39884257 0.27739182],0.005654240081516992
405,RACESURV12_W43,POLIDEOLOGY,Conservative,[0.27310121 0.17976459 0.54713419],0.02326304874206291
406,RACESURV12_W43,POLIDEOLOGY,Liberal,[0.06106342 0.70590634 0.23303024],0.003584465986928571
407,RACESURV12_W43,POLIDEOLOGY,Moderate,[0.12553202 0.42487927 0.44958872],0.013070908072741503
408,RACESURV12_W43,POLIDEOLOGY,Very conservative,[0.36732197 0.15947766 0.47320038],0.0
409,RACESURV12_W43,POLIDEOLOGY,Very liberal,[0.01246549 0.84919185 0.13834266],0.0
410,RACESURV5l_W43,POLIDEOLOGY,Conservative,[0.74955794 0.16383778 0.01888554 0.00621419 0.06150456],0.003057267685878803
411,RACESURV5l_W43,POLIDEOLOGY,Liberal,[0.93372957 0.0284782  0.01193648 0.0076706  0.01818515],0.0003914413965977368
412,RACESURV5l_W43,POLIDEOLOGY,Moderate,[0.7735938  0.11337644 0.01934619 0.02699766 0.0666859 ],0.005216617234781651
413,RACESURV5l_W43,POLIDEOLOGY,Very conservative,[0.68336992 0.16133147 0.02585442 0.0423166  0.08712758],0.009908782474683261
414,RACESURV5l_W43,POLIDEOLOGY,Very liberal,[0.93189499 0.01863447 0.00240079 0.01758936 0.02948039],0.0
415,RACESURV25_W43,POLIDEOLOGY,Conservative,[0.09414623 0.31527214 0.32817906 0.26240257],0.010659138760106
416,RACESURV25_W43,POLIDEOLOGY,Liberal,[0.15154487 0.37636007 0.30313726 0.1689578 ],0.0068634030224571695
417,RACESURV25_W43,POLIDEOLOGY,Moderate,[0.13334938 0.3391648  0.29386851 0.23361732],0.007176296712067075
418,RACESURV25_W43,POLIDEOLOGY,Very conservative,[0.12626018 0.27684004 0.25282418 0.3440756 ],0.008028739788641671
419,RACESURV25_W43,POLIDEOLOGY,Very liberal,[0.18189502 0.42947039 0.25969519 0.1289394 ],0.008814012413415614
420,RACESURV53a_W43,POLIDEOLOGY,Conservative,[0.10830884 0.89169116],0.009918251909808176
421,RACESURV53a_W43,POLIDEOLOGY,Liberal,[0.13409523 0.86590477],0.005443956463416028
422,RACESURV53a_W43,POLIDEOLOGY,Moderate,[0.16832516 0.83167484],0.005603973777814843
423,RACESURV53a_W43,POLIDEOLOGY,Very conservative,[0.12528235 0.87471765],0.006165285945366596
424,RACESURV53a_W43,POLIDEOLOGY,Very liberal,[0.12586465 0.87413535],0.00022845072868372173
425,RACESURV15a_W43,POLIDEOLOGY,Conservative,[0.45156859 0.06684544 0.48158597],0.007880425624495896
426,RACESURV15a_W43,POLIDEOLOGY,Liberal,[0.86230054 0.03901792 0.09868154],0.0009193360555959148
427,RACESURV15a_W43,POLIDEOLOGY,Moderate,[0.65555367 0.04116196 0.30328438],0.008657887389648785
428,RACESURV15a_W43,POLIDEOLOGY,Very conservative,[0.42973118 0.09002989 0.48023893],0.027322354198202024
429,RACESURV15a_W43,POLIDEOLOGY,Very liberal,[0.8054872  0.01949939 0.17501341],0.0
430,RACESURV18b_W43,POLIDEOLOGY,Conservative,[0.08574366 0.50358677 0.33459927 0.0760703 ],0.30624209074047776
431,RACESURV18b_W43,POLIDEOLOGY,Liberal,[0.1027975  0.61139582 0.25403611 0.03177057],0.29137559520266976
432,RACESURV18b_W43,POLIDEOLOGY,Moderate,[0.10561557 0.55668254 0.28927985 0.04842205],0.2800138795040507
433,RACESURV18b_W43,POLIDEOLOGY,Very conservative,[0.13806913 0.47308344 0.27680613 0.1120413 ],0.270148036872009
434,RACESURV18b_W43,POLIDEOLOGY,Very liberal,[0.07421051 0.50316624 0.3645536  0.05806965],0.3043756298135611
435,RACESURV18c_W43,POLIDEOLOGY,Conservative,[0.06555492 0.57781131 0.29036706 0.06626671],0.07328740021778153
436,RACESURV18c_W43,POLIDEOLOGY,Liberal,[0.01839632 0.40443417 0.47640847 0.10076104],0.05391399851603077
437,RACESURV18c_W43,POLIDEOLOGY,Moderate,[0.04847455 0.48479238 0.39490957 0.0718235 ],0.09111409521090344
438,RACESURV18c_W43,POLIDEOLOGY,Very conservative,[0.10510077 0.56837885 0.25247331 0.07404707],0.08860020801452896
439,RACESURV18c_W43,POLIDEOLOGY,Very liberal,[0.03178729 0.25828453 0.52045226 0.18947592],0.05227033031190715
440,RACESURV53f_W43,POLIDEOLOGY,Conservative,[0.42857828 0.57142172],0.013643800373879873
441,RACESURV53f_W43,POLIDEOLOGY,Liberal,[0.33684513 0.66315487],0.00561601234519576
442,RACESURV53f_W43,POLIDEOLOGY,Moderate,[0.40252301 0.59747699],0.004869177642197385
443,RACESURV53f_W43,POLIDEOLOGY,Very conservative,[0.39281049 0.60718951],0.003320706443731869
444,RACESURV53f_W43,POLIDEOLOGY,Very liberal,[0.32077894 0.67922106],0.00045149614739819506
445,RACESURV11_W43,POLIDEOLOGY,Conservative,[0.20892583 0.46920152 0.32187264],0.0020905636608170033
446,RACESURV11_W43,POLIDEOLOGY,Liberal,[0.19879468 0.57207808 0.22912724],0.0004285711014904147
447,RACESURV11_W43,POLIDEOLOGY,Moderate,[0.18216938 0.50934026 0.30849036],0.0
448,RACESURV11_W43,POLIDEOLOGY,Very conservative,[0.1442906  0.55986978 0.29583962],0.0009482239742793082
449,RACESURV11_W43,POLIDEOLOGY,Very liberal,[0.14643729 0.56361747 0.28994524],0.0008935607180056
450,RACESURV53c_W43,POLIDEOLOGY,Conservative,[0.29437908 0.70562092],0.013020516545146927
451,RACESURV53c_W43,POLIDEOLOGY,Liberal,[0.30563036 0.69436964],0.008254022119696829
452,RACESURV53c_W43,POLIDEOLOGY,Moderate,[0.40120639 0.59879361],0.008083827297859641
453,RACESURV53c_W43,POLIDEOLOGY,Very conservative,[0.36041437 0.63958563],0.00375947830082268
454,RACESURV53c_W43,POLIDEOLOGY,Very liberal,[0.22366913 0.77633087],0.0
455,RACESURV5g_W43,POLIDEOLOGY,Conservative,[0.03964726 0.07161758 0.32487024 0.21781841 0.34604651],0.013127391839574608
456,RACESURV5g_W43,POLIDEOLOGY,Liberal,[0.00728259 0.02009964 0.3468991  0.49388162 0.13183704],0.010838231157299217
457,RACESURV5g_W43,POLIDEOLOGY,Moderate,[0.02769042 0.04452827 0.38439344 0.28761268 0.2557752 ],0.006100220857990056
458,RACESURV5g_W43,POLIDEOLOGY,Very conservative,[0.1371812  0.09159979 0.25571567 0.16500454 0.3504988 ],0.0043521191958547
459,RACESURV5g_W43,POLIDEOLOGY,Very liberal,[0.03102558 0.02575217 0.25990282 0.52015494 0.16316448],0.0021152981338706917
460,RACESURV24_W43,POLIDEOLOGY,Conservative,[0.20749508 0.36093046 0.22416142 0.20741304],0.010659138760106
461,RACESURV24_W43,POLIDEOLOGY,Liberal,[0.25595539 0.41016783 0.18603253 0.14784425],0.007308230708165547
462,RACESURV24_W43,POLIDEOLOGY,Moderate,[0.19706893 0.357649   0.23911915 0.20616291],0.00663701693220942
463,RACESURV24_W43,POLIDEOLOGY,Very conservative,[0.20732374 0.35215991 0.16307674 0.27743961],0.003993385344805399
464,RACESURV24_W43,POLIDEOLOGY,Very liberal,[0.33910766 0.35870837 0.168233   0.13395097],0.004209955959601987
465,RACESURV5k_W43,POLIDEOLOGY,Conservative,[0.02854803 0.04403242 0.28957847 0.54490685 0.09293423],0.0
466,RACESURV5k_W43,POLIDEOLOGY,Liberal,[0.00383795 0.01053732 0.11958282 0.83786103 0.02818089],0.0015843964436842164
467,RACESURV5k_W43,POLIDEOLOGY,Moderate,[0.02059126 0.02365169 0.21698646 0.6657971  0.07297348],0.003790202332099085
468,RACESURV5k_W43,POLIDEOLOGY,Very conservative,[0.02468823 0.01182122 0.25738604 0.55168527 0.15441923],0.00990878247468326
469,RACESURV5k_W43,POLIDEOLOGY,Very liberal,[0.01360085 0.01272441 0.04195089 0.89516017 0.03656367],0.0
470,RACESURV36_W43,POLIDEOLOGY,Conservative,[0.06111004 0.29994936 0.45258832 0.18635227],0.0037381054658622223
471,RACESURV36_W43,POLIDEOLOGY,Liberal,[0.13359543 0.41985095 0.3502386  0.09631503],0.003885531549525075
472,RACESURV36_W43,POLIDEOLOGY,Moderate,[0.10544313 0.38893212 0.3806572  0.12496755],0.002783362333157236
473,RACESURV36_W43,POLIDEOLOGY,Very conservative,[0.06739492 0.26815685 0.42705318 0.23739504],0.006618229908277931
474,RACESURV36_W43,POLIDEOLOGY,Very liberal,[0.1596598  0.41932828 0.2880313  0.13298063],0.0011638244527863862
475,RACESURV5j_W43,POLIDEOLOGY,Conservative,[0.10985484 0.22246955 0.3279095  0.04389571 0.29587041],0.004985522548949013
476,RACESURV5j_W43,POLIDEOLOGY,Liberal,[0.02576796 0.08212434 0.62185398 0.14086853 0.12938519],0.0015843964436842162
477,RACESURV5j_W43,POLIDEOLOGY,Moderate,[0.0703157  0.15630663 0.41688419 0.08418555 0.27230792],0.005492130243539199
478,RACESURV5j_W43,POLIDEOLOGY,Very conservative,[0.19622887 0.17418518 0.18476123 0.06305157 0.38177315],0.01747632572037973
479,RACESURV5j_W43,POLIDEOLOGY,Very liberal,[0.05696559 0.04415048 0.54675509 0.23486565 0.11726319],0.0
480,RACESURV18e_W43,POLIDEOLOGY,Conservative,[0.09681003 0.54430846 0.30946398 0.04941753],0.4069953416229016
481,RACESURV18e_W43,POLIDEOLOGY,Liberal,[0.06858302 0.58537442 0.30957944 0.03646311],0.3755011993464904
482,RACESURV18e_W43,POLIDEOLOGY,Moderate,[0.07920704 0.54573068 0.30590835 0.06915393],0.38099728835556945
483,RACESURV18e_W43,POLIDEOLOGY,Very conservative,[0.14247878 0.50185967 0.29297299 0.06268855],0.38548676804373616
484,RACESURV18e_W43,POLIDEOLOGY,Very liberal,[0.04543698 0.48117962 0.38116402 0.09221939],0.3732489251478806
485,RACESURV5c_W43,POLIDEOLOGY,Conservative,[0.09167549 0.14623514 0.31356813 0.06702561 0.38149563],0.007025084906096616
486,RACESURV5c_W43,POLIDEOLOGY,Liberal,[0.02173784 0.06356893 0.48910958 0.26619568 0.15938798],0.008359081108497772
487,RACESURV5c_W43,POLIDEOLOGY,Moderate,[0.05820674 0.10741409 0.37114592 0.15284362 0.31038961],0.007655592058511254
488,RACESURV5c_W43,POLIDEOLOGY,Very conservative,[0.11351534 0.19898329 0.17830412 0.07803155 0.4311657 ],0.005913585676710515
489,RACESURV5c_W43,POLIDEOLOGY,Very liberal,[0.04650885 0.0511404  0.39552436 0.3672105  0.13961588],0.0021035995981816603
490,RACESURV44_W43,POLIDEOLOGY,Conservative,[0.1850869  0.67491116 0.14000193 0.        ],0.11619423382031535
491,RACESURV44_W43,POLIDEOLOGY,Liberal,[0.12575902 0.718171   0.15606998 0.        ],0.12892038298941813
492,RACESURV44_W43,POLIDEOLOGY,Moderate,[0.13861854 0.7047275  0.15665397 0.        ],0.11441333853281477
493,RACESURV44_W43,POLIDEOLOGY,Very conservative,[0.25043521 0.59070481 0.15885998 0.        ],0.14520928069087802
494,RACESURV44_W43,POLIDEOLOGY,Very liberal,[0.11296723 0.61658166 0.27045111 0.        ],0.14364637044625322
495,RACESURV38_W43,POLIDEOLOGY,Conservative,[0.0482198  0.27660406 0.35548213 0.31969401],0.008480100801139135
496,RACESURV38_W43,POLIDEOLOGY,Liberal,[0.07719945 0.33842088 0.39232062 0.19205905],0.005571197285150849
497,RACESURV38_W43,POLIDEOLOGY,Moderate,[0.06292294 0.29442842 0.37348065 0.26916798],0.004211566795122881
498,RACESURV38_W43,POLIDEOLOGY,Very conservative,[0.08600419 0.24710587 0.32882628 0.33806367],0.0038061011059046254
499,RACESURV38_W43,POLIDEOLOGY,Very liberal,[0.07682736 0.25774794 0.4241839  0.2412408 ],0.004627984822226035
500,RACESURV34b_W43,POLIDEOLOGY,Conservative,[0.08871816 0.21462995 0.16287144 0.03346859 0.50031187],0.005143853157684319
501,RACESURV34b_W43,POLIDEOLOGY,Liberal,[0.16501733 0.22230868 0.26572142 0.08101066 0.26594191],0.00758456232405019
502,RACESURV34b_W43,POLIDEOLOGY,Moderate,[0.12237355 0.22660275 0.21341368 0.04784498 0.38976504],0.0023236195077889076
503,RACESURV34b_W43,POLIDEOLOGY,Very conservative,[0.13701638 0.19213636 0.12765364 0.04516873 0.4980249 ],0.004445536305481056
504,RACESURV34b_W43,POLIDEOLOGY,Very liberal,[0.21331327 0.19605789 0.26241605 0.0800136  0.24819918],0.009393962690816876
505,RACESURV20_W43,POLIDEOLOGY,Conservative,[0.04656095 0.35388855 0.5995505 ],0.004871780001897744
506,RACESURV20_W43,POLIDEOLOGY,Liberal,[0.04911978 0.34065318 0.61022703],0.00191961125294266
507,RACESURV20_W43,POLIDEOLOGY,Moderate,[0.05403084 0.42346146 0.5225077 ],0.0032948168880986466
508,RACESURV20_W43,POLIDEOLOGY,Very conservative,[0.07245286 0.32710197 0.60044517],0.0015414703511201823
509,RACESURV20_W43,POLIDEOLOGY,Very liberal,[0.05334591 0.3292569  0.6173972 ],0.0006950519197393187
0,RACESURV1c_W43,RACE,Asian,[0.38459564 0.16826359 0.44714077],0.0004092797796102663
1,RACESURV1c_W43,RACE,Black,[0.3140391  0.16134181 0.52461908],0.004176013947967542
2,RACESURV1c_W43,RACE,Hispanic,[0.34486255 0.169632   0.48550545],0.004680071715380884
3,RACESURV1c_W43,RACE,Other,[0.35325167 0.20107003 0.4456783 ],0.0
4,RACESURV1c_W43,RACE,White,[0.2659676  0.18863975 0.54539265],0.0015172681922280364
5,RACESURV28g_W43,RACE,Asian,[0.4220242  0.01866695 0.55930885],0.008307970673638001
6,RACESURV28g_W43,RACE,Black,[0.60643195 0.02009159 0.37347647],0.01971186561032052
7,RACESURV28g_W43,RACE,Hispanic,[0.39303872 0.03914603 0.56781525],0.026146519890754876
8,RACESURV28g_W43,RACE,Other,[0.35341293 0.01304462 0.63354246],0.007102875024059583
9,RACESURV28g_W43,RACE,White,[0.26451176 0.02553986 0.70994838],0.009657561335255083
10,RACESURV4_W43,RACE,Asian,[0.704869   0.12630456 0.16882644],0.019067148625075657
11,RACESURV4_W43,RACE,Black,[0.59343018 0.09525214 0.31131767],0.015143822485334083
12,RACESURV4_W43,RACE,Hispanic,[0.69933961 0.08146407 0.21919632],0.005728797121219411
13,RACESURV4_W43,RACE,Other,[0.58692561 0.11927646 0.29379792],0.0
14,RACESURV4_W43,RACE,White,[0.64075343 0.14090309 0.21834348],0.004162825162463982
15,RACESURV48_W43,RACE,Asian,[0.65047089 0.25106695 0.05396915 0.04449301],0.0
16,RACESURV48_W43,RACE,Black,[0.69315715 0.14154527 0.06960376 0.09569381],0.031538068752938526
17,RACESURV48_W43,RACE,Hispanic,[0.53723509 0.23566966 0.08973154 0.13736371],0.02705573533575638
18,RACESURV48_W43,RACE,Other,[0.46082518 0.12448293 0.22223963 0.19245226],0.0
19,RACESURV48_W43,RACE,White,[0.43684885 0.30160525 0.13215528 0.12939062],0.010845602865712367
20,RACESURV1b_W43,RACE,Asian,[0.2294387  0.35268554 0.41787576],0.010894274555230975
21,RACESURV1b_W43,RACE,Black,[0.27052279 0.33451851 0.3949587 ],0.002715355847437999
22,RACESURV1b_W43,RACE,Hispanic,[0.37391116 0.25642524 0.36966361],0.015924285917174354
23,RACESURV1b_W43,RACE,Other,[0.26962512 0.23979198 0.4905829 ],0.0
24,RACESURV1b_W43,RACE,White,[0.31178031 0.25790946 0.43031023],0.0042402805523021935
25,RACESURV34d_W43,RACE,Asian,[0.61463626 0.19409639 0.06652359 0.03142439 0.09331938],0.002026636924260655
26,RACESURV34d_W43,RACE,Black,[0.48579361 0.25146394 0.0659824  0.03302978 0.16373027],0.016558208337434963
27,RACESURV34d_W43,RACE,Hispanic,[0.5275969  0.21159635 0.04090113 0.04032581 0.17957981],0.024802719240389813
28,RACESURV34d_W43,RACE,Other,[0.56652566 0.21279603 0.03676453 0.0387854  0.14512839],0.009442130906061169
29,RACESURV34d_W43,RACE,White,[0.68380031 0.16008293 0.02444674 0.01248556 0.11918446],0.001260384952953798
30,RACESURV29d_W43,RACE,Asian,[0.47823362 0.33632725 0.12146383 0.06397529],0.0
31,RACESURV29d_W43,RACE,Black,[0.10592849 0.32163591 0.39297784 0.17945776],0.01682631010620572
32,RACESURV29d_W43,RACE,Hispanic,[0.11341356 0.31235378 0.38990098 0.18433168],0.014140647739250344
33,RACESURV29d_W43,RACE,Other,[0.22866325 0.35758632 0.28172236 0.13202807],0.009287230668159278
34,RACESURV29d_W43,RACE,White,[0.11110944 0.38447264 0.39150418 0.11291375],0.0030971125442897374
35,RACESURV28f_W43,RACE,Asian,[0.41907128 0.03194032 0.5489884 ],0.03757857421351677
36,RACESURV28f_W43,RACE,Black,[0.58958714 0.02380522 0.38660764],0.022186236048433255
37,RACESURV28f_W43,RACE,Hispanic,[0.36358353 0.03792199 0.59849448],0.02717795860785297
38,RACESURV28f_W43,RACE,Other,[0.40827631 0.04857531 0.54314838],0.026312661945635384
39,RACESURV28f_W43,RACE,White,[0.30651723 0.03548011 0.65800266],0.006597272865309878
40,RACESURV5d_W43,RACE,Asian,[0.12135436 0.29119409 0.23864453 0.10098652 0.24782051],0.00873677091666934
41,RACESURV5d_W43,RACE,Black,[0.13968968 0.25291996 0.15834085 0.04738905 0.40166047],0.01620572997378158
42,RACESURV5d_W43,RACE,Hispanic,[0.09186942 0.23864407 0.15560836 0.04207035 0.4718078 ],0.01888962319901823
43,RACESURV5d_W43,RACE,Other,[0.06034574 0.23782166 0.2425691  0.04844499 0.41081851],0.038300986599233075
44,RACESURV5d_W43,RACE,White,[0.06707176 0.27102849 0.18354333 0.02416979 0.45418664],0.00611202136087612
45,RACESURV28a_W43,RACE,Asian,[0.62462971 0.03641321 0.33895707],0.0069496984119754674
46,RACESURV28a_W43,RACE,Black,[0.83753776 0.02413419 0.13832805],0.017465254634891562
47,RACESURV28a_W43,RACE,Hispanic,[0.58008956 0.05025278 0.36965767],0.029003795853438888
48,RACESURV28a_W43,RACE,Other,[0.55797816 0.08275756 0.35926428],0.016203361156659008
49,RACESURV28a_W43,RACE,White,[0.44283003 0.07653174 0.48063823],0.011789295014374599
50,RACESURV10_W43,RACE,Asian,[0.50568201 0.49431799],0.00473138407118555
51,RACESURV10_W43,RACE,Black,[0.27913922 0.72086078],0.017186177462636603
52,RACESURV10_W43,RACE,Hispanic,[0.38303079 0.61696921],0.03364548260144417
53,RACESURV10_W43,RACE,Other,[0.40210213 0.59789787],0.0
54,RACESURV10_W43,RACE,White,[0.43890194 0.56109806],0.007734086994448511
55,RACATTN_W43,RACE,Asian,[0.35749316 0.39606677 0.24644007],0.0030161085879061625
56,RACATTN_W43,RACE,Black,[0.11997007 0.6832792  0.19675073],0.015204433284556711
57,RACATTN_W43,RACE,Hispanic,[0.27912409 0.51225117 0.20862474],0.018073250015299122
58,RACATTN_W43,RACE,Other,[0.38237727 0.45782978 0.15979295],0.0341532751307628
59,RACATTN_W43,RACE,White,[0.50558509 0.28038918 0.21402573],0.008167610775239675
60,RACESURV50_W43,RACE,Asian,[0.49801121 0.50198879],0.020729117648123564
61,RACESURV50_W43,RACE,Black,[0.71166229 0.28833771],0.04029028463011526
62,RACESURV50_W43,RACE,Hispanic,[0.5118811 0.4881189],0.046815578988784495
63,RACESURV50_W43,RACE,Other,[0.47940669 0.52059331],0.06494975041188152
64,RACESURV50_W43,RACE,White,[0.36264223 0.63735777],0.027728591426293497
65,RACESURV28d_W43,RACE,Asian,[0.76585212 0.02249446 0.21165342],0.005282115706715158
66,RACESURV28d_W43,RACE,Black,[0.85790247 0.01605718 0.12604035],0.022376541654589188
67,RACESURV28d_W43,RACE,Hispanic,[0.6681903  0.04526663 0.28654307],0.021810203456629092
68,RACESURV28d_W43,RACE,Other,[0.68115441 0.03789315 0.28095245],0.014199112372191193
69,RACESURV28d_W43,RACE,White,[0.63546567 0.02324673 0.3412876 ],0.004273871292049726
70,RACESURV28e_W43,RACE,Asian,[0.71636079 0.03689512 0.24674409],0.0014226513669901208
71,RACESURV28e_W43,RACE,Black,[0.87836809 0.02801468 0.09361723],0.01345851314502021
72,RACESURV28e_W43,RACE,Hispanic,[0.6588524  0.03772009 0.30342751],0.02772049526850676
73,RACESURV28e_W43,RACE,Other,[0.6079937  0.01551268 0.37649361],0.04842580496947015
74,RACESURV28e_W43,RACE,White,[0.61412394 0.03536762 0.35050844],0.010644473167787107
75,ADMISSIONe_W43,RACE,Asian,[0.37103186 0.48598868 0.14297946],0.004580876718325009
76,ADMISSIONe_W43,RACE,Black,[0.20166384 0.400536   0.39780016],0.002283982285392274
77,ADMISSIONe_W43,RACE,Hispanic,[0.25171442 0.4404677  0.30781787],0.013522192573923482
78,ADMISSIONe_W43,RACE,Other,[0.24862958 0.37090642 0.380464  ],0.0
79,ADMISSIONe_W43,RACE,White,[0.19311373 0.51987966 0.28700661],0.0029802179019316104
80,RACESURV53b_W43,RACE,Asian,[0.34290968 0.65709032],0.0222862618036443
81,RACESURV53b_W43,RACE,Black,[0.67151565 0.32848435],0.024658707378439965
82,RACESURV53b_W43,RACE,Hispanic,[0.37839165 0.62160835],0.02511169196525941
83,RACESURV53b_W43,RACE,Other,[0.55416453 0.44583547],0.007102875024059583
84,RACESURV53b_W43,RACE,White,[0.25481937 0.74518063],0.007679199914439129
85,RACESURV37_W43,RACE,Asian,[0.42960743 0.57039257],0.007310372699045365
86,RACESURV37_W43,RACE,Black,[0.59454831 0.40545169],0.012432440684270329
87,RACESURV37_W43,RACE,Hispanic,[0.50859306 0.49140694],0.013797428946571218
88,RACESURV37_W43,RACE,Other,[0.62108773 0.37891227],0.0027548992503464566
89,RACESURV37_W43,RACE,White,[0.64537608 0.35462392],0.005377339205407892
90,RACESURV45_W43,RACE,Asian,[0.05681937 0.35981154 0.58336909 0.        ],0.25523916525029544
91,RACESURV45_W43,RACE,Black,[0.09315105 0.49655493 0.41029401 0.        ],0.2126679990175331
92,RACESURV45_W43,RACE,Hispanic,[0.09422296 0.36611893 0.53965811 0.        ],0.3400821141535204
93,RACESURV45_W43,RACE,Other,[0.08921069 0.40553973 0.50524958 0.        ],0.22633944891814747
94,RACESURV45_W43,RACE,White,[0.03315221 0.38169853 0.58514925 0.        ],0.26509291161276743
95,RACESURV5h_W43,RACE,Asian,[0.2048758  0.11962464 0.13590102 0.03907541 0.50052313],0.023371421464433693
96,RACESURV5h_W43,RACE,Black,[0.15781578 0.17430071 0.08242922 0.02266834 0.56278595],0.005542330843700612
97,RACESURV5h_W43,RACE,Hispanic,[0.11190518 0.22276265 0.04832606 0.05858877 0.55841734],0.022195098221692803
98,RACESURV5h_W43,RACE,Other,[0.12600715 0.2109309  0.06667995 0.08487967 0.51150233],0.02440485387249717
99,RACESURV5h_W43,RACE,White,[0.09218664 0.19833161 0.11800193 0.05522601 0.53625381],0.0049864615598575026
100,ADMISSIONc_W43,RACE,Asian,[0.15771607 0.31168587 0.53059806],0.0
101,ADMISSIONc_W43,RACE,Black,[0.13219788 0.25626786 0.61153426],0.004008863824391226
102,ADMISSIONc_W43,RACE,Hispanic,[0.18537248 0.22240537 0.59222215],0.014377098223085737
103,ADMISSIONc_W43,RACE,Other,[0.04224004 0.22779368 0.72996628],0.0
104,ADMISSIONc_W43,RACE,White,[0.03517225 0.23637705 0.7284507 ],0.0029830973134084547
105,RACESURV1d_W43,RACE,Asian,[0.23415963 0.35973963 0.40610073],0.008159239840804806
106,RACESURV1d_W43,RACE,Black,[0.2491287  0.41934994 0.33152136],0.004025820610117352
107,RACESURV1d_W43,RACE,Hispanic,[0.28630559 0.35188063 0.36181378],0.00390071582785634
108,RACESURV1d_W43,RACE,Other,[0.18932227 0.39002509 0.42065264],0.006857696526177946
109,RACESURV1d_W43,RACE,White,[0.28475759 0.38491187 0.33033054],0.0011190651372879259
110,RACESURV5f_W43,RACE,Asian,[0.18446181 0.21633213 0.11168882 0.02874672 0.45877051],0.0077223609192439615
111,RACESURV5f_W43,RACE,Black,[0.19000627 0.14971945 0.15007114 0.04878013 0.461423  ],0.017978685906257615
112,RACESURV5f_W43,RACE,Hispanic,[0.09758848 0.16986447 0.14121131 0.07001136 0.52132438],0.022120092659964865
113,RACESURV5f_W43,RACE,Other,[0.05587082 0.16357424 0.23380939 0.03990461 0.50684093],0.06636043921470719
114,RACESURV5f_W43,RACE,White,[0.05436241 0.1477271  0.17287162 0.0334463  0.59159257],0.004992323971137413
115,RACESURV19c_W43,RACE,Asian,[0.58424074 0.20199126 0.213768  ],0.0
116,RACESURV19c_W43,RACE,Black,[0.59766572 0.21196451 0.19036977],0.01528566087554125
117,RACESURV19c_W43,RACE,Hispanic,[0.49731033 0.26148512 0.24120455],0.01865184774496952
118,RACESURV19c_W43,RACE,Other,[0.45222826 0.27615727 0.27161447],0.014199112372191191
119,RACESURV19c_W43,RACE,White,[0.45165185 0.29447283 0.25387532],0.003517403929569549
120,RACESURV29b_W43,RACE,Asian,[0.14755221 0.53491879 0.24668034 0.07084866],0.001055272269468427
121,RACESURV29b_W43,RACE,Black,[0.68397123 0.22198071 0.04343335 0.05061471],0.011990917869971906
122,RACESURV29b_W43,RACE,Hispanic,[0.20141314 0.4054523  0.29783074 0.09530382],0.016455854330100522
123,RACESURV29b_W43,RACE,Other,[0.35006108 0.32502824 0.267036   0.05787468],0.007102875024059583
124,RACESURV29b_W43,RACE,White,[0.24760298 0.46394443 0.24537344 0.04307915],0.0020064201886584175
125,RACESURV47a_W43,RACE,Asian,[0.09809841 0.2893805  0.22466294 0.38785814],0.21154807873521744
126,RACESURV47a_W43,RACE,Black,[0.14094032 0.22870897 0.18270258 0.44764813],0.32005312152925264
127,RACESURV47a_W43,RACE,Hispanic,[0.24968533 0.30057354 0.16217339 0.28756774],0.30301475669230943
128,RACESURV47a_W43,RACE,Other,[0.09600914 0.26650823 0.11208759 0.52539504],0.19334206635312534
129,RACESURV47a_W43,RACE,White,[0.33672266 0.31630129 0.1362043  0.21077175],0.15994624419770817
130,RACESURV27_W43,RACE,Asian,[0.28175811 0.38344283 0.22327831 0.11152075],0.0008358914003087222
131,RACESURV27_W43,RACE,Black,[0.08943087 0.25853532 0.30957628 0.34245753],0.02054148841446209
132,RACESURV27_W43,RACE,Hispanic,[0.06738739 0.23261352 0.34927279 0.3507263 ],0.024763812705470595
133,RACESURV27_W43,RACE,Other,[0.13054551 0.30886074 0.21661486 0.3439789 ],0.0092807723000061
134,RACESURV27_W43,RACE,White,[0.04999467 0.25953271 0.37460021 0.31587242],0.012790566737352762
135,RACESURV5b_W43,RACE,Asian,[0.11036559 0.0763006  0.32023848 0.32665554 0.16643979],0.00763374579248021
136,RACESURV5b_W43,RACE,Black,[0.05260524 0.04303383 0.25814573 0.42419912 0.22201609],0.008405161943982109
137,RACESURV5b_W43,RACE,Hispanic,[0.04929594 0.09813491 0.26594361 0.24030128 0.34632426],0.020886725042660686
138,RACESURV5b_W43,RACE,Other,[0.09254137 0.05352462 0.28783798 0.24974294 0.3163531 ],0.0
139,RACESURV5b_W43,RACE,White,[0.08008404 0.11758243 0.3285631  0.22209599 0.25167444],0.006476008230984969
140,RACESURV18a_W43,RACE,Asian,[0.06943925 0.49514157 0.38491266 0.05050653],0.10884353400191685
141,RACESURV18a_W43,RACE,Black,[0.08687895 0.34157333 0.41685053 0.15469718],0.24685179183455636
142,RACESURV18a_W43,RACE,Hispanic,[0.12783317 0.41648126 0.36286594 0.09281963],0.11661096093637148
143,RACESURV18a_W43,RACE,Other,[0.0418955  0.46249973 0.36738241 0.12822235],0.12058482449731915
144,RACESURV18a_W43,RACE,White,[0.07717528 0.62490946 0.26309849 0.03481677],0.1111119315841597
145,RACESURV28c_W43,RACE,Asian,[0.5839099  0.02742445 0.38866564],0.008135422983890634
146,RACESURV28c_W43,RACE,Black,[0.7543467  0.01942828 0.22622502],0.022610343982501887
147,RACESURV28c_W43,RACE,Hispanic,[0.47898368 0.03962519 0.48139113],0.041720432614941474
148,RACESURV28c_W43,RACE,Other,[0.51466712 0.00514326 0.48018962],0.049143048453312126
149,RACESURV28c_W43,RACE,White,[0.38534622 0.03359852 0.58105526],0.016634232708879045
150,RACESURV18d_W43,RACE,Asian,[0.23471478 0.62084756 0.12753587 0.01690179],0.09662135663399295
151,RACESURV18d_W43,RACE,Black,[0.16927999 0.58293946 0.18535067 0.06242988],0.30882604127462354
152,RACESURV18d_W43,RACE,Hispanic,[0.20353553 0.57389249 0.18746165 0.03511034],0.21621198546786713
153,RACESURV18d_W43,RACE,Other,[0.18987063 0.5787195  0.18476601 0.04664386],0.11991410069689017
154,RACESURV18d_W43,RACE,White,[0.19178176 0.73300259 0.06464272 0.01057293],0.1318497714938957
155,RACESURV51_W43,RACE,Asian,[0.3095427  0.13617526 0.55428204],0.01170128800366618
156,RACESURV51_W43,RACE,Black,[0.31147061 0.077333   0.61119639],0.016498342542795634
157,RACESURV51_W43,RACE,Hispanic,[0.26861791 0.11133843 0.62004366],0.03191758631166253
158,RACESURV51_W43,RACE,Other,[0.24723497 0.08669632 0.66606871],0.00966010392653355
159,RACESURV51_W43,RACE,White,[0.22429602 0.07325191 0.70245207],0.014633801960157984
160,RACESURV47b_W43,RACE,Asian,[0.15492234 0.24952839 0.16399015 0.43155912],0.08224369132783506
161,RACESURV47b_W43,RACE,Black,[0.15692563 0.25114922 0.14733725 0.44458791],0.15140655545343373
162,RACESURV47b_W43,RACE,Hispanic,[0.22329456 0.24879549 0.16135128 0.36655867],0.24570449492261542
163,RACESURV47b_W43,RACE,Other,[0.19946431 0.24218726 0.14154027 0.41680816],0.18586218980979935
164,RACESURV47b_W43,RACE,White,[0.1327429  0.23223246 0.17754567 0.45747897],0.1199962018335952
165,RACESURV19b_W43,RACE,Asian,[0.31584287 0.35760872 0.32654841],0.0
166,RACESURV19b_W43,RACE,Black,[0.24821478 0.28666822 0.465117  ],0.015657618587804227
167,RACESURV19b_W43,RACE,Hispanic,[0.37801074 0.28164438 0.34034488],0.02602469900183494
168,RACESURV19b_W43,RACE,Other,[0.27535397 0.23435252 0.49029351],0.007102875024059583
169,RACESURV19b_W43,RACE,White,[0.30471977 0.27547209 0.41980815],0.008264347143643946
170,RACESURV14_W43,RACE,Asian,[0.10178607 0.13353115 0.09799065 0.66669214],0.028842645711521172
171,RACESURV14_W43,RACE,Black,[0.02097927 0.09054249 0.13706985 0.75140839],0.02916925975559219
172,RACESURV14_W43,RACE,Hispanic,[0.06945976 0.09302966 0.13383023 0.70368035],0.016068454373982397
173,RACESURV14_W43,RACE,Other,[0.12450121 0.17262818 0.10324742 0.59962319],0.03943717852430116
174,RACESURV14_W43,RACE,White,[0.2044016  0.15701452 0.14502759 0.49355629],0.014369578439368008
175,ADMISSIONg_W43,RACE,Asian,[0.77301528 0.19809372 0.02889101],0.0
176,ADMISSIONg_W43,RACE,Black,[0.62848003 0.22786451 0.14365546],0.0035597177161812476
177,ADMISSIONg_W43,RACE,Hispanic,[0.667052   0.22715533 0.10579267],0.01417967539775049
178,ADMISSIONg_W43,RACE,Other,[0.55522847 0.35615634 0.08861519],0.0
179,ADMISSIONg_W43,RACE,White,[0.68141903 0.27391194 0.04466902],0.0025479041883667156
180,RACESURV52_W43,RACE,Asian,[0.05901933 0.1843543  0.25206086 0.5045655 ],0.005549398036420543
181,RACESURV52_W43,RACE,Black,[0.09006348 0.15802979 0.26463139 0.48727534],0.016923439167063004
182,RACESURV52_W43,RACE,Hispanic,[0.03380004 0.10448546 0.1722115  0.689503  ],0.018486997966498577
183,RACESURV52_W43,RACE,Other,[0.15295034 0.14135387 0.23725298 0.46844281],0.015101097517848225
184,RACESURV52_W43,RACE,White,[0.13738724 0.20301108 0.25189677 0.40770491],0.0033488501560828467
185,RACESURV34a_W43,RACE,Asian,[0.07598724 0.29330399 0.16730196 0.07619939 0.38720742],0.0097998221390333
186,RACESURV34a_W43,RACE,Black,[0.06100412 0.11550636 0.34489088 0.18523602 0.29336262],0.014884777017905195
187,RACESURV34a_W43,RACE,Hispanic,[0.08408618 0.22227454 0.18609964 0.05480317 0.45273647],0.02224545601218235
188,RACESURV34a_W43,RACE,Other,[0.07890605 0.17458878 0.1401759  0.08272704 0.52360223],0.007102875024059583
189,RACESURV34a_W43,RACE,White,[0.18473752 0.26746887 0.03760949 0.01033205 0.49985206],0.006611696669288592
190,ADMISSIONa_W43,RACE,Asian,[0.13209818 0.28559177 0.58231004],0.0
191,ADMISSIONa_W43,RACE,Black,[0.18240957 0.19845376 0.61913668],0.0034822280657004724
192,ADMISSIONa_W43,RACE,Hispanic,[0.11391824 0.22674804 0.65933372],0.017852364026741212
193,ADMISSIONa_W43,RACE,Other,[0.08967259 0.2642205  0.64610691],0.003021169991030677
194,ADMISSIONa_W43,RACE,White,[0.04031084 0.17684549 0.78284367],0.0014202708782977598
195,RACESURV34c_W43,RACE,Asian,[0.2150284  0.22831403 0.14616274 0.18548919 0.22500563],0.0023001957742787927
196,RACESURV34c_W43,RACE,Black,[0.12503183 0.1856802  0.23835077 0.19833533 0.25260187],0.018472142291136584
197,RACESURV34c_W43,RACE,Hispanic,[0.13702382 0.21694586 0.20559791 0.17268132 0.26775109],0.02337713975183106
198,RACESURV34c_W43,RACE,Other,[0.11434086 0.26597716 0.16757295 0.16321867 0.28889035],0.002339255882001585
199,RACESURV34c_W43,RACE,White,[0.15386865 0.18137734 0.18722913 0.12539973 0.35212514],0.0027244633480771508
200,RACESURV7_W43,RACE,Asian,[0.13206063 0.52487733 0.29170033 0.05136171],0.0
201,RACESURV7_W43,RACE,Black,[0.27161551 0.36533216 0.24282457 0.12022776],0.007007624000987045
202,RACESURV7_W43,RACE,Hispanic,[0.15716247 0.34378688 0.32210675 0.1769439 ],0.017584635694474066
203,RACESURV7_W43,RACE,Other,[0.19218883 0.32991675 0.32440599 0.15348843],0.0
204,RACESURV7_W43,RACE,White,[0.11304177 0.38698329 0.37671769 0.12325725],0.0003212065683743473
205,RACESURV5i_W43,RACE,Asian,[0.51079021 0.23430787 0.04087257 0.00454248 0.20948688],0.004026849410425157
206,RACESURV5i_W43,RACE,Black,[0.4320386  0.21596702 0.07948342 0.04769964 0.22481132],0.007296278842367054
207,RACESURV5i_W43,RACE,Hispanic,[0.37540444 0.20478182 0.06043008 0.01917101 0.34021264],0.013348611760799352
208,RACESURV5i_W43,RACE,Other,[0.47380152 0.20163248 0.02276276 0.04762287 0.25418037],0.0
209,RACESURV5i_W43,RACE,White,[0.35810937 0.31833705 0.07610046 0.02547086 0.22198226],0.005254471304576627
210,RACESURV6_W43,RACE,Asian,[0.28279744 0.71720256],0.002026636924260655
211,RACESURV6_W43,RACE,Black,[0.14526058 0.85473942],0.018023305697397223
212,RACESURV6_W43,RACE,Hispanic,[0.30975055 0.69024945],0.023897375846506357
213,RACESURV6_W43,RACE,Other,[0.46082609 0.53917391],0.0
214,RACESURV6_W43,RACE,White,[0.52023563 0.47976437],0.008526023794193595
215,RACESURV5e_W43,RACE,Asian,[0.07960244 0.22077947 0.22842642 0.1646868  0.30650487],0.009846846465424813
216,RACESURV5e_W43,RACE,Black,[0.07968573 0.12265125 0.2149002  0.17660997 0.40615285],0.01054966355342916
217,RACESURV5e_W43,RACE,Hispanic,[0.13413666 0.19722414 0.18699986 0.10242279 0.37921655],0.0251143596844612
218,RACESURV5e_W43,RACE,Other,[0.10093795 0.15544692 0.22948826 0.16019564 0.35393124],0.04728466486235257
219,RACESURV5e_W43,RACE,White,[0.05421931 0.16085124 0.23798112 0.17214554 0.37480279],0.0057050524853031965
220,RACESURV53e_W43,RACE,Asian,[0.6188289 0.3811711],0.00660467030588897
221,RACESURV53e_W43,RACE,Black,[0.535895 0.464105],0.02281968201590043
222,RACESURV53e_W43,RACE,Hispanic,[0.46638068 0.53361932],0.022919715526686982
223,RACESURV53e_W43,RACE,Other,[0.60813759 0.39186241],0.007102875024059583
224,RACESURV53e_W43,RACE,White,[0.37594323 0.62405677],0.007396217132027008
225,RACESURV41_W43,RACE,Asian,[0.0519037  0.51058119 0.43751511 0.        ],0.19367938600905765
226,RACESURV41_W43,RACE,Black,[0.07211535 0.44544979 0.48243487 0.        ],0.20934585459412872
227,RACESURV41_W43,RACE,Hispanic,[0.09303412 0.46358251 0.44338336 0.        ],0.27077995198136545
228,RACESURV41_W43,RACE,Other,[0.10647716 0.46899092 0.42453192 0.        ],0.16924108716189426
229,RACESURV41_W43,RACE,White,[0.06871411 0.54852257 0.38276333 0.        ],0.12355293126418797
230,RACESURV1a_W43,RACE,Asian,[0.21755541 0.26568635 0.51675824],0.007749960061194539
231,RACESURV1a_W43,RACE,Black,[0.29514545 0.27339506 0.43145949],0.005312085189025693
232,RACESURV1a_W43,RACE,Hispanic,[0.26211308 0.26070456 0.47718236],0.00831771192257999
233,RACESURV1a_W43,RACE,Other,[0.26656825 0.28472984 0.44870191],0.0
234,RACESURV1a_W43,RACE,White,[0.21761959 0.30870814 0.47367227],0.001386140593881278
235,RACESURV47d_W43,RACE,Asian,[0.23748211 0.33036275 0.23449569 0.19765945],0.1023871591212826
236,RACESURV47d_W43,RACE,Black,[0.09255624 0.27329976 0.25953354 0.37461046],0.16900204212794365
237,RACESURV47d_W43,RACE,Hispanic,[0.232941   0.36345325 0.2317499  0.17185585],0.22656011930324527
238,RACESURV47d_W43,RACE,Other,[0.20537305 0.31309349 0.17988011 0.30165335],0.16132245854864768
239,RACESURV47d_W43,RACE,White,[0.24258857 0.40712681 0.2350046  0.11528002],0.12156742617814585
240,RACESURV9_W43,RACE,Asian,[0.04138325 0.33233063 0.23124347 0.07088989 0.32415276],0.0030175129369906786
241,RACESURV9_W43,RACE,Black,[0.14220318 0.36117331 0.13551842 0.04353054 0.31757455],0.007667502928300905
242,RACESURV9_W43,RACE,Hispanic,[0.11508082 0.31086016 0.16933853 0.05178215 0.35293834],0.005031242542528347
243,RACESURV9_W43,RACE,Other,[0.07508141 0.30945124 0.14961801 0.01270917 0.45314017],0.0
244,RACESURV9_W43,RACE,White,[0.15535528 0.47656658 0.08859726 0.01450363 0.26497725],0.0023749338496501385
245,RACESURV22_W43,RACE,Asian,[0.04597248 0.21329165 0.36613519 0.37460068],0.002026636924260655
246,RACESURV22_W43,RACE,Black,[0.10566061 0.21770385 0.29592122 0.38071433],0.01139869746576614
247,RACESURV22_W43,RACE,Hispanic,[0.05504758 0.21446272 0.26289116 0.46759854],0.017738716445306293
248,RACESURV22_W43,RACE,Other,[0.05285228 0.20305125 0.26864283 0.47545364],0.0
249,RACESURV22_W43,RACE,White,[0.01843792 0.09089278 0.17067605 0.71999325],0.0016444607597196485
250,ADMISSIONd_W43,RACE,Asian,[0.15297398 0.4070289  0.43999712],0.0
251,ADMISSIONd_W43,RACE,Black,[0.13812875 0.34513774 0.51673352],0.005565505737578492
252,ADMISSIONd_W43,RACE,Hispanic,[0.1370415  0.37037668 0.49258182],0.01257731031992626
253,ADMISSIONd_W43,RACE,Other,[0.0672624  0.31892193 0.61381566],0.006484399011040401
254,ADMISSIONd_W43,RACE,White,[0.05429331 0.33365212 0.61205457],0.0032388636213798875
255,RACESURV53g_W43,RACE,Asian,[0.24791526 0.75208474],0.01633959861783853
256,RACESURV53g_W43,RACE,Black,[0.25627089 0.74372911],0.023792446646993554
257,RACESURV53g_W43,RACE,Hispanic,[0.211876 0.788124],0.02629991298151049
258,RACESURV53g_W43,RACE,Other,[0.39724185 0.60275815],0.019864543459943367
259,RACESURV53g_W43,RACE,White,[0.45073189 0.54926811],0.009055423909513267
260,RACESURV5a_W43,RACE,Asian,[0.56322433 0.17025333 0.06012525 0.03808216 0.16831492],0.010322312601428458
261,RACESURV5a_W43,RACE,Black,[0.59099267 0.10324956 0.04217519 0.02983944 0.23374313],0.010114446975137434
262,RACESURV5a_W43,RACE,Hispanic,[0.44279612 0.17925966 0.0456544  0.02856909 0.30372073],0.01525386035232698
263,RACESURV5a_W43,RACE,Other,[0.4244697  0.14976867 0.09701932 0.06836441 0.2603779 ],0.007102875024059582
264,RACESURV5a_W43,RACE,White,[0.30806484 0.25314317 0.08903899 0.04763153 0.30212146],0.007218572331217696
265,RACESURV26_W43,RACE,Asian,[0.09839241 0.3821631  0.31424324 0.20520125],0.009664348884549794
266,RACESURV26_W43,RACE,Black,[0.1528045  0.34157334 0.27402197 0.23160018],0.017597203376524435
267,RACESURV26_W43,RACE,Hispanic,[0.28508618 0.33738214 0.18419357 0.19333811],0.024253770260443036
268,RACESURV26_W43,RACE,Other,[0.11953358 0.37061711 0.22674718 0.28310214],0.01008651500277506
269,RACESURV26_W43,RACE,White,[0.08070468 0.34018825 0.33180541 0.24730165],0.010621409355696793
270,RACESURV16_W43,RACE,Asian,[0.57867175 0.42132825],0.002862528324569377
271,RACESURV16_W43,RACE,Black,[0.54947431 0.45052569],0.01722199816767902
272,RACESURV16_W43,RACE,Hispanic,[0.50072961 0.49927039],0.026538158156217437
273,RACESURV16_W43,RACE,Other,[0.47430699 0.52569301],0.026893299641864273
274,RACESURV16_W43,RACE,White,[0.39914387 0.60085613],0.015183157270537083
275,RACESURV47c_W43,RACE,Asian,[0.00977527 0.11802533 0.1191256  0.7530738 ],0.05744048715402312
276,RACESURV47c_W43,RACE,Black,[0.01919954 0.05876451 0.10600387 0.81603209],0.13132019379139845
277,RACESURV47c_W43,RACE,Hispanic,[0.05800033 0.11865234 0.11731531 0.70603202],0.18463351169678396
278,RACESURV47c_W43,RACE,Other,[0.01705445 0.0666347  0.14219573 0.77411513],0.11935552762332534
279,RACESURV47c_W43,RACE,White,[0.02515532 0.05703396 0.15471669 0.76309403],0.056586094237433784
280,RACESURV34e_W43,RACE,Asian,[0.27949892 0.35339271 0.10762482 0.02879154 0.23069201],0.002026636924260655
281,RACESURV34e_W43,RACE,Black,[0.26019677 0.31579662 0.08559857 0.04628185 0.29212619],0.01984211085487813
282,RACESURV34e_W43,RACE,Hispanic,[0.22551789 0.36061313 0.06947958 0.02551333 0.31887607],0.02897944474371957
283,RACESURV34e_W43,RACE,Other,[0.26110761 0.40123484 0.01346695 0.02363153 0.30055907],0.007102875024059583
284,RACESURV34e_W43,RACE,White,[0.2306134  0.37929221 0.03092873 0.01501936 0.34414629],0.005728101831789956
285,ADMISSIONh_W43,RACE,Asian,[0.35775453 0.267339   0.37490647],0.0010552722694684269
286,ADMISSIONh_W43,RACE,Black,[0.27949985 0.22662357 0.49387659],0.002372298387066747
287,ADMISSIONh_W43,RACE,Hispanic,[0.29279161 0.26677314 0.44043525],0.013987606001988818
288,ADMISSIONh_W43,RACE,Other,[0.18687526 0.26392282 0.54920192],0.0
289,ADMISSIONh_W43,RACE,White,[0.16019467 0.27580476 0.56400057],0.0022962117391594357
290,RACESURV18f_W43,RACE,Asian,[0.16967047 0.57973254 0.21138416 0.03921282],0.21532298151001186
291,RACESURV18f_W43,RACE,Black,[0.13260613 0.54659603 0.2636303  0.05716755],0.44582223700596074
292,RACESURV18f_W43,RACE,Hispanic,[0.16397522 0.61781835 0.20240322 0.01580322],0.24277212700583176
293,RACESURV18f_W43,RACE,Other,[0.07027068 0.67639161 0.16043511 0.0929026 ],0.32688118260362586
294,RACESURV18f_W43,RACE,White,[0.08430617 0.6332886  0.24483155 0.03757369],0.4956512632316523
295,RACESURV13_W43,RACE,Asian,[0.13412048 0.50390612 0.25281047 0.10916292],0.0
296,RACESURV13_W43,RACE,Black,[0.07140799 0.28334068 0.45065235 0.19459898],0.006613593544225941
297,RACESURV13_W43,RACE,Hispanic,[0.15092789 0.38895417 0.36247925 0.0976387 ],0.0005798849867450518
298,RACESURV13_W43,RACE,Other,[0.18856663 0.38391367 0.24944767 0.17807203],0.0
299,RACESURV13_W43,RACE,White,[0.24313122 0.55566112 0.19016588 0.01104178],0.0016779629907965573
300,RACESURV29c_W43,RACE,Asian,[0.26927485 0.47234541 0.20599034 0.0523894 ],0.0
301,RACESURV29c_W43,RACE,Black,[0.26626376 0.40680423 0.21261959 0.11431242],0.011791501824302757
302,RACESURV29c_W43,RACE,Hispanic,[0.60485171 0.28530133 0.07663677 0.03321019],0.011606727273295672
303,RACESURV29c_W43,RACE,Other,[0.32826335 0.39159188 0.20862931 0.07151546],0.007102875024059583
304,RACESURV29c_W43,RACE,White,[0.22740311 0.45071501 0.25373647 0.06814541],0.003317470653568911
305,RACESURV17_W43,RACE,Asian,[0.32739795 0.35377358 0.16870727 0.1501212 ],0.0037979026409207576
306,RACESURV17_W43,RACE,Black,[0.59525195 0.25377957 0.05934752 0.09162096],0.012687789529906821
307,RACESURV17_W43,RACE,Hispanic,[0.29972498 0.39354276 0.19649273 0.11023953],0.02758725371779396
308,RACESURV17_W43,RACE,Other,[0.33565181 0.28441854 0.16362751 0.21630214],0.005105256195204341
309,RACESURV17_W43,RACE,White,[0.26547829 0.31930018 0.22275279 0.19246874],0.008702952341781391
310,RACESURV19f_W43,RACE,Asian,[0.59114351 0.31531671 0.09353978],0.0
311,RACESURV19f_W43,RACE,Black,[0.40490018 0.34116256 0.25393726],0.013662707738083035
312,RACESURV19f_W43,RACE,Hispanic,[0.49853127 0.31191284 0.18955589],0.02081904461656834
313,RACESURV19f_W43,RACE,Other,[0.48925483 0.29560906 0.21513611],0.0
314,RACESURV19f_W43,RACE,White,[0.51576573 0.33062319 0.15361108],0.008884647479958856
315,RACESURV29a_W43,RACE,Asian,[0.60002597 0.36341003 0.03169679 0.00486721],0.017995919163077065
316,RACESURV29a_W43,RACE,Black,[0.47959579 0.35167051 0.11441112 0.05432259],0.017222039155986937
317,RACESURV29a_W43,RACE,Hispanic,[0.45083059 0.35651744 0.13128575 0.06136621],0.013217355981531665
318,RACESURV29a_W43,RACE,Other,[0.60691165 0.24292516 0.1078014  0.04236179],0.007102875024059583
319,RACESURV29a_W43,RACE,White,[0.8431117 0.1290413 0.0207155 0.0071315],0.002409671792244929
320,ADMISSIONf_W43,RACE,Asian,[0.65969891 0.26051334 0.07978775],0.0
321,ADMISSIONf_W43,RACE,Black,[0.41836781 0.39687215 0.18476003],0.019361093976480455
322,ADMISSIONf_W43,RACE,Hispanic,[0.45934674 0.37505398 0.16559928],0.017940571133209803
323,ADMISSIONf_W43,RACE,Other,[0.39497659 0.44573713 0.15928627],0.0
324,ADMISSIONf_W43,RACE,White,[0.47341231 0.43850646 0.08808124],0.002677046173784378
325,IDIMPORT_W43,RACE,Asian,[0.27277363 0.28577825 0.23997183 0.11145168 0.09002461],0.0
326,IDIMPORT_W43,RACE,Black,[0.53077209 0.22657037 0.10855346 0.03152353 0.10258054],0.01800627624983606
327,IDIMPORT_W43,RACE,Hispanic,[0.31264793 0.28247091 0.19840153 0.08008322 0.12639642],0.01658048218507969
328,IDIMPORT_W43,RACE,Other,[0.20780969 0.17374464 0.21745947 0.17635676 0.22462944],0.0
329,IDIMPORT_W43,RACE,White,[0.04638968 0.1027681  0.19271201 0.18578545 0.47234476],0.007170178267662623
330,RACESURV19a_W43,RACE,Asian,[0.54323716 0.30641769 0.15034514],0.0
331,RACESURV19a_W43,RACE,Black,[0.76146944 0.13048025 0.1080503 ],0.01500768371037523
332,RACESURV19a_W43,RACE,Hispanic,[0.51104379 0.29071275 0.19824346],0.019902719238023975
333,RACESURV19a_W43,RACE,Other,[0.50279642 0.19851622 0.29868736],0.014193350649996462
334,RACESURV19a_W43,RACE,White,[0.35151038 0.40351543 0.24497419],0.005947131152424169
335,ADMISSIONb_W43,RACE,Asian,[0.0643557  0.25125614 0.68438815],0.0
336,ADMISSIONb_W43,RACE,Black,[0.114789   0.16081694 0.72439406],0.007005459814321138
337,ADMISSIONb_W43,RACE,Hispanic,[0.08773263 0.15661133 0.75565603],0.012378521096009154
338,ADMISSIONb_W43,RACE,Other,[0.06675239 0.20160796 0.73163966],0.0025572289024739653
339,ADMISSIONb_W43,RACE,White,[0.02089668 0.11940273 0.8597006 ],0.004153603166753089
340,RACESURV21_W43,RACE,Asian,[0.13262531 0.29247098 0.28723089 0.28767282],0.0
341,RACESURV21_W43,RACE,Black,[0.31949438 0.33271385 0.17867978 0.16911199],0.013618626783077379
342,RACESURV21_W43,RACE,Hispanic,[0.09777003 0.25406926 0.26639152 0.38176919],0.017258789848774207
343,RACESURV21_W43,RACE,Other,[0.15642894 0.23072456 0.21849581 0.39435069],0.0
344,RACESURV21_W43,RACE,White,[0.0130251  0.0793874  0.14619714 0.76139036],0.002235208022800238
345,RACESURV49_W43,RACE,Asian,[0.25516893 0.74483107],0.004026849410425158
346,RACESURV49_W43,RACE,Black,[0.40473877 0.59526123],0.08868720914331264
347,RACESURV49_W43,RACE,Hispanic,[0.28206375 0.71793625],0.04040587086029342
348,RACESURV49_W43,RACE,Other,[0.17231711 0.82768289],0.03654052377030619
349,RACESURV49_W43,RACE,White,[0.2077748 0.7922252],0.012222229689753353
350,RACESURV8_W43,RACE,Asian,[0.25506329 0.44210739 0.23306976 0.06975957],0.0
351,RACESURV8_W43,RACE,Black,[0.49775716 0.2794962  0.17141018 0.05133645],0.006120936517228059
352,RACESURV8_W43,RACE,Hispanic,[0.30564277 0.32011958 0.29165222 0.08258543],0.007634550177987244
353,RACESURV8_W43,RACE,Other,[0.40782586 0.29255301 0.21761225 0.08200889],0.0
354,RACESURV8_W43,RACE,White,[0.36274373 0.38075441 0.21485642 0.04164543],0.00299390533568081
355,RACESURV28b_W43,RACE,Asian,[0.59618023 0.03235701 0.37146276],0.014557885786009394
356,RACESURV28b_W43,RACE,Black,[0.72194247 0.01981941 0.25823812],0.02381325850108328
357,RACESURV28b_W43,RACE,Hispanic,[0.5135958  0.04177821 0.44462599],0.022721665754422676
358,RACESURV28b_W43,RACE,Other,[0.51363494 0.03264167 0.45372339],0.02220397254190781
359,RACESURV28b_W43,RACE,White,[0.37286427 0.01777915 0.60935658],0.00708224340818402
360,RACESURV40_W43,RACE,Asian,[0.13791276 0.68266882 0.17941842 0.        ],0.12726328905824
361,RACESURV40_W43,RACE,Black,[0.23839518 0.63974448 0.12186034 0.        ],0.15324207899800318
362,RACESURV40_W43,RACE,Hispanic,[0.15340443 0.66824207 0.17835351 0.        ],0.18256301117065482
363,RACESURV40_W43,RACE,Other,[0.12328869 0.63983026 0.23688105 0.        ],0.13200979595100382
364,RACESURV40_W43,RACE,White,[0.0662247  0.73102509 0.20275021 0.        ],0.08941292772101217
365,RACESURV2_W43,RACE,Asian,[0.66795434 0.22204039 0.04571849 0.0044173  0.05986948],0.0
366,RACESURV2_W43,RACE,Black,[0.5898407  0.16340713 0.03234329 0.02022997 0.19417891],0.002603543105274864
367,RACESURV2_W43,RACE,Hispanic,[0.60454311 0.20113658 0.03348006 0.00691352 0.15392673],0.007441339738957012
368,RACESURV2_W43,RACE,Other,[0.47955215 0.12506528 0.1250254  0.00435376 0.26600341],0.0
369,RACESURV2_W43,RACE,White,[0.55141081 0.20291242 0.05939997 0.01633097 0.16994583],0.0014710249354227397
370,RACESURV47f_W43,RACE,Asian,[0.22759471 0.19610143 0.22902958 0.34727428],0.10016191001495399
371,RACESURV47f_W43,RACE,Black,[0.06269964 0.1557721  0.15772365 0.62380461],0.1494886255421486
372,RACESURV47f_W43,RACE,Hispanic,[0.14359732 0.21978456 0.1955583  0.44105982],0.21671546951805015
373,RACESURV47f_W43,RACE,Other,[0.12421984 0.08656981 0.30854711 0.48066324],0.10848639200421438
374,RACESURV47f_W43,RACE,White,[0.19669676 0.23483327 0.17977737 0.3886926 ],0.10558411560182296
375,RACESURV53d_W43,RACE,Asian,[0.29093929 0.70906071],0.010249338956371213
376,RACESURV53d_W43,RACE,Black,[0.50253635 0.49746365],0.024430086221415202
377,RACESURV53d_W43,RACE,Hispanic,[0.26708884 0.73291116],0.020957037340959987
378,RACESURV53d_W43,RACE,Other,[0.36699316 0.63300684],0.028016693256134602
379,RACESURV53d_W43,RACE,White,[0.1935603 0.8064397],0.006167186409462624
380,RACESURV47e_W43,RACE,Asian,[0.37128847 0.37100089 0.13323297 0.12447768],0.13087697607211216
381,RACESURV47e_W43,RACE,Black,[0.16906862 0.3445541  0.20979429 0.27658299],0.20069111896794242
382,RACESURV47e_W43,RACE,Hispanic,[0.25674356 0.33804543 0.21304326 0.19216775],0.22465276528483297
383,RACESURV47e_W43,RACE,Other,[0.18092458 0.30494723 0.26828362 0.24584458],0.14879221499753498
384,RACESURV47e_W43,RACE,White,[0.34549177 0.3872947  0.15212138 0.11509214],0.10860468688035549
385,RACESURV3_W43,RACE,Asian,[0.11146284 0.54365171 0.34488545],0.004026849410425157
386,RACESURV3_W43,RACE,Black,[0.10951118 0.30018222 0.59030661],0.008152064117547916
387,RACESURV3_W43,RACE,Hispanic,[0.13920869 0.42460764 0.43618367],0.01086984089865286
388,RACESURV3_W43,RACE,Other,[0.08366598 0.41555597 0.50077805],0.0
389,RACESURV3_W43,RACE,White,[0.03925776 0.52188915 0.43885309],0.0031796590170634887
390,RACESURV19e_W43,RACE,Asian,[0.49674086 0.25243465 0.25082448],0.03209506969622962
391,RACESURV19e_W43,RACE,Black,[0.68541957 0.20038549 0.11419494],0.00686635541193673
392,RACESURV19e_W43,RACE,Hispanic,[0.47339689 0.28061924 0.24598387],0.023865979299017206
393,RACESURV19e_W43,RACE,Other,[0.47341165 0.20204515 0.3245432 ],0.0
394,RACESURV19e_W43,RACE,White,[0.3478029  0.34644504 0.30575205],0.006767790335410049
395,RACESURV15b_W43,RACE,Asian,[0.51193577 0.25798804 0.23007618],0.0
396,RACESURV15b_W43,RACE,Black,[0.53995872 0.26789697 0.19214432],0.011105744865227772
397,RACESURV15b_W43,RACE,Hispanic,[0.46125474 0.33423982 0.20450543],0.021102569849320414
398,RACESURV15b_W43,RACE,Other,[0.38272769 0.32667129 0.29060102],0.0
399,RACESURV15b_W43,RACE,White,[0.43418364 0.20166034 0.36415603],0.010012627076977575
400,RACESURV19d_W43,RACE,Asian,[0.4062043  0.42389605 0.16989965],0.005979388579278548
401,RACESURV19d_W43,RACE,Black,[0.29077186 0.36627439 0.34295374],0.014752066381271278
402,RACESURV19d_W43,RACE,Hispanic,[0.40206306 0.32747167 0.27046527],0.018907764008627422
403,RACESURV19d_W43,RACE,Other,[0.45801547 0.19137794 0.35060659],0.014199112372191191
404,RACESURV19d_W43,RACE,White,[0.46388001 0.34123718 0.19488281],0.0036347484819662626
405,RACESURV12_W43,RACE,Asian,[0.10059287 0.46169696 0.43771017],0.037544570473644893
406,RACESURV12_W43,RACE,Black,[0.06116136 0.79754444 0.1412942 ],0.018888437525903055
407,RACESURV12_W43,RACE,Hispanic,[0.09573316 0.49235297 0.41191388],0.019259856223940813
408,RACESURV12_W43,RACE,Other,[0.16002042 0.47738906 0.36259052],0.038437542286704915
409,RACESURV12_W43,RACE,White,[0.19066172 0.37645607 0.4328822 ],0.008949509687125155
410,RACESURV5l_W43,RACE,Asian,[0.8639481  0.04303179 0.         0.03544899 0.05757113],0.0
411,RACESURV5l_W43,RACE,Black,[0.69978998 0.09206452 0.05079166 0.02141672 0.13593712],0.006579768138578076
412,RACESURV5l_W43,RACE,Hispanic,[0.73487768 0.11295981 0.02672522 0.03015333 0.09528396],0.01561399219526191
413,RACESURV5l_W43,RACE,Other,[0.73120342 0.11433108 0.0111601  0.03803038 0.10527503],0.0
414,RACESURV5l_W43,RACE,White,[0.81406176 0.11279391 0.01102696 0.01352617 0.0485912 ],0.003549728459178775
415,RACESURV25_W43,RACE,Asian,[0.11865092 0.37318848 0.30550025 0.20266036],0.011686122655262346
416,RACESURV25_W43,RACE,Black,[0.44474852 0.2976696  0.12629291 0.13128897],0.01760735019181918
417,RACESURV25_W43,RACE,Hispanic,[0.11248248 0.35548468 0.26797562 0.26405722],0.024044388585037428
418,RACESURV25_W43,RACE,Other,[0.22692489 0.28300162 0.23307015 0.25700334],0.012915595738286375
419,RACESURV25_W43,RACE,White,[0.09202013 0.34673221 0.32126706 0.23998061],0.009538498138234723
420,RACESURV53a_W43,RACE,Asian,[0.15747804 0.84252196],0.008292028407872874
421,RACESURV53a_W43,RACE,Black,[0.44690214 0.55309786],0.025842987115395222
422,RACESURV53a_W43,RACE,Hispanic,[0.19568391 0.80431609],0.020493341103707506
423,RACESURV53a_W43,RACE,Other,[0.21728769 0.78271231],0.02220397254190781
424,RACESURV53a_W43,RACE,White,[0.09131887 0.90868113],0.005921803146340571
425,RACESURV15a_W43,RACE,Asian,[0.7595983  0.05616643 0.18423527],0.0
426,RACESURV15a_W43,RACE,Black,[0.77652831 0.06277787 0.16069382],0.014871909086620873
427,RACESURV15a_W43,RACE,Hispanic,[0.77025261 0.07554269 0.1542047 ],0.020343273682874315
428,RACESURV15a_W43,RACE,Other,[0.56757483 0.05590426 0.37652091],0.0
429,RACESURV15a_W43,RACE,White,[0.6034677  0.04710622 0.34942609],0.008109537328974908
430,RACESURV18b_W43,RACE,Asian,[0.13485096 0.49123043 0.32097912 0.05293949],0.20023272105251821
431,RACESURV18b_W43,RACE,Black,[0.19537706 0.63250914 0.13992465 0.03218915],0.16448547843344596
432,RACESURV18b_W43,RACE,Hispanic,[0.17081433 0.51893864 0.26510221 0.04514482],0.15000202454240133
433,RACESURV18b_W43,RACE,Other,[0.06984682 0.58890473 0.24820556 0.09304289],0.23709565972841593
434,RACESURV18b_W43,RACE,White,[0.0664987  0.52938342 0.33761267 0.06650521],0.33549681805908743
435,RACESURV18c_W43,RACE,Asian,[0.048295   0.31715738 0.49143001 0.14311761],0.07522562647154392
436,RACESURV18c_W43,RACE,Black,[0.06061237 0.35577411 0.45059215 0.13302137],0.12217227255025113
437,RACESURV18c_W43,RACE,Hispanic,[0.07152176 0.29375778 0.47844521 0.15627525],0.12568750479413815
438,RACESURV18c_W43,RACE,Other,[0.01919436 0.40890208 0.42908372 0.14281985],0.08012192825515711
439,RACESURV18c_W43,RACE,White,[0.04892497 0.5264451  0.35644032 0.06818962],0.07572210237972932
440,RACESURV53f_W43,RACE,Asian,[0.35264821 0.64735179],0.01227597588063187
441,RACESURV53f_W43,RACE,Black,[0.43914056 0.56085944],0.02848338897442285
442,RACESURV53f_W43,RACE,Hispanic,[0.30502351 0.69497649],0.025255178244765645
443,RACESURV53f_W43,RACE,Other,[0.46016622 0.53983378],0.02220397254190781
444,RACESURV53f_W43,RACE,White,[0.38170999 0.61829001],0.005574159323215063
445,RACESURV11_W43,RACE,Asian,[0.24482185 0.47885593 0.27632222],0.0019920150548723347
446,RACESURV11_W43,RACE,Black,[0.11696935 0.54768871 0.33534194],0.012336614177768171
447,RACESURV11_W43,RACE,Hispanic,[0.14061937 0.60837094 0.2510097 ],0.0097872638823873
448,RACESURV11_W43,RACE,Other,[0.20622701 0.47082493 0.32294807],0.0
449,RACESURV11_W43,RACE,White,[0.18673053 0.51365111 0.29961835],0.0006001259293309859
450,RACESURV53c_W43,RACE,Asian,[0.36655826 0.63344174],0.006265391483612218
451,RACESURV53c_W43,RACE,Black,[0.61902091 0.38097909],0.02912200954247065
452,RACESURV53c_W43,RACE,Hispanic,[0.48896571 0.51103429],0.017653188056888324
453,RACESURV53c_W43,RACE,Other,[0.52857479 0.47142521],0.027681070653006123
454,RACESURV53c_W43,RACE,White,[0.26321664 0.73678336],0.007933341249521594
455,RACESURV5g_W43,RACE,Asian,[0.03110132 0.06112027 0.40833879 0.32925893 0.1701807 ],0.010461729935557178
456,RACESURV5g_W43,RACE,Black,[0.02547458 0.05232585 0.2320621  0.31813604 0.37200143],0.007363623244821185
457,RACESURV5g_W43,RACE,Hispanic,[0.02332113 0.06948597 0.2407074  0.28630458 0.38018091],0.022704268930742472
458,RACESURV5g_W43,RACE,Other,[0.04233289 0.07864097 0.33784518 0.26606002 0.27512094],0.014199112372191193
459,RACESURV5g_W43,RACE,White,[0.03840531 0.04883677 0.34850628 0.32289673 0.24135491],0.007179360435541877
460,RACESURV24_W43,RACE,Asian,[0.18203747 0.35333881 0.29039163 0.17423209],0.006311816197468112
461,RACESURV24_W43,RACE,Black,[0.20190285 0.27908146 0.23764161 0.28137409],0.01370572465099788
462,RACESURV24_W43,RACE,Hispanic,[0.12592543 0.33490561 0.23350236 0.3056666 ],0.024414061072114576
463,RACESURV24_W43,RACE,Other,[0.22874563 0.29317935 0.19836209 0.27971293],0.007102875024059584
464,RACESURV24_W43,RACE,White,[0.23683715 0.37952252 0.20537224 0.17826809],0.008344150809894393
465,RACESURV5k_W43,RACE,Asian,[0.0136144  0.06109959 0.05345919 0.79870936 0.07311746],0.004026849410425158
466,RACESURV5k_W43,RACE,Black,[0.02144963 0.03204801 0.13546352 0.71339965 0.0976392 ],0.00062816726696266
467,RACESURV5k_W43,RACE,Hispanic,[0.02240528 0.04039539 0.22601782 0.56001307 0.15116843],0.013257495567026063
468,RACESURV5k_W43,RACE,Other,[0.06924219 0.         0.20211474 0.67289521 0.05574787],0.0
469,RACESURV5k_W43,RACE,White,[0.02020942 0.02250808 0.22152077 0.66920333 0.0665584 ],0.002509329878536601
470,RACESURV36_W43,RACE,Asian,[0.08548694 0.38725337 0.40812364 0.11913605],0.008409788572969059
471,RACESURV36_W43,RACE,Black,[0.10071634 0.34575866 0.36274735 0.19077765],0.01777435715343747
472,RACESURV36_W43,RACE,Hispanic,[0.14623715 0.33522744 0.34035162 0.17818379],0.029251331143104038
473,RACESURV36_W43,RACE,Other,[0.21115989 0.2901475  0.34781835 0.15087425],0.0
474,RACESURV36_W43,RACE,White,[0.08905904 0.36720011 0.40114724 0.14259362],0.00221787395888951
475,RACESURV5j_W43,RACE,Asian,[0.14908027 0.16397203 0.40285949 0.12184894 0.16223927],0.005449500777415279
476,RACESURV5j_W43,RACE,Black,[0.08497734 0.16204345 0.34298697 0.16724494 0.2427473 ],0.004634831157538336
477,RACESURV5j_W43,RACE,Hispanic,[0.08637737 0.14166626 0.35007746 0.11575432 0.30612459],0.017183171918156506
478,RACESURV5j_W43,RACE,Other,[0.06859418 0.08448923 0.42527248 0.18671593 0.23492818],0.025227257892575107
479,RACESURV5j_W43,RACE,White,[0.07132861 0.15365296 0.4468003  0.07706493 0.25115319],0.0043328501013909435
480,RACESURV18e_W43,RACE,Asian,[0.08665608 0.48904173 0.36193243 0.06236977],0.14004702162099988
481,RACESURV18e_W43,RACE,Black,[0.11862757 0.55804075 0.27046974 0.05286193],0.2577233510962322
482,RACESURV18e_W43,RACE,Hispanic,[0.11356543 0.48557266 0.31397743 0.08688449],0.3443380038649355
483,RACESURV18e_W43,RACE,Other,[0.07878666 0.53654929 0.25234621 0.13231784],0.26446783773111
484,RACESURV18e_W43,RACE,White,[0.07112547 0.55151341 0.32267532 0.05468579],0.4336934057916266
485,RACESURV5c_W43,RACE,Asian,[0.11541753 0.07203788 0.432139   0.16439044 0.21601516],0.015689130136815513
486,RACESURV5c_W43,RACE,Black,[0.05065206 0.12567932 0.27964478 0.24401192 0.30001192],0.01151292690086614
487,RACESURV5c_W43,RACE,Hispanic,[0.08305121 0.12876232 0.28841338 0.17584226 0.32393083],0.0158720508540495
488,RACESURV5c_W43,RACE,Other,[0.0561185  0.09180695 0.33040288 0.19495733 0.32671434],0.012208131219263925
489,RACESURV5c_W43,RACE,White,[0.06011511 0.1137066  0.37843348 0.14797697 0.29976784],0.006760593921548121
490,RACESURV44_W43,RACE,Asian,[0.19172273 0.60067955 0.20759772 0.        ],0.15899736758882244
491,RACESURV44_W43,RACE,Black,[0.12765142 0.67450636 0.19784222 0.        ],0.20023683985844817
492,RACESURV44_W43,RACE,Hispanic,[0.17354151 0.62711579 0.1993427  0.        ],0.2575583343791677
493,RACESURV44_W43,RACE,Other,[0.21207038 0.62328315 0.16464647 0.        ],0.18614923266426
494,RACESURV44_W43,RACE,White,[0.1551316  0.69611901 0.14874938 0.        ],0.10878961803066954
495,RACESURV38_W43,RACE,Asian,[0.1268409  0.38206822 0.33724096 0.15384991],0.0063852894367292645
496,RACESURV38_W43,RACE,Black,[0.09385816 0.25389609 0.30778398 0.34446176],0.018214616036754182
497,RACESURV38_W43,RACE,Hispanic,[0.10501302 0.28156917 0.28050541 0.3329124 ],0.021182220863649612
498,RACESURV38_W43,RACE,Other,[0.08238971 0.2141996  0.40609022 0.29732047],0.007102875024059583
499,RACESURV38_W43,RACE,White,[0.05041964 0.28825206 0.38813718 0.27319112],0.004131392764114781
500,RACESURV34b_W43,RACE,Asian,[0.16441483 0.18923992 0.20548476 0.03948525 0.40137525],0.006415570828718669
501,RACESURV34b_W43,RACE,Black,[0.15744277 0.23795656 0.19310184 0.07826322 0.33323561],0.01585760895012234
502,RACESURV34b_W43,RACE,Hispanic,[0.1655124  0.22381972 0.16042616 0.04708365 0.40315807],0.021320609363736538
503,RACESURV34b_W43,RACE,Other,[0.06882586 0.22282711 0.20637172 0.11848451 0.38349081],0.007102875024059583
504,RACESURV34b_W43,RACE,White,[0.12495632 0.21273845 0.21433047 0.04549591 0.40247886],0.005854935238676702
505,RACESURV20_W43,RACE,Asian,[0.10826359 0.65672868 0.23500774],0.00154543851857614
506,RACESURV20_W43,RACE,Black,[0.13397445 0.63346234 0.2325632 ],0.01180281488305433
507,RACESURV20_W43,RACE,Hispanic,[0.08878223 0.50425668 0.40696109],0.019870793059762693
508,RACESURV20_W43,RACE,Other,[0.10931157 0.53059385 0.36009457],0.0
509,RACESURV20_W43,RACE,White,[0.02580569 0.30076138 0.67343293],0.004113439546217838
