,qkey,attribute,group,D_H,R_H
0,CAREGIV2_W27,Overall,Overall,[0.10275812 0.49064607 0.29140272 0.11519309],0.0025273665800608367
1,ROBJOB1_W27,Overall,Overall,[0.2419499  0.61279171 0.14525838],0.0022204606499709317
2,WORK3A_W27,Overall,Overall,[0.27669054 0.14297889 0.58033057],0.00653627237425867
3,ROBJOB3A_W27,Overall,Overall,[0.05717492 0.26924722 0.47032542 0.20325245],0.003492852938242716
4,WORK5A_W27,Overall,Overall,[0.02424249 0.93809665 0.03766086],0.002674738742167105
5,WORK4C_W27,Overall,Overall,[0.46389549 0.13162595 0.40447856],0.0022747806849775774
6,WORK4A_W27,Overall,Overall,[0.38783772 0.29283539 0.31932688],0.0007548034053822422
7,CAREGIV6B_W27,Overall,Overall,[0.5200295 0.4799705],0.01187254054033459
8,CAREGIV6E_W27,Overall,Overall,[0.59575228 0.40424772],0.0053966248434373035
9,CARS1_W27,Overall,Overall,[0.3472463  0.59474744 0.05800625],0.0029618895490259706
10,HIRING7A_W27,Overall,Overall,[0.19685669 0.50780847 0.29533485],0.010346924132288268
11,WORK7_W27,Overall,Overall,[0.18077039 0.81922961],0.007579726650186749
12,PREDICTA_W27,Overall,Overall,[0.21055229 0.58273131 0.1841761  0.0225403 ],0.004466733956466877
13,VOICE5D_W27,Overall,Overall,[0.2267459  0.39182006 0.38143404],0.004288022122226661
14,HIRING2_W27,Overall,Overall,[0.11646636 0.47502886 0.28067611 0.12782867],0.0010968360456933264
15,ROBJOB8A_W27,Overall,Overall,[0.15179587 0.38058879 0.34900388 0.11861146],0.007240797253323507
16,ROBJOB4E_W27,Overall,Overall,[0.24771333 0.75228667],0.0074401861211053025
17,CAREGIV1_W27,Overall,Overall,[0.05678152 0.29256596 0.65065252],0.0011949762570261748
18,WORK3C_W27,Overall,Overall,[0.6009972  0.16254538 0.23645742],0.005861756261863363
19,CARS9A_W27,Overall,Overall,[0.46836865 0.36280527 0.11777945 0.05104663],0.004345596093591184
20,CARS7B_W27,Overall,Overall,[0.08461798 0.26189997 0.33316045 0.32032161],0.0019091098110537484
21,CARS3A_W27,Overall,Overall,[0.11468049 0.28320657 0.38469291 0.21742003],0.002683141622773169
22,WORK4B_W27,Overall,Overall,[0.53476069 0.12289612 0.34234319],0.0043641804547760185
23,CARS9B_W27,Overall,Overall,[0.34003937 0.34824107 0.2443725  0.06734706],0.003758249590501771
24,ROBJOB5C_W27,Overall,Overall,[0.21665554 0.40942796 0.24462223 0.12929427],0.00761404317888636
25,HIRING1_W27,Overall,Overall,[0.08808286 0.33687231 0.57504484],0.0022834535749321565
26,CARS7A_W27,Overall,Overall,[0.11075085 0.37096843 0.35053125 0.16774948],0.0023601028961350535
27,CAREREL_W27,Overall,Overall,[0.40206246 0.27854128 0.12403894 0.10711844 0.08823887],0.0026000537843705847
28,PREDICTC_W27,Overall,Overall,[0.11881897 0.53483814 0.30801619 0.0383267 ],0.0022170148205546414
29,CARS10C_W27,Overall,Overall,[0.43735156 0.56264844],0.006066733920868317
30,DRONE4C_W27,Overall,Overall,[0.3545932  0.32175889 0.32364791],0.007576421331455617
31,WORK3B_W27,Overall,Overall,[0.70614325 0.04685514 0.24700161],0.006106876636644315
32,CAREGIV3B_W27,Overall,Overall,[0.14157761 0.33194709 0.42874452 0.09773079],0.0032041897338456675
33,WORK3F_W27,Overall,Overall,[0.47949134 0.11940249 0.40110617],0.0025039757865036767
34,PREDICTD_W27,Overall,Overall,[0.06893543 0.36449297 0.49939635 0.06717526],0.002831861550246606
35,WORK2_W27,Overall,Overall,[0.18721024 0.50166472 0.31112505],0.0031267951165907686
36,HIRING6A_W27,Overall,Overall,[0.24833536 0.42571457 0.32595008],0.008158088747235597
37,CARS9C_W27,Overall,Overall,[0.53203674 0.3386705  0.09810964 0.03118312],0.0031763253382698286
38,HIRING6B_W27,Overall,Overall,[0.12041075 0.6006601  0.27892915],0.006927513695786086
39,ROBJOB3B_W27,Overall,Overall,[0.24782202 0.47794103 0.23003517 0.04420178],0.0024077438548051645
40,DRONE2_W27,Overall,Overall,[0.59031263 0.40968737],0.004641002236127191
41,WORK3E_W27,Overall,Overall,[0.67504342 0.12541537 0.19954121],0.002083865247395942
42,CAREGIV6A_W27,Overall,Overall,[0.69912509 0.30087491],0.005893742577872664
43,CAREGIV6C_W27,Overall,Overall,[0.56694625 0.43305375],0.008727991033426375
44,DRONE4D_W27,Overall,Overall,[0.44020342 0.24770202 0.31209457],0.010011011927396759
45,VOICE3_W27,Overall,Overall,[0.26436556 0.73563444],0.006714566050376363
46,CARS10A_W27,Overall,Overall,[0.75078106 0.24921894],0.0022276277139717266
47,CAREGIV6D_W27,Overall,Overall,[0.64322176 0.35677824],0.011592192796067734
48,DRONE4A_W27,Overall,Overall,[0.11424095 0.54473466 0.34102438],0.005981452181646988
49,DRONE1_W27,Overall,Overall,[0.08494835 0.91505165],0.006018901444177463
50,CARS3B_W27,Overall,Overall,[0.14255533 0.39483831 0.35174057 0.1108658 ],0.0013501754332916674
51,CAREGIV7_W27,Overall,Overall,[0.48282376 0.19630686 0.32086939],0.0049646498267995895
52,PREDICTB_W27,Overall,Overall,[0.13474898 0.51790387 0.32301971 0.02432744],0.002436356294587036
53,INDUSTRY_W27,Overall,Overall,"[0.07368779 0.11960596 0.10545097 0.09663508 0.08896771 0.07277568
 0.03925448 0.07405415 0.07317606 0.21322376 0.04316836]",0.00022392297552873542
54,CAREGIV6F_W27,Overall,Overall,[0.43244788 0.56755212],0.01888898464199139
55,CARS10E_W27,Overall,Overall,[0.28030398 0.71969602],0.0029053201473055036
56,ROBJOB8G_W27,Overall,Overall,[0.21659749 0.43850292 0.27198831 0.07291129],0.004466140026406628
57,ROBJOB2_W27,Overall,Overall,[0.20605994 0.57414459 0.17139498 0.0484005 ],0.006980465270185253
58,VOICE5B_W27,Overall,Overall,[0.22397603 0.37589931 0.40012466],0.004774538340206845
59,CARS2_W27,Overall,Overall,[0.2237955  0.11710744 0.65909706],0.004645499523420797
60,CARS4_W27,Overall,Overall,[0.08876785 0.55883646 0.2281225  0.04642513 0.07784807],0.0022011718891600425
61,CAREGIV4_W27,Overall,Overall,[0.41164122 0.58835878],0.0041868872502866215
62,HIRING4_W27,Overall,Overall,[0.22625961 0.77374039],0.013609480564424202
63,HIRING3A_W27,Overall,Overall,[0.03082122 0.19305775 0.49633421 0.27978682],0.006344068030750628
64,ROBJOB8E_W27,Overall,Overall,[0.38545282 0.38762637 0.16702788 0.05989294],0.004139071383100495
65,VOICE4_W27,Overall,Overall,[0.40018166 0.43424761 0.16557074],0.03574528662727612
66,DRONE4E_W27,Overall,Overall,[0.24002748 0.44849362 0.31147889],0.006008904080407301
67,VOICE1_W27,Overall,Overall,[0.46420636 0.53579364],0.0006746388274929483
68,VOICE5A_W27,Overall,Overall,[0.5548236  0.28357261 0.16160379],0.013362319871105116
69,HIRING3B_W27,Overall,Overall,[0.2128096  0.46165317 0.25461166 0.07092557],0.006763696602865872
70,HIRING6D_W27,Overall,Overall,[0.12700405 0.58938104 0.28361491],0.010469719199837576
71,ROBJOB4A_W27,Overall,Overall,[0.77127936 0.22872064],0.008310056633901138
72,DRONE4B_W27,Overall,Overall,[0.20331662 0.53661937 0.26006401],0.006092934287185281
73,WORK6_W27,Overall,Overall,[0.04746358 0.91439249 0.03814393],0.00778756804792571
74,HIRING6C_W27,Overall,Overall,[0.27306363 0.41873358 0.30820279],0.007881262418860996
75,ROBJOB6_W27,Overall,Overall,[0.50478014 0.49521986],0.01487679545749173
76,ROBJOB9_W27,Overall,Overall,[0.06598292 0.23219228 0.40264872 0.29917608],0.00024194702783580634
77,ROBJOB4B_W27,Overall,Overall,[0.63970231 0.36029769],0.0037775062352199853
78,ROBJOB8D_W27,Overall,Overall,[0.09946754 0.3177224  0.38934478 0.19346528],0.0031928558394165737
79,CAREGIV3A_W27,Overall,Overall,[0.09184176 0.34954965 0.37908467 0.17952392],0.003130851070580226
80,ROBJOB4D_W27,Overall,Overall,[0.43371106 0.56628894],0.008142388260116906
81,HIRING7B_W27,Overall,Overall,[0.57365213 0.17500711 0.25134076],0.009076570537385599
82,WORK3D_W27,Overall,Overall,[0.54648098 0.08851071 0.3650083 ],0.01127432578384899
83,CARS10D_W27,Overall,Overall,[0.69774256 0.30225744],0.001991336826927134
84,CARS8_W27,Overall,Overall,[0.30123797 0.39174082 0.3070212 ],0.004877985746875412
85,ROBJOB5B_W27,Overall,Overall,[0.46980414 0.38545845 0.11333202 0.03140539],0.004869371814205508
86,ROBJOB8F_W27,Overall,Overall,[0.1013792  0.26119981 0.38050612 0.25691486],0.005693188333781114
87,ROBJOB7_W27,Overall,Overall,[0.41455017 0.58544983],0.013411064654071944
88,VOICE5C_W27,Overall,Overall,[0.13803904 0.20193824 0.66002272],0.012701664949485245
89,CARS10B_W27,Overall,Overall,[0.80930484 0.19069516],0.002705031496885098
90,ROBJOB4C_W27,Overall,Overall,[0.42636684 0.57363316],0.006495693625140453
91,ROBJOB4F_W27,Overall,Overall,[0.40474006 0.59525994],0.007911541002413161
92,ROBJOB5D_W27,Overall,Overall,[0.21217212 0.37296511 0.29290205 0.12196072],0.012307353170385414
93,CARS5_W27,Overall,Overall,[0.43831737 0.56168263],0.0029287908683647192
94,ROBJOB8C_W27,Overall,Overall,[0.0383529  0.16308843 0.46107675 0.33748191],0.005151778338988574
95,ROBJOB8B_W27,Overall,Overall,[0.13257839 0.36663752 0.37760901 0.12317508],0.006792395438734718
0,CAREGIV2_W27,CREGION,Midwest,[0.07969452 0.43822875 0.32844597 0.15363077],0.0005203821829223161
1,CAREGIV2_W27,CREGION,Northeast,[0.10324655 0.51002728 0.29198303 0.09474314],0.0034812582736444167
2,CAREGIV2_W27,CREGION,South,[0.12781369 0.48287028 0.26750473 0.1218113 ],0.004709681747247696
3,CAREGIV2_W27,CREGION,West,[0.08293055 0.53867378 0.29462561 0.08377006],0.0
4,ROBJOB1_W27,CREGION,Midwest,[0.22165424 0.64903164 0.12931412],0.00376950190933212
5,ROBJOB1_W27,CREGION,Northeast,[0.26396409 0.59339956 0.14263635],0.0023474780686406137
6,ROBJOB1_W27,CREGION,South,[0.23251759 0.59324729 0.17423513],0.0016617445060696109
7,ROBJOB1_W27,CREGION,West,[0.25759626 0.62593349 0.11647026],0.0015703757275097225
8,WORK3A_W27,CREGION,Midwest,[0.24557527 0.1583022  0.59612253],0.001286097723044636
9,WORK3A_W27,CREGION,Northeast,[0.30400165 0.14828725 0.5477111 ],0.001776706193752443
10,WORK3A_W27,CREGION,South,[0.27050108 0.13388561 0.5956133 ],0.01163449740872634
11,WORK3A_W27,CREGION,West,[0.29167142 0.13818917 0.57013941],0.007569960221238031
12,ROBJOB3A_W27,CREGION,Midwest,[0.03666137 0.25091004 0.47444112 0.23798747],0.0014895393062967568
13,ROBJOB3A_W27,CREGION,Northeast,[0.06563152 0.27046537 0.46424167 0.19966144],0.003517379326107834
14,ROBJOB3A_W27,CREGION,South,[0.06677404 0.26848011 0.45220504 0.2125408 ],0.0025770919942456182
15,ROBJOB3A_W27,CREGION,West,[0.05412647 0.28643352 0.50006951 0.1593705 ],0.006756346672890966
16,WORK5A_W27,CREGION,Midwest,[0.02280373 0.91906149 0.05813478],0.0006813566799613078
17,WORK5A_W27,CREGION,Northeast,[0.04440829 0.94455858 0.01103313],0.0014994178879157286
18,WORK5A_W27,CREGION,South,[0.01964238 0.93779076 0.04256686],0.0010264734533305345
19,WORK5A_W27,CREGION,West,[0.01641692 0.95096026 0.03262282],0.008052608859874473
20,WORK4C_W27,CREGION,Midwest,[0.43573581 0.12557407 0.43869013],0.0
21,WORK4C_W27,CREGION,Northeast,[0.47175045 0.14453492 0.38371462],0.0023434652727282995
22,WORK4C_W27,CREGION,South,[0.46146638 0.12888653 0.40964709],0.005138008805711504
23,WORK4C_W27,CREGION,West,[0.4865227  0.13060865 0.38286865],0.0
24,WORK4A_W27,CREGION,Midwest,[0.38391806 0.25284023 0.36324171],0.0
25,WORK4A_W27,CREGION,Northeast,[0.4187981 0.3063458 0.2748561],0.0018709083772657155
26,WORK4A_W27,CREGION,South,[0.37453635 0.3030624  0.32240125],0.0005531744329980356
27,WORK4A_W27,CREGION,West,[0.38589871 0.3026716  0.3114297 ],0.0008231597692420242
28,CAREGIV6B_W27,CREGION,Midwest,[0.5321554 0.4678446],0.013551285973644094
29,CAREGIV6B_W27,CREGION,Northeast,[0.5731214 0.4268786],0.022233485045134855
30,CAREGIV6B_W27,CREGION,South,[0.4716441 0.5283559],0.008790947832307397
31,CAREGIV6B_W27,CREGION,West,[0.54481522 0.45518478],0.006529749112412507
32,CAREGIV6E_W27,CREGION,Midwest,[0.57903097 0.42096903],0.0032975947617874873
33,CAREGIV6E_W27,CREGION,Northeast,[0.60901261 0.39098739],0.01703755543544049
34,CAREGIV6E_W27,CREGION,South,[0.57189827 0.42810173],0.0030371993082859176
35,CAREGIV6E_W27,CREGION,West,[0.6411651 0.3588349],0.0014530735505912792
36,CARS1_W27,CREGION,Midwest,[0.32477636 0.60608147 0.06914217],0.00014477906303674893
37,CARS1_W27,CREGION,Northeast,[0.40567315 0.55416323 0.04016362],0.0025934035595493224
38,CARS1_W27,CREGION,South,[0.30396421 0.62281437 0.07322143],0.006684794271116594
39,CARS1_W27,CREGION,West,[0.3883087  0.57327698 0.03841432],0.0
40,HIRING7A_W27,CREGION,Midwest,[0.24334036 0.45970674 0.2969529 ],0.0005036821215777957
41,HIRING7A_W27,CREGION,Northeast,[0.13740943 0.6389034  0.22368717],0.020565400839788223
42,HIRING7A_W27,CREGION,South,[0.21091652 0.46305536 0.32602812],0.004358197142444129
43,HIRING7A_W27,CREGION,West,[0.1804819  0.51649826 0.30301984],0.019817374551664043
44,WORK7_W27,CREGION,Midwest,[0.22839201 0.77160799],0.0022902482416122605
45,WORK7_W27,CREGION,Northeast,[0.19105257 0.80894743],0.010852584640507283
46,WORK7_W27,CREGION,South,[0.15237235 0.84762765],0.0041081990500602735
47,WORK7_W27,CREGION,West,[0.17315243 0.82684757],0.01525427909253168
48,PREDICTA_W27,CREGION,Midwest,[0.22935846 0.58055211 0.17781164 0.01227779],0.001392977947510052
49,PREDICTA_W27,CREGION,Northeast,[0.22206991 0.58492921 0.17228411 0.02071677],0.010322160513829592
50,PREDICTA_W27,CREGION,South,[0.21132643 0.58653961 0.17263952 0.02949445],0.00376744421172092
51,PREDICTA_W27,CREGION,West,[0.18272169 0.5769864  0.21775008 0.02254182],0.003651833634042658
52,VOICE5D_W27,CREGION,Midwest,[0.24882811 0.37055507 0.38061682],0.0
53,VOICE5D_W27,CREGION,Northeast,[0.25905991 0.38330707 0.35763302],0.0
54,VOICE5D_W27,CREGION,South,[0.21034552 0.40916237 0.38049212],0.011290888545466756
55,VOICE5D_W27,CREGION,West,[0.20411506 0.39227119 0.40361375],0.0006067750845296629
56,HIRING2_W27,CREGION,Midwest,[0.10125779 0.49745622 0.27533914 0.12594685],0.0
57,HIRING2_W27,CREGION,Northeast,[0.07799251 0.46401216 0.29278613 0.1652092 ],0.0
58,HIRING2_W27,CREGION,South,[0.1522138  0.46673699 0.26521494 0.11583427],0.0002020522296067116
59,HIRING2_W27,CREGION,West,[0.10655114 0.47629423 0.29879908 0.11835555],0.0042024934503505605
60,ROBJOB8A_W27,CREGION,Midwest,[0.12869024 0.41235863 0.33833545 0.12061567],0.005111391413159918
61,ROBJOB8A_W27,CREGION,Northeast,[0.13648755 0.36798135 0.37115627 0.12437483],0.01757303660033372
62,ROBJOB8A_W27,CREGION,South,[0.17039854 0.36768859 0.3380233  0.12388957],0.0013893360884467067
63,ROBJOB8A_W27,CREGION,West,[0.15596989 0.3817984  0.35847723 0.10375448],0.010030443633528634
64,ROBJOB4E_W27,CREGION,Midwest,[0.22305466 0.77694534],0.0025440601160980317
65,ROBJOB4E_W27,CREGION,Northeast,[0.26703996 0.73296004],0.011977134825831372
66,ROBJOB4E_W27,CREGION,South,[0.24955467 0.75044533],0.008888207661462684
67,ROBJOB4E_W27,CREGION,West,[0.25203814 0.74796186],0.005994524699516338
68,CAREGIV1_W27,CREGION,Midwest,[0.03774058 0.27519803 0.6870614 ],0.0
69,CAREGIV1_W27,CREGION,Northeast,[0.074551   0.34881169 0.57663731],0.000777008509109505
70,CAREGIV1_W27,CREGION,South,[0.05435511 0.2712237  0.67442119],0.002812117996830826
71,CAREGIV1_W27,CREGION,West,[0.06435918 0.29733688 0.63830393],0.0
72,WORK3C_W27,CREGION,Midwest,[0.60099265 0.16214599 0.23686136],0.0004977237622653058
73,WORK3C_W27,CREGION,Northeast,[0.67031229 0.1303047  0.19938301],0.0017995468040044977
74,WORK3C_W27,CREGION,South,[0.57508167 0.16683045 0.25808788],0.013588306526086263
75,WORK3C_W27,CREGION,West,[0.58241628 0.18301881 0.23456491],0.0025038210562339847
76,CARS9A_W27,CREGION,Midwest,[0.45474747 0.36562581 0.12535369 0.05427303],0.0037080232453717823
77,CARS9A_W27,CREGION,Northeast,[0.51421198 0.311438   0.13043216 0.04391787],0.003125634114445539
78,CARS9A_W27,CREGION,South,[0.49432257 0.35511283 0.08806302 0.06250158],0.006042134230108665
79,CARS9A_W27,CREGION,West,[0.40307008 0.41388484 0.1471496  0.03589547],0.0032533484025022976
80,CARS7B_W27,CREGION,Midwest,[0.06264358 0.28043953 0.3489976  0.30791929],0.004913536062689303
81,CARS7B_W27,CREGION,Northeast,[0.09271084 0.29707436 0.30638637 0.30382842],0.002266215516937369
82,CARS7B_W27,CREGION,South,[0.07534114 0.232185   0.31741201 0.37506185],0.0008194412742778876
83,CARS7B_W27,CREGION,West,[0.11278966 0.26317294 0.36505248 0.25898492],0.0005679926763892106
84,CARS3A_W27,CREGION,Midwest,[0.10795225 0.26833443 0.37883372 0.2448796 ],0.0003860199909174535
85,CARS3A_W27,CREGION,Northeast,[0.15441093 0.2540495  0.37508713 0.21645244],0.0017746995393718124
86,CARS3A_W27,CREGION,South,[0.09857181 0.26362033 0.38792423 0.24988362],0.005464840963433574
87,CARS3A_W27,CREGION,West,[0.11393037 0.35116727 0.39280726 0.1420951 ],0.0011598012085045333
88,WORK4B_W27,CREGION,Midwest,[0.52357865 0.12554636 0.35087499],0.0
89,WORK4B_W27,CREGION,Northeast,[0.52386568 0.11351105 0.36262327],0.002156077256521313
90,WORK4B_W27,CREGION,South,[0.53130998 0.13266095 0.33602906],0.009538333556110692
91,WORK4B_W27,CREGION,West,[0.55893075 0.1137172  0.32735205],0.002393394127514143
92,CARS9B_W27,CREGION,Midwest,[0.33894393 0.40213964 0.203259   0.05565743],0.0034794966258227438
93,CARS9B_W27,CREGION,Northeast,[0.32661983 0.32943674 0.27211912 0.07182432],0.0034005803762921106
94,CARS9B_W27,CREGION,South,[0.37986914 0.33023082 0.21226149 0.07763855],0.0029912805125564984
95,CARS9B_W27,CREGION,West,[0.28916591 0.34218783 0.31037438 0.05827188],0.00551029747618974
96,ROBJOB5C_W27,CREGION,Midwest,[0.19607342 0.42874246 0.24449826 0.13068585],0.0037138433018387173
97,ROBJOB5C_W27,CREGION,Northeast,[0.24628144 0.37715561 0.21537857 0.16118438],0.008332321577889283
98,ROBJOB5C_W27,CREGION,South,[0.2358608  0.40261077 0.24928911 0.11223933],0.010782871153798177
99,ROBJOB5C_W27,CREGION,West,[0.18166374 0.42835137 0.26106154 0.12892335],0.005639700829637927
100,HIRING1_W27,CREGION,Midwest,[0.07067662 0.37049917 0.55882421],0.0009842423010269204
101,HIRING1_W27,CREGION,Northeast,[0.07486937 0.35850475 0.56662587],0.0010175038900477802
102,HIRING1_W27,CREGION,South,[0.09673164 0.32012048 0.58314788],0.0020251490694959875
103,HIRING1_W27,CREGION,West,[0.10061424 0.31572762 0.58365814],0.0047579889090100394
104,CARS7A_W27,CREGION,Midwest,[0.1002418  0.36198515 0.38697872 0.15079433],0.0
105,CARS7A_W27,CREGION,Northeast,[0.13055666 0.4044178  0.31099112 0.15403441],0.001391212799090134
106,CARS7A_W27,CREGION,South,[0.08413592 0.33393034 0.36123052 0.22070323],0.005443894223419327
107,CARS7A_W27,CREGION,West,[0.14603273 0.4101092  0.3322349  0.11162317],0.00046875526193541233
108,CAREREL_W27,CREGION,Midwest,[0.38175639 0.28279952 0.13287599 0.09854646 0.10402163],0.0036177432331502136
109,CAREREL_W27,CREGION,Northeast,[0.43197336 0.26509831 0.10174844 0.10368721 0.09749268],0.0012206391157706432
110,CAREREL_W27,CREGION,South,[0.41413947 0.27953737 0.11651931 0.1091056  0.08069825],0.003446656862648564
111,CAREREL_W27,CREGION,West,[0.37752643 0.28395978 0.14578228 0.11465228 0.07807923],0.0014498544163370085
112,PREDICTC_W27,CREGION,Midwest,[0.09537219 0.55766068 0.30517532 0.04179181],0.00016676903336510792
113,PREDICTC_W27,CREGION,Northeast,[0.12773745 0.51298036 0.32733371 0.03194849],0.0
114,PREDICTC_W27,CREGION,South,[0.132387   0.53173735 0.2859499  0.04992575],0.0036250429129041466
115,PREDICTC_W27,CREGION,West,[0.11189004 0.5364065  0.32962787 0.02207559],0.0036860714758802943
116,CARS10C_W27,CREGION,Midwest,[0.40296385 0.59703615],0.0035748277646196138
117,CARS10C_W27,CREGION,Northeast,[0.47201772 0.52798228],0.01379211002016858
118,CARS10C_W27,CREGION,South,[0.43106233 0.56893767],0.004518059896898329
119,CARS10C_W27,CREGION,West,[0.45109741 0.54890259],0.004537002819579416
120,DRONE4C_W27,CREGION,Midwest,[0.36591517 0.27393986 0.36014497],0.0038404195614967916
121,DRONE4C_W27,CREGION,Northeast,[0.30053455 0.39563277 0.30383268],0.018923102267619417
122,DRONE4C_W27,CREGION,South,[0.36004643 0.31923846 0.32071512],0.0053302472552737195
123,DRONE4C_W27,CREGION,West,[0.3777027  0.31093064 0.31136666],0.005398964608372561
124,WORK3B_W27,CREGION,Midwest,[0.69762577 0.04567332 0.2567009 ],0.0
125,WORK3B_W27,CREGION,Northeast,[0.77240424 0.04859349 0.17900227],0.003730232437874584
126,WORK3B_W27,CREGION,South,[0.66068615 0.05623588 0.28307797],0.003743563795694654
127,WORK3B_W27,CREGION,West,[0.72771135 0.03230558 0.23998307],0.017099189774762595
128,CAREGIV3B_W27,CREGION,Midwest,[0.11620836 0.42036036 0.34885465 0.11457663],0.0016673884689243895
129,CAREGIV3B_W27,CREGION,Northeast,[0.15615647 0.32403817 0.42496272 0.09484264],0.014076253531976321
130,CAREGIV3B_W27,CREGION,South,[0.16146473 0.29833332 0.4387286  0.10147335],0.0004699349111704775
131,CAREGIV3B_W27,CREGION,West,[0.12060987 0.30850735 0.49356711 0.07731567],0.0
132,WORK3F_W27,CREGION,Midwest,[0.45131672 0.12926508 0.41941819],0.0008167625482810248
133,WORK3F_W27,CREGION,Northeast,[0.47593385 0.09609884 0.42796732],0.001482586762689204
134,WORK3F_W27,CREGION,South,[0.48457746 0.1284777  0.38694484],0.004394729724746703
135,WORK3F_W27,CREGION,West,[0.50032044 0.11607292 0.38360665],0.0020430835135118227
136,PREDICTD_W27,CREGION,Midwest,[0.06514462 0.36564926 0.51546881 0.0537373 ],0.0005073516104258655
137,PREDICTD_W27,CREGION,Northeast,[0.06716281 0.34742368 0.53144524 0.05396828],0.004191086364118095
138,PREDICTD_W27,CREGION,South,[0.07359833 0.36630482 0.47942145 0.08067539],0.0034886085179546217
139,PREDICTD_W27,CREGION,West,[0.06654019 0.37438754 0.49002802 0.06904426],0.002837591972488791
140,WORK2_W27,CREGION,Midwest,[0.16924608 0.50004989 0.33070403],0.004781035456678199
141,WORK2_W27,CREGION,Northeast,[0.21709229 0.44494884 0.33795887],0.002091749464430803
142,WORK2_W27,CREGION,South,[0.16308087 0.54899292 0.28792621],0.0029849345759081275
143,WORK2_W27,CREGION,West,[0.21741112 0.47473247 0.30785641],0.002665841100001485
144,HIRING6A_W27,CREGION,Midwest,[0.2706813 0.4052937 0.324025 ],0.0020019565814819317
145,HIRING6A_W27,CREGION,Northeast,[0.21533945 0.46296056 0.32169999],0.023163505161397365
146,HIRING6A_W27,CREGION,South,[0.23971282 0.44926031 0.31102687],0.002257666357875905
147,HIRING6A_W27,CREGION,West,[0.2666434  0.38037854 0.35297806],0.010637268134727249
148,CARS9C_W27,CREGION,Midwest,[0.54953422 0.31988443 0.10768698 0.02289438],0.0
149,CARS9C_W27,CREGION,Northeast,[0.5202527  0.37548708 0.07478921 0.029471  ],0.0024577313333848903
150,CARS9C_W27,CREGION,South,[0.57845569 0.29746755 0.08487112 0.03920564],0.005227793981249373
151,CARS9C_W27,CREGION,West,[0.4525852  0.39082889 0.12895013 0.02763578],0.003456364400922103
152,HIRING6B_W27,CREGION,Midwest,[0.13618955 0.58307516 0.28073529],0.0012624492120327452
153,HIRING6B_W27,CREGION,Northeast,[0.14418014 0.60016556 0.2556543 ],0.018923102267619417
154,HIRING6B_W27,CREGION,South,[0.11151626 0.59681819 0.29166554],0.0014727213177424285
155,HIRING6B_W27,CREGION,West,[0.10174983 0.62208197 0.2761682 ],0.010637268134727249
156,ROBJOB3B_W27,CREGION,Midwest,[0.22491758 0.49609011 0.23898751 0.04000481],0.0007863135185352711
157,ROBJOB3B_W27,CREGION,Northeast,[0.24435206 0.50000339 0.20605215 0.0495924 ],0.002072014656825487
158,ROBJOB3B_W27,CREGION,South,[0.2867918  0.45623082 0.21416013 0.04281725],0.0026230255785330424
159,ROBJOB3B_W27,CREGION,West,[0.21044045 0.47745775 0.26622067 0.04588113],0.003833440875432515
160,DRONE2_W27,CREGION,Midwest,[0.5474259 0.4525741],0.0
161,DRONE2_W27,CREGION,Northeast,[0.52304209 0.47695791],0.018923102267619417
162,DRONE2_W27,CREGION,South,[0.62145604 0.37854396],0.0002118031988544321
163,DRONE2_W27,CREGION,West,[0.63243597 0.36756403],0.00420249345035056
164,WORK3E_W27,CREGION,Midwest,[0.67380136 0.13948833 0.18671031],0.0006452072079086069
165,WORK3E_W27,CREGION,Northeast,[0.69507204 0.11564452 0.18928345],0.002617167090554798
166,WORK3E_W27,CREGION,South,[0.64590886 0.13252326 0.22156788],0.003033721898748705
167,WORK3E_W27,CREGION,West,[0.70319406 0.11009384 0.1867121 ],0.0015288899198197955
168,CAREGIV6A_W27,CREGION,Midwest,[0.70367185 0.29632815],0.0007275223376605783
169,CAREGIV6A_W27,CREGION,Northeast,[0.72930694 0.27069306],0.01851403799160417
170,CAREGIV6A_W27,CREGION,South,[0.64098163 0.35901837],0.003441744492115804
171,CAREGIV6A_W27,CREGION,West,[0.76731713 0.23268287],0.0042834279217887905
172,CAREGIV6C_W27,CREGION,Midwest,[0.54757957 0.45242043],0.017276185163209765
173,CAREGIV6C_W27,CREGION,Northeast,[0.57475202 0.42524798],0.01740946611730207
174,CAREGIV6C_W27,CREGION,South,[0.56871932 0.43128068],0.0011527067881905865
175,CAREGIV6C_W27,CREGION,West,[0.57615061 0.42384939],0.0056525624417130636
176,DRONE4D_W27,CREGION,Midwest,[0.51297296 0.13750726 0.34951977],0.009796206063317782
177,DRONE4D_W27,CREGION,Northeast,[0.35189963 0.3053404  0.34275998],0.023375548770640766
178,DRONE4D_W27,CREGION,South,[0.40865941 0.27199924 0.31934135],0.007110947153404954
179,DRONE4D_W27,CREGION,West,[0.49037723 0.26340543 0.24621734],0.0042024934503505605
180,VOICE3_W27,CREGION,Midwest,[0.31093745 0.68906255],0.0021989516396325754
181,VOICE3_W27,CREGION,Northeast,[0.34941704 0.65058296],0.002098983212493855
182,VOICE3_W27,CREGION,South,[0.25144104 0.74855896],0.0
183,VOICE3_W27,CREGION,West,[0.16480076 0.83519924],0.026399869607690283
184,CARS10A_W27,CREGION,Midwest,[0.77254682 0.22745318],0.0
185,CARS10A_W27,CREGION,Northeast,[0.77452641 0.22547359],0.007710633712374284
186,CARS10A_W27,CREGION,South,[0.70104664 0.29895336],0.001479100541727496
187,CARS10A_W27,CREGION,West,[0.7897777 0.2102223],0.001013115835356245
188,CAREGIV6D_W27,CREGION,Midwest,[0.65232363 0.34767637],0.0011279407332652647
189,CAREGIV6D_W27,CREGION,Northeast,[0.67854525 0.32145475],0.01851403799160417
190,CAREGIV6D_W27,CREGION,South,[0.60592111 0.39407889],0.014578978496313238
191,CAREGIV6D_W27,CREGION,West,[0.66681605 0.33318395],0.010905486589932066
192,DRONE4A_W27,CREGION,Midwest,[0.13815594 0.51907556 0.3427685 ],0.004810011137197441
193,DRONE4A_W27,CREGION,Northeast,[0.07756178 0.58089686 0.34154136],0.018923102267619417
194,DRONE4A_W27,CREGION,South,[0.12189299 0.55311434 0.32499266],0.0
195,DRONE4A_W27,CREGION,West,[0.11001408 0.52715091 0.36283501],0.005855208943526798
196,DRONE1_W27,CREGION,Midwest,[0.10862618 0.89137382],0.0
197,DRONE1_W27,CREGION,Northeast,[0.0581506 0.9418494],0.019830929439602032
198,DRONE1_W27,CREGION,South,[0.0857728 0.9142272],0.0022649552326722182
199,DRONE1_W27,CREGION,West,[0.08342435 0.91657565],0.006139369877462482
200,CARS3B_W27,CREGION,Midwest,[0.11892923 0.40767397 0.35658804 0.11680877],0.0015344644394095928
201,CARS3B_W27,CREGION,Northeast,[0.13553365 0.41450901 0.35019232 0.09976502],0.0
202,CARS3B_W27,CREGION,South,[0.15764701 0.39491677 0.32323758 0.12419864],0.0026708159403085767
203,CARS3B_W27,CREGION,West,[0.14629057 0.3669814  0.39323986 0.09348817],0.00019801222145522556
204,CAREGIV7_W27,CREGION,Midwest,[0.43259969 0.12700274 0.44039757],0.0
205,CAREGIV7_W27,CREGION,Northeast,[0.55476864 0.17174355 0.27348781],0.023845212792470292
206,CAREGIV7_W27,CREGION,South,[0.49351326 0.21853105 0.28795569],0.0011991958796308262
207,CAREGIV7_W27,CREGION,West,[0.45394155 0.24760357 0.29845488],0.0
208,PREDICTB_W27,CREGION,Midwest,[0.11699219 0.5148998  0.34604762 0.02206039],0.0002098156530020589
209,PREDICTB_W27,CREGION,Northeast,[0.16662293 0.51209612 0.29852361 0.02275735],0.006622742472002019
210,PREDICTB_W27,CREGION,South,[0.15068852 0.52690619 0.28844699 0.0339583 ],0.0025587052311780885
211,PREDICTB_W27,CREGION,West,[0.10041311 0.51121843 0.37580471 0.01256375],0.0009019967137047073
212,INDUSTRY_W27,CREGION,Midwest,"[0.06327577 0.11287091 0.11533965 0.10174388 0.10526921 0.05716761
 0.0315134  0.05703241 0.06741568 0.25234256 0.03602892]",0.0
213,INDUSTRY_W27,CREGION,Northeast,"[0.05268178 0.17288927 0.07628155 0.05475273 0.11534344 0.11794767
 0.03580384 0.05100139 0.10403727 0.17447022 0.04479084]",0.0
214,INDUSTRY_W27,CREGION,South,"[0.08234934 0.10771458 0.11939746 0.11235316 0.07409288 0.07734983
 0.03964037 0.08077309 0.05300135 0.19947006 0.05385788]",0.0006250939671978595
215,INDUSTRY_W27,CREGION,West,"[0.08735023 0.09962993 0.09940325 0.10277534 0.07499143 0.04244036
 0.04855384 0.09837965 0.08358477 0.23091709 0.03197409]",0.0
216,CAREGIV6F_W27,CREGION,Midwest,[0.44206161 0.55793839],0.002379186271448184
217,CAREGIV6F_W27,CREGION,Northeast,[0.4158798 0.5841202],0.029973791813259192
218,CAREGIV6F_W27,CREGION,South,[0.44886502 0.55113498],0.02909203966543599
219,CAREGIV6F_W27,CREGION,West,[0.4097127 0.5902873],0.00839791199420083
220,CARS10E_W27,CREGION,Midwest,[0.26682728 0.73317272],0.0036109134262256727
221,CARS10E_W27,CREGION,Northeast,[0.3026515 0.6973485],0.0008378372844885518
222,CARS10E_W27,CREGION,South,[0.27326999 0.72673001],0.004772554366223799
223,CARS10E_W27,CREGION,West,[0.28558578 0.71441422],0.0009951139959630466
224,ROBJOB8G_W27,CREGION,Midwest,[0.20740892 0.46985458 0.25953988 0.06319662],0.000694207114096462
225,ROBJOB8G_W27,CREGION,Northeast,[0.23480579 0.39915616 0.29920071 0.06683734],0.00561018646883995
226,ROBJOB8G_W27,CREGION,South,[0.20725718 0.42779711 0.27369908 0.09124663],0.001892434300414104
227,ROBJOB8G_W27,CREGION,West,[0.22513229 0.4583823  0.25868589 0.05779952],0.01105698528192904
228,ROBJOB2_W27,CREGION,Midwest,[0.20976952 0.56504545 0.1804946  0.04469043],0.0007004210761276447
229,ROBJOB2_W27,CREGION,Northeast,[0.20326167 0.57431638 0.16095891 0.06146304],0.020727835481026302
230,ROBJOB2_W27,CREGION,South,[0.19761547 0.59136851 0.15287833 0.05813769],0.00561675613727854
231,ROBJOB2_W27,CREGION,West,[0.2181149  0.5553792  0.20036131 0.02614459],0.0037681751422533397
232,VOICE5B_W27,CREGION,Midwest,[0.24983033 0.30272604 0.44744363],0.0
233,VOICE5B_W27,CREGION,Northeast,[0.29391048 0.4019243  0.30416522],0.0
234,VOICE5B_W27,CREGION,South,[0.20700408 0.45073623 0.34225969],0.012314092672730365
235,VOICE5B_W27,CREGION,West,[0.16706476 0.30656988 0.52636536],0.0011053197427329437
236,CARS2_W27,CREGION,Midwest,[0.21601589 0.09764547 0.68633864],0.003252173527680907
237,CARS2_W27,CREGION,Northeast,[0.2647186  0.10750486 0.62777654],0.00409908025169951
238,CARS2_W27,CREGION,South,[0.19320872 0.12786716 0.67892411],0.0021913609666055866
239,CARS2_W27,CREGION,West,[0.24397308 0.1260297  0.62999722],0.0100210377706315
240,CARS4_W27,CREGION,Midwest,[0.08921466 0.60303561 0.17742118 0.04354686 0.08678169],0.0011908613166960072
241,CARS4_W27,CREGION,Northeast,[0.07867277 0.56719057 0.23788333 0.04677487 0.06947847],0.009391270788737178
242,CARS4_W27,CREGION,South,[0.10147167 0.52197408 0.24498955 0.04065982 0.09090488],0.000288622178542256
243,CARS4_W27,CREGION,West,[0.07648728 0.56944464 0.24038901 0.05785509 0.05582398],0.0003135856306525462
244,CAREGIV4_W27,CREGION,Midwest,[0.38856248 0.61143752],0.013135318101292188
245,CAREGIV4_W27,CREGION,Northeast,[0.44264016 0.55735984],0.004285241404310548
246,CAREGIV4_W27,CREGION,South,[0.40327963 0.59672037],0.0007100769797082458
247,CAREGIV4_W27,CREGION,West,[0.42167144 0.57832856],0.00116689879434681
248,HIRING4_W27,CREGION,Midwest,[0.23132933 0.76867067],0.014797709981030093
249,HIRING4_W27,CREGION,Northeast,[0.2368955 0.7631045],0.02693683978873694
250,HIRING4_W27,CREGION,South,[0.21795739 0.78204261],0.012170909214190194
251,HIRING4_W27,CREGION,West,[0.22605612 0.77394388],0.004467806197735332
252,HIRING3A_W27,CREGION,Midwest,[0.02114973 0.23085706 0.48681054 0.26118267],0.0043522695722304815
253,HIRING3A_W27,CREGION,Northeast,[0.0154903  0.17962162 0.52554197 0.27934612],0.018923102267619413
254,HIRING3A_W27,CREGION,South,[0.03678756 0.2061153  0.48088784 0.27620931],0.002404803049171678
255,HIRING3A_W27,CREGION,West,[0.04198503 0.15131645 0.50523003 0.3014685 ],0.00420249345035056
256,ROBJOB8E_W27,CREGION,Midwest,[0.39115648 0.38442372 0.18446216 0.03995763],0.005460150470272587
257,ROBJOB8E_W27,CREGION,Northeast,[0.42501053 0.35706357 0.16533282 0.05259308],0.0018018054681384747
258,ROBJOB8E_W27,CREGION,South,[0.34463973 0.38742676 0.17804912 0.0898844 ],0.0016492001557463502
259,ROBJOB8E_W27,CREGION,West,[0.4125422  0.41582934 0.13486199 0.03676647],0.008730982941577542
260,VOICE4_W27,CREGION,Midwest,[0.43310609 0.41958048 0.14731343],0.016987113854344052
261,VOICE4_W27,CREGION,Northeast,[0.44186972 0.46321844 0.09491184],0.030768026994474184
262,VOICE4_W27,CREGION,South,[0.37813876 0.41610879 0.20575245],0.05029590068441819
263,VOICE4_W27,CREGION,West,[0.3669278  0.45525001 0.17782219],0.03499712166396168
264,DRONE4E_W27,CREGION,Midwest,[0.2603758  0.44901392 0.29061028],0.004587928216260208
265,DRONE4E_W27,CREGION,Northeast,[0.19841319 0.53836425 0.26322256],0.018923102267619417
266,DRONE4E_W27,CREGION,South,[0.25634007 0.41166352 0.33199641],0.0
267,DRONE4E_W27,CREGION,West,[0.22980889 0.43443563 0.33575548],0.006159790034352024
268,VOICE1_W27,CREGION,Midwest,[0.48682387 0.51317613],0.0
269,VOICE1_W27,CREGION,Northeast,[0.44924824 0.55075176],0.0005138469007615799
270,VOICE1_W27,CREGION,South,[0.45857123 0.54142877],0.0010869595780467862
271,VOICE1_W27,CREGION,West,[0.46428648 0.53571352],0.0007804604057632103
272,VOICE5A_W27,CREGION,Midwest,[0.53566037 0.28885756 0.17548207],0.003630710750540962
273,VOICE5A_W27,CREGION,Northeast,[0.65436174 0.24804639 0.09759187],0.0
274,VOICE5A_W27,CREGION,South,[0.53950021 0.25316742 0.20733238],0.028902457058246258
275,VOICE5A_W27,CREGION,West,[0.51631889 0.35748769 0.12619342],0.008611556257235163
276,HIRING3B_W27,CREGION,Midwest,[0.18106008 0.50281581 0.25173118 0.06439294],0.004968928565752738
277,HIRING3B_W27,CREGION,Northeast,[0.22165761 0.43209635 0.30439867 0.04184737],0.018923102267619417
278,HIRING3B_W27,CREGION,South,[0.23320284 0.46752926 0.22850498 0.07076292],0.0016713293830106183
279,HIRING3B_W27,CREGION,West,[0.2034579  0.43974035 0.25794058 0.09886116],0.0064693977517641865
280,HIRING6D_W27,CREGION,Midwest,[0.151191   0.55667911 0.29212988],0.009696561799620779
281,HIRING6D_W27,CREGION,Northeast,[0.13330733 0.63848604 0.22820662],0.025727266348079432
282,HIRING6D_W27,CREGION,South,[0.11505605 0.57369696 0.31124699],0.0002020522296067116
283,HIRING6D_W27,CREGION,West,[0.11903489 0.60391944 0.27704567],0.014523888879083041
284,ROBJOB4A_W27,CREGION,Midwest,[0.7975991 0.2024009],0.007441465836380413
285,ROBJOB4A_W27,CREGION,Northeast,[0.79998559 0.20001441],0.014614598124033042
286,ROBJOB4A_W27,CREGION,South,[0.74261793 0.25738207],0.004906940581065515
287,ROBJOB4A_W27,CREGION,West,[0.76914347 0.23085653],0.00935276439945645
288,DRONE4B_W27,CREGION,Midwest,[0.21511854 0.51529217 0.26958929],0.0036431823439032653
289,DRONE4B_W27,CREGION,Northeast,[0.15483779 0.6018101  0.24335211],0.020394402229702763
290,DRONE4B_W27,CREGION,South,[0.23394856 0.49883995 0.26721149],0.0013529222317663432
291,DRONE4B_W27,CREGION,West,[0.18454674 0.56154772 0.25390554],0.0042024934503505605
292,WORK6_W27,CREGION,Midwest,[0.04935989 0.88946113 0.06117898],0.004784710514188498
293,WORK6_W27,CREGION,Northeast,[0.05027257 0.93633724 0.0133902 ],0.016315011498175085
294,WORK6_W27,CREGION,South,[0.04430251 0.91003707 0.04566042],0.003268572079586917
295,WORK6_W27,CREGION,West,[0.04845256 0.92669844 0.024849  ],0.010748154956222118
296,HIRING6C_W27,CREGION,Midwest,[0.26556057 0.44294426 0.29149517],0.0019102914194354596
297,HIRING6C_W27,CREGION,Northeast,[0.26562751 0.42476227 0.30961022],0.018923102267619417
298,HIRING6C_W27,CREGION,South,[0.23765254 0.44320601 0.31914145],0.00261700666107358
299,HIRING6C_W27,CREGION,West,[0.33786521 0.35665299 0.3054818 ],0.012307356502486103
300,ROBJOB6_W27,CREGION,Midwest,[0.48929011 0.51070989],0.018697380875220306
301,ROBJOB6_W27,CREGION,Northeast,[0.56821036 0.43178964],0.007724884623691084
302,ROBJOB6_W27,CREGION,South,[0.47466445 0.52533555],0.014401428284363974
303,ROBJOB6_W27,CREGION,West,[0.5146264 0.4853736],0.017901313732485626
304,ROBJOB9_W27,CREGION,Midwest,[0.04914528 0.23282952 0.40786756 0.31015765],0.0
305,ROBJOB9_W27,CREGION,Northeast,[0.06658707 0.1885682  0.48752644 0.25731828],0.0
306,ROBJOB9_W27,CREGION,South,[0.06288151 0.21891376 0.40055502 0.3176497 ],0.00017744175212085464
307,ROBJOB9_W27,CREGION,West,[0.08534316 0.28721995 0.33145544 0.29598144],0.0007550720316110019
308,ROBJOB4B_W27,CREGION,Midwest,[0.6217344 0.3782656],0.00045703130520615375
309,ROBJOB4B_W27,CREGION,Northeast,[0.6347258 0.3652742],0.012291395403754946
310,ROBJOB4B_W27,CREGION,South,[0.63867764 0.36132236],0.0014910788247595142
311,ROBJOB4B_W27,CREGION,West,[0.66189908 0.33810092],0.0035314462355535248
312,ROBJOB8D_W27,CREGION,Midwest,[0.08863579 0.32276087 0.41733679 0.17126655],0.0016042597794320799
313,ROBJOB8D_W27,CREGION,Northeast,[0.10991682 0.30958948 0.39715635 0.18333736],0.003085250302432571
314,ROBJOB8D_W27,CREGION,South,[0.11281483 0.31758223 0.35518137 0.21442158],0.0013432771526510857
315,ROBJOB8D_W27,CREGION,West,[0.07987631 0.3198972  0.41112141 0.18910509],0.00764981605165379
316,CAREGIV3A_W27,CREGION,Midwest,[0.08281775 0.3078079  0.40691779 0.20245656],0.0
317,CAREGIV3A_W27,CREGION,Northeast,[0.11567748 0.36063004 0.34608008 0.1776124 ],0.015600516566708635
318,CAREGIV3A_W27,CREGION,South,[0.09051498 0.35477704 0.35344629 0.20126169],0.00046993491117047753
319,CAREGIV3A_W27,CREGION,West,[0.08282027 0.37243591 0.42283679 0.12190704],0.0
320,ROBJOB4D_W27,CREGION,Midwest,[0.42671004 0.57328996],0.0070331906333281355
321,ROBJOB4D_W27,CREGION,Northeast,[0.44216948 0.55783052],0.02134991461301031
322,ROBJOB4D_W27,CREGION,South,[0.41002003 0.58997997],0.0033484445516270877
323,ROBJOB4D_W27,CREGION,West,[0.47074686 0.52925314],0.00600149783573666
324,HIRING7B_W27,CREGION,Midwest,[0.55589063 0.17673662 0.26737275],0.0
325,HIRING7B_W27,CREGION,Northeast,[0.54956134 0.19010815 0.26033052],0.018923102267619417
326,HIRING7B_W27,CREGION,South,[0.56957989 0.15130394 0.27911617],0.001902018664068139
327,HIRING7B_W27,CREGION,West,[0.61392482 0.19737172 0.18870346],0.019913423035076837
328,WORK3D_W27,CREGION,Midwest,[0.52794918 0.11981055 0.35224027],0.0
329,WORK3D_W27,CREGION,Northeast,[0.56990422 0.08740057 0.3426952 ],0.013323051942327267
330,WORK3D_W27,CREGION,South,[0.53887664 0.07076261 0.39036075],0.011537521880425065
331,WORK3D_W27,CREGION,West,[0.55568437 0.08729161 0.35702402],0.01938874531122794
332,CARS10D_W27,CREGION,Midwest,[0.70787219 0.29212781],0.001190861316696007
333,CARS10D_W27,CREGION,Northeast,[0.71972454 0.28027546],0.0029377260163330502
334,CARS10D_W27,CREGION,South,[0.67757699 0.32242301],0.0025041848038452187
335,CARS10D_W27,CREGION,West,[0.70230681 0.29769319],0.0011551384042393286
336,CARS8_W27,CREGION,Midwest,[0.30953087 0.35931153 0.3311576 ],0.0068692070911761105
337,CARS8_W27,CREGION,Northeast,[0.24389428 0.47350148 0.28260424],0.008828221512552909
338,CARS8_W27,CREGION,South,[0.36211865 0.33915613 0.29872522],0.0033903946847131414
339,CARS8_W27,CREGION,West,[0.24418483 0.43822889 0.31758629],0.002184375266503604
340,ROBJOB5B_W27,CREGION,Midwest,[0.45861037 0.41113789 0.11191915 0.01833259],0.0039167713735926615
341,ROBJOB5B_W27,CREGION,Northeast,[0.47744324 0.34775325 0.13582175 0.03898176],0.008971915728952375
342,ROBJOB5B_W27,CREGION,South,[0.50865112 0.36007556 0.10793656 0.02333677],0.00292104289894314
343,ROBJOB5B_W27,CREGION,West,[0.41272506 0.43223223 0.10498522 0.05005749],0.0054859334836982005
344,ROBJOB8F_W27,CREGION,Midwest,[0.11462759 0.26013799 0.39521444 0.23001997],0.008944429815147805
345,ROBJOB8F_W27,CREGION,Northeast,[0.10723755 0.24956996 0.38037718 0.26281531],0.005117283974443647
346,ROBJOB8F_W27,CREGION,South,[0.10692145 0.27142927 0.35081144 0.27083783],0.0009975464418508996
347,ROBJOB8F_W27,CREGION,West,[0.07559808 0.25541335 0.41418828 0.2548003 ],0.010549817993907952
348,ROBJOB7_W27,CREGION,Midwest,[0.39201085 0.60798915],0.02037694716767409
349,ROBJOB7_W27,CREGION,Northeast,[0.45312593 0.54687407],0.0076863194428889465
350,ROBJOB7_W27,CREGION,South,[0.38695013 0.61304987],0.016651661058673158
351,ROBJOB7_W27,CREGION,West,[0.44674257 0.55325743],0.006542875600377213
352,VOICE5C_W27,CREGION,Midwest,[0.05666946 0.14803467 0.79529587],0.013903945641296543
353,VOICE5C_W27,CREGION,Northeast,[0.19793957 0.28192331 0.52013712],0.0
354,VOICE5C_W27,CREGION,South,[0.13882762 0.20512718 0.6560452 ],0.023087368159008033
355,VOICE5C_W27,CREGION,West,[0.16998395 0.18510165 0.6449144 ],0.00470393902568728
356,CARS10B_W27,CREGION,Midwest,[0.77667241 0.22332759],0.00038499622085882355
357,CARS10B_W27,CREGION,Northeast,[0.84479212 0.15520788],0.002566656398756375
358,CARS10B_W27,CREGION,South,[0.82975796 0.17024204],0.0033996843962998007
359,CARS10B_W27,CREGION,West,[0.77848797 0.22151203],0.0038601491202636686
360,ROBJOB4C_W27,CREGION,Midwest,[0.41997088 0.58002912],0.004795332736251263
361,ROBJOB4C_W27,CREGION,Northeast,[0.48291486 0.51708514],0.015065787836328285
362,ROBJOB4C_W27,CREGION,South,[0.41335247 0.58664753],0.0035078939202926418
363,ROBJOB4C_W27,CREGION,West,[0.40738778 0.59261222],0.005815777175450135
364,ROBJOB4F_W27,CREGION,Midwest,[0.40300609 0.59699391],0.011926071979625292
365,ROBJOB4F_W27,CREGION,Northeast,[0.43600672 0.56399328],0.01579487475091411
366,ROBJOB4F_W27,CREGION,South,[0.39119152 0.60880848],0.003503231029501432
367,ROBJOB4F_W27,CREGION,West,[0.40260545 0.59739455],0.00476176116016014
368,ROBJOB5D_W27,CREGION,Midwest,[0.216122   0.37493218 0.29382787 0.11511795],0.013828183722810706
369,ROBJOB5D_W27,CREGION,Northeast,[0.23123563 0.34655272 0.30056523 0.12164642],0.012169022127055113
370,ROBJOB5D_W27,CREGION,South,[0.23783652 0.36377874 0.28192897 0.11645577],0.010645389405302068
371,ROBJOB5D_W27,CREGION,West,[0.15260241 0.40706779 0.30313714 0.13719266],0.01363263957117209
372,CARS5_W27,CREGION,Midwest,[0.4189301 0.5810699],0.001801788156627205
373,CARS5_W27,CREGION,Northeast,[0.4809409 0.5190591],0.0018786098171694268
374,CARS5_W27,CREGION,South,[0.401809 0.598191],0.0004471022901658071
375,CARS5_W27,CREGION,West,[0.47939494 0.52060506],0.008718230853961657
376,ROBJOB8C_W27,CREGION,Midwest,[0.02362612 0.20095334 0.47026771 0.30515283],0.0006066383118148095
377,ROBJOB8C_W27,CREGION,Northeast,[0.06954757 0.13533162 0.45025777 0.34486304],0.008270121770046825
378,ROBJOB8C_W27,CREGION,South,[0.03874774 0.17300203 0.44968189 0.33856835],0.0009116482288311324
379,ROBJOB8C_W27,CREGION,West,[0.02605221 0.13460513 0.47946047 0.3598822 ],0.013474835075175684
380,ROBJOB8B_W27,CREGION,Midwest,[0.12678844 0.36549881 0.41196181 0.09575094],0.0045785802072749095
381,ROBJOB8B_W27,CREGION,Northeast,[0.13593373 0.36386837 0.36686141 0.13333649],0.010790103521579095
382,ROBJOB8B_W27,CREGION,South,[0.1357412  0.35214231 0.36974497 0.14237152],0.00493640764972936
383,ROBJOB8B_W27,CREGION,West,[0.13022602 0.3927983  0.36696265 0.11001303],0.008509398550103233
0,CAREGIV2_W27,AGE,18-29,[0.07932763 0.56439696 0.24379211 0.11248331],0.0
1,CAREGIV2_W27,AGE,30-49,[0.10891255 0.49888001 0.31037008 0.08183735],0.0025911787571182465
2,CAREGIV2_W27,AGE,50-64,[0.11321335 0.47651868 0.28633357 0.12393439],0.00040150104696703607
3,CAREGIV2_W27,AGE,65+,[0.10331658 0.41747467 0.31691873 0.16229001],0.008032972261101225
4,ROBJOB1_W27,AGE,18-29,[0.26247082 0.55641093 0.18111825],0.0
5,ROBJOB1_W27,AGE,30-49,[0.23012232 0.62906546 0.14081222],0.002408050222598546
6,ROBJOB1_W27,AGE,50-64,[0.24517705 0.6233998  0.13142315],0.002550317311881986
7,ROBJOB1_W27,AGE,65+,[0.23498155 0.63218246 0.13283599],0.003911672768979068
8,WORK3A_W27,AGE,18-29,[0.33652675 0.13794184 0.52553141],0.0
9,WORK3A_W27,AGE,30-49,[0.30056529 0.14443744 0.55499726],0.008870726822450452
10,WORK3A_W27,AGE,50-64,[0.19424546 0.16024808 0.64550646],0.008879549409208648
11,WORK3A_W27,AGE,65+,[0.22174062 0.08159732 0.69666206],0.008299269714534362
12,ROBJOB3A_W27,AGE,18-29,[0.0876286  0.27688547 0.47254319 0.16294273],0.0024516468519734875
13,ROBJOB3A_W27,AGE,30-49,[0.05776184 0.29981992 0.46442713 0.17799111],0.002893093147268469
14,ROBJOB3A_W27,AGE,50-64,[0.05027982 0.25357914 0.45657373 0.2395673 ],0.004894411429011873
15,ROBJOB3A_W27,AGE,65+,[0.03205648 0.23085342 0.49766924 0.23942086],0.003697488885745056
16,WORK5A_W27,AGE,18-29,[0.04467044 0.87889693 0.07643263],0.008160535391650313
17,WORK5A_W27,AGE,30-49,[0.01683111 0.94898972 0.03417917],0.0008249977443034164
18,WORK5A_W27,AGE,50-64,[0.02553396 0.94419811 0.03026793],0.0010423509808138208
19,WORK5A_W27,AGE,65+,[0.01257245 0.97615267 0.01127488],0.002075365847714426
20,WORK4C_W27,AGE,18-29,[0.5103292  0.12705577 0.36261502],0.0
21,WORK4C_W27,AGE,30-49,[0.4795012  0.11466888 0.40582992],0.003535797866305462
22,WORK4C_W27,AGE,50-64,[0.41500294 0.14719881 0.43779825],0.003077015790812111
23,WORK4C_W27,AGE,65+,[0.37500475 0.19595882 0.42903643],0.0
24,WORK4A_W27,AGE,18-29,[0.38133762 0.30954901 0.30911336],0.0
25,WORK4A_W27,AGE,30-49,[0.39651205 0.31748108 0.28600687],0.0
26,WORK4A_W27,AGE,50-64,[0.40201853 0.24961218 0.34836929],0.00146837978008291
27,WORK4A_W27,AGE,65+,[0.29552612 0.24613251 0.45834137],0.005801040140204038
28,CAREGIV6B_W27,AGE,18-29,[0.52455206 0.47544794],0.0015356045128852227
29,CAREGIV6B_W27,AGE,30-49,[0.50045095 0.49954905],0.012408483439205201
30,CAREGIV6B_W27,AGE,50-64,[0.51736169 0.48263831],0.0076020241167741205
31,CAREGIV6B_W27,AGE,65+,[0.55150903 0.44849097],0.027873965626090583
32,CAREGIV6E_W27,AGE,18-29,[0.60963989 0.39036011],0.0015356045128852227
33,CAREGIV6E_W27,AGE,30-49,[0.62859418 0.37140582],0.010588573504013545
34,CAREGIV6E_W27,AGE,50-64,[0.59939025 0.40060975],0.004300890540386328
35,CAREGIV6E_W27,AGE,65+,[0.52213571 0.47786429],0.0023396759420154707
36,CARS1_W27,AGE,18-29,[0.30047449 0.61722265 0.08230286],0.0007708977753775129
37,CARS1_W27,AGE,30-49,[0.35212329 0.5896152  0.05826151],0.0030879231359004352
38,CARS1_W27,AGE,50-64,[0.3334322  0.61063773 0.05593008],0.006273014132882176
39,CARS1_W27,AGE,65+,[0.41117332 0.55532086 0.03350581],0.00046980155532151864
40,HIRING7A_W27,AGE,18-29,[0.1948262  0.49074045 0.31443335],0.006201080868876955
41,HIRING7A_W27,AGE,30-49,[0.17518946 0.53128703 0.29352351],0.00135019712997503
42,HIRING7A_W27,AGE,50-64,[0.18489843 0.5155827  0.29951886],0.014384403900883398
43,HIRING7A_W27,AGE,65+,[0.25682942 0.47284205 0.27032853],0.02523768567998573
44,WORK7_W27,AGE,18-29,[0.16655209 0.83344791],0.0146002894292714
45,WORK7_W27,AGE,30-49,[0.17489863 0.82510137],0.0063637702271928135
46,WORK7_W27,AGE,50-64,[0.20196238 0.79803762],0.007749696804381056
47,WORK7_W27,AGE,65+,[0.17686409 0.82313591],0.0016081777235357304
48,PREDICTA_W27,AGE,18-29,[0.21455469 0.51397949 0.21821759 0.05324823],0.000771117736081726
49,PREDICTA_W27,AGE,30-49,[0.18399064 0.58360428 0.22656289 0.00584219],0.008212567503019392
50,PREDICTA_W27,AGE,50-64,[0.23287082 0.59973118 0.1473278  0.0200702 ],0.0019764176461683305
51,PREDICTA_W27,AGE,65+,[0.21904658 0.63466116 0.1258933  0.02039896],0.0056978644377134804
52,VOICE5D_W27,AGE,18-29,[0.23996538 0.44953052 0.3105041 ],0.0
53,VOICE5D_W27,AGE,30-49,[0.22911128 0.35498741 0.41590131],0.0
54,VOICE5D_W27,AGE,50-64,[0.19054512 0.38920671 0.42024816],0.016466933294691084
55,VOICE5D_W27,AGE,65+,[0.26205686 0.38866764 0.3492755 ],0.002510664907885922
56,HIRING2_W27,AGE,18-29,[0.1371274  0.52591223 0.20814149 0.12881888],0.004770194473789088
57,HIRING2_W27,AGE,30-49,[0.12951766 0.48255365 0.30470723 0.08322145],0.0
58,HIRING2_W27,AGE,50-64,[0.09920805 0.47784331 0.27729955 0.1456491 ],0.0
59,HIRING2_W27,AGE,65+,[0.09280679 0.39955928 0.32759657 0.18003736],0.0003941628285832342
60,ROBJOB8A_W27,AGE,18-29,[0.15773943 0.32207765 0.36214249 0.15804042],0.010616401790791388
61,ROBJOB8A_W27,AGE,30-49,[0.14515378 0.39040701 0.34340927 0.12102993],0.006574360236361132
62,ROBJOB8A_W27,AGE,50-64,[0.16948355 0.41434263 0.32608482 0.090089  ],0.004367445155384877
63,ROBJOB8A_W27,AGE,65+,[0.13162769 0.37993938 0.37711831 0.11131462],0.008739768062814991
64,ROBJOB4E_W27,AGE,18-29,[0.27804446 0.72195554],0.0024516468519734875
65,ROBJOB4E_W27,AGE,30-49,[0.2277844 0.7722156],0.012714320954332411
66,ROBJOB4E_W27,AGE,50-64,[0.25052438 0.74947562],0.004630661787047636
67,ROBJOB4E_W27,AGE,65+,[0.24381605 0.75618395],0.007940772394429028
68,CAREGIV1_W27,AGE,18-29,[0.10812484 0.28447234 0.60740282],0.0
69,CAREGIV1_W27,AGE,30-49,[0.044576   0.27773994 0.67768406],0.0012068210486835145
70,CAREGIV1_W27,AGE,50-64,[0.04219567 0.28570276 0.67210157],0.0
71,CAREGIV1_W27,AGE,65+,[0.04233605 0.33589118 0.62177277],0.004088714991418067
72,WORK3C_W27,AGE,18-29,[0.59551999 0.19312102 0.21135899],0.001474472511662193
73,WORK3C_W27,AGE,30-49,[0.65787622 0.14665995 0.19546382],0.004867975395578999
74,WORK3C_W27,AGE,50-64,[0.52372192 0.16664503 0.30963304],0.013050206619231031
75,WORK3C_W27,AGE,65+,[0.57463325 0.12350844 0.30185831],0.0
76,CARS9A_W27,AGE,18-29,[0.4027287  0.37987255 0.13057814 0.0868206 ],0.0
77,CARS9A_W27,AGE,30-49,[0.42207991 0.39740389 0.12916773 0.05134846],0.0011238466026014659
78,CARS9A_W27,AGE,50-64,[0.53879719 0.31187725 0.10561814 0.04370742],0.01078588859068363
79,CARS9A_W27,AGE,65+,[0.52123823 0.3568291  0.10106272 0.02086995],0.005573053267137476
80,CARS7B_W27,AGE,18-29,[0.12995638 0.28033664 0.37795869 0.2117483 ],0.0
81,CARS7B_W27,AGE,30-49,[0.09691703 0.29619771 0.31320513 0.29368013],0.001153732449070197
82,CARS7B_W27,AGE,50-64,[0.06431478 0.23275229 0.30990444 0.3930285 ],0.004192947816049429
83,CARS7B_W27,AGE,65+,[0.04173343 0.22341852 0.35137787 0.38347018],0.0020883480573503973
84,CARS3A_W27,AGE,18-29,[0.1624566  0.3307499  0.36044944 0.14634406],0.00045384411056127066
85,CARS3A_W27,AGE,30-49,[0.13636822 0.31156921 0.36653283 0.18552974],0.001153732449070197
86,CARS3A_W27,AGE,50-64,[0.07373824 0.27215031 0.40342911 0.25068234],0.006722356461642039
87,CARS3A_W27,AGE,65+,[0.08148728 0.19735839 0.41710742 0.30404691],0.0020506262590556873
88,WORK4B_W27,AGE,18-29,[0.53282258 0.14207423 0.32510319],0.0
89,WORK4B_W27,AGE,30-49,[0.58130583 0.09690102 0.32179316],0.007714138931865413
90,WORK4B_W27,AGE,50-64,[0.48807826 0.14006584 0.37185589],0.003607701400810451
91,WORK4B_W27,AGE,65+,[0.43881213 0.13780996 0.4233779 ],0.003644270593622884
92,CARS9B_W27,AGE,18-29,[0.25902846 0.36545422 0.29379241 0.08172491],0.001927102668233802
93,CARS9B_W27,AGE,30-49,[0.30041018 0.36269224 0.26713995 0.06975763],0.00029016002700171583
94,CARS9B_W27,AGE,50-64,[0.40326491 0.30287572 0.22070912 0.07315025],0.008206280536623622
95,CARS9B_W27,AGE,65+,[0.40913026 0.36836237 0.18357787 0.03892951],0.005445594865552721
96,ROBJOB5C_W27,AGE,18-29,[0.23452502 0.34798168 0.24579503 0.17169827],0.009636544200079103
97,ROBJOB5C_W27,AGE,30-49,[0.19336466 0.43632395 0.23518231 0.13512908],0.008500367757446696
98,ROBJOB5C_W27,AGE,50-64,[0.22000678 0.38384867 0.27288988 0.12325467],0.003467543298431494
99,ROBJOB5C_W27,AGE,65+,[0.23138793 0.46826041 0.21955238 0.08079927],0.009764171465762738
100,HIRING1_W27,AGE,18-29,[0.13030115 0.29499716 0.57470169],0.004770194473789088
101,HIRING1_W27,AGE,30-49,[0.09153973 0.34010564 0.56835463],0.0008033749359108621
102,HIRING1_W27,AGE,50-64,[0.07032042 0.4107048  0.51897478],0.0028266381231015283
103,HIRING1_W27,AGE,65+,[0.05946817 0.26876523 0.67176659],0.0012116239869142478
104,CARS7A_W27,AGE,18-29,[0.15453132 0.41432903 0.33406566 0.09707399],0.0
105,CARS7A_W27,AGE,30-49,[0.12820338 0.41525928 0.31203248 0.14450487],0.0
106,CARS7A_W27,AGE,50-64,[0.08733823 0.32485167 0.37174185 0.21606825],0.007739842230608104
107,CARS7A_W27,AGE,65+,[0.06493889 0.31160506 0.40586226 0.21759379],0.0013920925021833177
108,CAREREL_W27,AGE,18-29,[0.43077864 0.40470474 0.0926345  0.01611777 0.05576436],0.0
109,CAREREL_W27,AGE,30-49,[0.4832297  0.32344164 0.10234436 0.05105081 0.03993349],0.003203986053050652
110,CAREREL_W27,AGE,50-64,[0.39879163 0.1930602  0.14836578 0.11316546 0.14661692],0.0004985700136386058
111,CAREREL_W27,AGE,65+,[0.23406769 0.18103739 0.16215379 0.29830485 0.12443628],0.007470461672825316
112,PREDICTC_W27,AGE,18-29,[0.13408899 0.51381162 0.29395355 0.05814584],0.0
113,PREDICTC_W27,AGE,30-49,[0.12661166 0.50570481 0.32986097 0.03782257],0.0032321888601207853
114,PREDICTC_W27,AGE,50-64,[0.12418566 0.55810824 0.27782167 0.03988444],0.0009058128331481367
115,PREDICTC_W27,AGE,65+,[0.0807763  0.57471438 0.32971069 0.01479863],0.004819928736041261
116,CARS10C_W27,AGE,18-29,[0.44194364 0.55805636],0.000827177352632029
117,CARS10C_W27,AGE,30-49,[0.42409017 0.57590983],0.005411881908821448
118,CARS10C_W27,AGE,50-64,[0.46752503 0.53247497],0.005461240068802759
119,CARS10C_W27,AGE,65+,[0.41263553 0.58736447],0.013930268197602099
120,DRONE4C_W27,AGE,18-29,[0.4037275 0.1925175 0.403755 ],0.004770194473789088
121,DRONE4C_W27,AGE,30-49,[0.4601237  0.25591556 0.28396074],0.0020758189433721023
122,DRONE4C_W27,AGE,50-64,[0.28637078 0.40531913 0.30831009],0.0019383910818291464
123,DRONE4C_W27,AGE,65+,[0.2082524  0.46964209 0.32210551],0.029076566115563907
124,WORK3B_W27,AGE,18-29,[0.71230947 0.05852754 0.22916299],0.001474472511662193
125,WORK3B_W27,AGE,30-49,[0.79199793 0.02636217 0.18163991],0.004065313813363267
126,WORK3B_W27,AGE,50-64,[0.59604908 0.05874355 0.34520738],0.014198571082800841
127,WORK3B_W27,AGE,65+,[0.57889926 0.08318727 0.33791347],0.004299885599896488
128,CAREGIV3B_W27,AGE,18-29,[0.1262885  0.29069254 0.49347649 0.08954248],0.010124426686877163
129,CAREGIV3B_W27,AGE,30-49,[0.120939   0.33112086 0.42120434 0.12673581],0.001686471019371337
130,CAREGIV3B_W27,AGE,50-64,[0.19609041 0.36642536 0.36021608 0.07726814],0.001003577834475472
131,CAREGIV3B_W27,AGE,65+,[0.11776434 0.3289944  0.46721101 0.08603025],0.0013716046493069164
132,WORK3F_W27,AGE,18-29,[0.53766249 0.09651712 0.36582039],0.001474472511662193
133,WORK3F_W27,AGE,30-49,[0.47679197 0.12446555 0.39874248],0.0011242517965169053
134,WORK3F_W27,AGE,50-64,[0.44053327 0.13129235 0.42817438],0.0047006007090881355
135,WORK3F_W27,AGE,65+,[0.42023697 0.1308978  0.44886523],0.006493102992734845
136,PREDICTD_W27,AGE,18-29,[0.08689843 0.33776323 0.45717206 0.11816628],0.0004805819493342758
137,PREDICTD_W27,AGE,30-49,[0.06353926 0.35721311 0.52010883 0.0591388 ],0.002287466612557216
138,PREDICTD_W27,AGE,50-64,[0.0702447  0.3997986  0.47780367 0.05215304],0.0016258142032837548
139,PREDICTD_W27,AGE,65+,[0.05635276 0.3573025  0.54088182 0.04546292],0.008127882967695357
140,WORK2_W27,AGE,18-29,[0.26849157 0.36462995 0.36687848],0.0008612550529526785
141,WORK2_W27,AGE,30-49,[0.22457146 0.45222996 0.32319858],0.0037465678502124782
142,WORK2_W27,AGE,50-64,[0.1548846  0.54915448 0.29596091],0.003128205401974199
143,WORK2_W27,AGE,65+,[0.0781705  0.67183293 0.24999657],0.004593598966646316
144,HIRING6A_W27,AGE,18-29,[0.23799108 0.37483198 0.38717694],0.004770194473789088
145,HIRING6A_W27,AGE,30-49,[0.25326995 0.39119527 0.35553478],0.0032765322780063475
146,HIRING6A_W27,AGE,50-64,[0.25993506 0.48506329 0.25500165],0.008718575190706325
147,HIRING6A_W27,AGE,65+,[0.23225439 0.46003303 0.30771257],0.020005150961597353
148,CARS9C_W27,AGE,18-29,[0.49907882 0.36738531 0.08871448 0.04482139],0.0
149,CARS9C_W27,AGE,30-49,[0.48984129 0.3594705  0.12220663 0.02848158],0.00593959286761602
150,CARS9C_W27,AGE,50-64,[0.57086705 0.31345273 0.08409715 0.03158306],0.0035687481941050203
151,CARS9C_W27,AGE,65+,[0.58514995 0.30751036 0.08727484 0.02006485],0.0014026726254985089
152,HIRING6B_W27,AGE,18-29,[0.12628194 0.49633125 0.37738681],0.004770194473789088
153,HIRING6B_W27,AGE,30-49,[0.13429939 0.64638065 0.21931997],0.001987447897195882
154,HIRING6B_W27,AGE,50-64,[0.10019018 0.64668104 0.25312878],0.005264119188154671
155,HIRING6B_W27,AGE,65+,[0.11924125 0.57339438 0.30736437],0.020748598435371773
156,ROBJOB3B_W27,AGE,18-29,[0.21678591 0.4914918  0.23518895 0.05653334],0.0032455091184337235
157,ROBJOB3B_W27,AGE,30-49,[0.22788659 0.49780489 0.23486951 0.03943901],0.0016639887463674068
158,ROBJOB3B_W27,AGE,50-64,[0.29376129 0.43713029 0.23752501 0.03158341],0.0023201478546894896
159,ROBJOB3B_W27,AGE,65+,[0.25184853 0.48575517 0.20560387 0.05679243],0.002885953977286765
160,DRONE2_W27,AGE,18-29,[0.68904683 0.31095317],0.004770194473789088
161,DRONE2_W27,AGE,30-49,[0.70062652 0.29937348],0.0
162,DRONE2_W27,AGE,50-64,[0.5033629 0.4966371],0.0002774062991958101
163,DRONE2_W27,AGE,65+,[0.40374446 0.59625554],0.01927089422577426
164,WORK3E_W27,AGE,18-29,[0.63394403 0.17392262 0.19213335],0.0
165,WORK3E_W27,AGE,30-49,[0.75237629 0.11353335 0.13409036],0.004753075212418569
166,WORK3E_W27,AGE,50-64,[0.6287215  0.09965586 0.27162264],0.0002798806867386665
167,WORK3E_W27,AGE,65+,[0.53810618 0.11238698 0.34950684],0.0008486547235299641
168,CAREGIV6A_W27,AGE,18-29,[0.65973449 0.34026551],0.0015356045128852227
169,CAREGIV6A_W27,AGE,30-49,[0.66909122 0.33090878],0.011581532634926058
170,CAREGIV6A_W27,AGE,50-64,[0.73796881 0.26203119],0.0029968407773545863
171,CAREGIV6A_W27,AGE,65+,[0.73875002 0.26124998],0.00500499883930905
172,CAREGIV6C_W27,AGE,18-29,[0.55081748 0.44918252],0.017711733114007568
173,CAREGIV6C_W27,AGE,30-49,[0.59441429 0.40558571],0.012325138073679085
174,CAREGIV6C_W27,AGE,50-64,[0.60704834 0.39295166],0.0005878927260139658
175,CAREGIV6C_W27,AGE,65+,[0.48273858 0.51726142],0.004274659838675215
176,DRONE4D_W27,AGE,18-29,[0.46333028 0.14790146 0.38876826],0.016104285196634482
177,DRONE4D_W27,AGE,30-49,[0.5602369  0.15686939 0.28289371],0.00885381320594908
178,DRONE4D_W27,AGE,50-64,[0.37753625 0.31993557 0.30252818],0.0004190990270354258
179,DRONE4D_W27,AGE,65+,[0.29370369 0.41875002 0.28754628],0.01927089422577426
180,VOICE3_W27,AGE,18-29,[0.23056269 0.76943731],0.022952994697945883
181,VOICE3_W27,AGE,30-49,[0.27772765 0.72227235],0.001970278639574157
182,VOICE3_W27,AGE,50-64,[0.29657705 0.70342295],0.0005841942800617716
183,VOICE3_W27,AGE,65+,[0.23034004 0.76965996],0.0
184,CARS10A_W27,AGE,18-29,[0.77400482 0.22599518],0.002555034775169231
185,CARS10A_W27,AGE,30-49,[0.80807748 0.19192252],0.0002678384731233185
186,CARS10A_W27,AGE,50-64,[0.74663562 0.25336438],0.0036815617130324806
187,CARS10A_W27,AGE,65+,[0.63253078 0.36746922],0.0031727843587713907
188,CAREGIV6D_W27,AGE,18-29,[0.63966774 0.36033226],0.0015356045128852227
189,CAREGIV6D_W27,AGE,30-49,[0.60651289 0.39348711],0.03143738821313902
190,CAREGIV6D_W27,AGE,50-64,[0.66071603 0.33928397],0.0003560975841266622
191,CAREGIV6D_W27,AGE,65+,[0.68231401 0.31768599],0.004528449786673227
192,DRONE4A_W27,AGE,18-29,[0.12206763 0.37247342 0.50545896],0.004770194473789088
193,DRONE4A_W27,AGE,30-49,[0.16707877 0.50235863 0.3305626 ],0.0038693752404271873
194,DRONE4A_W27,AGE,50-64,[0.09456563 0.59985242 0.30558196],0.0
195,DRONE4A_W27,AGE,65+,[0.03959314 0.74058177 0.21982509],0.020088416389173025
196,DRONE1_W27,AGE,18-29,[0.1233007 0.8766993],0.004770194473789088
197,DRONE1_W27,AGE,30-49,[0.1185659 0.8814341],0.0016582341060191958
198,DRONE1_W27,AGE,50-64,[0.05900727 0.94099273],0.002414492527741687
199,DRONE1_W27,AGE,65+,[0.01801502 0.98198498],0.020634002102980716
200,CARS3B_W27,AGE,18-29,[0.11590566 0.4451783  0.33191656 0.10699949],0.0
201,CARS3B_W27,AGE,30-49,[0.13623039 0.35993946 0.39157698 0.11225317],0.00032225297835090493
202,CARS3B_W27,AGE,50-64,[0.1630309  0.38398478 0.34681249 0.10617182],0.004426043963245447
203,CARS3B_W27,AGE,65+,[0.15445576 0.41301276 0.31294901 0.11958247],0.00024272691340953648
204,CAREGIV7_W27,AGE,18-29,[0.41967308 0.27076985 0.30955707],0.0
205,CAREGIV7_W27,AGE,30-49,[0.47727262 0.16610864 0.35661874],0.011230997387243145
206,CAREGIV7_W27,AGE,50-64,[0.48833297 0.2066814  0.30498564],0.004217375606660559
207,CAREGIV7_W27,AGE,65+,[0.55138313 0.15279953 0.29581734],0.0008109590147722604
208,PREDICTB_W27,AGE,18-29,[0.15302107 0.44491935 0.34853063 0.05352895],0.001505783063752274
209,PREDICTB_W27,AGE,30-49,[0.12035478 0.52515563 0.34048444 0.01400515],0.00483580396242055
210,PREDICTB_W27,AGE,50-64,[0.15648676 0.5364131  0.28603592 0.02106423],0.0011375572112130078
211,PREDICTB_W27,AGE,65+,[0.10834708 0.55989298 0.3175837  0.01417623],0.0011952714187561041
212,INDUSTRY_W27,AGE,18-29,"[0.11604175 0.10819318 0.08652029 0.15229802 0.06179798 0.07182574
 0.01874122 0.06943615 0.09133708 0.196461   0.02734759]",0.0008777401341259521
213,INDUSTRY_W27,AGE,30-49,"[0.04783496 0.11896136 0.13142555 0.06864845 0.11456372 0.07108047
 0.03117074 0.08214766 0.08534502 0.21280517 0.0360169 ]",0.0
214,INDUSTRY_W27,AGE,50-64,"[0.08176444 0.13621466 0.10009476 0.08316813 0.06394921 0.07518196
 0.07785523 0.0746713  0.04457458 0.22917722 0.0333485 ]",0.0
215,INDUSTRY_W27,AGE,65+,"[0.04134183 0.1027932  0.0456111  0.10782517 0.12901103 0.07712558
 0.01672582 0.04274553 0.04505428 0.21714293 0.17462355]",0.0
216,CAREGIV6F_W27,AGE,18-29,[0.35426012 0.64573988],0.004633612068068218
217,CAREGIV6F_W27,AGE,30-49,[0.36192406 0.63807594],0.027223715986710126
218,CAREGIV6F_W27,AGE,50-64,[0.53096568 0.46903432],0.006557853241553029
219,CAREGIV6F_W27,AGE,65+,[0.49807807 0.50192193],0.037072680579227545
220,CARS10E_W27,AGE,18-29,[0.37667052 0.62332948],0.0
221,CARS10E_W27,AGE,30-49,[0.30078256 0.69921744],0.0030615411829671493
222,CARS10E_W27,AGE,50-64,[0.22401872 0.77598128],0.002090084213748837
223,CARS10E_W27,AGE,65+,[0.21766811 0.78233189],0.007053077332223662
224,ROBJOB8G_W27,AGE,18-29,[0.22414098 0.44077281 0.2664267  0.0686595 ],0.011861518293179845
225,ROBJOB8G_W27,AGE,30-49,[0.24541323 0.42902348 0.25936692 0.06619637],0.004586946458257627
226,ROBJOB8G_W27,AGE,50-64,[0.20961474 0.47072026 0.24735397 0.07231102],0.001162115600578627
227,ROBJOB8G_W27,AGE,65+,[0.16917742 0.40593436 0.33471137 0.09017685],0.0007234995225710266
228,ROBJOB2_W27,AGE,18-29,[0.21940014 0.53088026 0.18803726 0.06168235],0.0
229,ROBJOB2_W27,AGE,30-49,[0.2023566  0.60076602 0.15893765 0.03793973],0.00737518756632984
230,ROBJOB2_W27,AGE,50-64,[0.20785552 0.57269051 0.17811771 0.04133627],0.008254568466030291
231,ROBJOB2_W27,AGE,65+,[0.19346781 0.57984178 0.16492759 0.06176281],0.012295007470552233
232,VOICE5B_W27,AGE,18-29,[0.30306666 0.29885867 0.39807467],0.0
233,VOICE5B_W27,AGE,30-49,[0.1292082  0.40765389 0.46313792],0.0
234,VOICE5B_W27,AGE,50-64,[0.27084875 0.40488261 0.32426864],0.016466933294691087
235,VOICE5B_W27,AGE,65+,[0.25802162 0.38275099 0.35922738],0.006366218995396744
236,CARS2_W27,AGE,18-29,[0.29560318 0.11905735 0.58533947],0.0003537503480619006
237,CARS2_W27,AGE,30-49,[0.26461417 0.09478381 0.64060202],0.0
238,CARS2_W27,AGE,50-64,[0.16723719 0.13555782 0.69720499],0.00853582162612751
239,CARS2_W27,AGE,65+,[0.15596327 0.12623329 0.71780345],0.011604648002575529
240,CARS4_W27,AGE,18-29,[0.09990727 0.50657268 0.26113893 0.0709668  0.06141432],0.0
241,CARS4_W27,AGE,30-49,[0.08329651 0.54951188 0.25777642 0.0441614  0.0652538 ],0.00032225297835090493
242,CARS4_W27,AGE,50-64,[0.09992715 0.57823364 0.20149489 0.03924756 0.08109676],0.0010534925838170013
243,CARS4_W27,AGE,65+,[0.06985927 0.60542139 0.17776484 0.03312787 0.11382664],0.009548115835236345
244,CAREGIV4_W27,AGE,18-29,[0.45787161 0.54212839],0.0009887523281156376
245,CAREGIV4_W27,AGE,30-49,[0.42619482 0.57380518],0.0006536184332064836
246,CAREGIV4_W27,AGE,50-64,[0.38618305 0.61381695],0.0
247,CAREGIV4_W27,AGE,65+,[0.37257841 0.62742159],0.019250573867562085
248,HIRING4_W27,AGE,18-29,[0.3773769 0.6226231],0.006866600788796537
249,HIRING4_W27,AGE,30-49,[0.21099009 0.78900991],0.01432906988905733
250,HIRING4_W27,AGE,50-64,[0.18467047 0.81532953],0.006821501045738364
251,HIRING4_W27,AGE,65+,[0.13694988 0.86305012],0.03036622882352598
252,HIRING3A_W27,AGE,18-29,[0.04507946 0.25567348 0.42834433 0.27090272],0.006866600788796537
253,HIRING3A_W27,AGE,30-49,[0.03686824 0.16322914 0.5702134  0.22968922],0.0
254,HIRING3A_W27,AGE,50-64,[0.02399367 0.20026017 0.4486743  0.32707186],0.004025066325038586
255,HIRING3A_W27,AGE,65+,[0.01337635 0.16285356 0.5129997  0.31077039],0.020507857121870844
256,ROBJOB8E_W27,AGE,18-29,[0.45876793 0.32041236 0.1370799  0.08373981],0.008160535391650311
257,ROBJOB8E_W27,AGE,30-49,[0.43454832 0.37816379 0.15841285 0.02887504],0.0024151364864801726
258,ROBJOB8E_W27,AGE,50-64,[0.3096038  0.44012632 0.17855225 0.07171763],0.0036196651885638245
259,ROBJOB8E_W27,AGE,65+,[0.32770513 0.40449093 0.19758918 0.07021476],0.003372371036511431
260,VOICE4_W27,AGE,18-29,[0.36952554 0.45182616 0.1786483 ],0.0
261,VOICE4_W27,AGE,30-49,[0.33913686 0.49363582 0.16722732],0.0364791570951235
262,VOICE4_W27,AGE,50-64,[0.43450824 0.39313146 0.1723603 ],0.0381304636406864
263,VOICE4_W27,AGE,65+,[0.59644022 0.29002419 0.11353559],0.10105579350361105
264,DRONE4E_W27,AGE,18-29,[0.28277854 0.2852522  0.43196926],0.004770194473789088
265,DRONE4E_W27,AGE,30-49,[0.35224975 0.34481504 0.30293521],0.0020758189433721023
266,DRONE4E_W27,AGE,50-64,[0.17205097 0.54169093 0.28625809],0.0
267,DRONE4E_W27,AGE,65+,[0.08938274 0.68784411 0.22277315],0.023432155033282474
268,VOICE1_W27,AGE,18-29,[0.56424316 0.43575684],0.0006103177138074161
269,VOICE1_W27,AGE,30-49,[0.53669475 0.46330525],0.0011800032894351022
270,VOICE1_W27,AGE,50-64,[0.41757823 0.58242177],0.0
271,VOICE1_W27,AGE,65+,[0.29943536 0.70056464],0.0008224325659861581
272,VOICE5A_W27,AGE,18-29,[0.58835432 0.35862472 0.05302095],0.0
273,VOICE5A_W27,AGE,30-49,[0.60295002 0.24511732 0.15193266],0.01761418952798519
274,VOICE5A_W27,AGE,50-64,[0.54343025 0.28129978 0.17526997],0.01851642116232922
275,VOICE5A_W27,AGE,65+,[0.36188207 0.25054425 0.38757368],0.017707848608395405
276,HIRING3B_W27,AGE,18-29,[0.17374707 0.44462597 0.29286794 0.08875902],0.006866600788796536
277,HIRING3B_W27,AGE,30-49,[0.187134   0.52067694 0.24067146 0.0515176 ],0.0
278,HIRING3B_W27,AGE,50-64,[0.24586043 0.40750812 0.28070417 0.06592728],0.005370282766356953
279,HIRING3B_W27,AGE,65+,[0.25655629 0.45480716 0.19574273 0.09289383],0.020788136209173528
280,HIRING6D_W27,AGE,18-29,[0.15253788 0.49455477 0.35290735],0.008018339523095799
281,HIRING6D_W27,AGE,30-49,[0.10019144 0.62302231 0.27678625],0.001987447897195882
282,HIRING6D_W27,AGE,50-64,[0.11015188 0.63694705 0.25290107],0.013604204849866543
283,HIRING6D_W27,AGE,65+,[0.17101807 0.57055224 0.25842968],0.023809063032746144
284,ROBJOB4A_W27,AGE,18-29,[0.73028227 0.26971773],0.005625961071254347
285,ROBJOB4A_W27,AGE,30-49,[0.7768524 0.2231476],0.007809404858904935
286,ROBJOB4A_W27,AGE,50-64,[0.77214723 0.22785277],0.013163938741196238
287,ROBJOB4A_W27,AGE,65+,[0.80572746 0.19427254],0.0052591513613384645
288,DRONE4B_W27,AGE,18-29,[0.15432566 0.5222335  0.32344084],0.0056833001542565134
289,DRONE4B_W27,AGE,30-49,[0.24217375 0.49869743 0.25912882],0.0025984256948624264
290,DRONE4B_W27,AGE,50-64,[0.19617692 0.564554   0.23926908],0.001040351616286344
291,DRONE4B_W27,AGE,65+,[0.20253197 0.58121559 0.21625244],0.020341907242641292
292,WORK6_W27,AGE,18-29,[0.08215037 0.85327741 0.06457222],0.0024516468519734875
293,WORK6_W27,AGE,30-49,[0.03930242 0.91939728 0.04130029],0.0007354645706905071
294,WORK6_W27,AGE,50-64,[0.05204903 0.92210497 0.025846  ],0.007947743126406307
295,WORK6_W27,AGE,65+,[0.01564882 0.96408137 0.02026981],0.02449471896137605
296,HIRING6C_W27,AGE,18-29,[0.31452409 0.296063   0.38941291],0.004770194473789088
297,HIRING6C_W27,AGE,30-49,[0.28971421 0.41045919 0.29982659],0.001987447897195882
298,HIRING6C_W27,AGE,50-64,[0.22380996 0.53471802 0.24147202],0.006518281682618544
299,HIRING6C_W27,AGE,65+,[0.26866951 0.40494724 0.32638325],0.024071566800883154
300,ROBJOB6_W27,AGE,18-29,[0.56023847 0.43976153],0.016047656089415826
301,ROBJOB6_W27,AGE,30-49,[0.51639569 0.48360431],0.013157699934241405
302,ROBJOB6_W27,AGE,50-64,[0.51283462 0.48716538],0.020347926861424063
303,ROBJOB6_W27,AGE,65+,[0.41295108 0.58704892],0.008754694721341754
304,ROBJOB9_W27,AGE,18-29,[0.09327607 0.26848871 0.37208778 0.26614743],0.0
305,ROBJOB9_W27,AGE,30-49,[0.05240922 0.21661212 0.43639709 0.29458157],0.0004352333499413453
306,ROBJOB9_W27,AGE,50-64,[0.05123319 0.23815475 0.36865761 0.34195445],0.0
307,ROBJOB9_W27,AGE,65+,[0.10517472 0.15981689 0.44983354 0.28517485],0.0010022114803849894
308,ROBJOB4B_W27,AGE,18-29,[0.63492364 0.36507636],0.002877627066498099
309,ROBJOB4B_W27,AGE,30-49,[0.60520582 0.39479418],0.00571647812202399
310,ROBJOB4B_W27,AGE,50-64,[0.67317383 0.32682617],0.0014203966407883085
311,ROBJOB4B_W27,AGE,65+,[0.65588756 0.34411244],0.004811601086810124
312,ROBJOB8D_W27,AGE,18-29,[0.15355516 0.39965796 0.29991412 0.14687275],0.008160535391650313
313,ROBJOB8D_W27,AGE,30-49,[0.10500355 0.3408945  0.38448394 0.16961802],0.0018173262273391106
314,ROBJOB8D_W27,AGE,50-64,[0.10097331 0.24005425 0.41295344 0.24601901],0.0007096335205689136
315,ROBJOB8D_W27,AGE,65+,[0.02780565 0.29836297 0.46369977 0.21013161],0.0035703760080727427
316,CAREGIV3A_W27,AGE,18-29,[0.0830244  0.38941965 0.41045324 0.11710272],0.0
317,CAREGIV3A_W27,AGE,30-49,[0.11794859 0.38598041 0.324734   0.17133701],0.009030247333060152
318,CAREGIV3A_W27,AGE,50-64,[0.08119204 0.30311728 0.40546898 0.21022171],0.0006535450078584517
319,CAREGIV3A_W27,AGE,65+,[0.07265328 0.31052363 0.40002723 0.21679586],0.0
320,ROBJOB4D_W27,AGE,18-29,[0.47757833 0.52242167],0.0030814845240340516
321,ROBJOB4D_W27,AGE,30-49,[0.45425603 0.54574397],0.007573746090215365
322,ROBJOB4D_W27,AGE,50-64,[0.39492524 0.60507476],0.013808246040586957
323,ROBJOB4D_W27,AGE,65+,[0.40449008 0.59550992],0.006704498804729984
324,HIRING7B_W27,AGE,18-29,[0.43107189 0.20764141 0.3612867 ],0.004770194473789088
325,HIRING7B_W27,AGE,30-49,[0.58872742 0.19529235 0.21598023],0.0
326,HIRING7B_W27,AGE,50-64,[0.57819961 0.16460537 0.25719502],0.014837812229243106
327,HIRING7B_W27,AGE,65+,[0.7084037  0.11480526 0.17679104],0.02172535498822314
328,WORK3D_W27,AGE,18-29,[0.61662009 0.05441193 0.32896798],0.0030024193350513357
329,WORK3D_W27,AGE,30-49,[0.58654681 0.0897828  0.32367039],0.011939796883261446
330,WORK3D_W27,AGE,50-64,[0.45502386 0.12580648 0.41916966],0.013972537588424065
331,WORK3D_W27,AGE,65+,[0.3769533  0.06110286 0.56194384],0.029678193350191347
332,CARS10D_W27,AGE,18-29,[0.71945284 0.28054716],0.0005615615042033555
333,CARS10D_W27,AGE,30-49,[0.69938637 0.30061363],0.0019020130514649444
334,CARS10D_W27,AGE,50-64,[0.70632294 0.29367706],0.0027300017906717266
335,CARS10D_W27,AGE,65+,[0.65887053 0.34112947],0.0026925677255177365
336,CARS8_W27,AGE,18-29,[0.22785122 0.46232204 0.30982673],0.0
337,CARS8_W27,AGE,30-49,[0.26809979 0.44459832 0.28730189],0.004906640959567013
338,CARS8_W27,AGE,50-64,[0.35332622 0.30462473 0.34204906],0.004201484196143299
339,CARS8_W27,AGE,65+,[0.36593639 0.34564422 0.28841939],0.011256472279886997
340,ROBJOB5B_W27,AGE,18-29,[0.41731582 0.37709823 0.16700389 0.03858205],0.007106455845264651
341,ROBJOB5B_W27,AGE,30-49,[0.47532261 0.37116065 0.11779942 0.03571732],0.003108919377537269
342,ROBJOB5B_W27,AGE,50-64,[0.49442923 0.37974585 0.10004486 0.02578007],0.003179305721973117
343,ROBJOB5B_W27,AGE,65+,[0.4827083  0.42868031 0.06456477 0.02404662],0.007833321727819873
344,ROBJOB8F_W27,AGE,18-29,[0.09436101 0.21991314 0.38534687 0.30037899],0.008641117340984588
345,ROBJOB8F_W27,AGE,30-49,[0.09083541 0.21243378 0.40588973 0.29084107],0.007581337797962746
346,ROBJOB8F_W27,AGE,50-64,[0.13810237 0.30472432 0.34988746 0.20728584],0.0029882277349933175
347,ROBJOB8F_W27,AGE,65+,[0.07506782 0.32792492 0.37552986 0.2214774 ],0.003016682675333304
348,ROBJOB7_W27,AGE,18-29,[0.39284609 0.60715391],0.01728634133804363
349,ROBJOB7_W27,AGE,30-49,[0.44688667 0.55311333],0.014729821006614777
350,ROBJOB7_W27,AGE,50-64,[0.36738639 0.63261361],0.013970899103429132
351,ROBJOB7_W27,AGE,65+,[0.44869707 0.55130293],0.006035339645476747
352,VOICE5C_W27,AGE,18-29,[0.20533996 0.27635462 0.51830542],0.009231124054346927
353,VOICE5C_W27,AGE,30-49,[0.10365283 0.14366993 0.75267724],0.0076061243604265616
354,VOICE5C_W27,AGE,50-64,[0.14385538 0.18012087 0.67602375],0.01824160900027264
355,VOICE5C_W27,AGE,65+,[0.09470116 0.27027641 0.63502243],0.02442018677612694
356,CARS10B_W27,AGE,18-29,[0.79124701 0.20875299],0.00048058194933427574
357,CARS10B_W27,AGE,30-49,[0.80567435 0.19432565],0.002923969116888842
358,CARS10B_W27,AGE,50-64,[0.81375078 0.18624922],0.002669027073095714
359,CARS10B_W27,AGE,65+,[0.83027428 0.16972572],0.004870267577873264
360,ROBJOB4C_W27,AGE,18-29,[0.45434203 0.54565797],0.003643891398748773
361,ROBJOB4C_W27,AGE,30-49,[0.47358893 0.52641107],0.01005277533673084
362,ROBJOB4C_W27,AGE,50-64,[0.37056424 0.62943576],0.005255623375301733
363,ROBJOB4C_W27,AGE,65+,[0.3940303 0.6059697],0.005328548480780169
364,ROBJOB4F_W27,AGE,18-29,[0.38327482 0.61672518],0.0038334068932951797
365,ROBJOB4F_W27,AGE,30-49,[0.40022564 0.59977436],0.011309138310532941
366,ROBJOB4F_W27,AGE,50-64,[0.40017885 0.59982115],0.005927934476936661
367,ROBJOB4F_W27,AGE,65+,[0.44228574 0.55771426],0.009455202809829128
368,ROBJOB5D_W27,AGE,18-29,[0.22932733 0.39292945 0.27980079 0.09794243],0.010407661936160828
369,ROBJOB5D_W27,AGE,30-49,[0.22084611 0.35954795 0.29930058 0.12030537],0.009984227837726576
370,ROBJOB5D_W27,AGE,50-64,[0.20521531 0.3760153  0.28536964 0.13339976],0.009823800888876803
371,ROBJOB5D_W27,AGE,65+,[0.18817129 0.36995377 0.30736949 0.13450545],0.022015115262799007
372,CARS5_W27,AGE,18-29,[0.53556792 0.46443208],0.002440505562645662
373,CARS5_W27,AGE,30-49,[0.49983269 0.50016731],0.0
374,CARS5_W27,AGE,50-64,[0.37455037 0.62544963],0.0074820261568316285
375,CARS5_W27,AGE,65+,[0.31415696 0.68584304],0.002032632485902695
376,ROBJOB8C_W27,AGE,18-29,[0.08495042 0.17954749 0.41520653 0.32029556],0.008160535391650313
377,ROBJOB8C_W27,AGE,30-49,[0.02729249 0.18561331 0.45532836 0.33176584],0.00475757891297905
378,ROBJOB8C_W27,AGE,50-64,[0.02842915 0.14425647 0.47022442 0.35708996],0.004166592157737943
379,ROBJOB8C_W27,AGE,65+,[0.01984041 0.13319271 0.50865137 0.33831552],0.003889074561260145
380,ROBJOB8B_W27,AGE,18-29,[0.13047795 0.33631994 0.38189477 0.15130734],0.009236115041015765
381,ROBJOB8B_W27,AGE,30-49,[0.13635493 0.38307452 0.36621198 0.11435857],0.006765255965218743
382,ROBJOB8B_W27,AGE,50-64,[0.14594668 0.36010437 0.37989884 0.11405011],0.005320273176135867
383,ROBJOB8B_W27,AGE,65+,[0.10959329 0.3820926  0.38794311 0.120371  ],0.0062267271134761725
0,CAREGIV2_W27,SEX,Female,[0.08100109 0.46290313 0.31264487 0.1434509 ],0.00299314484997717
1,CAREGIV2_W27,SEX,Male,[0.1266153  0.52106697 0.26811011 0.08420762],0.0020161275150311856
2,ROBJOB1_W27,SEX,Female,[0.17366209 0.64731929 0.17901862],0.0025179200758831113
3,ROBJOB1_W27,SEX,Male,[0.31542546 0.57564112 0.10893342],0.0019002053571069676
4,WORK3A_W27,SEX,Female,[0.21617173 0.16734929 0.61647898],0.0023705725687781375
5,WORK3A_W27,SEX,Male,[0.33136952 0.12096013 0.54767035],0.01027019551556518
6,ROBJOB3A_W27,SEX,Female,[0.03672818 0.24995254 0.47613188 0.2371874 ],0.00562267811640636
7,ROBJOB3A_W27,SEX,Male,[0.07909112 0.28992856 0.46410165 0.16687866],0.0011998081504025692
8,WORK5A_W27,SEX,Female,[0.01738243 0.95483485 0.02778272],0.002342351479315763
9,WORK5A_W27,SEX,Male,[0.03163338 0.92006324 0.04830337],0.0030325985742510127
10,WORK4C_W27,SEX,Female,[0.43059726 0.13740239 0.43200035],0.003848892054170922
11,WORK4C_W27,SEX,Male,[0.49365318 0.1264637  0.37988312],0.000863826669354098
12,WORK4A_W27,SEX,Female,[0.33265764 0.29717835 0.37016401],0.001113554735807665
13,WORK4A_W27,SEX,Male,[0.43726471 0.28894523 0.27379006],0.00043323681220439785
14,CAREGIV6B_W27,SEX,Female,[0.4545093 0.5454907],0.006934215294507235
15,CAREGIV6B_W27,SEX,Male,[0.59270264 0.40729736],0.017292855193361652
16,CAREGIV6E_W27,SEX,Female,[0.57794209 0.42205791],0.003025938463880531
17,CAREGIV6E_W27,SEX,Male,[0.61539876 0.38460124],0.007998694468499112
18,CARS1_W27,SEX,Female,[0.25866289 0.65857696 0.08276015],0.00407405238925817
19,CARS1_W27,SEX,Male,[0.44239766 0.52618533 0.031417  ],0.0017644958708167688
20,HIRING7A_W27,SEX,Female,[0.17888226 0.5017224  0.31939534],0.013247610082549061
21,HIRING7A_W27,SEX,Male,[0.21573521 0.51420066 0.27006413],0.007281917538754144
22,WORK7_W27,SEX,Female,[0.1562647 0.8437353],0.0022774996886049015
23,WORK7_W27,SEX,Male,[0.20744849 0.79255151],0.013288290913045024
24,PREDICTA_W27,SEX,Female,[0.19054215 0.57019007 0.21694477 0.02232301],0.005292766296575077
25,PREDICTA_W27,SEX,Male,[0.23205883 0.5962104  0.14895694 0.02277383],0.0035773984506740314
26,VOICE5D_W27,SEX,Female,[0.23819897 0.3533909  0.40841013],0.008346254452712818
27,VOICE5D_W27,SEX,Male,[0.21474532 0.4320863  0.35316838],0.0
28,HIRING2_W27,SEX,Female,[0.09632296 0.48759442 0.2804588  0.13562382],0.002134868692733639
29,HIRING2_W27,SEX,Male,[0.13770541 0.46177982 0.28090525 0.11960952],0.0
30,ROBJOB8A_W27,SEX,Female,[0.15881549 0.38815119 0.33030284 0.12273048],0.0071138809265029555
31,ROBJOB8A_W27,SEX,Male,[0.1442363  0.37244469 0.36914342 0.11417559],0.007377439840091407
32,ROBJOB4E_W27,SEX,Female,[0.2254474 0.7745526],0.005413970240838549
33,ROBJOB4E_W27,SEX,Male,[0.27178746 0.72821254],0.009621681490265419
34,CAREGIV1_W27,SEX,Female,[0.02945244 0.24965905 0.72088852],0.0016375191866611998
35,CAREGIV1_W27,SEX,Male,[0.0867501  0.33961692 0.57363297],0.0007092403431916104
36,WORK3C_W27,SEX,Female,[0.60671328 0.15339865 0.23988807],0.003935787742960134
37,WORK3C_W27,SEX,Male,[0.59585473 0.17077423 0.23337105],0.007588097274890594
38,CARS9A_W27,SEX,Female,[0.53306014 0.35126254 0.07842076 0.03725656],0.0036739545526246935
39,CARS9A_W27,SEX,Male,[0.39862188 0.37525    0.16021379 0.06591432],0.0050687090282114915
40,CARS7B_W27,SEX,Female,[0.03976543 0.2034653  0.34744589 0.40932338],0.0008468498021617522
41,CARS7B_W27,SEX,Male,[0.13301465 0.324952   0.31774621 0.22428714],0.003052776343731795
42,CARS3A_W27,SEX,Female,[0.07905511 0.26052665 0.40077382 0.25964443],0.0003230157857036657
43,CARS3A_W27,SEX,Male,[0.153225   0.30774488 0.36729435 0.17173578],0.0052241362099463996
44,WORK4B_W27,SEX,Female,[0.51029808 0.11018307 0.37951885],0.007428816987873289
45,WORK4B_W27,SEX,Male,[0.5565601  0.13422512 0.30921478],0.0016171948809307036
46,CARS9B_W27,SEX,Female,[0.38142895 0.349615   0.20361895 0.0653371 ],0.004812185574578311
47,CARS9B_W27,SEX,Male,[0.29557567 0.34676509 0.28815292 0.06950632],0.00262354499606759
48,ROBJOB5C_W27,SEX,Female,[0.21092998 0.39432908 0.25019069 0.14455025],0.010001199342813715
49,ROBJOB5C_W27,SEX,Male,[0.22278917 0.42560295 0.23865691 0.11295098],0.005043946789954705
50,HIRING1_W27,SEX,Female,[0.0653026  0.31354233 0.62115507],0.003640475654963639
51,HIRING1_W27,SEX,Male,[0.11208635 0.36145504 0.5264586 ],0.0008495576985123267
52,CARS7A_W27,SEX,Female,[0.06434854 0.30916145 0.40197217 0.22451784],0.000598939947811725
53,CARS7A_W27,SEX,Male,[0.16089269 0.43775641 0.29494472 0.10640618],0.004256232945021019
54,CAREREL_W27,SEX,Female,[0.43262206 0.253201   0.09667022 0.12061242 0.0968943 ],5.896107546497311e-05
55,CAREREL_W27,SEX,Male,[0.36898638 0.30596827 0.15366139 0.09251327 0.07887069],0.005335883678446004
56,PREDICTC_W27,SEX,Female,[0.11795586 0.54839927 0.29280502 0.04083985],0.003930966479793584
57,PREDICTC_W27,SEX,Male,[0.11974491 0.52028973 0.32433477 0.03563058],0.0003717141080255241
58,CARS10C_W27,SEX,Female,[0.40216819 0.59783181],0.008718780674820367
59,CARS10C_W27,SEX,Male,[0.47502192 0.52497808],0.0032114469946890314
60,DRONE4C_W27,SEX,Female,[0.28465039 0.36245519 0.35289443],0.0058932097552254845
61,DRONE4C_W27,SEX,Male,[0.42875645 0.27860693 0.29263662],0.009354984977407872
62,WORK3B_W27,SEX,Female,[0.69795123 0.04641423 0.25563453],0.009448327801560994
63,WORK3B_W27,SEX,Male,[0.7134395  0.04724783 0.23931267],0.003111768392451299
64,CAREGIV3B_W27,SEX,Female,[0.16624147 0.37178854 0.37949303 0.08247697],0.004376451229065037
65,CAREGIV3B_W27,SEX,Male,[0.11457321 0.28832477 0.48266986 0.11443217],0.001917513412741504
66,WORK3F_W27,SEX,Female,[0.46536746 0.13212581 0.40250674],0.004144724985081801
67,WORK3F_W27,SEX,Male,[0.49211184 0.10803347 0.39985469],0.0010332909825744945
68,PREDICTD_W27,SEX,Female,[0.06664217 0.36437394 0.50299906 0.06598483],0.0034323618064259877
69,PREDICTD_W27,SEX,Male,[0.07140134 0.36462095 0.49552239 0.06845532],0.0021853418280429067
70,WORK2_W27,SEX,Female,[0.18963705 0.49637126 0.31399169],0.0021281147230680243
71,WORK2_W27,SEX,Male,[0.184592  0.5073757 0.3080323],0.004202009596428945
72,HIRING6A_W27,SEX,Female,[0.22747482 0.43934185 0.33318333],0.004292536799545982
73,HIRING6A_W27,SEX,Male,[0.27055502 0.41119942 0.31824555],0.01224261992726635
74,CARS9C_W27,SEX,Female,[0.60390331 0.30303333 0.06630083 0.02676253],0.0015515483913953025
75,CARS9C_W27,SEX,Male,[0.45440031 0.37716882 0.13247225 0.03595862],0.0049256174152119275
76,HIRING6B_W27,SEX,Female,[0.11710949 0.56585939 0.31703112],0.005076150649698892
77,HIRING6B_W27,SEX,Male,[0.12391243 0.63757349 0.23851408],0.008883754405943793
78,ROBJOB3B_W27,SEX,Female,[0.27924277 0.49698512 0.18909927 0.03467285],0.0041145226781923085
79,ROBJOB3B_W27,SEX,Male,[0.21411331 0.4575102  0.2739519  0.05442458],0.0005701656699429349
80,DRONE2_W27,SEX,Female,[0.51592387 0.48407613],0.0021416712623148985
81,DRONE2_W27,SEX,Male,[0.66932243 0.33067757],0.007281917538754144
82,WORK3E_W27,SEX,Female,[0.67288681 0.10972832 0.21738487],0.0025896279451970475
83,WORK3E_W27,SEX,Male,[0.67697464 0.13946294 0.18356242],0.001630525081394394
84,CAREGIV6A_W27,SEX,Female,[0.65345773 0.34654227],0.0030756103137610617
85,CAREGIV6A_W27,SEX,Male,[0.74954866 0.25045134],0.008986929608888741
86,CAREGIV6C_W27,SEX,Female,[0.55040964 0.44959036],0.0014346700277541734
87,CAREGIV6C_W27,SEX,Male,[0.58537927 0.41462073],0.016733153259158227
88,DRONE4D_W27,SEX,Female,[0.37404118 0.28498104 0.34097778],0.0036154276869542127
89,DRONE4D_W27,SEX,Male,[0.51104891 0.20778422 0.28116687],0.016768898924676458
90,VOICE3_W27,SEX,Female,[0.21631396 0.78368604],0.0007012987957339078
91,VOICE3_W27,SEX,Male,[0.31577421 0.68422579],0.01306832328134276
92,CARS10A_W27,SEX,Female,[0.73282175 0.26717825],0.0018683445595036423
93,CARS10A_W27,SEX,Male,[0.77013116 0.22986884],0.0026144446100993886
94,CAREGIV6D_W27,SEX,Female,[0.65635729 0.34364271],0.007186942656806984
95,CAREGIV6D_W27,SEX,Male,[0.62866872 0.37133128],0.016427403255374794
96,DRONE4A_W27,SEX,Female,[0.09117364 0.56394023 0.34488613],0.0024857002922202436
97,DRONE4A_W27,SEX,Male,[0.13879195 0.5242938  0.33691425],0.009675234540088454
98,DRONE1_W27,SEX,Female,[0.06490657 0.93509343],0.0032550585091190376
99,DRONE1_W27,SEX,Male,[0.10624694 0.89375306],0.008939313017407288
100,CARS3B_W27,SEX,Female,[0.18005052 0.45218634 0.2916091  0.07615404],0.0018823944413009798
101,CARS3B_W27,SEX,Male,[0.10223133 0.33316369 0.41640862 0.14819636],0.0007771697073675108
102,CAREGIV7_W27,SEX,Female,[0.46977754 0.20006561 0.33015685],0.002468019788561534
103,CAREGIV7_W27,SEX,Male,[0.49721887 0.19215948 0.31062165],0.0077049554376711245
104,PREDICTB_W27,SEX,Female,[0.14296911 0.53206794 0.2986762  0.02628675],0.0020842630511654046
105,PREDICTB_W27,SEX,Male,[0.1258924  0.50264315 0.34924802 0.02221643],0.00281543227929195
106,INDUSTRY_W27,SEX,Female,"[0.09841179 0.18313481 0.03177406 0.11943456 0.11411718 0.08870743
 0.01481803 0.06832868 0.03418145 0.20300748 0.04408451]",0.0
107,INDUSTRY_W27,SEX,Male,"[0.05148613 0.06255832 0.17161136 0.07616161 0.06638398 0.05846929
 0.06119793 0.0791955  0.10819244 0.22239778 0.04234567]",0.0004249158952848127
108,CAREGIV6F_W27,SEX,Female,[0.40484915 0.59515085],0.011191091085436233
109,CAREGIV6F_W27,SEX,Male,[0.46324318 0.53675682],0.027338206425691063
110,CARS10E_W27,SEX,Female,[0.23674766 0.76325234],0.003228258517104107
111,CARS10E_W27,SEX,Male,[0.32716671 0.67283329],0.0025576333262215508
112,ROBJOB8G_W27,SEX,Female,[0.22099257 0.42872616 0.27492001 0.07536127],0.002044952106862229
113,ROBJOB8G_W27,SEX,Male,[0.21184163 0.44908222 0.26881595 0.0702602 ],0.007072876201851647
114,ROBJOB2_W27,SEX,Female,[0.15727485 0.58857871 0.19650436 0.05764208],0.00585670746130777
115,ROBJOB2_W27,SEX,Male,[0.25870726 0.55856774 0.14429772 0.03842728],0.008190342499950628
116,VOICE5B_W27,SEX,Female,[0.18795207 0.3743682  0.43767973],0.009293215087450762
117,VOICE5B_W27,SEX,Male,[0.26168604 0.37750209 0.36081187],0.0
118,CARS2_W27,SEX,Female,[0.15472975 0.13300801 0.71226224],0.004042339158277683
119,CARS2_W27,SEX,Male,[0.29413549 0.10091351 0.604951  ],0.005259037553670543
120,CARS4_W27,SEX,Female,[0.08070215 0.53637311 0.24461561 0.05732037 0.08098876],0.0035642018770561854
121,CARS4_W27,SEX,Male,[0.09742707 0.58295278 0.21041573 0.03472815 0.07447627],0.0007336858055792812
122,CAREGIV4_W27,SEX,Female,[0.34408827 0.65591173],0.002058048987374437
123,CAREGIV4_W27,SEX,Male,[0.48612072 0.51387928],0.0065235039484551885
124,HIRING4_W27,SEX,Female,[0.18236631 0.81763369],0.012844820371935375
125,HIRING4_W27,SEX,Male,[0.27271342 0.72728658],0.014417457909086627
126,HIRING3A_W27,SEX,Female,[0.03177515 0.18858909 0.50105478 0.27858098],0.005456498360569914
127,HIRING3A_W27,SEX,Male,[0.0298114  0.19778825 0.49133705 0.28106331],0.007281917538754144
128,ROBJOB8E_W27,SEX,Female,[0.3607751  0.39190503 0.18049503 0.06682484],0.004857699950245747
129,ROBJOB8E_W27,SEX,Male,[0.41198193 0.38302671 0.15255037 0.05244099],0.0033653705614648715
130,VOICE4_W27,SEX,Female,[0.37622306 0.4344369  0.18934004],0.048001339301730034
131,VOICE4_W27,SEX,Male,[0.42484388 0.43405276 0.14110336],0.022795257964688963
132,DRONE4E_W27,SEX,Female,[0.22222378 0.42568509 0.35209112],0.0019939109770409605
133,DRONE4E_W27,SEX,Male,[0.2589967  0.4727953  0.26820801],0.01025134209190781
134,VOICE1_W27,SEX,Female,[0.45589327 0.54410673],0.0009241819087843828
135,VOICE1_W27,SEX,Male,[0.47332604 0.52667396],0.00040073989359255976
136,VOICE5A_W27,SEX,Female,[0.55630913 0.27051737 0.1731735 ],0.022471082035738273
137,VOICE5A_W27,SEX,Male,[0.55328347 0.2971077  0.14960883],0.0037377911385746243
138,HIRING3B_W27,SEX,Female,[0.24071574 0.46796183 0.22235243 0.06897   ],0.005197705223019302
139,HIRING3B_W27,SEX,Male,[0.18322683 0.45496548 0.28880905 0.07299863],0.008418399658264129
140,HIRING6D_W27,SEX,Female,[0.1359706  0.56945769 0.29457171],0.007861319780444125
141,HIRING6D_W27,SEX,Male,[0.11747804 0.61054748 0.27197448],0.013225881554570502
142,ROBJOB4A_W27,SEX,Female,[0.78466029 0.21533971],0.008244198000973481
143,ROBJOB4A_W27,SEX,Male,[0.75687099 0.24312901],0.008380962357299166
144,DRONE4B_W27,SEX,Female,[0.20558934 0.5330657  0.26134495],0.0031425532026127597
145,DRONE4B_W27,SEX,Male,[0.20090045 0.54039734 0.25870221],0.009210451189296007
146,WORK6_W27,SEX,Female,[0.04041787 0.93060705 0.02897508],0.009819563241906115
147,WORK6_W27,SEX,Male,[0.05501704 0.89700941 0.04797355],0.0055998504661050165
148,HIRING6C_W27,SEX,Female,[0.26592829 0.40674333 0.32732837],0.0047144708288517035
149,HIRING6C_W27,SEX,Male,[0.28065283 0.43148653 0.28786064],0.011227449241620707
150,ROBJOB6_W27,SEX,Female,[0.53980412 0.46019588],0.02561141002546918
151,ROBJOB6_W27,SEX,Male,[0.46791546 0.53208454],0.003319531398008292
152,ROBJOB9_W27,SEX,Female,[0.07046158 0.23363281 0.38491248 0.31099313],0.00037894993929462863
153,ROBJOB9_W27,SEX,Male,[0.06196952 0.23090139 0.41854247 0.28858662],0.00011914452995791304
154,ROBJOB4B_W27,SEX,Female,[0.67901732 0.32098268],0.002417245450340959
155,ROBJOB4B_W27,SEX,Male,[0.59725418 0.40274582],0.005242010897316029
156,ROBJOB8D_W27,SEX,Female,[0.08409605 0.31307805 0.38635271 0.21647319],0.002565523128405002
157,ROBJOB8D_W27,SEX,Male,[0.11603868 0.3227292  0.39257036 0.16866176],0.003868264327387873
158,CAREGIV3A_W27,SEX,Female,[0.0685826  0.34663856 0.37311883 0.21166   ],0.00033461407995426457
159,CAREGIV3A_W27,SEX,Male,[0.11752173 0.35276372 0.38567142 0.14404313],0.006200005810121266
160,ROBJOB4D_W27,SEX,Female,[0.36219896 0.63780104],0.009896371806170949
161,ROBJOB4D_W27,SEX,Male,[0.5104213 0.4895787],0.006253987808534127
162,HIRING7B_W27,SEX,Female,[0.59298182 0.16255642 0.24446177],0.010775008886492434
163,HIRING7B_W27,SEX,Male,[0.5532993  0.18811683 0.25858386],0.007281917538754145
164,WORK3D_W27,SEX,Female,[0.54669705 0.08818576 0.36511719],0.019389585956562736
165,WORK3D_W27,SEX,Male,[0.5462903  0.08879748 0.36491222],0.004000215989198654
166,CARS10D_W27,SEX,Female,[0.71578393 0.28421607],0.002029672398027177
167,CARS10D_W27,SEX,Male,[0.67832014 0.32167986],0.0019500634011074525
168,CARS8_W27,SEX,Female,[0.36791404 0.30497314 0.32711282],0.005955990210916737
169,CARS8_W27,SEX,Male,[0.22961347 0.48494806 0.28543847],0.0037173681793482584
170,ROBJOB5B_W27,SEX,Female,[0.48711443 0.39747621 0.09386793 0.02154144],0.006535978787628299
171,ROBJOB5B_W27,SEX,Male,[0.45123197 0.37256463 0.134215   0.0419884 ],0.003075044057652179
172,ROBJOB8F_W27,SEX,Female,[0.10129354 0.26556465 0.35698813 0.27615369],0.006705725425447145
173,ROBJOB8F_W27,SEX,Male,[0.10147124 0.25651041 0.40577294 0.23624542],0.004603055244763224
174,ROBJOB7_W27,SEX,Female,[0.34140864 0.65859136],0.019655141243451774
175,ROBJOB7_W27,SEX,Male,[0.49226895 0.50773105],0.0066884719150297894
176,VOICE5C_W27,SEX,Female,[0.15143831 0.19789302 0.65066868],0.020049268753400386
177,VOICE5C_W27,SEX,Male,[0.12409608 0.20614761 0.66975631],0.004938016865598791
178,CARS10B_W27,SEX,Female,[0.80346484 0.19653516],0.0032480586624420204
179,CARS10B_W27,SEX,Male,[0.81558529 0.18441471],0.0021203893279397945
180,ROBJOB4C_W27,SEX,Female,[0.39272554 0.60727446],0.006285445597690406
181,ROBJOB4C_W27,SEX,Male,[0.46260218 0.53739782],0.006722054055301993
182,ROBJOB4F_W27,SEX,Female,[0.37645769 0.62354231],0.007726266594542039
183,ROBJOB4F_W27,SEX,Male,[0.43520166 0.56479834],0.00811101395429898
184,ROBJOB5D_W27,SEX,Female,[0.23163348 0.39581476 0.28218727 0.09036449],0.013860752684246943
185,ROBJOB5D_W27,SEX,Male,[0.19128765 0.34844458 0.30440035 0.15586742],0.010634908551355796
186,CARS5_W27,SEX,Female,[0.35310756 0.64689244],0.005303854144733313
187,CARS5_W27,SEX,Male,[0.52960462 0.47039538],0.00037171410802552417
188,ROBJOB8C_W27,SEX,Female,[0.03485383 0.14421559 0.44462846 0.37630212],0.0026679197916771496
189,ROBJOB8C_W27,SEX,Male,[0.04213971 0.18351322 0.47887764 0.29546943],0.007825987919211238
190,ROBJOB8B_W27,SEX,Female,[0.10420607 0.37724795 0.37513614 0.14340984],0.005124556977538024
191,ROBJOB8B_W27,SEX,Male,[0.16323175 0.35517404 0.3802807  0.10131351],0.008588049058391835
0,CAREGIV2_W27,EDUCATION,Associate's degree,[0.07937892 0.4986924  0.28747832 0.13445035],0.0
1,CAREGIV2_W27,EDUCATION,College graduate/some postgrad,[0.10393271 0.57097507 0.23631113 0.08878109],0.0037299943676903724
2,CAREGIV2_W27,EDUCATION,High school graduate,[0.11573728 0.38457764 0.32974277 0.16994231],0.0
3,CAREGIV2_W27,EDUCATION,Less than high school,[0.0235867  0.41198742 0.40435534 0.16007053],0.01607908190342316
4,CAREGIV2_W27,EDUCATION,Postgraduate,[0.13442499 0.54990485 0.24941428 0.06625588],0.0008447852390377485
5,CAREGIV2_W27,EDUCATION,"Some college, no degree",[0.10838574 0.552217   0.26825386 0.07114339],0.0012758071878590943
6,ROBJOB1_W27,EDUCATION,Associate's degree,[0.2483305  0.61750098 0.13416852],0.0010650270138367762
7,ROBJOB1_W27,EDUCATION,College graduate/some postgrad,[0.26538474 0.64516461 0.08945066],0.005561389740221021
8,ROBJOB1_W27,EDUCATION,High school graduate,[0.17185283 0.6267401  0.20140708],0.00038218704934410474
9,ROBJOB1_W27,EDUCATION,Less than high school,[0.26849416 0.45242923 0.27907662],0.0
10,ROBJOB1_W27,EDUCATION,Postgraduate,[0.28569555 0.63881804 0.07548641],0.002271086344184252
11,ROBJOB1_W27,EDUCATION,"Some college, no degree",[0.27067766 0.61869468 0.11062766],0.0030696678762198158
12,WORK3A_W27,EDUCATION,Associate's degree,[0.26136305 0.13452538 0.60411157],0.00975069620344631
13,WORK3A_W27,EDUCATION,College graduate/some postgrad,[0.30132386 0.0885411  0.61013504],0.01034324045567713
14,WORK3A_W27,EDUCATION,High school graduate,[0.21934999 0.1903442  0.59030581],0.006056293132038822
15,WORK3A_W27,EDUCATION,Less than high school,[0.25681963 0.20270763 0.54047274],0.0
16,WORK3A_W27,EDUCATION,Postgraduate,[0.32085151 0.0494134  0.62973509],0.003928878374487769
17,WORK3A_W27,EDUCATION,"Some college, no degree",[0.29158806 0.19284499 0.51556695],0.00555248179968452
18,ROBJOB3A_W27,EDUCATION,Associate's degree,[0.0360128  0.25421068 0.52772878 0.18204775],0.0
19,ROBJOB3A_W27,EDUCATION,College graduate/some postgrad,[0.06491636 0.3356645  0.43818866 0.16123049],0.003597807655510231
20,ROBJOB3A_W27,EDUCATION,High school graduate,[0.05746182 0.19991633 0.45335486 0.28926699],0.003937142971119721
21,ROBJOB3A_W27,EDUCATION,Less than high school,[0.08784803 0.23358967 0.45173558 0.22682672],0.005822737834219648
22,ROBJOB3A_W27,EDUCATION,Postgraduate,[0.06153472 0.33610336 0.48376519 0.11859673],0.002519616783986339
23,ROBJOB3A_W27,EDUCATION,"Some college, no degree",[0.04496455 0.28409223 0.49290014 0.17804308],0.003853774462213418
24,WORK5A_W27,EDUCATION,Associate's degree,[0.0209445  0.95828054 0.02077495],0.0
25,WORK5A_W27,EDUCATION,College graduate/some postgrad,[0.0323346  0.94590589 0.02175951],0.0007962158768019489
26,WORK5A_W27,EDUCATION,High school graduate,[0.01929017 0.91992584 0.06078399],0.007760926617066234
27,WORK5A_W27,EDUCATION,Less than high school,[0.01244796 0.89933784 0.08821421],0.0
28,WORK5A_W27,EDUCATION,Postgraduate,[0.0232995  0.97127082 0.00542968],0.0003089542088829949
29,WORK5A_W27,EDUCATION,"Some college, no degree",[0.03009938 0.94325079 0.02664983],0.0014856939500106892
30,WORK4C_W27,EDUCATION,Associate's degree,[0.49704738 0.09357088 0.40938174],0.01841755143480575
31,WORK4C_W27,EDUCATION,College graduate/some postgrad,[0.5309733  0.12018948 0.34883722],0.002156686345862783
32,WORK4C_W27,EDUCATION,High school graduate,[0.33516186 0.18009006 0.48474808],0.0
33,WORK4C_W27,EDUCATION,Less than high school,[0.2392976 0.2290035 0.5316989],0.0
34,WORK4C_W27,EDUCATION,Postgraduate,[0.53276562 0.07292123 0.39431315],0.0
35,WORK4C_W27,EDUCATION,"Some college, no degree",[0.51945913 0.1262406  0.35430026],0.0
36,WORK4A_W27,EDUCATION,Associate's degree,[0.31961931 0.3616757  0.31870499],0.0
37,WORK4A_W27,EDUCATION,College graduate/some postgrad,[0.41503391 0.3304611  0.25450499],0.001081647453771
38,WORK4A_W27,EDUCATION,High school graduate,[0.35695171 0.2052413  0.43780699],0.0
39,WORK4A_W27,EDUCATION,Less than high school,[0.363432   0.17480313 0.46176486],0.0024374808711932943
40,WORK4A_W27,EDUCATION,Postgraduate,[0.50958858 0.27158455 0.21882687],0.002538777935328468
41,WORK4A_W27,EDUCATION,"Some college, no degree",[0.35091153 0.35294016 0.29614831],0.0
42,CAREGIV6B_W27,EDUCATION,Associate's degree,[0.5033531 0.4966469],0.0045499466077442855
43,CAREGIV6B_W27,EDUCATION,College graduate/some postgrad,[0.61228361 0.38771639],0.004413296121181034
44,CAREGIV6B_W27,EDUCATION,High school graduate,[0.43183112 0.56816888],0.029930893790841694
45,CAREGIV6B_W27,EDUCATION,Less than high school,[0.5042555 0.4957445],0.004002675794416546
46,CAREGIV6B_W27,EDUCATION,Postgraduate,[0.63101001 0.36898999],0.0052133615087279084
47,CAREGIV6B_W27,EDUCATION,"Some college, no degree",[0.50498651 0.49501349],0.005341982298702847
48,CAREGIV6E_W27,EDUCATION,Associate's degree,[0.63041021 0.36958979],0.0013624471372791144
49,CAREGIV6E_W27,EDUCATION,College graduate/some postgrad,[0.67968107 0.32031893],0.0020031490469146385
50,CAREGIV6E_W27,EDUCATION,High school graduate,[0.460554 0.539446],0.013712302909838117
51,CAREGIV6E_W27,EDUCATION,Less than high school,[0.51830375 0.48169625],0.0
52,CAREGIV6E_W27,EDUCATION,Postgraduate,[0.74357709 0.25642291],0.0028512118756048276
53,CAREGIV6E_W27,EDUCATION,"Some college, no degree",[0.62874158 0.37125842],0.003023277180194229
54,CARS1_W27,EDUCATION,Associate's degree,[0.38937728 0.55623593 0.05438678],0.0
55,CARS1_W27,EDUCATION,College graduate/some postgrad,[0.4098605  0.54922044 0.04091906],0.0
56,CARS1_W27,EDUCATION,High school graduate,[0.25845381 0.64968148 0.09186472],0.007130620777307022
57,CARS1_W27,EDUCATION,Less than high school,[0.24215594 0.67057993 0.08726413],0.0069562587673112535
58,CARS1_W27,EDUCATION,Postgraduate,[0.47227351 0.51136068 0.0163658 ],0.0029296647366869114
59,CARS1_W27,EDUCATION,"Some college, no degree",[0.36172717 0.59486295 0.04340988],0.0
60,HIRING7A_W27,EDUCATION,Associate's degree,[0.20086583 0.53383011 0.26530406],0.004708300924053603
61,HIRING7A_W27,EDUCATION,College graduate/some postgrad,[0.23718448 0.4954258  0.26738972],0.0003859069901483283
62,HIRING7A_W27,EDUCATION,High school graduate,[0.15861187 0.49473941 0.34664872],0.019847040364670273
63,HIRING7A_W27,EDUCATION,Less than high school,[0.15583277 0.45471127 0.38945596],0.0
64,HIRING7A_W27,EDUCATION,Postgraduate,[0.22361811 0.50034966 0.27603223],0.003383157108198451
65,HIRING7A_W27,EDUCATION,"Some college, no degree",[0.20939851 0.54680907 0.24379241],0.017000203068851433
66,WORK7_W27,EDUCATION,Associate's degree,[0.17744079 0.82255921],0.0
67,WORK7_W27,EDUCATION,College graduate/some postgrad,[0.15530965 0.84469035],0.00011614820882916663
68,WORK7_W27,EDUCATION,High school graduate,[0.17080953 0.82919047],0.013581838682799677
69,WORK7_W27,EDUCATION,Less than high school,[0.1811272 0.8188728],0.03443396734646152
70,WORK7_W27,EDUCATION,Postgraduate,[0.15992537 0.84007463],0.0010292760240225576
71,WORK7_W27,EDUCATION,"Some college, no degree",[0.22408439 0.77591561],0.0022333708981707944
72,PREDICTA_W27,EDUCATION,Associate's degree,[0.18852508 0.61385043 0.19072262 0.00690187],0.0004160088704033302
73,PREDICTA_W27,EDUCATION,College graduate/some postgrad,[0.19522712 0.61075984 0.18711656 0.00689648],0.0060018993823443625
74,PREDICTA_W27,EDUCATION,High school graduate,[0.20089599 0.56868541 0.17765252 0.05276608],0.010054273268165858
75,PREDICTA_W27,EDUCATION,Less than high school,[0.32979179 0.48156467 0.18864354 0.        ],0.0
76,PREDICTA_W27,EDUCATION,Postgraduate,[0.2090642  0.56496405 0.22128481 0.00468695],0.002033068540524125
77,PREDICTA_W27,EDUCATION,"Some college, no degree",[0.19650848 0.61378792 0.16603724 0.02366636],0.001309195604199211
78,VOICE5D_W27,EDUCATION,Associate's degree,[0.24476608 0.41361005 0.34162387],0.0
79,VOICE5D_W27,EDUCATION,College graduate/some postgrad,[0.22909009 0.32742372 0.44348619],0.005516966405322234
80,VOICE5D_W27,EDUCATION,High school graduate,[0.19804024 0.45326172 0.34869803],0.0
81,VOICE5D_W27,EDUCATION,Less than high school,[0.16149385 0.31911305 0.5193931 ],0.0
82,VOICE5D_W27,EDUCATION,Postgraduate,[0.32708312 0.37773561 0.29518127],0.0
83,VOICE5D_W27,EDUCATION,"Some college, no degree",[0.20712828 0.40600801 0.38686371],0.012792888808587519
84,HIRING2_W27,EDUCATION,Associate's degree,[0.16670451 0.47159169 0.24159894 0.12010486],0.0
85,HIRING2_W27,EDUCATION,College graduate/some postgrad,[0.10647155 0.44515975 0.31986728 0.12850143],0.0003859069901483283
86,HIRING2_W27,EDUCATION,High school graduate,[0.10551496 0.48237463 0.29724335 0.11486706],0.0037775957213328016
87,HIRING2_W27,EDUCATION,Less than high school,[0.08568441 0.66107809 0.09556942 0.15766808],0.0
88,HIRING2_W27,EDUCATION,Postgraduate,[0.14850311 0.41640558 0.34521685 0.08987446],0.0
89,HIRING2_W27,EDUCATION,"Some college, no degree",[0.11338872 0.44767491 0.28712021 0.15181616],0.0
90,ROBJOB8A_W27,EDUCATION,Associate's degree,[0.1108379  0.33679518 0.41448018 0.13788675],0.0004919586021378622
91,ROBJOB8A_W27,EDUCATION,College graduate/some postgrad,[0.09997437 0.3442795  0.4034586  0.15228753],0.0055775869236310265
92,ROBJOB8A_W27,EDUCATION,High school graduate,[0.1856069  0.40462418 0.29669894 0.11306998],0.016470510542877653
93,ROBJOB8A_W27,EDUCATION,Less than high school,[0.21328749 0.45252935 0.2542139  0.07996926],0.0
94,ROBJOB8A_W27,EDUCATION,Postgraduate,[0.1085216  0.34777061 0.4096316  0.13407619],0.0035216787606836717
95,ROBJOB8A_W27,EDUCATION,"Some college, no degree",[0.16729289 0.38697941 0.34730707 0.09842063],0.0051029147538997986
96,ROBJOB4E_W27,EDUCATION,Associate's degree,[0.2403869 0.7596131],0.003317538817782739
97,ROBJOB4E_W27,EDUCATION,College graduate/some postgrad,[0.28557012 0.71442988],0.0034929771549316135
98,ROBJOB4E_W27,EDUCATION,High school graduate,[0.21661417 0.78338583],0.01509617233209358
99,ROBJOB4E_W27,EDUCATION,Less than high school,[0.27775256 0.72224744],0.0019507416408601449
100,ROBJOB4E_W27,EDUCATION,Postgraduate,[0.30009717 0.69990283],0.011895268964502716
101,ROBJOB4E_W27,EDUCATION,"Some college, no degree",[0.21867184 0.78132816],0.0029931189278921662
102,CAREGIV1_W27,EDUCATION,Associate's degree,[0.08722852 0.22709937 0.68567211],0.0
103,CAREGIV1_W27,EDUCATION,College graduate/some postgrad,[0.05557976 0.35715358 0.58726666],0.0011254655845526762
104,CAREGIV1_W27,EDUCATION,High school graduate,[0.05068429 0.20024967 0.74906604],0.0
105,CAREGIV1_W27,EDUCATION,Less than high school,[0.0375966  0.26909112 0.69331228],0.0
106,CAREGIV1_W27,EDUCATION,Postgraduate,[0.07600472 0.38524124 0.53875403],0.004706665901412461
107,CAREGIV1_W27,EDUCATION,"Some college, no degree",[0.05017493 0.33894708 0.61087799],0.0017018434839570227
108,WORK3C_W27,EDUCATION,Associate's degree,[0.56600021 0.11506931 0.31893048],0.015326768043441793
109,WORK3C_W27,EDUCATION,College graduate/some postgrad,[0.75149495 0.14000394 0.10850111],0.0006203516783233499
110,WORK3C_W27,EDUCATION,High school graduate,[0.46283046 0.16777422 0.36939532],0.0016688210390084798
111,WORK3C_W27,EDUCATION,Less than high school,[0.43440989 0.25557044 0.31001967],0.05957924186893245
112,WORK3C_W27,EDUCATION,Postgraduate,[0.6901898  0.18670281 0.12310739],0.00343867295100573
113,WORK3C_W27,EDUCATION,"Some college, no degree",[0.59390759 0.16102979 0.24506262],0.0
114,CARS9A_W27,EDUCATION,Associate's degree,[0.48953971 0.32292902 0.13619876 0.05133251],0.0
115,CARS9A_W27,EDUCATION,College graduate/some postgrad,[0.40134549 0.40626894 0.14659937 0.0457862 ],0.0027176260153800595
116,CARS9A_W27,EDUCATION,High school graduate,[0.51228346 0.33917384 0.08851483 0.06002787],0.002167968731868035
117,CARS9A_W27,EDUCATION,Less than high school,[0.48026173 0.33344631 0.08568274 0.10060923],0.019564978180119943
118,CARS9A_W27,EDUCATION,Postgraduate,[0.3970742  0.42959589 0.14644987 0.02688004],0.007050456656298763
119,CARS9A_W27,EDUCATION,"Some college, no degree",[0.4927173  0.34934121 0.12002014 0.03792135],0.002540111525681268
120,CARS7B_W27,EDUCATION,Associate's degree,[0.13257925 0.22224818 0.32942007 0.31575249],0.0
121,CARS7B_W27,EDUCATION,College graduate/some postgrad,[0.12488442 0.31176943 0.33223544 0.23111071],0.0014866371695681556
122,CARS7B_W27,EDUCATION,High school graduate,[0.06774028 0.217367   0.33881943 0.37607329],0.004190880628219913
123,CARS7B_W27,EDUCATION,Less than high school,[0.02957142 0.17822003 0.30901641 0.48319214],0.0
124,CARS7B_W27,EDUCATION,Postgraduate,[0.09813508 0.37126532 0.29987586 0.23072373],0.003120411709884057
125,CARS7B_W27,EDUCATION,"Some college, no degree",[0.06875379 0.26706628 0.35527643 0.3089035 ],0.0004308168855163117
126,CARS3A_W27,EDUCATION,Associate's degree,[0.13422642 0.26220665 0.39339711 0.21016982],0.0
127,CARS3A_W27,EDUCATION,College graduate/some postgrad,[0.15152852 0.33449061 0.36000201 0.15397886],0.0036229899593352988
128,CARS3A_W27,EDUCATION,High school graduate,[0.0951756  0.23949113 0.35785277 0.30748051],0.00038218704934410474
129,CARS3A_W27,EDUCATION,Less than high school,[0.06216588 0.1918517  0.4675109  0.27847152],0.019564978180119943
130,CARS3A_W27,EDUCATION,Postgraduate,[0.17889211 0.31691917 0.377238   0.12695071],0.0004712146614512602
131,CARS3A_W27,EDUCATION,"Some college, no degree",[0.08827398 0.32045422 0.40405497 0.18721684],0.0002633140039647415
132,WORK4B_W27,EDUCATION,Associate's degree,[0.53513391 0.12338588 0.34148021],0.0
133,WORK4B_W27,EDUCATION,College graduate/some postgrad,[0.64711567 0.10183137 0.25105296],0.004069453342430597
134,WORK4B_W27,EDUCATION,High school graduate,[0.38701947 0.17561092 0.43736961],0.011138044006178282
135,WORK4B_W27,EDUCATION,Less than high school,[0.35478615 0.16025991 0.48495393],0.003436774119701152
136,WORK4B_W27,EDUCATION,Postgraduate,[0.64265075 0.08307135 0.27427791],0.0025387779353284686
137,WORK4B_W27,EDUCATION,"Some college, no degree",[0.5473077  0.10896282 0.34372949],0.0014811251314346564
138,CARS9B_W27,EDUCATION,Associate's degree,[0.32574734 0.35649905 0.21202569 0.10572792],0.0022893644865260025
139,CARS9B_W27,EDUCATION,College graduate/some postgrad,[0.26022787 0.32775979 0.34830805 0.0637043 ],0.00475917717711621
140,CARS9B_W27,EDUCATION,High school graduate,[0.39529437 0.35830554 0.18425612 0.06214396],0.0016221780472630864
141,CARS9B_W27,EDUCATION,Less than high school,[0.43091244 0.28857179 0.17929003 0.10122573],0.0
142,CARS9B_W27,EDUCATION,Postgraduate,[0.25180294 0.35391655 0.33632233 0.05795818],0.008321518334766536
143,CARS9B_W27,EDUCATION,"Some college, no degree",[0.35252198 0.36953989 0.22516729 0.05277084],0.005169417801738259
144,ROBJOB5C_W27,EDUCATION,Associate's degree,[0.21167924 0.43854781 0.20265374 0.1471192 ],0.00896328551720697
145,ROBJOB5C_W27,EDUCATION,College graduate/some postgrad,[0.19489711 0.46360091 0.21908912 0.12241286],0.010567436625056038
146,ROBJOB5C_W27,EDUCATION,High school graduate,[0.2407858  0.38481552 0.2505686  0.12383009],0.007978511914159814
147,ROBJOB5C_W27,EDUCATION,Less than high school,[0.2573738  0.35402134 0.27591658 0.11268828],0.009391193153010213
148,ROBJOB5C_W27,EDUCATION,Postgraduate,[0.17867259 0.44873899 0.25295432 0.1196341 ],0.007885766899106842
149,ROBJOB5C_W27,EDUCATION,"Some college, no degree",[0.21097414 0.38624969 0.25734905 0.14542713],0.003529642480558036
150,HIRING1_W27,EDUCATION,Associate's degree,[0.08278969 0.34053614 0.57667418],0.0016005527644321702
151,HIRING1_W27,EDUCATION,College graduate/some postgrad,[0.07854269 0.37044123 0.55101608],0.0034539091167798152
152,HIRING1_W27,EDUCATION,High school graduate,[0.0971054  0.32925855 0.57363605],0.004274984760983483
153,HIRING1_W27,EDUCATION,Less than high school,[0.0493593  0.28185334 0.66878736],0.0
154,HIRING1_W27,EDUCATION,Postgraduate,[0.11294786 0.36455964 0.52249251],0.002813490369124711
155,HIRING1_W27,EDUCATION,"Some college, no degree",[0.09044961 0.32573896 0.58381144],0.0
156,CARS7A_W27,EDUCATION,Associate's degree,[0.12150704 0.36186002 0.35044856 0.16618439],0.0
157,CARS7A_W27,EDUCATION,College graduate/some postgrad,[0.16606765 0.41675924 0.31560442 0.10156869],0.0
158,CARS7A_W27,EDUCATION,High school graduate,[0.06670275 0.34378716 0.37074731 0.21876278],0.00038913802404948433
159,CARS7A_W27,EDUCATION,Less than high school,[0.02986674 0.25132747 0.44599716 0.27280863],0.019564978180119943
160,CARS7A_W27,EDUCATION,Postgraduate,[0.16325644 0.46954579 0.25299435 0.11420342],0.0028687825029598333
161,CARS7A_W27,EDUCATION,"Some college, no degree",[0.11903012 0.36578056 0.36774211 0.14744721],0.00046268131599472415
162,CAREREL_W27,EDUCATION,Associate's degree,[0.39303886 0.28165537 0.11095205 0.11483219 0.09952153],0.013139103654090798
163,CAREREL_W27,EDUCATION,College graduate/some postgrad,[0.38656917 0.32023395 0.11743809 0.10598069 0.06977809],0.0017046713088774124
164,CAREREL_W27,EDUCATION,High school graduate,[0.38562601 0.25315836 0.15577388 0.1070479  0.09839384],0.0
165,CAREREL_W27,EDUCATION,Less than high school,[0.37393199 0.19776958 0.13886064 0.16435422 0.12508357],0.0
166,CAREREL_W27,EDUCATION,Postgraduate,[0.46355768 0.26477788 0.11266771 0.07869688 0.08029985],0.0036750227427777967
167,CAREREL_W27,EDUCATION,"Some college, no degree",[0.41622785 0.31337087 0.09703061 0.0973799  0.07599077],0.0026710088408443194
168,PREDICTC_W27,EDUCATION,Associate's degree,[0.14340987 0.49779136 0.31799537 0.04080339],0.0024556352331718723
169,PREDICTC_W27,EDUCATION,College graduate/some postgrad,[0.12016656 0.54149718 0.32210949 0.01622678],0.0034989586473743203
170,PREDICTC_W27,EDUCATION,High school graduate,[0.09661099 0.50933288 0.32662405 0.06743208],0.0036954752643476416
171,PREDICTC_W27,EDUCATION,Less than high school,[0.16803177 0.48885303 0.26907834 0.07403686],0.0028031420176913287
172,PREDICTC_W27,EDUCATION,Postgraduate,[0.12605719 0.56286792 0.29952282 0.01155206],0.0006004531179092355
173,PREDICTC_W27,EDUCATION,"Some college, no degree",[0.11123444 0.57735994 0.29098187 0.02042376],0.0
174,CARS10C_W27,EDUCATION,Associate's degree,[0.37696006 0.62303994],0.010141379605047775
175,CARS10C_W27,EDUCATION,College graduate/some postgrad,[0.46520262 0.53479738],0.0037887681857061164
176,CARS10C_W27,EDUCATION,High school graduate,[0.38443459 0.61556541],0.0010399466713760799
177,CARS10C_W27,EDUCATION,Less than high school,[0.52585878 0.47414122],0.007178626798795574
178,CARS10C_W27,EDUCATION,Postgraduate,[0.44970995 0.55029005],0.0037607172105621712
179,CARS10C_W27,EDUCATION,"Some college, no degree",[0.46087105 0.53912895],0.012887679162744236
180,DRONE4C_W27,EDUCATION,Associate's degree,[0.41032583 0.26753581 0.32213835],0.007618056683088099
181,DRONE4C_W27,EDUCATION,College graduate/some postgrad,[0.36483231 0.32380942 0.31135827],0.0043119777075914375
182,DRONE4C_W27,EDUCATION,High school graduate,[0.34542067 0.32398525 0.33059407],0.0215745148466189
183,DRONE4C_W27,EDUCATION,Less than high school,[0.30460382 0.39150462 0.30389156],0.0
184,DRONE4C_W27,EDUCATION,Postgraduate,[0.33747095 0.35698258 0.30554647],0.0017421877306733602
185,DRONE4C_W27,EDUCATION,"Some college, no degree",[0.36274997 0.29467347 0.34257656],0.0
186,WORK3B_W27,EDUCATION,Associate's degree,[0.70808724 0.02792012 0.26399264],0.0
187,WORK3B_W27,EDUCATION,College graduate/some postgrad,[0.89243346 0.01915466 0.08841188],0.003581037911276119
188,WORK3B_W27,EDUCATION,High school graduate,[0.49083965 0.09017635 0.418984  ],0.0016688210390084798
189,WORK3B_W27,EDUCATION,Less than high school,[0.30697494 0.15748713 0.53553793],0.0024374808711932943
190,WORK3B_W27,EDUCATION,Postgraduate,[0.92584282 0.01282452 0.06133266],0.005042658503599823
191,WORK3B_W27,EDUCATION,"Some college, no degree",[0.69899147 0.03429306 0.26671547],0.016128827884291153
192,CAREGIV3B_W27,EDUCATION,Associate's degree,[0.15153972 0.37754799 0.35984238 0.11106991],0.0
193,CAREGIV3B_W27,EDUCATION,College graduate/some postgrad,[0.09558812 0.282578   0.49823978 0.12359411],0.0036220695274669147
194,CAREGIV3B_W27,EDUCATION,High school graduate,[0.1576059  0.36987257 0.39713841 0.07538313],0.0075304836063391205
195,CAREGIV3B_W27,EDUCATION,Less than high school,[0.26029584 0.33566633 0.38330771 0.02073012],0.0
196,CAREGIV3B_W27,EDUCATION,Postgraduate,[0.12048107 0.27712083 0.45314035 0.14925774],0.0034826671896995387
197,CAREGIV3B_W27,EDUCATION,"Some college, no degree",[0.11876857 0.33488709 0.4448571  0.10148724],0.0
198,WORK3F_W27,EDUCATION,Associate's degree,[0.46374764 0.09983463 0.43641773],0.0022719345203460885
199,WORK3F_W27,EDUCATION,College graduate/some postgrad,[0.53213661 0.09347881 0.37438459],0.005037010866441926
200,WORK3F_W27,EDUCATION,High school graduate,[0.36446126 0.18603304 0.44950569],0.0016688210390084798
201,WORK3F_W27,EDUCATION,Less than high school,[0.5538002  0.13573282 0.31046698],0.012478269720101335
202,WORK3F_W27,EDUCATION,Postgraduate,[0.53248554 0.08060717 0.38690729],0.0009176377338553641
203,WORK3F_W27,EDUCATION,"Some college, no degree",[0.4976084  0.10835533 0.39403627],0.0
204,PREDICTD_W27,EDUCATION,Associate's degree,[0.07216354 0.33898053 0.50900253 0.0798534 ],0.005857732297657498
205,PREDICTD_W27,EDUCATION,College graduate/some postgrad,[0.0425694  0.32167164 0.58330668 0.05245227],0.005417019266450575
206,PREDICTD_W27,EDUCATION,High school graduate,[0.0738298  0.42679653 0.41529009 0.08408359],0.00038218704934410474
207,PREDICTD_W27,EDUCATION,Less than high school,[0.11733868 0.45790063 0.38280253 0.04195817],0.0008524003768311842
208,PREDICTD_W27,EDUCATION,Postgraduate,[0.04120469 0.2646458  0.61992383 0.07422568],0.006615035482405459
209,PREDICTD_W27,EDUCATION,"Some college, no degree",[0.07770628 0.34933822 0.51294903 0.06000647],0.0013267114331886529
210,WORK2_W27,EDUCATION,Associate's degree,[0.21284872 0.53016979 0.25698148],0.0
211,WORK2_W27,EDUCATION,College graduate/some postgrad,[0.18716651 0.4605228  0.3523107 ],0.003197779609546916
212,WORK2_W27,EDUCATION,High school graduate,[0.15224737 0.53740856 0.31034407],0.005556232105272061
213,WORK2_W27,EDUCATION,Less than high school,[0.21865624 0.51962484 0.26171892],0.0
214,WORK2_W27,EDUCATION,Postgraduate,[0.24004805 0.37112764 0.38882431],0.0032760364689869387
215,WORK2_W27,EDUCATION,"Some college, no degree",[0.178494   0.54094354 0.28056246],0.002591546544402079
216,HIRING6A_W27,EDUCATION,Associate's degree,[0.25678374 0.41836194 0.32485432],0.00866960311783991
217,HIRING6A_W27,EDUCATION,College graduate/some postgrad,[0.2905036  0.36310279 0.34639361],0.001290581175510343
218,HIRING6A_W27,EDUCATION,High school graduate,[0.20312788 0.47109455 0.32577758],0.021315295470712113
219,HIRING6A_W27,EDUCATION,Less than high school,[0.24034741 0.4706425  0.28901009],0.007010103164222967
220,HIRING6A_W27,EDUCATION,Postgraduate,[0.2999401  0.35459778 0.34546211],0.0005396174439452547
221,HIRING6A_W27,EDUCATION,"Some college, no degree",[0.24024127 0.44447064 0.31528809],0.0025516371136646747
222,CARS9C_W27,EDUCATION,Associate's degree,[0.5474759  0.34823923 0.07459829 0.02968658],0.0003704805907950347
223,CARS9C_W27,EDUCATION,College graduate/some postgrad,[0.46718421 0.37960097 0.12742532 0.02578949],0.002741443646321937
224,CARS9C_W27,EDUCATION,High school graduate,[0.58224587 0.2821161  0.09458364 0.04105439],0.00571401819694769
225,CARS9C_W27,EDUCATION,Less than high school,[0.56083504 0.25602868 0.10034767 0.0827886 ],0.0
226,CARS9C_W27,EDUCATION,Postgraduate,[0.42087842 0.400153   0.16600976 0.01295882],0.002639450643477596
227,CARS9C_W27,EDUCATION,"Some college, no degree",[0.56383272 0.36975472 0.05275136 0.0136612 ],0.0031549197934631215
228,HIRING6B_W27,EDUCATION,Associate's degree,[0.16492087 0.60683588 0.22824325],0.00866960311783991
229,HIRING6B_W27,EDUCATION,College graduate/some postgrad,[0.12140094 0.68073722 0.19786184],0.0010671482031153953
230,HIRING6B_W27,EDUCATION,High school graduate,[0.10534555 0.55311469 0.34153977],0.01683403545531971
231,HIRING6B_W27,EDUCATION,Less than high school,[0.09383469 0.48164487 0.42452044],0.007010103164222967
232,HIRING6B_W27,EDUCATION,Postgraduate,[0.11665634 0.69460815 0.18873551],0.005126202401616247
233,HIRING6B_W27,EDUCATION,"Some college, no degree",[0.13118512 0.58905834 0.27975655],0.0004384469714665707
234,ROBJOB3B_W27,EDUCATION,Associate's degree,[0.24873082 0.45752541 0.2421931  0.05155066],0.002314377447572644
235,ROBJOB3B_W27,EDUCATION,College graduate/some postgrad,[0.18813525 0.48722559 0.28658587 0.03805329],0.0019751380062645054
236,ROBJOB3B_W27,EDUCATION,High school graduate,[0.31014739 0.46044604 0.17026768 0.05913889],0.0032541138734135276
237,ROBJOB3B_W27,EDUCATION,Less than high school,[0.35901719 0.43625865 0.16759958 0.03712458],0.0008802420750664225
238,ROBJOB3B_W27,EDUCATION,Postgraduate,[0.16223489 0.50231243 0.30142685 0.03402583],0.002267825332734445
239,ROBJOB3B_W27,EDUCATION,"Some college, no degree",[0.22166977 0.5029013  0.23880362 0.03662532],0.0024561879563250884
240,DRONE2_W27,EDUCATION,Associate's degree,[0.60287507 0.39712493],0.0
241,DRONE2_W27,EDUCATION,College graduate/some postgrad,[0.6518045 0.3481955],0.00040453072521297583
242,DRONE2_W27,EDUCATION,High school graduate,[0.4407498 0.5592502],0.01683403545531971
243,DRONE2_W27,EDUCATION,Less than high school,[0.46674776 0.53325224],0.0
244,DRONE2_W27,EDUCATION,Postgraduate,[0.72370821 0.27629179],0.0
245,DRONE2_W27,EDUCATION,"Some college, no degree",[0.68739716 0.31260284],0.0
246,WORK3E_W27,EDUCATION,Associate's degree,[0.69461574 0.10419484 0.20118942],0.013791529432940043
247,WORK3E_W27,EDUCATION,College graduate/some postgrad,[0.78171952 0.09956582 0.11871466],0.0025096606672112428
248,WORK3E_W27,EDUCATION,High school graduate,[0.54191251 0.1937098  0.26437769],0.0
249,WORK3E_W27,EDUCATION,Less than high school,[0.52379253 0.07492488 0.40128258],0.0
250,WORK3E_W27,EDUCATION,Postgraduate,[0.73930634 0.11008908 0.15060458],0.0012428726391813794
251,WORK3E_W27,EDUCATION,"Some college, no degree",[0.69335135 0.11362281 0.19302584],0.0
252,CAREGIV6A_W27,EDUCATION,Associate's degree,[0.67166533 0.32833467],0.0022519071670123376
253,CAREGIV6A_W27,EDUCATION,College graduate/some postgrad,[0.76249017 0.23750983],0.0070208293362233965
254,CAREGIV6A_W27,EDUCATION,High school graduate,[0.65336294 0.34663706],0.011286010744704346
255,CAREGIV6A_W27,EDUCATION,Less than high school,[0.42954195 0.57045805],0.004002675794416546
256,CAREGIV6A_W27,EDUCATION,Postgraduate,[0.80763371 0.19236629],0.002680525357915801
257,CAREGIV6A_W27,EDUCATION,"Some college, no degree",[0.76197453 0.23802547],0.002428217446610386
258,CAREGIV6C_W27,EDUCATION,Associate's degree,[0.58018912 0.41981088],0.0008587129333949945
259,CAREGIV6C_W27,EDUCATION,College graduate/some postgrad,[0.63035434 0.36964566],0.0009131623939692363
260,CAREGIV6C_W27,EDUCATION,High school graduate,[0.51538361 0.48461639],0.02464588905710292
261,CAREGIV6C_W27,EDUCATION,Less than high school,[0.60062612 0.39937388],0.00953005067402581
262,CAREGIV6C_W27,EDUCATION,Postgraduate,[0.57266143 0.42733857],0.0029853879617957988
263,CAREGIV6C_W27,EDUCATION,"Some college, no degree",[0.55779069 0.44220931],0.0013820280209315278
264,DRONE4D_W27,EDUCATION,Associate's degree,[0.45788242 0.20597855 0.33613903],0.0
265,DRONE4D_W27,EDUCATION,College graduate/some postgrad,[0.47904    0.23549096 0.28546904],0.0
266,DRONE4D_W27,EDUCATION,High school graduate,[0.45711471 0.25456296 0.28832233],0.02751763050801314
267,DRONE4D_W27,EDUCATION,Less than high school,[0.30096534 0.45423982 0.24479483],0.0
268,DRONE4D_W27,EDUCATION,Postgraduate,[0.46134264 0.2353533  0.30330406],0.022010332261935685
269,DRONE4D_W27,EDUCATION,"Some college, no degree",[0.4281259  0.19172207 0.38015203],0.0
270,VOICE3_W27,EDUCATION,Associate's degree,[0.14870138 0.85129862],0.0
271,VOICE3_W27,EDUCATION,College graduate/some postgrad,[0.23567784 0.76432216],0.0
272,VOICE3_W27,EDUCATION,High school graduate,[0.31151294 0.68848706],0.0
273,VOICE3_W27,EDUCATION,Less than high school,[0.41186253 0.58813747],0.0830048339915459
274,VOICE3_W27,EDUCATION,Postgraduate,[0.29765574 0.70234426],0.0037296318082655575
275,VOICE3_W27,EDUCATION,"Some college, no degree",[0.22807809 0.77192191],0.0014662603767740875
276,CARS10A_W27,EDUCATION,Associate's degree,[0.77910958 0.22089042],0.0
277,CARS10A_W27,EDUCATION,College graduate/some postgrad,[0.79938991 0.20061009],0.0012577859266704081
278,CARS10A_W27,EDUCATION,High school graduate,[0.69180566 0.30819434],0.0004048627704809107
279,CARS10A_W27,EDUCATION,Less than high school,[0.59696003 0.40303997],0.007178626798795574
280,CARS10A_W27,EDUCATION,Postgraduate,[0.86748572 0.13251428],0.008293738124413214
281,CARS10A_W27,EDUCATION,"Some college, no degree",[0.77084436 0.22915564],0.0009318625399396847
282,CAREGIV6D_W27,EDUCATION,Associate's degree,[0.56183735 0.43816265],0.014719004717881628
283,CAREGIV6D_W27,EDUCATION,College graduate/some postgrad,[0.61609033 0.38390967],0.0033878314250255807
284,CAREGIV6D_W27,EDUCATION,High school graduate,[0.73181376 0.26818624],0.026841414482214557
285,CAREGIV6D_W27,EDUCATION,Less than high school,[0.56740426 0.43259574],0.00953005067402581
286,CAREGIV6D_W27,EDUCATION,Postgraduate,[0.63599004 0.36400996],0.0027781043233547236
287,CAREGIV6D_W27,EDUCATION,"Some college, no degree",[0.62423924 0.37576076],0.0038621038985386545
288,DRONE4A_W27,EDUCATION,Associate's degree,[0.06023996 0.5523905  0.38736955],0.0
289,DRONE4A_W27,EDUCATION,College graduate/some postgrad,[0.10093318 0.55713191 0.34193491],0.0013463962116250607
290,DRONE4A_W27,EDUCATION,High school graduate,[0.15900903 0.56130559 0.27968538],0.020571351601523753
291,DRONE4A_W27,EDUCATION,Less than high school,[0.13767936 0.57243081 0.28988983],0.0
292,DRONE4A_W27,EDUCATION,Postgraduate,[0.10981428 0.51640539 0.37378032],0.001297139439404034
293,DRONE4A_W27,EDUCATION,"Some college, no degree",[0.08914466 0.51651947 0.39433587],0.0
294,DRONE1_W27,EDUCATION,Associate's degree,[0.10585604 0.89414396],0.0
295,DRONE1_W27,EDUCATION,College graduate/some postgrad,[0.07737438 0.92262562],0.0055392037199582566
296,DRONE1_W27,EDUCATION,High school graduate,[0.0516212 0.9483788],0.016834035455319706
297,DRONE1_W27,EDUCATION,Less than high school,[0.00983235 0.99016765],0.0
298,DRONE1_W27,EDUCATION,Postgraduate,[0.06369759 0.93630241],0.0004256637485802785
299,DRONE1_W27,EDUCATION,"Some college, no degree",[0.15947351 0.84052649],0.001528911956240586
300,CARS3B_W27,EDUCATION,Associate's degree,[0.11856941 0.38228124 0.388138   0.11101135],0.0
301,CARS3B_W27,EDUCATION,College graduate/some postgrad,[0.10059524 0.39949763 0.37007377 0.12983335],0.0
302,CARS3B_W27,EDUCATION,High school graduate,[0.17187949 0.37832403 0.33473087 0.1150656 ],0.0035366348792848974
303,CARS3B_W27,EDUCATION,Less than high school,[0.20328743 0.45437195 0.27304999 0.06929063],0.003576995639410177
304,CARS3B_W27,EDUCATION,Postgraduate,[0.10205239 0.36369231 0.40971507 0.12454023],0.00037884428749697494
305,CARS3B_W27,EDUCATION,"Some college, no degree",[0.14763688 0.40836864 0.34374325 0.10025122],0.0
306,CAREGIV7_W27,EDUCATION,Associate's degree,[0.47331644 0.1668563  0.35982726],0.0008180847928856551
307,CAREGIV7_W27,EDUCATION,College graduate/some postgrad,[0.57058375 0.14204338 0.28737287],0.0
308,CAREGIV7_W27,EDUCATION,High school graduate,[0.43871476 0.21391865 0.34736659],0.013089107206309304
309,CAREGIV7_W27,EDUCATION,Less than high school,[0.28844851 0.33987919 0.3716723 ],0.0017490180575574909
310,CAREGIV7_W27,EDUCATION,Postgraduate,[0.53402635 0.1626191  0.30335455],0.0010748384842903305
311,CAREGIV7_W27,EDUCATION,"Some college, no degree",[0.51972056 0.19088015 0.28939929],0.003958576005178609
312,PREDICTB_W27,EDUCATION,Associate's degree,[0.0967476  0.52589794 0.35791473 0.01943973],0.0035206622470086487
313,PREDICTB_W27,EDUCATION,College graduate/some postgrad,[0.12689693 0.5001088  0.35336152 0.01963274],0.0017428873023071676
314,PREDICTB_W27,EDUCATION,High school graduate,[0.12125507 0.51128696 0.32251184 0.04494613],0.0003821870493441047
315,PREDICTB_W27,EDUCATION,Less than high school,[0.17738447 0.53417433 0.26379547 0.02464573],0.0019507416408601449
316,PREDICTB_W27,EDUCATION,Postgraduate,[0.13886545 0.47815479 0.37831806 0.0046617 ],0.004109478214544063
317,PREDICTB_W27,EDUCATION,"Some college, no degree",[0.15287184 0.55057614 0.28088305 0.01566897],0.004283743953387943
318,INDUSTRY_W27,EDUCATION,Associate's degree,"[0.04747904 0.19707913 0.1049706  0.10011604 0.08455406 0.08986594
 0.01243485 0.08475606 0.08581127 0.16671201 0.02622099]",0.0
319,INDUSTRY_W27,EDUCATION,College graduate/some postgrad,"[0.03637241 0.10859555 0.05385283 0.05862836 0.13161752 0.12358283
 0.01498521 0.08327023 0.11140081 0.24125829 0.03643597]",0.0010667341934982302
320,INDUSTRY_W27,EDUCATION,High school graduate,"[0.10473661 0.10526051 0.17632434 0.13006418 0.01898108 0.0381706
 0.05410114 0.04667691 0.05337928 0.20383224 0.06847309]",0.0
321,INDUSTRY_W27,EDUCATION,Less than high school,"[0.26560497 0.01371075 0.11131396 0.09630488 0.         0.01040745
 0.12454385 0.06559559 0.01445795 0.27620823 0.02185238]",0.0
322,INDUSTRY_W27,EDUCATION,Postgraduate,"[0.01005911 0.15444153 0.06451205 0.01541151 0.26705067 0.07862986
 0.01108501 0.09946218 0.09101702 0.18709905 0.02123202]",0.0
323,INDUSTRY_W27,EDUCATION,"Some college, no degree","[0.08252578 0.11432478 0.10563677 0.14412961 0.03346234 0.06616503
 0.05433022 0.07444786 0.0570251  0.21859846 0.04935405]",0.0
324,CAREGIV6F_W27,EDUCATION,Associate's degree,[0.34175364 0.65824636],0.025433035841279802
325,CAREGIV6F_W27,EDUCATION,College graduate/some postgrad,[0.39522948 0.60477052],0.022346564429626847
326,CAREGIV6F_W27,EDUCATION,High school graduate,[0.49518383 0.50481617],0.03944130730913809
327,CAREGIV6F_W27,EDUCATION,Less than high school,[0.52303436 0.47696564],0.0
328,CAREGIV6F_W27,EDUCATION,Postgraduate,[0.40966405 0.59033595],0.0050881933992409385
329,CAREGIV6F_W27,EDUCATION,"Some college, no degree",[0.39892441 0.60107559],0.0037609383520591446
330,CARS10E_W27,EDUCATION,Associate's degree,[0.27824251 0.72175749],0.0004986246198013215
331,CARS10E_W27,EDUCATION,College graduate/some postgrad,[0.32563605 0.67436395],0.0019478910550248154
332,CARS10E_W27,EDUCATION,High school graduate,[0.23501517 0.76498483],0.003718150985484448
333,CARS10E_W27,EDUCATION,Less than high school,[0.34033234 0.65966766],0.0021459550687844323
334,CARS10E_W27,EDUCATION,Postgraduate,[0.31566512 0.68433488],0.007366103891612012
335,CARS10E_W27,EDUCATION,"Some college, no degree",[0.25733018 0.74266982],0.0016348686296188066
336,ROBJOB8G_W27,EDUCATION,Associate's degree,[0.21854299 0.43576061 0.27916057 0.06653583],0.0020287498976890492
337,ROBJOB8G_W27,EDUCATION,College graduate/some postgrad,[0.21037646 0.4536793  0.289784   0.04616024],0.0029080511932163084
338,ROBJOB8G_W27,EDUCATION,High school graduate,[0.19534601 0.37159979 0.31393579 0.11911842],0.0062654334447522836
339,ROBJOB8G_W27,EDUCATION,Less than high school,[0.26257451 0.4480571  0.19072251 0.09864588],0.0
340,ROBJOB8G_W27,EDUCATION,Postgraduate,[0.25064688 0.47946394 0.23023826 0.03965092],0.010154185468769464
341,ROBJOB8G_W27,EDUCATION,"Some college, no degree",[0.21008083 0.48122585 0.25948645 0.04920687],0.0033299112952820276
342,ROBJOB2_W27,EDUCATION,Associate's degree,[0.24666331 0.56427925 0.15787639 0.03118104],0.0
343,ROBJOB2_W27,EDUCATION,College graduate/some postgrad,[0.21773767 0.60299509 0.14142407 0.03784317],0.002956855457488529
344,ROBJOB2_W27,EDUCATION,High school graduate,[0.19969712 0.5259101  0.19079458 0.0835982 ],0.014216126736791408
345,ROBJOB2_W27,EDUCATION,Less than high school,[0.1621684  0.53794747 0.20890386 0.09098028],0.02041737855695113
346,ROBJOB2_W27,EDUCATION,Postgraduate,[0.18636966 0.61488182 0.18321758 0.01553093],0.004854623212744631
347,ROBJOB2_W27,EDUCATION,"Some college, no degree",[0.21531116 0.60428195 0.15712032 0.02328657],0.00022540011658239993
348,VOICE5B_W27,EDUCATION,Associate's degree,[0.30712876 0.37007332 0.32279792],0.0
349,VOICE5B_W27,EDUCATION,College graduate/some postgrad,[0.22535175 0.33922689 0.43542136],0.008213182230688612
350,VOICE5B_W27,EDUCATION,High school graduate,[0.20087697 0.39690156 0.40222147],0.0
351,VOICE5B_W27,EDUCATION,Less than high school,[0.2639884  0.39255342 0.34345817],0.0
352,VOICE5B_W27,EDUCATION,Postgraduate,[0.25405767 0.34731356 0.39862877],0.0007807021464444177
353,VOICE5B_W27,EDUCATION,"Some college, no degree",[0.18501027 0.3999904  0.41499933],0.012048781268405272
354,CARS2_W27,EDUCATION,Associate's degree,[0.22217366 0.08580114 0.6920252 ],0.000923142724358105
355,CARS2_W27,EDUCATION,College graduate/some postgrad,[0.29475514 0.08844422 0.61680064],0.0025195398200456268
356,CARS2_W27,EDUCATION,High school graduate,[0.16911332 0.09066426 0.74022242],0.010490075225238659
357,CARS2_W27,EDUCATION,Less than high school,[0.13277632 0.30862397 0.55859971],0.004721973018480671
358,CARS2_W27,EDUCATION,Postgraduate,[0.29824098 0.07150918 0.63024984],0.003610508231781234
359,CARS2_W27,EDUCATION,"Some college, no degree",[0.22323949 0.13409377 0.64266674],0.0018079262184538944
360,CARS4_W27,EDUCATION,Associate's degree,[0.0439686  0.59621514 0.23458427 0.03955922 0.08567277],0.0
361,CARS4_W27,EDUCATION,College graduate/some postgrad,[0.05886375 0.6328085  0.22310712 0.04301403 0.0422066 ],0.0
362,CARS4_W27,EDUCATION,High school graduate,[0.12377884 0.50691091 0.19889377 0.06087539 0.1095411 ],0.0013052749828331303
363,CARS4_W27,EDUCATION,Less than high school,[0.13779735 0.53503641 0.21768807 0.02599069 0.08348749],0.0
364,CARS4_W27,EDUCATION,Postgraduate,[0.09074376 0.60048564 0.23237037 0.03044928 0.04595096],0.0035082501062451
365,CARS4_W27,EDUCATION,"Some college, no degree",[0.06835252 0.5351771  0.26580505 0.05105952 0.07960582],0.006008237962939508
366,CAREGIV4_W27,EDUCATION,Associate's degree,[0.42547202 0.57452798],0.0
367,CAREGIV4_W27,EDUCATION,College graduate/some postgrad,[0.49317363 0.50682637],0.0
368,CAREGIV4_W27,EDUCATION,High school graduate,[0.29764911 0.70235089],0.013810317004171466
369,CAREGIV4_W27,EDUCATION,Less than high school,[0.27541572 0.72458428],0.0
370,CAREGIV4_W27,EDUCATION,Postgraduate,[0.53676177 0.46323823],0.0004009979042757262
371,CAREGIV4_W27,EDUCATION,"Some college, no degree",[0.46432312 0.53567688],0.001107974970175743
372,HIRING4_W27,EDUCATION,Associate's degree,[0.29955059 0.70044941],0.0
373,HIRING4_W27,EDUCATION,College graduate/some postgrad,[0.23824642 0.76175358],0.009706402448863278
374,HIRING4_W27,EDUCATION,High school graduate,[0.16242786 0.83757214],0.026109832315433124
375,HIRING4_W27,EDUCATION,Less than high school,[0.21334668 0.78665332],0.03816509630395478
376,HIRING4_W27,EDUCATION,Postgraduate,[0.291455 0.708545],0.00042629600545477785
377,HIRING4_W27,EDUCATION,"Some college, no degree",[0.23197836 0.76802164],0.004680267693270023
378,HIRING3A_W27,EDUCATION,Associate's degree,[0.03332003 0.18211774 0.48229669 0.30226554],0.0016501652270258464
379,HIRING3A_W27,EDUCATION,College graduate/some postgrad,[0.01367213 0.17703181 0.53176172 0.27753433],0.001368826481981799
380,HIRING3A_W27,EDUCATION,High school graduate,[0.04019554 0.12382856 0.55989831 0.27607759],0.021875871109679246
381,HIRING3A_W27,EDUCATION,Less than high school,[0.00933008 0.41002167 0.25358564 0.32706261],0.0
382,HIRING3A_W27,EDUCATION,Postgraduate,[0.02621334 0.17969829 0.49942711 0.29466125],0.0
383,HIRING3A_W27,EDUCATION,"Some college, no degree",[0.0434729  0.20901585 0.49624066 0.25127058],0.0
384,ROBJOB8E_W27,EDUCATION,Associate's degree,[0.4421649  0.34523    0.14191114 0.07069395],0.004319441613251784
385,ROBJOB8E_W27,EDUCATION,College graduate/some postgrad,[0.45618685 0.40497182 0.11884894 0.01999239],0.004014777516151793
386,ROBJOB8E_W27,EDUCATION,High school graduate,[0.32368825 0.40606488 0.18573198 0.08451488],0.007469028972950949
387,ROBJOB8E_W27,EDUCATION,Less than high school,[0.23314864 0.308023   0.32691589 0.13191247],0.006848239419506385
388,ROBJOB8E_W27,EDUCATION,Postgraduate,[0.44293073 0.41731768 0.12909051 0.01066108],0.0026019351762455764
389,ROBJOB8E_W27,EDUCATION,"Some college, no degree",[0.40976516 0.38482485 0.15001827 0.05539173],0.0
390,VOICE4_W27,EDUCATION,Associate's degree,[0.37375973 0.40395834 0.22228193],0.028484480519011368
391,VOICE4_W27,EDUCATION,College graduate/some postgrad,[0.36959148 0.49654552 0.133863  ],0.011901460494617483
392,VOICE4_W27,EDUCATION,High school graduate,[0.40880904 0.41208719 0.17910377],0.017251685338391047
393,VOICE4_W27,EDUCATION,Less than high school,[0.2570721  0.48247475 0.26045315],0.0
394,VOICE4_W27,EDUCATION,Postgraduate,[0.43518194 0.44324606 0.121572  ],0.06451727050889472
395,VOICE4_W27,EDUCATION,"Some college, no degree",[0.45286983 0.39343186 0.15369831],0.07058845148480315
396,DRONE4E_W27,EDUCATION,Associate's degree,[0.28146858 0.37854688 0.33998454],0.0
397,DRONE4E_W27,EDUCATION,College graduate/some postgrad,[0.1758772  0.53454446 0.28957834],0.005151271593053075
398,DRONE4E_W27,EDUCATION,High school graduate,[0.23761765 0.44934313 0.31303922],0.01683403545531971
399,DRONE4E_W27,EDUCATION,Less than high school,[0.29440276 0.43390431 0.27169293],0.005142883243583962
400,DRONE4E_W27,EDUCATION,Postgraduate,[0.24703092 0.49542825 0.25754084],0.0
401,DRONE4E_W27,EDUCATION,"Some college, no degree",[0.25217729 0.39062319 0.35719953],0.0
402,VOICE1_W27,EDUCATION,Associate's degree,[0.4756938 0.5243062],0.0
403,VOICE1_W27,EDUCATION,College graduate/some postgrad,[0.54011215 0.45988785],0.0007150757051916843
404,VOICE1_W27,EDUCATION,High school graduate,[0.40130208 0.59869792],0.0013752286664011936
405,VOICE1_W27,EDUCATION,Less than high school,[0.35907064 0.64092936],0.0
406,VOICE1_W27,EDUCATION,Postgraduate,[0.51403053 0.48596947],0.0007645976790924905
407,VOICE1_W27,EDUCATION,"Some college, no degree",[0.49124897 0.50875103],0.00027380956508996605
408,VOICE5A_W27,EDUCATION,Associate's degree,[0.61089523 0.30160704 0.08749772],0.0
409,VOICE5A_W27,EDUCATION,College graduate/some postgrad,[0.58588375 0.27493805 0.13917819],0.007123507971201849
410,VOICE5A_W27,EDUCATION,High school graduate,[0.53354857 0.24443873 0.2220127 ],0.028836330426732854
411,VOICE5A_W27,EDUCATION,Less than high school,[0.32664405 0.40046465 0.2728913 ],0.0
412,VOICE5A_W27,EDUCATION,Postgraduate,[0.60373919 0.2751421  0.1211187 ],0.0007807021464444177
413,VOICE5A_W27,EDUCATION,"Some college, no degree",[0.56533285 0.29312552 0.14154163],0.019444883828057095
414,HIRING3B_W27,EDUCATION,Associate's degree,[0.16595072 0.52367891 0.280119   0.03025136],0.0008142931519908581
415,HIRING3B_W27,EDUCATION,College graduate/some postgrad,[0.19331161 0.4984432  0.27530484 0.03294035],0.004022880285836505
416,HIRING3B_W27,EDUCATION,High school graduate,[0.25861295 0.40695827 0.233981   0.10044778],0.021875871109679246
417,HIRING3B_W27,EDUCATION,Less than high school,[0.17455851 0.51912823 0.17189962 0.13441364],0.0
418,HIRING3B_W27,EDUCATION,Postgraduate,[0.16389748 0.49000991 0.28933968 0.05675293],0.0
419,HIRING3B_W27,EDUCATION,"Some college, no degree",[0.23417562 0.43317167 0.26661159 0.06604112],0.0
420,HIRING6D_W27,EDUCATION,Associate's degree,[0.1381721  0.62993386 0.23189405],0.009116433971201808
421,HIRING6D_W27,EDUCATION,College graduate/some postgrad,[0.13095285 0.6631111  0.20593605],0.0003859069901483283
422,HIRING6D_W27,EDUCATION,High school graduate,[0.10399954 0.49663612 0.39936434],0.01683403545531971
423,HIRING6D_W27,EDUCATION,Less than high school,[0.14781717 0.55497203 0.2972108 ],0.007010103164222967
424,HIRING6D_W27,EDUCATION,Postgraduate,[0.15540622 0.68734802 0.15724576],0.005344154320908642
425,HIRING6D_W27,EDUCATION,"Some college, no degree",[0.12345377 0.58517679 0.29136944],0.015529168430238549
426,ROBJOB4A_W27,EDUCATION,Associate's degree,[0.76866579 0.23133421],0.0024556352331718723
427,ROBJOB4A_W27,EDUCATION,College graduate/some postgrad,[0.76423156 0.23576844],0.0046686939083830275
428,ROBJOB4A_W27,EDUCATION,High school graduate,[0.77256441 0.22743559],0.008687623862180778
429,ROBJOB4A_W27,EDUCATION,Less than high school,[0.78597914 0.21402086],0.0019507416408601447
430,ROBJOB4A_W27,EDUCATION,Postgraduate,[0.7687851 0.2312149],0.003482591016519194
431,ROBJOB4A_W27,EDUCATION,"Some college, no degree",[0.77183663 0.22816337],0.017961268998938545
432,DRONE4B_W27,EDUCATION,Associate's degree,[0.21791171 0.51317114 0.26891715],0.0016501652270258466
433,DRONE4B_W27,EDUCATION,College graduate/some postgrad,[0.18801036 0.56364344 0.24834619],0.005849370646232053
434,DRONE4B_W27,EDUCATION,High school graduate,[0.18699955 0.59431493 0.21868552],0.01683403545531971
435,DRONE4B_W27,EDUCATION,Less than high school,[0.28975997 0.44786379 0.26237624],0.0
436,DRONE4B_W27,EDUCATION,Postgraduate,[0.20570096 0.57849512 0.21580392],0.0
437,DRONE4B_W27,EDUCATION,"Some college, no degree",[0.19301368 0.47437901 0.33260731],0.0011530671893211877
438,WORK6_W27,EDUCATION,Associate's degree,[0.04511081 0.9355015  0.01938769],0.007600443243767461
439,WORK6_W27,EDUCATION,College graduate/some postgrad,[0.04695306 0.9378739  0.01517304],0.005672137919029684
440,WORK6_W27,EDUCATION,High school graduate,[0.04945548 0.88986059 0.06068393],0.004972602103602428
441,WORK6_W27,EDUCATION,Less than high school,[0.05794916 0.84754753 0.09450331],0.019564978180119947
442,WORK6_W27,EDUCATION,Postgraduate,[0.03738127 0.94641222 0.01620651],0.0021603608613412163
443,WORK6_W27,EDUCATION,"Some college, no degree",[0.04763676 0.92582007 0.02654317],0.011117825164178008
444,HIRING6C_W27,EDUCATION,Associate's degree,[0.29216479 0.35445689 0.35337832],0.00866960311783991
445,HIRING6C_W27,EDUCATION,College graduate/some postgrad,[0.36385879 0.34900874 0.28713247],0.0022607917142326633
446,HIRING6C_W27,EDUCATION,High school graduate,[0.18286107 0.46588204 0.35125689],0.01683403545531971
447,HIRING6C_W27,EDUCATION,Less than high school,[0.26326138 0.4817875  0.25495113],0.016340185019871785
448,HIRING6C_W27,EDUCATION,Postgraduate,[0.39910157 0.3652596  0.23563882],0.0018971821053336065
449,HIRING6C_W27,EDUCATION,"Some college, no degree",[0.23782851 0.4476347  0.31453678],0.001435658218986385
450,ROBJOB6_W27,EDUCATION,Associate's degree,[0.5177296 0.4822704],0.013849007938260638
451,ROBJOB6_W27,EDUCATION,College graduate/some postgrad,[0.43770032 0.56229968],0.008786769062804328
452,ROBJOB6_W27,EDUCATION,High school graduate,[0.51950402 0.48049598],0.009783181486192574
453,ROBJOB6_W27,EDUCATION,Less than high school,[0.60810046 0.39189954],0.03324392701217763
454,ROBJOB6_W27,EDUCATION,Postgraduate,[0.46884418 0.53115582],0.009613155779147817
455,ROBJOB6_W27,EDUCATION,"Some college, no degree",[0.51401173 0.48598827],0.02154101455575967
456,ROBJOB9_W27,EDUCATION,Associate's degree,[0.04608436 0.18502882 0.46335219 0.30553463],0.0
457,ROBJOB9_W27,EDUCATION,College graduate/some postgrad,[0.04450782 0.21973908 0.43127162 0.30448147],0.0
458,ROBJOB9_W27,EDUCATION,High school graduate,[0.08713315 0.2471255  0.31166304 0.3540783 ],0.0
459,ROBJOB9_W27,EDUCATION,Less than high school,[0.05367531 0.40883057 0.23790347 0.29959064],0.0
460,ROBJOB9_W27,EDUCATION,Postgraduate,[0.02076732 0.12856228 0.49917805 0.35149236],0.0004078031983175718
461,ROBJOB9_W27,EDUCATION,"Some college, no degree",[0.10300609 0.27210559 0.414844   0.21004432],0.0007122224502163573
462,ROBJOB4B_W27,EDUCATION,Associate's degree,[0.58283319 0.41716681],0.0004919586021378622
463,ROBJOB4B_W27,EDUCATION,College graduate/some postgrad,[0.58555679 0.41444321],0.00538617546608977
464,ROBJOB4B_W27,EDUCATION,High school graduate,[0.7153178 0.2846822],0.008553782587447344
465,ROBJOB4B_W27,EDUCATION,Less than high school,[0.65846764 0.34153236],0.0
466,ROBJOB4B_W27,EDUCATION,Postgraduate,[0.55378422 0.44621578],0.002557893505585252
467,ROBJOB4B_W27,EDUCATION,"Some college, no degree",[0.65289223 0.34710777],0.00031872739071583137
468,ROBJOB8D_W27,EDUCATION,Associate's degree,[0.0721664  0.3041976  0.38730079 0.23633521],0.0022095114174309257
469,ROBJOB8D_W27,EDUCATION,College graduate/some postgrad,[0.0765769  0.35250519 0.39498862 0.17592929],0.0021713826967821293
470,ROBJOB8D_W27,EDUCATION,High school graduate,[0.10230047 0.28379519 0.37203237 0.24187197],0.006983999415976501
471,ROBJOB8D_W27,EDUCATION,Less than high school,[0.12549722 0.28548188 0.42601302 0.16300788],0.0
472,ROBJOB8D_W27,EDUCATION,Postgraduate,[0.10462344 0.33180882 0.44756268 0.11600506],0.001862517104202634
473,ROBJOB8D_W27,EDUCATION,"Some college, no degree",[0.11182742 0.34086596 0.36159374 0.18571288],0.001860026985653325
474,CAREGIV3A_W27,EDUCATION,Associate's degree,[0.08264082 0.35080163 0.37772158 0.18883597],0.0
475,CAREGIV3A_W27,EDUCATION,College graduate/some postgrad,[0.14559542 0.37667724 0.36026106 0.11746628],0.0
476,CAREGIV3A_W27,EDUCATION,High school graduate,[0.04521291 0.32779871 0.3919321  0.23505628],0.010524254557851593
477,CAREGIV3A_W27,EDUCATION,Less than high school,[0.00999923 0.19772181 0.4737015  0.31857746],0.0
478,CAREGIV3A_W27,EDUCATION,Postgraduate,[0.16166908 0.42717037 0.25574321 0.15541734],0.001375102704852867
479,CAREGIV3A_W27,EDUCATION,"Some college, no degree",[0.10370774 0.37108157 0.40928439 0.1159263 ],0.0
480,ROBJOB4D_W27,EDUCATION,Associate's degree,[0.42871913 0.57128087],0.0008704009949175092
481,ROBJOB4D_W27,EDUCATION,College graduate/some postgrad,[0.52696951 0.47303049],0.009155382415626485
482,ROBJOB4D_W27,EDUCATION,High school graduate,[0.34171401 0.65828599],0.016172015633791847
483,ROBJOB4D_W27,EDUCATION,Less than high school,[0.43176276 0.56823724],0.0019507416408601447
484,ROBJOB4D_W27,EDUCATION,Postgraduate,[0.54814496 0.45185504],0.0066949301633893515
485,ROBJOB4D_W27,EDUCATION,"Some college, no degree",[0.41193261 0.58806739],0.003954809933526407
486,HIRING7B_W27,EDUCATION,Associate's degree,[0.57360463 0.15361738 0.27277799],0.0
487,HIRING7B_W27,EDUCATION,College graduate/some postgrad,[0.67667091 0.12285386 0.20047524],0.0003859069901483282
488,HIRING7B_W27,EDUCATION,High school graduate,[0.46773207 0.20630856 0.32595938],0.017573629239440895
489,HIRING7B_W27,EDUCATION,Less than high school,[0.51705907 0.27902085 0.20392008],0.0
490,HIRING7B_W27,EDUCATION,Postgraduate,[0.69141831 0.14023476 0.16834693],0.0035298242273331254
491,HIRING7B_W27,EDUCATION,"Some college, no degree",[0.57603377 0.1657021  0.25826414],0.016040993888447968
492,WORK3D_W27,EDUCATION,Associate's degree,[0.57624722 0.08047534 0.34327744],0.0
493,WORK3D_W27,EDUCATION,College graduate/some postgrad,[0.64348188 0.04084759 0.31567053],0.003261046405870202
494,WORK3D_W27,EDUCATION,High school graduate,[0.43651331 0.1792104  0.38427629],0.0192632832172553
495,WORK3D_W27,EDUCATION,Less than high school,[0.36580411 0.11619528 0.51800061],0.010639954202336327
496,WORK3D_W27,EDUCATION,Postgraduate,[0.629137   0.05300686 0.31785614],0.004868387661595692
497,WORK3D_W27,EDUCATION,"Some college, no degree",[0.54071228 0.06574069 0.39354702],0.019222803497224883
498,CARS10D_W27,EDUCATION,Associate's degree,[0.71010641 0.28989359],0.001452618508653441
499,CARS10D_W27,EDUCATION,College graduate/some postgrad,[0.68694158 0.31305842],0.0028709785707935367
500,CARS10D_W27,EDUCATION,High school graduate,[0.69523211 0.30476789],0.0017941084093150083
501,CARS10D_W27,EDUCATION,Less than high school,[0.78827671 0.21172329],0.0021459550687844323
502,CARS10D_W27,EDUCATION,Postgraduate,[0.62946683 0.37053317],0.0031713781277076534
503,CARS10D_W27,EDUCATION,"Some college, no degree",[0.70412786 0.29587214],0.0010807931995555485
504,CARS8_W27,EDUCATION,Associate's degree,[0.29460811 0.4352626  0.27012929],0.001830283430840396
505,CARS8_W27,EDUCATION,College graduate/some postgrad,[0.19485446 0.50092397 0.30422157],0.0042169989427732904
506,CARS8_W27,EDUCATION,High school graduate,[0.3580671 0.3345243 0.3074086],0.007424840671311899
507,CARS8_W27,EDUCATION,Less than high school,[0.52626159 0.20524746 0.26849095],0.0
508,CARS8_W27,EDUCATION,Postgraduate,[0.1652521  0.50532986 0.32941804],0.011932299888552461
509,CARS8_W27,EDUCATION,"Some college, no degree",[0.30170909 0.37148605 0.32680486],0.0018631828132299158
510,ROBJOB5B_W27,EDUCATION,Associate's degree,[0.50056303 0.32392357 0.14202741 0.03348599],0.0004964672502733031
511,ROBJOB5B_W27,EDUCATION,College graduate/some postgrad,[0.46351517 0.39411587 0.12029926 0.0220697 ],0.012101804579646155
512,ROBJOB5B_W27,EDUCATION,High school graduate,[0.46172953 0.39684157 0.11078782 0.03064108],0.0038902455824330814
513,ROBJOB5B_W27,EDUCATION,Less than high school,[0.45928137 0.37402471 0.11999238 0.04670153],0.002101644973625465
514,ROBJOB5B_W27,EDUCATION,Postgraduate,[0.46702729 0.37258765 0.13131015 0.02907491],0.009308628949218715
515,ROBJOB5B_W27,EDUCATION,"Some college, no degree",[0.47752783 0.40066603 0.08790913 0.03389701],0.0008969447784975893
516,ROBJOB8F_W27,EDUCATION,Associate's degree,[0.064326   0.2945347  0.41925575 0.22188354],0.004889363195039126
517,ROBJOB8F_W27,EDUCATION,College graduate/some postgrad,[0.07092457 0.18685671 0.4664402  0.27577853],0.005299639694346036
518,ROBJOB8F_W27,EDUCATION,High school graduate,[0.12946722 0.26016024 0.34375906 0.26661348],0.007271212509433306
519,ROBJOB8F_W27,EDUCATION,Less than high school,[0.15201107 0.36850978 0.25673687 0.22274228],0.019564978180119947
520,ROBJOB8F_W27,EDUCATION,Postgraduate,[0.05095456 0.18346141 0.45922874 0.30635528],0.001844507784758259
521,ROBJOB8F_W27,EDUCATION,"Some college, no degree",[0.11333683 0.30597155 0.348412   0.23227962],0.0010449397200370952
522,ROBJOB7_W27,EDUCATION,Associate's degree,[0.42949065 0.57050935],0.011652808117091504
523,ROBJOB7_W27,EDUCATION,College graduate/some postgrad,[0.57664689 0.42335311],0.004112606157487734
524,ROBJOB7_W27,EDUCATION,High school graduate,[0.2961719 0.7038281],0.017624661902187713
525,ROBJOB7_W27,EDUCATION,Less than high school,[0.22608697 0.77391303],0.03898344890476177
526,ROBJOB7_W27,EDUCATION,Postgraduate,[0.61003019 0.38996981],0.007035990832599861
527,ROBJOB7_W27,EDUCATION,"Some college, no degree",[0.38975428 0.61024572],0.009714352702996719
528,VOICE5C_W27,EDUCATION,Associate's degree,[0.1793618  0.30140221 0.519236  ],0.03092028107630709
529,VOICE5C_W27,EDUCATION,College graduate/some postgrad,[0.11689629 0.14363863 0.73946508],0.008724145966321322
530,VOICE5C_W27,EDUCATION,High school graduate,[0.12402406 0.23417731 0.64179863],0.019850338265811892
531,VOICE5C_W27,EDUCATION,Less than high school,[0.32443118 0.38268378 0.29288505],0.0
532,VOICE5C_W27,EDUCATION,Postgraduate,[0.13496886 0.15994588 0.70508527],0.001697079270942663
533,VOICE5C_W27,EDUCATION,"Some college, no degree",[0.10220248 0.15487805 0.74291947],0.01204878126840527
534,CARS10B_W27,EDUCATION,Associate's degree,[0.78862172 0.21137828],0.006470374932069817
535,CARS10B_W27,EDUCATION,College graduate/some postgrad,[0.81535589 0.18464411],0.006519948445551913
536,CARS10B_W27,EDUCATION,High school graduate,[0.77901665 0.22098335],0.0
537,CARS10B_W27,EDUCATION,Less than high school,[0.77493413 0.22506587],0.0021459550687844327
538,CARS10B_W27,EDUCATION,Postgraduate,[0.84534607 0.15465393],0.001458698935539074
539,CARS10B_W27,EDUCATION,"Some college, no degree",[0.84305542 0.15694458],0.002294610981151066
540,ROBJOB4C_W27,EDUCATION,Associate's degree,[0.46830725 0.53169275],0.002071148904018638
541,ROBJOB4C_W27,EDUCATION,College graduate/some postgrad,[0.43236657 0.56763343],0.0077128151035054686
542,ROBJOB4C_W27,EDUCATION,High school graduate,[0.35294012 0.64705988],0.01288261351781119
543,ROBJOB4C_W27,EDUCATION,Less than high school,[0.49675061 0.50324939],0.0
544,ROBJOB4C_W27,EDUCATION,Postgraduate,[0.4428689 0.5571311],0.005966473039422012
545,ROBJOB4C_W27,EDUCATION,"Some college, no degree",[0.45445762 0.54554238],0.0026032465635761346
546,ROBJOB4F_W27,EDUCATION,Associate's degree,[0.47226627 0.52773373],0.009102571981178689
547,ROBJOB4F_W27,EDUCATION,College graduate/some postgrad,[0.43631376 0.56368624],0.011765532349073194
548,ROBJOB4F_W27,EDUCATION,High school graduate,[0.33269903 0.66730097],0.013409589315932368
549,ROBJOB4F_W27,EDUCATION,Less than high school,[0.46794143 0.53205857],0.0
550,ROBJOB4F_W27,EDUCATION,Postgraduate,[0.43453462 0.56546538],0.0053165451561397875
551,ROBJOB4F_W27,EDUCATION,"Some college, no degree",[0.39761722 0.60238278],0.0024275368665527537
552,ROBJOB5D_W27,EDUCATION,Associate's degree,[0.23800919 0.32819734 0.33979696 0.09399651],0.014105066973928077
553,ROBJOB5D_W27,EDUCATION,College graduate/some postgrad,[0.09805239 0.35560967 0.38635386 0.15998409],0.01602369093053111
554,ROBJOB5D_W27,EDUCATION,High school graduate,[0.26325807 0.42806331 0.20566307 0.10301555],0.012015999427455765
555,ROBJOB5D_W27,EDUCATION,Less than high school,[0.3413348  0.36270915 0.19737731 0.09857874],0.01585375950518228
556,ROBJOB5D_W27,EDUCATION,Postgraduate,[0.14306306 0.31786771 0.39859951 0.14046972],0.015333262300046016
557,ROBJOB5D_W27,EDUCATION,"Some college, no degree",[0.21592533 0.37165998 0.28721273 0.12520196],0.006112337035417875
558,CARS5_W27,EDUCATION,Associate's degree,[0.48401247 0.51598753],0.000564147545889141
559,CARS5_W27,EDUCATION,College graduate/some postgrad,[0.55016595 0.44983405],0.0008925397975002035
560,CARS5_W27,EDUCATION,High school graduate,[0.35433046 0.64566954],0.0013966436584744463
561,CARS5_W27,EDUCATION,Less than high school,[0.2810462 0.7189538],0.021515719820980092
562,CARS5_W27,EDUCATION,Postgraduate,[0.57734694 0.42265306],0.0
563,CARS5_W27,EDUCATION,"Some college, no degree",[0.42004998 0.57995002],0.0015020100140382153
564,ROBJOB8C_W27,EDUCATION,Associate's degree,[0.01789279 0.12846403 0.4886097  0.36503348],0.00108298692517904
565,ROBJOB8C_W27,EDUCATION,College graduate/some postgrad,[0.02924572 0.13110978 0.4989842  0.3406603 ],0.0011834777772198723
566,ROBJOB8C_W27,EDUCATION,High school graduate,[0.03486546 0.17378921 0.4040208  0.38732453],0.014997586698336252
567,ROBJOB8C_W27,EDUCATION,Less than high school,[0.02628137 0.26067153 0.47819038 0.23485673],0.0
568,ROBJOB8C_W27,EDUCATION,Postgraduate,[0.03727034 0.11749795 0.5420682  0.30316352],0.0020270720698024897
569,ROBJOB8C_W27,EDUCATION,"Some college, no degree",[0.06276781 0.17458971 0.43831413 0.32432835],0.001912636504639884
570,ROBJOB8B_W27,EDUCATION,Associate's degree,[0.10707252 0.34236617 0.41875921 0.13180209],0.00714474852191042
571,ROBJOB8B_W27,EDUCATION,College graduate/some postgrad,[0.10769264 0.39239643 0.40965901 0.09025192],0.01019104216614591
572,ROBJOB8B_W27,EDUCATION,High school graduate,[0.13216712 0.3188661  0.38938257 0.15958421],0.013109134630560392
573,ROBJOB8B_W27,EDUCATION,Less than high school,[0.16970724 0.36855237 0.32629762 0.13544277],0.0
574,ROBJOB8B_W27,EDUCATION,Postgraduate,[0.14277992 0.41843811 0.35938416 0.0793978 ],0.004468598767688796
575,ROBJOB8B_W27,EDUCATION,"Some college, no degree",[0.14242347 0.38416874 0.35266372 0.12074406],0.00045562959010745903
0,CAREGIV2_W27,CITIZEN,No,[0.15646726 0.56565546 0.18641759 0.09145969],0.0
1,CAREGIV2_W27,CITIZEN,Yes,[0.09996724 0.48674837 0.29685805 0.11642634],0.002658346803902622
2,ROBJOB1_W27,CITIZEN,No,[0.32429726 0.55009252 0.12561022],0.006343078480369806
3,ROBJOB1_W27,CITIZEN,Yes,[0.23820979 0.61714929 0.14464092],0.0020135519846049463
4,WORK3A_W27,CITIZEN,No,[0.35301222 0.25468213 0.39230565],0.0
5,WORK3A_W27,CITIZEN,Yes,[0.2717086  0.1356874  0.59260399],0.006959961150940727
6,ROBJOB3A_W27,CITIZEN,No,[0.12298734 0.27291882 0.46624991 0.13784394],0.009326853434311336
7,ROBJOB3A_W27,CITIZEN,Yes,[0.05393402 0.26957103 0.47142487 0.20507007],0.003200715174141758
8,WORK5A_W27,CITIZEN,No,[0.04236653 0.95449356 0.00313991],0.0
9,WORK5A_W27,CITIZEN,Yes,[0.02335775 0.93903321 0.03760904],0.002816760758466016
10,WORK4C_W27,CITIZEN,No,[0.55967091 0.08661725 0.35371184],0.0
11,WORK4C_W27,CITIZEN,Yes,[0.45767215 0.13455055 0.40777731],0.002422234614442601
12,WORK4A_W27,CITIZEN,No,[0.37234851 0.26049098 0.36716051],0.0
13,WORK4A_W27,CITIZEN,Yes,[0.38884256 0.29493368 0.31622376],0.0008037306399205861
14,CAREGIV6B_W27,CITIZEN,No,[0.79999757 0.20000243],0.0
15,CAREGIV6B_W27,CITIZEN,Yes,[0.50533673 0.49466327],0.012487832374060691
16,CAREGIV6E_W27,CITIZEN,No,[0.75241682 0.24758318],0.0
17,CAREGIV6E_W27,CITIZEN,Yes,[0.58758682 0.41241318],0.005676303753319281
18,CARS1_W27,CITIZEN,No,[0.43580069 0.54615927 0.01804004],0.0
19,CARS1_W27,CITIZEN,Yes,[0.34145956 0.59837122 0.06016921],0.0031191585634443744
20,HIRING7A_W27,CITIZEN,No,[0.30974203 0.53316351 0.15709446],0.07376893705913738
21,HIRING7A_W27,CITIZEN,Yes,[0.1922675  0.50852082 0.29921168],0.007176090294337938
22,WORK7_W27,CITIZEN,No,[0.20478703 0.79521297],0.001310523621423609
23,WORK7_W27,CITIZEN,Yes,[0.1779712 0.8220288],0.00791508349702273
24,PREDICTA_W27,CITIZEN,No,[0.26016284 0.59004462 0.10255385 0.04723869],0.0
25,PREDICTA_W27,CITIZEN,Yes,[0.20650031 0.58346196 0.18872533 0.02131241],0.004703906489532391
26,VOICE5D_W27,CITIZEN,No,[0.35575995 0.25989935 0.3843407 ],0.0
27,VOICE5D_W27,CITIZEN,Yes,[0.21779022 0.4009775  0.38123227],0.004584316052598448
28,HIRING2_W27,CITIZEN,No,[0.06871743 0.45443154 0.25337911 0.22347192],0.0
29,HIRING2_W27,CITIZEN,Yes,[0.11932076 0.47784775 0.27937068 0.1234608 ],0.001156435795600044
30,ROBJOB8A_W27,CITIZEN,No,[0.28699879 0.32584597 0.31873072 0.06842451],0.0
31,ROBJOB8A_W27,CITIZEN,Yes,[0.14320342 0.38413861 0.35123088 0.12142709],0.007625265691050416
32,ROBJOB4E_W27,CITIZEN,No,[0.32974381 0.67025619],0.0
33,ROBJOB4E_W27,CITIZEN,Yes,[0.24395165 0.75604835],0.00783524161489997
34,CAREGIV1_W27,CITIZEN,No,[0.18908369 0.18166722 0.62924909],0.0
35,CAREGIV1_W27,CITIZEN,Yes,[0.04991636 0.2983205  0.65176314],0.0012569056418909297
36,WORK3C_W27,CITIZEN,No,[0.74483466 0.15321602 0.10194933],0.05111937261286112
37,WORK3C_W27,CITIZEN,Yes,[0.59212413 0.16312089 0.24475498],0.002928104937476063
38,CARS9A_W27,CITIZEN,No,[0.41630769 0.43161276 0.10560305 0.04647651],0.03692055447767171
39,CARS9A_W27,CITIZEN,Yes,[0.4718309  0.36009056 0.11860483 0.04947371],0.002685747895741964
40,CARS7B_W27,CITIZEN,No,[0.12469518 0.2218001  0.33460929 0.31889543],0.0
41,CARS7B_W27,CITIZEN,Yes,[0.08272191 0.26255924 0.33371725 0.3210016 ],0.0020104788234464165
42,CARS3A_W27,CITIZEN,No,[0.11119136 0.2970515  0.47293621 0.11882093],0.00197746003854987
43,CARS3A_W27,CITIZEN,Yes,[0.1150767  0.28303397 0.38090014 0.22098919],0.002724350134151213
44,WORK4B_W27,CITIZEN,No,[0.62259558 0.05340639 0.32399802],0.048124893871863375
45,WORK4B_W27,CITIZEN,Yes,[0.52933284 0.12719031 0.34347685],0.001527560119393702
46,CARS9B_W27,CITIZEN,No,[0.4305376  0.37167556 0.16391289 0.03387395],0.0
47,CARS9B_W27,CITIZEN,Yes,[0.33413415 0.34769729 0.2489728  0.06919576],0.003957803354831354
48,ROBJOB5C_W27,CITIZEN,No,[0.18929216 0.36814212 0.28336924 0.15919648],0.011023936411686714
49,ROBJOB5C_W27,CITIZEN,Yes,[0.21655959 0.41231435 0.24311121 0.12801485],0.007453828004764888
50,HIRING1_W27,CITIZEN,No,[0.08409697 0.22707355 0.68882947],0.0
51,HIRING1_W27,CITIZEN,Yes,[0.08861466 0.34370266 0.56768267],0.002407531610591105
52,CARS7A_W27,CITIZEN,No,[0.14916667 0.35736705 0.34180944 0.15165684],0.036920554477671716
53,CARS7A_W27,CITIZEN,Yes,[0.1090647  0.37044965 0.35162474 0.16886091],0.000594829916865117
54,CAREREL_W27,CITIZEN,No,[0.5163582  0.25625707 0.1599022  0.05748245 0.01000007],0.005891442525235724
55,CAREREL_W27,CITIZEN,Yes,[0.39509678 0.28020633 0.12244393 0.10985436 0.09239859],0.002436427471392424
56,PREDICTC_W27,CITIZEN,No,[0.26577668 0.44751962 0.20543291 0.0812708 ],0.0
57,PREDICTC_W27,CITIZEN,Yes,[0.11150127 0.53843843 0.31386516 0.03619514],0.0023347328279308046
58,CARS10C_W27,CITIZEN,No,[0.59814377 0.40185623],0.004748123379321512
59,CARS10C_W27,CITIZEN,Yes,[0.42803599 0.57196401],0.006145725629512754
60,DRONE4C_W27,CITIZEN,No,[0.44334181 0.37420765 0.18245054],0.0
61,DRONE4C_W27,CITIZEN,Yes,[0.35140031 0.32029418 0.32830552],0.007988108035512868
62,WORK3B_W27,CITIZEN,No,[0.81275394 0.00667849 0.18056757],0.04936705097683865
63,WORK3B_W27,CITIZEN,Yes,[0.69955201 0.04933907 0.25110891],0.0033027018263300126
64,CAREGIV3B_W27,CITIZEN,No,[0.21178454 0.50114803 0.24762486 0.03944257],0.0
65,CAREGIV3B_W27,CITIZEN,Yes,[0.13792685 0.32314863 0.43816274 0.10076178],0.003370246170565882
66,WORK3F_W27,CITIZEN,No,[0.7966981  0.08776477 0.11553713],0.0
67,WORK3F_W27,CITIZEN,Yes,[0.45887466 0.12145876 0.41966658],0.0026662864089929297
68,PREDICTD_W27,CITIZEN,No,[0.15052432 0.43118261 0.34731006 0.070983  ],0.0024241542981833218
69,PREDICTD_W27,CITIZEN,Yes,[0.06299039 0.36176759 0.50813447 0.06710756],0.002858092876142523
70,WORK2_W27,CITIZEN,No,[0.52129172 0.27434336 0.20436492],0.0
71,WORK2_W27,CITIZEN,Yes,[0.1685047  0.51429518 0.31720012],0.0032928202090646663
72,HIRING6A_W27,CITIZEN,No,[0.32036633 0.50841207 0.1712216 ],0.013549759051598085
73,HIRING6A_W27,CITIZEN,Yes,[0.24564539 0.42315534 0.33119927],0.007915698906276275
74,CARS9C_W27,CITIZEN,No,[0.52114187 0.34241399 0.13245543 0.00398871],0.0
75,CARS9C_W27,CITIZEN,Yes,[0.53170881 0.3391206  0.0965311  0.03263949],0.0033449803630955085
76,HIRING6B_W27,CITIZEN,No,[0.29549404 0.58497199 0.11953397],0.013549759051598085
77,HIRING6B_W27,CITIZEN,Yes,[0.11206501 0.60370569 0.2842293 ],0.006618257010328161
78,ROBJOB3B_W27,CITIZEN,No,[0.27953637 0.48624636 0.22999226 0.00422501],0.0
79,ROBJOB3B_W27,CITIZEN,Yes,[0.24666362 0.47842054 0.22857799 0.04633785],0.002535589102492304
80,DRONE2_W27,CITIZEN,No,[0.69967006 0.30032994],0.0
81,DRONE2_W27,CITIZEN,Yes,[0.58321449 0.41678551],0.00489318447765341
82,WORK3E_W27,CITIZEN,No,[0.70708126 0.07037831 0.22254042],0.0
83,WORK3E_W27,CITIZEN,Yes,[0.67296207 0.12899087 0.19804706],0.0022189438161710957
84,CAREGIV6A_W27,CITIZEN,No,[0.63391437 0.36608563],0.0
85,CAREGIV6A_W27,CITIZEN,Yes,[0.70252571 0.29747429],0.00619918450632336
86,CAREGIV6C_W27,CITIZEN,No,[0.75564749 0.24435251],0.0
87,CAREGIV6C_W27,CITIZEN,Yes,[0.55707624 0.44292376],0.009180317272234107
88,DRONE4D_W27,CITIZEN,No,[0.36952838 0.36063752 0.2698341 ],0.050712478285033565
89,DRONE4D_W27,CITIZEN,Yes,[0.44528242 0.24316521 0.31155237],0.007988693283527696
90,VOICE3_W27,CITIZEN,No,[0.50948636 0.49051364],0.0
91,VOICE3_W27,CITIZEN,Yes,[0.24730573 0.75269427],0.007178529413693595
92,CARS10A_W27,CITIZEN,No,[0.83505352 0.16494648],0.011132631331833277
93,CARS10A_W27,CITIZEN,Yes,[0.74603417 0.25396583],0.0017758412575494896
94,CAREGIV6D_W27,CITIZEN,No,[0.75848221 0.24151779],0.0
95,CAREGIV6D_W27,CITIZEN,Yes,[0.63717468 0.36282532],0.012192955668863786
96,DRONE4A_W27,CITIZEN,No,[0.16248103 0.61124696 0.226272  ],0.0
97,DRONE4A_W27,CITIZEN,Yes,[0.11221345 0.5433939  0.34439265],0.00630647163692921
98,DRONE1_W27,CITIZEN,No,[0.03430148 0.96569852],0.00930868848611038
99,DRONE1_W27,CITIZEN,Yes,[0.08406634 0.91593366],0.005874891305273835
100,CARS3B_W27,CITIZEN,No,[0.24817531 0.42066851 0.24431458 0.0868416 ],0.0
101,CARS3B_W27,CITIZEN,Yes,[0.13551577 0.39426128 0.3579153  0.11230765],0.0014218664116927868
102,CAREGIV7_W27,CITIZEN,No,[0.57583642 0.3577842  0.06637938],0.0
103,CAREGIV7_W27,CITIZEN,Yes,[0.47797809 0.1878944  0.33412751],0.0052219417253078935
104,PREDICTB_W27,CITIZEN,No,[0.32182994 0.51411992 0.12712959 0.03692055],0.0
105,PREDICTB_W27,CITIZEN,Yes,[0.1253999  0.51718434 0.33368872 0.02372704],0.0025657207921078104
106,INDUSTRY_W27,CITIZEN,No,"[0.1614388  0.06219586 0.10291813 0.05784778 0.04000562 0.06618711
 0.11892833 0.09824377 0.1371415  0.11706533 0.03802778]",0.0
107,INDUSTRY_W27,CITIZEN,Yes,"[0.06803202 0.12330618 0.10561421 0.09913502 0.09212343 0.07320033
 0.03411931 0.07249507 0.06905333 0.21942141 0.04349968]",0.0002383519190260817
108,CAREGIV6F_W27,CITIZEN,No,[0.60196036 0.39803964],0.0
109,CAREGIV6F_W27,CITIZEN,Yes,[0.42348486 0.57651514],0.019867902166687205
110,CARS10E_W27,CITIZEN,No,[0.36313563 0.63686437],0.0
111,CARS10E_W27,CITIZEN,Yes,[0.27468458 0.72531542],0.0030595854663100315
112,ROBJOB8G_W27,CITIZEN,No,[0.24917384 0.54100796 0.12440635 0.08541186],0.011454412997519389
113,ROBJOB8G_W27,CITIZEN,Yes,[0.21535283 0.43222667 0.28000619 0.0724143 ],0.004116735586668724
114,ROBJOB2_W27,CITIZEN,No,[0.2383709  0.58700026 0.13747259 0.03715624],0.006343078480369807
115,ROBJOB2_W27,CITIZEN,Yes,[0.20479658 0.57457899 0.17345956 0.04716487],0.007026301085279159
116,VOICE5B_W27,CITIZEN,No,[0.3505602  0.34629643 0.30314337],0.0
117,VOICE5B_W27,CITIZEN,Yes,[0.21518443 0.37795531 0.40686026],0.005104449588378316
118,CARS2_W27,CITIZEN,No,[0.27731682 0.11712465 0.60555853],0.0
119,CARS2_W27,CITIZEN,Yes,[0.22136269 0.11734399 0.66129332],0.004904196637337544
120,CARS4_W27,CITIZEN,No,[0.10188828 0.66369201 0.12494493 0.03573136 0.07374341],0.0
121,CARS4_W27,CITIZEN,Yes,[0.08826265 0.55451363 0.23385047 0.04706197 0.07631129],0.0023180486760366963
122,CAREGIV4_W27,CITIZEN,No,[0.54958842 0.45041158],0.0
123,CAREGIV4_W27,CITIZEN,Yes,[0.40446051 0.59553949],0.004403871772266673
124,HIRING4_W27,CITIZEN,No,[0.23549248 0.76450752],0.0
125,HIRING4_W27,CITIZEN,Yes,[0.22285511 0.77714489],0.014348990941736148
126,HIRING3A_W27,CITIZEN,No,[0.07376894 0.25577545 0.3771766  0.29327902],0.0
127,HIRING3A_W27,CITIZEN,Yes,[0.02874906 0.19058811 0.50051188 0.28015094],0.006688791264007368
128,ROBJOB8E_W27,CITIZEN,No,[0.28927823 0.37792783 0.18540221 0.14739173],0.0013105236214236088
129,ROBJOB8E_W27,CITIZEN,Yes,[0.39112424 0.38886049 0.16450257 0.0555127 ],0.004291737939211054
130,VOICE4_W27,CITIZEN,No,[0.4010231  0.40209313 0.19688378],0.007783094926138017
131,VOICE4_W27,CITIZEN,Yes,[0.40012171 0.43653844 0.16333985],0.03767741930868061
132,DRONE4E_W27,CITIZEN,No,[0.44025372 0.34394545 0.21580083],0.0
133,DRONE4E_W27,CITIZEN,Yes,[0.23073222 0.45550293 0.31376485],0.0063354152137821635
134,VOICE1_W27,CITIZEN,No,[0.60851615 0.39148385],0.0
135,VOICE1_W27,CITIZEN,Yes,[0.45672222 0.54327778],0.000709601838135931
136,VOICE5A_W27,CITIZEN,No,[0.52128936 0.35671936 0.12199128],0.10308143369111117
137,VOICE5A_W27,CITIZEN,Yes,[0.55691689 0.27900662 0.16407649],0.007162904824850806
138,HIRING3B_W27,CITIZEN,No,[0.31474743 0.50145552 0.16214192 0.02165513],0.0
139,HIRING3B_W27,CITIZEN,Yes,[0.20841414 0.4576004  0.26028199 0.07370347],0.007131221564831273
140,HIRING6D_W27,CITIZEN,No,[0.16277755 0.63571886 0.20150359],0.013549759051598085
141,HIRING6D_W27,CITIZEN,Yes,[0.12567866 0.58926691 0.28505443],0.010352938466449788
142,ROBJOB4A_W27,CITIZEN,No,[0.82092289 0.17907711],0.0
143,ROBJOB4A_W27,CITIZEN,Yes,[0.77018587 0.22981413],0.008751300101944885
144,DRONE4B_W27,CITIZEN,No,[0.34398069 0.46258388 0.19343542],0.0
145,DRONE4B_W27,CITIZEN,Yes,[0.19691622 0.54240633 0.26067745],0.006424011444195345
146,WORK6_W27,CITIZEN,No,[0.09479468 0.90520532 0.        ],0.0
147,WORK6_W27,CITIZEN,Yes,[0.04511033 0.91660987 0.0382798 ],0.008201068663442009
148,HIRING6C_W27,CITIZEN,No,[0.35248854 0.40986971 0.23764175],0.013549759051598085
149,HIRING6C_W27,CITIZEN,Yes,[0.27009554 0.42075463 0.30914983],0.0076238304209598935
150,ROBJOB6_W27,CITIZEN,No,[0.69893489 0.30106511],0.0467980966122767
151,ROBJOB6_W27,CITIZEN,Yes,[0.49614305 0.50385695],0.013270329211585087
152,ROBJOB9_W27,CITIZEN,No,[0.04006954 0.32735733 0.41704428 0.21552885],0.0
153,ROBJOB9_W27,CITIZEN,Yes,[0.06766309 0.22602198 0.40171535 0.30459959],0.00025763031555333185
154,ROBJOB4B_W27,CITIZEN,No,[0.740025 0.259975],0.0
155,ROBJOB4B_W27,CITIZEN,Yes,[0.63575882 0.36424118],0.003978082479789196
156,ROBJOB8D_W27,CITIZEN,No,[0.14191412 0.31489129 0.3702255  0.17296909],0.0
157,ROBJOB8D_W27,CITIZEN,Yes,[0.09747534 0.3165736  0.3910657  0.19488537],0.0033623885929961995
158,CAREGIV3A_W27,CITIZEN,No,[0.09339087 0.39267834 0.36846557 0.14546523],0.0
159,CAREGIV3A_W27,CITIZEN,Yes,[0.09176121 0.34730713 0.37963682 0.18129484],0.00329310674701242
160,ROBJOB4D_W27,CITIZEN,No,[0.50269447 0.49730553],0.0
161,ROBJOB4D_W27,CITIZEN,Yes,[0.43097514 0.56902486],0.008574728951923485
162,HIRING7B_W27,CITIZEN,No,[0.56155915 0.23701973 0.20142112],0.07376893705913738
163,HIRING7B_W27,CITIZEN,Yes,[0.57637633 0.17274056 0.25088312],0.0058367083730536
164,WORK3D_W27,CITIZEN,No,[0.74400844 0.03471091 0.22128064],0.0912624596840598
165,WORK3D_W27,CITIZEN,Yes,[0.53477426 0.09169923 0.37352651],0.006089401921935324
166,CARS10D_W27,CITIZEN,No,[0.81483201 0.18516799],0.0
167,CARS10D_W27,CITIZEN,Yes,[0.69116152 0.30883848],0.002097071890629591
168,CARS8_W27,CITIZEN,No,[0.30097892 0.34880513 0.35021594],0.0
169,CARS8_W27,CITIZEN,Yes,[0.29992341 0.39469523 0.30538136],0.005136994733557713
170,ROBJOB5B_W27,CITIZEN,No,[0.48820169 0.38769139 0.12295249 0.00115443],0.0
171,ROBJOB5B_W27,CITIZEN,Yes,[0.46784965 0.38607602 0.11305222 0.03302212],0.005127923422353317
172,ROBJOB8F_W27,CITIZEN,No,[0.09341878 0.25182073 0.28685519 0.3679053 ],0.0
173,ROBJOB8F_W27,CITIZEN,Yes,[0.10008012 0.26217979 0.38605435 0.25168575],0.005995482562965504
174,ROBJOB7_W27,CITIZEN,No,[0.30902893 0.69097107],0.00876454856653452
175,ROBJOB7_W27,CITIZEN,Yes,[0.42077509 0.57922491],0.013674353329635994
176,VOICE5C_W27,CITIZEN,No,[0.48151707 0.20928971 0.30919323],0.03626767273698605
177,VOICE5C_W27,CITIZEN,Yes,[0.11491003 0.20144321 0.68364675],0.011073299966399537
178,CARS10B_W27,CITIZEN,No,[0.85315064 0.14684936],0.0
179,CARS10B_W27,CITIZEN,Yes,[0.80669166 0.19330834],0.002848661983587669
180,ROBJOB4C_W27,CITIZEN,No,[0.58657694 0.41342306],0.0
181,ROBJOB4C_W27,CITIZEN,Yes,[0.41891811 0.58108189],0.00684059890181618
182,ROBJOB4F_W27,CITIZEN,No,[0.56507531 0.43492469],0.0
183,ROBJOB4F_W27,CITIZEN,Yes,[0.39723242 0.60276758],0.008331624275399987
184,ROBJOB5D_W27,CITIZEN,No,[0.34169675 0.25858218 0.27965882 0.12006225],0.011023936411686714
185,ROBJOB5D_W27,CITIZEN,Yes,[0.20402219 0.37954442 0.29414185 0.12229154],0.012396341156782145
186,CARS5_W27,CITIZEN,No,[0.5572955 0.4427045],0.036920554477671716
187,CARS5_W27,CITIZEN,Yes,[0.43137961 0.56862039],0.0011937138148454816
188,ROBJOB8C_W27,CITIZEN,No,[0.05601028 0.18859785 0.43953064 0.31586123],0.0
189,ROBJOB8C_W27,CITIZEN,Yes,[0.03561579 0.16208506 0.46306255 0.3392366 ],0.005425325035603664
190,ROBJOB8B_W27,CITIZEN,No,[0.1757039  0.33886439 0.28313787 0.20229384],0.011904388292299542
191,ROBJOB8B_W27,CITIZEN,Yes,[0.12873125 0.36874975 0.38313909 0.11937991],0.006543467553973515
0,CAREGIV2_W27,MARITAL,Divorced,[0.09822855 0.44963437 0.31749955 0.13463754],0.0022370436998582722
1,CAREGIV2_W27,MARITAL,Married,[0.13010578 0.45904434 0.29520319 0.11564669],0.0015237855396953962
2,CAREGIV2_W27,MARITAL,Never been married,[0.06562369 0.58968885 0.25743781 0.08724964],0.00044550109698626624
3,CAREGIV2_W27,MARITAL,Separated,[0.15077741 0.49144452 0.23210248 0.12567558],0.0
4,CAREGIV2_W27,MARITAL,Widowed,[0.03981136 0.32181548 0.42140672 0.21696643],0.025920539374704458
5,ROBJOB1_W27,MARITAL,Divorced,[0.23994577 0.58993915 0.17011507],0.004041680343830205
6,ROBJOB1_W27,MARITAL,Married,[0.22515453 0.64545852 0.12938695],0.003314659751265807
7,ROBJOB1_W27,MARITAL,Never been married,[0.28868865 0.55125501 0.16005635],0.00029529041407497854
8,ROBJOB1_W27,MARITAL,Separated,[0.20921458 0.6969524  0.09383301],0.005438801630572471
9,ROBJOB1_W27,MARITAL,Widowed,[0.17326864 0.58545338 0.24127799],0.0
10,WORK3A_W27,MARITAL,Divorced,[0.21579077 0.17981187 0.60439736],0.018435208562208243
11,WORK3A_W27,MARITAL,Married,[0.29412483 0.10933777 0.59653741],0.0040626799289111525
12,WORK3A_W27,MARITAL,Never been married,[0.29706199 0.13113124 0.57180677],0.0085424305063667
13,WORK3A_W27,MARITAL,Separated,[0.25002168 0.39126145 0.35871687],0.0
14,WORK3A_W27,MARITAL,Widowed,[0.16258741 0.09811018 0.73930241],0.00503025337299499
15,ROBJOB3A_W27,MARITAL,Divorced,[0.03410718 0.30499496 0.42990763 0.23099022],0.003545119362857327
16,ROBJOB3A_W27,MARITAL,Married,[0.04807262 0.25865544 0.48578194 0.20749001],0.004407697448339901
17,ROBJOB3A_W27,MARITAL,Never been married,[0.07331352 0.29467778 0.45753006 0.17447865],0.00010942750255358006
18,ROBJOB3A_W27,MARITAL,Separated,[0.05492026 0.2536274  0.38066296 0.31078938],0.0
19,ROBJOB3A_W27,MARITAL,Widowed,[0.01897736 0.21813593 0.4708822  0.29200452],0.008402770584755805
20,WORK5A_W27,MARITAL,Divorced,[0.014879   0.93318659 0.05193441],0.0044688996872374
21,WORK5A_W27,MARITAL,Married,[0.01446702 0.96168099 0.02385199],0.0005377202824698703
22,WORK5A_W27,MARITAL,Never been married,[0.04478556 0.88782326 0.06739118],0.005382534415151182
23,WORK5A_W27,MARITAL,Separated,[0.05161123 0.89607791 0.05231086],0.006978711132360375
24,WORK5A_W27,MARITAL,Widowed,[0.00957442 0.97377545 0.01665013],0.0
25,WORK4C_W27,MARITAL,Divorced,[0.35629352 0.12305341 0.52065308],0.0
26,WORK4C_W27,MARITAL,Married,[0.46113644 0.11423016 0.4246334 ],0.002731690396388789
27,WORK4C_W27,MARITAL,Never been married,[0.51732086 0.1397063  0.34297284],0.0
28,WORK4C_W27,MARITAL,Separated,[0.54082424 0.14644521 0.31273056],0.0
29,WORK4C_W27,MARITAL,Widowed,[0.34415601 0.36331151 0.29253248],0.0
30,WORK4A_W27,MARITAL,Divorced,[0.36656061 0.23600931 0.39743008],0.0
31,WORK4A_W27,MARITAL,Married,[0.41558759 0.27254687 0.31186554],0.0016169688941548392
32,WORK4A_W27,MARITAL,Never been married,[0.40273412 0.34030156 0.25696433],0.0
33,WORK4A_W27,MARITAL,Separated,[0.16724912 0.54734107 0.28540981],0.0
34,WORK4A_W27,MARITAL,Widowed,[0.24205225 0.2939222  0.46402555],0.0
35,CAREGIV6B_W27,MARITAL,Divorced,[0.45420644 0.54579356],0.006681715873174952
36,CAREGIV6B_W27,MARITAL,Married,[0.54067405 0.45932595],0.006666486395060935
37,CAREGIV6B_W27,MARITAL,Never been married,[0.50191801 0.49808199],0.013490525420851088
38,CAREGIV6B_W27,MARITAL,Separated,[0.55215744 0.44784256],0.0
39,CAREGIV6B_W27,MARITAL,Widowed,[0.53857712 0.46142288],0.07997528397610032
40,CAREGIV6E_W27,MARITAL,Divorced,[0.46768043 0.53231957],0.004413753776259044
41,CAREGIV6E_W27,MARITAL,Married,[0.61211771 0.38788229],0.0032725475478987223
42,CAREGIV6E_W27,MARITAL,Never been married,[0.63645551 0.36354449],0.012687171263960496
43,CAREGIV6E_W27,MARITAL,Separated,[0.50025478 0.49974522],0.0
44,CAREGIV6E_W27,MARITAL,Widowed,[0.45378921 0.54621079],0.0
45,CARS1_W27,MARITAL,Divorced,[0.28854488 0.6308223  0.08063282],0.010426337269122996
46,CARS1_W27,MARITAL,Married,[0.36123481 0.58892539 0.0498398 ],0.00011196843029337421
47,CARS1_W27,MARITAL,Never been married,[0.34916735 0.58288851 0.06794414],0.003567354964981866
48,CARS1_W27,MARITAL,Separated,[0.33182949 0.6123424  0.05582811],0.0
49,CARS1_W27,MARITAL,Widowed,[0.31249044 0.63079675 0.05671281],0.0
50,HIRING7A_W27,MARITAL,Divorced,[0.16642902 0.59049841 0.24307257],0.03580784446769057
51,HIRING7A_W27,MARITAL,Married,[0.21849624 0.47886838 0.30263538],0.0006767811804973888
52,HIRING7A_W27,MARITAL,Never been married,[0.16357597 0.52466554 0.31175848],0.0035939117861832517
53,HIRING7A_W27,MARITAL,Separated,[0.19056017 0.59491982 0.21452001],0.0
54,HIRING7A_W27,MARITAL,Widowed,[0.19465604 0.47225295 0.33309101],0.01646072897991748
55,WORK7_W27,MARITAL,Divorced,[0.19561641 0.80438359],0.003711134654960679
56,WORK7_W27,MARITAL,Married,[0.1647779 0.8352221],0.004024464217633767
57,WORK7_W27,MARITAL,Never been married,[0.18791313 0.81208687],0.01337171898101228
58,WORK7_W27,MARITAL,Separated,[0.1745122 0.8254878],0.0
59,WORK7_W27,MARITAL,Widowed,[0.15895029 0.84104971],0.0028399167499659813
60,PREDICTA_W27,MARITAL,Divorced,[0.22660141 0.55561134 0.21576043 0.00202682],0.010733117705259372
61,PREDICTA_W27,MARITAL,Married,[0.20868965 0.5969572  0.18420407 0.01014908],0.0016222462502612756
62,PREDICTA_W27,MARITAL,Never been married,[0.21895605 0.53985423 0.19668882 0.0445009 ],0.006484165686255889
63,PREDICTA_W27,MARITAL,Separated,[0.21086685 0.63623504 0.1528981  0.        ],0.0
64,PREDICTA_W27,MARITAL,Widowed,[0.20332335 0.56009856 0.18377529 0.0528028 ],0.014518189419273813
65,VOICE5D_W27,MARITAL,Divorced,[0.05651377 0.4630308  0.48045543],0.0
66,VOICE5D_W27,MARITAL,Married,[0.2286582 0.3625074 0.4088344],0.0007142650302196765
67,VOICE5D_W27,MARITAL,Never been married,[0.26872682 0.39452261 0.33675057],0.014141468427976723
68,VOICE5D_W27,MARITAL,Separated,[0.07614069 0.77031382 0.15354549],0.0
69,VOICE5D_W27,MARITAL,Widowed,[0.24403496 0.49387795 0.26208708],0.0
70,HIRING2_W27,MARITAL,Divorced,[0.11920017 0.41178556 0.35546732 0.11354694],0.0006871094164937294
71,HIRING2_W27,MARITAL,Married,[0.10513108 0.48889612 0.31514052 0.09083228],0.0
72,HIRING2_W27,MARITAL,Never been married,[0.15397329 0.46884885 0.22403805 0.15313981],0.0
73,HIRING2_W27,MARITAL,Separated,[0.18870412 0.36153046 0.36349895 0.08626647],0.0
74,HIRING2_W27,MARITAL,Widowed,[0.07826651 0.50567566 0.16033013 0.2557277 ],0.0
75,ROBJOB8A_W27,MARITAL,Divorced,[0.14356487 0.35319129 0.36618263 0.13706121],0.0014575639314423905
76,ROBJOB8A_W27,MARITAL,Married,[0.1399086  0.38620844 0.36977116 0.10411181],0.006248655593204395
77,ROBJOB8A_W27,MARITAL,Never been married,[0.15459886 0.36594257 0.33854901 0.14090956],0.014182174527036436
78,ROBJOB8A_W27,MARITAL,Separated,[0.19810135 0.40090055 0.18499754 0.21600056],0.0
79,ROBJOB8A_W27,MARITAL,Widowed,[0.15150492 0.42802474 0.32582589 0.09464444],0.005090450377591226
80,ROBJOB4E_W27,MARITAL,Divorced,[0.25151029 0.74848971],0.004166115102823408
81,ROBJOB4E_W27,MARITAL,Married,[0.23938179 0.76061821],0.008301836199930895
82,ROBJOB4E_W27,MARITAL,Never been married,[0.25336262 0.74663738],0.00887042819549818
83,ROBJOB4E_W27,MARITAL,Separated,[0.27070498 0.72929502],0.0
84,ROBJOB4E_W27,MARITAL,Widowed,[0.21009855 0.78990145],0.004509314063567031
85,CAREGIV1_W27,MARITAL,Divorced,[0.02636386 0.2727655  0.70087065],0.0029840702264105623
86,CAREGIV1_W27,MARITAL,Married,[0.05339244 0.28960293 0.65700462],0.0012345105373437195
87,CAREGIV1_W27,MARITAL,Never been married,[0.07313936 0.3191032  0.60775745],0.0
88,CAREGIV1_W27,MARITAL,Separated,[0.0171927  0.36753328 0.61527402],0.0
89,CAREGIV1_W27,MARITAL,Widowed,[0.00779046 0.38872234 0.6034872 ],0.004641258831432319
90,WORK3C_W27,MARITAL,Divorced,[0.44883814 0.17844014 0.37272172],0.0033327491504519607
91,WORK3C_W27,MARITAL,Married,[0.63833691 0.15826176 0.20340133],0.008308608264810896
92,WORK3C_W27,MARITAL,Never been married,[0.60428049 0.15986554 0.23585397],0.002478576736656472
93,WORK3C_W27,MARITAL,Separated,[0.63993455 0.1271666  0.23289886],0.0
94,WORK3C_W27,MARITAL,Widowed,[0.43763281 0.07446814 0.48789905],0.0
95,CARS9A_W27,MARITAL,Divorced,[0.53015134 0.33941082 0.09634092 0.03409692],0.0053548477797584326
96,CARS9A_W27,MARITAL,Married,[0.47290559 0.3684621  0.12387846 0.03475385],0.006246176068718517
97,CARS9A_W27,MARITAL,Never been married,[0.43182966 0.35999336 0.12657257 0.08160441],0.0
98,CARS9A_W27,MARITAL,Separated,[0.45851425 0.31521683 0.15800447 0.06826445],0.0028841158498293666
99,CARS9A_W27,MARITAL,Widowed,[0.58113075 0.3627226  0.05353718 0.00260947],0.01296643385732066
100,CARS7B_W27,MARITAL,Divorced,[0.07841819 0.23710691 0.3655535  0.3189214 ],0.0008885207837151267
101,CARS7B_W27,MARITAL,Married,[0.07916898 0.26419821 0.32977664 0.32685616],0.0035353856470855104
102,CARS7B_W27,MARITAL,Never been married,[0.10893108 0.29028349 0.33692113 0.2638643 ],0.0
103,CARS7B_W27,MARITAL,Separated,[0.11923393 0.24627196 0.32969722 0.30479689],0.0
104,CARS7B_W27,MARITAL,Widowed,[0.00766431 0.20414031 0.31320088 0.4749945 ],0.0006679725322831756
105,CARS3A_W27,MARITAL,Divorced,[0.08588671 0.24662255 0.43953206 0.22795868],0.001410895879593309
106,CARS3A_W27,MARITAL,Married,[0.11944111 0.2724417  0.3919059  0.21621129],0.0050603128554518725
107,CARS3A_W27,MARITAL,Never been married,[0.15114761 0.36302622 0.33569366 0.15013251],0.0004278996738563062
108,CARS3A_W27,MARITAL,Separated,[0.11591628 0.27166525 0.27359825 0.33882022],0.0
109,CARS3A_W27,MARITAL,Widowed,[0.01805128 0.17529483 0.39360852 0.41304537],0.0
110,WORK4B_W27,MARITAL,Divorced,[0.41014031 0.21927911 0.37058058],0.0
111,WORK4B_W27,MARITAL,Married,[0.55480932 0.0907729  0.35441779],0.008809606738579492
112,WORK4B_W27,MARITAL,Never been married,[0.56642076 0.12470991 0.30886934],0.0
113,WORK4B_W27,MARITAL,Separated,[0.4574111  0.17411507 0.36847383],0.010245619132898589
114,WORK4B_W27,MARITAL,Widowed,[0.45239292 0.31055377 0.2370533 ],0.0
115,CARS9B_W27,MARITAL,Divorced,[0.39029828 0.33067608 0.20941701 0.06960864],0.005974384907523792
116,CARS9B_W27,MARITAL,Married,[0.34743722 0.33957014 0.26041151 0.05258113],0.004004614956609876
117,CARS9B_W27,MARITAL,Never been married,[0.2684445  0.3636852  0.27597617 0.09189414],0.0019442634633651948
118,CARS9B_W27,MARITAL,Separated,[0.29131727 0.42453834 0.1726013  0.11154308],0.002884115849829367
119,CARS9B_W27,MARITAL,Widowed,[0.45792807 0.40504512 0.11851936 0.01850746],0.008840593582317756
120,ROBJOB5C_W27,MARITAL,Divorced,[0.22668293 0.37809738 0.29316238 0.1020573 ],0.009566036424152555
121,ROBJOB5C_W27,MARITAL,Married,[0.20244274 0.43039266 0.24736817 0.11979642],0.009511643454020587
122,ROBJOB5C_W27,MARITAL,Never been married,[0.23240747 0.35987588 0.23383628 0.17388037],0.004109057919903101
123,ROBJOB5C_W27,MARITAL,Separated,[0.27702512 0.24065701 0.29765889 0.18465898],0.002884115849829367
124,ROBJOB5C_W27,MARITAL,Widowed,[0.17769165 0.51783333 0.20921542 0.0952596 ],0.003205387640174534
125,HIRING1_W27,MARITAL,Divorced,[0.09132677 0.30325513 0.6054181 ],0.00674656307824164
126,HIRING1_W27,MARITAL,Married,[0.07170812 0.33891787 0.58937401],0.0006562481941201962
127,HIRING1_W27,MARITAL,Never been married,[0.08713437 0.37165912 0.54120652],0.0010684001104889133
128,HIRING1_W27,MARITAL,Separated,[0.17221388 0.65572456 0.17206156],0.0
129,HIRING1_W27,MARITAL,Widowed,[0.03541389 0.20000016 0.76458596],0.0
130,CARS7A_W27,MARITAL,Divorced,[0.08830584 0.35460872 0.34422705 0.21285839],0.0
131,CARS7A_W27,MARITAL,Married,[0.11489182 0.36520253 0.35826061 0.16164504],0.004494761394713504
132,CARS7A_W27,MARITAL,Never been married,[0.14070825 0.4323122  0.29482112 0.13215843],0.00048484355578835495
133,CARS7A_W27,MARITAL,Separated,[0.12623977 0.35874716 0.29982936 0.21518371],0.0
134,CARS7A_W27,MARITAL,Widowed,[0.01372465 0.24697178 0.43734361 0.30195997],0.0006679725322831755
135,CAREREL_W27,MARITAL,Divorced,[0.33211    0.21103086 0.16691953 0.2118804  0.07805921],0.0017605657082863247
136,CAREREL_W27,MARITAL,Married,[0.43267912 0.25983065 0.13766891 0.08101187 0.08880945],0.004689826998815103
137,CAREREL_W27,MARITAL,Never been married,[0.43192542 0.33037881 0.0929084  0.04571854 0.09906883],0.0009055178516984155
138,CAREREL_W27,MARITAL,Separated,[0.3089543  0.29753414 0.13723352 0.15058439 0.10569365],0.0
139,CAREREL_W27,MARITAL,Widowed,[0.18118055 0.08573999 0.14916803 0.43978901 0.14412242],0.0
140,PREDICTC_W27,MARITAL,Divorced,[0.10443809 0.53018522 0.33061042 0.03476626],0.008591360130368268
141,PREDICTC_W27,MARITAL,Married,[0.11169223 0.54351121 0.32657237 0.01822419],0.001184004645702195
142,PREDICTC_W27,MARITAL,Never been married,[0.14635634 0.49403807 0.29392188 0.06568372],0.0
143,PREDICTC_W27,MARITAL,Separated,[0.14197907 0.55146556 0.26457901 0.04197636],0.0
144,PREDICTC_W27,MARITAL,Widowed,[0.07590778 0.53298904 0.34871299 0.04239018],0.011480750051594428
145,CARS10C_W27,MARITAL,Divorced,[0.45342289 0.54657711],0.005501317383128769
146,CARS10C_W27,MARITAL,Married,[0.44530758 0.55469242],0.004615635478535123
147,CARS10C_W27,MARITAL,Never been married,[0.43536966 0.56463034],0.002055046672697286
148,CARS10C_W27,MARITAL,Separated,[0.35801406 0.64198594],0.0
149,CARS10C_W27,MARITAL,Widowed,[0.44881639 0.55118361],0.039193378184775085
150,DRONE4C_W27,MARITAL,Divorced,[0.29870667 0.40534172 0.29595161],0.03482603784682041
151,DRONE4C_W27,MARITAL,Married,[0.36546294 0.34325482 0.29128224],0.0024407019728127357
152,DRONE4C_W27,MARITAL,Never been married,[0.39049989 0.22251594 0.38698416],0.0
153,DRONE4C_W27,MARITAL,Separated,[0.25211333 0.43856201 0.30932466],0.0
154,DRONE4C_W27,MARITAL,Widowed,[0.1432574  0.44963492 0.40710768],0.029806124815930358
155,WORK3B_W27,MARITAL,Divorced,[0.58144341 0.07367688 0.3448797 ],0.006311401449250157
156,WORK3B_W27,MARITAL,Married,[0.75423039 0.04256223 0.20320737],0.004118983233664325
157,WORK3B_W27,MARITAL,Never been married,[0.74021251 0.03258262 0.22720487],0.0014942078699215337
158,WORK3B_W27,MARITAL,Separated,[0.74591157 0.11350369 0.14058474],0.0
159,WORK3B_W27,MARITAL,Widowed,[0.47098112 0.06014976 0.46886912],0.009345431577434917
160,CAREGIV3B_W27,MARITAL,Divorced,[0.14847156 0.30748963 0.45251836 0.09152044],0.0
161,CAREGIV3B_W27,MARITAL,Married,[0.13101257 0.33585605 0.4226052  0.11052619],0.0022808951469014773
162,CAREGIV3B_W27,MARITAL,Never been married,[0.16330291 0.29664196 0.47465186 0.06540327],0.008759356399055859
163,CAREGIV3B_W27,MARITAL,Separated,[0.17541063 0.47642472 0.31467416 0.03349049],0.0
164,CAREGIV3B_W27,MARITAL,Widowed,[0.1028801  0.36533015 0.48615987 0.04562988],0.0
165,WORK3F_W27,MARITAL,Divorced,[0.45570921 0.16341029 0.3808805 ],0.004069696921797366
166,WORK3F_W27,MARITAL,Married,[0.4692192  0.11929741 0.41148339],0.0032949651448364622
167,WORK3F_W27,MARITAL,Never been married,[0.502851   0.07642501 0.420724  ],0.0021066009485020726
168,WORK3F_W27,MARITAL,Separated,[0.47705403 0.14193277 0.38101319],0.0
169,WORK3F_W27,MARITAL,Widowed,[0.22873545 0.08884911 0.68241544],0.0
170,PREDICTD_W27,MARITAL,Divorced,[0.0617267  0.42904725 0.45580267 0.05342338],0.0021998673483990677
171,PREDICTD_W27,MARITAL,Married,[0.05998143 0.35763544 0.52959089 0.05279224],0.0041685618414571005
172,PREDICTD_W27,MARITAL,Never been married,[0.07655692 0.3583132  0.45580697 0.10932291],0.0009055468018550734
173,PREDICTD_W27,MARITAL,Separated,[0.10987586 0.4738755  0.35322777 0.06302087],0.0038199119164609298
174,PREDICTD_W27,MARITAL,Widowed,[0.03532893 0.36509273 0.54789542 0.05168292],0.005923049126735643
175,WORK2_W27,MARITAL,Divorced,[0.20406932 0.49278458 0.3031461 ],0.0003497859634820105
176,WORK2_W27,MARITAL,Married,[0.14479427 0.5495427  0.30566302],0.0031906993399351477
177,WORK2_W27,MARITAL,Never been married,[0.25168033 0.36859839 0.37972128],0.0017175384281245003
178,WORK2_W27,MARITAL,Separated,[0.24858171 0.43962645 0.31179184],0.0
179,WORK2_W27,MARITAL,Widowed,[0.10901476 0.6787908  0.21219444],0.0012695939233314786
180,HIRING6A_W27,MARITAL,Divorced,[0.2706603  0.4799421  0.24939761],0.03428036562073274
181,HIRING6A_W27,MARITAL,Married,[0.25014492 0.42267981 0.32717527],0.005234062273701583
182,HIRING6A_W27,MARITAL,Never been married,[0.22594309 0.38765841 0.38639851],0.0024204810819350477
183,HIRING6A_W27,MARITAL,Separated,[0.27739037 0.62663422 0.09597541],0.0
184,HIRING6A_W27,MARITAL,Widowed,[0.15914735 0.50403386 0.3368188 ],0.0
185,CARS9C_W27,MARITAL,Divorced,[0.54776581 0.30649215 0.1068315  0.03891055],0.003819232712811505
186,CARS9C_W27,MARITAL,Married,[0.50859342 0.36441396 0.10849903 0.01849359],0.005155062524122089
187,CARS9C_W27,MARITAL,Never been married,[0.53301042 0.32705379 0.08449938 0.05543641],0.0
188,CARS9C_W27,MARITAL,Separated,[0.59509228 0.26027604 0.0772716  0.06736009],0.0028841158498293666
189,CARS9C_W27,MARITAL,Widowed,[0.63736389 0.27580668 0.06632029 0.02050914],0.0027345395266334866
190,HIRING6B_W27,MARITAL,Divorced,[0.12851278 0.60912026 0.26236696],0.03428036562073274
191,HIRING6B_W27,MARITAL,Married,[0.10825121 0.64274985 0.24899894],0.004620250656650123
192,HIRING6B_W27,MARITAL,Never been married,[0.12554001 0.56230381 0.31215618],0.0
193,HIRING6B_W27,MARITAL,Separated,[0.07296192 0.63595112 0.29108696],0.0
194,HIRING6B_W27,MARITAL,Widowed,[0.08407026 0.60120554 0.3147242 ],0.0
195,ROBJOB3B_W27,MARITAL,Divorced,[0.25199555 0.45335659 0.22305006 0.0715978 ],0.0032874180997857524
196,ROBJOB3B_W27,MARITAL,Married,[0.23702961 0.48744758 0.23761249 0.03791032],0.002168344759127246
197,ROBJOB3B_W27,MARITAL,Never been married,[0.22494428 0.47160601 0.25446279 0.04898692],0.000748480363632048
198,ROBJOB3B_W27,MARITAL,Separated,[0.36960704 0.3688434  0.13106537 0.13048419],0.0
199,ROBJOB3B_W27,MARITAL,Widowed,[0.32708395 0.44024592 0.21064493 0.0220252 ],0.005669264223020772
200,DRONE2_W27,MARITAL,Divorced,[0.42001141 0.57998859],0.033593256204239016
201,DRONE2_W27,MARITAL,Married,[0.60090855 0.39909145],0.00015316414200096162
202,DRONE2_W27,MARITAL,Never been married,[0.69179062 0.30820938],0.0
203,DRONE2_W27,MARITAL,Separated,[0.54404386 0.45595614],0.0
204,DRONE2_W27,MARITAL,Widowed,[0.33298935 0.66701065],0.0
205,WORK3E_W27,MARITAL,Divorced,[0.54925076 0.13891038 0.31183887],0.0
206,WORK3E_W27,MARITAL,Married,[0.7102161  0.09709658 0.19268732],0.0020265058160501806
207,WORK3E_W27,MARITAL,Never been married,[0.67948773 0.15093093 0.16958133],0.0005406524621119867
208,WORK3E_W27,MARITAL,Separated,[0.5838308  0.20616263 0.21000656],0.0
209,WORK3E_W27,MARITAL,Widowed,[0.54553471 0.06371203 0.39075326],0.0
210,CAREGIV6A_W27,MARITAL,Divorced,[0.65794209 0.34205791],0.0021767100764007717
211,CAREGIV6A_W27,MARITAL,Married,[0.71986786 0.28013214],0.003792567432870001
212,CAREGIV6A_W27,MARITAL,Never been married,[0.68396423 0.31603577],0.012241670166974231
213,CAREGIV6A_W27,MARITAL,Separated,[0.69704361 0.30295639],0.0
214,CAREGIV6A_W27,MARITAL,Widowed,[0.64761698 0.35238302],0.009663694847573373
215,CAREGIV6C_W27,MARITAL,Divorced,[0.49976582 0.50023418],0.004434115512521172
216,CAREGIV6C_W27,MARITAL,Married,[0.55914998 0.44085002],0.0028973656990288477
217,CAREGIV6C_W27,MARITAL,Never been married,[0.61253151 0.38746849],0.012482052137378689
218,CAREGIV6C_W27,MARITAL,Separated,[0.48086696 0.51913304],0.0
219,CAREGIV6C_W27,MARITAL,Widowed,[0.38368353 0.61631647],0.0028931937471162413
220,DRONE4D_W27,MARITAL,Divorced,[0.34154211 0.39171919 0.2667387 ],0.033593256204239016
221,DRONE4D_W27,MARITAL,Married,[0.46610717 0.24117255 0.29272029],0.006823054866867626
222,DRONE4D_W27,MARITAL,Never been married,[0.48862102 0.14159135 0.36978763],0.009902748337705642
223,DRONE4D_W27,MARITAL,Separated,[0.30132379 0.3882502  0.31042601],0.0
224,DRONE4D_W27,MARITAL,Widowed,[0.21496529 0.52413493 0.26089979],0.0
225,VOICE3_W27,MARITAL,Divorced,[0.24625806 0.75374194],0.0
226,VOICE3_W27,MARITAL,Married,[0.26566803 0.73433197],0.001997806588017875
227,VOICE3_W27,MARITAL,Never been married,[0.22772918 0.77227082],0.020755065825000377
228,VOICE3_W27,MARITAL,Separated,[0.25052916 0.74947084],0.0
229,VOICE3_W27,MARITAL,Widowed,[0.28056162 0.71943838],0.0
230,CARS10A_W27,MARITAL,Divorced,[0.72603375 0.27396625],0.00024629601181134
231,CARS10A_W27,MARITAL,Married,[0.75055845 0.24944155],0.0023115946007364013
232,CARS10A_W27,MARITAL,Never been married,[0.77423394 0.22576606],0.004464020418405584
233,CARS10A_W27,MARITAL,Separated,[0.70980218 0.29019782],0.0
234,CARS10A_W27,MARITAL,Widowed,[0.55109065 0.44890935],0.0
235,CAREGIV6D_W27,MARITAL,Divorced,[0.61433434 0.38566566],0.0020091191486024196
236,CAREGIV6D_W27,MARITAL,Married,[0.67928189 0.32071811],0.015385378510279005
237,CAREGIV6D_W27,MARITAL,Never been married,[0.5756672 0.4243328],0.012753688983681035
238,CAREGIV6D_W27,MARITAL,Separated,[0.73591528 0.26408472],0.0
239,CAREGIV6D_W27,MARITAL,Widowed,[0.66168046 0.33831954],0.0
240,DRONE4A_W27,MARITAL,Divorced,[0.15099575 0.53038428 0.31861997],0.04320909493007934
241,DRONE4A_W27,MARITAL,Married,[0.10649814 0.57835007 0.3151518 ],0.0008128234019872537
242,DRONE4A_W27,MARITAL,Never been married,[0.13732289 0.43081788 0.43185923],0.0
243,DRONE4A_W27,MARITAL,Separated,[0.12006966 0.56553897 0.31439136],0.0
244,DRONE4A_W27,MARITAL,Widowed,[0.03637689 0.79371599 0.16990712],0.0
245,DRONE1_W27,MARITAL,Divorced,[0.03122852 0.96877148],0.035920213332610446
246,DRONE1_W27,MARITAL,Married,[0.07506744 0.92493256],0.00243834972596446
247,DRONE1_W27,MARITAL,Never been married,[0.1297659 0.8702341],0.0
248,DRONE1_W27,MARITAL,Separated,[0.07733035 0.92266965],0.0
249,DRONE1_W27,MARITAL,Widowed,[0.01632834 0.98367166],0.0
250,CARS3B_W27,MARITAL,Divorced,[0.13905003 0.38345118 0.37274822 0.10475056],0.0008885207837151268
251,CARS3B_W27,MARITAL,Married,[0.13229355 0.39421236 0.37082578 0.10266832],0.0007036493352239238
252,CARS3B_W27,MARITAL,Never been married,[0.12642246 0.39064513 0.36147453 0.12145789],0.0
253,CARS3B_W27,MARITAL,Separated,[0.20458763 0.33030797 0.26950626 0.19559814],0.0
254,CARS3B_W27,MARITAL,Widowed,[0.16656442 0.44052383 0.28964077 0.10327098],0.0
255,CAREGIV7_W27,MARITAL,Divorced,[0.37251347 0.20192671 0.42555982],0.0021767100764007717
256,CAREGIV7_W27,MARITAL,Married,[0.52097567 0.1890245  0.28999983],0.003579202880775031
257,CAREGIV7_W27,MARITAL,Never been married,[0.4396479  0.22552292 0.33482918],0.012241670166974233
258,CAREGIV7_W27,MARITAL,Separated,[0.52115866 0.28584404 0.1929973 ],0.0
259,CAREGIV7_W27,MARITAL,Widowed,[0.57269521 0.11294136 0.31436343],0.0028195323402349444
260,PREDICTB_W27,MARITAL,Divorced,[0.10323081 0.57072661 0.30540257 0.02064001],0.003136478733255836
261,PREDICTB_W27,MARITAL,Married,[0.12771848 0.55418539 0.30851368 0.00958245],0.0016028154883832297
262,PREDICTB_W27,MARITAL,Never been married,[0.14567594 0.41955349 0.37929133 0.05547925],0.0018073894903575408
263,PREDICTB_W27,MARITAL,Separated,[0.12877548 0.56162654 0.30959798 0.        ],0.0
264,PREDICTB_W27,MARITAL,Widowed,[0.08806461 0.46590447 0.41138954 0.03464138],0.0
265,INDUSTRY_W27,MARITAL,Divorced,"[0.07546549 0.15574717 0.06816334 0.0978348  0.12200216 0.07432546
 0.06634972 0.03903313 0.05358204 0.23001143 0.01748527]",0.0
266,INDUSTRY_W27,MARITAL,Married,"[0.04767917 0.1097317  0.12024531 0.06861172 0.10191057 0.07460078
 0.05284023 0.09097925 0.0787171  0.22282566 0.03185852]",0.0
267,INDUSTRY_W27,MARITAL,Never been married,"[0.08756553 0.11272117 0.07760074 0.1176438  0.08583081 0.08583021
 0.02174634 0.07268717 0.09727578 0.19929091 0.04180753]",0.0
268,INDUSTRY_W27,MARITAL,Separated,"[0.09875069 0.3593787  0.13761985 0.02666183 0.05366183 0.007879
 0.0302729  0.03408559 0.         0.20507769 0.04661191]",0.0
269,INDUSTRY_W27,MARITAL,Widowed,"[0.05189642 0.07981551 0.01623361 0.19889616 0.0654915  0.01661018
 0.00458683 0.02883023 0.01820911 0.19676022 0.32267023]",0.0
270,CAREGIV6F_W27,MARITAL,Divorced,[0.45212589 0.54787411],0.0038305895285929213
271,CAREGIV6F_W27,MARITAL,Married,[0.43520397 0.56479603],0.02744239421813027
272,CAREGIV6F_W27,MARITAL,Never been married,[0.41210532 0.58789468],0.014921975249136441
273,CAREGIV6F_W27,MARITAL,Separated,[0.36491174 0.63508826],0.0755426891906956
274,CAREGIV6F_W27,MARITAL,Widowed,[0.50443925 0.49556075],0.0117856725387706
275,CARS10E_W27,MARITAL,Divorced,[0.26120621 0.73879379],0.00893524379788119
276,CARS10E_W27,MARITAL,Married,[0.26619465 0.73380535],0.0026694032306457676
277,CARS10E_W27,MARITAL,Never been married,[0.32329894 0.67670106],0.0
278,CARS10E_W27,MARITAL,Separated,[0.29519465 0.70480535],0.0
279,CARS10E_W27,MARITAL,Widowed,[0.2791383 0.7208617],0.010672848248376816
280,ROBJOB8G_W27,MARITAL,Divorced,[0.14636526 0.50308142 0.23337504 0.11717829],0.005276846154348151
281,ROBJOB8G_W27,MARITAL,Married,[0.23575613 0.43148529 0.27371915 0.05903944],0.00190822016541244
282,ROBJOB8G_W27,MARITAL,Never been married,[0.23459467 0.43425747 0.2557158  0.07543206],0.006826406689524537
283,ROBJOB8G_W27,MARITAL,Separated,[0.277348   0.37231132 0.24463934 0.10570135],0.0
284,ROBJOB8G_W27,MARITAL,Widowed,[0.1265279  0.37761366 0.41443739 0.08142105],0.001997021221152343
285,ROBJOB2_W27,MARITAL,Divorced,[0.258108   0.52387079 0.13019808 0.08782313],0.03338619401812399
286,ROBJOB2_W27,MARITAL,Married,[0.19087458 0.60440788 0.17924732 0.02547022],0.0021965984805125236
287,ROBJOB2_W27,MARITAL,Never been married,[0.22774104 0.52846252 0.18921202 0.05458442],0.00648416568625589
288,ROBJOB2_W27,MARITAL,Separated,[0.16905288 0.48285741 0.17729658 0.17079313],0.0
289,ROBJOB2_W27,MARITAL,Widowed,[0.14172595 0.56917037 0.22589208 0.0632116 ],0.009540411700654292
290,VOICE5B_W27,MARITAL,Divorced,[0.12490682 0.3561532  0.51893998],0.004928676186473875
291,VOICE5B_W27,MARITAL,Married,[0.207365   0.35965171 0.43298329],0.00030202210639154254
292,VOICE5B_W27,MARITAL,Never been married,[0.25932188 0.3658215  0.37485662],0.014141468427976723
293,VOICE5B_W27,MARITAL,Separated,[0.20692272 0.56517542 0.22790186],0.0
294,VOICE5B_W27,MARITAL,Widowed,[0.36191945 0.3967775  0.24130305],0.0038952934684137585
295,CARS2_W27,MARITAL,Divorced,[0.18191276 0.13426996 0.68381728],0.00038447247408595714
296,CARS2_W27,MARITAL,Married,[0.22067507 0.09553395 0.68379098],0.006676647288522349
297,CARS2_W27,MARITAL,Never been married,[0.27811047 0.1219325  0.59995704],0.00020376015506406317
298,CARS2_W27,MARITAL,Separated,[0.15995231 0.16133378 0.6787139 ],0.003087389115090205
299,CARS2_W27,MARITAL,Widowed,[0.10209218 0.13787148 0.76003634],0.021879460038563097
300,CARS4_W27,MARITAL,Divorced,[0.07353277 0.59521567 0.24222269 0.02402041 0.06500847],0.001146222046786701
301,CARS4_W27,MARITAL,Married,[0.08085603 0.5898718  0.22017349 0.04102952 0.06806915],0.0013941855243921168
302,CARS4_W27,MARITAL,Never been married,[0.11427149 0.46834222 0.25271353 0.0826113  0.08206146],0.0
303,CARS4_W27,MARITAL,Separated,[0.05204375 0.57569572 0.19083585 0.03419711 0.14722757],0.0
304,CARS4_W27,MARITAL,Widowed,[0.09631394 0.54207388 0.17112963 0.03315082 0.15733173],0.025184106853123497
305,CAREGIV4_W27,MARITAL,Divorced,[0.32054988 0.67945012],0.0077495944731115875
306,CAREGIV4_W27,MARITAL,Married,[0.39915581 0.60084419],0.00011599686480280184
307,CAREGIV4_W27,MARITAL,Never been married,[0.47381958 0.52618042],0.0008554394535333918
308,CAREGIV4_W27,MARITAL,Separated,[0.47982725 0.52017275],0.0
309,CAREGIV4_W27,MARITAL,Widowed,[0.33534373 0.66465627],0.051602714638740936
310,HIRING4_W27,MARITAL,Divorced,[0.20668513 0.79331487],0.04578494000742683
311,HIRING4_W27,MARITAL,Married,[0.20580003 0.79419997],0.014746831155728257
312,HIRING4_W27,MARITAL,Never been married,[0.30426695 0.69573305],0.002159926273657117
313,HIRING4_W27,MARITAL,Separated,[0.35989189 0.64010811],0.0
314,HIRING4_W27,MARITAL,Widowed,[0.13582414 0.86417586],0.0
315,HIRING3A_W27,MARITAL,Divorced,[0.01050405 0.22396362 0.54530688 0.22022544],0.04298111934130203
316,HIRING3A_W27,MARITAL,Married,[0.01544912 0.18592006 0.49211221 0.3065186 ],0.0006845735033899604
317,HIRING3A_W27,MARITAL,Never been married,[0.04756963 0.19712889 0.51653939 0.23876209],0.0021599262736571173
318,HIRING3A_W27,MARITAL,Separated,[0.10336983 0.20847481 0.39319517 0.29496019],0.0
319,HIRING3A_W27,MARITAL,Widowed,[0.00499625 0.13874532 0.51344166 0.34281676],0.0
320,ROBJOB8E_W27,MARITAL,Divorced,[0.29059949 0.41680281 0.17885632 0.11374138],0.0
321,ROBJOB8E_W27,MARITAL,Married,[0.39515004 0.39908357 0.1635426  0.04222379],0.0029543981419105367
322,ROBJOB8E_W27,MARITAL,Never been married,[0.43801806 0.3310059  0.17443907 0.05653697],0.005382534415151182
323,ROBJOB8E_W27,MARITAL,Separated,[0.22161993 0.4564645  0.19241125 0.12950432],0.026653109044820954
324,ROBJOB8E_W27,MARITAL,Widowed,[0.24579202 0.43361863 0.26086744 0.05972191],0.0018386654542539725
325,VOICE4_W27,MARITAL,Divorced,[0.39791444 0.37555517 0.22653039],0.06082943599951965
326,VOICE4_W27,MARITAL,Married,[0.41572694 0.40762972 0.17664334],0.03397432292157589
327,VOICE4_W27,MARITAL,Never been married,[0.39292091 0.46714902 0.13993007],0.010066153541823416
328,VOICE4_W27,MARITAL,Separated,[0.53153391 0.34472778 0.12373831],0.0
329,VOICE4_W27,MARITAL,Widowed,[0.53410257 0.34972213 0.1161753 ],0.13103690937283102
330,DRONE4E_W27,MARITAL,Divorced,[0.1548471  0.63364877 0.21150413],0.033593256204239016
331,DRONE4E_W27,MARITAL,Married,[0.24866725 0.43514006 0.31619269],0.0019503836039858687
332,DRONE4E_W27,MARITAL,Never been married,[0.26239714 0.36948022 0.36812264],0.002289017673570673
333,DRONE4E_W27,MARITAL,Separated,[0.22706544 0.54025254 0.23268202],0.0
334,DRONE4E_W27,MARITAL,Widowed,[0.06070251 0.69760321 0.24169428],0.0
335,VOICE1_W27,MARITAL,Divorced,[0.39831895 0.60168105],0.0016161827042147385
336,VOICE1_W27,MARITAL,Married,[0.47181437 0.52818563],0.0007634720947939925
337,VOICE1_W27,MARITAL,Never been married,[0.53981823 0.46018177],0.0005280289479329601
338,VOICE1_W27,MARITAL,Separated,[0.31132987 0.68867013],0.0
339,VOICE1_W27,MARITAL,Widowed,[0.23293147 0.76706853],0.0
340,VOICE5A_W27,MARITAL,Divorced,[0.49659737 0.30063974 0.20276289],0.002943396978286681
341,VOICE5A_W27,MARITAL,Married,[0.6033345 0.1839107 0.2127548],0.020171535920745238
342,VOICE5A_W27,MARITAL,Never been married,[0.57512526 0.34285865 0.08201609],0.014141468427976719
343,VOICE5A_W27,MARITAL,Separated,[0.0914577  0.89877248 0.00976982],0.0
344,VOICE5A_W27,MARITAL,Widowed,[0.35351301 0.3081654  0.33832159],0.0038952934684137585
345,HIRING3B_W27,MARITAL,Divorced,[0.18514847 0.43216427 0.21940777 0.16327949],0.04421390098388342
346,HIRING3B_W27,MARITAL,Married,[0.21476658 0.47181906 0.26482336 0.048591  ],0.001114888118289139
347,HIRING3B_W27,MARITAL,Never been married,[0.18341395 0.44377167 0.29567052 0.07714387],0.0021599262736571173
348,HIRING3B_W27,MARITAL,Separated,[0.39409257 0.19886555 0.34920181 0.05784007],0.0
349,HIRING3B_W27,MARITAL,Widowed,[0.26447177 0.43761882 0.18033473 0.11757468],0.0013624308823562928
350,HIRING6D_W27,MARITAL,Divorced,[0.0971861  0.71444989 0.18836401],0.03831523337831279
351,HIRING6D_W27,MARITAL,Married,[0.11304213 0.60829864 0.27865923],0.005588660791638394
352,HIRING6D_W27,MARITAL,Never been married,[0.12476529 0.55822231 0.3170124 ],0.00354772466735757
353,HIRING6D_W27,MARITAL,Separated,[0.16538728 0.40198331 0.43262941],0.0
354,HIRING6D_W27,MARITAL,Widowed,[0.18236599 0.62408152 0.19355249],0.003411399148373545
355,ROBJOB4A_W27,MARITAL,Divorced,[0.76012115 0.23987885],0.000800323338812104
356,ROBJOB4A_W27,MARITAL,Married,[0.77816019 0.22183981],0.006339149345387486
357,ROBJOB4A_W27,MARITAL,Never been married,[0.74484347 0.25515653],0.0162655213231343
358,ROBJOB4A_W27,MARITAL,Separated,[0.83432207 0.16567793],0.0
359,ROBJOB4A_W27,MARITAL,Widowed,[0.82817277 0.17182723],0.00098243219708666
360,DRONE4B_W27,MARITAL,Divorced,[0.22949699 0.59155773 0.17894528],0.034582665345046414
361,DRONE4B_W27,MARITAL,Married,[0.22692085 0.54297402 0.23010513],0.002298211761946517
362,DRONE4B_W27,MARITAL,Never been married,[0.12857575 0.53655505 0.3348692 ],0.0
363,DRONE4B_W27,MARITAL,Separated,[0.20206895 0.49134097 0.30659009],0.0
364,DRONE4B_W27,MARITAL,Widowed,[0.14801197 0.61187688 0.24011115],0.001575717634774324
365,WORK6_W27,MARITAL,Divorced,[0.03201104 0.92896337 0.03902558],0.019793202530150003
366,WORK6_W27,MARITAL,Married,[0.03305076 0.94577425 0.02117498],0.004635608443592956
367,WORK6_W27,MARITAL,Never been married,[0.06520494 0.8631005  0.07169456],0.007989184565861097
368,WORK6_W27,MARITAL,Separated,[0.17402822 0.76963303 0.05633875],0.0
369,WORK6_W27,MARITAL,Widowed,[0.0052632  0.94678856 0.04794824],0.011562075196090899
370,HIRING6C_W27,MARITAL,Divorced,[0.2565277  0.42615215 0.31732015],0.036539247613437645
371,HIRING6C_W27,MARITAL,Married,[0.27326227 0.45795196 0.26878577],0.004317799576778616
372,HIRING6C_W27,MARITAL,Never been married,[0.23885146 0.40098368 0.36016486],0.004152674920257022
373,HIRING6C_W27,MARITAL,Separated,[0.23055952 0.45746492 0.31197556],0.0
374,HIRING6C_W27,MARITAL,Widowed,[0.28078446 0.50589231 0.21332322],0.0
375,ROBJOB6_W27,MARITAL,Divorced,[0.54388219 0.45611781],0.021223740673721913
376,ROBJOB6_W27,MARITAL,Married,[0.42880435 0.57119565],0.012325930031303771
377,ROBJOB6_W27,MARITAL,Never been married,[0.55716091 0.44283909],0.011848164467648014
378,ROBJOB6_W27,MARITAL,Separated,[0.73343253 0.26656747],0.0
379,ROBJOB6_W27,MARITAL,Widowed,[0.4899492 0.5100508],0.01474167891476838
380,ROBJOB9_W27,MARITAL,Divorced,[0.03114574 0.33611193 0.30334643 0.3293959 ],0.0
381,ROBJOB9_W27,MARITAL,Married,[0.05973019 0.19155578 0.43687183 0.3118422 ],0.0001345933274871938
382,ROBJOB9_W27,MARITAL,Never been married,[0.07828111 0.2359816  0.40192737 0.28380992],0.0
383,ROBJOB9_W27,MARITAL,Separated,[0.03631396 0.1494711  0.60018578 0.21402916],0.0
384,ROBJOB9_W27,MARITAL,Widowed,[0.18798589 0.10725943 0.32836068 0.37639401],0.0
385,ROBJOB4B_W27,MARITAL,Divorced,[0.66939702 0.33060298],0.003895979878755403
386,ROBJOB4B_W27,MARITAL,Married,[0.62063837 0.37936163],0.0017026753883231812
387,ROBJOB4B_W27,MARITAL,Never been married,[0.65098321 0.34901679],0.00648416568625589
388,ROBJOB4B_W27,MARITAL,Separated,[0.72228141 0.27771859],0.0
389,ROBJOB4B_W27,MARITAL,Widowed,[0.64724137 0.35275863],0.007642159752338079
390,ROBJOB8D_W27,MARITAL,Divorced,[0.06490042 0.32882854 0.39000459 0.21626645],0.0
391,ROBJOB8D_W27,MARITAL,Married,[0.082058   0.29369907 0.42631249 0.19793044],0.0019421488741620616
392,ROBJOB8D_W27,MARITAL,Never been married,[0.1641914  0.35781588 0.318964   0.15902872],0.006289996447444485
393,ROBJOB8D_W27,MARITAL,Separated,[0.02914465 0.32358883 0.37588114 0.27138538],0.00841037352288029
394,ROBJOB8D_W27,MARITAL,Widowed,[0.05584128 0.2516641  0.44797409 0.24452053],0.0008632075507172544
395,CAREGIV3A_W27,MARITAL,Divorced,[0.05610923 0.33321013 0.40061937 0.21006127],0.0
396,CAREGIV3A_W27,MARITAL,Married,[0.09751404 0.31870167 0.39601094 0.18777335],0.0004011876541581328
397,CAREGIV3A_W27,MARITAL,Never been married,[0.09946951 0.42391081 0.32678326 0.14983641],0.012241670166974231
398,CAREGIV3A_W27,MARITAL,Separated,[0.         0.38008845 0.40114449 0.21876706],0.0
399,CAREGIV3A_W27,MARITAL,Widowed,[0.03666132 0.29186927 0.49581016 0.17565925],0.0
400,ROBJOB4D_W27,MARITAL,Divorced,[0.44120672 0.55879328],0.01648787440844886
401,ROBJOB4D_W27,MARITAL,Married,[0.4218118 0.5781882],0.007614788920762759
402,ROBJOB4D_W27,MARITAL,Never been married,[0.47157056 0.52842944],0.006611491165772254
403,ROBJOB4D_W27,MARITAL,Separated,[0.35855499 0.64144501],0.023229570151284296
404,ROBJOB4D_W27,MARITAL,Widowed,[0.30596795 0.69403205],0.0007297953978651965
405,HIRING7B_W27,MARITAL,Divorced,[0.50871468 0.25916479 0.23212052],0.03428036562073274
406,HIRING7B_W27,MARITAL,Married,[0.6460923  0.14217252 0.21173519],0.0008246668166740786
407,HIRING7B_W27,MARITAL,Never been married,[0.47115477 0.22188801 0.30695722],0.0
408,HIRING7B_W27,MARITAL,Separated,[0.380753   0.35123367 0.26801333],0.012515461411140742
409,HIRING7B_W27,MARITAL,Widowed,[0.70810649 0.07258277 0.21931074],0.003576077465439605
410,WORK3D_W27,MARITAL,Divorced,[0.42636327 0.09960703 0.4740297 ],0.01772652423306844
411,WORK3D_W27,MARITAL,Married,[0.54933489 0.09313311 0.357532  ],0.010755267023861929
412,WORK3D_W27,MARITAL,Never been married,[0.59119941 0.06506025 0.34374034],0.00516637469705725
413,WORK3D_W27,MARITAL,Separated,[0.60569468 0.10574773 0.2885576 ],0.0
414,WORK3D_W27,MARITAL,Widowed,[0.28370857 0.11593145 0.60035998],0.004644141955613862
415,CARS10D_W27,MARITAL,Divorced,[0.71674081 0.28325919],0.00024629601181133995
416,CARS10D_W27,MARITAL,Married,[0.68284915 0.31715085],0.003505292230000141
417,CARS10D_W27,MARITAL,Never been married,[0.70465922 0.29534078],0.000529459298704356
418,CARS10D_W27,MARITAL,Separated,[0.55253347 0.44746653],0.0
419,CARS10D_W27,MARITAL,Widowed,[0.74844153 0.25155847],0.0037035866419752937
420,CARS8_W27,MARITAL,Divorced,[0.39248581 0.34158145 0.26593273],0.006042720654820588
421,CARS8_W27,MARITAL,Married,[0.27889544 0.39381867 0.3272859 ],0.004079667687161366
422,CARS8_W27,MARITAL,Never been married,[0.23521659 0.4527601  0.31202331],0.002595052761001328
423,CARS8_W27,MARITAL,Separated,[0.26007764 0.41244333 0.32747903],0.0
424,CARS8_W27,MARITAL,Widowed,[0.49345005 0.23693392 0.26961603],0.006115239752602278
425,ROBJOB5B_W27,MARITAL,Divorced,[0.45343616 0.40222013 0.10510319 0.03924052],0.005674467222436016
426,ROBJOB5B_W27,MARITAL,Married,[0.45566748 0.40233425 0.10398858 0.03800969],0.005359989506882571
427,ROBJOB5B_W27,MARITAL,Never been married,[0.49407841 0.33653196 0.13969065 0.02969898],0.0031674767827209833
428,ROBJOB5B_W27,MARITAL,Separated,[0.52138045 0.36163066 0.11698889 0.        ],0.0017873959465552166
429,ROBJOB5B_W27,MARITAL,Widowed,[0.47110474 0.45414633 0.06560292 0.00914602],0.0012695939233314786
430,ROBJOB8F_W27,MARITAL,Divorced,[0.09306614 0.29747043 0.35483612 0.2546273 ],0.018610811423929806
431,ROBJOB8F_W27,MARITAL,Married,[0.09980537 0.26048369 0.38613682 0.25357411],0.0027242670584607283
432,ROBJOB8F_W27,MARITAL,Never been married,[0.1147182  0.20747111 0.39221032 0.28560036],0.006130933847490269
433,ROBJOB8F_W27,MARITAL,Separated,[0.12683813 0.36045454 0.32408863 0.1886187 ],0.0
434,ROBJOB8F_W27,MARITAL,Widowed,[0.04756431 0.31737202 0.4091172  0.22594647],0.0056300995246326094
435,ROBJOB7_W27,MARITAL,Divorced,[0.3864225 0.6135775],0.02345780971747986
436,ROBJOB7_W27,MARITAL,Married,[0.44769339 0.55230661],0.011231586857459066
437,ROBJOB7_W27,MARITAL,Never been married,[0.41014441 0.58985559],0.017127089500762648
438,ROBJOB7_W27,MARITAL,Separated,[0.30667781 0.69332219],0.0
439,ROBJOB7_W27,MARITAL,Widowed,[0.35077488 0.64922512],0.0037127443573439704
440,VOICE5C_W27,MARITAL,Divorced,[0.04168017 0.2038886  0.75443123],0.0
441,VOICE5C_W27,MARITAL,Married,[0.12797225 0.18675353 0.68527422],0.00923794045253024
442,VOICE5C_W27,MARITAL,Never been married,[0.15726092 0.22929183 0.61344724],0.030247580192323046
443,VOICE5C_W27,MARITAL,Separated,[0.22636311 0.48335553 0.29028136],0.0
444,VOICE5C_W27,MARITAL,Widowed,[0.15514454 0.21149272 0.63336274],0.0038952934684137585
445,CARS10B_W27,MARITAL,Divorced,[0.82295917 0.17704083],0.0023197748880739253
446,CARS10B_W27,MARITAL,Married,[0.82037443 0.17962557],0.0037103306293444216
447,CARS10B_W27,MARITAL,Never been married,[0.77846658 0.22153342],0.00045310901826410766
448,CARS10B_W27,MARITAL,Separated,[0.68791409 0.31208591],0.0
449,CARS10B_W27,MARITAL,Widowed,[0.84000117 0.15999883],0.0
450,ROBJOB4C_W27,MARITAL,Divorced,[0.38664131 0.61335869],0.01055798359102227
451,ROBJOB4C_W27,MARITAL,Married,[0.40610881 0.59389119],0.004080183241609617
452,ROBJOB4C_W27,MARITAL,Never been married,[0.46902677 0.53097323],0.007759766520322818
453,ROBJOB4C_W27,MARITAL,Separated,[0.40146892 0.59853108],0.023229570151284296
454,ROBJOB4C_W27,MARITAL,Widowed,[0.38956555 0.61043445],0.007876618876141984
455,ROBJOB4F_W27,MARITAL,Divorced,[0.40043812 0.59956188],0.0027586486631745832
456,ROBJOB4F_W27,MARITAL,Married,[0.40245863 0.59754137],0.006610349338573747
457,ROBJOB4F_W27,MARITAL,Never been married,[0.36907114 0.63092886],0.013038609330687687
458,ROBJOB4F_W27,MARITAL,Separated,[0.3584957 0.6415043],0.0313278304348827
459,ROBJOB4F_W27,MARITAL,Widowed,[0.44914798 0.55085202],0.005566346362631975
460,ROBJOB5D_W27,MARITAL,Divorced,[0.20968791 0.43322142 0.27237867 0.084712  ],0.00855044319551734
461,ROBJOB5D_W27,MARITAL,Married,[0.18618251 0.32285697 0.33932816 0.15163235],0.012350868266827105
462,ROBJOB5D_W27,MARITAL,Never been married,[0.21967382 0.4176291  0.25283632 0.10986076],0.009444082975550695
463,ROBJOB5D_W27,MARITAL,Separated,[0.39373882 0.36543219 0.21199865 0.02883034],0.0028841158498293675
464,ROBJOB5D_W27,MARITAL,Widowed,[0.26777963 0.44530674 0.18581039 0.10110324],0.03953346636585549
465,CARS5_W27,MARITAL,Divorced,[0.36566442 0.63433558],0.0
466,CARS5_W27,MARITAL,Married,[0.43027051 0.56972949],0.0004953598943237313
467,CARS5_W27,MARITAL,Never been married,[0.54784223 0.45215777],0.0015739556598916332
468,CARS5_W27,MARITAL,Separated,[0.37426582 0.62573418],0.0
469,CARS5_W27,MARITAL,Widowed,[0.24760178 0.75239822],0.006860379801636395
470,ROBJOB8C_W27,MARITAL,Divorced,[0.02219233 0.21199711 0.44267813 0.32313243],0.0
471,ROBJOB8C_W27,MARITAL,Married,[0.0262008  0.12827034 0.50731166 0.3382172 ],0.003999986320801705
472,ROBJOB8C_W27,MARITAL,Never been married,[0.07234616 0.18957788 0.40261541 0.33546056],0.011866700101407071
473,ROBJOB8C_W27,MARITAL,Separated,[0.02665875 0.21421866 0.48036108 0.27876151],0.004239369600844006
474,ROBJOB8C_W27,MARITAL,Widowed,[0.01186894 0.11670578 0.46720645 0.40421883],0.0
475,ROBJOB8B_W27,MARITAL,Divorced,[0.08254373 0.36908866 0.36284081 0.1855268 ],0.0
476,ROBJOB8B_W27,MARITAL,Married,[0.13820534 0.37969147 0.38643325 0.09566994],0.005806996470285969
477,ROBJOB8B_W27,MARITAL,Never been married,[0.15594849 0.34902291 0.35759571 0.13743289],0.012107639986430987
478,ROBJOB8B_W27,MARITAL,Separated,[0.10719057 0.36276584 0.38328742 0.14675618],0.0
479,ROBJOB8B_W27,MARITAL,Widowed,[0.117383   0.32850676 0.45020036 0.10390988],0.009049177952210613
0,CAREGIV2_W27,RELIG,Agnostic,[0.0953211  0.59609827 0.29521543 0.0133652 ],0.0
1,CAREGIV2_W27,RELIG,Atheist,[0.14283042 0.57918756 0.25172835 0.02625366],0.0
2,CAREGIV2_W27,RELIG,Buddhist,[0.09519027 0.67599349 0.04220355 0.18661269],0.0
3,CAREGIV2_W27,RELIG,Hindu,[0.37031365 0.33449697 0.         0.29518938],0.0
4,CAREGIV2_W27,RELIG,Jewish,[0.06539519 0.45941611 0.23484466 0.24034404],0.02147345305906977
5,CAREGIV2_W27,RELIG,Mormon,[0.         0.78845893 0.17468758 0.03685348],0.0
6,CAREGIV2_W27,RELIG,Muslim,[0.17986435 0.82013565 0.         0.        ],0.0
7,CAREGIV2_W27,RELIG,Nothing in particular,[0.13125288 0.47742539 0.30662328 0.08469846],0.0018170900197730306
8,CAREGIV2_W27,RELIG,Orthodox,[0.11389492 0.56546574 0.32063934 0.        ],0.0
9,CAREGIV2_W27,RELIG,Other,[0.11445045 0.50976156 0.22244513 0.15334286],0.0
10,CAREGIV2_W27,RELIG,Protestant,[0.10372971 0.44499188 0.3051418  0.14613661],0.003983319169735441
11,CAREGIV2_W27,RELIG,Roman Catholic,[0.06438573 0.51895077 0.29724067 0.11942283],0.0005406536941853378
12,ROBJOB1_W27,RELIG,Agnostic,[0.36230945 0.54736434 0.0903262 ],0.004596768108117945
13,ROBJOB1_W27,RELIG,Atheist,[0.36293467 0.59795527 0.03911006],0.012727762928099405
14,ROBJOB1_W27,RELIG,Buddhist,[0.29656039 0.66705936 0.03638025],0.0
15,ROBJOB1_W27,RELIG,Hindu,[0.37831297 0.60110152 0.02058551],0.0
16,ROBJOB1_W27,RELIG,Jewish,[0.24241468 0.57311836 0.18446696],0.0
17,ROBJOB1_W27,RELIG,Mormon,[0.30143501 0.665065   0.03349999],0.0036259311648846257
18,ROBJOB1_W27,RELIG,Muslim,[0.25351512 0.55109625 0.19538863],0.0
19,ROBJOB1_W27,RELIG,Nothing in particular,[0.2227572  0.60855769 0.16868512],0.0
20,ROBJOB1_W27,RELIG,Orthodox,[0.29393295 0.68981484 0.01625221],0.0
21,ROBJOB1_W27,RELIG,Other,[0.37644644 0.46846004 0.15509352],0.0
22,ROBJOB1_W27,RELIG,Protestant,[0.20342009 0.63769947 0.15888044],0.0029359902587248994
23,ROBJOB1_W27,RELIG,Roman Catholic,[0.2448668 0.5987037 0.1564295],0.0
24,WORK3A_W27,RELIG,Agnostic,[0.24465179 0.10468563 0.65066258],0.0010809146955401239
25,WORK3A_W27,RELIG,Atheist,[0.38207928 0.03193118 0.58598954],0.0
26,WORK3A_W27,RELIG,Buddhist,[0.12799117 0.26886812 0.60314071],0.0
27,WORK3A_W27,RELIG,Hindu,[0.53684261 0.01487831 0.44827908],0.0
28,WORK3A_W27,RELIG,Jewish,[0.48009438 0.01532776 0.50457786],0.018106859638696952
29,WORK3A_W27,RELIG,Mormon,[0.26447992 0.00373656 0.73178352],0.0
30,WORK3A_W27,RELIG,Muslim,[0.47645629 0.25652771 0.267016  ],0.0
31,WORK3A_W27,RELIG,Nothing in particular,[0.27277314 0.17564446 0.5515824 ],0.0018490920284122865
32,WORK3A_W27,RELIG,Orthodox,[0.13793982 0.13652337 0.72553682],0.0
33,WORK3A_W27,RELIG,Other,[0.14616899 0.20230319 0.65152782],0.0
34,WORK3A_W27,RELIG,Protestant,[0.24614066 0.16412545 0.58973389],0.0067260139283977565
35,WORK3A_W27,RELIG,Roman Catholic,[0.30731916 0.13680096 0.55587988],0.017856594014086485
36,ROBJOB3A_W27,RELIG,Agnostic,[0.07135381 0.35298369 0.46216298 0.11349952],0.0
37,ROBJOB3A_W27,RELIG,Atheist,[0.07402076 0.41433278 0.40296697 0.10867949],0.0
38,ROBJOB3A_W27,RELIG,Buddhist,[0.02486769 0.34140423 0.4909846  0.14274348],0.0
39,ROBJOB3A_W27,RELIG,Hindu,[0.29181973 0.44788709 0.15842187 0.10187132],0.016842556102328973
40,ROBJOB3A_W27,RELIG,Jewish,[0.1530316  0.29352637 0.3839195  0.16952253],0.012262211291877195
41,ROBJOB3A_W27,RELIG,Mormon,[0.03593739 0.40903695 0.46750287 0.08752279],0.0
42,ROBJOB3A_W27,RELIG,Muslim,[0.26837389 0.26435967 0.29541875 0.17184769],0.0
43,ROBJOB3A_W27,RELIG,Nothing in particular,[0.03732562 0.28570607 0.49651138 0.18045693],0.003832610486567019
44,ROBJOB3A_W27,RELIG,Orthodox,[0.02196152 0.20707707 0.45057786 0.32038356],0.0
45,ROBJOB3A_W27,RELIG,Other,[0.05530823 0.28957598 0.34286105 0.31225473],0.019860365190944126
46,ROBJOB3A_W27,RELIG,Protestant,[0.03422626 0.22860355 0.47368088 0.2634893 ],0.003218975520641562
47,ROBJOB3A_W27,RELIG,Roman Catholic,[0.079515   0.25476645 0.49807175 0.1676468 ],0.0032801338421494797
48,WORK5A_W27,RELIG,Agnostic,[0.02806477 0.96207056 0.00986467],0.0
49,WORK5A_W27,RELIG,Atheist,[0.01326445 0.97187838 0.01485717],0.0
50,WORK5A_W27,RELIG,Buddhist,[0.04677309 0.95322691 0.        ],0.0
51,WORK5A_W27,RELIG,Hindu,[0.24564356 0.6542009  0.10015554],0.0
52,WORK5A_W27,RELIG,Jewish,[0.03286325 0.87301849 0.09411826],0.0
53,WORK5A_W27,RELIG,Mormon,[0.01389421 0.8724006  0.11370519],0.0
54,WORK5A_W27,RELIG,Muslim,[0.05455798 0.87233418 0.07310784],0.0
55,WORK5A_W27,RELIG,Nothing in particular,[0.00801444 0.92384885 0.06813671],0.0
56,WORK5A_W27,RELIG,Orthodox,[0.20808894 0.77421411 0.01769695],0.0
57,WORK5A_W27,RELIG,Other,[0.03127062 0.94714068 0.0215887 ],0.019860365190944126
58,WORK5A_W27,RELIG,Protestant,[0.02334921 0.95125449 0.02539631],0.0012530364549140807
59,WORK5A_W27,RELIG,Roman Catholic,[0.02456699 0.93513995 0.04029306],0.009210962224347129
60,WORK4C_W27,RELIG,Agnostic,[0.45046451 0.08625896 0.46327652],0.012251239315906793
61,WORK4C_W27,RELIG,Atheist,[0.51984755 0.07139666 0.4087558 ],0.0
62,WORK4C_W27,RELIG,Buddhist,[0.62967295 0.28353104 0.08679601],0.0
63,WORK4C_W27,RELIG,Hindu,[0.39855001 0.08689652 0.51455347],0.0
64,WORK4C_W27,RELIG,Jewish,[0.4816311  0.08529588 0.43307302],0.018412340294660698
65,WORK4C_W27,RELIG,Mormon,[0.30258108 0.         0.69741892],0.0
66,WORK4C_W27,RELIG,Muslim,[0.79426834 0.12276841 0.08296325],0.0
67,WORK4C_W27,RELIG,Nothing in particular,[0.47811511 0.129317   0.39256789],0.0
68,WORK4C_W27,RELIG,Orthodox,[0.46135142 0.10941007 0.42923851],0.0
69,WORK4C_W27,RELIG,Other,[0.63714217 0.05463841 0.30821943],0.0
70,WORK4C_W27,RELIG,Protestant,[0.40716307 0.15783762 0.43499931],0.0
71,WORK4C_W27,RELIG,Roman Catholic,[0.52275839 0.13942587 0.33781575],0.0
72,WORK4A_W27,RELIG,Agnostic,[0.35741322 0.34936446 0.29322232],0.0
73,WORK4A_W27,RELIG,Atheist,[0.34823244 0.34963336 0.3021342 ],0.0
74,WORK4A_W27,RELIG,Buddhist,[0.37223887 0.51936345 0.10839769],0.0
75,WORK4A_W27,RELIG,Hindu,[0.60033826 0.39966174 0.        ],0.0
76,WORK4A_W27,RELIG,Jewish,[0.47068677 0.19534451 0.33396872],0.0
77,WORK4A_W27,RELIG,Mormon,[0.34095102 0.26342546 0.39562352],0.0
78,WORK4A_W27,RELIG,Muslim,[0.73160709 0.13280889 0.13558402],0.0
79,WORK4A_W27,RELIG,Nothing in particular,[0.35266237 0.29943523 0.3479024 ],0.0010455139283909814
80,WORK4A_W27,RELIG,Orthodox,[0.49735292 0.13612106 0.36652602],0.0
81,WORK4A_W27,RELIG,Other,[0.49890729 0.32570256 0.17539015],0.0
82,WORK4A_W27,RELIG,Protestant,[0.36497933 0.28057302 0.35444765],0.0015455830552543967
83,WORK4A_W27,RELIG,Roman Catholic,[0.42864921 0.28079428 0.29055651],0.0
84,CAREGIV6B_W27,RELIG,Agnostic,[0.60514305 0.39485695],0.00558995740095526
85,CAREGIV6B_W27,RELIG,Atheist,[0.73712324 0.26287676],0.006228977364659719
86,CAREGIV6B_W27,RELIG,Buddhist,[0.86260617 0.13739383],0.0
87,CAREGIV6B_W27,RELIG,Hindu,[0.69324503 0.30675497],0.0
88,CAREGIV6B_W27,RELIG,Jewish,[0.55143904 0.44856096],0.02147345305906977
89,CAREGIV6B_W27,RELIG,Mormon,[0.39014322 0.60985678],0.0
90,CAREGIV6B_W27,RELIG,Muslim,[0.35651329 0.64348671],0.0
91,CAREGIV6B_W27,RELIG,Nothing in particular,[0.49979783 0.50020217],0.018722504774980834
92,CAREGIV6B_W27,RELIG,Orthodox,[0.09135376 0.90864624],0.0
93,CAREGIV6B_W27,RELIG,Other,[0.49155769 0.50844231],0.009447185036001771
94,CAREGIV6B_W27,RELIG,Protestant,[0.45576239 0.54423761],0.009305537093786675
95,CAREGIV6B_W27,RELIG,Roman Catholic,[0.57621335 0.42378665],0.01648472906692062
96,CAREGIV6E_W27,RELIG,Agnostic,[0.68292713 0.31707287],0.0
97,CAREGIV6E_W27,RELIG,Atheist,[0.86488427 0.13511573],0.0007864075759610583
98,CAREGIV6E_W27,RELIG,Buddhist,[0.67817099 0.32182901],0.0
99,CAREGIV6E_W27,RELIG,Hindu,[0.66982787 0.33017213],0.0
100,CAREGIV6E_W27,RELIG,Jewish,[0.65578314 0.34421686],0.0
101,CAREGIV6E_W27,RELIG,Mormon,[0.58196601 0.41803399],0.0
102,CAREGIV6E_W27,RELIG,Muslim,[0.52909233 0.47090767],0.0
103,CAREGIV6E_W27,RELIG,Nothing in particular,[0.62668283 0.37331717],0.020539594794753865
104,CAREGIV6E_W27,RELIG,Orthodox,[0.76789045 0.23210955],0.0
105,CAREGIV6E_W27,RELIG,Other,[0.82565885 0.17434115],0.009447185036001771
106,CAREGIV6E_W27,RELIG,Protestant,[0.50262643 0.49737357],0.003773055704807025
107,CAREGIV6E_W27,RELIG,Roman Catholic,[0.59933607 0.40066393],0.0009751500683986578
108,CARS1_W27,RELIG,Agnostic,[0.41752998 0.57132048 0.01114954],0.0
109,CARS1_W27,RELIG,Atheist,[0.59696732 0.38271783 0.02031485],0.0
110,CARS1_W27,RELIG,Buddhist,[0.45506132 0.53467815 0.01026053],0.0
111,CARS1_W27,RELIG,Hindu,[0.70605873 0.27335576 0.02058551],0.0
112,CARS1_W27,RELIG,Jewish,[0.48546629 0.41666638 0.09786733],0.0
113,CARS1_W27,RELIG,Mormon,[0.41771909 0.52129963 0.06098127],0.0
114,CARS1_W27,RELIG,Muslim,[0.62123106 0.30461664 0.0741523 ],0.0
115,CARS1_W27,RELIG,Nothing in particular,[0.31187699 0.63399201 0.05413101],0.0015784024516926516
116,CARS1_W27,RELIG,Orthodox,[0.42870117 0.56567696 0.00562187],0.0
117,CARS1_W27,RELIG,Other,[0.29601767 0.6585097  0.04547262],0.0
118,CARS1_W27,RELIG,Protestant,[0.28204931 0.65065272 0.06729797],0.006304440091076708
119,CARS1_W27,RELIG,Roman Catholic,[0.38902939 0.54438474 0.06658587],0.0009082620286476518
120,HIRING7A_W27,RELIG,Agnostic,[0.18672946 0.62815052 0.18512002],0.0
121,HIRING7A_W27,RELIG,Atheist,[0.20723918 0.63148694 0.16127388],0.0
122,HIRING7A_W27,RELIG,Buddhist,[0.03415146 0.6636293  0.30221924],0.0
123,HIRING7A_W27,RELIG,Hindu,[0.11700132 0.61876013 0.26423855],0.05929882281274616
124,HIRING7A_W27,RELIG,Jewish,[0.32278208 0.47991351 0.19730441],0.0
125,HIRING7A_W27,RELIG,Mormon,[0.16608865 0.38832651 0.44558484],0.0
126,HIRING7A_W27,RELIG,Muslim,[0.26071894 0.47726436 0.2620167 ],0.0
127,HIRING7A_W27,RELIG,Nothing in particular,[0.12265637 0.55123392 0.32610971],0.0
128,HIRING7A_W27,RELIG,Orthodox,[0.30067978 0.68068728 0.01863294],0.0
129,HIRING7A_W27,RELIG,Other,[0.30769254 0.56068089 0.13162657],0.05906921812094851
130,HIRING7A_W27,RELIG,Protestant,[0.222197   0.46067863 0.31712437],0.013446366991108393
131,HIRING7A_W27,RELIG,Roman Catholic,[0.20363982 0.4728764  0.32348378],0.021961426780750276
132,WORK7_W27,RELIG,Agnostic,[0.1534386 0.8465614],0.0010215719403131227
133,WORK7_W27,RELIG,Atheist,[0.19786966 0.80213034],0.0015046730976609015
134,WORK7_W27,RELIG,Buddhist,[0.06445638 0.93554362],0.0
135,WORK7_W27,RELIG,Hindu,[0.33175678 0.66824322],0.0
136,WORK7_W27,RELIG,Jewish,[0.17728351 0.82271649],0.0765876229962412
137,WORK7_W27,RELIG,Mormon,[0.18380806 0.81619194],0.0
138,WORK7_W27,RELIG,Muslim,[0.1849716 0.8150284],0.0
139,WORK7_W27,RELIG,Nothing in particular,[0.16579953 0.83420047],0.0
140,WORK7_W27,RELIG,Orthodox,[0.48619609 0.51380391],0.0
141,WORK7_W27,RELIG,Other,[0.22767454 0.77232546],0.019860365190944126
142,WORK7_W27,RELIG,Protestant,[0.18447678 0.81552322],0.004302870282124337
143,WORK7_W27,RELIG,Roman Catholic,[0.18048305 0.81951695],0.019468852518043055
144,PREDICTA_W27,RELIG,Agnostic,[0.16650883 0.59689488 0.22287314 0.01372315],0.0
145,PREDICTA_W27,RELIG,Atheist,[0.23064316 0.61013789 0.1566248  0.00259415],0.003627666654004647
146,PREDICTA_W27,RELIG,Buddhist,[0.31537795 0.41082829 0.27379376 0.        ],0.0
147,PREDICTA_W27,RELIG,Hindu,[0.50080571 0.31545057 0.18374373 0.        ],0.020585510153222155
148,PREDICTA_W27,RELIG,Jewish,[0.18743708 0.52694781 0.19343231 0.0921828 ],0.008179077965863616
149,PREDICTA_W27,RELIG,Mormon,[0.1915102 0.4085578 0.399932  0.       ],0.0
150,PREDICTA_W27,RELIG,Muslim,[0.48714812 0.44178779 0.07106409 0.        ],0.0
151,PREDICTA_W27,RELIG,Nothing in particular,[0.285342   0.51847379 0.17804876 0.01813546],0.007983218712135141
152,PREDICTA_W27,RELIG,Orthodox,[0.12403939 0.38619002 0.28168165 0.20808894],0.0
153,PREDICTA_W27,RELIG,Other,[0.25241484 0.63860892 0.10897624 0.        ],0.008132729922676059
154,PREDICTA_W27,RELIG,Protestant,[0.18107548 0.61516517 0.18203004 0.02172931],0.0035697500613037967
155,PREDICTA_W27,RELIG,Roman Catholic,[0.18294723 0.5975865  0.18823859 0.03122769],0.004402190211580674
156,VOICE5D_W27,RELIG,Agnostic,[0.24019518 0.37234243 0.38746239],0.020842908054842308
157,VOICE5D_W27,RELIG,Atheist,[0.12384989 0.58427479 0.29187532],0.0
158,VOICE5D_W27,RELIG,Buddhist,[0.09271497 0.23041787 0.67686716],0.0
159,VOICE5D_W27,RELIG,Hindu,[0.78637467 0.10504637 0.10857896],0.0
160,VOICE5D_W27,RELIG,Jewish,[0.53835497 0.35052406 0.11112096],0.0
161,VOICE5D_W27,RELIG,Mormon,[0.38189831 0.1647247  0.45337699],0.0
162,VOICE5D_W27,RELIG,Muslim,[0.54752564 0.37248844 0.07998591],0.0
163,VOICE5D_W27,RELIG,Nothing in particular,[0.21310063 0.45708374 0.32981563],0.0
164,VOICE5D_W27,RELIG,Orthodox,[0.19084931 0.1791288  0.63002189],0.0
165,VOICE5D_W27,RELIG,Other,[0.27242942 0.13080916 0.59676142],0.0
166,VOICE5D_W27,RELIG,Protestant,[0.21155021 0.40208432 0.38636547],0.007929652941885326
167,VOICE5D_W27,RELIG,Roman Catholic,[0.22369369 0.35670926 0.41959705],0.0
168,HIRING2_W27,RELIG,Agnostic,[0.15370052 0.47767859 0.29356763 0.07505325],0.0
169,HIRING2_W27,RELIG,Atheist,[0.13813711 0.48935644 0.32156686 0.05093959],0.0
170,HIRING2_W27,RELIG,Buddhist,[0.04854662 0.74817195 0.13095998 0.07232145],0.0
171,HIRING2_W27,RELIG,Hindu,[0.1262447  0.47348472 0.08607961 0.31419097],0.0
172,HIRING2_W27,RELIG,Jewish,[0.08299614 0.50000005 0.3987355  0.01826831],0.0
173,HIRING2_W27,RELIG,Mormon,[0.4010843  0.30715302 0.21766126 0.07410142],0.0
174,HIRING2_W27,RELIG,Muslim,[0.40404076 0.30343648 0.07536767 0.21715509],0.0
175,HIRING2_W27,RELIG,Nothing in particular,[0.10079488 0.39805263 0.36625208 0.13490041],0.0
176,HIRING2_W27,RELIG,Orthodox,[0.06208203 0.65662281 0.2774374  0.00385776],0.0
177,HIRING2_W27,RELIG,Other,[0.21215133 0.48917415 0.20968783 0.08898669],0.05906921812094851
178,HIRING2_W27,RELIG,Protestant,[0.09484223 0.50372589 0.26361142 0.13782046],0.0
179,HIRING2_W27,RELIG,Roman Catholic,[0.11729174 0.47107935 0.24395464 0.16767428],0.0
180,ROBJOB8A_W27,RELIG,Agnostic,[0.05122416 0.30673523 0.46489146 0.17714914],0.004385175252018578
181,ROBJOB8A_W27,RELIG,Atheist,[0.14275434 0.3120952  0.36673166 0.1784188 ],0.009509944928008154
182,ROBJOB8A_W27,RELIG,Buddhist,[0.10851202 0.58899323 0.19556104 0.10693371],0.0
183,ROBJOB8A_W27,RELIG,Hindu,[0.34290662 0.26924001 0.23371395 0.15413942],0.0
184,ROBJOB8A_W27,RELIG,Jewish,[0.14620175 0.30575984 0.37095089 0.17708752],0.014820692563846155
185,ROBJOB8A_W27,RELIG,Mormon,[0.03854121 0.23152444 0.60347793 0.12645643],0.0
186,ROBJOB8A_W27,RELIG,Muslim,[0.15707319 0.26561121 0.26112226 0.31619334],0.0
187,ROBJOB8A_W27,RELIG,Nothing in particular,[0.16634354 0.36542899 0.34759889 0.12062858],0.010717914784244425
188,ROBJOB8A_W27,RELIG,Orthodox,[0.05813331 0.2203393  0.67630978 0.04521761],0.0
189,ROBJOB8A_W27,RELIG,Other,[0.21384433 0.42049521 0.28934075 0.07631971],0.019860365190944123
190,ROBJOB8A_W27,RELIG,Protestant,[0.15911653 0.38584432 0.34693513 0.10810402],0.003980438206965577
191,ROBJOB8A_W27,RELIG,Roman Catholic,[0.1618066  0.43312491 0.30805714 0.09701135],0.011405173720756752
192,ROBJOB4E_W27,RELIG,Agnostic,[0.24315722 0.75684278],0.003451472526218074
193,ROBJOB4E_W27,RELIG,Atheist,[0.21075671 0.78924329],0.01117604817655562
194,ROBJOB4E_W27,RELIG,Buddhist,[0.25397938 0.74602062],0.0
195,ROBJOB4E_W27,RELIG,Hindu,[0.53890218 0.46109782],0.0
196,ROBJOB4E_W27,RELIG,Jewish,[0.36083052 0.63916948],0.025448852161204565
197,ROBJOB4E_W27,RELIG,Mormon,[0.26463826 0.73536174],0.0
198,ROBJOB4E_W27,RELIG,Muslim,[0.40805199 0.59194801],0.01518123203298445
199,ROBJOB4E_W27,RELIG,Nothing in particular,[0.20094142 0.79905858],0.01806012798377268
200,ROBJOB4E_W27,RELIG,Orthodox,[0.29742769 0.70257231],0.0
201,ROBJOB4E_W27,RELIG,Other,[0.29007286 0.70992714],0.021343128942857184
202,ROBJOB4E_W27,RELIG,Protestant,[0.23531106 0.76468894],0.0030430062593981362
203,ROBJOB4E_W27,RELIG,Roman Catholic,[0.28180659 0.71819341],0.0037972202718057125
204,CAREGIV1_W27,RELIG,Agnostic,[0.07730743 0.41171041 0.51098216],0.003208521097189189
205,CAREGIV1_W27,RELIG,Atheist,[0.06250294 0.42393898 0.51355808],0.0025254269521864017
206,CAREGIV1_W27,RELIG,Buddhist,[0.27445055 0.30344843 0.42210102],0.0
207,CAREGIV1_W27,RELIG,Hindu,[0.51051506 0.29593335 0.19355159],0.0
208,CAREGIV1_W27,RELIG,Jewish,[0.10935585 0.36416528 0.52647887],0.0
209,CAREGIV1_W27,RELIG,Mormon,[0.06792102 0.36956455 0.56251443],0.0
210,CAREGIV1_W27,RELIG,Muslim,[0.21209124 0.64479798 0.14311078],0.0
211,CAREGIV1_W27,RELIG,Nothing in particular,[0.07497583 0.28035863 0.64466553],0.0
212,CAREGIV1_W27,RELIG,Orthodox,[0.08103716 0.54108823 0.37787462],0.0
213,CAREGIV1_W27,RELIG,Other,[0.12872634 0.24939424 0.62187942],0.0
214,CAREGIV1_W27,RELIG,Protestant,[0.0300328  0.26560576 0.70436144],0.0011705238578055034
215,CAREGIV1_W27,RELIG,Roman Catholic,[0.03749507 0.2908663  0.67163863],0.001985428728509436
216,WORK3C_W27,RELIG,Agnostic,[0.62341619 0.10141073 0.27517309],0.0
217,WORK3C_W27,RELIG,Atheist,[0.71556088 0.08776785 0.19667127],0.00545203436558702
218,WORK3C_W27,RELIG,Buddhist,[0.6536713  0.17366443 0.17266428],0.0
219,WORK3C_W27,RELIG,Hindu,[0.63910629 0.28908346 0.07181025],0.0
220,WORK3C_W27,RELIG,Jewish,[0.79097632 0.14998673 0.05903695],0.0
221,WORK3C_W27,RELIG,Mormon,[0.52725955 0.2430701  0.22967035],0.0
222,WORK3C_W27,RELIG,Muslim,[0.8201122  0.06066651 0.11922129],0.0
223,WORK3C_W27,RELIG,Nothing in particular,[0.61595422 0.10809732 0.27594845],0.0013478683625809198
224,WORK3C_W27,RELIG,Orthodox,[0.30705889 0.33729648 0.35564463],0.0
225,WORK3C_W27,RELIG,Other,[0.82977066 0.15677487 0.01345446],0.0
226,WORK3C_W27,RELIG,Protestant,[0.55822719 0.19381985 0.24795296],0.008873373743071074
227,WORK3C_W27,RELIG,Roman Catholic,[0.60018302 0.16727249 0.2325445 ],0.0014338255716257991
228,CARS9A_W27,RELIG,Agnostic,[0.3314919  0.5045144  0.14423149 0.01976221],0.004763881795487137
229,CARS9A_W27,RELIG,Atheist,[0.34260936 0.35172747 0.19470837 0.1109548 ],0.0
230,CARS9A_W27,RELIG,Buddhist,[0.29694481 0.60932118 0.093734   0.        ],0.0
231,CARS9A_W27,RELIG,Hindu,[0.58387979 0.27303259 0.         0.14308762],0.0
232,CARS9A_W27,RELIG,Jewish,[0.40793723 0.36780643 0.11237064 0.1118857 ],0.004745142384828643
233,CARS9A_W27,RELIG,Mormon,[0.25422764 0.46119063 0.27683393 0.0077478 ],0.022636757277587606
234,CARS9A_W27,RELIG,Muslim,[0.37241814 0.30785274 0.04469726 0.27503186],0.0
235,CARS9A_W27,RELIG,Nothing in particular,[0.47623568 0.32062964 0.12950517 0.07362951],0.004080889097587257
236,CARS9A_W27,RELIG,Orthodox,[0.25495747 0.4639171  0.05760406 0.22352137],0.0
237,CARS9A_W27,RELIG,Other,[0.41941112 0.3467159  0.18100165 0.05287132],0.0
238,CARS9A_W27,RELIG,Protestant,[0.5238978  0.34170201 0.10535553 0.02904466],0.006903540916744799
239,CARS9A_W27,RELIG,Roman Catholic,[0.47086369 0.38770739 0.09576263 0.04566629],0.0005971529288584926
240,CARS7B_W27,RELIG,Agnostic,[0.1406121  0.37735432 0.33171339 0.15032018],0.0
241,CARS7B_W27,RELIG,Atheist,[0.2590051  0.35278419 0.28250867 0.10570204],0.0
242,CARS7B_W27,RELIG,Buddhist,[0.11179248 0.34866696 0.40460378 0.13493677],0.0
243,CARS7B_W27,RELIG,Hindu,[0.38601383 0.31525689 0.13265063 0.16607864],0.0
244,CARS7B_W27,RELIG,Jewish,[0.0929161  0.40971072 0.2465309  0.25084228],0.012262211291877195
245,CARS7B_W27,RELIG,Mormon,[0.0832907  0.31075507 0.46014696 0.14580727],0.0
246,CARS7B_W27,RELIG,Muslim,[0.36595018 0.11854752 0.20672336 0.30877893],0.0
247,CARS7B_W27,RELIG,Nothing in particular,[0.05753957 0.28960765 0.35528384 0.29756894],0.0002576727405963614
248,CARS7B_W27,RELIG,Orthodox,[0.23309522 0.15748487 0.49404121 0.1153787 ],0.0
249,CARS7B_W27,RELIG,Other,[0.19469009 0.27049886 0.17857886 0.35623219],0.0
250,CARS7B_W27,RELIG,Protestant,[0.0490244  0.20831095 0.34130101 0.40136364],0.0010595957451028104
251,CARS7B_W27,RELIG,Roman Catholic,[0.06221411 0.29158059 0.30973542 0.33646988],0.006495371363993708
252,CARS3A_W27,RELIG,Agnostic,[0.19983559 0.3617809  0.36122255 0.07716096],0.0
253,CARS3A_W27,RELIG,Atheist,[0.31495458 0.32969312 0.22173249 0.13361981],0.0
254,CARS3A_W27,RELIG,Buddhist,[0.33014154 0.41700284 0.13701511 0.11584051],0.0
255,CARS3A_W27,RELIG,Hindu,[0.61347535 0.22044601 0.04533759 0.12074105],0.0
256,CARS3A_W27,RELIG,Jewish,[0.29597773 0.26256949 0.28422621 0.15722657],0.02174605880134122
257,CARS3A_W27,RELIG,Mormon,[0.08739768 0.3185513  0.51400205 0.08004898],0.0
258,CARS3A_W27,RELIG,Muslim,[0.35542385 0.16226442 0.21075713 0.27155461],0.0
259,CARS3A_W27,RELIG,Nothing in particular,[0.09159339 0.29817888 0.4093319  0.20089583],0.00031363855441303434
260,CARS3A_W27,RELIG,Orthodox,[0.03119024 0.34936151 0.59186727 0.02758097],0.0
261,CARS3A_W27,RELIG,Other,[0.07678063 0.33316985 0.26703158 0.32301793],0.0
262,CARS3A_W27,RELIG,Protestant,[0.07097617 0.25229682 0.39849843 0.27822858],0.000725620111282144
263,CARS3A_W27,RELIG,Roman Catholic,[0.09347307 0.29904279 0.41076262 0.19672153],0.0003286734021844062
264,WORK4B_W27,RELIG,Agnostic,[0.5795052  0.05301157 0.36748323],0.0
265,WORK4B_W27,RELIG,Atheist,[0.66066131 0.05045124 0.28888745],0.0
266,WORK4B_W27,RELIG,Buddhist,[0.61973437 0.28151015 0.09875547],0.0
267,WORK4B_W27,RELIG,Hindu,[0.55548565 0.05246421 0.39205014],0.0
268,WORK4B_W27,RELIG,Jewish,[0.62156065 0.12584296 0.25259639],0.0
269,WORK4B_W27,RELIG,Mormon,[0.42528127 0.15597045 0.41874828],0.0
270,WORK4B_W27,RELIG,Muslim,[0.76930825 0.14505093 0.08564081],0.0
271,WORK4B_W27,RELIG,Nothing in particular,[0.55913677 0.10829735 0.33256589],0.0030399042688266835
272,WORK4B_W27,RELIG,Orthodox,[0.28820862 0.33631314 0.37547824],0.0
273,WORK4B_W27,RELIG,Other,[0.60212823 0.07937238 0.31849938],0.0
274,WORK4B_W27,RELIG,Protestant,[0.47471908 0.15200899 0.37327193],0.008912638638352855
275,WORK4B_W27,RELIG,Roman Catholic,[0.55612151 0.12144602 0.32243247],0.0010520648123164334
276,CARS9B_W27,RELIG,Agnostic,[0.20158453 0.32072927 0.44407253 0.03361368],0.000796955945925264
277,CARS9B_W27,RELIG,Atheist,[0.15344398 0.25631834 0.44522373 0.14501395],0.0010296638917204782
278,CARS9B_W27,RELIG,Buddhist,[0.18088417 0.56671785 0.17431298 0.078085  ],0.0
279,CARS9B_W27,RELIG,Hindu,[0.45295199 0.18200579 0.18819213 0.1768501 ],0.0
280,CARS9B_W27,RELIG,Jewish,[0.1632819  0.37940365 0.3322228  0.12509165],0.004745142384828643
281,CARS9B_W27,RELIG,Mormon,[0.19558111 0.40953533 0.34981871 0.04506485],0.022636757277587613
282,CARS9B_W27,RELIG,Muslim,[0.40586912 0.22970608 0.09314512 0.27127968],0.0
283,CARS9B_W27,RELIG,Nothing in particular,[0.32450999 0.34468689 0.23998757 0.09081555],0.00351842045866678
284,CARS9B_W27,RELIG,Orthodox,[0.2487392  0.44325167 0.28300286 0.02500628],0.0
285,CARS9B_W27,RELIG,Other,[0.31075188 0.28322545 0.34840012 0.05762255],0.006285646758518807
286,CARS9B_W27,RELIG,Protestant,[0.41797499 0.33587597 0.18766539 0.05848365],0.003940268262575314
287,CARS9B_W27,RELIG,Roman Catholic,[0.327217   0.40150707 0.23534879 0.03592713],0.004550233034253931
288,ROBJOB5C_W27,RELIG,Agnostic,[0.16495138 0.57566132 0.20930975 0.05007756],0.0
289,ROBJOB5C_W27,RELIG,Atheist,[0.22229146 0.4878924  0.22698881 0.06282732],0.0007350926381226811
290,ROBJOB5C_W27,RELIG,Buddhist,[0.31073546 0.44906547 0.23207114 0.00812794],0.008979402211323194
291,ROBJOB5C_W27,RELIG,Hindu,[0.33872079 0.23324696 0.19743178 0.23060047],0.0
292,ROBJOB5C_W27,RELIG,Jewish,[0.17491518 0.49587103 0.24225574 0.08695806],0.011796347414654202
293,ROBJOB5C_W27,RELIG,Mormon,[0.08173413 0.50348498 0.38584357 0.02893732],0.0
294,ROBJOB5C_W27,RELIG,Muslim,[0.40694004 0.19579543 0.29413626 0.10312827],0.0
295,ROBJOB5C_W27,RELIG,Nothing in particular,[0.22019908 0.34541643 0.25421638 0.18016811],0.013934090141343978
296,ROBJOB5C_W27,RELIG,Orthodox,[0.08925533 0.19958008 0.66748965 0.04367494],0.0030840790771664607
297,ROBJOB5C_W27,RELIG,Other,[0.16064969 0.39910516 0.11877593 0.32146922],0.027310660831310146
298,ROBJOB5C_W27,RELIG,Protestant,[0.21436644 0.4061459  0.2574513  0.12203636],0.0058516288728038745
299,ROBJOB5C_W27,RELIG,Roman Catholic,[0.22099296 0.40889178 0.22653443 0.14358084],0.008992490991148424
300,HIRING1_W27,RELIG,Agnostic,[0.09275545 0.26512836 0.64211619],0.0011978593457272523
301,HIRING1_W27,RELIG,Atheist,[0.13867269 0.38900593 0.47232138],0.0
302,HIRING1_W27,RELIG,Buddhist,[0.14792565 0.28764253 0.56443182],0.0
303,HIRING1_W27,RELIG,Hindu,[0.13524774 0.12062234 0.74412992],0.0
304,HIRING1_W27,RELIG,Jewish,[0.09934886 0.52020504 0.3804461 ],0.0
305,HIRING1_W27,RELIG,Mormon,[0.31638218 0.34767577 0.33594205],0.0
306,HIRING1_W27,RELIG,Muslim,[0.43638829 0.16121595 0.40239576],0.0
307,HIRING1_W27,RELIG,Nothing in particular,[0.06454251 0.31039529 0.6250622 ],0.0007452937047576478
308,HIRING1_W27,RELIG,Orthodox,[0.31635704 0.18212271 0.50152025],0.0
309,HIRING1_W27,RELIG,Other,[0.04964517 0.29964601 0.65070882],0.06932216838211405
310,HIRING1_W27,RELIG,Protestant,[0.07280076 0.3411873  0.58601194],0.0015896699876743366
311,HIRING1_W27,RELIG,Roman Catholic,[0.05636492 0.3877387  0.55589638],0.0008366272275130075
312,CARS7A_W27,RELIG,Agnostic,[0.18193336 0.49399255 0.27511385 0.04896024],0.0
313,CARS7A_W27,RELIG,Atheist,[0.32757213 0.39647702 0.21811297 0.05783789],0.0
314,CARS7A_W27,RELIG,Buddhist,[0.11179248 0.72954279 0.08620727 0.07245745],0.0
315,CARS7A_W27,RELIG,Hindu,[0.58624639 0.185186   0.2079821  0.02058551],0.0
316,CARS7A_W27,RELIG,Jewish,[0.1998319  0.35746387 0.2700017  0.17270253],0.0
317,CARS7A_W27,RELIG,Mormon,[0.14110903 0.47411279 0.29439151 0.09038667],0.0
318,CARS7A_W27,RELIG,Muslim,[0.37065045 0.13706799 0.20199304 0.29028852],0.0
319,CARS7A_W27,RELIG,Nothing in particular,[0.08359768 0.40942027 0.34399148 0.16299057],0.00025767274059636144
320,CARS7A_W27,RELIG,Orthodox,[0.09601567 0.35864408 0.53331728 0.01202297],0.0
321,CARS7A_W27,RELIG,Other,[0.16339212 0.41525491 0.10335463 0.31799834],0.0
322,CARS7A_W27,RELIG,Protestant,[0.07040966 0.31346913 0.40326896 0.21285225],0.005245185839754541
323,CARS7A_W27,RELIG,Roman Catholic,[0.08808348 0.41121878 0.35781354 0.14288419],0.0012478820703255118
324,CAREREL_W27,RELIG,Agnostic,[0.32505769 0.40044731 0.1447593  0.08441522 0.04532048],0.004772963461087963
325,CAREREL_W27,RELIG,Atheist,[0.3024551  0.35105889 0.15456421 0.10325015 0.08867164],0.0005608239145460252
326,CAREREL_W27,RELIG,Buddhist,[0.39889991 0.29895017 0.09740172 0.0531488  0.15159941],0.008054956181146633
327,CAREREL_W27,RELIG,Hindu,[0.74432083 0.08076317 0.03752035 0.12806013 0.00933553],0.10015554437383578
328,CAREREL_W27,RELIG,Jewish,[0.35571592 0.32571977 0.1197417  0.07056053 0.12826209],0.0
329,CAREREL_W27,RELIG,Mormon,[0.41499526 0.38230053 0.12853235 0.02770888 0.04646298],0.004928074717460756
330,CAREREL_W27,RELIG,Muslim,[0.75544282 0.03844222 0.04997738 0.11664859 0.03948899],0.0
331,CAREREL_W27,RELIG,Nothing in particular,[0.43397999 0.27846231 0.10788816 0.08343921 0.09623033],0.0011148615577751173
332,CAREREL_W27,RELIG,Orthodox,[0.28704425 0.48188712 0.06192792 0.01769617 0.15144454],0.0
333,CAREREL_W27,RELIG,Other,[0.41845907 0.17129089 0.15975336 0.1776689  0.07282777],0.0
334,CAREREL_W27,RELIG,Protestant,[0.40179922 0.26566738 0.11704413 0.12792433 0.08756493],0.0021810166222807075
335,CAREREL_W27,RELIG,Roman Catholic,[0.40322458 0.25932164 0.1303632  0.10317688 0.1039137 ],0.001601363336625113
336,PREDICTC_W27,RELIG,Agnostic,[0.14240734 0.57923825 0.25840565 0.01994875],0.0
337,PREDICTC_W27,RELIG,Atheist,[0.20386009 0.46224756 0.32425371 0.00963864],0.003169212629977569
338,PREDICTC_W27,RELIG,Buddhist,[0.13032674 0.57787265 0.28484034 0.00696026],0.0
339,PREDICTC_W27,RELIG,Hindu,[0.40085581 0.23833868 0.23243198 0.12837353],0.0
340,PREDICTC_W27,RELIG,Jewish,[0.12784929 0.45250295 0.32190177 0.09774598],0.0019059706319526878
341,PREDICTC_W27,RELIG,Mormon,[0.04702108 0.3371563  0.50025431 0.11556831],0.0
342,PREDICTC_W27,RELIG,Muslim,[0.10311191 0.74566282 0.15122528 0.        ],0.0
343,PREDICTC_W27,RELIG,Nothing in particular,[0.1176742  0.52542792 0.31693797 0.0399599 ],0.0
344,PREDICTC_W27,RELIG,Orthodox,[0.09593873 0.64923166 0.16141017 0.09341944],0.0
345,PREDICTC_W27,RELIG,Other,[0.11220779 0.57901058 0.29792999 0.01085164],0.0
346,PREDICTC_W27,RELIG,Protestant,[0.09507258 0.55043005 0.3179678  0.03652957],0.003498920497985432
347,PREDICTC_W27,RELIG,Roman Catholic,[0.12780911 0.53186433 0.29557277 0.04475379],0.0031516985708496034
348,CARS10C_W27,RELIG,Agnostic,[0.46938073 0.53061927],0.0
349,CARS10C_W27,RELIG,Atheist,[0.53146759 0.46853241],0.004633062115131171
350,CARS10C_W27,RELIG,Buddhist,[0.49812122 0.50187878],0.008979402211323194
351,CARS10C_W27,RELIG,Hindu,[0.52598229 0.47401771],0.0
352,CARS10C_W27,RELIG,Jewish,[0.42795508 0.57204492],0.01770196641767122
353,CARS10C_W27,RELIG,Mormon,[0.40253758 0.59746242],0.003126902618810594
354,CARS10C_W27,RELIG,Muslim,[0.63053061 0.36946939],0.0
355,CARS10C_W27,RELIG,Nothing in particular,[0.49057535 0.50942465],0.001522642546044916
356,CARS10C_W27,RELIG,Orthodox,[0.51702642 0.48297358],0.0
357,CARS10C_W27,RELIG,Other,[0.27132196 0.72867804],0.0
358,CARS10C_W27,RELIG,Protestant,[0.38223378 0.61776622],0.010251886039131831
359,CARS10C_W27,RELIG,Roman Catholic,[0.47421718 0.52578282],0.0006539915079325973
360,DRONE4C_W27,RELIG,Agnostic,[0.36578601 0.36978498 0.26442901],0.0
361,DRONE4C_W27,RELIG,Atheist,[0.4366519  0.18127983 0.38206828],0.0
362,DRONE4C_W27,RELIG,Buddhist,[0.23095639 0.20299354 0.56605006],0.0
363,DRONE4C_W27,RELIG,Hindu,[0.62272651 0.2334579  0.14381558],0.0
364,DRONE4C_W27,RELIG,Jewish,[0.57267699 0.19007486 0.23724815],0.0
365,DRONE4C_W27,RELIG,Mormon,[0.27470696 0.2038647  0.52142834],0.0
366,DRONE4C_W27,RELIG,Muslim,[0.75450276 0.15805756 0.08743968],0.0
367,DRONE4C_W27,RELIG,Nothing in particular,[0.37561301 0.33901876 0.28536823],0.001001078533389235
368,DRONE4C_W27,RELIG,Orthodox,[0.38847665 0.22544386 0.38607949],0.0
369,DRONE4C_W27,RELIG,Other,[0.39895302 0.33094669 0.27010029],0.05516908970442284
370,DRONE4C_W27,RELIG,Protestant,[0.31727393 0.34370258 0.33902349],0.01580636115969086
371,DRONE4C_W27,RELIG,Roman Catholic,[0.29836369 0.36443128 0.33720503],0.0
372,WORK3B_W27,RELIG,Agnostic,[0.783562   0.0012176  0.21522039],0.0
373,WORK3B_W27,RELIG,Atheist,[0.75230573 0.02013766 0.22755661],0.0
374,WORK3B_W27,RELIG,Buddhist,[0.91091711 0.07754368 0.01153921],0.0
375,WORK3B_W27,RELIG,Hindu,[0.71556001 0.18240328 0.10203672],0.0
376,WORK3B_W27,RELIG,Jewish,[0.89046978 0.04049208 0.06903814],0.018412340294660698
377,WORK3B_W27,RELIG,Mormon,[0.77432676 0.         0.22567324],0.0
378,WORK3B_W27,RELIG,Muslim,[0.83519598 0.06432129 0.10048273],0.0
379,WORK3B_W27,RELIG,Nothing in particular,[0.73043035 0.03839905 0.2311706 ],0.0
380,WORK3B_W27,RELIG,Orthodox,[0.41942505 0.28332039 0.29725456],0.0
381,WORK3B_W27,RELIG,Other,[0.88927037 0.05272356 0.05800607],0.0
382,WORK3B_W27,RELIG,Protestant,[0.66486089 0.06225492 0.27288419],0.0028906027828564536
383,WORK3B_W27,RELIG,Roman Catholic,[0.6698589  0.03526611 0.29487499],0.023303985485759664
384,CAREGIV3B_W27,RELIG,Agnostic,[0.03598147 0.37548571 0.46643292 0.1220999 ],0.0
385,CAREGIV3B_W27,RELIG,Atheist,[0.06832356 0.33368672 0.42978845 0.16820128],0.0
386,CAREGIV3B_W27,RELIG,Buddhist,[0.         0.30344843 0.61974188 0.0768097 ],0.0
387,CAREGIV3B_W27,RELIG,Hindu,[0.25258169 0.3081273  0.28752401 0.151767  ],0.0
388,CAREGIV3B_W27,RELIG,Jewish,[0.07829075 0.2517821  0.41749604 0.25243111],0.021473453059069766
389,CAREGIV3B_W27,RELIG,Mormon,[0.11167943 0.11859262 0.64944062 0.12028733],0.0
390,CAREGIV3B_W27,RELIG,Muslim,[0.42820641 0.39785703 0.11211556 0.061821  ],0.0
391,CAREGIV3B_W27,RELIG,Nothing in particular,[0.11467469 0.37992442 0.4405256  0.06487529],0.012977747112140609
392,CAREGIV3B_W27,RELIG,Orthodox,[0.0794777  0.49835912 0.40547553 0.01668765],0.0
393,CAREGIV3B_W27,RELIG,Other,[0.33784629 0.32429043 0.21031664 0.12754664],0.0
394,CAREGIV3B_W27,RELIG,Protestant,[0.16065177 0.33380708 0.41518546 0.09035569],0.0006814399823543212
395,CAREGIV3B_W27,RELIG,Roman Catholic,[0.1557717  0.30805496 0.44639105 0.08978229],0.0013488191694306527
396,WORK3F_W27,RELIG,Agnostic,[0.4727403  0.08610726 0.44115244],0.0
397,WORK3F_W27,RELIG,Atheist,[0.52801689 0.05641013 0.41557298],0.0
398,WORK3F_W27,RELIG,Buddhist,[0.56851411 0.27823786 0.15324804],0.0
399,WORK3F_W27,RELIG,Hindu,[0.72693456 0.16752496 0.10554048],0.0
400,WORK3F_W27,RELIG,Jewish,[0.54074828 0.16953759 0.28971413],0.0019881188683657973
401,WORK3F_W27,RELIG,Mormon,[0.38476871 0.00426961 0.61096168],0.004324949746223408
402,WORK3F_W27,RELIG,Muslim,[0.78735761 0.09175497 0.12088743],0.0
403,WORK3F_W27,RELIG,Nothing in particular,[0.45723942 0.15843509 0.38432549],0.00041024277352980445
404,WORK3F_W27,RELIG,Orthodox,[0.18138566 0.34546446 0.47314988],0.0
405,WORK3F_W27,RELIG,Other,[0.39511793 0.04871866 0.55616341],0.0
406,WORK3F_W27,RELIG,Protestant,[0.48044726 0.10532054 0.4142322 ],0.005123094667844912
407,WORK3F_W27,RELIG,Roman Catholic,[0.49075901 0.13918914 0.37005185],0.00032960482267267965
408,PREDICTD_W27,RELIG,Agnostic,[0.07273019 0.2994483  0.58243439 0.04538712],0.0
409,PREDICTD_W27,RELIG,Atheist,[0.04760693 0.23660429 0.67934744 0.03644134],0.0005065751216716916
410,PREDICTD_W27,RELIG,Buddhist,[0.08023628 0.5149939  0.39337128 0.01139854],0.0
411,PREDICTD_W27,RELIG,Hindu,[0.28881462 0.46571626 0.11216389 0.13330522],0.0
412,PREDICTD_W27,RELIG,Jewish,[0.01943975 0.43978927 0.41461342 0.12615755],0.014168181923829883
413,PREDICTD_W27,RELIG,Mormon,[0.0334725  0.28649492 0.65026388 0.02976871],0.006175570115680433
414,PREDICTD_W27,RELIG,Muslim,[0.06268932 0.72822774 0.20908295 0.        ],0.0
415,PREDICTD_W27,RELIG,Nothing in particular,[0.06417565 0.41930409 0.44904565 0.06747461],0.0011703644094667798
416,PREDICTD_W27,RELIG,Orthodox,[0.00405781 0.57098082 0.39132497 0.0336364 ],0.0
417,PREDICTD_W27,RELIG,Other,[0.16328782 0.31657029 0.39637579 0.1237661 ],0.0038931108737261725
418,PREDICTD_W27,RELIG,Protestant,[0.06785724 0.33775043 0.52224438 0.07214795],0.0036634687569335428
419,PREDICTD_W27,RELIG,Roman Catholic,[0.06174056 0.3987336  0.46868606 0.07083978],0.0034380865501285754
420,WORK2_W27,RELIG,Agnostic,[0.22316571 0.36436653 0.41246776],0.002731708924709566
421,WORK2_W27,RELIG,Atheist,[0.39527687 0.27257897 0.33214416],0.018841620211174442
422,WORK2_W27,RELIG,Buddhist,[0.27380303 0.32596916 0.40022781],0.008979402211323192
423,WORK2_W27,RELIG,Hindu,[0.4956648  0.33196882 0.17236639],0.0
424,WORK2_W27,RELIG,Jewish,[0.17738918 0.43876056 0.38385025],0.0
425,WORK2_W27,RELIG,Mormon,[0.06283725 0.82441098 0.11275176],0.005995723751302268
426,WORK2_W27,RELIG,Muslim,[0.42001882 0.29732343 0.28265775],0.0
427,WORK2_W27,RELIG,Nothing in particular,[0.17891594 0.4424182  0.37866585],0.0031039935656161748
428,WORK2_W27,RELIG,Orthodox,[0.06338893 0.75272521 0.18388587],0.0
429,WORK2_W27,RELIG,Other,[0.44027006 0.32402731 0.23570263],0.0
430,WORK2_W27,RELIG,Protestant,[0.12372658 0.59770217 0.27857125],0.001596536200269857
431,WORK2_W27,RELIG,Roman Catholic,[0.2084993  0.50275161 0.28874909],0.0029106965940318367
432,HIRING6A_W27,RELIG,Agnostic,[0.38889654 0.29881882 0.31228464],0.001032381422283347
433,HIRING6A_W27,RELIG,Atheist,[0.37115335 0.31235384 0.31649282],0.014868056011824305
434,HIRING6A_W27,RELIG,Buddhist,[0.2585632 0.521248  0.2201888],0.0
435,HIRING6A_W27,RELIG,Hindu,[0.44108061 0.29135063 0.26756876],0.0
436,HIRING6A_W27,RELIG,Jewish,[0.20482426 0.43806479 0.35711094],0.002233366671021747
437,HIRING6A_W27,RELIG,Mormon,[0.25119647 0.27129181 0.47751172],0.0
438,HIRING6A_W27,RELIG,Muslim,[0.32990591 0.32960103 0.34049306],0.0
439,HIRING6A_W27,RELIG,Nothing in particular,[0.21606544 0.42965149 0.35428307],0.0
440,HIRING6A_W27,RELIG,Orthodox,[0.20420374 0.72945159 0.06634467],0.0
441,HIRING6A_W27,RELIG,Other,[0.20681231 0.48241999 0.31076771],0.059069218120948494
442,HIRING6A_W27,RELIG,Protestant,[0.21079307 0.45991284 0.3292941 ],0.012266362249414109
443,HIRING6A_W27,RELIG,Roman Catholic,[0.27109046 0.39343481 0.33547473],0.007537649291740897
444,CARS9C_W27,RELIG,Agnostic,[0.30642048 0.53006388 0.1453307  0.01818494],0.000796955945925264
445,CARS9C_W27,RELIG,Atheist,[0.30490779 0.43505953 0.21987995 0.04015273],0.0
446,CARS9C_W27,RELIG,Buddhist,[0.52546607 0.41771551 0.05681842 0.        ],0.0
447,CARS9C_W27,RELIG,Hindu,[0.44940982 0.35932749 0.09110715 0.10015554],0.0
448,CARS9C_W27,RELIG,Jewish,[0.40513112 0.37224594 0.09810919 0.12451374],0.015254401743377886
449,CARS9C_W27,RELIG,Mormon,[0.43230205 0.4080416  0.14633037 0.01332598],0.022636757277587613
450,CARS9C_W27,RELIG,Muslim,[0.51140343 0.31097915 0.09696174 0.08065568],0.0
451,CARS9C_W27,RELIG,Nothing in particular,[0.56912155 0.29575198 0.09289406 0.04223241],0.009638968036700035
452,CARS9C_W27,RELIG,Orthodox,[0.49173622 0.43461837 0.07364541 0.        ],0.0
453,CARS9C_W27,RELIG,Other,[0.47661289 0.29012004 0.18505234 0.04821473],0.0023925358847926357
454,CARS9C_W27,RELIG,Protestant,[0.60492431 0.29041553 0.07761967 0.02704049],0.00090633451454283
455,CARS9C_W27,RELIG,Roman Catholic,[0.51887088 0.38299276 0.08158563 0.01655073],0.0009680350968090228
456,HIRING6B_W27,RELIG,Agnostic,[0.15125704 0.62224773 0.22649523],0.0
457,HIRING6B_W27,RELIG,Atheist,[0.17921935 0.62899786 0.19178279],0.014868056011824305
458,HIRING6B_W27,RELIG,Buddhist,[0.28019959 0.53484739 0.18495302],0.0
459,HIRING6B_W27,RELIG,Hindu,[0.1262447  0.52906378 0.34469152],0.0
460,HIRING6B_W27,RELIG,Jewish,[0.1137606  0.76171159 0.12452781],0.0
461,HIRING6B_W27,RELIG,Mormon,[0.29173073 0.54929762 0.15897165],0.0
462,HIRING6B_W27,RELIG,Muslim,[0.01996279 0.50445488 0.47558233],0.0
463,HIRING6B_W27,RELIG,Nothing in particular,[0.1050369  0.58154433 0.31341877],0.0013199731481880678
464,HIRING6B_W27,RELIG,Orthodox,[0.02239511 0.82136741 0.15623749],0.0
465,HIRING6B_W27,RELIG,Other,[0.30949586 0.5002688  0.19023534],0.05906921812094851
466,HIRING6B_W27,RELIG,Protestant,[0.10527316 0.60033441 0.29439242],0.011825977164465163
467,HIRING6B_W27,RELIG,Roman Catholic,[0.11503875 0.6046919  0.28026935],0.0
468,ROBJOB3B_W27,RELIG,Agnostic,[0.19991623 0.48529357 0.28075085 0.03403935],0.0
469,ROBJOB3B_W27,RELIG,Atheist,[0.12662388 0.54335864 0.2975984  0.03241907],0.0
470,ROBJOB3B_W27,RELIG,Buddhist,[0.14530513 0.51549108 0.32084499 0.0183588 ],0.0
471,ROBJOB3B_W27,RELIG,Hindu,[0.19875885 0.52769545 0.2735457  0.        ],0.0
472,ROBJOB3B_W27,RELIG,Jewish,[0.11914022 0.456724   0.3050521  0.11908368],0.0
473,ROBJOB3B_W27,RELIG,Mormon,[0.12215106 0.43388461 0.43537447 0.00858985],0.0
474,ROBJOB3B_W27,RELIG,Muslim,[0.4109948  0.25881471 0.29651885 0.03367165],0.0
475,ROBJOB3B_W27,RELIG,Nothing in particular,[0.28148359 0.44354225 0.22533521 0.04963895],0.0002576727405963614
476,ROBJOB3B_W27,RELIG,Orthodox,[0.36901411 0.45153413 0.17945176 0.        ],0.01949516670112009
477,ROBJOB3B_W27,RELIG,Other,[0.24482102 0.54977313 0.13882243 0.06658342],0.019860365190944126
478,ROBJOB3B_W27,RELIG,Protestant,[0.25090455 0.47969379 0.21953061 0.04987104],0.0031936500187769016
479,ROBJOB3B_W27,RELIG,Roman Catholic,[0.26541295 0.49263072 0.20928183 0.0326745 ],0.002231989479523634
480,DRONE2_W27,RELIG,Agnostic,[0.6808462 0.3191538],0.001254255063016024
481,DRONE2_W27,RELIG,Atheist,[0.83804482 0.16195518],0.0
482,DRONE2_W27,RELIG,Buddhist,[0.46874316 0.53125684],0.0
483,DRONE2_W27,RELIG,Hindu,[0.7043967 0.2956033],0.0
484,DRONE2_W27,RELIG,Jewish,[0.59326887 0.40673113],0.0
485,DRONE2_W27,RELIG,Mormon,[0.53805889 0.46194111],0.0
486,DRONE2_W27,RELIG,Muslim,[0.85216751 0.14783249],0.0
487,DRONE2_W27,RELIG,Nothing in particular,[0.57635894 0.42364106],0.0
488,DRONE2_W27,RELIG,Orthodox,[0.89715583 0.10284417],0.0
489,DRONE2_W27,RELIG,Other,[0.84694772 0.15305228],0.05516908970442284
490,DRONE2_W27,RELIG,Protestant,[0.53558044 0.46441956],0.00881303730619322
491,DRONE2_W27,RELIG,Roman Catholic,[0.58607455 0.41392545],0.0
492,WORK3E_W27,RELIG,Agnostic,[0.67268073 0.09140594 0.23591333],0.0
493,WORK3E_W27,RELIG,Atheist,[0.8081023  0.07805611 0.11384159],0.0
494,WORK3E_W27,RELIG,Buddhist,[0.95654123 0.03947445 0.00398432],0.0
495,WORK3E_W27,RELIG,Hindu,[0.74671644 0.01394835 0.23933521],0.0
496,WORK3E_W27,RELIG,Jewish,[0.79295657 0.12939094 0.07765249],0.02056278436897022
497,WORK3E_W27,RELIG,Mormon,[0.56704233 0.19580491 0.23715276],0.0
498,WORK3E_W27,RELIG,Muslim,[0.81364541 0.06202248 0.12433211],0.0
499,WORK3E_W27,RELIG,Nothing in particular,[0.71245258 0.13343223 0.15411519],0.0
500,WORK3E_W27,RELIG,Orthodox,[0.60286913 0.02763342 0.36949745],0.01303512143433585
501,WORK3E_W27,RELIG,Other,[0.81148794 0.1303164  0.05819566],0.0
502,WORK3E_W27,RELIG,Protestant,[0.61349784 0.14408074 0.24242142],0.0012078127222926963
503,WORK3E_W27,RELIG,Roman Catholic,[0.69639125 0.10161349 0.20199526],0.0
504,CAREGIV6A_W27,RELIG,Agnostic,[0.82137961 0.17862039],0.0
505,CAREGIV6A_W27,RELIG,Atheist,[0.83460941 0.16539059],0.00622897736465972
506,CAREGIV6A_W27,RELIG,Buddhist,[1. 0.],0.0
507,CAREGIV6A_W27,RELIG,Hindu,[0.83559668 0.16440332],0.0
508,CAREGIV6A_W27,RELIG,Jewish,[0.68535545 0.31464455],0.02147345305906977
509,CAREGIV6A_W27,RELIG,Mormon,[0.63582757 0.36417243],0.008436115817735007
510,CAREGIV6A_W27,RELIG,Muslim,[0.83925539 0.16074461],0.0
511,CAREGIV6A_W27,RELIG,Nothing in particular,[0.6414932 0.3585068],0.018722504774980834
512,CAREGIV6A_W27,RELIG,Orthodox,[0.8180519 0.1819481],0.0
513,CAREGIV6A_W27,RELIG,Other,[0.58455012 0.41544988],0.011483044014307778
514,CAREGIV6A_W27,RELIG,Protestant,[0.69257708 0.30742292],0.003501635695902795
515,CAREGIV6A_W27,RELIG,Roman Catholic,[0.69938499 0.30061501],0.0
516,CAREGIV6C_W27,RELIG,Agnostic,[0.66325157 0.33674843],0.0
517,CAREGIV6C_W27,RELIG,Atheist,[0.62437881 0.37562119],0.002060960321632256
518,CAREGIV6C_W27,RELIG,Buddhist,[0.51672984 0.48327016],0.0
519,CAREGIV6C_W27,RELIG,Hindu,[0.44889244 0.55110756],0.0
520,CAREGIV6C_W27,RELIG,Jewish,[0.40960423 0.59039577],0.003969346718558494
521,CAREGIV6C_W27,RELIG,Mormon,[0.40111909 0.59888091],0.0
522,CAREGIV6C_W27,RELIG,Muslim,[0.3242864 0.6757136],0.0
523,CAREGIV6C_W27,RELIG,Nothing in particular,[0.63165595 0.36834405],0.018722504774980834
524,CAREGIV6C_W27,RELIG,Orthodox,[0.79951314 0.20048686],0.0
525,CAREGIV6C_W27,RELIG,Other,[0.44681299 0.55318701],0.034908187036385235
526,CAREGIV6C_W27,RELIG,Protestant,[0.53978561 0.46021439],0.0020587959825951415
527,CAREGIV6C_W27,RELIG,Roman Catholic,[0.55637599 0.44362401],0.016984264525545006
528,DRONE4D_W27,RELIG,Agnostic,[0.53342542 0.2533725  0.21320209],0.0
529,DRONE4D_W27,RELIG,Atheist,[0.59494479 0.10193669 0.30311852],0.0
530,DRONE4D_W27,RELIG,Buddhist,[0.41982216 0.1689818  0.41119604],0.0
531,DRONE4D_W27,RELIG,Hindu,[0.54013148 0.19520174 0.26466678],0.0
532,DRONE4D_W27,RELIG,Jewish,[0.42040934 0.15846912 0.42112155],0.0
533,DRONE4D_W27,RELIG,Mormon,[0.469357   0.12174119 0.40890181],0.0
534,DRONE4D_W27,RELIG,Muslim,[0.57110482 0.36586801 0.06302716],0.0
535,DRONE4D_W27,RELIG,Nothing in particular,[0.48202332 0.25187833 0.26609834],0.0
536,DRONE4D_W27,RELIG,Orthodox,[0.40115532 0.07722475 0.52161993],0.0
537,DRONE4D_W27,RELIG,Other,[0.45209007 0.3310548  0.21685512],0.05516908970442284
538,DRONE4D_W27,RELIG,Protestant,[0.3893558  0.29815317 0.31249103],0.020009307040358346
539,DRONE4D_W27,RELIG,Roman Catholic,[0.41772101 0.20573952 0.37653947],0.0058787217710151735
540,VOICE3_W27,RELIG,Agnostic,[0.25105507 0.74894493],0.0
541,VOICE3_W27,RELIG,Atheist,[0.25773044 0.74226956],0.0
542,VOICE3_W27,RELIG,Buddhist,[0. 1.],0.0
543,VOICE3_W27,RELIG,Hindu,[0.76862325 0.23137675],0.0
544,VOICE3_W27,RELIG,Jewish,[0.16676916 0.83323084],0.0
545,VOICE3_W27,RELIG,Mormon,[0.10779544 0.89220456],0.0
546,VOICE3_W27,RELIG,Muslim,[0.46797699 0.53202301],0.0
547,VOICE3_W27,RELIG,Nothing in particular,[0.21635602 0.78364398],0.0
548,VOICE3_W27,RELIG,Orthodox,[0.12626224 0.87373776],0.0
549,VOICE3_W27,RELIG,Other,[0.05928702 0.94071298],0.0
550,VOICE3_W27,RELIG,Protestant,[0.26525001 0.73474999],0.01602851613977278
551,VOICE3_W27,RELIG,Roman Catholic,[0.35755787 0.64244213],0.0017744982926504902
552,CARS10A_W27,RELIG,Agnostic,[0.86518344 0.13481656],0.000796955945925264
553,CARS10A_W27,RELIG,Atheist,[0.91481959 0.08518041],0.0023799234370364573
554,CARS10A_W27,RELIG,Buddhist,[0.91925277 0.08074723],0.0
555,CARS10A_W27,RELIG,Hindu,[0.97786356 0.02213644],0.07006234254461348
556,CARS10A_W27,RELIG,Jewish,[0.73969831 0.26030169],0.0
557,CARS10A_W27,RELIG,Mormon,[0.78654248 0.21345752],0.0
558,CARS10A_W27,RELIG,Muslim,[0.73772033 0.26227967],0.0
559,CARS10A_W27,RELIG,Nothing in particular,[0.76227576 0.23772424],0.0002576727405963614
560,CARS10A_W27,RELIG,Orthodox,[0.66071129 0.33928871],0.0
561,CARS10A_W27,RELIG,Other,[0.87626115 0.12373885],0.0
562,CARS10A_W27,RELIG,Protestant,[0.68251658 0.31748342],0.0027355349885084795
563,CARS10A_W27,RELIG,Roman Catholic,[0.76801608 0.23198392],0.0020448336291364905
564,CAREGIV6D_W27,RELIG,Agnostic,[0.62187274 0.37812726],0.0
565,CAREGIV6D_W27,RELIG,Atheist,[0.57889715 0.42110285],0.0
566,CAREGIV6D_W27,RELIG,Buddhist,[0.86260617 0.13739383],0.0
567,CAREGIV6D_W27,RELIG,Hindu,[0.82493256 0.17506744],0.0
568,CAREGIV6D_W27,RELIG,Jewish,[0.55176981 0.44823019],0.02147345305906977
569,CAREGIV6D_W27,RELIG,Mormon,[0.6641709 0.3358291],0.0
570,CAREGIV6D_W27,RELIG,Muslim,[0.69754572 0.30245428],0.0
571,CAREGIV6D_W27,RELIG,Nothing in particular,[0.56866434 0.43133566],0.03834969277390899
572,CAREGIV6D_W27,RELIG,Orthodox,[0.58302153 0.41697847],0.0
573,CAREGIV6D_W27,RELIG,Other,[0.66918719 0.33081281],0.034908187036385235
574,CAREGIV6D_W27,RELIG,Protestant,[0.68931119 0.31068881],0.0016421206335937915
575,CAREGIV6D_W27,RELIG,Roman Catholic,[0.65223843 0.34776157],0.008774892348998567
576,DRONE4A_W27,RELIG,Agnostic,[0.08457884 0.44436527 0.47105589],0.0
577,DRONE4A_W27,RELIG,Atheist,[0.14304628 0.34651453 0.51043919],0.007362774026840041
578,DRONE4A_W27,RELIG,Buddhist,[0.0030868  0.48975441 0.5071588 ],0.0
579,DRONE4A_W27,RELIG,Hindu,[0.04952668 0.76926409 0.18120923],0.0
580,DRONE4A_W27,RELIG,Jewish,[0.12271184 0.66162172 0.21566644],0.0
581,DRONE4A_W27,RELIG,Mormon,[0.08937972 0.35197592 0.55864436],0.0
582,DRONE4A_W27,RELIG,Muslim,[0.29791329 0.43088568 0.27120103],0.0
583,DRONE4A_W27,RELIG,Nothing in particular,[0.15406393 0.53381677 0.3121193 ],0.0
584,DRONE4A_W27,RELIG,Orthodox,[0.07836662 0.38400013 0.53763325],0.0
585,DRONE4A_W27,RELIG,Other,[0.20358083 0.52718391 0.26923527],0.05516908970442284
586,DRONE4A_W27,RELIG,Protestant,[0.09735884 0.59971882 0.30292234],0.011335708669336475
587,DRONE4A_W27,RELIG,Roman Catholic,[0.08335505 0.55021734 0.36642761],0.0
588,DRONE1_W27,RELIG,Agnostic,[0.16874536 0.83125464],0.0
589,DRONE1_W27,RELIG,Atheist,[0.23254037 0.76745963],0.0
590,DRONE1_W27,RELIG,Buddhist,[0. 1.],0.0
591,DRONE1_W27,RELIG,Hindu,[0.25634045 0.74365955],0.0
592,DRONE1_W27,RELIG,Jewish,[0.05858129 0.94141871],0.0
593,DRONE1_W27,RELIG,Mormon,[0.03376051 0.96623949],0.0
594,DRONE1_W27,RELIG,Muslim,[0.31594418 0.68405582],0.0
595,DRONE1_W27,RELIG,Nothing in particular,[0.06709956 0.93290044],0.00021884337490104243
596,DRONE1_W27,RELIG,Orthodox,[0.11685501 0.88314499],0.0
597,DRONE1_W27,RELIG,Other,[0.03242819 0.96757181],0.05516908970442282
598,DRONE1_W27,RELIG,Protestant,[0.06405824 0.93594176],0.009859220322411676
599,DRONE1_W27,RELIG,Roman Catholic,[0.0769158 0.9230842],0.0033656479760391265
600,CARS3B_W27,RELIG,Agnostic,[0.0419262  0.4243318  0.42706656 0.10667543],0.0
601,CARS3B_W27,RELIG,Atheist,[0.06937074 0.2698523  0.46158754 0.19918942],0.0
602,CARS3B_W27,RELIG,Buddhist,[0.06656765 0.29626689 0.54901718 0.08814829],0.0
603,CARS3B_W27,RELIG,Hindu,[0.24216047 0.25382488 0.34005443 0.16396022],0.0
604,CARS3B_W27,RELIG,Jewish,[0.06054822 0.40263733 0.34942207 0.18739238],0.0
605,CARS3B_W27,RELIG,Mormon,[0.05496351 0.45397907 0.40615545 0.08490197],0.0
606,CARS3B_W27,RELIG,Muslim,[0.33467189 0.28312689 0.05324933 0.32895189],0.0
607,CARS3B_W27,RELIG,Nothing in particular,[0.17278193 0.31878324 0.38262967 0.12580515],0.0
608,CARS3B_W27,RELIG,Orthodox,[0.07354763 0.52009842 0.3460947  0.06025925],0.0
609,CARS3B_W27,RELIG,Other,[0.16942774 0.36830405 0.34516226 0.11710595],0.0
610,CARS3B_W27,RELIG,Protestant,[0.15658882 0.4258069  0.31312979 0.10447449],0.0032750542288282392
611,CARS3B_W27,RELIG,Roman Catholic,[0.13678119 0.42547057 0.37048223 0.06726601],0.0002559331737208235
612,CAREGIV7_W27,RELIG,Agnostic,[0.43328961 0.20011958 0.36659081],0.0
613,CAREGIV7_W27,RELIG,Atheist,[0.60075912 0.12600809 0.27323279],0.0
614,CAREGIV7_W27,RELIG,Buddhist,[0.51672984 0.29665747 0.18661269],0.0
615,CAREGIV7_W27,RELIG,Hindu,[0.5965418  0.09748797 0.30597022],0.0
616,CAREGIV7_W27,RELIG,Jewish,[0.47082512 0.17548036 0.35369452],0.0
617,CAREGIV7_W27,RELIG,Mormon,[0.51478647 0.27130866 0.21390487],0.0
618,CAREGIV7_W27,RELIG,Muslim,[0.52909233 0.06322211 0.40768556],0.0
619,CAREGIV7_W27,RELIG,Nothing in particular,[0.41332441 0.21207346 0.37460213],0.018976891363134483
620,CAREGIV7_W27,RELIG,Orthodox,[0.56032977 0.21821643 0.2214538 ],0.0
621,CAREGIV7_W27,RELIG,Other,[0.4749185  0.14916778 0.37591373],0.0
622,CAREGIV7_W27,RELIG,Protestant,[0.49076485 0.18471858 0.32451657],0.003461134477427707
623,CAREGIV7_W27,RELIG,Roman Catholic,[0.50651598 0.24597164 0.24751238],0.0
624,PREDICTB_W27,RELIG,Agnostic,[0.08346639 0.52599609 0.38757562 0.00296189],0.0
625,PREDICTB_W27,RELIG,Atheist,[0.17028436 0.48973887 0.33502084 0.00495592],0.0039638172591971894
626,PREDICTB_W27,RELIG,Buddhist,[0.10414829 0.4834044  0.41244731 0.        ],0.0
627,PREDICTB_W27,RELIG,Hindu,[0.39027098 0.36446848 0.22467504 0.02058551],0.0
628,PREDICTB_W27,RELIG,Jewish,[0.05640409 0.46575174 0.37440749 0.10343668],0.0
629,PREDICTB_W27,RELIG,Mormon,[0.06871886 0.43460379 0.49667736 0.        ],0.0
630,PREDICTB_W27,RELIG,Muslim,[0.28169055 0.37023059 0.34807887 0.        ],0.0
631,PREDICTB_W27,RELIG,Nothing in particular,[0.13655356 0.47245068 0.37319801 0.01779774],0.0032098389770823486
632,PREDICTB_W27,RELIG,Orthodox,[0.28646454 0.5280369  0.09131758 0.09418097],0.008085807578942788
633,PREDICTB_W27,RELIG,Other,[0.17153004 0.49300904 0.32302157 0.01243935],0.0
634,PREDICTB_W27,RELIG,Protestant,[0.12533868 0.54019751 0.30874677 0.02571704],0.003690918225006715
635,PREDICTB_W27,RELIG,Roman Catholic,[0.14042318 0.55698878 0.26525197 0.03733607],0.00048446142013835764
636,INDUSTRY_W27,RELIG,Agnostic,"[0.07252382 0.08165818 0.06708319 0.12377781 0.12726815 0.10044174
 0.0136159  0.0677597  0.1007685  0.22523674 0.01986626]",0.003417573329677309
637,INDUSTRY_W27,RELIG,Atheist,"[0.05407396 0.06499134 0.09599098 0.07356225 0.14567955 0.0468239
 0.01236713 0.09247429 0.15611476 0.24038616 0.01753567]",0.0
638,INDUSTRY_W27,RELIG,Buddhist,"[0.10393954 0.23862589 0.03453619 0.         0.04100799 0.03077115
 0.         0.15442181 0.02459744 0.21537662 0.15672335]",0.0
639,INDUSTRY_W27,RELIG,Hindu,"[0.02616703 0.         0.         0.30631982 0.11310167 0.11369309
 0.         0.         0.38726435 0.         0.05345404]",0.0
640,INDUSTRY_W27,RELIG,Jewish,"[0.         0.06430051 0.06111227 0.16792131 0.21972748 0.15858783
 0.01756787 0.05749802 0.16875806 0.05475934 0.02976732]",0.0
641,INDUSTRY_W27,RELIG,Mormon,"[0.00845877 0.39223603 0.00504628 0.01912435 0.12965404 0.0320173
 0.01291894 0.09602    0.10844394 0.18593455 0.0101458 ]",0.0
642,INDUSTRY_W27,RELIG,Muslim,"[0.02042539 0.0736731  0.         0.01937741 0.07664431 0.11485808
 0.19846874 0.02673559 0.34237169 0.12744569 0.        ]",0.0
643,INDUSTRY_W27,RELIG,Nothing in particular,"[0.08474813 0.11078724 0.15450832 0.09402138 0.062905   0.11357318
 0.01452116 0.05018771 0.07435538 0.19011491 0.05027759]",0.0
644,INDUSTRY_W27,RELIG,Orthodox,"[0.27599457 0.0326531  0.13743217 0.12390499 0.08465999 0.11913255
 0.         0.03216744 0.02457887 0.1436193  0.02585702]",0.0
645,INDUSTRY_W27,RELIG,Other,"[0.06972322 0.0175409  0.20592196 0.21250364 0.06963854 0.00245759
 0.         0.03240461 0.16440377 0.14022535 0.08518042]",0.0
646,INDUSTRY_W27,RELIG,Protestant,"[0.07772834 0.13931832 0.09507618 0.08342026 0.07782347 0.06225383
 0.05389217 0.0762071  0.03852087 0.24474033 0.05101914]",0.0
647,INDUSTRY_W27,RELIG,Roman Catholic,"[0.06627453 0.13098282 0.12193543 0.10552943 0.08664282 0.05483589
 0.06329103 0.10201375 0.04349613 0.18950066 0.03549752]",0.0
648,CAREGIV6F_W27,RELIG,Agnostic,[0.33212832 0.66787168],0.0
649,CAREGIV6F_W27,RELIG,Atheist,[0.36852824 0.63147176],0.0025974051330555315
650,CAREGIV6F_W27,RELIG,Buddhist,[0.128286 0.871714],0.0
651,CAREGIV6F_W27,RELIG,Hindu,[0.70728762 0.29271238],0.0
652,CAREGIV6F_W27,RELIG,Jewish,[0.34119169 0.65880831],0.025067593082744952
653,CAREGIV6F_W27,RELIG,Mormon,[0.19532064 0.80467936],0.01057163856542891
654,CAREGIV6F_W27,RELIG,Muslim,[0.60345424 0.39654576],0.0
655,CAREGIV6F_W27,RELIG,Nothing in particular,[0.3858135 0.6141865],0.04232079749382149
656,CAREGIV6F_W27,RELIG,Orthodox,[0.52049221 0.47950779],0.0
657,CAREGIV6F_W27,RELIG,Other,[0.15726657 0.84273343],0.0768412692464726
658,CAREGIV6F_W27,RELIG,Protestant,[0.48306275 0.51693725],0.015522163536402303
659,CAREGIV6F_W27,RELIG,Roman Catholic,[0.49199235 0.50800765],0.01057959859717861
660,CARS10E_W27,RELIG,Agnostic,[0.34729927 0.65270073],0.0
661,CARS10E_W27,RELIG,Atheist,[0.47555813 0.52444187],0.0023799234370364573
662,CARS10E_W27,RELIG,Buddhist,[0.64573375 0.35426625],0.0
663,CARS10E_W27,RELIG,Hindu,[0.63000549 0.36999451],0.0
664,CARS10E_W27,RELIG,Jewish,[0.41562957 0.58437043],0.007505451979054622
665,CARS10E_W27,RELIG,Mormon,[0.20759446 0.79240554],0.0
666,CARS10E_W27,RELIG,Muslim,[0.41828511 0.58171489],0.0
667,CARS10E_W27,RELIG,Nothing in particular,[0.3216434 0.6783566],0.0034556315848428727
668,CARS10E_W27,RELIG,Orthodox,[0.07270028 0.92729972],0.0
669,CARS10E_W27,RELIG,Other,[0.19651842 0.80348158],0.0016744717309805112
670,CARS10E_W27,RELIG,Protestant,[0.21762254 0.78237746],0.004533114340872159
671,CARS10E_W27,RELIG,Roman Catholic,[0.26699354 0.73300646],0.0006935526436959247
672,ROBJOB8G_W27,RELIG,Agnostic,[0.19531272 0.41568916 0.33599603 0.05300208],0.0005768495571722798
673,ROBJOB8G_W27,RELIG,Atheist,[0.36617017 0.43080427 0.19004418 0.01298138],0.0
674,ROBJOB8G_W27,RELIG,Buddhist,[0.18130619 0.30627504 0.50476664 0.00765212],0.0
675,ROBJOB8G_W27,RELIG,Hindu,[0.43715406 0.28931654 0.09838305 0.17514636],0.0
676,ROBJOB8G_W27,RELIG,Jewish,[0.22748188 0.33347603 0.33773893 0.10130316],0.026882778841013664
677,ROBJOB8G_W27,RELIG,Mormon,[0.16045535 0.43322835 0.38828516 0.01803114],0.0
678,ROBJOB8G_W27,RELIG,Muslim,[0.43882714 0.45833259 0.06854001 0.03430025],0.0
679,ROBJOB8G_W27,RELIG,Nothing in particular,[0.28174887 0.37648957 0.26700111 0.07476045],0.00854731129604821
680,ROBJOB8G_W27,RELIG,Orthodox,[0.22216514 0.15559826 0.39645072 0.22578589],0.0
681,ROBJOB8G_W27,RELIG,Other,[0.19244654 0.62778544 0.16426004 0.01550798],0.019860365190944123
682,ROBJOB8G_W27,RELIG,Protestant,[0.17381803 0.42547916 0.31070983 0.08999298],0.001196881589302377
683,ROBJOB8G_W27,RELIG,Roman Catholic,[0.19160183 0.53148039 0.21900475 0.05791302],0.006726140419630861
684,ROBJOB2_W27,RELIG,Agnostic,[0.33656536 0.53965514 0.1166069  0.0071726 ],0.004596768108117947
685,ROBJOB2_W27,RELIG,Atheist,[0.32202776 0.57800194 0.07602551 0.02394478],0.005460882868831648
686,ROBJOB2_W27,RELIG,Buddhist,[0.20457624 0.68373542 0.05538122 0.05630712],0.0
687,ROBJOB2_W27,RELIG,Hindu,[0.3953474  0.57517203 0.00889507 0.02058551],0.0
688,ROBJOB2_W27,RELIG,Jewish,[0.18614243 0.56503724 0.16792231 0.08089802],0.0
689,ROBJOB2_W27,RELIG,Mormon,[0.13819873 0.67156826 0.18432228 0.00591073],0.003625931164884625
690,ROBJOB2_W27,RELIG,Muslim,[0.38166852 0.49929703 0.08747468 0.03155978],0.0
691,ROBJOB2_W27,RELIG,Nothing in particular,[0.220223   0.56716966 0.15866129 0.05394605],0.009702810301735684
692,ROBJOB2_W27,RELIG,Orthodox,[0.36256242 0.38649412 0.04285453 0.20808894],0.0
693,ROBJOB2_W27,RELIG,Other,[0.34111316 0.43780826 0.1241471  0.09693149],0.0
694,ROBJOB2_W27,RELIG,Protestant,[0.16045159 0.59344659 0.19305141 0.05305041],0.011203368606495585
695,ROBJOB2_W27,RELIG,Roman Catholic,[0.18501502 0.54755942 0.22264255 0.04478301],0.0005971529288584926
696,VOICE5B_W27,RELIG,Agnostic,[0.20047126 0.36169992 0.43782882],0.020842908054842308
697,VOICE5B_W27,RELIG,Atheist,[0.23170689 0.39918163 0.36911147],0.0017888266722308306
698,VOICE5B_W27,RELIG,Buddhist,[0.28182539 0.6200075  0.09816711],0.0
699,VOICE5B_W27,RELIG,Hindu,[0.60974781 0.07863646 0.31161574],0.0
700,VOICE5B_W27,RELIG,Jewish,[0.126842   0.55631298 0.31684503],0.0
701,VOICE5B_W27,RELIG,Mormon,[0.10305474 0.31395198 0.58299327],0.0
702,VOICE5B_W27,RELIG,Muslim,[0.62751156 0.37248844 0.        ],0.0
703,VOICE5B_W27,RELIG,Nothing in particular,[0.12898032 0.42114006 0.44987962],0.003922086649881276
704,VOICE5B_W27,RELIG,Orthodox,[0.27771878 0.         0.72228122],0.0
705,VOICE5B_W27,RELIG,Other,[0.49118887 0.34819976 0.16061136],0.0
706,VOICE5B_W27,RELIG,Protestant,[0.23351076 0.37481561 0.39167362],0.007468418999077634
707,VOICE5B_W27,RELIG,Roman Catholic,[0.22831924 0.37530484 0.39637592],0.0
708,CARS2_W27,RELIG,Agnostic,[0.27483879 0.07773223 0.64742898],0.0006485548721120982
709,CARS2_W27,RELIG,Atheist,[0.46894965 0.06996346 0.46108689],0.0013510154261727847
710,CARS2_W27,RELIG,Buddhist,[0.51955349 0.1967709  0.28367561],0.0
711,CARS2_W27,RELIG,Hindu,[0.67695773 0.00859239 0.31444988],0.00908202393608849
712,CARS2_W27,RELIG,Jewish,[0.42546407 0.07398318 0.50055275],0.0035047562415162262
713,CARS2_W27,RELIG,Mormon,[0.30035523 0.18876779 0.51087697],0.0
714,CARS2_W27,RELIG,Muslim,[0.38759472 0.39682119 0.21558409],0.0
715,CARS2_W27,RELIG,Nothing in particular,[0.20640711 0.0888929  0.70469999],0.0002826990966684561
716,CARS2_W27,RELIG,Orthodox,[0.06163217 0.02318744 0.91518039],0.0
717,CARS2_W27,RELIG,Other,[0.2164821  0.19954879 0.58396911],0.0017033928824048317
718,CARS2_W27,RELIG,Protestant,[0.18188369 0.123663   0.69445331],0.008211862414316396
719,CARS2_W27,RELIG,Roman Catholic,[0.17506007 0.13770669 0.68723324],0.005261348924137244
720,CARS4_W27,RELIG,Agnostic,[0.0477851  0.58456429 0.31749964 0.02764413 0.02250685],0.0027317089247095665
721,CARS4_W27,RELIG,Atheist,[0.06328024 0.74112579 0.13058757 0.02576558 0.03924082],0.0
722,CARS4_W27,RELIG,Buddhist,[0.06077232 0.77086881 0.03903609 0.01348227 0.11584051],0.0
723,CARS4_W27,RELIG,Hindu,[0.36736633 0.53247813 0.         0.         0.10015554],0.0
724,CARS4_W27,RELIG,Jewish,[0.17162898 0.48991502 0.22076661 0.01282191 0.10486749],0.0019059706319526882
725,CARS4_W27,RELIG,Mormon,[0.07924328 0.56874663 0.28349763 0.00664098 0.06187149],0.0
726,CARS4_W27,RELIG,Muslim,[0.34883362 0.28603914 0.10965809 0.04773454 0.20773461],0.0
727,CARS4_W27,RELIG,Nothing in particular,[0.08296455 0.53784027 0.24891818 0.05538274 0.07489426],0.0
728,CARS4_W27,RELIG,Orthodox,[0.07384582 0.75498196 0.05372751 0.02402526 0.09341944],0.0
729,CARS4_W27,RELIG,Other,[0.03995626 0.71287138 0.13183929 0.07401022 0.04132286],0.0
730,CARS4_W27,RELIG,Protestant,[0.08057696 0.54121123 0.23909306 0.0491433  0.08997545],0.00453423927227868
731,CARS4_W27,RELIG,Roman Catholic,[0.09257974 0.54744865 0.23020472 0.05132334 0.07844355],0.001052969055385043
732,CAREGIV4_W27,RELIG,Agnostic,[0.51946917 0.48053083],0.0
733,CAREGIV4_W27,RELIG,Atheist,[0.60303831 0.39696169],0.0008758947135809869
734,CAREGIV4_W27,RELIG,Buddhist,[0.65664153 0.34335847],0.0
735,CAREGIV4_W27,RELIG,Hindu,[0.5961821 0.4038179],0.0
736,CAREGIV4_W27,RELIG,Jewish,[0.49602353 0.50397647],0.0
737,CAREGIV4_W27,RELIG,Mormon,[0.39193461 0.60806539],0.0
738,CAREGIV4_W27,RELIG,Muslim,[0.21085957 0.78914043],0.0
739,CAREGIV4_W27,RELIG,Nothing in particular,[0.45614522 0.54385478],0.0
740,CAREGIV4_W27,RELIG,Orthodox,[0.33753169 0.66246831],0.0
741,CAREGIV4_W27,RELIG,Other,[0.38865864 0.61134136],0.006082898376571874
742,CAREGIV4_W27,RELIG,Protestant,[0.33902698 0.66097302],0.0025999697630325106
743,CAREGIV4_W27,RELIG,Roman Catholic,[0.43003337 0.56996663],0.014593324012402667
744,HIRING4_W27,RELIG,Agnostic,[0.35793127 0.64206873],0.0
745,HIRING4_W27,RELIG,Atheist,[0.30200081 0.69799919],0.0
746,HIRING4_W27,RELIG,Buddhist,[0.17706663 0.82293337],0.0
747,HIRING4_W27,RELIG,Hindu,[0.40885873 0.59114127],0.0
748,HIRING4_W27,RELIG,Jewish,[0.33291047 0.66708953],0.0026293226429980085
749,HIRING4_W27,RELIG,Mormon,[0.25770839 0.74229161],0.0
750,HIRING4_W27,RELIG,Muslim,[0.4521139 0.5478861],0.0
751,HIRING4_W27,RELIG,Nothing in particular,[0.1903687 0.8096313],0.005697499558500363
752,HIRING4_W27,RELIG,Orthodox,[0.33173216 0.66826784],0.0
753,HIRING4_W27,RELIG,Other,[0.22738141 0.77261859],0.05906921812094851
754,HIRING4_W27,RELIG,Protestant,[0.21196909 0.78803091],0.018230630382289698
755,HIRING4_W27,RELIG,Roman Catholic,[0.19239669 0.80760331],0.021961426780750276
756,HIRING3A_W27,RELIG,Agnostic,[0.02751375 0.2353162  0.50508071 0.23208933],0.0
757,HIRING3A_W27,RELIG,Atheist,[0.08105908 0.12343314 0.58808505 0.20742273],0.0
758,HIRING3A_W27,RELIG,Buddhist,[0.         0.26884698 0.55351171 0.1776413 ],0.0
759,HIRING3A_W27,RELIG,Hindu,[0.15240125 0.42334451 0.30442233 0.11983192],0.0
760,HIRING3A_W27,RELIG,Jewish,[0.0345503  0.06849443 0.70198021 0.19497506],0.0
761,HIRING3A_W27,RELIG,Mormon,[0.01944952 0.1478681  0.76065846 0.07202392],0.014418479867062066
762,HIRING3A_W27,RELIG,Muslim,[0.         0.37329669 0.3756774  0.25102591],0.0
763,HIRING3A_W27,RELIG,Nothing in particular,[0.00946482 0.1891608  0.53523326 0.26614112],0.0
764,HIRING3A_W27,RELIG,Orthodox,[0.         0.18714303 0.51944119 0.29341578],0.0
765,HIRING3A_W27,RELIG,Other,[0.         0.18308839 0.64414143 0.17277018],0.05906921812094851
766,HIRING3A_W27,RELIG,Protestant,[0.02310146 0.17541065 0.48359566 0.31789223],0.011095640298447977
767,HIRING3A_W27,RELIG,Roman Catholic,[0.05661913 0.23260266 0.40017439 0.31060382],0.0009604687647940284
768,ROBJOB8E_W27,RELIG,Agnostic,[0.47910331 0.37081904 0.14935008 0.00072757],0.0005278756912604522
769,ROBJOB8E_W27,RELIG,Atheist,[0.60639799 0.3221609  0.06460953 0.00683158],0.0011282559431637618
770,ROBJOB8E_W27,RELIG,Buddhist,[0.43683832 0.55620142 0.         0.00696026],0.0
771,ROBJOB8E_W27,RELIG,Hindu,[0.58597943 0.17268401 0.19575321 0.04558335],0.0
772,ROBJOB8E_W27,RELIG,Jewish,[0.3931444  0.4289267  0.07685857 0.10107033],0.0029416698919443487
773,ROBJOB8E_W27,RELIG,Mormon,[0.3387371  0.42110227 0.23323368 0.00692696],0.0
774,ROBJOB8E_W27,RELIG,Muslim,[0.21695606 0.26739225 0.51565169 0.        ],0.0
775,ROBJOB8E_W27,RELIG,Nothing in particular,[0.39695319 0.379971   0.13820862 0.08486719],0.00023388835955354795
776,ROBJOB8E_W27,RELIG,Orthodox,[0.35336754 0.49858185 0.13021065 0.01783996],0.008016485864254
777,ROBJOB8E_W27,RELIG,Other,[0.5090012  0.37166487 0.11740249 0.00193144],0.021575307507049515
778,ROBJOB8E_W27,RELIG,Protestant,[0.32986762 0.39767765 0.19905257 0.07340217],0.0043178047288795155
779,ROBJOB8E_W27,RELIG,Roman Catholic,[0.36444252 0.40860848 0.16491446 0.06203454],0.008802383706411641
780,VOICE4_W27,RELIG,Agnostic,[0.40002422 0.4837971  0.11617868],0.01305773184141374
781,VOICE4_W27,RELIG,Atheist,[0.55075456 0.43307101 0.01617443],0.04656518908381456
782,VOICE4_W27,RELIG,Buddhist,[0.57870005 0.30821411 0.11308584],0.0
783,VOICE4_W27,RELIG,Hindu,[0.59381274 0.38538065 0.02080661],0.0
784,VOICE4_W27,RELIG,Jewish,[0.39033795 0.36268305 0.246979  ],0.03623569517019785
785,VOICE4_W27,RELIG,Mormon,[0.2459128  0.66204374 0.09204346],0.04310384284413542
786,VOICE4_W27,RELIG,Muslim,[0.54752564 0.36931002 0.08316434],0.0
787,VOICE4_W27,RELIG,Nothing in particular,[0.43026604 0.36385114 0.20588282],0.02557687734726023
788,VOICE4_W27,RELIG,Orthodox,[0. 1. 0.],0.3847356847160328
789,VOICE4_W27,RELIG,Other,[0.10807182 0.83167515 0.06025303],0.0
790,VOICE4_W27,RELIG,Protestant,[0.46833215 0.35970176 0.17196609],0.050622271882197194
791,VOICE4_W27,RELIG,Roman Catholic,[0.29952811 0.50788745 0.19258444],0.021778897426068304
792,DRONE4E_W27,RELIG,Agnostic,[0.1435983  0.45232111 0.40408059],0.0
793,DRONE4E_W27,RELIG,Atheist,[0.27987248 0.35848183 0.36164569],0.0
794,DRONE4E_W27,RELIG,Buddhist,[0.43599484 0.18403922 0.37996595],0.0
795,DRONE4E_W27,RELIG,Hindu,[0.40873724 0.40371874 0.18754402],0.0
796,DRONE4E_W27,RELIG,Jewish,[0.38749087 0.38982784 0.22268129],0.0
797,DRONE4E_W27,RELIG,Mormon,[0.1023917  0.67819644 0.21941186],0.0
798,DRONE4E_W27,RELIG,Muslim,[0.43365346 0.45705636 0.10929018],0.0
799,DRONE4E_W27,RELIG,Nothing in particular,[0.26431695 0.4204453  0.31523775],0.0
800,DRONE4E_W27,RELIG,Orthodox,[0.48363093 0.20943348 0.30693559],0.0
801,DRONE4E_W27,RELIG,Other,[0.30916462 0.40146903 0.28936635],0.05516908970442284
802,DRONE4E_W27,RELIG,Protestant,[0.19770343 0.47914878 0.32314778],0.012406822765256072
803,DRONE4E_W27,RELIG,Roman Catholic,[0.23521939 0.49087922 0.27390138],0.0
804,VOICE1_W27,RELIG,Agnostic,[0.42809559 0.57190441],0.0
805,VOICE1_W27,RELIG,Atheist,[0.48964761 0.51035239],0.0
806,VOICE1_W27,RELIG,Buddhist,[0.45519675 0.54480325],0.0
807,VOICE1_W27,RELIG,Hindu,[0.60732264 0.39267736],0.0
808,VOICE1_W27,RELIG,Jewish,[0.41684731 0.58315269],0.0
809,VOICE1_W27,RELIG,Mormon,[0.53815648 0.46184352],0.0
810,VOICE1_W27,RELIG,Muslim,[0.38750851 0.61249149],0.0
811,VOICE1_W27,RELIG,Nothing in particular,[0.40592292 0.59407708],0.0
812,VOICE1_W27,RELIG,Orthodox,[0.64181626 0.35818374],0.0
813,VOICE1_W27,RELIG,Other,[0.40116472 0.59883528],0.0
814,VOICE1_W27,RELIG,Protestant,[0.46689489 0.53310511],0.0017098476310908337
815,VOICE1_W27,RELIG,Roman Catholic,[0.47342689 0.52657311],0.0
816,VOICE5A_W27,RELIG,Agnostic,[0.69200245 0.20606459 0.10193296],0.020842908054842308
817,VOICE5A_W27,RELIG,Atheist,[0.50921388 0.37658565 0.11420047],0.0017888266722308303
818,VOICE5A_W27,RELIG,Buddhist,[0.5900395 0.        0.4099605],0.0
819,VOICE5A_W27,RELIG,Hindu,[0.8264531  0.13498888 0.03855803],0.0
820,VOICE5A_W27,RELIG,Jewish,[0.45862284 0.4181421  0.12323507],0.0
821,VOICE5A_W27,RELIG,Mormon,[0.55369299 0.36954711 0.0767599 ],0.0
822,VOICE5A_W27,RELIG,Muslim,[0.63068998 0.36931002 0.        ],0.0
823,VOICE5A_W27,RELIG,Nothing in particular,[0.47133895 0.35185041 0.17681065],0.011621074277756995
824,VOICE5A_W27,RELIG,Orthodox,[0.90774067 0.09225933 0.        ],0.0
825,VOICE5A_W27,RELIG,Other,[0.73269487 0.15838075 0.10892439],0.0
826,VOICE5A_W27,RELIG,Protestant,[0.57181057 0.24171216 0.18647726],0.025957306552497315
827,VOICE5A_W27,RELIG,Roman Catholic,[0.59852521 0.27898645 0.12248834],0.0007892222207314103
828,HIRING3B_W27,RELIG,Agnostic,[0.04975967 0.47322542 0.36146544 0.11554947],0.009129774428872401
829,HIRING3B_W27,RELIG,Atheist,[0.12488438 0.4808963  0.32569515 0.06852417],0.0
830,HIRING3B_W27,RELIG,Buddhist,[0.2192344  0.58645459 0.19431101 0.        ],0.0
831,HIRING3B_W27,RELIG,Hindu,[0.19665598 0.45468635 0.23498548 0.11367219],0.0
832,HIRING3B_W27,RELIG,Jewish,[0.08502909 0.44087045 0.43542306 0.0386774 ],0.0
833,HIRING3B_W27,RELIG,Mormon,[0.37505201 0.37188519 0.23389372 0.01916908],0.0
834,HIRING3B_W27,RELIG,Muslim,[0.28026085 0.28042922 0.39418236 0.04512756],0.0
835,HIRING3B_W27,RELIG,Nothing in particular,[0.2021786  0.48273286 0.224884   0.09020454],0.0
836,HIRING3B_W27,RELIG,Orthodox,[0.31100254 0.3860095  0.28368408 0.01930388],0.0
837,HIRING3B_W27,RELIG,Other,[0.16870814 0.60306619 0.20755142 0.02067425],0.05906921812094851
838,HIRING3B_W27,RELIG,Protestant,[0.21874817 0.43889913 0.26180952 0.08054318],0.011609251051184282
839,HIRING3B_W27,RELIG,Roman Catholic,[0.29289443 0.46389624 0.20848538 0.03472394],0.0
840,HIRING6D_W27,RELIG,Agnostic,[0.16737201 0.63443607 0.19819192],0.0014076620366034417
841,HIRING6D_W27,RELIG,Atheist,[0.13654283 0.63681587 0.2266413 ],0.014868056011824305
842,HIRING6D_W27,RELIG,Buddhist,[0.15608876 0.42768326 0.41622799],0.00308679621888566
843,HIRING6D_W27,RELIG,Hindu,[0.32958435 0.34825355 0.3221621 ],0.0
844,HIRING6D_W27,RELIG,Jewish,[0.16560568 0.65627056 0.17812377],0.0
845,HIRING6D_W27,RELIG,Mormon,[0.06641689 0.74703689 0.18654622],0.0
846,HIRING6D_W27,RELIG,Muslim,[0.17458787 0.43048192 0.39493022],0.0
847,HIRING6D_W27,RELIG,Nothing in particular,[0.07186284 0.60278461 0.32535254],0.00346140354036225
848,HIRING6D_W27,RELIG,Orthodox,[0.05212527 0.35263405 0.59524068],0.12542619113889897
849,HIRING6D_W27,RELIG,Other,[0.17853714 0.73046881 0.09099405],0.05906921812094851
850,HIRING6D_W27,RELIG,Protestant,[0.14663917 0.56347267 0.28988816],0.012015046874875288
851,HIRING6D_W27,RELIG,Roman Catholic,[0.1080744  0.64050339 0.25142221],0.007452005122143493
852,ROBJOB4A_W27,RELIG,Agnostic,[0.85485837 0.14514163],0.011214851300823064
853,ROBJOB4A_W27,RELIG,Atheist,[0.77763983 0.22236017],0.007110373131059645
854,ROBJOB4A_W27,RELIG,Buddhist,[0.84213529 0.15786471],0.0
855,ROBJOB4A_W27,RELIG,Hindu,[0.70301404 0.29698596],0.0
856,ROBJOB4A_W27,RELIG,Jewish,[0.67774085 0.32225915],0.0
857,ROBJOB4A_W27,RELIG,Mormon,[0.68122687 0.31877313],0.0
858,ROBJOB4A_W27,RELIG,Muslim,[0.67139204 0.32860796],0.0
859,ROBJOB4A_W27,RELIG,Nothing in particular,[0.73999387 0.26000613],0.008352862168466417
860,ROBJOB4A_W27,RELIG,Orthodox,[0.85911794 0.14088206],0.10027164861787666
861,ROBJOB4A_W27,RELIG,Other,[0.8432307 0.1567693],0.019860365190944126
862,ROBJOB4A_W27,RELIG,Protestant,[0.78958918 0.21041082],0.006719264301550328
863,ROBJOB4A_W27,RELIG,Roman Catholic,[0.73577459 0.26422541],0.008734187901447043
864,DRONE4B_W27,RELIG,Agnostic,[0.14013239 0.52976332 0.3301043 ],0.0
865,DRONE4B_W27,RELIG,Atheist,[0.27051166 0.40276535 0.32672299],0.0
866,DRONE4B_W27,RELIG,Buddhist,[0.21112621 0.64139094 0.14748285],0.0
867,DRONE4B_W27,RELIG,Hindu,[0.33161448 0.4808415  0.18754402],0.0
868,DRONE4B_W27,RELIG,Jewish,[0.15483801 0.71337368 0.13178832],0.0069405550220579225
869,DRONE4B_W27,RELIG,Mormon,[0.13656651 0.65690375 0.20652974],0.0
870,DRONE4B_W27,RELIG,Muslim,[0.18732321 0.70338661 0.10929018],0.0
871,DRONE4B_W27,RELIG,Nothing in particular,[0.23836096 0.48171687 0.27992216],0.0
872,DRONE4B_W27,RELIG,Orthodox,[0.10510969 0.58624738 0.30864293],0.0
873,DRONE4B_W27,RELIG,Other,[0.25772046 0.48092357 0.26135598],0.05516908970442284
874,DRONE4B_W27,RELIG,Protestant,[0.1752559 0.5845123 0.2402318],0.01132535063675664
875,DRONE4B_W27,RELIG,Roman Catholic,[0.22490903 0.4972908  0.27780016],0.0024079278596836878
876,WORK6_W27,RELIG,Agnostic,[0.01339969 0.97060604 0.01599427],0.0
877,WORK6_W27,RELIG,Atheist,[0.05935613 0.93055887 0.010085  ],0.0
878,WORK6_W27,RELIG,Buddhist,[0.00588981 0.99411019 0.        ],0.0
879,WORK6_W27,RELIG,Hindu,[0.24564356 0.6542009  0.10015554],0.0
880,WORK6_W27,RELIG,Jewish,[0.01765722 0.87077904 0.11156373],0.0
881,WORK6_W27,RELIG,Mormon,[0.         0.88289859 0.11710141],0.0022998192595509496
882,WORK6_W27,RELIG,Muslim,[0.21532349 0.69978421 0.0848923 ],0.0
883,WORK6_W27,RELIG,Nothing in particular,[0.03883807 0.91027508 0.05088685],0.010823952323667459
884,WORK6_W27,RELIG,Orthodox,[0.22758411 0.75616369 0.01625221],0.0
885,WORK6_W27,RELIG,Other,[0.11373734 0.85923008 0.02703258],0.019860365190944126
886,WORK6_W27,RELIG,Protestant,[0.04231066 0.91812592 0.03956342],0.0044777952027929896
887,WORK6_W27,RELIG,Roman Catholic,[0.05242633 0.92331782 0.02425586],0.019316863735502267
888,HIRING6C_W27,RELIG,Agnostic,[0.4403579  0.38834324 0.17129886],0.0
889,HIRING6C_W27,RELIG,Atheist,[0.42257596 0.27562685 0.30179719],0.014868056011824308
890,HIRING6C_W27,RELIG,Buddhist,[0.33411961 0.20692859 0.4589518 ],0.0
891,HIRING6C_W27,RELIG,Hindu,[0.38002662 0.15524596 0.46472742],0.0
892,HIRING6C_W27,RELIG,Jewish,[0.32316236 0.43211816 0.24471948],0.01268127895227029
893,HIRING6C_W27,RELIG,Mormon,[0.48270836 0.28979807 0.22749357],0.0
894,HIRING6C_W27,RELIG,Muslim,[0.21205772 0.34640521 0.44153707],0.0
895,HIRING6C_W27,RELIG,Nothing in particular,[0.28915288 0.37452401 0.33632311],0.0
896,HIRING6C_W27,RELIG,Orthodox,[0.34532499 0.45319005 0.20148497],0.0
897,HIRING6C_W27,RELIG,Other,[0.17023233 0.54013242 0.28963524],0.05906921812094851
898,HIRING6C_W27,RELIG,Protestant,[0.22360644 0.46444114 0.31195243],0.014143336456211852
899,HIRING6C_W27,RELIG,Roman Catholic,[0.26233255 0.42014536 0.3175221 ],0.0
900,ROBJOB6_W27,RELIG,Agnostic,[0.59203088 0.40796912],0.0073154808909272956
901,ROBJOB6_W27,RELIG,Atheist,[0.64371954 0.35628046],0.0008829922761688314
902,ROBJOB6_W27,RELIG,Buddhist,[0.92690818 0.07309182],0.008979402211323192
903,ROBJOB6_W27,RELIG,Hindu,[0.4674984 0.5325016],0.0
904,ROBJOB6_W27,RELIG,Jewish,[0.54159494 0.45840506],0.015254401743377886
905,ROBJOB6_W27,RELIG,Mormon,[0.32766124 0.67233876],0.008276917151213559
906,ROBJOB6_W27,RELIG,Muslim,[0.66181723 0.33818277],0.0
907,ROBJOB6_W27,RELIG,Nothing in particular,[0.54644832 0.45355168],0.005361451080500201
908,ROBJOB6_W27,RELIG,Orthodox,[0.43997592 0.56002408],0.028473668655445834
909,ROBJOB6_W27,RELIG,Other,[0.66811611 0.33188389],0.0899074174266863
910,ROBJOB6_W27,RELIG,Protestant,[0.46293711 0.53706289],0.008556404946220042
911,ROBJOB6_W27,RELIG,Roman Catholic,[0.45764453 0.54235547],0.024435205249933634
912,ROBJOB9_W27,RELIG,Agnostic,[0.03032354 0.2464323  0.40109705 0.32214712],0.0
913,ROBJOB9_W27,RELIG,Atheist,[0.09624977 0.17254276 0.39678322 0.33442425],0.0
914,ROBJOB9_W27,RELIG,Buddhist,[0.20080043 0.48401558 0.07176527 0.24341872],0.0
915,ROBJOB9_W27,RELIG,Hindu,[0.09180965 0.10101906 0.57148378 0.23568751],0.0
916,ROBJOB9_W27,RELIG,Jewish,[0.0995713  0.22626351 0.52224046 0.15192473],0.0
917,ROBJOB9_W27,RELIG,Mormon,[0.         0.12226294 0.47314309 0.40459397],0.0
918,ROBJOB9_W27,RELIG,Muslim,[0.10695846 0.19588107 0.25258762 0.44457286],0.0
919,ROBJOB9_W27,RELIG,Nothing in particular,[0.1076069  0.23676534 0.36893489 0.28669286],0.0009590341456005586
920,ROBJOB9_W27,RELIG,Orthodox,[0.02170213 0.56678034 0.31827938 0.09323816],0.0
921,ROBJOB9_W27,RELIG,Other,[0.08009021 0.03484438 0.51718111 0.3678843 ],0.0
922,ROBJOB9_W27,RELIG,Protestant,[0.04967098 0.21066653 0.39125622 0.34840627],0.0001735491217448
923,ROBJOB9_W27,RELIG,Roman Catholic,[0.04778212 0.29382676 0.44733955 0.21105157],0.0
924,ROBJOB4B_W27,RELIG,Agnostic,[0.65487741 0.34512259],0.0033825535674786656
925,ROBJOB4B_W27,RELIG,Atheist,[0.5369697 0.4630303],0.0
926,ROBJOB4B_W27,RELIG,Buddhist,[0.59196216 0.40803784],0.05575248993230602
927,ROBJOB4B_W27,RELIG,Hindu,[0.58180611 0.41819389],0.0
928,ROBJOB4B_W27,RELIG,Jewish,[0.45498699 0.54501301],0.009036711297116801
929,ROBJOB4B_W27,RELIG,Mormon,[0.35982689 0.64017311],0.0
930,ROBJOB4B_W27,RELIG,Muslim,[0.55100776 0.44899224],0.0
931,ROBJOB4B_W27,RELIG,Nothing in particular,[0.64013072 0.35986928],0.008847342023536108
932,ROBJOB4B_W27,RELIG,Orthodox,[0.56780498 0.43219502],0.0
933,ROBJOB4B_W27,RELIG,Other,[0.52330464 0.47669536],0.020807933726752385
934,ROBJOB4B_W27,RELIG,Protestant,[0.67393627 0.32606373],0.001507152343975168
935,ROBJOB4B_W27,RELIG,Roman Catholic,[0.66125156 0.33874844],0.0006761810600386269
936,ROBJOB8D_W27,RELIG,Agnostic,[0.08727476 0.40326695 0.41980341 0.08965488],0.0
937,ROBJOB8D_W27,RELIG,Atheist,[0.15031983 0.42445966 0.33281554 0.09240498],0.00499656619348144
938,ROBJOB8D_W27,RELIG,Buddhist,[0.00657156 0.43974734 0.52027239 0.0334087 ],0.0
939,ROBJOB8D_W27,RELIG,Hindu,[0.36953114 0.23461192 0.18578284 0.2100741 ],0.0
940,ROBJOB8D_W27,RELIG,Jewish,[0.20111303 0.28086559 0.30719139 0.21082999],0.012262211291877195
941,ROBJOB8D_W27,RELIG,Mormon,[0.04326451 0.29191763 0.5586763  0.10614156],0.0
942,ROBJOB8D_W27,RELIG,Muslim,[0.17602165 0.25201716 0.35257203 0.21938917],0.01518123203298445
943,ROBJOB8D_W27,RELIG,Nothing in particular,[0.12360445 0.32299128 0.32919653 0.22420773],0.0
944,ROBJOB8D_W27,RELIG,Orthodox,[0.26071036 0.35291697 0.3202001  0.06617257],0.0
945,ROBJOB8D_W27,RELIG,Other,[0.1400036  0.29604422 0.44598318 0.117969  ],0.019860365190944126
946,ROBJOB8D_W27,RELIG,Protestant,[0.07348045 0.2926736  0.40831215 0.2255338 ],0.0015088774857736687
947,ROBJOB8D_W27,RELIG,Roman Catholic,[0.07235174 0.31805917 0.42008276 0.18950632],0.007647974258577807
948,CAREGIV3A_W27,RELIG,Agnostic,[0.08960083 0.41962495 0.38684248 0.10393174],0.0
949,CAREGIV3A_W27,RELIG,Atheist,[0.19747827 0.42120117 0.28998664 0.09133393],0.0
950,CAREGIV3A_W27,RELIG,Buddhist,[0.35126025 0.05340916 0.55064525 0.04468535],0.0
951,CAREGIV3A_W27,RELIG,Hindu,[0.37031365 0.32371613 0.30597022 0.        ],0.0
952,CAREGIV3A_W27,RELIG,Jewish,[0.09503588 0.41543714 0.20046249 0.2890645 ],0.0
953,CAREGIV3A_W27,RELIG,Mormon,[0.11368409 0.35497272 0.49094335 0.04039984],0.0
954,CAREGIV3A_W27,RELIG,Muslim,[0.17986435 0.14442205 0.39654576 0.27916784],0.0
955,CAREGIV3A_W27,RELIG,Nothing in particular,[0.07024322 0.43931221 0.35151783 0.13892674],0.018137097341347098
956,CAREGIV3A_W27,RELIG,Orthodox,[0.03444815 0.48651268 0.39956147 0.0794777 ],0.0
957,CAREGIV3A_W27,RELIG,Other,[0.105102   0.32244783 0.29610114 0.27634903],0.0
958,CAREGIV3A_W27,RELIG,Protestant,[0.07373555 0.31498044 0.37844224 0.23284176],0.00044376398453995815
959,CAREGIV3A_W27,RELIG,Roman Catholic,[0.09910604 0.32906896 0.4212136  0.15061139],0.0
960,ROBJOB4D_W27,RELIG,Agnostic,[0.51231436 0.48768564],0.0027317089247095665
961,ROBJOB4D_W27,RELIG,Atheist,[0.57960128 0.42039872],0.004918892914342533
962,ROBJOB4D_W27,RELIG,Buddhist,[0.47072085 0.52927915],0.008979402211323192
963,ROBJOB4D_W27,RELIG,Hindu,[0.57385925 0.42614075],0.0
964,ROBJOB4D_W27,RELIG,Jewish,[0.5300331 0.4699669],0.028827110400012724
965,ROBJOB4D_W27,RELIG,Mormon,[0.55298437 0.44701563],0.008554486489677517
966,ROBJOB4D_W27,RELIG,Muslim,[0.58227303 0.41772697],0.0
967,ROBJOB4D_W27,RELIG,Nothing in particular,[0.39636704 0.60363296],0.008959617758965293
968,ROBJOB4D_W27,RELIG,Orthodox,[0.17204744 0.82795256],0.0
969,ROBJOB4D_W27,RELIG,Other,[0.55343709 0.44656291],0.019860365190944126
970,ROBJOB4D_W27,RELIG,Protestant,[0.39238024 0.60761976],0.009960667272888394
971,ROBJOB4D_W27,RELIG,Roman Catholic,[0.44558449 0.55441551],0.0035972213918875552
972,HIRING7B_W27,RELIG,Agnostic,[0.74541962 0.05219152 0.20238885],0.0
973,HIRING7B_W27,RELIG,Atheist,[0.48107615 0.16129827 0.35762558],0.0
974,HIRING7B_W27,RELIG,Buddhist,[0.52049815 0.11026941 0.36923244],0.0
975,HIRING7B_W27,RELIG,Hindu,[0.3013966 0.0996644 0.598939 ],0.0
976,HIRING7B_W27,RELIG,Jewish,[0.74757329 0.03949074 0.21293597],0.0
977,HIRING7B_W27,RELIG,Mormon,[0.43154703 0.42291238 0.14554058],0.0
978,HIRING7B_W27,RELIG,Muslim,[0.55142025 0.33568015 0.1128996 ],0.0
979,HIRING7B_W27,RELIG,Nothing in particular,[0.51570787 0.21241017 0.27188196],0.0
980,HIRING7B_W27,RELIG,Orthodox,[0.32951989 0.40178169 0.26869842],0.0
981,HIRING7B_W27,RELIG,Other,[0.53048568 0.32931654 0.14019778],0.05906921812094851
982,HIRING7B_W27,RELIG,Protestant,[0.59607536 0.16737256 0.23655208],0.011049212929511946
983,HIRING7B_W27,RELIG,Roman Catholic,[0.58243372 0.162038   0.25552828],0.021961426780750283
984,WORK3D_W27,RELIG,Agnostic,[0.46346502 0.04387605 0.49265893],0.0
985,WORK3D_W27,RELIG,Atheist,[0.48129462 0.07523308 0.4434723 ],0.0
986,WORK3D_W27,RELIG,Buddhist,[0.90259492 0.03315321 0.06425188],0.0
987,WORK3D_W27,RELIG,Hindu,[0.60444609 0.01487831 0.38067559],0.0
988,WORK3D_W27,RELIG,Jewish,[0.65859353 0.12773728 0.21366919],0.040365873683381404
989,WORK3D_W27,RELIG,Mormon,[0.56305109 0.18339434 0.25355458],0.0
990,WORK3D_W27,RELIG,Muslim,[0.86361416 0.00491775 0.13146809],0.0
991,WORK3D_W27,RELIG,Nothing in particular,[0.55401842 0.11019852 0.33578307],0.0
992,WORK3D_W27,RELIG,Orthodox,[0.50728508 0.05299275 0.43972218],0.0
993,WORK3D_W27,RELIG,Other,[0.60295409 0.14100223 0.25604368],0.0
994,WORK3D_W27,RELIG,Protestant,[0.55730965 0.09605792 0.34663243],0.01399884850139942
995,WORK3D_W27,RELIG,Roman Catholic,[0.52387667 0.06523689 0.41088644],0.028740030541236077
996,CARS10D_W27,RELIG,Agnostic,[0.63449043 0.36550957],0.0
997,CARS10D_W27,RELIG,Atheist,[0.66020406 0.33979594],0.0023799234370364577
998,CARS10D_W27,RELIG,Buddhist,[0.82100904 0.17899096],0.0
999,CARS10D_W27,RELIG,Hindu,[0.69069927 0.30930073],0.0
1000,CARS10D_W27,RELIG,Jewish,[0.66563217 0.33436783],0.012262211291877195
1001,CARS10D_W27,RELIG,Mormon,[0.72923777 0.27076223],0.0
1002,CARS10D_W27,RELIG,Muslim,[0.62600524 0.37399476],0.0
1003,CARS10D_W27,RELIG,Nothing in particular,[0.74624752 0.25375248],0.002049488276727053
1004,CARS10D_W27,RELIG,Orthodox,[0.73123907 0.26876093],0.0
1005,CARS10D_W27,RELIG,Other,[0.70936752 0.29063248],0.0
1006,CARS10D_W27,RELIG,Protestant,[0.6780909 0.3219091],0.0023935450307014865
1007,CARS10D_W27,RELIG,Roman Catholic,[0.71831646 0.28168354],0.001432539973860827
1008,CARS8_W27,RELIG,Agnostic,[0.17818442 0.56849723 0.25331835],0.0027317089247095665
1009,CARS8_W27,RELIG,Atheist,[0.03441099 0.73945936 0.22612965],0.018106527573051756
1010,CARS8_W27,RELIG,Buddhist,[0.16698363 0.55559036 0.27742601],0.008979402211323194
1011,CARS8_W27,RELIG,Hindu,[0.02892459 0.72482389 0.24625152],0.0
1012,CARS8_W27,RELIG,Jewish,[0.14823068 0.595594   0.25617532],0.02580951418469191
1013,CARS8_W27,RELIG,Mormon,[0.17319093 0.60420584 0.22260323],0.006175570115680432
1014,CARS8_W27,RELIG,Muslim,[0.43959275 0.46725932 0.09314793],0.0
1015,CARS8_W27,RELIG,Nothing in particular,[0.24263455 0.41052734 0.34683812],0.004890688692943518
1016,CARS8_W27,RELIG,Orthodox,[0.21009914 0.51367894 0.27622192],0.0
1017,CARS8_W27,RELIG,Other,[0.36031704 0.49607312 0.14360984],0.008891935981210035
1018,CARS8_W27,RELIG,Protestant,[0.38545465 0.29876139 0.31578396],0.0035318597382100404
1019,CARS8_W27,RELIG,Roman Catholic,[0.32373298 0.32578214 0.35048488],0.0014804236542014422
1020,ROBJOB5B_W27,RELIG,Agnostic,[0.41330579 0.41927284 0.13318833 0.03423304],0.0
1021,ROBJOB5B_W27,RELIG,Atheist,[0.3583636  0.35562528 0.25782411 0.028187  ],0.0
1022,ROBJOB5B_W27,RELIG,Buddhist,[0.68255847 0.11845684 0.19898469 0.        ],0.0
1023,ROBJOB5B_W27,RELIG,Hindu,[0.53678066 0.23642864 0.12663516 0.10015554],0.0
1024,ROBJOB5B_W27,RELIG,Jewish,[0.55744432 0.27519768 0.12964555 0.03771245],0.0284304620541787
1025,ROBJOB5B_W27,RELIG,Mormon,[0.27423272 0.52865077 0.18173491 0.01538159],0.002701500015327498
1026,ROBJOB5B_W27,RELIG,Muslim,[0.53282873 0.06460886 0.39551251 0.0070499 ],0.0
1027,ROBJOB5B_W27,RELIG,Nothing in particular,[0.46162765 0.40084036 0.1014122  0.03611979],0.0010753799251508173
1028,ROBJOB5B_W27,RELIG,Orthodox,[0.26915351 0.34660342 0.38424307 0.        ],0.0030840790771664607
1029,ROBJOB5B_W27,RELIG,Other,[0.47401211 0.38574432 0.11881144 0.02143213],0.027310660831310143
1030,ROBJOB5B_W27,RELIG,Protestant,[0.49763866 0.38371315 0.08919975 0.02944844],0.004141767569708514
1031,ROBJOB5B_W27,RELIG,Roman Catholic,[0.46557838 0.4236487  0.07553006 0.03524286],0.00895249909605666
1032,ROBJOB8F_W27,RELIG,Agnostic,[0.04684175 0.2056243  0.55472582 0.19280814],0.0
1033,ROBJOB8F_W27,RELIG,Atheist,[0.11772559 0.20457397 0.39408239 0.28361805],0.007303406449405866
1034,ROBJOB8F_W27,RELIG,Buddhist,[0.01044858 0.22002888 0.47334876 0.29617378],0.04677308772098282
1035,ROBJOB8F_W27,RELIG,Hindu,[0.24681804 0.07821848 0.50712787 0.16783562],0.0
1036,ROBJOB8F_W27,RELIG,Jewish,[0.03374786 0.19082961 0.46304347 0.31237905],0.012262211291877195
1037,ROBJOB8F_W27,RELIG,Mormon,[0.01567303 0.15050618 0.57833972 0.25548108],0.0
1038,ROBJOB8F_W27,RELIG,Muslim,[0.18987554 0.16583632 0.21730394 0.4269842 ],0.0
1039,ROBJOB8F_W27,RELIG,Nothing in particular,[0.12235742 0.25089703 0.36621083 0.26053472],0.0014122332343400883
1040,ROBJOB8F_W27,RELIG,Orthodox,[0.07546954 0.47287436 0.39183143 0.05982467],0.0
1041,ROBJOB8F_W27,RELIG,Other,[0.17724653 0.24374202 0.40396505 0.1750464 ],0.09239651791962186
1042,ROBJOB8F_W27,RELIG,Protestant,[0.09677932 0.27846119 0.35016434 0.27459515],0.0017855521879796914
1043,ROBJOB8F_W27,RELIG,Roman Catholic,[0.10156948 0.278665   0.37818786 0.24157765],0.006726140419630861
1044,ROBJOB7_W27,RELIG,Agnostic,[0.53790146 0.46209854],0.009896944438694617
1045,ROBJOB7_W27,RELIG,Atheist,[0.66333917 0.33666083],0.004996566193481438
1046,ROBJOB7_W27,RELIG,Buddhist,[0.36294987 0.63705013],0.0
1047,ROBJOB7_W27,RELIG,Hindu,[0.55758122 0.44241878],0.0
1048,ROBJOB7_W27,RELIG,Jewish,[0.59187673 0.40812327],0.08089802310137507
1049,ROBJOB7_W27,RELIG,Mormon,[0.62447998 0.37552002],0.0
1050,ROBJOB7_W27,RELIG,Muslim,[0.48914388 0.51085612],0.028987616438817674
1051,ROBJOB7_W27,RELIG,Nothing in particular,[0.39757467 0.60242533],0.012201586625528244
1052,ROBJOB7_W27,RELIG,Orthodox,[0.16421436 0.83578564],0.028473668655445834
1053,ROBJOB7_W27,RELIG,Other,[0.38899189 0.61100811],0.021264375571734745
1054,ROBJOB7_W27,RELIG,Protestant,[0.38051889 0.61948111],0.00879613157608932
1055,ROBJOB7_W27,RELIG,Roman Catholic,[0.35519748 0.64480252],0.00857888161309486
1056,VOICE5C_W27,RELIG,Agnostic,[0.08833642 0.05351431 0.85814927],0.022536100878782387
1057,VOICE5C_W27,RELIG,Atheist,[0.04378069 0.20243158 0.75378773],0.03930002085736415
1058,VOICE5C_W27,RELIG,Buddhist,[0.         0.28182539 0.71817461],0.0
1059,VOICE5C_W27,RELIG,Hindu,[0.64145336 0.15887544 0.1996712 ],0.0
1060,VOICE5C_W27,RELIG,Jewish,[0.13270864 0.13841305 0.72887832],0.0
1061,VOICE5C_W27,RELIG,Mormon,[0.30927792 0.07499159 0.61573049],0.0
1062,VOICE5C_W27,RELIG,Muslim,[0.54752564 0.37248844 0.07998591],0.0
1063,VOICE5C_W27,RELIG,Nothing in particular,[0.10944434 0.17774768 0.71280797],0.0014035986905974983
1064,VOICE5C_W27,RELIG,Orthodox,[0.         0.12626224 0.87373776],0.0
1065,VOICE5C_W27,RELIG,Other,[0.01027073 0.35886441 0.63086486],0.0
1066,VOICE5C_W27,RELIG,Protestant,[0.09258206 0.21596688 0.69145106],0.02097257848955542
1067,VOICE5C_W27,RELIG,Roman Catholic,[0.25502247 0.2452047  0.49977284],0.0026187163217894164
1068,CARS10B_W27,RELIG,Agnostic,[0.8269788 0.1730212],0.0
1069,CARS10B_W27,RELIG,Atheist,[0.94736946 0.05263054],0.0023799234370364573
1070,CARS10B_W27,RELIG,Buddhist,[0.85464306 0.14535694],0.0
1071,CARS10B_W27,RELIG,Hindu,[0.81009971 0.18990029],0.0
1072,CARS10B_W27,RELIG,Jewish,[0.80889351 0.19110649],0.012262211291877195
1073,CARS10B_W27,RELIG,Mormon,[0.63597914 0.36402086],0.0
1074,CARS10B_W27,RELIG,Muslim,[0.61493418 0.38506582],0.0
1075,CARS10B_W27,RELIG,Nothing in particular,[0.7798627 0.2201373],0.0006214386714722259
1076,CARS10B_W27,RELIG,Orthodox,[0.87911407 0.12088593],0.004057806696715346
1077,CARS10B_W27,RELIG,Other,[0.74322492 0.25677508],0.0038931108737261725
1078,CARS10B_W27,RELIG,Protestant,[0.82187604 0.17812396],0.003237843249399836
1079,CARS10B_W27,RELIG,Roman Catholic,[0.79097054 0.20902946],0.0008995064384763677
1080,ROBJOB4C_W27,RELIG,Agnostic,[0.44720398 0.55279602],0.003451472526218074
1081,ROBJOB4C_W27,RELIG,Atheist,[0.54692403 0.45307597],0.0007010937991648551
1082,ROBJOB4C_W27,RELIG,Buddhist,[0.57816636 0.42183364],0.008979402211323192
1083,ROBJOB4C_W27,RELIG,Hindu,[0.75119925 0.24880075],0.0
1084,ROBJOB4C_W27,RELIG,Jewish,[0.42265909 0.57734091],0.01587948074066778
1085,ROBJOB4C_W27,RELIG,Mormon,[0.38529511 0.61470489],0.0
1086,ROBJOB4C_W27,RELIG,Muslim,[0.5787218 0.4212782],0.0
1087,ROBJOB4C_W27,RELIG,Nothing in particular,[0.45395985 0.54604015],0.009520894409541009
1088,ROBJOB4C_W27,RELIG,Orthodox,[0.14220769 0.85779231],0.0
1089,ROBJOB4C_W27,RELIG,Other,[0.46809745 0.53190255],0.019860365190944126
1090,ROBJOB4C_W27,RELIG,Protestant,[0.37062807 0.62937193],0.004852286708191282
1091,ROBJOB4C_W27,RELIG,Roman Catholic,[0.45211618 0.54788382],0.008606877069343254
1092,ROBJOB4F_W27,RELIG,Agnostic,[0.41217597 0.58782403],0.002731708924709566
1093,ROBJOB4F_W27,RELIG,Atheist,[0.45761009 0.54238991],0.001221835282144302
1094,ROBJOB4F_W27,RELIG,Buddhist,[0.60113914 0.39886086],0.0
1095,ROBJOB4F_W27,RELIG,Hindu,[0.81887583 0.18112417],0.0
1096,ROBJOB4F_W27,RELIG,Jewish,[0.42171289 0.57828711],0.029558334990216758
1097,ROBJOB4F_W27,RELIG,Mormon,[0.39525744 0.60474256],0.0035083032955171897
1098,ROBJOB4F_W27,RELIG,Muslim,[0.56469818 0.43530182],0.0
1099,ROBJOB4F_W27,RELIG,Nothing in particular,[0.38120269 0.61879731],0.008644627286246168
1100,ROBJOB4F_W27,RELIG,Orthodox,[0.21567619 0.78432381],0.0
1101,ROBJOB4F_W27,RELIG,Other,[0.39643796 0.60356204],0.0237534760646703
1102,ROBJOB4F_W27,RELIG,Protestant,[0.39181847 0.60818153],0.008215633142823888
1103,ROBJOB4F_W27,RELIG,Roman Catholic,[0.40524876 0.59475124],0.008326726963910966
1104,ROBJOB5D_W27,RELIG,Agnostic,[0.11678827 0.43429486 0.32876484 0.12015203],0.008275454325965485
1105,ROBJOB5D_W27,RELIG,Atheist,[0.13175701 0.2418542  0.48729908 0.13908971],0.01623414480535962
1106,ROBJOB5D_W27,RELIG,Buddhist,[0.19716195 0.65103587 0.1493989  0.00240328],0.0
1107,ROBJOB5D_W27,RELIG,Hindu,[0.37675177 0.27691385 0.31223405 0.03410033],0.020585510153222155
1108,ROBJOB5D_W27,RELIG,Jewish,[0.19307789 0.33285518 0.42757046 0.04649647],0.014126528807339825
1109,ROBJOB5D_W27,RELIG,Mormon,[0.03339388 0.50701889 0.26313783 0.19644941],0.0
1110,ROBJOB5D_W27,RELIG,Muslim,[0.2842518  0.25953937 0.38342956 0.07277927],0.0
1111,ROBJOB5D_W27,RELIG,Nothing in particular,[0.26144195 0.35109517 0.28137121 0.10609167],0.012467727306446632
1112,ROBJOB5D_W27,RELIG,Orthodox,[0.08196682 0.3214908  0.54986027 0.04668211],0.0030840790771664607
1113,ROBJOB5D_W27,RELIG,Other,[0.22432449 0.28735905 0.44193015 0.04638631],0.02914418444922773
1114,ROBJOB5D_W27,RELIG,Protestant,[0.20641435 0.38798029 0.25506888 0.15053648],0.01384883426115253
1115,ROBJOB5D_W27,RELIG,Roman Catholic,[0.22466155 0.39384579 0.26965407 0.11183859],0.010243898213992516
1116,CARS5_W27,RELIG,Agnostic,[0.58978528 0.41021472],0.0
1117,CARS5_W27,RELIG,Atheist,[0.71731844 0.28268156],0.006061786645859536
1118,CARS5_W27,RELIG,Buddhist,[0.7742509 0.2257491],0.0
1119,CARS5_W27,RELIG,Hindu,[0.7567446 0.2432554],0.0
1120,CARS5_W27,RELIG,Jewish,[0.56635161 0.43364839],0.0
1121,CARS5_W27,RELIG,Mormon,[0.43972681 0.56027319],0.0
1122,CARS5_W27,RELIG,Muslim,[0.53178838 0.46821162],0.0
1123,CARS5_W27,RELIG,Nothing in particular,[0.43844066 0.56155934],0.0019378333133515842
1124,CARS5_W27,RELIG,Orthodox,[0.26953018 0.73046982],0.0
1125,CARS5_W27,RELIG,Other,[0.51827965 0.48172035],0.001990760352831451
1126,CARS5_W27,RELIG,Protestant,[0.35039236 0.64960764],0.0009678420203556424
1127,CARS5_W27,RELIG,Roman Catholic,[0.4413624 0.5586376],0.009983471183587413
1128,ROBJOB8C_W27,RELIG,Agnostic,[0.04468325 0.16833523 0.57021842 0.21676311],0.0
1129,ROBJOB8C_W27,RELIG,Atheist,[0.03179535 0.22229259 0.47464991 0.27126214],0.0
1130,ROBJOB8C_W27,RELIG,Buddhist,[0.         0.10805764 0.72874986 0.1631925 ],0.0
1131,ROBJOB8C_W27,RELIG,Hindu,[0.25763161 0.17919101 0.42755532 0.13562206],0.0
1132,ROBJOB8C_W27,RELIG,Jewish,[0.06031587 0.13470873 0.43167113 0.37330427],0.0
1133,ROBJOB8C_W27,RELIG,Mormon,[0.0031269  0.20169269 0.39003838 0.40514202],0.0
1134,ROBJOB8C_W27,RELIG,Muslim,[0.07665801 0.14513792 0.44530482 0.33289925],0.0
1135,ROBJOB8C_W27,RELIG,Nothing in particular,[0.06767409 0.18136109 0.3979357  0.35302912],0.008161801118027296
1136,ROBJOB8C_W27,RELIG,Orthodox,[0.04952236 0.2315938  0.64154801 0.07733583],0.0
1137,ROBJOB8C_W27,RELIG,Other,[0.0085482  0.21886422 0.48187303 0.29071455],0.019860365190944126
1138,ROBJOB8C_W27,RELIG,Protestant,[0.03066005 0.12486327 0.46020549 0.38427119],0.004708651496789375
1139,ROBJOB8C_W27,RELIG,Roman Catholic,[0.02314438 0.18507328 0.47542756 0.31635478],0.00704952891724779
1140,ROBJOB8B_W27,RELIG,Agnostic,[0.10461978 0.44302237 0.34737901 0.10497885],0.001502824466097224
1141,ROBJOB8B_W27,RELIG,Atheist,[0.15415952 0.43273172 0.35518598 0.05792278],0.0
1142,ROBJOB8B_W27,RELIG,Buddhist,[0.03775999 0.4223377  0.38574226 0.15416005],0.0
1143,ROBJOB8B_W27,RELIG,Hindu,[0.29715929 0.45773139 0.06744849 0.17766084],0.0
1144,ROBJOB8B_W27,RELIG,Jewish,[0.0641727  0.30187339 0.48637043 0.14758348],0.0
1145,ROBJOB8B_W27,RELIG,Mormon,[0.02930954 0.30579117 0.61988539 0.0450139 ],0.0
1146,ROBJOB8B_W27,RELIG,Muslim,[0.43081646 0.21350104 0.29233544 0.06334706],0.0
1147,ROBJOB8B_W27,RELIG,Nothing in particular,[0.16899308 0.35743434 0.33097933 0.14259325],0.008622343490797442
1148,ROBJOB8B_W27,RELIG,Orthodox,[0.20088657 0.36335157 0.42767605 0.00808581],0.0
1149,ROBJOB8B_W27,RELIG,Other,[0.15563325 0.33616753 0.39697463 0.11122459],0.019860365190944123
1150,ROBJOB8B_W27,RELIG,Protestant,[0.12222643 0.33997854 0.40686519 0.13092984],0.006549281111084593
1151,ROBJOB8B_W27,RELIG,Roman Catholic,[0.10245699 0.38811183 0.37925769 0.1301735 ],0.011128013781702388
0,CAREGIV2_W27,RELIGATTEND,A few times a year,[0.1477531  0.50033526 0.25585151 0.09606013],0.0006601141125336519
1,CAREGIV2_W27,RELIGATTEND,More than once a week,[0.0956589  0.37227803 0.26575796 0.26630511],0.017850743190194068
2,CAREGIV2_W27,RELIGATTEND,Never,[0.11402021 0.46560335 0.33277078 0.08760566],0.0
3,CAREGIV2_W27,RELIGATTEND,Once a week,[0.04363469 0.45898775 0.3380677  0.15930986],0.0
4,CAREGIV2_W27,RELIGATTEND,Once or twice a month,[0.11030976 0.6440119  0.16918737 0.07649096],0.00582589489716089
5,CAREGIV2_W27,RELIGATTEND,Seldom,[0.10151043 0.50915491 0.29977769 0.08955698],0.0016171123110301636
6,ROBJOB1_W27,RELIGATTEND,A few times a year,[0.26879181 0.65142227 0.07978592],0.0014484856630047685
7,ROBJOB1_W27,RELIGATTEND,More than once a week,[0.16975392 0.6616232  0.16862288],0.005704729769702138
8,ROBJOB1_W27,RELIGATTEND,Never,[0.25814043 0.605718   0.13614157],0.0035341807526651694
9,ROBJOB1_W27,RELIGATTEND,Once a week,[0.22421849 0.60902808 0.16675343],0.0005688171571850983
10,ROBJOB1_W27,RELIGATTEND,Once or twice a month,[0.27115943 0.55318304 0.17565753],0.0007432473807885603
11,ROBJOB1_W27,RELIGATTEND,Seldom,[0.23448247 0.5998484  0.16566914],0.001882256246734409
12,WORK3A_W27,RELIGATTEND,A few times a year,[0.27991487 0.21583939 0.50424573],0.017713248199481148
13,WORK3A_W27,RELIGATTEND,More than once a week,[0.24323837 0.18517582 0.5715858 ],0.0
14,WORK3A_W27,RELIGATTEND,Never,[0.28075293 0.09677417 0.6224729 ],0.00533815041454723
15,WORK3A_W27,RELIGATTEND,Once a week,[0.28186759 0.17424568 0.54388673],0.0033778728130987217
16,WORK3A_W27,RELIGATTEND,Once or twice a month,[0.29141243 0.14601289 0.56257468],0.011655093046823255
17,WORK3A_W27,RELIGATTEND,Seldom,[0.27310998 0.10690352 0.6199865 ],0.0017002544067595087
18,ROBJOB3A_W27,RELIGATTEND,A few times a year,[0.06128541 0.30440859 0.45228985 0.18201615],0.002709828866273848
19,ROBJOB3A_W27,RELIGATTEND,More than once a week,[0.06896766 0.21725163 0.41514535 0.29863536],0.008560028990331658
20,ROBJOB3A_W27,RELIGATTEND,Never,[0.05913504 0.29191312 0.44920748 0.19974435],0.0018496816248301008
21,ROBJOB3A_W27,RELIGATTEND,Once a week,[0.04889701 0.22972582 0.55348006 0.16789711],0.002385483358904832
22,ROBJOB3A_W27,RELIGATTEND,Once or twice a month,[0.08751538 0.2415447  0.4384639  0.23247602],0.006929741517789414
23,ROBJOB3A_W27,RELIGATTEND,Seldom,[0.04310073 0.27797626 0.47684479 0.20207823],0.003412288380342536
24,WORK5A_W27,RELIGATTEND,A few times a year,[0.04143186 0.93031661 0.02825153],0.0030693186845328507
25,WORK5A_W27,RELIGATTEND,More than once a week,[0.01404484 0.95073209 0.03522307],0.001234464814747534
26,WORK5A_W27,RELIGATTEND,Never,[0.01085247 0.95259123 0.0365563 ],0.0049330373731869106
27,WORK5A_W27,RELIGATTEND,Once a week,[0.01722266 0.9466999  0.03607743],0.0011049089902025314
28,WORK5A_W27,RELIGATTEND,Once or twice a month,[0.03876338 0.92757195 0.03366468],0.0
29,WORK5A_W27,RELIGATTEND,Seldom,[0.02891552 0.92245409 0.04863039],0.00269111456231102
30,WORK4C_W27,RELIGATTEND,A few times a year,[0.50876884 0.13652143 0.35470972],0.0
31,WORK4C_W27,RELIGATTEND,More than once a week,[0.389142   0.20414425 0.40671374],0.0
32,WORK4C_W27,RELIGATTEND,Never,[0.49761671 0.09621699 0.4061663 ],0.003155058423507571
33,WORK4C_W27,RELIGATTEND,Once a week,[0.49511471 0.11885036 0.38603493],0.0
34,WORK4C_W27,RELIGATTEND,Once or twice a month,[0.46865708 0.12413963 0.4072033 ],0.005051253766539763
35,WORK4C_W27,RELIGATTEND,Seldom,[0.39554282 0.15408208 0.4503751 ],0.004069272821073901
36,WORK4A_W27,RELIGATTEND,A few times a year,[0.422756   0.30450095 0.27274306],0.0
37,WORK4A_W27,RELIGATTEND,More than once a week,[0.32645802 0.21676889 0.4567731 ],0.0
38,WORK4A_W27,RELIGATTEND,Never,[0.3927773  0.30807637 0.29914633],0.0007516624914195611
39,WORK4A_W27,RELIGATTEND,Once a week,[0.395213   0.31285846 0.29192854],0.0022364017834598823
40,WORK4A_W27,RELIGATTEND,Once or twice a month,[0.46089329 0.22521939 0.31388732],0.0
41,WORK4A_W27,RELIGATTEND,Seldom,[0.34218602 0.30567053 0.35214345],0.0009300091715833364
42,CAREGIV6B_W27,RELIGATTEND,A few times a year,[0.61181148 0.38818852],0.001873586523798678
43,CAREGIV6B_W27,RELIGATTEND,More than once a week,[0.3976013 0.6023987],0.029941251751484377
44,CAREGIV6B_W27,RELIGATTEND,Never,[0.49583132 0.50416868],0.01578801851157674
45,CAREGIV6B_W27,RELIGATTEND,Once a week,[0.54646378 0.45353622],0.007390650531345354
46,CAREGIV6B_W27,RELIGATTEND,Once or twice a month,[0.54468873 0.45531127],0.0073354890471314695
47,CAREGIV6B_W27,RELIGATTEND,Seldom,[0.49041742 0.50958258],0.013987695427848125
48,CAREGIV6E_W27,RELIGATTEND,A few times a year,[0.67193823 0.32806177],0.00253370063633233
49,CAREGIV6E_W27,RELIGATTEND,More than once a week,[0.37494137 0.62505863],0.006599773637826356
50,CAREGIV6E_W27,RELIGATTEND,Never,[0.63644418 0.36355582],0.015212369191868757
51,CAREGIV6E_W27,RELIGATTEND,Once a week,[0.55813088 0.44186912],0.002081271553839914
52,CAREGIV6E_W27,RELIGATTEND,Once or twice a month,[0.6800672 0.3199328],0.0005210797317677733
53,CAREGIV6E_W27,RELIGATTEND,Seldom,[0.57205182 0.42794818],0.0019992748495947107
54,CARS1_W27,RELIGATTEND,A few times a year,[0.35261678 0.59991022 0.047473  ],0.005188015390332813
55,CARS1_W27,RELIGATTEND,More than once a week,[0.35062317 0.56752241 0.08185442],0.001234464814747534
56,CARS1_W27,RELIGATTEND,Never,[0.37695437 0.58467673 0.0383689 ],0.0045537147498972246
57,CARS1_W27,RELIGATTEND,Once a week,[0.33514956 0.59722644 0.067624  ],0.0
58,CARS1_W27,RELIGATTEND,Once or twice a month,[0.3828444  0.54220173 0.07495387],0.0
59,CARS1_W27,RELIGATTEND,Seldom,[0.3089268  0.62718904 0.06388416],0.003538010901920936
60,HIRING7A_W27,RELIGATTEND,A few times a year,[0.23345036 0.50378911 0.26276053],0.0
61,HIRING7A_W27,RELIGATTEND,More than once a week,[0.23684805 0.43697058 0.32618137],0.010350982254922616
62,HIRING7A_W27,RELIGATTEND,Never,[0.16516131 0.55109768 0.28374101],0.0
63,HIRING7A_W27,RELIGATTEND,Once a week,[0.22154186 0.46102114 0.317437  ],0.024535756117630245
64,HIRING7A_W27,RELIGATTEND,Once or twice a month,[0.27531919 0.41948378 0.30519703],0.04337219178508828
65,HIRING7A_W27,RELIGATTEND,Seldom,[0.15008097 0.5474064  0.30251262],0.0076112824235093956
66,WORK7_W27,RELIGATTEND,A few times a year,[0.22595657 0.77404343],0.003912696743059154
67,WORK7_W27,RELIGATTEND,More than once a week,[0.21400162 0.78599838],0.021128510116623776
68,WORK7_W27,RELIGATTEND,Never,[0.15626511 0.84373489],0.010584323786627775
69,WORK7_W27,RELIGATTEND,Once a week,[0.19899011 0.80100989],0.0005068172344750536
70,WORK7_W27,RELIGATTEND,Once or twice a month,[0.1844562 0.8155438],0.0
71,WORK7_W27,RELIGATTEND,Seldom,[0.14950155 0.85049845],0.00991625556834499
72,PREDICTA_W27,RELIGATTEND,A few times a year,[0.19084969 0.62084316 0.16923019 0.01907695],0.0
73,PREDICTA_W27,RELIGATTEND,More than once a week,[0.16014872 0.59962243 0.21060257 0.02962628],0.011352149125258667
74,PREDICTA_W27,RELIGATTEND,Never,[0.26099467 0.53679834 0.18382532 0.01838167],0.006608992141713379
75,PREDICTA_W27,RELIGATTEND,Once a week,[0.21500668 0.54456807 0.19693621 0.04348904],0.0030726720104859136
76,PREDICTA_W27,RELIGATTEND,Once or twice a month,[0.2089023  0.58398493 0.20205693 0.00505583],0.0022115796693641153
77,PREDICTA_W27,RELIGATTEND,Seldom,[0.18936357 0.62327641 0.16848748 0.01887254],0.0047527196726425735
78,VOICE5D_W27,RELIGATTEND,A few times a year,[0.20958428 0.43473443 0.35568129],0.0
79,VOICE5D_W27,RELIGATTEND,More than once a week,[0.3527205  0.31715254 0.33012696],0.0
80,VOICE5D_W27,RELIGATTEND,Never,[0.24496177 0.38699144 0.36804679],0.0
81,VOICE5D_W27,RELIGATTEND,Once a week,[0.21348396 0.42305697 0.36345907],0.0017038813883463594
82,VOICE5D_W27,RELIGATTEND,Once or twice a month,[0.29920942 0.35892908 0.3418615 ],0.0
83,VOICE5D_W27,RELIGATTEND,Seldom,[0.1507678  0.37495684 0.47427536],0.018577717416083137
84,HIRING2_W27,RELIGATTEND,A few times a year,[0.09620177 0.5584392  0.23319742 0.11216162],0.0
85,HIRING2_W27,RELIGATTEND,More than once a week,[0.12074372 0.42303825 0.28193039 0.17428764],0.0
86,HIRING2_W27,RELIGATTEND,Never,[0.11762978 0.45743206 0.31495801 0.10998015],0.0
87,HIRING2_W27,RELIGATTEND,Once a week,[0.12632458 0.40526534 0.28486903 0.18354105],0.0
88,HIRING2_W27,RELIGATTEND,Once or twice a month,[0.09899037 0.60130355 0.18462419 0.11508189],0.0
89,HIRING2_W27,RELIGATTEND,Seldom,[0.12751572 0.46120913 0.3077523  0.10352284],0.004522526564039861
90,ROBJOB8A_W27,RELIGATTEND,A few times a year,[0.15215193 0.37197276 0.3548079  0.12106742],0.00562528331801329
91,ROBJOB8A_W27,RELIGATTEND,More than once a week,[0.11948421 0.35465763 0.34471294 0.18114523],0.0007369417577519457
92,ROBJOB8A_W27,RELIGATTEND,Never,[0.14396323 0.38124567 0.33174583 0.14304527],0.016790665104223147
93,ROBJOB8A_W27,RELIGATTEND,Once a week,[0.19069983 0.33051627 0.37234678 0.10643712],0.002878339646828642
94,ROBJOB8A_W27,RELIGATTEND,Once or twice a month,[0.18257202 0.36962182 0.35570766 0.0920985 ],0.004256905626445888
95,ROBJOB8A_W27,RELIGATTEND,Seldom,[0.13344944 0.43361643 0.34620654 0.08672758],0.005124383500623558
96,ROBJOB4E_W27,RELIGATTEND,A few times a year,[0.29189731 0.70810269],0.004446910492826536
97,ROBJOB4E_W27,RELIGATTEND,More than once a week,[0.24798398 0.75201602],0.0041855695607045445
98,ROBJOB4E_W27,RELIGATTEND,Never,[0.21006741 0.78993259],0.015989009359660165
99,ROBJOB4E_W27,RELIGATTEND,Once a week,[0.2528292 0.7471708],0.0036845010600221467
100,ROBJOB4E_W27,RELIGATTEND,Once or twice a month,[0.33923061 0.66076939],0.0057329594514039335
101,ROBJOB4E_W27,RELIGATTEND,Seldom,[0.21857925 0.78142075],0.005259728616671773
102,CAREGIV1_W27,RELIGATTEND,A few times a year,[0.06514861 0.25750803 0.67734336],0.002307153667555374
103,CAREGIV1_W27,RELIGATTEND,More than once a week,[0.01519968 0.24996358 0.73483673],0.0
104,CAREGIV1_W27,RELIGATTEND,Never,[0.08575526 0.28213565 0.63210909],0.0006365262782654052
105,CAREGIV1_W27,RELIGATTEND,Once a week,[0.02406011 0.34190363 0.63403626],0.0015237735151338045
106,CAREGIV1_W27,RELIGATTEND,Once or twice a month,[0.08265896 0.29871194 0.61862909],0.0
107,CAREGIV1_W27,RELIGATTEND,Seldom,[0.05044176 0.30401797 0.64554027],0.0015685322906753938
108,WORK3C_W27,RELIGATTEND,A few times a year,[0.60665928 0.17878506 0.21455565],0.0030823703787443385
109,WORK3C_W27,RELIGATTEND,More than once a week,[0.5944807  0.19189439 0.21362491],0.0021718956402023157
110,WORK3C_W27,RELIGATTEND,Never,[0.63805686 0.08440725 0.2775359 ],0.0021224481271019443
111,WORK3C_W27,RELIGATTEND,Once a week,[0.57242942 0.24367184 0.18389874],0.02266309863263489
112,WORK3C_W27,RELIGATTEND,Once or twice a month,[0.62372217 0.24466174 0.13161609],0.0014529482962236245
113,WORK3C_W27,RELIGATTEND,Seldom,[0.56645193 0.14685839 0.28668968],0.004503517234827426
114,CARS9A_W27,RELIGATTEND,A few times a year,[0.47198043 0.3442997  0.11894979 0.06477007],0.0001493516446693025
115,CARS9A_W27,RELIGATTEND,More than once a week,[0.44049842 0.37118121 0.10118706 0.08713331],0.001234464814747534
116,CARS9A_W27,RELIGATTEND,Never,[0.48319609 0.31638882 0.13826918 0.06214592],0.0040121397470352545
117,CARS9A_W27,RELIGATTEND,Once a week,[0.477097   0.40183894 0.08578711 0.03527695],0.012156493043118154
118,CARS9A_W27,RELIGATTEND,Once or twice a month,[0.43307128 0.44840622 0.10009299 0.01842952],0.002363428063867666
119,CARS9A_W27,RELIGATTEND,Seldom,[0.4664989  0.36248713 0.13045208 0.0405619 ],0.0040805162547303
120,CARS7B_W27,RELIGATTEND,A few times a year,[0.09961334 0.25317213 0.34760056 0.29961397],0.006876731902309341
121,CARS7B_W27,RELIGATTEND,More than once a week,[0.06002236 0.20079911 0.3028946  0.43628393],0.001234464814747534
122,CARS7B_W27,RELIGATTEND,Never,[0.11538724 0.27469871 0.32291783 0.28699621],0.00047725307151033413
123,CARS7B_W27,RELIGATTEND,Once a week,[0.0448967  0.23639465 0.33884221 0.37986645],0.00018428840183853286
124,CARS7B_W27,RELIGATTEND,Once or twice a month,[0.09068296 0.2656631  0.31593053 0.32772341],0.005114159778583295
125,CARS7B_W27,RELIGATTEND,Seldom,[0.07714845 0.29273394 0.34483332 0.28528429],0.00019115144581047748
126,CARS3A_W27,RELIGATTEND,A few times a year,[0.12235078 0.30685124 0.3792151  0.19158288],0.0
127,CARS3A_W27,RELIGATTEND,More than once a week,[0.09106788 0.21478223 0.32872997 0.36541992],0.001234464814747534
128,CARS3A_W27,RELIGATTEND,Never,[0.14996636 0.29302447 0.35553992 0.20146925],0.007563058673418425
129,CARS3A_W27,RELIGATTEND,Once a week,[0.07701254 0.26560477 0.41325528 0.24412741],0.0003738039210979601
130,CARS3A_W27,RELIGATTEND,Once or twice a month,[0.14077805 0.23441871 0.42534021 0.19946303],0.003331688139080099
131,CARS3A_W27,RELIGATTEND,Seldom,[0.09895435 0.3113709  0.40369653 0.18597822],0.0014789128069829425
132,WORK4B_W27,RELIGATTEND,A few times a year,[0.60739939 0.12715757 0.26544305],0.0020743856656947487
133,WORK4B_W27,RELIGATTEND,More than once a week,[0.47534027 0.12179265 0.40286707],0.03366493790418674
134,WORK4B_W27,RELIGATTEND,Never,[0.57034383 0.10515652 0.32449964],0.0007516624914195611
135,WORK4B_W27,RELIGATTEND,Once a week,[0.54563722 0.11278812 0.34157466],0.004312032618058407
136,WORK4B_W27,RELIGATTEND,Once or twice a month,[0.49084697 0.13542239 0.37373064],0.0
137,WORK4B_W27,RELIGATTEND,Seldom,[0.47354142 0.14088372 0.38557486],0.0024737435395767522
138,CARS9B_W27,RELIGATTEND,A few times a year,[0.31705029 0.39230394 0.22587596 0.06476981],0.003239411552817194
139,CARS9B_W27,RELIGATTEND,More than once a week,[0.38001924 0.36595317 0.12515359 0.128874  ],0.0029034001344648763
140,CARS9B_W27,RELIGATTEND,Never,[0.32891966 0.27589875 0.31845687 0.07672472],0.004375714481015477
141,CARS9B_W27,RELIGATTEND,Once a week,[0.39445022 0.39164801 0.17327328 0.0406285 ],0.0036510228396600857
142,CARS9B_W27,RELIGATTEND,Once or twice a month,[0.31490151 0.36466454 0.24710389 0.07333006],0.00191294190205424
143,CARS9B_W27,RELIGATTEND,Seldom,[0.32368556 0.34973318 0.27220315 0.05437812],0.004544353813741552
144,ROBJOB5C_W27,RELIGATTEND,A few times a year,[0.27902039 0.37469543 0.21575742 0.13052676],0.004741523721559419
145,ROBJOB5C_W27,RELIGATTEND,More than once a week,[0.22474696 0.38720656 0.30559211 0.08245437],0.02031905182381683
146,ROBJOB5C_W27,RELIGATTEND,Never,[0.24114872 0.42200195 0.21081898 0.12603035],0.007183993484621396
147,ROBJOB5C_W27,RELIGATTEND,Once a week,[0.19191378 0.39891983 0.27875828 0.13040811],0.004589023899622457
148,ROBJOB5C_W27,RELIGATTEND,Once or twice a month,[0.1871008  0.43025608 0.25559093 0.12705219],0.007174662529873165
149,ROBJOB5C_W27,RELIGATTEND,Seldom,[0.17485198 0.42880577 0.24819244 0.14814982],0.007805256799384696
150,HIRING1_W27,RELIGATTEND,A few times a year,[0.11614254 0.3737393  0.51011815],0.003067408369452993
151,HIRING1_W27,RELIGATTEND,More than once a week,[0.0983276  0.30574862 0.59592378],0.0
152,HIRING1_W27,RELIGATTEND,Never,[0.0724877  0.31409652 0.61341579],0.0015966976636804617
153,HIRING1_W27,RELIGATTEND,Once a week,[0.10434182 0.28274287 0.61291531],0.0
154,HIRING1_W27,RELIGATTEND,Once or twice a month,[0.11170853 0.4816412  0.40665027],0.0032194716863545806
155,HIRING1_W27,RELIGATTEND,Seldom,[0.06341991 0.3352222  0.60135789],0.0045225265640398615
156,CARS7A_W27,RELIGATTEND,A few times a year,[0.11270861 0.35914682 0.38413446 0.1440101 ],0.0
157,CARS7A_W27,RELIGATTEND,More than once a week,[0.1076828  0.28838655 0.35387049 0.25006016],0.0
158,CARS7A_W27,RELIGATTEND,Never,[0.14258885 0.3708124  0.3406023  0.14599645],0.0004772530715103342
159,CARS7A_W27,RELIGATTEND,Once a week,[0.0751592  0.32367282 0.41258416 0.18858382],0.011479953557093789
160,CARS7A_W27,RELIGATTEND,Once or twice a month,[0.09498071 0.415708   0.30355315 0.18575815],0.0032689347077017247
161,CARS7A_W27,RELIGATTEND,Seldom,[0.10846672 0.42411923 0.31039346 0.15702058],0.0001911514458104775
162,CAREREL_W27,RELIGATTEND,A few times a year,[0.42529458 0.30257727 0.09883066 0.07134384 0.10195365],0.004617508431573427
163,CAREREL_W27,RELIGATTEND,More than once a week,[0.42689249 0.22081137 0.16318095 0.09842482 0.09069038],0.0008998024887717517
164,CAREREL_W27,RELIGATTEND,Never,[0.38105225 0.29293965 0.12384565 0.12692252 0.07523993],0.005220471664022696
165,CAREREL_W27,RELIGATTEND,Once a week,[0.36776336 0.26848548 0.0961027  0.15619599 0.11145248],0.001569746575753314
166,CAREREL_W27,RELIGATTEND,Once or twice a month,[0.50057173 0.25367191 0.13847371 0.05475164 0.05253102],0.0
167,CAREREL_W27,RELIGATTEND,Seldom,[0.38684943 0.28200927 0.14163137 0.10098362 0.0885263 ],0.0008493690500290656
168,PREDICTC_W27,RELIGATTEND,A few times a year,[0.10893187 0.58519978 0.26237645 0.0434919 ],0.0
169,PREDICTC_W27,RELIGATTEND,More than once a week,[0.1045913  0.55585975 0.27029416 0.06925479],0.011436578791823998
170,PREDICTC_W27,RELIGATTEND,Never,[0.15099608 0.49452279 0.31658822 0.03789291],0.0009025539883581805
171,PREDICTC_W27,RELIGATTEND,Once a week,[0.10615075 0.52755761 0.32956491 0.03672674],0.00044438604396039577
172,PREDICTC_W27,RELIGATTEND,Once or twice a month,[0.12452183 0.58866127 0.26511571 0.02170119],0.0003432853403544248
173,PREDICTC_W27,RELIGATTEND,Seldom,[0.10511145 0.52010973 0.34297564 0.03180317],0.0037161653822972546
174,CARS10C_W27,RELIGATTEND,A few times a year,[0.45887962 0.54112038],0.00017444311233120088
175,CARS10C_W27,RELIGATTEND,More than once a week,[0.42331596 0.57668404],0.01999027345534547
176,CARS10C_W27,RELIGATTEND,Never,[0.4572102 0.5427898],0.0010672524887802358
177,CARS10C_W27,RELIGATTEND,Once a week,[0.39650126 0.60349874],0.0039056810837919138
178,CARS10C_W27,RELIGATTEND,Once or twice a month,[0.47431226 0.52568774],0.01738641024240648
179,CARS10C_W27,RELIGATTEND,Seldom,[0.42292475 0.57707525],0.00759219961236415
180,DRONE4C_W27,RELIGATTEND,A few times a year,[0.34333218 0.31981536 0.33685246],0.00414026759767541
181,DRONE4C_W27,RELIGATTEND,More than once a week,[0.36390085 0.28688668 0.34921247],0.0026817012913246505
182,DRONE4C_W27,RELIGATTEND,Never,[0.36447186 0.33787304 0.2976551 ],0.0007797969301717774
183,DRONE4C_W27,RELIGATTEND,Once a week,[0.30047866 0.35119961 0.34832174],0.007449504919235395
184,DRONE4C_W27,RELIGATTEND,Once or twice a month,[0.39734556 0.36530171 0.23735273],0.04372078443236996
185,DRONE4C_W27,RELIGATTEND,Seldom,[0.37150016 0.28128617 0.34721366],0.006557591185450078
186,WORK3B_W27,RELIGATTEND,A few times a year,[0.64979507 0.09365329 0.25655164],0.0021280408978966866
187,WORK3B_W27,RELIGATTEND,More than once a week,[0.74024723 0.04813021 0.21162256],0.0015110634265823372
188,WORK3B_W27,RELIGATTEND,Never,[0.73714275 0.0174341  0.24542315],0.0
189,WORK3B_W27,RELIGATTEND,Once a week,[0.76093899 0.04673514 0.19232586],0.026812867197659726
190,WORK3B_W27,RELIGATTEND,Once or twice a month,[0.70795918 0.07304196 0.21899886],0.01819616408083574
191,WORK3B_W27,RELIGATTEND,Seldom,[0.66995007 0.03426679 0.29578314],0.0
192,CAREGIV3B_W27,RELIGATTEND,A few times a year,[0.10797665 0.34272479 0.43583681 0.11346175],0.012352783052245802
193,CAREGIV3B_W27,RELIGATTEND,More than once a week,[0.20438888 0.34551786 0.30197399 0.14811928],0.0
194,CAREGIV3B_W27,RELIGATTEND,Never,[0.13351407 0.300422   0.43787244 0.12819149],0.0
195,CAREGIV3B_W27,RELIGATTEND,Once a week,[0.1415619  0.41530896 0.34981873 0.09331042],0.0010215179913831867
196,CAREGIV3B_W27,RELIGATTEND,Once or twice a month,[0.16635337 0.32663453 0.44969124 0.05732086],0.009647831776825527
197,CAREGIV3B_W27,RELIGATTEND,Seldom,[0.14194644 0.29422988 0.50324101 0.06058267],0.0
198,WORK3F_W27,RELIGATTEND,A few times a year,[0.47493533 0.16990485 0.35515982],0.007793553349799983
199,WORK3F_W27,RELIGATTEND,More than once a week,[0.45526081 0.18852423 0.35621495],0.002423796544451937
200,WORK3F_W27,RELIGATTEND,Never,[0.49582717 0.10468999 0.39948284],0.0
201,WORK3F_W27,RELIGATTEND,Once a week,[0.51183561 0.09673535 0.39142904],0.0015159421029550786
202,WORK3F_W27,RELIGATTEND,Once or twice a month,[0.5585964  0.10997632 0.33142728],0.0017366713458149237
203,WORK3F_W27,RELIGATTEND,Seldom,[0.42639595 0.09460225 0.4790018 ],0.002197642926195573
204,PREDICTD_W27,RELIGATTEND,A few times a year,[0.05757639 0.39619952 0.47301189 0.0732122 ],0.000734418774723053
205,PREDICTD_W27,RELIGATTEND,More than once a week,[0.03667852 0.38904106 0.48971983 0.08456058],0.008059005451353017
206,PREDICTD_W27,RELIGATTEND,Never,[0.07585374 0.33307664 0.53304155 0.05802808],0.0007931020150333875
207,PREDICTD_W27,RELIGATTEND,Once a week,[0.07534888 0.3573496  0.5101014  0.05720012],0.004346386480109488
208,PREDICTD_W27,RELIGATTEND,Once or twice a month,[0.10626803 0.35235322 0.46065438 0.08072437],0.004192515516491018
209,PREDICTD_W27,RELIGATTEND,Seldom,[0.06324728 0.37337491 0.49522222 0.06815559],0.0029694116521716894
210,WORK2_W27,RELIGATTEND,A few times a year,[0.20204734 0.50369225 0.29426041],0.0010888105560389325
211,WORK2_W27,RELIGATTEND,More than once a week,[0.15146692 0.59451171 0.25402137],0.001456103977021482
212,WORK2_W27,RELIGATTEND,Never,[0.20460222 0.42497684 0.37042094],0.007627491863815162
213,WORK2_W27,RELIGATTEND,Once a week,[0.17966913 0.54065111 0.27967976],0.002348519275817785
214,WORK2_W27,RELIGATTEND,Once or twice a month,[0.1734477  0.58988978 0.23666252],0.0008897504296532507
215,WORK2_W27,RELIGATTEND,Seldom,[0.18282487 0.48445796 0.33271718],0.0019540827046614453
216,HIRING6A_W27,RELIGATTEND,A few times a year,[0.22516984 0.41466848 0.36016169],0.002951975057650532
217,HIRING6A_W27,RELIGATTEND,More than once a week,[0.17137561 0.50291115 0.32571323],0.008478679071834094
218,HIRING6A_W27,RELIGATTEND,Never,[0.25666654 0.44117058 0.30216287],0.0031446335681958085
219,HIRING6A_W27,RELIGATTEND,Once a week,[0.2386301  0.44962891 0.31174099],0.004943517558703301
220,HIRING6A_W27,RELIGATTEND,Once or twice a month,[0.36536694 0.34606188 0.28857118],0.04369589214009323
221,HIRING6A_W27,RELIGATTEND,Seldom,[0.25202185 0.39620246 0.35177569],0.006775675164691113
222,CARS9C_W27,RELIGATTEND,A few times a year,[0.53811661 0.32021399 0.11730462 0.02436478],0.0012700395064932494
223,CARS9C_W27,RELIGATTEND,More than once a week,[0.55090835 0.32290609 0.06426503 0.06192053],0.0
224,CARS9C_W27,RELIGATTEND,Never,[0.49592955 0.33536388 0.139282   0.02942458],0.007178480441122316
225,CARS9C_W27,RELIGATTEND,Once a week,[0.57284846 0.31071069 0.07149261 0.04494825],0.0011857477928441285
226,CARS9C_W27,RELIGATTEND,Once or twice a month,[0.50928635 0.40837031 0.06998899 0.01235435],0.005208422387720357
227,CARS9C_W27,RELIGATTEND,Seldom,[0.53665452 0.35451292 0.08435453 0.02447803],0.0022018637996200486
228,HIRING6B_W27,RELIGATTEND,A few times a year,[0.10671278 0.6353665  0.25792072],0.0
229,HIRING6B_W27,RELIGATTEND,More than once a week,[0.07840529 0.66654372 0.25505099],0.008478679071834094
230,HIRING6B_W27,RELIGATTEND,Never,[0.09355036 0.61723485 0.28921479],0.0031446335681958085
231,HIRING6B_W27,RELIGATTEND,Once a week,[0.15129804 0.56660409 0.28209787],0.0008007235679890736
232,HIRING6B_W27,RELIGATTEND,Once or twice a month,[0.16368389 0.57409686 0.26221925],0.04369589214009323
233,HIRING6B_W27,RELIGATTEND,Seldom,[0.13950208 0.56467495 0.29582297],0.006440186916578008
234,ROBJOB3B_W27,RELIGATTEND,A few times a year,[0.25689744 0.51024673 0.19939152 0.0334643 ],0.0015225890240465813
235,ROBJOB3B_W27,RELIGATTEND,More than once a week,[0.23904632 0.43298789 0.26083407 0.06713172],0.007036834423480073
236,ROBJOB3B_W27,RELIGATTEND,Never,[0.24794409 0.45903182 0.24629473 0.04672936],0.0006859745469532151
237,ROBJOB3B_W27,RELIGATTEND,Once a week,[0.2210998  0.50133179 0.22204334 0.05552507],0.0009146641938779667
238,ROBJOB3B_W27,RELIGATTEND,Once or twice a month,[0.24356887 0.552047   0.16399786 0.04038628],0.004390287616573688
239,ROBJOB3B_W27,RELIGATTEND,Seldom,[0.26476107 0.44885604 0.25147263 0.03491025],0.0034122883803425355
240,DRONE2_W27,RELIGATTEND,A few times a year,[0.59508421 0.40491579],0.0004627211090387403
241,DRONE2_W27,RELIGATTEND,More than once a week,[0.58643138 0.41356862],0.0
242,DRONE2_W27,RELIGATTEND,Never,[0.62182578 0.37817422],0.0
243,DRONE2_W27,RELIGATTEND,Once a week,[0.55964877 0.44035123],0.0
244,DRONE2_W27,RELIGATTEND,Once or twice a month,[0.6461995 0.3538005],0.04217314410978859
245,DRONE2_W27,RELIGATTEND,Seldom,[0.55945049 0.44054951],0.004223920370695841
246,WORK3E_W27,RELIGATTEND,A few times a year,[0.72013113 0.12070724 0.15916163],0.0
247,WORK3E_W27,RELIGATTEND,More than once a week,[0.63984592 0.1111935  0.24896059],0.0
248,WORK3E_W27,RELIGATTEND,Never,[0.73838993 0.08640327 0.17520681],0.0
249,WORK3E_W27,RELIGATTEND,Once a week,[0.66218195 0.15524589 0.18257216],0.0029536351557185687
250,WORK3E_W27,RELIGATTEND,Once or twice a month,[0.69366771 0.14953818 0.15679411],0.005051253766539763
251,WORK3E_W27,RELIGATTEND,Seldom,[0.58508953 0.14839663 0.26651384],0.00484870031030236
252,CAREGIV6A_W27,RELIGATTEND,A few times a year,[0.76773529 0.23226471],0.0026331452205969877
253,CAREGIV6A_W27,RELIGATTEND,More than once a week,[0.56971573 0.43028427],0.005434639057516014
254,CAREGIV6A_W27,RELIGATTEND,Never,[0.6985655 0.3014345],0.014349956430237435
255,CAREGIV6A_W27,RELIGATTEND,Once a week,[0.74434652 0.25565348],0.005255866637167356
256,CAREGIV6A_W27,RELIGATTEND,Once or twice a month,[0.64409829 0.35590171],0.00582589489716089
257,CAREGIV6A_W27,RELIGATTEND,Seldom,[0.6846978 0.3153022],0.0009096276892633318
258,CAREGIV6C_W27,RELIGATTEND,A few times a year,[0.6497226 0.3502774],0.02665951512122843
259,CAREGIV6C_W27,RELIGATTEND,More than once a week,[0.46300346 0.53699654],0.00386693446295336
260,CAREGIV6C_W27,RELIGATTEND,Never,[0.5804023 0.4195977],0.013299420253038503
261,CAREGIV6C_W27,RELIGATTEND,Once a week,[0.51427043 0.48572957],0.0
262,CAREGIV6C_W27,RELIGATTEND,Once or twice a month,[0.57279287 0.42720713],0.0064771196524295626
263,CAREGIV6C_W27,RELIGATTEND,Seldom,[0.5672422 0.4327578],0.0006327146558097245
264,DRONE4D_W27,RELIGATTEND,A few times a year,[0.44010141 0.18239053 0.37750806],0.005077886855354156
265,DRONE4D_W27,RELIGATTEND,More than once a week,[0.36245584 0.26279282 0.37475134],0.0
266,DRONE4D_W27,RELIGATTEND,Never,[0.48515    0.26554783 0.24930217],0.00044332126798141326
267,DRONE4D_W27,RELIGATTEND,Once a week,[0.34082237 0.33100812 0.32816952],0.02802651121644321
268,DRONE4D_W27,RELIGATTEND,Once or twice a month,[0.58772803 0.17429788 0.23797409],0.0421731441097886
269,DRONE4D_W27,RELIGATTEND,Seldom,[0.43807465 0.23406159 0.32786377],0.004223920370695841
270,VOICE3_W27,RELIGATTEND,A few times a year,[0.30747571 0.69252429],0.0
271,VOICE3_W27,RELIGATTEND,More than once a week,[0.47476855 0.52523145],0.0
272,VOICE3_W27,RELIGATTEND,Never,[0.17555937 0.82444063],0.0
273,VOICE3_W27,RELIGATTEND,Once a week,[0.22826121 0.77173879],0.004765773653782926
274,VOICE3_W27,RELIGATTEND,Once or twice a month,[0.30268358 0.69731642],0.0
275,VOICE3_W27,RELIGATTEND,Seldom,[0.25417128 0.74582872],0.027266033213796045
276,CARS10A_W27,RELIGATTEND,A few times a year,[0.79829772 0.20170228],0.003404553431815938
277,CARS10A_W27,RELIGATTEND,More than once a week,[0.67322501 0.32677499],0.0006212605376195071
278,CARS10A_W27,RELIGATTEND,Never,[0.78363881 0.21636119],0.001220569721511387
279,CARS10A_W27,RELIGATTEND,Once a week,[0.70910004 0.29089996],0.0009627788387286525
280,CARS10A_W27,RELIGATTEND,Once or twice a month,[0.73907138 0.26092862],0.0
281,CARS10A_W27,RELIGATTEND,Seldom,[0.74441054 0.25558946],0.004653951621215999
282,CAREGIV6D_W27,RELIGATTEND,A few times a year,[0.64188315 0.35811685],0.007935614156221085
283,CAREGIV6D_W27,RELIGATTEND,More than once a week,[0.7310904 0.2689096],0.0026181913163908104
284,CAREGIV6D_W27,RELIGATTEND,Never,[0.6126501 0.3873499],0.0271444202167804
285,CAREGIV6D_W27,RELIGATTEND,Once a week,[0.66097373 0.33902627],0.007626211301117072
286,CAREGIV6D_W27,RELIGATTEND,Once or twice a month,[0.66641354 0.33358646],0.00582589489716089
287,CAREGIV6D_W27,RELIGATTEND,Seldom,[0.62199379 0.37800621],0.00754058960394191
288,DRONE4A_W27,RELIGATTEND,A few times a year,[0.11532429 0.51992008 0.36475564],0.0
289,DRONE4A_W27,RELIGATTEND,More than once a week,[0.10400288 0.60187544 0.29412168],0.0
290,DRONE4A_W27,RELIGATTEND,Never,[0.16325932 0.46031675 0.37642393],0.0015572463771610803
291,DRONE4A_W27,RELIGATTEND,Once a week,[0.09894662 0.60502605 0.29602733],0.006314752943008349
292,DRONE4A_W27,RELIGATTEND,Once or twice a month,[0.0757492  0.61544024 0.30881056],0.04217314410978859
293,DRONE4A_W27,RELIGATTEND,Seldom,[0.08833631 0.56519147 0.34647222],0.004223920370695841
294,DRONE1_W27,RELIGATTEND,A few times a year,[0.08311777 0.91688223],0.0002688115069978664
295,DRONE1_W27,RELIGATTEND,More than once a week,[0.10740084 0.89259916],0.0022589138404825334
296,DRONE1_W27,RELIGATTEND,Never,[0.10669258 0.89330742],0.0020974117889712373
297,DRONE1_W27,RELIGATTEND,Once a week,[0.04267735 0.95732265],0.0003071135400954774
298,DRONE1_W27,RELIGATTEND,Once or twice a month,[0.1473729 0.8526271],0.042173144109788584
299,DRONE1_W27,RELIGATTEND,Seldom,[0.06234919 0.93765081],0.006766517386284494
300,CARS3B_W27,RELIGATTEND,A few times a year,[0.14361694 0.4614464  0.31144943 0.08348723],0.0
301,CARS3B_W27,RELIGATTEND,More than once a week,[0.17025122 0.42146005 0.26398444 0.14430429],0.001773165383642407
302,CARS3B_W27,RELIGATTEND,Never,[0.16287392 0.32478106 0.37784767 0.13449735],0.0
303,CARS3B_W27,RELIGATTEND,Once a week,[0.12311007 0.46794659 0.29010101 0.11884233],0.0019787536426346952
304,CARS3B_W27,RELIGATTEND,Once or twice a month,[0.14845175 0.38486432 0.412659   0.05402494],0.0
305,CARS3B_W27,RELIGATTEND,Seldom,[0.12321193 0.36535726 0.40401117 0.10741963],0.003538010901920936
306,CAREGIV7_W27,RELIGATTEND,A few times a year,[0.5605791  0.16096311 0.27845779],0.0
307,CAREGIV7_W27,RELIGATTEND,More than once a week,[0.40767341 0.2124808  0.37984579],0.005467969373714071
308,CAREGIV7_W27,RELIGATTEND,Never,[0.43889912 0.20246189 0.358639  ],0.013371706311902994
309,CAREGIV7_W27,RELIGATTEND,Once a week,[0.45513583 0.18052746 0.36433671],0.008315029450176552
310,CAREGIV7_W27,RELIGATTEND,Once or twice a month,[0.52989603 0.22168518 0.2484188 ],0.0
311,CAREGIV7_W27,RELIGATTEND,Seldom,[0.49509659 0.21076745 0.29413596],0.0
312,PREDICTB_W27,RELIGATTEND,A few times a year,[0.12922549 0.50340002 0.34164158 0.02573291],0.0
313,PREDICTB_W27,RELIGATTEND,More than once a week,[0.13430034 0.56443947 0.26854408 0.0327161 ],0.005741588718352721
314,PREDICTB_W27,RELIGATTEND,Never,[0.1342382  0.48882685 0.35597613 0.02095883],0.0033024773800352427
315,PREDICTB_W27,RELIGATTEND,Once a week,[0.14479239 0.51408207 0.31516166 0.02596388],0.00023090833487958442
316,PREDICTB_W27,RELIGATTEND,Once or twice a month,[0.15340894 0.52747337 0.30430473 0.01481296],0.0011246628353079444
317,PREDICTB_W27,RELIGATTEND,Seldom,[0.12593827 0.53859645 0.30923187 0.0262334 ],0.004053931079102437
318,INDUSTRY_W27,RELIGATTEND,A few times a year,"[0.08982023 0.14394055 0.13471026 0.08700566 0.04221355 0.09225146
 0.03654315 0.05850521 0.05732784 0.2140172  0.04366488]",0.0012450935287763884
319,INDUSTRY_W27,RELIGATTEND,More than once a week,"[0.04069359 0.14800777 0.01678656 0.07854779 0.10316602 0.06244571
 0.02006904 0.13120453 0.07858991 0.2613434  0.05914567]",0.0
320,INDUSTRY_W27,RELIGATTEND,Never,"[0.07504425 0.09152649 0.11712    0.09132377 0.10438657 0.07138435
 0.01728764 0.05806152 0.13080195 0.20352497 0.0395385 ]",0.0
321,INDUSTRY_W27,RELIGATTEND,Once a week,"[0.0642521  0.15730956 0.08430659 0.0683541  0.09746738 0.05424791
 0.10371864 0.0969974  0.03301022 0.19274806 0.04758803]",0.0
322,INDUSTRY_W27,RELIGATTEND,Once or twice a month,"[0.01168221 0.14086732 0.1098783  0.15201327 0.08705834 0.04533936
 0.04757045 0.11008569 0.03926034 0.22682135 0.02942336]",0.0
323,INDUSTRY_W27,RELIGATTEND,Seldom,"[0.09922898 0.09246288 0.10721182 0.11239528 0.09835382 0.08466168
 0.0285253  0.05772972 0.05925392 0.21608911 0.04408749]",0.0
324,CAREGIV6F_W27,RELIGATTEND,A few times a year,[0.48295624 0.51704376],0.02701907540703577
325,CAREGIV6F_W27,RELIGATTEND,More than once a week,[0.53562871 0.46437129],0.008459227767036625
326,CAREGIV6F_W27,RELIGATTEND,Never,[0.37620246 0.62379754],0.0322969147484732
327,CAREGIV6F_W27,RELIGATTEND,Once a week,[0.50669364 0.49330636],0.016249117381972468
328,CAREGIV6F_W27,RELIGATTEND,Once or twice a month,[0.35590907 0.64409093],0.009257616236283461
329,CAREGIV6F_W27,RELIGATTEND,Seldom,[0.39393728 0.60606272],0.00977318764663606
330,CARS10E_W27,RELIGATTEND,A few times a year,[0.31093542 0.68906458],0.00017444311233120088
331,CARS10E_W27,RELIGATTEND,More than once a week,[0.27199206 0.72800794],0.0011888775900606083
332,CARS10E_W27,RELIGATTEND,Never,[0.30748034 0.69251966],0.0034751504316953676
333,CARS10E_W27,RELIGATTEND,Once a week,[0.24200304 0.75799696],0.002799267613374437
334,CARS10E_W27,RELIGATTEND,Once or twice a month,[0.26696108 0.73303892],0.0
335,CARS10E_W27,RELIGATTEND,Seldom,[0.26654051 0.73345949],0.005926566992153309
336,ROBJOB8G_W27,RELIGATTEND,A few times a year,[0.23407212 0.46476846 0.23321156 0.06794786],0.00023165446390598402
337,ROBJOB8G_W27,RELIGATTEND,More than once a week,[0.12337602 0.48332655 0.27054619 0.12275125],0.0
338,ROBJOB8G_W27,RELIGATTEND,Never,[0.25817657 0.4202976  0.24841164 0.07311419],0.009562107243075107
339,ROBJOB8G_W27,RELIGATTEND,Once a week,[0.20271836 0.4501777  0.27858057 0.06852336],0.0012300046465825512
340,ROBJOB8G_W27,RELIGATTEND,Once or twice a month,[0.2086258  0.43533137 0.31098072 0.04506211],0.006443400392980179
341,ROBJOB8G_W27,RELIGATTEND,Seldom,[0.20874191 0.41727567 0.30451567 0.06946676],0.005298208771865252
342,ROBJOB2_W27,RELIGATTEND,A few times a year,[0.21064832 0.59559029 0.15528214 0.03847924],0.0027313891698732963
343,ROBJOB2_W27,RELIGATTEND,More than once a week,[0.17003261 0.58215023 0.1697602  0.07805696],0.0034332909022699435
344,ROBJOB2_W27,RELIGATTEND,Never,[0.25294881 0.53000559 0.16906422 0.04798137],0.016736115129764643
345,ROBJOB2_W27,RELIGATTEND,Once a week,[0.14425285 0.60288113 0.1902163  0.06264973],0.01098240231114288
346,ROBJOB2_W27,RELIGATTEND,Once or twice a month,[0.18899172 0.64147707 0.13249764 0.03703358],0.001202791889440452
347,ROBJOB2_W27,RELIGATTEND,Seldom,[0.21738187 0.55790093 0.18469753 0.04001968],0.0008000948198929047
348,VOICE5B_W27,RELIGATTEND,A few times a year,[0.19953522 0.35789843 0.44256635],0.0
349,VOICE5B_W27,RELIGATTEND,More than once a week,[0.15719288 0.45147714 0.39132999],0.0
350,VOICE5B_W27,RELIGATTEND,Never,[0.22995212 0.38346377 0.38658411],0.0
351,VOICE5B_W27,RELIGATTEND,Once a week,[0.27351306 0.39114223 0.33534471],0.0007204746476128643
352,VOICE5B_W27,RELIGATTEND,Once or twice a month,[0.29330031 0.36721994 0.33947975],0.0
353,VOICE5B_W27,RELIGATTEND,Seldom,[0.18599119 0.34651129 0.46749751],0.021709074378436395
354,CARS2_W27,RELIGATTEND,A few times a year,[0.2249439  0.13003658 0.64501952],0.0009138544291927738
355,CARS2_W27,RELIGATTEND,More than once a week,[0.21859384 0.12650518 0.65490098],0.002913667686344404
356,CARS2_W27,RELIGATTEND,Never,[0.24722877 0.10198042 0.65079081],0.0013433061358677115
357,CARS2_W27,RELIGATTEND,Once a week,[0.17988784 0.08831825 0.73179391],0.016552480172450614
358,CARS2_W27,RELIGATTEND,Once or twice a month,[0.22915792 0.161839   0.60900308],0.0063247335148715845
359,CARS2_W27,RELIGATTEND,Seldom,[0.22862706 0.12383255 0.64754038],0.0025800617265549705
360,CARS4_W27,RELIGATTEND,A few times a year,[0.08923155 0.52009369 0.25950078 0.06045364 0.07072034],0.0011298525818256697
361,CARS4_W27,RELIGATTEND,More than once a week,[0.0907197  0.56542149 0.17277115 0.05500039 0.11608727],0.01779470978532708
362,CARS4_W27,RELIGATTEND,Never,[0.05980381 0.58980473 0.22542211 0.04653577 0.07843357],0.0018801045624618113
363,CARS4_W27,RELIGATTEND,Once a week,[0.09117585 0.5439735  0.20903554 0.04660327 0.10921184],0.00018440722647029755
364,CARS4_W27,RELIGATTEND,Once or twice a month,[0.17357063 0.51195846 0.21969515 0.04725153 0.04752423],0.0
365,CARS4_W27,RELIGATTEND,Seldom,[0.08442124 0.58055915 0.24482599 0.03354047 0.05665315],0.0
366,CAREGIV4_W27,RELIGATTEND,A few times a year,[0.48564417 0.51435583],0.0012063737907694544
367,CAREGIV4_W27,RELIGATTEND,More than once a week,[0.30822006 0.69177994],0.002618191316390811
368,CAREGIV4_W27,RELIGATTEND,Never,[0.48692755 0.51307245],0.0
369,CAREGIV4_W27,RELIGATTEND,Once a week,[0.31765274 0.68234726],0.000295355261090362
370,CAREGIV4_W27,RELIGATTEND,Once or twice a month,[0.38628022 0.61371978],0.0
371,CAREGIV4_W27,RELIGATTEND,Seldom,[0.39891246 0.60108754],0.014884629433939759
372,HIRING4_W27,RELIGATTEND,A few times a year,[0.23025759 0.76974241],0.003045026816003567
373,HIRING4_W27,RELIGATTEND,More than once a week,[0.16993646 0.83006354],0.0007262653441025583
374,HIRING4_W27,RELIGATTEND,Never,[0.20909094 0.79090906],0.004438106019846272
375,HIRING4_W27,RELIGATTEND,Once a week,[0.21093124 0.78906876],0.01618708188201972
376,HIRING4_W27,RELIGATTEND,Once or twice a month,[0.31458789 0.68541211],0.09565858124136137
377,HIRING4_W27,RELIGATTEND,Seldom,[0.24601317 0.75398683],0.0052283748326215455
378,HIRING3A_W27,RELIGATTEND,A few times a year,[0.0190413  0.27128153 0.41606063 0.29361654],0.002744142941487884
379,HIRING3A_W27,RELIGATTEND,More than once a week,[0.01554627 0.12438915 0.56486451 0.29520006],0.0
380,HIRING3A_W27,RELIGATTEND,Never,[0.01737913 0.17114538 0.51949993 0.29197555],0.0
381,HIRING3A_W27,RELIGATTEND,Once a week,[0.07847401 0.16342425 0.43648167 0.32162006],0.007827920512080509
382,HIRING3A_W27,RELIGATTEND,Once or twice a month,[0.038954   0.26013727 0.51173382 0.1891749 ],0.0421731441097886
383,HIRING3A_W27,RELIGATTEND,Seldom,[0.02485656 0.18701859 0.53247548 0.25564937],0.004522526564039861
384,ROBJOB8E_W27,RELIGATTEND,A few times a year,[0.41110611 0.40304403 0.1454672  0.04038266],0.005564026063421797
385,ROBJOB8E_W27,RELIGATTEND,More than once a week,[0.31575626 0.37200266 0.21378312 0.09845796],0.0028660947795319633
386,ROBJOB8E_W27,RELIGATTEND,Never,[0.44333755 0.35913572 0.13829338 0.05923334],0.006146042071434755
387,ROBJOB8E_W27,RELIGATTEND,Once a week,[0.3469348  0.39404509 0.18062247 0.07839764],0.0045803585951263775
388,ROBJOB8E_W27,RELIGATTEND,Once or twice a month,[0.37472138 0.39582845 0.17034168 0.0591085 ],0.0
389,ROBJOB8E_W27,RELIGATTEND,Seldom,[0.3655184  0.40453417 0.18403892 0.04590851],0.0028250789277129563
390,VOICE4_W27,RELIGATTEND,A few times a year,[0.363862   0.41212342 0.22401458],0.059816988518901326
391,VOICE4_W27,RELIGATTEND,More than once a week,[0.37842381 0.52880343 0.09277276],0.017350416191158853
392,VOICE4_W27,RELIGATTEND,Never,[0.3801337  0.47385316 0.14601314],0.025590526944830584
393,VOICE4_W27,RELIGATTEND,Once a week,[0.37844324 0.44537705 0.17617971],0.031762807479030396
394,VOICE4_W27,RELIGATTEND,Once or twice a month,[0.46162019 0.43317772 0.10520209],0.027799196231334623
395,VOICE4_W27,RELIGATTEND,Seldom,[0.44990375 0.36631769 0.18377856],0.03916082470168825
396,DRONE4E_W27,RELIGATTEND,A few times a year,[0.27841825 0.42830322 0.29327853],0.00414026759767541
397,DRONE4E_W27,RELIGATTEND,More than once a week,[0.3634919  0.35732135 0.27918675],0.005357890606850561
398,DRONE4E_W27,RELIGATTEND,Never,[0.25866266 0.44767411 0.29366323],0.0
399,DRONE4E_W27,RELIGATTEND,Once a week,[0.21617186 0.50533826 0.27848988],0.0017909275937327488
400,DRONE4E_W27,RELIGATTEND,Once or twice a month,[0.22366636 0.5023279  0.27400574],0.0421731441097886
401,DRONE4E_W27,RELIGATTEND,Seldom,[0.17127801 0.43809082 0.39063116],0.004223920370695841
402,VOICE1_W27,RELIGATTEND,A few times a year,[0.51701531 0.48298469],0.001313274591330865
403,VOICE1_W27,RELIGATTEND,More than once a week,[0.44929703 0.55070297],0.0047267246588432515
404,VOICE1_W27,RELIGATTEND,Never,[0.45234846 0.54765154],0.0
405,VOICE1_W27,RELIGATTEND,Once a week,[0.50340673 0.49659327],0.000370784291445553
406,VOICE1_W27,RELIGATTEND,Once or twice a month,[0.51623417 0.48376583],0.0
407,VOICE1_W27,RELIGATTEND,Seldom,[0.39722567 0.60277433],0.0
408,VOICE5A_W27,RELIGATTEND,A few times a year,[0.50723258 0.36890447 0.12386295],0.0
409,VOICE5A_W27,RELIGATTEND,More than once a week,[0.53257229 0.34929347 0.11813423],0.088822549396389
410,VOICE5A_W27,RELIGATTEND,Never,[0.51641938 0.28861973 0.19496089],0.00805871295740375
411,VOICE5A_W27,RELIGATTEND,Once a week,[0.63625754 0.19038642 0.17335604],0.0025128189043135086
412,VOICE5A_W27,RELIGATTEND,Once or twice a month,[0.64983035 0.23734326 0.11282639],0.0
413,VOICE5A_W27,RELIGATTEND,Seldom,[0.52686021 0.28381106 0.18932873],0.01909261902018695
414,HIRING3B_W27,RELIGATTEND,A few times a year,[0.25962583 0.45130299 0.24462291 0.04444828],0.006112309013580827
415,HIRING3B_W27,RELIGATTEND,More than once a week,[0.23333106 0.44605188 0.28943493 0.03118214],0.0
416,HIRING3B_W27,RELIGATTEND,Never,[0.19098121 0.45137137 0.25350199 0.10414544],0.0
417,HIRING3B_W27,RELIGATTEND,Once a week,[0.25499006 0.46433564 0.19567906 0.08499523],0.006189912686144555
418,HIRING3B_W27,RELIGATTEND,Once or twice a month,[0.25490754 0.45894976 0.25356941 0.03257329],0.04372078443236996
419,HIRING3B_W27,RELIGATTEND,Seldom,[0.15620441 0.48186434 0.29025015 0.0716811 ],0.0045225265640398615
420,HIRING6D_W27,RELIGATTEND,A few times a year,[0.10690176 0.63145198 0.26164626],0.016091714501598433
421,HIRING6D_W27,RELIGATTEND,More than once a week,[0.09655187 0.55955809 0.34389004],0.008478679071834095
422,HIRING6D_W27,RELIGATTEND,Never,[0.10693415 0.59863418 0.29443167],0.0031446335681958085
423,HIRING6D_W27,RELIGATTEND,Once a week,[0.19043467 0.55509178 0.25447354],0.0020995689288233746
424,HIRING6D_W27,RELIGATTEND,Once or twice a month,[0.21488904 0.53960728 0.24550368],0.0421731441097886
425,HIRING6D_W27,RELIGATTEND,Seldom,[0.10216858 0.59961163 0.29821979],0.009827618391196686
426,ROBJOB4A_W27,RELIGATTEND,A few times a year,[0.74190138 0.25809862],0.005161986944809963
427,ROBJOB4A_W27,RELIGATTEND,More than once a week,[0.74034759 0.25965241],0.009825804803997782
428,ROBJOB4A_W27,RELIGATTEND,Never,[0.79304858 0.20695142],0.009563344210880629
429,ROBJOB4A_W27,RELIGATTEND,Once a week,[0.79493557 0.20506443],0.011398434465210704
430,ROBJOB4A_W27,RELIGATTEND,Once or twice a month,[0.77747752 0.22252248],0.006528454856660301
431,ROBJOB4A_W27,RELIGATTEND,Seldom,[0.76169828 0.23830172],0.007263973942182064
432,DRONE4B_W27,RELIGATTEND,A few times a year,[0.21895364 0.54662188 0.23442448],0.005874162214602394
433,DRONE4B_W27,RELIGATTEND,More than once a week,[0.18120062 0.64799308 0.1708063 ],0.0019203962565454123
434,DRONE4B_W27,RELIGATTEND,Never,[0.21919796 0.45710395 0.32369809],0.00016207423588930162
435,DRONE4B_W27,RELIGATTEND,Once a week,[0.17538002 0.58083425 0.24378573],0.001799581433502971
436,DRONE4B_W27,RELIGATTEND,Once or twice a month,[0.25105306 0.58206202 0.16688492],0.0421731441097886
437,DRONE4B_W27,RELIGATTEND,Seldom,[0.18752976 0.52727327 0.28519697],0.004481013504548036
438,WORK6_W27,RELIGATTEND,A few times a year,[0.07327267 0.89534378 0.03138355],0.010082606487801586
439,WORK6_W27,RELIGATTEND,More than once a week,[0.04759383 0.90852652 0.04387965],0.003106909030682663
440,WORK6_W27,RELIGATTEND,Never,[0.03647473 0.92067537 0.04284989],0.007116747255247421
441,WORK6_W27,RELIGATTEND,Once a week,[0.05255013 0.89430285 0.05314702],0.0038677395769854193
442,WORK6_W27,RELIGATTEND,Once or twice a month,[0.05180216 0.92434105 0.02385678],0.0002496178624375833
443,WORK6_W27,RELIGATTEND,Seldom,[0.03585478 0.93298022 0.03116499],0.013915395803904761
444,HIRING6C_W27,RELIGATTEND,A few times a year,[0.26756085 0.41799808 0.31444107],0.0
445,HIRING6C_W27,RELIGATTEND,More than once a week,[0.19613371 0.50906518 0.29480111],0.01037677675910021
446,HIRING6C_W27,RELIGATTEND,Never,[0.30127553 0.37927927 0.3194452 ],0.0031446335681958085
447,HIRING6C_W27,RELIGATTEND,Once a week,[0.29781309 0.40984667 0.29234023],0.00758535831648534
448,HIRING6C_W27,RELIGATTEND,Once or twice a month,[0.34781215 0.44456638 0.20762147],0.0421731441097886
449,HIRING6C_W27,RELIGATTEND,Seldom,[0.23483546 0.42277784 0.3423867 ],0.005713093805666473
450,ROBJOB6_W27,RELIGATTEND,A few times a year,[0.51975329 0.48024671],0.009039551275105896
451,ROBJOB6_W27,RELIGATTEND,More than once a week,[0.42973895 0.57026105],0.009241966813575541
452,ROBJOB6_W27,RELIGATTEND,Never,[0.54261773 0.45738227],0.006292883889653469
453,ROBJOB6_W27,RELIGATTEND,Once a week,[0.47093143 0.52906857],0.01637402084384658
454,ROBJOB6_W27,RELIGATTEND,Once or twice a month,[0.45310077 0.54689923],0.02952680812478159
455,ROBJOB6_W27,RELIGATTEND,Seldom,[0.52539053 0.47460947],0.0230753367769493
456,ROBJOB9_W27,RELIGATTEND,A few times a year,[0.10785274 0.265037   0.36223277 0.26487748],0.0009975011632431979
457,ROBJOB9_W27,RELIGATTEND,More than once a week,[0.03098343 0.23602125 0.35158735 0.38140797],0.0
458,ROBJOB9_W27,RELIGATTEND,Never,[0.05856584 0.18686495 0.42256007 0.33200913],0.0
459,ROBJOB9_W27,RELIGATTEND,Once a week,[0.0251396  0.23293564 0.39162829 0.35029647],0.00042440419592243856
460,ROBJOB9_W27,RELIGATTEND,Once or twice a month,[0.05193412 0.26141352 0.41375198 0.27290038],0.0
461,ROBJOB9_W27,RELIGATTEND,Seldom,[0.08407927 0.24475009 0.43108623 0.24008441],0.0
462,ROBJOB4B_W27,RELIGATTEND,A few times a year,[0.61584707 0.38415293],0.0026168602576207485
463,ROBJOB4B_W27,RELIGATTEND,More than once a week,[0.66831316 0.33168684],0.0044937863482440825
464,ROBJOB4B_W27,RELIGATTEND,Never,[0.63089068 0.36910932],0.007254618122517405
465,ROBJOB4B_W27,RELIGATTEND,Once a week,[0.673948 0.326052],0.0009817499566246355
466,ROBJOB4B_W27,RELIGATTEND,Once or twice a month,[0.58898063 0.41101937],0.0028498144262343794
467,ROBJOB4B_W27,RELIGATTEND,Seldom,[0.65164392 0.34835608],0.0030850526396655883
468,ROBJOB8D_W27,RELIGATTEND,A few times a year,[0.13765964 0.26873873 0.40020056 0.19340107],0.0003489406279665106
469,ROBJOB8D_W27,RELIGATTEND,More than once a week,[0.05364157 0.36191507 0.35062104 0.23382232],0.0005676170524411012
470,ROBJOB8D_W27,RELIGATTEND,Never,[0.10689452 0.34868653 0.36764276 0.17677619],0.0063325826556349845
471,ROBJOB8D_W27,RELIGATTEND,Once a week,[0.06671257 0.30306039 0.42393433 0.20629271],0.0011708022785158216
472,ROBJOB8D_W27,RELIGATTEND,Once or twice a month,[0.11381194 0.365548   0.34327801 0.17736205],0.004249771094776286
473,ROBJOB8D_W27,RELIGATTEND,Seldom,[0.09913    0.29838088 0.411284   0.19120513],0.0039002968901205946
474,CAREGIV3A_W27,RELIGATTEND,A few times a year,[0.09115825 0.37768168 0.36963249 0.16152758],0.0
475,CAREGIV3A_W27,RELIGATTEND,More than once a week,[0.07215408 0.26067788 0.3490514  0.31811664],0.0
476,CAREGIV3A_W27,RELIGATTEND,Never,[0.1264461  0.3896844  0.30980014 0.17406936],0.012779961393994689
477,CAREGIV3A_W27,RELIGATTEND,Once a week,[0.05975965 0.29563355 0.43422624 0.21038056],0.0010215179913831867
478,CAREGIV3A_W27,RELIGATTEND,Once or twice a month,[0.0867134  0.39437088 0.42499522 0.0939205 ],0.0
479,CAREGIV3A_W27,RELIGATTEND,Seldom,[0.09105672 0.3426067  0.40351976 0.16281682],0.0
480,ROBJOB4D_W27,RELIGATTEND,A few times a year,[0.47300023 0.52699977],0.0009217260317353786
481,ROBJOB4D_W27,RELIGATTEND,More than once a week,[0.37694111 0.62305889],0.006759745769635042
482,ROBJOB4D_W27,RELIGATTEND,Never,[0.46009917 0.53990083],0.012006639297902265
483,ROBJOB4D_W27,RELIGATTEND,Once a week,[0.43414682 0.56585318],0.01548280009372887
484,ROBJOB4D_W27,RELIGATTEND,Once or twice a month,[0.40212577 0.59787423],0.011714355171079502
485,ROBJOB4D_W27,RELIGATTEND,Seldom,[0.41260975 0.58739025],0.0034650976938589762
486,HIRING7B_W27,RELIGATTEND,A few times a year,[0.54753042 0.21214276 0.24032682],0.0
487,HIRING7B_W27,RELIGATTEND,More than once a week,[0.64074199 0.12726212 0.23199589],0.005498616046303475
488,HIRING7B_W27,RELIGATTEND,Never,[0.52456046 0.18515751 0.29028203],0.0
489,HIRING7B_W27,RELIGATTEND,Once a week,[0.59189962 0.16743856 0.24066182],0.024607546434759767
490,HIRING7B_W27,RELIGATTEND,Once or twice a month,[0.61554189 0.16393168 0.22052643],0.04217314410978859
491,HIRING7B_W27,RELIGATTEND,Seldom,[0.59646759 0.16587567 0.23765675],0.0045225265640398615
492,WORK3D_W27,RELIGATTEND,A few times a year,[0.64767882 0.1029931  0.24932808],0.003286784156792224
493,WORK3D_W27,RELIGATTEND,More than once a week,[0.53747545 0.08419766 0.37832689],0.03366493790418674
494,WORK3D_W27,RELIGATTEND,Never,[0.52126381 0.09516326 0.38357293],0.009252456506939531
495,WORK3D_W27,RELIGATTEND,Once a week,[0.57471543 0.10586803 0.31941654],0.021875881061356205
496,WORK3D_W27,RELIGATTEND,Once or twice a month,[0.59825744 0.0958295  0.30591306],0.02533480208928684
497,WORK3D_W27,RELIGATTEND,Seldom,[0.46473559 0.05976733 0.47549708],0.0008423318128002605
498,CARS10D_W27,RELIGATTEND,A few times a year,[0.73030555 0.26969445],0.00017444311233120088
499,CARS10D_W27,RELIGATTEND,More than once a week,[0.63210392 0.36789608],0.0
500,CARS10D_W27,RELIGATTEND,Never,[0.68819222 0.31180778],0.0024357035312375856
501,CARS10D_W27,RELIGATTEND,Once a week,[0.72961797 0.27038203],0.0024856124292815932
502,CARS10D_W27,RELIGATTEND,Once or twice a month,[0.63029479 0.36970521],0.0036110942559072065
503,CARS10D_W27,RELIGATTEND,Seldom,[0.71008586 0.28991414],0.002561499359939999
504,CARS8_W27,RELIGATTEND,A few times a year,[0.25835459 0.39477173 0.34687368],0.001869107334074707
505,CARS8_W27,RELIGATTEND,More than once a week,[0.38938769 0.33660115 0.27401116],0.0018799600898743174
506,CARS8_W27,RELIGATTEND,Never,[0.23781052 0.47153843 0.29065105],0.007477937021399116
507,CARS8_W27,RELIGATTEND,Once a week,[0.35137151 0.29201884 0.35660965],0.004523772118523601
508,CARS8_W27,RELIGATTEND,Once or twice a month,[0.35590015 0.37168589 0.27241396],0.0013198003217138516
509,CARS8_W27,RELIGATTEND,Seldom,[0.3074365  0.40511959 0.28744391],0.006919563696207154
510,ROBJOB5B_W27,RELIGATTEND,A few times a year,[0.51791673 0.33492598 0.11203409 0.03512319],0.002665474155476175
511,ROBJOB5B_W27,RELIGATTEND,More than once a week,[0.47269018 0.37097304 0.12765495 0.02868183],0.008161009994547795
512,ROBJOB5B_W27,RELIGATTEND,Never,[0.46432648 0.34809761 0.14495304 0.04262287],0.0028379548880393974
513,ROBJOB5B_W27,RELIGATTEND,Once a week,[0.43435965 0.42749409 0.10566688 0.03247937],0.003275707731680848
514,ROBJOB5B_W27,RELIGATTEND,Once or twice a month,[0.43811338 0.45431341 0.09670024 0.01087297],0.008159258781006278
515,ROBJOB5B_W27,RELIGATTEND,Seldom,[0.47801388 0.40751088 0.089102   0.02537324],0.007144705277365493
516,ROBJOB8F_W27,RELIGATTEND,A few times a year,[0.09729576 0.27425768 0.38783886 0.24060771],0.0054384287484412555
517,ROBJOB8F_W27,RELIGATTEND,More than once a week,[0.08696824 0.23071164 0.36262042 0.3196997 ],0.0003628498962835864
518,ROBJOB8F_W27,RELIGATTEND,Never,[0.12039534 0.2584746  0.37000565 0.25112441],0.006815184643826093
519,ROBJOB8F_W27,RELIGATTEND,Once a week,[0.10252374 0.24640614 0.36793975 0.28313037],0.0010306701304207205
520,ROBJOB8F_W27,RELIGATTEND,Once or twice a month,[0.10249424 0.3487109  0.2745527  0.27424216],0.003791264341110583
521,ROBJOB8F_W27,RELIGATTEND,Seldom,[0.08927674 0.24443425 0.44047312 0.2258159 ],0.010447164955147935
522,ROBJOB7_W27,RELIGATTEND,A few times a year,[0.40711327 0.59288673],0.009525387355688477
523,ROBJOB7_W27,RELIGATTEND,More than once a week,[0.38556355 0.61443645],0.02674792674860831
524,ROBJOB7_W27,RELIGATTEND,Never,[0.46375841 0.53624159],0.010378269963785818
525,ROBJOB7_W27,RELIGATTEND,Once a week,[0.37794928 0.62205072],0.013408286336441906
526,ROBJOB7_W27,RELIGATTEND,Once or twice a month,[0.42214516 0.57785484],0.002955582815334474
527,ROBJOB7_W27,RELIGATTEND,Seldom,[0.40072911 0.59927089],0.018278102419058688
528,VOICE5C_W27,RELIGATTEND,A few times a year,[0.10918129 0.30007075 0.59074796],0.0
529,VOICE5C_W27,RELIGATTEND,More than once a week,[0.2358362  0.15823074 0.60593306],0.02975895503834885
530,VOICE5C_W27,RELIGATTEND,Never,[0.08008735 0.14421274 0.77569991],0.010234177530483786
531,VOICE5C_W27,RELIGATTEND,Once a week,[0.13447443 0.19420945 0.67131611],0.005581784377092868
532,VOICE5C_W27,RELIGATTEND,Once or twice a month,[0.22753267 0.16526381 0.60720352],0.0
533,VOICE5C_W27,RELIGATTEND,Seldom,[0.14860152 0.21558143 0.63581705],0.032801421987885424
534,CARS10B_W27,RELIGATTEND,A few times a year,[0.80717178 0.19282822],0.0024571522152698005
535,CARS10B_W27,RELIGATTEND,More than once a week,[0.78463719 0.21536281],0.0006212605376195071
536,CARS10B_W27,RELIGATTEND,Never,[0.83127846 0.16872154],0.0028315126145191188
537,CARS10B_W27,RELIGATTEND,Once a week,[0.81041142 0.18958858],0.0005007071698517456
538,CARS10B_W27,RELIGATTEND,Once or twice a month,[0.78107714 0.21892286],0.003048016960322022
539,CARS10B_W27,RELIGATTEND,Seldom,[0.80645871 0.19354129],0.004839775868192153
540,ROBJOB4C_W27,RELIGATTEND,A few times a year,[0.44321266 0.55678734],0.001910840873477597
541,ROBJOB4C_W27,RELIGATTEND,More than once a week,[0.37591455 0.62408545],0.0075300423141041895
542,ROBJOB4C_W27,RELIGATTEND,Never,[0.43789337 0.56210663],0.009962052933708195
543,ROBJOB4C_W27,RELIGATTEND,Once a week,[0.38509194 0.61490806],0.0027201909144132187
544,ROBJOB4C_W27,RELIGATTEND,Once or twice a month,[0.39489003 0.60510997],0.006448922354711703
545,ROBJOB4C_W27,RELIGATTEND,Seldom,[0.46137746 0.53862254],0.008383539684833298
546,ROBJOB4F_W27,RELIGATTEND,A few times a year,[0.44298277 0.55701723],0.002710767287193264
547,ROBJOB4F_W27,RELIGATTEND,More than once a week,[0.4005312 0.5994688],0.00463120871492563
548,ROBJOB4F_W27,RELIGATTEND,Never,[0.41390308 0.58609692],0.011763869792908652
549,ROBJOB4F_W27,RELIGATTEND,Once a week,[0.38700542 0.61299458],0.009384893781699405
550,ROBJOB4F_W27,RELIGATTEND,Once or twice a month,[0.3791776 0.6208224],0.007715825344021988
551,ROBJOB4F_W27,RELIGATTEND,Seldom,[0.3931513 0.6068487],0.007851345876538582
552,ROBJOB5D_W27,RELIGATTEND,A few times a year,[0.21323535 0.38571153 0.28331174 0.11774139],0.001914426585150003
553,ROBJOB5D_W27,RELIGATTEND,More than once a week,[0.24018487 0.3022604  0.33312687 0.12442786],0.01886922810664299
554,ROBJOB5D_W27,RELIGATTEND,Never,[0.22783367 0.31440336 0.33626443 0.12149853],0.015106209769842007
555,ROBJOB5D_W27,RELIGATTEND,Once a week,[0.22502175 0.35098144 0.26052875 0.16346805],0.019943963003485804
556,ROBJOB5D_W27,RELIGATTEND,Once or twice a month,[0.21898996 0.37211079 0.28481271 0.12408654],0.015433191744717542
557,ROBJOB5D_W27,RELIGATTEND,Seldom,[0.17583959 0.46234168 0.2654663  0.09635242],0.008066435018948883
558,CARS5_W27,RELIGATTEND,A few times a year,[0.46108156 0.53891844],0.0021104631914253334
559,CARS5_W27,RELIGATTEND,More than once a week,[0.38213125 0.61786875],0.021013694817111277
560,CARS5_W27,RELIGATTEND,Never,[0.48681756 0.51318244],0.0013963673966553806
561,CARS5_W27,RELIGATTEND,Once a week,[0.33905087 0.66094913],0.0
562,CARS5_W27,RELIGATTEND,Once or twice a month,[0.44657427 0.55342573],0.0
563,CARS5_W27,RELIGATTEND,Seldom,[0.45872782 0.54127218],0.0017780882581323524
564,ROBJOB8C_W27,RELIGATTEND,A few times a year,[0.05868747 0.15740868 0.43653087 0.34737298],0.0
565,ROBJOB8C_W27,RELIGATTEND,More than once a week,[0.02503124 0.14069085 0.45747018 0.37680773],0.0013699130296136357
566,ROBJOB8C_W27,RELIGATTEND,Never,[0.03325565 0.1632124  0.47049026 0.33304169],0.011112885722470668
567,ROBJOB8C_W27,RELIGATTEND,Once a week,[0.03987202 0.1716933  0.42270341 0.36573127],0.010002036697927576
568,ROBJOB8C_W27,RELIGATTEND,Once or twice a month,[0.04024528 0.18461449 0.45506825 0.32007199],0.0
569,ROBJOB8C_W27,RELIGATTEND,Seldom,[0.03252356 0.16144669 0.49880364 0.30722611],0.002645717777233859
570,ROBJOB8B_W27,RELIGATTEND,A few times a year,[0.14248841 0.35285354 0.37161314 0.13304491],0.0034626268665173686
571,ROBJOB8B_W27,RELIGATTEND,More than once a week,[0.06378161 0.38843252 0.39633746 0.15144841],0.006775499070851181
572,ROBJOB8B_W27,RELIGATTEND,Never,[0.16763932 0.37108528 0.33871281 0.12256259],0.01517702694112103
573,ROBJOB8B_W27,RELIGATTEND,Once a week,[0.13335441 0.33615249 0.42084522 0.10964789],0.0048908996990844195
574,ROBJOB8B_W27,RELIGATTEND,Once or twice a month,[0.14538307 0.32499628 0.38150404 0.1481166 ],0.0012017541344542626
575,ROBJOB8B_W27,RELIGATTEND,Seldom,[0.11024513 0.40070133 0.38393565 0.10511789],0.004037983099508487
0,CAREGIV2_W27,POLPARTY,Democrat,[0.0913276  0.48905625 0.29704488 0.12257128],0.0
1,CAREGIV2_W27,POLPARTY,Independent,[0.11455674 0.52214483 0.26624906 0.09704938],0.008989175637491562
2,CAREGIV2_W27,POLPARTY,Other,[0.07865673 0.58631379 0.22898212 0.10604736],0.0
3,CAREGIV2_W27,POLPARTY,Republican,[0.11790175 0.42038367 0.32907902 0.13263556],0.0
4,ROBJOB1_W27,POLPARTY,Democrat,[0.25701681 0.6104909  0.13249229],0.0026096333455120015
5,ROBJOB1_W27,POLPARTY,Independent,[0.2767259  0.60056887 0.12270523],0.002263244287413978
6,ROBJOB1_W27,POLPARTY,Other,[0.22286    0.60822222 0.16891778],0.002296327499469069
7,ROBJOB1_W27,POLPARTY,Republican,[0.18787921 0.63172672 0.18039407],0.001272299655588904
8,WORK3A_W27,POLPARTY,Democrat,[0.29580903 0.12389029 0.58030068],0.007921506914039768
9,WORK3A_W27,POLPARTY,Independent,[0.27757443 0.15162564 0.57079993],0.00986853402937484
10,WORK3A_W27,POLPARTY,Other,[0.29064605 0.13951812 0.56983583],0.0
11,WORK3A_W27,POLPARTY,Republican,[0.2442055  0.16006052 0.59573398],0.004492726134665315
12,ROBJOB3A_W27,POLPARTY,Democrat,[0.08230624 0.30343488 0.45581171 0.15844717],0.005116091319136003
13,ROBJOB3A_W27,POLPARTY,Independent,[0.04893124 0.29120672 0.44685467 0.21300737],0.004354797322148912
14,ROBJOB3A_W27,POLPARTY,Other,[0.03586504 0.27719653 0.51013514 0.17680329],0.0
15,ROBJOB3A_W27,POLPARTY,Republican,[0.04555786 0.18798256 0.50097882 0.26548076],0.000960940755367115
16,WORK5A_W27,POLPARTY,Democrat,[0.02677885 0.9434854  0.02973575],0.0005217197441464727
17,WORK5A_W27,POLPARTY,Independent,[0.03937199 0.92637159 0.03425642],0.00571836582542423
18,WORK5A_W27,POLPARTY,Other,[0.00755606 0.90907731 0.08336663],0.002229773042698906
19,WORK5A_W27,POLPARTY,Republican,[0.00950606 0.9612547  0.02923925],0.0014326898971981062
20,WORK4C_W27,POLPARTY,Democrat,[0.53786482 0.08833055 0.37380463],0.0
21,WORK4C_W27,POLPARTY,Independent,[0.41213544 0.1406548  0.44720976],0.001509537132849938
22,WORK4C_W27,POLPARTY,Other,[0.47480618 0.15766167 0.36753215],0.0
23,WORK4C_W27,POLPARTY,Republican,[0.41610929 0.16431004 0.41958067],0.007797701396652615
24,WORK4A_W27,POLPARTY,Democrat,[0.40838125 0.26939628 0.32222247],0.001661041756001509
25,WORK4A_W27,POLPARTY,Independent,[0.38555085 0.2785076  0.33594155],0.0007570813434471454
26,WORK4A_W27,POLPARTY,Other,[0.32597318 0.31054072 0.36348611],0.0
27,WORK4A_W27,POLPARTY,Republican,[0.3935007  0.33559753 0.27090178],0.0
28,CAREGIV6B_W27,POLPARTY,Democrat,[0.55334301 0.44665699],0.011561168711942498
29,CAREGIV6B_W27,POLPARTY,Independent,[0.51892415 0.48107585],0.007790317021830663
30,CAREGIV6B_W27,POLPARTY,Other,[0.50598086 0.49401914],0.0023576586726537594
31,CAREGIV6B_W27,POLPARTY,Republican,[0.48039068 0.51960932],0.021546361795468143
32,CAREGIV6E_W27,POLPARTY,Democrat,[0.59370041 0.40629959],0.00948717237366473
33,CAREGIV6E_W27,POLPARTY,Independent,[0.61355118 0.38644882],0.002320884294598291
34,CAREGIV6E_W27,POLPARTY,Other,[0.68916976 0.31083024],0.0023576586726537594
35,CAREGIV6E_W27,POLPARTY,Republican,[0.52809478 0.47190522],0.004253756153307555
36,CARS1_W27,POLPARTY,Democrat,[0.35893066 0.59045347 0.05061587],0.007033443896858118
37,CARS1_W27,POLPARTY,Independent,[0.35641586 0.57732404 0.06626011],0.0
38,CARS1_W27,POLPARTY,Other,[0.36335147 0.58339853 0.05325   ],0.0
39,CARS1_W27,POLPARTY,Republican,[0.31342399 0.62846923 0.05810677],0.002613978394091045
40,HIRING7A_W27,POLPARTY,Democrat,[0.17048583 0.54831885 0.28119532],0.01392689356525891
41,HIRING7A_W27,POLPARTY,Independent,[0.19535815 0.55484083 0.24980103],0.015827693368566785
42,HIRING7A_W27,POLPARTY,Other,[0.15147689 0.42749852 0.42102459],0.0
43,HIRING7A_W27,POLPARTY,Republican,[0.25624616 0.433176   0.31057784],0.0014946979294957615
44,WORK7_W27,POLPARTY,Democrat,[0.15334458 0.84665542],0.0045957350987967304
45,WORK7_W27,POLPARTY,Independent,[0.21452889 0.78547111],0.01185889021612925
46,WORK7_W27,POLPARTY,Other,[0.21095324 0.78904676],0.0
47,WORK7_W27,POLPARTY,Republican,[0.16389297 0.83610703],0.00998985555357238
48,PREDICTA_W27,POLPARTY,Democrat,[0.23580952 0.57961626 0.16279729 0.02177693],0.00738382266119206
49,PREDICTA_W27,POLPARTY,Independent,[0.19568488 0.59469248 0.17171035 0.03791228],0.0019803396513353067
50,PREDICTA_W27,POLPARTY,Other,[0.20896868 0.56933725 0.2042218  0.01747227],0.001965336031288705
51,PREDICTA_W27,POLPARTY,Republican,[0.19989794 0.58720865 0.20511442 0.00777899],0.004831025598543803
52,VOICE5D_W27,POLPARTY,Democrat,[0.218516   0.38975926 0.39172475],0.003848668305322761
53,VOICE5D_W27,POLPARTY,Independent,[0.23924861 0.4072911  0.35346028],0.0
54,VOICE5D_W27,POLPARTY,Other,[0.26651726 0.32829597 0.40518677],0.0
55,VOICE5D_W27,POLPARTY,Republican,[0.19834328 0.42903481 0.37262191],0.011819937293202496
56,HIRING2_W27,POLPARTY,Democrat,[0.15056873 0.48966173 0.23502853 0.12474102],0.00023690934358627243
57,HIRING2_W27,POLPARTY,Independent,[0.08948432 0.47888134 0.30372055 0.12791379],0.003172037663209767
58,HIRING2_W27,POLPARTY,Other,[0.12581346 0.49669955 0.26869132 0.10879567],0.0
59,HIRING2_W27,POLPARTY,Republican,[0.09393598 0.45024759 0.31633212 0.13948432],0.0
60,ROBJOB8A_W27,POLPARTY,Democrat,[0.17338747 0.39587339 0.30994478 0.12079435],0.008999139110361177
61,ROBJOB8A_W27,POLPARTY,Independent,[0.14126871 0.37307972 0.38804771 0.09760386],0.008498162661205259
62,ROBJOB8A_W27,POLPARTY,Other,[0.15234333 0.37293246 0.31949519 0.15522901],0.004187906539301159
63,ROBJOB8A_W27,POLPARTY,Republican,[0.13757268 0.36827404 0.36792771 0.12622556],0.003669360587964815
64,ROBJOB4E_W27,POLPARTY,Democrat,[0.27383169 0.72616831],0.006543850433057863
65,ROBJOB4E_W27,POLPARTY,Independent,[0.26407241 0.73592759],0.007852805059510583
66,ROBJOB4E_W27,POLPARTY,Other,[0.21395573 0.78604427],0.0014378868479669388
67,ROBJOB4E_W27,POLPARTY,Republican,[0.20690123 0.79309877],0.005075649631138925
68,CAREGIV1_W27,POLPARTY,Democrat,[0.0643789  0.29204101 0.64358009],0.0012142090057190393
69,CAREGIV1_W27,POLPARTY,Independent,[0.06182121 0.34744596 0.59073283],0.0013926964798149201
70,CAREGIV1_W27,POLPARTY,Other,[0.07999232 0.25772156 0.66228612],0.0010820000068226337
71,CAREGIV1_W27,POLPARTY,Republican,[0.02626099 0.23234594 0.74139307],0.001059357055084785
72,WORK3C_W27,POLPARTY,Democrat,[0.6498102 0.1632654 0.1869244],0.011472290909437143
73,WORK3C_W27,POLPARTY,Independent,[0.59422969 0.16260926 0.24316105],0.0019650104583966107
74,WORK3C_W27,POLPARTY,Other,[0.56992106 0.17471759 0.25536135],0.0026412971357601257
75,WORK3C_W27,POLPARTY,Republican,[0.55845291 0.15550119 0.2860459 ],0.005363592966196102
76,CARS9A_W27,POLPARTY,Democrat,[0.45356147 0.38537922 0.10861702 0.05244229],0.009884618801777593
77,CARS9A_W27,POLPARTY,Independent,[0.45454153 0.37081956 0.12556186 0.04907704],0.0007604201752201368
78,CARS9A_W27,POLPARTY,Other,[0.42252705 0.32968977 0.15904358 0.0887396 ],0.0
79,CARS9A_W27,POLPARTY,Republican,[0.52062416 0.34513431 0.10101895 0.03322258],0.0006323500372442513
80,CARS7B_W27,POLPARTY,Democrat,[0.08073335 0.29184177 0.31851942 0.30890546],0.0010528800176434106
81,CARS7B_W27,POLPARTY,Independent,[0.09850791 0.26946889 0.35190598 0.28011722],0.0009000183662991444
82,CARS7B_W27,POLPARTY,Other,[0.12911911 0.26984925 0.33282138 0.26821027],0.00812520192743672
83,CARS7B_W27,POLPARTY,Republican,[0.04982094 0.20991021 0.33058646 0.40968239],0.0006080431434361405
84,CARS3A_W27,POLPARTY,Democrat,[0.13819674 0.30050195 0.39386847 0.16743285],0.0005726092960855936
85,CARS3A_W27,POLPARTY,Independent,[0.11767459 0.26647749 0.39293748 0.22291043],0.0017854429565238785
86,CARS3A_W27,POLPARTY,Other,[0.12424791 0.33922815 0.3304831  0.20604084],0.0
87,CARS3A_W27,POLPARTY,Republican,[0.07711262 0.25336136 0.39289356 0.27663246],0.0076059222057670555
88,WORK4B_W27,POLPARTY,Democrat,[0.57317323 0.10114607 0.3256807 ],0.011253163486610422
89,WORK4B_W27,POLPARTY,Independent,[0.50006357 0.13704926 0.36288717],0.0020137705514215397
90,WORK4B_W27,POLPARTY,Other,[0.56920449 0.09743014 0.33336537],0.0
91,WORK4B_W27,POLPARTY,Republican,[0.50058136 0.15095424 0.3484644 ],0.0008171122396205301
92,CARS9B_W27,POLPARTY,Democrat,[0.31289974 0.37282913 0.23573856 0.07853256],0.005424131982931757
93,CARS9B_W27,POLPARTY,Independent,[0.33448731 0.34575859 0.25430284 0.06545126],0.001895918144555982
94,CARS9B_W27,POLPARTY,Other,[0.29656352 0.30478266 0.3098282  0.08882563],0.0007871510011901812
95,CARS9B_W27,POLPARTY,Republican,[0.39332306 0.34497044 0.21567738 0.04602912],0.0041750470777207754
96,ROBJOB5C_W27,POLPARTY,Democrat,[0.21104946 0.44216048 0.2280782  0.11871186],0.008316904601326912
97,ROBJOB5C_W27,POLPARTY,Independent,[0.20225862 0.41036605 0.26124133 0.126134  ],0.006134166744091928
98,ROBJOB5C_W27,POLPARTY,Other,[0.19376323 0.37357699 0.26957007 0.16308972],0.0015434762233465622
99,ROBJOB5C_W27,POLPARTY,Republican,[0.2549286  0.37912643 0.23552872 0.13041625],0.003992683277340414
100,HIRING1_W27,POLPARTY,Democrat,[0.09836184 0.34948891 0.55214926],0.0025633323542790538
101,HIRING1_W27,POLPARTY,Independent,[0.08265423 0.32839316 0.58895261],0.004054758167098001
102,HIRING1_W27,POLPARTY,Other,[0.08692908 0.35828442 0.5547865 ],0.0015499833286330316
103,HIRING1_W27,POLPARTY,Republican,[0.08475726 0.31565596 0.59958678],0.0
104,CARS7A_W27,POLPARTY,Democrat,[0.11596942 0.39385024 0.3394206  0.15075975],0.006648546531599068
105,CARS7A_W27,POLPARTY,Independent,[0.12473375 0.38239191 0.34573295 0.14714139],0.0003603459613499614
106,CARS7A_W27,POLPARTY,Other,[0.13874022 0.38621533 0.33541915 0.1396253 ],0.0
107,CARS7A_W27,POLPARTY,Republican,[0.07364794 0.31699573 0.38218407 0.22717226],0.0006323500372442513
108,CAREREL_W27,POLPARTY,Democrat,[0.43799227 0.27542521 0.11526279 0.09290915 0.07841058],0.004674410598846114
109,CAREREL_W27,POLPARTY,Independent,[0.39100402 0.27507883 0.12691026 0.10872615 0.09828074],0.0014512478600188015
110,CAREREL_W27,POLPARTY,Other,[0.3616247  0.33970953 0.12667695 0.09219627 0.07979255],0.0
111,CAREREL_W27,POLPARTY,Republican,[0.38419451 0.26257269 0.13288391 0.13287515 0.08747374],0.002813866075404058
112,PREDICTC_W27,POLPARTY,Democrat,[0.14649845 0.55366595 0.25551139 0.04432421],0.0022621359943188007
113,PREDICTC_W27,POLPARTY,Independent,[0.10853991 0.52430909 0.32617017 0.04098082],0.0013415994124048062
114,PREDICTC_W27,POLPARTY,Other,[0.14769683 0.49486918 0.32167143 0.03576256],0.0
115,PREDICTC_W27,POLPARTY,Republican,[0.08240367 0.5502024  0.33739701 0.02999692],0.004064562475265231
116,CARS10C_W27,POLPARTY,Democrat,[0.41813757 0.58186243],0.002557870972698152
117,CARS10C_W27,POLPARTY,Independent,[0.45598033 0.54401967],0.01153148053401552
118,CARS10C_W27,POLPARTY,Other,[0.44263577 0.55736423],0.0009838179271174348
119,CARS10C_W27,POLPARTY,Republican,[0.42830649 0.57169351],0.006741867245529982
120,DRONE4C_W27,POLPARTY,Democrat,[0.34753486 0.36542302 0.28704212],0.00721833016788746
121,DRONE4C_W27,POLPARTY,Independent,[0.3534522  0.31691735 0.32963045],0.01413549739759947
122,DRONE4C_W27,POLPARTY,Other,[0.40522178 0.25768697 0.33709124],0.0
123,DRONE4C_W27,POLPARTY,Republican,[0.33153163 0.30824824 0.36022013],0.0033270110368151993
124,WORK3B_W27,POLPARTY,Democrat,[0.71415986 0.04723288 0.23860725],0.013588774228635768
125,WORK3B_W27,POLPARTY,Independent,[0.69391944 0.06543428 0.24064629],0.0019547601587268735
126,WORK3B_W27,POLPARTY,Other,[0.63195453 0.03945642 0.32858905],0.0026412971357601257
127,WORK3B_W27,POLPARTY,Republican,[0.75345217 0.02755175 0.21899608],0.0035528888884638074
128,CAREGIV3B_W27,POLPARTY,Democrat,[0.12632285 0.365869   0.40471498 0.10309317],0.007614164956862764
129,CAREGIV3B_W27,POLPARTY,Independent,[0.14118838 0.32535424 0.43584755 0.09760983],0.002586115436484337
130,CAREGIV3B_W27,POLPARTY,Other,[0.19113072 0.25186006 0.48388459 0.07312463],0.0
131,CAREGIV3B_W27,POLPARTY,Republican,[0.13774477 0.33198245 0.42182266 0.10845012],0.0
132,WORK3F_W27,POLPARTY,Democrat,[0.55085454 0.09245406 0.35669141],0.0017449984374685787
133,WORK3F_W27,POLPARTY,Independent,[0.45366211 0.11794033 0.42839756],0.001546654658451649
134,WORK3F_W27,POLPARTY,Other,[0.44294535 0.14575273 0.41130192],0.007590793782452045
135,WORK3F_W27,POLPARTY,Republican,[0.43223943 0.14236495 0.42539562],0.0016549668609583156
136,PREDICTD_W27,POLPARTY,Democrat,[0.08787682 0.38071203 0.46866018 0.06275098],0.0028463140395524654
137,PREDICTD_W27,POLPARTY,Independent,[0.04956599 0.36401958 0.49027501 0.09613942],0.0035035101683642345
138,PREDICTD_W27,POLPARTY,Other,[0.09326413 0.3580754  0.50695733 0.04170315],0.002669811940499383
139,PREDICTD_W27,POLPARTY,Republican,[0.05497659 0.35533845 0.53852314 0.05116183],0.0013814657652877875
140,WORK2_W27,POLPARTY,Democrat,[0.22303815 0.36159086 0.41537099],0.0016838455407473267
141,WORK2_W27,POLPARTY,Independent,[0.20340443 0.49176169 0.30483388],0.005794456578717989
142,WORK2_W27,POLPARTY,Other,[0.23963332 0.49493734 0.26542934],0.0031276670343822
143,WORK2_W27,POLPARTY,Republican,[0.08308471 0.70549941 0.21141588],0.0017988255210581636
144,HIRING6A_W27,POLPARTY,Democrat,[0.26974733 0.38214056 0.34811211],0.00961328552186551
145,HIRING6A_W27,POLPARTY,Independent,[0.24438254 0.43836363 0.31725383],0.014459627206661437
146,HIRING6A_W27,POLPARTY,Other,[0.29573339 0.40830897 0.29595764],0.0
147,HIRING6A_W27,POLPARTY,Republican,[0.20642388 0.46373678 0.32983934],0.0022723412254276464
148,CARS9C_W27,POLPARTY,Democrat,[0.51996452 0.37004536 0.08373187 0.02625824],0.0010232830927472058
149,CARS9C_W27,POLPARTY,Independent,[0.50857312 0.36323284 0.093905   0.03428905],0.0016441942441089903
150,CARS9C_W27,POLPARTY,Other,[0.47769916 0.33631763 0.1352005  0.05078271],0.0005709799837608681
151,CARS9C_W27,POLPARTY,Republican,[0.60331797 0.26884691 0.10459782 0.0232373 ],0.0013045649451340405
152,HIRING6B_W27,POLPARTY,Democrat,[0.1320472  0.53577578 0.33217702],0.0050257493823934254
153,HIRING6B_W27,POLPARTY,Independent,[0.12262202 0.62094935 0.25642863],0.015283292047989961
154,HIRING6B_W27,POLPARTY,Other,[0.16873494 0.57613823 0.25512683],0.0
155,HIRING6B_W27,POLPARTY,Republican,[0.07999647 0.67321901 0.24678452],0.0018827970209879747
156,ROBJOB3B_W27,POLPARTY,Democrat,[0.26789866 0.48181615 0.21772462 0.03256056],0.002457596261713991
157,ROBJOB3B_W27,POLPARTY,Independent,[0.21270669 0.50851015 0.22266421 0.05611895],0.003352996700155126
158,ROBJOB3B_W27,POLPARTY,Other,[0.22335073 0.43901445 0.28341867 0.05421615],0.0
159,ROBJOB3B_W27,POLPARTY,Republican,[0.2778586  0.45668025 0.22541375 0.04004739],0.0011910474032824172
160,DRONE2_W27,POLPARTY,Democrat,[0.59376457 0.40623543],0.0002483425048451406
161,DRONE2_W27,POLPARTY,Independent,[0.6109492 0.3890508],0.01413549739759947
162,DRONE2_W27,POLPARTY,Other,[0.6323476 0.3676524],0.0
163,DRONE2_W27,POLPARTY,Republican,[0.54959531 0.45040469],0.0
164,WORK3E_W27,POLPARTY,Democrat,[0.67314049 0.13569064 0.19116887],0.0006042343563240274
165,WORK3E_W27,POLPARTY,Independent,[0.69009807 0.10796959 0.20193234],0.0019677849322268038
166,WORK3E_W27,POLPARTY,Other,[0.6026653  0.13025167 0.26708303],0.0
167,WORK3E_W27,POLPARTY,Republican,[0.69900728 0.13260102 0.1683917 ],0.005566030734024124
168,CAREGIV6A_W27,POLPARTY,Democrat,[0.73907089 0.26092911],0.011901935803037536
169,CAREGIV6A_W27,POLPARTY,Independent,[0.70467625 0.29532375],0.004279376675061522
170,CAREGIV6A_W27,POLPARTY,Other,[0.65096949 0.34903051],0.0023576586726537594
171,CAREGIV6A_W27,POLPARTY,Republican,[0.6707601 0.3292399],0.0008502907844242745
172,CAREGIV6C_W27,POLPARTY,Democrat,[0.59371034 0.40628966],0.01984309519432121
173,CAREGIV6C_W27,POLPARTY,Independent,[0.54414282 0.45585718],0.004237796392847851
174,CAREGIV6C_W27,POLPARTY,Other,[0.62009397 0.37990603],0.00235765867265376
175,CAREGIV6C_W27,POLPARTY,Republican,[0.53127722 0.46872278],0.002215846776082288
176,DRONE4D_W27,POLPARTY,Democrat,[0.43144897 0.28276088 0.28579015],0.0
177,DRONE4D_W27,POLPARTY,Independent,[0.4822349  0.22026567 0.29749944],0.0205268757087888
178,DRONE4D_W27,POLPARTY,Other,[0.45376389 0.19471931 0.3515168 ],0.026598890190416512
179,DRONE4D_W27,POLPARTY,Republican,[0.39812603 0.26587666 0.33599731],0.0004741370426994351
180,VOICE3_W27,POLPARTY,Democrat,[0.30288517 0.69711483],0.0
181,VOICE3_W27,POLPARTY,Independent,[0.25507918 0.74492082],0.021745510372604436
182,VOICE3_W27,POLPARTY,Other,[0.30316824 0.69683176],0.0
183,VOICE3_W27,POLPARTY,Republican,[0.19578172 0.80421828],0.0031161382277741776
184,CARS10A_W27,POLPARTY,Democrat,[0.75706592 0.24293408],0.0012911938575430471
185,CARS10A_W27,POLPARTY,Independent,[0.7600626 0.2399374],0.002723683509618337
186,CARS10A_W27,POLPARTY,Other,[0.79034269 0.20965731],0.001329668222112402
187,CARS10A_W27,POLPARTY,Republican,[0.71707258 0.28292742],0.0011614245463400356
188,CAREGIV6D_W27,POLPARTY,Democrat,[0.62603066 0.37396934],0.013595344049089452
189,CAREGIV6D_W27,POLPARTY,Independent,[0.64937503 0.35062497],0.0055255117290797
190,CAREGIV6D_W27,POLPARTY,Other,[0.58550252 0.41449748],0.0023576586726537594
191,CAREGIV6D_W27,POLPARTY,Republican,[0.69555136 0.30444864],0.007635169450541962
192,DRONE4A_W27,POLPARTY,Democrat,[0.1221158  0.54662784 0.33125636],0.0008265562709308151
193,DRONE4A_W27,POLPARTY,Independent,[0.09777289 0.53728031 0.3649468 ],0.017738811282454067
194,DRONE4A_W27,POLPARTY,Other,[0.10914128 0.52834583 0.36251289],0.0
195,DRONE4A_W27,POLPARTY,Republican,[0.13161833 0.55136796 0.31701371],0.0
196,DRONE1_W27,POLPARTY,Democrat,[0.08088291 0.91911709],0.0007169178465279718
197,DRONE1_W27,POLPARTY,Independent,[0.10480521 0.89519479],0.01616291406762334
198,DRONE1_W27,POLPARTY,Other,[0.11169954 0.88830046],0.0
199,DRONE1_W27,POLPARTY,Republican,[0.05266975 0.94733025],0.002397347537518921
200,CARS3B_W27,POLPARTY,Democrat,[0.14406215 0.37754838 0.36578068 0.11260879],0.0027601585980373635
201,CARS3B_W27,POLPARTY,Independent,[0.11923657 0.41876132 0.35521826 0.10678385],0.0010855742381590747
202,CARS3B_W27,POLPARTY,Other,[0.15788311 0.35215036 0.34280278 0.14716375],0.0
203,CARS3B_W27,POLPARTY,Republican,[0.16265116 0.40130827 0.33958031 0.09646026],0.00018847365203993795
204,CAREGIV7_W27,POLPARTY,Democrat,[0.44178009 0.19816921 0.36005071],0.010642131902575413
205,CAREGIV7_W27,POLPARTY,Independent,[0.50857851 0.24227114 0.24915035],0.0037547813710465945
206,CAREGIV7_W27,POLPARTY,Other,[0.43241451 0.21021974 0.35736574],0.0
207,CAREGIV7_W27,POLPARTY,Republican,[0.53079443 0.12492481 0.34428076],0.000643552015767634
208,PREDICTB_W27,POLPARTY,Democrat,[0.1605366  0.52953748 0.28773202 0.02219389],0.005259803860421532
209,PREDICTB_W27,POLPARTY,Independent,[0.1478415  0.49032488 0.32203831 0.0397953 ],0.0017933746573830954
210,PREDICTB_W27,POLPARTY,Other,[0.09419588 0.53695522 0.35172937 0.01711952],0.0005393022176393781
211,PREDICTB_W27,POLPARTY,Republican,[0.10888926 0.53014482 0.34863116 0.01233476],0.00024625726808299823
212,INDUSTRY_W27,POLPARTY,Democrat,"[0.08562591 0.14173233 0.08004835 0.06734353 0.13470422 0.05343806
 0.03793898 0.07705299 0.07235984 0.21048819 0.03926761]",0.0
213,INDUSTRY_W27,POLPARTY,Independent,"[0.06256102 0.10707037 0.11517334 0.09876535 0.05910887 0.08940956
 0.02082914 0.08868007 0.09942016 0.21514159 0.04384052]",0.0007411469255110081
214,INDUSTRY_W27,POLPARTY,Other,"[0.08484446 0.09102383 0.15796794 0.1634896  0.05944516 0.05908078
 0.04078346 0.06778872 0.08183807 0.14604715 0.04769084]",0.0
215,INDUSTRY_W27,POLPARTY,Republican,"[0.06612167 0.1255302  0.08506034 0.09332504 0.08550316 0.08651966
 0.06450678 0.05588276 0.03606511 0.25747539 0.0440099 ]",0.0
216,CAREGIV6F_W27,POLPARTY,Democrat,[0.42543168 0.57456832],0.0165493685428805
217,CAREGIV6F_W27,POLPARTY,Independent,[0.41466532 0.58533468],0.01835282525191039
218,CAREGIV6F_W27,POLPARTY,Other,[0.38380879 0.61619121],0.029123988079683166
219,CAREGIV6F_W27,POLPARTY,Republican,[0.47447135 0.52552865],0.003933934256172562
220,CARS10E_W27,POLPARTY,Democrat,[0.30988388 0.69011612],0.0033366810180393645
221,CARS10E_W27,POLPARTY,Independent,[0.28194204 0.71805796],0.0015834568186514797
222,CARS10E_W27,POLPARTY,Other,[0.29241281 0.70758719],0.0013786985178739514
223,CARS10E_W27,POLPARTY,Republican,[0.22818617 0.77181383],0.004897654396483518
224,ROBJOB8G_W27,POLPARTY,Democrat,[0.26126718 0.45572222 0.20802063 0.07498997],0.004631707097546363
225,ROBJOB8G_W27,POLPARTY,Independent,[0.18020826 0.44757386 0.30910912 0.06310877],0.008662427807663521
226,ROBJOB8G_W27,POLPARTY,Other,[0.24269917 0.43614384 0.25868876 0.06246823],0.0
227,ROBJOB8G_W27,POLPARTY,Republican,[0.19310673 0.40636097 0.31924425 0.08128805],0.001582283809475891
228,ROBJOB2_W27,POLPARTY,Democrat,[0.21642058 0.58592783 0.15585419 0.04179739],0.012033720198497357
229,ROBJOB2_W27,POLPARTY,Independent,[0.21094426 0.56909832 0.17153955 0.04841787],0.0014701221933896011
230,ROBJOB2_W27,POLPARTY,Other,[0.21924094 0.54966111 0.15096595 0.080132  ],0.004697022388887624
231,ROBJOB2_W27,POLPARTY,Republican,[0.17513998 0.57672684 0.20640177 0.04173141],0.008304661864205936
232,VOICE5B_W27,POLPARTY,Democrat,[0.25074699 0.37528738 0.37396563],0.005259402184139064
233,VOICE5B_W27,POLPARTY,Independent,[0.25983271 0.32373895 0.41642834],0.0
234,VOICE5B_W27,POLPARTY,Other,[0.08394952 0.56688466 0.34916582],0.0
235,VOICE5B_W27,POLPARTY,Republican,[0.21676589 0.3476732  0.4355609 ],0.011819937293202496
236,CARS2_W27,POLPARTY,Democrat,[0.24239278 0.092175   0.66543223],0.0030584258435929147
237,CARS2_W27,POLPARTY,Independent,[0.23972783 0.1293893  0.63088287],0.0013016104527867921
238,CARS2_W27,POLPARTY,Other,[0.22775233 0.115028   0.65721966],0.00811735479239207
239,CARS2_W27,POLPARTY,Republican,[0.1827178  0.13851115 0.67877105],0.008150233155737555
240,CARS4_W27,POLPARTY,Democrat,[0.11434408 0.56272361 0.21882435 0.04251333 0.06159463],0.00013411848993618732
241,CARS4_W27,POLPARTY,Independent,[0.05409788 0.5794465  0.24801368 0.04021012 0.07823182],0.005221618173317325
242,CARS4_W27,POLPARTY,Other,[0.09531026 0.52193159 0.24075269 0.05042185 0.0915836 ],0.0
243,CARS4_W27,POLPARTY,Republican,[0.0959161  0.54638218 0.21505675 0.05846378 0.08418119],0.0019438455618583787
244,CAREGIV4_W27,POLPARTY,Democrat,[0.41196187 0.58803813],0.00015694739396874074
245,CAREGIV4_W27,POLPARTY,Independent,[0.4393269 0.5606731],0.0
246,CAREGIV4_W27,POLPARTY,Other,[0.50809736 0.49190264],0.0015180604653918905
247,CAREGIV4_W27,POLPARTY,Republican,[0.32078732 0.67921268],0.015069563050487468
248,HIRING4_W27,POLPARTY,Democrat,[0.21422701 0.78577299],0.014981000108432166
249,HIRING4_W27,POLPARTY,Independent,[0.26318092 0.73681908],0.022895598099235692
250,HIRING4_W27,POLPARTY,Other,[0.27212989 0.72787011],0.0036653324254528477
251,HIRING4_W27,POLPARTY,Republican,[0.17254763 0.82745237],0.004193592171540372
252,HIRING3A_W27,POLPARTY,Democrat,[0.05900718 0.25040218 0.43108907 0.25950157],0.0043468306168718334
253,HIRING3A_W27,POLPARTY,Independent,[0.01274008 0.17599831 0.5231675  0.28809412],0.01413549739759947
254,HIRING3A_W27,POLPARTY,Other,[0.04774482 0.23105463 0.52592895 0.19527161],0.0036653324254528477
255,HIRING3A_W27,POLPARTY,Republican,[0.01143937 0.12768482 0.52540233 0.33547348],0.0
256,ROBJOB8E_W27,POLPARTY,Democrat,[0.37396568 0.38315224 0.1756716  0.06721048],0.0026909875053729433
257,ROBJOB8E_W27,POLPARTY,Independent,[0.38399836 0.41112221 0.15630413 0.04857529],0.007465874626523305
258,ROBJOB8E_W27,POLPARTY,Other,[0.4349706  0.33662627 0.15197403 0.07642909],0.0
259,ROBJOB8E_W27,POLPARTY,Republican,[0.37130328 0.39406129 0.17717381 0.05746163],0.004230863106022787
260,VOICE4_W27,POLPARTY,Democrat,[0.43031929 0.42995215 0.13972856],0.026867659799267793
261,VOICE4_W27,POLPARTY,Independent,[0.35406724 0.47532632 0.17060645],0.020738340688428804
262,VOICE4_W27,POLPARTY,Other,[0.3741022  0.47689584 0.14900196],0.0639752349491529
263,VOICE4_W27,POLPARTY,Republican,[0.4386573  0.37748267 0.18386003],0.051283203122155056
264,DRONE4E_W27,POLPARTY,Democrat,[0.25124301 0.49762985 0.25112714],0.002222082385806609
265,DRONE4E_W27,POLPARTY,Independent,[0.23277063 0.42963476 0.33759461],0.01413549739759947
266,DRONE4E_W27,POLPARTY,Other,[0.25073109 0.32050896 0.42875995],0.006224526979015203
267,DRONE4E_W27,POLPARTY,Republican,[0.22346636 0.47727386 0.29925978],0.0
268,VOICE1_W27,POLPARTY,Democrat,[0.49209806 0.50790194],0.0006911502507180334
269,VOICE1_W27,POLPARTY,Independent,[0.45320204 0.54679796],0.0006128079898998288
270,VOICE1_W27,POLPARTY,Other,[0.44703605 0.55296395],0.0
271,VOICE1_W27,POLPARTY,Republican,[0.45009985 0.54990015],0.00025777646819315404
272,VOICE5A_W27,POLPARTY,Democrat,[0.45559838 0.33596193 0.20843969],0.02438726044203401
273,VOICE5A_W27,POLPARTY,Independent,[0.65384439 0.23337958 0.11277603],0.0
274,VOICE5A_W27,POLPARTY,Other,[0.57253794 0.29451604 0.13294601],0.002547472178022303
275,VOICE5A_W27,POLPARTY,Republican,[0.58137659 0.27342599 0.14519742],0.018749346356649484
276,HIRING3B_W27,POLPARTY,Democrat,[0.22648054 0.42183649 0.29216976 0.05951321],0.0036619058374256614
277,HIRING3B_W27,POLPARTY,Independent,[0.1981095  0.4915558  0.23558341 0.07475129],0.01413549739759947
278,HIRING3B_W27,POLPARTY,Other,[0.14132038 0.50789031 0.2420271  0.10876221],0.003665332425452847
279,HIRING3B_W27,POLPARTY,Republican,[0.25015533 0.44518711 0.24319498 0.06146258],0.0026003201479838567
280,HIRING6D_W27,POLPARTY,Democrat,[0.15234443 0.56211794 0.28553764],0.013652049580531971
281,HIRING6D_W27,POLPARTY,Independent,[0.14030734 0.62672358 0.23296908],0.015174421383563659
282,HIRING6D_W27,POLPARTY,Other,[0.09980358 0.53999551 0.36020091],0.009781284210145026
283,HIRING6D_W27,POLPARTY,Republican,[0.09209493 0.6104488  0.29745628],0.0008037572696866246
284,ROBJOB4A_W27,POLPARTY,Democrat,[0.81343601 0.18656399],0.010668645987813878
285,ROBJOB4A_W27,POLPARTY,Independent,[0.73466749 0.26533251],0.006470312791210208
286,ROBJOB4A_W27,POLPARTY,Other,[0.75649606 0.24350394],0.0041005846869359985
287,ROBJOB4A_W27,POLPARTY,Republican,[0.77677717 0.22322283],0.010069316604797445
288,DRONE4B_W27,POLPARTY,Democrat,[0.19046402 0.55697332 0.25256267],0.0034252386504291833
289,DRONE4B_W27,POLPARTY,Independent,[0.18843942 0.57348426 0.23807631],0.01413549739759947
290,DRONE4B_W27,POLPARTY,Other,[0.23801938 0.37413786 0.38784277],0.0
291,DRONE4B_W27,POLPARTY,Republican,[0.2246286  0.53538243 0.23998898],0.0019876312993806792
292,WORK6_W27,POLPARTY,Democrat,[0.05151408 0.91363858 0.03484734],0.0024979024579543695
293,WORK6_W27,POLPARTY,Independent,[0.06090038 0.9152223  0.02387732],0.01952453863404426
294,WORK6_W27,POLPARTY,Other,[0.04914965 0.86641653 0.08443382],0.0021125114255217056
295,WORK6_W27,POLPARTY,Republican,[0.0237347 0.9396787 0.0365866],0.0029398422992439432
296,HIRING6C_W27,POLPARTY,Democrat,[0.30841932 0.35669923 0.33488145],0.008023054586784003
297,HIRING6C_W27,POLPARTY,Independent,[0.29332143 0.37880851 0.32787006],0.014459627206661437
298,HIRING6C_W27,POLPARTY,Other,[0.28029803 0.43319806 0.28650391],0.0
299,HIRING6C_W27,POLPARTY,Republican,[0.20194895 0.54952017 0.24853088],0.0031375427100923236
300,ROBJOB6_W27,POLPARTY,Democrat,[0.66305919 0.33694081],0.020662520000719678
301,ROBJOB6_W27,POLPARTY,Independent,[0.50614126 0.49385874],0.013321895691062895
302,ROBJOB6_W27,POLPARTY,Other,[0.5390774 0.4609226],0.005745874769478553
303,ROBJOB6_W27,POLPARTY,Republican,[0.28818109 0.71181891],0.014117683694723644
304,ROBJOB9_W27,POLPARTY,Democrat,[0.04573976 0.28115437 0.39194374 0.28116214],0.0
305,ROBJOB9_W27,POLPARTY,Independent,[0.0781019  0.22196009 0.43596474 0.26397327],0.0
306,ROBJOB9_W27,POLPARTY,Other,[0.11908972 0.22941993 0.36752931 0.28396105],0.0012380856815278948
307,ROBJOB9_W27,POLPARTY,Republican,[0.04483434 0.18229939 0.40157325 0.37129302],0.0
308,ROBJOB4B_W27,POLPARTY,Democrat,[0.64903762 0.35096238],0.005082151454737128
309,ROBJOB4B_W27,POLPARTY,Independent,[0.6075708 0.3924292],0.0049221923265807335
310,ROBJOB4B_W27,POLPARTY,Other,[0.63885863 0.36114137],0.00038863268544679164
311,ROBJOB4B_W27,POLPARTY,Republican,[0.67047162 0.32952838],0.0013255152433957857
312,ROBJOB8D_W27,POLPARTY,Democrat,[0.10658857 0.33420739 0.38236438 0.17683966],0.0014272907261250905
313,ROBJOB8D_W27,POLPARTY,Independent,[0.08917254 0.34959    0.40470357 0.15653389],0.008060749871356219
314,ROBJOB8D_W27,POLPARTY,Other,[0.14449295 0.32627759 0.34056137 0.18866808],0.0
315,ROBJOB8D_W27,POLPARTY,Republican,[0.07909482 0.25995087 0.39956078 0.26139353],0.00125140541282932
316,CAREGIV3A_W27,POLPARTY,Democrat,[0.09773967 0.34407408 0.36219452 0.19599172],0.00908552900003935
317,CAREGIV3A_W27,POLPARTY,Independent,[0.10259977 0.35657595 0.41219671 0.12862757],0.0006227555427179332
318,CAREGIV3A_W27,POLPARTY,Other,[0.06480772 0.43665047 0.34735064 0.15119116],0.0
319,CAREGIV3A_W27,POLPARTY,Republican,[0.08639927 0.30995744 0.3654861  0.2381572 ],0.0
320,ROBJOB4D_W27,POLPARTY,Democrat,[0.44834705 0.55165295],0.00699680374767082
321,ROBJOB4D_W27,POLPARTY,Independent,[0.45836853 0.54163147],0.008112440424233414
322,ROBJOB4D_W27,POLPARTY,Other,[0.40341489 0.59658511],0.0
323,ROBJOB4D_W27,POLPARTY,Republican,[0.40133432 0.59866568],0.014263784537105275
324,HIRING7B_W27,POLPARTY,Democrat,[0.62028422 0.17413268 0.2055831 ],0.012574477876573174
325,HIRING7B_W27,POLPARTY,Independent,[0.532037   0.19124721 0.27671579],0.015581725852427657
326,HIRING7B_W27,POLPARTY,Other,[0.42163088 0.15867775 0.41969137],0.0
327,HIRING7B_W27,POLPARTY,Republican,[0.64156844 0.16719789 0.19123366],0.0008291428702352091
328,WORK3D_W27,POLPARTY,Democrat,[0.58363884 0.08647115 0.32989001],0.022563365969369246
329,WORK3D_W27,POLPARTY,Independent,[0.56963505 0.06543176 0.36493319],0.008384086559560976
330,WORK3D_W27,POLPARTY,Other,[0.5314144  0.09157095 0.37701465],0.004079514443438357
331,WORK3D_W27,POLPARTY,Republican,[0.48254313 0.11980685 0.39765002],0.004304745914475589
332,CARS10D_W27,POLPARTY,Democrat,[0.68962578 0.31037422],0.0018054696251675944
333,CARS10D_W27,POLPARTY,Independent,[0.69828183 0.30171817],0.0019208014634057272
334,CARS10D_W27,POLPARTY,Other,[0.70138618 0.29861382],0.00038863268544679164
335,CARS10D_W27,POLPARTY,Republican,[0.71061251 0.28938749],0.0032390202200005434
336,CARS8_W27,POLPARTY,Democrat,[0.29655116 0.40359038 0.29985845],0.005030882852228354
337,CARS8_W27,POLPARTY,Independent,[0.28039906 0.4079043  0.31169664],0.007643596141089115
338,CARS8_W27,POLPARTY,Other,[0.23456492 0.44869559 0.31673948],0.001427145678299424
339,CARS8_W27,POLPARTY,Republican,[0.37119707 0.32203395 0.30676898],0.0031188332618476296
340,ROBJOB5B_W27,POLPARTY,Democrat,[0.49520916 0.36160367 0.11255172 0.03063545],0.003757077699929631
341,ROBJOB5B_W27,POLPARTY,Independent,[0.47091802 0.37991934 0.11037902 0.03878362],0.006780690388918877
342,ROBJOB5B_W27,POLPARTY,Other,[0.39781773 0.41968183 0.14497044 0.03753   ],0.001474485274207127
343,ROBJOB5B_W27,POLPARTY,Republican,[0.46687402 0.41405781 0.09822791 0.02084026],0.004334960154295681
344,ROBJOB8F_W27,POLPARTY,Democrat,[0.09492681 0.2586274  0.39196212 0.25448367],0.0023054673867907785
345,ROBJOB8F_W27,POLPARTY,Independent,[0.10053557 0.24601174 0.41696101 0.23649167],0.008840015664795252
346,ROBJOB8F_W27,POLPARTY,Other,[0.11699237 0.23530301 0.35785148 0.28985315],0.014666139006776862
347,ROBJOB8F_W27,POLPARTY,Republican,[0.1055127  0.29339045 0.33350571 0.26759115],0.0016228008452834981
348,ROBJOB7_W27,POLPARTY,Democrat,[0.35238266 0.64761734],0.016733696964583874
349,ROBJOB7_W27,POLPARTY,Independent,[0.45838679 0.54161321],0.005595597672862499
350,ROBJOB7_W27,POLPARTY,Other,[0.42858314 0.57141686],0.02076771960062069
351,ROBJOB7_W27,POLPARTY,Republican,[0.43227321 0.56772679],0.008201185387976397
352,VOICE5C_W27,POLPARTY,Democrat,[0.12144081 0.22356477 0.65499442],0.00748317236198122
353,VOICE5C_W27,POLPARTY,Independent,[0.20237906 0.25008008 0.54754086],0.009607337107172794
354,VOICE5C_W27,POLPARTY,Other,[0.11556418 0.14607421 0.73836161],0.01661796381563533
355,VOICE5C_W27,POLPARTY,Republican,[0.09225544 0.15396922 0.75377534],0.02162140172157329
356,CARS10B_W27,POLPARTY,Democrat,[0.80054872 0.19945128],0.0008794807541286678
357,CARS10B_W27,POLPARTY,Independent,[0.81695919 0.18304081],0.0019464275368532428
358,CARS10B_W27,POLPARTY,Other,[0.82297199 0.17702801],0.0007871510011901812
359,CARS10B_W27,POLPARTY,Republican,[0.80418081 0.19581919],0.007114839957007866
360,ROBJOB4C_W27,POLPARTY,Democrat,[0.45106901 0.54893099],0.006731944788563924
361,ROBJOB4C_W27,POLPARTY,Independent,[0.42691629 0.57308371],0.008324578688081776
362,ROBJOB4C_W27,POLPARTY,Other,[0.43566315 0.56433685],0.004261594167753707
363,ROBJOB4C_W27,POLPARTY,Republican,[0.37877489 0.62122511],0.005342149075857428
364,ROBJOB4F_W27,POLPARTY,Democrat,[0.4090063 0.5909937],0.007383168774037008
365,ROBJOB4F_W27,POLPARTY,Independent,[0.41188046 0.58811954],0.01260815091544834
366,ROBJOB4F_W27,POLPARTY,Other,[0.36303097 0.63696903],0.0007871510011901812
367,ROBJOB4F_W27,POLPARTY,Republican,[0.39902726 0.60097274],0.006835935607929501
368,ROBJOB5D_W27,POLPARTY,Democrat,[0.23134332 0.46353887 0.2446225  0.06049532],0.00929591101404962
369,ROBJOB5D_W27,POLPARTY,Independent,[0.18487785 0.36529269 0.34808704 0.10174242],0.013193196939787866
370,ROBJOB5D_W27,POLPARTY,Other,[0.23522444 0.35101735 0.25659228 0.15716593],0.0038865839275961963
371,ROBJOB5D_W27,POLPARTY,Republican,[0.20310587 0.276019   0.31302131 0.20785382],0.012754215905225125
372,CARS5_W27,POLPARTY,Democrat,[0.49237741 0.50762259],0.0012865974763788955
373,CARS5_W27,POLPARTY,Independent,[0.45129146 0.54870854],0.0011323746566572178
374,CARS5_W27,POLPARTY,Other,[0.4630272 0.5369728],0.01387898800558668
375,CARS5_W27,POLPARTY,Republican,[0.34363666 0.65636334],0.0
376,ROBJOB8C_W27,POLPARTY,Democrat,[0.04520611 0.18626071 0.47044275 0.29809042],0.006273655549251772
377,ROBJOB8C_W27,POLPARTY,Independent,[0.03316861 0.1812029  0.4603738  0.32525469],0.006714135545639288
378,ROBJOB8C_W27,POLPARTY,Other,[0.04635144 0.19632084 0.43597058 0.32135714],0.007616114683078351
379,ROBJOB8C_W27,POLPARTY,Republican,[0.03008954 0.09025241 0.47094682 0.40871123],0.0006474648190778435
380,ROBJOB8B_W27,POLPARTY,Democrat,[0.17162858 0.37089307 0.33437112 0.12310723],0.006004332182687051
381,ROBJOB8B_W27,POLPARTY,Independent,[0.09922677 0.40407493 0.38644338 0.11025492],0.012619893732861508
382,ROBJOB8B_W27,POLPARTY,Other,[0.16457921 0.35223516 0.3635987  0.11958692],0.0
383,ROBJOB8B_W27,POLPARTY,Republican,[0.10231918 0.32235647 0.43177436 0.14354999],0.0044359910854459535
0,CAREGIV2_W27,INCOME,"$100,000 or more",[0.14906123 0.5679595  0.22559175 0.05738753],0.0
1,CAREGIV2_W27,INCOME,"$30,000-$50,000",[0.08680536 0.43821718 0.35719999 0.11777747],0.004496693522200265
2,CAREGIV2_W27,INCOME,"$50,000-$75,000",[0.09381844 0.57669983 0.25066689 0.07881484],0.0
3,CAREGIV2_W27,INCOME,"$75,000-$100,000",[0.08786752 0.49672289 0.30880657 0.10660303],0.001042181040381867
4,CAREGIV2_W27,INCOME,"Less than $30,000",[0.09929234 0.4444158  0.29912768 0.15716418],0.0038620098947348717
5,ROBJOB1_W27,INCOME,"$100,000 or more",[0.30069785 0.6298488  0.06945335],0.005008026773658892
6,ROBJOB1_W27,INCOME,"$30,000-$50,000",[0.24244109 0.60665561 0.1509033 ],0.00019296977103973675
7,ROBJOB1_W27,INCOME,"$50,000-$75,000",[0.17447362 0.70830225 0.11722413],0.0024467215146252966
8,ROBJOB1_W27,INCOME,"$75,000-$100,000",[0.25710768 0.60940116 0.13349116],0.003000119648881027
9,ROBJOB1_W27,INCOME,"Less than $30,000",[0.23980969 0.56578747 0.19440285],0.0018515363496534507
10,WORK3A_W27,INCOME,"$100,000 or more",[0.38747884 0.04704764 0.56547351],0.0022769995692620577
11,WORK3A_W27,INCOME,"$30,000-$50,000",[0.24220386 0.16795284 0.58984331],0.011880723124369429
12,WORK3A_W27,INCOME,"$50,000-$75,000",[0.28333187 0.20067889 0.51598924],0.008521753560411672
13,WORK3A_W27,INCOME,"$75,000-$100,000",[0.31056245 0.07801722 0.61142033],0.0006021375770885178
14,WORK3A_W27,INCOME,"Less than $30,000",[0.20992369 0.18962751 0.6004488 ],0.0078110306999344585
15,ROBJOB3A_W27,INCOME,"$100,000 or more",[0.058984   0.33511312 0.49520196 0.11070092],0.0038478695292414765
16,ROBJOB3A_W27,INCOME,"$30,000-$50,000",[0.03619415 0.22573864 0.49704408 0.24102313],0.006595044517674758
17,ROBJOB3A_W27,INCOME,"$50,000-$75,000",[0.04011322 0.28654401 0.46318454 0.21015823],0.0025401368734479404
18,ROBJOB3A_W27,INCOME,"$75,000-$100,000",[0.05404703 0.2564628  0.50883899 0.18065118],0.0017048124955379655
19,ROBJOB3A_W27,INCOME,"Less than $30,000",[0.07754343 0.25570034 0.44350663 0.2232496 ],0.0015348554232603806
20,WORK5A_W27,INCOME,"$100,000 or more",[0.01331187 0.96531926 0.02136887],0.0009230698341759519
21,WORK5A_W27,INCOME,"$30,000-$50,000",[0.01669698 0.9488958  0.03440721],0.00372136511268219
22,WORK5A_W27,INCOME,"$50,000-$75,000",[0.02225245 0.96696859 0.01077896],0.0018796615383555033
23,WORK5A_W27,INCOME,"$75,000-$100,000",[0.00806806 0.98551793 0.00641401],0.00032159129651146656
24,WORK5A_W27,INCOME,"Less than $30,000",[0.04008454 0.89070351 0.06921195],0.004062458296430096
25,WORK4C_W27,INCOME,"$100,000 or more",[0.55429607 0.08572096 0.35998297],0.0041662154348358
26,WORK4C_W27,INCOME,"$30,000-$50,000",[0.45272433 0.14266269 0.40461298],0.0023030114238820816
27,WORK4C_W27,INCOME,"$50,000-$75,000",[0.42571091 0.10552687 0.46876222],0.0
28,WORK4C_W27,INCOME,"$75,000-$100,000",[0.49595919 0.15830816 0.34573265],0.0
29,WORK4C_W27,INCOME,"Less than $30,000",[0.40871213 0.1541853  0.43710257],0.003574102737491699
30,WORK4A_W27,INCOME,"$100,000 or more",[0.4983349  0.27300574 0.22865935],0.0
31,WORK4A_W27,INCOME,"$30,000-$50,000",[0.31587403 0.32148473 0.36264124],0.0
32,WORK4A_W27,INCOME,"$50,000-$75,000",[0.38162647 0.32505654 0.29331699],0.0007844927723144506
33,WORK4A_W27,INCOME,"$75,000-$100,000",[0.45475085 0.31193155 0.2333176 ],0.002769985606091194
34,WORK4A_W27,INCOME,"Less than $30,000",[0.31576818 0.26336698 0.42086484],0.000816840863761792
35,CAREGIV6B_W27,INCOME,"$100,000 or more",[0.63011008 0.36988992],0.006460292918187766
36,CAREGIV6B_W27,INCOME,"$30,000-$50,000",[0.46685169 0.53314831],0.008185323149955858
37,CAREGIV6B_W27,INCOME,"$50,000-$75,000",[0.54415587 0.45584413],0.021020830209406628
38,CAREGIV6B_W27,INCOME,"$75,000-$100,000",[0.53816004 0.46183996],0.0029215040694094327
39,CAREGIV6B_W27,INCOME,"Less than $30,000",[0.48371384 0.51628616],0.014439947962119152
40,CAREGIV6E_W27,INCOME,"$100,000 or more",[0.70855174 0.29144826],0.0016209095141427679
41,CAREGIV6E_W27,INCOME,"$30,000-$50,000",[0.53127061 0.46872939],0.0044057441491315505
42,CAREGIV6E_W27,INCOME,"$50,000-$75,000",[0.61235708 0.38764292],0.0018345107432143246
43,CAREGIV6E_W27,INCOME,"$75,000-$100,000",[0.60165536 0.39834464],0.007155369863523805
44,CAREGIV6E_W27,INCOME,"Less than $30,000",[0.56990013 0.43009987],0.008392337241693281
45,CARS1_W27,INCOME,"$100,000 or more",[0.48376149 0.4880307  0.02820781],0.002859051427545545
46,CARS1_W27,INCOME,"$30,000-$50,000",[0.33974129 0.63273161 0.0275271 ],0.004413096173750693
47,CARS1_W27,INCOME,"$50,000-$75,000",[0.35136075 0.60833442 0.04030483],0.0
48,CARS1_W27,INCOME,"$75,000-$100,000",[0.40130831 0.57241634 0.02627535],0.0002653468133126675
49,CARS1_W27,INCOME,"Less than $30,000",[0.27635094 0.61687859 0.10677047],0.004432354234132969
50,HIRING7A_W27,INCOME,"$100,000 or more",[0.28235041 0.47821846 0.23943113],0.002581380991544357
51,HIRING7A_W27,INCOME,"$30,000-$50,000",[0.13268327 0.52319994 0.34411679],0.00770655835125703
52,HIRING7A_W27,INCOME,"$50,000-$75,000",[0.227329   0.50047491 0.27219609],0.001173761213421987
53,HIRING7A_W27,INCOME,"$75,000-$100,000",[0.22490883 0.50742067 0.2676705 ],0.0017774502358490975
54,HIRING7A_W27,INCOME,"Less than $30,000",[0.1690378  0.51965667 0.31130553],0.022704385704079396
55,WORK7_W27,INCOME,"$100,000 or more",[0.15260585 0.84739415],0.009362736792630545
56,WORK7_W27,INCOME,"$30,000-$50,000",[0.19897649 0.80102351],0.0026491484559440647
57,WORK7_W27,INCOME,"$50,000-$75,000",[0.17355371 0.82644629],0.0022308156950805458
58,WORK7_W27,INCOME,"$75,000-$100,000",[0.17896853 0.82103147],0.0
59,WORK7_W27,INCOME,"Less than $30,000",[0.18114061 0.81885939],0.01440722072142015
60,PREDICTA_W27,INCOME,"$100,000 or more",[0.2129732  0.58238351 0.19809604 0.00654725],0.0031384971112710983
61,PREDICTA_W27,INCOME,"$30,000-$50,000",[0.20890031 0.57214787 0.20677433 0.01217748],0.0021298039391088107
62,PREDICTA_W27,INCOME,"$50,000-$75,000",[0.19922317 0.63046676 0.16336331 0.00694676],0.0023760000650898394
63,PREDICTA_W27,INCOME,"$75,000-$100,000",[0.16330528 0.64903618 0.17195064 0.01570789],0.0005820625380554109
64,PREDICTA_W27,INCOME,"Less than $30,000",[0.23615387 0.54824975 0.17106593 0.04453045],0.008591165497955328
65,VOICE5D_W27,INCOME,"$100,000 or more",[0.24268765 0.41826173 0.33905062],0.000739857463957733
66,VOICE5D_W27,INCOME,"$30,000-$50,000",[0.18767385 0.42868143 0.38364472],0.0
67,VOICE5D_W27,INCOME,"$50,000-$75,000",[0.1913323  0.45560625 0.35306145],0.007192952569013713
68,VOICE5D_W27,INCOME,"$75,000-$100,000",[0.19965264 0.36262495 0.43772241],0.0
69,VOICE5D_W27,INCOME,"Less than $30,000",[0.2533818  0.34765294 0.39896526],0.008444245246041402
70,HIRING2_W27,INCOME,"$100,000 or more",[0.16742748 0.40196087 0.30270912 0.12790253],0.0
71,HIRING2_W27,INCOME,"$30,000-$50,000",[0.09732115 0.46511508 0.31688547 0.1206783 ],0.0050384255793530204
72,HIRING2_W27,INCOME,"$50,000-$75,000",[0.10564072 0.51669672 0.26862433 0.10903823],0.0
73,HIRING2_W27,INCOME,"$75,000-$100,000",[0.11579166 0.45829425 0.29504909 0.13086499],0.0
74,HIRING2_W27,INCOME,"Less than $30,000",[0.11103021 0.50780293 0.24828465 0.13288221],0.00020628389509613147
75,ROBJOB8A_W27,INCOME,"$100,000 or more",[0.09236716 0.35799189 0.40458964 0.14505131],0.004642252733951506
76,ROBJOB8A_W27,INCOME,"$30,000-$50,000",[0.14627249 0.3942458  0.35225219 0.10722952],0.005541636316498577
77,ROBJOB8A_W27,INCOME,"$50,000-$75,000",[0.14187299 0.37631946 0.35172353 0.13008403],0.0015446012621097556
78,ROBJOB8A_W27,INCOME,"$75,000-$100,000",[0.12363863 0.38423748 0.36997734 0.12214655],0.012609490743080693
79,ROBJOB8A_W27,INCOME,"Less than $30,000",[0.19766091 0.39032171 0.30415014 0.10786724],0.010083325215010115
80,ROBJOB4E_W27,INCOME,"$100,000 or more",[0.28511658 0.71488342],0.008240756277833978
81,ROBJOB4E_W27,INCOME,"$30,000-$50,000",[0.22740803 0.77259197],0.006578700563067522
82,ROBJOB4E_W27,INCOME,"$50,000-$75,000",[0.24207393 0.75792607],0.003767954948871621
83,ROBJOB4E_W27,INCOME,"$75,000-$100,000",[0.23077781 0.76922219],0.003537536587232657
84,ROBJOB4E_W27,INCOME,"Less than $30,000",[0.24103023 0.75896977],0.006163408702166273
85,CAREGIV1_W27,INCOME,"$100,000 or more",[0.07862312 0.31746951 0.60390737],0.005123463574868546
86,CAREGIV1_W27,INCOME,"$30,000-$50,000",[0.04081145 0.29965933 0.65952923],0.0
87,CAREGIV1_W27,INCOME,"$50,000-$75,000",[0.04479453 0.25177157 0.7034339 ],0.0
88,CAREGIV1_W27,INCOME,"$75,000-$100,000",[0.03992669 0.36003252 0.60004079],0.0
89,CAREGIV1_W27,INCOME,"Less than $30,000",[0.05733768 0.27054074 0.67212158],0.0010458684037325942
90,WORK3C_W27,INCOME,"$100,000 or more",[0.70165093 0.14625579 0.15209327],0.0024054986791956965
91,WORK3C_W27,INCOME,"$30,000-$50,000",[0.54607251 0.17333319 0.28059429],0.0
92,WORK3C_W27,INCOME,"$50,000-$75,000",[0.6206529  0.11859111 0.26075599],0.0009546772500197266
93,WORK3C_W27,INCOME,"$75,000-$100,000",[0.67226502 0.15094256 0.17679242],0.005172054870812401
94,WORK3C_W27,INCOME,"Less than $30,000",[0.51684128 0.19827227 0.28488645],0.0160668151794231
95,CARS9A_W27,INCOME,"$100,000 or more",[0.40407854 0.40284762 0.15023379 0.04284005],0.005758113490377675
96,CARS9A_W27,INCOME,"$30,000-$50,000",[0.48949945 0.36020905 0.10777438 0.04251711],0.0006909873074647344
97,CARS9A_W27,INCOME,"$50,000-$75,000",[0.49925982 0.35959388 0.12092785 0.02021845],0.002450688584908831
98,CARS9A_W27,INCOME,"$75,000-$100,000",[0.45442925 0.39049546 0.10414932 0.05092597],0.000999505474375552
99,CARS9A_W27,INCOME,"Less than $30,000",[0.47341026 0.3425669  0.11055517 0.07346767],0.006674668750547555
100,CARS7B_W27,INCOME,"$100,000 or more",[0.13928424 0.34932652 0.29191308 0.21947616],0.001228488113075786
101,CARS7B_W27,INCOME,"$30,000-$50,000",[0.05404126 0.25418896 0.34161292 0.35015685],0.0020611668289655643
102,CARS7B_W27,INCOME,"$50,000-$75,000",[0.08559354 0.25931728 0.34664947 0.30843971],0.008027109558023672
103,CARS7B_W27,INCOME,"$75,000-$100,000",[0.1021629  0.29049628 0.34125077 0.26609005],0.0
104,CARS7B_W27,INCOME,"Less than $30,000",[0.07382635 0.2211221  0.33623487 0.36881669],0.00028958336006380234
105,CARS3A_W27,INCOME,"$100,000 or more",[0.17988975 0.3309439  0.35133592 0.13783043],0.0018559442399354138
106,CARS3A_W27,INCOME,"$30,000-$50,000",[0.08507221 0.27575877 0.40113131 0.23803771],0.0013878626026215175
107,CARS3A_W27,INCOME,"$50,000-$75,000",[0.10010749 0.3020589  0.35850367 0.23932995],0.00039353784868756566
108,CARS3A_W27,INCOME,"$75,000-$100,000",[0.15997584 0.25010713 0.42176646 0.16815057],0.0
109,CARS3A_W27,INCOME,"Less than $30,000",[0.09646572 0.27539671 0.38240961 0.24572796],0.005653290734210251
110,WORK4B_W27,INCOME,"$100,000 or more",[0.67704307 0.08367637 0.23928056],0.001927582128932918
111,WORK4B_W27,INCOME,"$30,000-$50,000",[0.49667498 0.09823189 0.40509313],0.0012732637645235787
112,WORK4B_W27,INCOME,"$50,000-$75,000",[0.55738754 0.11277586 0.32983659],0.001106111021771012
113,WORK4B_W27,INCOME,"$75,000-$100,000",[0.58637217 0.13963561 0.27399222],0.005407924033576925
114,WORK4B_W27,INCOME,"Less than $30,000",[0.4157051  0.16268565 0.42160925],0.009935627894872442
115,CARS9B_W27,INCOME,"$100,000 or more",[0.24793663 0.32747616 0.35712487 0.06746233],0.00615162219414589
116,CARS9B_W27,INCOME,"$30,000-$50,000",[0.38009248 0.32876849 0.22660814 0.06453089],0.0025413087470600106
117,CARS9B_W27,INCOME,"$50,000-$75,000",[0.31570246 0.40849553 0.23957246 0.03622955],0.004730905222675065
118,CARS9B_W27,INCOME,"$75,000-$100,000",[0.2710913  0.36394477 0.28139911 0.08356482],0.0037388480317432082
119,CARS9B_W27,INCOME,"Less than $30,000",[0.38470751 0.34008996 0.19725755 0.07794498],0.0028284960101897126
120,ROBJOB5C_W27,INCOME,"$100,000 or more",[0.17447936 0.51197316 0.22056776 0.09297971],0.0033941905536627195
121,ROBJOB5C_W27,INCOME,"$30,000-$50,000",[0.18406738 0.40660365 0.26726072 0.14206825],0.008286972588218783
122,ROBJOB5C_W27,INCOME,"$50,000-$75,000",[0.23831626 0.39603889 0.25052888 0.11511598],0.012177146546437248
123,ROBJOB5C_W27,INCOME,"$75,000-$100,000",[0.23509264 0.3921918  0.20918084 0.16353472],0.009840932053877456
124,ROBJOB5C_W27,INCOME,"Less than $30,000",[0.24128875 0.3700734  0.2525352  0.13610265],0.0023812143125013434
125,HIRING1_W27,INCOME,"$100,000 or more",[0.09740224 0.33062697 0.57197079],0.004001819314760909
126,HIRING1_W27,INCOME,"$30,000-$50,000",[0.06968183 0.372628   0.55769017],0.005038425579353021
127,HIRING1_W27,INCOME,"$50,000-$75,000",[0.08859032 0.375879   0.53553068],0.002804868619797698
128,HIRING1_W27,INCOME,"$75,000-$100,000",[0.10405991 0.29717357 0.59876652],0.0
129,HIRING1_W27,INCOME,"Less than $30,000",[0.08467749 0.32235156 0.59297095],0.0006340996595517289
130,CARS7A_W27,INCOME,"$100,000 or more",[0.18662711 0.43489837 0.27972565 0.09874887],0.00190860228395209
131,CARS7A_W27,INCOME,"$30,000-$50,000",[0.07239578 0.39438722 0.36450595 0.16871105],0.0005556671980148075
132,CARS7A_W27,INCOME,"$50,000-$75,000",[0.11706759 0.36780666 0.38384494 0.1312808 ],0.0010290138456387243
133,CARS7A_W27,INCOME,"$75,000-$100,000",[0.14637082 0.39937681 0.32667293 0.12757944],0.0
134,CARS7A_W27,INCOME,"Less than $30,000",[0.08697992 0.32223721 0.37050625 0.22027661],0.004929436853766389
135,CAREREL_W27,INCOME,"$100,000 or more",[0.42189971 0.29830433 0.11000433 0.09070233 0.07908929],0.0021827087641617163
136,CAREREL_W27,INCOME,"$30,000-$50,000",[0.41336151 0.26307227 0.13304537 0.08885137 0.10166947],0.004697340546461682
137,CAREREL_W27,INCOME,"$50,000-$75,000",[0.3967309  0.29492851 0.13364789 0.11037078 0.06432192],0.0005118565733390608
138,CAREREL_W27,INCOME,"$75,000-$100,000",[0.39526713 0.31101173 0.14367925 0.07622166 0.07382024],0.0024011046095730763
139,CAREREL_W27,INCOME,"Less than $30,000",[0.38650151 0.26455954 0.11780413 0.13244346 0.09869136],0.0026835130869678147
140,PREDICTC_W27,INCOME,"$100,000 or more",[0.12458861 0.5471597  0.30903802 0.01921367],0.0018684487409576524
141,PREDICTC_W27,INCOME,"$30,000-$50,000",[0.12706453 0.51769724 0.3230557  0.03218253],0.0
142,PREDICTC_W27,INCOME,"$50,000-$75,000",[0.08349898 0.5523367  0.35255947 0.01160485],0.0015090274176180357
143,PREDICTC_W27,INCOME,"$75,000-$100,000",[0.12815852 0.52794073 0.33275839 0.01114236],0.0
144,PREDICTC_W27,INCOME,"Less than $30,000",[0.12700305 0.52688099 0.27498255 0.0711334 ],0.004571009995940823
145,CARS10C_W27,INCOME,"$100,000 or more",[0.50576165 0.49423835],0.001042714526010566
146,CARS10C_W27,INCOME,"$30,000-$50,000",[0.38452438 0.61547562],0.0054265852812135475
147,CARS10C_W27,INCOME,"$50,000-$75,000",[0.4208916 0.5791084],0.003606802138704143
148,CARS10C_W27,INCOME,"$75,000-$100,000",[0.46078878 0.53921122],0.0059241060707180505
149,CARS10C_W27,INCOME,"Less than $30,000",[0.43808681 0.56191319],0.005707181205842499
150,DRONE4C_W27,INCOME,"$100,000 or more",[0.38322612 0.28676042 0.33001345],0.0020597668592227556
151,DRONE4C_W27,INCOME,"$30,000-$50,000",[0.38680946 0.37652836 0.23666218],0.006030650414728578
152,DRONE4C_W27,INCOME,"$50,000-$75,000",[0.36559287 0.27522437 0.35918275],0.0009162250370425921
153,DRONE4C_W27,INCOME,"$75,000-$100,000",[0.3959997  0.30216016 0.30184013],0.008898792615410746
154,DRONE4C_W27,INCOME,"Less than $30,000",[0.30405164 0.33034267 0.36560569],0.013490994182760464
155,WORK3B_W27,INCOME,"$100,000 or more",[0.84981953 0.02539534 0.12478512],0.0008462727636187034
156,WORK3B_W27,INCOME,"$30,000-$50,000",[0.70117303 0.0589319  0.23989508],0.0023030114238820816
157,WORK3B_W27,INCOME,"$50,000-$75,000",[0.70679344 0.01021131 0.28299524],0.006882860870362433
158,WORK3B_W27,INCOME,"$75,000-$100,000",[0.8268336  0.01952721 0.15363919],0.0008106981116498591
159,WORK3B_W27,INCOME,"Less than $30,000",[0.54499991 0.08487909 0.370121  ],0.01496013793718004
160,CAREGIV3B_W27,INCOME,"$100,000 or more",[0.0955887  0.2606411  0.43650958 0.20726063],0.0
161,CAREGIV3B_W27,INCOME,"$30,000-$50,000",[0.12167817 0.34884125 0.47565838 0.05382221],0.015068121675016713
162,CAREGIV3B_W27,INCOME,"$50,000-$75,000",[0.09531992 0.36014435 0.4501145  0.09442122],0.002280518810378392
163,CAREGIV3B_W27,INCOME,"$75,000-$100,000",[0.17489505 0.30673118 0.43030006 0.08807371],0.0
164,CAREGIV3B_W27,INCOME,"Less than $30,000",[0.18305145 0.3450787  0.39480969 0.07706016],0.0
165,WORK3F_W27,INCOME,"$100,000 or more",[0.53515062 0.06696927 0.39788011],0.002560630104312727
166,WORK3F_W27,INCOME,"$30,000-$50,000",[0.4790924  0.09649091 0.4244167 ],0.005683216255762142
167,WORK3F_W27,INCOME,"$50,000-$75,000",[0.42832689 0.16180097 0.40987214],0.00028538453259334753
168,WORK3F_W27,INCOME,"$75,000-$100,000",[0.45815591 0.12975116 0.41209293],0.00042296908858756554
169,WORK3F_W27,INCOME,"Less than $30,000",[0.48842923 0.13784587 0.3737249 ],0.00274307540192947
170,PREDICTD_W27,INCOME,"$100,000 or more",[0.04858158 0.29416992 0.60259977 0.05464873],0.004793888227551263
171,PREDICTD_W27,INCOME,"$30,000-$50,000",[0.08870095 0.40848542 0.45154737 0.05126626],0.00276510346638034
172,PREDICTD_W27,INCOME,"$50,000-$75,000",[0.05127808 0.28960709 0.6167749  0.04233992],0.004301775011348247
173,PREDICTD_W27,INCOME,"$75,000-$100,000",[0.04479854 0.31049754 0.57649207 0.06821185],0.002648130056526137
174,PREDICTD_W27,INCOME,"Less than $30,000",[0.08341662 0.4221358  0.40205419 0.09239339],0.0015020593411002978
175,WORK2_W27,INCOME,"$100,000 or more",[0.13451136 0.48323843 0.3822502 ],0.000336162429181354
176,WORK2_W27,INCOME,"$30,000-$50,000",[0.15989425 0.54397182 0.29613394],0.007558146970340152
177,WORK2_W27,INCOME,"$50,000-$75,000",[0.1923111  0.52337228 0.28431663],0.004408719406703274
178,WORK2_W27,INCOME,"$75,000-$100,000",[0.17219304 0.51489379 0.31291317],0.0018039339947758743
179,WORK2_W27,INCOME,"Less than $30,000",[0.22926334 0.47659269 0.29414397],0.001974591713852874
180,HIRING6A_W27,INCOME,"$100,000 or more",[0.25412094 0.38242239 0.36345667],0.0013101850367622993
181,HIRING6A_W27,INCOME,"$30,000-$50,000",[0.26815413 0.416988   0.31485787],0.005667201939382504
182,HIRING6A_W27,INCOME,"$50,000-$75,000",[0.22958572 0.43787411 0.33254017],0.0
183,HIRING6A_W27,INCOME,"$75,000-$100,000",[0.27180604 0.39139911 0.33679485],0.006266243413713821
184,HIRING6A_W27,INCOME,"Less than $30,000",[0.23737611 0.4489246  0.31369929],0.017042721590175194
185,CARS9C_W27,INCOME,"$100,000 or more",[0.40836985 0.39263527 0.17088987 0.02810501],0.0026143699966742085
186,CARS9C_W27,INCOME,"$30,000-$50,000",[0.57211286 0.33461615 0.06949712 0.02377387],0.00251816074207164
187,CARS9C_W27,INCOME,"$50,000-$75,000",[0.53485628 0.34992698 0.10536279 0.00985396],0.001368387078958437
188,CARS9C_W27,INCOME,"$75,000-$100,000",[0.47701629 0.42000446 0.09640373 0.00657553],0.0
189,CARS9C_W27,INCOME,"Less than $30,000",[0.58001459 0.28938662 0.07665836 0.05394043],0.0013386341995897284
190,HIRING6B_W27,INCOME,"$100,000 or more",[0.09643785 0.69576296 0.20779919],0.0031279600549936433
191,HIRING6B_W27,INCOME,"$30,000-$50,000",[0.13480229 0.58829951 0.2768982 ],0.005667201939382504
192,HIRING6B_W27,INCOME,"$50,000-$75,000",[0.09552038 0.65358878 0.25089083],0.001403820994259218
193,HIRING6B_W27,INCOME,"$75,000-$100,000",[0.13608181 0.63010868 0.23380951],0.006266243413713821
194,HIRING6B_W27,INCOME,"Less than $30,000",[0.12889774 0.52508859 0.34601368],0.012144109806026104
195,ROBJOB3B_W27,INCOME,"$100,000 or more",[0.16516261 0.49437775 0.30185131 0.03860833],0.0030236729889772857
196,ROBJOB3B_W27,INCOME,"$30,000-$50,000",[0.27291189 0.47394907 0.21723434 0.0359047 ],0.0052071819150532415
197,ROBJOB3B_W27,INCOME,"$50,000-$75,000",[0.24606559 0.4973973  0.22341567 0.03312144],0.003292642087872865
198,ROBJOB3B_W27,INCOME,"$75,000-$100,000",[0.21682987 0.46797068 0.28405396 0.03114549],0.00035450746700157174
199,ROBJOB3B_W27,INCOME,"Less than $30,000",[0.28579289 0.4682269  0.18439285 0.06158737],0.00028958336006380234
200,DRONE2_W27,INCOME,"$100,000 or more",[0.71937954 0.28062046],0.00047568425376384683
201,DRONE2_W27,INCOME,"$30,000-$50,000",[0.6121041 0.3878959],0.0050384255793530204
202,DRONE2_W27,INCOME,"$50,000-$75,000",[0.61234096 0.38765904],0.0
203,DRONE2_W27,INCOME,"$75,000-$100,000",[0.64872922 0.35127078],0.0
204,DRONE2_W27,INCOME,"Less than $30,000",[0.48618826 0.51381174],0.010085362785645874
205,WORK3E_W27,INCOME,"$100,000 or more",[0.77815222 0.0946879  0.12715989],0.00027042570211679745
206,WORK3E_W27,INCOME,"$30,000-$50,000",[0.64056117 0.13393228 0.22550655],0.003814543877114216
207,WORK3E_W27,INCOME,"$50,000-$75,000",[0.68075256 0.11307559 0.20617186],0.000802331170031666
208,WORK3E_W27,INCOME,"$75,000-$100,000",[0.73390041 0.11638574 0.14971385],0.0
209,WORK3E_W27,INCOME,"Less than $30,000",[0.59336572 0.15046469 0.25616959],0.004068464731587457
210,CAREGIV6A_W27,INCOME,"$100,000 or more",[0.8414088 0.1585912],0.0033793404312254453
211,CAREGIV6A_W27,INCOME,"$30,000-$50,000",[0.62669073 0.37330927],0.007510606463992152
212,CAREGIV6A_W27,INCOME,"$50,000-$75,000",[0.73317346 0.26682654],0.0019834659740152402
213,CAREGIV6A_W27,INCOME,"$75,000-$100,000",[0.72101282 0.27898718],0.0029727565838217895
214,CAREGIV6A_W27,INCOME,"Less than $30,000",[0.65275865 0.34724135],0.00881069078598776
215,CAREGIV6C_W27,INCOME,"$100,000 or more",[0.61421182 0.38578818],0.0016622687416099227
216,CAREGIV6C_W27,INCOME,"$30,000-$50,000",[0.53582233 0.46417767],0.002008453292316261
217,CAREGIV6C_W27,INCOME,"$50,000-$75,000",[0.53619394 0.46380606],0.0004904720431102256
218,CAREGIV6C_W27,INCOME,"$75,000-$100,000",[0.54853312 0.45146688],0.0006060039810269008
219,CAREGIV6C_W27,INCOME,"Less than $30,000",[0.58253834 0.41746166],0.021046890620842564
220,DRONE4D_W27,INCOME,"$100,000 or more",[0.48945027 0.20086109 0.30968864],0.0007186527793580538
221,DRONE4D_W27,INCOME,"$30,000-$50,000",[0.46417586 0.26706624 0.2687579 ],0.01700983951865333
222,DRONE4D_W27,INCOME,"$50,000-$75,000",[0.44999477 0.16041495 0.38959029],0.0
223,DRONE4D_W27,INCOME,"$75,000-$100,000",[0.53802468 0.21048365 0.25149167],0.0
224,DRONE4D_W27,INCOME,"Less than $30,000",[0.37314524 0.2975941  0.32926066],0.018337836978964336
225,VOICE3_W27,INCOME,"$100,000 or more",[0.28014279 0.71985721],0.004893986514261156
226,VOICE3_W27,INCOME,"$30,000-$50,000",[0.23857798 0.76142202],0.03518922345862486
227,VOICE3_W27,INCOME,"$50,000-$75,000",[0.24976585 0.75023415],0.0
228,VOICE3_W27,INCOME,"$75,000-$100,000",[0.23682108 0.76317892],0.0
229,VOICE3_W27,INCOME,"Less than $30,000",[0.29632657 0.70367343],0.0
230,CARS10A_W27,INCOME,"$100,000 or more",[0.84884304 0.15115696],0.002524766863850028
231,CARS10A_W27,INCOME,"$30,000-$50,000",[0.73975625 0.26024375],0.0009302585155390173
232,CARS10A_W27,INCOME,"$50,000-$75,000",[0.766947 0.233053],0.0014512725360120882
233,CARS10A_W27,INCOME,"$75,000-$100,000",[0.76869752 0.23130248],0.002688759406834644
234,CARS10A_W27,INCOME,"Less than $30,000",[0.70973681 0.29026319],0.0027543620484730114
235,CAREGIV6D_W27,INCOME,"$100,000 or more",[0.60796061 0.39203939],0.0006110173655432301
236,CAREGIV6D_W27,INCOME,"$30,000-$50,000",[0.67154397 0.32845603],0.014814697292071298
237,CAREGIV6D_W27,INCOME,"$50,000-$75,000",[0.69845894 0.30154106],0.0007641697299170058
238,CAREGIV6D_W27,INCOME,"$75,000-$100,000",[0.71469232 0.28530768],0.0013272342652641846
239,CAREGIV6D_W27,INCOME,"Less than $30,000",[0.59872481 0.40127519],0.013888658601544495
240,DRONE4A_W27,INCOME,"$100,000 or more",[0.12697561 0.52959172 0.34343267],0.0015832159024760126
241,DRONE4A_W27,INCOME,"$30,000-$50,000",[0.07703213 0.58425402 0.33871385],0.0057771829153516864
242,DRONE4A_W27,INCOME,"$50,000-$75,000",[0.11246096 0.51931692 0.36822212],0.0
243,DRONE4A_W27,INCOME,"$75,000-$100,000",[0.10689468 0.54210953 0.35099579],0.0
244,DRONE4A_W27,INCOME,"Less than $30,000",[0.13670866 0.52926499 0.33402636],0.012972228573491855
245,DRONE1_W27,INCOME,"$100,000 or more",[0.07391693 0.92608307],0.006199610118325409
246,DRONE1_W27,INCOME,"$30,000-$50,000",[0.05145777 0.94854223],0.0050384255793530204
247,DRONE1_W27,INCOME,"$50,000-$75,000",[0.08844263 0.91155737],0.0003475727880719035
248,DRONE1_W27,INCOME,"$75,000-$100,000",[0.14152073 0.85847927],0.0
249,DRONE1_W27,INCOME,"Less than $30,000",[0.08847887 0.91152113],0.011267802201173677
250,CARS3B_W27,INCOME,"$100,000 or more",[0.09936675 0.31747898 0.41093828 0.17221598],0.0
251,CARS3B_W27,INCOME,"$30,000-$50,000",[0.13493178 0.4253248  0.34509342 0.09465   ],0.0
252,CARS3B_W27,INCOME,"$50,000-$75,000",[0.11746003 0.41364623 0.37037274 0.098521  ],0.0
253,CARS3B_W27,INCOME,"$75,000-$100,000",[0.09967671 0.40148359 0.38603362 0.11280608],0.0028123213439749536
254,CARS3B_W27,INCOME,"Less than $30,000",[0.19315113 0.40236904 0.30477811 0.09970172],0.0028060799177822364
255,CAREGIV7_W27,INCOME,"$100,000 or more",[0.51514946 0.16632804 0.31852251],0.0008765326528335884
256,CAREGIV7_W27,INCOME,"$30,000-$50,000",[0.48843405 0.18433547 0.32723048],0.0
257,CAREGIV7_W27,INCOME,"$50,000-$75,000",[0.55739423 0.15792939 0.28467638],0.0004672664218735662
258,CAREGIV7_W27,INCOME,"$75,000-$100,000",[0.48335417 0.19741345 0.31923238],0.008902206552098172
259,CAREGIV7_W27,INCOME,"Less than $30,000",[0.43248284 0.22558502 0.34193214],0.010153223251708294
260,PREDICTB_W27,INCOME,"$100,000 or more",[0.1258509  0.46819764 0.39513783 0.01081363],0.0034887582359262883
261,PREDICTB_W27,INCOME,"$30,000-$50,000",[0.14768043 0.53652537 0.29234868 0.02344551],0.0
262,PREDICTB_W27,INCOME,"$50,000-$75,000",[0.09174828 0.58490053 0.30857492 0.01477627],0.0021635036780468467
263,PREDICTB_W27,INCOME,"$75,000-$100,000",[0.14711048 0.46193498 0.38496622 0.00598831],0.009143799888503553
264,PREDICTB_W27,INCOME,"Less than $30,000",[0.14955159 0.52193766 0.28709832 0.04141243],0.001270728125478375
265,INDUSTRY_W27,INCOME,"$100,000 or more","[0.0379236  0.1018683  0.08134826 0.03571294 0.1155101  0.10610412
 0.02013809 0.07475748 0.15669961 0.24350024 0.02643725]",0.0
266,INDUSTRY_W27,INCOME,"$30,000-$50,000","[0.05886471 0.12753442 0.12250831 0.10729199 0.07725069 0.06684458
 0.04169946 0.09387505 0.04178092 0.23120134 0.03114853]",0.0
267,INDUSTRY_W27,INCOME,"$50,000-$75,000","[0.08173831 0.13008018 0.12926556 0.0581361  0.1260952  0.08007901
 0.03116019 0.06858905 0.05249053 0.21535529 0.02701058]",0.0
268,INDUSTRY_W27,INCOME,"$75,000-$100,000","[0.03071902 0.10754808 0.11227152 0.04385599 0.09767808 0.09622399
 0.04788996 0.12472879 0.110428   0.19422687 0.03442971]",0.0
269,INDUSTRY_W27,INCOME,"Less than $30,000","[0.12686774 0.13100331 0.08827191 0.18012138 0.05523354 0.04061354
 0.05265154 0.04162415 0.02371893 0.18488525 0.07500871]",0.0007735572264822064
270,CAREGIV6F_W27,INCOME,"$100,000 or more",[0.34045281 0.65954719],0.008638487961264513
271,CAREGIV6F_W27,INCOME,"$30,000-$50,000",[0.46971314 0.53028686],0.01506997462631591
272,CAREGIV6F_W27,INCOME,"$50,000-$75,000",[0.45395932 0.54604068],0.014391002171670225
273,CAREGIV6F_W27,INCOME,"$75,000-$100,000",[0.40180459 0.59819541],0.006333648926520936
274,CAREGIV6F_W27,INCOME,"Less than $30,000",[0.45632535 0.54367465],0.022064761195420647
275,CARS10E_W27,INCOME,"$100,000 or more",[0.36533953 0.63466047],0.002539350495875915
276,CARS10E_W27,INCOME,"$30,000-$50,000",[0.25346519 0.74653481],0.0017467111355326467
277,CARS10E_W27,INCOME,"$50,000-$75,000",[0.25915297 0.74084703],0.004058400498945625
278,CARS10E_W27,INCOME,"$75,000-$100,000",[0.31093347 0.68906653],0.004510196059820257
279,CARS10E_W27,INCOME,"Less than $30,000",[0.26038659 0.73961341],0.002510480498507562
280,ROBJOB8G_W27,INCOME,"$100,000 or more",[0.23569357 0.47952057 0.24203612 0.04274974],0.005008168762346118
281,ROBJOB8G_W27,INCOME,"$30,000-$50,000",[0.19236031 0.42989461 0.29200439 0.08574069],0.005139464074496874
282,ROBJOB8G_W27,INCOME,"$50,000-$75,000",[0.25825655 0.43449012 0.2375507  0.06970263],0.001062725408598171
283,ROBJOB8G_W27,INCOME,"$75,000-$100,000",[0.21614303 0.47239125 0.27325949 0.03820624],0.000999505474375552
284,ROBJOB8G_W27,INCOME,"Less than $30,000",[0.21243334 0.41458459 0.2841488  0.08883326],0.006471385805682394
285,ROBJOB2_W27,INCOME,"$100,000 or more",[0.23062182 0.58275402 0.16684117 0.01978299],0.008012122019340661
286,ROBJOB2_W27,INCOME,"$30,000-$50,000",[0.18234373 0.60161223 0.16368003 0.05236401],0.0
287,ROBJOB2_W27,INCOME,"$50,000-$75,000",[0.16882788 0.62465546 0.18907026 0.01744641],0.0032238059467835697
288,ROBJOB2_W27,INCOME,"$75,000-$100,000",[0.20768878 0.61157435 0.15162306 0.0291138 ],0.0
289,ROBJOB2_W27,INCOME,"Less than $30,000",[0.22344929 0.51868489 0.17794761 0.07991821],0.014364040598870451
290,VOICE5B_W27,INCOME,"$100,000 or more",[0.21360174 0.2911799  0.49521836],0.0038288259082148463
291,VOICE5B_W27,INCOME,"$30,000-$50,000",[0.21619865 0.42111699 0.36268437],0.0
292,VOICE5B_W27,INCOME,"$50,000-$75,000",[0.15700522 0.4399196  0.40307518],0.006202034874910989
293,VOICE5B_W27,INCOME,"$75,000-$100,000",[0.18821498 0.41143744 0.40034758],0.0009649558151618205
294,VOICE5B_W27,INCOME,"Less than $30,000",[0.26873965 0.36748149 0.36377885],0.008444245246041402
295,CARS2_W27,INCOME,"$100,000 or more",[0.32330207 0.06113676 0.61556116],0.0038413255856983913
296,CARS2_W27,INCOME,"$30,000-$50,000",[0.17473544 0.11868095 0.70658361],0.0010479634076229778
297,CARS2_W27,INCOME,"$50,000-$75,000",[0.24255466 0.08584315 0.67160219],0.00033217041461329103
298,CARS2_W27,INCOME,"$75,000-$100,000",[0.28594717 0.10436413 0.6096887 ],0.014954612819201981
299,CARS2_W27,INCOME,"Less than $30,000",[0.17691689 0.16410445 0.65897866],0.0049616518863082855
300,CARS4_W27,INCOME,"$100,000 or more",[0.06961939 0.63037295 0.22227065 0.03447794 0.04325906],0.0014671456700623812
301,CARS4_W27,INCOME,"$30,000-$50,000",[0.10322207 0.54745389 0.22941457 0.04757793 0.07233153],0.0008362099472759349
302,CARS4_W27,INCOME,"$50,000-$75,000",[0.0435116  0.62381561 0.23293766 0.04015461 0.05958052],0.00020367079895645292
303,CARS4_W27,INCOME,"$75,000-$100,000",[0.09509943 0.58003017 0.26651931 0.01313194 0.04521915],0.002182575635279567
304,CARS4_W27,INCOME,"Less than $30,000",[0.10894638 0.49980714 0.21711058 0.06444949 0.10968641],0.0002895833600638024
305,CAREGIV4_W27,INCOME,"$100,000 or more",[0.56746844 0.43253156],0.0
306,CAREGIV4_W27,INCOME,"$30,000-$50,000",[0.36955588 0.63044412],0.0
307,CAREGIV4_W27,INCOME,"$50,000-$75,000",[0.44121816 0.55878184],0.023397161762183094
308,CAREGIV4_W27,INCOME,"$75,000-$100,000",[0.37656793 0.62343207],0.0004946966326554749
309,CAREGIV4_W27,INCOME,"Less than $30,000",[0.36186498 0.63813502],0.0011133138049870222
310,HIRING4_W27,INCOME,"$100,000 or more",[0.27817898 0.72182102],0.0
311,HIRING4_W27,INCOME,"$30,000-$50,000",[0.21845832 0.78154168],0.028728536396136737
312,HIRING4_W27,INCOME,"$50,000-$75,000",[0.20584445 0.79415555],0.0019758906819361175
313,HIRING4_W27,INCOME,"$75,000-$100,000",[0.29401277 0.70598723],0.0013185576494558278
314,HIRING4_W27,INCOME,"Less than $30,000",[0.1877415 0.8122585],0.020841925682220114
315,HIRING3A_W27,INCOME,"$100,000 or more",[0.02690784 0.16435023 0.55381637 0.25492556],0.0009702838518347616
316,HIRING3A_W27,INCOME,"$30,000-$50,000",[0.02399428 0.20309262 0.4455726  0.3273405 ],0.005038425579353021
317,HIRING3A_W27,INCOME,"$50,000-$75,000",[0.00567461 0.16024216 0.53746626 0.29661697],0.0
318,HIRING3A_W27,INCOME,"$75,000-$100,000",[0.01796986 0.21249052 0.48638529 0.28315433],0.0014207637969993765
319,HIRING3A_W27,INCOME,"Less than $30,000",[0.05301283 0.20559069 0.48031048 0.261086  ],0.014186180161217315
320,ROBJOB8E_W27,INCOME,"$100,000 or more",[0.49652959 0.36168597 0.11342634 0.0283581 ],0.0014439799170600364
321,ROBJOB8E_W27,INCOME,"$30,000-$50,000",[0.35095034 0.39418664 0.17391    0.08095302],0.003953807478588547
322,ROBJOB8E_W27,INCOME,"$50,000-$75,000",[0.44925558 0.37095493 0.15118408 0.02860541],0.0018168088522749592
323,ROBJOB8E_W27,INCOME,"$75,000-$100,000",[0.46576289 0.36587087 0.13370577 0.03466047],0.0059034346742071805
324,ROBJOB8E_W27,INCOME,"Less than $30,000",[0.29756481 0.40907317 0.20788961 0.08547241],0.005969423363721445
325,VOICE4_W27,INCOME,"$100,000 or more",[0.47749307 0.41894641 0.10356052],0.042843132699040054
326,VOICE4_W27,INCOME,"$30,000-$50,000",[0.45205751 0.46861736 0.07932513],0.01731147207328715
327,VOICE4_W27,INCOME,"$50,000-$75,000",[0.37307263 0.42588732 0.20104005],0.06688394353351966
328,VOICE4_W27,INCOME,"$75,000-$100,000",[0.33179538 0.465722   0.20248263],0.04647657961503325
329,VOICE4_W27,INCOME,"Less than $30,000",[0.38821996 0.41378766 0.19799238],0.017210567450654427
330,DRONE4E_W27,INCOME,"$100,000 or more",[0.19621046 0.52538803 0.27840151],0.0018010793301497833
331,DRONE4E_W27,INCOME,"$30,000-$50,000",[0.22205899 0.46139211 0.3165489 ],0.005038425579353021
332,DRONE4E_W27,INCOME,"$50,000-$75,000",[0.2573655  0.39528612 0.34734838],0.0033644060172402855
333,DRONE4E_W27,INCOME,"$75,000-$100,000",[0.29821583 0.43407993 0.26770423],0.005231961594103354
334,DRONE4E_W27,INCOME,"Less than $30,000",[0.24342829 0.42280832 0.33376338],0.010085362785645874
335,VOICE1_W27,INCOME,"$100,000 or more",[0.53876468 0.46123532],0.0015105243995152742
336,VOICE1_W27,INCOME,"$30,000-$50,000",[0.40764408 0.59235592],0.0006759469582328227
337,VOICE1_W27,INCOME,"$50,000-$75,000",[0.53906112 0.46093888],0.0
338,VOICE1_W27,INCOME,"$75,000-$100,000",[0.5131465 0.4868535],0.0009432565436131705
339,VOICE1_W27,INCOME,"Less than $30,000",[0.41139602 0.58860398],0.0005664459267872251
340,VOICE5A_W27,INCOME,"$100,000 or more",[0.61155108 0.27008686 0.11836206],0.0007398574639577331
341,VOICE5A_W27,INCOME,"$30,000-$50,000",[0.60084219 0.21181289 0.18734492],0.01000530070668093
342,VOICE5A_W27,INCOME,"$50,000-$75,000",[0.56901651 0.25063395 0.18034954],0.008008068496933293
343,VOICE5A_W27,INCOME,"$75,000-$100,000",[0.55425293 0.29496257 0.1507845 ],0.0023698534756917498
344,VOICE5A_W27,INCOME,"Less than $30,000",[0.49688419 0.35036587 0.15274995],0.029344048151442138
345,HIRING3B_W27,INCOME,"$100,000 or more",[0.18384635 0.45444594 0.29759776 0.06410994],0.0
346,HIRING3B_W27,INCOME,"$30,000-$50,000",[0.28896991 0.42529107 0.22896304 0.05677597],0.0050384255793530204
347,HIRING3B_W27,INCOME,"$50,000-$75,000",[0.15090594 0.56088854 0.25480009 0.03340543],0.0009162250370425921
348,HIRING3B_W27,INCOME,"$75,000-$100,000",[0.22651354 0.4010714  0.34643299 0.02598206],0.004256274532024531
349,HIRING3B_W27,INCOME,"Less than $30,000",[0.2004145  0.47619187 0.20638244 0.11701119],0.0144038346210086
350,HIRING6D_W27,INCOME,"$100,000 or more",[0.13781407 0.67582497 0.18636097],0.0027814172354492413
351,HIRING6D_W27,INCOME,"$30,000-$50,000",[0.1346209  0.57384587 0.29153323],0.005038425579353021
352,HIRING6D_W27,INCOME,"$50,000-$75,000",[0.07202325 0.66958697 0.25838977],0.01637881710939891
353,HIRING6D_W27,INCOME,"$75,000-$100,000",[0.10848117 0.62489997 0.26661886],0.006266243413713821
354,HIRING6D_W27,INCOME,"Less than $30,000",[0.14443441 0.51146043 0.34410516],0.016706437553685394
355,ROBJOB4A_W27,INCOME,"$100,000 or more",[0.76594051 0.23405949],0.0031393383214871028
356,ROBJOB4A_W27,INCOME,"$30,000-$50,000",[0.80003057 0.19996943],0.012464707502359444
357,ROBJOB4A_W27,INCOME,"$50,000-$75,000",[0.79810382 0.20189618],0.013557082508361063
358,ROBJOB4A_W27,INCOME,"$75,000-$100,000",[0.79451752 0.20548248],0.006221925406292813
359,ROBJOB4A_W27,INCOME,"Less than $30,000",[0.73984418 0.26015582],0.007161627367406645
360,DRONE4B_W27,INCOME,"$100,000 or more",[0.20667528 0.52351969 0.26980503],0.002595589242065005
361,DRONE4B_W27,INCOME,"$30,000-$50,000",[0.20452725 0.51911223 0.27636051],0.00620910136997169
362,DRONE4B_W27,INCOME,"$50,000-$75,000",[0.18160791 0.53253425 0.28585784],0.00043967681396843536
363,DRONE4B_W27,INCOME,"$75,000-$100,000",[0.20160112 0.57834452 0.22005436],0.006263906544747461
364,DRONE4B_W27,INCOME,"Less than $30,000",[0.21209622 0.53279866 0.25510512],0.010085362785645874
365,WORK6_W27,INCOME,"$100,000 or more",[0.01911689 0.95947448 0.02140864],0.0004972794586134269
366,WORK6_W27,INCOME,"$30,000-$50,000",[0.0620046  0.90101461 0.0369808 ],0.002866642237810254
367,WORK6_W27,INCOME,"$50,000-$75,000",[0.0246163  0.96647091 0.0089128 ],0.010159892112396485
368,WORK6_W27,INCOME,"$75,000-$100,000",[0.04370954 0.95104717 0.00524328],0.002365165787657481
369,WORK6_W27,INCOME,"Less than $30,000",[0.06095271 0.86858111 0.07046618],0.014043349209817714
370,HIRING6C_W27,INCOME,"$100,000 or more",[0.3624877  0.36926211 0.26825019],0.0006559148401940599
371,HIRING6C_W27,INCOME,"$30,000-$50,000",[0.25738804 0.47614152 0.26647044],0.006768918640907743
372,HIRING6C_W27,INCOME,"$50,000-$75,000",[0.27826846 0.41428837 0.30744318],0.0011918816095615938
373,HIRING6C_W27,INCOME,"$75,000-$100,000",[0.31415289 0.37899694 0.30685017],0.006656469304266729
374,HIRING6C_W27,INCOME,"Less than $30,000",[0.22334393 0.42190216 0.35475392],0.01528780289486317
375,ROBJOB6_W27,INCOME,"$100,000 or more",[0.41543361 0.58456639],0.006560272681802177
376,ROBJOB6_W27,INCOME,"$30,000-$50,000",[0.49783733 0.50216267],0.014618741404435438
377,ROBJOB6_W27,INCOME,"$50,000-$75,000",[0.4864371 0.5135629],0.008746493535827005
378,ROBJOB6_W27,INCOME,"$75,000-$100,000",[0.41140607 0.58859393],0.014480706136313875
379,ROBJOB6_W27,INCOME,"Less than $30,000",[0.59388639 0.40611361],0.021887008161767495
380,ROBJOB9_W27,INCOME,"$100,000 or more",[0.03217293 0.1840193  0.44949095 0.33431683],0.0
381,ROBJOB9_W27,INCOME,"$30,000-$50,000",[0.03835861 0.21932464 0.39146189 0.35085486],0.0
382,ROBJOB9_W27,INCOME,"$50,000-$75,000",[0.06081441 0.19839567 0.46334638 0.27744354],0.0
383,ROBJOB9_W27,INCOME,"$75,000-$100,000",[0.09959841 0.19905311 0.43469695 0.26665153],0.0004449420225922507
384,ROBJOB9_W27,INCOME,"Less than $30,000",[0.09842861 0.31325282 0.32118044 0.26713813],0.0006404295321715237
385,ROBJOB4B_W27,INCOME,"$100,000 or more",[0.58987903 0.41012097],0.002893986771406913
386,ROBJOB4B_W27,INCOME,"$30,000-$50,000",[0.64431912 0.35568088],0.0048719149350437896
387,ROBJOB4B_W27,INCOME,"$50,000-$75,000",[0.6278721 0.3721279],0.003459907335972341
388,ROBJOB4B_W27,INCOME,"$75,000-$100,000",[0.61392374 0.38607626],0.0
389,ROBJOB4B_W27,INCOME,"Less than $30,000",[0.67528235 0.32471765],0.004859142032684984
390,ROBJOB8D_W27,INCOME,"$100,000 or more",[0.09098226 0.31925619 0.41127189 0.17848966],0.002252753453123594
391,ROBJOB8D_W27,INCOME,"$30,000-$50,000",[0.06427286 0.34298632 0.40744726 0.18529357],0.004347833583482319
392,ROBJOB8D_W27,INCOME,"$50,000-$75,000",[0.08650358 0.29432197 0.41643178 0.20274267],0.0015398772021605726
393,ROBJOB8D_W27,INCOME,"$75,000-$100,000",[0.11142725 0.3167919  0.3808878  0.19089304],0.0034353074782444174
394,ROBJOB8D_W27,INCOME,"Less than $30,000",[0.12723494 0.31207201 0.3561906  0.20450245],0.0037136765365572435
395,CAREGIV3A_W27,INCOME,"$100,000 or more",[0.18207837 0.40469468 0.28718575 0.1260412 ],0.0
396,CAREGIV3A_W27,INCOME,"$30,000-$50,000",[0.05336814 0.37778091 0.37972006 0.18913089],0.0009283088333094528
397,CAREGIV3A_W27,INCOME,"$50,000-$75,000",[0.11582876 0.30388443 0.44279621 0.1374906 ],0.0
398,CAREGIV3A_W27,INCOME,"$75,000-$100,000",[0.06674819 0.39250265 0.36220586 0.1785433 ],0.0
399,CAREGIV3A_W27,INCOME,"Less than $30,000",[0.06643925 0.31748429 0.3959454  0.22013106],0.00782589131490606
400,ROBJOB4D_W27,INCOME,"$100,000 or more",[0.52674368 0.47325632],0.005484406477801578
401,ROBJOB4D_W27,INCOME,"$30,000-$50,000",[0.39149467 0.60850533],0.006776334396921996
402,ROBJOB4D_W27,INCOME,"$50,000-$75,000",[0.43187525 0.56812475],0.003913072170467689
403,ROBJOB4D_W27,INCOME,"$75,000-$100,000",[0.46163948 0.53836052],0.004867887391849091
404,ROBJOB4D_W27,INCOME,"Less than $30,000",[0.40877646 0.59122354],0.013157915751050634
405,HIRING7B_W27,INCOME,"$100,000 or more",[0.69668397 0.10931379 0.19400224],0.0
406,HIRING7B_W27,INCOME,"$30,000-$50,000",[0.54253407 0.20614431 0.25132162],0.0050384255793530204
407,HIRING7B_W27,INCOME,"$50,000-$75,000",[0.64379274 0.10628012 0.24992714],0.0012550092126913082
408,HIRING7B_W27,INCOME,"$75,000-$100,000",[0.6754073  0.12911578 0.19547692],0.0017774502358490975
409,HIRING7B_W27,INCOME,"Less than $30,000",[0.46594197 0.22980342 0.30425461],0.021771743441136394
410,WORK3D_W27,INCOME,"$100,000 or more",[0.61609649 0.05579508 0.32810843],0.0015944635650774687
411,WORK3D_W27,INCOME,"$30,000-$50,000",[0.53463805 0.10050132 0.36486063],0.01862724876849744
412,WORK3D_W27,INCOME,"$50,000-$75,000",[0.55590764 0.10501455 0.33907781],0.006485747939868536
413,WORK3D_W27,INCOME,"$75,000-$100,000",[0.58356748 0.06848281 0.3479497 ],0.0004229690885875655
414,WORK3D_W27,INCOME,"Less than $30,000",[0.47718496 0.1074518  0.41536324],0.021805754407302154
415,CARS10D_W27,INCOME,"$100,000 or more",[0.66749665 0.33250335],0.00111470018654149
416,CARS10D_W27,INCOME,"$30,000-$50,000",[0.71446516 0.28553484],0.003818323077297789
417,CARS10D_W27,INCOME,"$50,000-$75,000",[0.68730422 0.31269578],0.0009243143328467254
418,CARS10D_W27,INCOME,"$75,000-$100,000",[0.66799624 0.33200376],0.005973531715878966
419,CARS10D_W27,INCOME,"Less than $30,000",[0.71776954 0.28223046],0.0003266836756726314
420,CARS8_W27,INCOME,"$100,000 or more",[0.15548058 0.52256379 0.32195563],0.004077401824059708
421,CARS8_W27,INCOME,"$30,000-$50,000",[0.36412198 0.35593454 0.27994348],0.010762069873290057
422,CARS8_W27,INCOME,"$50,000-$75,000",[0.26904793 0.40858461 0.32236745],0.009243048161291676
423,CARS8_W27,INCOME,"$75,000-$100,000",[0.21315849 0.45552126 0.33132024],0.0015854547521847115
424,CARS8_W27,INCOME,"Less than $30,000",[0.37045687 0.33285001 0.29669312],0.0012058560448916552
425,ROBJOB5B_W27,INCOME,"$100,000 or more",[0.46025061 0.37422563 0.13171928 0.03380448],0.0026837624873295046
426,ROBJOB5B_W27,INCOME,"$30,000-$50,000",[0.44832769 0.44443559 0.08390697 0.02332974],0.0056165352646113205
427,ROBJOB5B_W27,INCOME,"$50,000-$75,000",[0.47006006 0.37903281 0.11281173 0.0380954 ],0.008496880501061793
428,ROBJOB5B_W27,INCOME,"$75,000-$100,000",[0.44951635 0.39852682 0.11905036 0.03290647],0.011020947237749457
429,ROBJOB5B_W27,INCOME,"Less than $30,000",[0.48928157 0.35970762 0.11823797 0.03277285],0.0021473814633041623
430,ROBJOB8F_W27,INCOME,"$100,000 or more",[0.0725561  0.20949982 0.44023286 0.27771123],0.0007491252679704475
431,ROBJOB8F_W27,INCOME,"$30,000-$50,000",[0.09572823 0.27009366 0.3731553  0.26102281],0.0042761290755990895
432,ROBJOB8F_W27,INCOME,"$50,000-$75,000",[0.09650255 0.2552957  0.41221828 0.23598347],0.004527531197161239
433,ROBJOB8F_W27,INCOME,"$75,000-$100,000",[0.05860431 0.27842766 0.38599724 0.27697078],0.004440940934426102
434,ROBJOB8F_W27,INCOME,"Less than $30,000",[0.13509947 0.27710485 0.34137979 0.24641588],0.009580770118371834
435,ROBJOB7_W27,INCOME,"$100,000 or more",[0.62747791 0.37252209],0.005571928028900432
436,ROBJOB7_W27,INCOME,"$30,000-$50,000",[0.34049838 0.65950162],0.010219255921633691
437,ROBJOB7_W27,INCOME,"$50,000-$75,000",[0.45952404 0.54047596],0.006616404647296978
438,ROBJOB7_W27,INCOME,"$75,000-$100,000",[0.53206501 0.46793499],0.0072985313893229944
439,ROBJOB7_W27,INCOME,"Less than $30,000",[0.29883798 0.70116202],0.01926652199062236
440,VOICE5C_W27,INCOME,"$100,000 or more",[0.07008361 0.17731282 0.75260357],0.004614291660136811
441,VOICE5C_W27,INCOME,"$30,000-$50,000",[0.0750547  0.24736068 0.67758462],0.0
442,VOICE5C_W27,INCOME,"$50,000-$75,000",[0.10826279 0.16561052 0.72612669],0.01940904076026553
443,VOICE5C_W27,INCOME,"$75,000-$100,000",[0.0929973  0.07311552 0.83388718],0.0009649558151618205
444,VOICE5C_W27,INCOME,"Less than $30,000",[0.24619397 0.24010903 0.51369699],0.024419605027936858
445,CARS10B_W27,INCOME,"$100,000 or more",[0.85193606 0.14806394],0.0030415758171759353
446,CARS10B_W27,INCOME,"$30,000-$50,000",[0.74185138 0.25814862],0.0022519751508921298
447,CARS10B_W27,INCOME,"$50,000-$75,000",[0.87033627 0.12966373],0.0006721205124249871
448,CARS10B_W27,INCOME,"$75,000-$100,000",[0.80640146 0.19359854],0.0026887594068346434
449,CARS10B_W27,INCOME,"Less than $30,000",[0.80185984 0.19814016],0.0024988994616794453
450,ROBJOB4C_W27,INCOME,"$100,000 or more",[0.43290932 0.56709068],0.004462942465801931
451,ROBJOB4C_W27,INCOME,"$30,000-$50,000",[0.39783262 0.60216738],0.007193836967143579
452,ROBJOB4C_W27,INCOME,"$50,000-$75,000",[0.3999332 0.6000668],0.003329626854179178
453,ROBJOB4C_W27,INCOME,"$75,000-$100,000",[0.43161268 0.56838732],0.0003973670769448602
454,ROBJOB4C_W27,INCOME,"Less than $30,000",[0.44278975 0.55721025],0.00992601646898128
455,ROBJOB4F_W27,INCOME,"$100,000 or more",[0.43799283 0.56200717],0.002513250310004268
456,ROBJOB4F_W27,INCOME,"$30,000-$50,000",[0.34999675 0.65000325],0.007952238569954253
457,ROBJOB4F_W27,INCOME,"$50,000-$75,000",[0.39107977 0.60892023],0.006191025246495992
458,ROBJOB4F_W27,INCOME,"$75,000-$100,000",[0.37356443 0.62643557],0.0045798268667825515
459,ROBJOB4F_W27,INCOME,"Less than $30,000",[0.42802976 0.57197024],0.012181739789170046
460,ROBJOB5D_W27,INCOME,"$100,000 or more",[0.11969483 0.28208681 0.39381424 0.20440413],0.006822481367774996
461,ROBJOB5D_W27,INCOME,"$30,000-$50,000",[0.24732219 0.39141642 0.27704731 0.08421408],0.010654121993276564
462,ROBJOB5D_W27,INCOME,"$50,000-$75,000",[0.20782549 0.34618785 0.30816405 0.13782261],0.01543806366601246
463,ROBJOB5D_W27,INCOME,"$75,000-$100,000",[0.11322799 0.36213655 0.3379014  0.18673406],0.013790098355856886
464,ROBJOB5D_W27,INCOME,"Less than $30,000",[0.27184288 0.42196379 0.23108543 0.0751079 ],0.009784368149673293
465,CARS5_W27,INCOME,"$100,000 or more",[0.57870598 0.42129402],0.0011337001722013986
466,CARS5_W27,INCOME,"$30,000-$50,000",[0.39893577 0.60106423],0.0008332380164164357
467,CARS5_W27,INCOME,"$50,000-$75,000",[0.47509036 0.52490964],0.00034667775687068363
468,CARS5_W27,INCOME,"$75,000-$100,000",[0.48687733 0.51312267],0.0
469,CARS5_W27,INCOME,"Less than $30,000",[0.36939521 0.63060479],0.005900589162503639
470,ROBJOB8C_W27,INCOME,"$100,000 or more",[0.01595022 0.15863911 0.50193526 0.32347542],0.0015730151616846668
471,ROBJOB8C_W27,INCOME,"$30,000-$50,000",[0.02800521 0.16201068 0.48734202 0.32264209],0.0031589117489085627
472,ROBJOB8C_W27,INCOME,"$50,000-$75,000",[0.0458716  0.11329721 0.49740948 0.34342172],0.00017591547738025356
473,ROBJOB8C_W27,INCOME,"$75,000-$100,000",[0.02568285 0.12846802 0.50893885 0.33691028],0.009773580409390581
474,ROBJOB8C_W27,INCOME,"Less than $30,000",[0.05595048 0.1987447  0.39796    0.34734481],0.008558567764200982
475,ROBJOB8B_W27,INCOME,"$100,000 or more",[0.15000955 0.36517506 0.4012884  0.083527  ],0.0020264774015650187
476,ROBJOB8B_W27,INCOME,"$30,000-$50,000",[0.12308054 0.36597998 0.38312738 0.1278121 ],0.0060705124736310035
477,ROBJOB8B_W27,INCOME,"$50,000-$75,000",[0.14831671 0.39379564 0.36190514 0.09598251],0.002689177526910315
478,ROBJOB8B_W27,INCOME,"$75,000-$100,000",[0.10964132 0.41328348 0.37579401 0.10128118],0.007055266695144407
479,ROBJOB8B_W27,INCOME,"Less than $30,000",[0.13391819 0.34523164 0.36236862 0.15848155],0.011038892598244239
0,CAREGIV2_W27,POLIDEOLOGY,Conservative,[0.08911532 0.41513878 0.3828957  0.1128502 ],0.002749247262722771
1,CAREGIV2_W27,POLIDEOLOGY,Liberal,[0.10261772 0.54045362 0.26090895 0.09601971],0.0014984887618597076
2,CAREGIV2_W27,POLIDEOLOGY,Moderate,[0.11026548 0.50712483 0.24943742 0.13317227],0.0002819033049332912
3,CAREGIV2_W27,POLIDEOLOGY,Very conservative,[0.0883359  0.39886346 0.37450999 0.13829064],0.016713659301874184
4,CAREGIV2_W27,POLIDEOLOGY,Very liberal,[0.1248352  0.61178916 0.19554345 0.06783219],0.0
5,ROBJOB1_W27,POLIDEOLOGY,Conservative,[0.18271878 0.67624115 0.14104006],0.0020091117550603073
6,ROBJOB1_W27,POLIDEOLOGY,Liberal,[0.29585148 0.60591642 0.0982321 ],0.003909759251940068
7,ROBJOB1_W27,POLIDEOLOGY,Moderate,[0.23327076 0.61620199 0.15052725],0.001055098529566634
8,ROBJOB1_W27,POLIDEOLOGY,Very conservative,[0.2874577  0.52676529 0.18577701],0.001749445999962517
9,ROBJOB1_W27,POLIDEOLOGY,Very liberal,[0.28357417 0.57209072 0.14433511],0.005044855504006634
10,WORK3A_W27,POLIDEOLOGY,Conservative,[0.27876506 0.16266975 0.55856519],0.003797000462290639
11,WORK3A_W27,POLIDEOLOGY,Liberal,[0.29547272 0.13715439 0.56737289],0.004800298723172262
12,WORK3A_W27,POLIDEOLOGY,Moderate,[0.26107969 0.1463563  0.59256401],0.011033072230062167
13,WORK3A_W27,POLIDEOLOGY,Very conservative,[0.27941724 0.13028981 0.59029294],0.0030171979620911837
14,WORK3A_W27,POLIDEOLOGY,Very liberal,[0.29410416 0.10824353 0.59765231],0.0007760846049753955
15,ROBJOB3A_W27,POLIDEOLOGY,Conservative,[0.03330314 0.23760727 0.46705058 0.26203901],0.004419571433156039
16,ROBJOB3A_W27,POLIDEOLOGY,Liberal,[0.0682186  0.31563521 0.48930467 0.12684153],0.002664455570489454
17,ROBJOB3A_W27,POLIDEOLOGY,Moderate,[0.05042858 0.25302014 0.51019526 0.18635601],0.0034502975168274708
18,ROBJOB3A_W27,POLIDEOLOGY,Very conservative,[0.06113217 0.23164921 0.37470091 0.33251771],0.006587062943957195
19,ROBJOB3A_W27,POLIDEOLOGY,Very liberal,[0.12248078 0.36572912 0.38383912 0.12795097],0.0
20,WORK5A_W27,POLIDEOLOGY,Conservative,[0.02464786 0.94177411 0.03357802],0.003061120510920106
21,WORK5A_W27,POLIDEOLOGY,Liberal,[0.02255751 0.94808775 0.02935473],0.0
22,WORK5A_W27,POLIDEOLOGY,Moderate,[0.02520416 0.93753533 0.0372605 ],0.0016707613230852083
23,WORK5A_W27,POLIDEOLOGY,Very conservative,[0.0223988 0.8999851 0.0776161],0.014198387419448056
24,WORK5A_W27,POLIDEOLOGY,Very liberal,[0.02609057 0.94497914 0.02893029],0.0
25,WORK4C_W27,POLIDEOLOGY,Conservative,[0.44978886 0.14590971 0.40430144],0.002099638621404551
26,WORK4C_W27,POLIDEOLOGY,Liberal,[0.51733935 0.14737525 0.3352854 ],0.0045654125299998335
27,WORK4C_W27,POLIDEOLOGY,Moderate,[0.43754635 0.12213773 0.44031592],0.0020718647881838225
28,WORK4C_W27,POLIDEOLOGY,Very conservative,[0.44931941 0.12286302 0.42781757],0.0
29,WORK4C_W27,POLIDEOLOGY,Very liberal,[0.49211998 0.11010666 0.39777337],0.0
30,WORK4A_W27,POLIDEOLOGY,Conservative,[0.49273481 0.24334087 0.26392432],0.0010530361881495307
31,WORK4A_W27,POLIDEOLOGY,Liberal,[0.39379161 0.33821988 0.26798852],0.0008918259341490464
32,WORK4A_W27,POLIDEOLOGY,Moderate,[0.33939386 0.27989671 0.38070943],0.0008368857122428059
33,WORK4A_W27,POLIDEOLOGY,Very conservative,[0.31415597 0.39922384 0.28662019],0.0
34,WORK4A_W27,POLIDEOLOGY,Very liberal,[0.39570878 0.27204254 0.33224867],0.0
35,CAREGIV6B_W27,POLIDEOLOGY,Conservative,[0.4727039 0.5272961],0.005103010571845438
36,CAREGIV6B_W27,POLIDEOLOGY,Liberal,[0.59799934 0.40200066],0.002926356339088271
37,CAREGIV6B_W27,POLIDEOLOGY,Moderate,[0.52185439 0.47814561],0.011253850915454139
38,CAREGIV6B_W27,POLIDEOLOGY,Very conservative,[0.41598146 0.58401854],0.024225536947245874
39,CAREGIV6B_W27,POLIDEOLOGY,Very liberal,[0.58527803 0.41472197],0.008270496953886843
40,CAREGIV6E_W27,POLIDEOLOGY,Conservative,[0.52837172 0.47162828],0.0011481079625502708
41,CAREGIV6E_W27,POLIDEOLOGY,Liberal,[0.68228089 0.31771911],0.0018739592848489271
42,CAREGIV6E_W27,POLIDEOLOGY,Moderate,[0.6272754 0.3727246],0.0020279318304927945
43,CAREGIV6E_W27,POLIDEOLOGY,Very conservative,[0.38547375 0.61452625],0.010179033409822878
44,CAREGIV6E_W27,POLIDEOLOGY,Very liberal,[0.67634269 0.32365731],0.00155333617624483
45,CARS1_W27,POLIDEOLOGY,Conservative,[0.3327541  0.62676209 0.04048381],0.0
46,CARS1_W27,POLIDEOLOGY,Liberal,[0.36946477 0.58561191 0.04492333],0.004938437736874952
47,CARS1_W27,POLIDEOLOGY,Moderate,[0.33057588 0.62041893 0.04900519],0.004699168648515859
48,CARS1_W27,POLIDEOLOGY,Very conservative,[0.38148863 0.49891057 0.1196008 ],0.0011387371306829975
49,CARS1_W27,POLIDEOLOGY,Very liberal,[0.3962474  0.53177833 0.07197428],0.0006034083962667142
50,HIRING7A_W27,POLIDEOLOGY,Conservative,[0.21988396 0.45912067 0.32099537],0.0018940478770965664
51,HIRING7A_W27,POLIDEOLOGY,Liberal,[0.191849  0.5435671 0.2645839],0.021299411277864243
52,HIRING7A_W27,POLIDEOLOGY,Moderate,[0.19926468 0.50594779 0.29478753],0.013014786375369914
53,HIRING7A_W27,POLIDEOLOGY,Very conservative,[0.22009649 0.42087586 0.35902765],0.00691995498247027
54,HIRING7A_W27,POLIDEOLOGY,Very liberal,[0.12186714 0.63618764 0.24194522],0.0
55,WORK7_W27,POLIDEOLOGY,Conservative,[0.18093961 0.81906039],0.0016075069342097543
56,WORK7_W27,POLIDEOLOGY,Liberal,[0.23433239 0.76566761],0.00044554380728965484
57,WORK7_W27,POLIDEOLOGY,Moderate,[0.16254413 0.83745587],0.010687054958066225
58,WORK7_W27,POLIDEOLOGY,Very conservative,[0.19602432 0.80397568],0.016507743103450823
59,WORK7_W27,POLIDEOLOGY,Very liberal,[0.13637168 0.86362832],0.015762862063799593
60,PREDICTA_W27,POLIDEOLOGY,Conservative,[0.17471485 0.61625311 0.19317326 0.01585878],0.0006707368505984003
61,PREDICTA_W27,POLIDEOLOGY,Liberal,[0.18865984 0.62208316 0.16844666 0.02081033],0.004935178925325171
62,PREDICTA_W27,POLIDEOLOGY,Moderate,[0.21890367 0.5844411  0.17411917 0.02253606],0.0007749026319196176
63,PREDICTA_W27,POLIDEOLOGY,Very conservative,[0.20782339 0.49561096 0.26078315 0.0357825 ],0.004749179902862067
64,PREDICTA_W27,POLIDEOLOGY,Very liberal,[0.31833124 0.50578804 0.16593444 0.00994628],0.0004796716819768285
65,VOICE5D_W27,POLIDEOLOGY,Conservative,[0.16795828 0.38200813 0.45003359],0.0005194701060034382
66,VOICE5D_W27,POLIDEOLOGY,Liberal,[0.25765507 0.35516216 0.38718277],0.011886505275760897
67,VOICE5D_W27,POLIDEOLOGY,Moderate,[0.2693501  0.39604037 0.33460953],0.003105219110411675
68,VOICE5D_W27,POLIDEOLOGY,Very conservative,[0.20052928 0.38452063 0.41495009],0.0
69,VOICE5D_W27,POLIDEOLOGY,Very liberal,[0.163049   0.55967981 0.27727119],0.0027185800225140518
70,HIRING2_W27,POLIDEOLOGY,Conservative,[0.06429724 0.48202901 0.33418251 0.11949124],0.0
71,HIRING2_W27,POLIDEOLOGY,Liberal,[0.16673403 0.44771526 0.26635144 0.11919926],0.000393458490266876
72,HIRING2_W27,POLIDEOLOGY,Moderate,[0.09802106 0.4995568  0.26578227 0.13663988],0.0024949574098683796
73,HIRING2_W27,POLIDEOLOGY,Very conservative,[0.18216197 0.40969145 0.29143038 0.1167162 ],0.0
74,HIRING2_W27,POLIDEOLOGY,Very liberal,[0.15360952 0.49655271 0.25054257 0.09929519],0.0
75,ROBJOB8A_W27,POLIDEOLOGY,Conservative,[0.12569205 0.40343792 0.35334766 0.11752238],0.004962768758377924
76,ROBJOB8A_W27,POLIDEOLOGY,Liberal,[0.12851568 0.38291562 0.39571622 0.09285248],0.003913206849639234
77,ROBJOB8A_W27,POLIDEOLOGY,Moderate,[0.16710384 0.36740052 0.33843039 0.12706525],0.004369632977908615
78,ROBJOB8A_W27,POLIDEOLOGY,Very conservative,[0.16854009 0.38965478 0.31771002 0.12409511],0.02121467608698513
79,ROBJOB8A_W27,POLIDEOLOGY,Very liberal,[0.17105452 0.36872502 0.32828144 0.13193902],0.002424198046094342
80,ROBJOB4E_W27,POLIDEOLOGY,Conservative,[0.22802941 0.77197059],0.014077734669981303
81,ROBJOB4E_W27,POLIDEOLOGY,Liberal,[0.28803962 0.71196038],0.004514342267610171
82,ROBJOB4E_W27,POLIDEOLOGY,Moderate,[0.24318025 0.75681975],0.002702228382184339
83,ROBJOB4E_W27,POLIDEOLOGY,Very conservative,[0.20732913 0.79267087],0.00253991278225734
84,ROBJOB4E_W27,POLIDEOLOGY,Very liberal,[0.27660139 0.72339861],0.007018819081763924
85,CAREGIV1_W27,POLIDEOLOGY,Conservative,[0.03598265 0.23879682 0.72522053],0.0010797219095297753
86,CAREGIV1_W27,POLIDEOLOGY,Liberal,[0.08682377 0.35004381 0.56313243],0.0009660271339264022
87,CAREGIV1_W27,POLIDEOLOGY,Moderate,[0.05722393 0.27741383 0.66536224],0.0005258832257798441
88,CAREGIV1_W27,POLIDEOLOGY,Very conservative,[0.04125306 0.32314802 0.63559892],0.0
89,CAREGIV1_W27,POLIDEOLOGY,Very liberal,[0.06525608 0.36742634 0.56731758],0.006445990135868722
90,WORK3C_W27,POLIDEOLOGY,Conservative,[0.5517375  0.20572494 0.24253756],0.0005936251488101813
91,WORK3C_W27,POLIDEOLOGY,Liberal,[0.68051062 0.13303552 0.18645386],0.006202336517981874
92,WORK3C_W27,POLIDEOLOGY,Moderate,[0.62206261 0.14236113 0.23557627],0.010301464913353722
93,WORK3C_W27,POLIDEOLOGY,Very conservative,[0.40467281 0.20875052 0.38657668],0.0
94,WORK3C_W27,POLIDEOLOGY,Very liberal,[0.59824138 0.18058941 0.22116921],0.003215690582788051
95,CARS9A_W27,POLIDEOLOGY,Conservative,[0.50391241 0.35505044 0.0938297  0.04720745],0.002437185539850935
96,CARS9A_W27,POLIDEOLOGY,Liberal,[0.41079013 0.40749165 0.13212233 0.04959589],0.0061419650340259575
97,CARS9A_W27,POLIDEOLOGY,Moderate,[0.49253543 0.3630097  0.10791882 0.03653605],0.005791702880878417
98,CARS9A_W27,POLIDEOLOGY,Very conservative,[0.43752664 0.30168749 0.16390872 0.09687715],0.0011387371306829975
99,CARS9A_W27,POLIDEOLOGY,Very liberal,[0.39422708 0.37135225 0.15296022 0.08146045],0.0025181354420264644
100,CARS7B_W27,POLIDEOLOGY,Conservative,[0.06775892 0.21406373 0.33522917 0.38294818],0.0016391113077578112
101,CARS7B_W27,POLIDEOLOGY,Liberal,[0.09046916 0.30103107 0.35342171 0.25507807],0.0017407955620258504
102,CARS7B_W27,POLIDEOLOGY,Moderate,[0.07461005 0.27889495 0.34329404 0.30320095],0.0027708006986352845
103,CARS7B_W27,POLIDEOLOGY,Very conservative,[0.06757157 0.17849102 0.335763   0.41817441],0.0011387371306829975
104,CARS7B_W27,POLIDEOLOGY,Very liberal,[0.18226968 0.3259607  0.25584705 0.23592258],0.0
105,CARS3A_W27,POLIDEOLOGY,Conservative,[0.08344899 0.25586867 0.39055306 0.27012928],0.0014660464335071626
106,CARS3A_W27,POLIDEOLOGY,Liberal,[0.14080938 0.32818466 0.39696215 0.13404381],0.0011140713162513677
107,CARS3A_W27,POLIDEOLOGY,Moderate,[0.09787249 0.28780549 0.41569882 0.1986232 ],0.0005949921146403866
108,CARS3A_W27,POLIDEOLOGY,Very conservative,[0.0968813  0.22518924 0.34555674 0.33237272],0.0011387371306829975
109,CARS3A_W27,POLIDEOLOGY,Very liberal,[0.2421937  0.29929943 0.261692   0.19681487],0.020741157914930357
110,WORK4B_W27,POLIDEOLOGY,Conservative,[0.55167976 0.13068245 0.31763779],0.002800984707430927
111,WORK4B_W27,POLIDEOLOGY,Liberal,[0.60818356 0.08574418 0.30607226],0.002042027605245389
112,WORK4B_W27,POLIDEOLOGY,Moderate,[0.50209645 0.12225666 0.37564689],0.008365422535104035
113,WORK4B_W27,POLIDEOLOGY,Very conservative,[0.43164578 0.16485756 0.40349666],0.0
114,WORK4B_W27,POLIDEOLOGY,Very liberal,[0.54466079 0.15872485 0.29661436],0.0
115,CARS9B_W27,POLIDEOLOGY,Conservative,[0.39506051 0.31419982 0.22358305 0.06715662],0.0052520199935952765
116,CARS9B_W27,POLIDEOLOGY,Liberal,[0.26828735 0.39500406 0.28136854 0.05534005],0.006752762017437815
117,CARS9B_W27,POLIDEOLOGY,Moderate,[0.33802509 0.37667257 0.23490801 0.05039433],0.0019024862118972637
118,CARS9B_W27,POLIDEOLOGY,Very conservative,[0.44554022 0.25613181 0.19936069 0.09896727],0.0036201497193271634
119,CARS9B_W27,POLIDEOLOGY,Very liberal,[0.23076779 0.32157318 0.30503078 0.14262825],0.002126004531434321
120,ROBJOB5C_W27,POLIDEOLOGY,Conservative,[0.21776674 0.36530289 0.27107781 0.14585256],0.010331151683763687
121,ROBJOB5C_W27,POLIDEOLOGY,Liberal,[0.18736355 0.44369344 0.25803248 0.11091053],0.006735630023046009
122,ROBJOB5C_W27,POLIDEOLOGY,Moderate,[0.22575579 0.42271858 0.23042072 0.12110491],0.009126167764431864
123,ROBJOB5C_W27,POLIDEOLOGY,Very conservative,[0.21235993 0.45722823 0.21232149 0.11809035],0.002270552179751189
124,ROBJOB5C_W27,POLIDEOLOGY,Very liberal,[0.25394359 0.33456825 0.23806661 0.17342155],0.0017080546603643323
125,HIRING1_W27,POLIDEOLOGY,Conservative,[0.09192098 0.31240988 0.59566915],0.0
126,HIRING1_W27,POLIDEOLOGY,Liberal,[0.103936   0.32409091 0.57197309],0.0035214958559958917
127,HIRING1_W27,POLIDEOLOGY,Moderate,[0.06634453 0.33804164 0.59561384],0.0035190481021045903
128,HIRING1_W27,POLIDEOLOGY,Very conservative,[0.10012479 0.37017282 0.52970239],0.0
129,HIRING1_W27,POLIDEOLOGY,Very liberal,[0.13436035 0.3966108  0.46902885],0.0021409529413372406
130,CARS7A_W27,POLIDEOLOGY,Conservative,[0.09167027 0.31300331 0.38559319 0.20973323],0.0009492102621550639
131,CARS7A_W27,POLIDEOLOGY,Liberal,[0.14641652 0.40363387 0.34674067 0.10320893],0.0015805357732155017
132,CARS7A_W27,POLIDEOLOGY,Moderate,[0.09366276 0.40196577 0.35498126 0.14939021],0.004648878702934785
133,CARS7A_W27,POLIDEOLOGY,Very conservative,[0.08527111 0.27884518 0.36584238 0.27004133],0.0
134,CARS7A_W27,POLIDEOLOGY,Very liberal,[0.19167855 0.41232324 0.25044647 0.14555174],0.0
135,CAREREL_W27,POLIDEOLOGY,Conservative,[0.4100097  0.23879277 0.16252288 0.12239185 0.0662828 ],0.000916917750510723
136,CAREREL_W27,POLIDEOLOGY,Liberal,[0.41134731 0.30011879 0.11943631 0.08235316 0.08674443],0.005125595811749988
137,CAREREL_W27,POLIDEOLOGY,Moderate,[0.39787594 0.29586745 0.10183877 0.11005466 0.09436317],0.002873343364492634
138,CAREREL_W27,POLIDEOLOGY,Very conservative,[0.40102852 0.28055602 0.11779289 0.09713184 0.10349073],0.0
139,CAREREL_W27,POLIDEOLOGY,Very liberal,[0.40533636 0.26402781 0.12908196 0.09446157 0.10709229],0.0031741118878030063
140,PREDICTC_W27,POLIDEOLOGY,Conservative,[0.09214769 0.55516567 0.32742245 0.0252642 ],0.0009944044346223344
141,PREDICTC_W27,POLIDEOLOGY,Liberal,[0.13555033 0.53477307 0.30254588 0.02713072],0.0037401377494304354
142,PREDICTC_W27,POLIDEOLOGY,Moderate,[0.10383674 0.53938996 0.32051976 0.03625354],0.0
143,PREDICTC_W27,POLIDEOLOGY,Very conservative,[0.09570965 0.51202669 0.31867792 0.07358574],0.0019832600722252173
144,PREDICTC_W27,POLIDEOLOGY,Very liberal,[0.24763166 0.50568008 0.21296267 0.03372559],0.0020680135726102084
145,CARS10C_W27,POLIDEOLOGY,Conservative,[0.39010544 0.60989456],0.013977321580193987
146,CARS10C_W27,POLIDEOLOGY,Liberal,[0.43470152 0.56529848],0.005041069317410497
147,CARS10C_W27,POLIDEOLOGY,Moderate,[0.45207541 0.54792459],0.0031550673496429276
148,CARS10C_W27,POLIDEOLOGY,Very conservative,[0.41631875 0.58368125],0.005852960116651278
149,CARS10C_W27,POLIDEOLOGY,Very liberal,[0.52321812 0.47678188],0.001470245739651073
150,DRONE4C_W27,POLIDEOLOGY,Conservative,[0.37581502 0.34471779 0.27946719],0.0022213925419975627
151,DRONE4C_W27,POLIDEOLOGY,Liberal,[0.3992893  0.31648042 0.28423028],0.000705926002868597
152,DRONE4C_W27,POLIDEOLOGY,Moderate,[0.33278296 0.30084505 0.36637199],0.015903479223531376
153,DRONE4C_W27,POLIDEOLOGY,Very conservative,[0.28909508 0.34904247 0.36186246],0.0024415347647170787
154,DRONE4C_W27,POLIDEOLOGY,Very liberal,[0.39934394 0.318309   0.28234706],0.0022686595837714428
155,WORK3B_W27,POLIDEOLOGY,Conservative,[0.76308701 0.04391236 0.19300063],0.0028670462466736106
156,WORK3B_W27,POLIDEOLOGY,Liberal,[0.75493654 0.04783042 0.19723304],0.018525566316380356
157,WORK3B_W27,POLIDEOLOGY,Moderate,[0.66191988 0.04520173 0.29287839],0.0033217868721814236
158,WORK3B_W27,POLIDEOLOGY,Very conservative,[0.57096039 0.03575103 0.39328858],0.0015390637046003859
159,WORK3B_W27,POLIDEOLOGY,Very liberal,[0.75508435 0.06775155 0.1771641 ],0.0
160,CAREGIV3B_W27,POLIDEOLOGY,Conservative,[0.15403178 0.29486059 0.47211865 0.07898898],0.011749087787070152
161,CAREGIV3B_W27,POLIDEOLOGY,Liberal,[0.10775883 0.36852917 0.42474656 0.09896545],0.0013579616010259774
162,CAREGIV3B_W27,POLIDEOLOGY,Moderate,[0.14516277 0.31965378 0.44389428 0.09128917],0.0002457662598986477
163,CAREGIV3B_W27,POLIDEOLOGY,Very conservative,[0.18388953 0.38887054 0.30376317 0.12347676],0.0
164,CAREGIV3B_W27,POLIDEOLOGY,Very liberal,[0.11598252 0.37276901 0.3747689  0.13647957],0.0
165,WORK3F_W27,POLIDEOLOGY,Conservative,[0.4514515  0.14894959 0.39959891],0.002284829028465557
166,WORK3F_W27,POLIDEOLOGY,Liberal,[0.51079997 0.12098116 0.36821887],0.002175452540348315
167,WORK3F_W27,POLIDEOLOGY,Moderate,[0.48301981 0.12547419 0.391506  ],0.0030473962653728257
168,WORK3F_W27,POLIDEOLOGY,Very conservative,[0.49069836 0.06210561 0.44719603],0.004388155696910054
169,WORK3F_W27,POLIDEOLOGY,Very liberal,[0.45135732 0.06809047 0.48055221],0.0
170,PREDICTD_W27,POLIDEOLOGY,Conservative,[0.05800953 0.3907705  0.4808654  0.07035456],0.00457389146810882
171,PREDICTD_W27,POLIDEOLOGY,Liberal,[0.06787226 0.32441865 0.53893784 0.06877125],0.0018107260596632497
172,PREDICTD_W27,POLIDEOLOGY,Moderate,[0.06631107 0.3792927  0.49989077 0.05450547],0.0021306571987987437
173,PREDICTD_W27,POLIDEOLOGY,Very conservative,[0.07559821 0.38113792 0.47077917 0.0724847 ],0.005061786999497801
174,PREDICTD_W27,POLIDEOLOGY,Very liberal,[0.10956077 0.31818903 0.51575478 0.05649542],0.0015123429277325855
175,WORK2_W27,POLIDEOLOGY,Conservative,[0.1024141  0.65715416 0.24043173],0.00023288460754273467
176,WORK2_W27,POLIDEOLOGY,Liberal,[0.21798929 0.34300952 0.4390012 ],0.0029332651130260516
177,WORK2_W27,POLIDEOLOGY,Moderate,[0.19853576 0.49465137 0.30681287],0.0047474033652257115
178,WORK2_W27,POLIDEOLOGY,Very conservative,[0.12832989 0.67260629 0.19906383],0.002417805372049273
179,WORK2_W27,POLIDEOLOGY,Very liberal,[0.3646674  0.26428608 0.37104652],0.0047247661093820295
180,HIRING6A_W27,POLIDEOLOGY,Conservative,[0.20576342 0.43828162 0.35595495],0.004190666165041215
181,HIRING6A_W27,POLIDEOLOGY,Liberal,[0.28868185 0.41250882 0.29880932],0.003701806228653056
182,HIRING6A_W27,POLIDEOLOGY,Moderate,[0.2568429  0.40739219 0.33576491],0.014994883339848494
183,HIRING6A_W27,POLIDEOLOGY,Very conservative,[0.17395531 0.48344113 0.34260356],0.004312704405155376
184,HIRING6A_W27,POLIDEOLOGY,Very liberal,[0.31759388 0.42368361 0.25872251],0.0
185,CARS9C_W27,POLIDEOLOGY,Conservative,[0.62288557 0.25417317 0.09502439 0.02791687],0.011068762717735754
186,CARS9C_W27,POLIDEOLOGY,Liberal,[0.47020343 0.39480321 0.10506694 0.02992642],0.001230019483795629
187,CARS9C_W27,POLIDEOLOGY,Moderate,[0.53646729 0.376395   0.07640149 0.01073621],0.0007664935126863314
188,CARS9C_W27,POLIDEOLOGY,Very conservative,[0.51660527 0.25487131 0.13792792 0.0905955 ],0.0
189,CARS9C_W27,POLIDEOLOGY,Very liberal,[0.40130799 0.37326818 0.15081848 0.07460535],0.0013320801581960411
190,HIRING6B_W27,POLIDEOLOGY,Conservative,[0.10566731 0.63326832 0.26106438],0.003258283544034827
191,HIRING6B_W27,POLIDEOLOGY,Liberal,[0.15980591 0.60051427 0.23967981],0.000393458490266876
192,HIRING6B_W27,POLIDEOLOGY,Moderate,[0.10720468 0.60660807 0.28618725],0.014994883339848497
193,HIRING6B_W27,POLIDEOLOGY,Very conservative,[0.04824413 0.61026997 0.3414859 ],0.0
194,HIRING6B_W27,POLIDEOLOGY,Very liberal,[0.21958282 0.46976999 0.31064719],0.0
195,ROBJOB3B_W27,POLIDEOLOGY,Conservative,[0.25579101 0.44881786 0.25720281 0.03818832],0.0005618647025598009
196,ROBJOB3B_W27,POLIDEOLOGY,Liberal,[0.20890291 0.48818834 0.27550215 0.02740661],0.0025355406218371818
197,ROBJOB3B_W27,POLIDEOLOGY,Moderate,[0.2431906  0.51930523 0.1982695  0.03923467],0.002541118406341686
198,ROBJOB3B_W27,POLIDEOLOGY,Very conservative,[0.31961747 0.36180353 0.22697035 0.09160865],0.0085195609102592
199,ROBJOB3B_W27,POLIDEOLOGY,Very liberal,[0.23597451 0.47898835 0.21616016 0.06887698],0.0
200,DRONE2_W27,POLIDEOLOGY,Conservative,[0.61613702 0.38386298],0.0
201,DRONE2_W27,POLIDEOLOGY,Liberal,[0.62892041 0.37107959],0.0
202,DRONE2_W27,POLIDEOLOGY,Moderate,[0.5592166 0.4407834],0.01111823619982779
203,DRONE2_W27,POLIDEOLOGY,Very conservative,[0.60023634 0.39976366],0.0
204,DRONE2_W27,POLIDEOLOGY,Very liberal,[0.60040605 0.39959395],0.0008537015023449599
205,WORK3E_W27,POLIDEOLOGY,Conservative,[0.65387311 0.14733929 0.1987876 ],0.0030806601950366065
206,WORK3E_W27,POLIDEOLOGY,Liberal,[0.7054971  0.11992918 0.17457372],0.0045654125299998335
207,WORK3E_W27,POLIDEOLOGY,Moderate,[0.6884441  0.10982399 0.20173192],0.0
208,WORK3E_W27,POLIDEOLOGY,Very conservative,[0.58906474 0.1617455  0.24918976],0.0030171979620911837
209,WORK3E_W27,POLIDEOLOGY,Very liberal,[0.66659217 0.125893   0.20751483],0.002054811482947501
210,CAREGIV6A_W27,POLIDEOLOGY,Conservative,[0.67330117 0.32669883],0.0022820220002237775
211,CAREGIV6A_W27,POLIDEOLOGY,Liberal,[0.75221704 0.24778296],0.0006919789255080746
212,CAREGIV6A_W27,POLIDEOLOGY,Moderate,[0.69129999 0.30870001],0.004160027773064627
213,CAREGIV6A_W27,POLIDEOLOGY,Very conservative,[0.6086333 0.3913667],0.002451413769333698
214,CAREGIV6A_W27,POLIDEOLOGY,Very liberal,[0.80546999 0.19453001],0.0053249833652772366
215,CAREGIV6C_W27,POLIDEOLOGY,Conservative,[0.56116442 0.43883558],0.00042182952659496216
216,CAREGIV6C_W27,POLIDEOLOGY,Liberal,[0.57013656 0.42986344],0.017415893976267256
217,CAREGIV6C_W27,POLIDEOLOGY,Moderate,[0.59717384 0.40282616],0.0039458562119568845
218,CAREGIV6C_W27,POLIDEOLOGY,Very conservative,[0.44293392 0.55706608],0.007618060005397455
219,CAREGIV6C_W27,POLIDEOLOGY,Very liberal,[0.58040076 0.41959924],0.000689979656801409
220,DRONE4D_W27,POLIDEOLOGY,Conservative,[0.50229429 0.25432039 0.24338532],0.0
221,DRONE4D_W27,POLIDEOLOGY,Liberal,[0.48885589 0.22818724 0.28295687],0.011214296170490282
222,DRONE4D_W27,POLIDEOLOGY,Moderate,[0.43017777 0.21896859 0.35085364],0.01935462528188445
223,DRONE4D_W27,POLIDEOLOGY,Very conservative,[0.298812   0.33581725 0.36537074],0.0
224,DRONE4D_W27,POLIDEOLOGY,Very liberal,[0.41203312 0.27704652 0.31092036],0.0
225,VOICE3_W27,POLIDEOLOGY,Conservative,[0.18572588 0.81427412],0.0028898518548396953
226,VOICE3_W27,POLIDEOLOGY,Liberal,[0.33737479 0.66262521],0.0
227,VOICE3_W27,POLIDEOLOGY,Moderate,[0.29636171 0.70363829],0.016196760080350033
228,VOICE3_W27,POLIDEOLOGY,Very conservative,[0.22436148 0.77563852],0.0
229,VOICE3_W27,POLIDEOLOGY,Very liberal,[0.18382128 0.81617872],0.0
230,CARS10A_W27,POLIDEOLOGY,Conservative,[0.71493728 0.28506272],0.0013765101701320912
231,CARS10A_W27,POLIDEOLOGY,Liberal,[0.79074953 0.20925047],0.001179332241100437
232,CARS10A_W27,POLIDEOLOGY,Moderate,[0.76460302 0.23539698],0.0029759540741824985
233,CARS10A_W27,POLIDEOLOGY,Very conservative,[0.67211211 0.32788789],0.004986162428793864
234,CARS10A_W27,POLIDEOLOGY,Very liberal,[0.77225977 0.22774023],0.0005526276799983465
235,CAREGIV6D_W27,POLIDEOLOGY,Conservative,[0.71533984 0.28466016],0.01601612552686537
236,CAREGIV6D_W27,POLIDEOLOGY,Liberal,[0.66200538 0.33799462],0.006129885858375044
237,CAREGIV6D_W27,POLIDEOLOGY,Moderate,[0.61150869 0.38849131],0.005542071267094205
238,CAREGIV6D_W27,POLIDEOLOGY,Very conservative,[0.61819966 0.38180034],0.01585968483401747
239,CAREGIV6D_W27,POLIDEOLOGY,Very liberal,[0.54554705 0.45445295],0.0006183460226852338
240,DRONE4A_W27,POLIDEOLOGY,Conservative,[0.12803121 0.56480168 0.30716711],0.0
241,DRONE4A_W27,POLIDEOLOGY,Liberal,[0.10518268 0.52162981 0.3731875 ],0.001372742744368069
242,DRONE4A_W27,POLIDEOLOGY,Moderate,[0.1027677  0.53130641 0.36592589],0.01358659049177481
243,DRONE4A_W27,POLIDEOLOGY,Very conservative,[0.13425128 0.5667416  0.29900712],0.0
244,DRONE4A_W27,POLIDEOLOGY,Very liberal,[0.13554068 0.566493   0.29796632],0.0016891221128933628
245,DRONE1_W27,POLIDEOLOGY,Conservative,[0.07960754 0.92039246],0.004996511160522315
246,DRONE1_W27,POLIDEOLOGY,Liberal,[0.11205751 0.88794249],0.0011906555025237107
247,DRONE1_W27,POLIDEOLOGY,Moderate,[0.06707129 0.93292871],0.011517338843153023
248,DRONE1_W27,POLIDEOLOGY,Very conservative,[0.10501387 0.89498613],0.0
249,DRONE1_W27,POLIDEOLOGY,Very liberal,[0.10534446 0.89465554],0.0
250,CARS3B_W27,POLIDEOLOGY,Conservative,[0.14264626 0.42581968 0.32710028 0.10443379],0.00020193632618424205
251,CARS3B_W27,POLIDEOLOGY,Liberal,[0.1296389  0.37069832 0.36681682 0.13284596],0.0
252,CARS3B_W27,POLIDEOLOGY,Moderate,[0.13593166 0.39447731 0.38804254 0.08154849],0.0021965515174898536
253,CARS3B_W27,POLIDEOLOGY,Very conservative,[0.19972395 0.41925669 0.27068815 0.1103312 ],0.004682676060541834
254,CARS3B_W27,POLIDEOLOGY,Very liberal,[0.13929351 0.34211785 0.32372811 0.19486052],0.0
255,CAREGIV7_W27,POLIDEOLOGY,Conservative,[0.47870758 0.17600949 0.34528293],0.0
256,CAREGIV7_W27,POLIDEOLOGY,Liberal,[0.50111648 0.20748137 0.29140216],0.005024983171277248
257,CAREGIV7_W27,POLIDEOLOGY,Moderate,[0.5187428  0.17956595 0.30169125],0.0
258,CAREGIV7_W27,POLIDEOLOGY,Very conservative,[0.40723327 0.18108547 0.41168126],0.0042694586118453975
259,CAREGIV7_W27,POLIDEOLOGY,Very liberal,[0.37669929 0.33191423 0.29138648],0.007647057821106708
260,PREDICTB_W27,POLIDEOLOGY,Conservative,[0.10967746 0.56227723 0.31430991 0.01373541],0.004988487296316931
261,PREDICTB_W27,POLIDEOLOGY,Liberal,[0.13174882 0.48769511 0.35889441 0.02166166],0.0034673607816510343
262,PREDICTB_W27,POLIDEOLOGY,Moderate,[0.1288726  0.51702692 0.33001568 0.02408479],0.000520715039886974
263,PREDICTB_W27,POLIDEOLOGY,Very conservative,[0.13886623 0.51286949 0.29999605 0.04826823],0.0017880150167083404
264,PREDICTB_W27,POLIDEOLOGY,Very liberal,[0.21864471 0.49506751 0.27193244 0.01435534],0.0030745062677862357
265,INDUSTRY_W27,POLIDEOLOGY,Conservative,"[0.0800899  0.11862216 0.15558042 0.06181123 0.081791   0.07790203
 0.0627565  0.07392679 0.04982234 0.20313096 0.03456666]",0.0
266,INDUSTRY_W27,POLIDEOLOGY,Liberal,"[0.04751219 0.1080186  0.10439105 0.08978912 0.10035766 0.07236192
 0.02929429 0.09595338 0.09725416 0.22338009 0.03168755]",0.0
267,INDUSTRY_W27,POLIDEOLOGY,Moderate,"[0.08587994 0.12396421 0.10062424 0.10674314 0.08562677 0.07642597
 0.03581317 0.0775458  0.07653296 0.19863509 0.03220871]",0.0005723131868191315
268,INDUSTRY_W27,POLIDEOLOGY,Very conservative,"[0.11202249 0.0887615  0.08671922 0.10565367 0.03302928 0.06675537
 0.06682123 0.03871033 0.06255543 0.27063183 0.06833965]",0.0
269,INDUSTRY_W27,POLIDEOLOGY,Very liberal,"[0.04117073 0.15858988 0.03611496 0.14674927 0.14371084 0.0543884
 0.00327066 0.04326911 0.07061373 0.24052214 0.06160028]",0.0
270,CAREGIV6F_W27,POLIDEOLOGY,Conservative,[0.49365274 0.50634726],0.018661106752949293
271,CAREGIV6F_W27,POLIDEOLOGY,Liberal,[0.36873943 0.63126057],0.013709181937856946
272,CAREGIV6F_W27,POLIDEOLOGY,Moderate,[0.44744113 0.55255887],0.018945087601458983
273,CAREGIV6F_W27,POLIDEOLOGY,Very conservative,[0.47570555 0.52429445],0.010611417931791487
274,CAREGIV6F_W27,POLIDEOLOGY,Very liberal,[0.31144676 0.68855324],0.006597874808745784
275,CARS10E_W27,POLIDEOLOGY,Conservative,[0.25206841 0.74793159],0.002520966591826136
276,CARS10E_W27,POLIDEOLOGY,Liberal,[0.3101885 0.6898115],0.002535100163084354
277,CARS10E_W27,POLIDEOLOGY,Moderate,[0.2604836 0.7395164],0.0017186173743414742
278,CARS10E_W27,POLIDEOLOGY,Very conservative,[0.20373165 0.79626835],0.0
279,CARS10E_W27,POLIDEOLOGY,Very liberal,[0.44375918 0.55624082],0.0029097299011845617
280,ROBJOB8G_W27,POLIDEOLOGY,Conservative,[0.19926189 0.45352252 0.26639849 0.0808171 ],0.0016936146039026306
281,ROBJOB8G_W27,POLIDEOLOGY,Liberal,[0.21695622 0.51266348 0.22773527 0.04264503],0.008522147587214878
282,ROBJOB8G_W27,POLIDEOLOGY,Moderate,[0.21343262 0.41275581 0.30352935 0.07028222],0.0028837636519271174
283,ROBJOB8G_W27,POLIDEOLOGY,Very conservative,[0.17320235 0.38757743 0.28036134 0.15885889],0.013059650288765058
284,ROBJOB8G_W27,POLIDEOLOGY,Very liberal,[0.32249384 0.41732187 0.21575758 0.04442671],0.0011817863039029182
285,ROBJOB2_W27,POLIDEOLOGY,Conservative,[0.16822655 0.63140487 0.1612714  0.03909718],0.0007040500562054484
286,ROBJOB2_W27,POLIDEOLOGY,Liberal,[0.2309453  0.56296597 0.17836219 0.02772655],0.0036307490447636376
287,ROBJOB2_W27,POLIDEOLOGY,Moderate,[0.1851909 0.5833521 0.1850384 0.0464186],0.0058706307973535625
288,ROBJOB2_W27,POLIDEOLOGY,Very conservative,[0.27526688 0.46133156 0.1800326  0.08336895],0.021978137898948303
289,ROBJOB2_W27,POLIDEOLOGY,Very liberal,[0.27853679 0.53830689 0.1106322  0.07252412],0.003563402399812584
290,VOICE5B_W27,POLIDEOLOGY,Conservative,[0.19501068 0.40255076 0.40243856],0.0005194701060034382
291,VOICE5B_W27,POLIDEOLOGY,Liberal,[0.23124621 0.37061578 0.39813801],0.014701161579292453
292,VOICE5B_W27,POLIDEOLOGY,Moderate,[0.23219579 0.36483594 0.40296827],0.003105219110411675
293,VOICE5B_W27,POLIDEOLOGY,Very conservative,[0.33214755 0.32339761 0.34445484],0.0
294,VOICE5B_W27,POLIDEOLOGY,Very liberal,[0.17684198 0.44046436 0.38269366],0.0
295,CARS2_W27,POLIDEOLOGY,Conservative,[0.19233199 0.10907706 0.69859095],0.005300873541651983
296,CARS2_W27,POLIDEOLOGY,Liberal,[0.25754349 0.11181968 0.63063683],0.002367631055806354
297,CARS2_W27,POLIDEOLOGY,Moderate,[0.2170478  0.11919522 0.66375699],0.0037812612762877736
298,CARS2_W27,POLIDEOLOGY,Very conservative,[0.20354916 0.15774057 0.63871027],0.01369081631899427
299,CARS2_W27,POLIDEOLOGY,Very liberal,[0.28538861 0.10390345 0.61070794],0.003005652461148952
300,CARS4_W27,POLIDEOLOGY,Conservative,[0.10051507 0.54333833 0.22712093 0.04265405 0.08637163],0.007038557009645611
301,CARS4_W27,POLIDEOLOGY,Liberal,[0.06390569 0.57211576 0.25692348 0.0353922  0.07166286],0.00022174689247981923
302,CARS4_W27,POLIDEOLOGY,Moderate,[0.0889287  0.54725027 0.25047191 0.05768237 0.05566674],0.0
303,CARS4_W27,POLIDEOLOGY,Very conservative,[0.07065503 0.57365026 0.13213897 0.03778632 0.18576942],0.0042193762733609965
304,CARS4_W27,POLIDEOLOGY,Very liberal,[0.13405445 0.6223676  0.16458737 0.03986513 0.03912546],0.0018942301305505192
305,CAREGIV4_W27,POLIDEOLOGY,Conservative,[0.37411922 0.62588078],0.0033564246610121038
306,CAREGIV4_W27,POLIDEOLOGY,Liberal,[0.44577659 0.55422341],0.0013035595859440792
307,CAREGIV4_W27,POLIDEOLOGY,Moderate,[0.43273158 0.56726842],0.007476459178736707
308,CAREGIV4_W27,POLIDEOLOGY,Very conservative,[0.25777562 0.74222438],0.0030314933654336357
309,CAREGIV4_W27,POLIDEOLOGY,Very liberal,[0.5317941 0.4682059],0.0
310,HIRING4_W27,POLIDEOLOGY,Conservative,[0.16760433 0.83239567],0.010291900693922247
311,HIRING4_W27,POLIDEOLOGY,Liberal,[0.21249548 0.78750452],0.008539899183246128
312,HIRING4_W27,POLIDEOLOGY,Moderate,[0.22982815 0.77017185],0.02394573007342618
313,HIRING4_W27,POLIDEOLOGY,Very conservative,[0.33978554 0.66021446],0.0
314,HIRING4_W27,POLIDEOLOGY,Very liberal,[0.26440805 0.73559195],0.0
315,HIRING3A_W27,POLIDEOLOGY,Conservative,[0.00498247 0.14558874 0.54324736 0.30618143],0.004279095392013899
316,HIRING3A_W27,POLIDEOLOGY,Liberal,[0.03351508 0.201545   0.55465793 0.21028198],0.000393458490266876
317,HIRING3A_W27,POLIDEOLOGY,Moderate,[0.02680532 0.2031311  0.49289257 0.277171  ],0.01304109745897713
318,HIRING3A_W27,POLIDEOLOGY,Very conservative,[0.06008857 0.20852527 0.35780055 0.37358561],0.0
319,HIRING3A_W27,POLIDEOLOGY,Very liberal,[0.0748533  0.23583193 0.45398725 0.23532752],0.0
320,ROBJOB8E_W27,POLIDEOLOGY,Conservative,[0.38028145 0.42715389 0.13835206 0.0542126 ],0.00027245875564709194
321,ROBJOB8E_W27,POLIDEOLOGY,Liberal,[0.42038653 0.36676889 0.18088709 0.03195749],0.0009309665015574363
322,ROBJOB8E_W27,POLIDEOLOGY,Moderate,[0.34180804 0.40657365 0.19275939 0.05885892],0.003421704583017161
323,ROBJOB8E_W27,POLIDEOLOGY,Very conservative,[0.40260045 0.32487106 0.17038192 0.10214657],0.017736268059083002
324,ROBJOB8E_W27,POLIDEOLOGY,Very liberal,[0.50814121 0.31182132 0.07887384 0.10116363],0.010406903006090438
325,VOICE4_W27,POLIDEOLOGY,Conservative,[0.36271007 0.40647867 0.23081125],0.05411732947089289
326,VOICE4_W27,POLIDEOLOGY,Liberal,[0.40691104 0.50469511 0.08839384],0.028870304990606867
327,VOICE4_W27,POLIDEOLOGY,Moderate,[0.45032503 0.38596069 0.16371428],0.02136017889795754
328,VOICE4_W27,POLIDEOLOGY,Very conservative,[0.24169135 0.5230243  0.23528435],0.06014436306388572
329,VOICE4_W27,POLIDEOLOGY,Very liberal,[0.4027649  0.4309427  0.16629241],0.05115149641540081
330,DRONE4E_W27,POLIDEOLOGY,Conservative,[0.24287421 0.51067825 0.24644754],0.0013412320631421895
331,DRONE4E_W27,POLIDEOLOGY,Liberal,[0.25309861 0.44674681 0.30015459],0.0
332,DRONE4E_W27,POLIDEOLOGY,Moderate,[0.23715414 0.4263105  0.33653536],0.013934591660489628
333,DRONE4E_W27,POLIDEOLOGY,Very conservative,[0.19570063 0.43629703 0.36800234],0.0
334,DRONE4E_W27,POLIDEOLOGY,Very liberal,[0.27840063 0.39874691 0.32285246],0.0
335,VOICE1_W27,POLIDEOLOGY,Conservative,[0.49502968 0.50497032],0.0009750013801187146
336,VOICE1_W27,POLIDEOLOGY,Liberal,[0.5588897 0.4411103],0.0011378030195616264
337,VOICE1_W27,POLIDEOLOGY,Moderate,[0.44806237 0.55193763],0.0
338,VOICE1_W27,POLIDEOLOGY,Very conservative,[0.31991948 0.68008052],0.002451413769333698
339,VOICE1_W27,POLIDEOLOGY,Very liberal,[0.3709155 0.6290845],0.0
340,VOICE5A_W27,POLIDEOLOGY,Conservative,[0.56548252 0.22818911 0.20632836],0.008240905285957507
341,VOICE5A_W27,POLIDEOLOGY,Liberal,[0.48565314 0.36463866 0.1497082 ],0.012349330518335656
342,VOICE5A_W27,POLIDEOLOGY,Moderate,[0.61436208 0.24251902 0.1431189 ],0.021617225345815224
343,VOICE5A_W27,POLIDEOLOGY,Very conservative,[0.51842583 0.32618515 0.15538901],0.0
344,VOICE5A_W27,POLIDEOLOGY,Very liberal,[0.53882117 0.30945572 0.15172311],0.004954848373420559
345,HIRING3B_W27,POLIDEOLOGY,Conservative,[0.24780684 0.47720194 0.22930093 0.04569029],0.004279095392013899
346,HIRING3B_W27,POLIDEOLOGY,Liberal,[0.17392361 0.46500423 0.34635712 0.01471505],0.0041016007592431175
347,HIRING3B_W27,POLIDEOLOGY,Moderate,[0.19797708 0.4972278  0.22052166 0.08427346],0.012400821634430674
348,HIRING3B_W27,POLIDEOLOGY,Very conservative,[0.27482597 0.36571853 0.26816092 0.09129458],0.0
349,HIRING3B_W27,POLIDEOLOGY,Very liberal,[0.21579736 0.38306991 0.27792674 0.12320599],0.0
350,HIRING6D_W27,POLIDEOLOGY,Conservative,[0.10674422 0.60268226 0.29057353],0.001565609116643505
351,HIRING6D_W27,POLIDEOLOGY,Liberal,[0.16931884 0.59773268 0.23294848],0.006361992926778449
352,HIRING6D_W27,POLIDEOLOGY,Moderate,[0.11990958 0.59966685 0.28042357],0.017467023971680005
353,HIRING6D_W27,POLIDEOLOGY,Very conservative,[0.09972612 0.57616775 0.32410613],0.01744356349970049
354,HIRING6D_W27,POLIDEOLOGY,Very liberal,[0.15656518 0.49193578 0.35149904],0.000958117077520596
355,ROBJOB4A_W27,POLIDEOLOGY,Conservative,[0.7846247 0.2153753],0.0063023602400601696
356,ROBJOB4A_W27,POLIDEOLOGY,Liberal,[0.78121685 0.21878315],0.00777841751502564
357,ROBJOB4A_W27,POLIDEOLOGY,Moderate,[0.78898755 0.21101245],0.005437717322011879
358,ROBJOB4A_W27,POLIDEOLOGY,Very conservative,[0.66047002 0.33952998],0.014457889885200506
359,ROBJOB4A_W27,POLIDEOLOGY,Very liberal,[0.74245474 0.25754526],0.005072252805188089
360,DRONE4B_W27,POLIDEOLOGY,Conservative,[0.24341925 0.53918237 0.21739838],0.0019525334714692619
361,DRONE4B_W27,POLIDEOLOGY,Liberal,[0.15683319 0.57035586 0.27281096],0.0
362,DRONE4B_W27,POLIDEOLOGY,Moderate,[0.19617064 0.52776644 0.27606291],0.013566202454167604
363,DRONE4B_W27,POLIDEOLOGY,Very conservative,[0.20410406 0.54636037 0.24953556],0.0006374872698834631
364,DRONE4B_W27,POLIDEOLOGY,Very liberal,[0.24011965 0.47518899 0.28469136],0.0004715218210101197
365,WORK6_W27,POLIDEOLOGY,Conservative,[0.04354911 0.91450118 0.04194971],0.012987594150156361
366,WORK6_W27,POLIDEOLOGY,Liberal,[0.05453071 0.91511573 0.03035356],0.0
367,WORK6_W27,POLIDEOLOGY,Moderate,[0.03830804 0.9311791  0.03051287],0.010186816900981745
368,WORK6_W27,POLIDEOLOGY,Very conservative,[0.07529758 0.84065697 0.08404545],0.008537320335917892
369,WORK6_W27,POLIDEOLOGY,Very liberal,[0.05725569 0.90884084 0.03390347],0.0
370,HIRING6C_W27,POLIDEOLOGY,Conservative,[0.2689629  0.44298993 0.28804717],0.00452737785467682
371,HIRING6C_W27,POLIDEOLOGY,Liberal,[0.33394455 0.34158403 0.32447143],0.0006687091836278198
372,HIRING6C_W27,POLIDEOLOGY,Moderate,[0.26851356 0.4436552  0.28783124],0.015263369744704037
373,HIRING6C_W27,POLIDEOLOGY,Very conservative,[0.12750798 0.44846585 0.42402616],0.005325368315096938
374,HIRING6C_W27,POLIDEOLOGY,Very liberal,[0.34562926 0.35472444 0.2996463 ],0.0
375,ROBJOB6_W27,POLIDEOLOGY,Conservative,[0.34882432 0.65117568],0.01754607822220622
376,ROBJOB6_W27,POLIDEOLOGY,Liberal,[0.67609051 0.32390949],0.022568899578188598
377,ROBJOB6_W27,POLIDEOLOGY,Moderate,[0.52948768 0.47051232],0.014255845957661247
378,ROBJOB6_W27,POLIDEOLOGY,Very conservative,[0.23554812 0.76445188],0.007663958564630964
379,ROBJOB6_W27,POLIDEOLOGY,Very liberal,[0.72654025 0.27345975],0.002470411101923225
380,ROBJOB9_W27,POLIDEOLOGY,Conservative,[0.05193615 0.18827702 0.38717817 0.37260867],0.000289595662536995
381,ROBJOB9_W27,POLIDEOLOGY,Liberal,[0.06811332 0.26020504 0.39367661 0.27800503],0.0
382,ROBJOB9_W27,POLIDEOLOGY,Moderate,[0.06214281 0.25061251 0.42669167 0.26055301],0.0004527736353107349
383,ROBJOB9_W27,POLIDEOLOGY,Very conservative,[0.09026082 0.23164943 0.34383548 0.33425427],0.0
384,ROBJOB9_W27,POLIDEOLOGY,Very liberal,[0.09124714 0.19080777 0.40694015 0.31100494],0.0
385,ROBJOB4B_W27,POLIDEOLOGY,Conservative,[0.63220705 0.36779295],0.00041276273867637593
386,ROBJOB4B_W27,POLIDEOLOGY,Liberal,[0.633319 0.366681],0.0011802011138215454
387,ROBJOB4B_W27,POLIDEOLOGY,Moderate,[0.66915608 0.33084392],0.0033010834947099056
388,ROBJOB4B_W27,POLIDEOLOGY,Very conservative,[0.66546118 0.33453882],0.00498459909171484
389,ROBJOB4B_W27,POLIDEOLOGY,Very liberal,[0.49483774 0.50516226],0.002673682608748214
390,ROBJOB8D_W27,POLIDEOLOGY,Conservative,[0.08269209 0.29782006 0.40446447 0.21502338],0.0030174609341580725
391,ROBJOB8D_W27,POLIDEOLOGY,Liberal,[0.13046574 0.33403205 0.37047518 0.16502703],0.0025356601821722186
392,ROBJOB8D_W27,POLIDEOLOGY,Moderate,[0.08816651 0.32403893 0.4180052  0.16978936],0.002048949798560649
393,ROBJOB8D_W27,POLIDEOLOGY,Very conservative,[0.05957305 0.2824885  0.36731736 0.29062108],0.01305965028876506
394,ROBJOB8D_W27,POLIDEOLOGY,Very liberal,[0.17590152 0.35949635 0.27530185 0.18930028],0.0
395,CAREGIV3A_W27,POLIDEOLOGY,Conservative,[0.07990558 0.33958004 0.39276171 0.18775267],0.00072383155719728
396,CAREGIV3A_W27,POLIDEOLOGY,Liberal,[0.09140499 0.4325111  0.31516053 0.16092338],0.0
397,CAREGIV3A_W27,POLIDEOLOGY,Moderate,[0.0898265  0.33831383 0.40519813 0.16666154],0.0
398,CAREGIV3A_W27,POLIDEOLOGY,Very conservative,[0.07545511 0.2214459  0.43293705 0.27016194],0.0
399,CAREGIV3A_W27,POLIDEOLOGY,Very liberal,[0.1510617  0.38615333 0.32574991 0.13703506],0.0
400,ROBJOB4D_W27,POLIDEOLOGY,Conservative,[0.42613798 0.57386202],0.007612948266140083
401,ROBJOB4D_W27,POLIDEOLOGY,Liberal,[0.45938589 0.54061411],0.0011573529182578185
402,ROBJOB4D_W27,POLIDEOLOGY,Moderate,[0.42211564 0.57788436],0.009695302307329007
403,ROBJOB4D_W27,POLIDEOLOGY,Very conservative,[0.39319282 0.60680718],0.004398334369861677
404,ROBJOB4D_W27,POLIDEOLOGY,Very liberal,[0.51190633 0.48809367],0.005545918466317894
405,HIRING7B_W27,POLIDEOLOGY,Conservative,[0.64602921 0.14472635 0.20924444],0.0017663442697573488
406,HIRING7B_W27,POLIDEOLOGY,Liberal,[0.64988836 0.16463045 0.18548118],0.019629917126966222
407,HIRING7B_W27,POLIDEOLOGY,Moderate,[0.55342891 0.19901943 0.24755166],0.012384327852331607
408,HIRING7B_W27,POLIDEOLOGY,Very conservative,[0.48250819 0.13733512 0.38015669],0.0
409,HIRING7B_W27,POLIDEOLOGY,Very liberal,[0.46215184 0.20931609 0.32853206],0.0
410,WORK3D_W27,POLIDEOLOGY,Conservative,[0.50723255 0.12161074 0.37115671],0.006728903190371474
411,WORK3D_W27,POLIDEOLOGY,Liberal,[0.58595166 0.06906747 0.34498087],0.019502747238085965
412,WORK3D_W27,POLIDEOLOGY,Moderate,[0.57245173 0.09572945 0.33181882],0.014014642776639302
413,WORK3D_W27,POLIDEOLOGY,Very conservative,[0.43316317 0.05017434 0.51666249],0.0
414,WORK3D_W27,POLIDEOLOGY,Very liberal,[0.52889577 0.05438777 0.41671647],0.0
415,CARS10D_W27,POLIDEOLOGY,Conservative,[0.69536909 0.30463091],0.0022932896563499137
416,CARS10D_W27,POLIDEOLOGY,Liberal,[0.669985 0.330015],0.0011896040333627044
417,CARS10D_W27,POLIDEOLOGY,Moderate,[0.7049413 0.2950587],0.0013028037718045278
418,CARS10D_W27,POLIDEOLOGY,Very conservative,[0.70310189 0.29689811],0.004197899776828762
419,CARS10D_W27,POLIDEOLOGY,Very liberal,[0.70794882 0.29205118],0.0038899342408779524
420,CARS8_W27,POLIDEOLOGY,Conservative,[0.34920463 0.35572209 0.29507328],0.004827073761965771
421,CARS8_W27,POLIDEOLOGY,Liberal,[0.26285632 0.45352374 0.28361994],0.0034334208609653584
422,CARS8_W27,POLIDEOLOGY,Moderate,[0.28229867 0.38172713 0.3359742 ],0.006160163346261114
423,CARS8_W27,POLIDEOLOGY,Very conservative,[0.42781775 0.24635227 0.32582998],0.0021930746877322767
424,CARS8_W27,POLIDEOLOGY,Very liberal,[0.18809261 0.5743065  0.23760089],0.005529936404610107
425,ROBJOB5B_W27,POLIDEOLOGY,Conservative,[0.44268824 0.41301455 0.10579051 0.0385067 ],0.003187503306398767
426,ROBJOB5B_W27,POLIDEOLOGY,Liberal,[0.44711439 0.39103255 0.14687261 0.01498045],0.004377878915875467
427,ROBJOB5B_W27,POLIDEOLOGY,Moderate,[0.50637422 0.38907318 0.08164744 0.02290516],0.006922798621079249
428,ROBJOB5B_W27,POLIDEOLOGY,Very conservative,[0.35900342 0.40390569 0.16280374 0.07428715],0.004946500616712193
429,ROBJOB5B_W27,POLIDEOLOGY,Very liberal,[0.54304674 0.26476171 0.15869247 0.03349908],0.001228382978387504
430,ROBJOB8F_W27,POLIDEOLOGY,Conservative,[0.10212078 0.30723139 0.32306235 0.26758548],0.002411778865884939
431,ROBJOB8F_W27,POLIDEOLOGY,Liberal,[0.06170558 0.25828769 0.41202163 0.2679851 ],0.012215027561078862
432,ROBJOB8F_W27,POLIDEOLOGY,Moderate,[0.10679991 0.25506533 0.40898462 0.22915015],0.00396952016933854
433,ROBJOB8F_W27,POLIDEOLOGY,Very conservative,[0.16003595 0.24609867 0.34119113 0.25267425],0.013394362663574296
434,ROBJOB8F_W27,POLIDEOLOGY,Very liberal,[0.10258357 0.20659356 0.36750988 0.32331299],0.0
435,ROBJOB7_W27,POLIDEOLOGY,Conservative,[0.46084432 0.53915568],0.016214664601249405
436,ROBJOB7_W27,POLIDEOLOGY,Liberal,[0.43205397 0.56794603],0.017272977327064926
437,ROBJOB7_W27,POLIDEOLOGY,Moderate,[0.36247401 0.63752599],0.010885539061613318
438,ROBJOB7_W27,POLIDEOLOGY,Very conservative,[0.44883386 0.55116614],0.022234782907267027
439,ROBJOB7_W27,POLIDEOLOGY,Very liberal,[0.47515343 0.52484657],0.0005526276799983465
440,VOICE5C_W27,POLIDEOLOGY,Conservative,[0.10651679 0.20245793 0.69102528],0.02012020301722106
441,VOICE5C_W27,POLIDEOLOGY,Liberal,[0.16841269 0.17964902 0.65193829],0.02593820152497645
442,VOICE5C_W27,POLIDEOLOGY,Moderate,[0.16069632 0.19827603 0.64102765],0.0036483097711330027
443,VOICE5C_W27,POLIDEOLOGY,Very conservative,[0.13384939 0.27543292 0.59071768],0.0
444,VOICE5C_W27,POLIDEOLOGY,Very liberal,[0.04925479 0.23702493 0.71372028],0.0
445,CARS10B_W27,POLIDEOLOGY,Conservative,[0.81997261 0.18002739],0.0024666062289142687
446,CARS10B_W27,POLIDEOLOGY,Liberal,[0.83241864 0.16758136],0.004413871394635275
447,CARS10B_W27,POLIDEOLOGY,Moderate,[0.79409503 0.20590497],0.001916465100233447
448,CARS10B_W27,POLIDEOLOGY,Very conservative,[0.78605845 0.21394155],0.00584662347043503
449,CARS10B_W27,POLIDEOLOGY,Very liberal,[0.81234257 0.18765743],0.0
450,ROBJOB4C_W27,POLIDEOLOGY,Conservative,[0.41704376 0.58295624],0.003589955009307368
451,ROBJOB4C_W27,POLIDEOLOGY,Liberal,[0.51249534 0.48750466],0.0022451133535688083
452,ROBJOB4C_W27,POLIDEOLOGY,Moderate,[0.41727657 0.58272343],0.006185925839716412
453,ROBJOB4C_W27,POLIDEOLOGY,Very conservative,[0.3047594 0.6952406],0.0016398878492635224
454,ROBJOB4C_W27,POLIDEOLOGY,Very liberal,[0.439145 0.560855],0.0031727833322983726
455,ROBJOB4F_W27,POLIDEOLOGY,Conservative,[0.41922235 0.58077765],0.007532493515615031
456,ROBJOB4F_W27,POLIDEOLOGY,Liberal,[0.43211287 0.56788713],0.006611154021254779
457,ROBJOB4F_W27,POLIDEOLOGY,Moderate,[0.39682719 0.60317281],0.006870757965662153
458,ROBJOB4F_W27,POLIDEOLOGY,Very conservative,[0.36139086 0.63860914],0.005227112702665492
459,ROBJOB4F_W27,POLIDEOLOGY,Very liberal,[0.3988543 0.6011457],0.003117289666660467
460,ROBJOB5D_W27,POLIDEOLOGY,Conservative,[0.1914189  0.30308308 0.29935698 0.20614105],0.02064749200411095
461,ROBJOB5D_W27,POLIDEOLOGY,Liberal,[0.19983487 0.45223909 0.29951503 0.04841101],0.016160987983519427
462,ROBJOB5D_W27,POLIDEOLOGY,Moderate,[0.2239106  0.42116513 0.27098565 0.08393862],0.00906900368304282
463,ROBJOB5D_W27,POLIDEOLOGY,Very conservative,[0.16956176 0.20208786 0.34847867 0.27987171],0.0049947943368983064
464,ROBJOB5D_W27,POLIDEOLOGY,Very liberal,[0.27097532 0.34579912 0.31693192 0.06629365],0.005343413358598944
465,CARS5_W27,POLIDEOLOGY,Conservative,[0.38032016 0.61967984],0.0
466,CARS5_W27,POLIDEOLOGY,Liberal,[0.53471772 0.46528228],0.010268452687267253
467,CARS5_W27,POLIDEOLOGY,Moderate,[0.42816102 0.57183898],0.0018650304926196677
468,CARS5_W27,POLIDEOLOGY,Very conservative,[0.24144388 0.75855612],0.0
469,CARS5_W27,POLIDEOLOGY,Very liberal,[0.62509693 0.37490307],0.002669541036036294
470,ROBJOB8C_W27,POLIDEOLOGY,Conservative,[0.03458938 0.13403967 0.4550667  0.37630425],0.006594285186243148
471,ROBJOB8C_W27,POLIDEOLOGY,Liberal,[0.04202538 0.17886526 0.50212866 0.27698069],0.001157024032246064
472,ROBJOB8C_W27,POLIDEOLOGY,Moderate,[0.03036013 0.16494236 0.47189566 0.33280186],0.0019218536225358352
473,ROBJOB8C_W27,POLIDEOLOGY,Very conservative,[0.07551605 0.14071303 0.38979567 0.39397526],0.013059650288765058
474,ROBJOB8C_W27,POLIDEOLOGY,Very liberal,[0.03935646 0.22377811 0.42987369 0.30699175],0.0
475,ROBJOB8B_W27,POLIDEOLOGY,Conservative,[0.12089575 0.32442376 0.43041785 0.12426264],0.007116587413048722
476,ROBJOB8B_W27,POLIDEOLOGY,Liberal,[0.13757872 0.36039537 0.41275724 0.08926868],0.002761336844094728
477,ROBJOB8B_W27,POLIDEOLOGY,Moderate,[0.12051802 0.39849796 0.35599191 0.12499211],0.0028821446358942935
478,ROBJOB8B_W27,POLIDEOLOGY,Very conservative,[0.12209934 0.31089194 0.34676892 0.22023981],0.02207565258334385
479,ROBJOB8B_W27,POLIDEOLOGY,Very liberal,[0.22148011 0.40000709 0.29778361 0.08072918],0.0
0,CAREGIV2_W27,RACE,Asian,[0.10627089 0.70934078 0.13718794 0.04720039],0.0
1,CAREGIV2_W27,RACE,Black,[0.12994224 0.43677499 0.24991528 0.18336749],0.012118254648047312
2,CAREGIV2_W27,RACE,Hispanic,[0.05942692 0.52852274 0.24762854 0.1644218 ],0.0
3,CAREGIV2_W27,RACE,Other,[0.06129313 0.39483178 0.35086221 0.19301288],0.0
4,CAREGIV2_W27,RACE,White,[0.10272562 0.4826687  0.32153219 0.09307349],0.0015250677356480288
5,ROBJOB1_W27,RACE,Asian,[0.34623173 0.5342145  0.11955378],0.007470085663633319
6,ROBJOB1_W27,RACE,Black,[0.25487775 0.58116762 0.16395463],0.003547995089589692
7,ROBJOB1_W27,RACE,Hispanic,[0.2694714  0.59191859 0.13861001],0.0003287682388082743
8,ROBJOB1_W27,RACE,Other,[0.48459468 0.49849302 0.0169123 ],0.0
9,ROBJOB1_W27,RACE,White,[0.22521974 0.62394681 0.15083345],0.001972244131451264
10,WORK3A_W27,RACE,Asian,[0.34623529 0.20671542 0.44704929],0.0
11,WORK3A_W27,RACE,Black,[0.25168746 0.18368722 0.56462532],0.014830313008449796
12,WORK3A_W27,RACE,Hispanic,[0.26705394 0.25199834 0.48094772],0.011724134838838208
13,WORK3A_W27,RACE,Other,[0.348446   0.07217713 0.57937687],0.0
14,WORK3A_W27,RACE,White,[0.28081619 0.11265338 0.60653044],0.0054164648162693925
15,ROBJOB3A_W27,RACE,Asian,[0.1611482  0.34969014 0.39836337 0.09079829],0.01573182257722719
16,ROBJOB3A_W27,RACE,Black,[0.06415392 0.29778593 0.43653208 0.20152807],0.006342430322857589
17,ROBJOB3A_W27,RACE,Hispanic,[0.10192778 0.27828504 0.45244016 0.16734701],0.005643600418480148
18,ROBJOB3A_W27,RACE,Other,[0.08085227 0.41514867 0.25325572 0.25074334],0.013053517918752883
19,ROBJOB3A_W27,RACE,White,[0.04511938 0.26001932 0.48009413 0.21476716],0.0021140461280099274
20,WORK5A_W27,RACE,Asian,[0.07458923 0.88720152 0.03820924],0.04187406874983348
21,WORK5A_W27,RACE,Black,[0.04028478 0.87666225 0.08305297],0.0009381040999733271
22,WORK5A_W27,RACE,Hispanic,[0.03030795 0.88428498 0.08540706],0.0
23,WORK5A_W27,RACE,Other,[0.25018782 0.74585407 0.00395811],0.0
24,WORK5A_W27,RACE,White,[0.01336282 0.96091303 0.02572415],0.0011936733427912734
25,WORK4C_W27,RACE,Asian,[0.66654208 0.11582702 0.21763091],0.0
26,WORK4C_W27,RACE,Black,[0.47060497 0.1771538  0.35224123],0.0
27,WORK4C_W27,RACE,Hispanic,[0.5334516  0.13654509 0.33000331],0.0
28,WORK4C_W27,RACE,Other,[0.60705304 0.17123404 0.22171292],0.0
29,WORK4C_W27,RACE,White,[0.44278384 0.11958047 0.43763569],0.003282963182889502
30,WORK4A_W27,RACE,Asian,[0.52065388 0.26167834 0.21766777],0.0
31,WORK4A_W27,RACE,Black,[0.39709011 0.3145663  0.2883436 ],0.0016770001281191866
32,WORK4A_W27,RACE,Hispanic,[0.35568422 0.24819416 0.39612162],0.0
33,WORK4A_W27,RACE,Other,[0.66593759 0.24728727 0.08677515],0.0
34,WORK4A_W27,RACE,White,[0.37217064 0.30481036 0.323019  ],0.0008066564734155759
35,CAREGIV6B_W27,RACE,Asian,[0.7683785 0.2316215],0.0079357272002265
36,CAREGIV6B_W27,RACE,Black,[0.39876129 0.60123871],0.005205863169203543
37,CAREGIV6B_W27,RACE,Hispanic,[0.50926196 0.49073804],0.03870427387475974
38,CAREGIV6B_W27,RACE,Other,[0.42954226 0.57045774],0.01790499865933654
39,CAREGIV6B_W27,RACE,White,[0.53781871 0.46218129],0.010467384642548094
40,CAREGIV6E_W27,RACE,Asian,[0.59536935 0.40463065],0.0
41,CAREGIV6E_W27,RACE,Black,[0.5265491 0.4734509],0.002393840902562178
42,CAREGIV6E_W27,RACE,Hispanic,[0.617279 0.382721],0.03870427387475974
43,CAREGIV6E_W27,RACE,Other,[0.25569329 0.74430671],0.017904998659336542
44,CAREGIV6E_W27,RACE,White,[0.61770055 0.38229945],0.0026141792026751127
45,CARS1_W27,RACE,Asian,[0.57149481 0.36986352 0.05864167],0.0
46,CARS1_W27,RACE,Black,[0.33017687 0.56958858 0.10023455],0.021727481044200393
47,CARS1_W27,RACE,Hispanic,[0.32577715 0.62360612 0.05061673],0.0
48,CARS1_W27,RACE,Other,[0.27526168 0.664979   0.05975931],0.0
49,CARS1_W27,RACE,White,[0.34068266 0.60602612 0.05329122],0.0007375513783315327
50,HIRING7A_W27,RACE,Asian,[0.18469665 0.47280073 0.34250262],0.029933147078151964
51,HIRING7A_W27,RACE,Black,[0.15963245 0.48613099 0.35423656],0.007437667362416866
52,HIRING7A_W27,RACE,Hispanic,[0.14036276 0.48560206 0.37403518],0.04203023006194151
53,HIRING7A_W27,RACE,Other,[0.53156821 0.30007581 0.16835598],0.0
54,HIRING7A_W27,RACE,White,[0.20769098 0.50784156 0.28446746],0.006640794556680262
55,WORK7_W27,RACE,Asian,[0.20560575 0.79439425],0.043417439803265345
56,WORK7_W27,RACE,Black,[0.19607393 0.80392607],0.013074138977044326
57,WORK7_W27,RACE,Hispanic,[0.24456651 0.75543349],0.02234031639590058
58,WORK7_W27,RACE,Other,[0.2979701 0.7020299],0.0
59,WORK7_W27,RACE,White,[0.16299586 0.83700414],0.0035823904853012696
60,PREDICTA_W27,RACE,Asian,[0.32293562 0.45058857 0.19548429 0.03099152],0.0038521244100901924
61,PREDICTA_W27,RACE,Black,[0.30264418 0.53262192 0.13721764 0.02751625],0.0035884416784419315
62,PREDICTA_W27,RACE,Hispanic,[0.16403392 0.62325748 0.1432572  0.0694514 ],0.018131802038145198
63,PREDICTA_W27,RACE,Other,[0.25430627 0.50463295 0.11672732 0.12433346],0.0
64,PREDICTA_W27,RACE,White,[0.19038919 0.5968324  0.2013576  0.0114208 ],0.003476172481530943
65,VOICE5D_W27,RACE,Asian,[0.41854734 0.28679775 0.29465491],0.0
66,VOICE5D_W27,RACE,Black,[0.16051052 0.42189473 0.41759476],0.0
67,VOICE5D_W27,RACE,Hispanic,[0.26244673 0.34173587 0.3958174 ],0.0
68,VOICE5D_W27,RACE,Other,[0.69398793 0.1247468  0.18126527],0.0
69,VOICE5D_W27,RACE,White,[0.21858781 0.40718606 0.37422613],0.006299200105472813
70,HIRING2_W27,RACE,Asian,[0.2113978  0.48963489 0.10609654 0.19287077],0.023026136216342537
71,HIRING2_W27,RACE,Black,[0.19886116 0.46727923 0.20786234 0.12599727],0.0
72,HIRING2_W27,RACE,Hispanic,[0.11149448 0.51209702 0.20315901 0.17324949],0.0
73,HIRING2_W27,RACE,Other,[0.14215365 0.42744505 0.39678818 0.03361312],0.0
74,HIRING2_W27,RACE,White,[0.09946176 0.470258   0.30776652 0.12251373],0.00010241569617235639
75,ROBJOB8A_W27,RACE,Asian,[0.09961842 0.34884663 0.33763079 0.21390416],0.04187406874983349
76,ROBJOB8A_W27,RACE,Black,[0.18165156 0.3794098  0.31851543 0.12042321],0.0014821577549553589
77,ROBJOB8A_W27,RACE,Hispanic,[0.23446437 0.41956811 0.23789544 0.10807208],0.018460570276953473
78,ROBJOB8A_W27,RACE,Other,[0.14670155 0.42137777 0.33387563 0.09804505],0.0
79,ROBJOB8A_W27,RACE,White,[0.13221778 0.38169846 0.37008503 0.11599874],0.00548550077757637
80,ROBJOB4E_W27,RACE,Asian,[0.36377925 0.63622075],0.012580109502973376
81,ROBJOB4E_W27,RACE,Black,[0.28771307 0.71228693],0.00042044033679822896
82,ROBJOB4E_W27,RACE,Hispanic,[0.31552307 0.68447693],0.03808202792611843
83,ROBJOB4E_W27,RACE,Other,[0.42815535 0.57184465],0.0
84,ROBJOB4E_W27,RACE,White,[0.22668875 0.77331125],0.005183700528348573
85,CAREGIV1_W27,RACE,Asian,[0.2541505  0.43617628 0.30967322],0.0
86,CAREGIV1_W27,RACE,Black,[0.07873273 0.25589533 0.66537194],0.0
87,CAREGIV1_W27,RACE,Hispanic,[0.04157537 0.26529495 0.69312967],0.0
88,CAREGIV1_W27,RACE,Other,[0.0701373  0.20567223 0.72419047],0.0
89,CAREGIV1_W27,RACE,White,[0.04510512 0.29948472 0.65541016],0.0017052281106322423
90,WORK3C_W27,RACE,Asian,[0.77689005 0.13208542 0.09102453],0.0022065436697725855
91,WORK3C_W27,RACE,Black,[0.5270463  0.24628769 0.226666  ],0.002994911116662585
92,WORK3C_W27,RACE,Hispanic,[0.55352659 0.21013924 0.23633417],0.0
93,WORK3C_W27,RACE,Other,[0.46227903 0.40886828 0.12885269],0.0
94,WORK3C_W27,RACE,White,[0.61719923 0.13790149 0.24489927],0.0075634503364722435
95,CARS9A_W27,RACE,Asian,[0.36669328 0.48038894 0.02380147 0.12911632],0.0
96,CARS9A_W27,RACE,Black,[0.4698468  0.3087687  0.15374526 0.06763924],0.0009381040999733273
97,CARS9A_W27,RACE,Hispanic,[0.46404492 0.35999937 0.07897252 0.09698319],0.0
98,CARS9A_W27,RACE,Other,[0.32498574 0.31937965 0.02956695 0.32606766],0.0
99,CARS9A_W27,RACE,White,[0.47911781 0.36220523 0.12336741 0.03530954],0.005888106079541382
100,CARS7B_W27,RACE,Asian,[0.18855833 0.33075921 0.26510803 0.21557443],0.0
101,CARS7B_W27,RACE,Black,[0.07444127 0.19696552 0.40093599 0.32765721],0.0009381040999733272
102,CARS7B_W27,RACE,Hispanic,[0.03841064 0.18352105 0.4637088  0.31435951],0.0
103,CARS7B_W27,RACE,Other,[0.24028778 0.16581318 0.20657796 0.38732108],0.0
104,CARS7B_W27,RACE,White,[0.08322803 0.28066834 0.31333    0.32277363],0.0025620311633430546
105,CARS3A_W27,RACE,Asian,[0.24467564 0.43539197 0.20164673 0.11828566],0.0
106,CARS3A_W27,RACE,Black,[0.12098237 0.23181479 0.45955059 0.18765225],0.002018665817126032
107,CARS3A_W27,RACE,Hispanic,[0.05500875 0.31024607 0.45347194 0.18127323],0.0
108,CARS3A_W27,RACE,Other,[0.05307565 0.36431067 0.36446634 0.21814735],0.0
109,CARS3A_W27,RACE,White,[0.11821218 0.28077102 0.37644003 0.22457677],0.0034889644090750575
110,WORK4B_W27,RACE,Asian,[0.6334993  0.11803148 0.24846922],0.0
111,WORK4B_W27,RACE,Black,[0.53999281 0.14033856 0.31966863],0.0016770001281191866
112,WORK4B_W27,RACE,Hispanic,[0.53554444 0.05833194 0.40612361],0.03125793697465502
113,WORK4B_W27,RACE,Other,[0.48508255 0.35662553 0.15829192],0.0
114,WORK4B_W27,RACE,White,[0.53158358 0.12389171 0.34452472],0.0019715263180352634
115,CARS9B_W27,RACE,Asian,[0.32381001 0.45128466 0.09084011 0.13406522],0.0
116,CARS9B_W27,RACE,Black,[0.34118733 0.38967033 0.16953523 0.09960711],0.0014841733835622073
117,CARS9B_W27,RACE,Hispanic,[0.39997531 0.33812117 0.19368485 0.06821867],0.0
118,CARS9B_W27,RACE,Other,[0.40753364 0.14512784 0.24560433 0.20173419],0.0
119,CARS9B_W27,RACE,White,[0.33271712 0.34031442 0.27000623 0.05696222],0.004779942014395431
120,ROBJOB5C_W27,RACE,Asian,[0.22874118 0.46989197 0.16411824 0.1372486 ],0.017208662305755986
121,ROBJOB5C_W27,RACE,Black,[0.22125719 0.34649395 0.28926259 0.14298628],0.010836810798917716
122,ROBJOB5C_W27,RACE,Hispanic,[0.23364024 0.32832404 0.28606372 0.151972  ],0.022349994148913827
123,ROBJOB5C_W27,RACE,Other,[0.12526521 0.48880399 0.27213552 0.11379528],0.016453020921967914
124,ROBJOB5C_W27,RACE,White,[0.21744293 0.4320367  0.22924808 0.12127229],0.005187004788149056
125,HIRING1_W27,RACE,Asian,[0.16661321 0.29465846 0.53872833],0.02302613621634254
126,HIRING1_W27,RACE,Black,[0.15848019 0.38700033 0.45451948],0.004806620046788718
127,HIRING1_W27,RACE,Hispanic,[0.03043631 0.36806792 0.60149577],0.0
128,HIRING1_W27,RACE,Other,[0.51218297 0.10352944 0.38428759],0.0
129,HIRING1_W27,RACE,White,[0.06699501 0.33184722 0.60115777],0.0010688310935051315
130,CARS7A_W27,RACE,Asian,[0.25215619 0.47450327 0.17299805 0.10034249],0.0
131,CARS7A_W27,RACE,Black,[0.07359746 0.3174214  0.44021098 0.16877016],0.0
132,CARS7A_W27,RACE,Hispanic,[0.04232719 0.39696399 0.40268807 0.15802075],0.0
133,CARS7A_W27,RACE,Other,[0.11865681 0.29569547 0.46748707 0.11816066],0.0
134,CARS7A_W27,RACE,White,[0.11655837 0.38039328 0.32807645 0.1749719 ],0.0033524639585308155
135,CAREREL_W27,RACE,Asian,[0.65228632 0.17940003 0.06826857 0.03246193 0.06758315],0.018741902164029437
136,CAREREL_W27,RACE,Black,[0.40601791 0.25705884 0.13018815 0.09022124 0.11651385],0.0024937462530335414
137,CAREREL_W27,RACE,Hispanic,[0.43392106 0.29686301 0.1542137  0.04633866 0.06866357],0.0035648622265851086
138,CAREREL_W27,RACE,Other,[0.37911708 0.32976788 0.05469301 0.0824565  0.15396553],0.0
139,CAREREL_W27,RACE,White,[0.38756174 0.28606334 0.12738559 0.11805515 0.08093418],0.0017889351944915918
140,PREDICTC_W27,RACE,Asian,[0.17619585 0.54517245 0.20430411 0.07432759],0.0
141,PREDICTC_W27,RACE,Black,[0.18349452 0.52173985 0.21476322 0.08000242],0.0009381040999733273
142,PREDICTC_W27,RACE,Hispanic,[0.12955469 0.58512889 0.18827175 0.09704467],0.0
143,PREDICTC_W27,RACE,Other,[0.04880323 0.5741107  0.37708607 0.        ],0.0
144,PREDICTC_W27,RACE,White,[0.10379623 0.5301228  0.34368403 0.02239694],0.002999402113861037
145,CARS10C_W27,RACE,Asian,[0.53204116 0.46795884],0.0
146,CARS10C_W27,RACE,Black,[0.33176593 0.66823407],0.0034449745260382277
147,CARS10C_W27,RACE,Hispanic,[0.4991154 0.5008846],0.0
148,CARS10C_W27,RACE,Other,[0.56566375 0.43433625],0.02149111124788942
149,CARS10C_W27,RACE,White,[0.44034214 0.55965786],0.0076267053055501886
150,DRONE4C_W27,RACE,Asian,[0.4431445  0.23810864 0.31874686],0.023026136216342537
151,DRONE4C_W27,RACE,Black,[0.34999089 0.25486954 0.39513957],0.012660622056030496
152,DRONE4C_W27,RACE,Hispanic,[0.23050262 0.44017934 0.32931803],0.0
153,DRONE4C_W27,RACE,Other,[0.53852629 0.2949882  0.16648551],0.0
154,DRONE4C_W27,RACE,White,[0.3617181  0.33207513 0.30620678],0.007391191462813193
155,WORK3B_W27,RACE,Asian,[0.8143506  0.04350223 0.14214717],0.0
156,WORK3B_W27,RACE,Black,[0.60241007 0.1036325  0.29395743],0.0009801274452604924
157,WORK3B_W27,RACE,Hispanic,[0.5803799 0.0037341 0.415886 ],0.045246400273095726
158,WORK3B_W27,RACE,Other,[0.66473574 0.28647511 0.04878915],0.0
159,WORK3B_W27,RACE,White,[0.73822109 0.03369658 0.22808232],0.002794209166446438
160,CAREGIV3B_W27,RACE,Asian,[0.1091118  0.25444825 0.55926976 0.07717019],0.0
161,CAREGIV3B_W27,RACE,Black,[0.19771452 0.32610312 0.39528741 0.08089494],0.0007790955094890774
162,CAREGIV3B_W27,RACE,Hispanic,[0.2392693  0.30765336 0.32299586 0.13008148],0.02769430350691141
163,CAREGIV3B_W27,RACE,Other,[0.26786526 0.44468497 0.25763236 0.0298174 ],0.0
164,CAREGIV3B_W27,RACE,White,[0.11930924 0.34022449 0.44401872 0.09644755],0.0011706630035420342
165,WORK3F_W27,RACE,Asian,[0.76420497 0.09841694 0.1373781 ],0.0
166,WORK3F_W27,RACE,Black,[0.58119484 0.1037173  0.31508786],0.004998059342597838
167,WORK3F_W27,RACE,Hispanic,[0.61328197 0.10799519 0.27872284],0.0
168,WORK3F_W27,RACE,Other,[0.25359456 0.39822119 0.34818425],0.0106308643849526
169,WORK3F_W27,RACE,White,[0.43430117 0.1135555  0.45214333],0.0025896164863889923
170,PREDICTD_W27,RACE,Asian,[0.1377679  0.48822265 0.30819544 0.06581401],0.0
171,PREDICTD_W27,RACE,Black,[0.11939283 0.41643936 0.3720041  0.09216371],0.0024473295744560225
172,PREDICTD_W27,RACE,Hispanic,[0.10308832 0.46027066 0.32953759 0.10710343],0.0
173,PREDICTD_W27,RACE,Other,[0.12291812 0.63611841 0.23512262 0.00584084],0.0
174,PREDICTD_W27,RACE,White,[0.05217068 0.33022351 0.55696285 0.06064296],0.003631762386425257
175,WORK2_W27,RACE,Asian,[0.33009663 0.25398402 0.41591935],0.0022651804902523464
176,WORK2_W27,RACE,Black,[0.13225177 0.51732834 0.35041989],0.002850742474501306
177,WORK2_W27,RACE,Hispanic,[0.33857928 0.37125452 0.2901662 ],0.00032876823880827427
178,WORK2_W27,RACE,Other,[0.18767431 0.43243552 0.37989017],0.005501355992017117
179,WORK2_W27,RACE,White,[0.16498861 0.53301267 0.30199873],0.0034701734775780353
180,HIRING6A_W27,RACE,Asian,[0.30745185 0.37663796 0.3159102 ],0.023026136216342537
181,HIRING6A_W27,RACE,Black,[0.18326705 0.37036205 0.4463709 ],0.004818786559988931
182,HIRING6A_W27,RACE,Hispanic,[0.25913291 0.39989681 0.34097028],0.009418387464183529
183,HIRING6A_W27,RACE,Other,[0.10992018 0.69910535 0.19097448],0.0
184,HIRING6A_W27,RACE,White,[0.25675372 0.43313045 0.31011582],0.008252829904019907
185,CARS9C_W27,RACE,Asian,[0.47607141 0.34643093 0.10015666 0.07734099],0.0
186,CARS9C_W27,RACE,Black,[0.57711777 0.27944539 0.09888768 0.04454916],0.0
187,CARS9C_W27,RACE,Hispanic,[0.60897343 0.31417476 0.03971379 0.03713803],0.019621457649164967
188,CARS9C_W27,RACE,Other,[0.60719924 0.18737361 0.01573969 0.18968746],0.0
189,CARS9C_W27,RACE,White,[0.52009833 0.35095403 0.10494638 0.02400126],0.0021372260324959117
190,HIRING6B_W27,RACE,Asian,[0.17395591 0.48494076 0.34110333],0.02591476461305247
191,HIRING6B_W27,RACE,Black,[0.16445618 0.47909863 0.35644519],0.0
192,HIRING6B_W27,RACE,Hispanic,[0.185888   0.36109224 0.45301976],0.0
193,HIRING6B_W27,RACE,Other,[0.00695896 0.85701894 0.13602209],0.0
194,HIRING6B_W27,RACE,White,[0.10683833 0.65499233 0.23816934],0.00816634810899885
195,ROBJOB3B_W27,RACE,Asian,[0.19751839 0.43794377 0.30976854 0.0547693 ],0.012580109502973376
196,ROBJOB3B_W27,RACE,Black,[0.24404247 0.49506369 0.19395694 0.0669369 ],0.006342430322857589
197,ROBJOB3B_W27,RACE,Hispanic,[0.26046318 0.45100586 0.24782689 0.04070407],0.0
198,ROBJOB3B_W27,RACE,Other,[0.23782914 0.46159817 0.24570236 0.05487033],0.0
199,ROBJOB3B_W27,RACE,White,[0.25028197 0.47508447 0.23310947 0.04152408],0.0016694693717176786
200,DRONE2_W27,RACE,Asian,[0.5706946 0.4293054],0.023026136216342537
201,DRONE2_W27,RACE,Black,[0.51794196 0.48205804],0.0
202,DRONE2_W27,RACE,Hispanic,[0.6191901 0.3808099],0.0
203,DRONE2_W27,RACE,Other,[0.93009488 0.06990512],0.0
204,DRONE2_W27,RACE,White,[0.58754445 0.41245555],0.005114532700571749
205,WORK3E_W27,RACE,Asian,[0.81651013 0.02691263 0.15657724],0.0
206,WORK3E_W27,RACE,Black,[0.55970669 0.22731258 0.21298073],0.0
207,WORK3E_W27,RACE,Hispanic,[0.62363667 0.1099736  0.26638973],0.0
208,WORK3E_W27,RACE,Other,[0.84091778 0.10761029 0.05147192],0.0
209,WORK3E_W27,RACE,White,[0.68619476 0.11604619 0.19775905],0.003007434048689945
210,CAREGIV6A_W27,RACE,Asian,[0.67937716 0.32062284],0.0
211,CAREGIV6A_W27,RACE,Black,[0.52888018 0.47111982],0.003689389249372026
212,CAREGIV6A_W27,RACE,Hispanic,[0.72684313 0.27315687],0.03870427387475974
213,CAREGIV6A_W27,RACE,Other,[0.64014277 0.35985723],0.01790499865933654
214,CAREGIV6A_W27,RACE,White,[0.72480397 0.27519603],0.0031010365929980154
215,CAREGIV6C_W27,RACE,Asian,[0.47194823 0.52805177],0.0
216,CAREGIV6C_W27,RACE,Black,[0.44889097 0.55110903],0.0017773998959751494
217,CAREGIV6C_W27,RACE,Hispanic,[0.7891805 0.2108195],0.08295237096720776
218,CAREGIV6C_W27,RACE,Other,[0.62813531 0.37186469],0.01790499865933654
219,CAREGIV6C_W27,RACE,White,[0.5748488 0.4251512],0.0026519045887592797
220,DRONE4D_W27,RACE,Asian,[0.43756451 0.20424884 0.35818665],0.02302613621634254
221,DRONE4D_W27,RACE,Black,[0.38066642 0.18848351 0.43085007],0.023248029627219457
222,DRONE4D_W27,RACE,Hispanic,[0.27850323 0.32059318 0.40090359],0.0
223,DRONE4D_W27,RACE,Other,[0.75004368 0.21238904 0.03756728],0.0
224,DRONE4D_W27,RACE,White,[0.47246989 0.25153165 0.27599846],0.009266551913880192
225,VOICE3_W27,RACE,Asian,[0.40625698 0.59374302],0.0
226,VOICE3_W27,RACE,Black,[0.29935111 0.70064889],0.0
227,VOICE3_W27,RACE,Hispanic,[0.39549301 0.60450699],0.05611885927025351
228,VOICE3_W27,RACE,Other,[0.35097483 0.64902517],0.0
229,VOICE3_W27,RACE,White,[0.22352153 0.77647847],0.0013017324009569871
230,CARS10A_W27,RACE,Asian,[0.90279695 0.09720305],0.0
231,CARS10A_W27,RACE,Black,[0.66508239 0.33491761],0.0
232,CARS10A_W27,RACE,Hispanic,[0.83107964 0.16892036],0.0
233,CARS10A_W27,RACE,Other,[0.57743361 0.42256639],0.037490190571944755
234,CARS10A_W27,RACE,White,[0.75177476 0.24822524],0.002395348609552373
235,CAREGIV6D_W27,RACE,Asian,[0.66169112 0.33830888],0.0
236,CAREGIV6D_W27,RACE,Black,[0.5577829 0.4422171],0.002804483395233858
237,CAREGIV6D_W27,RACE,Hispanic,[0.67623046 0.32376954],0.09591123358668449
238,CAREGIV6D_W27,RACE,Other,[0.87685308 0.12314692],0.01790499865933654
239,CAREGIV6D_W27,RACE,White,[0.64712312 0.35287688],0.005150484436969858
240,DRONE4A_W27,RACE,Asian,[0.17578797 0.45596951 0.36824253],0.023026136216342537
241,DRONE4A_W27,RACE,Black,[0.11526085 0.53253264 0.35220652],0.009680101477330082
242,DRONE4A_W27,RACE,Hispanic,[0.04722972 0.56109116 0.39167912],0.0
243,DRONE4A_W27,RACE,Other,[0.08379374 0.23355347 0.6826528 ],0.0
244,DRONE4A_W27,RACE,White,[0.1155176  0.55190963 0.33257277],0.00557691153949369
245,DRONE1_W27,RACE,Asian,[0.15328506 0.84671494],0.023026136216342537
246,DRONE1_W27,RACE,Black,[0.06719742 0.93280258],0.0016223915747023187
247,DRONE1_W27,RACE,Hispanic,[0.15420279 0.84579721],0.0
248,DRONE1_W27,RACE,Other,[0.21406524 0.78593476],0.0
249,DRONE1_W27,RACE,White,[0.07214964 0.92785036],0.006822924208870767
250,CARS3B_W27,RACE,Asian,[0.20339147 0.29999823 0.32651694 0.17009336],0.0
251,CARS3B_W27,RACE,Black,[0.11861811 0.37053585 0.34989869 0.16094735],0.008680910789781086
252,CARS3B_W27,RACE,Hispanic,[0.15471332 0.44497175 0.32134571 0.07896922],0.0
253,CARS3B_W27,RACE,Other,[0.08213589 0.58422314 0.29473173 0.03890924],0.0
254,CARS3B_W27,RACE,White,[0.13515575 0.40058907 0.35825449 0.10600069],0.0005316047217178286
255,CAREGIV7_W27,RACE,Asian,[0.53643497 0.25891337 0.20465165],0.0
256,CAREGIV7_W27,RACE,Black,[0.41516777 0.1628623  0.42196993],0.00660099211262422
257,CAREGIV7_W27,RACE,Hispanic,[0.40239503 0.37356286 0.22404211],0.03870427387475974
258,CAREGIV7_W27,RACE,Other,[0.19504279 0.22657938 0.57837783],0.0
259,CAREGIV7_W27,RACE,White,[0.51547978 0.1811211  0.30339911],0.0017328700770135055
260,PREDICTB_W27,RACE,Asian,[0.24548752 0.38662879 0.31521751 0.05266618],0.0
261,PREDICTB_W27,RACE,Black,[0.17992572 0.58993338 0.19055736 0.03958353],0.0017130160672756093
262,PREDICTB_W27,RACE,Hispanic,[0.20596029 0.49224194 0.24959781 0.05219996],0.0
263,PREDICTB_W27,RACE,Other,[0.18602193 0.47999491 0.33398316 0.        ],0.0
264,PREDICTB_W27,RACE,White,[0.11489959 0.51607616 0.3500413  0.01898294],0.0016554778220157593
265,INDUSTRY_W27,RACE,Asian,"[0.0360307  0.17278585 0.02925752 0.0919477  0.0726823  0.09425645
 0.09334012 0.0763553  0.2497207  0.07729747 0.00632588]",0.0
266,INDUSTRY_W27,RACE,Black,"[0.08011011 0.24073905 0.09503677 0.10824362 0.05872025 0.04476051
 0.03850639 0.09445545 0.03154625 0.1681516  0.03973001]",0.0
267,INDUSTRY_W27,RACE,Hispanic,"[0.10486592 0.06659632 0.2408354  0.10002701 0.04884121 0.04613559
 0.01801217 0.12272392 0.02241714 0.19748255 0.03206276]",0.0
268,INDUSTRY_W27,RACE,Other,"[0.25764072 0.01982131 0.0694227  0.         0.04394641 0.
 0.07359078 0.10559998 0.04282794 0.35572323 0.03142694]",0.0
269,INDUSTRY_W27,RACE,White,"[0.06283846 0.10734995 0.09536699 0.09707811 0.10022349 0.08177249
 0.0340813  0.06566658 0.07721178 0.23035557 0.04805528]",0.0003214837004466758
270,CAREGIV6F_W27,RACE,Asian,[0.49388328 0.50611672],0.0
271,CAREGIV6F_W27,RACE,Black,[0.38940426 0.61059574],0.04907951238054783
272,CAREGIV6F_W27,RACE,Hispanic,[0.64695342 0.35304658],0.08058837723512087
273,CAREGIV6F_W27,RACE,Other,[0.4991516 0.5008484],0.01790499865933654
274,CAREGIV6F_W27,RACE,White,[0.4216956 0.5783044],0.009284444223541757
275,CARS10E_W27,RACE,Asian,[0.5669812 0.4330188],0.0
276,CARS10E_W27,RACE,Black,[0.27115234 0.72884766],0.0004313479637073923
277,CARS10E_W27,RACE,Hispanic,[0.27062536 0.72937464],0.0
278,CARS10E_W27,RACE,Other,[0.33503146 0.66496854],0.0
279,CARS10E_W27,RACE,White,[0.26811215 0.73188785],0.004058047283718652
280,ROBJOB8G_W27,RACE,Asian,[0.30275073 0.36181054 0.22703887 0.10839986],0.04187406874983349
281,ROBJOB8G_W27,RACE,Black,[0.23198822 0.43989525 0.22488619 0.10323034],0.0
282,ROBJOB8G_W27,RACE,Hispanic,[0.15810104 0.52915645 0.23219767 0.08054484],0.010086282512876282
283,ROBJOB8G_W27,RACE,Other,[0.11510883 0.50164858 0.18544318 0.19779941],0.0
284,ROBJOB8G_W27,RACE,White,[0.21540458 0.42634479 0.29627329 0.06197734],0.0022759009935807745
285,ROBJOB2_W27,RACE,Asian,[0.28360403 0.56917816 0.11382226 0.03339555],0.007470085663633319
286,ROBJOB2_W27,RACE,Black,[0.19068303 0.60615295 0.13253043 0.07063359],0.0009381040999733273
287,ROBJOB2_W27,RACE,Hispanic,[0.19227961 0.60948684 0.13868384 0.05954971],0.01846057027695347
288,ROBJOB2_W27,RACE,Other,[0.27494556 0.56137841 0.02298133 0.1406947 ],0.0
289,ROBJOB2_W27,RACE,White,[0.20030212 0.57386318 0.18478782 0.04104688],0.007220380937864029
290,VOICE5B_W27,RACE,Asian,[0.31998271 0.20398903 0.47602827],0.0
291,VOICE5B_W27,RACE,Black,[0.21393162 0.58648988 0.1995785 ],0.0
292,VOICE5B_W27,RACE,Hispanic,[0.3091684  0.24769898 0.44313262],0.0
293,VOICE5B_W27,RACE,Other,[0.4669108  0.04622167 0.48686753],0.0
294,VOICE5B_W27,RACE,White,[0.20225971 0.37317869 0.4245616 ],0.006192280598587625
295,CARS2_W27,RACE,Asian,[0.42041515 0.18275823 0.39682661],0.0017682060250026723
296,CARS2_W27,RACE,Black,[0.19349784 0.12878198 0.67772019],0.002832668583532555
297,CARS2_W27,RACE,Hispanic,[0.10992184 0.17138069 0.71869747],0.0
298,CARS2_W27,RACE,Other,[0.38547274 0.05254236 0.5619849 ],0.0
299,CARS2_W27,RACE,White,[0.22272116 0.10737878 0.66990006],0.004559922069783835
300,CARS4_W27,RACE,Asian,[0.12251889 0.56600514 0.12803353 0.05968031 0.12376213],0.0
301,CARS4_W27,RACE,Black,[0.13508695 0.53536656 0.19810057 0.03363362 0.09781231],0.0009381040999733271
302,CARS4_W27,RACE,Hispanic,[0.07701627 0.50685381 0.23921377 0.06176642 0.11514973],0.0
303,CARS4_W27,RACE,Other,[0.10880548 0.75608331 0.08533175 0.03286716 0.0169123 ],0.0
304,CARS4_W27,RACE,White,[0.08280219 0.56265595 0.23639469 0.04726292 0.07088425],0.0027440020033899586
305,CAREGIV4_W27,RACE,Asian,[0.58591056 0.41408944],0.0
306,CAREGIV4_W27,RACE,Black,[0.2664013 0.7335987],0.0017773998959751494
307,CAREGIV4_W27,RACE,Hispanic,[0.47636237 0.52363763],0.0
308,CAREGIV4_W27,RACE,Other,[0.13062659 0.86937341],0.0
309,CAREGIV4_W27,RACE,White,[0.42860464 0.57139536],0.005669384526333665
310,HIRING4_W27,RACE,Asian,[0.39892217 0.60107783],0.023026136216342537
311,HIRING4_W27,RACE,Black,[0.20164358 0.79835642],0.0
312,HIRING4_W27,RACE,Hispanic,[0.21067085 0.78932915],0.0
313,HIRING4_W27,RACE,Other,[0.19023749 0.80976251],0.0
314,HIRING4_W27,RACE,White,[0.22018001 0.77981999],0.016500773247106117
315,HIRING3A_W27,RACE,Asian,[0.04047475 0.27553022 0.39177159 0.29222345],0.027172233236469764
316,HIRING3A_W27,RACE,Black,[0.0612379  0.29044446 0.3802502  0.26806745],0.0
317,HIRING3A_W27,RACE,Hispanic,[0.08201674 0.30948365 0.38819603 0.22030357],0.0
318,HIRING3A_W27,RACE,Other,[0.01572246 0.24121417 0.61519919 0.12786417],0.0
319,HIRING3A_W27,RACE,White,[0.02113443 0.1596245  0.5219578  0.29728327],0.005965258029209846
320,ROBJOB8E_W27,RACE,Asian,[0.38848845 0.31356392 0.26172782 0.03621981],0.043417439803265345
321,ROBJOB8E_W27,RACE,Black,[0.32056353 0.36728809 0.19097007 0.12117831],0.0
322,ROBJOB8E_W27,RACE,Hispanic,[0.24258141 0.52027473 0.15740425 0.07973961],0.0003287682388082743
323,ROBJOB8E_W27,RACE,Other,[0.19852453 0.51038151 0.26438312 0.02671084],0.0
324,ROBJOB8E_W27,RACE,White,[0.41443535 0.37115199 0.16063486 0.05377781],0.003155859590061881
325,VOICE4_W27,RACE,Asian,[0.48082439 0.44667525 0.07250036],0.0
326,VOICE4_W27,RACE,Black,[0.28575828 0.46967914 0.24456258],0.010905787232431987
327,VOICE4_W27,RACE,Hispanic,[0.35045741 0.41345617 0.23608642],0.0
328,VOICE4_W27,RACE,Other,[0.23509152 0.35143419 0.41347429],0.0
329,VOICE4_W27,RACE,White,[0.42852379 0.43884714 0.13262907],0.04947995389712654
330,DRONE4E_W27,RACE,Asian,[0.43504136 0.27537041 0.28958823],0.023026136216342537
331,DRONE4E_W27,RACE,Black,[0.19787022 0.41694495 0.38518482],0.0
332,DRONE4E_W27,RACE,Hispanic,[0.24260302 0.42218763 0.33520935],0.0
333,DRONE4E_W27,RACE,Other,[0.47368827 0.41780888 0.10850285],0.0
334,DRONE4E_W27,RACE,White,[0.23148473 0.46577314 0.30274214],0.007049002961185102
335,VOICE1_W27,RACE,Asian,[0.46177941 0.53822059],0.0
336,VOICE1_W27,RACE,Black,[0.47704411 0.52295589],0.0028365988977638525
337,VOICE1_W27,RACE,Hispanic,[0.63088717 0.36911283],0.0
338,VOICE1_W27,RACE,Other,[0.2589712 0.7410288],0.0
339,VOICE1_W27,RACE,White,[0.4508368 0.5491632],0.0004754827754118545
340,VOICE5A_W27,RACE,Asian,[0.67552363 0.13087683 0.19359955],0.0
341,VOICE5A_W27,RACE,Black,[0.46090852 0.297179   0.24191248],0.0
342,VOICE5A_W27,RACE,Hispanic,[0.41577965 0.47605645 0.1081639 ],0.06414825213949944
343,VOICE5A_W27,RACE,Other,[0.58860382 0.05957225 0.35182393],0.0
344,VOICE5A_W27,RACE,White,[0.58691793 0.26951696 0.14356511],0.009842377861931447
345,HIRING3B_W27,RACE,Asian,[0.15034833 0.48961222 0.24147077 0.11856868],0.023026136216342537
346,HIRING3B_W27,RACE,Black,[0.19611986 0.40297597 0.27388768 0.12701649],0.0012410203352838203
347,HIRING3B_W27,RACE,Hispanic,[0.2606988  0.41359979 0.2081397  0.11756171],0.0
348,HIRING3B_W27,RACE,Other,[0.1787545  0.70348437 0.11080216 0.00695896],0.0
349,HIRING3B_W27,RACE,White,[0.21777531 0.46050004 0.2634285  0.05829615],0.0066357985226438996
350,HIRING6D_W27,RACE,Asian,[0.134478   0.45532406 0.41019794],0.023026136216342537
351,HIRING6D_W27,RACE,Black,[0.17249298 0.49675716 0.33074986],0.0010136554594405366
352,HIRING6D_W27,RACE,Hispanic,[0.11090806 0.46746325 0.42162868],0.0
353,HIRING6D_W27,RACE,Other,[0.08713128 0.57047045 0.34239827],0.0
354,HIRING6D_W27,RACE,White,[0.12207141 0.62587243 0.25205617],0.013207348475220036
355,ROBJOB4A_W27,RACE,Asian,[0.70675578 0.29324422],0.012580109502973376
356,ROBJOB4A_W27,RACE,Black,[0.73315306 0.26684694],0.0
357,ROBJOB4A_W27,RACE,Hispanic,[0.67596999 0.32403001],0.031076198453435778
358,ROBJOB4A_W27,RACE,Other,[0.91694356 0.08305644],0.0
359,ROBJOB4A_W27,RACE,White,[0.78922472 0.21077528],0.007286178981684
360,DRONE4B_W27,RACE,Asian,[0.16654906 0.63717148 0.19627946],0.023026136216342537
361,DRONE4B_W27,RACE,Black,[0.16429942 0.48586062 0.34983996],0.0018729255333646982
362,DRONE4B_W27,RACE,Hispanic,[0.30440028 0.41497548 0.28062425],0.0
363,DRONE4B_W27,RACE,Other,[0.13129    0.66954495 0.19916506],0.0
364,DRONE4B_W27,RACE,White,[0.20400926 0.54840022 0.24759052],0.006890525637217694
365,WORK6_W27,RACE,Asian,[0.13244369 0.84248486 0.02507145],0.012580109502973376
366,WORK6_W27,RACE,Black,[0.03367566 0.84707721 0.11924713],0.0009381040999733271
367,WORK6_W27,RACE,Hispanic,[0.08946082 0.86680741 0.04373177],0.022340316395900582
368,WORK6_W27,RACE,Other,[0.32579453 0.67420547 0.        ],0.0027024857783213827
369,WORK6_W27,RACE,White,[0.03375244 0.939416   0.02683156],0.007241269980036865
370,HIRING6C_W27,RACE,Asian,[0.26672796 0.30063454 0.4326375 ],0.02302613621634254
371,HIRING6C_W27,RACE,Black,[0.17385098 0.49076148 0.33538754],0.008267304480537403
372,HIRING6C_W27,RACE,Hispanic,[0.2621321  0.31834902 0.41951887],0.0
373,HIRING6C_W27,RACE,Other,[0.41305193 0.38137528 0.2055728 ],0.0
374,HIRING6C_W27,RACE,White,[0.27794522 0.43810889 0.28394589],0.008233750893915502
375,ROBJOB6_W27,RACE,Asian,[0.62171325 0.37828675],0.01617111593191166
376,ROBJOB6_W27,RACE,Black,[0.60636193 0.39363807],0.018787427077170654
377,ROBJOB6_W27,RACE,Hispanic,[0.56368652 0.43631348],0.022669084634708857
378,ROBJOB6_W27,RACE,Other,[0.56904103 0.43095897],0.005501355992017116
379,ROBJOB6_W27,RACE,White,[0.47557653 0.52442347],0.014077159804026108
380,ROBJOB9_W27,RACE,Asian,[0.04269116 0.35984397 0.35482535 0.24263952],0.0
381,ROBJOB9_W27,RACE,Black,[0.08664123 0.20984258 0.43514765 0.26836854],0.0
382,ROBJOB9_W27,RACE,Hispanic,[0.05144699 0.40724306 0.26512294 0.276187  ],0.0
383,ROBJOB9_W27,RACE,Other,[0.01660426 0.46875668 0.29094763 0.22369142],0.0
384,ROBJOB9_W27,RACE,White,[0.06899388 0.19279826 0.42420601 0.31400185],0.00034917791848682034
385,ROBJOB4B_W27,RACE,Asian,[0.61076902 0.38923098],0.02260140898631692
386,ROBJOB4B_W27,RACE,Black,[0.5946112 0.4053888],0.0004329073331600119
387,ROBJOB4B_W27,RACE,Hispanic,[0.68595529 0.31404471],0.01846057027695347
388,ROBJOB4B_W27,RACE,Other,[0.79469297 0.20530703],0.005501355992017117
389,ROBJOB4B_W27,RACE,White,[0.63576771 0.36423229],0.0015181562103346615
390,ROBJOB8D_W27,RACE,Asian,[0.1010475  0.39359503 0.36276126 0.14259621],0.04187406874983349
391,ROBJOB8D_W27,RACE,Black,[0.16389136 0.33811566 0.34007156 0.15792141],0.0009734382630549836
392,ROBJOB8D_W27,RACE,Hispanic,[0.10514154 0.37713833 0.35605701 0.16166312],0.00032876823880827427
393,ROBJOB8D_W27,RACE,Other,[0.16182366 0.43248273 0.34117041 0.06452321],0.0
394,ROBJOB8D_W27,RACE,White,[0.08497943 0.30415728 0.40184213 0.20902117],0.0018864738094836952
395,CAREGIV3A_W27,RACE,Asian,[0.0927755  0.59963492 0.18565388 0.1219357 ],0.0
396,CAREGIV3A_W27,RACE,Black,[0.05171763 0.24250995 0.46834145 0.23743097],0.0
397,CAREGIV3A_W27,RACE,Hispanic,[0.09069875 0.35929621 0.3709786  0.17902644],0.03870427387475974
398,CAREGIV3A_W27,RACE,Other,[0.07271711 0.0664166  0.36837445 0.49249184],0.0
399,CAREGIV3A_W27,RACE,White,[0.09974798 0.3560396  0.3814639  0.16274852],0.0
400,ROBJOB4D_W27,RACE,Asian,[0.65984808 0.34015192],0.012580109502973376
401,ROBJOB4D_W27,RACE,Black,[0.4156637 0.5843363],0.0
402,ROBJOB4D_W27,RACE,Hispanic,[0.382567 0.617433],0.01846057027695347
403,ROBJOB4D_W27,RACE,Other,[0.53314459 0.46685541],0.005501355992017117
404,ROBJOB4D_W27,RACE,White,[0.43223108 0.56776892],0.008156554101418353
405,HIRING7B_W27,RACE,Asian,[0.49986486 0.21827764 0.2818575 ],0.023026136216342537
406,HIRING7B_W27,RACE,Black,[0.4417122  0.25007924 0.30820856],0.004965209295854409
407,HIRING7B_W27,RACE,Hispanic,[0.4064323  0.23893512 0.35463259],0.0420302300619415
408,HIRING7B_W27,RACE,Other,[0.30681679 0.42297014 0.27021306],0.0
409,HIRING7B_W27,RACE,White,[0.62442035 0.14422254 0.2313571 ],0.005644919293145874
410,WORK3D_W27,RACE,Asian,[0.73725395 0.01999579 0.24275026],0.0
411,WORK3D_W27,RACE,Black,[0.59198514 0.15607178 0.25194307],0.0
412,WORK3D_W27,RACE,Hispanic,[0.51867591 0.06382384 0.41750025],0.07369511218459074
413,WORK3D_W27,RACE,Other,[0.63579235 0.11436799 0.24983966],0.0
414,WORK3D_W27,RACE,White,[0.53287849 0.08042312 0.38669839],0.005952514476154223
415,CARS10D_W27,RACE,Asian,[0.69150472 0.30849528],0.0
416,CARS10D_W27,RACE,Black,[0.69490759 0.30509241],0.0
417,CARS10D_W27,RACE,Hispanic,[0.69037513 0.30962487],0.0016007463326151495
418,CARS10D_W27,RACE,Other,[0.94503816 0.05496184],0.0
419,CARS10D_W27,RACE,White,[0.69360286 0.30639714],0.00264591780267264
420,CARS8_W27,RACE,Asian,[0.21776568 0.54469701 0.2375373 ],0.0
421,CARS8_W27,RACE,Black,[0.33896743 0.31618761 0.34484496],0.007193943491133952
422,CARS8_W27,RACE,Hispanic,[0.34842518 0.26177113 0.38980368],0.0
423,CARS8_W27,RACE,Other,[0.36869174 0.48004337 0.15126489],0.005501355992017116
424,CARS8_W27,RACE,White,[0.29602719 0.40505912 0.29891369],0.005434494592653657
425,ROBJOB5B_W27,RACE,Asian,[0.50856817 0.23816257 0.20407522 0.04919404],0.012580109502973376
426,ROBJOB5B_W27,RACE,Black,[0.53131476 0.30411028 0.14150665 0.02306831],0.0009381040999733271
427,ROBJOB5B_W27,RACE,Hispanic,[0.47035527 0.4242474  0.04715248 0.05824486],0.0027285364997488635
428,ROBJOB5B_W27,RACE,Other,[0.40544879 0.32305965 0.25542234 0.01606922],0.010951664929950799
429,ROBJOB5B_W27,RACE,White,[0.45524974 0.40733922 0.10671665 0.03069439],0.005032219383449859
430,ROBJOB8F_W27,RACE,Asian,[0.07216418 0.14073776 0.44750461 0.33959344],0.051895368233177024
431,ROBJOB8F_W27,RACE,Black,[0.12614725 0.31330718 0.31616057 0.244385  ],0.0005902304802087888
432,ROBJOB8F_W27,RACE,Hispanic,[0.14172479 0.29434884 0.2966209  0.26730547],0.0003287682388082743
433,ROBJOB8F_W27,RACE,Other,[0.17467725 0.41462878 0.26998535 0.14070862],0.0
434,ROBJOB8F_W27,RACE,White,[0.09504738 0.24309758 0.40318639 0.25866865],0.0023614509788878768
435,ROBJOB7_W27,RACE,Asian,[0.52931926 0.47068074],0.012580109502973376
436,ROBJOB7_W27,RACE,Black,[0.30140674 0.69859326],0.024816524813924504
437,ROBJOB7_W27,RACE,Hispanic,[0.24473873 0.75526127],0.019621457649164963
438,ROBJOB7_W27,RACE,Other,[0.5267264 0.4732736],0.0
439,ROBJOB7_W27,RACE,White,[0.44110582 0.55889418],0.011448945162293327
440,VOICE5C_W27,RACE,Asian,[0.47564585 0.11127093 0.41308322],0.0
441,VOICE5C_W27,RACE,Black,[0.08439043 0.28967371 0.62593586],0.018991202730762474
442,VOICE5C_W27,RACE,Hispanic,[0.26100921 0.22051096 0.51847983],0.0
443,VOICE5C_W27,RACE,Other,[0.33762426 0.04622167 0.61615407],0.0
444,VOICE5C_W27,RACE,White,[0.10741145 0.19942651 0.69316204],0.015215559205770559
445,CARS10B_W27,RACE,Asian,[0.75601636 0.24398364],0.0
446,CARS10B_W27,RACE,Black,[0.73562749 0.26437251],0.0
447,CARS10B_W27,RACE,Hispanic,[0.82888175 0.17111825],0.0
448,CARS10B_W27,RACE,Other,[0.91929183 0.08070817],0.0
449,CARS10B_W27,RACE,White,[0.81365017 0.18634983],0.0038424259445843326
450,ROBJOB4C_W27,RACE,Asian,[0.62298055 0.37701945],0.012580109502973376
451,ROBJOB4C_W27,RACE,Black,[0.38796095 0.61203905],0.0
452,ROBJOB4C_W27,RACE,Hispanic,[0.52334885 0.47665115],0.01846057027695347
453,ROBJOB4C_W27,RACE,Other,[0.57986615 0.42013385],0.018554873910769997
454,ROBJOB4C_W27,RACE,White,[0.411253 0.588747],0.005558477042147478
455,ROBJOB4F_W27,RACE,Asian,[0.57135896 0.42864104],0.012580109502973376
456,ROBJOB4F_W27,RACE,Black,[0.38911886 0.61088114],0.0
457,ROBJOB4F_W27,RACE,Hispanic,[0.47609098 0.52390902],0.020836495356858744
458,ROBJOB4F_W27,RACE,Other,[0.65939197 0.34060803],0.0
459,ROBJOB4F_W27,RACE,White,[0.38507693 0.61492307],0.007428070328983834
460,ROBJOB5D_W27,RACE,Asian,[0.16938193 0.44827219 0.28080825 0.10153762],0.016432233913063567
461,ROBJOB5D_W27,RACE,Black,[0.31963437 0.44668462 0.20114643 0.03253458],0.0062522499803886016
462,ROBJOB5D_W27,RACE,Hispanic,[0.29934596 0.37383848 0.21273641 0.11407915],0.02234999414891383
463,ROBJOB5D_W27,RACE,Other,[0.35381485 0.33742977 0.16942085 0.13933453],0.010951664929950799
464,ROBJOB5D_W27,RACE,White,[0.18114011 0.35728424 0.31834969 0.14322596],0.012220914576663446
465,CARS5_W27,RACE,Asian,[0.68427972 0.31572028],0.0
466,CARS5_W27,RACE,Black,[0.37250221 0.62749779],0.0
467,CARS5_W27,RACE,Hispanic,[0.47864129 0.52135871],0.02234031639590058
468,CARS5_W27,RACE,Other,[0.33136458 0.66863542],0.0
469,CARS5_W27,RACE,White,[0.43746536 0.56253464],0.001610144327055031
470,ROBJOB8C_W27,RACE,Asian,[0.05250516 0.14391433 0.5423921  0.26118841],0.05278202440405361
471,ROBJOB8C_W27,RACE,Black,[0.06656426 0.21862688 0.38541689 0.32939197],0.0010410349605227587
472,ROBJOB8C_W27,RACE,Hispanic,[0.07251309 0.27074971 0.29769165 0.35904555],0.019704346619637
473,ROBJOB8C_W27,RACE,Other,[0.03749019 0.19254006 0.53354282 0.23642693],0.0
474,ROBJOB8C_W27,RACE,White,[0.03042494 0.1389011  0.49041157 0.34026239],0.001806821522733225
475,ROBJOB8B_W27,RACE,Asian,[0.2078498  0.2589149  0.39795631 0.13527899],0.04187406874983348
476,ROBJOB8B_W27,RACE,Black,[0.1577756  0.32696704 0.38279953 0.13245782],0.005148889933352115
477,ROBJOB8B_W27,RACE,Hispanic,[0.18184623 0.32084203 0.33001985 0.16729189],0.01846057027695347
478,ROBJOB8B_W27,RACE,Other,[0.05021947 0.49045161 0.44077405 0.01855487],0.0
479,ROBJOB8B_W27,RACE,White,[0.11781041 0.37931245 0.38335632 0.11952081],0.004263005001794546
