,qkey,attribute,group,D_H,R_H
0,IMPREASONGUN_W26,Overall,Overall,[0.49927085 0.29788298 0.11926615 0.04246994 0.04111009],0.0028997965291260473
1,GUNLOCKED2_W26,Overall,Overall,[0.42986963 0.57013037],0.0
2,GUNRESPNOKIDSA_W26,Overall,Overall,[0.58513247 0.26845653 0.11727971 0.02913129],0.005309280619745433
3,GUNASSOCIATIONA_W26,Overall,Overall,[0.11726185 0.88273815],0.0008783519948834494
4,GUNACTIVITYB_W26,Overall,Overall,[0.05506222 0.22725511 0.24497072 0.47271196],0.00411370517293994
5,GUNSAFE2_W26,Overall,Overall,[0.28857914 0.19641235 0.51500851],0.0014362301052367383
6,GUN_W26,Overall,Overall,[0.30611022 0.69388978],0.008279288492991515
7,GUNRESPKIDSF_W26,Overall,Overall,[0.61792528 0.27232082 0.07851027 0.03124363],0.005618159334258046
8,WORRYA_W26,Overall,Overall,[0.19520973 0.54131148 0.2634788 ],0.00034050138543638615
9,GUNCONTRIBC_W26,Overall,Overall,[0.2550362  0.3031824  0.34531886 0.09646255],0.005327538789314876
10,WORRYD_W26,Overall,Overall,[0.33814359 0.40568232 0.25617409],0.0033815464747322986
11,NOCARRYGUN_W26,Overall,Overall,[0.61888992 0.38111008],0.0
12,GUNACTIVITYE_W26,Overall,Overall,[0.013349   0.08550244 0.14259265 0.75855591],0.00250730730072391
13,GUNRESPKIDSA_W26,Overall,Overall,[0.81815372 0.15281354 0.02403275 0.00499999],0.0044867195991015844
14,GUNLOADED1_W26,Overall,Overall,[0.14476861 0.38228253 0.47294886],0.0135692897385903
15,GUNLOCKED1_W26,Overall,Overall,[0.42049818 0.26886492 0.3106369 ],0.010461033812782853
16,GROWUPGUN2B_W26,Overall,Overall,[0.66715866 0.33284134],0.0032938192258771715
17,GUNCONTRIBB_W26,Overall,Overall,[0.53300172 0.33057745 0.08660229 0.04981855],0.004517022983260846
18,GROWUPGUN6_W26,Overall,Overall,[0.06355962 0.19587363 0.23884767 0.50171908],0.0030226903292802634
19,CARRYGUN_W26,Overall,Overall,[0.12243472 0.15027496 0.3139661  0.41332423],0.0014844246607134625
20,GUNCOURSES_W26,Overall,Overall,[0.34855131 0.65144869],0.0030186858441893657
21,GUNFRIEND_W26,Overall,Overall,[0.2540863 0.4433824 0.3025313 0.       ],0.003273442103681597
22,GUNRESPKIDSB_W26,Overall,Overall,[0.637814   0.24753395 0.07306231 0.04158974],0.004223199728266132
23,WORLDDANGER_W26,Overall,Overall,[0.09402386 0.69377638 0.21219976],0.005655844330842923
24,GUNKILLF2_W26,Overall,Overall,[0.74914651 0.25085349],0.002206199556738982
25,GUNRESPNOKIDSB_W26,Overall,Overall,[0.47770585 0.28150561 0.14900091 0.09178763],0.010194792790734805
26,GROWUPGUN2A_W26,Overall,Overall,[0.60482947 0.39517053],0.0024962177221438103
27,REASONGUNC_W26,Overall,Overall,[0.30563803 0.38198467 0.31237731],0.003519768111127422
28,SHOOTFREQ_W26,Overall,Overall,[0.05015869 0.20075109 0.29452645 0.45456377],0.004061991906307564
29,GROWUPVIOL_W26,Overall,Overall,[0.04707514 0.10710411 0.2544054  0.59141535],0.004101204524155101
30,REASONGUNB_W26,Overall,Overall,[0.38042321 0.22871773 0.39085906],0.0019450335915062423
31,WORRYC_W26,Overall,Overall,[0.18150375 0.43253789 0.38595836],0.002163023699520742
32,MARGUN_W26,Overall,Overall,[0.87431935 0.12568065],0.003626294787307127
33,NEVEROWN_W26,Overall,Overall,[0.74029976 0.25970024],0.003919431983685207
34,GUNRESPKIDSC_W26,Overall,Overall,[0.72198312 0.2446357  0.02299075 0.01039043],0.004126934759173484
35,REASONGUNE_W26,Overall,Overall,[0.08147238 0.0973383  0.82118932],0.0053819047867183
36,GUNRESPNOKIDSG_W26,Overall,Overall,[0.4864931  0.36861151 0.12153797 0.02335743],0.005976889797654667
37,GUNCONTRIBE_W26,Overall,Overall,[0.27694888 0.32011159 0.27313091 0.12980862],0.00398175752677759
38,GUNKILLF1_W26,Overall,Overall,[0.74338642 0.25661358],0.014912292707248543
39,GUNCONTRIBF_W26,Overall,Overall,[0.29347778 0.44683119 0.22687249 0.03281854],0.00451072448193029
40,DEFENDGUN_W26,Overall,Overall,[0.07206191 0.92793809],0.0034454949951462917
41,GUNRESPNOKIDSC_W26,Overall,Overall,[0.68188197 0.23852026 0.06770761 0.01189016],0.006775006687765517
42,GUNRESPKIDSD_W26,Overall,Overall,[0.172736   0.26187383 0.3417748  0.22361536],0.0019156580438726587
43,GUNRESPKIDSE_W26,Overall,Overall,[0.42111848 0.30977102 0.20061342 0.06849708],0.00736174480589294
44,GROWUPGUN2C_W26,Overall,Overall,[0.46009457 0.53990543],0.002311560266859299
45,GUNRESPNOKIDSF_W26,Overall,Overall,[0.42491765 0.31608887 0.17740819 0.0815853 ],0.009537809754136001
46,GUNRESPKIDSH_W26,Overall,Overall,[0.91192857 0.06423649 0.01653272 0.00730221],0.005215775708957236
47,GUNRESPKIDSG_W26,Overall,Overall,[0.47082771 0.37574627 0.12632692 0.0270991 ],0.007548101719824516
48,WORRYE_W26,Overall,Overall,[0.1273958  0.54231361 0.33029059],0.0010560760316844866
49,GUNSAFE_W26,Overall,Overall,[0.68681085 0.03497438 0.27821477],0.002106133056474813
50,GUNCONTRIBA_W26,Overall,Overall,[0.30079907 0.29173647 0.27344811 0.13401634],0.005576057112418351
51,GUNACTIVITYA_W26,Overall,Overall,[0.02839477 0.12255816 0.16519166 0.68385541],0.003146160110544569
52,GUNRESPNOKIDSD_W26,Overall,Overall,[0.17374681 0.20992159 0.42919845 0.18713315],0.002634013432341253
53,GROWUPGUN7_W26,Overall,Overall,[0.15556272 0.22665495 0.22245909 0.39532324],0.003509372879294757
54,GUNRESPNOKIDSE_W26,Overall,Overall,[0.50073715 0.2072816  0.19190349 0.10007776],0.010852171830611273
55,SAFECRIME_W26,Overall,Overall,[0.22466215 0.57038214 0.15717321 0.04778249],0.0046994020524381485
56,GUNTYPEOWNC_W26,Overall,Overall,[0.41823727 0.20447147 0.37729126],0.018307010771625762
57,EVEROWN_W26,Overall,Overall,[0.15043873 0.84956127],0.015174518602262918
58,GUNCOMMUNITY_W26,Overall,Overall,[0.62645968 0.37354032],0.016852609494923995
59,GUNSOCIETY_W26,Overall,Overall,[0.40609648 0.59390352],0.01477909155204498
60,GROWUPGUN1_W26,Overall,Overall,[0.48833133 0.42013264 0.09153603],0.0021527214040595586
61,GUNTHREAT_W26,Overall,Overall,[0.22677438 0.77322562],0.004060889453776927
62,GROWUPGUN4_W26,Overall,Overall,[0.22933648 0.45142556 0.31923796 0.        ],0.008609662796156407
63,GUNACTIVITYD_W26,Overall,Overall,[0.008097   0.03942041 0.13048272 0.82199987],0.002932879263482836
64,GUN1_W26,Overall,Overall,[0.28198734 0.71801266],0.01333488145661679
65,GUNSAFETYKIDS_W26,Overall,Overall,[0.592894   0.40103639 0.0060696 ],0.0
66,GUNACTIVITYC_W26,Overall,Overall,[0.01330396 0.05877535 0.12903039 0.7988903 ],0.005255936021752312
67,EVERSHOT_W26,Overall,Overall,[0.72688701 0.27311299],0.0017080427699185578
68,GUNACCESS_W26,Overall,Overall,[0.38704125 0.17048009 0.12402007 0.31845858],0.003118381885692098
69,GUNLOADED2_W26,Overall,Overall,[0.32715399 0.67284601],0.006071967527808606
70,GUNIDENTITY_W26,Overall,Overall,[0.24652506 0.24080917 0.30666787 0.20599791],0.005793377758037822
71,WORRYB_W26,Overall,Overall,[0.15446245 0.42587239 0.41966516],0.0008930906718119559
72,WORRYF_W26,Overall,Overall,[0.11531283 0.37589373 0.50879344],0.001255436121265005
73,WORRYG_W26,Overall,Overall,[0.29035955 0.53515075 0.1744897 ],0.001631521554632277
74,GUNCONTRIBD_W26,Overall,Overall,[0.24230864 0.42593064 0.25128534 0.08047538],0.006337335744367874
75,CRIMEVICTIM_W26,Overall,Overall,[0.20708758 0.79291242],0.0033178077729200607
76,REASONGUND_W26,Overall,Overall,[0.12738967 0.28849794 0.58411239],0.004363114210429691
77,REASONGUNA_W26,Overall,Overall,[0.68107694 0.24064023 0.07828283],0.0016208925967375531
0,IMPREASONGUN_W26,CREGION,Midwest,[0.32496163 0.35248847 0.22829956 0.0502285  0.04402183],0.011708035265773693
1,IMPREASONGUN_W26,CREGION,Northeast,[0.5005924  0.29748692 0.11524777 0.04587419 0.04079873],0.0
2,IMPREASONGUN_W26,CREGION,South,[0.54452943 0.29760891 0.06646063 0.04792117 0.04347986],0.0009938118129620198
3,IMPREASONGUN_W26,CREGION,West,[0.56420454 0.25627466 0.11727782 0.02689073 0.03535225],0.0
4,GUNLOCKED2_W26,CREGION,Midwest,[0.46239844 0.53760156],0.0
5,GUNLOCKED2_W26,CREGION,Northeast,[0.46888651 0.53111349],0.0
6,GUNLOCKED2_W26,CREGION,South,[0.40263166 0.59736834],0.0
7,GUNLOCKED2_W26,CREGION,West,[0.43902854 0.56097146],0.0
8,GUNRESPNOKIDSA_W26,CREGION,Midwest,[0.59352628 0.28672469 0.11394031 0.00580872],0.018354983214586364
9,GUNRESPNOKIDSA_W26,CREGION,Northeast,[0.67876493 0.2319194  0.07701641 0.01229926],0.0
10,GUNRESPNOKIDSA_W26,CREGION,South,[0.54727003 0.2596213  0.14443529 0.04867338],0.0030125021829599885
11,GUNRESPNOKIDSA_W26,CREGION,West,[0.56199074 0.29656017 0.10892487 0.03252423],0.0011563788566847368
12,GUNASSOCIATIONA_W26,CREGION,Midwest,[0.1762456 0.8237544],0.0
13,GUNASSOCIATIONA_W26,CREGION,Northeast,[0.12784443 0.87215557],0.007945348953329476
14,GUNASSOCIATIONA_W26,CREGION,South,[0.10049236 0.89950764],0.0
15,GUNASSOCIATIONA_W26,CREGION,West,[0.08604039 0.91395961],0.0006234029826412325
16,GUNACTIVITYB_W26,CREGION,Midwest,[0.03832795 0.24858445 0.27303183 0.44005577],0.002103621830657975
17,GUNACTIVITYB_W26,CREGION,Northeast,[0.06823346 0.15502431 0.25221524 0.524527  ],0.010848785841278576
18,GUNACTIVITYB_W26,CREGION,South,[0.06492907 0.24420031 0.20418101 0.48668962],0.0024078315373514242
19,GUNACTIVITYB_W26,CREGION,West,[0.04364788 0.23859986 0.27984402 0.43790824],0.0032337627008350227
20,GUNSAFE2_W26,CREGION,Midwest,[0.31384459 0.19236909 0.49378632],0.0015447138687623232
21,GUNSAFE2_W26,CREGION,Northeast,[0.26842838 0.18761446 0.54395717],0.001386793651203469
22,GUNSAFE2_W26,CREGION,South,[0.32560341 0.21644432 0.45795227],0.0020925694689322956
23,GUNSAFE2_W26,CREGION,West,[0.23223636 0.17904455 0.5887191 ],0.0003945582346379264
24,GUN_W26,CREGION,Midwest,[0.33804249 0.66195751],0.009214751671874107
25,GUN_W26,CREGION,Northeast,[0.15078575 0.84921425],0.002844477202590841
26,GUN_W26,CREGION,South,[0.36823292 0.63176708],0.009821112132858936
27,GUN_W26,CREGION,West,[0.30340408 0.69659592],0.009347331068911136
28,GUNRESPKIDSF_W26,CREGION,Midwest,[0.65057424 0.21869079 0.10082976 0.02990521],0.006089900323008136
29,GUNRESPKIDSF_W26,CREGION,Northeast,[0.71902868 0.20018645 0.05045388 0.03033099],0.007433989833593333
30,GUNRESPKIDSF_W26,CREGION,South,[0.57272479 0.30435926 0.09780584 0.02511011],0.006303959696868916
31,GUNRESPKIDSF_W26,CREGION,West,[0.58081816 0.32564882 0.05067552 0.0428575 ],0.0026663120294018665
32,WORRYA_W26,CREGION,Midwest,[0.18597174 0.5620779  0.25195035],0.0
33,WORRYA_W26,CREGION,Northeast,[0.14790239 0.50277174 0.34932587],0.00031792335043845675
34,WORRYA_W26,CREGION,South,[0.19866581 0.53986113 0.26147306],0.000550537666911797
35,WORRYA_W26,CREGION,West,[0.23769185 0.55611317 0.20619497],0.0003336172011567389
36,GUNCONTRIBC_W26,CREGION,Midwest,[0.21259825 0.29443885 0.3969392  0.09602369],0.018931990030663766
37,GUNCONTRIBC_W26,CREGION,Northeast,[0.30729958 0.29337831 0.32720786 0.07211425],0.0008340538032386937
38,GUNCONTRIBC_W26,CREGION,South,[0.2579218  0.29295765 0.33346116 0.11565938],0.0016191169504697555
39,GUNCONTRIBC_W26,CREGION,West,[0.24625698 0.33656064 0.33193081 0.08525157],0.0023113638806045674
40,WORRYD_W26,CREGION,Midwest,[0.31008683 0.43396997 0.25594319],0.003396381240379193
41,WORRYD_W26,CREGION,Northeast,[0.39628856 0.37283522 0.23087622],0.002939327888879144
42,WORRYD_W26,CREGION,South,[0.33370344 0.38740888 0.27888768],0.0021595521150368116
43,WORRYD_W26,CREGION,West,[0.3234281  0.43623052 0.24034138],0.005664605872520976
44,NOCARRYGUN_W26,CREGION,Midwest,[0.47461693 0.52538307],0.0
45,NOCARRYGUN_W26,CREGION,Northeast,[0.73041949 0.26958051],0.0
46,NOCARRYGUN_W26,CREGION,South,[0.69714621 0.30285379],0.0
47,NOCARRYGUN_W26,CREGION,West,[0.57202186 0.42797814],0.0
48,GUNACTIVITYE_W26,CREGION,Midwest,[0.01056922 0.07806234 0.15292773 0.75844072],0.0011092084406171192
49,GUNACTIVITYE_W26,CREGION,Northeast,[0.00709985 0.04964233 0.10827293 0.83498489],0.0013581271118770905
50,GUNACTIVITYE_W26,CREGION,South,[0.02357258 0.11559758 0.14458736 0.71624249],0.0033741202131074453
51,GUNACTIVITYE_W26,CREGION,West,[0.00437274 0.07265948 0.15791669 0.76505108],0.0033106619142598804
52,GUNRESPKIDSA_W26,CREGION,Midwest,[0.78309701 0.173316   0.03862859 0.00495839],0.0010641667769020343
53,GUNRESPKIDSA_W26,CREGION,Northeast,[0.90853927 0.06985573 0.02063202 0.00097298],0.0023288462161596976
54,GUNRESPKIDSA_W26,CREGION,South,[0.81008544 0.15837224 0.02508567 0.00645666],0.00895164360326
55,GUNRESPKIDSA_W26,CREGION,West,[0.78965882 0.19213408 0.01226267 0.00594443],0.00210724410444044
56,GUNLOADED1_W26,CREGION,Midwest,[0.11859572 0.37373475 0.50766954],0.011841525032114332
57,GUNLOADED1_W26,CREGION,Northeast,[0.02856786 0.29610965 0.67532248],0.007086392657491547
58,GUNLOADED1_W26,CREGION,South,[0.22646599 0.40502081 0.3685132 ],0.01223868116414291
59,GUNLOADED1_W26,CREGION,West,[0.08127397 0.3917752  0.52695083],0.020815927899546404
60,GUNLOCKED1_W26,CREGION,Midwest,[0.43316059 0.26115667 0.30568274],0.013479887081712612
61,GUNLOCKED1_W26,CREGION,Northeast,[0.47796794 0.22571701 0.29631505],0.00950529082972569
62,GUNLOCKED1_W26,CREGION,South,[0.35082517 0.29885293 0.3503219 ],0.005586269238288347
63,GUNLOCKED1_W26,CREGION,West,[0.50537258 0.24347784 0.25114958],0.01644363927280098
64,GROWUPGUN2B_W26,CREGION,Midwest,[0.75761571 0.24238429],0.002371259976674827
65,GROWUPGUN2B_W26,CREGION,Northeast,[0.63998551 0.36001449],0.0
66,GROWUPGUN2B_W26,CREGION,South,[0.61590841 0.38409159],0.006150266022558309
67,GROWUPGUN2B_W26,CREGION,West,[0.68824747 0.31175253],0.0008595090043052479
68,GUNCONTRIBB_W26,CREGION,Midwest,[0.55457796 0.31719202 0.08408637 0.04414365],0.015112281084487908
69,GUNCONTRIBB_W26,CREGION,Northeast,[0.55125957 0.35886153 0.06122598 0.02865291],0.0013462250825800061
70,GUNCONTRIBB_W26,CREGION,South,[0.53928037 0.28851757 0.10021058 0.07199149],0.0014835384217963092
71,GUNCONTRIBB_W26,CREGION,West,[0.48844614 0.3880147  0.08742439 0.03611477],0.0023612943174894053
72,GROWUPGUN6_W26,CREGION,Midwest,[0.06036067 0.21908908 0.26599997 0.45455028],0.0045425095722498796
73,GROWUPGUN6_W26,CREGION,Northeast,[0.0500791  0.16601171 0.27813175 0.50577745],0.002679308730914072
74,GROWUPGUN6_W26,CREGION,South,[0.07480579 0.19465265 0.19423352 0.53630804],0.00011532509345596493
75,GROWUPGUN6_W26,CREGION,West,[0.05705955 0.1958832  0.26037144 0.48668581],0.006612079264491852
76,CARRYGUN_W26,CREGION,Midwest,[0.10869414 0.17030594 0.32298046 0.39801946],0.0
77,CARRYGUN_W26,CREGION,Northeast,[0.1133046  0.08545515 0.35480123 0.44643902],0.0
78,CARRYGUN_W26,CREGION,South,[0.14921507 0.17119121 0.29885232 0.3807414 ],0.0032029941755001815
79,CARRYGUN_W26,CREGION,West,[0.08419661 0.11144759 0.3200748  0.484281  ],0.0
80,GUNCOURSES_W26,CREGION,Midwest,[0.36245095 0.63754905],0.002526115429169157
81,GUNCOURSES_W26,CREGION,Northeast,[0.29408917 0.70591083],0.004200735962226409
82,GUNCOURSES_W26,CREGION,South,[0.35417815 0.64582185],0.00308331224784526
83,GUNCOURSES_W26,CREGION,West,[0.37102371 0.62897629],0.002399984224124658
84,GUNFRIEND_W26,CREGION,Midwest,[0.30545794 0.46314947 0.23139258 0.        ],0.003704615020546102
85,GUNFRIEND_W26,CREGION,Northeast,[0.11880388 0.42056329 0.46063282 0.        ],0.0040513983780187755
86,GUNFRIEND_W26,CREGION,South,[0.31152737 0.42680829 0.26166433 0.        ],0.002755661880273699
87,GUNFRIEND_W26,CREGION,West,[0.20775039 0.46932749 0.32292213 0.        ],0.003175598242095249
88,GUNRESPKIDSB_W26,CREGION,Midwest,[0.65921772 0.22300249 0.08421024 0.03356954],0.0032428985544555584
89,GUNRESPKIDSB_W26,CREGION,Northeast,[0.77154386 0.1733533  0.02352042 0.03158243],0.005218622649168338
90,GUNRESPKIDSB_W26,CREGION,South,[0.56047477 0.29624841 0.09204201 0.05123482],0.004640370488933991
91,GUNRESPKIDSB_W26,CREGION,West,[0.63550122 0.25068734 0.07254557 0.04126586],0.0036262158167393215
92,WORLDDANGER_W26,CREGION,Midwest,[0.0729856  0.72723364 0.19978076],0.0007198679244090404
93,WORLDDANGER_W26,CREGION,Northeast,[0.12779741 0.64471504 0.22748755],0.001686109964510402
94,WORLDDANGER_W26,CREGION,South,[0.08162918 0.71078984 0.20758098],0.0075835000400744
95,WORLDDANGER_W26,CREGION,West,[0.10586043 0.67552976 0.21860981],0.010262400069090056
96,GUNKILLF2_W26,CREGION,Midwest,[0.77291712 0.22708288],0.0035487191075302587
97,GUNKILLF2_W26,CREGION,Northeast,[0.71043653 0.28956347],0.0024285357364674134
98,GUNKILLF2_W26,CREGION,South,[0.74281573 0.25718427],0.0017576926317604878
99,GUNKILLF2_W26,CREGION,West,[0.76922992 0.23077008],0.001564709074321646
100,GUNRESPNOKIDSB_W26,CREGION,Midwest,[0.50699792 0.30785431 0.13794944 0.04719833],0.021105131953829702
101,GUNRESPNOKIDSB_W26,CREGION,Northeast,[0.59423244 0.24905408 0.08454034 0.07217314],0.0024005832221906517
102,GUNRESPNOKIDSB_W26,CREGION,South,[0.42517625 0.26425698 0.16531055 0.14525622],0.007834859721298815
103,GUNRESPNOKIDSB_W26,CREGION,West,[0.4398253  0.31276862 0.18636944 0.06103663],0.010248581285387344
104,GROWUPGUN2A_W26,CREGION,Midwest,[0.49067818 0.50932182],0.0026878515826218507
105,GROWUPGUN2A_W26,CREGION,Northeast,[0.49190314 0.50809686],0.004404795996165684
106,GROWUPGUN2A_W26,CREGION,South,[0.71168441 0.28831559],0.002310632541598424
107,GROWUPGUN2A_W26,CREGION,West,[0.58598718 0.41401282],0.0015321092628154027
108,REASONGUNC_W26,CREGION,Midwest,[0.33749549 0.36993011 0.2925744 ],0.008283701272868252
109,REASONGUNC_W26,CREGION,Northeast,[0.40716932 0.34272127 0.25010941],0.004608802592023959
110,REASONGUNC_W26,CREGION,South,[0.23652866 0.42727492 0.33619642],0.0026223484747796098
111,REASONGUNC_W26,CREGION,West,[0.3682568  0.32098032 0.31076289],0.0
112,SHOOTFREQ_W26,CREGION,Midwest,[0.05632911 0.20760651 0.27081532 0.46524906],0.0021129436090527986
113,SHOOTFREQ_W26,CREGION,Northeast,[0.03102268 0.14075333 0.3272208  0.50100319],0.0022981773828819048
114,SHOOTFREQ_W26,CREGION,South,[0.05500675 0.21953614 0.29882277 0.42663433],0.007575779217421999
115,SHOOTFREQ_W26,CREGION,West,[0.04907676 0.20318061 0.28772959 0.46001303],0.0011624802104887129
116,GROWUPVIOL_W26,CREGION,Midwest,[0.03869028 0.10718166 0.25248734 0.60164071],0.009295596881399205
117,GROWUPVIOL_W26,CREGION,Northeast,[0.04781153 0.10045141 0.18700772 0.66472934],0.001829914893370125
118,GROWUPVIOL_W26,CREGION,South,[0.05614888 0.09955709 0.26010384 0.58419019],0.0031801639492415974
119,GROWUPVIOL_W26,CREGION,West,[0.03933173 0.12472512 0.30185536 0.53408779],0.0027079458364985087
120,REASONGUNB_W26,CREGION,Midwest,[0.46615657 0.23636715 0.29747628],0.006840472110490164
121,REASONGUNB_W26,CREGION,Northeast,[0.4507541  0.17809453 0.37115138],0.003911835845989226
122,REASONGUNB_W26,CREGION,South,[0.30134643 0.26804089 0.43061268],0.0
123,REASONGUNB_W26,CREGION,West,[0.42122487 0.16398441 0.41479072],0.0
124,WORRYC_W26,CREGION,Midwest,[0.1356505  0.47986359 0.38448591],0.0
125,WORRYC_W26,CREGION,Northeast,[0.20435943 0.35386285 0.44177772],0.0005834674657747764
126,WORRYC_W26,CREGION,South,[0.15544351 0.46134209 0.3832144 ],0.002299262363401703
127,WORRYC_W26,CREGION,West,[0.24746885 0.41115789 0.34137326],0.005484533951095939
128,MARGUN_W26,CREGION,Midwest,[0.84829405 0.15170595],0.0
129,MARGUN_W26,CREGION,Northeast,[0.85197492 0.14802508],0.0033887117910802026
130,MARGUN_W26,CREGION,South,[0.86920933 0.13079067],0.006423975510819582
131,MARGUN_W26,CREGION,West,[0.91915324 0.08084676],0.002841350087745415
132,NEVEROWN_W26,CREGION,Midwest,[0.81855111 0.18144889],0.007203034364417113
133,NEVEROWN_W26,CREGION,Northeast,[0.72106419 0.27893581],0.0
134,NEVEROWN_W26,CREGION,South,[0.73753691 0.26246309],0.0007452817861911931
135,NEVEROWN_W26,CREGION,West,[0.67400282 0.32599718],0.008437838985011341
136,GUNRESPKIDSC_W26,CREGION,Midwest,[0.71582872 0.2423877  0.03118549 0.0105981 ],0.00046237649085114295
137,GUNRESPKIDSC_W26,CREGION,Northeast,[0.78466837 0.19252492 0.02151152 0.0012952 ],0.007666637413296089
138,GUNRESPKIDSC_W26,CREGION,South,[0.70072511 0.26082745 0.03002719 0.00842025],0.0035903124461187257
139,GUNRESPKIDSC_W26,CREGION,West,[0.71143406 0.26225545 0.00573147 0.02057902],0.005373742760932148
140,REASONGUNE_W26,CREGION,Midwest,[0.06893326 0.06559095 0.86547579],0.006840472110490164
141,REASONGUNE_W26,CREGION,Northeast,[0.08552922 0.06105641 0.85341437],0.0
142,REASONGUNE_W26,CREGION,South,[0.08415389 0.13419207 0.78165404],0.0016346908024554383
143,REASONGUNE_W26,CREGION,West,[0.08728418 0.07127803 0.8414378 ],0.013483249640616587
144,GUNRESPNOKIDSG_W26,CREGION,Midwest,[0.53592094 0.33400055 0.12818439 0.00189412],0.019918187180582917
145,GUNRESPNOKIDSG_W26,CREGION,Northeast,[0.49701035 0.35446588 0.11023108 0.0382927 ],0.0008538478031143275
146,GUNRESPNOKIDSG_W26,CREGION,South,[0.48004094 0.37736065 0.10687262 0.03572579],0.002123863718906294
147,GUNRESPNOKIDSG_W26,CREGION,West,[0.44224378 0.39821806 0.14920183 0.01033634],0.00340599186524578
148,GUNCONTRIBE_W26,CREGION,Midwest,[0.29827964 0.30056776 0.27902885 0.12212375],0.0023490250769236842
149,GUNCONTRIBE_W26,CREGION,Northeast,[0.26095285 0.28989002 0.32784885 0.12130828],0.00705496287626635
150,GUNCONTRIBE_W26,CREGION,South,[0.30005775 0.33471535 0.24511684 0.12011006],0.004238086506428609
151,GUNCONTRIBE_W26,CREGION,West,[0.23423219 0.33804894 0.26902352 0.15869534],0.002556865184760885
152,GUNKILLF1_W26,CREGION,Midwest,[0.78232201 0.21767799],0.02718088150502443
153,GUNKILLF1_W26,CREGION,Northeast,[0.66999088 0.33000912],0.006231052664785175
154,GUNKILLF1_W26,CREGION,South,[0.77238055 0.22761945],0.018812508478190115
155,GUNKILLF1_W26,CREGION,West,[0.72078961 0.27921039],0.004001909493330574
156,GUNCONTRIBF_W26,CREGION,Midwest,[0.31947517 0.43031821 0.21944598 0.03076064],0.0012576940086561
157,GUNCONTRIBF_W26,CREGION,Northeast,[0.3117226  0.45323309 0.21192082 0.02312349],0.013430516169855192
158,GUNCONTRIBF_W26,CREGION,South,[0.28302146 0.4558741  0.23963096 0.02147347],0.003170025476881264
159,GUNCONTRIBF_W26,CREGION,West,[0.27288472 0.44191494 0.22490246 0.06029787],0.0023874001654908693
160,DEFENDGUN_W26,CREGION,Midwest,[0.0628533 0.9371467],0.0034402968267078773
161,DEFENDGUN_W26,CREGION,Northeast,[0.02683249 0.97316751],0.0027481205504114176
162,DEFENDGUN_W26,CREGION,South,[0.09547597 0.90452403],0.005441186056376098
163,DEFENDGUN_W26,CREGION,West,[0.07933875 0.92066125],0.0007736654741951779
164,GUNRESPNOKIDSC_W26,CREGION,Midwest,[0.71535973 0.24080463 0.02817866 0.01565698],0.018850157567388448
165,GUNRESPNOKIDSC_W26,CREGION,Northeast,[0.7778179  0.18101357 0.03019633 0.0109722 ],0.005204004529451759
166,GUNRESPNOKIDSC_W26,CREGION,South,[0.62208034 0.25211013 0.10845882 0.01735071],0.0013082249684663566
167,GUNRESPNOKIDSC_W26,CREGION,West,[0.67035959 0.26164658 0.06799383 0.        ],0.00570041842271143
168,GUNRESPKIDSD_W26,CREGION,Midwest,[0.20127162 0.22133855 0.38267778 0.19471205],0.0
169,GUNRESPKIDSD_W26,CREGION,Northeast,[0.16777795 0.28206953 0.32282903 0.22732349],0.0036703055172221275
170,GUNRESPKIDSD_W26,CREGION,South,[0.17205755 0.2401891  0.34624054 0.24151281],0.0013231185208908332
171,GUNRESPKIDSD_W26,CREGION,West,[0.15300398 0.32016987 0.31392341 0.21290274],0.003152362310113865
172,GUNRESPKIDSE_W26,CREGION,Midwest,[0.44584518 0.23697029 0.24003722 0.07714731],0.00267881194690006
173,GUNRESPKIDSE_W26,CREGION,Northeast,[0.37371122 0.33536971 0.22719005 0.06372902],0.003010683751759437
174,GUNRESPKIDSE_W26,CREGION,South,[0.42910424 0.32519812 0.17371755 0.0719801 ],0.006748214552142293
175,GUNRESPKIDSE_W26,CREGION,West,[0.42293361 0.33367228 0.18387041 0.0595237 ],0.015423942961249174
176,GROWUPGUN2C_W26,CREGION,Midwest,[0.47831462 0.52168538],0.0031801577682908917
177,GROWUPGUN2C_W26,CREGION,Northeast,[0.52889661 0.47110339],0.0009420458523754246
178,GROWUPGUN2C_W26,CREGION,South,[0.40195573 0.59804427],0.003535246632728878
179,GROWUPGUN2C_W26,CREGION,West,[0.50887425 0.49112575],0.0
180,GUNRESPNOKIDSF_W26,CREGION,Midwest,[0.45583651 0.32941822 0.13868956 0.07605571],0.027358766198935503
181,GUNRESPNOKIDSF_W26,CREGION,Northeast,[0.54234476 0.24788624 0.15813037 0.05163863],0.0011992099316439709
182,GUNRESPNOKIDSF_W26,CREGION,South,[0.38609083 0.31116465 0.18617088 0.11657365],0.005620643792003723
183,GUNRESPNOKIDSF_W26,CREGION,West,[0.36237857 0.36903112 0.21499325 0.05359705],0.006067076547681695
184,GUNRESPKIDSH_W26,CREGION,Midwest,[0.9144382  0.0430005  0.02478755 0.01777375],0.013108982439588215
185,GUNRESPKIDSH_W26,CREGION,Northeast,[0.90540832 0.08020716 0.01341357 0.00097096],0.0002496064104020781
186,GUNRESPKIDSH_W26,CREGION,South,[0.91379989 0.06617015 0.01849722 0.00153275],0.005882043775770554
187,GUNRESPKIDSH_W26,CREGION,West,[0.91199272 0.06684018 0.00875654 0.01241056],0.001190356430037366
188,GUNRESPKIDSG_W26,CREGION,Midwest,[0.45470159 0.37930654 0.14825133 0.01774053],0.0022278497888157125
189,GUNRESPKIDSG_W26,CREGION,Northeast,[0.46370954 0.35333985 0.12865843 0.05429217],0.008092241958357433
190,GUNRESPKIDSG_W26,CREGION,South,[0.51145598 0.36992768 0.09829329 0.02032305],0.012533967536477208
191,GUNRESPKIDSG_W26,CREGION,West,[0.42658855 0.39957445 0.1494129  0.02442409],0.0038511344462718237
192,WORRYE_W26,CREGION,Midwest,[0.10990184 0.58281006 0.3072881 ],0.0
193,WORRYE_W26,CREGION,Northeast,[0.14170881 0.50097439 0.3573168 ],0.0018414992695557273
194,WORRYE_W26,CREGION,South,[0.14802666 0.49434632 0.35762701],0.001908911020382368
195,WORRYE_W26,CREGION,West,[0.09860325 0.6158257  0.28557105],0.0
196,GUNSAFE_W26,CREGION,Midwest,[0.67010827 0.01676576 0.31312597],0.004536974125771187
197,GUNSAFE_W26,CREGION,Northeast,[0.61989806 0.02690116 0.35320078],0.0
198,GUNSAFE_W26,CREGION,South,[0.75529659 0.04755356 0.19714985],0.0013399722106670967
199,GUNSAFE_W26,CREGION,West,[0.61504087 0.03412471 0.35083442],0.002108628207035222
200,GUNCONTRIBA_W26,CREGION,Midwest,[0.29788367 0.27023617 0.2867639  0.14511626],0.009396028876566057
201,GUNCONTRIBA_W26,CREGION,Northeast,[0.35408984 0.29620453 0.24023275 0.10947287],0.01286393306741919
202,GUNCONTRIBA_W26,CREGION,South,[0.28362844 0.28648794 0.27603439 0.15384923],0.002201571873407626
203,GUNCONTRIBA_W26,CREGION,West,[0.28840339 0.31613939 0.2839477  0.11150951],0.0016367125964066042
204,GUNACTIVITYA_W26,CREGION,Midwest,[0.03573845 0.11635952 0.1732694  0.67463263],0.007692215848387576
205,GUNACTIVITYA_W26,CREGION,Northeast,[0.01131629 0.0841816  0.15597201 0.7485301 ],0.0019638248359759684
206,GUNACTIVITYA_W26,CREGION,South,[0.03714732 0.13332479 0.14985034 0.67967756],0.0018982240289998195
207,GUNACTIVITYA_W26,CREGION,West,[0.0214148  0.14195113 0.19031972 0.64631434],0.0019888475079167544
208,GUNRESPNOKIDSD_W26,CREGION,Midwest,[0.18435327 0.13736042 0.53586612 0.1424202 ],0.003768260865029028
209,GUNRESPNOKIDSD_W26,CREGION,Northeast,[0.15528836 0.23576917 0.43766882 0.17127365],0.0032361331348889693
210,GUNRESPNOKIDSD_W26,CREGION,South,[0.18052562 0.25751465 0.37281068 0.18914904],0.000684752990599181
211,GUNRESPNOKIDSD_W26,CREGION,West,[0.16720452 0.17509934 0.41739182 0.24030432],0.004425851884980627
212,GROWUPGUN7_W26,CREGION,Midwest,[0.17856247 0.2504692  0.19261991 0.37834842],0.0025828278769584145
213,GROWUPGUN7_W26,CREGION,Northeast,[0.08129482 0.23517557 0.23644736 0.44708224],0.0017659684357513939
214,GROWUPGUN7_W26,CREGION,South,[0.1740939  0.21479236 0.2301771  0.38093664],0.006585888134635765
215,GROWUPGUN7_W26,CREGION,West,[0.16511177 0.21719438 0.22578464 0.39190921],0.0007736654741951778
216,GUNRESPNOKIDSE_W26,CREGION,Midwest,[0.46366387 0.22140237 0.22828333 0.08665043],0.032741464257367556
217,GUNRESPNOKIDSE_W26,CREGION,Northeast,[0.52139355 0.16070786 0.1882979  0.12960069],0.005550010137942813
218,GUNRESPNOKIDSE_W26,CREGION,South,[0.52003308 0.18171824 0.22284814 0.07540053],0.003189224210799216
219,GUNRESPNOKIDSE_W26,CREGION,West,[0.48657637 0.27379735 0.1122406  0.12738568],0.006965163929564592
220,SAFECRIME_W26,CREGION,Midwest,[0.2441665  0.58523134 0.1388322  0.03176995],0.0019145191574520815
221,SAFECRIME_W26,CREGION,Northeast,[0.32961366 0.53010117 0.11288551 0.02739966],0.001416771145842209
222,SAFECRIME_W26,CREGION,South,[0.17962596 0.57108804 0.17289623 0.07638977],0.009550763300931953
223,SAFECRIME_W26,CREGION,West,[0.19395099 0.58853195 0.18465851 0.03285855],0.002028626258888247
224,GUNTYPEOWNC_W26,CREGION,Midwest,[0.5181763  0.19443876 0.28738494],0.015185703181296473
225,GUNTYPEOWNC_W26,CREGION,Northeast,[0.37745529 0.14372303 0.47882168],0.0017245768293050936
226,GUNTYPEOWNC_W26,CREGION,South,[0.40622065 0.23816307 0.35561628],0.019050601235081135
227,GUNTYPEOWNC_W26,CREGION,West,[0.3598875 0.1815795 0.458533 ],0.02714317342346408
228,EVEROWN_W26,CREGION,Midwest,[0.17952745 0.82047255],0.025355148098419517
229,EVEROWN_W26,CREGION,Northeast,[0.08938993 0.91061007],0.012380750810810104
230,EVEROWN_W26,CREGION,South,[0.15241969 0.84758031],0.014412553358581577
231,EVEROWN_W26,CREGION,West,[0.18296403 0.81703597],0.010228715292034112
232,GUNCOMMUNITY_W26,CREGION,Midwest,[0.65809765 0.34190235],0.022315963099289977
233,GUNCOMMUNITY_W26,CREGION,Northeast,[0.51046756 0.48953244],0.030730623316307527
234,GUNCOMMUNITY_W26,CREGION,South,[0.68809535 0.31190465],0.006764702414450542
235,GUNCOMMUNITY_W26,CREGION,West,[0.58968034 0.41031966],0.01695833355050071
236,GUNSOCIETY_W26,CREGION,Midwest,[0.41607526 0.58392474],0.012894738200570586
237,GUNSOCIETY_W26,CREGION,Northeast,[0.38472894 0.61527106],0.037696935642951596
238,GUNSOCIETY_W26,CREGION,South,[0.42889861 0.57110139],0.0067938186346545425
239,GUNSOCIETY_W26,CREGION,West,[0.37672056 0.62327944],0.010806765622318339
240,GROWUPGUN1_W26,CREGION,Midwest,[0.5193448  0.39694802 0.08370717],0.002257669521926762
241,GROWUPGUN1_W26,CREGION,Northeast,[0.34615439 0.62425366 0.02959195],0.002445983151665805
242,GROWUPGUN1_W26,CREGION,South,[0.54652632 0.32987501 0.12359868],0.002203613713724876
243,GROWUPGUN1_W26,CREGION,West,[0.48123753 0.42174801 0.09701446],0.0017351886642362371
244,GUNTHREAT_W26,CREGION,Midwest,[0.20078245 0.79921755],0.0023064860138562768
245,GUNTHREAT_W26,CREGION,Northeast,[0.19633174 0.80366826],0.001513258157120811
246,GUNTHREAT_W26,CREGION,South,[0.24259644 0.75740356],0.008252975878268778
247,GUNTHREAT_W26,CREGION,West,[0.2497248 0.7502752],0.0009224180727154228
248,GROWUPGUN4_W26,CREGION,Midwest,[0.23354342 0.45699498 0.30946161 0.        ],0.010508083168337536
249,GROWUPGUN4_W26,CREGION,Northeast,[0.13041544 0.4684736  0.40111096 0.        ],0.0035624208987415262
250,GROWUPGUN4_W26,CREGION,South,[0.29007803 0.43874464 0.27117733 0.        ],0.010116125399565391
251,GROWUPGUN4_W26,CREGION,West,[0.20086221 0.45411878 0.34501901 0.        ],0.008233053533346624
252,GUNACTIVITYD_W26,CREGION,Midwest,[0.01898363 0.04211899 0.14589878 0.7929986 ],0.00234487266715754
253,GUNACTIVITYD_W26,CREGION,Northeast,[0.0016181  0.02870917 0.14905582 0.82061691],0.003648318450200585
254,GUNACTIVITYD_W26,CREGION,South,[0.00955662 0.04492747 0.1069884  0.83852751],0.0035528597781284963
255,GUNACTIVITYD_W26,CREGION,West,[0.00106485 0.03673229 0.13944437 0.8227585 ],0.0018785715178607529
256,GUN1_W26,CREGION,Midwest,[0.32320598 0.67679402],0.01596924952831118
257,GUN1_W26,CREGION,Northeast,[0.15394174 0.84605826],0.0045594821522854595
258,GUN1_W26,CREGION,South,[0.31026559 0.68973441],0.019493508869464635
259,GUN1_W26,CREGION,West,[0.30392639 0.69607361],0.00806771449891776
260,GUNSAFETYKIDS_W26,CREGION,Midwest,[0.68331304 0.31585179 0.00083516],0.0
261,GUNSAFETYKIDS_W26,CREGION,Northeast,[0.40242215 0.57819629 0.01938156],0.0
262,GUNSAFETYKIDS_W26,CREGION,South,[0.62409851 0.37590149 0.        ],0.0
263,GUNSAFETYKIDS_W26,CREGION,West,[0.58890548 0.398616   0.01247851],0.0
264,GUNACTIVITYC_W26,CREGION,Midwest,[0.01410653 0.0564037  0.12650404 0.80298573],0.0018782622289560688
265,GUNACTIVITYC_W26,CREGION,Northeast,[0.01705888 0.05573166 0.1209203  0.80628915],0.010629076410826204
266,GUNACTIVITYC_W26,CREGION,South,[0.01282101 0.06019521 0.1294438  0.79753998],0.003944077873354884
267,GUNACTIVITYC_W26,CREGION,West,[0.01030917 0.06110491 0.1372516  0.79133432],0.006093619557399716
268,EVERSHOT_W26,CREGION,Midwest,[0.77488804 0.22511196],0.0010939504476565683
269,EVERSHOT_W26,CREGION,Northeast,[0.6129642 0.3870358],0.001876742906844008
270,EVERSHOT_W26,CREGION,South,[0.75074831 0.24925169],0.0017333222476623314
271,EVERSHOT_W26,CREGION,West,[0.73707143 0.26292857],0.002090040150444448
272,GUNACCESS_W26,CREGION,Midwest,[0.39486294 0.14721101 0.09428161 0.36364443],0.006532196790642703
273,GUNACCESS_W26,CREGION,Northeast,[0.24552725 0.11659718 0.07681157 0.56106399],0.0
274,GUNACCESS_W26,CREGION,South,[0.46821158 0.16821245 0.14546598 0.21810999],0.002819855729739327
275,GUNACCESS_W26,CREGION,West,[0.27700998 0.22049595 0.13114712 0.37134695],0.0015058654555402335
276,GUNLOADED2_W26,CREGION,Midwest,[0.11782044 0.88217956],0.006740633382841054
277,GUNLOADED2_W26,CREGION,Northeast,[0.15293314 0.84706686],0.0
278,GUNLOADED2_W26,CREGION,South,[0.54759908 0.45240092],0.0
279,GUNLOADED2_W26,CREGION,West,[0.16598423 0.83401577],0.017274000566704598
280,GUNIDENTITY_W26,CREGION,Midwest,[0.27084822 0.23767748 0.28955242 0.20192189],0.0
281,GUNIDENTITY_W26,CREGION,Northeast,[0.12572123 0.22858781 0.34714328 0.29854767],0.0
282,GUNIDENTITY_W26,CREGION,South,[0.26984226 0.24416313 0.2977146  0.18828   ],0.01291568202239279
283,GUNIDENTITY_W26,CREGION,West,[0.22563235 0.24244685 0.32500933 0.20691147],0.0
284,WORRYB_W26,CREGION,Midwest,[0.11891764 0.46053531 0.42054705],0.0008789358996916887
285,WORRYB_W26,CREGION,Northeast,[0.14491682 0.42151251 0.43357067],0.0
286,WORRYB_W26,CREGION,South,[0.17361505 0.4286664  0.39771856],0.0008021450611817954
287,WORRYB_W26,CREGION,West,[0.16436395 0.39188414 0.44375192],0.0018024826254225024
288,WORRYF_W26,CREGION,Midwest,[0.13210221 0.30637207 0.56152571],0.00020348261103978184
289,WORRYF_W26,CREGION,Northeast,[0.09777584 0.45428885 0.44793532],0.0022341754013320146
290,WORRYF_W26,CREGION,South,[0.13049422 0.38543773 0.48406804],0.002134467918574715
291,WORRYF_W26,CREGION,West,[0.09043961 0.35937445 0.55018594],0.0
292,WORRYG_W26,CREGION,Midwest,[0.2560187  0.55129952 0.19268179],0.0
293,WORRYG_W26,CREGION,Northeast,[0.33394289 0.52998351 0.1360736 ],0.0017358451012580037
294,WORRYG_W26,CREGION,South,[0.29309807 0.51457653 0.19232541],0.0008859395642717196
295,WORRYG_W26,CREGION,West,[0.28176755 0.55813328 0.16009917],0.004248118239220101
296,GUNCONTRIBD_W26,CREGION,Midwest,[0.24916594 0.44623676 0.24286354 0.06173376],0.02150871020864106
297,GUNCONTRIBD_W26,CREGION,Northeast,[0.25404543 0.49441841 0.19385993 0.05767623],0.0
298,GUNCONTRIBD_W26,CREGION,South,[0.26511375 0.36029244 0.26380607 0.11078775],0.004257485239474731
299,GUNCONTRIBD_W26,CREGION,West,[0.1883379  0.45867436 0.28628542 0.06670231],0.0006603255877966408
300,CRIMEVICTIM_W26,CREGION,Midwest,[0.21973809 0.78026191],0.003949966451130106
301,CRIMEVICTIM_W26,CREGION,Northeast,[0.18779817 0.81220183],0.0025421991903429673
302,CRIMEVICTIM_W26,CREGION,South,[0.19486205 0.80513795],0.0043996843169551506
303,CRIMEVICTIM_W26,CREGION,West,[0.23109363 0.76890637],0.001613726532586997
304,REASONGUND_W26,CREGION,Midwest,[0.1576196  0.27731852 0.56506188],0.008283701272868252
305,REASONGUND_W26,CREGION,Northeast,[0.13700811 0.22607467 0.63691723],0.0
306,REASONGUND_W26,CREGION,South,[0.10616486 0.29544741 0.59838773],0.005455029703332484
307,REASONGUND_W26,CREGION,West,[0.13460907 0.31159012 0.5538008 ],0.0
308,REASONGUNA_W26,CREGION,Midwest,[0.58944171 0.32392319 0.0866351 ],0.007006945504791139
309,REASONGUNA_W26,CREGION,Northeast,[0.55094263 0.23344222 0.21561515],0.0
310,REASONGUNA_W26,CREGION,South,[0.74503283 0.19503547 0.05993169],0.0
311,REASONGUNA_W26,CREGION,West,[0.70053797 0.24940365 0.05005838],0.0
0,IMPREASONGUN_W26,AGE,18-29,[0.51615234 0.325648   0.10036254 0.01720873 0.04062838],0.0
1,IMPREASONGUN_W26,AGE,30-49,[0.45481063 0.25918312 0.18728991 0.02115876 0.07755758],0.0
2,IMPREASONGUN_W26,AGE,50-64,[0.4624286  0.35209131 0.08623894 0.0742755  0.02496566],0.008957348209365626
3,IMPREASONGUN_W26,AGE,65+,[0.61900102 0.23137952 0.07919585 0.06938499 0.00103862],0.00259094526028816
4,GUNLOCKED2_W26,AGE,18-29,[0.73975977 0.26024023],0.0
5,GUNLOCKED2_W26,AGE,30-49,[0.46506327 0.53493673],0.0
6,GUNLOCKED2_W26,AGE,50-64,[0.48648023 0.51351977],0.0
7,GUNLOCKED2_W26,AGE,65+,[0.21107126 0.78892874],0.0
8,GUNRESPNOKIDSA_W26,AGE,18-29,[0.54258558 0.29168753 0.10446076 0.06126614],0.0009130054224749199
9,GUNRESPNOKIDSA_W26,AGE,30-49,[0.58487183 0.28152659 0.12638604 0.00721554],0.01044146665487814
10,GUNRESPNOKIDSA_W26,AGE,50-64,[0.59372225 0.23683196 0.13137399 0.0380718 ],0.004135522844449255
11,GUNRESPNOKIDSA_W26,AGE,65+,[0.62374229 0.26292813 0.09585623 0.01747334],0.002646509550170804
12,GUNASSOCIATIONA_W26,AGE,18-29,[0.15319151 0.84680849],0.0
13,GUNASSOCIATIONA_W26,AGE,30-49,[0.13826084 0.86173916],0.0
14,GUNASSOCIATIONA_W26,AGE,50-64,[0.11431954 0.88568046],0.0
15,GUNASSOCIATIONA_W26,AGE,65+,[0.05786835 0.94213165],0.004233146262933303
16,GUNACTIVITYB_W26,AGE,18-29,[0.05512942 0.22780704 0.27305906 0.44400448],0.0008379135594531736
17,GUNACTIVITYB_W26,AGE,30-49,[0.06116114 0.21578728 0.24910721 0.47394437],0.0021850896479568157
18,GUNACTIVITYB_W26,AGE,50-64,[0.05000655 0.26232251 0.22526913 0.4624018 ],0.0018447233467188402
19,GUNACTIVITYB_W26,AGE,65+,[0.05148011 0.19657358 0.23449133 0.51745497],0.014510721916062477
20,GUNSAFE2_W26,AGE,18-29,[0.30827509 0.23716363 0.45456128],0.0
21,GUNSAFE2_W26,AGE,30-49,[0.3210024  0.20563646 0.47336114],0.0015933976578964564
22,GUNSAFE2_W26,AGE,50-64,[0.25599971 0.16533054 0.57866975],0.0009583552773788737
23,GUNSAFE2_W26,AGE,65+,[0.2455724  0.17527375 0.57915385],0.0034665195511159133
24,GUN_W26,AGE,18-29,[0.27832578 0.72167422],0.0
25,GUN_W26,AGE,30-49,[0.27280583 0.72719417],0.0070137349334171255
26,GUN_W26,AGE,50-64,[0.34521628 0.65478372],0.012715396755383255
27,GUN_W26,AGE,65+,[0.34135138 0.65864862],0.01351662726593641
28,GUNRESPKIDSF_W26,AGE,18-29,[0.65000597 0.24034691 0.07933228 0.03031484],0.0012325470469807076
29,GUNRESPKIDSF_W26,AGE,30-49,[0.59065414 0.29248549 0.07726689 0.03959348],0.00580324481007538
30,GUNRESPKIDSF_W26,AGE,50-64,[0.60474599 0.27509795 0.09182324 0.02833282],0.00502946267395556
31,GUNRESPKIDSF_W26,AGE,65+,[0.64838408 0.26916159 0.06032935 0.02212498],0.010997163269627212
32,WORRYA_W26,AGE,18-29,[0.25342192 0.45644279 0.29013529],0.0009660549207966447
33,WORRYA_W26,AGE,30-49,[0.17536278 0.57665102 0.2479862 ],0.0
34,WORRYA_W26,AGE,50-64,[0.20225225 0.56224307 0.23550468],0.0
35,WORRYA_W26,AGE,65+,[0.15251376 0.54613661 0.30134963],0.000730431334669804
36,GUNCONTRIBC_W26,AGE,18-29,[0.1621241  0.24870247 0.44934488 0.13982855],0.0
37,GUNCONTRIBC_W26,AGE,30-49,[0.16855542 0.29258411 0.40282258 0.13603789],0.011295995524219088
38,GUNCONTRIBC_W26,AGE,50-64,[0.32156488 0.32360993 0.31124832 0.04357687],0.004349269235607317
39,GUNCONTRIBC_W26,AGE,65+,[0.42501679 0.35553154 0.16973661 0.04971507],0.0019245959435008465
40,WORRYD_W26,AGE,18-29,[0.39261011 0.42377843 0.18361146],0.0
41,WORRYD_W26,AGE,30-49,[0.36740772 0.40248227 0.23011001],0.004279715918395936
42,WORRYD_W26,AGE,50-64,[0.39009431 0.37670925 0.23319644],0.004141018550959594
43,WORRYD_W26,AGE,65+,[0.15220674 0.43309643 0.41469683],0.004474871695293851
44,NOCARRYGUN_W26,AGE,18-29,[0.59951877 0.40048123],0.0
45,NOCARRYGUN_W26,AGE,30-49,[0.56865587 0.43134413],0.0
46,NOCARRYGUN_W26,AGE,50-64,[0.62357123 0.37642877],0.0
47,NOCARRYGUN_W26,AGE,65+,[0.69770723 0.30229277],0.0
48,GUNACTIVITYE_W26,AGE,18-29,[0.03051912 0.0758871  0.13653969 0.75705409],0.001295351334726261
49,GUNACTIVITYE_W26,AGE,30-49,[0.00915553 0.08368029 0.14319356 0.76397062],0.0022378868844523023
50,GUNACTIVITYE_W26,AGE,50-64,[0.01284471 0.1140366  0.15262291 0.72049578],0.002315290429906379
51,GUNACTIVITYE_W26,AGE,65+,[0.00210033 0.05866769 0.13329727 0.80593471],0.004635762619646055
52,GUNRESPKIDSA_W26,AGE,18-29,[0.88308987 0.11037838 0.00653175 0.        ],0.0012325470469807074
53,GUNRESPKIDSA_W26,AGE,30-49,[0.81300571 0.16526506 0.01582123 0.00590801],0.0111431772623577
54,GUNRESPKIDSA_W26,AGE,50-64,[0.77662997 0.18443555 0.0344867  0.00444778],0.0013877307850882798
55,GUNRESPKIDSA_W26,AGE,65+,[0.8153448  0.13271721 0.04215851 0.00977948],0.0011532523432723118
56,GUNLOADED1_W26,AGE,18-29,[0.14424012 0.32011301 0.53564687],0.007010494220233886
57,GUNLOADED1_W26,AGE,30-49,[0.15004155 0.43239568 0.41756277],0.007354631897936457
58,GUNLOADED1_W26,AGE,50-64,[0.11947226 0.40078077 0.47974697],0.008044777102957274
59,GUNLOADED1_W26,AGE,65+,[0.17762737 0.35304192 0.46933071],0.04047004111986694
60,GUNLOCKED1_W26,AGE,18-29,[0.53492711 0.19853103 0.26654186],0.005084016681297549
61,GUNLOCKED1_W26,AGE,30-49,[0.46008383 0.31887445 0.22104173],0.005523533811944495
62,GUNLOCKED1_W26,AGE,50-64,[0.33813577 0.32208535 0.33977889],0.004423295473446786
63,GUNLOCKED1_W26,AGE,65+,[0.33591502 0.19484726 0.46923772],0.034610592254128845
64,GROWUPGUN2B_W26,AGE,18-29,[0.50031117 0.49968883],0.0
65,GROWUPGUN2B_W26,AGE,30-49,[0.59112114 0.40887886],0.00047533122579566337
66,GROWUPGUN2B_W26,AGE,50-64,[0.74123222 0.25876778],0.009052996795434122
67,GROWUPGUN2B_W26,AGE,65+,[0.83861457 0.16138543],0.002410735760298696
68,GUNCONTRIBB_W26,AGE,18-29,[0.39637525 0.39585425 0.140474   0.06729651],0.0
69,GUNCONTRIBB_W26,AGE,30-49,[0.5586133  0.32090109 0.0816886  0.03879701],0.006712100977743052
70,GUNCONTRIBB_W26,AGE,50-64,[0.52086646 0.34926348 0.07710848 0.05276158],0.0071581102398401335
71,GUNCONTRIBB_W26,AGE,65+,[0.65893547 0.24763641 0.04803624 0.04539188],0.0019317913260543393
72,GROWUPGUN6_W26,AGE,18-29,[0.06464966 0.13904801 0.32081084 0.47549148],0.006748762469403077
73,GROWUPGUN6_W26,AGE,30-49,[0.06808   0.2084766 0.2409032 0.4825402],0.0
74,GROWUPGUN6_W26,AGE,50-64,[0.05771589 0.23393621 0.19308138 0.51526653],0.002153258635399205
75,GROWUPGUN6_W26,AGE,65+,[0.06381461 0.17240747 0.22499947 0.53877845],0.005827389192580548
76,CARRYGUN_W26,AGE,18-29,[0.16526401 0.15775547 0.3939092  0.28307133],0.0
77,CARRYGUN_W26,AGE,30-49,[0.09301725 0.14344234 0.33506065 0.42847976],0.003997553928541324
78,CARRYGUN_W26,AGE,50-64,[0.15949797 0.15913263 0.26306239 0.41830702],0.0
79,CARRYGUN_W26,AGE,65+,[0.08075727 0.14245956 0.28910758 0.48767559],0.0007332179151032491
80,GUNCOURSES_W26,AGE,18-29,[0.34569337 0.65430663],0.0
81,GUNCOURSES_W26,AGE,30-49,[0.3472342 0.6527658],0.0033972407505891192
82,GUNCOURSES_W26,AGE,50-64,[0.33124482 0.66875518],0.0028031621829658544
83,GUNCOURSES_W26,AGE,65+,[0.3797355 0.6202645],0.006072360939588604
84,GUNFRIEND_W26,AGE,18-29,[0.17646899 0.47254472 0.35098629 0.        ],0.0
85,GUNFRIEND_W26,AGE,30-49,[0.25983676 0.47756926 0.26259398 0.        ],0.0009790815756259709
86,GUNFRIEND_W26,AGE,50-64,[0.29948923 0.40893213 0.29157864 0.        ],0.007337500743701789
87,GUNFRIEND_W26,AGE,65+,[0.25663555 0.40214391 0.34122054 0.        ],0.004719803681060048
88,GUNRESPKIDSB_W26,AGE,18-29,[0.64174635 0.27590707 0.04754012 0.03480646],0.0012325470469807076
89,GUNRESPKIDSB_W26,AGE,30-49,[0.60084014 0.27084853 0.09096042 0.03735091],0.0041392368940686205
90,GUNRESPKIDSB_W26,AGE,50-64,[0.64483772 0.22214551 0.08338621 0.04963055],0.001902861947191812
91,GUNRESPKIDSB_W26,AGE,65+,[0.68702077 0.21274736 0.0555143  0.04471757],0.011032448853793606
92,WORLDDANGER_W26,AGE,18-29,[0.1605632  0.48554976 0.35388704],0.008181921549477788
93,WORLDDANGER_W26,AGE,30-49,[0.12107631 0.64219027 0.23673342],0.008363782793397128
94,WORLDDANGER_W26,AGE,50-64,[0.06099346 0.81162578 0.12738075],0.0021954233792906277
95,WORLDDANGER_W26,AGE,65+,[0.01915143 0.84879088 0.13205768],0.002978554021315691
96,GUNKILLF2_W26,AGE,18-29,[0.75979207 0.24020793],0.0012325470469807074
97,GUNKILLF2_W26,AGE,30-49,[0.77112917 0.22887083],0.0032583868103694324
98,GUNKILLF2_W26,AGE,50-64,[0.7348598 0.2651402],0.0028397966380122298
99,GUNKILLF2_W26,AGE,65+,[0.72044739 0.27955261],0.0005584919410756553
100,GUNRESPNOKIDSB_W26,AGE,18-29,[0.48619993 0.26836483 0.19605924 0.04937599],0.0015663358129544569
101,GUNRESPNOKIDSB_W26,AGE,30-49,[0.43263347 0.30279422 0.15098119 0.11359112],0.015141770068826109
102,GUNRESPNOKIDSB_W26,AGE,50-64,[0.49336476 0.26753373 0.14550547 0.09359604],0.012009917789647247
103,GUNRESPNOKIDSB_W26,AGE,65+,[0.52781851 0.27879735 0.09609063 0.09729351],0.00852055833385279
104,GROWUPGUN2A_W26,AGE,18-29,[0.81318003 0.18681997],0.0016323219446546869
105,GROWUPGUN2A_W26,AGE,30-49,[0.67642307 0.32357693],0.001968927762421507
106,GROWUPGUN2A_W26,AGE,50-64,[0.58303927 0.41696073],0.0031033259162553664
107,GROWUPGUN2A_W26,AGE,65+,[0.32502714 0.67497286],0.0032777672047842286
108,REASONGUNC_W26,AGE,18-29,[0.38546264 0.28340151 0.33113585],0.0072838516368190775
109,REASONGUNC_W26,AGE,30-49,[0.32859635 0.43324894 0.23815471],0.0011261066902682857
110,REASONGUNC_W26,AGE,50-64,[0.26214812 0.4203166  0.31753528],0.002670710280077116
111,REASONGUNC_W26,AGE,65+,[0.26214557 0.34482879 0.39302564],0.004664504414198801
112,SHOOTFREQ_W26,AGE,18-29,[0.06715    0.27077717 0.3451722  0.31690063],0.0
113,SHOOTFREQ_W26,AGE,30-49,[0.04683946 0.21357749 0.32844825 0.4111348 ],0.007599099097343202
114,SHOOTFREQ_W26,AGE,50-64,[0.0610062  0.18439733 0.25614407 0.4984524 ],0.0028775061326787033
115,SHOOTFREQ_W26,AGE,65+,[0.02283538 0.13410217 0.24565518 0.59740727],0.003925054135406757
116,GROWUPVIOL_W26,AGE,18-29,[0.09570074 0.17359899 0.26076276 0.46993751],0.0
117,GROWUPVIOL_W26,AGE,30-49,[0.04927845 0.13199689 0.2903511  0.52837355],0.008708136392675451
118,GROWUPVIOL_W26,AGE,50-64,[0.03038762 0.07649063 0.22591125 0.6672105 ],0.0018752899743906806
119,GROWUPVIOL_W26,AGE,65+,[0.01216018 0.03111394 0.22517495 0.73155093],0.003761013258299955
120,REASONGUNB_W26,AGE,18-29,[0.49854993 0.23123657 0.2702135 ],0.007283851636819076
121,REASONGUNB_W26,AGE,30-49,[0.36910637 0.19222629 0.43866734],0.0
122,REASONGUNB_W26,AGE,50-64,[0.39278003 0.2503729  0.35684707],0.000566006960639177
123,REASONGUNB_W26,AGE,65+,[0.26934067 0.24731105 0.48334828],0.0017477657210366493
124,WORRYC_W26,AGE,18-29,[0.20859997 0.41140398 0.37999606],0.0
125,WORRYC_W26,AGE,30-49,[0.2051658  0.47646794 0.31836627],0.0005085659337361377
126,WORRYC_W26,AGE,50-64,[0.15258678 0.42202174 0.42539148],0.0055880119942249675
127,WORRYC_W26,AGE,65+,[0.02800499 0.27197546 0.70001955],0.008888898804524184
128,MARGUN_W26,AGE,18-29,[0.91149318 0.08850682],0.0
129,MARGUN_W26,AGE,30-49,[0.83183494 0.16816506],0.001981481170983507
130,MARGUN_W26,AGE,50-64,[0.88058528 0.11941472],0.004151991063347836
131,MARGUN_W26,AGE,65+,[0.90682489 0.09317511],0.009096599988807902
132,NEVEROWN_W26,AGE,18-29,[0.74517099 0.25482901],0.007283851636819076
133,NEVEROWN_W26,AGE,30-49,[0.7483373 0.2516627],0.0006303622218030998
134,NEVEROWN_W26,AGE,50-64,[0.76778056 0.23221944],0.0022771589802586586
135,NEVEROWN_W26,AGE,65+,[0.68365676 0.31634324],0.007871825383453582
136,GUNRESPKIDSC_W26,AGE,18-29,[0.76631976 0.19841752 0.01777784 0.01748488],0.0026510960369724346
137,GUNRESPKIDSC_W26,AGE,30-49,[0.74711377 0.22629782 0.01802161 0.0085668 ],0.003233297524842002
138,GUNRESPKIDSC_W26,AGE,50-64,[0.67469331 0.29049809 0.02858148 0.00622712],0.003634146953243373
139,GUNRESPKIDSC_W26,AGE,65+,[0.69826857 0.26080902 0.02920645 0.01171595],0.008003814770577843
140,REASONGUNE_W26,AGE,18-29,[0.10627506 0.15275857 0.74096636],0.007283851636819077
141,REASONGUNE_W26,AGE,30-49,[0.08519637 0.07959168 0.83521195],0.0
142,REASONGUNE_W26,AGE,50-64,[0.05679913 0.08929306 0.85390781],0.00299377981034644
143,REASONGUNE_W26,AGE,65+,[0.08916991 0.082888   0.82794209],0.014777664847176908
144,GUNRESPNOKIDSG_W26,AGE,18-29,[0.3930491  0.40733205 0.13632845 0.0632904 ],0.0009130054224749201
145,GUNRESPNOKIDSG_W26,AGE,30-49,[0.54738217 0.32129094 0.12727956 0.00404733],0.011420221243039458
146,GUNRESPNOKIDSG_W26,AGE,50-64,[0.46540108 0.40315725 0.11499886 0.0164428 ],0.0030457043904238857
147,GUNRESPNOKIDSG_W26,AGE,65+,[0.51313638 0.36129462 0.10332302 0.02224598],0.006023515415832869
148,GUNCONTRIBE_W26,AGE,18-29,[0.14708503 0.28707817 0.31490816 0.25092864],0.0
149,GUNCONTRIBE_W26,AGE,30-49,[0.24855203 0.26468085 0.32696433 0.15980279],0.003879908049956816
150,GUNCONTRIBE_W26,AGE,50-64,[0.309209   0.36516615 0.25145243 0.07417241],0.0024050286551306694
151,GUNCONTRIBE_W26,AGE,65+,[0.42384653 0.38689925 0.16517712 0.0240771 ],0.010838691445470052
152,GUNKILLF1_W26,AGE,18-29,[0.69172374 0.30827626],0.02907186958537883
153,GUNKILLF1_W26,AGE,30-49,[0.75390347 0.24609653],0.002757645840296077
154,GUNKILLF1_W26,AGE,50-64,[0.78544345 0.21455655],0.0023330360678383236
155,GUNKILLF1_W26,AGE,65+,[0.72149656 0.27850344],0.03889586297593118
156,GUNCONTRIBF_W26,AGE,18-29,[0.27527189 0.47141055 0.21981305 0.03350451],0.0
157,GUNCONTRIBF_W26,AGE,30-49,[0.29236768 0.44600524 0.22857759 0.0330495 ],0.007953458038946542
158,GUNCONTRIBF_W26,AGE,50-64,[0.27334209 0.44354162 0.25235089 0.0307654 ],0.002848172194854621
159,GUNCONTRIBF_W26,AGE,65+,[0.34487677 0.42571831 0.19475929 0.03464563],0.005996059202587369
160,DEFENDGUN_W26,AGE,18-29,[0.08188579 0.91811421],0.0043883904838241915
161,DEFENDGUN_W26,AGE,30-49,[0.06738502 0.93261498],0.0014185454073334834
162,DEFENDGUN_W26,AGE,50-64,[0.0776003 0.9223997],0.0036566863577900213
163,DEFENDGUN_W26,AGE,65+,[0.06143681 0.93856319],0.005682590727507449
164,GUNRESPNOKIDSC_W26,AGE,18-29,[0.69801936 0.21208244 0.06304687 0.02685134],0.0009130054224749201
165,GUNRESPNOKIDSC_W26,AGE,30-49,[0.69857964 0.23882282 0.0535701  0.00902744],0.011991789512709844
166,GUNRESPNOKIDSC_W26,AGE,50-64,[0.64435391 0.251369   0.09408724 0.01018985],0.0027329180886474535
167,GUNRESPNOKIDSC_W26,AGE,65+,[0.68776804 0.24862043 0.06143757 0.00217396],0.009749135528034759
168,GUNRESPKIDSD_W26,AGE,18-29,[0.16863306 0.23828211 0.35950847 0.23357636],0.0026039948795166684
169,GUNRESPKIDSD_W26,AGE,30-49,[0.16355877 0.27322612 0.36333283 0.19988228],0.0018631043810432158
170,GUNRESPKIDSD_W26,AGE,50-64,[0.19211058 0.27859517 0.3188225  0.21047174],0.0
171,GUNRESPKIDSD_W26,AGE,65+,[0.16271244 0.24396643 0.32404045 0.26928068],0.004087735193635537
172,GUNRESPKIDSE_W26,AGE,18-29,[0.44411933 0.34162961 0.17503036 0.03922071],0.0
173,GUNRESPKIDSE_W26,AGE,30-49,[0.40801144 0.31820015 0.20770956 0.06607885],0.015047378828905082
174,GUNRESPKIDSE_W26,AGE,50-64,[0.40921255 0.27575115 0.21865535 0.09638095],0.004069168446705316
175,GUNRESPKIDSE_W26,AGE,65+,[0.4353584  0.30467854 0.19195372 0.06800934],0.0062803322385343125
176,GROWUPGUN2C_W26,AGE,18-29,[0.460138 0.539862],0.0
177,GROWUPGUN2C_W26,AGE,30-49,[0.52077348 0.47922652],0.00047533122579566337
178,GROWUPGUN2C_W26,AGE,50-64,[0.43812451 0.56187549],0.005406155283501412
179,GROWUPGUN2C_W26,AGE,65+,[0.38512291 0.61487709],0.0028948053215191913
180,GUNRESPNOKIDSF_W26,AGE,18-29,[0.36984664 0.33629968 0.20746383 0.08638985],0.0028571544503446364
181,GUNRESPNOKIDSF_W26,AGE,30-49,[0.40282325 0.32549779 0.18452573 0.08715323],0.011260098560291976
182,GUNRESPNOKIDSF_W26,AGE,50-64,[0.45840808 0.26673622 0.16789053 0.10696518],0.012968902028222429
183,GUNRESPNOKIDSF_W26,AGE,65+,[0.4816924  0.34658816 0.14353328 0.02818617],0.009234982900849694
184,GUNRESPKIDSH_W26,AGE,18-29,[0.90130572 0.06811741 0.01387975 0.01669712],0.0012325470469807074
185,GUNRESPKIDSH_W26,AGE,30-49,[0.90287324 0.06516763 0.02296062 0.00899851],0.003973031728940578
186,GUNRESPKIDSH_W26,AGE,50-64,[0.9218002  0.07309045 0.00384937 0.00125999],0.011906521311494287
187,GUNRESPKIDSH_W26,AGE,65+,[0.92500932 0.0456493  0.02665815 0.00268323],0.002051000144019865
188,GUNRESPKIDSG_W26,AGE,18-29,[0.49729056 0.35390071 0.13173076 0.01707796],0.0012325470469807076
189,GUNRESPKIDSG_W26,AGE,30-49,[0.48505814 0.36547379 0.13397238 0.01549569],0.012311752201696564
190,GUNRESPKIDSG_W26,AGE,50-64,[0.44689639 0.4063026  0.11554656 0.03125445],0.0013895207792680227
191,GUNRESPKIDSG_W26,AGE,65+,[0.45187007 0.37298662 0.1229619  0.05218141],0.015276020607803224
192,WORRYE_W26,AGE,18-29,[0.15690708 0.56321476 0.27987817],0.0
193,WORRYE_W26,AGE,30-49,[0.13391451 0.53207831 0.33400718],0.002019893276508079
194,WORRYE_W26,AGE,50-64,[0.12559109 0.56443517 0.30997374],0.0
195,WORRYE_W26,AGE,65+,[0.08617339 0.50461681 0.4092098 ],0.00209947592686722
196,GUNSAFE_W26,AGE,18-29,[0.75449219 0.03638087 0.20912694],0.004675149737364282
197,GUNSAFE_W26,AGE,30-49,[0.67162027 0.05418387 0.27419586],0.0009715037081524542
198,GUNSAFE_W26,AGE,50-64,[0.68965895 0.02183716 0.28850389],0.002767466233947952
199,GUNSAFE_W26,AGE,65+,[0.63075069 0.02366713 0.34558218],0.0
200,GUNCONTRIBA_W26,AGE,18-29,[0.27679662 0.32053992 0.30322638 0.09943708],0.0004574377752730874
201,GUNCONTRIBA_W26,AGE,30-49,[0.31702899 0.25228029 0.26115933 0.16953139],0.012439740239603987
202,GUNCONTRIBA_W26,AGE,50-64,[0.25208317 0.32950382 0.27372101 0.144692  ],0.00129074675408167
203,GUNCONTRIBA_W26,AGE,65+,[0.37015545 0.273856   0.26051602 0.09547254],0.005341436570638869
204,GUNACTIVITYA_W26,AGE,18-29,[0.03874888 0.15195059 0.21117262 0.59812791],0.0004574377752730874
205,GUNACTIVITYA_W26,AGE,30-49,[0.02970865 0.13499239 0.18917501 0.64612395],0.0016438412646725571
206,GUNACTIVITYA_W26,AGE,50-64,[0.0335782  0.12042782 0.13594097 0.71005302],0.00733002507906766
207,GUNACTIVITYA_W26,AGE,65+,[0.00696097 0.07042461 0.11263522 0.80997921],0.002841043910023556
208,GUNRESPNOKIDSD_W26,AGE,18-29,[0.11014553 0.2790008  0.44888234 0.16197133],0.0
209,GUNRESPNOKIDSD_W26,AGE,30-49,[0.18013164 0.20165819 0.46751246 0.15069771],0.0027653309204650196
210,GUNRESPNOKIDSD_W26,AGE,50-64,[0.15264602 0.17017578 0.42328839 0.25388981],0.004358108639040097
211,GUNRESPNOKIDSD_W26,AGE,65+,[0.24961274 0.19758356 0.36281598 0.18998772],0.003152710847964486
212,GROWUPGUN7_W26,AGE,18-29,[0.14358663 0.22166936 0.29225693 0.34248708],0.001154495478898692
213,GROWUPGUN7_W26,AGE,30-49,[0.18205841 0.25822876 0.23672136 0.32299147],0.0014185454073334834
214,GROWUPGUN7_W26,AGE,50-64,[0.13932778 0.21302031 0.19761266 0.45003925],0.0020976384248646866
215,GROWUPGUN7_W26,AGE,65+,[0.14554003 0.19552723 0.15362075 0.50531199],0.011920083595486691
216,GUNRESPNOKIDSE_W26,AGE,18-29,[0.42033462 0.32854361 0.17782832 0.07329345],0.00179664671476848
217,GUNRESPNOKIDSE_W26,AGE,30-49,[0.54684569 0.18745751 0.2088717  0.0568251 ],0.018494488964252
218,GUNRESPNOKIDSE_W26,AGE,50-64,[0.48157013 0.16252156 0.21027208 0.14563623],0.0050296415264379415
219,GUNRESPNOKIDSE_W26,AGE,65+,[0.54021633 0.16580277 0.13429504 0.15968586],0.015804504248571685
220,SAFECRIME_W26,AGE,18-29,[0.21483251 0.55544276 0.17307214 0.05665259],0.0
221,SAFECRIME_W26,AGE,30-49,[0.24732652 0.56314544 0.15166434 0.0378637 ],0.0012523082363209287
222,SAFECRIME_W26,AGE,50-64,[0.20315457 0.55731831 0.17956611 0.059961  ],0.004354681390742322
223,SAFECRIME_W26,AGE,65+,[0.22679221 0.62013385 0.11523775 0.03783619],0.01663563573510621
224,GUNTYPEOWNC_W26,AGE,18-29,[0.55204298 0.21082092 0.23713611],0.03129118939818657
225,GUNTYPEOWNC_W26,AGE,30-49,[0.36650877 0.17359042 0.45990081],0.01231634184317219
226,GUNTYPEOWNC_W26,AGE,50-64,[0.4413745  0.20472409 0.35390141],0.01786786078110537
227,GUNTYPEOWNC_W26,AGE,65+,[0.35925406 0.23895701 0.40178893],0.017245761131894095
228,EVEROWN_W26,AGE,18-29,[0.05484484 0.94515516],0.0
229,EVEROWN_W26,AGE,30-49,[0.12224139 0.87775861],0.018337751407348835
230,EVEROWN_W26,AGE,50-64,[0.20420989 0.79579011],0.027334291997636272
231,EVEROWN_W26,AGE,65+,[0.24724016 0.75275984],0.010306119388762138
232,GUNCOMMUNITY_W26,AGE,18-29,[0.57764266 0.42235734],0.008750436298743381
233,GUNCOMMUNITY_W26,AGE,30-49,[0.60829234 0.39170766],0.01634210285810467
234,GUNCOMMUNITY_W26,AGE,50-64,[0.66129699 0.33870301],0.015901246420715873
235,GUNCOMMUNITY_W26,AGE,65+,[0.66413175 0.33586825],0.02831173546282943
236,GUNSOCIETY_W26,AGE,18-29,[0.28376646 0.71623354],0.0036142658999128645
237,GUNSOCIETY_W26,AGE,30-49,[0.36544005 0.63455995],0.014330225881943834
238,GUNSOCIETY_W26,AGE,50-64,[0.48292914 0.51707086],0.010437250866380268
239,GUNSOCIETY_W26,AGE,65+,[0.50895481 0.49104519],0.034307638051166794
240,GROWUPGUN1_W26,AGE,18-29,[0.39338566 0.50061659 0.10599775],0.001209825322673927
241,GROWUPGUN1_W26,AGE,30-49,[0.50376861 0.43195725 0.06427414],0.0021687053271250067
242,GROWUPGUN1_W26,AGE,50-64,[0.53518474 0.36863517 0.09618009],0.0022663056451861924
243,GROWUPGUN1_W26,AGE,65+,[0.50090479 0.38198876 0.11710645],0.0030301445541902577
244,GUNTHREAT_W26,AGE,18-29,[0.19456192 0.80543808],0.004388390483824191
245,GUNTHREAT_W26,AGE,30-49,[0.25851259 0.74148741],0.005886007935116227
246,GUNTHREAT_W26,AGE,50-64,[0.24406761 0.75593239],0.0012464563635158597
247,GUNTHREAT_W26,AGE,65+,[0.18233351 0.81766649],0.004503892485337699
248,GROWUPGUN4_W26,AGE,18-29,[0.19047868 0.46778946 0.34173186 0.        ],0.0
249,GROWUPGUN4_W26,AGE,30-49,[0.23255576 0.48532234 0.2821219  0.        ],0.009188657774393694
250,GROWUPGUN4_W26,AGE,50-64,[0.25021987 0.42095906 0.32882107 0.        ],0.009658933851966593
251,GROWUPGUN4_W26,AGE,65+,[0.23637043 0.41644792 0.34718165 0.        ],0.015417830589560503
252,GUNACTIVITYD_W26,AGE,18-29,[0.0083011  0.05805409 0.16968775 0.76395706],0.0014355935206665487
253,GUNACTIVITYD_W26,AGE,30-49,[0.00767362 0.04635696 0.14979389 0.79617552],0.0027786734599047893
254,GUNACTIVITYD_W26,AGE,50-64,[0.01364475 0.0281172  0.10290197 0.85533608],0.0013487213981446427
255,GUNACTIVITYD_W26,AGE,65+,[6.09556554e-04 2.22909656e-02 9.07234316e-02 8.86376046e-01],0.00718190344187202
256,GUN1_W26,AGE,18-29,[0.3396527 0.6603473],0.008321191240056564
257,GUN1_W26,AGE,30-49,[0.24721246 0.75278754],0.007763458031383099
258,GUN1_W26,AGE,50-64,[0.30893245 0.69106755],0.020846297820529415
259,GUN1_W26,AGE,65+,[0.24010434 0.75989566],0.018116462720438393
260,GUNSAFETYKIDS_W26,AGE,18-29,[0.48081282 0.50837703 0.01081015],0.0
261,GUNSAFETYKIDS_W26,AGE,30-49,[0.57578673 0.41851043 0.00570284],0.0
262,GUNSAFETYKIDS_W26,AGE,50-64,[0.76588024 0.23232648 0.00179328],0.0
263,GUNSAFETYKIDS_W26,AGE,65+,[0.72865982 0.25706463 0.01427555],0.0
264,GUNACTIVITYC_W26,AGE,18-29,[0.01248373 0.06375231 0.11231074 0.81145322],0.001295351334726261
265,GUNACTIVITYC_W26,AGE,30-49,[0.00783475 0.06020627 0.10918836 0.82277062],0.0021416082922322307
266,GUNACTIVITYC_W26,AGE,50-64,[0.02917035 0.07101917 0.14711543 0.75269506],0.002249268533306182
267,GUNACTIVITYC_W26,AGE,65+,[0.00093736 0.03264652 0.15790707 0.80850906],0.0195955408806694
268,EVERSHOT_W26,AGE,18-29,[0.64685328 0.35314672],0.0008451334322187777
269,EVERSHOT_W26,AGE,30-49,[0.71369703 0.28630297],0.0006280743216242226
270,EVERSHOT_W26,AGE,50-64,[0.7897123 0.2102877],0.0027427354590928584
271,EVERSHOT_W26,AGE,65+,[0.7502935 0.2497065],0.003116177514447901
272,GUNACCESS_W26,AGE,18-29,[0.28938299 0.21122798 0.20024097 0.29914806],0.007283851636819077
273,GUNACCESS_W26,AGE,30-49,[0.38078399 0.19843822 0.10079433 0.31998345],0.0026500387849932635
274,GUNACCESS_W26,AGE,50-64,[0.46307651 0.13939095 0.09130668 0.30622586],0.0027204864532263716
275,GUNACCESS_W26,AGE,65+,[0.37655517 0.13816983 0.13408718 0.35118782],0.0004801859895377529
276,GUNLOADED2_W26,AGE,18-29,[0.22278957 0.77721043],0.0
277,GUNLOADED2_W26,AGE,30-49,[0.36289249 0.63710751],0.016606687872154892
278,GUNLOADED2_W26,AGE,50-64,[0.43086722 0.56913278],0.0035415977558834796
279,GUNLOADED2_W26,AGE,65+,[0.2480019 0.7519981],0.0
280,GUNIDENTITY_W26,AGE,18-29,[0.2487307  0.26003539 0.40366697 0.08756695],0.0
281,GUNIDENTITY_W26,AGE,30-49,[0.21384628 0.27315967 0.30709414 0.20589991],0.0
282,GUNIDENTITY_W26,AGE,50-64,[0.28108718 0.235006   0.27790644 0.20600038],0.0
283,GUNIDENTITY_W26,AGE,65+,[0.24097387 0.18259127 0.25627826 0.3201566 ],0.027920714644079452
284,WORRYB_W26,AGE,18-29,[0.20924604 0.3550578  0.43569616],0.0
285,WORRYB_W26,AGE,30-49,[0.11820522 0.44127698 0.4405178 ],0.0
286,WORRYB_W26,AGE,50-64,[0.17153791 0.42559287 0.40286922],0.002397081985675226
287,WORRYB_W26,AGE,65+,[0.13402722 0.47855084 0.38742194],0.0014262768891379397
288,WORRYF_W26,AGE,18-29,[0.12809643 0.43388756 0.43801601],0.0
289,WORRYF_W26,AGE,30-49,[0.15162994 0.36659474 0.48177532],0.002019893276508079
290,WORRYF_W26,AGE,50-64,[0.11005441 0.37307943 0.51686617],0.00016290022003108146
291,WORRYF_W26,AGE,65+,[0.04644264 0.33171359 0.62184376],0.0029138098347391166
292,WORRYG_W26,AGE,18-29,[0.29156402 0.4857877  0.22264828],0.0
293,WORRYG_W26,AGE,30-49,[0.30049891 0.52939122 0.17010987],0.0018230543330842693
294,WORRYG_W26,AGE,50-64,[0.29683334 0.55921088 0.14395578],0.003031086274433649
295,WORRYG_W26,AGE,65+,[0.26096037 0.56746685 0.17157278],0.0011249026633737072
296,GUNCONTRIBD_W26,AGE,18-29,[0.2151939  0.43906518 0.27241101 0.07332991],0.0036902422603219717
297,GUNCONTRIBD_W26,AGE,30-49,[0.27522927 0.40045125 0.24940322 0.07491626],0.010441466654878143
298,GUNCONTRIBD_W26,AGE,50-64,[0.20425518 0.46483509 0.25336922 0.07754051],0.003727307713702142
299,GUNCONTRIBD_W26,AGE,65+,[0.26873431 0.39966265 0.22818537 0.10341767],0.00559558867045061
300,CRIMEVICTIM_W26,AGE,18-29,[0.15723638 0.84276362],0.003459400866419877
301,CRIMEVICTIM_W26,AGE,30-49,[0.25579115 0.74420885],0.0019993100982392616
302,CRIMEVICTIM_W26,AGE,50-64,[0.21765717 0.78234283],0.004489425111639261
303,CRIMEVICTIM_W26,AGE,65+,[0.16194961 0.83805039],0.0038205575785598502
304,REASONGUND_W26,AGE,18-29,[0.16691258 0.42903841 0.40404901],0.007283851636819076
305,REASONGUND_W26,AGE,30-49,[0.125587   0.24580136 0.62861164],0.0011261066902682857
306,REASONGUND_W26,AGE,50-64,[0.1148819  0.29782453 0.58729358],0.006035699013659881
307,REASONGUND_W26,AGE,65+,[0.11150123 0.20565809 0.68284068],0.003830924688391165
308,REASONGUNA_W26,AGE,18-29,[0.72510295 0.22098082 0.05391623],0.007283851636819077
309,REASONGUNA_W26,AGE,30-49,[0.69122388 0.23600269 0.07277343],0.0
310,REASONGUNA_W26,AGE,50-64,[0.68155872 0.25063514 0.06780614],0.0006935122676745313
311,REASONGUNA_W26,AGE,65+,[0.62583494 0.25009246 0.12407259],0.0
0,IMPREASONGUN_W26,SEX,Female,[0.51645197 0.34876283 0.09811193 0.0260165  0.01065677],0.0
1,IMPREASONGUN_W26,SEX,Male,[0.49122772 0.27406419 0.12916924 0.05017242 0.05536644],0.004251529601948227
2,GUNLOCKED2_W26,SEX,Female,[0.43431546 0.56568454],0.0
3,GUNLOCKED2_W26,SEX,Male,[0.42700267 0.57299733],0.0
4,GUNRESPNOKIDSA_W26,SEX,Female,[0.64989918 0.23164191 0.08621709 0.03224181],0.007976442712171135
5,GUNRESPNOKIDSA_W26,SEX,Male,[0.5131626  0.30936555 0.15179701 0.02567483],0.002328611708470063
6,GUNASSOCIATIONA_W26,SEX,Female,[0.11398721 0.88601279],0.00230816548483908
7,GUNASSOCIATIONA_W26,SEX,Male,[0.11926886 0.88073114],0.0
8,GUNACTIVITYB_W26,SEX,Female,[0.06463978 0.16936167 0.21076699 0.55523157],0.006198132800155619
9,GUNACTIVITYB_W26,SEX,Male,[0.04461759 0.29038976 0.28227098 0.38272167],0.0018305800433397927
10,GUNSAFE2_W26,SEX,Female,[0.25245449 0.22833597 0.51920954],0.002563573814550618
11,GUNSAFE2_W26,SEX,Male,[0.33190792 0.15812238 0.5099697 ],8.07011892958571e-05
12,GUN_W26,SEX,Female,[0.22269623 0.77730377],0.007650984560415809
13,GUN_W26,SEX,Male,[0.39759699 0.60240301],0.008967485328784922
14,GUNRESPKIDSF_W26,SEX,Female,[0.69989242 0.23567387 0.04407329 0.02036042],0.008023735679794253
15,GUNRESPKIDSF_W26,SEX,Male,[0.53034644 0.31147672 0.1153049  0.04287193],0.003034964693124731
16,WORRYA_W26,SEX,Female,[0.19518092 0.5600127  0.24480638],0.00014212971846066342
17,WORRYA_W26,SEX,Male,[0.19524193 0.52040327 0.2843548 ],0.0005621902967746007
18,GUNCONTRIBC_W26,SEX,Female,[0.30612201 0.33106729 0.29113184 0.07167886],0.008931756183697405
19,GUNCONTRIBC_W26,SEX,Male,[0.19838188 0.27225797 0.40541241 0.12394773],0.0012996700791895292
20,WORRYD_W26,SEX,Female,[0.43035545 0.34155824 0.22808631],0.004490222302347624
21,WORRYD_W26,SEX,Male,[0.23935134 0.47438241 0.28626625],0.0021910103847161758
22,NOCARRYGUN_W26,SEX,Female,[0.6600601 0.3399399],0.0
23,NOCARRYGUN_W26,SEX,Male,[0.58680337 0.41319663],0.0
24,GUNACTIVITYE_W26,SEX,Female,[0.01063471 0.06208277 0.08963542 0.8376471 ],0.0022567329716559675
25,GUNACTIVITYE_W26,SEX,Male,[0.01632359 0.11116809 0.20062855 0.67187978],0.0027817675602493986
26,GUNRESPKIDSA_W26,SEX,Female,[0.87274923 0.10532322 0.01856146 0.00336609],0.004749188918936694
27,GUNRESPKIDSA_W26,SEX,Male,[0.75955915 0.20378249 0.0299048  0.00675357],0.004204870577049935
28,GUNLOADED1_W26,SEX,Female,[0.14948778 0.28845007 0.56206215],0.012465096363385324
29,GUNLOADED1_W26,SEX,Male,[0.13979067 0.48126016 0.37894916],0.014731357085914483
30,GUNLOCKED1_W26,SEX,Female,[0.47894917 0.20218225 0.31886858],0.011944833126950294
31,GUNLOCKED1_W26,SEX,Male,[0.35917262 0.33882699 0.3020004 ],0.008899464280040528
32,GROWUPGUN2B_W26,SEX,Female,[0.63240977 0.36759023],0.0009907055551479863
33,GROWUPGUN2B_W26,SEX,Male,[0.70224333 0.29775667],0.005608439453058564
34,GUNCONTRIBB_W26,SEX,Female,[0.58850786 0.29681431 0.07055431 0.04412352],0.0074104217044211945
35,GUNCONTRIBB_W26,SEX,Male,[0.47257356 0.36733453 0.10407332 0.05601858],0.0013478118079809345
36,GROWUPGUN6_W26,SEX,Female,[0.0408176  0.13974259 0.19411782 0.62532199],0.002190273581834586
37,GROWUPGUN6_W26,SEX,Male,[0.08224289 0.24198701 0.27559461 0.40017548],0.003705507823292592
38,CARRYGUN_W26,SEX,Female,[0.10663549 0.16822341 0.25099914 0.47414195],0.00038503477190816475
39,CARRYGUN_W26,SEX,Male,[0.13219311 0.13918909 0.35285765 0.37576015],0.0021622556873173676
40,GUNCOURSES_W26,SEX,Female,[0.22530276 0.77469724],0.003972228730527115
41,GUNCOURSES_W26,SEX,Male,[0.48327825 0.51672175],0.0019742467389289808
42,GUNFRIEND_W26,SEX,Female,[0.19182352 0.46896434 0.33921214 0.        ],0.0029211704211966334
43,GUNFRIEND_W26,SEX,Male,[0.3142548  0.41866094 0.26708426 0.        ],0.0036136282872471616
44,GUNRESPKIDSB_W26,SEX,Female,[0.7085268  0.2094916  0.04382198 0.03815962],0.006077978579092104
45,GUNRESPKIDSB_W26,SEX,Male,[0.56217277 0.28822772 0.10434058 0.04525893],0.0022314713024226885
46,WORLDDANGER_W26,SEX,Female,[0.06467415 0.73412222 0.20120363],0.005503244144697058
47,WORLDDANGER_W26,SEX,Male,[0.12618165 0.64957038 0.22424797],0.0058229910886493695
48,GUNKILLF2_W26,SEX,Female,[0.72102503 0.27897497],0.002629260914645609
49,GUNKILLF2_W26,SEX,Male,[0.77931783 0.22068217],0.0017519010121748591
50,GUNRESPNOKIDSB_W26,SEX,Female,[0.52081729 0.2899524  0.10170822 0.08752208],0.015037520325811607
51,GUNRESPNOKIDSB_W26,SEX,Male,[0.43002338 0.27216322 0.20130795 0.09650545],0.004782835470790729
52,GROWUPGUN2A_W26,SEX,Female,[0.5916452 0.4083548],0.0016075797182600472
53,GROWUPGUN2A_W26,SEX,Male,[0.61810328 0.38189672],0.0033892954388768434
54,REASONGUNC_W26,SEX,Female,[0.24360264 0.32853329 0.42786406],0.004115370293370066
55,REASONGUNC_W26,SEX,Male,[0.34371037 0.41478883 0.2415008 ],0.003153882372459508
56,SHOOTFREQ_W26,SEX,Female,[0.0303503  0.14768784 0.28658873 0.53537313],0.0026214204228672956
57,SHOOTFREQ_W26,SEX,Male,[0.06715269 0.24627506 0.30133636 0.38523589],0.005294573207963643
58,GROWUPVIOL_W26,SEX,Female,[0.03931356 0.09642441 0.24871315 0.61554888],0.005986268737834035
59,GROWUPVIOL_W26,SEX,Male,[0.05554294 0.11875556 0.26061558 0.56508592],0.0020364470718134886
60,REASONGUNB_W26,SEX,Female,[0.30878229 0.18332871 0.50788901],0.00044922321810661036
61,REASONGUNB_W26,SEX,Male,[0.42453968 0.25666829 0.31879202],0.0028639282827877567
62,WORRYC_W26,SEX,Female,[0.19161383 0.41916377 0.3892224 ],0.0022508484277873565
63,WORRYC_W26,SEX,Male,[0.17152774 0.44573465 0.3827376 ],0.002076348496973256
64,MARGUN_W26,SEX,Female,[0.93885824 0.06114176],0.0015650113854506582
65,MARGUN_W26,SEX,Male,[0.75308711 0.24691289],0.007475364817941619
66,NEVEROWN_W26,SEX,Female,[0.72702835 0.27297165],0.0035525431925398044
67,NEVEROWN_W26,SEX,Male,[0.74845739 0.25154261],0.004144816276018988
68,GUNRESPKIDSC_W26,SEX,Female,[0.77261732 0.20382187 0.01149815 0.01206266],0.005837654314298848
69,GUNRESPKIDSC_W26,SEX,Male,[0.66780363 0.28830721 0.03528805 0.00860112],0.0022899024008025104
70,REASONGUNE_W26,SEX,Female,[0.07966692 0.09520548 0.8251276 ],0.009756345136756458
71,REASONGUNE_W26,SEX,Male,[0.08257364 0.09863925 0.81878711],0.0026946323312920283
72,GUNRESPNOKIDSG_W26,SEX,Female,[0.54723259 0.33410228 0.08582092 0.03284421],0.008192284408370562
73,GUNRESPNOKIDSG_W26,SEX,Male,[0.41893365 0.40699551 0.1612654  0.01280544],0.003501090572283132
74,GUNCONTRIBE_W26,SEX,Female,[0.35420212 0.3327     0.22989094 0.08320694],0.00628578465749834
75,GUNCONTRIBE_W26,SEX,Male,[0.19438854 0.30665839 0.31934135 0.17961171],0.0015076100950622393
76,GUNKILLF1_W26,SEX,Female,[0.74559992 0.25440008],0.02124281379984276
77,GUNKILLF1_W26,SEX,Male,[0.74094616 0.25905384],0.00783766178532072
78,GUNCONTRIBF_W26,SEX,Female,[0.34239956 0.43134319 0.19113376 0.03512348],0.008447945580843814
79,GUNCONTRIBF_W26,SEX,Male,[0.24137287 0.46332693 0.26493658 0.03036363],0.0002827944631873649
80,DEFENDGUN_W26,SEX,Female,[0.05155398 0.94844602],0.002681430203577669
81,DEFENDGUN_W26,SEX,Male,[0.09456087 0.90543913],0.004282394057265909
82,GUNRESPNOKIDSC_W26,SEX,Female,[0.72573113 0.20681625 0.04923604 0.01821657],0.011517700512166948
83,GUNRESPNOKIDSC_W26,SEX,Male,[0.6333715  0.27359451 0.08814277 0.00489122],0.0014748413628922832
84,GUNRESPKIDSD_W26,SEX,Female,[0.1643264  0.27786434 0.3258038  0.23200545],0.002736577757862266
85,GUNRESPKIDSD_W26,SEX,Male,[0.18136011 0.24547547 0.35815316 0.21501126],0.0010723947508724495
86,GUNRESPKIDSE_W26,SEX,Female,[0.5090157  0.30815695 0.1284258  0.05440154],0.003194116717515514
87,GUNRESPKIDSE_W26,SEX,Male,[0.32175919 0.31159556 0.28221454 0.08443071],0.012031079258992702
88,GROWUPGUN2C_W26,SEX,Female,[0.39739682 0.60260318],0.002550465484033566
89,GROWUPGUN2C_W26,SEX,Male,[0.52307531 0.47692469],0.002071461458416359
90,GUNRESPNOKIDSF_W26,SEX,Female,[0.49982068 0.29985302 0.14098426 0.05934205],0.012615726166126532
91,GUNRESPNOKIDSF_W26,SEX,Male,[0.34175919 0.33411416 0.21784657 0.10628008],0.00609810513821567
92,GUNRESPKIDSH_W26,SEX,Female,[0.90703315 0.07030221 0.01974322 0.00292142],0.008684430146105992
93,GUNRESPKIDSH_W26,SEX,Male,[0.91714759 0.05776983 0.01311002 0.01197256],0.0014910094712892665
94,GUNRESPKIDSG_W26,SEX,Female,[0.51375923 0.3298822  0.1211741  0.03518446],0.011741817742651072
95,GUNRESPKIDSG_W26,SEX,Male,[0.42512847 0.42456712 0.13181192 0.01849249],0.003044738200848051
96,WORRYE_W26,SEX,Female,[0.17351119 0.55519371 0.2712951 ],0.0020395371617344376
97,WORRYE_W26,SEX,Male,[0.07797642 0.52851071 0.39351287],0.0
98,GUNSAFE_W26,SEX,Female,[0.64337965 0.05045862 0.30616173],0.001455824415355685
99,GUNSAFE_W26,SEX,Male,[0.72964987 0.01970128 0.25064885],0.0027467456297148416
100,GUNCONTRIBA_W26,SEX,Female,[0.35858342 0.30749486 0.22999759 0.10392413],0.006049563032020297
101,GUNCONTRIBA_W26,SEX,Male,[0.23756956 0.27449313 0.32099309 0.16694421],0.005057414368509946
102,GUNACTIVITYA_W26,SEX,Female,[0.01197224 0.08214524 0.1015612  0.80432132],0.004926922540528491
103,GUNACTIVITYA_W26,SEX,Male,[0.04631558 0.16665807 0.23462731 0.55239904],0.0011956469813480574
104,GUNRESPNOKIDSD_W26,SEX,Female,[0.18008245 0.23511299 0.38948927 0.19531529],0.0021062123051401108
105,GUNRESPNOKIDSD_W26,SEX,Male,[0.16660528 0.18152585 0.47395861 0.17791025],0.003228281499375803
106,GROWUPGUN7_W26,SEX,Female,[0.05654769 0.14929634 0.2051957  0.58896027],0.00614779539914352
107,GROWUPGUN7_W26,SEX,Male,[0.2634164  0.31091902 0.2412635  0.18440107],0.0006194434430705113
108,GUNRESPNOKIDSE_W26,SEX,Female,[0.59697863 0.18301845 0.09896714 0.12103578],0.017876084514800692
109,GUNRESPNOKIDSE_W26,SEX,Male,[0.39550562 0.2338112  0.29352116 0.07716202],0.00305625658965178
110,SAFECRIME_W26,SEX,Female,[0.20540667 0.57694128 0.16852334 0.04912872],0.0053501772873610675
111,SAFECRIME_W26,SEX,Male,[0.24572429 0.5632076  0.14475816 0.04630996],0.003986591843451113
112,GUNTYPEOWNC_W26,SEX,Female,[0.33411452 0.16151784 0.50436764],0.016210283414444915
113,GUNTYPEOWNC_W26,SEX,Male,[0.47071302 0.23126594 0.29802104],0.019610428397084642
114,EVEROWN_W26,SEX,Female,[0.10013908 0.89986092],0.009217372288918517
115,EVEROWN_W26,SEX,Male,[0.22230641 0.77769359],0.02356279728561786
116,GUNCOMMUNITY_W26,SEX,Female,[0.59947289 0.40052711],0.017961300373901683
117,GUNCOMMUNITY_W26,SEX,Male,[0.65594922 0.34405078],0.015638232956394982
118,GUNSOCIETY_W26,SEX,Female,[0.39951126 0.60048874],0.018635607100063966
119,GUNSOCIETY_W26,SEX,Male,[0.41325052 0.58674948],0.010554954697681189
120,GROWUPGUN1_W26,SEX,Female,[0.46859913 0.4258716  0.10552927],0.0029051373856266703
121,GROWUPGUN1_W26,SEX,Male,[0.50991038 0.41385654 0.07623308],0.0013285815716186967
122,GUNTHREAT_W26,SEX,Female,[0.20495714 0.79504286],0.004871592963400567
123,GUNTHREAT_W26,SEX,Male,[0.25063063 0.74936937],0.003172905850360003
124,GROWUPGUN4_W26,SEX,Female,[0.18590912 0.44164224 0.37244864 0.        ],0.012200256549504443
125,GROWUPGUN4_W26,SEX,Male,[0.27387055 0.4614582  0.26467125 0.        ],0.004900354816139816
126,GUNACTIVITYD_W26,SEX,Female,[0.00651223 0.03703409 0.10113632 0.85531736],0.003583780287415459
127,GUNACTIVITYD_W26,SEX,Male,[0.00983047 0.04203064 0.16258262 0.78555627],0.0022199312746826144
128,GUN1_W26,SEX,Female,[0.33025367 0.66974633],0.009449583551778024
129,GUN1_W26,SEX,Male,[0.22868194 0.77131806],0.017590544338215285
130,GUNSAFETYKIDS_W26,SEX,Female,[0.62241914 0.37254913 0.00503173],0.0
131,GUNSAFETYKIDS_W26,SEX,Male,[0.55790618 0.43479432 0.0072995 ],0.0
132,GUNACTIVITYC_W26,SEX,Female,[0.01998993 0.04699661 0.08636938 0.84664408],0.008237126665857733
133,GUNACTIVITYC_W26,SEX,Male,[0.00602648 0.07159613 0.17546559 0.7469118 ],0.001990564182108365
134,EVERSHOT_W26,SEX,Female,[0.62654349 0.37345651],0.001595413200958512
135,EVERSHOT_W26,SEX,Male,[0.83682173 0.16317827],0.0018314087222170326
136,GUNACCESS_W26,SEX,Female,[0.30065577 0.19037766 0.17736247 0.3316041 ],0.00026182623006896176
137,GUNACCESS_W26,SEX,Male,[0.44035483 0.15820014 0.09109933 0.31034571],0.0048731991232116864
138,GUNLOADED2_W26,SEX,Female,[0.33196715 0.66803285],0.0023400358745689336
139,GUNLOADED2_W26,SEX,Male,[0.32403092 0.67596908],0.008478563656388481
140,GUNIDENTITY_W26,SEX,Female,[0.27093172 0.17305271 0.34896204 0.20705353],0.015224049879355809
141,GUNIDENTITY_W26,SEX,Male,[0.23176001 0.28179911 0.28108159 0.20535929],0.0
142,WORRYB_W26,SEX,Female,[0.1965132  0.45786339 0.34562341],0.0016922460479575846
143,WORRYB_W26,SEX,Male,[0.10754843 0.39018158 0.50227   ],0.0
144,WORRYF_W26,SEX,Female,[0.15532428 0.43993528 0.40474044],0.002015459333713672
145,WORRYF_W26,SEX,Male,[0.07241484 0.30723204 0.62035311],0.0004392957841780508
146,WORRYG_W26,SEX,Female,[0.34400845 0.49413354 0.16185801],0.002406884383453397
147,WORRYG_W26,SEX,Male,[0.23169214 0.58000486 0.188303  ],0.0007822474729007815
148,GUNCONTRIBD_W26,SEX,Female,[0.24826075 0.42227756 0.25419156 0.07527013],0.00883580608648766
149,GUNCONTRIBD_W26,SEX,Male,[0.23569221 0.42999144 0.24805476 0.08626159],0.0035451871548057476
150,CRIMEVICTIM_W26,SEX,Female,[0.19720339 0.80279661],0.004307208612941337
151,CRIMEVICTIM_W26,SEX,Male,[0.21789149 0.78210851],0.00223409256419512
152,REASONGUND_W26,SEX,Female,[0.11185387 0.25150822 0.63663791],0.003219491456972775
153,REASONGUND_W26,SEX,Male,[0.13695121 0.31126334 0.55178545],0.005065655719479347
154,REASONGUNA_W26,SEX,Female,[0.71492595 0.20567713 0.07939692],0.0
155,REASONGUNA_W26,SEX,Male,[0.66022852 0.26217485 0.07759664],0.0026166268346908012
0,IMPREASONGUN_W26,EDUCATION,Associate's degree,[0.51959537 0.15447554 0.19058843 0.00417365 0.13116701],0.0
1,IMPREASONGUN_W26,EDUCATION,College graduate/some postgrad,[0.40130366 0.25432664 0.18914642 0.07086042 0.08436285],0.0029458278674600697
2,IMPREASONGUN_W26,EDUCATION,High school graduate,[0.49302571 0.38825829 0.05500826 0.05671493 0.00699281],0.006868798977493432
3,IMPREASONGUN_W26,EDUCATION,Less than high school,[0.49413955 0.49117122 0.01468923 0.         0.        ],0.0
4,IMPREASONGUN_W26,EDUCATION,Postgraduate,[0.46315827 0.37629873 0.10476246 0.02458354 0.031197  ],0.0
5,IMPREASONGUN_W26,EDUCATION,"Some college, no degree",[0.56515299 0.18392797 0.1721387  0.03929413 0.03948621],0.0
6,GUNLOCKED2_W26,EDUCATION,Associate's degree,[0.39596557 0.60403443],0.0
7,GUNLOCKED2_W26,EDUCATION,College graduate/some postgrad,[0.37335239 0.62664761],0.0
8,GUNLOCKED2_W26,EDUCATION,High school graduate,[0.50778357 0.49221643],0.0
9,GUNLOCKED2_W26,EDUCATION,Less than high school,[0.08004889 0.91995111],0.0
10,GUNLOCKED2_W26,EDUCATION,Postgraduate,[0.49194154 0.50805846],0.0
11,GUNLOCKED2_W26,EDUCATION,"Some college, no degree",[0.4240471 0.5759529],0.0
12,GUNRESPNOKIDSA_W26,EDUCATION,Associate's degree,[0.5324876  0.27211825 0.17010567 0.02528848],0.0
13,GUNRESPNOKIDSA_W26,EDUCATION,College graduate/some postgrad,[0.65099902 0.2317903  0.10541611 0.01179458],0.0033257089389022074
14,GUNRESPNOKIDSA_W26,EDUCATION,High school graduate,[0.60994261 0.26581788 0.07915493 0.04508459],0.000722006849194564
15,GUNRESPNOKIDSA_W26,EDUCATION,Less than high school,[0.4775752  0.29907063 0.12248212 0.10087205],0.039418078099679024
16,GUNRESPNOKIDSA_W26,EDUCATION,Postgraduate,[0.67275828 0.22006517 0.10016245 0.0070141 ],0.0037393562753852035
17,GUNRESPNOKIDSA_W26,EDUCATION,"Some college, no degree",[0.52025261 0.31181094 0.15717931 0.01075715],0.002121703062375409
18,GUNASSOCIATIONA_W26,EDUCATION,Associate's degree,[0.16285486 0.83714514],0.0
19,GUNASSOCIATIONA_W26,EDUCATION,College graduate/some postgrad,[0.10454094 0.89545906],0.0
20,GUNASSOCIATIONA_W26,EDUCATION,High school graduate,[0.10129429 0.89870571],0.002353991359449668
21,GUNASSOCIATIONA_W26,EDUCATION,Less than high school,[0.01992971 0.98007029],0.0
22,GUNASSOCIATIONA_W26,EDUCATION,Postgraduate,[0.11893652 0.88106348],0.0
23,GUNASSOCIATIONA_W26,EDUCATION,"Some college, no degree",[0.14987438 0.85012562],0.0005498373925611836
24,GUNACTIVITYB_W26,EDUCATION,Associate's degree,[0.03422821 0.2157838  0.2785259  0.47146209],0.0012522180484303162
25,GUNACTIVITYB_W26,EDUCATION,College graduate/some postgrad,[0.0388572  0.16403884 0.25137003 0.54573393],0.003203304301665988
26,GUNACTIVITYB_W26,EDUCATION,High school graduate,[0.06809637 0.27898476 0.22685699 0.42606188],0.0011907716485931768
27,GUNACTIVITYB_W26,EDUCATION,Less than high school,[0.07561477 0.32239257 0.23276677 0.36922589],0.001088178116186513
28,GUNACTIVITYB_W26,EDUCATION,Postgraduate,[0.02358343 0.14338806 0.24173318 0.59129533],0.0032676222830467358
29,GUNACTIVITYB_W26,EDUCATION,"Some college, no degree",[0.06875122 0.22602441 0.25478072 0.45044364],0.010973803103600528
30,GUNSAFE2_W26,EDUCATION,Associate's degree,[0.29004807 0.1565604  0.55339153],0.0016863618426622541
31,GUNSAFE2_W26,EDUCATION,College graduate/some postgrad,[0.22986981 0.31435025 0.45577994],0.001073281652820293
32,GUNSAFE2_W26,EDUCATION,High school graduate,[0.3737942  0.08198486 0.54422094],0.0021618909321887534
33,GUNSAFE2_W26,EDUCATION,Less than high school,[0.24311293 0.17114172 0.58574535],0.0017423203633891388
34,GUNSAFE2_W26,EDUCATION,Postgraduate,[0.12266767 0.39193841 0.48539392],0.002466657958808543
35,GUNSAFE2_W26,EDUCATION,"Some college, no degree",[0.36123528 0.1354621  0.50330262],0.0
36,GUN_W26,EDUCATION,Associate's degree,[0.37084934 0.62915066],0.00731073503532376
37,GUN_W26,EDUCATION,College graduate/some postgrad,[0.2621832 0.7378168],0.008278953343429351
38,GUN_W26,EDUCATION,High school graduate,[0.34553093 0.65446907],0.010592383127912289
39,GUN_W26,EDUCATION,Less than high school,[0.23008086 0.76991914],0.0020329822471962244
40,GUN_W26,EDUCATION,Postgraduate,[0.23542594 0.76457406],0.01039089271681762
41,GUN_W26,EDUCATION,"Some college, no degree",[0.33423323 0.66576677],0.007242956994605829
42,GUNRESPKIDSF_W26,EDUCATION,Associate's degree,[0.5824469  0.30143792 0.08217731 0.03393787],0.019264888493704644
43,GUNRESPKIDSF_W26,EDUCATION,College graduate/some postgrad,[0.63793409 0.2228697  0.09464633 0.04454988],0.009606974553449603
44,GUNRESPKIDSF_W26,EDUCATION,High school graduate,[0.53186618 0.37246228 0.06371004 0.03196149],0.0033036411982234433
45,GUNRESPKIDSF_W26,EDUCATION,Less than high school,[0.65013976 0.29471898 0.02056484 0.03457643],0.0
46,GUNRESPKIDSF_W26,EDUCATION,Postgraduate,[0.74407315 0.16875401 0.07478204 0.01239079],0.00461734784807715
47,GUNRESPKIDSF_W26,EDUCATION,"Some college, no degree",[0.64396206 0.22285047 0.10658133 0.02660613],0.002438857627255338
48,WORRYA_W26,EDUCATION,Associate's degree,[0.11487898 0.60077614 0.28434489],0.0
49,WORRYA_W26,EDUCATION,College graduate/some postgrad,[0.07115533 0.54830366 0.38054101],0.0011810466910877697
50,WORRYA_W26,EDUCATION,High school graduate,[0.33842577 0.46657227 0.19500196],0.0
51,WORRYA_W26,EDUCATION,Less than high school,[0.29697362 0.52026427 0.18276211],0.0
52,WORRYA_W26,EDUCATION,Postgraduate,[0.08404128 0.58272482 0.33323389],0.0010426121283687642
53,WORRYA_W26,EDUCATION,"Some college, no degree",[0.17242608 0.58546265 0.24211127],0.0
54,GUNCONTRIBC_W26,EDUCATION,Associate's degree,[0.22215387 0.26615748 0.41192974 0.09975891],0.002892507330450058
55,GUNCONTRIBC_W26,EDUCATION,College graduate/some postgrad,[0.1778408  0.40166023 0.35703754 0.06346143],0.004747809925178909
56,GUNCONTRIBC_W26,EDUCATION,High school graduate,[0.32783351 0.24605149 0.27698822 0.14912678],0.0
57,GUNCONTRIBC_W26,EDUCATION,Less than high school,[0.31512613 0.20199874 0.34569326 0.13718186],0.039418078099679024
58,GUNCONTRIBC_W26,EDUCATION,Postgraduate,[0.24405161 0.3773374  0.34234358 0.03626741],0.0028246985859130074
59,GUNCONTRIBC_W26,EDUCATION,"Some college, no degree",[0.22363012 0.30841358 0.3919642  0.07599209],0.0013866234580146915
60,WORRYD_W26,EDUCATION,Associate's degree,[0.29094408 0.37237495 0.33668098],0.0029295431679662114
61,WORRYD_W26,EDUCATION,College graduate/some postgrad,[0.27098489 0.38945117 0.33956394],0.0019426868643235703
62,WORRYD_W26,EDUCATION,High school graduate,[0.41382556 0.38456589 0.20160855],0.002354051093091318
63,WORRYD_W26,EDUCATION,Less than high school,[0.56098898 0.30415883 0.13485219],0.0
64,WORRYD_W26,EDUCATION,Postgraduate,[0.14571324 0.41421597 0.44007078],0.004926435459582836
65,WORRYD_W26,EDUCATION,"Some college, no degree",[0.32737871 0.49373409 0.1788872 ],0.006530736885553683
66,NOCARRYGUN_W26,EDUCATION,Associate's degree,[0.66304309 0.33695691],0.0
67,NOCARRYGUN_W26,EDUCATION,College graduate/some postgrad,[0.54081306 0.45918694],0.0
68,NOCARRYGUN_W26,EDUCATION,High school graduate,[0.64539457 0.35460543],0.0
69,NOCARRYGUN_W26,EDUCATION,Less than high school,[0.1749278 0.8250722],0.0
70,NOCARRYGUN_W26,EDUCATION,Postgraduate,[0.71656732 0.28343268],0.0
71,NOCARRYGUN_W26,EDUCATION,"Some college, no degree",[0.63978591 0.36021409],0.0
72,GUNACTIVITYE_W26,EDUCATION,Associate's degree,[0.01200295 0.07600967 0.15572604 0.75626134],0.0007274627302046002
73,GUNACTIVITYE_W26,EDUCATION,College graduate/some postgrad,[0.00695676 0.03717383 0.15664009 0.79922933],0.0034875421178336545
74,GUNACTIVITYE_W26,EDUCATION,High school graduate,[0.02424558 0.10526009 0.12696218 0.74353215],0.0018679465838010736
75,GUNACTIVITYE_W26,EDUCATION,Less than high school,[0.00639631 0.13976977 0.13387494 0.71995898],0.0
76,GUNACTIVITYE_W26,EDUCATION,Postgraduate,[0.00388312 0.04612722 0.09680684 0.85318282],0.0047273041280095855
77,GUNACTIVITYE_W26,EDUCATION,"Some college, no degree",[0.0135136  0.10247766 0.17210401 0.71190473],0.0030156661146525533
78,GUNRESPKIDSA_W26,EDUCATION,Associate's degree,[0.81703837 0.15174517 0.02307481 0.00814165],0.006966975693346177
79,GUNRESPKIDSA_W26,EDUCATION,College graduate/some postgrad,[0.82747452 0.14532188 0.02192068 0.00528292],0.0034894984142908067
80,GUNRESPKIDSA_W26,EDUCATION,High school graduate,[0.79402622 0.17200524 0.0276814  0.00628714],0.0031375938753492446
81,GUNRESPKIDSA_W26,EDUCATION,Less than high school,[0.8139285  0.16550666 0.02056484 0.        ],0.0
82,GUNRESPKIDSA_W26,EDUCATION,Postgraduate,[0.90646251 0.07397025 0.01790208 0.00166516],0.004112958970395568
83,GUNRESPKIDSA_W26,EDUCATION,"Some college, no degree",[0.79794361 0.17029486 0.02615455 0.00560697],0.007881259207998308
84,GUNLOADED1_W26,EDUCATION,Associate's degree,[0.16379321 0.32865063 0.50755616],0.01007808796248285
85,GUNLOADED1_W26,EDUCATION,College graduate/some postgrad,[0.11713688 0.36922853 0.5136346 ],0.0159440961285291
86,GUNLOADED1_W26,EDUCATION,High school graduate,[0.12675802 0.43133017 0.44191181],0.015104662210415485
87,GUNLOADED1_W26,EDUCATION,Less than high school,[0.25700999 0.43914017 0.30384984],0.012053831246536542
88,GUNLOADED1_W26,EDUCATION,Postgraduate,[0.11918912 0.33149099 0.54931989],0.023763502579426544
89,GUNLOADED1_W26,EDUCATION,"Some college, no degree",[0.15062142 0.36290986 0.48646872],0.008776438845113081
90,GUNLOCKED1_W26,EDUCATION,Associate's degree,[0.40186431 0.26855044 0.32958525],0.0013374362541648216
91,GUNLOCKED1_W26,EDUCATION,College graduate/some postgrad,[0.40246931 0.3435194  0.2540113 ],0.02028887361860984
92,GUNLOCKED1_W26,EDUCATION,High school graduate,[0.45641912 0.25859155 0.28498933],0.006977541299438481
93,GUNLOCKED1_W26,EDUCATION,Less than high school,[0.40836342 0.25912915 0.33250743],0.006764873666214916
94,GUNLOCKED1_W26,EDUCATION,Postgraduate,[0.46595176 0.20393357 0.33011467],0.021021346828673473
95,GUNLOCKED1_W26,EDUCATION,"Some college, no degree",[0.38870423 0.25996319 0.35133258],0.009225470553652625
96,GROWUPGUN2B_W26,EDUCATION,Associate's degree,[0.61722527 0.38277473],0.0
97,GROWUPGUN2B_W26,EDUCATION,College graduate/some postgrad,[0.61401038 0.38598962],0.0
98,GROWUPGUN2B_W26,EDUCATION,High school graduate,[0.76394676 0.23605324],0.006254415072272822
99,GROWUPGUN2B_W26,EDUCATION,Less than high school,[0.67668799 0.32331201],0.005576981877260288
100,GROWUPGUN2B_W26,EDUCATION,Postgraduate,[0.60276386 0.39723614],0.007357580369170247
101,GROWUPGUN2B_W26,EDUCATION,"Some college, no degree",[0.64318961 0.35681039],0.0010374856097885375
102,GUNCONTRIBB_W26,EDUCATION,Associate's degree,[0.57010607 0.28294215 0.09608686 0.05086491],0.003998583605707017
103,GUNCONTRIBB_W26,EDUCATION,College graduate/some postgrad,[0.58875556 0.2993366  0.08758553 0.0243223 ],0.00352781397623253
104,GUNCONTRIBB_W26,EDUCATION,High school graduate,[0.50642986 0.34442094 0.07083075 0.07831844],0.005036864900510599
105,GUNCONTRIBB_W26,EDUCATION,Less than high school,[0.35957719 0.43376326 0.1309848  0.07567475],0.01937912929778169
106,GUNCONTRIBB_W26,EDUCATION,Postgraduate,[0.57770355 0.32955642 0.08030467 0.01243536],0.0017240304232053075
107,GUNCONTRIBB_W26,EDUCATION,"Some college, no degree",[0.54933959 0.31838763 0.08715985 0.04511293],0.0005953109333198654
108,GROWUPGUN6_W26,EDUCATION,Associate's degree,[0.05792806 0.18939399 0.26314731 0.48953064],0.0
109,GROWUPGUN6_W26,EDUCATION,College graduate/some postgrad,[0.05492925 0.2001545  0.26429944 0.48061681],0.0013406804932249833
110,GROWUPGUN6_W26,EDUCATION,High school graduate,[0.0925327  0.19280786 0.23323351 0.48142594],0.00142127910679559
111,GROWUPGUN6_W26,EDUCATION,Less than high school,[0.06171965 0.10477326 0.20522272 0.62828437],0.0
112,GROWUPGUN6_W26,EDUCATION,Postgraduate,[0.04163071 0.14873557 0.25261839 0.55701532],0.004452181174209776
113,GROWUPGUN6_W26,EDUCATION,"Some college, no degree",[0.04972869 0.25533598 0.22016638 0.47476895],0.007767513669394614
114,CARRYGUN_W26,EDUCATION,Associate's degree,[0.1355024  0.12330627 0.31647965 0.42471168],0.0
115,CARRYGUN_W26,EDUCATION,College graduate/some postgrad,[0.10525951 0.13989823 0.32218216 0.4326601 ],0.006376471831183743
116,CARRYGUN_W26,EDUCATION,High school graduate,[0.1078833  0.13238975 0.35255998 0.40716697],0.0
117,CARRYGUN_W26,EDUCATION,Less than high school,[0.23513585 0.33865126 0.1978994  0.22831349],0.0
118,CARRYGUN_W26,EDUCATION,Postgraduate,[0.08462134 0.14633911 0.22945647 0.53958308],0.005063550714347884
119,CARRYGUN_W26,EDUCATION,"Some college, no degree",[0.12767405 0.14410474 0.31927625 0.40894495],0.0
120,GUNCOURSES_W26,EDUCATION,Associate's degree,[0.44358389 0.55641611],0.0010933425603785413
121,GUNCOURSES_W26,EDUCATION,College graduate/some postgrad,[0.35396861 0.64603139],0.00294267680211113
122,GUNCOURSES_W26,EDUCATION,High school graduate,[0.36211654 0.63788346],0.002361505944844741
123,GUNCOURSES_W26,EDUCATION,Less than high school,[0.21089185 0.78910815],0.0
124,GUNCOURSES_W26,EDUCATION,Postgraduate,[0.32413505 0.67586495],0.004747603311587729
125,GUNCOURSES_W26,EDUCATION,"Some college, no degree",[0.35703798 0.64296202],0.0048682831636285
126,GUNFRIEND_W26,EDUCATION,Associate's degree,[0.24886392 0.50933907 0.24179701 0.        ],0.0023839441417364453
127,GUNFRIEND_W26,EDUCATION,College graduate/some postgrad,[0.19589324 0.4866108  0.31749596 0.        ],0.00568754653450472
128,GUNFRIEND_W26,EDUCATION,High school graduate,[0.31012905 0.39933778 0.29053317 0.        ],0.002137348104834864
129,GUNFRIEND_W26,EDUCATION,Less than high school,[0.33829294 0.36698719 0.29471987 0.        ],0.004180456781050338
130,GUNFRIEND_W26,EDUCATION,Postgraduate,[0.1401142  0.43977108 0.42011472 0.        ],0.005282552926691198
131,GUNFRIEND_W26,EDUCATION,"Some college, no degree",[0.2684383  0.46013838 0.27142332 0.        ],0.0016903290953750678
132,GUNRESPKIDSB_W26,EDUCATION,Associate's degree,[0.5907984  0.28431969 0.08885687 0.03602504],0.003360334206033784
133,GUNRESPKIDSB_W26,EDUCATION,College graduate/some postgrad,[0.68690617 0.19128775 0.07150799 0.05029809],0.009371556978910641
134,GUNRESPKIDSB_W26,EDUCATION,High school graduate,[0.56762206 0.2923608  0.0957814  0.04423574],0.002354051093091318
135,GUNRESPKIDSB_W26,EDUCATION,Less than high school,[0.68542327 0.18928296 0.10677156 0.01852221],0.0018225549122948678
136,GUNRESPKIDSB_W26,EDUCATION,Postgraduate,[0.75554953 0.1535174  0.05760875 0.03332432],0.0022448563896832517
137,GUNRESPKIDSB_W26,EDUCATION,"Some college, no degree",[0.62422392 0.29394754 0.03501453 0.04681401],0.004562208588798143
138,WORLDDANGER_W26,EDUCATION,Associate's degree,[0.07271215 0.71833544 0.20895241],0.0
139,WORLDDANGER_W26,EDUCATION,College graduate/some postgrad,[0.13065212 0.65980153 0.20954636],0.001125523212650632
140,WORLDDANGER_W26,EDUCATION,High school graduate,[0.07125688 0.7616088  0.16713431],0.007520397037987452
141,WORLDDANGER_W26,EDUCATION,Less than high school,[0.05019312 0.74962347 0.20018342],0.025562509891810033
142,WORLDDANGER_W26,EDUCATION,Postgraduate,[0.15339914 0.57047707 0.27612379],0.0017240304232053075
143,WORLDDANGER_W26,EDUCATION,"Some college, no degree",[0.08652811 0.67370085 0.23977104],0.003525381484127812
144,GUNKILLF2_W26,EDUCATION,Associate's degree,[0.80150885 0.19849115],0.0
145,GUNKILLF2_W26,EDUCATION,College graduate/some postgrad,[0.6691493 0.3308507],0.0011626598104591784
146,GUNKILLF2_W26,EDUCATION,High school graduate,[0.78192882 0.21807118],0.0025350676180041914
147,GUNKILLF2_W26,EDUCATION,Less than high school,[0.74666587 0.25333413],0.00266655562301928
148,GUNKILLF2_W26,EDUCATION,Postgraduate,[0.64266728 0.35733272],0.00397949569526793
149,GUNKILLF2_W26,EDUCATION,"Some college, no degree",[0.80740237 0.19259763],0.002477143162356611
150,GUNRESPNOKIDSB_W26,EDUCATION,Associate's degree,[0.44501141 0.30420848 0.19784258 0.05293753],0.019447280706745767
151,GUNRESPNOKIDSB_W26,EDUCATION,College graduate/some postgrad,[0.5016895  0.28652141 0.17193447 0.03985462],0.006939990776610589
152,GUNRESPNOKIDSB_W26,EDUCATION,High school graduate,[0.49781644 0.23212354 0.12280712 0.14725291],0.008467330876890706
153,GUNRESPNOKIDSB_W26,EDUCATION,Less than high school,[0.36084708 0.27470504 0.21956389 0.14488399],0.04177077956504797
154,GUNRESPNOKIDSB_W26,EDUCATION,Postgraduate,[0.62154423 0.24009243 0.10288016 0.03548318],0.005409333745081432
155,GUNRESPNOKIDSB_W26,EDUCATION,"Some college, no degree",[0.41424683 0.35075072 0.14351439 0.09148805],0.0017644985985153868
156,GROWUPGUN2A_W26,EDUCATION,Associate's degree,[0.71034728 0.28965272],0.005561554799338306
157,GROWUPGUN2A_W26,EDUCATION,College graduate/some postgrad,[0.56419429 0.43580571],0.004760024697286069
158,GROWUPGUN2A_W26,EDUCATION,High school graduate,[0.54389152 0.45610848],0.002907671917788014
159,GROWUPGUN2A_W26,EDUCATION,Less than high school,[0.71506816 0.28493184],0.0
160,GROWUPGUN2A_W26,EDUCATION,Postgraduate,[0.56938486 0.43061514],0.0019910402697985016
161,GROWUPGUN2A_W26,EDUCATION,"Some college, no degree",[0.6465139 0.3534861],0.0
162,REASONGUNC_W26,EDUCATION,Associate's degree,[0.31057863 0.37269157 0.3167298 ],0.0
163,REASONGUNC_W26,EDUCATION,College graduate/some postgrad,[0.35686331 0.4102099  0.23292679],0.0010995787413767412
164,REASONGUNC_W26,EDUCATION,High school graduate,[0.30808369 0.40468775 0.28722855],0.003093105987805548
165,REASONGUNC_W26,EDUCATION,Less than high school,[0.13291166 0.45246948 0.41461886],0.0
166,REASONGUNC_W26,EDUCATION,Postgraduate,[0.34359143 0.31299138 0.34341719],0.021854384997360345
167,REASONGUNC_W26,EDUCATION,"Some college, no degree",[0.30218288 0.34724299 0.35057413],0.0012948207049807176
168,SHOOTFREQ_W26,EDUCATION,Associate's degree,[0.06532868 0.23580701 0.28151108 0.41735324],0.002194351864219783
169,SHOOTFREQ_W26,EDUCATION,College graduate/some postgrad,[0.04478923 0.19032524 0.34110147 0.42378405],0.0
170,SHOOTFREQ_W26,EDUCATION,High school graduate,[0.04987154 0.20824621 0.26802511 0.47385715],0.009715693178293348
171,SHOOTFREQ_W26,EDUCATION,Less than high school,[0.02984601 0.22493884 0.19662455 0.5485906 ],0.00641355647583788
172,SHOOTFREQ_W26,EDUCATION,Postgraduate,[0.03582389 0.12487574 0.30777708 0.53152329],0.0025581567910539188
173,SHOOTFREQ_W26,EDUCATION,"Some college, no degree",[0.06222887 0.21623254 0.32164314 0.39989545],0.0011048074476801147
174,GROWUPVIOL_W26,EDUCATION,Associate's degree,[0.01683135 0.11994514 0.26114524 0.60207828],0.0034178353439243596
175,GROWUPVIOL_W26,EDUCATION,College graduate/some postgrad,[0.02441787 0.07989143 0.22674035 0.66895035],0.0018526926516134136
176,GROWUPVIOL_W26,EDUCATION,High school graduate,[0.05468695 0.11105442 0.27630657 0.55795206],0.0011907716485931765
177,GROWUPVIOL_W26,EDUCATION,Less than high school,[0.11521939 0.15826294 0.19927847 0.5272392 ],0.01937912929778169
178,GROWUPVIOL_W26,EDUCATION,Postgraduate,[0.02036445 0.07234778 0.24099287 0.6662949 ],0.0026844104587701394
179,GROWUPVIOL_W26,EDUCATION,"Some college, no degree",[0.05537775 0.11704829 0.27507852 0.55249544],0.004381124150215704
180,REASONGUNB_W26,EDUCATION,Associate's degree,[0.29331103 0.26442477 0.44226419],0.0
181,REASONGUNB_W26,EDUCATION,College graduate/some postgrad,[0.34740276 0.19243686 0.46016037],0.0010995787413767412
182,REASONGUNB_W26,EDUCATION,High school graduate,[0.44502417 0.25598827 0.29898756],0.0011589708438400753
183,REASONGUNB_W26,EDUCATION,Less than high school,[0.333824   0.26237414 0.40380186],0.0
184,REASONGUNB_W26,EDUCATION,Postgraduate,[0.31688398 0.21929717 0.46381886],0.01506811626598319
185,REASONGUNB_W26,EDUCATION,"Some college, no degree",[0.39480642 0.19648666 0.40870692],0.0
186,WORRYC_W26,EDUCATION,Associate's degree,[0.17062324 0.46683644 0.36254032],0.0
187,WORRYC_W26,EDUCATION,College graduate/some postgrad,[0.15264948 0.4064184  0.44093212],0.002862816377605036
188,WORRYC_W26,EDUCATION,High school graduate,[0.24604605 0.42320508 0.33074886],0.0
189,WORRYC_W26,EDUCATION,Less than high school,[0.10039903 0.62618731 0.27341366],0.004863657453273154
190,WORRYC_W26,EDUCATION,Postgraduate,[0.10203888 0.4677461  0.43021501],0.005377221536103266
191,WORRYC_W26,EDUCATION,"Some college, no degree",[0.22213961 0.3879258  0.38993459],0.0016251195345261592
192,MARGUN_W26,EDUCATION,Associate's degree,[0.89783136 0.10216864],0.004177858072257045
193,MARGUN_W26,EDUCATION,College graduate/some postgrad,[0.81871442 0.18128558],0.008699030423248183
194,MARGUN_W26,EDUCATION,High school graduate,[0.88039456 0.11960544],0.0
195,MARGUN_W26,EDUCATION,Less than high school,[0.85573541 0.14426459],0.0
196,MARGUN_W26,EDUCATION,Postgraduate,[0.87445807 0.12554193],0.0
197,MARGUN_W26,EDUCATION,"Some college, no degree",[0.89905616 0.10094384],0.0073613740952748734
198,NEVEROWN_W26,EDUCATION,Associate's degree,[0.79556858 0.20443142],0.0012159331336686976
199,NEVEROWN_W26,EDUCATION,College graduate/some postgrad,[0.71794454 0.28205546],0.001152047647283238
200,NEVEROWN_W26,EDUCATION,High school graduate,[0.77285792 0.22714208],0.0
201,NEVEROWN_W26,EDUCATION,Less than high school,[0.78880571 0.21119429],0.0
202,NEVEROWN_W26,EDUCATION,Postgraduate,[0.57857195 0.42142805],0.02669568099270319
203,NEVEROWN_W26,EDUCATION,"Some college, no degree",[0.73463421 0.26536579],0.004282460087743323
204,GUNRESPKIDSC_W26,EDUCATION,Associate's degree,[0.79531408 0.19223157 0.00877181 0.00368254],0.0
205,GUNRESPKIDSC_W26,EDUCATION,College graduate/some postgrad,[0.80776235 0.17824181 0.0121906  0.00180524],0.009075278704327436
206,GUNRESPKIDSC_W26,EDUCATION,High school graduate,[0.61395481 0.32809109 0.0308728  0.0270813 ],0.002354051093091318
207,GUNRESPKIDSC_W26,EDUCATION,Less than high school,[0.64691171 0.32444889 0.01613906 0.01250034],0.0
208,GUNRESPKIDSC_W26,EDUCATION,Postgraduate,[0.77987496 0.19387169 0.02625335 0.        ],0.0033142199791351863
209,GUNRESPKIDSC_W26,EDUCATION,"Some college, no degree",[0.75452483 0.21224206 0.02901499 0.00421812],0.005916142388038091
210,REASONGUNE_W26,EDUCATION,Associate's degree,[0.12248724 0.08150741 0.79600535],0.0
211,REASONGUNE_W26,EDUCATION,College graduate/some postgrad,[0.06865561 0.0627937  0.86855069],0.00581600026985955
212,REASONGUNE_W26,EDUCATION,High school graduate,[0.04989089 0.1479841  0.80212501],0.009799301183089916
213,REASONGUNE_W26,EDUCATION,Less than high school,[0.11124166 0.1213532  0.76740514],0.0
214,REASONGUNE_W26,EDUCATION,Postgraduate,[0.06118979 0.06681202 0.87199818],0.01506811626598319
215,REASONGUNE_W26,EDUCATION,"Some college, no degree",[0.10870638 0.06855974 0.82273388],0.0
216,GUNRESPNOKIDSG_W26,EDUCATION,Associate's degree,[0.45695299 0.40929256 0.12939928 0.00435517],0.0011780636463613894
217,GUNRESPNOKIDSG_W26,EDUCATION,College graduate/some postgrad,[0.47751986 0.3810872  0.1347492  0.00664374],0.00502078020891478
218,GUNRESPNOKIDSG_W26,EDUCATION,High school graduate,[0.43496453 0.40387792 0.12351671 0.03764084],0.0
219,GUNRESPNOKIDSG_W26,EDUCATION,Less than high school,[0.56683092 0.2297161  0.13367947 0.06977351],0.039418078099679024
220,GUNRESPNOKIDSG_W26,EDUCATION,Postgraduate,[0.55360468 0.33934949 0.10472394 0.0023219 ],0.007762326564101192
221,GUNRESPNOKIDSG_W26,EDUCATION,"Some college, no degree",[0.49888929 0.36908924 0.11128613 0.02073533],0.00189089870725191
222,GUNCONTRIBE_W26,EDUCATION,Associate's degree,[0.28414576 0.25799231 0.32188006 0.13598187],0.0005849223316846322
223,GUNCONTRIBE_W26,EDUCATION,College graduate/some postgrad,[0.23035751 0.31394938 0.32264763 0.13304548],0.005590084412059856
224,GUNCONTRIBE_W26,EDUCATION,High school graduate,[0.3357479  0.31037762 0.22134394 0.13253053],0.0032110288625980896
225,GUNCONTRIBE_W26,EDUCATION,Less than high school,[0.32747982 0.42532806 0.24719212 0.        ],0.0
226,GUNCONTRIBE_W26,EDUCATION,Postgraduate,[0.24549002 0.3458535  0.31774117 0.09091531],0.013678927250896348
227,GUNCONTRIBE_W26,EDUCATION,"Some college, no degree",[0.23662842 0.30739559 0.26423687 0.19173912],0.0017280132379173517
228,GUNKILLF1_W26,EDUCATION,Associate's degree,[0.80366194 0.19633806],0.0
229,GUNKILLF1_W26,EDUCATION,College graduate/some postgrad,[0.64068475 0.35931525],0.007045546986666181
230,GUNKILLF1_W26,EDUCATION,High school graduate,[0.81096537 0.18903463],0.013078131044611472
231,GUNKILLF1_W26,EDUCATION,Less than high school,[0.82148431 0.17851569],0.039418078099679024
232,GUNKILLF1_W26,EDUCATION,Postgraduate,[0.55641691 0.44358309],0.0044558356824085784
233,GUNKILLF1_W26,EDUCATION,"Some college, no degree",[0.79116515 0.20883485],0.024893815599252377
234,GUNCONTRIBF_W26,EDUCATION,Associate's degree,[0.26706615 0.4373555  0.26442477 0.03115358],0.005663666261790419
235,GUNCONTRIBF_W26,EDUCATION,College graduate/some postgrad,[0.33882097 0.44846203 0.19975846 0.01295854],0.004209094320702445
236,GUNCONTRIBF_W26,EDUCATION,High school graduate,[0.2661774  0.43448079 0.23649527 0.06284654],0.002354051093091318
237,GUNCONTRIBF_W26,EDUCATION,Less than high school,[0.31344341 0.426042   0.24260592 0.01790867],0.0
238,GUNCONTRIBF_W26,EDUCATION,Postgraduate,[0.30272349 0.48526713 0.18333888 0.0286705 ],0.007484984928873927
239,GUNCONTRIBF_W26,EDUCATION,"Some college, no degree",[0.28758084 0.45343205 0.23761777 0.02136934],0.007192685354083993
240,DEFENDGUN_W26,EDUCATION,Associate's degree,[0.06839542 0.93160458],0.001394136283582932
241,DEFENDGUN_W26,EDUCATION,College graduate/some postgrad,[0.04935072 0.95064928],0.0024959035329413133
242,DEFENDGUN_W26,EDUCATION,High school graduate,[0.07487973 0.92512027],0.0011907716485931768
243,DEFENDGUN_W26,EDUCATION,Less than high school,[0.11729915 0.88270085],0.0
244,DEFENDGUN_W26,EDUCATION,Postgraduate,[0.02869498 0.97130502],0.009848562519662218
245,DEFENDGUN_W26,EDUCATION,"Some college, no degree",[0.09253437 0.90746563],0.0056438713333108225
246,GUNRESPNOKIDSC_W26,EDUCATION,Associate's degree,[0.75476173 0.18844472 0.0524435  0.00435004],0.0
247,GUNRESPNOKIDSC_W26,EDUCATION,College graduate/some postgrad,[0.78654436 0.17144956 0.04045232 0.00155376],0.00731058203781255
248,GUNRESPNOKIDSC_W26,EDUCATION,High school graduate,[0.59236689 0.3338425  0.05049941 0.0232912 ],0.0016285416842464844
249,GUNRESPNOKIDSC_W26,EDUCATION,Less than high school,[0.53329246 0.23916622 0.18072884 0.04681248],0.03941807809967903
250,GUNRESPNOKIDSC_W26,EDUCATION,Postgraduate,[0.79009137 0.17395236 0.03488495 0.00107131],0.007079639964782893
251,GUNRESPNOKIDSC_W26,EDUCATION,"Some college, no degree",[0.67720011 0.23054329 0.089982   0.0022746 ],0.0024948783858372986
252,GUNRESPKIDSD_W26,EDUCATION,Associate's degree,[0.18333701 0.17724433 0.46645589 0.17296277],0.0
253,GUNRESPKIDSD_W26,EDUCATION,College graduate/some postgrad,[0.11680484 0.26162933 0.36819366 0.25337216],0.0
254,GUNRESPKIDSD_W26,EDUCATION,High school graduate,[0.12867498 0.29691108 0.35881046 0.21560348],0.0
255,GUNRESPKIDSD_W26,EDUCATION,Less than high school,[0.45857609 0.18604064 0.18598279 0.16940048],0.0
256,GUNRESPKIDSD_W26,EDUCATION,Postgraduate,[0.17486741 0.26506541 0.3438468  0.21622039],0.011941609996871522
257,GUNRESPKIDSD_W26,EDUCATION,"Some college, no degree",[0.15998535 0.27865474 0.30567335 0.25568655],0.0024978370638987827
258,GUNRESPKIDSE_W26,EDUCATION,Associate's degree,[0.4233214  0.3642605  0.17387802 0.03854009],0.0
259,GUNRESPKIDSE_W26,EDUCATION,College graduate/some postgrad,[0.36077241 0.34829615 0.22346971 0.06746174],0.0041361233789668885
260,GUNRESPKIDSE_W26,EDUCATION,High school graduate,[0.50001919 0.27124483 0.17167063 0.05706534],0.018848366498990504
261,GUNRESPKIDSE_W26,EDUCATION,Less than high school,[0.5262473  0.14495288 0.23318528 0.09561454],0.0
262,GUNRESPKIDSE_W26,EDUCATION,Postgraduate,[0.42173623 0.32903372 0.20657413 0.04265592],0.008876667102815917
263,GUNRESPKIDSE_W26,EDUCATION,"Some college, no degree",[0.34103616 0.35649717 0.2073354  0.09513128],0.0023843357057860433
264,GROWUPGUN2C_W26,EDUCATION,Associate's degree,[0.47079719 0.52920281],0.0031009700302243506
265,GROWUPGUN2C_W26,EDUCATION,College graduate/some postgrad,[0.45517975 0.54482025],0.002391877957256061
266,GROWUPGUN2C_W26,EDUCATION,High school graduate,[0.472523 0.527477],0.002110526516084094
267,GROWUPGUN2C_W26,EDUCATION,Less than high school,[0.44070282 0.55929718],0.0
268,GROWUPGUN2C_W26,EDUCATION,Postgraduate,[0.47494827 0.52505173],0.0038879008751371708
269,GROWUPGUN2C_W26,EDUCATION,"Some college, no degree",[0.4435232 0.5564768],0.0021087394857122457
270,GUNRESPNOKIDSF_W26,EDUCATION,Associate's degree,[0.38070661 0.30336783 0.25530115 0.06062441],0.0
271,GUNRESPNOKIDSF_W26,EDUCATION,College graduate/some postgrad,[0.43213429 0.35088653 0.18327798 0.03370121],0.0029160389839197145
272,GUNRESPNOKIDSF_W26,EDUCATION,High school graduate,[0.42694346 0.32036253 0.15072082 0.10197319],0.011675035692363805
273,GUNRESPNOKIDSF_W26,EDUCATION,Less than high school,[0.35327397 0.29319121 0.16668935 0.18684547],0.039418078099679024
274,GUNRESPNOKIDSF_W26,EDUCATION,Postgraduate,[0.57463051 0.26450747 0.13726801 0.02359402],0.009300090805015097
275,GUNRESPNOKIDSF_W26,EDUCATION,"Some college, no degree",[0.37979877 0.32665864 0.19934098 0.09420162],0.004442567104079222
276,GUNRESPKIDSH_W26,EDUCATION,Associate's degree,[0.93668903 0.05289103 0.00700046 0.00341947],0.0
277,GUNRESPKIDSH_W26,EDUCATION,College graduate/some postgrad,[0.9445374  0.03686255 0.0089347  0.00966535],0.0024002101811196035
278,GUNRESPKIDSH_W26,EDUCATION,High school graduate,[0.88414996 0.09011972 0.02137131 0.00435901],0.012006155252166027
279,GUNRESPKIDSH_W26,EDUCATION,Less than high school,[0.84759068 0.11604308 0.03636624 0.        ],0.0
280,GUNRESPKIDSH_W26,EDUCATION,Postgraduate,[9.31580876e-01 5.96932711e-02 8.22607384e-03 4.99779205e-04],0.004214820820312685
281,GUNRESPKIDSH_W26,EDUCATION,"Some college, no degree",[0.92438017 0.04191439 0.0170095  0.01669595],0.003972485360157865
282,GUNRESPKIDSG_W26,EDUCATION,Associate's degree,[0.50612867 0.38501035 0.06310422 0.04575676],0.0
283,GUNRESPKIDSG_W26,EDUCATION,College graduate/some postgrad,[0.46287366 0.37241706 0.14641425 0.01829503],0.009631173104147859
284,GUNRESPKIDSG_W26,EDUCATION,High school graduate,[0.43928687 0.43358424 0.08684972 0.04027918],0.013349365109961523
285,GUNRESPKIDSG_W26,EDUCATION,Less than high school,[0.55892495 0.17081512 0.2194498  0.05081014],0.0
286,GUNRESPKIDSG_W26,EDUCATION,Postgraduate,[0.38552646 0.40591944 0.20272348 0.00583062],0.008497487250388258
287,GUNRESPKIDSG_W26,EDUCATION,"Some college, no degree",[0.5078067  0.37216718 0.10788335 0.01214277],0.0044040634137417645
288,WORRYE_W26,EDUCATION,Associate's degree,[0.06162124 0.5392073  0.39917145],0.0
289,WORRYE_W26,EDUCATION,College graduate/some postgrad,[0.08045758 0.4768623  0.44268013],0.0
290,WORRYE_W26,EDUCATION,High school graduate,[0.14460066 0.5434989  0.31190044],0.002354051093091318
291,WORRYE_W26,EDUCATION,Less than high school,[0.33590433 0.5488404  0.11525527],0.0
292,WORRYE_W26,EDUCATION,Postgraduate,[0.05205446 0.52556765 0.42237788],0.00346238138921448
293,WORRYE_W26,EDUCATION,"Some college, no degree",[0.1259861  0.60088183 0.27313207],0.0
294,GUNSAFE_W26,EDUCATION,Associate's degree,[0.75994386 0.01021707 0.22983908],0.003365316372330644
295,GUNSAFE_W26,EDUCATION,College graduate/some postgrad,[0.61219688 0.03431568 0.35348744],0.002532065027985284
296,GUNSAFE_W26,EDUCATION,High school graduate,[0.73886663 0.02813277 0.23300061],0.0
297,GUNSAFE_W26,EDUCATION,Less than high school,[0.77917284 0.04350143 0.17732573],0.0
298,GUNSAFE_W26,EDUCATION,Postgraduate,[0.47319847 0.07170056 0.45510097],0.01081278181028908
299,GUNSAFE_W26,EDUCATION,"Some college, no degree",[0.70208689 0.03687529 0.26103782],0.0008502698166966354
300,GUNCONTRIBA_W26,EDUCATION,Associate's degree,[0.29151535 0.24414025 0.29059778 0.17374661],0.0015737074033495273
301,GUNCONTRIBA_W26,EDUCATION,College graduate/some postgrad,[0.38296297 0.23420704 0.24997937 0.13285061],0.0034973641967098487
302,GUNCONTRIBA_W26,EDUCATION,High school graduate,[0.26745383 0.29239306 0.30696854 0.13318457],0.007305005387138203
303,GUNCONTRIBA_W26,EDUCATION,Less than high school,[0.23325193 0.42061641 0.26264884 0.08348282],0.01937912929778169
304,GUNCONTRIBA_W26,EDUCATION,Postgraduate,[0.39482688 0.29793126 0.20781292 0.09942893],0.004867522528361856
305,GUNCONTRIBA_W26,EDUCATION,"Some college, no degree",[0.25739327 0.30180494 0.28346282 0.15733896],0.0017549997345544669
306,GUNACTIVITYA_W26,EDUCATION,Associate's degree,[0.03273385 0.14283597 0.1632672  0.66116298],0.0005807482617826568
307,GUNACTIVITYA_W26,EDUCATION,College graduate/some postgrad,[0.01595132 0.09938278 0.17006711 0.71459878],0.0010484218298928054
308,GUNACTIVITYA_W26,EDUCATION,High school graduate,[0.04816008 0.15075651 0.1419983  0.65908512],0.005159418937243068
309,GUNACTIVITYA_W26,EDUCATION,Less than high school,[0.01683007 0.08351398 0.2186183  0.68103765],0.006354792568591467
310,GUNACTIVITYA_W26,EDUCATION,Postgraduate,[0.01039157 0.08333778 0.1390176  0.76725305],0.0036004364263532043
311,GUNACTIVITYA_W26,EDUCATION,"Some college, no degree",[0.02680797 0.13460046 0.18247471 0.65611686],0.0019191483321724858
312,GUNRESPNOKIDSD_W26,EDUCATION,Associate's degree,[0.17427447 0.25368404 0.34640557 0.22563592],0.00252130144953343
313,GUNRESPNOKIDSD_W26,EDUCATION,College graduate/some postgrad,[0.17570984 0.20635218 0.41617211 0.20176586],0.006593800123622647
314,GUNRESPNOKIDSD_W26,EDUCATION,High school graduate,[0.14099579 0.21949863 0.46697017 0.17253541],0.002091341843801382
315,GUNRESPNOKIDSD_W26,EDUCATION,Less than high school,[0.42625518 0.02865749 0.24654898 0.29853835],0.0
316,GUNRESPNOKIDSD_W26,EDUCATION,Postgraduate,[0.20239317 0.22061915 0.48040865 0.09657903],0.0
317,GUNRESPNOKIDSD_W26,EDUCATION,"Some college, no degree",[0.13162135 0.22773949 0.44084919 0.19978997],0.002501253407844136
318,GROWUPGUN7_W26,EDUCATION,Associate's degree,[0.19668769 0.21684298 0.24450532 0.34196402],0.0
319,GROWUPGUN7_W26,EDUCATION,College graduate/some postgrad,[0.15629527 0.20812872 0.23745463 0.39812139],0.003055111973252951
320,GROWUPGUN7_W26,EDUCATION,High school graduate,[0.15369649 0.23433006 0.21532724 0.39664621],0.008398579462157814
321,GROWUPGUN7_W26,EDUCATION,Less than high school,[0.14533675 0.26601315 0.12030928 0.46834083],0.0
322,GROWUPGUN7_W26,EDUCATION,Postgraduate,[0.10475364 0.21096169 0.24360473 0.44067994],0.0030762142269127797
323,GROWUPGUN7_W26,EDUCATION,"Some college, no degree",[0.1713135  0.22868078 0.23910377 0.36090195],0.0010418070753979102
324,GUNRESPNOKIDSE_W26,EDUCATION,Associate's degree,[0.51500495 0.21518534 0.25104172 0.01876799],0.002094532342927868
325,GUNRESPNOKIDSE_W26,EDUCATION,College graduate/some postgrad,[0.50087615 0.27101256 0.17614082 0.05197048],0.005117662525143482
326,GUNRESPNOKIDSE_W26,EDUCATION,High school graduate,[0.45857133 0.17337104 0.18871167 0.17934596],0.002497125042614759
327,GUNRESPNOKIDSE_W26,EDUCATION,Less than high school,[0.59484243 0.03660632 0.18058765 0.18796361],0.062390715363817704
328,GUNRESPNOKIDSE_W26,EDUCATION,Postgraduate,[0.5461435  0.22430954 0.18588651 0.04366045],0.009225787644420674
329,GUNRESPNOKIDSE_W26,EDUCATION,"Some college, no degree",[0.47155458 0.26108372 0.19039414 0.07696756],0.003573098183301541
330,SAFECRIME_W26,EDUCATION,Associate's degree,[0.28079702 0.52464072 0.16028476 0.03427749],0.00900035306238223
331,SAFECRIME_W26,EDUCATION,College graduate/some postgrad,[0.34030631 0.55659454 0.08326911 0.01983005],0.0004693991176365069
332,SAFECRIME_W26,EDUCATION,High school graduate,[0.15633617 0.60220803 0.1660954  0.0753604 ],0.013181207427109915
333,SAFECRIME_W26,EDUCATION,Less than high school,[0.05694819 0.5440618  0.2622512  0.13673881],0.0
334,SAFECRIME_W26,EDUCATION,Postgraduate,[0.37682694 0.52458615 0.08471765 0.01386926],0.0010190103271491995
335,SAFECRIME_W26,EDUCATION,"Some college, no degree",[0.17933382 0.5954538  0.19946554 0.02574683],0.0
336,GUNTYPEOWNC_W26,EDUCATION,Associate's degree,[0.45519685 0.20633689 0.33846627],0.047980168256587324
337,GUNTYPEOWNC_W26,EDUCATION,College graduate/some postgrad,[0.41531082 0.18966425 0.39502493],0.013150699421430032
338,GUNTYPEOWNC_W26,EDUCATION,High school graduate,[0.44082448 0.19283465 0.36634086],0.0026924926061829718
339,GUNTYPEOWNC_W26,EDUCATION,Less than high school,[0.43709495 0.28448068 0.27842437],0.015487583026830471
340,GUNTYPEOWNC_W26,EDUCATION,Postgraduate,[0.31888104 0.21221181 0.46890715],0.02698404676896061
341,GUNTYPEOWNC_W26,EDUCATION,"Some college, no degree",[0.40850075 0.19808149 0.39341776],0.0248387051573132
342,EVEROWN_W26,EDUCATION,Associate's degree,[0.18031481 0.81968519],0.01569082619593307
343,EVEROWN_W26,EDUCATION,College graduate/some postgrad,[0.11369434 0.88630566],0.012755906186162536
344,EVEROWN_W26,EDUCATION,High school graduate,[0.15661425 0.84338575],0.023580493493117673
345,EVEROWN_W26,EDUCATION,Less than high school,[0.17811124 0.82188876],0.0015014011896035573
346,EVEROWN_W26,EDUCATION,Postgraduate,[0.11325352 0.88674648],0.011454152903777466
347,EVEROWN_W26,EDUCATION,"Some college, no degree",[0.17345375 0.82654625],0.015567645399106728
348,GUNCOMMUNITY_W26,EDUCATION,Associate's degree,[0.70621774 0.29378226],0.0077958480865901085
349,GUNCOMMUNITY_W26,EDUCATION,College graduate/some postgrad,[0.59544575 0.40455425],0.020826556735239816
350,GUNCOMMUNITY_W26,EDUCATION,High school graduate,[0.70165605 0.29834395],0.021814174537992646
351,GUNCOMMUNITY_W26,EDUCATION,Less than high school,[0.4655381 0.5344619],0.022695126946659726
352,GUNCOMMUNITY_W26,EDUCATION,Postgraduate,[0.57713548 0.42286452],0.020583503261628413
353,GUNCOMMUNITY_W26,EDUCATION,"Some college, no degree",[0.61778604 0.38221396],0.00730186297236713
354,GUNSOCIETY_W26,EDUCATION,Associate's degree,[0.36393107 0.63606893],0.006877683404881662
355,GUNSOCIETY_W26,EDUCATION,College graduate/some postgrad,[0.42093227 0.57906773],0.01929554645238663
356,GUNSOCIETY_W26,EDUCATION,High school graduate,[0.44025029 0.55974971],0.009469788593543615
357,GUNSOCIETY_W26,EDUCATION,Less than high school,[0.40112926 0.59887074],0.01937912929778169
358,GUNSOCIETY_W26,EDUCATION,Postgraduate,[0.37536969 0.62463031],0.02050817557157138
359,GUNSOCIETY_W26,EDUCATION,"Some college, no degree",[0.3885379 0.6114621],0.015902530649904212
360,GROWUPGUN1_W26,EDUCATION,Associate's degree,[0.53580965 0.36699663 0.09719371],0.0
361,GROWUPGUN1_W26,EDUCATION,College graduate/some postgrad,[0.49572154 0.45551321 0.04876525],0.0019346722273627323
362,GROWUPGUN1_W26,EDUCATION,High school graduate,[0.49903071 0.38377588 0.11719341],0.002111041458312987
363,GROWUPGUN1_W26,EDUCATION,Less than high school,[0.39899536 0.44524893 0.15575571],0.0
364,GROWUPGUN1_W26,EDUCATION,Postgraduate,[0.46619054 0.49432319 0.03948627],0.005842238741928523
365,GROWUPGUN1_W26,EDUCATION,"Some college, no degree",[0.49735596 0.40855083 0.09409322],0.0021276782740894543
366,GUNTHREAT_W26,EDUCATION,Associate's degree,[0.19865035 0.80134965],0.0
367,GUNTHREAT_W26,EDUCATION,College graduate/some postgrad,[0.17065328 0.82934672],0.0010484218298928056
368,GUNTHREAT_W26,EDUCATION,High school graduate,[0.21816975 0.78183025],0.0003962184501223859
369,GUNTHREAT_W26,EDUCATION,Less than high school,[0.25113031 0.74886969],0.0
370,GUNTHREAT_W26,EDUCATION,Postgraduate,[0.17907997 0.82092003],0.020851310913848994
371,GUNTHREAT_W26,EDUCATION,"Some college, no degree",[0.30620375 0.69379625],0.005152690356238137
372,GROWUPGUN4_W26,EDUCATION,Associate's degree,[0.24665416 0.48913894 0.26420691 0.        ],0.005791224375617905
373,GROWUPGUN4_W26,EDUCATION,College graduate/some postgrad,[0.17376069 0.47792812 0.34831119 0.        ],0.0027341769775160282
374,GROWUPGUN4_W26,EDUCATION,High school graduate,[0.23891181 0.44406146 0.31702672 0.        ],0.012720868683500678
375,GROWUPGUN4_W26,EDUCATION,Less than high school,[0.29119176 0.39295758 0.31585066 0.        ],0.0011084236379144817
376,GROWUPGUN4_W26,EDUCATION,Postgraduate,[0.23928734 0.43108614 0.32962652 0.        ],0.013651825937670534
377,GROWUPGUN4_W26,EDUCATION,"Some college, no degree",[0.22719925 0.45605659 0.31674416 0.        ],0.009646044941844989
378,GUNACTIVITYD_W26,EDUCATION,Associate's degree,[0.004769   0.06369268 0.14097624 0.79056207],0.0010477616399811574
379,GUNACTIVITYD_W26,EDUCATION,College graduate/some postgrad,[0.00241637 0.02411403 0.10596058 0.86750902],0.00406160005994544
380,GUNACTIVITYD_W26,EDUCATION,High school graduate,[0.01616422 0.04823786 0.12081229 0.81478563],0.0021356480771781727
381,GUNACTIVITYD_W26,EDUCATION,Less than high school,[0.         0.02991583 0.13971317 0.830371  ],0.0
382,GUNACTIVITYD_W26,EDUCATION,Postgraduate,[0.00665724 0.02773168 0.11412163 0.85148946],0.008283829952363557
383,GUNACTIVITYD_W26,EDUCATION,"Some college, no degree",[0.00811775 0.04099585 0.16146521 0.78942118],0.0020977286039714016
384,GUN1_W26,EDUCATION,Associate's degree,[0.34518346 0.65481654],0.0072266913308873465
385,GUN1_W26,EDUCATION,College graduate/some postgrad,[0.24174144 0.75825856],0.00985042132815798
386,GUN1_W26,EDUCATION,High school graduate,[0.28282657 0.71717343],0.023033775040167067
387,GUN1_W26,EDUCATION,Less than high school,[0.24834963 0.75165037],0.01953121048020552
388,GUN1_W26,EDUCATION,Postgraduate,[0.22661841 0.77338159],0.009980067088658227
389,GUN1_W26,EDUCATION,"Some college, no degree",[0.32858113 0.67141887],0.006324180104329658
390,GUNSAFETYKIDS_W26,EDUCATION,Associate's degree,[0.60600967 0.39399033 0.        ],0.0
391,GUNSAFETYKIDS_W26,EDUCATION,College graduate/some postgrad,[0.58567942 0.41312569 0.0011949 ],0.0
392,GUNSAFETYKIDS_W26,EDUCATION,High school graduate,[0.61978254 0.37282538 0.00739209],0.0
393,GUNSAFETYKIDS_W26,EDUCATION,Less than high school,[0.54478486 0.45521514 0.        ],0.0
394,GUNSAFETYKIDS_W26,EDUCATION,Postgraduate,[0.53508649 0.46491351 0.        ],0.0
395,GUNSAFETYKIDS_W26,EDUCATION,"Some college, no degree",[0.62144323 0.3611064  0.01745037],0.0
396,GUNACTIVITYC_W26,EDUCATION,Associate's degree,[0.00629789 0.07925724 0.11091236 0.80353251],0.0005807482617826568
397,GUNACTIVITYC_W26,EDUCATION,College graduate/some postgrad,[0.0034831  0.02625183 0.09361889 0.87664618],0.007947017596174138
398,GUNACTIVITYC_W26,EDUCATION,High school graduate,[0.03410881 0.07223781 0.16546748 0.72818591],0.0016708462464330867
399,GUNACTIVITYC_W26,EDUCATION,Less than high school,[0.01056107 0.10862261 0.19292154 0.68789478],0.0
400,GUNACTIVITYC_W26,EDUCATION,Postgraduate,[0.00479753 0.03226779 0.08498997 0.87794472],0.005560837166825812
401,GUNACTIVITYC_W26,EDUCATION,"Some college, no degree",[0.00439791 0.05420596 0.11823128 0.82316485],0.011094076140843753
402,EVERSHOT_W26,EDUCATION,Associate's degree,[0.77624191 0.22375809],0.0
403,EVERSHOT_W26,EDUCATION,College graduate/some postgrad,[0.72085908 0.27914092],0.007387118917857797
404,EVERSHOT_W26,EDUCATION,High school graduate,[0.73892616 0.26107384],0.0
405,EVERSHOT_W26,EDUCATION,Less than high school,[0.64125996 0.35874004],0.0
406,EVERSHOT_W26,EDUCATION,Postgraduate,[0.74047232 0.25952768],0.0018577350237955178
407,EVERSHOT_W26,EDUCATION,"Some college, no degree",[0.72400268 0.27599732],0.0005953109333198654
408,GUNACCESS_W26,EDUCATION,Associate's degree,[0.38221077 0.18782846 0.160716   0.26924477],0.0
409,GUNACCESS_W26,EDUCATION,College graduate/some postgrad,[0.3764341  0.15755714 0.09142874 0.37458003],0.008135867805080353
410,GUNACCESS_W26,EDUCATION,High school graduate,[0.39721446 0.18029135 0.09734427 0.32514992],0.0
411,GUNACCESS_W26,EDUCATION,Less than high school,[0.79170918 0.0210945  0.03089135 0.15630497],0.0
412,GUNACCESS_W26,EDUCATION,Postgraduate,[0.24952211 0.12846137 0.13955315 0.48246338],0.01613180092905801
413,GUNACCESS_W26,EDUCATION,"Some college, no degree",[0.32446601 0.21364745 0.17933395 0.28255259],0.0013281635774570926
414,GUNLOADED2_W26,EDUCATION,Associate's degree,[0.38563729 0.61436271],0.0
415,GUNLOADED2_W26,EDUCATION,College graduate/some postgrad,[0.27279888 0.72720112],0.005470778881097055
416,GUNLOADED2_W26,EDUCATION,High school graduate,[0.26829352 0.73170648],0.0
417,GUNLOADED2_W26,EDUCATION,Less than high school,[0.88999929 0.11000071],0.0
418,GUNLOADED2_W26,EDUCATION,Postgraduate,[0.16524502 0.83475498],0.0
419,GUNLOADED2_W26,EDUCATION,"Some college, no degree",[0.39137323 0.60862677],0.024321554349856535
420,GUNIDENTITY_W26,EDUCATION,Associate's degree,[0.24885628 0.23522811 0.27768635 0.23822927],0.0
421,GUNIDENTITY_W26,EDUCATION,College graduate/some postgrad,[0.21268121 0.18842332 0.33885974 0.26003573],0.0
422,GUNIDENTITY_W26,EDUCATION,High school graduate,[0.28556427 0.23267775 0.32304101 0.15871697],0.01851466350562906
423,GUNIDENTITY_W26,EDUCATION,Less than high school,[0.49926089 0.31190789 0.15746723 0.03136399],0.0
424,GUNIDENTITY_W26,EDUCATION,Postgraduate,[0.15547346 0.2234149  0.31723645 0.30387519],0.0
425,GUNIDENTITY_W26,EDUCATION,"Some college, no degree",[0.18521815 0.27188488 0.31616607 0.2267309 ],0.0
426,WORRYB_W26,EDUCATION,Associate's degree,[0.08893952 0.43461844 0.47644204],0.0
427,WORRYB_W26,EDUCATION,College graduate/some postgrad,[0.06301548 0.38107003 0.5559145 ],0.0018944423268789758
428,WORRYB_W26,EDUCATION,High school graduate,[0.25235772 0.44089278 0.3067495 ],0.0
429,WORRYB_W26,EDUCATION,Less than high school,[0.25386869 0.37901619 0.36711512],0.0
430,WORRYB_W26,EDUCATION,Postgraduate,[0.06682742 0.4103785  0.52279408],0.0029044872219951942
431,WORRYB_W26,EDUCATION,"Some college, no degree",[0.14270564 0.46373076 0.3935636 ],0.0007852212807722785
432,WORRYF_W26,EDUCATION,Associate's degree,[0.04264502 0.35267987 0.60467511],0.0
433,WORRYF_W26,EDUCATION,College graduate/some postgrad,[0.08283473 0.31682499 0.60034028],0.0006266305114146614
434,WORRYF_W26,EDUCATION,High school graduate,[0.14812783 0.38291695 0.46895522],0.002354051093091318
435,WORRYF_W26,EDUCATION,Less than high school,[0.32496327 0.4639563  0.21108043],0.0
436,WORRYF_W26,EDUCATION,Postgraduate,[0.0639979  0.35324935 0.58275275],0.004167691737240883
437,WORRYF_W26,EDUCATION,"Some college, no degree",[0.07389209 0.40102935 0.52507856],0.0
438,WORRYG_W26,EDUCATION,Associate's degree,[0.23931611 0.55859515 0.20208875],0.0
439,WORRYG_W26,EDUCATION,College graduate/some postgrad,[0.20848965 0.60467524 0.18683511],0.0017722020707172128
440,WORRYG_W26,EDUCATION,High school graduate,[0.35479153 0.47402802 0.17118045],0.0028570426705045032
441,WORRYG_W26,EDUCATION,Less than high school,[0.43494829 0.46767004 0.09738167],0.0
442,WORRYG_W26,EDUCATION,Postgraduate,[0.19632442 0.61918951 0.18448608],0.003156772496016458
443,WORRYG_W26,EDUCATION,"Some college, no degree",[0.29033274 0.52701448 0.18265278],0.000554039453297776
444,GUNCONTRIBD_W26,EDUCATION,Associate's degree,[0.27866238 0.42730124 0.25469374 0.03934264],0.008338836714284785
445,GUNCONTRIBD_W26,EDUCATION,College graduate/some postgrad,[0.24025738 0.3961505  0.31224173 0.05135038],0.002197047302889549
446,GUNCONTRIBD_W26,EDUCATION,High school graduate,[0.24217945 0.43062728 0.21133453 0.11585874],0.0
447,GUNCONTRIBD_W26,EDUCATION,Less than high school,[0.26673095 0.37492389 0.20817223 0.15017293],0.03941807809967902
448,GUNCONTRIBD_W26,EDUCATION,Postgraduate,[0.2364562  0.43802294 0.27881033 0.04671053],0.009801913288826812
449,GUNCONTRIBD_W26,EDUCATION,"Some college, no degree",[0.22449753 0.45361618 0.25266202 0.06922427],0.0016246029923015872
450,CRIMEVICTIM_W26,EDUCATION,Associate's degree,[0.19287171 0.80712829],0.0005807482617826568
451,CRIMEVICTIM_W26,EDUCATION,College graduate/some postgrad,[0.13480419 0.86519581],0.004048841363346058
452,CRIMEVICTIM_W26,EDUCATION,High school graduate,[0.23472126 0.76527874],0.003669962564085806
453,CRIMEVICTIM_W26,EDUCATION,Less than high school,[0.27373192 0.72626808],0.0
454,CRIMEVICTIM_W26,EDUCATION,Postgraduate,[0.16239735 0.83760265],0.0072449196789635744
455,CRIMEVICTIM_W26,EDUCATION,"Some college, no degree",[0.23297311 0.76702689],0.0026515961741338835
456,REASONGUND_W26,EDUCATION,Associate's degree,[0.12222859 0.29407026 0.58370115],0.0
457,REASONGUND_W26,EDUCATION,College graduate/some postgrad,[0.11491265 0.19115903 0.69392832],0.00929485196444147
458,REASONGUND_W26,EDUCATION,High school graduate,[0.14586287 0.31702694 0.53711019],0.000983892174976851
459,REASONGUND_W26,EDUCATION,Less than high school,[0.0086999  0.50474629 0.4865538 ],0.012600240413476306
460,REASONGUND_W26,EDUCATION,Postgraduate,[0.07056795 0.19089411 0.73853794],0.015068116265983192
461,REASONGUND_W26,EDUCATION,"Some college, no degree",[0.16625921 0.28772506 0.54601573],0.0012948207049807176
462,REASONGUNA_W26,EDUCATION,Associate's degree,[0.71573936 0.24253601 0.04172463],0.0
463,REASONGUNA_W26,EDUCATION,College graduate/some postgrad,[0.59174794 0.28028935 0.12796271],0.0013472826298067757
464,REASONGUNA_W26,EDUCATION,High school graduate,[0.73480974 0.20728729 0.05790297],0.0
465,REASONGUNA_W26,EDUCATION,Less than high school,[0.93254534 0.03278589 0.03466877],0.0
466,REASONGUNA_W26,EDUCATION,Postgraduate,[0.49348173 0.29621777 0.21030051],0.01506811626598319
467,REASONGUNA_W26,EDUCATION,"Some college, no degree",[0.65484961 0.29187116 0.05327923],0.0
0,IMPREASONGUN_W26,CITIZEN,No,[0.84500774 0.         0.15499226 0.         0.        ],0.0
1,IMPREASONGUN_W26,CITIZEN,Yes,[0.49375224 0.30263775 0.11869589 0.04314784 0.04176628],0.002945946352711747
2,GUNLOCKED2_W26,CITIZEN,Yes,[0.42986963 0.57013037],0.0
3,GUNRESPNOKIDSA_W26,CITIZEN,No,[0.73873111 0.20982708 0.04587102 0.00557079],0.0
4,GUNRESPNOKIDSA_W26,CITIZEN,Yes,[0.57729904 0.27144659 0.1209215  0.03033286],0.005578539739222405
5,GUNASSOCIATIONA_W26,CITIZEN,No,[0. 1.],0.0
6,GUNASSOCIATIONA_W26,CITIZEN,Yes,[0.11833237 0.88166763],0.0008863636202861042
7,GUNACTIVITYB_W26,CITIZEN,No,[0.01408735 0.14307036 0.17059081 0.67225148],0.0
8,GUNACTIVITYB_W26,CITIZEN,Yes,[0.05728133 0.2320267  0.24926877 0.4614232 ],0.004332908888654301
9,GUNSAFE2_W26,CITIZEN,No,[0.161184   0.17580438 0.66301162],0.0
10,GUNSAFE2_W26,CITIZEN,Yes,[0.29963776 0.19538013 0.50498211],0.001554689367724816
11,GUN_W26,CITIZEN,No,[0.05619195 0.94380805],0.0
12,GUN_W26,CITIZEN,Yes,[0.31964957 0.68035043],0.008720460313731861
13,GUNRESPKIDSF_W26,CITIZEN,No,[0.71378301 0.26054042 0.02386669 0.00180989],0.010506749106583743
14,GUNRESPKIDSF_W26,CITIZEN,Yes,[0.61153455 0.27394247 0.08163644 0.03288655],0.005383968094630575
15,WORRYA_W26,CITIZEN,No,[0.47197323 0.39112184 0.13690493],0.0
16,WORRYA_W26,CITIZEN,Yes,[0.1811687  0.54893104 0.26990026],0.0003577698460414476
17,GUNCONTRIBC_W26,CITIZEN,No,[0.31926063 0.29183475 0.34795428 0.04095034],0.00323949759210679
18,GUNCONTRIBC_W26,CITIZEN,Yes,[0.25177188 0.30375916 0.34518491 0.09928405],0.005433433386805344
19,WORRYD_W26,CITIZEN,No,[0.58698883 0.27283399 0.14017718],0.0
20,WORRYD_W26,CITIZEN,Yes,[0.32637298 0.41043349 0.26319353],0.003570365021173889
21,NOCARRYGUN_W26,CITIZEN,No,[1. 0.],0.0
22,NOCARRYGUN_W26,CITIZEN,Yes,[0.6169587 0.3830413],0.0
23,GUNACTIVITYE_W26,CITIZEN,No,[0.         0.03496629 0.08955573 0.87547799],0.0
24,GUNACTIVITYE_W26,CITIZEN,Yes,[0.0140622  0.08826739 0.1455926  0.7520778 ],0.0026409121784802887
25,GUNRESPKIDSA_W26,CITIZEN,No,[0.93885498 0.05020204 0.01094298 0.        ],0.00523091551421893
26,GUNRESPKIDSA_W26,CITIZEN,Yes,[0.81119018 0.15872685 0.02480391 0.00527906],0.004464471092098259
27,GUNLOADED1_W26,CITIZEN,No,[0.51853519 0.13207776 0.34938706],0.026329961933023716
28,GUNLOADED1_W26,CITIZEN,Yes,[0.13759826 0.38708247 0.47531927],0.013321217833027251
29,GUNLOCKED1_W26,CITIZEN,No,[0.42172759 0.02065056 0.55762185],0.026329961933023716
30,GUNLOCKED1_W26,CITIZEN,Yes,[0.42047467 0.27361143 0.3059139 ],0.01015253633098495
31,GROWUPGUN2B_W26,CITIZEN,No,[0.19882074 0.80117926],0.0
32,GROWUPGUN2B_W26,CITIZEN,Yes,[0.6798294 0.3201706],0.0033826310573341293
33,GUNCONTRIBB_W26,CITIZEN,No,[0.52390212 0.39822891 0.0721391  0.00572986],0.0
34,GUNCONTRIBB_W26,CITIZEN,Yes,[0.53446406 0.32769655 0.08751093 0.05032846],0.004757717972394039
35,GROWUPGUN6_W26,CITIZEN,No,[0.03608214 0.19650864 0.25154348 0.51586574],0.0
36,GROWUPGUN6_W26,CITIZEN,Yes,[0.06429551 0.19585663 0.23850765 0.50134021],0.003103391261240612
37,CARRYGUN_W26,CITIZEN,No,[0.         0.77949156 0.         0.22050844],0.0
38,CARRYGUN_W26,CITIZEN,Yes,[0.12360281 0.14427187 0.31696152 0.4151638 ],0.0014985656954591778
39,GUNCOURSES_W26,CITIZEN,No,[0.14617923 0.85382077],0.0
40,GUNCOURSES_W26,CITIZEN,Yes,[0.359641 0.640359],0.003179540141180161
41,GUNFRIEND_W26,CITIZEN,No,[0.11395499 0.34870743 0.53733757 0.        ],0.0
42,GUNFRIEND_W26,CITIZEN,Yes,[0.25915917 0.44738751 0.29345332 0.        ],0.0033859007280627055
43,GUNRESPKIDSB_W26,CITIZEN,No,[0.80748365 0.13938658 0.01504652 0.03808326],0.00523091551421893
44,GUNRESPKIDSB_W26,CITIZEN,Yes,[0.62763313 0.25408504 0.07635529 0.04192654],0.004186236817855541
45,WORLDDANGER_W26,CITIZEN,No,[0.12168324 0.6731328  0.20518395],0.0
46,WORLDDANGER_W26,CITIZEN,Yes,[0.09276792 0.69427386 0.21295822],0.005957222781826259
47,GUNKILLF2_W26,CITIZEN,No,[0.64658921 0.35341079],0.00523091551421893
48,GUNKILLF2_W26,CITIZEN,Yes,[0.75724816 0.24275184],0.00205661153725301
49,GUNRESPNOKIDSB_W26,CITIZEN,No,[0.61598527 0.28711738 0.08947061 0.00742675],0.0
50,GUNRESPNOKIDSB_W26,CITIZEN,Yes,[0.4706171  0.28121793 0.15205267 0.0961123 ],0.010711819696390257
51,GROWUPGUN2A_W26,CITIZEN,No,[0.73694068 0.26305932],0.0
52,GROWUPGUN2A_W26,CITIZEN,Yes,[0.60125817 0.39874183],0.002563523682919441
53,REASONGUNC_W26,CITIZEN,No,[0.89636562 0.0690053  0.03462908],0.0
54,REASONGUNC_W26,CITIZEN,Yes,[0.30023067 0.38484959 0.31491973],0.003551872624778927
55,SHOOTFREQ_W26,CITIZEN,No,[0.00340764 0.15908381 0.46069078 0.37681778],0.0
56,SHOOTFREQ_W26,CITIZEN,Yes,[0.05139162 0.20184994 0.29014435 0.4566141 ],0.004168668536288446
57,GROWUPVIOL_W26,CITIZEN,No,[0.05341742 0.17476606 0.36913841 0.40267811],0.0
58,GROWUPVIOL_W26,CITIZEN,Yes,[0.0468351  0.10194769 0.24895196 0.60226525],0.004319742127800831
59,REASONGUNB_W26,CITIZEN,No,[0.14123574 0.21715934 0.64160492],0.0
60,REASONGUNB_W26,CITIZEN,Yes,[0.38260917 0.22882337 0.38856746],0.001962774634529428
61,WORRYC_W26,CITIZEN,No,[0.28404838 0.49520838 0.22074324],0.0
62,WORRYC_W26,CITIZEN,Yes,[0.17535522 0.4287802  0.39586458],0.0022924202562397892
63,MARGUN_W26,CITIZEN,No,[0.8892329 0.1107671],0.0
64,MARGUN_W26,CITIZEN,Yes,[0.87396409 0.12603591],0.0037123570819529643
65,NEVEROWN_W26,CITIZEN,No,[0.74821158 0.25178842],0.0
66,NEVEROWN_W26,CITIZEN,Yes,[0.74022731 0.25977269],0.003955181911991156
67,GUNRESPKIDSC_W26,CITIZEN,No,[0.8108821  0.17817492 0.01094298 0.        ],0.00523091551421893
68,GUNRESPKIDSC_W26,CITIZEN,Yes,[0.71632233 0.24900403 0.02370349 0.01097015],0.004084596612410787
69,REASONGUNE_W26,CITIZEN,No,[0.64160492 0.11768389 0.2407112 ],0.0
70,REASONGUNE_W26,CITIZEN,Yes,[0.0763354  0.09715171 0.82651289],0.005430994223931522
71,GUNRESPNOKIDSG_W26,CITIZEN,No,[0.46712631 0.44928218 0.07660178 0.00698973],0.0
72,GUNRESPNOKIDSG_W26,CITIZEN,Yes,[0.48748149 0.36449445 0.1238313  0.02419276],0.006280006584916244
73,GUNCONTRIBE_W26,CITIZEN,No,[0.357464   0.32244982 0.20236863 0.11771754],0.0066094640095653665
74,GUNCONTRIBE_W26,CITIZEN,Yes,[0.27378793 0.31747099 0.27782274 0.13091834],0.0038594255315725556
75,GUNKILLF1_W26,CITIZEN,No,[0.65458449 0.34541551],0.0
76,GUNKILLF1_W26,CITIZEN,Yes,[0.74796168 0.25203832],0.01566856669073392
77,GUNCONTRIBF_W26,CITIZEN,No,[0.39632388 0.46625361 0.1191455  0.018277  ],0.0
78,GUNCONTRIBF_W26,CITIZEN,Yes,[0.28917731 0.44747054 0.22964998 0.03370217],0.004762593987921331
79,DEFENDGUN_W26,CITIZEN,No,[0.01413446 0.98586554],0.0026619184368784706
80,DEFENDGUN_W26,CITIZEN,Yes,[0.07517778 0.92482222],0.0034921798711243916
81,GUNRESPNOKIDSC_W26,CITIZEN,No,[0.80560848 0.1582455  0.03057522 0.00557079],0.0
82,GUNRESPNOKIDSC_W26,CITIZEN,Yes,[0.67556222 0.24262056 0.06960428 0.01221294],0.00711859981569587
83,GUNRESPKIDSD_W26,CITIZEN,No,[0.46901293 0.2595801  0.13198342 0.13942355],0.012962050778809568
84,GUNRESPKIDSD_W26,CITIZEN,Yes,[0.15395317 0.26394268 0.35323767 0.22886648],0.001456527523021312
85,GUNRESPKIDSE_W26,CITIZEN,No,[0.55275856 0.35614879 0.03740258 0.05369007],0.06351653871033398
86,GUNRESPKIDSE_W26,CITIZEN,Yes,[0.41355697 0.30710704 0.20998838 0.0693476 ],0.0039309358379045044
87,GROWUPGUN2C_W26,CITIZEN,No,[0.4598243 0.5401757],0.0
88,GROWUPGUN2C_W26,CITIZEN,Yes,[0.46010187 0.53989813],0.0023738872759465194
89,GUNRESPNOKIDSF_W26,CITIZEN,No,[0.56249164 0.28032691 0.12472411 0.03245734],0.0
90,GUNRESPNOKIDSF_W26,CITIZEN,Yes,[0.41786998 0.31792089 0.1801071  0.08410203],0.010021517894667603
91,GUNRESPKIDSH_W26,CITIZEN,No,[0.64355802 0.28469399 0.03707529 0.0346727 ],0.0052309155142189305
92,GUNRESPKIDSH_W26,CITIZEN,Yes,[0.92930678 0.05297854 0.01552282 0.00219186],0.005234236184061928
93,GUNRESPKIDSG_W26,CITIZEN,No,[0.45773448 0.30189847 0.13165014 0.10871691],0.06742118179265674
94,GUNRESPKIDSG_W26,CITIZEN,Yes,[0.47321277 0.38074663 0.12282797 0.02321262],0.004453745804211563
95,WORRYE_W26,CITIZEN,No,[0.24069272 0.59355689 0.16575039],0.0
96,WORRYE_W26,CITIZEN,Yes,[0.12195179 0.53794736 0.34010085],0.001115045128434888
97,GUNSAFE_W26,CITIZEN,No,[0.61687143 0.24606375 0.13706482],0.0
98,GUNSAFE_W26,CITIZEN,Yes,[0.68798379 0.03143425 0.28058196],0.002141378879465462
99,GUNCONTRIBA_W26,CITIZEN,No,[0.4586232  0.35060863 0.16610486 0.02466331],0.0
100,GUNCONTRIBA_W26,CITIZEN,Yes,[0.29319413 0.28923419 0.27951134 0.13806034],0.005873184005740183
101,GUNACTIVITYA_W26,CITIZEN,No,[0.0175848  0.0434552  0.18713551 0.75182449],0.0
102,GUNACTIVITYA_W26,CITIZEN,Yes,[0.02900539 0.12686804 0.16436628 0.67976029],0.003313807026760201
103,GUNRESPNOKIDSD_W26,CITIZEN,No,[0.4194478  0.21593402 0.14926148 0.21535671],0.0
104,GUNRESPNOKIDSD_W26,CITIZEN,Yes,[0.16368531 0.20967538 0.44066192 0.18597739],0.002741581052128396
105,GROWUPGUN7_W26,CITIZEN,No,[0.04405446 0.15023026 0.30885171 0.49686357],0.0
106,GROWUPGUN7_W26,CITIZEN,Yes,[0.16160853 0.23102176 0.21841273 0.38895698],0.003696374023671578
107,GUNRESPNOKIDSE_W26,CITIZEN,No,[0.83535697 0.04033735 0.12430568 0.        ],0.0
108,GUNRESPNOKIDSE_W26,CITIZEN,Yes,[0.48044801 0.217404   0.19600218 0.10614582],0.011502607480843436
109,SAFECRIME_W26,CITIZEN,No,[0.22000401 0.4616844  0.29790044 0.02041115],0.0
110,SAFECRIME_W26,CITIZEN,Yes,[0.22532118 0.57520088 0.15019168 0.04928626],0.0049498153290886806
111,GUNTYPEOWNC_W26,CITIZEN,No,[0.36397992 0.37934867 0.25667141],0.0
112,GUNTYPEOWNC_W26,CITIZEN,Yes,[0.41909921 0.20169334 0.37920745],0.018592431934384337
113,EVEROWN_W26,CITIZEN,No,[0.0759495 0.9240505],0.0
114,EVEROWN_W26,CITIZEN,Yes,[0.15623429 0.84376571],0.01629396400241069
115,GUNCOMMUNITY_W26,CITIZEN,No,[0.3035636 0.6964364],0.019278507794150617
116,GUNCOMMUNITY_W26,CITIZEN,Yes,[0.64420514 0.35579486],0.01675905497933065
117,GUNSOCIETY_W26,CITIZEN,No,[0.2322185 0.7677815],0.0
118,GUNSOCIETY_W26,CITIZEN,Yes,[0.41594526 0.58405474],0.015566613177172946
119,GROWUPGUN1_W26,CITIZEN,No,[0.26199502 0.68375537 0.05424962],0.0
120,GROWUPGUN1_W26,CITIZEN,Yes,[0.50090578 0.4054661  0.09362812],0.002267431746884261
121,GUNTHREAT_W26,CITIZEN,No,[0.20661128 0.79338872],0.036938241035237136
122,GUNTHREAT_W26,CITIZEN,Yes,[0.22819661 0.77180339],0.0023774064088886698
123,GROWUPGUN4_W26,CITIZEN,No,[0.11729765 0.48710859 0.39559376 0.        ],0.0
124,GROWUPGUN4_W26,CITIZEN,Yes,[0.23463901 0.45084168 0.31451931 0.        ],0.008994654084766627
125,GUNACTIVITYD_W26,CITIZEN,No,[0.         0.03364286 0.08070975 0.88564739],0.0
126,GUNACTIVITYD_W26,CITIZEN,Yes,[0.00852979 0.03979175 0.13329313 0.81838533],0.003089161253870974
127,GUN1_W26,CITIZEN,No,[0.09470096 0.90529904],0.0
128,GUN1_W26,CITIZEN,Yes,[0.29228721 0.70771279],0.014045446614063867
129,GUNSAFETYKIDS_W26,CITIZEN,No,[0.33739289 0.66260711 0.        ],0.0
130,GUNSAFETYKIDS_W26,CITIZEN,Yes,[0.61487804 0.37853011 0.00659185],0.0
131,GUNACTIVITYC_W26,CITIZEN,No,[0.         0.11476201 0.06693495 0.81830305],0.0
132,GUNACTIVITYC_W26,CITIZEN,Yes,[0.01401682 0.0559892  0.13248233 0.79751166],0.005536004878680548
133,EVERSHOT_W26,CITIZEN,No,[0.38642451 0.61357549],0.0
134,EVERSHOT_W26,CITIZEN,Yes,[0.74577878 0.25422122],0.0017990578782029509
135,GUNACCESS_W26,CITIZEN,No,[0.72465973 0.03462908 0.         0.2407112 ],0.0
136,GUNACCESS_W26,CITIZEN,Yes,[0.38395204 0.17172313 0.12515485 0.31916997],0.003146825274761766
137,GUNLOADED2_W26,CITIZEN,Yes,[0.32715399 0.67284601],0.006071967527808606
138,GUNIDENTITY_W26,CITIZEN,No,[0.72465973 0.         0.05818094 0.21715934],0.0
139,GUNIDENTITY_W26,CITIZEN,Yes,[0.24213825 0.24301855 0.3089477  0.2058955 ],0.005846220323073073
140,WORRYB_W26,CITIZEN,No,[0.35317228 0.35430955 0.29251817],0.0
141,WORRYB_W26,CITIZEN,Yes,[0.14437545 0.4295051  0.42611945],0.000938383589087953
142,WORRYF_W26,CITIZEN,No,[0.2490897  0.54211843 0.20879188],0.0
143,WORRYF_W26,CITIZEN,Yes,[0.10875363 0.36860323 0.52264314],0.0013255370722171256
144,WORRYG_W26,CITIZEN,No,[0.48564216 0.41795293 0.0964049 ],0.0
145,WORRYG_W26,CITIZEN,Yes,[0.28083695 0.54032646 0.17883659],0.001718459138150902
146,GUNCONTRIBD_W26,CITIZEN,No,[0.15968654 0.54961492 0.19886759 0.09183095],0.0
147,GUNCONTRIBD_W26,CITIZEN,Yes,[0.24652689 0.41961597 0.25396152 0.07989563],0.006658732476725984
148,CRIMEVICTIM_W26,CITIZEN,No,[0.18696783 0.81303217],0.0
149,CRIMEVICTIM_W26,CITIZEN,Yes,[0.20851101 0.79148899],0.003494601140766182
150,REASONGUND_W26,CITIZEN,No,[0.11768389 0.02355186 0.85876426],0.0
151,REASONGUND_W26,CITIZEN,Yes,[0.12747859 0.29092525 0.58159616],0.004402911053661772
152,REASONGUNA_W26,CITIZEN,No,[0.7592888 0.0690053 0.1717059],0.0
153,REASONGUNA_W26,CITIZEN,Yes,[0.68036238 0.24220832 0.0774293 ],0.00163567708448124
0,IMPREASONGUN_W26,MARITAL,Divorced,[0.49595712 0.33648966 0.12149059 0.01838839 0.02767425],0.0
1,IMPREASONGUN_W26,MARITAL,Married,[0.51576271 0.30530398 0.11666657 0.01716119 0.04510555],0.0007257316156127166
2,IMPREASONGUN_W26,MARITAL,Never been married,[0.45012541 0.18182655 0.18951502 0.11160449 0.06692854],0.015399074016562155
3,IMPREASONGUN_W26,MARITAL,Separated,[0.83689493 0.         0.         0.16310507 0.        ],0.0
4,IMPREASONGUN_W26,MARITAL,Widowed,[0.59198265 0.14798497 0.03119523 0.22883715 0.        ],0.0
5,GUNLOCKED2_W26,MARITAL,Divorced,[0.37674524 0.62325476],0.0
6,GUNLOCKED2_W26,MARITAL,Married,[0.51935427 0.48064573],0.0
7,GUNLOCKED2_W26,MARITAL,Never been married,[0.41234707 0.58765293],0.0
8,GUNLOCKED2_W26,MARITAL,Separated,[0.17036862 0.82963138],0.0
9,GUNLOCKED2_W26,MARITAL,Widowed,[0.18050386 0.81949614],0.0
10,GUNRESPNOKIDSA_W26,MARITAL,Divorced,[0.62335563 0.19589655 0.17465761 0.00609021],0.031650020706317124
11,GUNRESPNOKIDSA_W26,MARITAL,Married,[0.55229602 0.30915558 0.11303552 0.02551287],0.002970841509432407
12,GUNRESPNOKIDSA_W26,MARITAL,Never been married,[0.5768557  0.29141176 0.08830551 0.04342703],0.00035195967991422545
13,GUNRESPNOKIDSA_W26,MARITAL,Separated,[0.53458281 0.12064613 0.24427596 0.10049509],0.008223964540077084
14,GUNRESPNOKIDSA_W26,MARITAL,Widowed,[0.70267688 0.24312236 0.04063168 0.01356909],0.0
15,GUNASSOCIATIONA_W26,MARITAL,Divorced,[0.02993752 0.97006248],0.0
16,GUNASSOCIATIONA_W26,MARITAL,Married,[0.11137105 0.88862895],0.0002468341922376625
17,GUNASSOCIATIONA_W26,MARITAL,Never been married,[0.19183821 0.80816179],0.0
18,GUNASSOCIATIONA_W26,MARITAL,Separated,[0.00717668 0.99282332],0.0
19,GUNASSOCIATIONA_W26,MARITAL,Widowed,[0.07542408 0.92457592],0.013488362914767564
20,GUNACTIVITYB_W26,MARITAL,Divorced,[0.06178309 0.23824303 0.21660568 0.48336819],0.003383864555373838
21,GUNACTIVITYB_W26,MARITAL,Married,[0.05229169 0.21237478 0.2628789  0.47245463],0.0021978609881124524
22,GUNACTIVITYB_W26,MARITAL,Never been married,[0.06135297 0.2609448  0.25203058 0.42567165],0.00250580100991002
23,GUNACTIVITYB_W26,MARITAL,Separated,[0.04364655 0.23193161 0.18189579 0.54252605],0.0
24,GUNACTIVITYB_W26,MARITAL,Widowed,[0.02441463 0.21191068 0.17928521 0.58438947],0.029927929678928565
25,GUNSAFE2_W26,MARITAL,Divorced,[0.23856151 0.16106687 0.60037163],0.0062564981904052784
26,GUNSAFE2_W26,MARITAL,Married,[0.27749309 0.23028811 0.49221881],0.0003076631319549532
27,GUNSAFE2_W26,MARITAL,Never been married,[0.35051485 0.1672339  0.48225125],0.0
28,GUNSAFE2_W26,MARITAL,Separated,[0.24690645 0.1200059  0.63308764],0.0
29,GUNSAFE2_W26,MARITAL,Widowed,[0.26524489 0.12868996 0.60606515],0.002693599115447193
30,GUN_W26,MARITAL,Divorced,[0.27924612 0.72075388],0.0019935633807108537
31,GUN_W26,MARITAL,Married,[0.37273257 0.62726743],0.014653890022611594
32,GUN_W26,MARITAL,Never been married,[0.20110409 0.79889591],0.0012140114663419148
33,GUN_W26,MARITAL,Separated,[0.19099906 0.80900094],0.0
34,GUN_W26,MARITAL,Widowed,[0.27573267 0.72426733],0.006599097285608643
35,GUNRESPKIDSF_W26,MARITAL,Divorced,[0.63765114 0.2893232  0.06654119 0.00648447],0.008604715759281118
36,GUNRESPKIDSF_W26,MARITAL,Married,[0.59694774 0.28982911 0.08365948 0.02956367],0.004835003833506171
37,GUNRESPKIDSF_W26,MARITAL,Never been married,[0.60909839 0.26758059 0.09196111 0.0313599 ],0.0
38,GUNRESPKIDSF_W26,MARITAL,Separated,[0.83739051 0.13335885 0.02049151 0.00875913],0.01232024161555662
39,GUNRESPKIDSF_W26,MARITAL,Widowed,[0.59867571 0.32026872 0.03026433 0.05079124],0.019698800831729677
40,WORRYA_W26,MARITAL,Divorced,[0.20369677 0.57432863 0.2219746 ],0.0
41,WORRYA_W26,MARITAL,Married,[0.18144025 0.57362522 0.24493453],0.00012394272317708708
42,WORRYA_W26,MARITAL,Never been married,[0.21208345 0.48438231 0.30353424],0.00035195967991422545
43,WORRYA_W26,MARITAL,Separated,[0.20971984 0.47620433 0.31407584],0.0
44,WORRYA_W26,MARITAL,Widowed,[0.11677502 0.56531709 0.31790788],0.0
45,GUNCONTRIBC_W26,MARITAL,Divorced,[0.31270042 0.30540571 0.29791829 0.08397557],0.0319657648503019
46,GUNCONTRIBC_W26,MARITAL,Married,[0.25905233 0.32167122 0.33143313 0.08784332],0.003013383025471684
47,GUNCONTRIBC_W26,MARITAL,Never been married,[0.18853033 0.29675355 0.38551523 0.12920089],0.00035195967991422545
48,GUNCONTRIBC_W26,MARITAL,Separated,[0.32226295 0.23424954 0.43128679 0.01220072],0.0
49,GUNCONTRIBC_W26,MARITAL,Widowed,[0.52217617 0.26703222 0.18742231 0.02336931],0.0027735018272145966
50,WORRYD_W26,MARITAL,Divorced,[0.40980403 0.43730317 0.15289279],0.01530806467375109
51,WORRYD_W26,MARITAL,Married,[0.27966792 0.3848278  0.33550427],0.002413763346291107
52,WORRYD_W26,MARITAL,Never been married,[0.43225036 0.39718838 0.17056125],0.00028309494144942456
53,WORRYD_W26,MARITAL,Separated,[0.56133408 0.28662886 0.15203705],0.0
54,WORRYD_W26,MARITAL,Widowed,[0.1612823  0.47950749 0.35921021],0.0
55,NOCARRYGUN_W26,MARITAL,Divorced,[0.56587051 0.43412949],0.0
56,NOCARRYGUN_W26,MARITAL,Married,[0.6123119 0.3876881],0.0
57,NOCARRYGUN_W26,MARITAL,Never been married,[0.53201753 0.46798247],0.0
58,NOCARRYGUN_W26,MARITAL,Separated,[0.47006943 0.52993057],0.0
59,NOCARRYGUN_W26,MARITAL,Widowed,[0.72919449 0.27080551],0.0
60,GUNACTIVITYE_W26,MARITAL,Divorced,[0.0136583  0.09739386 0.14753826 0.74140958],0.005665335813961179
61,GUNACTIVITYE_W26,MARITAL,Married,[0.00734339 0.08507261 0.1584871  0.7490969 ],0.0014999781761431024
62,GUNACTIVITYE_W26,MARITAL,Never been married,[0.00857652 0.08004635 0.12692541 0.78445172],0.0015323790925544163
63,GUNACTIVITYE_W26,MARITAL,Separated,[0.03297933 0.06649832 0.14587851 0.75464385],0.010764249747027029
64,GUNACTIVITYE_W26,MARITAL,Widowed,[0.         0.05961246 0.0761484  0.86423915],0.0011048865341979166
65,GUNRESPKIDSA_W26,MARITAL,Divorced,[0.84226357 0.11137973 0.04506114 0.00129556],0.009669482930710805
66,GUNRESPKIDSA_W26,MARITAL,Married,[0.80967965 0.16591104 0.01745048 0.00695883],0.005725058714546447
67,GUNRESPKIDSA_W26,MARITAL,Never been married,[0.83306001 0.1587996  0.00653983 0.00160057],0.0007379779847485898
68,GUNRESPKIDSA_W26,MARITAL,Separated,[0.87886575 0.07596511 0.03641002 0.00875913],0.01232024161555662
69,GUNRESPKIDSA_W26,MARITAL,Widowed,[0.78428761 0.11242537 0.10328702 0.        ],0.0
70,GUNLOADED1_W26,MARITAL,Divorced,[0.1301832  0.55474747 0.31506933],0.00422274081620142
71,GUNLOADED1_W26,MARITAL,Married,[0.15914952 0.35015942 0.49069106],0.01621185641156197
72,GUNLOADED1_W26,MARITAL,Never been married,[0.07287428 0.40563825 0.52148747],0.0
73,GUNLOADED1_W26,MARITAL,Separated,[0.43771545 0.20701461 0.35526994],0.0
74,GUNLOADED1_W26,MARITAL,Widowed,[0.17792211 0.41132751 0.41075038],0.0513799739849289
75,GUNLOCKED1_W26,MARITAL,Divorced,[0.27049523 0.34992014 0.37958463],0.00723854218406634
76,GUNLOCKED1_W26,MARITAL,Married,[0.42952189 0.2671094  0.30336871],0.011647118399622984
77,GUNLOCKED1_W26,MARITAL,Never been married,[0.5352316  0.23731864 0.22744976],0.0
78,GUNLOCKED1_W26,MARITAL,Separated,[0.30861377 0.11470397 0.57668226],0.0
79,GUNLOCKED1_W26,MARITAL,Widowed,[0.41298817 0.17712241 0.40988943],0.051941447481699925
80,GROWUPGUN2B_W26,MARITAL,Divorced,[0.68091734 0.31908266],0.0
81,GROWUPGUN2B_W26,MARITAL,Married,[0.683339 0.316661],0.0016727640511823747
82,GROWUPGUN2B_W26,MARITAL,Never been married,[0.6109919 0.3890081],0.0006250274970843701
83,GROWUPGUN2B_W26,MARITAL,Separated,[0.35551867 0.64448133],0.0
84,GROWUPGUN2B_W26,MARITAL,Widowed,[0.85057203 0.14942797],0.00863941753505638
85,GUNCONTRIBB_W26,MARITAL,Divorced,[0.50829368 0.38019797 0.0754902  0.03601815],0.028283185549408018
86,GUNCONTRIBB_W26,MARITAL,Married,[0.54411308 0.31877509 0.08654262 0.05056921],0.0008251249627905673
87,GUNCONTRIBB_W26,MARITAL,Never been married,[0.50658639 0.3297168  0.11443242 0.04926439],0.0012766836382275292
88,GUNCONTRIBB_W26,MARITAL,Separated,[0.51383817 0.38317802 0.05401373 0.04897007],0.0
89,GUNCONTRIBB_W26,MARITAL,Widowed,[0.65637645 0.26334908 0.03545723 0.04481724],0.0
90,GROWUPGUN6_W26,MARITAL,Divorced,[0.06408777 0.21046381 0.14846967 0.57697875],0.0015404576872464872
91,GROWUPGUN6_W26,MARITAL,Married,[0.06337804 0.1938366  0.23899377 0.50379159],0.0013279630134166364
92,GROWUPGUN6_W26,MARITAL,Never been married,[0.05005483 0.15463929 0.3315815  0.46372437],0.006754924209672148
93,GROWUPGUN6_W26,MARITAL,Separated,[0.         0.33411224 0.07215532 0.59373244],0.0
94,GROWUPGUN6_W26,MARITAL,Widowed,[0.0663814  0.18201093 0.22687106 0.52473661],0.009764677239582926
95,CARRYGUN_W26,MARITAL,Divorced,[0.16643724 0.06328815 0.35437186 0.41590276],0.0014772797514428211
96,CARRYGUN_W26,MARITAL,Married,[0.12594747 0.19721047 0.28860921 0.38823285],0.0023267960548182154
97,CARRYGUN_W26,MARITAL,Never been married,[0.11901665 0.11309349 0.37437556 0.3935143 ],0.0
98,CARRYGUN_W26,MARITAL,Separated,[0.17042457 0.19113291 0.47942659 0.15901594],0.0
99,CARRYGUN_W26,MARITAL,Widowed,[0.00608409 0.07334549 0.18964779 0.73092263],0.0
100,GUNCOURSES_W26,MARITAL,Divorced,[0.35636055 0.64363945],0.004898057292281653
101,GUNCOURSES_W26,MARITAL,Married,[0.39347966 0.60652034],0.003395743465904585
102,GUNCOURSES_W26,MARITAL,Never been married,[0.26324321 0.73675679],0.00016643120204220383
103,GUNCOURSES_W26,MARITAL,Separated,[0.28253884 0.71746116],0.0
104,GUNCOURSES_W26,MARITAL,Widowed,[0.2827623 0.7172377],0.003555194162652308
105,GUNFRIEND_W26,MARITAL,Divorced,[0.27985413 0.40041838 0.31972749 0.        ],0.0
106,GUNFRIEND_W26,MARITAL,Married,[0.29482419 0.45453048 0.25064533 0.        ],0.0049227625037297496
107,GUNFRIEND_W26,MARITAL,Never been married,[0.16217462 0.45980506 0.37802032 0.        ],0.0011955415759158125
108,GUNFRIEND_W26,MARITAL,Separated,[0.14272806 0.50573885 0.35153309 0.        ],0.0
109,GUNFRIEND_W26,MARITAL,Widowed,[0.22095769 0.40141847 0.37762384 0.        ],0.0020623143927848892
110,GUNRESPKIDSB_W26,MARITAL,Divorced,[0.67362633 0.19809778 0.06010864 0.06816725],0.005818534060178192
111,GUNRESPKIDSB_W26,MARITAL,Married,[0.62862474 0.25293695 0.07667344 0.04176487],0.002585961420528946
112,GUNRESPKIDSB_W26,MARITAL,Never been married,[0.59060565 0.28398224 0.09382606 0.03158605],0.0024344850331342385
113,GUNRESPKIDSB_W26,MARITAL,Separated,[0.80810133 0.12108817 0.         0.07081051],0.02097145525469192
114,GUNRESPKIDSB_W26,MARITAL,Widowed,[0.65171759 0.24619704 0.0725991  0.02948627],0.016459229147631683
115,WORLDDANGER_W26,MARITAL,Divorced,[0.07866977 0.78573114 0.13559909],0.019656365472827234
116,WORLDDANGER_W26,MARITAL,Married,[0.08329636 0.750805   0.16589864],0.0031260652064601362
117,WORLDDANGER_W26,MARITAL,Never been married,[0.13835457 0.53373205 0.32791338],0.007888769571405264
118,WORLDDANGER_W26,MARITAL,Separated,[0.09447224 0.70345666 0.2020711 ],0.0
119,WORLDDANGER_W26,MARITAL,Widowed,[0.02140438 0.83993518 0.13866043],0.0
120,GUNKILLF2_W26,MARITAL,Divorced,[0.77125097 0.22874903],0.0017430365515888288
121,GUNKILLF2_W26,MARITAL,Married,[0.75468495 0.24531505],0.0025061639433130996
122,GUNKILLF2_W26,MARITAL,Never been married,[0.75322237 0.24677763],0.0
123,GUNKILLF2_W26,MARITAL,Separated,[0.79198735 0.20801265],0.01232024161555662
124,GUNKILLF2_W26,MARITAL,Widowed,[0.72083656 0.27916344],0.0013584545967787645
125,GUNRESPNOKIDSB_W26,MARITAL,Divorced,[0.48048194 0.21735651 0.19330332 0.10885823],0.03102406905689021
126,GUNRESPNOKIDSB_W26,MARITAL,Married,[0.44639794 0.30365419 0.16695791 0.08298996],0.008215399001658798
127,GUNRESPNOKIDSB_W26,MARITAL,Never been married,[0.50763806 0.28308432 0.1196075  0.08967012],0.00035195967991422545
128,GUNRESPNOKIDSB_W26,MARITAL,Separated,[0.37771277 0.25628388 0.11070485 0.2552985 ],0.008223964540077082
129,GUNRESPNOKIDSB_W26,MARITAL,Widowed,[0.52309753 0.28654704 0.06962306 0.12073238],0.024900106830989886
130,GROWUPGUN2A_W26,MARITAL,Divorced,[0.59122258 0.40877742],0.0
131,GROWUPGUN2A_W26,MARITAL,Married,[0.56058624 0.43941376],0.0027728049025795933
132,GROWUPGUN2A_W26,MARITAL,Never been married,[0.72527263 0.27472737],0.001438626218172559
133,GROWUPGUN2A_W26,MARITAL,Separated,[0.95107321 0.04892679],0.0
134,GROWUPGUN2A_W26,MARITAL,Widowed,[0.38370967 0.61629033],0.0042474744943534724
135,REASONGUNC_W26,MARITAL,Divorced,[0.26278641 0.46392395 0.27328964],0.00928450844809228
136,REASONGUNC_W26,MARITAL,Married,[0.29064256 0.40941978 0.29993766],0.004145459902218531
137,REASONGUNC_W26,MARITAL,Never been married,[0.40778173 0.27849937 0.3137189 ],0.0
138,REASONGUNC_W26,MARITAL,Separated,[0.26262159 0.04585039 0.69152802],0.0
139,REASONGUNC_W26,MARITAL,Widowed,[0.22498277 0.16318738 0.61182985],0.0031304170330349154
140,SHOOTFREQ_W26,MARITAL,Divorced,[0.04017712 0.14937177 0.2533208  0.55713031],0.0
141,SHOOTFREQ_W26,MARITAL,Married,[0.05194237 0.22971192 0.29518429 0.42316142],0.007578459639329613
142,SHOOTFREQ_W26,MARITAL,Never been married,[0.06574885 0.17295722 0.35022324 0.41107069],0.0
143,SHOOTFREQ_W26,MARITAL,Separated,[0.03112453 0.14128696 0.26630409 0.56128442],0.0
144,SHOOTFREQ_W26,MARITAL,Widowed,[0.01985264 0.12939643 0.19921849 0.65153244],0.0028309296024971544
145,GROWUPVIOL_W26,MARITAL,Divorced,[0.06271867 0.0718531  0.28069515 0.58473309],0.01954770266441382
146,GROWUPVIOL_W26,MARITAL,Married,[0.02538098 0.08356233 0.26205897 0.62899772],0.002367256063509459
147,GROWUPVIOL_W26,MARITAL,Never been married,[0.07391754 0.16916086 0.24057816 0.51634343],0.00039928908857250837
148,GROWUPVIOL_W26,MARITAL,Separated,[0.08520628 0.08810632 0.33664562 0.49004178],0.0
149,GROWUPVIOL_W26,MARITAL,Widowed,[0.0014096  0.05915561 0.2229165  0.71651829],0.0006688436620916812
150,REASONGUNB_W26,MARITAL,Divorced,[0.41631039 0.19108911 0.3926005 ],0.003478857379329573
151,REASONGUNB_W26,MARITAL,Married,[0.37873866 0.2496722  0.37158914],0.0024574277380434097
152,REASONGUNB_W26,MARITAL,Never been married,[0.37722749 0.25498979 0.36778271],0.0
153,REASONGUNB_W26,MARITAL,Separated,[0.1355952 0.2058405 0.6585643],0.0
154,REASONGUNB_W26,MARITAL,Widowed,[0.31225855 0.08240236 0.60533909],0.0031304170330349146
155,WORRYC_W26,MARITAL,Divorced,[0.18698649 0.46095526 0.35205825],0.0
156,WORRYC_W26,MARITAL,Married,[0.14701673 0.43623417 0.4167491 ],0.003123738009362133
157,WORRYC_W26,MARITAL,Never been married,[0.27035254 0.37806811 0.35157936],0.0
158,WORRYC_W26,MARITAL,Separated,[0.21487778 0.29827444 0.48684778],0.0
159,WORRYC_W26,MARITAL,Widowed,[0.0247628  0.38001998 0.59521723],0.010214950061222843
160,MARGUN_W26,MARITAL,Married,[0.87932589 0.12067411],0.004269089647844174
161,NEVEROWN_W26,MARITAL,Divorced,[0.69589959 0.30410041],0.0
162,NEVEROWN_W26,MARITAL,Married,[0.78441627 0.21558373],0.0049015716463005204
163,NEVEROWN_W26,MARITAL,Never been married,[0.72080189 0.27919811],0.0
164,NEVEROWN_W26,MARITAL,Separated,[0.76329054 0.23670946],0.0
165,NEVEROWN_W26,MARITAL,Widowed,[0.64008864 0.35991136],0.020220078486811864
166,GUNRESPKIDSC_W26,MARITAL,Divorced,[6.62175469e-01 3.04579628e-01 3.27212737e-02 5.23629415e-04],0.006660019215644462
167,GUNRESPKIDSC_W26,MARITAL,Married,[0.723989   0.24597934 0.02035464 0.00967702],0.0036299206075384003
168,GUNRESPKIDSC_W26,MARITAL,Never been married,[0.74876956 0.2354917  0.01016413 0.0055746 ],0.001455905779029181
169,GUNRESPKIDSC_W26,MARITAL,Separated,[0.76674908 0.16875207 0.03153105 0.0329678 ],0.01232024161555662
170,GUNRESPKIDSC_W26,MARITAL,Widowed,[0.59771264 0.31185645 0.06196146 0.02846946],0.012285975407320833
171,REASONGUNE_W26,MARITAL,Divorced,[0.11694192 0.16760095 0.71545713],0.0
172,REASONGUNE_W26,MARITAL,Married,[0.0850611  0.07102288 0.84391602],0.004182887118097818
173,REASONGUNE_W26,MARITAL,Never been married,[0.05477995 0.10507264 0.84014742],0.0
174,REASONGUNE_W26,MARITAL,Separated,[0.07985382 0.1355952  0.78455097],0.0
175,REASONGUNE_W26,MARITAL,Widowed,[0.06016257 0.18635377 0.75348365],0.054559907175719485
176,GUNRESPNOKIDSG_W26,MARITAL,Divorced,[0.5609473  0.32168962 0.08804705 0.02931604],0.03336874490938844
177,GUNRESPNOKIDSG_W26,MARITAL,Married,[0.47268687 0.39204734 0.12497041 0.01029538],0.0032566572034865558
178,GUNRESPNOKIDSG_W26,MARITAL,Never been married,[0.44407197 0.35777632 0.14407112 0.0540806 ],0.0003519596799142255
179,GUNRESPNOKIDSG_W26,MARITAL,Separated,[0.50361457 0.33012859 0.02218671 0.14407013],0.008223964540077082
180,GUNRESPNOKIDSG_W26,MARITAL,Widowed,[0.67188839 0.22195545 0.10352243 0.00263373],0.005925695845477092
181,GUNCONTRIBE_W26,MARITAL,Divorced,[0.3546978  0.28381793 0.22798518 0.13349909],0.011014625045671704
182,GUNCONTRIBE_W26,MARITAL,Married,[0.29571087 0.34695607 0.27416687 0.0831662 ],0.0017849652082755159
183,GUNCONTRIBE_W26,MARITAL,Never been married,[0.16669278 0.277659   0.33765465 0.21799357],0.0
184,GUNCONTRIBE_W26,MARITAL,Separated,[0.27637779 0.21268521 0.2550014  0.2559356 ],0.0
185,GUNCONTRIBE_W26,MARITAL,Widowed,[0.52452259 0.38878336 0.07660156 0.01009248],0.01976329502226785
186,GUNKILLF1_W26,MARITAL,Divorced,[0.80013995 0.19986005],0.0029707591251163083
187,GUNKILLF1_W26,MARITAL,Married,[0.76530337 0.23469663],0.016714264382575648
188,GUNKILLF1_W26,MARITAL,Never been married,[0.6637372 0.3362628],0.020359724540823337
189,GUNKILLF1_W26,MARITAL,Separated,[0.81428188 0.18571812],0.008223964540077082
190,GUNKILLF1_W26,MARITAL,Widowed,[0.77656791 0.22343209],0.004698298413317997
191,GUNCONTRIBF_W26,MARITAL,Divorced,[0.20929556 0.53520207 0.21193329 0.04356908],0.016980061109258805
192,GUNCONTRIBF_W26,MARITAL,Married,[0.30758287 0.44080695 0.21880057 0.03280961],0.0025059496740993748
193,GUNCONTRIBF_W26,MARITAL,Never been married,[0.27226116 0.41034477 0.29766176 0.01973231],0.0
194,GUNCONTRIBF_W26,MARITAL,Separated,[0.4165709  0.41483488 0.07978646 0.08880777],0.0
195,GUNCONTRIBF_W26,MARITAL,Widowed,[0.32997371 0.42613205 0.21167959 0.03221464],0.012285975407320833
196,DEFENDGUN_W26,MARITAL,Divorced,[0.1149498 0.8850502],0.003383864555373838
197,DEFENDGUN_W26,MARITAL,Married,[0.05186983 0.94813017],0.0031903056657596705
198,DEFENDGUN_W26,MARITAL,Never been married,[0.06329522 0.93670478],0.0001664312020422038
199,DEFENDGUN_W26,MARITAL,Separated,[0.15706404 0.84293596],0.01016141537270548
200,DEFENDGUN_W26,MARITAL,Widowed,[0.04382059 0.95617941],0.0006455166865325928
201,GUNRESPNOKIDSC_W26,MARITAL,Divorced,[0.57773297 0.22450959 0.17159802 0.02615942],0.03295731451446173
202,GUNRESPNOKIDSC_W26,MARITAL,Married,[0.65091377 0.28861796 0.05935258 0.00111569],0.004552757186235369
203,GUNRESPNOKIDSC_W26,MARITAL,Never been married,[0.79565643 0.14966197 0.01530368 0.03937793],0.0003519596799142255
204,GUNRESPNOKIDSC_W26,MARITAL,Separated,[0.58673942 0.31355993 0.09970066 0.        ],0.008223964540077082
205,GUNRESPNOKIDSC_W26,MARITAL,Widowed,[0.69519047 0.28542867 0.01938085 0.        ],0.00985982027588316
206,GUNRESPKIDSD_W26,MARITAL,Divorced,[0.13565369 0.31374639 0.29618472 0.2544152 ],0.0
207,GUNRESPKIDSD_W26,MARITAL,Married,[0.18240424 0.26117534 0.35185774 0.20456268],0.0
208,GUNRESPKIDSD_W26,MARITAL,Never been married,[0.19028972 0.20959781 0.34288674 0.25722572],0.0
209,GUNRESPKIDSD_W26,MARITAL,Separated,[0.3611659  0.38010294 0.07113566 0.18759549],0.025622297744200235
210,GUNRESPKIDSD_W26,MARITAL,Widowed,[0.1108071  0.26503973 0.40832234 0.21583082],0.0
211,GUNRESPKIDSE_W26,MARITAL,Divorced,[0.45785127 0.25228293 0.22578305 0.06408275],0.011178069271989183
212,GUNRESPKIDSE_W26,MARITAL,Married,[0.41948982 0.29546939 0.20041765 0.08462314],0.011847595526607524
213,GUNRESPKIDSE_W26,MARITAL,Never been married,[0.35843876 0.40124767 0.20322766 0.03708591],0.0
214,GUNRESPKIDSE_W26,MARITAL,Separated,[0.56440345 0.16331949 0.10802455 0.16425251],0.0
215,GUNRESPKIDSE_W26,MARITAL,Widowed,[0.56525291 0.19446297 0.19911915 0.04116497],0.0
216,GROWUPGUN2C_W26,MARITAL,Divorced,[0.49829831 0.50170169],0.00033579513030716264
217,GROWUPGUN2C_W26,MARITAL,Married,[0.44512998 0.55487002],0.004095441372190548
218,GROWUPGUN2C_W26,MARITAL,Never been married,[0.48746374 0.51253626],0.0
219,GROWUPGUN2C_W26,MARITAL,Separated,[0.37693053 0.62306947],0.0
220,GROWUPGUN2C_W26,MARITAL,Widowed,[0.35334915 0.64665085],0.0019356123997586
221,GUNRESPNOKIDSF_W26,MARITAL,Divorced,[0.44311953 0.28022602 0.19233546 0.08431899],0.03299452282466754
222,GUNRESPNOKIDSF_W26,MARITAL,Married,[0.4259875  0.30718234 0.17539473 0.09143543],0.010583548180971347
223,GUNRESPNOKIDSF_W26,MARITAL,Never been married,[0.40665108 0.39172995 0.13297963 0.06863934],0.002296155037622154
224,GUNRESPNOKIDSF_W26,MARITAL,Separated,[0.18723407 0.25940767 0.47986007 0.07349819],0.008223964540077082
225,GUNRESPNOKIDSF_W26,MARITAL,Widowed,[0.49073275 0.37861941 0.09688315 0.03376469],0.0
226,GUNRESPKIDSH_W26,MARITAL,Divorced,[0.91109429 0.08384454 0.00506117 0.        ],0.006299168623096413
227,GUNRESPKIDSH_W26,MARITAL,Married,[0.91806134 0.07156398 0.00581574 0.00455894],0.007260669295385681
228,GUNRESPKIDSH_W26,MARITAL,Never been married,[0.91803768 0.0491822  0.01739039 0.01538973],0.0
229,GUNRESPKIDSH_W26,MARITAL,Separated,[0.93524395 0.05599692 0.         0.00875913],0.01232024161555662
230,GUNRESPKIDSH_W26,MARITAL,Widowed,[0.91264595 0.01750541 0.06581637 0.00403227],0.0
231,GUNRESPKIDSG_W26,MARITAL,Divorced,[0.5098447  0.35859318 0.12267003 0.00889209],0.0066497896178254415
232,GUNRESPKIDSG_W26,MARITAL,Married,[0.43333565 0.4224489  0.11897724 0.02523822],0.0097076760116491
233,GUNRESPKIDSG_W26,MARITAL,Never been married,[0.50698916 0.36589605 0.12318627 0.00392853],0.002434485033134238
234,GUNRESPKIDSG_W26,MARITAL,Separated,[0.68791189 0.09505856 0.11265707 0.10437248],0.012320241615556622
235,GUNRESPKIDSG_W26,MARITAL,Widowed,[0.48191932 0.32089847 0.11220309 0.08497912],0.012285975407320833
236,WORRYE_W26,MARITAL,Divorced,[0.07749172 0.61712162 0.30538666],0.006299168623096413
237,WORRYE_W26,MARITAL,Married,[0.1169639  0.5296939  0.35334221],0.0
238,WORRYE_W26,MARITAL,Never been married,[0.13376063 0.59548653 0.27075283],0.0
239,WORRYE_W26,MARITAL,Separated,[0.35945226 0.32768931 0.31285843],0.0
240,WORRYE_W26,MARITAL,Widowed,[0.08862434 0.55227482 0.35910085],0.0
241,GUNSAFE_W26,MARITAL,Divorced,[7.98728611e-01 7.54715241e-04 2.00516674e-01],0.004136621857648903
242,GUNSAFE_W26,MARITAL,Married,[0.67565242 0.03302433 0.29132324],0.003072158299406984
243,GUNSAFE_W26,MARITAL,Never been married,[0.6756464  0.05146563 0.27288796],0.0
244,GUNSAFE_W26,MARITAL,Separated,[0.73333102 0.09309856 0.17357042],0.0
245,GUNSAFE_W26,MARITAL,Widowed,[0.54141366 0.01442375 0.44416259],0.0
246,GUNCONTRIBA_W26,MARITAL,Divorced,[0.33131113 0.29929962 0.23582136 0.1335679 ],0.01905749086184656
247,GUNCONTRIBA_W26,MARITAL,Married,[0.29442063 0.2749322  0.27233731 0.15830986],0.0048526010817570445
248,GUNCONTRIBA_W26,MARITAL,Never been married,[0.28282747 0.2943285  0.3089427  0.11390132],0.00016643120204220383
249,GUNCONTRIBA_W26,MARITAL,Separated,[0.46012515 0.1401793  0.27441952 0.12527603],0.008426044162001382
250,GUNCONTRIBA_W26,MARITAL,Widowed,[0.31518697 0.34111489 0.2507164  0.09298173],0.009408988949975126
251,GUNACTIVITYA_W26,MARITAL,Divorced,[0.03181306 0.11357653 0.15998936 0.69462105],0.01037649943129808
252,GUNACTIVITYA_W26,MARITAL,Married,[0.0320054  0.12817534 0.15737228 0.68244697],0.0017866526003790372
253,GUNACTIVITYA_W26,MARITAL,Never been married,[0.03173709 0.09307659 0.21862819 0.65655812],0.002741839780629898
254,GUNACTIVITYA_W26,MARITAL,Separated,[0.00699623 0.12416884 0.14952397 0.71931096],0.004334206437272607
255,GUNACTIVITYA_W26,MARITAL,Widowed,[0.00117075 0.08425274 0.06742978 0.84714673],0.0010696728860445232
256,GUNRESPNOKIDSD_W26,MARITAL,Divorced,[0.25645444 0.16254825 0.4023703  0.17862701],0.007524751627377923
257,GUNRESPNOKIDSD_W26,MARITAL,Married,[0.17920917 0.17321927 0.45124114 0.19633041],0.0035031902744464658
258,GUNRESPNOKIDSD_W26,MARITAL,Never been married,[0.12965931 0.28340283 0.41215528 0.17478258],0.0
259,GUNRESPNOKIDSD_W26,MARITAL,Separated,[0.         0.27039332 0.33491715 0.39468953],0.0
260,GUNRESPNOKIDSD_W26,MARITAL,Widowed,[0.29099229 0.30229239 0.23960102 0.1671143 ],0.0
261,GROWUPGUN7_W26,MARITAL,Divorced,[0.15262495 0.24322342 0.21000445 0.39414719],0.0029137406952807446
262,GROWUPGUN7_W26,MARITAL,Married,[0.16349587 0.24026437 0.20004595 0.39619381],0.0009784127721576997
263,GROWUPGUN7_W26,MARITAL,Never been married,[0.16832074 0.19964122 0.27665806 0.35537998],0.0012560780142295655
264,GROWUPGUN7_W26,MARITAL,Separated,[0.08181368 0.23588298 0.25098186 0.43132148],0.0
265,GROWUPGUN7_W26,MARITAL,Widowed,[0.08441311 0.13555323 0.15620802 0.62382564],0.029704671526351492
266,GUNRESPNOKIDSE_W26,MARITAL,Divorced,[0.49570294 0.14228324 0.21613619 0.14587763],0.05823873284488916
267,GUNRESPNOKIDSE_W26,MARITAL,Married,[0.48602737 0.1918081  0.24173744 0.0804271 ],0.0042823500644688555
268,GUNRESPNOKIDSE_W26,MARITAL,Never been married,[0.45537577 0.25045505 0.15974065 0.13442853],0.0006309239441592094
269,GUNRESPNOKIDSE_W26,MARITAL,Separated,[0.55170375 0.04366543 0.1896981  0.21493271],0.01221958884113881
270,GUNRESPNOKIDSE_W26,MARITAL,Widowed,[0.63629406 0.08000672 0.07366364 0.21003557],0.02094281506436155
271,SAFECRIME_W26,MARITAL,Divorced,[0.17956082 0.60987969 0.19504725 0.01551224],0.015172711738417222
272,SAFECRIME_W26,MARITAL,Married,[0.26373449 0.57081049 0.12312038 0.04233464],0.0009424674325888023
273,SAFECRIME_W26,MARITAL,Never been married,[0.18161758 0.56884352 0.17522616 0.07431274],0.0
274,SAFECRIME_W26,MARITAL,Separated,[0.23215268 0.36418695 0.31468073 0.08897964],0.0
275,SAFECRIME_W26,MARITAL,Widowed,[0.13988281 0.7380169  0.10115671 0.02094358],0.04178722110388989
276,GUNTYPEOWNC_W26,MARITAL,Divorced,[0.33011866 0.20868153 0.46119981],0.0015724053396185495
277,GUNTYPEOWNC_W26,MARITAL,Married,[0.4871857  0.16979544 0.34301887],0.02371014180417981
278,GUNTYPEOWNC_W26,MARITAL,Never been married,[0.42736593 0.26871564 0.30391842],0.0
279,GUNTYPEOWNC_W26,MARITAL,Separated,[0.20628479 0.11854064 0.67517457],0.0
280,GUNTYPEOWNC_W26,MARITAL,Widowed,[0.19058608 0.29025767 0.51915626],0.019326588628364724
281,EVEROWN_W26,MARITAL,Divorced,[0.21460322 0.78539678],0.012177941085237572
282,EVEROWN_W26,MARITAL,Married,[0.14717004 0.85282996],0.02165606925987937
283,EVEROWN_W26,MARITAL,Never been married,[0.09736046 0.90263954],0.007013325665494501
284,EVEROWN_W26,MARITAL,Separated,[0.17757722 0.82242278],0.0
285,EVEROWN_W26,MARITAL,Widowed,[0.25498965 0.74501035],0.005257695824086833
286,GUNCOMMUNITY_W26,MARITAL,Divorced,[0.59855373 0.40144627],0.029651630305688507
287,GUNCOMMUNITY_W26,MARITAL,Married,[0.67546935 0.32453065],0.015398773944096047
288,GUNCOMMUNITY_W26,MARITAL,Never been married,[0.55614886 0.44385114],0.018606894648325267
289,GUNCOMMUNITY_W26,MARITAL,Separated,[0.48525736 0.51474264],0.006191032508645091
290,GUNCOMMUNITY_W26,MARITAL,Widowed,[0.70926459 0.29073541],0.01946338121018263
291,GUNSOCIETY_W26,MARITAL,Divorced,[0.42927902 0.57072098],0.023840598699098728
292,GUNSOCIETY_W26,MARITAL,Married,[0.42313189 0.57686811],0.011570899438129842
293,GUNSOCIETY_W26,MARITAL,Never been married,[0.33563814 0.66436186],0.010639039032629034
294,GUNSOCIETY_W26,MARITAL,Separated,[0.36009426 0.63990574],0.0023418237829967137
295,GUNSOCIETY_W26,MARITAL,Widowed,[0.513545 0.486455],0.04856671633638773
296,GROWUPGUN1_W26,MARITAL,Divorced,[0.55406895 0.37341931 0.07251173],0.0032709261342386774
297,GROWUPGUN1_W26,MARITAL,Married,[0.51126962 0.40761151 0.08111887],0.002530225283744852
298,GROWUPGUN1_W26,MARITAL,Never been married,[0.42083945 0.49484875 0.0843118 ],0.0001664312020422038
299,GROWUPGUN1_W26,MARITAL,Separated,[0.36361931 0.57577085 0.06060984],0.0
300,GROWUPGUN1_W26,MARITAL,Widowed,[0.52732679 0.29432201 0.1783512 ],0.0
301,GUNTHREAT_W26,MARITAL,Divorced,[0.29060538 0.70939462],0.0009695207504365798
302,GUNTHREAT_W26,MARITAL,Married,[0.19352148 0.80647852],0.00473662210553936
303,GUNTHREAT_W26,MARITAL,Never been married,[0.23607594 0.76392406],0.00016643120204220377
304,GUNTHREAT_W26,MARITAL,Separated,[0.19602052 0.80397948],0.01016141537270548
305,GUNTHREAT_W26,MARITAL,Widowed,[0.15567452 0.84432548],0.003213874414431974
306,GROWUPGUN4_W26,MARITAL,Divorced,[0.27868543 0.34009662 0.38121794 0.        ],0.025335904034308864
307,GROWUPGUN4_W26,MARITAL,Married,[0.2462045  0.47721237 0.27658313 0.        ],0.007103148999054995
308,GROWUPGUN4_W26,MARITAL,Never been married,[0.16490158 0.47686338 0.35823504 0.        ],0.0011665536485172168
309,GROWUPGUN4_W26,MARITAL,Separated,[0.11694767 0.58905661 0.29399572 0.        ],0.0
310,GROWUPGUN4_W26,MARITAL,Widowed,[0.2638908  0.33845501 0.3976542  0.        ],0.003276777997749401
311,GUNACTIVITYD_W26,MARITAL,Divorced,[0.01878322 0.03255547 0.11368916 0.83497215],0.003383864555373838
312,GUNACTIVITYD_W26,MARITAL,Married,[0.00764905 0.03110912 0.11124379 0.84999805],0.0018666034065616102
313,GUNACTIVITYD_W26,MARITAL,Never been married,[0.00875215 0.04044187 0.1672772  0.78352878],0.003215080221358739
314,GUNACTIVITYD_W26,MARITAL,Separated,[0.         0.08351979 0.24253188 0.67394833],0.0
315,GUNACTIVITYD_W26,MARITAL,Widowed,[3.51588332e-04 4.05662639e-02 7.33668966e-02 8.85715251e-01],0.010391449693812733
316,GUN1_W26,MARITAL,Divorced,[0.1555576 0.8444424],0.0040252867528644985
317,GUN1_W26,MARITAL,Married,[0.35664363 0.64335637],0.016712938318065904
318,GUN1_W26,MARITAL,Never been married,[0.23487015 0.76512985],0.009498187366946513
319,GUN1_W26,MARITAL,Separated,[0.13339534 0.86660466],0.006965908754685277
320,GUN1_W26,MARITAL,Widowed,[0.1595679 0.8404321],0.03694926528104059
321,GUNSAFETYKIDS_W26,MARITAL,Divorced,[0.67105324 0.31118931 0.01775745],0.0
322,GUNSAFETYKIDS_W26,MARITAL,Married,[0.59240409 0.40685453 0.00074138],0.0
323,GUNSAFETYKIDS_W26,MARITAL,Never been married,[0.56685438 0.43314562 0.        ],0.0
324,GUNSAFETYKIDS_W26,MARITAL,Separated,[0.35411293 0.64588707 0.        ],0.0
325,GUNSAFETYKIDS_W26,MARITAL,Widowed,[0.79109579 0.20890421 0.        ],0.0
326,GUNACTIVITYC_W26,MARITAL,Divorced,[0.05232682 0.0386378  0.11109719 0.79793819],0.014498604429739052
327,GUNACTIVITYC_W26,MARITAL,Married,[0.01063175 0.05407297 0.13070542 0.80458986],0.0011777529562368378
328,GUNACTIVITYC_W26,MARITAL,Never been married,[0.00419725 0.07422565 0.12089289 0.8006842 ],0.0009572786809926475
329,GUNACTIVITYC_W26,MARITAL,Separated,[0.0155737  0.04947899 0.1139313  0.821016  ],0.004334206437272607
330,GUNACTIVITYC_W26,MARITAL,Widowed,[0.         0.02764685 0.1661737  0.80617944],0.029927929678928565
331,EVERSHOT_W26,MARITAL,Divorced,[0.81542432 0.18457568],0.00133991778199572
332,EVERSHOT_W26,MARITAL,Married,[0.77657229 0.22342771],0.0022784174826035084
333,EVERSHOT_W26,MARITAL,Never been married,[0.61024991 0.38975009],0.0013161042527410104
334,EVERSHOT_W26,MARITAL,Separated,[0.59532931 0.40467069],0.0
335,EVERSHOT_W26,MARITAL,Widowed,[0.6965366 0.3034634],0.0006455166865325929
336,GUNACCESS_W26,MARITAL,Divorced,[0.41508442 0.23197009 0.1685693  0.18437619],0.0009557909009471048
337,GUNACCESS_W26,MARITAL,Married,[0.40627423 0.15365391 0.10771251 0.33235934],0.004659650674000598
338,GUNACCESS_W26,MARITAL,Never been married,[0.34096606 0.17831077 0.13842862 0.34229455],0.0
339,GUNACCESS_W26,MARITAL,Separated,[0.54733025 0.00717668 0.27241882 0.17307424],0.0
340,GUNACCESS_W26,MARITAL,Widowed,[0.30089736 0.17203227 0.06442057 0.4626498 ],0.002166168102409531
341,GUNLOADED2_W26,MARITAL,Divorced,[0.51159503 0.48840497],0.0
342,GUNLOADED2_W26,MARITAL,Married,[0.28430714 0.71569286],0.0
343,GUNLOADED2_W26,MARITAL,Never been married,[0.20676949 0.79323051],0.0
344,GUNLOADED2_W26,MARITAL,Separated,[0.2178045 0.7821955],0.0
345,GUNLOADED2_W26,MARITAL,Widowed,[0.31192788 0.68807212],0.008529952537424374
346,GUNIDENTITY_W26,MARITAL,Divorced,[0.26915419 0.30640588 0.18012611 0.24431382],0.0
347,GUNIDENTITY_W26,MARITAL,Married,[0.25931802 0.20829203 0.3313008  0.20108914],0.0
348,GUNIDENTITY_W26,MARITAL,Never been married,[0.20920705 0.33004307 0.25589822 0.20485166],0.0
349,GUNIDENTITY_W26,MARITAL,Separated,[0.17892776 0.24996031 0.15449247 0.41661947],0.0
350,GUNIDENTITY_W26,MARITAL,Widowed,[0.24265888 0.22895716 0.20146537 0.32691859],0.1060889623091529
351,WORRYB_W26,MARITAL,Divorced,[0.12750838 0.49736591 0.37512571],0.0
352,WORRYB_W26,MARITAL,Married,[0.1396712  0.44509334 0.41523546],0.0007943821986842846
353,WORRYB_W26,MARITAL,Never been married,[0.18061685 0.38385306 0.43553008],0.00035195967991422545
354,WORRYB_W26,MARITAL,Separated,[0.11650274 0.51679562 0.36670164],0.013958026240755208
355,WORRYB_W26,MARITAL,Widowed,[0.13756253 0.4777669  0.38467057],0.0018770955076813048
356,WORRYF_W26,MARITAL,Divorced,[0.0848467  0.39340828 0.52174502],0.006188854783600565
357,WORRYF_W26,MARITAL,Married,[0.11356427 0.36208352 0.52435221],0.0004519566484666437
358,WORRYF_W26,MARITAL,Never been married,[0.11145021 0.37668174 0.51186805],0.0
359,WORRYF_W26,MARITAL,Separated,[0.28528667 0.30109266 0.41362066],0.0
360,WORRYF_W26,MARITAL,Widowed,[0.03478805 0.39976993 0.56544201],0.0
361,WORRYG_W26,MARITAL,Divorced,[0.29717208 0.56007921 0.14274871],0.0029137406952807446
362,WORRYG_W26,MARITAL,Married,[0.27287975 0.54927136 0.17784889],0.0012304423305203728
363,WORRYG_W26,MARITAL,Never been married,[0.30287043 0.51101834 0.18611123],0.0015861714880369229
364,WORRYG_W26,MARITAL,Separated,[0.50742572 0.2859479  0.20662638],0.0
365,WORRYG_W26,MARITAL,Widowed,[0.25379116 0.49489924 0.2513096 ],0.0
366,GUNCONTRIBD_W26,MARITAL,Divorced,[0.25265692 0.48599672 0.22162818 0.03971818],0.0319657648503019
367,GUNCONTRIBD_W26,MARITAL,Married,[0.25441731 0.39508441 0.26246749 0.08803079],0.003802928021541951
368,GUNCONTRIBD_W26,MARITAL,Never been married,[0.26136366 0.38494274 0.28004738 0.07364622],0.0031292627004106156
369,GUNCONTRIBD_W26,MARITAL,Separated,[0.15834425 0.74085794 0.0648015  0.03599631],0.008223964540077082
370,GUNCONTRIBD_W26,MARITAL,Widowed,[0.28133839 0.40778828 0.21927107 0.09160226],0.0
371,CRIMEVICTIM_W26,MARITAL,Divorced,[0.3143553 0.6856447],0.0037526775649634725
372,CRIMEVICTIM_W26,MARITAL,Married,[0.16885128 0.83114872],0.0042292219747068925
373,CRIMEVICTIM_W26,MARITAL,Never been married,[0.20313391 0.79686609],0.001028082898109587
374,CRIMEVICTIM_W26,MARITAL,Separated,[0.33503666 0.66496334],0.0
375,CRIMEVICTIM_W26,MARITAL,Widowed,[0.167119 0.832881],0.0006175884567196409
376,REASONGUND_W26,MARITAL,Divorced,[0.06464334 0.38932915 0.54602751],0.0
377,REASONGUND_W26,MARITAL,Married,[0.10930735 0.27016066 0.62053198],0.0057930272845555485
378,REASONGUND_W26,MARITAL,Never been married,[0.17726076 0.31721004 0.5055292 ],0.0
379,REASONGUND_W26,MARITAL,Separated,[0.06872009 0.01942355 0.91185636],0.06162729535052863
380,REASONGUND_W26,MARITAL,Widowed,[0.19618304 0.10664489 0.69717206],0.0031304170330349146
381,REASONGUNA_W26,MARITAL,Divorced,[0.6588163  0.30711697 0.03406673],0.0
382,REASONGUNA_W26,MARITAL,Married,[0.69048989 0.2304918  0.07901831],0.0028221112333583756
383,REASONGUNA_W26,MARITAL,Never been married,[0.66364134 0.25730855 0.07905012],0.0
384,REASONGUNA_W26,MARITAL,Separated,[0.94533415 0.02593049 0.02873536],0.0
385,REASONGUNA_W26,MARITAL,Widowed,[0.63561572 0.17790412 0.18648016],0.0
0,IMPREASONGUN_W26,RELIG,Agnostic,[0.5269166  0.17635639 0.25548757 0.         0.04123944],0.0
1,IMPREASONGUN_W26,RELIG,Atheist,[0.45089274 0.26005738 0.15089597 0.01691824 0.12123567],0.0
2,IMPREASONGUN_W26,RELIG,Buddhist,[0.23854541 0.76145459 0.         0.         0.        ],0.0
3,IMPREASONGUN_W26,RELIG,Hindu,[1. 0. 0. 0. 0.],0.0
4,IMPREASONGUN_W26,RELIG,Jewish,[1. 0. 0. 0. 0.],0.0
5,IMPREASONGUN_W26,RELIG,Mormon,[0.51876856 0.09759533 0.2657796  0.11785651 0.        ],0.0
6,IMPREASONGUN_W26,RELIG,Muslim,[1. 0. 0. 0. 0.],0.0
7,IMPREASONGUN_W26,RELIG,Nothing in particular,[0.67824524 0.14017156 0.12360483 0.02603184 0.03194653],0.013831893451387026
8,IMPREASONGUN_W26,RELIG,Orthodox,[0.         0.94523504 0.05476496 0.         0.        ],0.0
9,IMPREASONGUN_W26,RELIG,Other,[0.65754737 0.05429745 0.21264358 0.         0.07551161],0.0
10,IMPREASONGUN_W26,RELIG,Protestant,[0.49802934 0.33073896 0.08313905 0.05905483 0.02903781],0.0008441099116560651
11,IMPREASONGUN_W26,RELIG,Roman Catholic,[0.25335836 0.46470432 0.16670646 0.04177138 0.07345948],0.0
12,GUNLOCKED2_W26,RELIG,Agnostic,[0.35202748 0.64797252],0.0
13,GUNLOCKED2_W26,RELIG,Atheist,[0.31472643 0.68527357],0.0
14,GUNLOCKED2_W26,RELIG,Buddhist,[1. 0.],0.0
15,GUNLOCKED2_W26,RELIG,Hindu,[0. 1.],0.0
16,GUNLOCKED2_W26,RELIG,Jewish,[0.77378896 0.22621104],0.0
17,GUNLOCKED2_W26,RELIG,Mormon,[0.07170621 0.92829379],0.0
18,GUNLOCKED2_W26,RELIG,Muslim,[1. 0.],0.0
19,GUNLOCKED2_W26,RELIG,Nothing in particular,[0.5007236 0.4992764],0.0
20,GUNLOCKED2_W26,RELIG,Other,[1. 0.],0.0
21,GUNLOCKED2_W26,RELIG,Protestant,[0.45402798 0.54597202],0.0
22,GUNLOCKED2_W26,RELIG,Roman Catholic,[0.27697769 0.72302231],0.0
23,GUNRESPNOKIDSA_W26,RELIG,Agnostic,[0.5141891  0.32368086 0.1151365  0.04699355],0.0
24,GUNRESPNOKIDSA_W26,RELIG,Atheist,[0.59518193 0.26215987 0.11063867 0.03201952],0.0
25,GUNRESPNOKIDSA_W26,RELIG,Buddhist,[0.7110371 0.2889629 0.        0.       ],0.0
26,GUNRESPNOKIDSA_W26,RELIG,Hindu,[0.46228862 0.21577346 0.32193792 0.        ],0.018710929745953047
27,GUNRESPNOKIDSA_W26,RELIG,Jewish,[0.66666024 0.12863593 0.02071054 0.18399329],0.003117894255494038
28,GUNRESPNOKIDSA_W26,RELIG,Mormon,[0.51180128 0.48819872 0.         0.        ],0.004406504145436568
29,GUNRESPNOKIDSA_W26,RELIG,Muslim,[0.85491489 0.14508511 0.         0.        ],0.0
30,GUNRESPNOKIDSA_W26,RELIG,Nothing in particular,[0.55260761 0.27058953 0.15124255 0.02556031],0.0
31,GUNRESPNOKIDSA_W26,RELIG,Orthodox,[0.95375901 0.         0.04624099 0.        ],0.0
32,GUNRESPNOKIDSA_W26,RELIG,Other,[0.40182527 0.4070178  0.16118749 0.02996944],0.0
33,GUNRESPNOKIDSA_W26,RELIG,Protestant,[0.57777745 0.29056859 0.10319631 0.02845765],0.0030366732207519564
34,GUNRESPNOKIDSA_W26,RELIG,Roman Catholic,[0.63493638 0.20692735 0.14489869 0.01323759],0.0
35,GUNASSOCIATIONA_W26,RELIG,Agnostic,[0.02621008 0.97378992],0.0
36,GUNASSOCIATIONA_W26,RELIG,Atheist,[0.10108384 0.89891616],0.0
37,GUNASSOCIATIONA_W26,RELIG,Buddhist,[0.05725987 0.94274013],0.0
38,GUNASSOCIATIONA_W26,RELIG,Hindu,[0. 1.],0.0
39,GUNASSOCIATIONA_W26,RELIG,Jewish,[0.26886845 0.73113155],0.0
40,GUNASSOCIATIONA_W26,RELIG,Mormon,[0.38061329 0.61938671],0.0
41,GUNASSOCIATIONA_W26,RELIG,Muslim,[0. 1.],0.0
42,GUNASSOCIATIONA_W26,RELIG,Nothing in particular,[0.11042606 0.88957394],0.0
43,GUNASSOCIATIONA_W26,RELIG,Orthodox,[0.35404314 0.64595686],0.0
44,GUNASSOCIATIONA_W26,RELIG,Other,[0.21409211 0.78590789],0.0
45,GUNASSOCIATIONA_W26,RELIG,Protestant,[0.1219004 0.8780996],0.001807507039773873
46,GUNASSOCIATIONA_W26,RELIG,Roman Catholic,[0.10049292 0.89950708],0.0
47,GUNACTIVITYB_W26,RELIG,Agnostic,[0.02847568 0.16185114 0.30901887 0.50065431],0.0
48,GUNACTIVITYB_W26,RELIG,Atheist,[0.05904229 0.1528985  0.25835626 0.52970296],0.0
49,GUNACTIVITYB_W26,RELIG,Buddhist,[0.00542965 0.29515669 0.1995819  0.49983175],0.0
50,GUNACTIVITYB_W26,RELIG,Hindu,[0.00745029 0.06769209 0.22470945 0.70014817],0.0
51,GUNACTIVITYB_W26,RELIG,Jewish,[0.03427091 0.18850043 0.19174145 0.58548722],0.0015834129884909104
52,GUNACTIVITYB_W26,RELIG,Mormon,[0.03881499 0.26798323 0.32165485 0.37154694],0.0024213705319746995
53,GUNACTIVITYB_W26,RELIG,Muslim,[0.05970873 0.04592083 0.35861956 0.53575088],0.0
54,GUNACTIVITYB_W26,RELIG,Nothing in particular,[0.04141001 0.22439011 0.23933608 0.4948638 ],0.004147678512832379
55,GUNACTIVITYB_W26,RELIG,Orthodox,[0.         0.36567993 0.28279875 0.35152133],0.0
56,GUNACTIVITYB_W26,RELIG,Other,[0.11348739 0.15284923 0.31266505 0.42099833],0.0
57,GUNACTIVITYB_W26,RELIG,Protestant,[0.06529844 0.26530574 0.21848398 0.45091184],0.006434920709013158
58,GUNACTIVITYB_W26,RELIG,Roman Catholic,[0.04939584 0.2243354  0.27286643 0.45340233],0.002999743411494829
59,GUNSAFE2_W26,RELIG,Agnostic,[0.17982856 0.23582874 0.58434269],0.0
60,GUNSAFE2_W26,RELIG,Atheist,[0.11258729 0.44860581 0.43880689],0.00345563654870252
61,GUNSAFE2_W26,RELIG,Buddhist,[0.20984462 0.34498374 0.44517164],0.0
62,GUNSAFE2_W26,RELIG,Hindu,[0.         0.32394261 0.67605739],0.0
63,GUNSAFE2_W26,RELIG,Jewish,[0.26441369 0.2212687  0.51431761],0.0
64,GUNSAFE2_W26,RELIG,Mormon,[0.3272821  0.29931421 0.3734037 ],0.0
65,GUNSAFE2_W26,RELIG,Muslim,[0.44650725 0.0910646  0.46242815],0.0
66,GUNSAFE2_W26,RELIG,Nothing in particular,[0.23722108 0.24383697 0.51894194],0.0
67,GUNSAFE2_W26,RELIG,Orthodox,[0.06537867 0.25145569 0.68316564],0.0
68,GUNSAFE2_W26,RELIG,Other,[0.31238428 0.10436833 0.58324739],0.0
69,GUNSAFE2_W26,RELIG,Protestant,[0.35684389 0.14802429 0.49513183],0.0025322765042690262
70,GUNSAFE2_W26,RELIG,Roman Catholic,[0.30729232 0.16439009 0.52831759],0.0016501573016527288
71,GUN_W26,RELIG,Agnostic,[0.28917656 0.71082344],0.0
72,GUN_W26,RELIG,Atheist,[0.34367036 0.65632964],0.0013830880878374738
73,GUN_W26,RELIG,Buddhist,[0.09804651 0.90195349],0.0
74,GUN_W26,RELIG,Hindu,[0.07575412 0.92424588],0.0
75,GUN_W26,RELIG,Jewish,[0.0889844 0.9110156],0.01769565937638543
76,GUN_W26,RELIG,Mormon,[0.31500176 0.68499824],0.0024213705319746995
77,GUN_W26,RELIG,Muslim,[0.04482411 0.95517589],0.0
78,GUN_W26,RELIG,Nothing in particular,[0.31587928 0.68412072],0.01177161702010121
79,GUN_W26,RELIG,Orthodox,[0.36929455 0.63070545],0.0
80,GUN_W26,RELIG,Other,[0.24327053 0.75672947],0.004482229640344929
81,GUN_W26,RELIG,Protestant,[0.36306797 0.63693203],0.011768957345780394
82,GUN_W26,RELIG,Roman Catholic,[0.24818346 0.75181654],0.0030043736123938907
83,GUNRESPKIDSF_W26,RELIG,Agnostic,[0.64846673 0.25263455 0.07012892 0.02876979],0.0
84,GUNRESPKIDSF_W26,RELIG,Atheist,[0.56254109 0.22247399 0.16014609 0.05483883],0.0
85,GUNRESPKIDSF_W26,RELIG,Buddhist,[0.47392111 0.45323728 0.04840681 0.02443481],0.0
86,GUNRESPKIDSF_W26,RELIG,Hindu,[0.81755484 0.10130858 0.08113658 0.        ],0.05341238924599956
87,GUNRESPKIDSF_W26,RELIG,Jewish,[0.74170121 0.14257686 0.08177793 0.033944  ],0.0
88,GUNRESPKIDSF_W26,RELIG,Mormon,[0.61798779 0.32421468 0.05779753 0.        ],0.0
89,GUNRESPKIDSF_W26,RELIG,Muslim,[0.82553432 0.06844178 0.0448576  0.0611663 ],0.0
90,GUNRESPKIDSF_W26,RELIG,Nothing in particular,[0.59405572 0.2889576  0.08488794 0.03209874],0.0
91,GUNRESPKIDSF_W26,RELIG,Orthodox,[0.83949486 0.09366405 0.         0.06684109],0.0797688662394139
92,GUNRESPKIDSF_W26,RELIG,Other,[0.67198547 0.24020191 0.03680291 0.05100971],0.0
93,GUNRESPKIDSF_W26,RELIG,Protestant,[0.58141541 0.28919431 0.09147574 0.03791454],0.009548041818665016
94,GUNRESPKIDSF_W26,RELIG,Roman Catholic,[0.68513804 0.25937283 0.04407897 0.01141016],0.004590910995568216
95,WORRYA_W26,RELIG,Agnostic,[0.05535062 0.60205147 0.34259791],0.002733463160366602
96,WORRYA_W26,RELIG,Atheist,[0.0765037  0.57893512 0.34456118],0.0
97,WORRYA_W26,RELIG,Buddhist,[0.46119985 0.29571863 0.24308152],0.0
98,WORRYA_W26,RELIG,Hindu,[0.39090167 0.29048847 0.31860985],0.0
99,WORRYA_W26,RELIG,Jewish,[0.11386639 0.46016721 0.4259664 ],0.0028321948018931245
100,WORRYA_W26,RELIG,Mormon,[0.04499578 0.44132873 0.51367549],0.004406504145436568
101,WORRYA_W26,RELIG,Muslim,[0.31702131 0.48517326 0.19780543],0.0
102,WORRYA_W26,RELIG,Nothing in particular,[0.19524523 0.5705395  0.23421527],0.0
103,WORRYA_W26,RELIG,Orthodox,[0.29908116 0.63806474 0.0628541 ],0.0
104,WORRYA_W26,RELIG,Other,[0.20275604 0.33709242 0.46015154],0.0
105,WORRYA_W26,RELIG,Protestant,[0.20296915 0.55553568 0.24149517],0.0
106,WORRYA_W26,RELIG,Roman Catholic,[0.26086472 0.49520619 0.24392909],0.0
107,GUNCONTRIBC_W26,RELIG,Agnostic,[0.09344555 0.32278152 0.49725852 0.08651441],0.003845948602265201
108,GUNCONTRIBC_W26,RELIG,Atheist,[0.09005244 0.19453379 0.56770888 0.14770489],0.0
109,GUNCONTRIBC_W26,RELIG,Buddhist,[0.18726122 0.25546112 0.42604221 0.13123544],0.0
110,GUNCONTRIBC_W26,RELIG,Hindu,[0.59907541 0.19263883 0.20828577 0.        ],0.0
111,GUNCONTRIBC_W26,RELIG,Jewish,[0.19097309 0.15314638 0.43573297 0.22014757],0.0
112,GUNCONTRIBC_W26,RELIG,Mormon,[0.25099468 0.42687355 0.30890684 0.01322493],0.004406504145436568
113,GUNCONTRIBC_W26,RELIG,Muslim,[0.36027301 0.44672912 0.19299787 0.        ],0.0
114,GUNCONTRIBC_W26,RELIG,Nothing in particular,[0.23704623 0.26578515 0.32194091 0.1752277 ],0.002698578900280876
115,GUNCONTRIBC_W26,RELIG,Orthodox,[0.04603984 0.20864576 0.74531439 0.        ],0.0
116,GUNCONTRIBC_W26,RELIG,Other,[0.13440134 0.35202254 0.47665692 0.0369192 ],0.0
117,GUNCONTRIBC_W26,RELIG,Protestant,[0.31690839 0.32813456 0.26923974 0.08571731],0.0023782326493413043
118,GUNCONTRIBC_W26,RELIG,Roman Catholic,[0.27608155 0.30801114 0.36281915 0.05308817],0.0
119,WORRYD_W26,RELIG,Agnostic,[0.2804091  0.52310689 0.19648401],0.0
120,WORRYD_W26,RELIG,Atheist,[0.27067358 0.3900732  0.33925322],0.0
121,WORRYD_W26,RELIG,Buddhist,[0.69149469 0.08746249 0.22104282],0.0
122,WORRYD_W26,RELIG,Hindu,[0.33662575 0.32343607 0.33993817],0.0
123,WORRYD_W26,RELIG,Jewish,[0.32734256 0.2460692  0.42658825],0.0029345487036833763
124,WORRYD_W26,RELIG,Mormon,[0.20313937 0.60918138 0.18767925],0.06709595476280195
125,WORRYD_W26,RELIG,Muslim,[0.66002727 0.14063336 0.19933937],0.0
126,WORRYD_W26,RELIG,Nothing in particular,[0.39744648 0.38007848 0.22247504],0.002533216664302327
127,WORRYD_W26,RELIG,Orthodox,[0.37879239 0.41549682 0.20571079],0.0
128,WORRYD_W26,RELIG,Other,[0.60796168 0.28559323 0.10644509],0.0
129,WORRYD_W26,RELIG,Protestant,[0.29351814 0.40803392 0.29844795],0.003660447154769745
130,WORRYD_W26,RELIG,Roman Catholic,[0.33351032 0.46424151 0.20224817],0.0022504828802282317
131,NOCARRYGUN_W26,RELIG,Agnostic,[0.58263937 0.41736063],0.0
132,NOCARRYGUN_W26,RELIG,Atheist,[0.82759046 0.17240954],0.0
133,NOCARRYGUN_W26,RELIG,Buddhist,[0.74088572 0.25911428],0.0
134,NOCARRYGUN_W26,RELIG,Hindu,[1. 0.],0.0
135,NOCARRYGUN_W26,RELIG,Jewish,[1. 0.],0.0
136,NOCARRYGUN_W26,RELIG,Mormon,[0.55027147 0.44972853],0.0
137,NOCARRYGUN_W26,RELIG,Muslim,[1. 0.],0.0
138,NOCARRYGUN_W26,RELIG,Nothing in particular,[0.46916774 0.53083226],0.0
139,NOCARRYGUN_W26,RELIG,Other,[0.8596284 0.1403716],0.0
140,NOCARRYGUN_W26,RELIG,Protestant,[0.60992403 0.39007597],0.0
141,NOCARRYGUN_W26,RELIG,Roman Catholic,[0.68886103 0.31113897],0.0
142,GUNACTIVITYE_W26,RELIG,Agnostic,[0.01444237 0.07135642 0.15052661 0.7636746 ],0.00221944256339681
143,GUNACTIVITYE_W26,RELIG,Atheist,[0.         0.02011624 0.17654944 0.80333432],0.0
144,GUNACTIVITYE_W26,RELIG,Buddhist,[0.         0.         0.01777932 0.98222068],0.0
145,GUNACTIVITYE_W26,RELIG,Hindu,[0.07093307 0.         0.03053934 0.89852759],0.01272002583938872
146,GUNACTIVITYE_W26,RELIG,Jewish,[0.         0.07241684 0.05380665 0.87377651],0.0031846085446762306
147,GUNACTIVITYE_W26,RELIG,Mormon,[0.01836401 0.19362924 0.18452214 0.60348461],0.002421370531974699
148,GUNACTIVITYE_W26,RELIG,Muslim,[0.         0.         0.15951172 0.84048828],0.0
149,GUNACTIVITYE_W26,RELIG,Nothing in particular,[0.00219917 0.05887067 0.16424188 0.77468828],0.004013477814906531
150,GUNACTIVITYE_W26,RELIG,Orthodox,[0.20184251 0.01997949 0.11998926 0.65818875],0.0
151,GUNACTIVITYE_W26,RELIG,Other,[0.05493975 0.08607202 0.19560436 0.66338388],0.0
152,GUNACTIVITYE_W26,RELIG,Protestant,[0.01406763 0.11563418 0.15171685 0.71858133],0.002525779013291278
153,GUNACTIVITYE_W26,RELIG,Roman Catholic,[0.00985194 0.07860218 0.11568361 0.79586226],0.00164209707200532
154,GUNRESPKIDSA_W26,RELIG,Agnostic,[0.84010323 0.11278131 0.03307932 0.01403614],0.0
155,GUNRESPKIDSA_W26,RELIG,Atheist,[0.8306426  0.11845451 0.05090289 0.        ],0.0007852333519066142
156,GUNRESPKIDSA_W26,RELIG,Buddhist,[0.95159319 0.         0.04840681 0.        ],0.0
157,GUNRESPKIDSA_W26,RELIG,Hindu,[0.84316709 0.07569633 0.08113658 0.        ],0.05341238924599956
158,GUNRESPKIDSA_W26,RELIG,Jewish,[0.84286368 0.14870403 0.         0.0084323 ],0.0
159,GUNRESPKIDSA_W26,RELIG,Mormon,[0.89221393 0.10778607 0.         0.        ],0.0
160,GUNRESPKIDSA_W26,RELIG,Muslim,[0.91812011 0.03702229 0.0448576  0.        ],0.0
161,GUNRESPKIDSA_W26,RELIG,Nothing in particular,[0.79479678 0.18256073 0.01639478 0.00624771],0.0009818758670598511
162,GUNRESPKIDSA_W26,RELIG,Orthodox,[0.88959617 0.11040383 0.         0.        ],0.0
163,GUNRESPKIDSA_W26,RELIG,Other,[0.74529198 0.242221   0.0098832  0.00260382],0.0
164,GUNRESPKIDSA_W26,RELIG,Protestant,[0.78650356 0.17485764 0.03349054 0.00514825],0.00732782139696736
165,GUNRESPKIDSA_W26,RELIG,Roman Catholic,[0.86852765 0.12055777 0.00757394 0.00334063],0.0017390637191077058
166,GUNLOADED1_W26,RELIG,Agnostic,[0.12312778 0.45200194 0.42487028],0.002218132278963209
167,GUNLOADED1_W26,RELIG,Atheist,[0.06902373 0.34687365 0.58410262],0.001357975538301227
168,GUNLOADED1_W26,RELIG,Buddhist,[0.56844223 0.14692999 0.28462778],0.0
169,GUNLOADED1_W26,RELIG,Hindu,[0. 0. 1.],0.0
170,GUNLOADED1_W26,RELIG,Jewish,[0.17444959 0.60104635 0.22450406],0.0
171,GUNLOADED1_W26,RELIG,Mormon,[0.05277658 0.16302661 0.78419681],0.010221849909169667
172,GUNLOADED1_W26,RELIG,Muslim,[0.17864286 0.33493814 0.48641899],0.0
173,GUNLOADED1_W26,RELIG,Nothing in particular,[0.19029895 0.41221327 0.39748778],0.005331491965255849
174,GUNLOADED1_W26,RELIG,Orthodox,[0.         0.38267101 0.61732899],0.0
175,GUNLOADED1_W26,RELIG,Other,[0.03417158 0.50438042 0.461448  ],0.020955050377773538
176,GUNLOADED1_W26,RELIG,Protestant,[0.14953242 0.39939634 0.45107125],0.013696712676129309
177,GUNLOADED1_W26,RELIG,Roman Catholic,[0.14157165 0.33310467 0.52532368],0.03185200186852722
178,GUNLOCKED1_W26,RELIG,Agnostic,[0.38301829 0.24467432 0.37230738],0.004239287298562076
179,GUNLOCKED1_W26,RELIG,Atheist,[0.39075364 0.13436946 0.4748769 ],0.001357975538301227
180,GUNLOCKED1_W26,RELIG,Buddhist,[0.78686894 0.06620107 0.14692999],0.0
181,GUNLOCKED1_W26,RELIG,Hindu,[1. 0. 0.],0.0
182,GUNLOCKED1_W26,RELIG,Jewish,[0.15853572 0.56776967 0.27369461],0.0
183,GUNLOCKED1_W26,RELIG,Mormon,[0.59136918 0.06440524 0.34422558],0.010221849909169667
184,GUNLOCKED1_W26,RELIG,Muslim,[0.82135714 0.17864286 0.        ],0.0
185,GUNLOCKED1_W26,RELIG,Nothing in particular,[0.43850437 0.30585075 0.25564488],0.0008617591286025349
186,GUNLOCKED1_W26,RELIG,Orthodox,[0.63720951 0.35882973 0.00396076],0.0
187,GUNLOCKED1_W26,RELIG,Other,[0.45786155 0.31958853 0.22254992],0.0
188,GUNLOCKED1_W26,RELIG,Protestant,[0.38644527 0.27460564 0.33894909],0.014897622442849987
189,GUNLOCKED1_W26,RELIG,Roman Catholic,[0.44818024 0.26847052 0.28334924],0.015871849722152477
190,GROWUPGUN2B_W26,RELIG,Agnostic,[0.61985756 0.38014244],0.002377049340616479
191,GROWUPGUN2B_W26,RELIG,Atheist,[0.67800706 0.32199294],0.0
192,GROWUPGUN2B_W26,RELIG,Buddhist,[0.64608146 0.35391854],0.0
193,GROWUPGUN2B_W26,RELIG,Hindu,[1. 0.],0.0
194,GROWUPGUN2B_W26,RELIG,Jewish,[0.17413517 0.82586483],0.010415579721483095
195,GROWUPGUN2B_W26,RELIG,Mormon,[0.73797945 0.26202055],0.0
196,GROWUPGUN2B_W26,RELIG,Muslim,[0.50381603 0.49618397],0.0
197,GROWUPGUN2B_W26,RELIG,Nothing in particular,[0.61455508 0.38544492],0.004951135212480645
198,GROWUPGUN2B_W26,RELIG,Orthodox,[0.22053729 0.77946271],0.0
199,GROWUPGUN2B_W26,RELIG,Other,[0.6374709 0.3625291],0.0
200,GROWUPGUN2B_W26,RELIG,Protestant,[0.71894042 0.28105958],0.004749233506954164
201,GROWUPGUN2B_W26,RELIG,Roman Catholic,[0.62437093 0.37562907],0.0
202,GUNCONTRIBB_W26,RELIG,Agnostic,[0.5088246  0.37111977 0.10457018 0.01548544],0.0
203,GUNCONTRIBB_W26,RELIG,Atheist,[0.57231797 0.27561841 0.12205303 0.0300106 ],0.0
204,GUNCONTRIBB_W26,RELIG,Buddhist,[0.56019541 0.35948803 0.08031657 0.        ],0.0
205,GUNCONTRIBB_W26,RELIG,Hindu,[0.64872013 0.30393579 0.04734408 0.        ],0.0
206,GUNCONTRIBB_W26,RELIG,Jewish,[0.49789324 0.3048127  0.06244513 0.13484894],0.0
207,GUNCONTRIBB_W26,RELIG,Mormon,[0.46155166 0.30666583 0.20576051 0.026022  ],0.002421370531974699
208,GUNCONTRIBB_W26,RELIG,Muslim,[0.650457   0.07528234 0.2529552  0.02130547],0.0
209,GUNCONTRIBB_W26,RELIG,Nothing in particular,[0.45895222 0.36578385 0.0873842  0.08787973],0.0
210,GUNCONTRIBB_W26,RELIG,Orthodox,[0.35748898 0.40076425 0.03629174 0.20545503],0.0
211,GUNCONTRIBB_W26,RELIG,Other,[0.44487061 0.42717009 0.11497008 0.01298922],0.0
212,GUNCONTRIBB_W26,RELIG,Protestant,[0.54034183 0.32683699 0.08256368 0.0502575 ],0.005855249029009447
213,GUNCONTRIBB_W26,RELIG,Roman Catholic,[0.5992167  0.30529228 0.06958657 0.02590444],0.0009477191323485812
214,GROWUPGUN6_W26,RELIG,Agnostic,[0.04999758 0.12959589 0.28515561 0.53525092],0.0
215,GROWUPGUN6_W26,RELIG,Atheist,[0.02933045 0.19443167 0.41120819 0.3650297 ],0.0004800100268379547
216,GROWUPGUN6_W26,RELIG,Buddhist,[0.13384244 0.09234591 0.47574867 0.29806298],0.0
217,GROWUPGUN6_W26,RELIG,Hindu,[0.         0.22140134 0.05575997 0.72283868],0.0
218,GROWUPGUN6_W26,RELIG,Jewish,[0.01989315 0.07405993 0.21717469 0.68887223],0.0
219,GROWUPGUN6_W26,RELIG,Mormon,[0.19927981 0.22103354 0.25598868 0.32369797],0.0
220,GROWUPGUN6_W26,RELIG,Muslim,[0.         0.30376251 0.04972355 0.64651394],0.0
221,GROWUPGUN6_W26,RELIG,Nothing in particular,[0.05232454 0.20528329 0.25584909 0.48654308],0.007350477930901033
222,GROWUPGUN6_W26,RELIG,Orthodox,[0.25281224 0.02295247 0.20411096 0.52012433],0.0
223,GROWUPGUN6_W26,RELIG,Other,[0.06038139 0.23648928 0.26720907 0.43592026],0.0
224,GROWUPGUN6_W26,RELIG,Protestant,[0.06612611 0.20279947 0.20570243 0.52537199],0.0012484593432041302
225,GROWUPGUN6_W26,RELIG,Roman Catholic,[0.07039504 0.22106367 0.23506843 0.47347286],0.007083254685628521
226,CARRYGUN_W26,RELIG,Agnostic,[0.08576728 0.04705618 0.3059311  0.56124543],0.0
227,CARRYGUN_W26,RELIG,Atheist,[0.01071282 0.12665145 0.44317567 0.41946006],0.0
228,CARRYGUN_W26,RELIG,Buddhist,[0.         0.25929933 0.         0.74070067],0.0
229,CARRYGUN_W26,RELIG,Hindu,[0. 0. 0. 1.],0.0
230,CARRYGUN_W26,RELIG,Jewish,[0.02831498 0.67081982 0.23427702 0.06658818],0.0
231,CARRYGUN_W26,RELIG,Mormon,[0.0468941  0.0699376  0.53926141 0.34390688],0.0
232,CARRYGUN_W26,RELIG,Muslim,[0.36705785 0.4371679  0.         0.19577425],0.0
233,CARRYGUN_W26,RELIG,Nothing in particular,[0.0692286  0.17711763 0.33929359 0.41436018],0.0
234,CARRYGUN_W26,RELIG,Orthodox,[0. 0. 1. 0.],0.0
235,CARRYGUN_W26,RELIG,Other,[0.2508049  0.2747809  0.19223919 0.28217502],0.0
236,CARRYGUN_W26,RELIG,Protestant,[0.14849598 0.13793199 0.30594688 0.40762515],0.0008459966967705282
237,CARRYGUN_W26,RELIG,Roman Catholic,[0.1410466  0.15434396 0.28048558 0.42412385],0.00691354002116791
238,GUNCOURSES_W26,RELIG,Agnostic,[0.36082257 0.63917743],0.0
239,GUNCOURSES_W26,RELIG,Atheist,[0.4482753 0.5517247],0.0007360158312635041
240,GUNCOURSES_W26,RELIG,Buddhist,[0.33259756 0.66740244],0.0
241,GUNCOURSES_W26,RELIG,Hindu,[0.05460932 0.94539068],0.0
242,GUNCOURSES_W26,RELIG,Jewish,[0.27036588 0.72963412],0.0
243,GUNCOURSES_W26,RELIG,Mormon,[0.4093866 0.5906134],0.006739575385062177
244,GUNCOURSES_W26,RELIG,Muslim,[0.11649551 0.88350449],0.0
245,GUNCOURSES_W26,RELIG,Nothing in particular,[0.33095815 0.66904185],0.0003231581901666487
246,GUNCOURSES_W26,RELIG,Orthodox,[0.55871276 0.44128724],0.0
247,GUNCOURSES_W26,RELIG,Other,[0.32219496 0.67780504],0.0
248,GUNCOURSES_W26,RELIG,Protestant,[0.36253458 0.63746542],0.005300350284905641
249,GUNCOURSES_W26,RELIG,Roman Catholic,[0.33930758 0.66069242],0.0016975835821667338
250,GUNFRIEND_W26,RELIG,Agnostic,[0.17510825 0.50766562 0.31722612 0.        ],0.0
251,GUNFRIEND_W26,RELIG,Atheist,[0.19653147 0.45458948 0.34887905 0.        ],0.0041507875909322445
252,GUNFRIEND_W26,RELIG,Buddhist,[0.00807527 0.43016223 0.56176251 0.        ],0.0
253,GUNFRIEND_W26,RELIG,Hindu,[0.         0.34196558 0.65803442 0.        ],0.0
254,GUNFRIEND_W26,RELIG,Jewish,[0.11568619 0.33247524 0.55183858 0.        ],0.02643249912516215
255,GUNFRIEND_W26,RELIG,Mormon,[0.34342697 0.35767216 0.29890087 0.        ],0.0024483034773437762
256,GUNFRIEND_W26,RELIG,Muslim,[0.00733804 0.57579536 0.4168666  0.        ],0.0
257,GUNFRIEND_W26,RELIG,Nothing in particular,[0.24402583 0.44033877 0.31563541 0.        ],0.0017096851698678215
258,GUNFRIEND_W26,RELIG,Orthodox,[0.03685935 0.63101043 0.33213022 0.        ],0.0
259,GUNFRIEND_W26,RELIG,Other,[0.21970867 0.54780622 0.23248511 0.        ],0.001622497726993239
260,GUNFRIEND_W26,RELIG,Protestant,[0.31401834 0.42766626 0.2583154  0.        ],0.003692497545541761
261,GUNFRIEND_W26,RELIG,Roman Catholic,[0.21460099 0.45305984 0.33233917 0.        ],0.0019843012996061675
262,GUNRESPKIDSB_W26,RELIG,Agnostic,[0.68079194 0.19755368 0.07642503 0.04522935],0.0
263,GUNRESPKIDSB_W26,RELIG,Atheist,[0.61619032 0.2652158  0.11292543 0.00566846],0.0
264,GUNRESPKIDSB_W26,RELIG,Buddhist,[0.52183362 0.45373158 0.         0.02443481],0.0
265,GUNRESPKIDSB_W26,RELIG,Hindu,[0.79574419 0.18244516 0.         0.02181065],0.05341238924599956
266,GUNRESPKIDSB_W26,RELIG,Jewish,[0.73404862 0.12571861 0.03260823 0.10762454],0.004530388173721613
267,GUNRESPKIDSB_W26,RELIG,Mormon,[0.68969801 0.21683714 0.08357038 0.00989447],0.0
268,GUNRESPKIDSB_W26,RELIG,Muslim,[0.83425485 0.02484325 0.09990554 0.04099635],0.0
269,GUNRESPKIDSB_W26,RELIG,Nothing in particular,[0.6326994  0.26468197 0.07793752 0.02468111],0.0
270,GUNRESPKIDSB_W26,RELIG,Orthodox,[0.86908335 0.02051282 0.04889458 0.06150925],0.0
271,GUNRESPKIDSB_W26,RELIG,Other,[0.56412839 0.356719   0.00518777 0.07396485],0.0
272,GUNRESPKIDSB_W26,RELIG,Protestant,[0.58408595 0.29028141 0.08933042 0.03630222],0.006313238456094945
273,GUNRESPKIDSB_W26,RELIG,Roman Catholic,[0.72955983 0.15348259 0.04556208 0.0713955 ],0.005062613502030704
274,WORLDDANGER_W26,RELIG,Agnostic,[0.16944357 0.44802584 0.3825306 ],0.027848304324130636
275,WORLDDANGER_W26,RELIG,Atheist,[0.27084715 0.37821178 0.35094107],0.0
276,WORLDDANGER_W26,RELIG,Buddhist,[0.34946389 0.44302326 0.20751285],0.0
277,WORLDDANGER_W26,RELIG,Hindu,[0.23517764 0.60646077 0.15836159],0.0
278,WORLDDANGER_W26,RELIG,Jewish,[0.24960231 0.66491155 0.08548615],0.0
279,WORLDDANGER_W26,RELIG,Mormon,[0.05552927 0.6572896  0.28718114],0.0024213705319746995
280,WORLDDANGER_W26,RELIG,Muslim,[0.42630774 0.28686949 0.28682278],0.0
281,WORLDDANGER_W26,RELIG,Nothing in particular,[0.10762945 0.64591168 0.24645888],0.0
282,WORLDDANGER_W26,RELIG,Orthodox,[0.10838749 0.69061916 0.20099335],0.0
283,WORLDDANGER_W26,RELIG,Other,[0.04290563 0.68151176 0.27558261],0.0
284,WORLDDANGER_W26,RELIG,Protestant,[0.05609444 0.77678609 0.16711948],0.008490356297073273
285,WORLDDANGER_W26,RELIG,Roman Catholic,[0.05180507 0.75498046 0.19321447],0.0020194223333887032
286,GUNKILLF2_W26,RELIG,Agnostic,[0.68396316 0.31603684],0.0030854120734052147
287,GUNKILLF2_W26,RELIG,Atheist,[0.63164491 0.36835509],0.0
288,GUNKILLF2_W26,RELIG,Buddhist,[0.85385889 0.14614111],0.0
289,GUNKILLF2_W26,RELIG,Hindu,[0.66298715 0.33701285],0.05341238924599956
290,GUNKILLF2_W26,RELIG,Jewish,[0.40205805 0.59794195],0.0
291,GUNKILLF2_W26,RELIG,Mormon,[0.53326486 0.46673514],0.0
292,GUNKILLF2_W26,RELIG,Muslim,[0.77336318 0.22663682],0.0
293,GUNKILLF2_W26,RELIG,Nothing in particular,[0.7331958 0.2668042],0.0
294,GUNKILLF2_W26,RELIG,Orthodox,[0.78401076 0.21598924],0.0
295,GUNKILLF2_W26,RELIG,Other,[0.6787706 0.3212294],0.0
296,GUNKILLF2_W26,RELIG,Protestant,[0.81039689 0.18960311],0.00319795131780439
297,GUNKILLF2_W26,RELIG,Roman Catholic,[0.76548903 0.23451097],0.0
298,GUNRESPNOKIDSB_W26,RELIG,Agnostic,[0.36988721 0.47810865 0.13243563 0.0195685 ],0.0
299,GUNRESPNOKIDSB_W26,RELIG,Atheist,[0.51749792 0.28338591 0.09990169 0.09921448],0.0
300,GUNRESPNOKIDSB_W26,RELIG,Buddhist,[0.71294777 0.2276267  0.03531071 0.02411481],0.051813904663692956
301,GUNRESPNOKIDSB_W26,RELIG,Hindu,[0.45107206 0.4302512  0.10497829 0.01369845],0.018710929745953047
302,GUNRESPNOKIDSB_W26,RELIG,Jewish,[0.58230728 0.10521293 0.04361263 0.26886716],0.003117894255494038
303,GUNRESPNOKIDSB_W26,RELIG,Mormon,[0.2624251  0.68452254 0.05305236 0.        ],0.004406504145436568
304,GUNRESPNOKIDSB_W26,RELIG,Muslim,[0.50203331 0.49796669 0.         0.        ],0.0
305,GUNRESPNOKIDSB_W26,RELIG,Nothing in particular,[0.46857896 0.1720593  0.1929749  0.16638684],0.002204079559037356
306,GUNRESPNOKIDSB_W26,RELIG,Orthodox,[0.64784214 0.10339308 0.24876477 0.        ],0.0
307,GUNRESPNOKIDSB_W26,RELIG,Other,[0.25034318 0.2179972  0.44118424 0.09047539],0.0
308,GUNRESPNOKIDSB_W26,RELIG,Protestant,[0.48417939 0.28360759 0.14929209 0.08292093],0.005976196172395561
309,GUNRESPNOKIDSB_W26,RELIG,Roman Catholic,[0.50171685 0.28770853 0.13496313 0.0756115 ],0.009062287313130527
310,GROWUPGUN2A_W26,RELIG,Agnostic,[0.51586891 0.48413109],0.0
311,GROWUPGUN2A_W26,RELIG,Atheist,[0.53748791 0.46251209],0.001339572633053181
312,GROWUPGUN2A_W26,RELIG,Buddhist,[0.71273023 0.28726977],0.0
313,GROWUPGUN2A_W26,RELIG,Hindu,[0. 1.],0.0
314,GROWUPGUN2A_W26,RELIG,Jewish,[0.64270543 0.35729457],0.0
315,GROWUPGUN2A_W26,RELIG,Mormon,[0.70215968 0.29784032],0.0
316,GROWUPGUN2A_W26,RELIG,Muslim,[1. 0.],0.0
317,GROWUPGUN2A_W26,RELIG,Nothing in particular,[0.63201981 0.36798019],0.0028143385173564376
318,GROWUPGUN2A_W26,RELIG,Orthodox,[0.89658602 0.10341398],0.02103150808316672
319,GROWUPGUN2A_W26,RELIG,Other,[0.79791 0.20209],0.0
320,GROWUPGUN2A_W26,RELIG,Protestant,[0.61721666 0.38278334],0.0038258486108908208
321,GROWUPGUN2A_W26,RELIG,Roman Catholic,[0.57114939 0.42885061],0.0
322,REASONGUNC_W26,RELIG,Agnostic,[0.31518997 0.3283939  0.35641614],0.0
323,REASONGUNC_W26,RELIG,Atheist,[0.46049063 0.36775143 0.17175795],0.0
324,REASONGUNC_W26,RELIG,Buddhist,[0.93272849 0.06727151 0.        ],0.05725987150664278
325,REASONGUNC_W26,RELIG,Hindu,[0. 0. 1.],0.0
326,REASONGUNC_W26,RELIG,Jewish,[0.41247615 0.52084962 0.06667423],0.0
327,REASONGUNC_W26,RELIG,Mormon,[0.39677402 0.54450358 0.05872239],0.0
328,REASONGUNC_W26,RELIG,Muslim,[0.80422575 0.         0.19577425],0.0
329,REASONGUNC_W26,RELIG,Nothing in particular,[0.29406849 0.39292459 0.31300692],0.0
330,REASONGUNC_W26,RELIG,Orthodox,[0.05410178 0.93917752 0.00672069],0.0
331,REASONGUNC_W26,RELIG,Other,[0.36837462 0.42729677 0.2043286 ],0.0
332,REASONGUNC_W26,RELIG,Protestant,[0.28609459 0.3728882  0.34101722],0.006012092987156686
333,REASONGUNC_W26,RELIG,Roman Catholic,[0.31683263 0.3465255  0.33664187],0.00286907791899753
334,SHOOTFREQ_W26,RELIG,Agnostic,[0.05211861 0.13215355 0.3024009  0.51332694],0.0
335,SHOOTFREQ_W26,RELIG,Atheist,[0.03601502 0.16368996 0.32397842 0.47631659],0.0016621829383392744
336,SHOOTFREQ_W26,RELIG,Buddhist,[0.01577814 0.13489374 0.45059267 0.39873545],0.0
337,SHOOTFREQ_W26,RELIG,Hindu,[0.         0.         0.27122933 0.72877067],0.0
338,SHOOTFREQ_W26,RELIG,Jewish,[0.02817223 0.18067178 0.28411518 0.50704081],0.0
339,SHOOTFREQ_W26,RELIG,Mormon,[0.         0.24877442 0.44744219 0.30378339],0.0
340,SHOOTFREQ_W26,RELIG,Muslim,[0.         0.06191685 0.45148508 0.48659807],0.0
341,SHOOTFREQ_W26,RELIG,Nothing in particular,[0.04254717 0.22349891 0.27816759 0.45578634],0.01464093553755695
342,SHOOTFREQ_W26,RELIG,Orthodox,[0.02344703 0.3908191  0.10731728 0.47841659],0.0
343,SHOOTFREQ_W26,RELIG,Other,[0.09554804 0.17287405 0.20806772 0.52351019],0.0
344,SHOOTFREQ_W26,RELIG,Protestant,[0.05650069 0.22030833 0.2645686  0.45862238],0.0009457826154203106
345,SHOOTFREQ_W26,RELIG,Roman Catholic,[0.05655907 0.17812898 0.36588756 0.39942439],0.005953867837793656
346,GROWUPVIOL_W26,RELIG,Agnostic,[0.01742825 0.05544193 0.31987268 0.60725714],0.004466094495703811
347,GROWUPVIOL_W26,RELIG,Atheist,[0.03557964 0.11007728 0.20731783 0.64702525],0.0
348,GROWUPVIOL_W26,RELIG,Buddhist,[0.00559786 0.04693708 0.40992989 0.53753518],0.0
349,GROWUPVIOL_W26,RELIG,Hindu,[0.14473332 0.2250644  0.25970831 0.37049398],0.0
350,GROWUPVIOL_W26,RELIG,Jewish,[0.02753243 0.04330479 0.25753047 0.67163231],0.0
351,GROWUPVIOL_W26,RELIG,Mormon,[0.00179237 0.035727   0.47306798 0.48941264],0.002421370531974699
352,GROWUPVIOL_W26,RELIG,Muslim,[0.10925594 0.07218808 0.40881369 0.40974229],0.0
353,GROWUPVIOL_W26,RELIG,Nothing in particular,[0.06801514 0.13927339 0.24403338 0.54867808],0.0
354,GROWUPVIOL_W26,RELIG,Orthodox,[0.         0.20184251 0.11182334 0.68633416],0.0
355,GROWUPVIOL_W26,RELIG,Other,[0.11196026 0.17407093 0.14930516 0.56466365],0.0021838198132899094
356,GROWUPVIOL_W26,RELIG,Protestant,[0.03680755 0.08583854 0.24011891 0.63723501],0.003901316154154784
357,GROWUPVIOL_W26,RELIG,Roman Catholic,[0.0547573  0.1488038  0.26336715 0.53307175],0.001239780806835713
358,REASONGUNB_W26,RELIG,Agnostic,[0.33960116 0.18731427 0.47308457],0.0
359,REASONGUNB_W26,RELIG,Atheist,[0.38227754 0.24896474 0.36875772],0.0
360,REASONGUNB_W26,RELIG,Buddhist,[0.71023039 0.13161179 0.15815782],0.05725987150664277
361,REASONGUNB_W26,RELIG,Hindu,[0.         0.60199024 0.39800976],0.0
362,REASONGUNB_W26,RELIG,Jewish,[0.63959944 0.         0.36040056],0.0
363,REASONGUNB_W26,RELIG,Mormon,[0.29188318 0.59478197 0.11333485],0.0
364,REASONGUNB_W26,RELIG,Muslim,[0.36705785 0.         0.63294215],0.0
365,REASONGUNB_W26,RELIG,Nothing in particular,[0.36891857 0.13724259 0.49383884],0.0
366,REASONGUNB_W26,RELIG,Orthodox,[0.59162634 0.40165297 0.00672069],0.0
367,REASONGUNB_W26,RELIG,Other,[0.3114213  0.33436007 0.35421863],0.0
368,REASONGUNB_W26,RELIG,Protestant,[0.40104126 0.25836837 0.34059037],0.002904505964816997
369,REASONGUNB_W26,RELIG,Roman Catholic,[0.35833991 0.16294655 0.47871354],0.00243520125333508
370,WORRYC_W26,RELIG,Agnostic,[0.04220132 0.488191   0.46960767],0.0
371,WORRYC_W26,RELIG,Atheist,[0.13263135 0.40042846 0.46694019],0.007043767750970561
372,WORRYC_W26,RELIG,Buddhist,[0.3954879  0.18893623 0.41557588],0.0
373,WORRYC_W26,RELIG,Hindu,[0.32404287 0.47202128 0.20393585],0.0
374,WORRYC_W26,RELIG,Jewish,[0.04721257 0.5707952  0.38199223],0.0
375,WORRYC_W26,RELIG,Mormon,[0.01160907 0.34537748 0.64301345],0.0
376,WORRYC_W26,RELIG,Muslim,[0.3198755  0.42831213 0.25181237],0.0
377,WORRYC_W26,RELIG,Nothing in particular,[0.1979631  0.38832017 0.41371673],0.000667779485242514
378,WORRYC_W26,RELIG,Orthodox,[0.08269162 0.86831288 0.0489955 ],0.0
379,WORRYC_W26,RELIG,Other,[0.23452597 0.36921421 0.39625982],0.0
380,WORRYC_W26,RELIG,Protestant,[0.16071596 0.48598054 0.3533035 ],0.0016283323813263634
381,WORRYC_W26,RELIG,Roman Catholic,[0.29065089 0.33785625 0.37149286],0.005830632381498908
382,MARGUN_W26,RELIG,Agnostic,[0.74431923 0.25568077],0.0
383,MARGUN_W26,RELIG,Atheist,[0.84612224 0.15387776],0.0
384,MARGUN_W26,RELIG,Buddhist,[0.90499213 0.09500787],0.0
385,MARGUN_W26,RELIG,Jewish,[0.89358484 0.10641516],0.0
386,MARGUN_W26,RELIG,Mormon,[0.74430982 0.25569018],0.0
387,MARGUN_W26,RELIG,Muslim,[1. 0.],0.0
388,MARGUN_W26,RELIG,Nothing in particular,[0.82525612 0.17474388],0.0
389,MARGUN_W26,RELIG,Orthodox,[0.9742255 0.0257745],0.0
390,MARGUN_W26,RELIG,Other,[0.77506631 0.22493369],0.0
391,MARGUN_W26,RELIG,Protestant,[0.90799696 0.09200304],0.004616547101776876
392,MARGUN_W26,RELIG,Roman Catholic,[0.86308069 0.13691931],0.005650955694806946
393,NEVEROWN_W26,RELIG,Agnostic,[0.59341027 0.40658973],0.0
394,NEVEROWN_W26,RELIG,Atheist,[0.57121986 0.42878014],0.0
395,NEVEROWN_W26,RELIG,Buddhist,[0.14294204 0.85705796],0.0
396,NEVEROWN_W26,RELIG,Hindu,[1. 0.],0.0
397,NEVEROWN_W26,RELIG,Jewish,[0.93150904 0.06849096],0.0
398,NEVEROWN_W26,RELIG,Mormon,[0.54367324 0.45632676],0.0
399,NEVEROWN_W26,RELIG,Muslim,[1. 0.],0.0
400,NEVEROWN_W26,RELIG,Nothing in particular,[0.74379745 0.25620255],0.0010210179100152322
401,NEVEROWN_W26,RELIG,Orthodox,[0.44671694 0.55328306],0.0
402,NEVEROWN_W26,RELIG,Other,[0.78894827 0.21105173],0.006209952829894533
403,NEVEROWN_W26,RELIG,Protestant,[0.77313109 0.22686891],0.007134201762733854
404,NEVEROWN_W26,RELIG,Roman Catholic,[0.77531491 0.22468509],0.001042127436169786
405,GUNRESPKIDSC_W26,RELIG,Agnostic,[0.81226506 0.15618492 0.03040045 0.00114957],0.0
406,GUNRESPKIDSC_W26,RELIG,Atheist,[0.79152672 0.18973041 0.01366059 0.00508229],0.0
407,GUNRESPKIDSC_W26,RELIG,Buddhist,[0.78433407 0.21566593 0.         0.        ],0.0
408,GUNRESPKIDSC_W26,RELIG,Hindu,[0.91886342 0.         0.         0.08113658],0.05341238924599956
409,GUNRESPKIDSC_W26,RELIG,Jewish,[0.81610426 0.18389574 0.         0.        ],0.0
410,GUNRESPKIDSC_W26,RELIG,Mormon,[0.91148696 0.08851304 0.         0.        ],0.0
411,GUNRESPKIDSC_W26,RELIG,Muslim,[0.94902406 0.00611835 0.0448576  0.        ],0.0
412,GUNRESPKIDSC_W26,RELIG,Nothing in particular,[0.72843781 0.19341286 0.04717677 0.03097256],0.00038289722787676
413,GUNRESPKIDSC_W26,RELIG,Orthodox,[0.85209627 0.09900915 0.         0.04889458],0.0
414,GUNRESPKIDSC_W26,RELIG,Other,[0.77262096 0.21749584 0.0098832  0.        ],0.0
415,GUNRESPKIDSC_W26,RELIG,Protestant,[0.64984989 0.31986475 0.02083038 0.00945498],0.006937169690696804
416,GUNRESPKIDSC_W26,RELIG,Roman Catholic,[0.76512399 0.2192369  0.01476967 0.00086944],0.0032230403979384868
417,REASONGUNE_W26,RELIG,Agnostic,[0.08373739 0.04463479 0.87162782],0.0
418,REASONGUNE_W26,RELIG,Atheist,[0.10222475 0.12699427 0.77078098],0.004320342015620885
419,REASONGUNE_W26,RELIG,Buddhist,[0.09088631 0.         0.90911369],0.05725987150664277
420,REASONGUNE_W26,RELIG,Hindu,[0.39800976 0.         0.60199024],0.0
421,REASONGUNE_W26,RELIG,Jewish,[0.21161307 0.         0.78838693],0.0
422,REASONGUNE_W26,RELIG,Mormon,[0.01794956 0.4135765  0.56847394],0.0
423,REASONGUNE_W26,RELIG,Muslim,[0.         0.36705785 0.63294215],0.0
424,REASONGUNE_W26,RELIG,Nothing in particular,[0.11390385 0.05388103 0.83221512],0.0
425,REASONGUNE_W26,RELIG,Orthodox,[0. 0. 1.],0.0
426,REASONGUNE_W26,RELIG,Other,[0.04354715 0.12987846 0.82657439],0.0
427,REASONGUNE_W26,RELIG,Protestant,[0.08229889 0.11758814 0.80011297],0.010192843173951789
428,REASONGUNE_W26,RELIG,Roman Catholic,[0.04633483 0.07179921 0.88186596],0.0
429,GUNRESPNOKIDSG_W26,RELIG,Agnostic,[0.50111101 0.30256001 0.19632898 0.        ],0.008420691771617165
430,GUNRESPNOKIDSG_W26,RELIG,Atheist,[0.42075586 0.41186806 0.16737608 0.        ],0.0
431,GUNRESPNOKIDSG_W26,RELIG,Buddhist,[0.39117112 0.1776349  0.43119398 0.        ],0.0
432,GUNRESPNOKIDSG_W26,RELIG,Hindu,[0.31758541 0.47093413 0.20476922 0.00671124],0.018710929745953047
433,GUNRESPNOKIDSG_W26,RELIG,Jewish,[0.29688799 0.36256479 0.17234628 0.16820094],0.0
434,GUNRESPNOKIDSG_W26,RELIG,Mormon,[0.30571757 0.34497587 0.14044602 0.20886054],0.004406504145436568
435,GUNRESPNOKIDSG_W26,RELIG,Muslim,[0.52986515 0.32090492 0.14922993 0.        ],0.0
436,GUNRESPNOKIDSG_W26,RELIG,Nothing in particular,[0.55905157 0.29019247 0.12619247 0.02456349],0.0
437,GUNRESPNOKIDSG_W26,RELIG,Orthodox,[0.21592354 0.38914308 0.39493337 0.        ],0.0
438,GUNRESPNOKIDSG_W26,RELIG,Other,[0.34668033 0.57900595 0.02424954 0.05006418],0.004084898784767175
439,GUNRESPNOKIDSG_W26,RELIG,Protestant,[0.49785441 0.3892911  0.10146652 0.01138797],0.0022712558023574615
440,GUNRESPNOKIDSG_W26,RELIG,Roman Catholic,[0.50811946 0.39294234 0.07476389 0.02417431],0.0019534654262879435
441,GUNCONTRIBE_W26,RELIG,Agnostic,[0.1666846  0.2535723  0.27522534 0.30451776],0.0
442,GUNCONTRIBE_W26,RELIG,Atheist,[0.11001571 0.13653582 0.40767304 0.34577542],0.0
443,GUNCONTRIBE_W26,RELIG,Buddhist,[0.21939729 0.21442285 0.51777304 0.04840681],0.0
444,GUNCONTRIBE_W26,RELIG,Hindu,[0.50642764 0.21119032 0.08051355 0.20186848],0.0
445,GUNCONTRIBE_W26,RELIG,Jewish,[0.3008654  0.31042283 0.3126562  0.07605556],0.008786527552105718
446,GUNCONTRIBE_W26,RELIG,Mormon,[0.07485367 0.21423165 0.37192494 0.33898975],0.0
447,GUNCONTRIBE_W26,RELIG,Muslim,[0.15559451 0.1694247  0.61993285 0.05504795],0.0
448,GUNCONTRIBE_W26,RELIG,Nothing in particular,[0.25870413 0.25304951 0.34528857 0.14295779],0.0064296449861338655
449,GUNCONTRIBE_W26,RELIG,Orthodox,[0.40927117 0.14079302 0.33286894 0.11706686],0.0
450,GUNCONTRIBE_W26,RELIG,Other,[0.29561827 0.50477353 0.11785632 0.08175187],0.0
451,GUNCONTRIBE_W26,RELIG,Protestant,[0.3119556  0.35925759 0.22124963 0.10753718],0.004798708885978839
452,GUNCONTRIBE_W26,RELIG,Roman Catholic,[0.28768982 0.38296738 0.2510039  0.07833889],0.002038536588186573
453,GUNKILLF1_W26,RELIG,Agnostic,[0.63822605 0.36177395],0.0
454,GUNKILLF1_W26,RELIG,Atheist,[0.47598651 0.52401349],0.0
455,GUNKILLF1_W26,RELIG,Buddhist,[0.65743432 0.34256568],0.0
456,GUNKILLF1_W26,RELIG,Hindu,[0.36560557 0.63439443],0.018710929745953047
457,GUNKILLF1_W26,RELIG,Jewish,[0.39101664 0.60898336],0.0
458,GUNKILLF1_W26,RELIG,Mormon,[0.69543425 0.30456575],0.2123467018173279
459,GUNKILLF1_W26,RELIG,Muslim,[0.58437244 0.41562756],0.0
460,GUNKILLF1_W26,RELIG,Nothing in particular,[0.76614149 0.23385851],0.008560093703160226
461,GUNKILLF1_W26,RELIG,Orthodox,[0.91225751 0.08774249],0.0
462,GUNKILLF1_W26,RELIG,Other,[0.64090201 0.35909799],0.016261006076153314
463,GUNKILLF1_W26,RELIG,Protestant,[0.80773303 0.19226697],0.018417325626107522
464,GUNKILLF1_W26,RELIG,Roman Catholic,[0.76609502 0.23390498],0.004182765048559233
465,GUNCONTRIBF_W26,RELIG,Agnostic,[0.38045348 0.44900245 0.17054407 0.        ],0.0
466,GUNCONTRIBF_W26,RELIG,Atheist,[0.24053496 0.42573754 0.30397613 0.02975136],0.005073376089866443
467,GUNCONTRIBF_W26,RELIG,Buddhist,[0.24626835 0.28586553 0.46786612 0.        ],0.0
468,GUNCONTRIBF_W26,RELIG,Hindu,[0.69510326 0.17468147 0.13021527 0.        ],0.0
469,GUNCONTRIBF_W26,RELIG,Jewish,[0.38662732 0.38193025 0.2276731  0.00376933],0.004881831662125501
470,GUNCONTRIBF_W26,RELIG,Mormon,[0.30973508 0.49992601 0.19033891 0.        ],0.009894468440034594
471,GUNCONTRIBF_W26,RELIG,Muslim,[0.27207315 0.15717515 0.51570375 0.05504795],0.0
472,GUNCONTRIBF_W26,RELIG,Nothing in particular,[0.24555897 0.48538842 0.23059133 0.03846128],0.007153771183923818
473,GUNCONTRIBF_W26,RELIG,Orthodox,[0.57428126 0.42571874 0.         0.        ],0.0
474,GUNCONTRIBF_W26,RELIG,Other,[0.49053465 0.3284021  0.18106325 0.        ],0.0
475,GUNCONTRIBF_W26,RELIG,Protestant,[0.28303246 0.45686298 0.21890435 0.0412002 ],0.00513229353623989
476,GUNCONTRIBF_W26,RELIG,Roman Catholic,[0.29641473 0.44675041 0.22280761 0.03402725],0.0017612423573006902
477,DEFENDGUN_W26,RELIG,Agnostic,[0.03603828 0.96396172],0.0
478,DEFENDGUN_W26,RELIG,Atheist,[0.05459486 0.94540514],0.0
479,DEFENDGUN_W26,RELIG,Buddhist,[0. 1.],0.0
480,DEFENDGUN_W26,RELIG,Hindu,[0. 1.],0.0599725920509915
481,DEFENDGUN_W26,RELIG,Jewish,[0.03350183 0.96649817],0.0077583563495574655
482,DEFENDGUN_W26,RELIG,Mormon,[0.14454565 0.85545435],0.0024213705319746995
483,DEFENDGUN_W26,RELIG,Muslim,[0.03604871 0.96395129],0.0
484,DEFENDGUN_W26,RELIG,Nothing in particular,[0.08816459 0.91183541],0.005332777193473327
485,DEFENDGUN_W26,RELIG,Orthodox,[0. 1.],0.0
486,DEFENDGUN_W26,RELIG,Other,[0.15363953 0.84636047],0.003131313827566099
487,DEFENDGUN_W26,RELIG,Protestant,[0.08151146 0.91848854],0.0024640457738705508
488,DEFENDGUN_W26,RELIG,Roman Catholic,[0.05693082 0.94306918],0.0035294923652088176
489,GUNRESPNOKIDSC_W26,RELIG,Agnostic,[0.73505021 0.20002652 0.06492327 0.        ],0.0
490,GUNRESPNOKIDSC_W26,RELIG,Atheist,[0.79073945 0.14225652 0.06700403 0.        ],0.010058623633495278
491,GUNRESPNOKIDSC_W26,RELIG,Buddhist,[0.8710551 0.1289449 0.        0.       ],0.0
492,GUNRESPNOKIDSC_W26,RELIG,Hindu,[0.90020907 0.09979093 0.         0.        ],0.018710929745953047
493,GUNRESPNOKIDSC_W26,RELIG,Jewish,[0.65865351 0.14268621 0.02950365 0.16915663],0.005649729583313712
494,GUNRESPNOKIDSC_W26,RELIG,Mormon,[0.55410238 0.37677347 0.06912415 0.        ],0.004406504145436567
495,GUNRESPNOKIDSC_W26,RELIG,Muslim,[0.5930154  0.33328798 0.07369662 0.        ],0.0
496,GUNRESPNOKIDSC_W26,RELIG,Nothing in particular,[0.68899928 0.22273863 0.07083986 0.01742222],0.0004105371323506928
497,GUNRESPNOKIDSC_W26,RELIG,Orthodox,[0.74158324 0.24876477 0.         0.00965199],0.0
498,GUNRESPNOKIDSC_W26,RELIG,Other,[0.70327978 0.27256974 0.02415048 0.        ],0.0
499,GUNRESPNOKIDSC_W26,RELIG,Protestant,[0.66335114 0.26621554 0.06042667 0.01000665],0.005477393187948588
500,GUNRESPNOKIDSC_W26,RELIG,Roman Catholic,[0.63419221 0.24857695 0.11723085 0.        ],0.0
501,GUNRESPKIDSD_W26,RELIG,Agnostic,[0.16136001 0.13931081 0.4821726  0.21715658],0.0
502,GUNRESPKIDSD_W26,RELIG,Atheist,[0.10998753 0.22259243 0.42903541 0.23838463],0.0019279725986454325
503,GUNRESPKIDSD_W26,RELIG,Buddhist,[0.05381262 0.17665276 0.09294459 0.67659003],0.0
504,GUNRESPKIDSD_W26,RELIG,Hindu,[0.30393316 0.09122425 0.60484259 0.        ],0.17314354051832268
505,GUNRESPKIDSD_W26,RELIG,Jewish,[0.28122531 0.27146208 0.11145469 0.33585792],0.0
506,GUNRESPKIDSD_W26,RELIG,Mormon,[0.07090009 0.14744224 0.73831295 0.04334471],0.0
507,GUNRESPKIDSD_W26,RELIG,Muslim,[0.58037624 0.12468184 0.27186874 0.02307318],0.0
508,GUNRESPKIDSD_W26,RELIG,Nothing in particular,[0.22528594 0.25190766 0.32599678 0.19680963],0.0
509,GUNRESPKIDSD_W26,RELIG,Orthodox,[0.21954591 0.67769605 0.10275804 0.        ],0.0
510,GUNRESPKIDSD_W26,RELIG,Other,[0.11361493 0.09221783 0.2496184  0.54454884],0.0
511,GUNRESPKIDSD_W26,RELIG,Protestant,[0.14681123 0.3073655  0.3402798  0.20554347],0.0
512,GUNRESPKIDSD_W26,RELIG,Roman Catholic,[0.15186993 0.23809142 0.33926938 0.27076928],0.00364439478945666
513,GUNRESPKIDSE_W26,RELIG,Agnostic,[0.52253112 0.24556522 0.17608318 0.05582048],0.00858951549967395
514,GUNRESPKIDSE_W26,RELIG,Atheist,[0.32382717 0.26309152 0.3473253  0.06575601],0.0
515,GUNRESPKIDSE_W26,RELIG,Buddhist,[0.24806946 0.31497632 0.12729578 0.30965844],0.0
516,GUNRESPKIDSE_W26,RELIG,Hindu,[0.64663969 0.18932459 0.16403572 0.        ],0.0
517,GUNRESPKIDSE_W26,RELIG,Jewish,[0.57041311 0.15880624 0.19365621 0.07712444],0.006412684665220394
518,GUNRESPKIDSE_W26,RELIG,Mormon,[0.219647   0.22328442 0.50885772 0.04821086],0.0
519,GUNRESPKIDSE_W26,RELIG,Muslim,[0.75048275 0.08098484 0.16853241 0.        ],0.0
520,GUNRESPKIDSE_W26,RELIG,Nothing in particular,[0.34066258 0.41529212 0.1796135  0.0644318 ],0.0
521,GUNRESPKIDSE_W26,RELIG,Orthodox,[0.28853403 0.19782778 0.41708203 0.09655615],0.0
522,GUNRESPKIDSE_W26,RELIG,Other,[0.66791175 0.17872942 0.09822385 0.05513499],0.1049763329301392
523,GUNRESPKIDSE_W26,RELIG,Protestant,[0.38397922 0.31829909 0.20246913 0.09525255],0.006324983578606354
524,GUNRESPKIDSE_W26,RELIG,Roman Catholic,[0.48751829 0.27871343 0.19471587 0.03905241],0.0028544799858026687
525,GROWUPGUN2C_W26,RELIG,Agnostic,[0.31419997 0.68580003],0.0023770493406164795
526,GROWUPGUN2C_W26,RELIG,Atheist,[0.60320048 0.39679952],0.0
527,GROWUPGUN2C_W26,RELIG,Buddhist,[0.36666667 0.63333333],0.03576361968209337
528,GROWUPGUN2C_W26,RELIG,Hindu,[1. 0.],0.0
529,GROWUPGUN2C_W26,RELIG,Jewish,[0.60588618 0.39411382],0.0
530,GROWUPGUN2C_W26,RELIG,Mormon,[0.70056328 0.29943672],0.0
531,GROWUPGUN2C_W26,RELIG,Muslim,[0.38004329 0.61995671],0.0
532,GROWUPGUN2C_W26,RELIG,Nothing in particular,[0.41888019 0.58111981],0.0016658992387395702
533,GROWUPGUN2C_W26,RELIG,Orthodox,[0.15441914 0.84558086],0.021031508083166724
534,GROWUPGUN2C_W26,RELIG,Other,[0.57596217 0.42403783],0.0
535,GROWUPGUN2C_W26,RELIG,Protestant,[0.4466423 0.5533577],0.002797912178455214
536,GROWUPGUN2C_W26,RELIG,Roman Catholic,[0.52964959 0.47035041],0.0012032529515252483
537,GUNRESPNOKIDSF_W26,RELIG,Agnostic,[0.33426336 0.44221863 0.17421425 0.04930377],0.023244390895832814
538,GUNRESPNOKIDSF_W26,RELIG,Atheist,[0.51733251 0.28033636 0.15144472 0.05088641],0.008869043125168051
539,GUNRESPNOKIDSF_W26,RELIG,Buddhist,[0.28208456 0.55319887 0.16471657 0.        ],0.0
540,GUNRESPNOKIDSF_W26,RELIG,Hindu,[0.64110672 0.25391499 0.         0.10497829],0.018710929745953047
541,GUNRESPNOKIDSF_W26,RELIG,Jewish,[0.56464033 0.12530266 0.06010811 0.2499489 ],0.003117894255494038
542,GUNRESPNOKIDSF_W26,RELIG,Mormon,[0.22262249 0.71379308 0.06358443 0.        ],0.004406504145436567
543,GUNRESPNOKIDSF_W26,RELIG,Muslim,[0.47478606 0.52521394 0.         0.        ],0.0
544,GUNRESPNOKIDSF_W26,RELIG,Nothing in particular,[0.42925401 0.2494039  0.22311564 0.09822646],0.003888243332323493
545,GUNRESPNOKIDSF_W26,RELIG,Orthodox,[0.27753289 0.43711333 0.28535378 0.        ],0.0
546,GUNRESPNOKIDSF_W26,RELIG,Other,[0.30134552 0.25288235 0.40425727 0.04151486],0.0
547,GUNRESPNOKIDSF_W26,RELIG,Protestant,[0.43437883 0.2997828  0.17837749 0.08746088],0.00266398537940599
548,GUNRESPNOKIDSF_W26,RELIG,Roman Catholic,[0.42085876 0.34648687 0.14289458 0.08975978],0.008989905374754192
549,GUNRESPKIDSH_W26,RELIG,Agnostic,[0.96559434 0.02036952 0.01403614 0.        ],0.0
550,GUNRESPKIDSH_W26,RELIG,Atheist,[0.9344636  0.04697121 0.01367256 0.00489264],0.0008751921173121634
551,GUNRESPKIDSH_W26,RELIG,Buddhist,[0.8629648 0.1370352 0.        0.       ],0.0
552,GUNRESPKIDSH_W26,RELIG,Hindu,[0.89705277 0.02181065 0.08113658 0.        ],0.05341238924599956
553,GUNRESPKIDSH_W26,RELIG,Jewish,[0.96323982 0.03676018 0.         0.        ],0.0
554,GUNRESPKIDSH_W26,RELIG,Mormon,[0.99207452 0.00792548 0.         0.        ],0.0
555,GUNRESPKIDSH_W26,RELIG,Muslim,[0.94902406 0.00611835 0.0448576  0.        ],0.0
556,GUNRESPKIDSH_W26,RELIG,Nothing in particular,[0.88308808 0.07094424 0.02028611 0.02568157],0.0
557,GUNRESPKIDSH_W26,RELIG,Orthodox,[0.88959617 0.11040383 0.         0.        ],0.0
558,GUNRESPKIDSH_W26,RELIG,Other,[0.98970211 0.01029789 0.         0.        ],0.017184274816680504
559,GUNRESPKIDSH_W26,RELIG,Protestant,[0.91827229 0.06171737 0.0186821  0.00132824],0.0028539679122833164
560,GUNRESPKIDSH_W26,RELIG,Roman Catholic,[0.88967399 0.0860029  0.0142886  0.01003451],0.015273751553268204
561,GUNRESPKIDSG_W26,RELIG,Agnostic,[0.40878328 0.34551365 0.24570307 0.        ],0.005482397751671968
562,GUNRESPKIDSG_W26,RELIG,Atheist,[0.35090321 0.47120606 0.17280844 0.00508229],0.0
563,GUNRESPKIDSG_W26,RELIG,Buddhist,[0.26547118 0.59868142 0.13584739 0.        ],0.0
564,GUNRESPKIDSG_W26,RELIG,Hindu,[0.51075116 0.2567679  0.23248093 0.        ],0.05341238924599956
565,GUNRESPKIDSG_W26,RELIG,Jewish,[0.53256354 0.30667393 0.14789198 0.01287056],0.0
566,GUNRESPKIDSG_W26,RELIG,Mormon,[0.53194629 0.38447368 0.08358003 0.        ],0.0
567,GUNRESPKIDSG_W26,RELIG,Muslim,[0.72678978 0.21187085 0.05712257 0.0042168 ],0.0
568,GUNRESPKIDSG_W26,RELIG,Nothing in particular,[0.49851439 0.32584748 0.14340815 0.03222998],0.0
569,GUNRESPKIDSG_W26,RELIG,Orthodox,[0.35192887 0.23904839 0.40902274 0.        ],0.0
570,GUNRESPKIDSG_W26,RELIG,Other,[0.5239229  0.30193425 0.17414285 0.        ],0.0
571,GUNRESPKIDSG_W26,RELIG,Protestant,[0.49414269 0.39167919 0.09255115 0.02162697],0.01332560045872179
572,GUNRESPKIDSG_W26,RELIG,Roman Catholic,[0.43727943 0.38051045 0.12132564 0.06088448],0.00642331061019406
573,WORRYE_W26,RELIG,Agnostic,[0.03683202 0.52393622 0.43923176],0.0
574,WORRYE_W26,RELIG,Atheist,[0.00299039 0.43085082 0.56615879],0.0
575,WORRYE_W26,RELIG,Buddhist,[0.37681209 0.30610237 0.31708553],0.0
576,WORRYE_W26,RELIG,Hindu,[0.56173144 0.29681649 0.14145207],0.0
577,WORRYE_W26,RELIG,Jewish,[0.06476066 0.56088116 0.37435818],0.0
578,WORRYE_W26,RELIG,Mormon,[0.04612376 0.6919393  0.26193694],0.0
579,WORRYE_W26,RELIG,Muslim,[0.11137471 0.72421363 0.16441165],0.0
580,WORRYE_W26,RELIG,Nothing in particular,[0.13725715 0.55254523 0.31019763],0.0
581,WORRYE_W26,RELIG,Orthodox,[0.12356205 0.85292033 0.02351763],0.0
582,WORRYE_W26,RELIG,Other,[0.11223985 0.69066974 0.19709041],0.0
583,WORRYE_W26,RELIG,Protestant,[0.13921902 0.51241134 0.34836964],0.001732706710856907
584,WORRYE_W26,RELIG,Roman Catholic,[0.14216202 0.58233745 0.27550053],0.0017612423573006896
585,GUNSAFE_W26,RELIG,Agnostic,[0.50478618 0.04264808 0.45256573],0.0
586,GUNSAFE_W26,RELIG,Atheist,[0.50189589 0.02191088 0.47619323],0.0010847457039992639
587,GUNSAFE_W26,RELIG,Buddhist,[0.51101437 0.         0.48898563],0.0
588,GUNSAFE_W26,RELIG,Hindu,[1. 0. 0.],0.0
589,GUNSAFE_W26,RELIG,Jewish,[0.83523852 0.01628909 0.14847239],0.0
590,GUNSAFE_W26,RELIG,Mormon,[0.72988895 0.         0.27011105],0.0
591,GUNSAFE_W26,RELIG,Muslim,[0.87229882 0.12770118 0.        ],0.0
592,GUNSAFE_W26,RELIG,Nothing in particular,[0.67014257 0.0549835  0.27487393],0.0007521894178368978
593,GUNSAFE_W26,RELIG,Orthodox,[0.77005502 0.         0.22994498],0.0
594,GUNSAFE_W26,RELIG,Other,[0.58652422 0.18856614 0.22490963],0.0
595,GUNSAFE_W26,RELIG,Protestant,[0.72368779 0.03515127 0.24116094],0.0035349421433765477
596,GUNSAFE_W26,RELIG,Roman Catholic,[0.70309063 0.005499   0.29141037],0.0
597,GUNCONTRIBA_W26,RELIG,Agnostic,[0.33683525 0.32468615 0.25722048 0.08125812],0.0
598,GUNCONTRIBA_W26,RELIG,Atheist,[0.44482546 0.20198212 0.28213246 0.07105996],0.0024838358538323835
599,GUNCONTRIBA_W26,RELIG,Buddhist,[0.42610497 0.32638454 0.20138326 0.04612723],0.0
600,GUNCONTRIBA_W26,RELIG,Hindu,[0.5516966  0.32326117 0.0882551  0.03678713],0.01272002583938872
601,GUNCONTRIBA_W26,RELIG,Jewish,[0.37924803 0.20823174 0.27930994 0.1332103 ],0.08684979261786127
602,GUNCONTRIBA_W26,RELIG,Mormon,[0.27502433 0.2104672  0.41534244 0.09916603],0.002421370531974699
603,GUNCONTRIBA_W26,RELIG,Muslim,[0.28601189 0.37757702 0.21036848 0.12604261],0.0048059812690476175
604,GUNCONTRIBA_W26,RELIG,Nothing in particular,[0.30968301 0.26990008 0.23021862 0.19019829],0.0
605,GUNCONTRIBA_W26,RELIG,Orthodox,[0.21941903 0.35622316 0.40978644 0.01457138],0.0
606,GUNCONTRIBA_W26,RELIG,Other,[0.26771315 0.35978418 0.29000063 0.08250203],0.0
607,GUNCONTRIBA_W26,RELIG,Protestant,[0.24692309 0.30198819 0.30073241 0.15035631],0.002937384807100466
608,GUNCONTRIBA_W26,RELIG,Roman Catholic,[0.34862144 0.28569187 0.25461049 0.11107621],0.0013182711162965243
609,GUNACTIVITYA_W26,RELIG,Agnostic,[0.00121858 0.12906213 0.18712437 0.68259492],0.0
610,GUNACTIVITYA_W26,RELIG,Atheist,[0.04388612 0.08181144 0.15873938 0.71556305],0.0
611,GUNACTIVITYA_W26,RELIG,Buddhist,[0.         0.00840084 0.27943157 0.7121676 ],0.0
612,GUNACTIVITYA_W26,RELIG,Hindu,[0.         0.         0.21621196 0.78378804],0.01272002583938872
613,GUNACTIVITYA_W26,RELIG,Jewish,[0.02348487 0.07990303 0.11643014 0.78018196],0.0010558770267542858
614,GUNACTIVITYA_W26,RELIG,Mormon,[0.01330969 0.25631453 0.15796334 0.57241244],0.002421370531974699
615,GUNACTIVITYA_W26,RELIG,Muslim,[0.01661644 0.         0.22622184 0.75716172],0.0032691464254796044
616,GUNACTIVITYA_W26,RELIG,Nothing in particular,[0.04203572 0.11641896 0.16304631 0.67849902],0.0010768498679171233
617,GUNACTIVITYA_W26,RELIG,Orthodox,[0.112475   0.2667968  0.26800501 0.35272318],0.015188188586247464
618,GUNACTIVITYA_W26,RELIG,Other,[0.09029665 0.17520781 0.13685643 0.59763911],0.0
619,GUNACTIVITYA_W26,RELIG,Protestant,[0.023113   0.13528734 0.16341855 0.67818111],0.005191216287165738
620,GUNACTIVITYA_W26,RELIG,Roman Catholic,[0.02196412 0.11833864 0.16679441 0.69290283],0.0009477191323485813
621,GUNRESPNOKIDSD_W26,RELIG,Agnostic,[0.16020614 0.18811528 0.5301346  0.12154397],0.0
622,GUNRESPNOKIDSD_W26,RELIG,Atheist,[0.11022303 0.17672553 0.49531919 0.21773225],0.002802437971402757
623,GUNRESPNOKIDSD_W26,RELIG,Buddhist,[0.35851445 0.10747416 0.5340114  0.        ],0.0
624,GUNRESPNOKIDSD_W26,RELIG,Hindu,[0.36460191 0.1771638  0.45823428 0.        ],0.0
625,GUNRESPNOKIDSD_W26,RELIG,Jewish,[0.05628275 0.43061074 0.39624219 0.11686431],0.0
626,GUNRESPNOKIDSD_W26,RELIG,Mormon,[0.02215013 0.52765337 0.19761969 0.25257681],0.0
627,GUNRESPNOKIDSD_W26,RELIG,Muslim,[0.         0.46323251 0.53676749 0.        ],0.0
628,GUNRESPNOKIDSD_W26,RELIG,Nothing in particular,[0.1054757  0.15829443 0.5091793  0.22705057],0.0
629,GUNRESPNOKIDSD_W26,RELIG,Orthodox,[0.04191521 0.23487559 0.37258055 0.35062865],0.0
630,GUNRESPNOKIDSD_W26,RELIG,Other,[0.03097959 0.10979337 0.52477632 0.33445072],0.0
631,GUNRESPNOKIDSD_W26,RELIG,Protestant,[0.24227714 0.22249646 0.37457944 0.16064695],0.004362167035964142
632,GUNRESPNOKIDSD_W26,RELIG,Roman Catholic,[0.13148496 0.18296916 0.45825664 0.22728924],0.003883430470648363
633,GROWUPGUN7_W26,RELIG,Agnostic,[0.11804421 0.33053769 0.24759848 0.30381962],0.0
634,GROWUPGUN7_W26,RELIG,Atheist,[0.21173992 0.26922415 0.27064363 0.2483923 ],0.0
635,GROWUPGUN7_W26,RELIG,Buddhist,[0.03770739 0.13605753 0.20587274 0.62036233],0.0
636,GROWUPGUN7_W26,RELIG,Hindu,[0.0700308  0.20206486 0.28661424 0.44129011],0.0
637,GROWUPGUN7_W26,RELIG,Jewish,[0.04019908 0.21302835 0.18546317 0.5613094 ],0.0
638,GROWUPGUN7_W26,RELIG,Mormon,[0.29359039 0.24047442 0.24364374 0.22229145],0.0024213705319746995
639,GROWUPGUN7_W26,RELIG,Muslim,[0.06862494 0.18861762 0.33321815 0.40953929],0.0
640,GROWUPGUN7_W26,RELIG,Nothing in particular,[0.14935751 0.26210971 0.20809011 0.38044267],0.0
641,GROWUPGUN7_W26,RELIG,Orthodox,[0.12592823 0.30916329 0.2540418  0.31086668],0.0
642,GROWUPGUN7_W26,RELIG,Other,[0.20864328 0.16497397 0.2039888  0.42239395],0.0
643,GROWUPGUN7_W26,RELIG,Protestant,[0.18201013 0.22709568 0.20421929 0.3866749 ],0.006866870039930742
644,GROWUPGUN7_W26,RELIG,Roman Catholic,[0.12327118 0.17619091 0.24424558 0.45629233],0.0011615491898244522
645,GUNRESPNOKIDSE_W26,RELIG,Agnostic,[0.5356347  0.28893463 0.16420747 0.0112232 ],0.0
646,GUNRESPNOKIDSE_W26,RELIG,Atheist,[0.55558331 0.2701866  0.13729869 0.03693141],0.0
647,GUNRESPNOKIDSE_W26,RELIG,Buddhist,[0.56961432 0.43038568 0.         0.        ],0.0
648,GUNRESPNOKIDSE_W26,RELIG,Hindu,[0.66719609 0.         0.33280391 0.        ],0.03531633593447402
649,GUNRESPNOKIDSE_W26,RELIG,Jewish,[0.42679827 0.27700402 0.01575855 0.28043916],0.0
650,GUNRESPNOKIDSE_W26,RELIG,Mormon,[0.50693684 0.10528242 0.30850664 0.07927411],0.008212134856265953
651,GUNRESPNOKIDSE_W26,RELIG,Muslim,[0.3417534  0.28332498 0.37492161 0.        ],0.0
652,GUNRESPNOKIDSE_W26,RELIG,Nothing in particular,[0.44067152 0.22322872 0.2241832  0.11191656],0.005482691680177143
653,GUNRESPNOKIDSE_W26,RELIG,Orthodox,[0.78383008 0.02589545 0.19027447 0.        ],0.0
654,GUNRESPNOKIDSE_W26,RELIG,Other,[0.38970847 0.21499478 0.32628484 0.06901191],0.0
655,GUNRESPNOKIDSE_W26,RELIG,Protestant,[0.49121827 0.17026096 0.23758533 0.10093543],0.004592557256460024
656,GUNRESPNOKIDSE_W26,RELIG,Roman Catholic,[0.52327893 0.22140273 0.12715663 0.12816171],0.003127849784005036
657,SAFECRIME_W26,RELIG,Agnostic,[0.28378188 0.58062609 0.12714749 0.00844454],0.0
658,SAFECRIME_W26,RELIG,Atheist,[0.34856711 0.51541407 0.09448092 0.0415379 ],0.0
659,SAFECRIME_W26,RELIG,Buddhist,[0.26941844 0.49121246 0.2335216  0.0058475 ],0.039909163150574495
660,SAFECRIME_W26,RELIG,Hindu,[0.36086743 0.58962459 0.04503093 0.00447705],0.0
661,SAFECRIME_W26,RELIG,Jewish,[0.29169743 0.54226816 0.07029676 0.09573765],0.0
662,SAFECRIME_W26,RELIG,Mormon,[0.27347566 0.52864963 0.15480794 0.04306677],0.0
663,SAFECRIME_W26,RELIG,Muslim,[0.13693856 0.46610822 0.35724236 0.03971085],0.0
664,SAFECRIME_W26,RELIG,Nothing in particular,[0.18469732 0.56194568 0.17511504 0.07824196],0.0
665,SAFECRIME_W26,RELIG,Orthodox,[0.09490013 0.72003084 0.14481578 0.04025325],0.0
666,SAFECRIME_W26,RELIG,Other,[0.1720871  0.57823305 0.17646195 0.0732179 ],0.0
667,SAFECRIME_W26,RELIG,Protestant,[0.20144991 0.59043835 0.1654216  0.04269014],0.009444187795607257
668,SAFECRIME_W26,RELIG,Roman Catholic,[0.25748831 0.54434412 0.16593487 0.0322327 ],0.0019177672312563371
669,GUNTYPEOWNC_W26,RELIG,Agnostic,[0.42375531 0.13937458 0.43687011],0.0
670,GUNTYPEOWNC_W26,RELIG,Atheist,[0.54273814 0.11995905 0.33730282],0.06072127258511874
671,GUNTYPEOWNC_W26,RELIG,Buddhist,[0.10364764 0.07157529 0.82477707],0.0
672,GUNTYPEOWNC_W26,RELIG,Hindu,[0. 0. 1.],0.0
673,GUNTYPEOWNC_W26,RELIG,Jewish,[0.24004875 0.14742977 0.61252149],0.0
674,GUNTYPEOWNC_W26,RELIG,Mormon,[0.15816524 0.44342338 0.39841138],0.007114689169779053
675,GUNTYPEOWNC_W26,RELIG,Muslim,[0.36705785 0.4371679  0.19577425],0.0
676,GUNTYPEOWNC_W26,RELIG,Nothing in particular,[0.41861895 0.20134893 0.38003213],0.02840364513686198
677,GUNTYPEOWNC_W26,RELIG,Orthodox,[0.36911955 0.56483776 0.06604268],0.0
678,GUNTYPEOWNC_W26,RELIG,Other,[0.42173241 0.23638729 0.3418803 ],0.026871288992168955
679,GUNTYPEOWNC_W26,RELIG,Protestant,[0.45656378 0.19265784 0.35077839],0.019152918142089696
680,GUNTYPEOWNC_W26,RELIG,Roman Catholic,[0.37022411 0.249262   0.38051388],0.004268458843699554
681,EVEROWN_W26,RELIG,Agnostic,[0.13682704 0.86317296],0.0
682,EVEROWN_W26,RELIG,Atheist,[0.06498134 0.93501866],0.0
683,EVEROWN_W26,RELIG,Buddhist,[0.02142476 0.97857524],0.0
684,EVEROWN_W26,RELIG,Hindu,[0.15326297 0.84673703],0.07577074619121636
685,EVEROWN_W26,RELIG,Jewish,[0.16573889 0.83426111],0.019390585948287853
686,EVEROWN_W26,RELIG,Mormon,[0.45698635 0.54301365],0.0035309249398031714
687,EVEROWN_W26,RELIG,Muslim,[0. 1.],0.0
688,EVEROWN_W26,RELIG,Nothing in particular,[0.13792868 0.86207132],0.015777128537510777
689,EVEROWN_W26,RELIG,Orthodox,[0.03112896 0.96887104],0.21005412841488938
690,EVEROWN_W26,RELIG,Other,[0.24369554 0.75630446],0.004132002850847892
691,EVEROWN_W26,RELIG,Protestant,[0.16042613 0.83957387],0.0188972052455344
692,EVEROWN_W26,RELIG,Roman Catholic,[0.15411357 0.84588643],0.009235729928751338
693,GUNCOMMUNITY_W26,RELIG,Agnostic,[0.65902528 0.34097472],0.0183025642366151
694,GUNCOMMUNITY_W26,RELIG,Atheist,[0.56743141 0.43256859],0.013781296806119777
695,GUNCOMMUNITY_W26,RELIG,Buddhist,[0.22367848 0.77632152],0.1902613312692402
696,GUNCOMMUNITY_W26,RELIG,Hindu,[0.4211841 0.5788159],0.0
697,GUNCOMMUNITY_W26,RELIG,Jewish,[0.38141431 0.61858569],0.036304337726121454
698,GUNCOMMUNITY_W26,RELIG,Mormon,[0.81861586 0.18138414],0.005817484094141509
699,GUNCOMMUNITY_W26,RELIG,Muslim,[0.42169642 0.57830358],0.008775406998922892
700,GUNCOMMUNITY_W26,RELIG,Nothing in particular,[0.66051981 0.33948019],0.015934281854628283
701,GUNCOMMUNITY_W26,RELIG,Orthodox,[0.45844661 0.54155339],0.0
702,GUNCOMMUNITY_W26,RELIG,Other,[0.63135084 0.36864916],0.04822173818269319
703,GUNCOMMUNITY_W26,RELIG,Protestant,[0.66828364 0.33171636],0.0075836038569422805
704,GUNCOMMUNITY_W26,RELIG,Roman Catholic,[0.55237585 0.44762415],0.01685764659516169
705,GUNSOCIETY_W26,RELIG,Agnostic,[0.4281338 0.5718662],0.025289566378224018
706,GUNSOCIETY_W26,RELIG,Atheist,[0.40857053 0.59142947],0.004717627970717236
707,GUNSOCIETY_W26,RELIG,Buddhist,[0.20896951 0.79103049],0.0
708,GUNSOCIETY_W26,RELIG,Hindu,[0.04725861 0.95274139],0.0
709,GUNSOCIETY_W26,RELIG,Jewish,[0.25509514 0.74490486],0.038717178439390806
710,GUNSOCIETY_W26,RELIG,Mormon,[0.40182038 0.59817962],0.009474401308277099
711,GUNSOCIETY_W26,RELIG,Muslim,[0.35916576 0.64083424],0.0
712,GUNSOCIETY_W26,RELIG,Nothing in particular,[0.40166644 0.59833356],0.015236619622941252
713,GUNSOCIETY_W26,RELIG,Orthodox,[0.45292653 0.54707347],0.0
714,GUNSOCIETY_W26,RELIG,Other,[0.41802244 0.58197756],0.008795888581485896
715,GUNSOCIETY_W26,RELIG,Protestant,[0.4456564 0.5543436],0.01053617152295647
716,GUNSOCIETY_W26,RELIG,Roman Catholic,[0.35142644 0.64857356],0.01257515132858941
717,GROWUPGUN1_W26,RELIG,Agnostic,[0.52880756 0.44092977 0.03026268],0.0
718,GROWUPGUN1_W26,RELIG,Atheist,[0.54944078 0.40175522 0.048804  ],0.0
719,GROWUPGUN1_W26,RELIG,Buddhist,[0.34015548 0.55876168 0.10108284],0.0
720,GROWUPGUN1_W26,RELIG,Hindu,[0.1156678  0.83445253 0.04987967],0.0
721,GROWUPGUN1_W26,RELIG,Jewish,[0.09255626 0.7240528  0.18339094],0.0
722,GROWUPGUN1_W26,RELIG,Mormon,[0.61730339 0.25393511 0.1287615 ],0.006739575385062179
723,GROWUPGUN1_W26,RELIG,Muslim,[0.15554666 0.77035952 0.07409382],0.0
724,GROWUPGUN1_W26,RELIG,Nothing in particular,[0.48112354 0.43433858 0.08453788],0.0007051544080540808
725,GROWUPGUN1_W26,RELIG,Orthodox,[0.337099   0.4610585  0.20184251],0.0
726,GROWUPGUN1_W26,RELIG,Other,[0.48314271 0.47362477 0.04323252],0.0
727,GROWUPGUN1_W26,RELIG,Protestant,[0.56420307 0.32561325 0.11018369],0.0029307766251654003
728,GROWUPGUN1_W26,RELIG,Roman Catholic,[0.40584215 0.52747129 0.06668656],0.0026891734084280522
729,GUNTHREAT_W26,RELIG,Agnostic,[0.14522731 0.85477269],0.0
730,GUNTHREAT_W26,RELIG,Atheist,[0.23990173 0.76009827],0.0026784031623978037
731,GUNTHREAT_W26,RELIG,Buddhist,[0.41504658 0.58495342],0.0
732,GUNTHREAT_W26,RELIG,Hindu,[0.22061912 0.77938088],0.02982171430369408
733,GUNTHREAT_W26,RELIG,Jewish,[0.20793665 0.79206335],0.0
734,GUNTHREAT_W26,RELIG,Mormon,[0.10438158 0.89561842],0.0024213705319746995
735,GUNTHREAT_W26,RELIG,Muslim,[0.09607671 0.90392329],0.0
736,GUNTHREAT_W26,RELIG,Nothing in particular,[0.25860319 0.74139681],0.0052484536429328816
737,GUNTHREAT_W26,RELIG,Orthodox,[0.27255062 0.72744938],0.0
738,GUNTHREAT_W26,RELIG,Other,[0.4021244 0.5978756],0.0
739,GUNTHREAT_W26,RELIG,Protestant,[0.23131733 0.76868267],0.0053301697605935335
740,GUNTHREAT_W26,RELIG,Roman Catholic,[0.20036247 0.79963753],0.0023439639611026013
741,GROWUPGUN4_W26,RELIG,Agnostic,[0.17293033 0.51169178 0.31537789 0.        ],0.03200859938737261
742,GROWUPGUN4_W26,RELIG,Atheist,[0.15345029 0.51116311 0.33538659 0.        ],0.0010067279185680357
743,GROWUPGUN4_W26,RELIG,Buddhist,[0.08573631 0.50368172 0.41058197 0.        ],0.0
744,GROWUPGUN4_W26,RELIG,Hindu,[0.11266713 0.3018219  0.58551097 0.        ],0.0
745,GROWUPGUN4_W26,RELIG,Jewish,[0.11945131 0.31426613 0.56628255 0.        ],0.0026291669123256487
746,GROWUPGUN4_W26,RELIG,Mormon,[0.31813506 0.45034456 0.23152037 0.        ],0.005954374052236545
747,GROWUPGUN4_W26,RELIG,Muslim,[0.02657004 0.38219889 0.59123106 0.        ],0.0
748,GROWUPGUN4_W26,RELIG,Nothing in particular,[0.22822252 0.43716873 0.33460874 0.        ],0.0027814061577659454
749,GROWUPGUN4_W26,RELIG,Orthodox,[0.36164464 0.46997323 0.16838213 0.        ],0.0
750,GROWUPGUN4_W26,RELIG,Other,[0.15932728 0.65337093 0.1873018  0.        ],0.007056381150056666
751,GROWUPGUN4_W26,RELIG,Protestant,[0.29078552 0.43836895 0.27084552 0.        ],0.011394854590378187
752,GROWUPGUN4_W26,RELIG,Roman Catholic,[0.16391478 0.46089628 0.37518894 0.        ],0.0017226003853575774
753,GUNACTIVITYD_W26,RELIG,Agnostic,[0.00779616 0.04955192 0.12606116 0.81659076],0.0
754,GUNACTIVITYD_W26,RELIG,Atheist,[0.         0.02471897 0.24008014 0.73520089],0.001375811969015444
755,GUNACTIVITYD_W26,RELIG,Buddhist,[0.         0.         0.15051359 0.84948641],0.0
756,GUNACTIVITYD_W26,RELIG,Hindu,[0.        0.0700308 0.0363192 0.89365  ],0.0
757,GUNACTIVITYD_W26,RELIG,Jewish,[0.0032146  0.00547797 0.09610396 0.89520347],0.0
758,GUNACTIVITYD_W26,RELIG,Mormon,[0.         0.13484398 0.19704684 0.66810918],0.0024213705319746995
759,GUNACTIVITYD_W26,RELIG,Muslim,[0.         0.04267682 0.16191694 0.79540625],0.0
760,GUNACTIVITYD_W26,RELIG,Nothing in particular,[0.00096305 0.02202287 0.14145115 0.83556293],0.0010381244914558893
761,GUNACTIVITYD_W26,RELIG,Orthodox,[0.         0.31260921 0.04569025 0.64170054],0.0
762,GUNACTIVITYD_W26,RELIG,Other,[0.04319421 0.05696959 0.2123734  0.6874628 ],0.0021903931923666735
763,GUNACTIVITYD_W26,RELIG,Protestant,[0.00951934 0.03970223 0.11677467 0.83400377],0.00474404558437512
764,GUNACTIVITYD_W26,RELIG,Roman Catholic,[0.00725854 0.0405371  0.1214947  0.83070966],0.002750904255320951
765,GUN1_W26,RELIG,Agnostic,[0.21029769 0.78970231],0.0014265562651126285
766,GUN1_W26,RELIG,Atheist,[0.23029718 0.76970282],0.0013830880878374738
767,GUN1_W26,RELIG,Buddhist,[0.09187532 0.90812468],0.1902613312692402
768,GUN1_W26,RELIG,Hindu,[0. 1.],0.0
769,GUN1_W26,RELIG,Jewish,[0.07157491 0.92842509],0.01769565937638543
770,GUN1_W26,RELIG,Mormon,[0.39793606 0.60206394],0.0024213705319746995
771,GUN1_W26,RELIG,Muslim,[0.03321978 0.96678022],0.016562117000392264
772,GUN1_W26,RELIG,Nothing in particular,[0.29243432 0.70756568],0.01177161702010121
773,GUN1_W26,RELIG,Orthodox,[0.58208814 0.41791186],0.0
774,GUN1_W26,RELIG,Other,[0.30544426 0.69455574],0.004482229640344928
775,GUN1_W26,RELIG,Protestant,[0.32576952 0.67423048],0.014752475893191685
776,GUN1_W26,RELIG,Roman Catholic,[0.23948235 0.76051765],0.003839915819659503
777,GUNSAFETYKIDS_W26,RELIG,Agnostic,[0.61670558 0.38329442 0.        ],0.0
778,GUNSAFETYKIDS_W26,RELIG,Atheist,[0.44740632 0.55259368 0.        ],0.0
779,GUNSAFETYKIDS_W26,RELIG,Buddhist,[0.10856395 0.53614753 0.35528852],0.0
780,GUNSAFETYKIDS_W26,RELIG,Hindu,[0.03422582 0.96577418 0.        ],0.0
781,GUNSAFETYKIDS_W26,RELIG,Jewish,[0.84206372 0.15793628 0.        ],0.0
782,GUNSAFETYKIDS_W26,RELIG,Mormon,[0.5899957 0.4100043 0.       ],0.0
783,GUNSAFETYKIDS_W26,RELIG,Muslim,[0.24600367 0.75399633 0.        ],0.0
784,GUNSAFETYKIDS_W26,RELIG,Nothing in particular,[0.58328844 0.41671156 0.        ],0.0
785,GUNSAFETYKIDS_W26,RELIG,Orthodox,[0.25024193 0.74975807 0.        ],0.0
786,GUNSAFETYKIDS_W26,RELIG,Other,[0.70915186 0.29084814 0.        ],0.0
787,GUNSAFETYKIDS_W26,RELIG,Protestant,[0.60817631 0.38323467 0.00858902],0.0
788,GUNSAFETYKIDS_W26,RELIG,Roman Catholic,[0.61473202 0.38526798 0.        ],0.0
789,GUNACTIVITYC_W26,RELIG,Agnostic,[0.         0.0189636  0.07285704 0.90817937],0.0018663092363650194
790,GUNACTIVITYC_W26,RELIG,Atheist,[0.00914437 0.04000824 0.08160833 0.86923905],0.008489314581288022
791,GUNACTIVITYC_W26,RELIG,Buddhist,[0.         0.         0.00950917 0.99049083],0.0
792,GUNACTIVITYC_W26,RELIG,Hindu,[0.        0.        0.0941089 0.9058911],0.01933040644840274
793,GUNACTIVITYC_W26,RELIG,Jewish,[0.0032146  0.11635082 0.09743862 0.78299596],0.0
794,GUNACTIVITYC_W26,RELIG,Mormon,[0.01459778 0.14167059 0.07484453 0.7688871 ],0.0024213705319746995
795,GUNACTIVITYC_W26,RELIG,Muslim,[0.         0.04267682 0.12268324 0.83463994],0.0
796,GUNACTIVITYC_W26,RELIG,Nothing in particular,[0.00707291 0.03552613 0.11234225 0.84505871],0.0017945170205908207
797,GUNACTIVITYC_W26,RELIG,Orthodox,[0.         0.12291478 0.03463602 0.8424492 ],0.0
798,GUNACTIVITYC_W26,RELIG,Other,[0.04238041 0.13662515 0.1316313  0.68936314],0.0
799,GUNACTIVITYC_W26,RELIG,Protestant,[0.01409755 0.06589276 0.16136689 0.75864279],0.008659823354751083
800,GUNACTIVITYC_W26,RELIG,Roman Catholic,[0.02468949 0.06821163 0.13782582 0.76927305],0.0027294912176123423
801,EVERSHOT_W26,RELIG,Agnostic,[0.79051534 0.20948466],0.0
802,EVERSHOT_W26,RELIG,Atheist,[0.834028 0.165972],0.003384413981612821
803,EVERSHOT_W26,RELIG,Buddhist,[0.53243515 0.46756485],0.0
804,EVERSHOT_W26,RELIG,Hindu,[0.34215744 0.65784256],0.0
805,EVERSHOT_W26,RELIG,Jewish,[0.68668897 0.31331103],0.01769565937638543
806,EVERSHOT_W26,RELIG,Mormon,[0.81543993 0.18456007],0.022065234404473933
807,EVERSHOT_W26,RELIG,Muslim,[0.40745692 0.59254308],0.0
808,EVERSHOT_W26,RELIG,Nothing in particular,[0.73518625 0.26481375],0.0
809,EVERSHOT_W26,RELIG,Orthodox,[0.85094459 0.14905541],0.007831420280545832
810,EVERSHOT_W26,RELIG,Other,[0.57601005 0.42398995],0.0
811,EVERSHOT_W26,RELIG,Protestant,[0.76773641 0.23226359],0.0012244664400831201
812,EVERSHOT_W26,RELIG,Roman Catholic,[0.66223312 0.33776688],0.00021383005747587086
813,GUNACCESS_W26,RELIG,Agnostic,[0.27388507 0.20389612 0.20215587 0.32006294],0.0
814,GUNACCESS_W26,RELIG,Atheist,[0.2793361  0.13514313 0.14197773 0.44354304],0.0
815,GUNACCESS_W26,RELIG,Buddhist,[0.18133558 0.         0.         0.81866442],0.0
816,GUNACCESS_W26,RELIG,Hindu,[0. 0. 0. 1.],0.0
817,GUNACCESS_W26,RELIG,Jewish,[0.25261684 0.69492506 0.02756798 0.02489012],0.0
818,GUNACCESS_W26,RELIG,Mormon,[0.0724899  0.17548827 0.51399184 0.23802999],0.0
819,GUNACCESS_W26,RELIG,Muslim,[0.4371679 0.5628321 0.        0.       ],0.0
820,GUNACCESS_W26,RELIG,Nothing in particular,[0.41406632 0.18501063 0.10627156 0.29465149],0.0
821,GUNACCESS_W26,RELIG,Orthodox,[0.         0.03289535 0.         0.96710465],0.0
822,GUNACCESS_W26,RELIG,Other,[0.49840603 0.10595946 0.09470367 0.30093083],0.006209952829894533
823,GUNACCESS_W26,RELIG,Protestant,[0.42716306 0.17719651 0.10198475 0.29365567],0.004095654509690399
824,GUNACCESS_W26,RELIG,Roman Catholic,[0.39756951 0.14108561 0.15280269 0.30854219],0.006780950898380832
825,GUNLOADED2_W26,RELIG,Agnostic,[0.27613048 0.72386952],0.0
826,GUNLOADED2_W26,RELIG,Atheist,[0.20425372 0.79574628],0.0
827,GUNLOADED2_W26,RELIG,Buddhist,[0. 1.],0.0787810868660686
828,GUNLOADED2_W26,RELIG,Hindu,[0. 1.],0.0
829,GUNLOADED2_W26,RELIG,Jewish,[0.35558038 0.64441962],0.0
830,GUNLOADED2_W26,RELIG,Mormon,[0. 1.],0.0
831,GUNLOADED2_W26,RELIG,Muslim,[1. 0.],0.0
832,GUNLOADED2_W26,RELIG,Nothing in particular,[0.14579948 0.85420052],0.0
833,GUNLOADED2_W26,RELIG,Other,[0.72955508 0.27044492],0.0
834,GUNLOADED2_W26,RELIG,Protestant,[0.38710365 0.61289635],0.0
835,GUNLOADED2_W26,RELIG,Roman Catholic,[0.43045879 0.56954121],0.038536927699066775
836,GUNIDENTITY_W26,RELIG,Agnostic,[0.05857503 0.22815692 0.35338399 0.35988405],0.0
837,GUNIDENTITY_W26,RELIG,Atheist,[0.22258175 0.09301602 0.2519889  0.43241333],0.0
838,GUNIDENTITY_W26,RELIG,Buddhist,[0.05725987 0.         0.20975788 0.73298224],0.0
839,GUNIDENTITY_W26,RELIG,Hindu,[0.         0.39800976 0.60199024 0.        ],0.0
840,GUNIDENTITY_W26,RELIG,Jewish,[0.56088999 0.04674087 0.32387818 0.06849096],0.0
841,GUNIDENTITY_W26,RELIG,Mormon,[0.19566177 0.2246326  0.53529732 0.04440831],0.0
842,GUNIDENTITY_W26,RELIG,Muslim,[0.         0.36705785 0.4371679  0.19577425],0.0
843,GUNIDENTITY_W26,RELIG,Nothing in particular,[0.20915816 0.24381651 0.34225393 0.20477141],0.0
844,GUNIDENTITY_W26,RELIG,Orthodox,[0.05410178 0.29994136 0.63923617 0.00672069],0.0
845,GUNIDENTITY_W26,RELIG,Other,[0.21583411 0.45622554 0.2206016  0.10733875],0.0
846,GUNIDENTITY_W26,RELIG,Protestant,[0.29328202 0.25699622 0.27076913 0.17895264],0.011921839015248365
847,GUNIDENTITY_W26,RELIG,Roman Catholic,[0.26243639 0.23482704 0.31837233 0.18436424],0.0
848,WORRYB_W26,RELIG,Agnostic,[0.00909023 0.36816251 0.62274726],0.0
849,WORRYB_W26,RELIG,Atheist,[0.04263317 0.20939317 0.74797366],0.0
850,WORRYB_W26,RELIG,Buddhist,[0.32996441 0.13235746 0.53767813],0.0
851,WORRYB_W26,RELIG,Hindu,[0.32249983 0.26408131 0.41341886],0.0
852,WORRYB_W26,RELIG,Jewish,[0.27094802 0.30986593 0.41918605],0.0
853,WORRYB_W26,RELIG,Mormon,[0.01252472 0.26956294 0.71791234],0.004406504145436568
854,WORRYB_W26,RELIG,Muslim,[0.20981269 0.28456843 0.50561888],0.0
855,WORRYB_W26,RELIG,Nothing in particular,[0.08495999 0.41541501 0.499625  ],0.0
856,WORRYB_W26,RELIG,Orthodox,[0.03369112 0.61655843 0.34975045],0.0
857,WORRYB_W26,RELIG,Other,[0.00522879 0.45404711 0.5407241 ],0.0
858,WORRYB_W26,RELIG,Protestant,[0.15871698 0.49434456 0.34693846],0.0011856348900667168
859,WORRYB_W26,RELIG,Roman Catholic,[0.28160449 0.41637949 0.30201603],0.0019443870869197057
860,WORRYF_W26,RELIG,Agnostic,[0.         0.29771971 0.70228029],0.0
861,WORRYF_W26,RELIG,Atheist,[0.0255467  0.16526807 0.80918524],0.0
862,WORRYF_W26,RELIG,Buddhist,[0.         0.23936974 0.76063026],0.0
863,WORRYF_W26,RELIG,Hindu,[0.50716298 0.27385957 0.21897745],0.0
864,WORRYF_W26,RELIG,Jewish,[0.19323927 0.45405491 0.35270582],0.0
865,WORRYF_W26,RELIG,Mormon,[0.        0.1617104 0.8382896],0.0
866,WORRYF_W26,RELIG,Muslim,[0.40301022 0.33231702 0.26467276],0.0
867,WORRYF_W26,RELIG,Nothing in particular,[0.16018344 0.33043178 0.50938478],0.0002540772896383646
868,WORRYF_W26,RELIG,Orthodox,[0.07466746 0.59532331 0.33000922],0.0
869,WORRYF_W26,RELIG,Other,[0.06007397 0.43890967 0.50101636],0.0
870,WORRYF_W26,RELIG,Protestant,[0.09072693 0.3639803  0.54529277],0.001779107960234687
871,WORRYF_W26,RELIG,Roman Catholic,[0.15637003 0.49663139 0.34699858],0.0022404529289757106
872,WORRYG_W26,RELIG,Agnostic,[0.21877567 0.65364545 0.12757888],0.0
873,WORRYG_W26,RELIG,Atheist,[0.19881087 0.58882291 0.21236621],0.0
874,WORRYG_W26,RELIG,Buddhist,[0.32638472 0.53194626 0.14166902],0.0
875,WORRYG_W26,RELIG,Hindu,[0.45373982 0.50060597 0.04565421],0.0
876,WORRYG_W26,RELIG,Jewish,[0.25762724 0.57486014 0.16751262],0.0015298368249950524
877,WORRYG_W26,RELIG,Mormon,[0.14354774 0.45775038 0.39870187],0.010912645807697147
878,WORRYG_W26,RELIG,Muslim,[0.48627851 0.44073434 0.07298716],0.0
879,WORRYG_W26,RELIG,Nothing in particular,[0.28570499 0.54977212 0.16452289],0.002004593865518475
880,WORRYG_W26,RELIG,Orthodox,[0.17335246 0.46392211 0.36272543],0.0
881,WORRYG_W26,RELIG,Other,[0.19601055 0.61821879 0.18577066],0.0
882,WORRYG_W26,RELIG,Protestant,[0.2845382  0.52005843 0.19540337],0.0021742305032901445
883,WORRYG_W26,RELIG,Roman Catholic,[0.37255713 0.51276784 0.11467503],0.0009477191323485813
884,GUNCONTRIBD_W26,RELIG,Agnostic,[0.23836517 0.50134344 0.23103845 0.02925294],0.0
885,GUNCONTRIBD_W26,RELIG,Atheist,[0.40218256 0.38741131 0.16481315 0.04559298],0.0
886,GUNCONTRIBD_W26,RELIG,Buddhist,[0.14514153 0.37100561 0.4058892  0.07796365],0.0
887,GUNCONTRIBD_W26,RELIG,Hindu,[0.33704686 0.49923959 0.08729621 0.07641735],0.018710929745953047
888,GUNCONTRIBD_W26,RELIG,Jewish,[0.19615613 0.36144401 0.23840198 0.20399788],0.0
889,GUNCONTRIBD_W26,RELIG,Mormon,[0.10066796 0.29986052 0.5466725  0.05279902],0.014649396575124131
890,GUNCONTRIBD_W26,RELIG,Muslim,[0.33373768 0.3643223  0.22824341 0.07369662],0.0
891,GUNCONTRIBD_W26,RELIG,Nothing in particular,[0.23814839 0.50541152 0.12654112 0.12989896],0.0
892,GUNCONTRIBD_W26,RELIG,Orthodox,[0.09233331 0.44689073 0.46077596 0.        ],0.0
893,GUNCONTRIBD_W26,RELIG,Other,[0.46906043 0.29146641 0.22752542 0.01194774],0.0077402489651821295
894,GUNCONTRIBD_W26,RELIG,Protestant,[0.22923903 0.40630894 0.28507887 0.07937316],0.0045765472651672235
895,GUNCONTRIBD_W26,RELIG,Roman Catholic,[0.22448339 0.40987919 0.2862214  0.07941602],0.0018556088141957125
896,CRIMEVICTIM_W26,RELIG,Agnostic,[0.15563933 0.84436067],0.0
897,CRIMEVICTIM_W26,RELIG,Atheist,[0.32670376 0.67329624],0.0
898,CRIMEVICTIM_W26,RELIG,Buddhist,[0.22716534 0.77283466],0.0
899,CRIMEVICTIM_W26,RELIG,Hindu,[0.20975062 0.79024938],0.0
900,CRIMEVICTIM_W26,RELIG,Jewish,[0.17551005 0.82448995],0.01353105890807036
901,CRIMEVICTIM_W26,RELIG,Mormon,[0.22460654 0.77539346],0.0024213705319746995
902,CRIMEVICTIM_W26,RELIG,Muslim,[0.06801434 0.93198566],0.0
903,CRIMEVICTIM_W26,RELIG,Nothing in particular,[0.22367341 0.77632659],0.002905374354088997
904,CRIMEVICTIM_W26,RELIG,Orthodox,[0.07791291 0.92208709],0.0
905,CRIMEVICTIM_W26,RELIG,Other,[0.34024458 0.65975542],0.0
906,CRIMEVICTIM_W26,RELIG,Protestant,[0.19846441 0.80153559],0.003274586247757886
907,CRIMEVICTIM_W26,RELIG,Roman Catholic,[0.17288248 0.82711752],0.00548706579865277
908,REASONGUND_W26,RELIG,Agnostic,[0.02242694 0.36429852 0.61327453],0.0
909,REASONGUND_W26,RELIG,Atheist,[0.05708441 0.18024862 0.76266697],0.0
910,REASONGUND_W26,RELIG,Buddhist,[0.        0.2224981 0.7775019],0.05725987150664277
911,REASONGUND_W26,RELIG,Hindu,[0. 0. 1.],0.0
912,REASONGUND_W26,RELIG,Jewish,[0.31146502 0.55375687 0.1347781 ],0.0
913,REASONGUND_W26,RELIG,Mormon,[0.159454   0.50622579 0.33432021],0.0
914,REASONGUND_W26,RELIG,Muslim,[0.         0.65216225 0.34783775],0.4371679029887782
915,REASONGUND_W26,RELIG,Nothing in particular,[0.19521528 0.2717866  0.53299812],0.006009645881426006
916,REASONGUND_W26,RELIG,Orthodox,[0.03961605 0.84650372 0.11388023],0.0
917,REASONGUND_W26,RELIG,Other,[0.47838056 0.20784187 0.31377758],0.0
918,REASONGUND_W26,RELIG,Protestant,[0.11264459 0.2853717  0.60198371],0.005211186125257415
919,REASONGUND_W26,RELIG,Roman Catholic,[0.12815035 0.28772271 0.58412695],0.0
920,REASONGUNA_W26,RELIG,Agnostic,[0.56027977 0.34040589 0.09931434],0.0
921,REASONGUNA_W26,RELIG,Atheist,[0.37319511 0.45841625 0.16838864],0.0
922,REASONGUNA_W26,RELIG,Buddhist,[0.26701776 0.06341955 0.66956269],0.0
923,REASONGUNA_W26,RELIG,Hindu,[1. 0. 0.],0.0
924,REASONGUNA_W26,RELIG,Jewish,[0.9475419 0.0524581 0.       ],0.0
925,REASONGUNA_W26,RELIG,Mormon,[0.49008277 0.44817559 0.06174165],0.0
926,REASONGUNA_W26,RELIG,Muslim,[1. 0. 0.],0.0
927,REASONGUNA_W26,RELIG,Nothing in particular,[0.68651774 0.24136729 0.07211498],0.0
928,REASONGUNA_W26,RELIG,Orthodox,[0.64827398 0.34500533 0.00672069],0.0
929,REASONGUNA_W26,RELIG,Other,[0.89899983 0.10100017 0.        ],0.0
930,REASONGUNA_W26,RELIG,Protestant,[0.72208032 0.21317968 0.06473999],0.002904505964816996
931,REASONGUNA_W26,RELIG,Roman Catholic,[0.68606827 0.21628027 0.09765146],0.0014065090911334142
0,IMPREASONGUN_W26,RELIGATTEND,A few times a year,[0.48388236 0.28982465 0.15499363 0.03585738 0.03544198],0.0
1,IMPREASONGUN_W26,RELIGATTEND,More than once a week,[0.43505461 0.24306383 0.1882472  0.02467655 0.10895782],0.0
2,IMPREASONGUN_W26,RELIGATTEND,Never,[0.50015044 0.25419936 0.18363241 0.01171329 0.0503045 ],0.010353921329992395
3,IMPREASONGUN_W26,RELIGATTEND,Once a week,[0.4655515  0.38282122 0.07208026 0.01471095 0.06483607],0.002616228030592296
4,IMPREASONGUN_W26,RELIGATTEND,Once or twice a month,[0.48887355 0.36671146 0.1017261  0.02303628 0.01965261],0.0
5,IMPREASONGUN_W26,RELIGATTEND,Seldom,[0.53637434 0.2801156  0.05823538 0.10711459 0.01816008],0.0
6,GUNLOCKED2_W26,RELIGATTEND,A few times a year,[0.30511375 0.69488625],0.0
7,GUNLOCKED2_W26,RELIGATTEND,More than once a week,[0.35478085 0.64521915],0.0
8,GUNLOCKED2_W26,RELIGATTEND,Never,[0.44713053 0.55286947],0.0
9,GUNLOCKED2_W26,RELIGATTEND,Once a week,[0.46206702 0.53793298],0.0
10,GUNLOCKED2_W26,RELIGATTEND,Once or twice a month,[0.71205699 0.28794301],0.0
11,GUNLOCKED2_W26,RELIGATTEND,Seldom,[0.39784596 0.60215404],0.0
12,GUNRESPNOKIDSA_W26,RELIGATTEND,A few times a year,[0.67597991 0.23972544 0.07568129 0.00861335],0.0
13,GUNRESPNOKIDSA_W26,RELIGATTEND,More than once a week,[0.6207081  0.25741335 0.04764147 0.07423708],0.006136751621391855
14,GUNRESPNOKIDSA_W26,RELIGATTEND,Never,[0.49035815 0.28400731 0.17112114 0.0545134 ],0.0
15,GUNRESPNOKIDSA_W26,RELIGATTEND,Once a week,[0.65383127 0.2453326  0.08944214 0.01139399],0.0035434394008328493
16,GUNRESPNOKIDSA_W26,RELIGATTEND,Once or twice a month,[0.55765394 0.22948751 0.17049112 0.04236743],0.005370699100765631
17,GUNRESPNOKIDSA_W26,RELIGATTEND,Seldom,[0.58064781 0.30468321 0.10659864 0.00807033],0.01492344670116579
18,GUNASSOCIATIONA_W26,RELIGATTEND,A few times a year,[0.14184014 0.85815986],0.004745741882997841
19,GUNASSOCIATIONA_W26,RELIGATTEND,More than once a week,[0.08322948 0.91677052],0.0
20,GUNASSOCIATIONA_W26,RELIGATTEND,Never,[0.11151001 0.88848999],0.0
21,GUNASSOCIATIONA_W26,RELIGATTEND,Once a week,[0.11510536 0.88489464],0.0008773710093072182
22,GUNASSOCIATIONA_W26,RELIGATTEND,Once or twice a month,[0.15503872 0.84496128],0.0
23,GUNASSOCIATIONA_W26,RELIGATTEND,Seldom,[0.10496063 0.89503937],0.0
24,GUNACTIVITYB_W26,RELIGATTEND,A few times a year,[0.03218498 0.24364906 0.25666516 0.4675008 ],0.0008777134627126916
25,GUNACTIVITYB_W26,RELIGATTEND,More than once a week,[0.04464726 0.22222189 0.22280212 0.51032873],0.026080198242473804
26,GUNACTIVITYB_W26,RELIGATTEND,Never,[0.05437043 0.19515553 0.2411969  0.50927714],0.00307288712572012
27,GUNACTIVITYB_W26,RELIGATTEND,Once a week,[0.04762689 0.16314921 0.28369883 0.50552507],0.0029840082567839784
28,GUNACTIVITYB_W26,RELIGATTEND,Once or twice a month,[0.10226639 0.29936595 0.19240099 0.40596667],0.0
29,GUNACTIVITYB_W26,RELIGATTEND,Seldom,[0.06234833 0.27023679 0.24091916 0.42649572],0.0018552798612907345
30,GUNSAFE2_W26,RELIGATTEND,A few times a year,[0.32118566 0.26004878 0.41876556],0.0
31,GUNSAFE2_W26,RELIGATTEND,More than once a week,[0.38875553 0.14119024 0.47005422],0.006227583166653997
32,GUNSAFE2_W26,RELIGATTEND,Never,[0.21905035 0.2399456  0.54100405],0.0020748192333972628
33,GUNSAFE2_W26,RELIGATTEND,Once a week,[0.27392788 0.12752798 0.59854415],0.0017837888253352519
34,GUNSAFE2_W26,RELIGATTEND,Once or twice a month,[0.36844013 0.16695766 0.46460221],0.00042099707735958656
35,GUNSAFE2_W26,RELIGATTEND,Seldom,[0.27604952 0.19616388 0.5277866 ],0.0
36,GUN_W26,RELIGATTEND,A few times a year,[0.29549704 0.70450296],0.003415809074199017
37,GUN_W26,RELIGATTEND,More than once a week,[0.23218986 0.76781014],0.00616935148274827
38,GUN_W26,RELIGATTEND,Never,[0.33959335 0.66040665],0.009590985812956837
39,GUN_W26,RELIGATTEND,Once a week,[0.27972111 0.72027889],0.012369933520208145
40,GUN_W26,RELIGATTEND,Once or twice a month,[0.33048213 0.66951787],0.005241760154774537
41,GUN_W26,RELIGATTEND,Seldom,[0.31408951 0.68591049],0.009102984470955994
42,GUNRESPKIDSF_W26,RELIGATTEND,A few times a year,[0.70264231 0.22411745 0.04976135 0.02347888],0.0052487383030186945
43,GUNRESPKIDSF_W26,RELIGATTEND,More than once a week,[0.63609933 0.26928201 0.07891743 0.01570122],0.017954694423389917
44,GUNRESPKIDSF_W26,RELIGATTEND,Never,[0.60123748 0.29331923 0.06970033 0.03574296],0.0
45,GUNRESPKIDSF_W26,RELIGATTEND,Once a week,[0.59074311 0.27699876 0.0994191  0.03283904],0.009337487640232693
46,GUNRESPKIDSF_W26,RELIGATTEND,Once or twice a month,[0.58052295 0.34199872 0.02955691 0.04792143],0.01092313792278643
47,GUNRESPKIDSF_W26,RELIGATTEND,Seldom,[0.60625444 0.25428484 0.10960481 0.02985591],0.0014822055058761362
48,WORRYA_W26,RELIGATTEND,A few times a year,[0.25847583 0.54089577 0.2006284 ],0.0013066235967420304
49,WORRYA_W26,RELIGATTEND,More than once a week,[0.13518053 0.4975589  0.36726057],0.0
50,WORRYA_W26,RELIGATTEND,Never,[0.15651471 0.53640515 0.30708014],0.0
51,WORRYA_W26,RELIGATTEND,Once a week,[0.27034088 0.47908504 0.25057409],0.00045562329219413596
52,WORRYA_W26,RELIGATTEND,Once or twice a month,[0.18886287 0.53556904 0.27556809],0.0
53,WORRYA_W26,RELIGATTEND,Seldom,[0.16948511 0.60754293 0.22297196],0.000237008514765088
54,GUNCONTRIBC_W26,RELIGATTEND,A few times a year,[0.27066227 0.25583453 0.35892739 0.11457581],0.000992297405467057
55,GUNCONTRIBC_W26,RELIGATTEND,More than once a week,[0.36212104 0.33263772 0.21939491 0.08584633],0.0037124148922166424
56,GUNCONTRIBC_W26,RELIGATTEND,Never,[0.21411567 0.25185995 0.37534214 0.15868224],0.0011332006243127866
57,GUNCONTRIBC_W26,RELIGATTEND,Once a week,[0.3623279  0.31638286 0.27301233 0.0482769 ],0.0035311201843701897
58,GUNCONTRIBC_W26,RELIGATTEND,Once or twice a month,[0.23315489 0.45425345 0.26382347 0.0487682 ],0.0
59,GUNCONTRIBC_W26,RELIGATTEND,Seldom,[0.18201174 0.31816335 0.42668058 0.07314433],0.015843939966112768
60,WORRYD_W26,RELIGATTEND,A few times a year,[0.40766638 0.41067343 0.18166019],0.0033950955824500876
61,WORRYD_W26,RELIGATTEND,More than once a week,[0.25192622 0.33220179 0.415872  ],0.013147772592864593
62,WORRYD_W26,RELIGATTEND,Never,[0.33606039 0.42768219 0.23625742],0.0020163077270484624
63,WORRYD_W26,RELIGATTEND,Once a week,[0.2661923  0.47194182 0.26186588],0.001576152070973353
64,WORRYD_W26,RELIGATTEND,Once or twice a month,[0.38623439 0.35368394 0.26008167],0.0
65,WORRYD_W26,RELIGATTEND,Seldom,[0.36208771 0.37639042 0.26152187],0.0038978594022588344
66,NOCARRYGUN_W26,RELIGATTEND,A few times a year,[0.70595771 0.29404229],0.0
67,NOCARRYGUN_W26,RELIGATTEND,More than once a week,[0.72723363 0.27276637],0.0
68,NOCARRYGUN_W26,RELIGATTEND,Never,[0.51324703 0.48675297],0.0
69,NOCARRYGUN_W26,RELIGATTEND,Once a week,[0.66584584 0.33415416],0.0
70,NOCARRYGUN_W26,RELIGATTEND,Once or twice a month,[0.55855435 0.44144565],0.0
71,NOCARRYGUN_W26,RELIGATTEND,Seldom,[0.61058878 0.38941122],0.0
72,GUNACTIVITYE_W26,RELIGATTEND,A few times a year,[0.02361555 0.10134044 0.14838947 0.72665454],0.003036091823155949
73,GUNACTIVITYE_W26,RELIGATTEND,More than once a week,[0.01373602 0.0677548  0.10011491 0.81839426],0.004149661228269482
74,GUNACTIVITYE_W26,RELIGATTEND,Never,[0.00845161 0.06981299 0.1429326  0.7788028 ],0.0026078463080612107
75,GUNACTIVITYE_W26,RELIGATTEND,Once a week,[0.0246613  0.06424367 0.13233938 0.77875565],0.0016620162130239523
76,GUNACTIVITYE_W26,RELIGATTEND,Once or twice a month,[0.         0.14424348 0.15120731 0.70454921],0.0010655467725545062
77,GUNACTIVITYE_W26,RELIGATTEND,Seldom,[0.00808776 0.08738302 0.15818556 0.74634365],0.0026398509298107987
78,GUNRESPKIDSA_W26,RELIGATTEND,A few times a year,[0.83761873 0.115294   0.03980894 0.00727833],0.0033096712900142393
79,GUNRESPKIDSA_W26,RELIGATTEND,More than once a week,[0.86342689 0.11501699 0.02155612 0.        ],0.010494515638898333
80,GUNRESPKIDSA_W26,RELIGATTEND,Never,[0.81925563 0.14888046 0.02837053 0.00349338],0.0009554124844790861
81,GUNRESPKIDSA_W26,RELIGATTEND,Once a week,[0.7864491  0.19551227 0.01062349 0.00741513],0.014518317989071097
82,GUNRESPKIDSA_W26,RELIGATTEND,Once or twice a month,[0.84788094 0.1249316  0.02105083 0.00613663],0.0
83,GUNRESPKIDSA_W26,RELIGATTEND,Seldom,[0.80014325 0.17364337 0.02188953 0.00432384],0.00021751664717536897
84,GUNLOADED1_W26,RELIGATTEND,A few times a year,[0.12587643 0.33218605 0.54193752],0.02657889084637717
85,GUNLOADED1_W26,RELIGATTEND,More than once a week,[0.15057167 0.36309762 0.48633071],0.035672033166101694
86,GUNLOADED1_W26,RELIGATTEND,Never,[0.15824511 0.43708214 0.40467275],0.0009048270979768277
87,GUNLOADED1_W26,RELIGATTEND,Once a week,[0.16367899 0.33512808 0.50119293],0.01745171247361691
88,GUNLOADED1_W26,RELIGATTEND,Once or twice a month,[0.13876272 0.42673033 0.43450695],0.0041309275366982244
89,GUNLOADED1_W26,RELIGATTEND,Seldom,[0.13285336 0.36993819 0.49720845],0.012612892906868735
90,GUNLOCKED1_W26,RELIGATTEND,A few times a year,[0.45946227 0.32094734 0.21959039],0.0
91,GUNLOCKED1_W26,RELIGATTEND,More than once a week,[0.49025284 0.19810775 0.3116394 ],0.035126727489968555
92,GUNLOCKED1_W26,RELIGATTEND,Never,[0.41120948 0.21504425 0.37374627],0.0013545379689688258
93,GUNLOCKED1_W26,RELIGATTEND,Once a week,[0.46908335 0.25411307 0.27680358],0.016064212741299978
94,GUNLOCKED1_W26,RELIGATTEND,Once or twice a month,[0.4989724  0.27464722 0.22638038],0.011026255344626567
95,GUNLOCKED1_W26,RELIGATTEND,Seldom,[0.331492   0.31198476 0.35652324],0.013485669042759463
96,GROWUPGUN2B_W26,RELIGATTEND,A few times a year,[0.68469193 0.31530807],0.000669729731112772
97,GROWUPGUN2B_W26,RELIGATTEND,More than once a week,[0.66840029 0.33159971],0.0
98,GROWUPGUN2B_W26,RELIGATTEND,Never,[0.58928612 0.41071388],0.002880020680636385
99,GROWUPGUN2B_W26,RELIGATTEND,Once a week,[0.70606387 0.29393613],0.0012662201185885437
100,GROWUPGUN2B_W26,RELIGATTEND,Once or twice a month,[0.73693774 0.26306226],0.0
101,GROWUPGUN2B_W26,RELIGATTEND,Seldom,[0.68087665 0.31912335],0.009404630497661288
102,GUNCONTRIBB_W26,RELIGATTEND,A few times a year,[0.56228838 0.30227643 0.07752623 0.05790896],0.0039025652509641945
103,GUNCONTRIBB_W26,RELIGATTEND,More than once a week,[0.59278507 0.23605001 0.08392286 0.08724206],0.004450033125908489
104,GUNCONTRIBB_W26,RELIGATTEND,Never,[0.51922416 0.33688719 0.08945083 0.05443782],0.000720774427731656
105,GUNCONTRIBB_W26,RELIGATTEND,Once a week,[0.51666144 0.35583252 0.09590742 0.03159863],0.002859968895250699
106,GUNCONTRIBB_W26,RELIGATTEND,Once or twice a month,[0.4949263  0.36545356 0.09862864 0.0409915 ],0.0
107,GUNCONTRIBB_W26,RELIGATTEND,Seldom,[0.5341733  0.34275303 0.07966528 0.04340839],0.011573053860340597
108,GROWUPGUN6_W26,RELIGATTEND,A few times a year,[0.07721873 0.22391478 0.18960798 0.5092585 ],0.007954248126037648
109,GROWUPGUN6_W26,RELIGATTEND,More than once a week,[0.06071051 0.20399568 0.13822626 0.59706755],0.003086397789002897
110,GROWUPGUN6_W26,RELIGATTEND,Never,[0.05923822 0.16543935 0.27326309 0.50205934],0.0007932407086739457
111,GROWUPGUN6_W26,RELIGATTEND,Once a week,[0.0593328  0.18178778 0.22986818 0.52901124],0.004558283945228513
112,GROWUPGUN6_W26,RELIGATTEND,Once or twice a month,[0.05599695 0.25002595 0.28761856 0.40635855],0.0
113,GROWUPGUN6_W26,RELIGATTEND,Seldom,[0.06580592 0.19579923 0.25128428 0.48711056],0.002209799337015513
114,CARRYGUN_W26,RELIGATTEND,A few times a year,[0.11498919 0.09961305 0.30511442 0.48028334],0.0
115,CARRYGUN_W26,RELIGATTEND,More than once a week,[0.07342454 0.20324692 0.3172993  0.40602925],0.0
116,CARRYGUN_W26,RELIGATTEND,Never,[0.11410686 0.12017578 0.34845802 0.41725935],0.0
117,CARRYGUN_W26,RELIGATTEND,Once a week,[0.06274567 0.20660559 0.33270319 0.39794556],0.009446200161921929
118,CARRYGUN_W26,RELIGATTEND,Once or twice a month,[0.24956744 0.24412576 0.26658311 0.23972369],0.0
119,CARRYGUN_W26,RELIGATTEND,Seldom,[0.12697624 0.12728543 0.29502096 0.45071736],0.0
120,GUNCOURSES_W26,RELIGATTEND,A few times a year,[0.35951662 0.64048338],0.0012031256465767023
121,GUNCOURSES_W26,RELIGATTEND,More than once a week,[0.31461909 0.68538091],0.01109480441589046
122,GUNCOURSES_W26,RELIGATTEND,Never,[0.31955195 0.68044805],0.0011119527171991387
123,GUNCOURSES_W26,RELIGATTEND,Once a week,[0.34460598 0.65539402],0.0026651540188577885
124,GUNCOURSES_W26,RELIGATTEND,Once or twice a month,[0.43464345 0.56535655],0.0015323015307989205
125,GUNCOURSES_W26,RELIGATTEND,Seldom,[0.35049248 0.64950752],0.0040473036288624946
126,GUNFRIEND_W26,RELIGATTEND,A few times a year,[0.24312445 0.45162358 0.30525197 0.        ],0.002060382220954262
127,GUNFRIEND_W26,RELIGATTEND,More than once a week,[0.21531199 0.55725347 0.22743454 0.        ],0.008989270919462654
128,GUNFRIEND_W26,RELIGATTEND,Never,[0.23681543 0.43178767 0.3313969  0.        ],0.0020906550860943464
129,GUNFRIEND_W26,RELIGATTEND,Once a week,[0.25443671 0.42675547 0.31880783 0.        ],0.006546838826559829
130,GUNFRIEND_W26,RELIGATTEND,Once or twice a month,[0.30772299 0.44787785 0.24439917 0.        ],0.0
131,GUNFRIEND_W26,RELIGATTEND,Seldom,[0.26517147 0.42418287 0.31064565 0.        ],0.0024205256323400555
132,GUNRESPKIDSB_W26,RELIGATTEND,A few times a year,[0.69889847 0.18628999 0.07216772 0.04264381],0.00394108111609905
133,GUNRESPKIDSB_W26,RELIGATTEND,More than once a week,[0.67733058 0.24804103 0.03761661 0.03701177],0.010919826404504103
134,GUNRESPKIDSB_W26,RELIGATTEND,Never,[0.65003932 0.23176417 0.09764521 0.02055129],0.0010196695576631522
135,GUNRESPKIDSB_W26,RELIGATTEND,Once a week,[0.62846157 0.23179096 0.08886315 0.05088431],0.009593576064290043
136,GUNRESPKIDSB_W26,RELIGATTEND,Once or twice a month,[0.56807206 0.38792787 0.01842124 0.02557884],0.0
137,GUNRESPKIDSB_W26,RELIGATTEND,Seldom,[0.60613977 0.25893815 0.07320601 0.06171608],0.0024076067472850677
138,WORLDDANGER_W26,RELIGATTEND,A few times a year,[0.07122513 0.69193099 0.23684387],0.0072962222027953315
139,WORLDDANGER_W26,RELIGATTEND,More than once a week,[0.06305928 0.79216857 0.14477215],0.0038317853454611687
140,WORLDDANGER_W26,RELIGATTEND,Never,[0.14954373 0.61633955 0.23411672],0.008634611469353539
141,WORLDDANGER_W26,RELIGATTEND,Once a week,[0.05091268 0.74096766 0.20811966],0.0013604715024225847
142,WORLDDANGER_W26,RELIGATTEND,Once or twice a month,[0.09078941 0.74050138 0.16870921],0.0
143,WORLDDANGER_W26,RELIGATTEND,Seldom,[0.09846396 0.68311539 0.21842065],0.007538406809998448
144,GUNKILLF2_W26,RELIGATTEND,A few times a year,[0.72229028 0.27770972],0.00748544839072412
145,GUNKILLF2_W26,RELIGATTEND,More than once a week,[0.73019859 0.26980141],0.003793171869430164
146,GUNKILLF2_W26,RELIGATTEND,Never,[0.69999841 0.30000159],0.000701161927541522
147,GUNKILLF2_W26,RELIGATTEND,Once a week,[0.77133502 0.22866498],0.0010350131383361314
148,GUNKILLF2_W26,RELIGATTEND,Once or twice a month,[0.75990138 0.24009862],0.0024575479418964
149,GUNKILLF2_W26,RELIGATTEND,Seldom,[0.79877446 0.20122554],0.0002703941796707687
150,GUNRESPNOKIDSB_W26,RELIGATTEND,A few times a year,[0.54051872 0.28845142 0.13650369 0.03452617],0.0037396943338449907
151,GUNRESPNOKIDSB_W26,RELIGATTEND,More than once a week,[0.41936352 0.27304353 0.10449676 0.20309619],0.002483312537028773
152,GUNRESPNOKIDSB_W26,RELIGATTEND,Never,[0.41320286 0.27647509 0.1835199  0.12680215],0.006624310585219775
153,GUNRESPNOKIDSB_W26,RELIGATTEND,Once a week,[0.58917283 0.23317718 0.11296294 0.06468706],0.003543439400832849
154,GUNRESPNOKIDSB_W26,RELIGATTEND,Once or twice a month,[0.38134357 0.35005656 0.18861353 0.07998634],0.011215879954284469
155,GUNRESPNOKIDSB_W26,RELIGATTEND,Seldom,[0.48573247 0.29619458 0.14166382 0.07640914],0.02455791688780713
156,GROWUPGUN2A_W26,RELIGATTEND,A few times a year,[0.63993608 0.36006392],0.0
157,GROWUPGUN2A_W26,RELIGATTEND,More than once a week,[0.66574685 0.33425315],0.004424984785709073
158,GROWUPGUN2A_W26,RELIGATTEND,Never,[0.6026999 0.3973001],0.0054695413181897546
159,GROWUPGUN2A_W26,RELIGATTEND,Once a week,[0.56995215 0.43004785],0.0016140194986382949
160,GROWUPGUN2A_W26,RELIGATTEND,Once or twice a month,[0.61698317 0.38301683],0.0
161,GROWUPGUN2A_W26,RELIGATTEND,Seldom,[0.58014892 0.41985108],0.001994536284333363
162,REASONGUNC_W26,RELIGATTEND,A few times a year,[0.30459373 0.34882594 0.34658033],0.008386844772787427
163,REASONGUNC_W26,RELIGATTEND,More than once a week,[0.27305357 0.44664948 0.28029696],0.0
164,REASONGUNC_W26,RELIGATTEND,Never,[0.33714553 0.37706474 0.28578972],0.0
165,REASONGUNC_W26,RELIGATTEND,Once a week,[0.28301045 0.42435813 0.29263142],0.011379113043863576
166,REASONGUNC_W26,RELIGATTEND,Once or twice a month,[0.37030961 0.34215936 0.28753103],0.0038607849748145593
167,REASONGUNC_W26,RELIGATTEND,Seldom,[0.27377127 0.37255784 0.35367088],0.0
168,SHOOTFREQ_W26,RELIGATTEND,A few times a year,[0.07672239 0.17163546 0.31936634 0.43227581],0.0
169,SHOOTFREQ_W26,RELIGATTEND,More than once a week,[0.03267629 0.23372003 0.28009738 0.45350631],0.0015642203181025762
170,SHOOTFREQ_W26,RELIGATTEND,Never,[0.04840042 0.18551386 0.24796899 0.51811674],0.010336557702360676
171,SHOOTFREQ_W26,RELIGATTEND,Once a week,[0.03342928 0.21118752 0.24493916 0.51044404],0.003344491337353915
172,SHOOTFREQ_W26,RELIGATTEND,Once or twice a month,[0.07216208 0.29961767 0.31926516 0.30895509],0.006280426497273273
173,SHOOTFREQ_W26,RELIGATTEND,Seldom,[0.04392997 0.178942   0.35167379 0.42545424],0.001049463358997502
174,GROWUPVIOL_W26,RELIGATTEND,A few times a year,[0.04112886 0.12115868 0.24761403 0.59009843],0.003094334658876846
175,GROWUPVIOL_W26,RELIGATTEND,More than once a week,[0.01723052 0.09803827 0.28808035 0.59665085],0.0038317853454611687
176,GROWUPVIOL_W26,RELIGATTEND,Never,[0.03847854 0.1176194  0.24948731 0.59441475],0.0012623574989900016
177,GROWUPVIOL_W26,RELIGATTEND,Once a week,[0.04309846 0.11046042 0.25512432 0.5913168 ],0.005023330115866074
178,GROWUPVIOL_W26,RELIGATTEND,Once or twice a month,[0.09809885 0.10467992 0.26135946 0.53586176],0.0012918770137260816
179,GROWUPVIOL_W26,RELIGATTEND,Seldom,[0.05407115 0.08948089 0.24952298 0.60692499],0.008034189205078526
180,REASONGUNB_W26,RELIGATTEND,A few times a year,[0.44144597 0.23920326 0.31935078],0.0
181,REASONGUNB_W26,RELIGATTEND,More than once a week,[0.27919058 0.29871226 0.42209716],0.0
182,REASONGUNB_W26,RELIGATTEND,Never,[0.33597058 0.1766809  0.48734852],0.0
183,REASONGUNB_W26,RELIGATTEND,Once a week,[0.41037189 0.25678655 0.33284156],0.010979243967358871
184,REASONGUNB_W26,RELIGATTEND,Once or twice a month,[0.44967838 0.28401095 0.26631067],0.001739772539739758
185,REASONGUNB_W26,RELIGATTEND,Seldom,[0.36350476 0.22206262 0.41443263],0.0
186,WORRYC_W26,RELIGATTEND,A few times a year,[0.22828422 0.49297904 0.27873674],0.0033174855072033403
187,WORRYC_W26,RELIGATTEND,More than once a week,[0.12541954 0.41946644 0.45511402],0.003621790880600191
188,WORRYC_W26,RELIGATTEND,Never,[0.17338591 0.36116792 0.46544616],0.0
189,WORRYC_W26,RELIGATTEND,Once a week,[0.21214371 0.42532268 0.36253361],0.0028893355067795565
190,WORRYC_W26,RELIGATTEND,Once or twice a month,[0.1673284  0.52921204 0.30345956],0.003335597970118748
191,WORRYC_W26,RELIGATTEND,Seldom,[0.16674519 0.44503214 0.38822267],0.002520551892703301
192,MARGUN_W26,RELIGATTEND,A few times a year,[0.83208264 0.16791736],0.0022414850883993253
193,MARGUN_W26,RELIGATTEND,More than once a week,[0.89862404 0.10137596],0.0
194,MARGUN_W26,RELIGATTEND,Never,[0.89274342 0.10725658],0.0
195,MARGUN_W26,RELIGATTEND,Once a week,[0.8726993 0.1273007],0.0019860145165074127
196,MARGUN_W26,RELIGATTEND,Once or twice a month,[0.88730625 0.11269375],0.028851738102295205
197,MARGUN_W26,RELIGATTEND,Seldom,[0.86641704 0.13358296],0.0
198,NEVEROWN_W26,RELIGATTEND,A few times a year,[0.72470915 0.27529085],0.0
199,NEVEROWN_W26,RELIGATTEND,More than once a week,[0.81522777 0.18477223],0.005947433447688187
200,NEVEROWN_W26,RELIGATTEND,Never,[0.70496062 0.29503938],0.0011173634838311697
201,NEVEROWN_W26,RELIGATTEND,Once a week,[0.74545153 0.25454847],0.008734915674692015
202,NEVEROWN_W26,RELIGATTEND,Once or twice a month,[0.89350044 0.10649956],0.011935664494208274
203,NEVEROWN_W26,RELIGATTEND,Seldom,[0.70239506 0.29760494],0.002584979154358599
204,GUNRESPKIDSC_W26,RELIGATTEND,A few times a year,[0.77263356 0.20671968 0.01321435 0.00743241],0.0038097891890277627
205,GUNRESPKIDSC_W26,RELIGATTEND,More than once a week,[0.71593503 0.24581717 0.01189791 0.02634989],0.007506575550594527
206,GUNRESPKIDSC_W26,RELIGATTEND,Never,[0.79029075 0.1762611  0.03127268 0.00217547],0.00030004674884000156
207,GUNRESPKIDSC_W26,RELIGATTEND,Once a week,[0.70397765 0.27077671 0.0149397  0.01030595],0.01183794282053326
208,GUNRESPKIDSC_W26,RELIGATTEND,Once or twice a month,[0.66939525 0.30745853 0.02314621 0.        ],0.0
209,GUNRESPKIDSC_W26,RELIGATTEND,Seldom,[0.66061794 0.28847234 0.03220929 0.01870042],0.00223405876276556
210,REASONGUNE_W26,RELIGATTEND,A few times a year,[0.10897385 0.10001766 0.79100849],0.0
211,REASONGUNE_W26,RELIGATTEND,More than once a week,[0.11001998 0.09323552 0.7967445 ],0.0
212,REASONGUNE_W26,RELIGATTEND,Never,[0.06552719 0.07367522 0.86079759],0.0009685134069887717
213,REASONGUNE_W26,RELIGATTEND,Once a week,[0.07976807 0.15662985 0.76360209],0.03065362119696618
214,REASONGUNE_W26,RELIGATTEND,Once or twice a month,[0.08227987 0.04063406 0.87708607],0.001739772539739758
215,REASONGUNE_W26,RELIGATTEND,Seldom,[0.07549983 0.10804528 0.81645489],0.0
216,GUNRESPNOKIDSG_W26,RELIGATTEND,A few times a year,[4.76023235e-01 4.20293387e-01 1.03266426e-01 4.16952454e-04],0.0010898110382153337
217,GUNRESPNOKIDSG_W26,RELIGATTEND,More than once a week,[0.48054519 0.36611156 0.07875459 0.07458866],0.002227803110296789
218,GUNRESPNOKIDSG_W26,RELIGATTEND,Never,[0.5074358  0.3402574  0.13710902 0.01519778],0.0034668661338293945
219,GUNRESPNOKIDSG_W26,RELIGATTEND,Once a week,[0.45502404 0.39537002 0.12020357 0.02940237],0.003948726693092714
220,GUNRESPNOKIDSG_W26,RELIGATTEND,Once or twice a month,[0.5443708  0.32126505 0.09104647 0.04331768],0.006426456451954486
221,GUNRESPNOKIDSG_W26,RELIGATTEND,Seldom,[0.47159843 0.36646308 0.14373371 0.01820477],0.014075675549408624
222,GUNCONTRIBE_W26,RELIGATTEND,A few times a year,[0.23556676 0.35483779 0.28852638 0.12106907],0.002350176999570281
223,GUNCONTRIBE_W26,RELIGATTEND,More than once a week,[0.4728723  0.24552809 0.24242882 0.03917079],0.007506575550594528
224,GUNCONTRIBE_W26,RELIGATTEND,Never,[0.22196265 0.24113007 0.34093863 0.19596864],0.004139110089547512
225,GUNCONTRIBE_W26,RELIGATTEND,Once a week,[0.2779646  0.3822552  0.23311599 0.1066642 ],0.005628370079762363
226,GUNCONTRIBE_W26,RELIGATTEND,Once or twice a month,[0.36712634 0.32096602 0.23324904 0.0786586 ],0.0067975000064959415
227,GUNCONTRIBE_W26,RELIGATTEND,Seldom,[0.24772282 0.34844624 0.25798747 0.14584346],0.0011704626001368698
228,GUNKILLF1_W26,RELIGATTEND,A few times a year,[0.74736204 0.25263796],0.005190382914123949
229,GUNKILLF1_W26,RELIGATTEND,More than once a week,[0.7707107 0.2292893],0.015958659149494462
230,GUNKILLF1_W26,RELIGATTEND,Never,[0.67690646 0.32309354],0.011452784898078949
231,GUNKILLF1_W26,RELIGATTEND,Once a week,[0.77733387 0.22266613],0.03292630788990092
232,GUNKILLF1_W26,RELIGATTEND,Once or twice a month,[0.77756413 0.22243587],0.008349119451260554
233,GUNKILLF1_W26,RELIGATTEND,Seldom,[0.76444339 0.23555661],0.014662529801595433
234,GUNCONTRIBF_W26,RELIGATTEND,A few times a year,[0.34337911 0.42670681 0.20645422 0.02345987],0.0033839415504810532
235,GUNCONTRIBF_W26,RELIGATTEND,More than once a week,[0.35182225 0.43214662 0.20621804 0.00981309],0.009063164300229649
236,GUNCONTRIBF_W26,RELIGATTEND,Never,[0.26708506 0.43731268 0.27279897 0.02280329],0.007135237842562909
237,GUNCONTRIBF_W26,RELIGATTEND,Once a week,[0.27592773 0.48004098 0.23738418 0.00664711],0.004867670591277112
238,GUNCONTRIBF_W26,RELIGATTEND,Once or twice a month,[0.20591591 0.49913491 0.20761433 0.08733484],0.0
239,GUNCONTRIBF_W26,RELIGATTEND,Seldom,[0.31295947 0.42685306 0.20456321 0.05562426],0.002677296997392468
240,DEFENDGUN_W26,RELIGATTEND,A few times a year,[0.06920422 0.93079578],0.003458967977117465
241,DEFENDGUN_W26,RELIGATTEND,More than once a week,[0.06132786 0.93867214],0.004902487913549783
242,DEFENDGUN_W26,RELIGATTEND,Never,[0.07695562 0.92304438],0.004507655772553817
243,DEFENDGUN_W26,RELIGATTEND,Once a week,[0.05054747 0.94945253],0.004180963881915477
244,DEFENDGUN_W26,RELIGATTEND,Once or twice a month,[0.06454672 0.93545328],0.0010655467725545062
245,DEFENDGUN_W26,RELIGATTEND,Seldom,[0.08821245 0.91178755],0.0022381243965956007
246,GUNRESPNOKIDSC_W26,RELIGATTEND,A few times a year,[0.80562437 0.15478381 0.03761948 0.00197234],0.004255834569319006
247,GUNRESPNOKIDSC_W26,RELIGATTEND,More than once a week,[0.60654443 0.25591222 0.07946202 0.05808133],0.0
248,GUNRESPNOKIDSC_W26,RELIGATTEND,Never,[0.62848034 0.27197325 0.08825433 0.01129207],0.00588656181285416
249,GUNRESPNOKIDSC_W26,RELIGATTEND,Once a week,[0.63655343 0.30283075 0.06061583 0.        ],0.0048453724204654105
250,GUNRESPNOKIDSC_W26,RELIGATTEND,Once or twice a month,[0.76694017 0.15822568 0.0684593  0.00637486],0.002317247900900445
251,GUNRESPNOKIDSC_W26,RELIGATTEND,Seldom,[0.68988294 0.23085288 0.06653492 0.01272926],0.014344683138105007
252,GUNRESPKIDSD_W26,RELIGATTEND,A few times a year,[0.15208421 0.28577431 0.34697235 0.21516912],0.006379845923503789
253,GUNRESPKIDSD_W26,RELIGATTEND,More than once a week,[0.18266774 0.3774822  0.30077    0.13908005],0.0
254,GUNRESPKIDSD_W26,RELIGATTEND,Never,[0.2385193  0.16005576 0.36020604 0.2412189 ],0.0038093739733833757
255,GUNRESPKIDSD_W26,RELIGATTEND,Once a week,[0.16318416 0.20873526 0.39252881 0.23555178],0.0
256,GUNRESPKIDSD_W26,RELIGATTEND,Once or twice a month,[0.129919   0.29211141 0.30116118 0.27680841],0.0
257,GUNRESPKIDSD_W26,RELIGATTEND,Seldom,[0.14976757 0.33036662 0.30727863 0.21258718],0.0
258,GUNRESPKIDSE_W26,RELIGATTEND,A few times a year,[0.44342262 0.35093817 0.14022149 0.06541772],0.0
259,GUNRESPKIDSE_W26,RELIGATTEND,More than once a week,[0.50095878 0.21211652 0.21529166 0.07163304],0.013394492453171002
260,GUNRESPKIDSE_W26,RELIGATTEND,Never,[0.38737588 0.30560235 0.24437664 0.06264513],0.0023261992584932634
261,GUNRESPKIDSE_W26,RELIGATTEND,Once a week,[0.41678448 0.30188202 0.21832247 0.06301102],0.008284084349161383
262,GUNRESPKIDSE_W26,RELIGATTEND,Once or twice a month,[0.43276575 0.28949105 0.15645956 0.12128364],0.001634500354047033
263,GUNRESPKIDSE_W26,RELIGATTEND,Seldom,[0.40559077 0.34282469 0.19698874 0.0545958 ],0.016823704484324496
264,GROWUPGUN2C_W26,RELIGATTEND,A few times a year,[0.53628181 0.46371819],0.000669729731112772
265,GROWUPGUN2C_W26,RELIGATTEND,More than once a week,[0.45669927 0.54330073],0.005537637077302614
266,GROWUPGUN2C_W26,RELIGATTEND,Never,[0.4351852 0.5648148],0.00458224800580305
267,GROWUPGUN2C_W26,RELIGATTEND,Once a week,[0.44479376 0.55520624],0.0021080887605263855
268,GROWUPGUN2C_W26,RELIGATTEND,Once or twice a month,[0.48387371 0.51612629],0.0013727913290114543
269,GROWUPGUN2C_W26,RELIGATTEND,Seldom,[0.43338043 0.56661957],0.00044932896543244447
270,GUNRESPNOKIDSF_W26,RELIGATTEND,A few times a year,[0.44972773 0.35961854 0.14489091 0.04576282],0.0026295306205809184
271,GUNRESPNOKIDSF_W26,RELIGATTEND,More than once a week,[0.40489143 0.38537935 0.09782522 0.111904  ],0.002642576051708246
272,GUNRESPNOKIDSF_W26,RELIGATTEND,Never,[0.34909034 0.30573719 0.23567768 0.10949479],0.011846275100847094
273,GUNRESPNOKIDSF_W26,RELIGATTEND,Once a week,[0.56531502 0.22767719 0.16233321 0.04467457],0.003543439400832849
274,GUNRESPNOKIDSF_W26,RELIGATTEND,Once or twice a month,[0.37466059 0.36044537 0.16536827 0.09952578],0.004520211464591874
275,GUNRESPNOKIDSF_W26,RELIGATTEND,Seldom,[0.42013443 0.3209908  0.174465   0.08440976],0.019514582604795678
276,GUNRESPKIDSH_W26,RELIGATTEND,A few times a year,[0.87482548 0.06885966 0.03936498 0.01694988],0.005814789348489164
277,GUNRESPKIDSH_W26,RELIGATTEND,More than once a week,[0.90343032 0.0835467  0.01173111 0.00129187],0.007506575550594527
278,GUNRESPKIDSH_W26,RELIGATTEND,Never,[0.94087703 0.03637189 0.00550158 0.0172495 ],0.002678954741451915
279,GUNRESPKIDSH_W26,RELIGATTEND,Once a week,[0.93159213 0.05397867 0.0127606  0.0016686 ],0.002599876412655399
280,GUNRESPKIDSH_W26,RELIGATTEND,Once or twice a month,[9.01100545e-01 7.15732005e-02 2.67375305e-02 5.88723841e-04],0.0012908642950598384
281,GUNRESPKIDSH_W26,RELIGATTEND,Seldom,[9.01508769e-01 8.57899519e-02 1.19772258e-02 7.24053803e-04],0.010076484761170195
282,GUNRESPKIDSG_W26,RELIGATTEND,A few times a year,[0.5305479  0.35798323 0.08107805 0.03039082],0.0033096712900142393
283,GUNRESPKIDSG_W26,RELIGATTEND,More than once a week,[0.53096247 0.37580013 0.08770935 0.00552805],0.04317034665864503
284,GUNRESPKIDSG_W26,RELIGATTEND,Never,[0.44080211 0.36732961 0.18099984 0.01086843],0.0027752627916230155
285,GUNRESPKIDSG_W26,RELIGATTEND,Once a week,[0.50466531 0.36770909 0.09355881 0.03406679],0.008092844318994095
286,GUNRESPKIDSG_W26,RELIGATTEND,Once or twice a month,[0.39936609 0.49745562 0.09824788 0.00493041],0.000434701780729877
287,GUNRESPKIDSG_W26,RELIGATTEND,Seldom,[0.4395046  0.35214743 0.15686106 0.05148691],0.004306208901767428
288,WORRYE_W26,RELIGATTEND,A few times a year,[0.19853715 0.51296461 0.28849824],0.00033450173998508754
289,WORRYE_W26,RELIGATTEND,More than once a week,[0.19069904 0.44979845 0.35950251],0.007506575550594527
290,WORRYE_W26,RELIGATTEND,Never,[0.11278406 0.53921963 0.34799631],0.0015293842886361713
291,WORRYE_W26,RELIGATTEND,Once a week,[0.10284906 0.5395624  0.35758853],0.0
292,WORRYE_W26,RELIGATTEND,Once or twice a month,[0.08678458 0.58794569 0.32526973],0.0
293,WORRYE_W26,RELIGATTEND,Seldom,[0.10572129 0.58270424 0.31157448],0.0
294,GUNSAFE_W26,RELIGATTEND,A few times a year,[0.72397706 0.02563271 0.25039023],0.0024809858964692324
295,GUNSAFE_W26,RELIGATTEND,More than once a week,[0.70510271 0.06668897 0.22820832],0.0
296,GUNSAFE_W26,RELIGATTEND,Never,[0.63865588 0.03973744 0.32160668],0.0007678459683140454
297,GUNSAFE_W26,RELIGATTEND,Once a week,[0.64457721 0.05358442 0.30183836],0.00661722525031613
298,GUNSAFE_W26,RELIGATTEND,Once or twice a month,[0.72932665 0.01630798 0.25436537],0.0052098070497384645
299,GUNSAFE_W26,RELIGATTEND,Seldom,[0.71260645 0.02260996 0.2647836 ],0.0
300,GUNCONTRIBA_W26,RELIGATTEND,A few times a year,[0.29926018 0.31469517 0.24690936 0.13913529],0.0018216550639029484
301,GUNCONTRIBA_W26,RELIGATTEND,More than once a week,[0.30517429 0.28265557 0.293716   0.11845414],0.02577507496147085
302,GUNCONTRIBA_W26,RELIGATTEND,Never,[0.32607524 0.27357405 0.24970812 0.15064259],0.0014541525132782671
303,GUNCONTRIBA_W26,RELIGATTEND,Once a week,[0.29255873 0.30138607 0.28393414 0.12212106],0.004545097807862218
304,GUNCONTRIBA_W26,RELIGATTEND,Once or twice a month,[0.25404013 0.30350292 0.29037062 0.15208632],0.0015857802936634058
305,GUNCONTRIBA_W26,RELIGATTEND,Seldom,[0.29977613 0.28728492 0.29096976 0.12196919],0.007198812990941404
306,GUNACTIVITYA_W26,RELIGATTEND,A few times a year,[0.01439089 0.16781945 0.15167576 0.66611391],0.0008777134627126916
307,GUNACTIVITYA_W26,RELIGATTEND,More than once a week,[0.02301408 0.09343702 0.15984987 0.72369903],0.005290574238108709
308,GUNACTIVITYA_W26,RELIGATTEND,Never,[0.0397097  0.09343791 0.1535589  0.71329349],0.0022947857294200336
309,GUNACTIVITYA_W26,RELIGATTEND,Once a week,[0.02654383 0.09854835 0.13231519 0.74259263],0.009236238604526834
310,GUNACTIVITYA_W26,RELIGATTEND,Once or twice a month,[0.02752161 0.16105519 0.22666283 0.58476036],0.0033490479300498886
311,GUNACTIVITYA_W26,RELIGATTEND,Seldom,[0.02676418 0.13520012 0.18880234 0.64923336],0.00021994953118140847
312,GUNRESPNOKIDSD_W26,RELIGATTEND,A few times a year,[0.22646247 0.14699465 0.50940511 0.11713777],0.0
313,GUNRESPNOKIDSD_W26,RELIGATTEND,More than once a week,[0.2262117  0.10486479 0.40794097 0.26098254],0.010137712959449959
314,GUNRESPNOKIDSD_W26,RELIGATTEND,Never,[0.08943877 0.17291765 0.4693397  0.26830388],0.002672135965643478
315,GUNRESPNOKIDSD_W26,RELIGATTEND,Once a week,[0.24826369 0.26750793 0.30790717 0.17632121],0.006259384015333088
316,GUNRESPNOKIDSD_W26,RELIGATTEND,Once or twice a month,[0.04098693 0.31699659 0.48014453 0.16187195],0.0
317,GUNRESPNOKIDSD_W26,RELIGATTEND,Seldom,[0.19543111 0.25852198 0.41105441 0.1349925 ],0.0
318,GROWUPGUN7_W26,RELIGATTEND,A few times a year,[0.17629424 0.23596647 0.23119054 0.35654876],0.014378635420064014
319,GROWUPGUN7_W26,RELIGATTEND,More than once a week,[0.12776926 0.1835565  0.25841039 0.43026384],0.0048939243091476285
320,GROWUPGUN7_W26,RELIGATTEND,Never,[0.12509998 0.26441342 0.23574306 0.37474354],0.0007207744277316558
321,GROWUPGUN7_W26,RELIGATTEND,Once a week,[0.15041862 0.17455397 0.18284855 0.49217886],0.003039784136044399
322,GROWUPGUN7_W26,RELIGATTEND,Once or twice a month,[0.18223004 0.20641974 0.26964448 0.34170574],0.0
323,GROWUPGUN7_W26,RELIGATTEND,Seldom,[0.17623734 0.24139245 0.20303864 0.37933157],0.00030013863274996373
324,GUNRESPNOKIDSE_W26,RELIGATTEND,A few times a year,[0.58193138 0.1832005  0.20593412 0.028934  ],0.0
325,GUNRESPNOKIDSE_W26,RELIGATTEND,More than once a week,[0.32639577 0.2359939  0.21644638 0.22116395],0.01317369448995647
326,GUNRESPNOKIDSE_W26,RELIGATTEND,Never,[0.52626149 0.19840305 0.17630894 0.09902652],0.004809719596912172
327,GUNRESPNOKIDSE_W26,RELIGATTEND,Once a week,[0.56116882 0.17535652 0.11526844 0.14820622],0.0024540128238979856
328,GUNRESPNOKIDSE_W26,RELIGATTEND,Once or twice a month,[0.53842862 0.21011879 0.22715168 0.02430091],0.010843825518144277
329,GUNRESPNOKIDSE_W26,RELIGATTEND,Seldom,[0.42214885 0.24401784 0.22804451 0.1057888 ],0.028222915437585486
330,SAFECRIME_W26,RELIGATTEND,A few times a year,[0.25594317 0.53846049 0.16941853 0.03617781],0.0025176214643653303
331,SAFECRIME_W26,RELIGATTEND,More than once a week,[0.1954411  0.61616358 0.12595825 0.06243707],0.0038317853454611687
332,SAFECRIME_W26,RELIGATTEND,Never,[0.24427381 0.55922714 0.14059165 0.0559074 ],0.006412001655025258
333,SAFECRIME_W26,RELIGATTEND,Once a week,[0.20374964 0.56171289 0.19784709 0.03669037],0.011398369008896023
334,SAFECRIME_W26,RELIGATTEND,Once or twice a month,[0.26624916 0.52832856 0.14321201 0.06221027],0.00442413667176452
335,SAFECRIME_W26,RELIGATTEND,Seldom,[0.19241802 0.60969563 0.15282634 0.04506001],0.0
336,GUNTYPEOWNC_W26,RELIGATTEND,A few times a year,[0.40289215 0.24334186 0.35376599],0.024692736109093144
337,GUNTYPEOWNC_W26,RELIGATTEND,More than once a week,[0.30792231 0.1703486  0.52172909],0.011762079610887977
338,GUNTYPEOWNC_W26,RELIGATTEND,Never,[0.45765299 0.1545965  0.38775051],0.020404246461484407
339,GUNTYPEOWNC_W26,RELIGATTEND,Once a week,[0.43477179 0.23836391 0.3268643 ],0.018922831820703655
340,GUNTYPEOWNC_W26,RELIGATTEND,Once or twice a month,[0.40592336 0.21392614 0.3801505 ],0.010234291356100864
341,GUNTYPEOWNC_W26,RELIGATTEND,Seldom,[0.41404821 0.21417935 0.37177244],0.01753798887703369
342,EVEROWN_W26,RELIGATTEND,A few times a year,[0.14632855 0.85367145],0.019418148319531276
343,EVEROWN_W26,RELIGATTEND,More than once a week,[0.18128851 0.81871149],0.007367138367490658
344,EVEROWN_W26,RELIGATTEND,Never,[0.11016646 0.88983354],0.013208434870341842
345,EVEROWN_W26,RELIGATTEND,Once a week,[0.15188759 0.84811241],0.022429713557357636
346,EVEROWN_W26,RELIGATTEND,Once or twice a month,[0.22692946 0.77307054],0.013862965898051504
347,EVEROWN_W26,RELIGATTEND,Seldom,[0.15032317 0.84967683],0.01220637793482379
348,GUNCOMMUNITY_W26,RELIGATTEND,A few times a year,[0.55795513 0.44204487],0.005067235873578618
349,GUNCOMMUNITY_W26,RELIGATTEND,More than once a week,[0.62856134 0.37143866],0.015278575853115586
350,GUNCOMMUNITY_W26,RELIGATTEND,Never,[0.63561961 0.36438039],0.016687047600291594
351,GUNCOMMUNITY_W26,RELIGATTEND,Once a week,[0.62570695 0.37429305],0.013355998260286028
352,GUNCOMMUNITY_W26,RELIGATTEND,Once or twice a month,[0.62822524 0.37177476],0.0045567620046304
353,GUNCOMMUNITY_W26,RELIGATTEND,Seldom,[0.6612793 0.3387207],0.032454164137153435
354,GUNSOCIETY_W26,RELIGATTEND,A few times a year,[0.36594257 0.63405743],0.004329845077765323
355,GUNSOCIETY_W26,RELIGATTEND,More than once a week,[0.29639882 0.70360118],0.033052239539249566
356,GUNSOCIETY_W26,RELIGATTEND,Never,[0.4129316 0.5870684],0.013447116667313748
357,GUNSOCIETY_W26,RELIGATTEND,Once a week,[0.46208497 0.53791503],0.00932609508166436
358,GUNSOCIETY_W26,RELIGATTEND,Once or twice a month,[0.46635397 0.53364603],0.0031883556799714528
359,GUNSOCIETY_W26,RELIGATTEND,Seldom,[0.39834501 0.60165499],0.02479097308115447
360,GROWUPGUN1_W26,RELIGATTEND,A few times a year,[0.50075827 0.39849185 0.10074988],0.003202839376202023
361,GROWUPGUN1_W26,RELIGATTEND,More than once a week,[0.45243528 0.45906143 0.08850329],0.004601533068407996
362,GROWUPGUN1_W26,RELIGATTEND,Never,[0.51706483 0.43694155 0.04599361],0.0012215146567341503
363,GROWUPGUN1_W26,RELIGATTEND,Once a week,[0.47166562 0.40683702 0.12149736],0.0022000408689365966
364,GROWUPGUN1_W26,RELIGATTEND,Once or twice a month,[0.48931982 0.42876264 0.08191754],0.0010129950768040096
365,GROWUPGUN1_W26,RELIGATTEND,Seldom,[0.47461412 0.41188143 0.11350445],0.0019112503019553541
366,GUNTHREAT_W26,RELIGATTEND,A few times a year,[0.25036687 0.74963313],0.0016901317951682037
367,GUNTHREAT_W26,RELIGATTEND,More than once a week,[0.22397443 0.77602557],0.01938419147974261
368,GUNTHREAT_W26,RELIGATTEND,Never,[0.19011865 0.80988135],0.005036208339455995
369,GUNTHREAT_W26,RELIGATTEND,Once a week,[0.21387973 0.78612027],0.003271651324191069
370,GUNTHREAT_W26,RELIGATTEND,Once or twice a month,[0.24117157 0.75882843],0.0010655467725545062
371,GUNTHREAT_W26,RELIGATTEND,Seldom,[0.24962545 0.75037455],0.000938267296633293
372,GROWUPGUN4_W26,RELIGATTEND,A few times a year,[0.23799867 0.46593787 0.29606346 0.        ],0.0016209857465287068
373,GROWUPGUN4_W26,RELIGATTEND,More than once a week,[0.27196819 0.43611869 0.29191312 0.        ],0.02361083094369764
374,GROWUPGUN4_W26,RELIGATTEND,Never,[0.18260639 0.45927006 0.35812355 0.        ],0.012547947120984301
375,GROWUPGUN4_W26,RELIGATTEND,Once a week,[0.27259641 0.41992384 0.30747974 0.        ],0.0033616198313398513
376,GROWUPGUN4_W26,RELIGATTEND,Once or twice a month,[0.15797342 0.56219261 0.27983398 0.        ],0.01896742142200976
377,GROWUPGUN4_W26,RELIGATTEND,Seldom,[0.25261326 0.41785908 0.32952766 0.        ],0.004063255616334723
378,GUNACTIVITYD_W26,RELIGATTEND,A few times a year,[0.00654599 0.05098641 0.12462069 0.81784692],0.0037020374620096077
379,GUNACTIVITYD_W26,RELIGATTEND,More than once a week,[0.00701375 0.02288321 0.08290747 0.88719557],0.007190376809544104
380,GUNACTIVITYD_W26,RELIGATTEND,Never,[0.00248906 0.0369586  0.12174775 0.83880459],0.0012419440675025292
381,GUNACTIVITYD_W26,RELIGATTEND,Once a week,[0.0154305  0.03309143 0.13863354 0.81284453],0.0053872119062199535
382,GUNACTIVITYD_W26,RELIGATTEND,Once or twice a month,[0.01864335 0.03820096 0.21045121 0.73270448],0.0007366153749360374
383,GUNACTIVITYD_W26,RELIGATTEND,Seldom,[0.00580476 0.04526303 0.12109489 0.82783732],0.0016288057779034989
384,GUN1_W26,RELIGATTEND,A few times a year,[0.24991905 0.75008095],0.014407947653250796
385,GUN1_W26,RELIGATTEND,More than once a week,[0.30291355 0.69708645],0.011217536816061347
386,GUN1_W26,RELIGATTEND,Never,[0.28963393 0.71036607],0.01601120621137531
387,GUN1_W26,RELIGATTEND,Once a week,[0.22961326 0.77038674],0.012546353443114677
388,GUN1_W26,RELIGATTEND,Once or twice a month,[0.34298077 0.65701923],0.0040838752765133685
389,GUN1_W26,RELIGATTEND,Seldom,[0.30088731 0.69911269],0.014802112471977992
390,GUNSAFETYKIDS_W26,RELIGATTEND,A few times a year,[0.58844183 0.39595563 0.01560254],0.0
391,GUNSAFETYKIDS_W26,RELIGATTEND,More than once a week,[0.59629321 0.40370679 0.        ],0.0
392,GUNSAFETYKIDS_W26,RELIGATTEND,Never,[0.57787533 0.42212467 0.        ],0.0
393,GUNSAFETYKIDS_W26,RELIGATTEND,Once a week,[0.5294059 0.4705941 0.       ],0.0
394,GUNSAFETYKIDS_W26,RELIGATTEND,Once or twice a month,[0.61504908 0.38227819 0.00267273],0.0
395,GUNSAFETYKIDS_W26,RELIGATTEND,Seldom,[0.65600156 0.32849212 0.01550632],0.0
396,GUNACTIVITYC_W26,RELIGATTEND,A few times a year,[0.00870953 0.0650878  0.14647763 0.77972504],0.001499847152874874
397,GUNACTIVITYC_W26,RELIGATTEND,More than once a week,[0.00881227 0.06654761 0.11731614 0.80732399],0.02481814135051583
398,GUNACTIVITYC_W26,RELIGATTEND,Never,[0.01309789 0.03844383 0.07999839 0.86845988],0.0014512967161687687
399,GUNACTIVITYC_W26,RELIGATTEND,Once a week,[0.02237997 0.06282071 0.13540502 0.77939431],0.008832982584933794
400,GUNACTIVITYC_W26,RELIGATTEND,Once or twice a month,[0.0085518  0.06865887 0.22802655 0.69476278],0.0018604087218588316
401,GUNACTIVITYC_W26,RELIGATTEND,Seldom,[0.01332676 0.06557202 0.12894287 0.79215834],0.003221866559185581
402,EVERSHOT_W26,RELIGATTEND,A few times a year,[0.72524229 0.27475771],0.0012031256465767023
403,EVERSHOT_W26,RELIGATTEND,More than once a week,[0.65367545 0.34632455],0.0004524547876412954
404,EVERSHOT_W26,RELIGATTEND,Never,[0.74805362 0.25194638],0.0007435390106634998
405,EVERSHOT_W26,RELIGATTEND,Once a week,[0.67159933 0.32840067],0.006068094481162775
406,EVERSHOT_W26,RELIGATTEND,Once or twice a month,[0.73637917 0.26362083],0.0007520624390161846
407,EVERSHOT_W26,RELIGATTEND,Seldom,[0.76855989 0.23144011],0.0006227856841228723
408,GUNACCESS_W26,RELIGATTEND,A few times a year,[0.32683289 0.26154846 0.0576458  0.35397284],0.0
409,GUNACCESS_W26,RELIGATTEND,More than once a week,[0.28115762 0.14884196 0.16512424 0.40487618],0.0
410,GUNACCESS_W26,RELIGATTEND,Never,[0.42333256 0.1374244  0.14023926 0.29900377],0.0004444390124872935
411,GUNACCESS_W26,RELIGATTEND,Once a week,[0.38174786 0.15504687 0.0829294  0.38027587],0.01498437038878532
412,GUNACCESS_W26,RELIGATTEND,Once or twice a month,[0.52263933 0.14663669 0.1125234  0.21820057],0.005890920294422775
413,GUNACCESS_W26,RELIGATTEND,Seldom,[0.35746358 0.17576129 0.16907586 0.29769927],0.0
414,GUNLOADED2_W26,RELIGATTEND,A few times a year,[0.27432184 0.72567816],0.0
415,GUNLOADED2_W26,RELIGATTEND,More than once a week,[0.22833685 0.77166315],0.0
416,GUNLOADED2_W26,RELIGATTEND,Never,[0.26870745 0.73129255],0.0
417,GUNLOADED2_W26,RELIGATTEND,Once a week,[0.15393946 0.84606054],0.0
418,GUNLOADED2_W26,RELIGATTEND,Once or twice a month,[0.5585462 0.4414538],0.010558091277061126
419,GUNLOADED2_W26,RELIGATTEND,Seldom,[0.45396262 0.54603738],0.01860417807104779
420,GUNIDENTITY_W26,RELIGATTEND,A few times a year,[0.22648399 0.29398925 0.27537903 0.20414773],0.03732631120142146
421,GUNIDENTITY_W26,RELIGATTEND,More than once a week,[0.27660261 0.20825752 0.35048731 0.16465256],0.0
422,GUNIDENTITY_W26,RELIGATTEND,Never,[0.24138855 0.19039793 0.31445445 0.25375907],0.0
423,GUNIDENTITY_W26,RELIGATTEND,Once a week,[0.29416831 0.23682406 0.26820871 0.20079892],0.0
424,GUNIDENTITY_W26,RELIGATTEND,Once or twice a month,[0.32759855 0.25214396 0.23446681 0.18579068],0.0
425,GUNIDENTITY_W26,RELIGATTEND,Seldom,[0.19615727 0.27188909 0.35128193 0.18067171],0.0
426,WORRYB_W26,RELIGATTEND,A few times a year,[0.16886039 0.48742501 0.3437146 ],0.0
427,WORRYB_W26,RELIGATTEND,More than once a week,[0.16571119 0.40355415 0.43073465],0.004845967765935763
428,WORRYB_W26,RELIGATTEND,Never,[0.06602479 0.37125344 0.56272178],0.0
429,WORRYB_W26,RELIGATTEND,Once a week,[0.22574501 0.48975785 0.28449715],0.001098421182727898
430,WORRYB_W26,RELIGATTEND,Once or twice a month,[0.17368113 0.47493799 0.35138088],0.003572455546388217
431,WORRYB_W26,RELIGATTEND,Seldom,[0.17955237 0.39501381 0.42543382],0.0
432,WORRYF_W26,RELIGATTEND,A few times a year,[0.12671702 0.45296064 0.42032234],0.0
433,WORRYF_W26,RELIGATTEND,More than once a week,[0.19361234 0.31747091 0.48891674],0.007506575550594527
434,WORRYF_W26,RELIGATTEND,Never,[0.09152192 0.326133   0.58234507],0.0015293842886361713
435,WORRYF_W26,RELIGATTEND,Once a week,[0.09855951 0.39111076 0.51032973],0.00021989602787785497
436,WORRYF_W26,RELIGATTEND,Once or twice a month,[0.1145393  0.41632087 0.46913983],0.0
437,WORRYF_W26,RELIGATTEND,Seldom,[0.11509735 0.36286139 0.52204126],0.0008929115352280252
438,WORRYG_W26,RELIGATTEND,A few times a year,[0.36805093 0.50450261 0.12744646],0.0021473782505070883
439,WORRYG_W26,RELIGATTEND,More than once a week,[0.24620766 0.44015357 0.31363877],0.005601661477738782
440,WORRYG_W26,RELIGATTEND,Never,[0.25092463 0.58775648 0.16131889],0.0025609615998241284
441,WORRYG_W26,RELIGATTEND,Once a week,[0.28011621 0.50549226 0.21439153],0.001064556603973755
442,WORRYG_W26,RELIGATTEND,Once or twice a month,[0.31106845 0.47660502 0.21232653],0.0
443,WORRYG_W26,RELIGATTEND,Seldom,[0.29449785 0.57869645 0.1268057 ],0.0
444,GUNCONTRIBD_W26,RELIGATTEND,A few times a year,[0.19439622 0.45554401 0.26175918 0.08830059],0.0037563114766598696
445,GUNCONTRIBD_W26,RELIGATTEND,More than once a week,[0.27421617 0.25250996 0.36125042 0.11202345],0.009904299182519396
446,GUNCONTRIBD_W26,RELIGATTEND,Never,[0.23005635 0.46292143 0.22289873 0.0841235 ],0.0002873486429767816
447,GUNCONTRIBD_W26,RELIGATTEND,Once a week,[0.28214189 0.38546823 0.23272242 0.09966746],0.005755633491001285
448,GUNCONTRIBD_W26,RELIGATTEND,Once or twice a month,[0.24252399 0.52313629 0.20879568 0.02554404],0.002317247900900445
449,GUNCONTRIBD_W26,RELIGATTEND,Seldom,[0.24305279 0.42465235 0.26483692 0.06745794],0.014662529801595436
450,CRIMEVICTIM_W26,RELIGATTEND,A few times a year,[0.20358225 0.79641775],0.0008777134627126915
451,CRIMEVICTIM_W26,RELIGATTEND,More than once a week,[0.17667135 0.82332865],0.0044500331259084884
452,CRIMEVICTIM_W26,RELIGATTEND,Never,[0.20596849 0.79403151],0.0027839223039807987
453,CRIMEVICTIM_W26,RELIGATTEND,Once a week,[0.1929517 0.8070483],0.00506324645014198
454,CRIMEVICTIM_W26,RELIGATTEND,Once or twice a month,[0.23255173 0.76744827],0.00041194779854206094
455,CRIMEVICTIM_W26,RELIGATTEND,Seldom,[0.22271612 0.77728388],0.0048623621843424695
456,REASONGUND_W26,RELIGATTEND,A few times a year,[0.15651334 0.30363716 0.5398495 ],0.0060528978382543
457,REASONGUND_W26,RELIGATTEND,More than once a week,[0.06650571 0.2102215  0.72327279],0.0
458,REASONGUND_W26,RELIGATTEND,Never,[0.12512054 0.30813845 0.56674101],0.0
459,REASONGUND_W26,RELIGATTEND,Once a week,[0.14262132 0.2013635  0.65601518],0.010640206957014195
460,REASONGUND_W26,RELIGATTEND,Once or twice a month,[0.10908782 0.34698651 0.54392567],0.00661668005188141
461,REASONGUND_W26,RELIGATTEND,Seldom,[0.12658977 0.31483904 0.55857119],0.004208918933339449
462,REASONGUNA_W26,RELIGATTEND,A few times a year,[0.73849466 0.17434779 0.08715755],0.0
463,REASONGUNA_W26,RELIGATTEND,More than once a week,[0.67776159 0.20456091 0.1176775 ],0.0
464,REASONGUNA_W26,RELIGATTEND,Never,[0.67403565 0.26452986 0.06143449],0.0
465,REASONGUNA_W26,RELIGATTEND,Once a week,[0.63421351 0.30001286 0.06577363],0.010031181493708295
466,REASONGUNA_W26,RELIGATTEND,Once or twice a month,[0.76184992 0.1701047  0.06804538],0.0
467,REASONGUNA_W26,RELIGATTEND,Seldom,[0.64867287 0.25811911 0.09320801],0.0
0,IMPREASONGUN_W26,POLPARTY,Democrat,[0.46851167 0.38991416 0.04885572 0.0380025  0.05471595],0.018079348521329645
1,IMPREASONGUN_W26,POLPARTY,Independent,[0.48521653 0.27254966 0.14140539 0.03562865 0.06519978],0.0
2,IMPREASONGUN_W26,POLPARTY,Other,[0.81935849 0.10413637 0.07650514 0.         0.        ],0.0
3,IMPREASONGUN_W26,POLPARTY,Republican,[0.41667397 0.35903532 0.13672907 0.06273802 0.02482361],0.0011587655964373034
4,GUNLOCKED2_W26,POLPARTY,Democrat,[0.55807739 0.44192261],0.0
5,GUNLOCKED2_W26,POLPARTY,Independent,[0.30785277 0.69214723],0.0
6,GUNLOCKED2_W26,POLPARTY,Other,[0.57789479 0.42210521],0.0
7,GUNLOCKED2_W26,POLPARTY,Republican,[0.39686446 0.60313554],0.0
8,GUNRESPNOKIDSA_W26,POLPARTY,Democrat,[0.70198459 0.20446091 0.0602472  0.03330731],0.012012800565435517
9,GUNRESPNOKIDSA_W26,POLPARTY,Independent,[0.55861201 0.32017096 0.10232767 0.01888936],0.0003995981469315833
10,GUNRESPNOKIDSA_W26,POLPARTY,Other,[0.47837175 0.23557871 0.20771822 0.07833132],0.0
11,GUNRESPNOKIDSA_W26,POLPARTY,Republican,[0.52150368 0.29220119 0.17183301 0.01446212],0.005321399381764246
12,GUNASSOCIATIONA_W26,POLPARTY,Democrat,[0.11430797 0.88569203],0.0
13,GUNASSOCIATIONA_W26,POLPARTY,Independent,[0.08709594 0.91290406],0.0
14,GUNASSOCIATIONA_W26,POLPARTY,Other,[0.13386103 0.86613897],0.0
15,GUNASSOCIATIONA_W26,POLPARTY,Republican,[0.14675174 0.85324826],0.002166425338041366
16,GUNACTIVITYB_W26,POLPARTY,Democrat,[0.04526404 0.16990722 0.20502862 0.57980012],0.001743718753991544
17,GUNACTIVITYB_W26,POLPARTY,Independent,[0.06386127 0.23994606 0.2753219  0.42087076],0.006029723328129869
18,GUNACTIVITYB_W26,POLPARTY,Other,[0.05967682 0.20486624 0.28842304 0.4470339 ],0.002386721972542716
19,GUNACTIVITYB_W26,POLPARTY,Republican,[0.0567732  0.30498943 0.23304594 0.40519144],0.003571425132735858
20,GUNSAFE2_W26,POLPARTY,Democrat,[0.18957359 0.27277653 0.53764989],0.0007250865618957863
21,GUNSAFE2_W26,POLPARTY,Independent,[0.30103064 0.16584335 0.53312601],0.0009975070032926063
22,GUNSAFE2_W26,POLPARTY,Other,[0.34070226 0.15054203 0.5087557 ],0.000300962033375678
23,GUNSAFE2_W26,POLPARTY,Republican,[0.46334594 0.10013062 0.43652343],0.0006481531184091361
24,GUN_W26,POLPARTY,Democrat,[0.16570407 0.83429593],0.0012540390968387356
25,GUN_W26,POLPARTY,Independent,[0.35994505 0.64005495],0.007956302803094454
26,GUN_W26,POLPARTY,Other,[0.31132378 0.68867622],0.007984846381047652
27,GUN_W26,POLPARTY,Republican,[0.42069797 0.57930203],0.01106410220118624
28,GUNRESPKIDSF_W26,POLPARTY,Democrat,[0.73329715 0.20979697 0.04244535 0.01446053],0.0059710480014341745
29,GUNRESPKIDSF_W26,POLPARTY,Independent,[0.59407567 0.26385077 0.09311182 0.04896174],0.005485427691781037
30,GUNRESPKIDSF_W26,POLPARTY,Other,[0.55070573 0.35196559 0.06528946 0.03203923],0.004352330843322015
31,GUNRESPKIDSF_W26,POLPARTY,Republican,[0.53460608 0.31687882 0.11561789 0.03289721],0.0036687872178821747
32,WORRYA_W26,POLPARTY,Democrat,[0.23188909 0.51311867 0.25499223],0.00018494663903133923
33,WORRYA_W26,POLPARTY,Independent,[0.20360456 0.51441185 0.28198359],0.0006563971206483963
34,WORRYA_W26,POLPARTY,Other,[0.11991459 0.64140985 0.23867556],0.0
35,WORRYA_W26,POLPARTY,Republican,[0.17069886 0.56484981 0.26445132],0.0003040802051672687
36,GUNCONTRIBC_W26,POLPARTY,Democrat,[0.23153327 0.3468662  0.3520737  0.06952683],0.013747729536450004
37,GUNCONTRIBC_W26,POLPARTY,Independent,[0.27501901 0.28003633 0.3674846  0.07746007],0.0006643703823757709
38,GUNCONTRIBC_W26,POLPARTY,Other,[0.1494241  0.32303493 0.37444384 0.15309713],0.0
39,GUNCONTRIBC_W26,POLPARTY,Republican,[0.31062862 0.26879567 0.30256316 0.11801255],0.0023566480654726076
40,WORRYD_W26,POLPARTY,Democrat,[0.41520411 0.3707299  0.21406599],0.0026420588688290192
41,WORRYD_W26,POLPARTY,Independent,[0.3392482  0.39543227 0.26531953],0.0004382082921969667
42,WORRYD_W26,POLPARTY,Other,[0.36049289 0.50575791 0.1337492 ],0.004294167483156163
43,WORRYD_W26,POLPARTY,Republican,[0.23737807 0.40528625 0.35733568],0.0010886067243692102
44,NOCARRYGUN_W26,POLPARTY,Democrat,[0.78905614 0.21094386],0.0
45,NOCARRYGUN_W26,POLPARTY,Independent,[0.61101503 0.38898497],0.0
46,NOCARRYGUN_W26,POLPARTY,Other,[0.24075522 0.75924478],0.0
47,NOCARRYGUN_W26,POLPARTY,Republican,[0.5685109 0.4314891],0.0
48,GUNACTIVITYE_W26,POLPARTY,Democrat,[0.0113402  0.03977022 0.07184979 0.87703979],0.0027556860477569688
49,GUNACTIVITYE_W26,POLPARTY,Independent,[0.01977401 0.08138697 0.16537283 0.73346619],0.0010703937869338803
50,GUNACTIVITYE_W26,POLPARTY,Other,[0.00822447 0.07498763 0.22184132 0.69494658],0.002691613656634925
51,GUNACTIVITYE_W26,POLPARTY,Republican,[0.01112307 0.15750357 0.17190038 0.65947298],0.0018996097988302966
52,GUNRESPKIDSA_W26,POLPARTY,Democrat,[0.9115261  0.07216732 0.01193474 0.00437184],0.00217921175836105
53,GUNRESPKIDSA_W26,POLPARTY,Independent,[0.78665529 0.17492207 0.03043821 0.00798443],0.0009928011403851373
54,GUNRESPKIDSA_W26,POLPARTY,Other,[0.76667162 0.205393   0.02627759 0.00165779],0.01617118562265472
55,GUNRESPKIDSA_W26,POLPARTY,Republican,[0.75576868 0.20806812 0.0318379  0.0043253 ],0.002827380234358593
56,GUNLOADED1_W26,POLPARTY,Democrat,[0.16286283 0.26740311 0.56973405],0.01343635931776707
57,GUNLOADED1_W26,POLPARTY,Independent,[0.14490029 0.39506063 0.46003908],0.011032055709077684
58,GUNLOADED1_W26,POLPARTY,Other,[0.15496681 0.40025675 0.44477644],0.012055643146036386
59,GUNLOADED1_W26,POLPARTY,Republican,[0.13434696 0.42558042 0.44007263],0.01175359490079136
60,GUNLOCKED1_W26,POLPARTY,Democrat,[0.3852786  0.25831357 0.35640783],0.01740953684280513
61,GUNLOCKED1_W26,POLPARTY,Independent,[0.39916027 0.26296096 0.33787877],0.006091411195967642
62,GUNLOCKED1_W26,POLPARTY,Other,[0.41674958 0.16418099 0.41906942],0.005315914796658229
63,GUNLOCKED1_W26,POLPARTY,Republican,[0.45220843 0.3222847  0.22550687],0.008159466977937296
64,GROWUPGUN2B_W26,POLPARTY,Democrat,[0.58293557 0.41706443],0.0010100526156574788
65,GROWUPGUN2B_W26,POLPARTY,Independent,[0.66986883 0.33013117],0.007374019699025719
66,GROWUPGUN2B_W26,POLPARTY,Other,[0.69563593 0.30436407],0.0
67,GROWUPGUN2B_W26,POLPARTY,Republican,[0.72869704 0.27130296],0.0026083455569540876
68,GUNCONTRIBB_W26,POLPARTY,Democrat,[0.62883777 0.26876578 0.08042601 0.02197043],0.006075036879151795
69,GUNCONTRIBB_W26,POLPARTY,Independent,[0.50527596 0.34692741 0.10714508 0.04065155],0.005008565857678195
70,GUNCONTRIBB_W26,POLPARTY,Other,[0.35722884 0.44811064 0.08009112 0.1145694 ],0.002386721972542716
71,GUNCONTRIBB_W26,POLPARTY,Republican,[0.52444407 0.34230481 0.07421855 0.05903257],0.0016017254509106261
72,GROWUPGUN6_W26,POLPARTY,Democrat,[0.01921255 0.14692663 0.20360438 0.63025643],0.0030064276908304596
73,GROWUPGUN6_W26,POLPARTY,Independent,[0.09525049 0.18641708 0.2520491  0.46628333],0.0040473082920905006
74,GROWUPGUN6_W26,POLPARTY,Other,[0.06665077 0.22097199 0.29288347 0.41949378],0.0018129781610995799
75,GROWUPGUN6_W26,POLPARTY,Republican,[0.06927874 0.24293073 0.22220579 0.46558474],0.0025635365014515152
76,CARRYGUN_W26,POLPARTY,Democrat,[0.15252388 0.13871218 0.19747038 0.51129356],0.0
77,CARRYGUN_W26,POLPARTY,Independent,[0.11492344 0.13425247 0.29682681 0.45399728],0.0
78,CARRYGUN_W26,POLPARTY,Other,[0.13954774 0.24462381 0.36675186 0.24907659],0.009192483340965132
79,CARRYGUN_W26,POLPARTY,Republican,[0.11003542 0.1452587  0.37756408 0.36714179],0.0012069924414979706
80,GUNCOURSES_W26,POLPARTY,Democrat,[0.20177726 0.79822274],0.0006666602146678216
81,GUNCOURSES_W26,POLPARTY,Independent,[0.38628314 0.61371686],0.0010190029440369326
82,GUNCOURSES_W26,POLPARTY,Other,[0.41251782 0.58748218],0.002496853454250461
83,GUNCOURSES_W26,POLPARTY,Republican,[0.44992911 0.55007089],0.007295686230483961
84,GUNFRIEND_W26,POLPARTY,Democrat,[0.10693088 0.41776483 0.47530429 0.        ],0.0008525802441983201
85,GUNFRIEND_W26,POLPARTY,Independent,[0.26495248 0.46215734 0.27289018 0.        ],0.0031668763232601256
86,GUNFRIEND_W26,POLPARTY,Other,[0.21242009 0.54279973 0.24478019 0.        ],0.0031683091187589885
87,GUNFRIEND_W26,POLPARTY,Republican,[0.40913058 0.40202086 0.18884856 0.        ],0.005722627230896643
88,GUNRESPKIDSB_W26,POLPARTY,Democrat,[0.76454473 0.19150299 0.02184476 0.02210751],0.004187362549534094
89,GUNRESPKIDSB_W26,POLPARTY,Independent,[0.59128405 0.23882719 0.10842967 0.06145909],0.0029602556316014007
90,GUNRESPKIDSB_W26,POLPARTY,Other,[0.60893866 0.27478595 0.08292435 0.03335104],0.00607679689982843
91,GUNRESPKIDSB_W26,POLPARTY,Republican,[0.55060341 0.30523051 0.09472351 0.04944257],0.0023395358610469904
92,WORLDDANGER_W26,POLPARTY,Democrat,[0.12586002 0.63754363 0.23659635],0.006428494991169184
93,WORLDDANGER_W26,POLPARTY,Independent,[0.10074392 0.66687978 0.2323763 ],0.007638224629721654
94,WORLDDANGER_W26,POLPARTY,Other,[0.09039135 0.58495699 0.32465166],0.0012363801044493296
95,WORLDDANGER_W26,POLPARTY,Republican,[0.05063622 0.84126809 0.10809569],0.0033201028393784306
96,GUNKILLF2_W26,POLPARTY,Democrat,[0.61927433 0.38072567],0.001940319240832972
97,GUNKILLF2_W26,POLPARTY,Independent,[0.76399833 0.23600167],0.0005434955969211818
98,GUNKILLF2_W26,POLPARTY,Other,[0.80335189 0.19664811],0.006280534413423989
99,GUNKILLF2_W26,POLPARTY,Republican,[0.86206164 0.13793836],0.0024205508459471435
100,GUNRESPNOKIDSB_W26,POLPARTY,Democrat,[0.60646434 0.27988247 0.05440966 0.05924354],0.013350256583175436
101,GUNRESPNOKIDSB_W26,POLPARTY,Independent,[0.47585066 0.28457925 0.18271393 0.05685617],0.0003995981469315833
102,GUNRESPNOKIDSB_W26,POLPARTY,Other,[0.35210971 0.25210464 0.23832614 0.15745951],0.0
103,GUNRESPNOKIDSB_W26,POLPARTY,Republican,[0.37533288 0.29538065 0.19157488 0.13771159],0.023379423399707198
104,GROWUPGUN2A_W26,POLPARTY,Democrat,[0.56003496 0.43996504],0.0021469594551078485
105,GROWUPGUN2A_W26,POLPARTY,Independent,[0.622864 0.377136],0.0009324242215889833
106,GROWUPGUN2A_W26,POLPARTY,Other,[0.63917448 0.36082552],0.0
107,GROWUPGUN2A_W26,POLPARTY,Republican,[0.60641307 0.39358693],0.005209957305419647
108,REASONGUNC_W26,POLPARTY,Democrat,[0.22651763 0.40735156 0.36613081],0.0009860766084637657
109,REASONGUNC_W26,POLPARTY,Independent,[0.30987273 0.37495671 0.31517056],0.000586857590259685
110,REASONGUNC_W26,POLPARTY,Other,[0.34174272 0.35192625 0.30633102],0.0026881574752855367
111,REASONGUNC_W26,POLPARTY,Republican,[0.33466882 0.37665602 0.28867516],0.008254606437857696
112,SHOOTFREQ_W26,POLPARTY,Democrat,[0.02040635 0.11739807 0.2100119  0.65218367],0.003769136439245256
113,SHOOTFREQ_W26,POLPARTY,Independent,[0.03986098 0.2320976  0.33046657 0.39757485],0.0006969446345189739
114,SHOOTFREQ_W26,POLPARTY,Other,[0.04725971 0.25296624 0.36482945 0.3349446 ],0.0017978351918544223
115,SHOOTFREQ_W26,POLPARTY,Republican,[0.0904818  0.22483446 0.29986187 0.38482186],0.0008944595794453667
116,GROWUPVIOL_W26,POLPARTY,Democrat,[0.05621765 0.12365297 0.27050897 0.54962041],0.006552844246808805
117,GROWUPVIOL_W26,POLPARTY,Independent,[0.06371916 0.11886568 0.25598962 0.56142554],0.0016442756424281607
118,GROWUPVIOL_W26,POLPARTY,Other,[0.05541046 0.16327086 0.2671061  0.51421258],0.006155421005369867
119,GROWUPVIOL_W26,POLPARTY,Republican,[0.01289297 0.03746537 0.22619517 0.72344649],0.001768052212883359
120,REASONGUNB_W26,POLPARTY,Democrat,[0.31656121 0.20254131 0.48089748],0.0009860766084637657
121,REASONGUNB_W26,POLPARTY,Independent,[0.37248771 0.22278904 0.40472326],0.0010211902831189959
122,REASONGUNB_W26,POLPARTY,Other,[0.40157416 0.24005923 0.35836661],0.0
123,REASONGUNB_W26,POLPARTY,Republican,[0.41917479 0.23232637 0.34849884],0.004151296038597062
124,WORRYC_W26,POLPARTY,Democrat,[0.21915106 0.50937149 0.27147745],0.0020087020879485918
125,WORRYC_W26,POLPARTY,Independent,[0.15059164 0.42221258 0.42719578],0.0020844029055118174
126,WORRYC_W26,POLPARTY,Other,[0.21189436 0.30817817 0.47992747],0.0
127,WORRYC_W26,POLPARTY,Republican,[0.1362805 0.4160553 0.4476642],0.0030078938464542537
128,MARGUN_W26,POLPARTY,Democrat,[0.89371751 0.10628249],0.0017156479732657515
129,MARGUN_W26,POLPARTY,Independent,[0.88269551 0.11730449],0.002441033615800905
130,MARGUN_W26,POLPARTY,Other,[0.83345664 0.16654336],0.012064824753694765
131,MARGUN_W26,POLPARTY,Republican,[0.87380275 0.12619725],0.0033376551481625327
132,NEVEROWN_W26,POLPARTY,Democrat,[0.53679812 0.46320188],0.0006823396605772806
133,NEVEROWN_W26,POLPARTY,Independent,[0.71245765 0.28754235],0.004162364654063238
134,NEVEROWN_W26,POLPARTY,Other,[0.7697474 0.2302526],0.0
135,NEVEROWN_W26,POLPARTY,Republican,[0.8601063 0.1398937],0.006832317527236043
136,GUNRESPKIDSC_W26,POLPARTY,Democrat,[0.81863629 0.13777297 0.029796   0.01379474],0.003701741106592244
137,GUNRESPKIDSC_W26,POLPARTY,Independent,[0.68375094 0.27781936 0.02523852 0.01319118],0.0012725606453825593
138,GUNRESPKIDSC_W26,POLPARTY,Other,[0.70777696 0.26878642 0.0157189  0.00771773],0.0020977174762980924
139,GUNRESPKIDSC_W26,POLPARTY,Republican,[0.64465521 0.3369078  0.0168503  0.00158669],0.006650531414407809
140,REASONGUNE_W26,POLPARTY,Democrat,[0.14393389 0.11656672 0.73949939],0.0009860766084637657
141,REASONGUNE_W26,POLPARTY,Independent,[0.07553809 0.10248043 0.82198148],0.0007258809592975306
142,REASONGUNE_W26,POLPARTY,Other,[0.10372481 0.1041384  0.79213678],0.0
143,REASONGUNE_W26,POLPARTY,Republican,[0.04847653 0.07981681 0.87170666],0.014568229503613086
144,GUNRESPNOKIDSG_W26,POLPARTY,Democrat,[0.49697744 0.37101795 0.11390242 0.01810219],0.013157115845858533
145,GUNRESPNOKIDSG_W26,POLPARTY,Independent,[0.47571807 0.39339829 0.10569231 0.02519133],0.0024216915531642264
146,GUNRESPNOKIDSG_W26,POLPARTY,Other,[0.47561002 0.2917645  0.15000363 0.08262184],0.0
147,GUNRESPNOKIDSG_W26,POLPARTY,Republican,[0.49815471 0.35951414 0.14066175 0.0016694 ],0.0035260675461511602
148,GUNCONTRIBE_W26,POLPARTY,Democrat,[0.28035713 0.33579643 0.29367901 0.09016743],0.00598857749637767
149,GUNCONTRIBE_W26,POLPARTY,Independent,[0.28419954 0.26524356 0.28333965 0.16721724],0.0024148426259850107
150,GUNCONTRIBE_W26,POLPARTY,Other,[0.18537322 0.33308076 0.22797258 0.25357344],0.0030210635516158156
151,GUNCONTRIBE_W26,POLPARTY,Republican,[0.30243968 0.36553029 0.25535729 0.07667274],0.0013705761591972425
152,GUNKILLF1_W26,POLPARTY,Democrat,[0.55612817 0.44387183],0.020972124032151707
153,GUNKILLF1_W26,POLPARTY,Independent,[0.7709372 0.2290628],0.01252335679182146
154,GUNKILLF1_W26,POLPARTY,Other,[0.77564337 0.22435663],0.01655679941039187
155,GUNKILLF1_W26,POLPARTY,Republican,[0.93267257 0.06732743],0.009682287132933435
156,GUNCONTRIBF_W26,POLPARTY,Democrat,[0.34045326 0.42151469 0.20128925 0.0367428 ],0.0044386467061529045
157,GUNCONTRIBF_W26,POLPARTY,Independent,[0.26828813 0.45582807 0.2597277  0.0161561 ],0.0004697225869479165
158,GUNCONTRIBF_W26,POLPARTY,Other,[0.28645618 0.46697867 0.20828185 0.0382833 ],0.012525995130471727
159,GUNCONTRIBF_W26,POLPARTY,Republican,[0.27439231 0.44404133 0.23545427 0.04611209],0.0026344543825464486
160,DEFENDGUN_W26,POLPARTY,Democrat,[0.05680947 0.94319053],0.0025699637852678804
161,DEFENDGUN_W26,POLPARTY,Independent,[0.08615321 0.91384679],0.0014751960986873214
162,DEFENDGUN_W26,POLPARTY,Other,[0.07409464 0.92590536],0.0011503418680933867
163,DEFENDGUN_W26,POLPARTY,Republican,[0.0758155 0.9241845],0.006683815790391757
164,GUNRESPNOKIDSC_W26,POLPARTY,Democrat,[0.75238894 0.18122566 0.04919539 0.01719   ],0.014239601690549252
165,GUNRESPNOKIDSC_W26,POLPARTY,Independent,[0.68514978 0.23479564 0.07251862 0.00753596],0.0006152667714646646
166,GUNRESPNOKIDSC_W26,POLPARTY,Other,[0.65791333 0.20307989 0.1058698  0.03313698],0.0
167,GUNRESPNOKIDSC_W26,POLPARTY,Republican,[0.60541496 0.32412266 0.06919761 0.00126477],0.008079920144868209
168,GUNRESPKIDSD_W26,POLPARTY,Democrat,[0.26377994 0.33947055 0.2724188  0.12433071],0.0043972799418453825
169,GUNRESPKIDSD_W26,POLPARTY,Independent,[0.11892366 0.24960234 0.37407253 0.25740147],0.0
170,GUNRESPKIDSD_W26,POLPARTY,Other,[0.20448926 0.19341151 0.3365827  0.26551653],0.003790191918850688
171,GUNRESPKIDSD_W26,POLPARTY,Republican,[0.10083697 0.22199005 0.39595509 0.28121788],0.0
172,GUNRESPKIDSE_W26,POLPARTY,Democrat,[0.48236899 0.30917301 0.16284284 0.04561517],0.0005467593872347197
173,GUNRESPKIDSE_W26,POLPARTY,Independent,[0.40342107 0.28575174 0.23581359 0.07501359],0.0038700829767349147
174,GUNRESPKIDSE_W26,POLPARTY,Other,[0.35211857 0.41428094 0.18054327 0.05305722],0.03654044817450627
175,GUNRESPKIDSE_W26,POLPARTY,Republican,[0.36103798 0.31114446 0.22521463 0.10260293],0.00215418229787492
176,GROWUPGUN2C_W26,POLPARTY,Democrat,[0.36356927 0.63643073],0.0010629127603783283
177,GROWUPGUN2C_W26,POLPARTY,Independent,[0.48590403 0.51409597],0.0016965432139733677
178,GROWUPGUN2C_W26,POLPARTY,Other,[0.4654656 0.5345344],0.0010590424396709445
179,GROWUPGUN2C_W26,POLPARTY,Republican,[0.51909046 0.48090954],0.0044019725624321925
180,GUNRESPNOKIDSF_W26,POLPARTY,Democrat,[0.55390292 0.3093094  0.07351174 0.06327594],0.020486675478123818
181,GUNRESPNOKIDSF_W26,POLPARTY,Independent,[0.39631686 0.33241726 0.18403013 0.08723576],0.0012843446311126803
182,GUNRESPNOKIDSF_W26,POLPARTY,Other,[0.35064608 0.28383054 0.30697101 0.05855237],0.0
183,GUNRESPNOKIDSF_W26,POLPARTY,Republican,[0.33024411 0.32581189 0.24781742 0.09612658],0.010267958405944516
184,GUNRESPKIDSH_W26,POLPARTY,Democrat,[0.90812959 0.07476049 0.01344449 0.00366542],0.0018035297932856105
185,GUNRESPKIDSH_W26,POLPARTY,Independent,[0.88949909 0.07102979 0.03203381 0.00743731],0.01157615024704547
186,GUNRESPKIDSH_W26,POLPARTY,Other,[0.9434907  0.02091853 0.00926456 0.02632621],0.002097717476298092
187,GUNRESPKIDSH_W26,POLPARTY,Republican,[0.92188323 0.06888644 0.00727809 0.00195224],0.0014129031027820605
188,GUNRESPKIDSG_W26,POLPARTY,Democrat,[0.56477457 0.25393376 0.1560404  0.02525127],0.014406259690038309
189,GUNRESPKIDSG_W26,POLPARTY,Independent,[0.38481849 0.4592693  0.10777359 0.04813862],0.004471069378232041
190,GUNRESPKIDSG_W26,POLPARTY,Other,[0.48595637 0.35211893 0.15310845 0.00881626],0.004352330843322014
191,GUNRESPKIDSG_W26,POLPARTY,Republican,[0.45352541 0.44159072 0.10308555 0.00179831],0.0013678491805924151
192,WORRYE_W26,POLPARTY,Democrat,[0.15041751 0.54613192 0.30345057],0.0012698351305518156
193,WORRYE_W26,POLPARTY,Independent,[0.15338505 0.50996645 0.33664849],0.0
194,WORRYE_W26,POLPARTY,Other,[0.06948428 0.58910349 0.34141223],0.0
195,WORRYE_W26,POLPARTY,Republican,[0.09724897 0.53820463 0.3645464 ],0.0
196,GUNSAFE_W26,POLPARTY,Democrat,[0.51390948 0.06122264 0.42486788],0.0
197,GUNSAFE_W26,POLPARTY,Independent,[0.68131365 0.04257998 0.27610637],0.0012322490190939852
198,GUNSAFE_W26,POLPARTY,Other,[0.66717    0.05051548 0.28231452],0.0023180546440992856
199,GUNSAFE_W26,POLPARTY,Republican,[0.79741244 0.00681674 0.19577082],0.00419399893704137
200,GUNCONTRIBA_W26,POLPARTY,Democrat,[0.46500475 0.3325906  0.14957144 0.05283321],0.008653383016858996
201,GUNCONTRIBA_W26,POLPARTY,Independent,[0.28297696 0.30647105 0.30068362 0.10986837],0.0007771601353494123
202,GUNCONTRIBA_W26,POLPARTY,Other,[0.17696232 0.29558646 0.3151254  0.21232582],0.0011503418680933867
203,GUNCONTRIBA_W26,POLPARTY,Republican,[0.1667349  0.22106393 0.38549164 0.22670954],0.008323388855516598
204,GUNACTIVITYA_W26,POLPARTY,Democrat,[0.00843505 0.05985511 0.12131435 0.81039548],0.00618659754537234
205,GUNACTIVITYA_W26,POLPARTY,Independent,[0.03477757 0.14343396 0.19061257 0.6311759 ],0.00024792637371975814
206,GUNACTIVITYA_W26,POLPARTY,Other,[0.03729542 0.14632261 0.20680215 0.60957983],0.0011503418680933865
207,GUNACTIVITYA_W26,POLPARTY,Republican,[0.04208455 0.17015422 0.16548628 0.62227495],0.002211289383375481
208,GUNRESPNOKIDSD_W26,POLPARTY,Democrat,[0.16239121 0.25077741 0.41938273 0.16744864],0.0003814583557716151
209,GUNRESPNOKIDSD_W26,POLPARTY,Independent,[0.2288102  0.19401855 0.41156105 0.16561019],0.0026428414051222235
210,GUNRESPNOKIDSD_W26,POLPARTY,Other,[0.17097015 0.24055953 0.39716206 0.19130826],0.0021220043879482896
211,GUNRESPNOKIDSD_W26,POLPARTY,Republican,[0.11911471 0.16678701 0.49942776 0.21467052],0.005951275425104977
212,GROWUPGUN7_W26,POLPARTY,Democrat,[0.07305253 0.18537565 0.24131388 0.50025794],0.0006673600580674345
213,GROWUPGUN7_W26,POLPARTY,Independent,[0.17180582 0.24696495 0.20811928 0.37310994],0.006490598795073075
214,GROWUPGUN7_W26,POLPARTY,Other,[0.18879064 0.28838724 0.23356492 0.2892572 ],0.0031491131237826745
215,GROWUPGUN7_W26,POLPARTY,Republican,[0.22347921 0.22329729 0.21007365 0.34314986],0.002508168248703891
216,GUNRESPNOKIDSE_W26,POLPARTY,Democrat,[0.72502062 0.16570541 0.07618221 0.03309176],0.025326455260897007
217,GUNRESPNOKIDSE_W26,POLPARTY,Independent,[0.38460471 0.25644802 0.20283804 0.15610924],0.0011691659692440175
218,GUNRESPNOKIDSE_W26,POLPARTY,Other,[0.38342073 0.21981435 0.22604706 0.17071785],0.0
219,GUNRESPNOKIDSE_W26,POLPARTY,Republican,[0.40247502 0.19793713 0.31082707 0.08876078],0.007271127652312886
220,SAFECRIME_W26,POLPARTY,Democrat,[0.20457077 0.55263695 0.18813498 0.0546573 ],0.004682606692460168
221,SAFECRIME_W26,POLPARTY,Independent,[0.22445266 0.58451579 0.1355153  0.05551625],0.0069858453634224615
222,SAFECRIME_W26,POLPARTY,Other,[0.16850981 0.6052906  0.18327903 0.04292056],0.0
223,SAFECRIME_W26,POLPARTY,Republican,[0.27584624 0.55637932 0.13463101 0.03314343],0.0031050792702494883
224,GUNTYPEOWNC_W26,POLPARTY,Democrat,[0.33344161 0.20595156 0.46060683],0.013679268901318417
225,GUNTYPEOWNC_W26,POLPARTY,Independent,[0.44338684 0.19814615 0.35846701],0.025075692584070122
226,GUNTYPEOWNC_W26,POLPARTY,Other,[0.41242672 0.17568199 0.41189128],0.009371474741822048
227,GUNTYPEOWNC_W26,POLPARTY,Republican,[0.45648364 0.21543048 0.32808588],0.01772756092159398
228,EVEROWN_W26,POLPARTY,Democrat,[0.0829373 0.9170627],0.008026693479617368
229,EVEROWN_W26,POLPARTY,Independent,[0.16476089 0.83523911],0.015800796715762344
230,EVEROWN_W26,POLPARTY,Other,[0.19035222 0.80964778],0.010566720238787557
231,EVEROWN_W26,POLPARTY,Republican,[0.2182029 0.7817971],0.0187783997006955
232,GUNCOMMUNITY_W26,POLPARTY,Democrat,[0.48218816 0.51781184],0.020880700141951175
233,GUNCOMMUNITY_W26,POLPARTY,Independent,[0.65031404 0.34968596],0.020841018742306098
234,GUNCOMMUNITY_W26,POLPARTY,Other,[0.6373618 0.3626382],0.016627360750363793
235,GUNCOMMUNITY_W26,POLPARTY,Republican,[0.76772283 0.23227717],0.005979092026137608
236,GUNSOCIETY_W26,POLPARTY,Democrat,[0.37692091 0.62307909],0.019004553905446003
237,GUNSOCIETY_W26,POLPARTY,Independent,[0.42815025 0.57184975],0.017059543966360727
238,GUNSOCIETY_W26,POLPARTY,Other,[0.33590368 0.66409632],0.01190815014182948
239,GUNSOCIETY_W26,POLPARTY,Republican,[0.45403031 0.54596969],0.006950115780280763
240,GROWUPGUN1_W26,POLPARTY,Democrat,[0.39528072 0.51984788 0.0848714 ],0.0007409571622794981
241,GROWUPGUN1_W26,POLPARTY,Independent,[0.48188125 0.42754979 0.09056895],0.0007111195141243819
242,GROWUPGUN1_W26,POLPARTY,Other,[0.47312162 0.39294363 0.13393476],0.00459141694415899
243,GROWUPGUN1_W26,POLPARTY,Republican,[0.62960693 0.30169864 0.06869443],0.0032690657731834693
244,GUNTHREAT_W26,POLPARTY,Democrat,[0.2194587 0.7805413],0.0021778939488178977
245,GUNTHREAT_W26,POLPARTY,Independent,[0.24879699 0.75120301],0.006388838665677141
246,GUNTHREAT_W26,POLPARTY,Other,[0.28704168 0.71295832],0.0011503418680933865
247,GUNTHREAT_W26,POLPARTY,Republican,[0.18594066 0.81405934],0.005236058379054623
248,GROWUPGUN4_W26,POLPARTY,Democrat,[0.13820758 0.47775186 0.38404055 0.        ],0.009516236777214814
249,GROWUPGUN4_W26,POLPARTY,Independent,[0.21551981 0.46071473 0.32376546 0.        ],0.006833753016025404
250,GROWUPGUN4_W26,POLPARTY,Other,[0.25045935 0.47246655 0.2770741  0.        ],0.0041905210202074555
251,GROWUPGUN4_W26,POLPARTY,Republican,[0.33630978 0.40678748 0.25690274 0.        ],0.01068233904026662
252,GUNACTIVITYD_W26,POLPARTY,Democrat,[0.00856202 0.04189522 0.08728683 0.86225592],0.003009344650090619
253,GUNACTIVITYD_W26,POLPARTY,Independent,[0.01244799 0.03837495 0.16647928 0.78269777],0.0005834445928842842
254,GUNACTIVITYD_W26,POLPARTY,Other,[0.00311815 0.02829118 0.15664911 0.81194156],0.0042571339495057585
255,GUNACTIVITYD_W26,POLPARTY,Republican,[0.00494571 0.04447571 0.13348316 0.81709542],0.0027234464524065354
256,GUN1_W26,POLPARTY,Democrat,[0.15138899 0.84861101],0.0019136090589014052
257,GUN1_W26,POLPARTY,Independent,[0.30978809 0.69021191],0.01800471035562516
258,GUN1_W26,POLPARTY,Other,[0.27926642 0.72073358],0.008393971671006346
259,GUN1_W26,POLPARTY,Republican,[0.41720278 0.58279722],0.01816704417887881
260,GUNSAFETYKIDS_W26,POLPARTY,Democrat,[0.47558054 0.51404749 0.01037197],0.0
261,GUNSAFETYKIDS_W26,POLPARTY,Independent,[0.63418342 0.35763661 0.00817997],0.0
262,GUNSAFETYKIDS_W26,POLPARTY,Other,[0.60586541 0.39092185 0.00321274],0.0
263,GUNSAFETYKIDS_W26,POLPARTY,Republican,[0.68112045 0.31777277 0.00110678],0.0
264,GUNACTIVITYC_W26,POLPARTY,Democrat,[0.00700076 0.05235496 0.08378023 0.85686405],0.0033027200443724015
265,GUNACTIVITYC_W26,POLPARTY,Independent,[0.02214013 0.04599085 0.16747456 0.76439445],0.00811875585894729
266,GUNACTIVITYC_W26,POLPARTY,Other,[0.00123675 0.07992515 0.096482   0.8223561 ],0.002386721972542716
267,GUNACTIVITYC_W26,POLPARTY,Republican,[0.01713026 0.07429983 0.15088062 0.75768929],0.0036349357148123935
268,EVERSHOT_W26,POLPARTY,Democrat,[0.58754073 0.41245927],0.0006845574496533653
269,EVERSHOT_W26,POLPARTY,Independent,[0.75688223 0.24311777],0.0032192672717350377
270,EVERSHOT_W26,POLPARTY,Other,[0.7439787 0.2560213],0.0017093064180494471
271,EVERSHOT_W26,POLPARTY,Republican,[0.85927097 0.14072903],0.0012485105477970933
272,GUNACCESS_W26,POLPARTY,Democrat,[0.31403884 0.16876708 0.1261071  0.39108698],0.0006823396605772807
273,GUNACCESS_W26,POLPARTY,Independent,[0.38063749 0.16648084 0.11918229 0.33369938],0.002261165280081313
274,GUNACCESS_W26,POLPARTY,Other,[0.26050369 0.28107522 0.15068806 0.30773303],0.006325973934120818
275,GUNACCESS_W26,POLPARTY,Republican,[0.48464432 0.13719014 0.12097545 0.2571901 ],0.004151296038597062
276,GUNLOADED2_W26,POLPARTY,Democrat,[0.34503827 0.65496173],0.003125563954246941
277,GUNLOADED2_W26,POLPARTY,Independent,[0.28323828 0.71676172],0.013346195962646119
278,GUNLOADED2_W26,POLPARTY,Other,[0.11983195 0.88016805],0.0
279,GUNLOADED2_W26,POLPARTY,Republican,[0.49179422 0.50820578],0.0
280,GUNIDENTITY_W26,POLPARTY,Democrat,[0.17845424 0.19884466 0.2711747  0.35152641],0.0
281,GUNIDENTITY_W26,POLPARTY,Independent,[0.19721904 0.21358067 0.37938024 0.20982004],0.016313606651674514
282,GUNIDENTITY_W26,POLPARTY,Other,[0.30304264 0.21110454 0.29786842 0.1879844 ],0.0
283,GUNIDENTITY_W26,POLPARTY,Republican,[0.31603764 0.30450066 0.24144657 0.13801513],0.0
284,WORRYB_W26,POLPARTY,Democrat,[0.23112687 0.38129237 0.38758075],0.0009308776450779942
285,WORRYB_W26,POLPARTY,Independent,[0.11328634 0.43415865 0.45255502],0.0
286,WORRYB_W26,POLPARTY,Other,[0.10784886 0.40815119 0.48399995],0.0
287,WORRYB_W26,POLPARTY,Republican,[0.13169827 0.48213595 0.38616577],0.0024043739118991304
288,WORRYF_W26,POLPARTY,Democrat,[0.17085345 0.42362693 0.40551962],0.0014639672131915326
289,WORRYF_W26,POLPARTY,Independent,[0.10751519 0.36126046 0.53122435],0.0
290,WORRYF_W26,POLPARTY,Other,[0.07632051 0.32377794 0.59990155],0.0003367190968827022
291,WORRYF_W26,POLPARTY,Republican,[0.07613685 0.35622009 0.56764306],0.0003753344771049089
292,WORRYG_W26,POLPARTY,Democrat,[0.33970541 0.54055152 0.11974307],0.001094409540349241
293,WORRYG_W26,POLPARTY,Independent,[0.29219792 0.53553653 0.17226555],0.0014609708364446451
294,WORRYG_W26,POLPARTY,Other,[0.2662278  0.54554324 0.18822895],0.0015412717885415384
295,WORRYG_W26,POLPARTY,Republican,[0.23828286 0.52363793 0.23807921],0.0013035180952142124
296,GUNCONTRIBD_W26,POLPARTY,Democrat,[0.28780274 0.42405399 0.20664419 0.08149907],0.01207024945654253
297,GUNCONTRIBD_W26,POLPARTY,Independent,[0.26351938 0.43576193 0.26556247 0.03515622],0.003969092551259849
298,GUNCONTRIBD_W26,POLPARTY,Other,[0.16185426 0.44076117 0.26017694 0.13720762],0.0
299,GUNCONTRIBD_W26,POLPARTY,Republican,[0.19792179 0.40532696 0.29155307 0.10519819],0.0044395394402575354
300,CRIMEVICTIM_W26,POLPARTY,Democrat,[0.2176306 0.7823694],0.0018098125350278567
301,CRIMEVICTIM_W26,POLPARTY,Independent,[0.21087912 0.78912088],0.0016450980529425507
302,CRIMEVICTIM_W26,POLPARTY,Other,[0.21226935 0.78773065],0.003629757970398108
303,CRIMEVICTIM_W26,POLPARTY,Republican,[0.17995857 0.82004143],0.005716668032860617
304,REASONGUND_W26,POLPARTY,Democrat,[0.11412532 0.31156802 0.57430666],0.002761943225404889
305,REASONGUND_W26,POLPARTY,Independent,[0.11719406 0.2743341  0.60847183],0.006023241932132384
306,REASONGUND_W26,POLPARTY,Other,[0.12368961 0.22682918 0.6494812 ],0.0026881574752855367
307,REASONGUND_W26,POLPARTY,Republican,[0.14665642 0.32028005 0.53306352],0.004151296038597062
308,REASONGUNA_W26,POLPARTY,Democrat,[0.60087309 0.28381783 0.11530907],0.0
309,REASONGUNA_W26,POLPARTY,Independent,[0.66378753 0.24371081 0.09250167],0.0005898130247004837
310,REASONGUNA_W26,POLPARTY,Other,[0.60914886 0.2723297  0.11852144],0.0
311,REASONGUNA_W26,POLPARTY,Republican,[0.76020713 0.20844023 0.03135263],0.004151296038597061
0,IMPREASONGUN_W26,INCOME,"$100,000 or more",[0.42460177 0.22889181 0.1908658  0.11995948 0.03568114],0.0
1,IMPREASONGUN_W26,INCOME,"$30,000-$50,000",[0.5756274  0.35210665 0.05228511 0.01400265 0.00597818],0.0
2,IMPREASONGUN_W26,INCOME,"$50,000-$75,000",[0.55440374 0.27719708 0.11780713 0.02469571 0.02589634],0.0
3,IMPREASONGUN_W26,INCOME,"$75,000-$100,000",[0.4809557  0.18565306 0.14093488 0.04494725 0.1475091 ],0.003140386419623298
4,IMPREASONGUN_W26,INCOME,"Less than $30,000",[0.45039247 0.35936138 0.12510314 0.030551   0.03459201],0.00872098297796512
5,GUNLOCKED2_W26,INCOME,"$100,000 or more",[0.50033034 0.49966966],0.0
6,GUNLOCKED2_W26,INCOME,"$30,000-$50,000",[0.48892291 0.51107709],0.0
7,GUNLOCKED2_W26,INCOME,"$50,000-$75,000",[0.36373959 0.63626041],0.0
8,GUNLOCKED2_W26,INCOME,"$75,000-$100,000",[0.68510661 0.31489339],0.0
9,GUNLOCKED2_W26,INCOME,"Less than $30,000",[0.3638324 0.6361676],0.0
10,GUNRESPNOKIDSA_W26,INCOME,"$100,000 or more",[0.63884986 0.21657041 0.10838806 0.03619166],0.00040860321179698333
11,GUNRESPNOKIDSA_W26,INCOME,"$30,000-$50,000",[0.49159296 0.3508067  0.12284602 0.03475433],0.0014443776332332258
12,GUNRESPNOKIDSA_W26,INCOME,"$50,000-$75,000",[0.54383598 0.32242373 0.11304606 0.02069422],0.00584983514141328
13,GUNRESPNOKIDSA_W26,INCOME,"$75,000-$100,000",[0.60574034 0.24785837 0.13138067 0.01502061],0.002940868935402954
14,GUNRESPNOKIDSA_W26,INCOME,"Less than $30,000",[0.63168512 0.21567291 0.12183206 0.03080991],0.010300434824925125
15,GUNASSOCIATIONA_W26,INCOME,"$100,000 or more",[0.16396955 0.83603045],0.0008641720912390943
16,GUNASSOCIATIONA_W26,INCOME,"$30,000-$50,000",[0.07852404 0.92147596],0.0
17,GUNASSOCIATIONA_W26,INCOME,"$50,000-$75,000",[0.09063972 0.90936028],0.0
18,GUNASSOCIATIONA_W26,INCOME,"$75,000-$100,000",[0.12362731 0.87637269],0.0
19,GUNASSOCIATIONA_W26,INCOME,"Less than $30,000",[0.13951752 0.86048248],0.00279381606995493
20,GUNACTIVITYB_W26,INCOME,"$100,000 or more",[0.04266477 0.1409285  0.25433163 0.5620751 ],0.0033831987634999673
21,GUNACTIVITYB_W26,INCOME,"$30,000-$50,000",[0.07716042 0.25510566 0.24994675 0.41778716],0.0030770489288495417
22,GUNACTIVITYB_W26,INCOME,"$50,000-$75,000",[0.04425237 0.25587189 0.21154537 0.48833037],0.004005456852773856
23,GUNACTIVITYB_W26,INCOME,"$75,000-$100,000",[0.043568   0.19519206 0.26453054 0.4967094 ],0.0
24,GUNACTIVITYB_W26,INCOME,"Less than $30,000",[0.05708316 0.24395588 0.24319238 0.45576859],0.0016301262457502283
25,GUNSAFE2_W26,INCOME,"$100,000 or more",[0.16837688 0.34706518 0.48455794],0.0
26,GUNSAFE2_W26,INCOME,"$30,000-$50,000",[0.35094526 0.14531112 0.50374362],0.0
27,GUNSAFE2_W26,INCOME,"$50,000-$75,000",[0.28889973 0.22837555 0.48272472],0.004154452386955305
28,GUNSAFE2_W26,INCOME,"$75,000-$100,000",[0.26111196 0.31204297 0.42684507],0.0
29,GUNSAFE2_W26,INCOME,"Less than $30,000",[0.31077521 0.1324551  0.55676969],0.0021779159684940695
30,GUN_W26,INCOME,"$100,000 or more",[0.32434221 0.67565779],0.006792298722278611
31,GUN_W26,INCOME,"$30,000-$50,000",[0.33220204 0.66779796],0.005014484830632609
32,GUN_W26,INCOME,"$50,000-$75,000",[0.39989608 0.60010392],0.008996038968845939
33,GUN_W26,INCOME,"$75,000-$100,000",[0.36920649 0.63079351],0.009949146855458337
34,GUN_W26,INCOME,"Less than $30,000",[0.22747444 0.77252556],0.004922609094498611
35,GUNRESPKIDSF_W26,INCOME,"$100,000 or more",[0.66066127 0.21851993 0.08196415 0.03885465],0.002890918840317396
36,GUNRESPKIDSF_W26,INCOME,"$30,000-$50,000",[0.51937221 0.33710642 0.1006513  0.04287006],0.00881498618351275
37,GUNRESPKIDSF_W26,INCOME,"$50,000-$75,000",[0.64927231 0.26096554 0.07774708 0.01201507],0.0021177761560121165
38,GUNRESPKIDSF_W26,INCOME,"$75,000-$100,000",[0.64032626 0.22466827 0.11387824 0.02112724],0.013010887275198193
39,GUNRESPKIDSF_W26,INCOME,"Less than $30,000",[0.63159214 0.28198638 0.0527304  0.03369109],0.0038983440191806035
40,WORRYA_W26,INCOME,"$100,000 or more",[0.09669819 0.59188422 0.3114176 ],0.0003711620079638921
41,WORRYA_W26,INCOME,"$30,000-$50,000",[0.2123459  0.56412557 0.22352852],0.0003946425861172606
42,WORRYA_W26,INCOME,"$50,000-$75,000",[0.16629117 0.56450027 0.26920855],0.0
43,WORRYA_W26,INCOME,"$75,000-$100,000",[0.13109273 0.57567989 0.29322738],0.0
44,WORRYA_W26,INCOME,"Less than $30,000",[0.26260428 0.49163156 0.24576416],0.0005679228575318058
45,GUNCONTRIBC_W26,INCOME,"$100,000 or more",[0.19959037 0.31195579 0.41890607 0.06954776],0.0009737223891641155
46,GUNCONTRIBC_W26,INCOME,"$30,000-$50,000",[0.27759002 0.29052813 0.36590148 0.06598038],0.0010434193308561323
47,GUNCONTRIBC_W26,INCOME,"$50,000-$75,000",[0.18178066 0.40838354 0.31678562 0.09305018],0.007332154159572834
48,GUNCONTRIBC_W26,INCOME,"$75,000-$100,000",[0.1632453  0.33963856 0.39473646 0.10237968],0.0026411380837756807
49,GUNCONTRIBC_W26,INCOME,"Less than $30,000",[0.33202959 0.25072732 0.29961045 0.11763264],0.009763698623585348
50,WORRYD_W26,INCOME,"$100,000 or more",[0.11843006 0.42764191 0.45392803],0.002464191099000466
51,WORRYD_W26,INCOME,"$30,000-$50,000",[0.36036628 0.45191982 0.1877139 ],0.0
52,WORRYD_W26,INCOME,"$50,000-$75,000",[0.28347598 0.39444434 0.32207968],0.0030234544366434016
53,WORRYD_W26,INCOME,"$75,000-$100,000",[0.19727318 0.45795062 0.3447762 ],0.0035721020063197444
54,WORRYD_W26,INCOME,"Less than $30,000",[0.4999227  0.34554886 0.15452844],0.006123229504876034
55,NOCARRYGUN_W26,INCOME,"$100,000 or more",[0.68797415 0.31202585],0.0
56,NOCARRYGUN_W26,INCOME,"$30,000-$50,000",[0.63286583 0.36713417],0.0
57,NOCARRYGUN_W26,INCOME,"$50,000-$75,000",[0.52503133 0.47496867],0.0
58,NOCARRYGUN_W26,INCOME,"$75,000-$100,000",[0.53566826 0.46433174],0.0
59,NOCARRYGUN_W26,INCOME,"Less than $30,000",[0.6998574 0.3001426],0.0
60,GUNACTIVITYE_W26,INCOME,"$100,000 or more",[0.00300786 0.07924061 0.14891743 0.7688341 ],0.0015728970282440976
61,GUNACTIVITYE_W26,INCOME,"$30,000-$50,000",[0.01300775 0.08681339 0.15826223 0.74191664],0.0021623320433256615
62,GUNACTIVITYE_W26,INCOME,"$50,000-$75,000",[0.010352   0.08837598 0.1373614  0.76391062],0.0031568049306995956
63,GUNACTIVITYE_W26,INCOME,"$75,000-$100,000",[0.00308534 0.08668375 0.16499806 0.74523285],0.004066320113426656
64,GUNACTIVITYE_W26,INCOME,"Less than $30,000",[0.02332048 0.08859851 0.12603109 0.76204991],0.0024295184939577153
65,GUNRESPKIDSA_W26,INCOME,"$100,000 or more",[0.8556005  0.11960994 0.01296361 0.01182596],0.00028147264259946437
66,GUNRESPKIDSA_W26,INCOME,"$30,000-$50,000",[0.8003339  0.16461347 0.03391619 0.00113645],0.00344026045639756
67,GUNRESPKIDSA_W26,INCOME,"$50,000-$75,000",[0.82284038 0.15716868 0.01416091 0.00583004],0.0003309880716089985
68,GUNRESPKIDSA_W26,INCOME,"$75,000-$100,000",[0.80000638 0.1694793  0.02683829 0.00367603],0.022214764699104786
69,GUNRESPKIDSA_W26,INCOME,"Less than $30,000",[0.81532424 0.15324151 0.0267033  0.00473095],0.0027434109902065127
70,GUNLOADED1_W26,INCOME,"$100,000 or more",[0.12328932 0.40218457 0.47452611],0.02541116816249734
71,GUNLOADED1_W26,INCOME,"$30,000-$50,000",[0.1862023  0.44044918 0.37334851],0.009077657952396059
72,GUNLOADED1_W26,INCOME,"$50,000-$75,000",[0.12298541 0.31649749 0.56051711],0.005301740094941232
73,GUNLOADED1_W26,INCOME,"$75,000-$100,000",[0.20356684 0.3778998  0.41853336],0.016851993440965423
74,GUNLOADED1_W26,INCOME,"Less than $30,000",[0.1087103  0.37020753 0.52108217],0.013586433033440601
75,GUNLOCKED1_W26,INCOME,"$100,000 or more",[0.45936255 0.28988198 0.25075547],0.012067004788429824
76,GUNLOCKED1_W26,INCOME,"$30,000-$50,000",[0.33852757 0.28185484 0.37961759],0.009689786771216825
77,GUNLOCKED1_W26,INCOME,"$50,000-$75,000",[0.42354169 0.23627049 0.34018782],0.0037467119256235797
78,GUNLOCKED1_W26,INCOME,"$75,000-$100,000",[0.43839403 0.21862684 0.34297913],0.01617136083413648
79,GUNLOCKED1_W26,INCOME,"Less than $30,000",[0.45541601 0.2919013  0.25268269],0.01147362303129318
80,GROWUPGUN2B_W26,INCOME,"$100,000 or more",[0.64434434 0.35565566],0.002756069411752183
81,GROWUPGUN2B_W26,INCOME,"$30,000-$50,000",[0.66856783 0.33143217],0.0007107249585363956
82,GROWUPGUN2B_W26,INCOME,"$50,000-$75,000",[0.73875568 0.26124432],0.0036209523976345834
83,GROWUPGUN2B_W26,INCOME,"$75,000-$100,000",[0.65476638 0.34523362],0.003047900527848782
84,GROWUPGUN2B_W26,INCOME,"Less than $30,000",[0.65273511 0.34726489],0.005435200581657011
85,GUNCONTRIBB_W26,INCOME,"$100,000 or more",[0.55099427 0.3352319  0.09032922 0.02344461],0.0009763057498188482
86,GUNCONTRIBB_W26,INCOME,"$30,000-$50,000",[0.50082379 0.3600036  0.08623694 0.05293567],0.0008666119734607052
87,GUNCONTRIBB_W26,INCOME,"$50,000-$75,000",[0.6057928  0.28100101 0.08509338 0.02811281],0.004085936589930884
88,GUNCONTRIBB_W26,INCOME,"$75,000-$100,000",[0.57863745 0.2894872  0.09599881 0.03587654],0.0006828013544113637
89,GUNCONTRIBB_W26,INCOME,"Less than $30,000",[0.49614776 0.35215475 0.08077889 0.0709186 ],0.009820489430435406
90,GROWUPGUN6_W26,INCOME,"$100,000 or more",[0.04972966 0.21084357 0.23893322 0.50049354],0.0013623726646002695
91,GROWUPGUN6_W26,INCOME,"$30,000-$50,000",[0.07977244 0.18922252 0.26239278 0.46861226],0.003555865792059365
92,GROWUPGUN6_W26,INCOME,"$50,000-$75,000",[0.06126925 0.19626725 0.23210798 0.51035552],0.007764660359513439
93,GROWUPGUN6_W26,INCOME,"$75,000-$100,000",[0.06834948 0.21554092 0.26603184 0.45007776],0.0005865170430064731
94,GROWUPGUN6_W26,INCOME,"Less than $30,000",[0.05918706 0.18444419 0.21596925 0.5403995 ],0.0009729071499013511
95,CARRYGUN_W26,INCOME,"$100,000 or more",[0.2191427  0.14334931 0.257694   0.37981399],0.006078278541412675
96,CARRYGUN_W26,INCOME,"$30,000-$50,000",[0.16563831 0.1792166  0.29937452 0.35577057],0.0018627421992251593
97,CARRYGUN_W26,INCOME,"$50,000-$75,000",[0.05498135 0.10080472 0.31186333 0.5323506 ],0.0
98,CARRYGUN_W26,INCOME,"$75,000-$100,000",[0.11309382 0.15577599 0.34409279 0.3870374 ],0.0
99,CARRYGUN_W26,INCOME,"Less than $30,000",[0.07681526 0.16581562 0.35165024 0.40571888],0.0
100,GUNCOURSES_W26,INCOME,"$100,000 or more",[0.38131617 0.61868383],0.004649226375805491
101,GUNCOURSES_W26,INCOME,"$30,000-$50,000",[0.371825 0.628175],0.0014036770368323311
102,GUNCOURSES_W26,INCOME,"$50,000-$75,000",[0.38090281 0.61909719],0.007578356332514936
103,GUNCOURSES_W26,INCOME,"$75,000-$100,000",[0.42161897 0.57838103],0.0
104,GUNCOURSES_W26,INCOME,"Less than $30,000",[0.28837255 0.71162745],0.0023484445570016877
105,GUNFRIEND_W26,INCOME,"$100,000 or more",[0.21861442 0.42971945 0.35166613 0.        ],0.003609271122696629
106,GUNFRIEND_W26,INCOME,"$30,000-$50,000",[0.33681794 0.40912592 0.25405615 0.        ],0.00236867226920107
107,GUNFRIEND_W26,INCOME,"$50,000-$75,000",[0.26074013 0.45850144 0.28075843 0.        ],0.006493096478623402
108,GUNFRIEND_W26,INCOME,"$75,000-$100,000",[0.30293921 0.44833374 0.24872705 0.        ],0.006009586047756342
109,GUNFRIEND_W26,INCOME,"Less than $30,000",[0.20659673 0.45777618 0.3356271  0.        ],0.000842743061747753
110,GUNRESPKIDSB_W26,INCOME,"$100,000 or more",[0.69215941 0.20923985 0.06623706 0.03236368],0.005123620449251884
111,GUNRESPKIDSB_W26,INCOME,"$30,000-$50,000",[0.55571562 0.3060911  0.09914172 0.03905156],0.00688077988902855
112,GUNRESPKIDSB_W26,INCOME,"$50,000-$75,000",[0.66178344 0.20031684 0.09142991 0.04646981],0.004509546925051368
113,GUNRESPKIDSB_W26,INCOME,"$75,000-$100,000",[0.64073682 0.23732816 0.09073859 0.03119643],0.001094571903335857
114,GUNRESPKIDSB_W26,INCOME,"Less than $30,000",[0.65074463 0.25471297 0.04672946 0.04781294],0.0032281661510342318
115,WORLDDANGER_W26,INCOME,"$100,000 or more",[0.15543188 0.60594242 0.2386257 ],0.0013214657919760498
116,WORLDDANGER_W26,INCOME,"$30,000-$50,000",[0.05572358 0.73330836 0.21096807],0.012122607145547514
117,WORLDDANGER_W26,INCOME,"$50,000-$75,000",[0.07292101 0.73538112 0.19169786],0.0048980457971840455
118,WORLDDANGER_W26,INCOME,"$75,000-$100,000",[0.11254653 0.67290593 0.21454755],0.0009736165526396663
119,WORLDDANGER_W26,INCOME,"Less than $30,000",[0.09547939 0.69895587 0.20556474],0.005909639697265159
120,GUNKILLF2_W26,INCOME,"$100,000 or more",[0.70199692 0.29800308],0.0
121,GUNKILLF2_W26,INCOME,"$30,000-$50,000",[0.77323878 0.22676122],0.0031623336262415988
122,GUNKILLF2_W26,INCOME,"$50,000-$75,000",[0.77355702 0.22644298],0.0016112343823042282
123,GUNKILLF2_W26,INCOME,"$75,000-$100,000",[0.80773858 0.19226142],0.0025057222564886456
124,GUNKILLF2_W26,INCOME,"Less than $30,000",[0.71867842 0.28132158],0.002773558167652093
125,GUNRESPNOKIDSB_W26,INCOME,"$100,000 or more",[0.52847064 0.2579521  0.14591314 0.06766411],0.0039099633466488735
126,GUNRESPNOKIDSB_W26,INCOME,"$30,000-$50,000",[0.43048163 0.26433385 0.19578006 0.10940446],0.0003946425861172606
127,GUNRESPNOKIDSB_W26,INCOME,"$50,000-$75,000",[0.46717669 0.3047902  0.1405846  0.08744851],0.006858797634467052
128,GUNRESPNOKIDSB_W26,INCOME,"$75,000-$100,000",[0.44085747 0.28119164 0.20702077 0.07093011],0.020541676314043415
129,GUNRESPNOKIDSB_W26,INCOME,"Less than $30,000",[0.50505255 0.29907214 0.10115893 0.09471637],0.01701690265791915
130,GROWUPGUN2A_W26,INCOME,"$100,000 or more",[0.55329005 0.44670995],0.002345379913671347
131,GROWUPGUN2A_W26,INCOME,"$30,000-$50,000",[0.64865992 0.35134008],0.0009874918126178444
132,GROWUPGUN2A_W26,INCOME,"$50,000-$75,000",[0.52769768 0.47230232],0.00178020137258253
133,GROWUPGUN2A_W26,INCOME,"$75,000-$100,000",[0.58453559 0.41546441],0.011174165913927071
134,GROWUPGUN2A_W26,INCOME,"Less than $30,000",[0.65098396 0.34901604],0.0008513546266168251
135,REASONGUNC_W26,INCOME,"$100,000 or more",[0.3919257  0.32897408 0.27910021],0.009873877660118043
136,REASONGUNC_W26,INCOME,"$30,000-$50,000",[0.25982049 0.41642627 0.32375324],0.004335004179443015
137,REASONGUNC_W26,INCOME,"$50,000-$75,000",[0.33413776 0.34749492 0.31836732],0.0020989844490096254
138,REASONGUNC_W26,INCOME,"$75,000-$100,000",[0.2751191  0.45426888 0.27061203],0.002401701231149067
139,REASONGUNC_W26,INCOME,"Less than $30,000",[0.28426046 0.38165054 0.33408901],0.0006483966562745979
140,SHOOTFREQ_W26,INCOME,"$100,000 or more",[0.08067855 0.19795359 0.30431356 0.41705431],0.00499645874863508
141,SHOOTFREQ_W26,INCOME,"$30,000-$50,000",[0.0375127  0.25189536 0.30788109 0.40271085],0.0005836899439098341
142,SHOOTFREQ_W26,INCOME,"$50,000-$75,000",[0.0539143  0.22377009 0.27918088 0.44313473],0.0003843396340516289
143,SHOOTFREQ_W26,INCOME,"$75,000-$100,000",[0.06694664 0.22168629 0.33415092 0.37721615],0.0
144,SHOOTFREQ_W26,INCOME,"Less than $30,000",[0.03613129 0.15267599 0.28176068 0.52943204],0.000899826332457458
145,GROWUPVIOL_W26,INCOME,"$100,000 or more",[0.01499652 0.05796208 0.23523853 0.69180287],0.00034516004215720135
146,GROWUPVIOL_W26,INCOME,"$30,000-$50,000",[0.05961694 0.11565833 0.29056772 0.53415701],0.0011209091429043307
147,GROWUPVIOL_W26,INCOME,"$50,000-$75,000",[0.03114034 0.07641445 0.26466363 0.62778158],0.0033422300740111096
148,GROWUPVIOL_W26,INCOME,"$75,000-$100,000",[0.02120933 0.07264416 0.27837407 0.62777244],0.006608771181747244
149,GROWUPVIOL_W26,INCOME,"Less than $30,000",[0.0671351  0.15216617 0.23804106 0.54265767],0.00716613115007555
150,REASONGUNB_W26,INCOME,"$100,000 or more",[0.34695633 0.25776873 0.39527494],0.008603510106125
151,REASONGUNB_W26,INCOME,"$30,000-$50,000",[0.42064828 0.1855338  0.39381793],0.0
152,REASONGUNB_W26,INCOME,"$50,000-$75,000",[0.34055738 0.26247685 0.39696577],0.0017815652642661757
153,REASONGUNB_W26,INCOME,"$75,000-$100,000",[0.335835   0.21653298 0.44763202],0.0
154,REASONGUNB_W26,INCOME,"Less than $30,000",[0.42556784 0.23106859 0.34336358],0.0006483966562745978
155,WORRYC_W26,INCOME,"$100,000 or more",[0.09070293 0.44815787 0.4611392 ],0.0058698457374223734
156,WORRYC_W26,INCOME,"$30,000-$50,000",[0.12782954 0.41476277 0.45740768],0.003823723884535229
157,WORRYC_W26,INCOME,"$50,000-$75,000",[0.15440484 0.51841138 0.32718378],0.0
158,WORRYC_W26,INCOME,"$75,000-$100,000",[0.15458071 0.39447753 0.45094176],0.0020416248310085867
159,WORRYC_W26,INCOME,"Less than $30,000",[0.30362749 0.39900041 0.29737209],0.0
160,MARGUN_W26,INCOME,"$100,000 or more",[0.88470082 0.11529918],0.004925916137266869
161,MARGUN_W26,INCOME,"$30,000-$50,000",[0.8506583 0.1493417],0.0
162,MARGUN_W26,INCOME,"$50,000-$75,000",[0.89268414 0.10731586],0.0035481012914674163
163,MARGUN_W26,INCOME,"$75,000-$100,000",[0.83506485 0.16493515],0.011251158775808469
164,MARGUN_W26,INCOME,"Less than $30,000",[0.90611814 0.09388186],0.0
165,NEVEROWN_W26,INCOME,"$100,000 or more",[0.74788252 0.25211748],0.012241934050810525
166,NEVEROWN_W26,INCOME,"$30,000-$50,000",[0.85269331 0.14730669],0.005022915374262441
167,NEVEROWN_W26,INCOME,"$50,000-$75,000",[0.70081667 0.29918333],0.0024182948293468495
168,NEVEROWN_W26,INCOME,"$75,000-$100,000",[0.78509073 0.21490927],0.0
169,NEVEROWN_W26,INCOME,"Less than $30,000",[0.65662912 0.34337088],0.000448673815568063
170,GUNRESPKIDSC_W26,INCOME,"$100,000 or more",[0.7559052  0.21596851 0.0193342  0.0087921 ],0.003779566300433415
171,GUNRESPKIDSC_W26,INCOME,"$30,000-$50,000",[0.66158947 0.30556747 0.03030003 0.00254303],0.007609274611216218
172,GUNRESPKIDSC_W26,INCOME,"$50,000-$75,000",[0.79656971 0.18178077 0.02024761 0.00140191],0.00026845688739668384
173,GUNRESPKIDSC_W26,INCOME,"$75,000-$100,000",[0.70332699 0.26624511 0.02811431 0.00231359],0.0059127148190805685
174,GUNRESPKIDSC_W26,INCOME,"Less than $30,000",[0.71330774 0.24341043 0.02002049 0.02326134],0.003288947652002486
175,REASONGUNE_W26,INCOME,"$100,000 or more",[0.07464141 0.05754892 0.86780967],0.008603510106125001
176,REASONGUNE_W26,INCOME,"$30,000-$50,000",[0.07797592 0.11286164 0.80916244],0.001154585130739306
177,REASONGUNE_W26,INCOME,"$50,000-$75,000",[0.05286786 0.09749101 0.84964113],0.0
178,REASONGUNE_W26,INCOME,"$75,000-$100,000",[0.15385166 0.05261968 0.79352866],0.0
179,REASONGUNE_W26,INCOME,"Less than $30,000",[0.07446687 0.13179935 0.79373378],0.014082044981549746
180,GUNRESPNOKIDSG_W26,INCOME,"$100,000 or more",[0.51632012 0.38738628 0.0947713  0.00152231],0.0014849207721907725
181,GUNRESPNOKIDSG_W26,INCOME,"$30,000-$50,000",[0.49710681 0.33275025 0.15190535 0.01823759],0.00039464258611726053
182,GUNRESPNOKIDSG_W26,INCOME,"$50,000-$75,000",[0.4603736  0.36543403 0.16660265 0.00758971],0.011343504751459262
183,GUNRESPNOKIDSG_W26,INCOME,"$75,000-$100,000",[0.56573131 0.33392542 0.09885194 0.00149134],0.0014594143554654852
184,GUNRESPNOKIDSG_W26,INCOME,"Less than $30,000",[0.46751559 0.37816617 0.10366276 0.05065549],0.010300434824925125
185,GUNCONTRIBE_W26,INCOME,"$100,000 or more",[0.19042945 0.35909884 0.32098438 0.12948733],0.003204827713310516
186,GUNCONTRIBE_W26,INCOME,"$30,000-$50,000",[0.27988287 0.33177561 0.24973007 0.13861146],0.009595262487811257
187,GUNCONTRIBE_W26,INCOME,"$50,000-$75,000",[0.19347945 0.29734713 0.32709246 0.18208096],0.002851077165401858
188,GUNCONTRIBE_W26,INCOME,"$75,000-$100,000",[0.27429548 0.2819658  0.30603379 0.13770493],0.0019761999320025052
189,GUNCONTRIBE_W26,INCOME,"Less than $30,000",[0.3449036  0.31891678 0.23455679 0.10162283],0.00206458745487079
190,GUNKILLF1_W26,INCOME,"$100,000 or more",[0.60594705 0.39405295],0.0006688044078196454
191,GUNKILLF1_W26,INCOME,"$30,000-$50,000",[0.81721918 0.18278082],0.03713708763842549
192,GUNKILLF1_W26,INCOME,"$50,000-$75,000",[0.74905979 0.25094021],0.014607580896930313
193,GUNKILLF1_W26,INCOME,"$75,000-$100,000",[0.73049298 0.26950702],0.0
194,GUNKILLF1_W26,INCOME,"Less than $30,000",[0.77746683 0.22253317],0.014646861703388811
195,GUNCONTRIBF_W26,INCOME,"$100,000 or more",[0.28001292 0.4763307  0.23234106 0.01131533],0.002561665269699373
196,GUNCONTRIBF_W26,INCOME,"$30,000-$50,000",[0.22402358 0.48414022 0.2219091  0.0699271 ],0.005500754537341856
197,GUNCONTRIBF_W26,INCOME,"$50,000-$75,000",[0.33466072 0.43921709 0.21708126 0.00904093],0.010298805504934833
198,GUNCONTRIBF_W26,INCOME,"$75,000-$100,000",[0.31698366 0.41655934 0.23944239 0.02701461],0.005425523041227132
199,GUNCONTRIBF_W26,INCOME,"Less than $30,000",[0.30888115 0.4305986  0.22858754 0.03193271],0.0019074232311638976
200,DEFENDGUN_W26,INCOME,"$100,000 or more",[0.05691618 0.94308382],0.0027386659089939564
201,DEFENDGUN_W26,INCOME,"$30,000-$50,000",[0.0891527 0.9108473],0.005483419414041706
202,DEFENDGUN_W26,INCOME,"$50,000-$75,000",[0.05074337 0.94925663],0.004962678941109026
203,DEFENDGUN_W26,INCOME,"$75,000-$100,000",[0.04603739 0.95396261],0.0023234763798313314
204,DEFENDGUN_W26,INCOME,"Less than $30,000",[0.0892707 0.9107293],0.002267548260204135
205,GUNRESPNOKIDSC_W26,INCOME,"$100,000 or more",[0.75232429 0.18042698 0.06724872 0.        ],0.0059517952254352965
206,GUNRESPNOKIDSC_W26,INCOME,"$30,000-$50,000",[0.58567285 0.34700743 0.06731972 0.        ],0.0009295903586598623
207,GUNRESPNOKIDSC_W26,INCOME,"$50,000-$75,000",[0.67042724 0.27081088 0.05620862 0.00255326],0.0036932716767989434
208,GUNRESPNOKIDSC_W26,INCOME,"$75,000-$100,000",[0.74972238 0.21764465 0.03138083 0.00125214],0.0
209,GUNRESPNOKIDSC_W26,INCOME,"Less than $30,000",[0.69008633 0.19885783 0.07958124 0.03147459],0.011833714043838645
210,GUNRESPKIDSD_W26,INCOME,"$100,000 or more",[0.12603733 0.30834953 0.29019725 0.2754159 ],0.0
211,GUNRESPKIDSD_W26,INCOME,"$30,000-$50,000",[0.12739838 0.23413388 0.36269719 0.27577054],0.005541937212873227
212,GUNRESPKIDSD_W26,INCOME,"$50,000-$75,000",[0.1498413  0.26523237 0.41422175 0.17070459],0.004904205629933876
213,GUNRESPKIDSD_W26,INCOME,"$75,000-$100,000",[0.1398058  0.18762966 0.36766942 0.30489511],0.0
214,GUNRESPKIDSD_W26,INCOME,"Less than $30,000",[0.23972326 0.28454983 0.31127056 0.16445635],0.0
215,GUNRESPKIDSE_W26,INCOME,"$100,000 or more",[0.41661266 0.25951592 0.21197277 0.11189864],0.008774626262026092
216,GUNRESPKIDSE_W26,INCOME,"$30,000-$50,000",[0.41743503 0.31534119 0.16198041 0.10524337],0.0022817079349139987
217,GUNRESPKIDSE_W26,INCOME,"$50,000-$75,000",[0.37105653 0.28693903 0.30689183 0.03511261],0.0
218,GUNRESPKIDSE_W26,INCOME,"$75,000-$100,000",[0.39267942 0.3484352  0.21329285 0.04559254],0.0
219,GUNRESPKIDSE_W26,INCOME,"Less than $30,000",[0.46734593 0.32990381 0.1568963  0.04585396],0.01683584160340984
220,GROWUPGUN2C_W26,INCOME,"$100,000 or more",[0.46324509 0.53675491],0.004562519833402589
221,GROWUPGUN2C_W26,INCOME,"$30,000-$50,000",[0.38726705 0.61273295],0.001571925606639566
222,GROWUPGUN2C_W26,INCOME,"$50,000-$75,000",[0.45692291 0.54307709],0.0008112538063309837
223,GROWUPGUN2C_W26,INCOME,"$75,000-$100,000",[0.53306279 0.46693721],0.0080781728017112
224,GROWUPGUN2C_W26,INCOME,"Less than $30,000",[0.48282866 0.51717134],0.00045885096626559457
225,GUNRESPNOKIDSF_W26,INCOME,"$100,000 or more",[0.47062026 0.28307259 0.18562527 0.06068187],0.004694439426488371
226,GUNRESPNOKIDSF_W26,INCOME,"$30,000-$50,000",[0.31901474 0.35541988 0.245638   0.07992738],0.009606095697232689
227,GUNRESPNOKIDSF_W26,INCOME,"$50,000-$75,000",[0.39938989 0.34263303 0.22206255 0.03591453],0.004445646135760743
228,GUNRESPNOKIDSF_W26,INCOME,"$75,000-$100,000",[0.40074925 0.32067025 0.16920048 0.10938003],0.023071865731341696
229,GUNRESPNOKIDSF_W26,INCOME,"Less than $30,000",[0.48615764 0.30602833 0.11148915 0.09632489],0.010300434824925125
230,GUNRESPKIDSH_W26,INCOME,"$100,000 or more",[0.94621005 0.03550725 0.00463138 0.01365132],0.004203929223988139
231,GUNRESPKIDSH_W26,INCOME,"$30,000-$50,000",[0.89306303 0.06968047 0.03503329 0.00222321],0.004047987663579927
232,GUNRESPKIDSH_W26,INCOME,"$50,000-$75,000",[0.93021069 0.05871921 0.00961137 0.00145873],0.0
233,GUNRESPKIDSH_W26,INCOME,"$75,000-$100,000",[0.91235994 0.08621391 0.00142615 0.        ],0.019796468074538384
234,GUNRESPKIDSH_W26,INCOME,"Less than $30,000",[0.89945582 0.06866099 0.01869797 0.01318522],0.003778202620702462
235,GUNRESPKIDSG_W26,INCOME,"$100,000 or more",[0.41868721 0.3841465  0.18777154 0.00939475],0.003965485425111008
236,GUNRESPKIDSG_W26,INCOME,"$30,000-$50,000",[0.45173829 0.42478765 0.10124146 0.0222326 ],0.007330816380916284
237,GUNRESPKIDSG_W26,INCOME,"$50,000-$75,000",[0.47865346 0.35511206 0.11332346 0.05291102],0.006202036763863926
238,GUNRESPKIDSG_W26,INCOME,"$75,000-$100,000",[0.4019949  0.44532467 0.14165323 0.01102719],0.0016859997393311266
239,GUNRESPKIDSG_W26,INCOME,"Less than $30,000",[0.52245755 0.32664307 0.11825057 0.03264881],0.012111605163495857
240,WORRYE_W26,INCOME,"$100,000 or more",[0.03761801 0.53359056 0.42879143],0.0
241,WORRYE_W26,INCOME,"$30,000-$50,000",[0.14655801 0.58763457 0.26580742],0.0
242,WORRYE_W26,INCOME,"$50,000-$75,000",[0.09523469 0.51855497 0.38621035],0.002207471100263912
243,WORRYE_W26,INCOME,"$75,000-$100,000",[0.07866814 0.48843564 0.43289622],0.00044841344492417437
244,WORRYE_W26,INCOME,"Less than $30,000",[0.17566302 0.55346637 0.27087062],0.0019074232311638976
245,GUNSAFE_W26,INCOME,"$100,000 or more",[0.63138072 0.01351372 0.35510557],0.008402361039332373
246,GUNSAFE_W26,INCOME,"$30,000-$50,000",[0.73476821 0.03518392 0.23004786],0.0
247,GUNSAFE_W26,INCOME,"$50,000-$75,000",[0.66367102 0.03019663 0.30613235],0.0030945147004578085
248,GUNSAFE_W26,INCOME,"$75,000-$100,000",[0.64940835 0.0307216  0.31987004],0.0
249,GUNSAFE_W26,INCOME,"Less than $30,000",[0.72115665 0.05251707 0.22632628],0.0
250,GUNCONTRIBA_W26,INCOME,"$100,000 or more",[0.32657055 0.23497791 0.28711231 0.15133923],0.0028597567127451175
251,GUNCONTRIBA_W26,INCOME,"$30,000-$50,000",[0.29079404 0.28030453 0.30326306 0.12563838],0.003259648499696047
252,GUNCONTRIBA_W26,INCOME,"$50,000-$75,000",[0.33298442 0.24290157 0.28569809 0.13841593],0.0037220170144986933
253,GUNCONTRIBA_W26,INCOME,"$75,000-$100,000",[0.31214995 0.27941452 0.26831639 0.14011913],0.0
254,GUNCONTRIBA_W26,INCOME,"Less than $30,000",[0.28228543 0.34754288 0.24578906 0.12438264],0.010987724506751817
255,GUNACTIVITYA_W26,INCOME,"$100,000 or more",[0.02288692 0.10362638 0.16212615 0.71136056],0.001672422797874651
256,GUNACTIVITYA_W26,INCOME,"$30,000-$50,000",[0.03322135 0.13831805 0.2140383  0.6144223 ],0.0026340266477755756
257,GUNACTIVITYA_W26,INCOME,"$50,000-$75,000",[0.03580575 0.11592169 0.14641021 0.70186235],0.0026732530390849688
258,GUNACTIVITYA_W26,INCOME,"$75,000-$100,000",[0.03352267 0.12849866 0.1731089  0.66486977],0.0
259,GUNACTIVITYA_W26,INCOME,"Less than $30,000",[0.02428602 0.12169777 0.13852225 0.71549396],0.005460106077089174
260,GUNRESPNOKIDSD_W26,INCOME,"$100,000 or more",[0.16102736 0.25103784 0.40176065 0.18617415],0.004209676355778786
261,GUNRESPNOKIDSD_W26,INCOME,"$30,000-$50,000",[0.18761449 0.12916884 0.42719244 0.25602423],0.003527517468587875
262,GUNRESPNOKIDSD_W26,INCOME,"$50,000-$75,000",[0.17048811 0.12860161 0.52260162 0.17830866],0.006496650553163323
263,GUNRESPNOKIDSD_W26,INCOME,"$75,000-$100,000",[0.09422301 0.27968342 0.47507253 0.15102104],0.0
264,GUNRESPNOKIDSD_W26,INCOME,"Less than $30,000",[0.20519954 0.26851649 0.38317249 0.14311148],0.0006153680390190351
265,GROWUPGUN7_W26,INCOME,"$100,000 or more",[0.16463577 0.22459574 0.24659584 0.36417266],0.0
266,GROWUPGUN7_W26,INCOME,"$30,000-$50,000",[0.19000227 0.23594216 0.23857305 0.33548252],0.010496969495083613
267,GROWUPGUN7_W26,INCOME,"$50,000-$75,000",[0.16865652 0.24728076 0.19357686 0.39048586],0.004148142046235558
268,GROWUPGUN7_W26,INCOME,"$75,000-$100,000",[0.15733068 0.23572427 0.25822291 0.34872214],0.0011713250919259325
269,GROWUPGUN7_W26,INCOME,"Less than $30,000",[0.13108483 0.21026987 0.20093756 0.45770774],0.001625814841751211
270,GUNRESPNOKIDSE_W26,INCOME,"$100,000 or more",[0.51533147 0.22686743 0.20734034 0.05046076],0.0023452470080265442
271,GUNRESPNOKIDSE_W26,INCOME,"$30,000-$50,000",[0.49064012 0.21854814 0.17468773 0.11612401],0.004976720864908049
272,GUNRESPNOKIDSE_W26,INCOME,"$50,000-$75,000",[0.56333493 0.17946796 0.21118035 0.04601676],0.009648137892994792
273,GUNRESPNOKIDSE_W26,INCOME,"$75,000-$100,000",[0.50351343 0.27771538 0.17110718 0.047664  ],0.006566185804607851
274,GUNRESPNOKIDSE_W26,INCOME,"Less than $30,000",[0.47085629 0.19138908 0.18217443 0.1555802 ],0.01950382559139319
275,SAFECRIME_W26,INCOME,"$100,000 or more",[0.3579178  0.5248448  0.1114583  0.00577909],0.0006277066993490317
276,SAFECRIME_W26,INCOME,"$30,000-$50,000",[0.18840772 0.60719048 0.12462829 0.07977352],0.007006227355244354
277,SAFECRIME_W26,INCOME,"$50,000-$75,000",[0.28367874 0.55615064 0.14633965 0.01383097],0.0
278,SAFECRIME_W26,INCOME,"$75,000-$100,000",[0.29331847 0.57035421 0.12109045 0.01523687],0.0009747622716494884
279,SAFECRIME_W26,INCOME,"Less than $30,000",[0.13608984 0.57075315 0.21753677 0.07562025],0.00863474815796092
280,GUNTYPEOWNC_W26,INCOME,"$100,000 or more",[0.53882025 0.14286788 0.31831186],0.030572702674905815
281,GUNTYPEOWNC_W26,INCOME,"$30,000-$50,000",[0.43211128 0.23598118 0.33190754],0.014669584757832583
282,GUNTYPEOWNC_W26,INCOME,"$50,000-$75,000",[0.50416529 0.13068685 0.36514786],0.014986580522817058
283,GUNTYPEOWNC_W26,INCOME,"$75,000-$100,000",[0.48445657 0.1236286  0.39191483],0.025423184428287397
284,GUNTYPEOWNC_W26,INCOME,"Less than $30,000",[0.27951061 0.28717348 0.43331591],0.012119522934306882
285,EVEROWN_W26,INCOME,"$100,000 or more",[0.0891839 0.9108161],0.011004270150879817
286,EVEROWN_W26,INCOME,"$30,000-$50,000",[0.16598134 0.83401866],0.00596099487827186
287,EVEROWN_W26,INCOME,"$50,000-$75,000",[0.15149332 0.84850668],0.03309730026836613
288,EVEROWN_W26,INCOME,"$75,000-$100,000",[0.12081221 0.87918779],0.014012704452955837
289,EVEROWN_W26,INCOME,"Less than $30,000",[0.17562677 0.82437323],0.009509798533243607
290,GUNCOMMUNITY_W26,INCOME,"$100,000 or more",[0.57096304 0.42903696],0.015557268325849416
291,GUNCOMMUNITY_W26,INCOME,"$30,000-$50,000",[0.69665942 0.30334058],0.007383948912126369
292,GUNCOMMUNITY_W26,INCOME,"$50,000-$75,000",[0.63480492 0.36519508],0.01999222481110039
293,GUNCOMMUNITY_W26,INCOME,"$75,000-$100,000",[0.68481986 0.31518014],0.012064449021485785
294,GUNCOMMUNITY_W26,INCOME,"Less than $30,000",[0.58694701 0.41305299],0.023617879181169907
295,GUNSOCIETY_W26,INCOME,"$100,000 or more",[0.36170251 0.63829749],0.012850756368628884
296,GUNSOCIETY_W26,INCOME,"$30,000-$50,000",[0.42784492 0.57215508],0.007616669617960945
297,GUNSOCIETY_W26,INCOME,"$50,000-$75,000",[0.42749129 0.57250871],0.02178843715407783
298,GUNSOCIETY_W26,INCOME,"$75,000-$100,000",[0.40428092 0.59571908],0.010017237229240146
299,GUNSOCIETY_W26,INCOME,"Less than $30,000",[0.40313012 0.59686988],0.013109310571333506
300,GROWUPGUN1_W26,INCOME,"$100,000 or more",[0.48006729 0.46772913 0.05220358],0.0019988476938435783
301,GROWUPGUN1_W26,INCOME,"$30,000-$50,000",[0.54518217 0.37464784 0.08016999],0.0008666119734607053
302,GROWUPGUN1_W26,INCOME,"$50,000-$75,000",[0.49115208 0.43311691 0.07573101],0.00571681383554026
303,GROWUPGUN1_W26,INCOME,"$75,000-$100,000",[0.51310281 0.4267451  0.06015209],0.0010419943433252641
304,GROWUPGUN1_W26,INCOME,"Less than $30,000",[0.45101327 0.41826034 0.13072639],0.0015840079971976293
305,GUNTHREAT_W26,INCOME,"$100,000 or more",[0.19213685 0.80786315],0.0004144725097864105
306,GUNTHREAT_W26,INCOME,"$30,000-$50,000",[0.20209583 0.79790417],0.014196125809280093
307,GUNTHREAT_W26,INCOME,"$50,000-$75,000",[0.22103559 0.77896441],0.0039434945037349995
308,GUNTHREAT_W26,INCOME,"$75,000-$100,000",[0.19583082 0.80416918],0.0
309,GUNTHREAT_W26,INCOME,"Less than $30,000",[0.27236953 0.72763047],0.0013318222115183721
310,GROWUPGUN4_W26,INCOME,"$100,000 or more",[0.20957655 0.43634677 0.35407668 0.        ],0.0025149922618199205
311,GROWUPGUN4_W26,INCOME,"$30,000-$50,000",[0.25500577 0.45597863 0.2890156  0.        ],0.004267502894490722
312,GROWUPGUN4_W26,INCOME,"$50,000-$75,000",[0.21724205 0.49839193 0.28436602 0.        ],0.00828910328191614
313,GROWUPGUN4_W26,INCOME,"$75,000-$100,000",[0.28203751 0.41403664 0.30392586 0.        ],0.011356818181779117
314,GROWUPGUN4_W26,INCOME,"Less than $30,000",[0.21422119 0.43999715 0.34578166 0.        ],0.012939540946383738
315,GUNACTIVITYD_W26,INCOME,"$100,000 or more",[0.00140155 0.03252808 0.1258473  0.84022307],0.0009027078681307696
316,GUNACTIVITYD_W26,INCOME,"$30,000-$50,000",[0.01044313 0.03682806 0.11195983 0.84076898],0.004832123364106679
317,GUNACTIVITYD_W26,INCOME,"$50,000-$75,000",[0.00519498 0.03044406 0.10814139 0.85621958],0.006144073778158567
318,GUNACTIVITYD_W26,INCOME,"$75,000-$100,000",[0.01168201 0.02461231 0.13505557 0.82865011],0.0
319,GUNACTIVITYD_W26,INCOME,"Less than $30,000",[0.01012618 0.05407275 0.15012873 0.78567234],0.002388135461638598
320,GUN1_W26,INCOME,"$100,000 or more",[0.30959539 0.69040461],0.009093303956140745
321,GUN1_W26,INCOME,"$30,000-$50,000",[0.33201073 0.66798927],0.01336052051757362
322,GUN1_W26,INCOME,"$50,000-$75,000",[0.3032692 0.6967308],0.008909560175241448
323,GUN1_W26,INCOME,"$75,000-$100,000",[0.32746882 0.67253118],0.01014489273007405
324,GUN1_W26,INCOME,"Less than $30,000",[0.22271455 0.77728545],0.013348599532230119
325,GUNSAFETYKIDS_W26,INCOME,"$100,000 or more",[0.60586674 0.39413326 0.        ],0.0
326,GUNSAFETYKIDS_W26,INCOME,"$30,000-$50,000",[0.57348251 0.42409457 0.00242292],0.0
327,GUNSAFETYKIDS_W26,INCOME,"$50,000-$75,000",[0.57093021 0.42718346 0.00188633],0.0
328,GUNSAFETYKIDS_W26,INCOME,"$75,000-$100,000",[0.63483671 0.33517958 0.02998371],0.0
329,GUNSAFETYKIDS_W26,INCOME,"Less than $30,000",[0.58477122 0.40947064 0.00575814],0.0
330,GUNACTIVITYC_W26,INCOME,"$100,000 or more",[0.0041058 0.0321564 0.0960452 0.8676926],0.0030090016036375105
331,GUNACTIVITYC_W26,INCOME,"$30,000-$50,000",[0.01337664 0.05619806 0.13272808 0.79769722],0.0019706806471461316
332,GUNACTIVITYC_W26,INCOME,"$50,000-$75,000",[0.01299989 0.04560169 0.10705068 0.83434774],0.003006404004989964
333,GUNACTIVITYC_W26,INCOME,"$75,000-$100,000",[0.01131561 0.04115028 0.11050342 0.8370307 ],0.0
334,GUNACTIVITYC_W26,INCOME,"Less than $30,000",[0.01859644 0.08103173 0.15063436 0.74973746],0.0059641954462249635
335,EVERSHOT_W26,INCOME,"$100,000 or more",[0.78087028 0.21912972],0.0005314858539524793
336,EVERSHOT_W26,INCOME,"$30,000-$50,000",[0.7323806 0.2676194],0.0023411330604780683
337,EVERSHOT_W26,INCOME,"$50,000-$75,000",[0.76524976 0.23475024],0.005009008569763612
338,EVERSHOT_W26,INCOME,"$75,000-$100,000",[0.78896784 0.21103216],0.001612287878235559
339,EVERSHOT_W26,INCOME,"Less than $30,000",[0.66667164 0.33332836],0.0005051705449513445
340,GUNACCESS_W26,INCOME,"$100,000 or more",[0.4495786  0.14994506 0.08815966 0.31231669],0.01631354242655991
341,GUNACCESS_W26,INCOME,"$30,000-$50,000",[0.48585436 0.20127401 0.0679811  0.24489053],0.0014502854324783296
342,GUNACCESS_W26,INCOME,"$50,000-$75,000",[0.34324873 0.14842613 0.0869931  0.42133204],0.0
343,GUNACCESS_W26,INCOME,"$75,000-$100,000",[0.37140994 0.18804949 0.13352685 0.30701372],0.0
344,GUNACCESS_W26,INCOME,"Less than $30,000",[0.31120517 0.1689557  0.21875766 0.30108146],0.00044867381556806314
345,GUNLOADED2_W26,INCOME,"$100,000 or more",[0.26865413 0.73134587],0.0
346,GUNLOADED2_W26,INCOME,"$30,000-$50,000",[0.4522021 0.5477979],0.0
347,GUNLOADED2_W26,INCOME,"$50,000-$75,000",[0.15658833 0.84341167],0.0
348,GUNLOADED2_W26,INCOME,"$75,000-$100,000",[0.24165326 0.75834674],0.0
349,GUNLOADED2_W26,INCOME,"Less than $30,000",[0.40875183 0.59124817],0.017288439594160678
350,GUNIDENTITY_W26,INCOME,"$100,000 or more",[0.2560606  0.19343698 0.33240635 0.21809607],0.0
351,GUNIDENTITY_W26,INCOME,"$30,000-$50,000",[0.26042997 0.29509264 0.27314758 0.17132981],0.025948397498924875
352,GUNIDENTITY_W26,INCOME,"$50,000-$75,000",[0.23504132 0.23376214 0.27959794 0.25159861],0.0
353,GUNIDENTITY_W26,INCOME,"$75,000-$100,000",[0.17496597 0.24622262 0.30381824 0.27499317],0.0
354,GUNIDENTITY_W26,INCOME,"Less than $30,000",[0.27941154 0.22667923 0.34529244 0.14861679],0.0
355,WORRYB_W26,INCOME,"$100,000 or more",[0.07486106 0.40188815 0.52325079],0.0
356,WORRYB_W26,INCOME,"$30,000-$50,000",[0.16564427 0.43869866 0.39565707],0.0025636884499991917
357,WORRYB_W26,INCOME,"$50,000-$75,000",[0.08078019 0.45995205 0.45926777],0.0019235013747506133
358,WORRYB_W26,INCOME,"$75,000-$100,000",[0.09109094 0.4231738  0.48573527],0.0
359,WORRYB_W26,INCOME,"Less than $30,000",[0.24142035 0.41801536 0.34056429],0.0002919030421764832
360,WORRYF_W26,INCOME,"$100,000 or more",[0.0327622  0.29726264 0.66997516],0.0009310531900721517
361,WORRYF_W26,INCOME,"$30,000-$50,000",[0.15476078 0.41576889 0.42947033],0.0003337956385170076
362,WORRYF_W26,INCOME,"$50,000-$75,000",[0.06562464 0.33477115 0.59960421],0.0024759279876605954
363,WORRYF_W26,INCOME,"$75,000-$100,000",[0.07117178 0.37883732 0.5499909 ],0.0
364,WORRYF_W26,INCOME,"Less than $30,000",[0.16360136 0.39757194 0.4388267 ],0.0019074232311638976
365,WORRYG_W26,INCOME,"$100,000 or more",[0.18976948 0.63207378 0.17815674],0.002199581181303787
366,WORRYG_W26,INCOME,"$30,000-$50,000",[0.32061067 0.49167974 0.18770959],0.0007767337351838088
367,WORRYG_W26,INCOME,"$50,000-$75,000",[0.21248261 0.61944967 0.16806772],0.0011104601373830454
368,WORRYG_W26,INCOME,"$75,000-$100,000",[0.2694895  0.52063136 0.20987915],0.0001824029137402148
369,WORRYG_W26,INCOME,"Less than $30,000",[0.35728716 0.48585993 0.15685291],0.002652732174019968
370,GUNCONTRIBD_W26,INCOME,"$100,000 or more",[0.22653937 0.43572117 0.28954677 0.0481927 ],0.00045744237557007576
371,GUNCONTRIBD_W26,INCOME,"$30,000-$50,000",[0.19525472 0.45392543 0.27462502 0.07619483],0.0035087551080603607
372,GUNCONTRIBD_W26,INCOME,"$50,000-$75,000",[0.26715001 0.44318239 0.23722096 0.05244664],0.01194373864066019
373,GUNCONTRIBD_W26,INCOME,"$75,000-$100,000",[0.2885741  0.34780087 0.25448664 0.1091384 ],0.0
374,GUNCONTRIBD_W26,INCOME,"Less than $30,000",[0.25181955 0.42082748 0.22698124 0.10037174],0.010300434824925125
375,CRIMEVICTIM_W26,INCOME,"$100,000 or more",[0.1570827 0.8429173],0.00277152768192775
376,CRIMEVICTIM_W26,INCOME,"$30,000-$50,000",[0.24503343 0.75496657],0.002694540597589602
377,CRIMEVICTIM_W26,INCOME,"$50,000-$75,000",[0.17558473 0.82441527],0.0031435028088946607
378,CRIMEVICTIM_W26,INCOME,"$75,000-$100,000",[0.15347645 0.84652355],0.007094358611645311
379,CRIMEVICTIM_W26,INCOME,"Less than $30,000",[0.23548032 0.76451968],0.002747567998547173
380,REASONGUND_W26,INCOME,"$100,000 or more",[0.16968223 0.24994076 0.58037701],0.011524504327939262
381,REASONGUND_W26,INCOME,"$30,000-$50,000",[0.14145148 0.26933933 0.58920919],0.0
382,REASONGUND_W26,INCOME,"$50,000-$75,000",[0.08946071 0.24881481 0.66172448],0.004487550894981467
383,REASONGUND_W26,INCOME,"$75,000-$100,000",[0.07367782 0.25326892 0.67305326],0.002401701231149067
384,REASONGUND_W26,INCOME,"Less than $30,000",[0.14375356 0.38273541 0.47351103],0.003928972082544422
385,REASONGUNA_W26,INCOME,"$100,000 or more",[0.63120121 0.26495682 0.10384197],0.00988027527358315
386,REASONGUNA_W26,INCOME,"$30,000-$50,000",[0.73093615 0.17606992 0.09299393],0.0
387,REASONGUNA_W26,INCOME,"$50,000-$75,000",[0.61515189 0.3091806  0.07566752],0.0
388,REASONGUNA_W26,INCOME,"$75,000-$100,000",[0.67635494 0.23546933 0.08817574],0.0
389,REASONGUNA_W26,INCOME,"Less than $30,000",[0.72822546 0.23212658 0.03964796],0.0
0,IMPREASONGUN_W26,POLIDEOLOGY,Conservative,[0.50657642 0.36716868 0.08779986 0.01257578 0.02587925],0.007693981567941159
1,IMPREASONGUN_W26,POLIDEOLOGY,Liberal,[0.44767226 0.27556551 0.16179168 0.00656116 0.10840939],0.0
2,IMPREASONGUN_W26,POLIDEOLOGY,Moderate,[0.54249171 0.23120718 0.14785341 0.05256845 0.02587925],0.0
3,IMPREASONGUN_W26,POLIDEOLOGY,Very conservative,[0.40820416 0.35205828 0.09465342 0.10129252 0.04379162],0.00232675535579594
4,IMPREASONGUN_W26,POLIDEOLOGY,Very liberal,[0.60542489 0.15961298 0.09649014 0.02605673 0.11241526],0.0
5,GUNLOCKED2_W26,POLIDEOLOGY,Conservative,[0.37888301 0.62111699],0.0
6,GUNLOCKED2_W26,POLIDEOLOGY,Liberal,[0.48024568 0.51975432],0.0
7,GUNLOCKED2_W26,POLIDEOLOGY,Moderate,[0.41630946 0.58369054],0.0
8,GUNLOCKED2_W26,POLIDEOLOGY,Very conservative,[0.35434138 0.64565862],0.0
9,GUNLOCKED2_W26,POLIDEOLOGY,Very liberal,[0.67962926 0.32037074],0.0
10,GUNRESPNOKIDSA_W26,POLIDEOLOGY,Conservative,[0.50637709 0.3274006  0.14302019 0.02320212],0.002628209762170909
11,GUNRESPNOKIDSA_W26,POLIDEOLOGY,Liberal,[0.64453517 0.25180262 0.09997026 0.00369195],0.0015986078803985249
12,GUNRESPNOKIDSA_W26,POLIDEOLOGY,Moderate,[0.60892706 0.27383751 0.09628099 0.02095444],0.011012811574983187
13,GUNRESPNOKIDSA_W26,POLIDEOLOGY,Very conservative,[0.46737283 0.2656003  0.1762926  0.09073427],0.003362325840915969
14,GUNRESPNOKIDSA_W26,POLIDEOLOGY,Very liberal,[0.67227277 0.13753524 0.11983646 0.07035554],0.0
15,GUNASSOCIATIONA_W26,POLIDEOLOGY,Conservative,[0.09033948 0.90966052],0.0030320630581665577
16,GUNASSOCIATIONA_W26,POLIDEOLOGY,Liberal,[0.1231994 0.8768006],0.0
17,GUNASSOCIATIONA_W26,POLIDEOLOGY,Moderate,[0.12214287 0.87785713],0.0
18,GUNASSOCIATIONA_W26,POLIDEOLOGY,Very conservative,[0.19547007 0.80452993],0.0
19,GUNASSOCIATIONA_W26,POLIDEOLOGY,Very liberal,[0.0071263 0.9928737],0.0
20,GUNACTIVITYB_W26,POLIDEOLOGY,Conservative,[0.08328218 0.26042392 0.23188771 0.4244062 ],0.009229207110902604
21,GUNACTIVITYB_W26,POLIDEOLOGY,Liberal,[0.03339229 0.19933142 0.27184026 0.49543603],0.0014495842260111615
22,GUNACTIVITYB_W26,POLIDEOLOGY,Moderate,[0.04405823 0.23083526 0.27095287 0.45415365],0.002294280431802759
23,GUNACTIVITYB_W26,POLIDEOLOGY,Very conservative,[0.07887819 0.30450498 0.20436028 0.41225655],0.0059838626592716255
24,GUNACTIVITYB_W26,POLIDEOLOGY,Very liberal,[0.05175666 0.09303903 0.16418327 0.69102104],0.0022286860708059042
25,GUNSAFE2_W26,POLIDEOLOGY,Conservative,[0.43341156 0.08575268 0.48083577],0.0012391119471829167
26,GUNSAFE2_W26,POLIDEOLOGY,Liberal,[0.19187347 0.2673932  0.54073332],0.0014133187188639545
27,GUNSAFE2_W26,POLIDEOLOGY,Moderate,[0.28589078 0.16560081 0.54850841],0.0004554348465737829
28,GUNSAFE2_W26,POLIDEOLOGY,Very conservative,[0.44831009 0.1120043  0.4396856 ],0.00955951924650946
29,GUNSAFE2_W26,POLIDEOLOGY,Very liberal,[0.12292887 0.42935218 0.44771895],0.0
30,GUN_W26,POLIDEOLOGY,Conservative,[0.37907375 0.62092625],0.019860201239279087
31,GUN_W26,POLIDEOLOGY,Liberal,[0.20064191 0.79935809],0.0035486178104178544
32,GUN_W26,POLIDEOLOGY,Moderate,[0.30741481 0.69258519],0.0032467006501632123
33,GUN_W26,POLIDEOLOGY,Very conservative,[0.4545777 0.5454223],0.01613373629666462
34,GUN_W26,POLIDEOLOGY,Very liberal,[0.18032993 0.81967007],0.001446143196982121
35,GUNRESPKIDSF_W26,POLIDEOLOGY,Conservative,[0.57701236 0.31089973 0.07063593 0.04145198],0.0045036170735127485
36,GUNRESPKIDSF_W26,POLIDEOLOGY,Liberal,[0.73943816 0.20460837 0.05284575 0.00310772],0.0020557235603648506
37,GUNRESPKIDSF_W26,POLIDEOLOGY,Moderate,[0.60382292 0.27907807 0.08055826 0.03654075],0.004376867244677201
38,GUNRESPKIDSF_W26,POLIDEOLOGY,Very conservative,[0.49515756 0.279788   0.17253211 0.05252234],0.023969569309750832
39,GUNRESPKIDSF_W26,POLIDEOLOGY,Very liberal,[0.77688923 0.17856978 0.03996483 0.00457616],0.0013991170381743568
40,WORRYA_W26,POLIDEOLOGY,Conservative,[0.24311866 0.49324927 0.26363208],0.0003255319814244429
41,WORRYA_W26,POLIDEOLOGY,Liberal,[0.1513673  0.56611561 0.28251709],0.0
42,WORRYA_W26,POLIDEOLOGY,Moderate,[0.20140371 0.55383105 0.24476524],0.0005599278529619106
43,WORRYA_W26,POLIDEOLOGY,Very conservative,[0.23319983 0.53251126 0.23428892],0.0
44,WORRYA_W26,POLIDEOLOGY,Very liberal,[0.12139765 0.54675333 0.33184903],0.0006368621405420823
45,GUNCONTRIBC_W26,POLIDEOLOGY,Conservative,[0.31468259 0.24691102 0.32656765 0.11183874],0.002522901199212805
46,GUNCONTRIBC_W26,POLIDEOLOGY,Liberal,[0.21222546 0.32241401 0.37543579 0.08992473],0.003415319477949414
47,GUNCONTRIBC_W26,POLIDEOLOGY,Moderate,[0.24666601 0.32516693 0.35659947 0.07156759],0.010980789756373949
48,GUNCONTRIBC_W26,POLIDEOLOGY,Very conservative,[0.31053944 0.2975098  0.26530569 0.12664507],0.0
49,GUNCONTRIBC_W26,POLIDEOLOGY,Very liberal,[0.17765031 0.33174714 0.37410937 0.11649319],0.0
50,WORRYD_W26,POLIDEOLOGY,Conservative,[0.25504841 0.46049619 0.28445541],0.0054358267685698704
51,WORRYD_W26,POLIDEOLOGY,Liberal,[0.35054566 0.40191228 0.24754206],0.0032116169179869257
52,WORRYD_W26,POLIDEOLOGY,Moderate,[0.40116263 0.40568054 0.19315683],0.002152971222638672
53,WORRYD_W26,POLIDEOLOGY,Very conservative,[0.22738245 0.38996413 0.38265343],0.007022686934903255
54,WORRYD_W26,POLIDEOLOGY,Very liberal,[0.38807415 0.26256213 0.34936372],0.0
55,NOCARRYGUN_W26,POLIDEOLOGY,Conservative,[0.5373075 0.4626925],0.0
56,NOCARRYGUN_W26,POLIDEOLOGY,Liberal,[0.70456278 0.29543722],0.0
57,NOCARRYGUN_W26,POLIDEOLOGY,Moderate,[0.61146095 0.38853905],0.0
58,NOCARRYGUN_W26,POLIDEOLOGY,Very conservative,[0.61074271 0.38925729],0.0
59,NOCARRYGUN_W26,POLIDEOLOGY,Very liberal,[0.86178955 0.13821045],0.0
60,GUNACTIVITYE_W26,POLIDEOLOGY,Conservative,[0.01601347 0.11584491 0.15374282 0.7143988 ],0.0014469611830487004
61,GUNACTIVITYE_W26,POLIDEOLOGY,Liberal,[0.0085012  0.04962451 0.13975762 0.80211667],0.003876201171560888
62,GUNACTIVITYE_W26,POLIDEOLOGY,Moderate,[0.00993223 0.07613965 0.1485744  0.76535372],0.0028164617411864934
63,GUNACTIVITYE_W26,POLIDEOLOGY,Very conservative,[0.04068582 0.14797363 0.17556123 0.63577932],0.0034908767950316087
64,GUNACTIVITYE_W26,POLIDEOLOGY,Very liberal,[0.         0.05604243 0.06474235 0.87921522],0.00024322660862823253
65,GUNRESPKIDSA_W26,POLIDEOLOGY,Conservative,[0.79504876 0.17382699 0.02028689 0.01083737],0.00968851113317297
66,GUNRESPKIDSA_W26,POLIDEOLOGY,Liberal,[0.87756932 0.10579829 0.0153847  0.00124768],0.0014035505474103808
67,GUNRESPKIDSA_W26,POLIDEOLOGY,Moderate,[0.82757403 0.14436457 0.02563143 0.00242996],0.0021751475601242227
68,GUNRESPKIDSA_W26,POLIDEOLOGY,Very conservative,[0.66425705 0.26710253 0.05619266 0.01244776],0.01065166708763424
69,GUNRESPKIDSA_W26,POLIDEOLOGY,Very liberal,[0.88646019 0.10530734 0.00823247 0.        ],0.0
70,GUNLOADED1_W26,POLIDEOLOGY,Conservative,[0.1406174  0.40770372 0.45167888],0.010956156625937812
71,GUNLOADED1_W26,POLIDEOLOGY,Liberal,[0.11925429 0.34270136 0.53804436],0.012690662733643474
72,GUNLOADED1_W26,POLIDEOLOGY,Moderate,[0.14262818 0.37604845 0.48132337],0.013465084386367789
73,GUNLOADED1_W26,POLIDEOLOGY,Very conservative,[0.12862229 0.49199486 0.37938285],0.024586286132819723
74,GUNLOADED1_W26,POLIDEOLOGY,Very liberal,[0.28350484 0.16252728 0.55396788],0.006967008295451896
75,GUNLOCKED1_W26,POLIDEOLOGY,Conservative,[0.40594138 0.28981354 0.30424508],0.0123628762834602
76,GUNLOCKED1_W26,POLIDEOLOGY,Liberal,[0.44889139 0.25420362 0.29690499],0.01994477788154526
77,GUNLOCKED1_W26,POLIDEOLOGY,Moderate,[0.42308112 0.24882635 0.32809252],0.0031173528955175988
78,GUNLOCKED1_W26,POLIDEOLOGY,Very conservative,[0.41334564 0.32632712 0.26032724],0.024586286132819723
79,GUNLOCKED1_W26,POLIDEOLOGY,Very liberal,[0.43314602 0.19263362 0.37422036],0.0
80,GROWUPGUN2B_W26,POLIDEOLOGY,Conservative,[0.68543401 0.31456599],0.008348135602947733
81,GROWUPGUN2B_W26,POLIDEOLOGY,Liberal,[0.61691171 0.38308829],0.0021577436312477534
82,GROWUPGUN2B_W26,POLIDEOLOGY,Moderate,[0.69966955 0.30033045],0.0015742970889530473
83,GROWUPGUN2B_W26,POLIDEOLOGY,Very conservative,[0.62258287 0.37741713],0.0
84,GROWUPGUN2B_W26,POLIDEOLOGY,Very liberal,[0.57439727 0.42560273],0.0
85,GUNCONTRIBB_W26,POLIDEOLOGY,Conservative,[0.5113905  0.33151082 0.07964051 0.07745817],0.0015991567439897062
86,GUNCONTRIBB_W26,POLIDEOLOGY,Liberal,[0.53032385 0.35683138 0.0999144  0.01293037],0.0012575795182798995
87,GUNCONTRIBB_W26,POLIDEOLOGY,Moderate,[0.55165841 0.33525692 0.08163085 0.03145382],0.00792807270623244
88,GUNCONTRIBB_W26,POLIDEOLOGY,Very conservative,[0.47524569 0.2943063  0.09768775 0.13276026],0.004855220139219927
89,GUNCONTRIBB_W26,POLIDEOLOGY,Very liberal,[0.54891655 0.31295625 0.09069897 0.04742823],0.003628868749745807
90,GROWUPGUN6_W26,POLIDEOLOGY,Conservative,[0.0808527  0.19222125 0.23407085 0.49285519],0.0013796041939288246
91,GROWUPGUN6_W26,POLIDEOLOGY,Liberal,[0.03001465 0.15008736 0.26239014 0.55750784],0.0018930510485903173
92,GROWUPGUN6_W26,POLIDEOLOGY,Moderate,[0.06860118 0.20157678 0.23934065 0.49048139],0.004984417817499306
93,GROWUPGUN6_W26,POLIDEOLOGY,Very conservative,[0.06299973 0.25717816 0.2374325  0.44238962],0.004105332676511683
94,GROWUPGUN6_W26,POLIDEOLOGY,Very liberal,[0.03545465 0.2063912  0.20903733 0.54911681],0.0
95,CARRYGUN_W26,POLIDEOLOGY,Conservative,[0.1242645  0.18702223 0.331496   0.35721727],0.0014851133759478821
96,CARRYGUN_W26,POLIDEOLOGY,Liberal,[0.08661634 0.05890518 0.3920994  0.46237908],0.0
97,CARRYGUN_W26,POLIDEOLOGY,Moderate,[0.12171797 0.13174514 0.25827424 0.48826265],0.0
98,CARRYGUN_W26,POLIDEOLOGY,Very conservative,[0.11762533 0.21126646 0.38072296 0.29038525],0.006872874896808988
99,CARRYGUN_W26,POLIDEOLOGY,Very liberal,[0.21289608 0.11356037 0.24016017 0.43338339],0.0
100,GUNCOURSES_W26,POLIDEOLOGY,Conservative,[0.42424197 0.57575803],0.004177101401636419
101,GUNCOURSES_W26,POLIDEOLOGY,Liberal,[0.27700468 0.72299532],0.0019375519841575701
102,GUNCOURSES_W26,POLIDEOLOGY,Moderate,[0.32607637 0.67392363],0.0029928464737508497
103,GUNCOURSES_W26,POLIDEOLOGY,Very conservative,[0.53282135 0.46717865],0.0052386176090518394
104,GUNCOURSES_W26,POLIDEOLOGY,Very liberal,[0.21231294 0.78768706],0.0
105,GUNFRIEND_W26,POLIDEOLOGY,Conservative,[0.33195321 0.43997936 0.22806743 0.        ],0.005853769554311882
106,GUNFRIEND_W26,POLIDEOLOGY,Liberal,[0.1571804  0.44395476 0.39886484 0.        ],0.0017763036327150949
107,GUNFRIEND_W26,POLIDEOLOGY,Moderate,[0.24124703 0.46203254 0.29672043 0.        ],0.0012833778839750935
108,GUNFRIEND_W26,POLIDEOLOGY,Very conservative,[0.40835034 0.38164639 0.21000327 0.        ],0.0074932739830170444
109,GUNFRIEND_W26,POLIDEOLOGY,Very liberal,[0.08953163 0.46482938 0.44563899 0.        ],0.0027523155475090077
110,GUNRESPKIDSB_W26,POLIDEOLOGY,Conservative,[0.56080454 0.28757621 0.0845202  0.06709905],0.008570159528495705
111,GUNRESPKIDSB_W26,POLIDEOLOGY,Liberal,[0.81118454 0.14339447 0.02213315 0.02328784],0.0
112,GUNRESPKIDSB_W26,POLIDEOLOGY,Moderate,[0.62498899 0.26420196 0.07362239 0.03718666],0.001887356280812295
113,GUNRESPKIDSB_W26,POLIDEOLOGY,Very conservative,[0.5215208  0.29843581 0.1529612  0.0270822 ],0.011885353959294966
114,GUNRESPKIDSB_W26,POLIDEOLOGY,Very liberal,[0.75083467 0.15844216 0.04708737 0.0436358 ],0.0028805534605861904
115,WORLDDANGER_W26,POLIDEOLOGY,Conservative,[0.04092379 0.82189665 0.13717956],0.0007951484331219083
116,WORLDDANGER_W26,POLIDEOLOGY,Liberal,[0.18170194 0.53351631 0.28478175],0.0015851993729516212
117,WORLDDANGER_W26,POLIDEOLOGY,Moderate,[0.08946396 0.69115318 0.21938287],0.01189802088890618
118,WORLDDANGER_W26,POLIDEOLOGY,Very conservative,[0.04019466 0.81828291 0.14152244],0.004993792932673015
119,WORLDDANGER_W26,POLIDEOLOGY,Very liberal,[0.1427403 0.5528205 0.3044392],0.0
120,GUNKILLF2_W26,POLIDEOLOGY,Conservative,[0.850565 0.149435],0.002992488279650347
121,GUNKILLF2_W26,POLIDEOLOGY,Liberal,[0.64508976 0.35491024],0.0014488136279366438
122,GUNKILLF2_W26,POLIDEOLOGY,Moderate,[0.74284673 0.25715327],0.0028705782611238985
123,GUNKILLF2_W26,POLIDEOLOGY,Very conservative,[0.84381127 0.15618873],0.0
124,GUNKILLF2_W26,POLIDEOLOGY,Very liberal,[0.54347486 0.45652514],0.0005254273005459641
125,GUNRESPNOKIDSB_W26,POLIDEOLOGY,Conservative,[0.36677897 0.3151015  0.16278064 0.15533889],0.01062094106451463
126,GUNRESPNOKIDSB_W26,POLIDEOLOGY,Liberal,[0.51227103 0.29915943 0.13611718 0.05245236],0.008647224387749265
127,GUNRESPNOKIDSB_W26,POLIDEOLOGY,Moderate,[0.52838337 0.28355252 0.14430558 0.04375853],0.014018461733648888
128,GUNRESPNOKIDSB_W26,POLIDEOLOGY,Very conservative,[0.33446171 0.27862321 0.1837364  0.20317868],0.008328721465386305
129,GUNRESPNOKIDSB_W26,POLIDEOLOGY,Very liberal,[0.61297852 0.1515205  0.13444106 0.10105993],0.0
130,GROWUPGUN2A_W26,POLIDEOLOGY,Conservative,[0.60346159 0.39653841],0.003809607017845762
131,GROWUPGUN2A_W26,POLIDEOLOGY,Liberal,[0.55203049 0.44796951],0.00340869464246874
132,GROWUPGUN2A_W26,POLIDEOLOGY,Moderate,[0.6231555 0.3768445],0.0007190691505317347
133,GROWUPGUN2A_W26,POLIDEOLOGY,Very conservative,[0.68022815 0.31977185],0.0061651982798765536
134,GROWUPGUN2A_W26,POLIDEOLOGY,Very liberal,[0.56959331 0.43040669],0.0
135,REASONGUNC_W26,POLIDEOLOGY,Conservative,[0.33070392 0.35027121 0.31902487],0.009688201685323932
136,REASONGUNC_W26,POLIDEOLOGY,Liberal,[0.26984287 0.45465088 0.27550625],0.0
137,REASONGUNC_W26,POLIDEOLOGY,Moderate,[0.2757014  0.37730069 0.34699792],0.0017854231676073355
138,REASONGUNC_W26,POLIDEOLOGY,Very conservative,[0.39236029 0.39188241 0.2157573 ],0.0
139,REASONGUNC_W26,POLIDEOLOGY,Very liberal,[0.24399337 0.3942537  0.36175292],0.0
140,SHOOTFREQ_W26,POLIDEOLOGY,Conservative,[0.05664837 0.22832478 0.29679421 0.41823265],0.011560468697517126
141,SHOOTFREQ_W26,POLIDEOLOGY,Liberal,[0.03417739 0.11144955 0.30214913 0.55222393],0.0005304517463516157
142,SHOOTFREQ_W26,POLIDEOLOGY,Moderate,[0.04191996 0.20462532 0.32307279 0.43038193],0.002070477074317661
143,SHOOTFREQ_W26,POLIDEOLOGY,Very conservative,[0.107268   0.31840784 0.22569713 0.34862703],0.0016864258895453123
144,SHOOTFREQ_W26,POLIDEOLOGY,Very liberal,[0.02517766 0.12511613 0.20839524 0.64131098],0.0
145,GROWUPVIOL_W26,POLIDEOLOGY,Conservative,[0.04685842 0.08559737 0.25358481 0.6139594 ],0.004587859306037863
146,GROWUPVIOL_W26,POLIDEOLOGY,Liberal,[0.035723   0.12132181 0.22354417 0.61941102],0.0020941867376822426
147,GROWUPVIOL_W26,POLIDEOLOGY,Moderate,[0.05134249 0.11494554 0.26912336 0.56458861],0.0049335947997108335
148,GROWUPVIOL_W26,POLIDEOLOGY,Very conservative,[0.05619848 0.08963611 0.22834359 0.62582182],0.003917972968214185
149,GROWUPVIOL_W26,POLIDEOLOGY,Very liberal,[0.04515919 0.1270487  0.29432818 0.53346393],0.003628868749745807
150,REASONGUNB_W26,POLIDEOLOGY,Conservative,[0.44564125 0.17788782 0.37647093],0.0061241274912376496
151,REASONGUNB_W26,POLIDEOLOGY,Liberal,[0.34291946 0.16881043 0.48827011],0.0
152,REASONGUNB_W26,POLIDEOLOGY,Moderate,[0.35941392 0.27350752 0.36707856],0.00042794267744940555
153,REASONGUNB_W26,POLIDEOLOGY,Very conservative,[0.42107683 0.20350075 0.37542242],0.0
154,REASONGUNB_W26,POLIDEOLOGY,Very liberal,[0.16329508 0.36960989 0.46709502],0.0
155,WORRYC_W26,POLIDEOLOGY,Conservative,[0.17904111 0.41425462 0.40670427],0.0027519873326955495
156,WORRYC_W26,POLIDEOLOGY,Liberal,[0.19922844 0.42187855 0.37889302],0.004790530631979078
157,WORRYC_W26,POLIDEOLOGY,Moderate,[0.19186781 0.43695919 0.371173  ],0.0005208783892207149
158,WORRYC_W26,POLIDEOLOGY,Very conservative,[0.1017996  0.53163637 0.36656404],0.003643175834432621
159,WORRYC_W26,POLIDEOLOGY,Very liberal,[0.16637699 0.41308666 0.42053635],0.0
160,MARGUN_W26,POLIDEOLOGY,Conservative,[0.91146889 0.08853111],0.008467496280855432
161,MARGUN_W26,POLIDEOLOGY,Liberal,[0.88685144 0.11314856],0.0
162,MARGUN_W26,POLIDEOLOGY,Moderate,[0.85500197 0.14499803],0.003017060554243053
163,MARGUN_W26,POLIDEOLOGY,Very conservative,[0.81488601 0.18511399],0.0
164,MARGUN_W26,POLIDEOLOGY,Very liberal,[0.9023423 0.0976577],0.0
165,NEVEROWN_W26,POLIDEOLOGY,Conservative,[0.80049499 0.19950501],0.008743471196749493
166,NEVEROWN_W26,POLIDEOLOGY,Liberal,[0.58441681 0.41558319],0.0
167,NEVEROWN_W26,POLIDEOLOGY,Moderate,[0.72679169 0.27320831],0.0024446276221479963
168,NEVEROWN_W26,POLIDEOLOGY,Very conservative,[0.84049612 0.15950388],0.0029363283913602174
169,NEVEROWN_W26,POLIDEOLOGY,Very liberal,[0.59081729 0.40918271],0.0
170,GUNRESPKIDSC_W26,POLIDEOLOGY,Conservative,[0.63948676 0.32149932 0.01520762 0.0238063 ],0.008216017651364014
171,GUNRESPKIDSC_W26,POLIDEOLOGY,Liberal,[0.81445731 0.15439405 0.02468477 0.00646387],0.0004407842533193399
172,GUNRESPKIDSC_W26,POLIDEOLOGY,Moderate,[0.73236466 0.22864619 0.03420885 0.0047803 ],0.0025413829614445104
173,GUNRESPKIDSC_W26,POLIDEOLOGY,Very conservative,[0.61718146 0.35760943 0.01082722 0.01438189],0.010100598652265137
174,GUNRESPKIDSC_W26,POLIDEOLOGY,Very liberal,[0.83563344 0.16096404 0.         0.00340252],0.0005254273005459641
175,REASONGUNE_W26,POLIDEOLOGY,Conservative,[0.06910084 0.05581379 0.87508537],0.004872260546906518
176,REASONGUNE_W26,POLIDEOLOGY,Liberal,[0.11024495 0.07698465 0.81277041],0.0021728496635957354
177,REASONGUNE_W26,POLIDEOLOGY,Moderate,[0.07105438 0.10893421 0.82001141],0.00745859497689106
178,REASONGUNE_W26,POLIDEOLOGY,Very conservative,[0.0780036  0.15169184 0.77030456],0.005251194664615064
179,REASONGUNE_W26,POLIDEOLOGY,Very liberal,[0.17635098 0.143131   0.68051802],0.0
180,GUNRESPNOKIDSG_W26,POLIDEOLOGY,Conservative,[0.46435755 0.40352739 0.12584595 0.00626911],0.0026824289430744394
181,GUNRESPNOKIDSG_W26,POLIDEOLOGY,Liberal,[0.52322621 0.36412364 0.10911991 0.00353024],0.0014559682449144368
182,GUNRESPNOKIDSG_W26,POLIDEOLOGY,Moderate,[0.48155801 0.38248152 0.11748814 0.01847233],0.01237656670739012
183,GUNRESPNOKIDSG_W26,POLIDEOLOGY,Very conservative,[0.4695622  0.36530654 0.11165353 0.05347773],0.0
184,GUNRESPNOKIDSG_W26,POLIDEOLOGY,Very liberal,[0.49957834 0.23056846 0.17093601 0.09891719],0.0054046655832876486
185,GUNCONTRIBE_W26,POLIDEOLOGY,Conservative,[0.30727604 0.36218344 0.2220967  0.10844382],0.004899379046649974
186,GUNCONTRIBE_W26,POLIDEOLOGY,Liberal,[0.19759238 0.28661477 0.34650227 0.16929058],0.007085420724903507
187,GUNCONTRIBE_W26,POLIDEOLOGY,Moderate,[0.29200584 0.33393808 0.24843131 0.12562477],0.0019497161873155147
188,GUNCONTRIBE_W26,POLIDEOLOGY,Very conservative,[0.29005159 0.31524132 0.27226873 0.12243836],0.009406260469758563
189,GUNCONTRIBE_W26,POLIDEOLOGY,Very liberal,[0.2151816  0.1817438  0.44134855 0.16172605],0.0
190,GUNKILLF1_W26,POLIDEOLOGY,Conservative,[0.88569884 0.11430116],0.0026282097621709087
191,GUNKILLF1_W26,POLIDEOLOGY,Liberal,[0.59302396 0.40697604],0.019635496644123073
192,GUNKILLF1_W26,POLIDEOLOGY,Moderate,[0.81486794 0.18513206],0.022541222676485635
193,GUNKILLF1_W26,POLIDEOLOGY,Very conservative,[0.73614531 0.26385469],0.014160308833689527
194,GUNKILLF1_W26,POLIDEOLOGY,Very liberal,[0.43807322 0.56192678],0.006266440876778407
195,GUNCONTRIBF_W26,POLIDEOLOGY,Conservative,[0.29400533 0.46808241 0.19569712 0.04221514],0.009569479252785498
196,GUNCONTRIBF_W26,POLIDEOLOGY,Liberal,[0.36605768 0.4523336  0.17513736 0.00647136],0.0029680693180499716
197,GUNCONTRIBF_W26,POLIDEOLOGY,Moderate,[0.25948188 0.46079242 0.26164159 0.01808412],0.002195841856623005
198,GUNCONTRIBF_W26,POLIDEOLOGY,Very conservative,[0.2588241  0.37995199 0.26019086 0.10103304],0.007022686934903254
199,GUNCONTRIBF_W26,POLIDEOLOGY,Very liberal,[0.35273941 0.38043072 0.21034266 0.05648721],0.001811811878412067
200,DEFENDGUN_W26,POLIDEOLOGY,Conservative,[0.07731704 0.92268296],0.004345422049548756
201,DEFENDGUN_W26,POLIDEOLOGY,Liberal,[0.04757457 0.95242543],0.0020111666236773567
202,DEFENDGUN_W26,POLIDEOLOGY,Moderate,[0.08128716 0.91871284],0.0035610583032060347
203,DEFENDGUN_W26,POLIDEOLOGY,Very conservative,[0.08041067 0.91958933],0.005020862495788538
204,DEFENDGUN_W26,POLIDEOLOGY,Very liberal,[0.06250819 0.93749181],0.001957453890921546
205,GUNRESPNOKIDSC_W26,POLIDEOLOGY,Conservative,[0.60334811 0.30085511 0.09444842 0.00134836],0.003940850752405383
206,GUNRESPNOKIDSC_W26,POLIDEOLOGY,Liberal,[0.78975191 0.16272565 0.04430901 0.00321342],0.001461136848628204
207,GUNRESPNOKIDSC_W26,POLIDEOLOGY,Moderate,[7.41790744e-01 2.13517364e-01 4.43139146e-02 3.77976801e-04],0.011856888649164921
208,GUNRESPNOKIDSC_W26,POLIDEOLOGY,Very conservative,[0.41555619 0.36582951 0.12349903 0.09511527],0.011310662608778227
209,GUNRESPNOKIDSC_W26,POLIDEOLOGY,Very liberal,[0.68568885 0.20460227 0.09178142 0.01792746],0.0012704277521828717
210,GUNRESPKIDSD_W26,POLIDEOLOGY,Conservative,[0.08646507 0.22937182 0.34997188 0.33419123],0.0
211,GUNRESPKIDSD_W26,POLIDEOLOGY,Liberal,[0.22991561 0.42761333 0.23784915 0.10462191],0.005157842163405022
212,GUNRESPKIDSD_W26,POLIDEOLOGY,Moderate,[0.17187239 0.24304986 0.38189287 0.20318488],0.0026392642765908575
213,GUNRESPKIDSD_W26,POLIDEOLOGY,Very conservative,[0.21124611 0.196103   0.30506079 0.2875901 ],0.0
214,GUNRESPKIDSD_W26,POLIDEOLOGY,Very liberal,[0.28813444 0.2449391  0.30349926 0.1634272 ],0.0
215,GUNRESPKIDSE_W26,POLIDEOLOGY,Conservative,[0.39570799 0.28019609 0.24052958 0.08356634],0.003567724196297425
216,GUNRESPKIDSE_W26,POLIDEOLOGY,Liberal,[0.4146515  0.37187433 0.15751506 0.05595911],0.001183624297814443
217,GUNRESPKIDSE_W26,POLIDEOLOGY,Moderate,[0.42647924 0.30002404 0.21157021 0.06192651],0.009039173430226087
218,GUNRESPKIDSE_W26,POLIDEOLOGY,Very conservative,[0.37518158 0.32298079 0.21489786 0.08693977],0.025654483892263075
219,GUNRESPKIDSE_W26,POLIDEOLOGY,Very liberal,[0.53723381 0.28868658 0.10507893 0.06900068],0.006175528402448624
220,GROWUPGUN2C_W26,POLIDEOLOGY,Conservative,[0.4651435 0.5348565],0.0012928462419496073
221,GROWUPGUN2C_W26,POLIDEOLOGY,Liberal,[0.42210112 0.57789888],0.0016795065231184063
222,GROWUPGUN2C_W26,POLIDEOLOGY,Moderate,[0.44899944 0.55100056],0.0019719467096048493
223,GROWUPGUN2C_W26,POLIDEOLOGY,Very conservative,[0.55381163 0.44618837],0.008962677390666252
224,GROWUPGUN2C_W26,POLIDEOLOGY,Very liberal,[0.47535685 0.52464315],0.0006544394056285624
225,GUNRESPNOKIDSF_W26,POLIDEOLOGY,Conservative,[0.31796619 0.34884988 0.20889901 0.12428492],0.007638799356419138
226,GUNRESPNOKIDSF_W26,POLIDEOLOGY,Liberal,[0.47966202 0.31550153 0.15902575 0.0458107 ],0.010785644089216881
227,GUNRESPNOKIDSF_W26,POLIDEOLOGY,Moderate,[0.45216532 0.31490801 0.19525856 0.03766811],0.01346868083369058
228,GUNRESPNOKIDSF_W26,POLIDEOLOGY,Very conservative,[0.32400311 0.35339455 0.12491286 0.19768947],0.00612649803101448
229,GUNRESPNOKIDSF_W26,POLIDEOLOGY,Very liberal,[0.55164034 0.21415595 0.12228236 0.11192136],0.0
230,GUNRESPKIDSH_W26,POLIDEOLOGY,Conservative,[0.93530458 0.04036933 0.01092765 0.01339843],0.009649857758886837
231,GUNRESPKIDSH_W26,POLIDEOLOGY,Liberal,[0.92726646 0.06193015 0.01080339 0.        ],0.00277680792923897
232,GUNRESPKIDSH_W26,POLIDEOLOGY,Moderate,[0.8889401  0.08501491 0.02475286 0.00129212],0.002701613089084385
233,GUNRESPKIDSH_W26,POLIDEOLOGY,Very conservative,[0.90235163 0.04203182 0.0177604  0.03785615],0.013910459801642487
234,GUNRESPKIDSH_W26,POLIDEOLOGY,Very liberal,[9.36972616e-01 6.20968893e-02 9.30494776e-04 0.00000000e+00],0.0
235,GUNRESPKIDSG_W26,POLIDEOLOGY,Conservative,[0.49907143 0.37423495 0.10602823 0.02066539],0.008497128817184276
236,GUNRESPKIDSG_W26,POLIDEOLOGY,Liberal,[0.48156    0.34099887 0.15606498 0.02137614],0.0025910451909502354
237,GUNRESPKIDSG_W26,POLIDEOLOGY,Moderate,[0.46168045 0.38239395 0.12606806 0.02985754],0.008996279995369411
238,GUNRESPKIDSG_W26,POLIDEOLOGY,Very conservative,[0.42747844 0.43484434 0.07932306 0.05835416],0.01065166708763424
239,GUNRESPKIDSG_W26,POLIDEOLOGY,Very liberal,[0.41880629 0.37384835 0.1983238  0.00902156],0.0035195908383039744
240,WORRYE_W26,POLIDEOLOGY,Conservative,[0.10290379 0.58152807 0.31556814],0.0
241,WORRYE_W26,POLIDEOLOGY,Liberal,[0.11471804 0.55225545 0.33302651],0.0026013706872148857
242,WORRYE_W26,POLIDEOLOGY,Moderate,[0.15870784 0.53766539 0.30362677],0.0
243,WORRYE_W26,POLIDEOLOGY,Very conservative,[0.10921274 0.47619865 0.41458861],0.007022686934903255
244,WORRYE_W26,POLIDEOLOGY,Very liberal,[0.09263562 0.51195891 0.39540547],0.0
245,GUNSAFE_W26,POLIDEOLOGY,Conservative,[0.78383919 0.01078257 0.20537824],0.005105447480152623
246,GUNSAFE_W26,POLIDEOLOGY,Liberal,[0.57435321 0.03486081 0.39078598],0.0
247,GUNSAFE_W26,POLIDEOLOGY,Moderate,[0.61948316 0.04331834 0.3371985 ],0.001742968222473082
248,GUNSAFE_W26,POLIDEOLOGY,Very conservative,[0.88956596 0.00910772 0.10132633],0.0
249,GUNSAFE_W26,POLIDEOLOGY,Very liberal,[0.53391837 0.14634755 0.31973408],0.0
250,GUNCONTRIBA_W26,POLIDEOLOGY,Conservative,[0.2089     0.25363994 0.32119874 0.21626132],0.003034628447795093
251,GUNCONTRIBA_W26,POLIDEOLOGY,Liberal,[0.38883053 0.37400207 0.18990107 0.04726633],0.003258836950225807
252,GUNCONTRIBA_W26,POLIDEOLOGY,Moderate,[0.30677938 0.31055589 0.28299489 0.09966984],0.00990197801939001
253,GUNCONTRIBA_W26,POLIDEOLOGY,Very conservative,[0.16213809 0.15077977 0.36008898 0.32699317],0.003490876795031609
254,GUNCONTRIBA_W26,POLIDEOLOGY,Very liberal,[0.51168901 0.2917853  0.15678417 0.03974152],0.00024322660862823256
255,GUNACTIVITYA_W26,POLIDEOLOGY,Conservative,[0.04589958 0.14401979 0.20197834 0.60810229],0.004492239202677976
256,GUNACTIVITYA_W26,POLIDEOLOGY,Liberal,[0.00902976 0.06874972 0.15659331 0.76562721],0.0036082680813157705
257,GUNACTIVITYA_W26,POLIDEOLOGY,Moderate,[0.02725323 0.12425902 0.16250506 0.68598269],0.002242892876012802
258,GUNACTIVITYA_W26,POLIDEOLOGY,Very conservative,[0.03885684 0.24245716 0.1606001  0.55808591],0.0054290986237111255
259,GUNACTIVITYA_W26,POLIDEOLOGY,Very liberal,[0.01669586 0.04313016 0.10098634 0.83918764],0.00035426594546162597
260,GUNRESPNOKIDSD_W26,POLIDEOLOGY,Conservative,[0.14236164 0.12300243 0.51198334 0.22265259],0.0060514730905771
261,GUNRESPNOKIDSD_W26,POLIDEOLOGY,Liberal,[0.18845772 0.29953796 0.35850922 0.1534951 ],0.0005113648366650949
262,GUNRESPNOKIDSD_W26,POLIDEOLOGY,Moderate,[0.21752201 0.20061089 0.41703734 0.16482975],0.0007507859354775793
263,GUNRESPNOKIDSD_W26,POLIDEOLOGY,Very conservative,[0.08855649 0.2407996  0.40528674 0.26535717],0.0057633080032151954
264,GUNRESPNOKIDSD_W26,POLIDEOLOGY,Very liberal,[0.14377796 0.21651471 0.45880054 0.18090678],0.0
265,GROWUPGUN7_W26,POLIDEOLOGY,Conservative,[0.20525952 0.24718086 0.20377859 0.34378103],0.0012712627097956036
266,GROWUPGUN7_W26,POLIDEOLOGY,Liberal,[0.09998936 0.21772366 0.23310213 0.44918485],0.0017119063696264072
267,GROWUPGUN7_W26,POLIDEOLOGY,Moderate,[0.15720349 0.22334102 0.21362696 0.40582853],0.005681458349654127
268,GROWUPGUN7_W26,POLIDEOLOGY,Very conservative,[0.22022548 0.24491192 0.2365568  0.2983058 ],0.006874825828728728
269,GROWUPGUN7_W26,POLIDEOLOGY,Very liberal,[0.06667563 0.18543909 0.28429189 0.46359338],0.0
270,GUNRESPNOKIDSE_W26,POLIDEOLOGY,Conservative,[0.33831862 0.2242708  0.37239788 0.0650127 ],0.0006449493652364451
271,GUNRESPNOKIDSE_W26,POLIDEOLOGY,Liberal,[0.61319904 0.22492247 0.1337705  0.02810798],0.00687579006217102
272,GUNRESPNOKIDSE_W26,POLIDEOLOGY,Moderate,[0.52925751 0.21357555 0.13033893 0.126828  ],0.022843596505799802
273,GUNRESPNOKIDSE_W26,POLIDEOLOGY,Very conservative,[0.43374813 0.17359459 0.12094707 0.27171022],0.007258620194561145
274,GUNRESPNOKIDSE_W26,POLIDEOLOGY,Very liberal,[0.62677514 0.15372254 0.14989129 0.06961104],0.0
275,SAFECRIME_W26,POLIDEOLOGY,Conservative,[0.24103323 0.54807655 0.15273327 0.05815694],0.0016959605836184598
276,SAFECRIME_W26,POLIDEOLOGY,Liberal,[0.24608145 0.60120582 0.13665791 0.01605482],0.0012244491213174533
277,SAFECRIME_W26,POLIDEOLOGY,Moderate,[0.20794962 0.58181744 0.16376578 0.04646716],0.004562272795812292
278,SAFECRIME_W26,POLIDEOLOGY,Very conservative,[0.20552052 0.5889227  0.15621284 0.04934394],0.004389831024266809
279,SAFECRIME_W26,POLIDEOLOGY,Very liberal,[0.24353779 0.51144927 0.16950944 0.0755035 ],0.0011208893262528307
280,GUNTYPEOWNC_W26,POLIDEOLOGY,Conservative,[0.43138555 0.19029973 0.37831473],0.01529909705849785
281,GUNTYPEOWNC_W26,POLIDEOLOGY,Liberal,[0.31146567 0.24351699 0.44501734],0.03690056048734466
282,GUNTYPEOWNC_W26,POLIDEOLOGY,Moderate,[0.45564398 0.18922408 0.35513194],0.01910115159486262
283,GUNTYPEOWNC_W26,POLIDEOLOGY,Very conservative,[0.43976583 0.21270018 0.34753399],0.012243152029223332
284,GUNTYPEOWNC_W26,POLIDEOLOGY,Very liberal,[0.28457776 0.27575445 0.43966779],0.0
285,EVEROWN_W26,POLIDEOLOGY,Conservative,[0.24660245 0.75339755],0.031676186863983755
286,EVEROWN_W26,POLIDEOLOGY,Liberal,[0.12445049 0.87554951],0.008721026109882353
287,EVEROWN_W26,POLIDEOLOGY,Moderate,[0.11371132 0.88628868],0.006967555703674056
288,EVEROWN_W26,POLIDEOLOGY,Very conservative,[0.23754812 0.76245188],0.047341757375113584
289,EVEROWN_W26,POLIDEOLOGY,Very liberal,[0.09928715 0.90071285],0.0029068415724427883
290,GUNCOMMUNITY_W26,POLIDEOLOGY,Conservative,[0.71197093 0.28802907],0.01137157635381635
291,GUNCOMMUNITY_W26,POLIDEOLOGY,Liberal,[0.58744032 0.41255968],0.014811277538219361
292,GUNCOMMUNITY_W26,POLIDEOLOGY,Moderate,[0.6014154 0.3985846],0.02035399768041796
293,GUNCOMMUNITY_W26,POLIDEOLOGY,Very conservative,[0.68432219 0.31567781],0.005864185350395838
294,GUNCOMMUNITY_W26,POLIDEOLOGY,Very liberal,[0.50345407 0.49654593],0.014856642543204074
295,GUNSOCIETY_W26,POLIDEOLOGY,Conservative,[0.4617859 0.5382141],0.011782628925227008
296,GUNSOCIETY_W26,POLIDEOLOGY,Liberal,[0.41316845 0.58683155],0.021260878354801328
297,GUNSOCIETY_W26,POLIDEOLOGY,Moderate,[0.37919055 0.62080945],0.012776762557626236
298,GUNSOCIETY_W26,POLIDEOLOGY,Very conservative,[0.40054305 0.59945695],0.005893264829078966
299,GUNSOCIETY_W26,POLIDEOLOGY,Very liberal,[0.36108759 0.63891241],0.010968590834704302
300,GROWUPGUN1_W26,POLIDEOLOGY,Conservative,[0.57730811 0.33286401 0.08982788],0.0028143398720243055
301,GROWUPGUN1_W26,POLIDEOLOGY,Liberal,[0.44015086 0.50085396 0.05899518],0.0022009795886783405
302,GROWUPGUN1_W26,POLIDEOLOGY,Moderate,[0.47713316 0.41190963 0.11095721],0.0016485494474196378
303,GROWUPGUN1_W26,POLIDEOLOGY,Very conservative,[0.50207595 0.37658441 0.12133964],0.004617796457985941
304,GROWUPGUN1_W26,POLIDEOLOGY,Very liberal,[0.37165642 0.58089512 0.04744846],0.0
305,GUNTHREAT_W26,POLIDEOLOGY,Conservative,[0.22280503 0.77719497],0.002992282152954027
306,GUNTHREAT_W26,POLIDEOLOGY,Liberal,[0.19499474 0.80500526],0.002043319953024992
307,GUNTHREAT_W26,POLIDEOLOGY,Moderate,[0.23691088 0.76308912],0.006683409354345849
308,GUNTHREAT_W26,POLIDEOLOGY,Very conservative,[0.25563866 0.74436134],0.0015299857007569288
309,GUNTHREAT_W26,POLIDEOLOGY,Very liberal,[0.23786131 0.76213869],0.0022466845255891786
310,GROWUPGUN4_W26,POLIDEOLOGY,Conservative,[0.29767376 0.45075318 0.25157306 0.        ],0.013259050815142068
311,GROWUPGUN4_W26,POLIDEOLOGY,Liberal,[0.15060212 0.48878208 0.3606158  0.        ],0.005461949805795323
312,GROWUPGUN4_W26,POLIDEOLOGY,Moderate,[0.20758667 0.45870144 0.33371189 0.        ],0.00805244866114375
313,GROWUPGUN4_W26,POLIDEOLOGY,Very conservative,[0.34371306 0.38191453 0.27437241 0.        ],0.010444928725627651
314,GROWUPGUN4_W26,POLIDEOLOGY,Very liberal,[0.15886687 0.44231074 0.39882239 0.        ],0.0002942809931301943
315,GUNACTIVITYD_W26,POLIDEOLOGY,Conservative,[0.0101487  0.04524703 0.13666442 0.80793985],0.004964896235566587
316,GUNACTIVITYD_W26,POLIDEOLOGY,Liberal,[0.00239388 0.03541653 0.11512853 0.84706106],0.002293362556988836
317,GUNACTIVITYD_W26,POLIDEOLOGY,Moderate,[0.00850252 0.0349213  0.12372803 0.83284815],0.002061645126742569
318,GUNACTIVITYD_W26,POLIDEOLOGY,Very conservative,[0.00593962 0.06037184 0.14980958 0.78387896],0.003490876795031609
319,GUNACTIVITYD_W26,POLIDEOLOGY,Very liberal,[0.0154411  0.03228796 0.16349062 0.78878031],0.002284852678199807
320,GUN1_W26,POLIDEOLOGY,Conservative,[0.34045524 0.65954476],0.019013077174586064
321,GUN1_W26,POLIDEOLOGY,Liberal,[0.22083623 0.77916377],0.001236820960295064
322,GUN1_W26,POLIDEOLOGY,Moderate,[0.28336749 0.71663251],0.013061644086447288
323,GUN1_W26,POLIDEOLOGY,Very conservative,[0.32902429 0.67097571],0.018727294893230977
324,GUN1_W26,POLIDEOLOGY,Very liberal,[0.20414405 0.79585595],0.01926099146093813
325,GUNSAFETYKIDS_W26,POLIDEOLOGY,Conservative,[0.61771787 0.36913056 0.01315156],0.0
326,GUNSAFETYKIDS_W26,POLIDEOLOGY,Liberal,[0.55761433 0.44238567 0.        ],0.0
327,GUNSAFETYKIDS_W26,POLIDEOLOGY,Moderate,[0.6354428  0.35789348 0.00666372],0.0
328,GUNSAFETYKIDS_W26,POLIDEOLOGY,Very conservative,[0.67001637 0.32998363 0.        ],0.0
329,GUNSAFETYKIDS_W26,POLIDEOLOGY,Very liberal,[0.31598067 0.68401933 0.        ],0.0
330,GUNACTIVITYC_W26,POLIDEOLOGY,Conservative,[0.01939759 0.05699467 0.17678999 0.74681775],0.010195284709589098
331,GUNACTIVITYC_W26,POLIDEOLOGY,Liberal,[0.00211493 0.05677387 0.05622774 0.88488346],0.006009832219420912
332,GUNACTIVITYC_W26,POLIDEOLOGY,Moderate,[0.01366521 0.05464221 0.13333144 0.79836113],0.0034254906715170063
333,GUNACTIVITYC_W26,POLIDEOLOGY,Very conservative,[0.01645329 0.1200133  0.16042113 0.70311228],0.004045640830592111
334,GUNACTIVITYC_W26,POLIDEOLOGY,Very liberal,[0.01580606 0.02108693 0.10555195 0.85755506],0.00024322660862823256
335,EVERSHOT_W26,POLIDEOLOGY,Conservative,[0.8037088 0.1962912],0.0035845112468709337
336,EVERSHOT_W26,POLIDEOLOGY,Liberal,[0.69655881 0.30344119],0.0012084677527012145
337,EVERSHOT_W26,POLIDEOLOGY,Moderate,[0.69896416 0.30103584],0.0005272658435116446
338,EVERSHOT_W26,POLIDEOLOGY,Very conservative,[0.81733467 0.18266533],0.004571131483776188
339,EVERSHOT_W26,POLIDEOLOGY,Very liberal,[0.63001615 0.36998385],0.0
340,GUNACCESS_W26,POLIDEOLOGY,Conservative,[0.41555559 0.1726465  0.13564257 0.27615535],0.006870392460213659
341,GUNACCESS_W26,POLIDEOLOGY,Liberal,[0.29538535 0.2105943  0.12896746 0.36505288],0.0
342,GUNACCESS_W26,POLIDEOLOGY,Moderate,[0.35296071 0.1889617  0.10822069 0.34985689],0.0008572835312841994
343,GUNACCESS_W26,POLIDEOLOGY,Very conservative,[0.48580753 0.11239279 0.16502148 0.2367782 ],0.005626540921807587
344,GUNACCESS_W26,POLIDEOLOGY,Very liberal,[0.43051132 0.08314784 0.0541297  0.43221114],0.0
345,GUNLOADED2_W26,POLIDEOLOGY,Conservative,[0.34509612 0.65490388],0.0
346,GUNLOADED2_W26,POLIDEOLOGY,Liberal,[0.19551885 0.80448115],0.0
347,GUNLOADED2_W26,POLIDEOLOGY,Moderate,[0.3201218 0.6798782],0.01389061542579669
348,GUNLOADED2_W26,POLIDEOLOGY,Very conservative,[0.46392956 0.53607044],0.0
349,GUNLOADED2_W26,POLIDEOLOGY,Very liberal,[0.32376968 0.67623032],0.0
350,GUNIDENTITY_W26,POLIDEOLOGY,Conservative,[0.29716423 0.27157715 0.259579   0.17167961],0.0
351,GUNIDENTITY_W26,POLIDEOLOGY,Liberal,[0.07982997 0.2789256  0.2915198  0.34972463],0.0
352,GUNIDENTITY_W26,POLIDEOLOGY,Moderate,[0.19731903 0.23166973 0.36520542 0.20580583],0.014502858277126428
353,GUNIDENTITY_W26,POLIDEOLOGY,Very conservative,[0.43612425 0.2335122  0.241197   0.08916656],0.0
354,GUNIDENTITY_W26,POLIDEOLOGY,Very liberal,[0.20527128 0.07482859 0.34387319 0.37602694],0.0
355,WORRYB_W26,POLIDEOLOGY,Conservative,[0.1707639  0.47232136 0.35691474],0.0017587994219196352
356,WORRYB_W26,POLIDEOLOGY,Liberal,[0.10008351 0.37964191 0.52027458],0.0
357,WORRYB_W26,POLIDEOLOGY,Moderate,[0.17103338 0.41676067 0.41220595],0.000815826761483845
358,WORRYB_W26,POLIDEOLOGY,Very conservative,[0.23987974 0.53843399 0.22168628],0.001958002846177191
359,WORRYB_W26,POLIDEOLOGY,Very liberal,[0.07850198 0.35582333 0.56567469],0.0
360,WORRYF_W26,POLIDEOLOGY,Conservative,[0.08097931 0.4219965  0.49702419],0.0
361,WORRYF_W26,POLIDEOLOGY,Liberal,[0.10350758 0.36670083 0.52979159],0.0030183236154603145
362,WORRYF_W26,POLIDEOLOGY,Moderate,[0.15478401 0.37283103 0.47238497],0.0
363,WORRYF_W26,POLIDEOLOGY,Very conservative,[0.08661984 0.25722015 0.65616001],0.008022676546830646
364,WORRYF_W26,POLIDEOLOGY,Very liberal,[0.07662874 0.40567421 0.51769706],0.000525427300545964
365,WORRYG_W26,POLIDEOLOGY,Conservative,[0.256767   0.53564252 0.20759048],0.0013185703983184568
366,WORRYG_W26,POLIDEOLOGY,Liberal,[0.30030511 0.58759268 0.11210221],0.0010781281848532634
367,WORRYG_W26,POLIDEOLOGY,Moderate,[0.32113781 0.52952709 0.1493351 ],0.0012787662439380308
368,WORRYG_W26,POLIDEOLOGY,Very conservative,[0.25096865 0.47965639 0.26937496],0.006532273437789848
369,WORRYG_W26,POLIDEOLOGY,Very liberal,[0.26205096 0.52785977 0.21008927],0.0
370,GUNCONTRIBD_W26,POLIDEOLOGY,Conservative,[0.21883336 0.4512234  0.2455131  0.08443014],0.005462478062085184
371,GUNCONTRIBD_W26,POLIDEOLOGY,Liberal,[0.26430793 0.43600701 0.23642801 0.06325706],0.003329440440986536
372,GUNCONTRIBD_W26,POLIDEOLOGY,Moderate,[0.20753613 0.45830859 0.27257005 0.06158523],0.011235942374224081
373,GUNCONTRIBD_W26,POLIDEOLOGY,Very conservative,[0.21745367 0.25729733 0.34287439 0.18237461],0.0018174989211201494
374,GUNCONTRIBD_W26,POLIDEOLOGY,Very liberal,[0.39573541 0.40975517 0.11756093 0.07694848],0.0008771434439564018
375,CRIMEVICTIM_W26,POLIDEOLOGY,Conservative,[0.2106215 0.7893785],0.005991877764702254
376,CRIMEVICTIM_W26,POLIDEOLOGY,Liberal,[0.15424 0.84576],0.002937872769333708
377,CRIMEVICTIM_W26,POLIDEOLOGY,Moderate,[0.21803807 0.78196193],0.0013378690199565351
378,CRIMEVICTIM_W26,POLIDEOLOGY,Very conservative,[0.20284669 0.79715331],0.005020862495788538
379,CRIMEVICTIM_W26,POLIDEOLOGY,Very liberal,[0.26018642 0.73981358],0.0042158323685176306
380,REASONGUND_W26,POLIDEOLOGY,Conservative,[0.10729221 0.29041048 0.6022973 ],0.009512127519577003
381,REASONGUND_W26,POLIDEOLOGY,Liberal,[0.0715168  0.32206298 0.60642022],0.0051047337252307055
382,REASONGUND_W26,POLIDEOLOGY,Moderate,[0.13859875 0.26002783 0.60137341],0.002508255628125977
383,REASONGUND_W26,POLIDEOLOGY,Very conservative,[0.18665348 0.33132082 0.4820257 ],0.0
384,REASONGUND_W26,POLIDEOLOGY,Very liberal,[0.10744105 0.31200256 0.58055639],0.0
385,REASONGUNA_W26,POLIDEOLOGY,Conservative,[0.72923377 0.22541543 0.0453508 ],0.004872260546906518
386,REASONGUNA_W26,POLIDEOLOGY,Liberal,[0.56135648 0.3141728  0.12447072],0.0
387,REASONGUNA_W26,POLIDEOLOGY,Moderate,[0.63254738 0.27302023 0.09443239],0.0005243460192388761
388,REASONGUNA_W26,POLIDEOLOGY,Very conservative,[0.86777626 0.11075799 0.02146575],0.0
389,REASONGUNA_W26,POLIDEOLOGY,Very liberal,[0.56495455 0.24780304 0.18724242],0.0
0,IMPREASONGUN_W26,RACE,Asian,[0.41091774 0.58908226 0.         0.         0.        ],0.0
1,IMPREASONGUN_W26,RACE,Black,[0.75537136 0.13814251 0.00551803 0.03281571 0.06815239],0.0
2,IMPREASONGUN_W26,RACE,Hispanic,[0.77916925 0.         0.00576522 0.08566935 0.12939618],0.0
3,IMPREASONGUN_W26,RACE,Other,[0.20926712 0.65400531 0.11506537 0.         0.0216622 ],0.0
4,IMPREASONGUN_W26,RACE,White,[0.47204331 0.30543661 0.14190919 0.04265948 0.03795139],0.0035995766625823273
5,GUNLOCKED2_W26,RACE,Asian,[0. 1.],0.0
6,GUNLOCKED2_W26,RACE,Black,[0.36240412 0.63759588],0.0
7,GUNLOCKED2_W26,RACE,Hispanic,[0.43429478 0.56570522],0.0
8,GUNLOCKED2_W26,RACE,Other,[1. 0.],0.0
9,GUNLOCKED2_W26,RACE,White,[0.45300402 0.54699598],0.0
10,GUNRESPNOKIDSA_W26,RACE,Asian,[0.70017486 0.17175392 0.12807123 0.        ],0.006117586383212363
11,GUNRESPNOKIDSA_W26,RACE,Black,[0.61060889 0.20771834 0.07755168 0.10412109],0.0
12,GUNRESPNOKIDSA_W26,RACE,Hispanic,[0.70568679 0.15397477 0.13211793 0.00822051],0.0019313134545827202
13,GUNRESPNOKIDSA_W26,RACE,Other,[0.74007337 0.23483451 0.02509213 0.        ],0.0035407289822540554
14,GUNRESPNOKIDSA_W26,RACE,White,[0.5625444  0.28847728 0.12603522 0.0229431 ],0.006769207785362835
15,GUNASSOCIATIONA_W26,RACE,Asian,[0.60600496 0.39399504],0.0
16,GUNASSOCIATIONA_W26,RACE,Black,[0.10829613 0.89170387],0.0
17,GUNASSOCIATIONA_W26,RACE,Hispanic,[0.02691013 0.97308987],0.0
18,GUNASSOCIATIONA_W26,RACE,Other,[0.04455663 0.95544337],0.0
19,GUNASSOCIATIONA_W26,RACE,White,[0.11763628 0.88236372],0.0010897884581758147
20,GUNACTIVITYB_W26,RACE,Asian,[0.04939026 0.21523358 0.18468072 0.55069543],0.0
21,GUNACTIVITYB_W26,RACE,Black,[0.06328711 0.21929582 0.18396455 0.53345252],0.006719060609054777
22,GUNACTIVITYB_W26,RACE,Hispanic,[0.04581227 0.22663404 0.18736405 0.54018965],0.0018012929104407299
23,GUNACTIVITYB_W26,RACE,Other,[0.1462816  0.14715965 0.45673207 0.24982669],0.002663881284791293
24,GUNACTIVITYB_W26,RACE,White,[0.051653   0.23127098 0.25500938 0.46206664],0.004391502445980263
25,GUNSAFE2_W26,RACE,Asian,[0.26547262 0.23794305 0.49658433],0.0
26,GUNSAFE2_W26,RACE,Black,[0.31044374 0.11368654 0.57586972],0.004354680098627729
27,GUNSAFE2_W26,RACE,Hispanic,[0.29419527 0.13084324 0.57496149],0.0
28,GUNSAFE2_W26,RACE,Other,[0.33402531 0.25183942 0.41413526],0.0
29,GUNSAFE2_W26,RACE,White,[0.27592086 0.22451593 0.49956321],0.0013103195248687317
30,GUN_W26,RACE,Asian,[0.08537694 0.91462306],0.0021497823908904466
31,GUN_W26,RACE,Black,[0.23527805 0.76472195],0.001579804034960717
32,GUN_W26,RACE,Hispanic,[0.12383933 0.87616067],0.02715291006868778
33,GUN_W26,RACE,Other,[0.43171272 0.56828728],0.022060241327326223
34,GUN_W26,RACE,White,[0.34694179 0.65305821],0.007345190759034477
35,GUNRESPKIDSF_W26,RACE,Asian,[0.67041864 0.27760148 0.0499674  0.00201247],0.013565925171352413
36,GUNRESPKIDSF_W26,RACE,Black,[0.64729619 0.25303634 0.080016   0.01965147],0.014984450340306528
37,GUNRESPKIDSF_W26,RACE,Hispanic,[0.75673275 0.22228516 0.00317595 0.01780613],0.0030718430706591637
38,GUNRESPKIDSF_W26,RACE,Other,[0.69308356 0.21988265 0.0870338  0.        ],0.0
39,GUNRESPKIDSF_W26,RACE,White,[0.6010729  0.27556695 0.09021286 0.03314729],0.004341462172257783
40,WORRYA_W26,RACE,Asian,[0.39840647 0.40372979 0.19786374],0.0
41,WORRYA_W26,RACE,Black,[0.28320945 0.51587787 0.20091269],0.0
42,WORRYA_W26,RACE,Hispanic,[0.38762141 0.438261   0.17411759],0.0
43,WORRYA_W26,RACE,Other,[0.47797129 0.2893981  0.23263061],0.003540728982254055
44,WORRYA_W26,RACE,White,[0.14421962 0.56701876 0.28876163],0.0003656985151280295
45,GUNCONTRIBC_W26,RACE,Asian,[0.25086373 0.29711105 0.2912844  0.16074082],0.0
46,GUNCONTRIBC_W26,RACE,Black,[0.30662903 0.29785223 0.2613908  0.13412795],0.002873109573838292
47,GUNCONTRIBC_W26,RACE,Hispanic,[0.26105514 0.24011377 0.42768548 0.0711456 ],0.004463609760427927
48,GUNCONTRIBC_W26,RACE,Other,[0.51212247 0.15489661 0.30620599 0.02677493],0.003540728982254055
49,GUNCONTRIBC_W26,RACE,White,[0.23929178 0.31058798 0.35200326 0.09811697],0.006400970269040226
50,WORRYD_W26,RACE,Asian,[0.5265876  0.16097209 0.31244032],0.0
51,WORRYD_W26,RACE,Black,[0.43237761 0.4067218  0.16090059],0.007029853424597575
52,WORRYD_W26,RACE,Hispanic,[0.43129849 0.40264542 0.16605609],0.0
53,WORRYD_W26,RACE,Other,[0.57120405 0.22886691 0.19992904],0.0
54,WORRYD_W26,RACE,White,[0.29714797 0.41940879 0.28344323],0.0033156166764310648
55,NOCARRYGUN_W26,RACE,Asian,[0.73554994 0.26445006],0.0
56,NOCARRYGUN_W26,RACE,Black,[0.75952074 0.24047926],0.0
57,NOCARRYGUN_W26,RACE,Hispanic,[0.62863971 0.37136029],0.0
58,NOCARRYGUN_W26,RACE,Other,[1. 0.],0.0
59,NOCARRYGUN_W26,RACE,White,[0.61480149 0.38519851],0.0
60,GUNACTIVITYE_W26,RACE,Asian,[0.01396177 0.05380676 0.05799412 0.87423735],0.0025295281399003973
61,GUNACTIVITYE_W26,RACE,Black,[0.00645209 0.03893094 0.08596603 0.86865094],0.005126372050142466
62,GUNACTIVITYE_W26,RACE,Hispanic,[0.00345807 0.02038147 0.09239882 0.88376165],0.0018012929104407297
63,GUNACTIVITYE_W26,RACE,Other,[0.12604267 0.13022924 0.17889103 0.56483705],0.0026638812847912933
64,GUNACTIVITYE_W26,RACE,White,[0.01218642 0.10238634 0.15617079 0.72925645],0.0022942583141076544
65,GUNRESPKIDSA_W26,RACE,Asian,[0.90141597 0.07079037 0.02779366 0.        ],0.005798439614305306
66,GUNRESPKIDSA_W26,RACE,Black,[0.8859207  0.0632416  0.05083769 0.        ],0.019688200790637798
67,GUNRESPKIDSA_W26,RACE,Hispanic,[0.87859334 0.11810362 0.00130032 0.00200272],0.0030718430706591633
68,GUNRESPKIDSA_W26,RACE,Other,[0.9129662 0.        0.0870338 0.       ],0.0
69,GUNRESPKIDSA_W26,RACE,White,[0.7977322  0.17474445 0.02283275 0.00469059],0.0014895841262580242
70,GUNLOADED1_W26,RACE,Asian,[0.         0.00930472 0.99069528],0.0
71,GUNLOADED1_W26,RACE,Black,[0.31304486 0.34001887 0.34693627],0.008386593795159132
72,GUNLOADED1_W26,RACE,Hispanic,[0.25262569 0.28303928 0.46433503],0.0
73,GUNLOADED1_W26,RACE,Other,[0.11540702 0.13947786 0.74511512],0.02838833013371674
74,GUNLOADED1_W26,RACE,White,[0.13170745 0.39591614 0.47237641],0.015533593206442773
75,GUNLOCKED1_W26,RACE,Asian,[0.93941408 0.00798265 0.05260327],0.0
76,GUNLOCKED1_W26,RACE,Black,[0.42167723 0.15545778 0.42286499],0.005759034867112466
77,GUNLOCKED1_W26,RACE,Hispanic,[0.62756785 0.16283288 0.20959927],0.0
78,GUNLOCKED1_W26,RACE,Other,[0.29061974 0.44042813 0.26895212],0.017816695868154906
79,GUNLOCKED1_W26,RACE,White,[0.39410109 0.28457974 0.32131917],0.012123460835965008
80,GROWUPGUN2B_W26,RACE,Asian,[0.10099219 0.89900781],0.0
81,GROWUPGUN2B_W26,RACE,Black,[0.49258747 0.50741253],0.0008389459660457716
82,GROWUPGUN2B_W26,RACE,Hispanic,[0.46287378 0.53712622],0.0
83,GROWUPGUN2B_W26,RACE,Other,[0.94220237 0.05779763],0.0
84,GROWUPGUN2B_W26,RACE,White,[0.71281073 0.28718927],0.004083234458988575
85,GUNCONTRIBB_W26,RACE,Asian,[0.41286536 0.32908243 0.16818514 0.08986707],0.0
86,GUNCONTRIBB_W26,RACE,Black,[0.60265038 0.21618954 0.09822732 0.08293276],0.003422762631753701
87,GUNCONTRIBB_W26,RACE,Hispanic,[0.51912278 0.36263243 0.05176531 0.06647948],0.0018012929104407299
88,GUNCONTRIBB_W26,RACE,Other,[0.53507002 0.13532006 0.07752457 0.25208534],0.0026638812847912933
89,GUNCONTRIBB_W26,RACE,White,[0.53395463 0.34625733 0.08221066 0.03757737],0.005566929137150463
90,GROWUPGUN6_W26,RACE,Asian,[0.00595571 0.1194284  0.29833754 0.57627836],0.010852460686839448
91,GROWUPGUN6_W26,RACE,Black,[0.06540098 0.12418312 0.082038   0.72837791],0.0
92,GROWUPGUN6_W26,RACE,Hispanic,[0.03219672 0.09756543 0.33906131 0.53117655],0.0
93,GROWUPGUN6_W26,RACE,Other,[0.18794507 0.07938333 0.22987738 0.50279422],0.023388544659469684
94,GROWUPGUN6_W26,RACE,White,[0.06706355 0.21811992 0.25258277 0.46223375],0.0030884748834224406
95,CARRYGUN_W26,RACE,Asian,[0.         0.         0.52318665 0.47681335],0.0
96,CARRYGUN_W26,RACE,Black,[0.19349241 0.13812817 0.26999899 0.39838043],0.0
97,CARRYGUN_W26,RACE,Hispanic,[0.15695574 0.02428376 0.12583867 0.69292183],0.0
98,CARRYGUN_W26,RACE,Other,[0.         0.51191041 0.37154843 0.11654116],0.0
99,CARRYGUN_W26,RACE,White,[0.11292442 0.15522282 0.33987169 0.39198108],0.0019153566021920486
100,GUNCOURSES_W26,RACE,Asian,[0.21394112 0.78605888],0.002149782390890447
101,GUNCOURSES_W26,RACE,Black,[0.23510594 0.76489406],0.003422762631753701
102,GUNCOURSES_W26,RACE,Hispanic,[0.20941699 0.79058301],0.0018012929104407297
103,GUNCOURSES_W26,RACE,Other,[0.42925946 0.57074054],0.0026638812847912933
104,GUNCOURSES_W26,RACE,White,[0.38130219 0.61869781],0.002628268224144991
105,GUNFRIEND_W26,RACE,Asian,[0.03927388 0.44702311 0.51370301 0.        ],0.0037251983996683126
106,GUNFRIEND_W26,RACE,Black,[0.17652496 0.42444507 0.39902997 0.        ],0.0
107,GUNFRIEND_W26,RACE,Hispanic,[0.09096731 0.52242969 0.386603   0.        ],0.003953504738349309
108,GUNFRIEND_W26,RACE,Other,[0.08981108 0.66692088 0.24326804 0.        ],0.003180838662966717
109,GUNFRIEND_W26,RACE,White,[0.29280492 0.42595515 0.28123992 0.        ],0.003681699541908739
110,GUNRESPKIDSB_W26,RACE,Asian,[0.75229433 0.18939702 0.05605429 0.00225436],0.005798439614305307
111,GUNRESPKIDSB_W26,RACE,Black,[0.56734714 0.30170243 0.11249339 0.01845703],0.012669088301226082
112,GUNRESPKIDSB_W26,RACE,Hispanic,[0.71027963 0.2220517  0.04250464 0.02516403],0.00506840962803592
113,GUNRESPKIDSB_W26,RACE,Other,[0.69242734 0.26016879 0.04740386 0.        ],0.0
114,GUNRESPKIDSB_W26,RACE,White,[0.64648405 0.23979858 0.07186394 0.04185342],0.002953191965549719
115,WORLDDANGER_W26,RACE,Asian,[0.33585741 0.42567023 0.23847236],0.0
116,WORLDDANGER_W26,RACE,Black,[0.10382186 0.62632451 0.26985363],0.0029472346210160866
117,WORLDDANGER_W26,RACE,Hispanic,[0.04836299 0.61932672 0.3323103 ],0.022181125687020176
118,WORLDDANGER_W26,RACE,Other,[0.07088715 0.83640089 0.09271196],0.0026638812847912933
119,WORLDDANGER_W26,RACE,White,[0.08524674 0.72093457 0.1938187 ],0.004196768731391437
120,GUNKILLF2_W26,RACE,Asian,[0.80676888 0.19323112],0.005798439614305306
121,GUNKILLF2_W26,RACE,Black,[0.61205054 0.38794946],0.002089547674441835
122,GUNKILLF2_W26,RACE,Hispanic,[0.58637932 0.41362068],0.005762908998173144
123,GUNKILLF2_W26,RACE,Other,[0.89524491 0.10475509],0.0
124,GUNKILLF2_W26,RACE,White,[0.78284307 0.21715693],0.0017044666717952403
125,GUNRESPNOKIDSB_W26,RACE,Asian,[0.69468544 0.23498355 0.06590903 0.00442199],0.006117586383212362
126,GUNRESPNOKIDSB_W26,RACE,Black,[0.51531159 0.28637766 0.06902792 0.12928283],0.006754260038128322
127,GUNRESPNOKIDSB_W26,RACE,Hispanic,[0.48117344 0.32599121 0.06285256 0.1299828 ],0.0019313134545827202
128,GUNRESPNOKIDSB_W26,RACE,Other,[0.5952684  0.17086874 0.01514327 0.2187196 ],0.003540728982254055
129,GUNRESPNOKIDSB_W26,RACE,White,[0.46345813 0.28006545 0.17132102 0.0851554 ],0.012475982150653592
130,GROWUPGUN2A_W26,RACE,Asian,[0.70363894 0.29636106],0.0
131,GROWUPGUN2A_W26,RACE,Black,[0.77830989 0.22169011],0.0
132,GROWUPGUN2A_W26,RACE,Hispanic,[0.9241356 0.0758644],0.0
133,GROWUPGUN2A_W26,RACE,Other,[0.87879133 0.12120867],0.0
134,GROWUPGUN2A_W26,RACE,White,[0.54876081 0.45123919],0.0031691827222536215
135,REASONGUNC_W26,RACE,Asian,[0.45533163 0.33881186 0.20585651],0.0
136,REASONGUNC_W26,RACE,Black,[0.20198079 0.29917658 0.49884263],0.0
137,REASONGUNC_W26,RACE,Hispanic,[0.17654755 0.40141985 0.4220326 ],0.0
138,REASONGUNC_W26,RACE,Other,[0.15604953 0.46906049 0.37488998],0.0
139,REASONGUNC_W26,RACE,White,[0.32659061 0.38449592 0.28891347],0.004154946540888765
140,SHOOTFREQ_W26,RACE,Asian,[0.00495702 0.16723477 0.45074419 0.37706402],0.0
141,SHOOTFREQ_W26,RACE,Black,[0.03878204 0.16176257 0.2628455  0.53660988],0.0
142,SHOOTFREQ_W26,RACE,Hispanic,[0.02831547 0.23765492 0.28235845 0.45167115],0.04759875192149697
143,SHOOTFREQ_W26,RACE,Other,[0.02078769 0.131434   0.15056447 0.69721384],0.0225295370228151
144,SHOOTFREQ_W26,RACE,White,[0.05567898 0.20835945 0.29207487 0.4438867 ],0.0015631845687351714
145,GROWUPVIOL_W26,RACE,Asian,[0.04249382 0.13778127 0.31898079 0.50074411],0.0
146,GROWUPVIOL_W26,RACE,Black,[0.12452991 0.20934041 0.3562486  0.30988108],0.00838999003787663
147,GROWUPVIOL_W26,RACE,Hispanic,[0.10757357 0.27150792 0.236824   0.38409451],0.0018012929104407297
148,GROWUPVIOL_W26,RACE,Other,[0.04634807 0.2625274  0.14983397 0.54129056],0.002663881284791293
149,GROWUPVIOL_W26,RACE,White,[0.02719323 0.06631268 0.23196687 0.67452722],0.004196754885610587
150,REASONGUNB_W26,RACE,Asian,[0.28484502 0.57333926 0.14181572],0.0
151,REASONGUNB_W26,RACE,Black,[0.19752612 0.2582511  0.54422278],0.0
152,REASONGUNB_W26,RACE,Hispanic,[0.44805353 0.16878706 0.3831594 ],0.0
153,REASONGUNB_W26,RACE,Other,[0.7194249 0.0574609 0.2231142],0.0
154,REASONGUNB_W26,RACE,White,[0.39186813 0.23031917 0.3778127 ],0.002201142696677181
155,WORRYC_W26,RACE,Asian,[0.31305567 0.37381537 0.31312896],0.0
156,WORRYC_W26,RACE,Black,[0.2738417  0.37751276 0.34864554],0.0
157,WORRYC_W26,RACE,Hispanic,[0.41048354 0.38289713 0.20661934],0.0
158,WORRYC_W26,RACE,Other,[0.12219866 0.80048205 0.07731929],0.0
159,WORRYC_W26,RACE,White,[0.14266429 0.42832791 0.4290078 ],0.0029242536244132793
160,MARGUN_W26,RACE,Asian,[0.93396763 0.06603237],0.0
161,MARGUN_W26,RACE,Black,[0.88563848 0.11436152],0.0
162,MARGUN_W26,RACE,Hispanic,[0.9352729 0.0647271],0.0
163,MARGUN_W26,RACE,Other,[0.93085238 0.06914762],0.0
164,MARGUN_W26,RACE,White,[0.87060657 0.12939343],0.004401116176646785
165,NEVEROWN_W26,RACE,Asian,[0.91114917 0.08885083],0.0
166,NEVEROWN_W26,RACE,Black,[0.62896172 0.37103828],0.0
167,NEVEROWN_W26,RACE,Hispanic,[0.42631492 0.57368508],0.0
168,NEVEROWN_W26,RACE,Other,[0.609742 0.390258],0.0
169,NEVEROWN_W26,RACE,White,[0.76520253 0.23479747],0.004716149075635965
170,GUNRESPKIDSC_W26,RACE,Asian,[0.75886918 0.21333716 0.01940733 0.00838633],0.005798439614305307
171,GUNRESPKIDSC_W26,RACE,Black,[0.75659001 0.17190236 0.05694177 0.01456586],0.012669088301226079
172,GUNRESPKIDSC_W26,RACE,Hispanic,[0.78025075 0.17598765 0.00130032 0.04246128],0.0030718430706591637
173,GUNRESPKIDSC_W26,RACE,Other,[0.87391489 0.03905132 0.0870338  0.        ],0.0
174,GUNRESPKIDSC_W26,RACE,White,[0.7049601  0.26837411 0.02019797 0.00646782],0.003075685590512034
175,REASONGUNE_W26,RACE,Asian,[0.07037939 0.1283159  0.80130471],0.0
176,REASONGUNE_W26,RACE,Black,[0.20017954 0.23475623 0.56506423],0.0
177,REASONGUNE_W26,RACE,Hispanic,[0.11248817 0.02656502 0.86094681],0.0
178,REASONGUNE_W26,RACE,Other,[0.03310527 0.04762781 0.91926693],0.0
179,REASONGUNE_W26,RACE,White,[0.07106582 0.0884738  0.84046039],0.002980779617497684
180,GUNRESPNOKIDSG_W26,RACE,Asian,[0.33104418 0.26958594 0.39720342 0.00216645],0.006117586383212362
181,GUNRESPNOKIDSG_W26,RACE,Black,[0.47712249 0.32421512 0.09984311 0.09881928],0.0009773892518308786
182,GUNRESPNOKIDSG_W26,RACE,Hispanic,[0.54828186 0.39444783 0.03903698 0.01823333],0.004577355087620951
183,GUNRESPNOKIDSG_W26,RACE,Other,[0.62675266 0.34337969 0.02986765 0.        ],0.0035407289822540554
184,GUNRESPNOKIDSG_W26,RACE,White,[0.48515367 0.37936429 0.12006132 0.01542072],0.006798855893802912
185,GUNCONTRIBE_W26,RACE,Asian,[0.26579368 0.13067646 0.39434421 0.20918565],0.0
186,GUNCONTRIBE_W26,RACE,Black,[0.35227432 0.29883819 0.20805477 0.14083272],0.014758635975667915
187,GUNCONTRIBE_W26,RACE,Hispanic,[0.27753246 0.38260732 0.18902563 0.15083459],0.0030718430706591633
188,GUNCONTRIBE_W26,RACE,Other,[0.61320507 0.33007478 0.05672015 0.        ],0.047403860607158614
189,GUNCONTRIBE_W26,RACE,White,[0.26886692 0.32503641 0.28725786 0.11883881],0.0024244941299989093
190,GUNKILLF1_W26,RACE,Asian,[0.64381537 0.35618463],0.006117586383212362
191,GUNKILLF1_W26,RACE,Black,[0.65104743 0.34895257],0.04282646517624152
192,GUNKILLF1_W26,RACE,Hispanic,[0.7404988 0.2595012],0.0019313134545827202
193,GUNKILLF1_W26,RACE,Other,[0.7106025 0.2893975],0.018965650319806925
194,GUNKILLF1_W26,RACE,White,[0.76085154 0.23914846],0.013061953136798199
195,GUNCONTRIBF_W26,RACE,Asian,[0.22420501 0.35984034 0.32783272 0.08812194],0.0
196,GUNCONTRIBF_W26,RACE,Black,[0.27776381 0.39784843 0.291164   0.03322377],0.023679629034886504
197,GUNCONTRIBF_W26,RACE,Hispanic,[0.30861891 0.50455344 0.16555286 0.02127479],0.003071843070659163
198,GUNCONTRIBF_W26,RACE,Other,[0.59871015 0.27288117 0.12840868 0.        ],0.0
199,GUNCONTRIBF_W26,RACE,White,[0.30052367 0.4558854  0.21143295 0.03215797],0.002184736190514316
200,DEFENDGUN_W26,RACE,Asian,[0.01108774 0.98891226],0.014076044265767284
201,DEFENDGUN_W26,RACE,Black,[0.10011254 0.89988746],0.003422762631753701
202,DEFENDGUN_W26,RACE,Hispanic,[0.06971275 0.93028725],0.0018012929104407297
203,DEFENDGUN_W26,RACE,Other,[0.06645011 0.93354989],0.0026638812847912933
204,DEFENDGUN_W26,RACE,White,[0.06771264 0.93228736],0.0033014436726846686
205,GUNRESPNOKIDSC_W26,RACE,Asian,[0.88974648 0.06297935 0.04727417 0.        ],0.02264078914492276
206,GUNRESPNOKIDSC_W26,RACE,Black,[0.7059841  0.17133086 0.04557469 0.07711035],0.0
207,GUNRESPNOKIDSC_W26,RACE,Hispanic,[0.63947826 0.24928044 0.1112413  0.        ],0.0034980073478026023
208,GUNRESPNOKIDSC_W26,RACE,Other,[0.69243531 0.17083829 0.         0.1367264 ],0.003540728982254055
209,GUNRESPNOKIDSC_W26,RACE,White,[6.73866860e-01 2.58884119e-01 6.68193433e-02 4.29677687e-04],0.007924174905430058
210,GUNRESPKIDSD_W26,RACE,Asian,[0.3196203  0.21911344 0.25265738 0.20860888],0.011986603875850653
211,GUNRESPKIDSD_W26,RACE,Black,[0.22923959 0.31015208 0.29340852 0.16719981],0.0
212,GUNRESPKIDSD_W26,RACE,Hispanic,[0.38166332 0.37106916 0.21015546 0.03711207],0.008582720367535823
213,GUNRESPKIDSD_W26,RACE,Other,[0.         0.05501884 0.94498116 0.        ],0.0
214,GUNRESPKIDSD_W26,RACE,White,[0.13410408 0.24599165 0.36795071 0.25195355],0.0011828790867593184
215,GUNRESPKIDSE_W26,RACE,Asian,[0.36040808 0.46700071 0.10074419 0.07184702],0.0070998544831934116
216,GUNRESPKIDSE_W26,RACE,Black,[0.23240853 0.4596636  0.19913844 0.10878943],0.014631563490339797
217,GUNRESPKIDSE_W26,RACE,Hispanic,[0.48093369 0.28518279 0.18676601 0.04711751],0.0
218,GUNRESPKIDSE_W26,RACE,Other,[0.80715889 0.07061671 0.1222244  0.        ],0.0
219,GUNRESPKIDSE_W26,RACE,White,[0.42941827 0.29535961 0.20667033 0.0685518 ],0.007432649718025732
220,GROWUPGUN2C_W26,RACE,Asian,[0.2247498 0.7752502],0.0
221,GROWUPGUN2C_W26,RACE,Black,[0.19339158 0.80660842],0.0029381922980883423
222,GROWUPGUN2C_W26,RACE,Hispanic,[0.46401158 0.53598842],0.0
223,GROWUPGUN2C_W26,RACE,Other,[0.64791622 0.35208378],0.0
224,GROWUPGUN2C_W26,RACE,White,[0.4967458 0.5032542],0.0025894978221036222
225,GUNRESPNOKIDSF_W26,RACE,Asian,[0.41923843 0.42723813 0.11963542 0.03388802],0.006117586383212362
226,GUNRESPNOKIDSF_W26,RACE,Black,[0.49082537 0.26347792 0.09559926 0.15009745],0.0
227,GUNRESPNOKIDSF_W26,RACE,Hispanic,[0.51415665 0.30254976 0.05331079 0.1299828 ],0.0019313134545827202
228,GUNRESPNOKIDSF_W26,RACE,Other,[0.12609655 0.23870387 0.19963497 0.43556461],0.003540728982254055
229,GUNRESPNOKIDSF_W26,RACE,White,[0.41596127 0.32492289 0.19705619 0.06205964],0.012593745499723396
230,GUNRESPKIDSH_W26,RACE,Asian,[0.7739473  0.13081855 0.05677771 0.03845643],0.005798439614305307
231,GUNRESPKIDSH_W26,RACE,Black,[0.84154264 0.10273997 0.05470698 0.00101042],0.005739824487999576
232,GUNRESPKIDSH_W26,RACE,Hispanic,[0.79641239 0.16112633 0.00186947 0.04059181],0.0030718430706591633
233,GUNRESPKIDSH_W26,RACE,Other,[0.95259614 0.         0.04740386 0.        ],0.0
234,GUNRESPKIDSH_W26,RACE,White,[0.94559652 0.04438811 0.00745632 0.00255904],0.005784143577387492
235,GUNRESPKIDSG_W26,RACE,Asian,[0.45430256 0.43999515 0.09712416 0.00857814],0.005798439614305307
236,GUNRESPKIDSG_W26,RACE,Black,[0.65836167 0.24370453 0.07711281 0.02082099],0.01266908830122608
237,GUNRESPKIDSG_W26,RACE,Hispanic,[0.49530921 0.29373753 0.13326044 0.07769281],0.0368760452933565
238,GUNRESPKIDSG_W26,RACE,Other,[0.47819728 0.39358436 0.12821836 0.        ],0.0
239,GUNRESPKIDSG_W26,RACE,White,[0.4482685  0.39812817 0.12854943 0.02505391],0.003175339115331766
240,WORRYE_W26,RACE,Asian,[0.18682573 0.62950258 0.18367168],0.0
241,WORRYE_W26,RACE,Black,[0.15070865 0.56988374 0.27940761],0.005739824487999576
242,WORRYE_W26,RACE,Hispanic,[0.32445575 0.51046529 0.16507897],0.0
243,WORRYE_W26,RACE,Other,[0.29935221 0.25983044 0.44081735],0.0
244,WORRYE_W26,RACE,White,[0.09408822 0.53393253 0.37197924],0.0005732377664091958
245,GUNSAFE_W26,RACE,Asian,[0.76420489 0.         0.23579511],0.0
246,GUNSAFE_W26,RACE,Black,[0.63617278 0.06061405 0.30321316],0.0
247,GUNSAFE_W26,RACE,Hispanic,[0.62868168 0.23285557 0.13846275],0.0
248,GUNSAFE_W26,RACE,Other,[0.91051326 0.         0.08948674],0.0
249,GUNSAFE_W26,RACE,White,[0.69754353 0.01947609 0.28298038],0.0026692586348949854
250,GUNCONTRIBA_W26,RACE,Asian,[0.3105432  0.40278554 0.17933606 0.10733519],0.002529528139900398
251,GUNCONTRIBA_W26,RACE,Black,[0.39632808 0.31759999 0.15614915 0.12992278],0.008249877678822345
252,GUNCONTRIBA_W26,RACE,Hispanic,[0.37993252 0.29923426 0.24113745 0.07969577],0.002972056228195137
253,GUNCONTRIBA_W26,RACE,Other,[0.27934808 0.43715478 0.18350579 0.09999134],0.002663881284791293
254,GUNCONTRIBA_W26,RACE,White,[0.27910711 0.28008662 0.30028854 0.14051773],0.006030253102004884
255,GUNACTIVITYA_W26,RACE,Asian,[0.03627507 0.06089707 0.19199953 0.71082832],0.002529528139900398
256,GUNACTIVITYA_W26,RACE,Black,[0.02699145 0.05885575 0.14682595 0.76732685],0.009738867704466074
257,GUNACTIVITYA_W26,RACE,Hispanic,[0.01672001 0.05915086 0.21258033 0.7115488 ],0.0021947043742625086
258,GUNACTIVITYA_W26,RACE,Other,[0.03441481 0.26302546 0.22102427 0.48153545],0.002663881284791293
259,GUNACTIVITYA_W26,RACE,White,[0.02877818 0.14206661 0.15697683 0.67217839],0.0013749199773513542
260,GUNRESPNOKIDSD_W26,RACE,Asian,[0.26921684 0.34204583 0.3353466  0.05339074],0.0
261,GUNRESPNOKIDSD_W26,RACE,Black,[0.41441565 0.20070437 0.21289011 0.17198988],0.0
262,GUNRESPNOKIDSD_W26,RACE,Hispanic,[0.15711102 0.17409451 0.50956701 0.15922746],0.004076349443203092
263,GUNRESPNOKIDSD_W26,RACE,Other,[0.0921369  0.06092903 0.46183775 0.38509632],0.0
264,GUNRESPNOKIDSD_W26,RACE,White,[0.11387738 0.22019876 0.47128996 0.1946339 ],0.0033204990735926417
265,GROWUPGUN7_W26,RACE,Asian,[0.09277703 0.13649954 0.30706439 0.46365903],0.0
266,GROWUPGUN7_W26,RACE,Black,[0.10177075 0.19377155 0.20700734 0.49745036],0.01861345501493027
267,GROWUPGUN7_W26,RACE,Hispanic,[0.07022052 0.21571368 0.30211691 0.41194889],0.0018012929104407299
268,GROWUPGUN7_W26,RACE,Other,[0.25228171 0.41399252 0.1732124  0.16051337],0.0026638812847912933
269,GROWUPGUN7_W26,RACE,White,[0.17590271 0.22935943 0.2171823  0.37755556],0.0017482745985722922
270,GUNRESPNOKIDSE_W26,RACE,Asian,[0.49251719 0.23731297 0.16657655 0.10359328],0.01047347262952343
271,GUNRESPNOKIDSE_W26,RACE,Black,[0.49666354 0.15386217 0.15227707 0.19719723],0.004845708216993072
272,GUNRESPNOKIDSE_W26,RACE,Hispanic,[0.68071604 0.1230456  0.01850941 0.17772895],0.0
273,GUNRESPNOKIDSE_W26,RACE,Other,[0.23573155 0.0401515  0.41400889 0.31010806],0.007025853340360768
274,GUNRESPNOKIDSE_W26,RACE,White,[0.49835259 0.22241336 0.21145669 0.06777736],0.013412989726715898
275,SAFECRIME_W26,RACE,Asian,[0.25159303 0.56721637 0.1741785  0.0070121 ],0.0
276,SAFECRIME_W26,RACE,Black,[0.08196152 0.58156767 0.23330083 0.10316997],0.016668490944826645
277,SAFECRIME_W26,RACE,Hispanic,[0.15932321 0.53010896 0.23941632 0.07115151],0.0010928669985492438
278,SAFECRIME_W26,RACE,Other,[0.09044265 0.62281692 0.02957455 0.25716588],0.0
279,SAFECRIME_W26,RACE,White,[0.26045731 0.57206275 0.13495113 0.03252882],0.0035888268012965767
280,GUNTYPEOWNC_W26,RACE,Asian,[0.27967361 0.01738828 0.7029381 ],0.0
281,GUNTYPEOWNC_W26,RACE,Black,[0.27093693 0.19780316 0.53125991],0.010062438147530224
282,GUNTYPEOWNC_W26,RACE,Hispanic,[0.29390924 0.13273771 0.57335304],0.03690845315859062
283,GUNTYPEOWNC_W26,RACE,Other,[0.35062098 0.56823189 0.08114713],0.0
284,GUNTYPEOWNC_W26,RACE,White,[0.45470826 0.20942023 0.33587151],0.020247404209335473
285,EVEROWN_W26,RACE,Asian,[0.06345556 0.93654444],0.01757337385060591
286,EVEROWN_W26,RACE,Black,[0.15315634 0.84684366],0.0034198453109878448
287,EVEROWN_W26,RACE,Hispanic,[0.09841148 0.90158852],0.029807738415988296
288,EVEROWN_W26,RACE,Other,[0.34979249 0.65020751],0.09789702027113543
289,EVEROWN_W26,RACE,White,[0.15712142 0.84287858],0.0136669738617938
290,GUNCOMMUNITY_W26,RACE,Asian,[0.37026566 0.62973434],0.05692372708016256
291,GUNCOMMUNITY_W26,RACE,Black,[0.49335684 0.50664316],0.010656124077056078
292,GUNCOMMUNITY_W26,RACE,Hispanic,[0.42097933 0.57902067],0.0240343857905097
293,GUNCOMMUNITY_W26,RACE,Other,[0.41611142 0.58388858],0.0026638812847912933
294,GUNCOMMUNITY_W26,RACE,White,[0.6860687 0.3139313],0.01579941063209711
295,GUNSOCIETY_W26,RACE,Asian,[0.20068019 0.79931981],0.0
296,GUNSOCIETY_W26,RACE,Black,[0.37652372 0.62347628],0.008050496466847487
297,GUNSOCIETY_W26,RACE,Hispanic,[0.33565626 0.66434374],0.02021496420543313
298,GUNSOCIETY_W26,RACE,Other,[0.32189813 0.67810187],0.002663881284791293
299,GUNSOCIETY_W26,RACE,White,[0.43305959 0.56694041],0.01693505839488821
300,GROWUPGUN1_W26,RACE,Asian,[0.21076382 0.71348722 0.07574896],0.002149782390890447
301,GROWUPGUN1_W26,RACE,Black,[0.40305598 0.42783774 0.16910628],0.0033085259650003584
302,GROWUPGUN1_W26,RACE,Hispanic,[0.27586019 0.625761   0.09837881],0.00260260680243639
303,GROWUPGUN1_W26,RACE,Other,[0.50960787 0.32695907 0.16343305],0.002663881284791293
304,GROWUPGUN1_W26,RACE,White,[0.54133721 0.3885681  0.07009469],0.002053540296094989
305,GUNTHREAT_W26,RACE,Asian,[0.13397858 0.86602142],0.005930401908278633
306,GUNTHREAT_W26,RACE,Black,[0.34057104 0.65942896],0.0
307,GUNTHREAT_W26,RACE,Hispanic,[0.24086537 0.75913463],0.023270241308245003
308,GUNTHREAT_W26,RACE,Other,[0.3165428 0.6834572],0.002663881284791293
309,GUNTHREAT_W26,RACE,White,[0.20544549 0.79455451],0.0027908000294988213
310,GROWUPGUN4_W26,RACE,Asian,[0.06976276 0.29668468 0.63355256 0.        ],0.0032078802585549554
311,GROWUPGUN4_W26,RACE,Black,[0.19659968 0.45784127 0.34555905 0.        ],0.009321478192183333
312,GROWUPGUN4_W26,RACE,Hispanic,[0.1234821  0.45242944 0.42408846 0.        ],0.0022530798054103745
313,GROWUPGUN4_W26,RACE,Other,[0.52802221 0.38312618 0.08885161 0.        ],0.011946669988783673
314,GROWUPGUN4_W26,RACE,White,[0.24982655 0.45460789 0.29556556 0.        ],0.009709471886963882
315,GUNACTIVITYD_W26,RACE,Asian,[0.         0.067139   0.11119405 0.82166695],0.009923133179429802
316,GUNACTIVITYD_W26,RACE,Black,[0.02375832 0.01357046 0.1217361  0.84093512],0.008558271264357927
317,GUNACTIVITYD_W26,RACE,Hispanic,[7.61520787e-04 6.29164312e-03 1.68704830e-01 8.24242006e-01],0.0018012929104407297
318,GUNACTIVITYD_W26,RACE,Other,[0.         0.26295588 0.06996401 0.66708011],0.0026638812847912933
319,GUNACTIVITYD_W26,RACE,White,[0.00553957 0.04056938 0.13014841 0.82374264],0.0019918513313177074
320,GUN1_W26,RACE,Asian,[0.16816508 0.83183492],0.04816410070259924
321,GUN1_W26,RACE,Black,[0.20312207 0.79687793],0.018630160998754114
322,GUN1_W26,RACE,Hispanic,[0.14104475 0.85895525],0.02715291006868778
323,GUN1_W26,RACE,Other,[0.37846368 0.62153632],0.022060241327326223
324,GUN1_W26,RACE,White,[0.30868426 0.69131574],0.009155807539308348
325,GUNSAFETYKIDS_W26,RACE,Asian,[0.27933542 0.67631061 0.04435397],0.0
326,GUNSAFETYKIDS_W26,RACE,Black,[0.51275908 0.48724092 0.        ],0.0
327,GUNSAFETYKIDS_W26,RACE,Hispanic,[0.48695921 0.50858667 0.00445413],0.0
328,GUNSAFETYKIDS_W26,RACE,Other,[0.52483297 0.47516703 0.        ],0.0
329,GUNSAFETYKIDS_W26,RACE,White,[0.64379765 0.35546164 0.00074071],0.0
330,GUNACTIVITYC_W26,RACE,Asian,[0.01097385 0.07869044 0.05428547 0.85605024],0.003844080797032143
331,GUNACTIVITYC_W26,RACE,Black,[0.01222313 0.03471595 0.08516544 0.86789549],0.0050002937946300036
332,GUNACTIVITYC_W26,RACE,Hispanic,[0.01817326 0.10609606 0.19897647 0.67675421],0.0018012929104407297
333,GUNACTIVITYC_W26,RACE,Other,[0.13902786 0.0338639  0.13970362 0.68740462],0.002663881284791293
334,GUNACTIVITYC_W26,RACE,White,[0.01120855 0.05497556 0.13348861 0.80032727],0.0061509033114216065
335,EVERSHOT_W26,RACE,Asian,[0.42069393 0.57930607],0.002149782390890447
336,EVERSHOT_W26,RACE,Black,[0.57669983 0.42330017],0.0
337,EVERSHOT_W26,RACE,Hispanic,[0.46645314 0.53354686],0.0018012929104407297
338,EVERSHOT_W26,RACE,Other,[0.89416321 0.10583679],0.0026638812847912933
339,EVERSHOT_W26,RACE,White,[0.78880652 0.21119348],0.0019423151123233446
340,GUNACCESS_W26,RACE,Asian,[0. 0. 0. 1.],0.0
341,GUNACCESS_W26,RACE,Black,[0.37034513 0.24543724 0.0641596  0.32005804],0.0
342,GUNACCESS_W26,RACE,Hispanic,[0.36029642 0.10100657 0.3630542  0.17564281],0.0
343,GUNACCESS_W26,RACE,Other,[0.07228069 0.22343242 0.08256814 0.62171875],0.0
344,GUNACCESS_W26,RACE,White,[0.40735591 0.16444061 0.1257543  0.30244919],0.003722270589221947
345,GUNLOADED2_W26,RACE,Asian,[0. 1.],0.0
346,GUNLOADED2_W26,RACE,Black,[0.28358037 0.71641963],0.0
347,GUNLOADED2_W26,RACE,Hispanic,[0.76266075 0.23733925],0.09646375072740794
348,GUNLOADED2_W26,RACE,Other,[0. 1.],0.0
349,GUNLOADED2_W26,RACE,White,[0.32957123 0.67042877],0.0
350,GUNIDENTITY_W26,RACE,Asian,[0.33862943 0.36678312 0.23476482 0.05982263],0.0
351,GUNIDENTITY_W26,RACE,Black,[0.15197057 0.3269103  0.15543509 0.36568403],0.06669134383964341
352,GUNIDENTITY_W26,RACE,Hispanic,[0.15539785 0.29232201 0.45017452 0.10210562],0.0
353,GUNIDENTITY_W26,RACE,Other,[0.38225414 0.09715924 0.37370945 0.14687717],0.0
354,GUNIDENTITY_W26,RACE,White,[0.25734927 0.22979753 0.31379809 0.19905512],0.0
355,WORRYB_W26,RACE,Asian,[0.38069252 0.2638655  0.35544198],0.0
356,WORRYB_W26,RACE,Black,[0.29508877 0.49502553 0.2098857 ],0.0027289560757524857
357,WORRYB_W26,RACE,Hispanic,[0.31655875 0.36662374 0.31681751],0.0
358,WORRYB_W26,RACE,Other,[0.15726068 0.30318157 0.53955775],0.0035407289822540554
359,WORRYB_W26,RACE,White,[0.11124467 0.42424684 0.46450849],0.000713642911589311
360,WORRYF_W26,RACE,Asian,[0.25113894 0.44115754 0.30770352],0.0
361,WORRYF_W26,RACE,Black,[0.15880312 0.45978111 0.38141577],0.005739824487999576
362,WORRYF_W26,RACE,Hispanic,[0.21621114 0.52967305 0.25411581],0.0
363,WORRYF_W26,RACE,Other,[0.29935221 0.23165487 0.46899292],0.0
364,WORRYF_W26,RACE,White,[0.08779169 0.33343104 0.57877727],0.0008600351468492942
365,WORRYG_W26,RACE,Asian,[0.45975321 0.42905157 0.11119522],0.0
366,WORRYG_W26,RACE,Black,[0.30388685 0.49207447 0.20403869],0.0029472346210160866
367,WORRYG_W26,RACE,Hispanic,[0.43268574 0.44031171 0.12700256],0.0
368,WORRYG_W26,RACE,Other,[0.41278608 0.53181934 0.05539458],0.002663881284791293
369,WORRYG_W26,RACE,White,[0.26402956 0.55819946 0.17777098],0.0017782712126200183
370,GUNCONTRIBD_W26,RACE,Asian,[0.10143343 0.52815284 0.26451163 0.1059021 ],0.006117586383212362
371,GUNCONTRIBD_W26,RACE,Black,[0.29467221 0.35534558 0.19665826 0.15332395],0.0009773892518308786
372,GUNCONTRIBD_W26,RACE,Hispanic,[0.31461053 0.28509946 0.32673739 0.07355263],0.0
373,GUNCONTRIBD_W26,RACE,Other,[0.37841282 0.37672377 0.21459089 0.03027252],0.003540728982254055
374,GUNCONTRIBD_W26,RACE,White,[0.23141797 0.44787785 0.24864994 0.07205424],0.008209945266535146
375,CRIMEVICTIM_W26,RACE,Asian,[0.14860052 0.85139948],0.0
376,CRIMEVICTIM_W26,RACE,Black,[0.24414094 0.75585906],0.005141529446178474
377,CRIMEVICTIM_W26,RACE,Hispanic,[0.25814682 0.74185318],0.0018012929104407297
378,CRIMEVICTIM_W26,RACE,Other,[0.24068474 0.75931526],0.0026638812847912933
379,CRIMEVICTIM_W26,RACE,White,[0.18049746 0.81950254],0.0036073941622660377
380,REASONGUND_W26,RACE,Asian,[0.1283159  0.67720387 0.19448023],0.0
381,REASONGUND_W26,RACE,Black,[0.04767875 0.32890449 0.62341676],0.0069715332115915865
382,REASONGUND_W26,RACE,Hispanic,[0.10830271 0.38643122 0.50526608],0.0
383,REASONGUND_W26,RACE,Other,[0.1329436 0.4687965 0.3982599],0.0
384,REASONGUND_W26,RACE,White,[0.13596859 0.27250103 0.59153038],0.004449914437672669
385,REASONGUNA_W26,RACE,Asian,[0.64377364 0.35622636 0.        ],0.0
386,REASONGUNA_W26,RACE,Black,[0.64819747 0.20260839 0.14919413],0.0
387,REASONGUNA_W26,RACE,Hispanic,[0.84093716 0.15906284 0.        ],0.0
388,REASONGUNA_W26,RACE,Other,[0.8498529  0.11845356 0.03169354],0.0
389,REASONGUNA_W26,RACE,White,[0.67028583 0.25010356 0.07961061],0.0020110730711115445
