,qkey,attribute,group,D_H,R_H
0,GOVREGV1_W49,Overall,Overall,[0.75692899 0.08189247 0.16117854],0.013830295761515551
1,CONTROLGOV_W49,Overall,Overall,[0.03514962 0.12457355 0.41284379 0.42743303],0.0027502247674227563
2,SMARTPHONE_W49,Overall,Overall,[0.87626536 0.12373464],0.003608771232909113
3,CONTROLGRPa_W49,Overall,Overall,[0.15544852 0.49820472 0.34634676],0.001778517041175469
4,FACE3a_W49,Overall,Overall,[0.0262486  0.18259037 0.400175   0.39098603],0.010236785711679694
5,PP6b_W49,Overall,Overall,[0.05735336 0.30356284 0.36808764 0.27099616],0.004702112001845509
6,FACE2a_W49,Overall,Overall,[0.24201377 0.61791717 0.12537535 0.01469372],0.012287471145746132
7,TALKCMNSNSINT_W49,Overall,Overall,[0.28063157 0.71936843],0.06536885092829585
8,DATAUSEc_W49,Overall,Overall,[0.59342888 0.40657112],0.18503226532764686
9,DNATEST_W49,Overall,Overall,[0.15671828 0.84328172],0.0031850685518935327
10,PP5c_W49,Overall,Overall,[0.02939154 0.17860875 0.46641196 0.32558776],0.0046973991775711675
11,PP5e_W49,Overall,Overall,[0.04011359 0.2060573  0.43333745 0.32049166],0.00494543071361966
12,PUBLICDATA_W49,Overall,Overall,[0.24041761 0.75958239],0.031282379933308437
13,HOMEASSIST5a_W49,Overall,Overall,[0.42231802 0.57768198],0.001388731201428991
14,PP1_W49,Overall,Overall,[0.25230939 0.32162093 0.24389167 0.15478651 0.02739151],0.0031574981016126553
15,BENEFITCO_W49,Overall,Overall,[0.0616126  0.29918609 0.63920131 0.        ],0.003960587203447074
16,POSNEGGOV_W49,Overall,Overall,[0.31817683 0.68182317],0.035705236445206553
17,RTBFc_W49,Overall,Overall,[0.57434559 0.42565441],0.024011192747996877
18,FACE4d_W49,Overall,Overall,[0.51836682 0.48163318],0.18451213776952197
19,RTDa_W49,Overall,Overall,[0.37166877 0.62833123],0.02725486323810431
20,PP4_W49,Overall,Overall,[0.12757959 0.5469755  0.29501227 0.03043264],0.0013986132150198816
21,PROFILE3_W49,Overall,Overall,[0.52825197 0.36975411 0.10199393],0.0722743211312206
22,CONCERNCO_W49,Overall,Overall,[0.36213872 0.43357789 0.16891887 0.03536451],0.0017378050850972411
23,CONTROLGRPf_W49,Overall,Overall,[0.1325641  0.49549937 0.37193654],0.004557110855800801
24,PP5d_W49,Overall,Overall,[0.03610782 0.27346126 0.47381897 0.21661194],0.005398999309452631
25,CONCERNGRPc_W49,Overall,Overall,[0.19307498 0.38866396 0.41826107],0.0063188820882964635
26,GOVREGV2_W49,Overall,Overall,[0.55182347 0.44817653],0.011758658310439877
27,PP2_W49,Overall,Overall,[0.09060647 0.13909256 0.39478305 0.37551792],0.005236719876993487
28,ANONYMOUS1GOV_W49,Overall,Overall,[0.3659195 0.6340805],0.0070660242948074525
29,FACE4a_W49,Overall,Overall,[0.80184718 0.19815282],0.15273101320621693
30,FACE2b_W49,Overall,Overall,[0.18361974 0.55153019 0.21933611 0.04551396],0.013992838116907422
31,SECUR1_W49,Overall,Overall,[0.0620251  0.70016753 0.23780737],0.002151144701238925
32,LOYALTY_W49,Overall,Overall,[0.64788096 0.35211904],0.0021067724367024435
33,PP3_W49,Overall,Overall,[0.21997485 0.34891649 0.43110867],0.0021068750493616643
34,CONTROLGRPe_W49,Overall,Overall,[0.10038721 0.44065085 0.41099615 0.04796579],0.0018583828964620517
35,TRACKCO1a_W49,Overall,Overall,[0.41126715 0.31149718 0.18778399 0.04470429 0.04474739],0.005848768453563805
36,CONTROLCO_W49,Overall,Overall,[0.03408675 0.15189318 0.51036207 0.303658  ],0.002971522106684712
37,SOCMEDIAUSEc_W49,Overall,Overall,[0.22980733 0.77019267],0.017126078240342176
38,PRIVACYREG_W49,Overall,Overall,[0.03136144 0.33540808 0.49289881 0.14033167],0.0024012721956441566
39,TALKDISASNSINT_W49,Overall,Overall,[0.28701849 0.71298151],0.048498231661261576
40,PRIVACYNEWS1_W49,Overall,Overall,[0.10773363 0.46066749 0.33562805 0.09597082],0.0027115290583545836
41,HOMEASSIST4_W49,Overall,Overall,[0.18084685 0.38091997 0.31723018 0.121003  ],0.00792615879478885
42,FITTRACK_W49,Overall,Overall,[0.21488624 0.78511376],0.001835278312685805
43,DATAUSEb_W49,Overall,Overall,[0.64144403 0.35855597],0.24146658542615984
44,CONCERNGOV_W49,Overall,Overall,[0.25207041 0.39258795 0.25983808 0.09550355],0.0048158300164267195
45,HOMEASSIST2_W49,Overall,Overall,[0.14204719 0.402413   0.36029364 0.09524616],0.0
46,TRACKGOV1a_W49,Overall,Overall,[0.24142824 0.23502845 0.29785488 0.13787883 0.0878096 ],0.004976059543563434
47,SHARE1_W49,Overall,Overall,[0.51919059 0.48080941],0.005348932183703609
48,HOMEASSIST5b_W49,Overall,Overall,[0.33425248 0.66574752],0.007543932862786692
49,CONCERNGRPd_W49,Overall,Overall,[0.29578812 0.50416584 0.20004604],0.0021132035951773724
50,ANONYMOUS1CO_W49,Overall,Overall,[0.37742989 0.62257011],0.004795276292931716
51,PP5a_W49,Overall,Overall,[0.04873541 0.37348319 0.40540836 0.17237305],0.005504406330543371
52,POSNEGCO_W49,Overall,Overall,[0.17475375 0.82524625],0.019613685065854727
53,BENEFITGOV_W49,Overall,Overall,[0.06251017 0.29308183 0.644408   0.        ],0.01383489187743085
54,RTBFa_W49,Overall,Overall,[0.39829957 0.60170043],0.019264846476666292
55,TRACKGOV1b_W49,Overall,Overall,[0.10547021 0.13341354 0.3271137  0.2733052  0.16069736],0.004264842595837145
56,SOCMEDIAUSEd_W49,Overall,Overall,[0.29542929 0.70457071],0.016768453919696388
57,DATAUSEd_W49,Overall,Overall,[0.53845901 0.46154099],0.23294357101491067
58,DATAUSEa_W49,Overall,Overall,[0.61254017 0.38745983],0.1969340551339373
59,SOCMEDIAUSEa_W49,Overall,Overall,[0.72145536 0.27854464],0.0028422271612336928
60,PP6c_W49,Overall,Overall,[0.08171624 0.42339098 0.31463523 0.18025755],0.004774495180965302
61,FACE4b_W49,Overall,Overall,[0.42398499 0.57601501],0.17774047909106416
62,DATAUSEe_W49,Overall,Overall,[0.37177874 0.62822126],0.2814503269400688
63,HOMEIOT_W49,Overall,Overall,[0.19784471 0.80215529],0.004450434843910315
64,SOCMEDIAUSEb_W49,Overall,Overall,[0.38409603 0.61590397],0.011430254358651953
65,CONTROLGRPb_W49,Overall,Overall,[0.0944396  0.39269987 0.47935669 0.03350384],0.004127020917002639
66,DB1b_W49,Overall,Overall,[0.0801452  0.87899929 0.04085551],0.005606461051470258
67,RTDc_W49,Overall,Overall,[0.70739877 0.29260123],0.024225597629214446
68,CONCERNGRPa_W49,Overall,Overall,[0.25681347 0.35732079 0.38586573],0.0014151866952212034
69,FACE1_W49,Overall,Overall,[0.2503056  0.61648944 0.13320496],0.0027387670481017526
70,CONTROLGRPc_W49,Overall,Overall,[0.11565655 0.43559816 0.44874528],0.0028265193981982543
71,FACE3b_W49,Overall,Overall,[0.06026694 0.35835068 0.35016608 0.23121631],0.011030588380354941
72,CONTROLGRPd_W49,Overall,Overall,[0.18073275 0.54001262 0.27925463],0.005160670440269396
73,PWMAN2_W49,Overall,Overall,"[0.1781456  0.06751895 0.18676871 0.01516539 0.04739606 0.28425014
 0.03355183 0.13602124 0.05118208]",0.0052754534195657244
74,FACE2c_W49,Overall,Overall,[0.17706415 0.54639818 0.22861625 0.04792142],0.01895050963525619
75,CONCERNGRPb_W49,Overall,Overall,[0.39527815 0.44318196 0.16153989],0.0029269824012659053
76,HOMEASSIST1_W49,Overall,Overall,[0.24683328 0.75316672],0.0015803131044931243
77,DATAUSEf_W49,Overall,Overall,[0.33881729 0.66118271],0.2626737066182098
78,RTBFb_W49,Overall,Overall,[0.68267391 0.31732609],0.014870983452000356
79,DB1c_W49,Overall,Overall,[0.06092532 0.93907468],0.005246317473942454
80,FACE4c_W49,Overall,Overall,[0.21709331 0.78290669],0.19051256551753623
81,TRACKCO1b_W49,Overall,Overall,[0.117474   0.18988279 0.38118378 0.19699161 0.11446782],0.004493247207991698
82,RTDb_W49,Overall,Overall,[0.88479915 0.11520085],0.019879996830582926
83,HOMEASSIST3_W49,Overall,Overall,[0.19411835 0.34679314 0.45908852],0.00401561246216618
84,SMARTAPP_W49,Overall,Overall,[0.45198694 0.18206807 0.31162534 0.05431966],0.0035906628083912755
85,UNDERSTANDGOV_W49,Overall,Overall,[0.04298606 0.1744704  0.53131162 0.25123193],0.001866376337366869
86,CONCERNGRPe_W49,Overall,Overall,[0.0916613  0.33827345 0.57006524],0.0015667146273487273
87,PROFILE5_W49,Overall,Overall,[0.06976414 0.54595066 0.33437146 0.04991373],0.003053858950454546
88,ELECTFTGSNSINT_W49,Overall,Overall,[0.15505547 0.46070225 0.38424228],0.0067899211316339
89,PP6a_W49,Overall,Overall,[0.10477281 0.47263183 0.28693389 0.13566147],0.005908419699854848
90,RTBFd_W49,Overall,Overall,[0.86221541 0.13778459],0.014951375663533715
91,CONCERNGRPf_W49,Overall,Overall,[0.39915546 0.45608685 0.14475769],0.0016696393617204603
92,DB1a_W49,Overall,Overall,[0.21578582 0.78421418],0.006268978047771228
93,PP5b_W49,Overall,Overall,[0.05096665 0.29725121 0.40767107 0.24411107],0.0052968425450332386
94,PWMAN_W49,Overall,Overall,[0.19764261 0.80235739],0.0054645126040920936
95,RTDd_W49,Overall,Overall,[0.80238235 0.19761765],0.020641050577988367
96,FACE3c_W49,Overall,Overall,[0.20326405 0.45670613 0.20038341 0.1396464 ],0.009767520706127708
97,UNDERSTANDCO_W49,Overall,Overall,[0.06132037 0.3426358  0.48349832 0.11254551],0.006958755654506437
0,GOVREGV1_W49,CREGION,Midwest,[0.75035786 0.07939628 0.17024586],0.005801209633531077
1,GOVREGV1_W49,CREGION,Northeast,[0.79578429 0.0524246  0.15179111],0.02497132277037362
2,GOVREGV1_W49,CREGION,South,[0.7397595  0.09887622 0.16136428],0.01588149066524467
3,GOVREGV1_W49,CREGION,West,[0.76113657 0.0791159  0.15974753],0.00915523750028518
4,CONTROLGOV_W49,CREGION,Midwest,[0.03212748 0.11721984 0.43411251 0.41654018],0.003444821530645299
5,CONTROLGOV_W49,CREGION,Northeast,[0.03509156 0.13228095 0.47274069 0.3598868 ],0.00173819068293348
6,CONTROLGOV_W49,CREGION,South,[0.03372052 0.1388771  0.38214264 0.44525974],0.0037972424663270327
7,CONTROLGOV_W49,CREGION,West,[0.04002843 0.10299771 0.39738071 0.45959316],0.0012736833524341442
8,SMARTPHONE_W49,CREGION,Midwest,[0.85789216 0.14210784],0.004399000256997422
9,SMARTPHONE_W49,CREGION,Northeast,[0.89634278 0.10365722],0.0018934324251708994
10,SMARTPHONE_W49,CREGION,South,[0.87358036 0.12641964],0.005816424238816337
11,SMARTPHONE_W49,CREGION,West,[0.88155097 0.11844903],0.0006914112004310078
12,CONTROLGRPa_W49,CREGION,Midwest,[0.11049081 0.51482167 0.37468752],0.001865756342966693
13,CONTROLGRPa_W49,CREGION,Northeast,[0.12549558 0.46015058 0.41435384],0.0009137649212192676
14,CONTROLGRPa_W49,CREGION,South,[0.18408743 0.49082766 0.32508491],0.0018115855975573832
15,CONTROLGRPa_W49,CREGION,West,[0.17177011 0.52819261 0.30003728],0.0023695210689536708
16,FACE3a_W49,CREGION,Midwest,[0.02042405 0.17997444 0.43809946 0.36150205],0.005054496158794576
17,FACE3a_W49,CREGION,Northeast,[0.0162318  0.18185868 0.3798262  0.42208331],0.013507640898598915
18,FACE3a_W49,CREGION,South,[0.03062115 0.19013749 0.41705339 0.36218796],0.01416573706377749
19,FACE3a_W49,CREGION,West,[0.03208283 0.17386517 0.35667203 0.43737997],0.006211112661914976
20,PP6b_W49,CREGION,Midwest,[0.0460476  0.31535864 0.38849796 0.2500958 ],0.001711927535193078
21,PP6b_W49,CREGION,Northeast,[0.07292402 0.2801063  0.3729554  0.27401428],0.005394960391030999
22,PP6b_W49,CREGION,South,[0.05181885 0.28430531 0.3728821  0.29099374],0.006524584269667694
23,PP6b_W49,CREGION,West,[0.06440419 0.3414888  0.33856515 0.25554186],0.003929865666559029
24,FACE2a_W49,CREGION,Midwest,[0.20277903 0.66465499 0.11946837 0.01309761],0.011553311785540123
25,FACE2a_W49,CREGION,Northeast,[0.25536437 0.59177173 0.13920976 0.01365414],0.017111127517322102
26,FACE2a_W49,CREGION,South,[0.23836113 0.6205304  0.12371512 0.01739335],0.013417186344661335
27,FACE2a_W49,CREGION,West,[0.27150986 0.59306349 0.1227191  0.01270755],0.0075580379146985175
28,TALKCMNSNSINT_W49,CREGION,Midwest,[0.23003674 0.76996326],0.05063220244897001
29,TALKCMNSNSINT_W49,CREGION,Northeast,[0.31792423 0.68207577],0.06282830818786303
30,TALKCMNSNSINT_W49,CREGION,South,[0.30966043 0.69033957],0.06364925761748853
31,TALKCMNSNSINT_W49,CREGION,West,[0.252543 0.747457],0.08369319039734298
32,DATAUSEc_W49,CREGION,Midwest,[0.60434005 0.39565995],0.18623356339994898
33,DATAUSEc_W49,CREGION,Northeast,[0.52757198 0.47242802],0.2294195464823226
34,DATAUSEc_W49,CREGION,South,[0.61215227 0.38784773],0.15758042288081156
35,DATAUSEc_W49,CREGION,West,[0.60026924 0.39973076],0.19434908379369997
36,DNATEST_W49,CREGION,Midwest,[0.14106023 0.85893977],0.0026635865776537034
37,DNATEST_W49,CREGION,Northeast,[0.14736103 0.85263897],0.0031820051482939656
38,DNATEST_W49,CREGION,South,[0.15349422 0.84650578],0.005134682397338889
39,DNATEST_W49,CREGION,West,[0.18283817 0.81716183],0.0005431996520233749
40,PP5c_W49,CREGION,Midwest,[0.02498715 0.15914702 0.48382283 0.332043  ],0.005676631124968032
41,PP5c_W49,CREGION,Northeast,[0.03692541 0.15509477 0.47599526 0.33198456],0.0
42,PP5c_W49,CREGION,South,[0.03129892 0.20399592 0.45413527 0.31056988],0.0073847457391102884
43,PP5c_W49,CREGION,West,[0.02452153 0.17352863 0.46313385 0.338816  ],0.003116328485015402
44,PP5e_W49,CREGION,Midwest,[0.03142672 0.21311971 0.43389779 0.32155578],0.006694661389420364
45,PP5e_W49,CREGION,Northeast,[0.03101098 0.20011252 0.44064465 0.32823185],0.001347903304957433
46,PP5e_W49,CREGION,South,[0.05432728 0.22550151 0.4154391  0.30473211],0.005751389212656663
47,PP5e_W49,CREGION,West,[0.03213963 0.17335425 0.45576831 0.33873781],0.004841728225240647
48,PUBLICDATA_W49,CREGION,Midwest,[0.22749559 0.77250441],0.02805338535357314
49,PUBLICDATA_W49,CREGION,Northeast,[0.27338914 0.72661086],0.027608965464071596
50,PUBLICDATA_W49,CREGION,South,[0.23716486 0.76283514],0.033786469895189755
51,PUBLICDATA_W49,CREGION,West,[0.23192577 0.76807423],0.03295845476466322
52,HOMEASSIST5a_W49,CREGION,Midwest,[0.40862771 0.59137229],0.0
53,HOMEASSIST5a_W49,CREGION,Northeast,[0.41440288 0.58559712],0.0018189431165138539
54,HOMEASSIST5a_W49,CREGION,South,[0.41318786 0.58681214],0.0026405177393485813
55,HOMEASSIST5a_W49,CREGION,West,[0.45881678 0.54118322],0.0
56,PP1_W49,CREGION,Midwest,[0.22129849 0.33465472 0.24783765 0.16821675 0.02799239],0.0005421408777148597
57,PP1_W49,CREGION,Northeast,[0.27337207 0.3399973  0.23841541 0.12142807 0.02678715],0.005728336971229574
58,PP1_W49,CREGION,South,[0.26182699 0.296034   0.24728015 0.16590971 0.02894915],0.004049199730146529
59,PP1_W49,CREGION,West,[0.24883056 0.33678603 0.23913575 0.15041183 0.02483582],0.00210658032643527
60,BENEFITCO_W49,CREGION,Midwest,[0.02567689 0.31775498 0.65656813 0.        ],0.0032724908516776428
61,BENEFITCO_W49,CREGION,Northeast,[0.07581603 0.29476024 0.62942373 0.        ],0.0017444041780752084
62,BENEFITCO_W49,CREGION,South,[0.06286432 0.27316986 0.66396582 0.        ],0.007874661350692072
63,BENEFITCO_W49,CREGION,West,[0.08158615 0.327619   0.59079484 0.        ],0.0
64,POSNEGGOV_W49,CREGION,Midwest,[0.27868201 0.72131799],0.035445858711007604
65,POSNEGGOV_W49,CREGION,Northeast,[0.33240042 0.66759958],0.027537074585794945
66,POSNEGGOV_W49,CREGION,South,[0.33592098 0.66407902],0.038064481664797346
67,POSNEGGOV_W49,CREGION,West,[0.31421765 0.68578235],0.03835617131536557
68,RTBFc_W49,CREGION,Midwest,[0.58388659 0.41611341],0.012862806489974682
69,RTBFc_W49,CREGION,Northeast,[0.55951963 0.44048037],0.017749521464699918
70,RTBFc_W49,CREGION,South,[0.60055396 0.39944604],0.03259034464689081
71,RTBFc_W49,CREGION,West,[0.53462817 0.46537183],0.025020066424287755
72,FACE4d_W49,CREGION,Midwest,[0.52877187 0.47122813],0.19797950272062992
73,FACE4d_W49,CREGION,Northeast,[0.4779326 0.5220674],0.1483170442363657
74,FACE4d_W49,CREGION,South,[0.54401222 0.45598778],0.18250606545419001
75,FACE4d_W49,CREGION,West,[0.50205125 0.49794875],0.20238805592041245
76,RTDa_W49,CREGION,Midwest,[0.34792234 0.65207766],0.023370981398991464
77,RTDa_W49,CREGION,Northeast,[0.38031236 0.61968764],0.023505606948618658
78,RTDa_W49,CREGION,South,[0.36209736 0.63790264],0.031720691891195835
79,RTDa_W49,CREGION,West,[0.40068841 0.59931159],0.026477013365136484
80,PP4_W49,CREGION,Midwest,[0.14285752 0.51110107 0.3215887  0.02445271],0.0009382352010301453
81,PP4_W49,CREGION,Northeast,[0.10838867 0.53430028 0.31715271 0.04015835],0.0012209230117126658
82,PP4_W49,CREGION,South,[0.12932903 0.55985398 0.27939888 0.03141811],0.00248856087384968
83,PP4_W49,CREGION,West,[0.12485459 0.56369205 0.2844155  0.02703786],0.0
84,PROFILE3_W49,CREGION,Midwest,[0.54427331 0.3561563  0.09957039],0.07425732163307332
85,PROFILE3_W49,CREGION,Northeast,[0.56577044 0.36076912 0.07346044],0.07091148370444471
86,PROFILE3_W49,CREGION,South,[0.49796195 0.39200147 0.11003658],0.08231372435595948
87,PROFILE3_W49,CREGION,West,[0.53045315 0.35627075 0.1132761 ],0.057053610363390156
88,CONCERNCO_W49,CREGION,Midwest,[0.33692448 0.44317205 0.20510218 0.01480128],0.004332956559896236
89,CONCERNCO_W49,CREGION,Northeast,[0.37864591 0.41603443 0.14080647 0.06451319],0.004585944022978181
90,CONCERNCO_W49,CREGION,South,[0.35211531 0.44327256 0.16823438 0.03637776],0.0
91,CONCERNCO_W49,CREGION,West,[0.38866696 0.42257427 0.15889344 0.02986533],0.0
92,CONTROLGRPf_W49,CREGION,Midwest,[0.10740558 0.51797486 0.37461956],0.007065243908786614
93,CONTROLGRPf_W49,CREGION,Northeast,[0.12835527 0.52871878 0.34292595],0.0026546028922861237
94,CONTROLGRPf_W49,CREGION,South,[0.15630261 0.48896141 0.35473597],0.0
95,CONTROLGRPf_W49,CREGION,West,[0.1203187  0.46119737 0.41848393],0.010889307657049084
96,PP5d_W49,CREGION,Midwest,[0.03235207 0.26102955 0.50080949 0.20580889],0.009669770234711458
97,PP5d_W49,CREGION,Northeast,[0.0502055  0.23279967 0.47835523 0.2386396 ],0.002506830798887845
98,PP5d_W49,CREGION,South,[0.03547761 0.3005546  0.45477512 0.20919267],0.004750761388200207
99,PP5d_W49,CREGION,West,[0.02968526 0.27228499 0.47682469 0.22120506],0.00483341710544278
100,CONCERNGRPc_W49,CREGION,Midwest,[0.18232617 0.36654524 0.4511286 ],0.0033027207558074955
101,CONCERNGRPc_W49,CREGION,Northeast,[0.23642321 0.34202563 0.42155116],0.009933913636962059
102,CONCERNGRPc_W49,CREGION,South,[0.17460708 0.39684392 0.428549  ],0.005674457711607225
103,CONCERNGRPc_W49,CREGION,West,[0.19777865 0.43545553 0.36676582],0.007246778347741766
104,GOVREGV2_W49,CREGION,Midwest,[0.58895975 0.41104025],0.016654843420241438
105,GOVREGV2_W49,CREGION,Northeast,[0.53783091 0.46216909],0.008804764201627393
106,GOVREGV2_W49,CREGION,South,[0.52745386 0.47254614],0.006660327722669926
107,GOVREGV2_W49,CREGION,West,[0.56842638 0.43157362],0.01764446028186843
108,PP2_W49,CREGION,Midwest,[0.07621757 0.11011081 0.40088818 0.41278344],0.004117374552155254
109,PP2_W49,CREGION,Northeast,[0.07948435 0.12037574 0.36587743 0.43426248],0.008497538536160079
110,PP2_W49,CREGION,South,[0.10328339 0.16226635 0.41600521 0.31844505],0.006813440868091432
111,PP2_W49,CREGION,West,[0.09173145 0.14230832 0.37765102 0.38830922],0.0012653786861001406
112,ANONYMOUS1GOV_W49,CREGION,Midwest,[0.35424022 0.64575978],0.013034069023680218
113,ANONYMOUS1GOV_W49,CREGION,Northeast,[0.37088804 0.62911196],0.0031464691590135456
114,ANONYMOUS1GOV_W49,CREGION,South,[0.36312528 0.63687472],0.00853706534001397
115,ANONYMOUS1GOV_W49,CREGION,West,[0.3765664 0.6234336],0.0025219141226554653
116,FACE4a_W49,CREGION,Midwest,[0.7773059 0.2226941],0.14049463620706887
117,FACE4a_W49,CREGION,Northeast,[0.79946133 0.20053867],0.16060130413116194
118,FACE4a_W49,CREGION,South,[0.82530711 0.17469289],0.16047537623918656
119,FACE4a_W49,CREGION,West,[0.78874787 0.21125213],0.1451053226916563
120,FACE2b_W49,CREGION,Midwest,[0.17744497 0.59657849 0.19779608 0.02818046],0.013118969712571696
121,FACE2b_W49,CREGION,Northeast,[0.17369715 0.54704181 0.21188988 0.06737116],0.01264613561825952
122,FACE2b_W49,CREGION,South,[0.16719183 0.55151593 0.23234987 0.04894238],0.015477983021192644
123,FACE2b_W49,CREGION,West,[0.22169594 0.51590919 0.2235758  0.03881907],0.013472337566013907
124,SECUR1_W49,CREGION,Midwest,[0.0484731  0.71920532 0.23232158],0.0008190391972480944
125,SECUR1_W49,CREGION,Northeast,[0.07018334 0.71093497 0.21888169],0.0060195664926885875
126,SECUR1_W49,CREGION,South,[0.06510301 0.67567546 0.25922153],0.0
127,SECUR1_W49,CREGION,West,[0.06299895 0.71419891 0.22280214],0.003822148192993149
128,LOYALTY_W49,CREGION,Midwest,[0.68091995 0.31908005],0.0015839163258832755
129,LOYALTY_W49,CREGION,Northeast,[0.6815694 0.3184306],0.001561611284099991
130,LOYALTY_W49,CREGION,South,[0.59231734 0.40768266],0.003639537151919497
131,LOYALTY_W49,CREGION,West,[0.68121464 0.31878536],0.0005431996520233749
132,PP3_W49,CREGION,Midwest,[0.24083981 0.29798476 0.46117543],0.00501378288610176
133,PP3_W49,CREGION,Northeast,[0.20593251 0.31217003 0.48189746],0.0
134,PP3_W49,CREGION,South,[0.21801945 0.36740849 0.41457205],0.0024760926987211604
135,PP3_W49,CREGION,West,[0.21550141 0.38516713 0.39933146],0.00045080103002294975
136,CONTROLGRPe_W49,CREGION,Midwest,[0.07757073 0.46916617 0.41814236 0.03512074],0.007065243908786615
137,CONTROLGRPe_W49,CREGION,Northeast,[0.0800588  0.49916455 0.40729192 0.01348473],0.002165831691389765
138,CONTROLGRPe_W49,CREGION,South,[0.13119511 0.41858687 0.37967237 0.07054565],0.0
139,CONTROLGRPe_W49,CREGION,West,[0.0872643  0.4068215  0.45632611 0.04958808],0.0
140,TRACKCO1a_W49,CREGION,Midwest,[0.38919749 0.33761404 0.16105188 0.07377433 0.03836226],0.0017053592287388825
141,TRACKCO1a_W49,CREGION,Northeast,[0.42679241 0.29276044 0.17298136 0.04235412 0.06511167],0.0013853481936691114
142,TRACKCO1a_W49,CREGION,South,[0.39171623 0.30468144 0.21695586 0.03934694 0.04729954],0.013435810536929712
143,TRACKCO1a_W49,CREGION,West,[0.45088079 0.31322653 0.17655875 0.02868014 0.03065379],0.0006934406813105027
144,CONTROLCO_W49,CREGION,Midwest,[0.02559784 0.12065988 0.53142719 0.32231509],0.0025585066802124626
145,CONTROLCO_W49,CREGION,Northeast,[0.03410631 0.13632889 0.49517488 0.33438992],0.012116055452813182
146,CONTROLCO_W49,CREGION,South,[0.03543321 0.18041378 0.50571493 0.27843808],0.0
147,CONTROLCO_W49,CREGION,West,[0.03960109 0.14562792 0.51043501 0.30433598],0.0011070842217092223
148,SOCMEDIAUSEc_W49,CREGION,Midwest,[0.21838022 0.78161978],0.023208933246870903
149,SOCMEDIAUSEc_W49,CREGION,Northeast,[0.28665837 0.71334163],0.023157235695054686
150,SOCMEDIAUSEc_W49,CREGION,South,[0.21450566 0.78549434],0.012516191084216352
151,SOCMEDIAUSEc_W49,CREGION,West,[0.22144775 0.77855225],0.014473880164154221
152,PRIVACYREG_W49,CREGION,Midwest,[0.02627347 0.32402732 0.51505418 0.13464503],0.0017119275351930778
153,PRIVACYREG_W49,CREGION,Northeast,[0.03478415 0.33085066 0.49462697 0.13973822],0.0010030580377447607
154,PRIVACYREG_W49,CREGION,South,[0.03965751 0.35103625 0.47367574 0.13563051],0.0010821284743852348
155,PRIVACYREG_W49,CREGION,West,[0.01999676 0.32402236 0.50257962 0.15340126],0.006181627004519216
156,TALKDISASNSINT_W49,CREGION,Midwest,[0.25461839 0.74538161],0.05861550911505914
157,TALKDISASNSINT_W49,CREGION,Northeast,[0.23646586 0.76353414],0.06005322152092629
158,TALKDISASNSINT_W49,CREGION,South,[0.32521149 0.67478851],0.033818080203908266
159,TALKDISASNSINT_W49,CREGION,West,[0.28876557 0.71123443],0.056100282369865556
160,PRIVACYNEWS1_W49,CREGION,Midwest,[0.08727977 0.48050079 0.33103152 0.10118792],0.0
161,PRIVACYNEWS1_W49,CREGION,Northeast,[0.11429992 0.46462537 0.33594589 0.08512883],0.002396436256453799
162,PRIVACYNEWS1_W49,CREGION,South,[0.10752257 0.44156518 0.351536   0.09937626],0.0039001801188404558
163,PRIVACYNEWS1_W49,CREGION,West,[0.12132976 0.47038552 0.31413953 0.09414519],0.0034688207107061975
164,HOMEASSIST4_W49,CREGION,Midwest,[0.14143136 0.42096178 0.33712922 0.10047764],0.0
165,HOMEASSIST4_W49,CREGION,Northeast,[0.23843946 0.33298034 0.28850044 0.14007976],0.005373277363078953
166,HOMEASSIST4_W49,CREGION,South,[0.20042823 0.37302331 0.29211954 0.13442891],0.015479426064582007
167,HOMEASSIST4_W49,CREGION,West,[0.12426633 0.4069388  0.37155079 0.09724408],0.0047331160322240775
168,FITTRACK_W49,CREGION,Midwest,[0.18697165 0.81302835],0.0030751295448270682
169,FITTRACK_W49,CREGION,Northeast,[0.24592851 0.75407149],0.001561611284099991
170,FITTRACK_W49,CREGION,South,[0.21490342 0.78509658],0.002084417834084694
171,FITTRACK_W49,CREGION,West,[0.21603486 0.78396514],0.0005431996520233749
172,DATAUSEb_W49,CREGION,Midwest,[0.61704693 0.38295307],0.28287600855256956
173,DATAUSEb_W49,CREGION,Northeast,[0.6449396 0.3550604],0.21789970488948324
174,DATAUSEb_W49,CREGION,South,[0.64783491 0.35216509],0.23392687255046332
175,DATAUSEb_W49,CREGION,West,[0.6490665 0.3509335],0.23430618691497826
176,CONCERNGOV_W49,CREGION,Midwest,[0.20989066 0.41499323 0.30261294 0.07250317],0.005184023020478825
177,CONCERNGOV_W49,CREGION,Northeast,[0.24720085 0.39884772 0.27086353 0.0830879 ],0.00325559412885337
178,CONCERNGOV_W49,CREGION,South,[0.26679636 0.36082859 0.25905173 0.11332332],0.00572001549140759
179,CONCERNGOV_W49,CREGION,West,[0.26941443 0.41781576 0.21572478 0.09704504],0.004253982973744155
180,HOMEASSIST2_W49,CREGION,Midwest,[0.12702196 0.39917855 0.38302951 0.09076999],0.0
181,HOMEASSIST2_W49,CREGION,Northeast,[0.10944427 0.41414377 0.38385976 0.0925522 ],0.0
182,HOMEASSIST2_W49,CREGION,South,[0.15009646 0.395774   0.34703993 0.10708961],0.0
183,HOMEASSIST2_W49,CREGION,West,[0.17548243 0.40479906 0.33812339 0.08159512],0.0
184,TRACKGOV1a_W49,CREGION,Midwest,[0.23146114 0.25162595 0.31830048 0.13551216 0.06310027],0.006409591243576119
185,TRACKGOV1a_W49,CREGION,Northeast,[0.24180461 0.27215895 0.28987917 0.14489895 0.05125832],0.0018292264296042486
186,TRACKGOV1a_W49,CREGION,South,[0.23651781 0.21221828 0.28269502 0.15091117 0.11765772],0.005567516885295837
187,TRACKGOV1a_W49,CREGION,West,[0.25742409 0.22830589 0.30967574 0.1144075  0.09018678],0.00516003206694652
188,SHARE1_W49,CREGION,Midwest,[0.52771926 0.47228074],0.004391955720101451
189,SHARE1_W49,CREGION,Northeast,[0.48876346 0.51123654],0.0078623807178533
190,SHARE1_W49,CREGION,South,[0.51952796 0.48047204],0.004685939406386543
191,SHARE1_W49,CREGION,West,[0.53415184 0.46584816],0.005344749463652285
192,HOMEASSIST5b_W49,CREGION,Midwest,[0.38159929 0.61840071],0.0
193,HOMEASSIST5b_W49,CREGION,Northeast,[0.29502503 0.70497497],0.010572596151755771
194,HOMEASSIST5b_W49,CREGION,South,[0.32256965 0.67743035],0.008419594030896486
195,HOMEASSIST5b_W49,CREGION,West,[0.35178769 0.64821231],0.009795594548552375
196,CONCERNGRPd_W49,CREGION,Midwest,[0.27330064 0.53615414 0.19054522],0.0016056235802685644
197,CONCERNGRPd_W49,CREGION,Northeast,[0.30456426 0.51676054 0.1786752 ],0.0017381906829334799
198,CONCERNGRPd_W49,CREGION,South,[0.27137394 0.49665164 0.23197441],0.00280866562180949
199,CONCERNGRPd_W49,CREGION,West,[0.34670386 0.4786706  0.17462554],0.0017517663736535136
200,ANONYMOUS1CO_W49,CREGION,Midwest,[0.38029062 0.61970938],0.0013283609459856188
201,ANONYMOUS1CO_W49,CREGION,Northeast,[0.33874866 0.66125134],0.0063025394779869315
202,ANONYMOUS1CO_W49,CREGION,South,[0.39109027 0.60890973],0.004730430297953607
203,ANONYMOUS1CO_W49,CREGION,West,[0.38247239 0.61752761],0.006893896273218818
204,PP5a_W49,CREGION,Midwest,[0.03790909 0.36436969 0.44422515 0.15349606],0.004798160458163213
205,PP5a_W49,CREGION,Northeast,[0.05624281 0.37149433 0.41457788 0.15768498],0.0007431461515767425
206,PP5a_W49,CREGION,South,[0.0438671  0.38823485 0.37781757 0.19008048],0.008189771825367656
207,PP5a_W49,CREGION,West,[0.06037464 0.3596642  0.40770421 0.17225695],0.005474711569849154
208,POSNEGCO_W49,CREGION,Midwest,[0.17537233 0.82462767],0.00911462928084665
209,POSNEGCO_W49,CREGION,Northeast,[0.20063703 0.79936297],0.01431999391019963
210,POSNEGCO_W49,CREGION,South,[0.16531349 0.83468651],0.024296903347516257
211,POSNEGCO_W49,CREGION,West,[0.16930656 0.83069344],0.02564589157760359
212,BENEFITGOV_W49,CREGION,Midwest,[0.05158818 0.29910081 0.64931101 0.        ],0.009461422290905071
213,BENEFITGOV_W49,CREGION,Northeast,[0.06939909 0.24433317 0.68626773 0.        ],0.014937813688774223
214,BENEFITGOV_W49,CREGION,South,[0.0648006  0.28753692 0.64766248 0.        ],0.018773694227057523
215,BENEFITGOV_W49,CREGION,West,[0.06380984 0.33495228 0.60123788 0.        ],0.009601143661184957
216,RTBFa_W49,CREGION,Midwest,[0.39362448 0.60637552],0.010072943115930412
217,RTBFa_W49,CREGION,Northeast,[0.38879923 0.61120077],0.022772520639567508
218,RTBFa_W49,CREGION,South,[0.40122913 0.59877087],0.020993914866035832
219,RTBFa_W49,CREGION,West,[0.40519203 0.59480797],0.022101449384043282
220,TRACKGOV1b_W49,CREGION,Midwest,[0.09223745 0.11647187 0.36800789 0.28609825 0.13718454],0.004884410457202648
221,TRACKGOV1b_W49,CREGION,Northeast,[0.09426603 0.1349355  0.37198374 0.26489847 0.13391627],0.0018292264296042486
222,TRACKGOV1b_W49,CREGION,South,[0.11805808 0.14066934 0.27921239 0.2733701  0.18869009],0.007246623625216793
223,TRACKGOV1b_W49,CREGION,West,[0.10580703 0.13571076 0.33234655 0.26841184 0.15772382],0.0009059302105105198
224,SOCMEDIAUSEd_W49,CREGION,Midwest,[0.27332614 0.72667386],0.01900289790567913
225,SOCMEDIAUSEd_W49,CREGION,Northeast,[0.3106231 0.6893769],0.01869580009331342
226,SOCMEDIAUSEd_W49,CREGION,South,[0.29458461 0.70541539],0.014606724853922642
227,SOCMEDIAUSEd_W49,CREGION,West,[0.30486087 0.69513913],0.016760125737848745
228,DATAUSEd_W49,CREGION,Midwest,[0.53288691 0.46711309],0.2504035025970935
229,DATAUSEd_W49,CREGION,Northeast,[0.59975915 0.40024085],0.20099956179940812
230,DATAUSEd_W49,CREGION,South,[0.52055498 0.47944502],0.24228238740726998
231,DATAUSEd_W49,CREGION,West,[0.52316211 0.47683789],0.22709866151071886
232,DATAUSEa_W49,CREGION,Midwest,[0.57121641 0.42878359],0.21414020813404921
233,DATAUSEa_W49,CREGION,Northeast,[0.62788473 0.37211527],0.21185072727579476
234,DATAUSEa_W49,CREGION,South,[0.64794656 0.35205344],0.17097158204118287
235,DATAUSEa_W49,CREGION,West,[0.57734153 0.42265847],0.21209058574412715
236,SOCMEDIAUSEa_W49,CREGION,Midwest,[0.75491091 0.24508909],0.0003146594541628738
237,SOCMEDIAUSEa_W49,CREGION,Northeast,[0.74525991 0.25474009],0.0029379241942856247
238,SOCMEDIAUSEa_W49,CREGION,South,[0.72987831 0.27012169],0.001148154261985189
239,SOCMEDIAUSEa_W49,CREGION,West,[0.65974816 0.34025184],0.007719044360648436
240,PP6c_W49,CREGION,Midwest,[0.06405547 0.44219226 0.32304864 0.17070363],0.0035959062490509403
241,PP6c_W49,CREGION,Northeast,[0.0650718  0.44771797 0.29322259 0.19398764],0.007906218380207497
242,PP6c_W49,CREGION,South,[0.08556574 0.41161145 0.31975881 0.18306401],0.004006717093166655
243,PP6c_W49,CREGION,West,[0.10392966 0.40698553 0.31520877 0.17387604],0.004664065132722624
244,FACE4b_W49,CREGION,Midwest,[0.42346187 0.57653813],0.1996666049557761
245,FACE4b_W49,CREGION,Northeast,[0.42751355 0.57248645],0.15076232863958267
246,FACE4b_W49,CREGION,South,[0.44660042 0.55339958],0.18634862706148653
247,FACE4b_W49,CREGION,West,[0.38614678 0.61385322],0.165266976643349
248,DATAUSEe_W49,CREGION,Midwest,[0.38327207 0.61672793],0.3183421586825983
249,DATAUSEe_W49,CREGION,Northeast,[0.37506086 0.62493914],0.253555844215839
250,DATAUSEe_W49,CREGION,South,[0.36234394 0.63765606],0.2695159896896903
251,DATAUSEe_W49,CREGION,West,[0.37472094 0.62527906],0.28880955373865735
252,HOMEIOT_W49,CREGION,Midwest,[0.19864039 0.80135961],0.002012758721483445
253,HOMEIOT_W49,CREGION,Northeast,[0.17289798 0.82710202],0.01041280996098544
254,HOMEIOT_W49,CREGION,South,[0.21606633 0.78393367],0.0051997386072600935
255,HOMEIOT_W49,CREGION,West,[0.18701535 0.81298465],0.0008876511665502038
256,SOCMEDIAUSEb_W49,CREGION,Midwest,[0.34085362 0.65914638],0.009892422560810772
257,SOCMEDIAUSEb_W49,CREGION,Northeast,[0.42514369 0.57485631],0.012598216538457203
258,SOCMEDIAUSEb_W49,CREGION,South,[0.38396609 0.61603391],0.008533704041822568
259,SOCMEDIAUSEb_W49,CREGION,West,[0.39167848 0.60832152],0.01652758428233366
260,CONTROLGRPb_W49,CREGION,Midwest,[0.07999828 0.37200919 0.50899869 0.03899385],0.0014915358807021202
261,CONTROLGRPb_W49,CREGION,Northeast,[0.0833893  0.34620465 0.53894656 0.03145949],0.0028316333109009643
262,CONTROLGRPb_W49,CREGION,South,[0.10332601 0.44028205 0.42954519 0.02684674],0.00763686072129293
263,CONTROLGRPb_W49,CREGION,West,[0.10174687 0.37032234 0.48703564 0.04089515],0.001800524903019725
264,DB1b_W49,CREGION,Midwest,[0.06397677 0.89884958 0.03717365],0.006917263722430335
265,DB1b_W49,CREGION,Northeast,[0.06460777 0.91295221 0.02244002],0.0008477981338368524
266,DB1b_W49,CREGION,South,[0.0965358  0.85464043 0.04882376],0.0073809236511016224
267,DB1b_W49,CREGION,West,[0.08030742 0.87416767 0.0455249 ],0.005232368776488299
268,RTDc_W49,CREGION,Midwest,[0.6958152 0.3041848],0.012022809809731486
269,RTDc_W49,CREGION,Northeast,[0.70810611 0.29189389],0.016857463049757687
270,RTDc_W49,CREGION,South,[0.68527097 0.31472903],0.038205842925389276
271,RTDc_W49,CREGION,West,[0.75072861 0.24927139],0.01856841080057221
272,CONCERNGRPa_W49,CREGION,Midwest,[0.25947036 0.33535472 0.40517492],0.0
273,CONCERNGRPa_W49,CREGION,Northeast,[0.26765225 0.34329874 0.38904901],0.0
274,CONCERNGRPa_W49,CREGION,South,[0.24291792 0.37781337 0.37926871],0.0
275,CONCERNGRPa_W49,CREGION,West,[0.2687594  0.35473523 0.37650536],0.006117251274791112
276,FACE1_W49,CREGION,Midwest,[0.21715033 0.64338725 0.13946243],0.002113853027191984
277,FACE1_W49,CREGION,Northeast,[0.26750826 0.60617576 0.12631598],0.002808430941078741
278,FACE1_W49,CREGION,South,[0.25076735 0.6063804  0.14285225],0.004772171147374585
279,FACE1_W49,CREGION,West,[0.26595627 0.61647382 0.11756991],0.0
280,CONTROLGRPc_W49,CREGION,Midwest,[0.08727965 0.41105555 0.50166479],0.0
281,CONTROLGRPc_W49,CREGION,Northeast,[0.13153182 0.40903358 0.45943459],0.0
282,CONTROLGRPc_W49,CREGION,South,[0.12490712 0.46899182 0.40610106],0.0011354431543177676
283,CONTROLGRPc_W49,CREGION,West,[0.11410365 0.42397131 0.46192505],0.010362245458537207
284,FACE3b_W49,CREGION,Midwest,[0.04699397 0.37487709 0.38176635 0.19636259],0.007062481868134736
285,FACE3b_W49,CREGION,Northeast,[0.07641188 0.34887234 0.31634393 0.25837186],0.009455670575837617
286,FACE3b_W49,CREGION,South,[0.07135861 0.36248047 0.34313387 0.22302704],0.014915958657301151
287,FACE3b_W49,CREGION,West,[0.04265339 0.34479565 0.3589301  0.25362086],0.00966141319413808
288,CONTROLGRPd_W49,CREGION,Midwest,[0.14513185 0.60250872 0.25235943],0.010262496059205841
289,CONTROLGRPd_W49,CREGION,Northeast,[0.20806166 0.54966029 0.24227806],0.0006200818528380631
290,CONTROLGRPd_W49,CREGION,South,[0.20911049 0.50067019 0.29021933],0.0006606252578423053
291,CONTROLGRPd_W49,CREGION,West,[0.14643681 0.54028954 0.31327365],0.011121379536019048
292,PWMAN2_W49,CREGION,Midwest,"[0.22156375 0.06069912 0.21293102 0.01179789 0.05041527 0.25850412
 0.02581869 0.11266968 0.04560046]",0.0020511262173288094
293,PWMAN2_W49,CREGION,Northeast,"[0.15564481 0.07382241 0.16919359 0.00545351 0.04700829 0.3117895
 0.06587514 0.14395179 0.02726096]",0.0009179908137006235
294,PWMAN2_W49,CREGION,South,"[0.17412846 0.06749357 0.19439391 0.02209298 0.03980277 0.28907109
 0.032413   0.11947784 0.06112639]",0.008811143265556513
295,PWMAN2_W49,CREGION,West,"[0.16219218 0.068835   0.1637444  0.01483275 0.05749134 0.27794937
 0.01614208 0.17917348 0.0596394 ]",0.005992904484885226
296,FACE2c_W49,CREGION,Midwest,[0.15058275 0.6255889  0.19842241 0.02540594],0.011644522342612844
297,FACE2c_W49,CREGION,Northeast,[0.16873103 0.53492474 0.23257569 0.06376855],0.02330974217355607
298,FACE2c_W49,CREGION,South,[0.19245787 0.53464069 0.22570063 0.04720081],0.025233244661968728
299,FACE2c_W49,CREGION,West,[0.18278459 0.50419374 0.25626979 0.05675188],0.01231827252282641
300,CONCERNGRPb_W49,CREGION,Midwest,[0.39225375 0.42611055 0.1816357 ],0.002331442850351277
301,CONCERNGRPb_W49,CREGION,Northeast,[0.40282122 0.43893926 0.15823952],0.0
302,CONCERNGRPb_W49,CREGION,South,[0.36696715 0.45654137 0.17649148],0.0026973425824616203
303,CONCERNGRPb_W49,CREGION,West,[0.43858345 0.44021909 0.12119746],0.0061172512747911115
304,HOMEASSIST1_W49,CREGION,Midwest,[0.23057641 0.76942359],0.0008282676998529823
305,HOMEASSIST1_W49,CREGION,Northeast,[0.30334534 0.69665466],0.0022214150722205273
306,HOMEASSIST1_W49,CREGION,South,[0.2433486 0.7566514],0.0014431626520534297
307,HOMEASSIST1_W49,CREGION,West,[0.22388012 0.77611988],0.0019802363564341654
308,DATAUSEf_W49,CREGION,Midwest,[0.35832408 0.64167592],0.2840409692403609
309,DATAUSEf_W49,CREGION,Northeast,[0.32147326 0.67852674],0.23897864977243344
310,DATAUSEf_W49,CREGION,South,[0.33918309 0.66081691],0.25937383725873653
311,DATAUSEf_W49,CREGION,West,[0.3351416 0.6648584],0.2669427673199709
312,RTBFb_W49,CREGION,Midwest,[0.66989118 0.33010882],0.012975557940281657
313,RTBFb_W49,CREGION,Northeast,[0.7160693 0.2839307],0.01615695804879787
314,RTBFb_W49,CREGION,South,[0.70061053 0.29938947],0.013459883443914163
315,RTBFb_W49,CREGION,West,[0.63898152 0.36101848],0.017907971467099337
316,DB1c_W49,CREGION,Midwest,[0.04883505 0.95116495],0.006098224525182242
317,DB1c_W49,CREGION,Northeast,[0.05912965 0.94087035],0.005185281884342897
318,DB1c_W49,CREGION,South,[0.06842772 0.93157228],0.003731250202173136
319,DB1c_W49,CREGION,West,[0.06106099 0.93893901],0.006950195636236807
320,FACE4c_W49,CREGION,Midwest,[0.26189803 0.73810197],0.22563012324615017
321,FACE4c_W49,CREGION,Northeast,[0.2500164 0.7499836],0.13073874870514238
322,FACE4c_W49,CREGION,South,[0.21475702 0.78524298],0.1917930952260152
323,FACE4c_W49,CREGION,West,[0.15831809 0.84168191],0.20250194263191645
324,TRACKCO1b_W49,CREGION,Midwest,[0.12627914 0.17221762 0.37434712 0.22505854 0.10209758],0.003479809108422656
325,TRACKCO1b_W49,CREGION,Northeast,[0.11167143 0.18448411 0.38251448 0.21182759 0.1095024 ],0.0013853481936691111
326,TRACKCO1b_W49,CREGION,South,[0.10887272 0.17713917 0.37673396 0.20169651 0.13555764],0.008860024295918359
327,TRACKCO1b_W49,CREGION,West,[0.12790667 0.23079512 0.39358331 0.15232773 0.09538717],0.0006934406813105027
328,RTDb_W49,CREGION,Midwest,[0.89585917 0.10414083],0.011389637178157972
329,RTDb_W49,CREGION,Northeast,[0.85159766 0.14840234],0.011322666543513792
330,RTDb_W49,CREGION,South,[0.8803018 0.1196982],0.02487179896117633
331,RTDb_W49,CREGION,West,[0.90720827 0.09279173],0.02587113133313139
332,HOMEASSIST3_W49,CREGION,Midwest,[0.19312696 0.39686624 0.4100068 ],0.0
333,HOMEASSIST3_W49,CREGION,Northeast,[0.19358362 0.321782   0.48463438],0.0
334,HOMEASSIST3_W49,CREGION,South,[0.18234385 0.34886955 0.4687866 ],0.010843783221983304
335,HOMEASSIST3_W49,CREGION,West,[0.21577254 0.32307637 0.46115108],0.0
336,SMARTAPP_W49,CREGION,Midwest,[0.4225064  0.19190251 0.32802151 0.05756958],0.004821052236044088
337,SMARTAPP_W49,CREGION,Northeast,[0.47789628 0.17525238 0.28669797 0.06015337],0.0002968773348233509
338,SMARTAPP_W49,CREGION,South,[0.45860397 0.18829866 0.30336312 0.04973425],0.003558735156481975
339,SMARTAPP_W49,CREGION,West,[0.44688957 0.16906626 0.32984059 0.05420357],0.005124863387179395
340,UNDERSTANDGOV_W49,CREGION,Midwest,[0.02366762 0.18551007 0.56445702 0.22636529],0.004434514164239187
341,UNDERSTANDGOV_W49,CREGION,Northeast,[0.0417748  0.16361815 0.5348408  0.25976624],0.0006200818528380631
342,UNDERSTANDGOV_W49,CREGION,South,[0.05086646 0.17654633 0.5106127  0.26197452],0.0022309177364794506
343,UNDERSTANDGOV_W49,CREGION,West,[0.04835302 0.1698013  0.53216349 0.24968218],0.0
344,CONCERNGRPe_W49,CREGION,Midwest,[0.08138158 0.31843974 0.60017868],0.0
345,CONCERNGRPe_W49,CREGION,Northeast,[0.06570711 0.38144237 0.55285052],0.0017381906829334799
346,CONCERNGRPe_W49,CREGION,South,[0.10069745 0.30985521 0.58944734],0.003365746105628436
347,CONCERNGRPe_W49,CREGION,West,[0.10591126 0.36739112 0.52669761],0.0
348,PROFILE5_W49,CREGION,Midwest,[0.05303118 0.55950635 0.34231112 0.04515135],0.00296838426600818
349,PROFILE5_W49,CREGION,Northeast,[0.07853508 0.52624057 0.34066482 0.05455953],0.0028069389484461434
350,PROFILE5_W49,CREGION,South,[0.06892081 0.55715    0.32922698 0.04470221],0.0026104719900008656
351,PROFILE5_W49,CREGION,West,[0.07856073 0.53345049 0.33015629 0.0578325 ],0.003939342843233288
352,ELECTFTGSNSINT_W49,CREGION,Midwest,[0.14574696 0.47274978 0.38150326],0.009343026228226244
353,ELECTFTGSNSINT_W49,CREGION,Northeast,[0.15437445 0.4593337  0.38629184],0.003673726697453221
354,ELECTFTGSNSINT_W49,CREGION,South,[0.15246767 0.4660596  0.38147273],0.008673320331354203
355,ELECTFTGSNSINT_W49,CREGION,West,[0.16883651 0.44129601 0.38986749],0.0036945771592227796
356,PP6a_W49,CREGION,Midwest,[0.09784138 0.50828827 0.28236823 0.11150212],0.0029137658142880107
357,PP6a_W49,CREGION,Northeast,[0.12322831 0.44873526 0.30218834 0.12584809],0.004886487926208575
358,PP6a_W49,CREGION,South,[0.09268303 0.45884749 0.30207334 0.14639614],0.008038672040805198
359,PP6a_W49,CREGION,West,[0.11613372 0.48094345 0.25530264 0.1476202 ],0.005954335588744569
360,RTBFd_W49,CREGION,Midwest,[0.87889834 0.12110166],0.0049773603500087105
361,RTBFd_W49,CREGION,Northeast,[0.87847075 0.12152925],0.012524172785989562
362,RTBFd_W49,CREGION,South,[0.86409797 0.13590203],0.016365241584343
363,RTBFd_W49,CREGION,West,[0.8308476 0.1691524],0.023622801291130997
364,CONCERNGRPf_W49,CREGION,Midwest,[0.40311624 0.44359135 0.15329241],0.0
365,CONCERNGRPf_W49,CREGION,Northeast,[0.40685203 0.44213683 0.15101115],0.0
366,CONCERNGRPf_W49,CREGION,South,[0.37487434 0.48628418 0.13884147],0.004566737919955557
367,CONCERNGRPf_W49,CREGION,West,[0.42722871 0.43163263 0.14113866],0.0
368,DB1a_W49,CREGION,Midwest,[0.18044729 0.81955271],0.006098224525182241
369,DB1a_W49,CREGION,Northeast,[0.21007577 0.78992423],0.00881450727132743
370,DB1a_W49,CREGION,South,[0.23474628 0.76525372],0.0052900965282198925
371,DB1a_W49,CREGION,West,[0.22130815 0.77869185],0.006044463026512979
372,PP5b_W49,CREGION,Midwest,[0.03280443 0.29126366 0.43361875 0.24231316],0.008908120797359424
373,PP5b_W49,CREGION,Northeast,[0.05595971 0.29316247 0.40156038 0.24931744],0.0
374,PP5b_W49,CREGION,South,[0.0629688  0.30814416 0.39549443 0.23339262],0.0024611827618867222
375,PP5b_W49,CREGION,West,[0.04402149 0.28822299 0.40881726 0.25893826],0.010635177939710399
376,PWMAN_W49,CREGION,Midwest,[0.18641124 0.81358876],0.002901222685540225
377,PWMAN_W49,CREGION,Northeast,[0.17383409 0.82616591],0.0035731463812982587
378,PWMAN_W49,CREGION,South,[0.19427036 0.80572964],0.007251168895932786
379,PWMAN_W49,CREGION,West,[0.23120885 0.76879115],0.006336007427815842
380,RTDd_W49,CREGION,Midwest,[0.79901434 0.20098566],0.011341202558481802
381,RTDd_W49,CREGION,Northeast,[0.78315343 0.21684657],0.013981197202822674
382,RTDd_W49,CREGION,South,[0.79549839 0.20450161],0.030843551477163295
383,RTDd_W49,CREGION,West,[0.83029983 0.16970017],0.017812352937374733
384,FACE3c_W49,CREGION,Midwest,[0.19300622 0.4756313  0.19991368 0.1314488 ],0.004199064222563603
385,FACE3c_W49,CREGION,Northeast,[0.20208902 0.45210155 0.1731164  0.17269303],0.012421287319062016
386,FACE3c_W49,CREGION,South,[0.21075048 0.46040056 0.20066239 0.12818657],0.01192606575679687
387,FACE3c_W49,CREGION,West,[0.20156394 0.43800629 0.22078374 0.13964604],0.009268341864201259
388,UNDERSTANDCO_W49,CREGION,Midwest,[0.04137665 0.34177529 0.47496134 0.14188672],0.006678543158791657
389,UNDERSTANDCO_W49,CREGION,Northeast,[0.04979538 0.36886159 0.46721697 0.11412605],0.012416568045805786
390,UNDERSTANDCO_W49,CREGION,South,[0.06213408 0.34747771 0.48484223 0.10554597],0.005372283377582171
391,UNDERSTANDCO_W49,CREGION,West,[0.08704589 0.31529073 0.50162983 0.09603354],0.005571053389161079
0,GOVREGV1_W49,AGE,18-29,[0.69033417 0.11271605 0.19694979],0.02320835739889079
1,GOVREGV1_W49,AGE,30-49,[0.73980509 0.09920908 0.16098584],0.00995169221630909
2,GOVREGV1_W49,AGE,50-64,[0.79290971 0.05873207 0.14835822],0.008800863973669932
3,GOVREGV1_W49,AGE,65+,[0.80497318 0.052643   0.14238382],0.017298170383970732
4,CONTROLGOV_W49,AGE,18-29,[0.05575944 0.1892725  0.41674356 0.3382245 ],0.0
5,CONTROLGOV_W49,AGE,30-49,[0.03999439 0.11994639 0.4238848  0.41617441],0.0035651930367482103
6,CONTROLGOV_W49,AGE,50-64,[0.02274355 0.10339969 0.39430801 0.47954876],0.0022182373449483655
7,CONTROLGOV_W49,AGE,65+,[0.02277545 0.09531249 0.41717682 0.46473523],0.004885468443522878
8,SMARTPHONE_W49,AGE,18-29,[0.97566946 0.02433054],0.0030200957196498284
9,SMARTPHONE_W49,AGE,30-49,[0.94110328 0.05889672],0.0049952068768883764
10,SMARTPHONE_W49,AGE,50-64,[0.82277077 0.17722923],0.004628368825562611
11,SMARTPHONE_W49,AGE,65+,[0.74145227 0.25854773],0.0005819103819842352
12,CONTROLGRPa_W49,AGE,18-29,[0.21765046 0.52598983 0.25635971],0.0
13,CONTROLGRPa_W49,AGE,30-49,[0.17205888 0.49813706 0.32980407],0.0
14,CONTROLGRPa_W49,AGE,50-64,[0.11296568 0.4919477  0.39508662],0.0019221356878177133
15,CONTROLGRPa_W49,AGE,65+,[0.09222242 0.46751265 0.44026493],0.008342790847891047
16,FACE3a_W49,AGE,18-29,[0.04957058 0.17526659 0.3770834  0.39807942],0.0026429852171617847
17,FACE3a_W49,AGE,30-49,[0.0208025  0.1951929  0.41495227 0.36905233],0.01408456586001025
18,FACE3a_W49,AGE,50-64,[0.02360983 0.18437029 0.42034625 0.37167363],0.011538032032427934
19,FACE3a_W49,AGE,65+,[0.01570393 0.16588783 0.37367641 0.44473183],0.009634931225783598
20,PP6b_W49,AGE,18-29,[0.09779594 0.35736213 0.31313855 0.23170338],0.0095367390618553
21,PP6b_W49,AGE,30-49,[0.06654504 0.32910733 0.35687692 0.24747071],0.004726704907551265
22,PP6b_W49,AGE,50-64,[0.02728727 0.25064112 0.41212825 0.30994336],0.003156141259512188
23,PP6b_W49,AGE,65+,[0.04118008 0.27761536 0.3823278  0.29887675],0.0018155726395490614
24,FACE2a_W49,AGE,18-29,[0.27104397 0.58119313 0.13597047 0.01179243],0.00842534545848634
25,FACE2a_W49,AGE,30-49,[0.22146634 0.6142268  0.14443913 0.01986773],0.011554199756569046
26,FACE2a_W49,AGE,50-64,[0.23261658 0.64297226 0.11138508 0.01302608],0.014854648780101488
27,FACE2a_W49,AGE,65+,[0.2600724  0.62872378 0.10009414 0.01110967],0.012327596656490645
28,TALKCMNSNSINT_W49,AGE,18-29,[0.32271323 0.67728677],0.03706180729012647
29,TALKCMNSNSINT_W49,AGE,30-49,[0.24546506 0.75453494],0.04087738364617155
30,TALKCMNSNSINT_W49,AGE,50-64,[0.25633156 0.74366844],0.09175577918932006
31,TALKCMNSNSINT_W49,AGE,65+,[0.33521135 0.66478865],0.12309002522749668
32,DATAUSEc_W49,AGE,18-29,[0.50103021 0.49896979],0.22542472791116855
33,DATAUSEc_W49,AGE,30-49,[0.55525967 0.44474033],0.2096749950730972
34,DATAUSEc_W49,AGE,50-64,[0.65341756 0.34658244],0.17399045229738566
35,DATAUSEc_W49,AGE,65+,[0.65854589 0.34145411],0.11793081040272403
36,DNATEST_W49,AGE,18-29,[0.11498904 0.88501096],0.0018367142854731357
37,DNATEST_W49,AGE,30-49,[0.14669926 0.85330074],0.0026078049450081963
38,DNATEST_W49,AGE,50-64,[0.13928176 0.86071824],0.004870175142120409
39,DNATEST_W49,AGE,65+,[0.23879713 0.76120287],0.003299968961381206
40,PP5c_W49,AGE,18-29,[0.03780899 0.18688599 0.42393928 0.35136574],0.0034621196797082325
41,PP5c_W49,AGE,30-49,[0.02871115 0.19036425 0.46624488 0.31467973],0.007392861243507305
42,PP5c_W49,AGE,50-64,[0.03644314 0.15586234 0.48130381 0.32639071],0.004506096561300241
43,PP5c_W49,AGE,65+,[0.01286641 0.18115242 0.48980415 0.31617702],0.001750526632983697
44,PP5e_W49,AGE,18-29,[0.05594707 0.24555288 0.38968436 0.3088157 ],0.003462119679708232
45,PP5e_W49,AGE,30-49,[0.04336247 0.1954135  0.43304178 0.32818225],0.006813466480658182
46,PP5e_W49,AGE,50-64,[0.03841955 0.1842773  0.4628948  0.31440835],0.004002423441681523
47,PP5e_W49,AGE,65+,[0.0210582  0.21279397 0.4377078  0.32844003],0.004604975619066813
48,PUBLICDATA_W49,AGE,18-29,[0.3016393 0.6983607],0.019751301842624292
49,PUBLICDATA_W49,AGE,30-49,[0.22361645 0.77638355],0.024836731875340568
50,PUBLICDATA_W49,AGE,50-64,[0.24588213 0.75411787],0.034779789522690896
51,PUBLICDATA_W49,AGE,65+,[0.19850828 0.80149172],0.04909209111960105
52,HOMEASSIST5a_W49,AGE,18-29,[0.48117932 0.51882068],0.001493159911587247
53,HOMEASSIST5a_W49,AGE,30-49,[0.39905404 0.60094596],0.0
54,HOMEASSIST5a_W49,AGE,50-64,[0.47339602 0.52660398],0.004780214498463584
55,HOMEASSIST5a_W49,AGE,65+,[0.32295014 0.67704986],0.0
56,PP1_W49,AGE,18-29,[0.22936591 0.38603241 0.25605044 0.10043101 0.02812023],0.0021181838397411686
57,PP1_W49,AGE,30-49,[0.3068534  0.33611223 0.21838898 0.12369007 0.01495532],0.0012328961287040947
58,PP1_W49,AGE,50-64,[0.25534187 0.27947511 0.2467542  0.18843443 0.02999439],0.005396497844416205
59,PP1_W49,AGE,65+,[0.18057877 0.28840658 0.27078114 0.2162827  0.04395082],0.004461861980271252
60,BENEFITCO_W49,AGE,18-29,[0.09118282 0.27799469 0.63082249 0.        ],0.01210670042670946
61,BENEFITCO_W49,AGE,30-49,[0.05111686 0.35184529 0.59703785 0.        ],0.0
62,BENEFITCO_W49,AGE,50-64,[0.06329063 0.31458024 0.62212912 0.        ],0.0026983876822647152
63,BENEFITCO_W49,AGE,65+,[0.04559712 0.2103378  0.74406507 0.        ],0.003599366367074452
64,POSNEGGOV_W49,AGE,18-29,[0.37401398 0.62598602],0.026482309672260954
65,POSNEGGOV_W49,AGE,30-49,[0.29883786 0.70116214],0.028707573744300007
66,POSNEGGOV_W49,AGE,50-64,[0.3095736 0.6904264],0.04922602698371966
67,POSNEGGOV_W49,AGE,65+,[0.30346419 0.69653581],0.039004933900651455
68,RTBFc_W49,AGE,18-29,[0.47164332 0.52835668],0.02094181257754586
69,RTBFc_W49,AGE,30-49,[0.54503985 0.45496015],0.015753141790927783
70,RTBFc_W49,AGE,50-64,[0.62673785 0.37326215],0.03558642721717409
71,RTBFc_W49,AGE,65+,[0.65987934 0.34012066],0.02559630691324352
72,FACE4d_W49,AGE,18-29,[0.47261896 0.52738104],0.16085215269932535
73,FACE4d_W49,AGE,30-49,[0.47160467 0.52839533],0.2022665566633493
74,FACE4d_W49,AGE,50-64,[0.52843317 0.47156683],0.16449998620496387
75,FACE4d_W49,AGE,65+,[0.63702044 0.36297956],0.20257182492702172
76,RTDa_W49,AGE,18-29,[0.33766825 0.66233175],0.031252928071466304
77,RTDa_W49,AGE,30-49,[0.41159729 0.58840271],0.03146510266687416
78,RTDa_W49,AGE,50-64,[0.37572835 0.62427165],0.013331004682548447
79,RTDa_W49,AGE,65+,[0.33611411 0.66388589],0.03471076814668919
80,PP4_W49,AGE,18-29,[0.12171559 0.52786234 0.29654986 0.05387222],0.003739093378441464
81,PP4_W49,AGE,30-49,[0.14665928 0.55067543 0.26611741 0.03654788],0.0016820325274435966
82,PP4_W49,AGE,50-64,[0.11934132 0.54119353 0.32096429 0.01850085],0.0006940800786538241
83,PP4_W49,AGE,65+,[0.11435322 0.56367589 0.30397825 0.01799264],0.0
84,PROFILE3_W49,AGE,18-29,[0.52816599 0.36582059 0.10601341],0.09000994087322159
85,PROFILE3_W49,AGE,30-49,[0.58962782 0.33697576 0.07339641],0.05635681692186303
86,PROFILE3_W49,AGE,50-64,[0.49920854 0.38373491 0.11705654],0.07929692951568518
87,PROFILE3_W49,AGE,65+,[0.45689648 0.41394101 0.12916251],0.07082333166530211
88,CONCERNCO_W49,AGE,18-29,[0.27446449 0.44855209 0.18926262 0.08772079],0.0
89,CONCERNCO_W49,AGE,30-49,[0.3649658  0.43753217 0.1781611  0.01934093],0.0011825240076642725
90,CONCERNCO_W49,AGE,50-64,[0.39688535 0.43258243 0.14262547 0.02790675],0.0020517422953284167
91,CONCERNCO_W49,AGE,65+,[0.40112595 0.41311425 0.16739692 0.01836288],0.004003163266381501
92,CONTROLGRPf_W49,AGE,18-29,[0.21416027 0.51475547 0.27108425],0.003729846695412296
93,CONTROLGRPf_W49,AGE,30-49,[0.12786104 0.52780475 0.34433421],0.00039622770795142825
94,CONTROLGRPf_W49,AGE,50-64,[0.09895305 0.49237403 0.40867292],0.003401647777815198
95,CONTROLGRPf_W49,AGE,65+,[0.1027819  0.425989   0.47122909],0.01384420659141534
96,PP5d_W49,AGE,18-29,[0.05684384 0.31135143 0.42830176 0.20350297],0.002299559613877319
97,PP5d_W49,AGE,30-49,[0.04014011 0.27603511 0.46878835 0.21503644],0.006890748012129025
98,PP5d_W49,AGE,50-64,[0.02852706 0.25721372 0.48716735 0.22709187],0.007512129218360417
99,PP5d_W49,AGE,65+,[0.01848101 0.25282679 0.51048953 0.21820268],0.0033054973570594186
100,CONCERNGRPc_W49,AGE,18-29,[0.14990249 0.39638969 0.45370781],0.0
101,CONCERNGRPc_W49,AGE,30-49,[0.2039962  0.39918289 0.39682091],0.002071014708388123
102,CONCERNGRPc_W49,AGE,50-64,[0.21543736 0.38636065 0.39820198],0.005674156293645135
103,CONCERNGRPc_W49,AGE,65+,[0.19086479 0.32325502 0.48588018],0.045569005230674406
104,GOVREGV2_W49,AGE,18-29,[0.55241359 0.44758641],0.016699204924544332
105,GOVREGV2_W49,AGE,30-49,[0.53150897 0.46849103],0.013082059010076258
106,GOVREGV2_W49,AGE,50-64,[0.54152568 0.45847432],0.011904208053743624
107,GOVREGV2_W49,AGE,65+,[0.59806742 0.40193258],0.004449322172111473
108,PP2_W49,AGE,18-29,[0.05892971 0.12294057 0.3565639  0.46156582],0.011075034339928808
109,PP2_W49,AGE,30-49,[0.07460476 0.14507914 0.38688901 0.39342709],0.005352872066281857
110,PP2_W49,AGE,50-64,[0.12540062 0.13832009 0.4116921  0.32458719],0.0032096471207740743
111,PP2_W49,AGE,65+,[0.10422511 0.14558223 0.42585206 0.3243406 ],0.0017355946556736432
112,ANONYMOUS1GOV_W49,AGE,18-29,[0.37684086 0.62315914],0.0059049907161463164
113,ANONYMOUS1GOV_W49,AGE,30-49,[0.40677104 0.59322896],0.002244375911843882
114,ANONYMOUS1GOV_W49,AGE,50-64,[0.33072434 0.66927566],0.0104009712050266
115,ANONYMOUS1GOV_W49,AGE,65+,[0.33173215 0.66826785],0.011886808269791816
116,FACE4a_W49,AGE,18-29,[0.63189349 0.36810651],0.20438884644062252
117,FACE4a_W49,AGE,30-49,[0.76774646 0.23225354],0.18148180167857475
118,FACE4a_W49,AGE,50-64,[0.85340559 0.14659441],0.1253790882070705
119,FACE4a_W49,AGE,65+,[0.92718685 0.07281315],0.09310379376288791
120,FACE2b_W49,AGE,18-29,[0.22755892 0.47324693 0.25931812 0.03987602],0.010570774348964076
121,FACE2b_W49,AGE,30-49,[0.17397428 0.57052174 0.20943766 0.04606632],0.010948437428300305
122,FACE2b_W49,AGE,50-64,[0.17174795 0.56643254 0.21211979 0.04969972],0.017111185023346798
123,FACE2b_W49,AGE,65+,[0.17196717 0.57718983 0.2060398  0.0448032 ],0.016738067568788054
124,SECUR1_W49,AGE,18-29,[0.11395062 0.66532563 0.22072376],0.0008457536974976547
125,SECUR1_W49,AGE,30-49,[0.06271497 0.67638754 0.26089749],0.0015533031714142817
126,SECUR1_W49,AGE,50-64,[0.0445961  0.72070878 0.23469512],0.0015355170419608108
127,SECUR1_W49,AGE,65+,[0.03127965 0.74865902 0.22006133],0.005272943801902002
128,LOYALTY_W49,AGE,18-29,[0.53071381 0.46928619],0.00028046989560310566
129,LOYALTY_W49,AGE,30-49,[0.70772229 0.29227771],0.0012384122192503244
130,LOYALTY_W49,AGE,50-64,[0.67214353 0.32785647],0.000970863014060074
131,LOYALTY_W49,AGE,65+,[0.63607501 0.36392499],0.006885163731112293
132,PP3_W49,AGE,18-29,[0.15547461 0.43976804 0.40475735],0.011503865754643574
133,PP3_W49,AGE,30-49,[0.20745175 0.35167206 0.44087618],0.0
134,PP3_W49,AGE,50-64,[0.24064668 0.34835855 0.41099477],0.0
135,PP3_W49,AGE,65+,[0.2621609  0.27300526 0.46483384],0.0004897234270352267
136,CONTROLGRPe_W49,AGE,18-29,[0.14884078 0.5276823  0.32347691 0.        ],0.003729846695412296
137,CONTROLGRPe_W49,AGE,30-49,[0.10895582 0.46510098 0.40007562 0.02586757],0.0003962277079514282
138,CONTROLGRPe_W49,AGE,50-64,[0.07895261 0.44359199 0.39534852 0.08210688],0.002218237344948366
139,CONTROLGRPe_W49,AGE,65+,[0.06382454 0.31082618 0.53999724 0.08535204],0.0019344111713235732
140,TRACKCO1a_W49,AGE,18-29,[0.44566472 0.30943821 0.14470863 0.03707009 0.06311834],0.012030691252704286
141,TRACKCO1a_W49,AGE,30-49,[0.44420945 0.28901812 0.19017898 0.04175096 0.03484249],0.0042092803188550215
142,TRACKCO1a_W49,AGE,50-64,[0.38538886 0.31925101 0.1927589  0.04490479 0.05769643],0.0032919602383739573
143,TRACKCO1a_W49,AGE,65+,[0.35618609 0.3405103  0.22067095 0.05700089 0.02563177],0.005631082381181994
144,CONTROLCO_W49,AGE,18-29,[0.06288664 0.17238984 0.49659107 0.26813246],0.0
145,CONTROLCO_W49,AGE,30-49,[0.03950894 0.17709248 0.51972903 0.26366955],0.0
146,CONTROLCO_W49,AGE,50-64,[0.01678933 0.13011782 0.51152064 0.34157221],0.010346789915932509
147,CONTROLCO_W49,AGE,65+,[0.01833589 0.1177298  0.50737234 0.35656197],0.0012359956121646635
148,SOCMEDIAUSEc_W49,AGE,18-29,[0.37232427 0.62767573],0.004052207989192602
149,SOCMEDIAUSEc_W49,AGE,30-49,[0.26610231 0.73389769],0.023864892445933816
150,SOCMEDIAUSEc_W49,AGE,50-64,[0.17892721 0.82107279],0.017625483667728235
151,SOCMEDIAUSEc_W49,AGE,65+,[0.0913471 0.9086529],0.018583030223038203
152,PRIVACYREG_W49,AGE,18-29,[0.03312461 0.32264678 0.48224359 0.16198502],0.0004416819664874378
153,PRIVACYREG_W49,AGE,30-49,[0.03336946 0.3527037  0.48520337 0.12872347],0.0021594806711246494
154,PRIVACYREG_W49,AGE,50-64,[0.03612611 0.34820668 0.48629284 0.12937437],0.0018077736977044126
155,PRIVACYREG_W49,AGE,65+,[0.02004358 0.30368698 0.52386947 0.15239997],0.005566968553395772
156,TALKDISASNSINT_W49,AGE,18-29,[0.2498393 0.7501607],0.013225105597654394
157,TALKDISASNSINT_W49,AGE,30-49,[0.28708574 0.71291426],0.028215982297878188
158,TALKDISASNSINT_W49,AGE,50-64,[0.27792821 0.72207179],0.0628346557729933
159,TALKDISASNSINT_W49,AGE,65+,[0.36337172 0.63662828],0.12508587038285113
160,PRIVACYNEWS1_W49,AGE,18-29,[0.08103344 0.36918616 0.42268029 0.12710011],0.005728941856487439
161,PRIVACYNEWS1_W49,AGE,30-49,[0.09534146 0.43778502 0.36571786 0.10115566],0.0024377740249814286
162,PRIVACYNEWS1_W49,AGE,50-64,[0.13085223 0.50501155 0.27249551 0.09164071],0.0015251947339432173
163,PRIVACYNEWS1_W49,AGE,65+,[0.12503577 0.53211788 0.2808492  0.06199715],0.0016781986284794086
164,HOMEASSIST4_W49,AGE,18-29,[0.19761655 0.36614221 0.3372325  0.09900873],0.019647780659579745
165,HOMEASSIST4_W49,AGE,30-49,[0.18158092 0.40732098 0.28693624 0.12416186],0.0
166,HOMEASSIST4_W49,AGE,50-64,[0.18440234 0.35175334 0.32439256 0.13945176],0.006016966920778237
167,HOMEASSIST4_W49,AGE,65+,[0.14587861 0.38065738 0.34769256 0.12577144],0.009588707414933416
168,FITTRACK_W49,AGE,18-29,[0.25018037 0.74981963],0.0
169,FITTRACK_W49,AGE,30-49,[0.2560718 0.7439282],0.002478219659810427
170,FITTRACK_W49,AGE,50-64,[0.19467174 0.80532826],0.0019021870111416398
171,FITTRACK_W49,AGE,65+,[0.13809256 0.86190744],0.0025437855315472995
172,DATAUSEb_W49,AGE,18-29,[0.66337854 0.33662146],0.29401212919103986
173,DATAUSEb_W49,AGE,30-49,[0.68648094 0.31351906],0.22940672559151107
174,DATAUSEb_W49,AGE,50-64,[0.64480839 0.35519161],0.2486390701658529
175,DATAUSEb_W49,AGE,65+,[0.54635048 0.45364952],0.19872919481926232
176,CONCERNGOV_W49,AGE,18-29,[0.22452847 0.41404429 0.29053248 0.07089476],0.008258667163197984
177,CONCERNGOV_W49,AGE,30-49,[0.25244834 0.39832122 0.25501277 0.09421768],0.006377139801266468
178,CONCERNGOV_W49,AGE,50-64,[0.27373645 0.3594822  0.26469302 0.10208833],0.0022182373449483655
179,CONCERNGOV_W49,AGE,65+,[0.24955408 0.40725093 0.22907193 0.11412306],0.002197730662567248
180,HOMEASSIST2_W49,AGE,18-29,[0.12593391 0.39030719 0.36109973 0.12265917],0.0
181,HOMEASSIST2_W49,AGE,30-49,[0.14616602 0.42741282 0.33767714 0.08874401],0.0
182,HOMEASSIST2_W49,AGE,50-64,[0.16326478 0.39264646 0.37862831 0.06546045],0.0
183,HOMEASSIST2_W49,AGE,65+,[0.13127285 0.3757461  0.38906937 0.10391168],0.0
184,TRACKGOV1a_W49,AGE,18-29,[0.3186777  0.27242351 0.24136022 0.12327842 0.04426015],0.006278736459248526
185,TRACKGOV1a_W49,AGE,30-49,[0.28574775 0.24834008 0.26777081 0.11709544 0.08104592],0.001329513727941064
186,TRACKGOV1a_W49,AGE,50-64,[0.22243958 0.22432391 0.31488206 0.15092472 0.08742974],0.007057109219672726
187,TRACKGOV1a_W49,AGE,65+,[0.11574875 0.1903969  0.38194314 0.16789999 0.14401121],0.007001834705649561
188,SHARE1_W49,AGE,18-29,[0.45246059 0.54753941],0.009772543876867816
189,SHARE1_W49,AGE,30-49,[0.56527552 0.43472448],0.004046932369689603
190,SHARE1_W49,AGE,50-64,[0.54825174 0.45174826],0.0038090302435740664
191,SHARE1_W49,AGE,65+,[0.47204424 0.52795576],0.005065953877914421
192,HOMEASSIST5b_W49,AGE,18-29,[0.50264655 0.49735345],0.008914898686215636
193,HOMEASSIST5b_W49,AGE,30-49,[0.35493202 0.64506798],0.00531585632310729
194,HOMEASSIST5b_W49,AGE,50-64,[0.19089188 0.80910812],0.0
195,HOMEASSIST5b_W49,AGE,65+,[0.14584198 0.85415802],0.023081374893810586
196,CONCERNGRPd_W49,AGE,18-29,[0.2522351  0.52011933 0.22764557],0.0
197,CONCERNGRPd_W49,AGE,30-49,[0.29746532 0.50643919 0.19609549],0.003149832172111291
198,CONCERNGRPd_W49,AGE,50-64,[0.30726144 0.4867897  0.20594886],0.0015920441747599582
199,CONCERNGRPd_W49,AGE,65+,[0.32348049 0.50752228 0.16899723],0.0032205086163434073
200,ANONYMOUS1CO_W49,AGE,18-29,[0.42307777 0.57692223],0.0014959070426552297
201,ANONYMOUS1CO_W49,AGE,30-49,[0.40668919 0.59331081],0.009697292259740026
202,ANONYMOUS1CO_W49,AGE,50-64,[0.38593385 0.61406615],0.0025918416115476837
203,ANONYMOUS1CO_W49,AGE,65+,[0.27209318 0.72790682],0.0029396235736796218
204,PP5a_W49,AGE,18-29,[0.08493825 0.40817664 0.33898859 0.16789652],0.00833763128022149
205,PP5a_W49,AGE,30-49,[0.04604394 0.38026063 0.3931985  0.18049693],0.00646256407092973
206,PP5a_W49,AGE,50-64,[0.04471284 0.33763528 0.43712392 0.18052796],0.0046022943167260515
207,PP5a_W49,AGE,65+,[0.02219224 0.3753699  0.45031569 0.15212217],0.0022537949466470706
208,POSNEGCO_W49,AGE,18-29,[0.25022052 0.74977948],0.015731058213386544
209,POSNEGCO_W49,AGE,30-49,[0.18541064 0.81458936],0.0148255161064654
210,POSNEGCO_W49,AGE,50-64,[0.13999544 0.86000456],0.02432905788938946
211,POSNEGCO_W49,AGE,65+,[0.12528728 0.87471272],0.025273484247806264
212,BENEFITGOV_W49,AGE,18-29,[0.08100622 0.37755056 0.54144322 0.        ],0.009499933248560443
213,BENEFITGOV_W49,AGE,30-49,[0.08294953 0.27553587 0.64151459 0.        ],0.012694928517202896
214,BENEFITGOV_W49,AGE,50-64,[0.0558611 0.2612672 0.6828717 0.       ],0.011061477223944701
215,BENEFITGOV_W49,AGE,65+,[0.01255874 0.26608094 0.72136032 0.        ],0.02473781983054566
216,RTBFa_W49,AGE,18-29,[0.36248643 0.63751357],0.018785838612710774
217,RTBFa_W49,AGE,30-49,[0.42156145 0.57843855],0.013313118899862012
218,RTBFa_W49,AGE,50-64,[0.4081663 0.5918337],0.023138565675218836
219,RTBFa_W49,AGE,65+,[0.38309618 0.61690382],0.024494627453706203
220,TRACKGOV1b_W49,AGE,18-29,[0.13787966 0.15909196 0.34876373 0.26834304 0.0859216 ],0.0062787364592485255
221,TRACKGOV1b_W49,AGE,30-49,[0.1239759  0.13596004 0.34482485 0.24800919 0.14723002],0.004479345900052355
222,TRACKGOV1b_W49,AGE,50-64,[0.09099836 0.14038689 0.3190325  0.26773306 0.1818492 ],0.004572133310145257
223,TRACKGOV1b_W49,AGE,65+,[0.06186417 0.09497185 0.28610595 0.32595413 0.2311039 ],0.001495555221254446
224,SOCMEDIAUSEd_W49,AGE,18-29,[0.56988552 0.43011448],0.00889481102596726
225,SOCMEDIAUSEd_W49,AGE,30-49,[0.33695134 0.66304866],0.024261866984899346
226,SOCMEDIAUSEd_W49,AGE,50-64,[0.18195328 0.81804672],0.01225707607996535
227,SOCMEDIAUSEd_W49,AGE,65+,[0.09653486 0.90346514],0.018295057320877717
228,DATAUSEd_W49,AGE,18-29,[0.68107195 0.31892805],0.24249309243974926
229,DATAUSEd_W49,AGE,30-49,[0.58383948 0.41616052],0.2397845378986554
230,DATAUSEd_W49,AGE,50-64,[0.43804086 0.56195914],0.22086675495306227
231,DATAUSEd_W49,AGE,65+,[0.45633156 0.54366844],0.2290754972086434
232,DATAUSEa_W49,AGE,18-29,[0.53350169 0.46649831],0.2193871582637755
233,DATAUSEa_W49,AGE,30-49,[0.60506801 0.39493199],0.23124193803109128
234,DATAUSEa_W49,AGE,50-64,[0.6670407 0.3329593],0.17685986149629657
235,DATAUSEa_W49,AGE,65+,[0.62809492 0.37190508],0.1438880649566394
236,SOCMEDIAUSEa_W49,AGE,18-29,[0.75623479 0.24376521],0.0006399594891203663
237,SOCMEDIAUSEa_W49,AGE,30-49,[0.78425439 0.21574561],0.003601460155614756
238,SOCMEDIAUSEa_W49,AGE,50-64,[0.70579337 0.29420663],0.0038977016239823852
239,SOCMEDIAUSEa_W49,AGE,65+,[0.60488588 0.39511412],0.002434758907158787
240,PP6c_W49,AGE,18-29,[0.11648466 0.40139623 0.28156504 0.20055406],0.006893440371324996
241,PP6c_W49,AGE,30-49,[0.10320331 0.45173904 0.29175175 0.1533059 ],0.003878253704309091
242,PP6c_W49,AGE,50-64,[0.05133291 0.40720285 0.35864742 0.18281681],0.005224241771655181
243,PP6c_W49,AGE,65+,[0.05111698 0.42050419 0.32711135 0.20126749],0.002398883848135452
244,FACE4b_W49,AGE,18-29,[0.4028343 0.5971657],0.20006246561607394
245,FACE4b_W49,AGE,30-49,[0.44448666 0.55551334],0.17015025911044818
246,FACE4b_W49,AGE,50-64,[0.40273437 0.59726563],0.17144665718215388
247,FACE4b_W49,AGE,65+,[0.43698243 0.56301757],0.1770588781570295
248,DATAUSEe_W49,AGE,18-29,[0.62078208 0.37921792],0.3202859668484138
249,DATAUSEe_W49,AGE,30-49,[0.37794917 0.62205083],0.2709484003551476
250,DATAUSEe_W49,AGE,50-64,[0.27581864 0.72418136],0.26068247868805766
251,DATAUSEe_W49,AGE,65+,[0.25437522 0.74562478],0.2856000264840342
252,HOMEIOT_W49,AGE,18-29,[0.20811984 0.79188016],0.009829224140292967
253,HOMEIOT_W49,AGE,30-49,[0.24404297 0.75595703],0.0028870627494360797
254,HOMEIOT_W49,AGE,50-64,[0.16722852 0.83277148],0.0012865579974281355
255,HOMEIOT_W49,AGE,65+,[0.1517345 0.8482655],0.005762948730847799
256,SOCMEDIAUSEb_W49,AGE,18-29,[0.65942974 0.34057026],0.006140976729745162
257,SOCMEDIAUSEb_W49,AGE,30-49,[0.48346999 0.51653001],0.010029813257986379
258,SOCMEDIAUSEb_W49,AGE,50-64,[0.23934486 0.76065514],0.015009993732089475
259,SOCMEDIAUSEb_W49,AGE,65+,[0.12918627 0.87081373],0.01442558325806684
260,CONTROLGRPb_W49,AGE,18-29,[0.125582   0.46644011 0.4079779  0.        ],0.009714322387343743
261,CONTROLGRPb_W49,AGE,30-49,[0.1147837  0.42677234 0.4462364  0.01220756],0.002733148999218269
262,CONTROLGRPb_W49,AGE,50-64,[0.07465361 0.35053632 0.52628906 0.04852101],0.0018767890537108385
263,CONTROLGRPb_W49,AGE,65+,[0.05543355 0.31746153 0.54439902 0.0827059 ],0.00370606765899127
264,DB1b_W49,AGE,18-29,[0.08047299 0.91952701 0.        ],0.010037550929190949
265,DB1b_W49,AGE,30-49,[0.10733708 0.87348922 0.0191737 ],0.007463400578114785
266,DB1b_W49,AGE,50-64,[0.06491456 0.86980213 0.06528331],0.0010907071012416936
267,DB1b_W49,AGE,65+,[0.05524615 0.8606265  0.08412734],0.003996062623694245
268,RTDc_W49,AGE,18-29,[0.60798497 0.39201503],0.024227422652403824
269,RTDc_W49,AGE,30-49,[0.72017312 0.27982688],0.0268944663716119
270,RTDc_W49,AGE,50-64,[0.73821307 0.26178693],0.020250889427104485
271,RTDc_W49,AGE,65+,[0.7442268 0.2557732],0.025153407020018493
272,CONCERNGRPa_W49,AGE,18-29,[0.27742928 0.35686642 0.3657043 ],0.0
273,CONCERNGRPa_W49,AGE,30-49,[0.26813522 0.37034106 0.36152371],0.003113359865658835
274,CONCERNGRPa_W49,AGE,50-64,[0.23844871 0.36245182 0.39909947],0.0009732660489517263
275,CONCERNGRPa_W49,AGE,65+,[0.24130464 0.32966775 0.42902762],0.0006278710979201885
276,FACE1_W49,AGE,18-29,[0.29659581 0.55637463 0.14702957],0.008490316209587219
277,FACE1_W49,AGE,30-49,[0.26712264 0.60946008 0.12341728],0.0006731043002853803
278,FACE1_W49,AGE,50-64,[0.23171227 0.62874805 0.13953969],0.0016711834042667832
279,FACE1_W49,AGE,65+,[0.20103779 0.67139377 0.12756843],0.0017501973855639005
280,CONTROLGRPc_W49,AGE,18-29,[0.15672096 0.49103257 0.35224647],0.009714322387343743
281,CONTROLGRPc_W49,AGE,30-49,[0.11854014 0.48531099 0.39614887],0.001294172040702258
282,CONTROLGRPc_W49,AGE,50-64,[0.11027919 0.38394568 0.50577513],0.0009732660489517263
283,CONTROLGRPc_W49,AGE,65+,[0.07670363 0.36556828 0.5577281 ],0.0007971311741983945
284,FACE3b_W49,AGE,18-29,[0.08459551 0.3832196  0.33759373 0.19459116],0.006317909830915182
285,FACE3b_W49,AGE,30-49,[0.04922777 0.37356596 0.35309521 0.22411106],0.009278087967226602
286,FACE3b_W49,AGE,50-64,[0.05801828 0.34217719 0.36103932 0.23876521],0.01577533804997746
287,FACE3b_W49,AGE,65+,[0.05604209 0.32901607 0.34472926 0.27021258],0.01246416331487268
288,CONTROLGRPd_W49,AGE,18-29,[0.24637608 0.58512428 0.16849964],0.003729846695412296
289,CONTROLGRPd_W49,AGE,30-49,[0.20366137 0.5399271  0.25641154],0.0012506724009939464
290,CONTROLGRPd_W49,AGE,50-64,[0.13376252 0.56370033 0.30253715],0.008038861831719025
291,CONTROLGRPd_W49,AGE,65+,[0.13867187 0.46371864 0.39760949],0.009331561924296187
292,PWMAN2_W49,AGE,18-29,"[0.13352517 0.08041552 0.25943805 0.01672775 0.03969172 0.26168982
 0.05520051 0.15331146 0.        ]",0.0011857156607147272
293,PWMAN2_W49,AGE,30-49,"[0.18717431 0.06556237 0.19492913 0.02219413 0.04619634 0.2979022
 0.03260943 0.12849105 0.02494105]",0.007553488628311265
294,PWMAN2_W49,AGE,50-64,"[0.17834062 0.06482412 0.15711373 0.01265501 0.04035632 0.30718839
 0.03382552 0.12973576 0.07596052]",0.00166385570088269
295,PWMAN2_W49,AGE,65+,"[0.19967864 0.06392779 0.1572415  0.00713665 0.06411887 0.25330088
 0.01791572 0.14171396 0.094966  ]",0.009732512319885051
296,FACE2c_W49,AGE,18-29,[0.21836874 0.46954406 0.24910627 0.06298093],0.016335640869774484
297,FACE2c_W49,AGE,30-49,[0.16917641 0.5316453  0.25218758 0.0469907 ],0.020864240075632336
298,FACE2c_W49,AGE,50-64,[0.15958665 0.5806116  0.21974014 0.04006161],0.021779553820311437
299,FACE2c_W49,AGE,65+,[0.17233164 0.60144394 0.18135289 0.04487153],0.013043253064834706
300,CONCERNGRPb_W49,AGE,18-29,[0.33139246 0.46194479 0.20666275],0.00241302366379351
301,CONCERNGRPb_W49,AGE,30-49,[0.39355112 0.43899113 0.16745775],0.006187776529445867
302,CONCERNGRPb_W49,AGE,50-64,[0.42864804 0.43920733 0.13214462],0.0009732660489517261
303,CONCERNGRPb_W49,AGE,65+,[0.41909941 0.43627086 0.14462973],0.0006278710979201883
304,HOMEASSIST1_W49,AGE,18-29,[0.32171275 0.67828725],0.001442768543124992
305,HOMEASSIST1_W49,AGE,30-49,[0.27753557 0.72246443],0.0005226197783629629
306,HOMEASSIST1_W49,AGE,50-64,[0.19408067 0.80591933],0.0030672180351833086
307,HOMEASSIST1_W49,AGE,65+,[0.19006198 0.80993802],0.0015219625306583757
308,DATAUSEf_W49,AGE,18-29,[0.33094614 0.66905386],0.34400383816315266
309,DATAUSEf_W49,AGE,30-49,[0.29285982 0.70714018],0.24874610577472123
310,DATAUSEf_W49,AGE,50-64,[0.3371275 0.6628725],0.2205408849922192
311,DATAUSEf_W49,AGE,65+,[0.42642402 0.57357598],0.25769428561221586
312,RTBFb_W49,AGE,18-29,[0.57812222 0.42187778],0.01561696098500059
313,RTBFb_W49,AGE,30-49,[0.7308299 0.2691701],0.005828180526388201
314,RTBFb_W49,AGE,50-64,[0.71510928 0.28489072],0.022210756366912793
315,RTBFb_W49,AGE,65+,[0.66624753 0.33375247],0.019422266877704614
316,DB1c_W49,AGE,18-29,[0.06907317 0.93092683],0.010242985069818026
317,DB1c_W49,AGE,30-49,[0.07443614 0.92556386],0.008017196872594229
318,DB1c_W49,AGE,50-64,[0.04964985 0.95035015],0.001138255716718749
319,DB1c_W49,AGE,65+,[0.04552591 0.95447409],0.0010165420043311928
320,FACE4c_W49,AGE,18-29,[0.22908974 0.77091026],0.23293837923710198
321,FACE4c_W49,AGE,30-49,[0.25477461 0.74522539],0.19090512821255368
322,FACE4c_W49,AGE,50-64,[0.17530988 0.82469012],0.15670042086477629
323,FACE4c_W49,AGE,65+,[0.19543374 0.80456626],0.18851253272882953
324,TRACKCO1b_W49,AGE,18-29,[0.13410589 0.2379712  0.33314786 0.14488675 0.1498883 ],0.002316368865360541
325,TRACKCO1b_W49,AGE,30-49,[0.12665592 0.1745109  0.40183958 0.20560004 0.09139355],0.00714599169996229
326,TRACKCO1b_W49,AGE,50-64,[0.11481797 0.18077984 0.40023496 0.17524958 0.12891765],0.001921269807308534
327,TRACKCO1b_W49,AGE,65+,[0.088941   0.17824422 0.37101529 0.26432972 0.09746976],0.005689525749839652
328,RTDb_W49,AGE,18-29,[0.7911392 0.2088608],0.02472211946060951
329,RTDb_W49,AGE,30-49,[0.8956993 0.1043007],0.025190831144477056
330,RTDb_W49,AGE,50-64,[0.90148413 0.09851587],0.014821478430155056
331,RTDb_W49,AGE,65+,[0.93770964 0.06229036],0.012945329188023897
332,HOMEASSIST3_W49,AGE,18-29,[0.21528619 0.34380855 0.44090526],0.015176756400590146
333,HOMEASSIST3_W49,AGE,30-49,[0.20623182 0.3343723  0.45939587],0.0
334,HOMEASSIST3_W49,AGE,50-64,[0.1909948  0.34609278 0.46291242],0.0
335,HOMEASSIST3_W49,AGE,65+,[0.13333884 0.38279147 0.48386968],0.0
336,SMARTAPP_W49,AGE,18-29,[0.49447618 0.11855749 0.3575011  0.02946524],0.0031853854075140756
337,SMARTAPP_W49,AGE,30-49,[0.51171892 0.16038905 0.30266897 0.02522306],0.004548119921181361
338,SMARTAPP_W49,AGE,50-64,[0.42289727 0.21565146 0.29908765 0.06236362],0.0006587383740557324
339,SMARTAPP_W49,AGE,65+,[0.31277078 0.26302226 0.28760367 0.13660329],0.0063788894461507435
340,UNDERSTANDGOV_W49,AGE,18-29,[0.05744844 0.19058931 0.4879552  0.26400706],0.0
341,UNDERSTANDGOV_W49,AGE,30-49,[0.04448392 0.18269156 0.52912895 0.24369557],0.002161340519556276
342,UNDERSTANDGOV_W49,AGE,50-64,[0.02756706 0.16234575 0.55837327 0.25171392],0.0026388245704465118
343,UNDERSTANDGOV_W49,AGE,65+,[0.04640305 0.16140218 0.54068205 0.25151271],0.002251338043708084
344,CONCERNGRPe_W49,AGE,18-29,[0.11143227 0.3305925  0.55797523],0.0
345,CONCERNGRPe_W49,AGE,30-49,[0.08955647 0.34011456 0.57032897],0.003149832172111291
346,CONCERNGRPe_W49,AGE,50-64,[0.1021074  0.34694184 0.55095077],0.0
347,CONCERNGRPe_W49,AGE,65+,[0.06185349 0.33331042 0.60483609],0.002589625814815912
348,PROFILE5_W49,AGE,18-29,[0.09475771 0.57846586 0.26934128 0.05743516],0.0006208917443423595
349,PROFILE5_W49,AGE,30-49,[0.08192408 0.58677867 0.28998582 0.04131142],0.003210895625979803
350,PROFILE5_W49,AGE,50-64,[0.05232359 0.51182828 0.37695482 0.05889331],0.0014919541042560337
351,PROFILE5_W49,AGE,65+,[0.04417206 0.48022878 0.42930737 0.04629179],0.007406085004049953
352,ELECTFTGSNSINT_W49,AGE,18-29,[0.18164834 0.45933182 0.35901984],0.010325271755511439
353,ELECTFTGSNSINT_W49,AGE,30-49,[0.13940767 0.4526868  0.40790553],0.003172480080115566
354,ELECTFTGSNSINT_W49,AGE,50-64,[0.1622458  0.45589313 0.38186107],0.008174195772320161
355,ELECTFTGSNSINT_W49,AGE,65+,[0.14105435 0.4875847  0.37136095],0.007728625746953235
356,PP6a_W49,AGE,18-29,[0.11196046 0.49285624 0.23989438 0.15528892],0.007600807843678246
357,PP6a_W49,AGE,30-49,[0.11869211 0.49031002 0.27485514 0.11614273],0.004726704907551265
358,PP6a_W49,AGE,50-64,[0.08135262 0.45356067 0.32879397 0.13629273],0.006126937892541356
359,PP6a_W49,AGE,65+,[0.10534676 0.44869209 0.29842111 0.14754005],0.004742547350150846
360,RTBFd_W49,AGE,18-29,[0.7761712 0.2238288],0.013774221096853587
361,RTBFd_W49,AGE,30-49,[0.87396119 0.12603881],0.008041850973366817
362,RTBFd_W49,AGE,50-64,[0.88314177 0.11685823],0.023317724253012668
363,RTBFd_W49,AGE,65+,[0.90293631 0.09706369],0.016592636437621384
364,CONCERNGRPf_W49,AGE,18-29,[0.35021986 0.47953074 0.1702494 ],0.0
365,CONCERNGRPf_W49,AGE,30-49,[0.42099814 0.43403058 0.14497129],0.00361629699830094
366,CONCERNGRPf_W49,AGE,50-64,[0.3998608 0.4592215 0.1409177],0.0
367,CONCERNGRPf_W49,AGE,65+,[0.42469819 0.46310717 0.11219464],0.002348490948513753
368,DB1a_W49,AGE,18-29,[0.18480201 0.81519799],0.009491610157058133
369,DB1a_W49,AGE,30-49,[0.23352083 0.76647917],0.01036335207036225
370,DB1a_W49,AGE,50-64,[0.23325377 0.76674623],0.001950790546675383
371,DB1a_W49,AGE,65+,[0.19542045 0.80457955],0.0019214652551856138
372,PP5b_W49,AGE,18-29,[0.06233105 0.30751449 0.36227663 0.26787784],0.003462119679708232
373,PP5b_W49,AGE,30-49,[0.0537916  0.28953082 0.41197778 0.24469981],0.004185085489834952
374,PP5b_W49,AGE,50-64,[0.04839325 0.28789444 0.41371031 0.250002  ],0.009076161213252842
375,PP5b_W49,AGE,65+,[0.03829395 0.3126338  0.43702392 0.21204833],0.0040450060227373965
376,PWMAN_W49,AGE,18-29,[0.32299334 0.67700666],0.004733626286920791
377,PWMAN_W49,AGE,30-49,[0.22584202 0.77415798],0.006881509259855278
378,PWMAN_W49,AGE,50-64,[0.13666573 0.86333427],0.003942328706122979
379,PWMAN_W49,AGE,65+,[0.10373841 0.89626159],0.00587095556559565
380,RTDd_W49,AGE,18-29,[0.65734768 0.34265232],0.024227422652403824
381,RTDd_W49,AGE,30-49,[0.81124089 0.18875911],0.02746533093548925
382,RTDd_W49,AGE,50-64,[0.84409359 0.15590641],0.015985824508514532
383,RTDd_W49,AGE,65+,[0.87957103 0.12042897],0.011933088178621116
384,FACE3c_W49,AGE,18-29,[0.18121048 0.39882802 0.23921085 0.18075065],0.00401761092848903
385,FACE3c_W49,AGE,30-49,[0.17157981 0.43380257 0.21984337 0.17477425],0.011462462166991705
386,FACE3c_W49,AGE,50-64,[0.21420043 0.48563268 0.19639303 0.10377386],0.011818095156922927
387,FACE3c_W49,AGE,65+,[0.26246243 0.51459862 0.1354749  0.08746405],0.009966490669418746
388,UNDERSTANDCO_W49,AGE,18-29,[0.09097493 0.34809603 0.43441741 0.12651163],0.013799828159997885
389,UNDERSTANDCO_W49,AGE,30-49,[0.05053199 0.36148253 0.48550488 0.1024806 ],0.005846508864877104
390,UNDERSTANDCO_W49,AGE,50-64,[0.07092452 0.32759232 0.48949766 0.11198551],0.003025008344280143
391,UNDERSTANDCO_W49,AGE,65+,[0.03667548 0.32579153 0.52169668 0.1158363 ],0.007004718680602333
0,GOVREGV1_W49,SEX,Female,[0.75567247 0.08907307 0.15525446],0.019808511949458676
1,GOVREGV1_W49,SEX,Male,[0.75828896 0.07412073 0.16759032],0.007277198656729774
2,CONTROLGOV_W49,SEX,Female,[0.03896602 0.12611271 0.44605605 0.38886522],0.0035621482884497825
3,CONTROLGOV_W49,SEX,Male,[0.03101512 0.12290609 0.37686313 0.46921566],0.001869128911877803
4,SMARTPHONE_W49,SEX,Female,[0.86966595 0.13033405],0.004438550720908097
5,SMARTPHONE_W49,SEX,Male,[0.88345056 0.11654944],0.002703763352378408
6,CONTROLGRPa_W49,SEX,Female,[0.1485775  0.54341068 0.30801182],0.0010976666058029392
7,CONTROLGRPa_W49,SEX,Male,[0.16359122 0.44463206 0.39177672],0.0025841781711013144
8,FACE3a_W49,SEX,Female,[0.02190084 0.20814628 0.40643891 0.36351398],0.014289686474884617
9,FACE3a_W49,SEX,Male,[0.03059737 0.15702854 0.39390964 0.41846445],0.006149468728517773
10,PP6b_W49,SEX,Female,[0.05376559 0.32322726 0.36598681 0.25702033],0.00692327366475492
11,PP6b_W49,SEX,Male,[0.06124819 0.28221544 0.37036826 0.28616811],0.002279578258919146
12,FACE2a_W49,SEX,Female,[0.20520194 0.648787   0.13180286 0.01420821],0.016971592231292628
13,FACE2a_W49,SEX,Male,[0.27878626 0.58708032 0.1189547  0.01517871],0.007563573675085802
14,TALKCMNSNSINT_W49,SEX,Female,[0.28320872 0.71679128],0.07461815862807059
15,TALKCMNSNSINT_W49,SEX,Male,[0.27761238 0.72238762],0.054295131695688434
16,DATAUSEc_W49,SEX,Female,[0.66601668 0.33398332],0.19778062537379681
17,DATAUSEc_W49,SEX,Male,[0.51642589 0.48357411],0.17105798961013802
18,DNATEST_W49,SEX,Female,[0.1587282 0.8412718],0.002809346615966123
19,DNATEST_W49,SEX,Male,[0.15452442 0.84547558],0.0035948537030335596
20,PP5c_W49,SEX,Female,[0.03338318 0.20680604 0.48296685 0.27684394],0.006671971181471627
21,PP5c_W49,SEX,Male,[0.02505603 0.14798235 0.44843091 0.3785307 ],0.0025438110857341615
22,PP5e_W49,SEX,Female,[0.04799497 0.23290035 0.45279145 0.26631324],0.00683256951343238
23,PP5e_W49,SEX,Male,[0.0315517  0.17689647 0.4122037  0.37934813],0.00288720258170438
24,PUBLICDATA_W49,SEX,Female,[0.2595756 0.7404244],0.04169821091904507
25,PUBLICDATA_W49,SEX,Male,[0.21998699 0.78001301],0.01992224237784854
26,HOMEASSIST5a_W49,SEX,Female,[0.40858585 0.59141415],0.002858807761353708
27,HOMEASSIST5a_W49,SEX,Male,[0.43525325 0.56474675],0.0
28,PP1_W49,SEX,Female,[0.27328309 0.32619364 0.22214947 0.15139811 0.02697569],0.004263728289003526
29,PP1_W49,SEX,Male,[0.2294872  0.3166452  0.26755008 0.15847354 0.02784398],0.0019509763066669124
30,BENEFITCO_W49,SEX,Female,[0.05679505 0.3079076  0.63529735 0.        ],0.007598783706336301
31,BENEFITCO_W49,SEX,Male,[0.0668172  0.28976389 0.64341891 0.        ],0.0
32,POSNEGGOV_W49,SEX,Female,[0.34796815 0.65203185],0.037515730978063294
33,POSNEGGOV_W49,SEX,Male,[0.28597373 0.71402627],0.033740495693061534
34,RTBFc_W49,SEX,Female,[0.59854089 0.40145911],0.03158246717163552
35,RTBFc_W49,SEX,Male,[0.54825125 0.45174875],0.015711844757680105
36,FACE4d_W49,SEX,Female,[0.54613833 0.45386167],0.20620937375121084
37,FACE4d_W49,SEX,Male,[0.49244879 0.50755121],0.16316494678523966
38,RTDa_W49,SEX,Female,[0.36746326 0.63253674],0.02375800183054865
39,RTDa_W49,SEX,Male,[0.37626692 0.62373308],0.031049641950408453
40,PP4_W49,SEX,Female,[0.11727277 0.53398826 0.31641074 0.03232823],0.0024978279428352593
41,PP4_W49,SEX,Male,[0.14066097 0.56345886 0.2678534  0.02802677],0.0
42,PROFILE3_W49,SEX,Female,[0.54133094 0.33539997 0.12326909],0.08867688654228659
43,PROFILE3_W49,SEX,Male,[0.51585625 0.40231356 0.08183019],0.056174195275076805
44,CONCERNCO_W49,SEX,Female,[0.37618017 0.43912306 0.1565709  0.02812587],0.0022582251693117434
45,CONCERNCO_W49,SEX,Male,[0.34676383 0.42750612 0.18243947 0.04329057],0.0011673400433651515
46,CONTROLGRPf_W49,SEX,Female,[0.15429627 0.50962642 0.33607731],0.005583664079130754
47,CONTROLGRPf_W49,SEX,Male,[0.10903109 0.48020169 0.41076722],0.003443099785610083
48,PP5d_W49,SEX,Female,[0.04040811 0.31840848 0.45791416 0.18326925],0.0062932351211170984
49,PP5d_W49,SEX,Male,[0.03142648 0.22453114 0.49113316 0.25290922],0.004423691449576849
50,CONCERNGRPc_W49,SEX,Female,[0.16513685 0.39980168 0.43506147],0.007565586066595551
51,CONCERNGRPc_W49,SEX,Male,[0.21768544 0.37885283 0.40346173],0.005218072947308977
52,GOVREGV2_W49,SEX,Female,[0.54930193 0.45069807],0.013047555017206442
53,GOVREGV2_W49,SEX,Male,[0.55455239 0.44544761],0.010359953238906719
54,PP2_W49,SEX,Female,[0.09604303 0.14471963 0.43208731 0.32715002],0.008375919196459865
55,PP2_W49,SEX,Male,[0.08472439 0.13300434 0.35442172 0.42784955],0.001817801505774717
56,ANONYMOUS1GOV_W49,SEX,Female,[0.34868669 0.65131331],0.01166087478364753
57,ANONYMOUS1GOV_W49,SEX,Male,[0.38444092 0.61555908],0.002079712631555445
58,FACE4a_W49,SEX,Female,[0.83709852 0.16290148],0.1654711903778525
59,FACE4a_W49,SEX,Male,[0.76651889 0.23348111],0.13956669247556844
60,FACE2b_W49,SEX,Female,[0.15220033 0.53870059 0.25798378 0.05111531],0.02021552499049266
61,FACE2b_W49,SEX,Male,[0.21490685 0.56430577 0.18085117 0.0399362 ],0.007717309742215334
62,SECUR1_W49,SEX,Female,[0.0658598  0.69939617 0.23474403],0.0034064514342857163
63,SECUR1_W49,SEX,Male,[0.05785373 0.70100662 0.24113966],0.000782030976060905
64,LOYALTY_W49,SEX,Female,[0.68856503 0.31143497],0.0035160499932868758
65,LOYALTY_W49,SEX,Male,[0.60363925 0.39636075],0.0005697287847321888
66,PP3_W49,SEX,Female,[0.23784183 0.34868513 0.41347304],0.002470050726277976
67,PP3_W49,SEX,Male,[0.19726013 0.34921062 0.45352925],0.0016447794385082242
68,CONTROLGRPe_W49,SEX,Female,[0.12619929 0.41126932 0.40925621 0.05327517],0.0002532664295130569
69,CONTROLGRPe_W49,SEX,Male,[0.07228195 0.47264266 0.41289066 0.04218472],0.0036002482693321177
70,TRACKCO1a_W49,SEX,Female,[0.41144732 0.29537496 0.18699814 0.04993684 0.05624273],0.009777221327934842
71,TRACKCO1a_W49,SEX,Male,[0.41107128 0.329024   0.18863831 0.03901587 0.03225055],0.0015425452679172626
72,CONTROLCO_W49,SEX,Female,[0.02655222 0.15636176 0.53917605 0.27790997],0.001997907683723561
73,CONTROLCO_W49,SEX,Male,[0.04236274 0.14698486 0.47871254 0.33193986],0.004038761841030882
74,SOCMEDIAUSEc_W49,SEX,Female,[0.20831545 0.79168455],0.018298007166459213
75,SOCMEDIAUSEc_W49,SEX,Male,[0.25318934 0.74681066],0.015847901412766627
76,PRIVACYREG_W49,SEX,Female,[0.0357638  0.3357173  0.49313483 0.13538407],0.003935112929940873
77,PRIVACYREG_W49,SEX,Male,[0.02657537 0.3350719  0.49264222 0.14571051],0.0007283723805800015
78,TALKDISASNSINT_W49,SEX,Female,[0.26856706 0.73143294],0.05317336675060891
79,TALKDISASNSINT_W49,SEX,Male,[0.3086195 0.6913805],0.04296607008369185
80,PRIVACYNEWS1_W49,SEX,Female,[0.1033268  0.43423081 0.35077762 0.11166477],0.004374197336898568
81,PRIVACYNEWS1_W49,SEX,Male,[0.11252327 0.48940063 0.3191625  0.07891361],0.0008981221031894456
82,HOMEASSIST4_W49,SEX,Female,[0.19965815 0.37104666 0.3278655  0.10142969],0.010241154600194705
83,HOMEASSIST4_W49,SEX,Male,[0.16154511 0.3910507  0.30631759 0.14108661],0.005539524611272887
84,FITTRACK_W49,SEX,Female,[0.24658652 0.75341348],0.0031246629513142416
85,FITTRACK_W49,SEX,Male,[0.18040524 0.81959476],0.0004289971550158806
86,DATAUSEb_W49,SEX,Female,[0.64548302 0.35451698],0.24891087594365308
87,DATAUSEb_W49,SEX,Male,[0.63710674 0.36289326],0.23330643244678864
88,CONCERNGOV_W49,SEX,Female,[0.25460829 0.38852764 0.26500358 0.09186049],0.00663229449732955
89,CONCERNGOV_W49,SEX,Male,[0.24932677 0.39697746 0.25425381 0.09944197],0.002844610702760815
90,HOMEASSIST2_W49,SEX,Female,[0.15455071 0.42499236 0.36189153 0.0585654 ],0.0
91,HOMEASSIST2_W49,SEX,Male,[0.12915675 0.37913491 0.35864631 0.13306203],0.0
92,TRACKGOV1a_W49,SEX,Female,[0.22325242 0.23720983 0.31034834 0.12855643 0.10063299],0.0061421004717251695
93,TRACKGOV1a_W49,SEX,Male,[0.26110443 0.232667   0.28433013 0.14797078 0.07392767],0.0037106770258855198
94,SHARE1_W49,SEX,Female,[0.5087962 0.4912038],0.008455807801195233
95,SHARE1_W49,SEX,Male,[0.53045356 0.46954644],0.0019603850355460264
96,HOMEASSIST5b_W49,SEX,Female,[0.31311111 0.68688889],0.004561279108434517
97,HOMEASSIST5b_W49,SEX,Male,[0.35828956 0.64171044],0.010913478324735534
98,CONCERNGRPd_W49,SEX,Female,[0.28614873 0.51594964 0.19790163],0.0034627645794183424
99,CONCERNGRPd_W49,SEX,Male,[0.30621929 0.49141412 0.20236659],0.0006486659149340784
100,ANONYMOUS1CO_W49,SEX,Female,[0.35569629 0.64430371],0.007174758426595614
101,ANONYMOUS1CO_W49,SEX,Male,[0.40113437 0.59886563],0.002186976928908997
102,PP5a_W49,SEX,Female,[0.04581664 0.41798592 0.39748573 0.13871171],0.00685028670755947
103,PP5a_W49,SEX,Male,[0.05190979 0.32508293 0.41402484 0.20898244],0.004036507491071584
104,POSNEGCO_W49,SEX,Female,[0.18070262 0.81929738],0.029131410067139228
105,POSNEGCO_W49,SEX,Male,[0.16836411 0.83163589],0.009180710715436665
106,BENEFITGOV_W49,SEX,Female,[0.08243609 0.30791294 0.60965096 0.        ],0.016159043502590405
107,BENEFITGOV_W49,SEX,Male,[0.03922093 0.27574735 0.68503172 0.        ],0.01110448834528876
108,RTBFa_W49,SEX,Female,[0.32931275 0.67068725],0.029063337575093485
109,RTBFa_W49,SEX,Male,[0.4723538 0.5276462],0.00852410682628827
110,TRACKGOV1b_W49,SEX,Female,[0.09858189 0.1359396  0.33317996 0.25754566 0.17475289],0.005425320757386679
111,TRACKGOV1b_W49,SEX,Male,[0.11292724 0.13067891 0.3205466  0.29036587 0.14548138],0.0030054967681681297
112,SOCMEDIAUSEd_W49,SEX,Female,[0.2920227 0.7079773],0.016388230968732435
113,SOCMEDIAUSEd_W49,SEX,Male,[0.29914772 0.70085228],0.017183148151064812
114,DATAUSEd_W49,SEX,Female,[0.53614746 0.46385254],0.2409921472087728
115,DATAUSEd_W49,SEX,Male,[0.54091322 0.45908678],0.22420929131516834
116,DATAUSEa_W49,SEX,Female,[0.68443839 0.31556161],0.22010794724358085
117,DATAUSEa_W49,SEX,Male,[0.53834908 0.46165092],0.17153170090047956
118,SOCMEDIAUSEa_W49,SEX,Female,[0.78676685 0.21323315],0.004088604028640111
119,SOCMEDIAUSEa_W49,SEX,Male,[0.65040858 0.34959142],0.0014828528896014663
120,PP6c_W49,SEX,Female,[0.07574456 0.42554513 0.31457177 0.18413855],0.005820966167755445
121,PP6c_W49,SEX,Male,[0.08821501 0.42104669 0.31470431 0.176034  ],0.00363315039781614
122,FACE4b_W49,SEX,Female,[0.4023162 0.5976838],0.21104278671709018
123,FACE4b_W49,SEX,Male,[0.4446054 0.5553946],0.14332947736372736
124,DATAUSEe_W49,SEX,Female,[0.411543 0.588457],0.30926263911100693
125,DATAUSEe_W49,SEX,Male,[0.33196915 0.66803085],0.2512685273588244
126,HOMEIOT_W49,SEX,Female,[0.17814727 0.82185273],0.007384573851240525
127,HOMEIOT_W49,SEX,Male,[0.21919599 0.78080401],0.0012502847285948263
128,SOCMEDIAUSEb_W49,SEX,Female,[0.45094452 0.54905548],0.011706696813378582
129,SOCMEDIAUSEb_W49,SEX,Male,[0.31122963 0.68877037],0.011128749436369323
130,CONTROLGRPb_W49,SEX,Female,[0.08962535 0.38434203 0.48079773 0.04523489],0.007067630108299993
131,CONTROLGRPb_W49,SEX,Male,[0.09968424 0.4018049  0.47778683 0.02072403],0.0009036350487128504
132,DB1b_W49,SEX,Female,[0.08752603 0.86304526 0.04942871],0.007025171063783734
133,DB1b_W49,SEX,Male,[0.0721192  0.8963479  0.03153289],0.004059129790694284
134,RTDc_W49,SEX,Female,[0.70278495 0.29721505],0.022832026218762472
135,RTDc_W49,SEX,Male,[0.71242059 0.28757941],0.025737895231582215
136,CONCERNGRPa_W49,SEX,Female,[0.22058637 0.35309029 0.42632334],0.0024645902249149925
137,CONCERNGRPa_W49,SEX,Male,[0.29643689 0.36194791 0.3416152 ],0.000264869775258093
138,FACE1_W49,SEX,Female,[0.18224004 0.65319265 0.16456731],0.004112967121009166
139,FACE1_W49,SEX,Male,[0.32432849 0.57657383 0.09909768],0.00123998102917259
140,CONTROLGRPc_W49,SEX,Female,[0.11410072 0.45982624 0.42607304],0.005098305158549986
141,CONTROLGRPc_W49,SEX,Male,[0.11735387 0.40916676 0.47347937],0.0003362727726447873
142,FACE3b_W49,SEX,Female,[0.06337428 0.38832541 0.34762079 0.20067952],0.015798639830736223
143,FACE3b_W49,SEX,Male,[0.05716341 0.32841271 0.35270824 0.26171565],0.00622204782918629
144,CONTROLGRPd_W49,SEX,Female,[0.2118879  0.52258035 0.26553174],0.00410534385282495
145,CONTROLGRPd_W49,SEX,Male,[0.14684844 0.55897193 0.29417963],0.006305906239409089
146,PWMAN2_W49,SEX,Female,"[0.19970112 0.05848053 0.16808616 0.01654606 0.05031247 0.27618797
 0.02578595 0.14246536 0.06243438]",0.005452617707069838
147,PWMAN2_W49,SEX,Male,"[0.15510366 0.07718064 0.20673956 0.01368951 0.04427854 0.29286826
 0.04185324 0.12913275 0.03915385]",0.005086002492274863
148,FACE2c_W49,SEX,Female,[0.14000926 0.55511609 0.25150069 0.05337396],0.024003174537750253
149,FACE2c_W49,SEX,Male,[0.21404913 0.53769671 0.20577499 0.04247917],0.013854938765699721
150,CONCERNGRPb_W49,SEX,Female,[0.3893641  0.42515159 0.18548432],0.005355556942501541
151,CONCERNGRPb_W49,SEX,Male,[0.4017279  0.46284554 0.13542656],0.000264869775258093
152,HOMEASSIST1_W49,SEX,Female,[0.24032126 0.75967874],0.002171392840042641
153,HOMEASSIST1_W49,SEX,Male,[0.2539269 0.7460731],0.0009356456640092593
154,DATAUSEf_W49,SEX,Female,[0.39468252 0.60531748],0.2807064054065733
155,DATAUSEf_W49,SEX,Male,[0.28120435 0.71879565],0.24310470072634982
156,RTBFb_W49,SEX,Female,[0.66913682 0.33086318],0.022697668173734493
157,RTBFb_W49,SEX,Male,[0.69726777 0.30273223],0.006291664240776984
158,DB1c_W49,SEX,Female,[0.06929266 0.93070734],0.005531709962233316
159,DB1c_W49,SEX,Male,[0.05180486 0.94819514],0.0049350511017519985
160,FACE4c_W49,SEX,Female,[0.18339659 0.81660341],0.22653961200093942
161,FACE4c_W49,SEX,Male,[0.24744197 0.75255803],0.15506674916886048
162,TRACKCO1b_W49,SEX,Female,[0.1216262  0.18190414 0.37694967 0.20262606 0.11689393],0.006469022451904827
163,TRACKCO1b_W49,SEX,Male,[0.11294141 0.19859238 0.38580577 0.19084098 0.11181945],0.002327476244956443
164,RTDb_W49,SEX,Female,[0.90592583 0.09407417],0.019258954581215723
165,RTDb_W49,SEX,Male,[0.86184227 0.13815773],0.020553949164595364
166,HOMEASSIST3_W49,SEX,Female,[0.24409832 0.38539664 0.37050504],0.007910690338053819
167,HOMEASSIST3_W49,SEX,Male,[0.14299933 0.30730987 0.5496908 ],0.0
168,SMARTAPP_W49,SEX,Female,[0.44851035 0.17505362 0.32731645 0.04911958],0.004280603261492142
169,SMARTAPP_W49,SEX,Male,[0.45570771 0.1895752  0.2948321  0.05988499],0.002851201623741209
170,UNDERSTANDGOV_W49,SEX,Female,[0.03873469 0.16166545 0.53508634 0.26451352],0.002248342832491703
171,UNDERSTANDGOV_W49,SEX,Male,[0.04759595 0.18835518 0.52721857 0.2368303 ],0.0014518679666944536
172,CONCERNGRPe_W49,SEX,Female,[0.0981306 0.3355046 0.5663648],0.002013354270251527
173,CONCERNGRPe_W49,SEX,Male,[0.0846474 0.3412754 0.5740772],0.00108202323943827
174,PROFILE5_W49,SEX,Female,[0.07915405 0.56501387 0.31336414 0.04246794],0.005329434296371383
175,PROFILE5_W49,SEX,Male,[0.06130329 0.52877361 0.35330027 0.05662282],0.0009944975871455516
176,ELECTFTGSNSINT_W49,SEX,Female,[0.15163939 0.46085849 0.38750212],0.007548029781582777
177,ELECTFTGSNSINT_W49,SEX,Male,[0.15911449 0.46051661 0.38036891],0.005887621481931462
178,PP6a_W49,SEX,Female,[0.1014541  0.46285125 0.3007867  0.13490795],0.00912901696362371
179,PP6a_W49,SEX,Male,[0.10836797 0.48322712 0.27192715 0.13647776],0.0023958408209105546
180,RTBFd_W49,SEX,Female,[0.88803911 0.11196089],0.018215013840780045
181,RTBFd_W49,SEX,Male,[0.83410431 0.16589569],0.011373897496465342
182,CONCERNGRPf_W49,SEX,Female,[0.35548875 0.49683191 0.14767934],0.002370170386275648
183,CONCERNGRPf_W49,SEX,Male,[0.45135482 0.40738004 0.14126514],0.0008309296840389722
184,DB1a_W49,SEX,Female,[0.21605068 0.78394932],0.0068100533901266705
185,DB1a_W49,SEX,Male,[0.21549728 0.78450272],0.0056788484339705975
186,PP5b_W49,SEX,Female,[0.05618289 0.34167519 0.41537419 0.18676772],0.005616794194887538
187,PP5b_W49,SEX,Male,[0.04528133 0.24883228 0.39927522 0.30661117],0.004947883853362979
188,PWMAN_W49,SEX,Female,[0.20408439 0.79591561],0.006881072358715736
189,PWMAN_W49,SEX,Male,[0.19063771 0.80936229],0.003919526544881857
190,RTDd_W49,SEX,Female,[0.7889492 0.2110508],0.01675932095079947
191,RTDd_W49,SEX,Male,[0.81708094 0.18291906],0.024853486599716017
192,FACE3c_W49,SEX,Female,[0.21626389 0.47762619 0.1881643  0.11794561],0.014041525784293038
193,FACE3c_W49,SEX,Male,[0.19026699 0.43579053 0.21259992 0.16134257],0.005457221845444211
194,UNDERSTANDCO_W49,SEX,Female,[0.0431562  0.32612797 0.5163144  0.11440143],0.013307043347562237
195,UNDERSTANDCO_W49,SEX,Male,[0.08096631 0.36049027 0.44800525 0.11053818],0.0
0,GOVREGV1_W49,EDUCATION,Associate's degree,[0.83911151 0.07705065 0.08383785],0.03730239731265381
1,GOVREGV1_W49,EDUCATION,College graduate/some postgrad,[0.79633937 0.04804603 0.15561459],0.011337448633295605
2,GOVREGV1_W49,EDUCATION,High school graduate,[0.73005164 0.11463559 0.15531277],0.016661570635894442
3,GOVREGV1_W49,EDUCATION,Less than high school,[0.68845887 0.09493696 0.21660417],0.024553407272580652
4,GOVREGV1_W49,EDUCATION,Postgraduate,[0.8135047  0.04336564 0.14312966],0.004029178109979775
5,GOVREGV1_W49,EDUCATION,"Some college, no degree",[0.72255269 0.08401038 0.19343693],0.0038508844682352537
6,CONTROLGOV_W49,EDUCATION,Associate's degree,[0.01918515 0.14876948 0.4522004  0.37984498],0.0
7,CONTROLGOV_W49,EDUCATION,College graduate/some postgrad,[0.02297719 0.0731935  0.52347172 0.3803576 ],0.00176923757672228
8,CONTROLGOV_W49,EDUCATION,High school graduate,[0.02315385 0.15708841 0.36819303 0.45156472],0.00671296429575281
9,CONTROLGOV_W49,EDUCATION,Less than high school,[0.06636959 0.17282462 0.2991523  0.46165349],0.005137229455135976
10,CONTROLGOV_W49,EDUCATION,Postgraduate,[0.00990943 0.07858458 0.45381784 0.45768815],0.0
11,CONTROLGOV_W49,EDUCATION,"Some college, no degree",[0.06868809 0.11560024 0.39294744 0.42276424],0.0
12,SMARTPHONE_W49,EDUCATION,Associate's degree,[0.88737597 0.11262403],0.004847183611637354
13,SMARTPHONE_W49,EDUCATION,College graduate/some postgrad,[0.95346107 0.04653893],0.002184748711253814
14,SMARTPHONE_W49,EDUCATION,High school graduate,[0.82796143 0.17203857],0.0037206663551594223
15,SMARTPHONE_W49,EDUCATION,Less than high school,[0.69761605 0.30238395],0.002004999759937362
16,SMARTPHONE_W49,EDUCATION,Postgraduate,[0.93706711 0.06293289],0.00366834571165005
17,SMARTPHONE_W49,EDUCATION,"Some college, no degree",[0.91025648 0.08974352],0.0034215689613300115
18,CONTROLGRPa_W49,EDUCATION,Associate's degree,[0.12287252 0.42940694 0.44772054],0.0
19,CONTROLGRPa_W49,EDUCATION,College graduate/some postgrad,[0.15767996 0.49058418 0.35173586],0.0
20,CONTROLGRPa_W49,EDUCATION,High school graduate,[0.16260562 0.49539173 0.34200265],0.0
21,CONTROLGRPa_W49,EDUCATION,Less than high school,[0.26150836 0.42373849 0.31475315],0.005022006168490702
22,CONTROLGRPa_W49,EDUCATION,Postgraduate,[0.08677837 0.60068026 0.31254137],0.009634166065745913
23,CONTROLGRPa_W49,EDUCATION,"Some college, no degree",[0.16768387 0.48936267 0.34295346],0.0006721588095796577
24,FACE3a_W49,EDUCATION,Associate's degree,[0.02833999 0.17627408 0.40707526 0.38831067],0.007678880787015302
25,FACE3a_W49,EDUCATION,College graduate/some postgrad,[0.01515004 0.14691651 0.42199607 0.41593738],0.0030185758050489415
26,FACE3a_W49,EDUCATION,High school graduate,[0.01981719 0.21665829 0.42439815 0.33912637],0.016246795004050053
27,FACE3a_W49,EDUCATION,Less than high school,[0.03548208 0.21263489 0.40650891 0.34537411],0.021529878468263833
28,FACE3a_W49,EDUCATION,Postgraduate,[0.01834105 0.12867809 0.38453251 0.46844834],0.004284739826633262
29,FACE3a_W49,EDUCATION,"Some college, no degree",[0.04492716 0.19925136 0.36179769 0.39402379],0.010240771786635856
30,PP6b_W49,EDUCATION,Associate's degree,[0.05282563 0.26992654 0.37297045 0.30427738],0.014448380346756691
31,PP6b_W49,EDUCATION,College graduate/some postgrad,[0.05140531 0.34545597 0.33734261 0.26579612],0.0021769979503823943
32,PP6b_W49,EDUCATION,High school graduate,[0.05837208 0.28523965 0.38568138 0.27070689],0.004850984552642872
33,PP6b_W49,EDUCATION,Less than high school,[0.05892224 0.31484451 0.40221808 0.22401517],0.015480970099681305
34,PP6b_W49,EDUCATION,Postgraduate,[0.06241797 0.34621778 0.35282277 0.23854148],0.0029147479492527824
35,PP6b_W49,EDUCATION,"Some college, no degree",[0.05919572 0.28316091 0.36366378 0.29397959],0.0
36,FACE2a_W49,EDUCATION,Associate's degree,[0.23773798 0.60264156 0.15038118 0.00923928],0.014633260820137656
37,FACE2a_W49,EDUCATION,College graduate/some postgrad,[0.21432287 0.63635812 0.13376484 0.01555416],0.006168094013587693
38,FACE2a_W49,EDUCATION,High school graduate,[0.26773105 0.60666365 0.11057355 0.01503175],0.0179828351371276
39,FACE2a_W49,EDUCATION,Less than high school,[0.2537366  0.56632639 0.15885392 0.02108309],0.004597419941795898
40,FACE2a_W49,EDUCATION,Postgraduate,[0.2051276  0.63787142 0.13964758 0.0173534 ],0.009469034451339713
41,FACE2a_W49,EDUCATION,"Some college, no degree",[0.25606035 0.62280864 0.11025723 0.01087378],0.011829164473733321
42,TALKCMNSNSINT_W49,EDUCATION,Associate's degree,[0.28317306 0.71682694],0.07106629890995633
43,TALKCMNSNSINT_W49,EDUCATION,College graduate/some postgrad,[0.2548257 0.7451743],0.06435823583858312
44,TALKCMNSNSINT_W49,EDUCATION,High school graduate,[0.31549646 0.68450354],0.06693979255181162
45,TALKCMNSNSINT_W49,EDUCATION,Less than high school,[0.28307565 0.71692435],0.059746052904621864
46,TALKCMNSNSINT_W49,EDUCATION,Postgraduate,[0.2475812 0.7524188],0.08301609716667491
47,TALKCMNSNSINT_W49,EDUCATION,"Some college, no degree",[0.27570782 0.72429218],0.05423816465291412
48,DATAUSEc_W49,EDUCATION,Associate's degree,[0.55193595 0.44806405],0.20508731302362232
49,DATAUSEc_W49,EDUCATION,College graduate/some postgrad,[0.57161138 0.42838862],0.15992369329042394
50,DATAUSEc_W49,EDUCATION,High school graduate,[0.65688983 0.34311017],0.2002779943847709
51,DATAUSEc_W49,EDUCATION,Less than high school,[0.62411183 0.37588817],0.16777570054015795
52,DATAUSEc_W49,EDUCATION,Postgraduate,[0.52100224 0.47899776],0.21947683261451084
53,DATAUSEc_W49,EDUCATION,"Some college, no degree",[0.5739273 0.4260727],0.1635825843218344
54,DNATEST_W49,EDUCATION,Associate's degree,[0.1656039 0.8343961],0.0005632641823526559
55,DNATEST_W49,EDUCATION,College graduate/some postgrad,[0.20963053 0.79036947],0.0027067696198984667
56,DNATEST_W49,EDUCATION,High school graduate,[0.10942444 0.89057556],0.0057782778462927625
57,DNATEST_W49,EDUCATION,Less than high school,[0.06661701 0.93338299],0.004054318882945097
58,DNATEST_W49,EDUCATION,Postgraduate,[0.20643138 0.79356862],0.00458002314099801
59,DNATEST_W49,EDUCATION,"Some college, no degree",[0.18115274 0.81884726],0.0
60,PP5c_W49,EDUCATION,Associate's degree,[0.02266317 0.19320444 0.4347518  0.3493806 ],0.00601573260488019
61,PP5c_W49,EDUCATION,College graduate/some postgrad,[0.02347893 0.14969494 0.48980505 0.33702108],0.00359780848750367
62,PP5c_W49,EDUCATION,High school graduate,[0.0412273  0.18829942 0.44397785 0.32649543],0.003939244385033477
63,PP5c_W49,EDUCATION,Less than high school,[0.03646542 0.22585873 0.43644909 0.30122676],0.019277944539771913
64,PP5c_W49,EDUCATION,Postgraduate,[0.00932755 0.15730912 0.51928162 0.3140817 ],0.0037102847171692475
65,PP5c_W49,EDUCATION,"Some college, no degree",[0.02999363 0.1793837  0.46890893 0.32171374],0.001450277635312931
66,PP5e_W49,EDUCATION,Associate's degree,[0.05471957 0.2197286  0.4475148  0.27803704],0.0038313661472645175
67,PP5e_W49,EDUCATION,College graduate/some postgrad,[0.02773695 0.16747001 0.45105161 0.35374143],0.006707929331070015
68,PP5e_W49,EDUCATION,High school graduate,[0.04861074 0.21934231 0.43275692 0.29929003],0.005201169313690475
69,PP5e_W49,EDUCATION,Less than high school,[0.07782785 0.23432521 0.39187379 0.29597316],0.01427280255176327
70,PP5e_W49,EDUCATION,Postgraduate,[0.00693274 0.1753102  0.45884406 0.358913  ],0.0017666416406095697
71,PP5e_W49,EDUCATION,"Some college, no degree",[0.0389093  0.21988453 0.41695289 0.32425328],0.002254806228954153
72,PUBLICDATA_W49,EDUCATION,Associate's degree,[0.25010962 0.74989038],0.057242176729758225
73,PUBLICDATA_W49,EDUCATION,College graduate/some postgrad,[0.19805628 0.80194372],0.016933491822023628
74,PUBLICDATA_W49,EDUCATION,High school graduate,[0.26158348 0.73841652],0.03363793728744555
75,PUBLICDATA_W49,EDUCATION,Less than high school,[0.24661724 0.75338276],0.06588910914222351
76,PUBLICDATA_W49,EDUCATION,Postgraduate,[0.23700472 0.76299528],0.019734045802882842
77,PUBLICDATA_W49,EDUCATION,"Some college, no degree",[0.24102785 0.75897215],0.02028260537515205
78,HOMEASSIST5a_W49,EDUCATION,Associate's degree,[0.41039525 0.58960475],0.0
79,HOMEASSIST5a_W49,EDUCATION,College graduate/some postgrad,[0.45580357 0.54419643],0.0
80,HOMEASSIST5a_W49,EDUCATION,High school graduate,[0.43135915 0.56864085],0.005205115912109456
81,HOMEASSIST5a_W49,EDUCATION,Less than high school,[0.54414752 0.45585248],0.0
82,HOMEASSIST5a_W49,EDUCATION,Postgraduate,[0.32711179 0.67288821],0.0
83,HOMEASSIST5a_W49,EDUCATION,"Some college, no degree",[0.42495821 0.57504179],0.0
84,PP1_W49,EDUCATION,Associate's degree,[0.22317159 0.35843927 0.24290402 0.14256823 0.03291689],0.0010494995290357945
85,PP1_W49,EDUCATION,College graduate/some postgrad,[0.26219444 0.34196585 0.25129218 0.1391699  0.00537763],0.0
86,PP1_W49,EDUCATION,High school graduate,[0.26898887 0.26676614 0.24716186 0.17387666 0.04320647],0.003164183686151615
87,PP1_W49,EDUCATION,Less than high school,[0.20415291 0.22585125 0.22964217 0.25595163 0.08440204],0.016814464002600442
88,PP1_W49,EDUCATION,Postgraduate,[0.21833254 0.43672053 0.24484164 0.09419001 0.00591528],0.000469566450553377
89,PP1_W49,EDUCATION,"Some college, no degree",[0.26930097 0.33272066 0.24113594 0.14466257 0.01217985],0.0030076409061954436
90,BENEFITCO_W49,EDUCATION,Associate's degree,[0.06552489 0.2751945  0.65928061 0.        ],0.033697319411165896
91,BENEFITCO_W49,EDUCATION,College graduate/some postgrad,[0.03200139 0.34172723 0.62627138 0.        ],0.0
92,BENEFITCO_W49,EDUCATION,High school graduate,[0.07063768 0.27304518 0.65631714 0.        ],0.0033544674315375907
93,BENEFITCO_W49,EDUCATION,Less than high school,[0.11060103 0.38924016 0.50015881 0.        ],0.0
94,BENEFITCO_W49,EDUCATION,Postgraduate,[0.04061998 0.31547612 0.6439039  0.        ],0.0
95,BENEFITCO_W49,EDUCATION,"Some college, no degree",[0.06902472 0.27540432 0.65557096 0.        ],0.0015471734702132611
96,POSNEGGOV_W49,EDUCATION,Associate's degree,[0.32660026 0.67339974],0.029863434086559938
97,POSNEGGOV_W49,EDUCATION,College graduate/some postgrad,[0.33671711 0.66328289],0.019109764760765074
98,POSNEGGOV_W49,EDUCATION,High school graduate,[0.31312366 0.68687634],0.04311445835328007
99,POSNEGGOV_W49,EDUCATION,Less than high school,[0.3615644 0.6384356],0.06513486001171721
100,POSNEGGOV_W49,EDUCATION,Postgraduate,[0.33923933 0.66076067],0.029752956409996596
101,POSNEGGOV_W49,EDUCATION,"Some college, no degree",[0.27797413 0.72202587],0.025894924601874786
102,RTBFc_W49,EDUCATION,Associate's degree,[0.60736815 0.39263185],0.04379863540672991
103,RTBFc_W49,EDUCATION,College graduate/some postgrad,[0.49678805 0.50321195],0.03019576594382584
104,RTBFc_W49,EDUCATION,High school graduate,[0.66100107 0.33899893],0.02431108712443585
105,RTBFc_W49,EDUCATION,Less than high school,[0.60257198 0.39742802],0.011247732923447936
106,RTBFc_W49,EDUCATION,Postgraduate,[0.44953488 0.55046512],0.007393750407380414
107,RTBFc_W49,EDUCATION,"Some college, no degree",[0.56473439 0.43526561],0.022479285333275523
108,FACE4d_W49,EDUCATION,Associate's degree,[0.51582369 0.48417631],0.19160721644532824
109,FACE4d_W49,EDUCATION,College graduate/some postgrad,[0.48182284 0.51817716],0.14080419185294898
110,FACE4d_W49,EDUCATION,High school graduate,[0.57112398 0.42887602],0.1941402966626091
111,FACE4d_W49,EDUCATION,Less than high school,[0.53584467 0.46415533],0.18447459809477082
112,FACE4d_W49,EDUCATION,Postgraduate,[0.48920382 0.51079618],0.2180869673113046
113,FACE4d_W49,EDUCATION,"Some college, no degree",[0.50274097 0.49725903],0.18649450937994588
114,RTDa_W49,EDUCATION,Associate's degree,[0.37013614 0.62986386],0.026690095544707148
115,RTDa_W49,EDUCATION,College graduate/some postgrad,[0.32137961 0.67862039],0.02510489569505388
116,RTDa_W49,EDUCATION,High school graduate,[0.36541016 0.63458984],0.03784622320384969
117,RTDa_W49,EDUCATION,Less than high school,[0.48784749 0.51215251],0.03759323388498074
118,RTDa_W49,EDUCATION,Postgraduate,[0.36076576 0.63923424],0.003308826031392529
119,RTDa_W49,EDUCATION,"Some college, no degree",[0.37879847 0.62120153],0.024892361592935355
120,PP4_W49,EDUCATION,Associate's degree,[0.12545813 0.58495544 0.27180392 0.01778251],0.0
121,PP4_W49,EDUCATION,College graduate/some postgrad,[0.10609961 0.57500756 0.30277752 0.01611532],0.0
122,PP4_W49,EDUCATION,High school graduate,[0.12177291 0.56137886 0.27297132 0.04387692],0.0027945190212192352
123,PP4_W49,EDUCATION,Less than high school,[0.16566812 0.44519301 0.36410491 0.02503396],0.0
124,PP4_W49,EDUCATION,Postgraduate,[0.10206784 0.53595866 0.34660505 0.01536845],0.0
125,PP4_W49,EDUCATION,"Some college, no degree",[0.14686182 0.54672303 0.27102737 0.03538777],0.0020981232222389316
126,PROFILE3_W49,EDUCATION,Associate's degree,[0.52072734 0.3700832  0.10918945],0.07117230675436015
127,PROFILE3_W49,EDUCATION,College graduate/some postgrad,[0.5908092  0.38083997 0.02835083],0.045754583838198734
128,PROFILE3_W49,EDUCATION,High school graduate,[0.44122674 0.39673712 0.16203614],0.09593369114659965
129,PROFILE3_W49,EDUCATION,Less than high school,[0.34014463 0.40772579 0.25212958],0.1529598264900621
130,PROFILE3_W49,EDUCATION,Postgraduate,[0.6419309  0.31513499 0.04293411],0.036205378724939855
131,PROFILE3_W49,EDUCATION,"Some college, no degree",[0.5535523  0.35336239 0.09308531],0.06543198237331747
132,CONCERNCO_W49,EDUCATION,Associate's degree,[0.44122845 0.40166835 0.14125642 0.01584678],0.0
133,CONCERNCO_W49,EDUCATION,College graduate/some postgrad,[0.35661931 0.45965226 0.16622358 0.01750485],0.002325802265921905
134,CONCERNCO_W49,EDUCATION,High school graduate,[0.35340693 0.42929559 0.17645891 0.04083857],0.0037608334344942282
135,CONCERNCO_W49,EDUCATION,Less than high school,[0.32259452 0.3624791  0.15301531 0.16191106],0.0
136,CONCERNCO_W49,EDUCATION,Postgraduate,[0.33368646 0.47729405 0.17957866 0.00944084],0.0013573003788677246
137,CONCERNCO_W49,EDUCATION,"Some college, no degree",[0.37168959 0.4332781  0.1707683  0.02426401],0.0
138,CONTROLGRPf_W49,EDUCATION,Associate's degree,[0.15113147 0.51793119 0.33093734],0.018289018572128172
139,CONTROLGRPf_W49,EDUCATION,College graduate/some postgrad,[0.16025062 0.49817583 0.34157354],0.005044346549460021
140,CONTROLGRPf_W49,EDUCATION,High school graduate,[0.14173927 0.45363592 0.40462482],0.002810642153077976
141,CONTROLGRPf_W49,EDUCATION,Less than high school,[0.08628072 0.51414141 0.39957787],0.00829066614996131
142,CONTROLGRPf_W49,EDUCATION,Postgraduate,[0.07695462 0.54090481 0.38214057],0.0037536057884556243
143,CONTROLGRPf_W49,EDUCATION,"Some college, no degree",[0.13923685 0.50691477 0.35384838],0.0
144,PP5d_W49,EDUCATION,Associate's degree,[0.03896751 0.27579229 0.44804488 0.23719532],0.008540326150243796
145,PP5d_W49,EDUCATION,College graduate/some postgrad,[0.02234489 0.27888493 0.48698879 0.21178139],0.0031588089952234435
146,PP5d_W49,EDUCATION,High school graduate,[0.04705709 0.2732475  0.47130111 0.2083943 ],0.007221076689489973
147,PP5d_W49,EDUCATION,Less than high school,[0.04964863 0.30420263 0.43104842 0.21510032],0.014272802551763265
148,PP5d_W49,EDUCATION,Postgraduate,[0.01340139 0.2327653  0.53898956 0.21484376],0.0
149,PP5d_W49,EDUCATION,"Some college, no degree",[0.03959904 0.28206912 0.45613099 0.22220085],0.003491312821212864
150,CONCERNGRPc_W49,EDUCATION,Associate's degree,[0.24294305 0.35330769 0.40374926],0.0
151,CONCERNGRPc_W49,EDUCATION,College graduate/some postgrad,[0.19308758 0.3661253  0.44078712],0.0
152,CONCERNGRPc_W49,EDUCATION,High school graduate,[0.17540316 0.40594216 0.41865468],0.01018960739047066
153,CONCERNGRPc_W49,EDUCATION,Less than high school,[0.10985462 0.43515325 0.45499213],0.007766904812903811
154,CONCERNGRPc_W49,EDUCATION,Postgraduate,[0.2345994  0.36059143 0.40480917],0.016185401773463937
155,CONCERNGRPc_W49,EDUCATION,"Some college, no degree",[0.19091399 0.40677307 0.40231295],0.0022742862709370618
156,GOVREGV2_W49,EDUCATION,Associate's degree,[0.5560537 0.4439463],0.01968621274997655
157,GOVREGV2_W49,EDUCATION,College graduate/some postgrad,[0.56983444 0.43016556],0.0007858906201900889
158,GOVREGV2_W49,EDUCATION,High school graduate,[0.57322665 0.42677335],0.01981430105473823
159,GOVREGV2_W49,EDUCATION,Less than high school,[0.46797712 0.53202288],0.010413669229920673
160,GOVREGV2_W49,EDUCATION,Postgraduate,[0.50446336 0.49553664],0.009757616175112374
161,GOVREGV2_W49,EDUCATION,"Some college, no degree",[0.56910023 0.43089977],0.00823968036651174
162,PP2_W49,EDUCATION,Associate's degree,[0.08012059 0.18454322 0.39863739 0.3366988 ],0.01925042290510124
163,PP2_W49,EDUCATION,College graduate/some postgrad,[0.05006084 0.09637878 0.35893791 0.49462246],0.008123694104461239
164,PP2_W49,EDUCATION,High school graduate,[0.10582904 0.14983308 0.41908729 0.32525059],0.0034363844711676676
165,PP2_W49,EDUCATION,Less than high school,[0.19122751 0.16464283 0.38792043 0.25620923],0.00496775155405928
166,PP2_W49,EDUCATION,Postgraduate,[0.02958079 0.1185941  0.39451464 0.45731047],0.0010002529764316017
167,PP2_W49,EDUCATION,"Some college, no degree",[0.10433482 0.14456223 0.39252671 0.35857625],0.0028400934650812336
168,ANONYMOUS1GOV_W49,EDUCATION,Associate's degree,[0.38141602 0.61858398],0.0020044066829389613
169,ANONYMOUS1GOV_W49,EDUCATION,College graduate/some postgrad,[0.36131816 0.63868184],0.00040420080807695215
170,ANONYMOUS1GOV_W49,EDUCATION,High school graduate,[0.39581237 0.60418763],0.007778998194868233
171,ANONYMOUS1GOV_W49,EDUCATION,Less than high school,[0.41671197 0.58328803],0.00893904510828954
172,ANONYMOUS1GOV_W49,EDUCATION,Postgraduate,[0.3125682 0.6874318],0.0024768848430586224
173,ANONYMOUS1GOV_W49,EDUCATION,"Some college, no degree",[0.33632261 0.66367739],0.015205918229048836
174,FACE4a_W49,EDUCATION,Associate's degree,[0.8139317 0.1860683],0.23796858164796955
175,FACE4a_W49,EDUCATION,College graduate/some postgrad,[0.81272759 0.18727241],0.12526426400660864
176,FACE4a_W49,EDUCATION,High school graduate,[0.84606823 0.15393177],0.12816090821059545
177,FACE4a_W49,EDUCATION,Less than high school,[0.76275835 0.23724165],0.2375391912905145
178,FACE4a_W49,EDUCATION,Postgraduate,[0.82978002 0.17021998],0.1498527940993804
179,FACE4a_W49,EDUCATION,"Some college, no degree",[0.72944263 0.27055737],0.1550408020525472
180,FACE2b_W49,EDUCATION,Associate's degree,[0.1557144  0.58532645 0.22280045 0.0361587 ],0.02052813571641687
181,FACE2b_W49,EDUCATION,College graduate/some postgrad,[0.15764392 0.58389354 0.22425862 0.03420392],0.008094074859755919
182,FACE2b_W49,EDUCATION,High school graduate,[0.20178159 0.53631383 0.20931886 0.05258572],0.016266140213365265
183,FACE2b_W49,EDUCATION,Less than high school,[0.20593855 0.46689824 0.25057922 0.07658399],0.021705307287139698
184,FACE2b_W49,EDUCATION,Postgraduate,[0.19116207 0.56166501 0.20018471 0.04698822],0.010327928771803517
185,FACE2b_W49,EDUCATION,"Some college, no degree",[0.18281405 0.5502223  0.22667071 0.04029293],0.012295169354919278
186,SECUR1_W49,EDUCATION,Associate's degree,[0.09294545 0.66575726 0.24129729],0.007320334501074047
187,SECUR1_W49,EDUCATION,College graduate/some postgrad,[0.03295489 0.75705807 0.20998704],0.0007028514157174396
188,SECUR1_W49,EDUCATION,High school graduate,[0.07646798 0.65339717 0.27013486],0.0025379491325997466
189,SECUR1_W49,EDUCATION,Less than high school,[0.09418977 0.6192606  0.28654963],0.0079267298393158
190,SECUR1_W49,EDUCATION,Postgraduate,[0.01772761 0.80529383 0.17697857],0.0
191,SECUR1_W49,EDUCATION,"Some college, no degree",[0.06799505 0.69935954 0.23264541],0.0
192,LOYALTY_W49,EDUCATION,Associate's degree,[0.71731501 0.28268499],0.0019408661039835597
193,LOYALTY_W49,EDUCATION,College graduate/some postgrad,[0.73999174 0.26000826],0.0019455004778638763
194,LOYALTY_W49,EDUCATION,High school graduate,[0.56370475 0.43629525],0.004002993306073608
195,LOYALTY_W49,EDUCATION,Less than high school,[0.36278203 0.63721797],0.0015752061453820812
196,LOYALTY_W49,EDUCATION,Postgraduate,[0.77828462 0.22171538],0.0
197,LOYALTY_W49,EDUCATION,"Some college, no degree",[0.69325501 0.30674499],0.0012000816989300128
198,PP3_W49,EDUCATION,Associate's degree,[0.18663835 0.37875806 0.43460359],0.004426491337634093
199,PP3_W49,EDUCATION,College graduate/some postgrad,[0.16221203 0.30284448 0.53494349],0.004381974222663358
200,PP3_W49,EDUCATION,High school graduate,[0.22455812 0.3426884  0.43275348],0.0
201,PP3_W49,EDUCATION,Less than high school,[0.35194362 0.38802694 0.26002944],0.0
202,PP3_W49,EDUCATION,Postgraduate,[0.12746    0.35308489 0.51945511],0.0008926416388613793
203,PP3_W49,EDUCATION,"Some college, no degree",[0.25237711 0.35812738 0.38949551],0.0041586321103339995
204,CONTROLGRPe_W49,EDUCATION,Associate's degree,[0.11506486 0.4456832  0.41262699 0.02662495],0.0
205,CONTROLGRPe_W49,EDUCATION,College graduate/some postgrad,[0.06925988 0.44381335 0.47778994 0.00913682],0.0
206,CONTROLGRPe_W49,EDUCATION,High school graduate,[0.1123536  0.43834856 0.40524898 0.04404886],0.0024339744069231404
207,CONTROLGRPe_W49,EDUCATION,Less than high school,[0.08651664 0.37216551 0.24551447 0.29580338],0.00829066614996131
208,CONTROLGRPe_W49,EDUCATION,Postgraduate,[0.06137859 0.4661571  0.46894589 0.00351842],0.0
209,CONTROLGRPe_W49,EDUCATION,"Some college, no degree",[0.12747898 0.452528   0.40262846 0.01736457],0.0017354064949183627
210,TRACKCO1a_W49,EDUCATION,Associate's degree,[0.43312453 0.31279521 0.21414858 0.02534799 0.0145837 ],0.04084128840349026
211,TRACKCO1a_W49,EDUCATION,College graduate/some postgrad,[0.45433912 0.34249857 0.15758672 0.02663454 0.01894104],0.000414356524524737
212,TRACKCO1a_W49,EDUCATION,High school graduate,[0.3752585  0.29111874 0.20062653 0.06438241 0.06861382],0.0063220848524565155
213,TRACKCO1a_W49,EDUCATION,Less than high school,[0.26052424 0.212584   0.23710309 0.11289387 0.1768948 ],0.0
214,TRACKCO1a_W49,EDUCATION,Postgraduate,[0.43928696 0.37703937 0.15455696 0.02599437 0.00312234],0.001193546915868904
215,TRACKCO1a_W49,EDUCATION,"Some college, no degree",[0.44672126 0.31110032 0.18776027 0.02857583 0.02584233],0.0015480760992951043
216,CONTROLCO_W49,EDUCATION,Associate's degree,[0.02060276 0.19635043 0.37659689 0.40644993],0.0
217,CONTROLCO_W49,EDUCATION,College graduate/some postgrad,[0.03670336 0.1433922  0.54220853 0.27769591],0.0
218,CONTROLCO_W49,EDUCATION,High school graduate,[0.04552143 0.15886336 0.50270786 0.29290735],0.0025500568467392033
219,CONTROLCO_W49,EDUCATION,Less than high school,[0.03758951 0.12784547 0.39155757 0.44300745],0.030506485357126117
220,CONTROLCO_W49,EDUCATION,Postgraduate,[0.01420705 0.15053294 0.56089167 0.27436835],0.0
221,CONTROLCO_W49,EDUCATION,"Some college, no degree",[0.03017473 0.14311058 0.55320064 0.27351405],0.0
222,SOCMEDIAUSEc_W49,EDUCATION,Associate's degree,[0.23963024 0.76036976],0.024553551575214837
223,SOCMEDIAUSEc_W49,EDUCATION,College graduate/some postgrad,[0.28354543 0.71645457],0.009153252529702997
224,SOCMEDIAUSEc_W49,EDUCATION,High school graduate,[0.17349773 0.82650227],0.020455152217833242
225,SOCMEDIAUSEc_W49,EDUCATION,Less than high school,[0.14213129 0.85786871],0.03953158241762984
226,SOCMEDIAUSEc_W49,EDUCATION,Postgraduate,[0.28522142 0.71477858],0.006448817417355035
227,SOCMEDIAUSEc_W49,EDUCATION,"Some college, no degree",[0.26034873 0.73965127],0.014246757719648995
228,PRIVACYREG_W49,EDUCATION,Associate's degree,[0.01570244 0.3347604  0.50441814 0.14511902],0.011172361730910896
229,PRIVACYREG_W49,EDUCATION,College graduate/some postgrad,[0.02460827 0.29923251 0.51450693 0.16165229],0.0005253751847522141
230,PRIVACYREG_W49,EDUCATION,High school graduate,[0.02713617 0.34309202 0.49377351 0.1359983 ],0.0023844817771208303
231,PRIVACYREG_W49,EDUCATION,Less than high school,[0.05082437 0.34243566 0.46694211 0.13979785],0.0079267298393158
232,PRIVACYREG_W49,EDUCATION,Postgraduate,[0.01931138 0.32881471 0.50673343 0.14514049],0.0
233,PRIVACYREG_W49,EDUCATION,"Some college, no degree",[0.04811745 0.35441059 0.47038888 0.12708308],0.0
234,TALKDISASNSINT_W49,EDUCATION,Associate's degree,[0.28348639 0.71651361],0.05325778920015817
235,TALKDISASNSINT_W49,EDUCATION,College graduate/some postgrad,[0.25846474 0.74153526],0.06421457593941023
236,TALKDISASNSINT_W49,EDUCATION,High school graduate,[0.31034329 0.68965671],0.0422954102191326
237,TALKDISASNSINT_W49,EDUCATION,Less than high school,[0.39794062 0.60205938],0.031215404403567314
238,TALKDISASNSINT_W49,EDUCATION,Postgraduate,[0.20697402 0.79302598],0.056550694948297356
239,TALKDISASNSINT_W49,EDUCATION,"Some college, no degree",[0.29342579 0.70657421],0.04136998514251505
240,PRIVACYNEWS1_W49,EDUCATION,Associate's degree,[0.08551457 0.45452264 0.34861741 0.11134539],0.01424125132591328
241,PRIVACYNEWS1_W49,EDUCATION,College graduate/some postgrad,[0.09705023 0.50947902 0.32394663 0.06952412],0.0
242,PRIVACYNEWS1_W49,EDUCATION,High school graduate,[0.11459409 0.4291236  0.34610574 0.11017657],0.002846779929518418
243,PRIVACYNEWS1_W49,EDUCATION,Less than high school,[0.10409471 0.39910891 0.33928196 0.15751441],0.0079267298393158
244,PRIVACYNEWS1_W49,EDUCATION,Postgraduate,[0.09336809 0.50675625 0.3559733  0.04390235],0.0
245,PRIVACYNEWS1_W49,EDUCATION,"Some college, no degree",[0.12408594 0.46407871 0.31254902 0.09928634],0.0
246,HOMEASSIST4_W49,EDUCATION,Associate's degree,[0.19371914 0.40074911 0.30678492 0.09874683],0.05358475437442473
247,HOMEASSIST4_W49,EDUCATION,College graduate/some postgrad,[0.14545811 0.41581046 0.31340664 0.12532479],0.0
248,HOMEASSIST4_W49,EDUCATION,High school graduate,[0.20804492 0.37474508 0.28878298 0.12842702],0.006016217758809242
249,HOMEASSIST4_W49,EDUCATION,Less than high school,[0.28561386 0.4751064  0.2173708  0.02190894],0.0
250,HOMEASSIST4_W49,EDUCATION,Postgraduate,[0.12342943 0.40424623 0.35984837 0.11247597],0.00761044107457486
251,HOMEASSIST4_W49,EDUCATION,"Some college, no degree",[0.19422508 0.32370288 0.34249617 0.13957587],0.004647221543573629
252,FITTRACK_W49,EDUCATION,Associate's degree,[0.28037547 0.71962453],0.003043184751598454
253,FITTRACK_W49,EDUCATION,College graduate/some postgrad,[0.26083989 0.73916011],0.0
254,FITTRACK_W49,EDUCATION,High school graduate,[0.15194969 0.84805031],0.0025007709767465532
255,FITTRACK_W49,EDUCATION,Less than high school,[0.12444033 0.87555967],0.0015752061453820807
256,FITTRACK_W49,EDUCATION,Postgraduate,[0.28232015 0.71767985],0.004045679933003614
257,FITTRACK_W49,EDUCATION,"Some college, no degree",[0.23357418 0.76642582],0.0007148023469332287
258,DATAUSEb_W49,EDUCATION,Associate's degree,[0.61708948 0.38291052],0.2912218346262284
259,DATAUSEb_W49,EDUCATION,College graduate/some postgrad,[0.65970924 0.34029076],0.2018419221644485
260,DATAUSEb_W49,EDUCATION,High school graduate,[0.67287664 0.32712336],0.2572977545061857
261,DATAUSEb_W49,EDUCATION,Less than high school,[0.55428629 0.44571371],0.30367761844547414
262,DATAUSEb_W49,EDUCATION,Postgraduate,[0.63157731 0.36842269],0.21121884414529798
263,DATAUSEb_W49,EDUCATION,"Some college, no degree",[0.63141532 0.36858468],0.23304973769933957
264,CONCERNGOV_W49,EDUCATION,Associate's degree,[0.26474718 0.37827293 0.23968134 0.11729855],0.0
265,CONCERNGOV_W49,EDUCATION,College graduate/some postgrad,[0.24987521 0.44548165 0.25734296 0.04730019],0.011196930356180052
266,CONCERNGOV_W49,EDUCATION,High school graduate,[0.23720092 0.3809052  0.26874844 0.11314544],0.006764564316056459
267,CONCERNGOV_W49,EDUCATION,Less than high school,[0.21585661 0.35450451 0.23905718 0.1905817 ],0.0
268,CONCERNGOV_W49,EDUCATION,Postgraduate,[0.207999   0.46902145 0.26319187 0.05978768],0.006942151107996326
269,CONCERNGOV_W49,EDUCATION,"Some college, no degree",[0.30977836 0.34779518 0.25954376 0.08288271],0.0
270,HOMEASSIST2_W49,EDUCATION,Associate's degree,[0.13658648 0.40111706 0.30576347 0.15653298],0.0
271,HOMEASSIST2_W49,EDUCATION,College graduate/some postgrad,[0.11309652 0.43287964 0.38731643 0.06670741],0.0
272,HOMEASSIST2_W49,EDUCATION,High school graduate,[0.14823575 0.36337643 0.39742678 0.09096104],0.0
273,HOMEASSIST2_W49,EDUCATION,Less than high school,[0.10091712 0.39829345 0.40998301 0.09080641],0.0
274,HOMEASSIST2_W49,EDUCATION,Postgraduate,[0.11663252 0.45308935 0.34505157 0.08522656],0.0
275,HOMEASSIST2_W49,EDUCATION,"Some college, no degree",[0.18241216 0.38646519 0.32039735 0.11072531],0.0
276,TRACKGOV1a_W49,EDUCATION,Associate's degree,[0.24579801 0.23284995 0.31489033 0.10733053 0.09913118],0.0020044066829389613
277,TRACKGOV1a_W49,EDUCATION,College graduate/some postgrad,[0.23015024 0.20237055 0.36753905 0.14686689 0.05307328],0.009902380880078727
278,TRACKGOV1a_W49,EDUCATION,High school graduate,[0.21620218 0.26796771 0.26557558 0.14202867 0.10822586],0.004847586412372375
279,TRACKGOV1a_W49,EDUCATION,Less than high school,[0.29709215 0.18339512 0.20280488 0.10985251 0.20685534],0.0037202044080294496
280,TRACKGOV1a_W49,EDUCATION,Postgraduate,[0.18045036 0.25734335 0.35709479 0.16957755 0.03553396],0.010315408692961898
281,TRACKGOV1a_W49,EDUCATION,"Some college, no degree",[0.2951609  0.22752161 0.28708492 0.12921661 0.06101595],0.0
282,SHARE1_W49,EDUCATION,Associate's degree,[0.57053668 0.42946332],0.005227513704743932
283,SHARE1_W49,EDUCATION,College graduate/some postgrad,[0.55359374 0.44640626],0.00359780848750367
284,SHARE1_W49,EDUCATION,High school graduate,[0.45505234 0.54494766],0.007843114212124632
285,SHARE1_W49,EDUCATION,Less than high school,[0.46733942 0.53266058],0.008830636431496735
286,SHARE1_W49,EDUCATION,Postgraduate,[0.55953139 0.44046861],0.0012099945595917057
287,SHARE1_W49,EDUCATION,"Some college, no degree",[0.5508953 0.4491047],0.004594597639851069
288,HOMEASSIST5b_W49,EDUCATION,Associate's degree,[0.34385783 0.65614217],0.0
289,HOMEASSIST5b_W49,EDUCATION,College graduate/some postgrad,[0.32047804 0.67952196],0.00906899847089947
290,HOMEASSIST5b_W49,EDUCATION,High school graduate,[0.2931638 0.7068362],0.013466585372888052
291,HOMEASSIST5b_W49,EDUCATION,Less than high school,[0.51892947 0.48107053],0.0
292,HOMEASSIST5b_W49,EDUCATION,Postgraduate,[0.28566494 0.71433506],0.015345817560296517
293,HOMEASSIST5b_W49,EDUCATION,"Some college, no degree",[0.37497881 0.62502119],0.0
294,CONCERNGRPd_W49,EDUCATION,Associate's degree,[0.30043165 0.50051903 0.19904931],0.0
295,CONCERNGRPd_W49,EDUCATION,College graduate/some postgrad,[0.32521653 0.50907223 0.16571123],0.006069562466239594
296,CONCERNGRPd_W49,EDUCATION,High school graduate,[0.25216983 0.51936707 0.22846311],0.00248165745144367
297,CONCERNGRPd_W49,EDUCATION,Less than high school,[0.23315848 0.49773595 0.26910557],0.0
298,CONCERNGRPd_W49,EDUCATION,Postgraduate,[0.29503777 0.57126745 0.13369479],0.0
299,CONCERNGRPd_W49,EDUCATION,"Some college, no degree",[0.35677166 0.44245378 0.20077456],0.00149644279822216
300,ANONYMOUS1CO_W49,EDUCATION,Associate's degree,[0.36957714 0.63042286],0.0
301,ANONYMOUS1CO_W49,EDUCATION,College graduate/some postgrad,[0.34044629 0.65955371],0.0016621583711646031
302,ANONYMOUS1CO_W49,EDUCATION,High school graduate,[0.40326962 0.59673038],0.004526185549631952
303,ANONYMOUS1CO_W49,EDUCATION,Less than high school,[0.43938085 0.56061915],0.018011982864948938
304,ANONYMOUS1CO_W49,EDUCATION,Postgraduate,[0.27579614 0.72420386],0.0025508472947366285
305,ANONYMOUS1CO_W49,EDUCATION,"Some college, no degree",[0.41476046 0.58523954],0.006381225135381705
306,PP5a_W49,EDUCATION,Associate's degree,[0.05929235 0.35723523 0.38486973 0.19860269],0.014448380346756695
307,PP5a_W49,EDUCATION,College graduate/some postgrad,[0.03434171 0.40764614 0.39589251 0.16211965],0.005379650896032863
308,PP5a_W49,EDUCATION,High school graduate,[0.05384419 0.34882466 0.4191441  0.17818705],0.003740647999937081
309,PP5a_W49,EDUCATION,Less than high school,[0.0653647  0.36461995 0.37945465 0.1905607 ],0.020700184206004366
310,PP5a_W49,EDUCATION,Postgraduate,[0.03783452 0.41557097 0.40499864 0.14159587],0.0
311,PP5a_W49,EDUCATION,"Some college, no degree",[0.04977591 0.3668848  0.41236547 0.17097383],0.0024120918654425227
312,POSNEGCO_W49,EDUCATION,Associate's degree,[0.11312654 0.88687346],0.028064944832756438
313,POSNEGCO_W49,EDUCATION,College graduate/some postgrad,[0.15440794 0.84559206],0.014568847724543796
314,POSNEGCO_W49,EDUCATION,High school graduate,[0.17480561 0.82519439],0.024642466549904176
315,POSNEGCO_W49,EDUCATION,Less than high school,[0.25196695 0.74803305],0.043617978705161924
316,POSNEGCO_W49,EDUCATION,Postgraduate,[0.21163466 0.78836534],0.0036391650432185097
317,POSNEGCO_W49,EDUCATION,"Some college, no degree",[0.16806733 0.83193267],0.015723625463854828
318,BENEFITGOV_W49,EDUCATION,Associate's degree,[0.04895573 0.22890206 0.72214221 0.        ],0.05211170462783089
319,BENEFITGOV_W49,EDUCATION,College graduate/some postgrad,[0.04433846 0.29212035 0.66354119 0.        ],0.009829776887052048
320,BENEFITGOV_W49,EDUCATION,High school graduate,[0.05567704 0.28648082 0.65784214 0.        ],0.014533454704547621
321,BENEFITGOV_W49,EDUCATION,Less than high school,[0.11785007 0.44622405 0.43592588 0.        ],0.013734518862206798
322,BENEFITGOV_W49,EDUCATION,Postgraduate,[0.03178482 0.29413964 0.67407554 0.        ],0.012908646733250418
323,BENEFITGOV_W49,EDUCATION,"Some college, no degree",[0.0938878  0.27749905 0.62861315 0.        ],0.0
324,RTBFa_W49,EDUCATION,Associate's degree,[0.43960223 0.56039777],0.04373296122234039
325,RTBFa_W49,EDUCATION,College graduate/some postgrad,[0.37133059 0.62866941],0.012069517469757419
326,RTBFa_W49,EDUCATION,High school graduate,[0.39224412 0.60775588],0.01989459015647802
327,RTBFa_W49,EDUCATION,Less than high school,[0.45933568 0.54066432],0.031260577453946996
328,RTBFa_W49,EDUCATION,Postgraduate,[0.40359706 0.59640294],0.015234398493591142
329,RTBFa_W49,EDUCATION,"Some college, no degree",[0.39477722 0.60522278],0.012802798896824806
330,TRACKGOV1b_W49,EDUCATION,Associate's degree,[0.09374169 0.14714651 0.32708511 0.26356899 0.16845769],0.0020044066829389613
331,TRACKGOV1b_W49,EDUCATION,College graduate/some postgrad,[0.0846497  0.10395579 0.372257   0.29729374 0.14184378],0.012849818170176318
332,TRACKGOV1b_W49,EDUCATION,High school graduate,[0.09443629 0.14581866 0.31369818 0.2636444  0.18240248],0.004565152627442037
333,TRACKGOV1b_W49,EDUCATION,Less than high school,[0.16502662 0.15761547 0.22893475 0.19553455 0.25288861],0.0
334,TRACKGOV1b_W49,EDUCATION,Postgraduate,[0.05088936 0.09495962 0.29196439 0.41549943 0.14668719],0.0040849180614476515
335,TRACKGOV1b_W49,EDUCATION,"Some college, no degree",[0.14817643 0.1471985  0.37259185 0.22104791 0.1109853 ],0.0
336,SOCMEDIAUSEd_W49,EDUCATION,Associate's degree,[0.35533318 0.64466682],0.013775176570419349
337,SOCMEDIAUSEd_W49,EDUCATION,College graduate/some postgrad,[0.32329806 0.67670194],0.016653512683961504
338,SOCMEDIAUSEd_W49,EDUCATION,High school graduate,[0.24989081 0.75010919],0.017398468186082847
339,SOCMEDIAUSEd_W49,EDUCATION,Less than high school,[0.21193554 0.78806446],0.022958301174108485
340,SOCMEDIAUSEd_W49,EDUCATION,Postgraduate,[0.30407399 0.69592601],0.017065678250188898
341,SOCMEDIAUSEd_W49,EDUCATION,"Some college, no degree",[0.33916522 0.66083478],0.013698819473354764
342,DATAUSEd_W49,EDUCATION,Associate's degree,[0.54649198 0.45350802],0.19599224892639977
343,DATAUSEd_W49,EDUCATION,College graduate/some postgrad,[0.48780616 0.51219384],0.21136327579924474
344,DATAUSEd_W49,EDUCATION,High school graduate,[0.55817791 0.44182209],0.2520342845873111
345,DATAUSEd_W49,EDUCATION,Less than high school,[0.60882688 0.39117312],0.35714779776446787
346,DATAUSEd_W49,EDUCATION,Postgraduate,[0.52174185 0.47825815],0.1759337922998443
347,DATAUSEd_W49,EDUCATION,"Some college, no degree",[0.53635227 0.46364773],0.21602432824517587
348,DATAUSEa_W49,EDUCATION,Associate's degree,[0.61252414 0.38747586],0.25225271721110576
349,DATAUSEa_W49,EDUCATION,College graduate/some postgrad,[0.59995128 0.40004872],0.15859842209999553
350,DATAUSEa_W49,EDUCATION,High school graduate,[0.66546116 0.33453884],0.21346341274637617
351,DATAUSEa_W49,EDUCATION,Less than high school,[0.56515837 0.43484163],0.24594138510750244
352,DATAUSEa_W49,EDUCATION,Postgraduate,[0.56946382 0.43053618],0.1892664098771356
353,DATAUSEa_W49,EDUCATION,"Some college, no degree",[0.59095054 0.40904946],0.1751971881204706
354,SOCMEDIAUSEa_W49,EDUCATION,Associate's degree,[0.75725868 0.24274132],0.005848131996418093
355,SOCMEDIAUSEa_W49,EDUCATION,College graduate/some postgrad,[0.7189256 0.2810744],0.0024611208853130913
356,SOCMEDIAUSEa_W49,EDUCATION,High school graduate,[0.73135647 0.26864353],0.0034634276487184707
357,SOCMEDIAUSEa_W49,EDUCATION,Less than high school,[0.55119861 0.44880139],0.006487318816854542
358,SOCMEDIAUSEa_W49,EDUCATION,Postgraduate,[0.7177951 0.2822049],0.0021452155031849163
359,SOCMEDIAUSEa_W49,EDUCATION,"Some college, no degree",[0.76009141 0.23990859],0.0003148783211231426
360,PP6c_W49,EDUCATION,Associate's degree,[0.0627023  0.41041095 0.2924094  0.23447735],0.0
361,PP6c_W49,EDUCATION,College graduate/some postgrad,[0.0776759  0.45728906 0.31574487 0.14929017],0.0010537189026757858
362,PP6c_W49,EDUCATION,High school graduate,[0.09242265 0.42136878 0.32062163 0.16558694],0.009076771383099615
363,PP6c_W49,EDUCATION,Less than high school,[0.06276903 0.41744673 0.35513549 0.16464875],0.014319691821261547
364,PP6c_W49,EDUCATION,Postgraduate,[0.08566173 0.39116692 0.34743022 0.17574113],0.004151673579547744
365,PP6c_W49,EDUCATION,"Some college, no degree",[0.0829237  0.42984746 0.27907006 0.20815878],0.0006390572383622765
366,FACE4b_W49,EDUCATION,Associate's degree,[0.39463322 0.60536678],0.15020459573407097
367,FACE4b_W49,EDUCATION,College graduate/some postgrad,[0.37971675 0.62028325],0.13481489523459095
368,FACE4b_W49,EDUCATION,High school graduate,[0.47921003 0.52078997],0.19656181088978453
369,FACE4b_W49,EDUCATION,Less than high school,[0.36733513 0.63266487],0.2666063855024923
370,FACE4b_W49,EDUCATION,Postgraduate,[0.37813652 0.62186348],0.14172081609947648
371,FACE4b_W49,EDUCATION,"Some college, no degree",[0.44281441 0.55718559],0.19818599632175005
372,DATAUSEe_W49,EDUCATION,Associate's degree,[0.32279044 0.67720956],0.3381900146618922
373,DATAUSEe_W49,EDUCATION,College graduate/some postgrad,[0.32031962 0.67968038],0.27740167127092435
374,DATAUSEe_W49,EDUCATION,High school graduate,[0.39484204 0.60515796],0.291576868045099
375,DATAUSEe_W49,EDUCATION,Less than high school,[0.46048551 0.53951449],0.38894863442238936
376,DATAUSEe_W49,EDUCATION,Postgraduate,[0.32281168 0.67718832],0.22448094678081892
377,DATAUSEe_W49,EDUCATION,"Some college, no degree",[0.39758957 0.60241043],0.23268106593103888
378,HOMEIOT_W49,EDUCATION,Associate's degree,[0.16786968 0.83213032],0.008678608152479181
379,HOMEIOT_W49,EDUCATION,College graduate/some postgrad,[0.26222993 0.73777007],0.0009113877965336182
380,HOMEIOT_W49,EDUCATION,High school graduate,[0.14845994 0.85154006],0.005323106788741021
381,HOMEIOT_W49,EDUCATION,Less than high school,[0.11086719 0.88913281],0.015696981072080587
382,HOMEIOT_W49,EDUCATION,Postgraduate,[0.25838821 0.74161179],0.0009938692925696327
383,HOMEIOT_W49,EDUCATION,"Some college, no degree",[0.22312405 0.77687595],0.0010816576528113093
384,SOCMEDIAUSEb_W49,EDUCATION,Associate's degree,[0.40558479 0.59441521],0.006082119226538788
385,SOCMEDIAUSEb_W49,EDUCATION,College graduate/some postgrad,[0.42545205 0.57454795],0.011108694486269407
386,SOCMEDIAUSEb_W49,EDUCATION,High school graduate,[0.32415933 0.67584067],0.016950963722194432
387,SOCMEDIAUSEb_W49,EDUCATION,Less than high school,[0.33578328 0.66421672],0.014041000701084001
388,SOCMEDIAUSEb_W49,EDUCATION,Postgraduate,[0.37215133 0.62784867],0.00688427593732393
389,SOCMEDIAUSEb_W49,EDUCATION,"Some college, no degree",[0.45156806 0.54843194],0.008143487045762536
390,CONTROLGRPb_W49,EDUCATION,Associate's degree,[0.10844327 0.33246644 0.54527789 0.01381239],0.024488703418418332
391,CONTROLGRPb_W49,EDUCATION,College graduate/some postgrad,[0.06480851 0.4028535  0.53030856 0.00202942],0.0
392,CONTROLGRPb_W49,EDUCATION,High school graduate,[0.10167214 0.41719988 0.43030113 0.05082685],0.003949099699556567
393,CONTROLGRPb_W49,EDUCATION,Less than high school,[0.0956943  0.39436634 0.37481255 0.13512681],0.003579355758872855
394,CONTROLGRPb_W49,EDUCATION,Postgraduate,[0.05340042 0.40940758 0.52908284 0.00810916],0.0011935469158689043
395,CONTROLGRPb_W49,EDUCATION,"Some college, no degree",[0.12538542 0.36470033 0.49170821 0.01820604],0.002187084727503835
396,DB1b_W49,EDUCATION,Associate's degree,[0.10455371 0.87501277 0.02043352],0.003605038323016169
397,DB1b_W49,EDUCATION,College graduate/some postgrad,[0.06572633 0.92859948 0.00567419],0.008280109559614236
398,DB1b_W49,EDUCATION,High school graduate,[0.07110338 0.88126597 0.04763065],0.0056295384175606995
399,DB1b_W49,EDUCATION,Less than high school,[0.10322574 0.67205111 0.22472315],0.005413172921476483
400,DB1b_W49,EDUCATION,Postgraduate,[0.06824091 0.92589073 0.00586836],0.001157535120379575
401,DB1b_W49,EDUCATION,"Some college, no degree",[0.09188005 0.89025999 0.01785997],0.005690407707775433
402,RTDc_W49,EDUCATION,Associate's degree,[0.70144474 0.29855526],0.008385267129371
403,RTDc_W49,EDUCATION,College graduate/some postgrad,[0.76126252 0.23873748],0.014558748290207861
404,RTDc_W49,EDUCATION,High school graduate,[0.65143244 0.34856756],0.027807026427250348
405,RTDc_W49,EDUCATION,Less than high school,[0.5880912 0.4119088],0.07004614605818721
406,RTDc_W49,EDUCATION,Postgraduate,[0.80997632 0.19002368],0.004406780444888455
407,RTDc_W49,EDUCATION,"Some college, no degree",[0.7255009 0.2744991],0.026159699231713594
408,CONCERNGRPa_W49,EDUCATION,Associate's degree,[0.350971   0.29670469 0.3523243 ],0.0
409,CONCERNGRPa_W49,EDUCATION,College graduate/some postgrad,[0.20317177 0.37658005 0.42024817],0.0
410,CONCERNGRPa_W49,EDUCATION,High school graduate,[0.25829868 0.3655235  0.37617782],0.0
411,CONCERNGRPa_W49,EDUCATION,Less than high school,[0.29601969 0.31740155 0.38657876],0.018011982864948938
412,CONCERNGRPa_W49,EDUCATION,Postgraduate,[0.25334257 0.36823235 0.37842508],0.0009401132921936765
413,CONCERNGRPa_W49,EDUCATION,"Some college, no degree",[0.25348109 0.36095778 0.38556112],0.0
414,FACE1_W49,EDUCATION,Associate's degree,[0.27483598 0.6097739  0.11539013],0.014086595889498624
415,FACE1_W49,EDUCATION,College graduate/some postgrad,[0.2852177  0.65969171 0.05509058],0.0029464841422385184
416,FACE1_W49,EDUCATION,High school graduate,[0.21014931 0.60694104 0.18290965],0.0003340596036852712
417,FACE1_W49,EDUCATION,Less than high school,[0.13593487 0.55158522 0.31247992],0.004642102232737638
418,FACE1_W49,EDUCATION,Postgraduate,[0.28197531 0.66908056 0.04894413],0.001157535120379575
419,FACE1_W49,EDUCATION,"Some college, no degree",[0.28846363 0.59455543 0.11698094],0.0018038352874498805
420,CONTROLGRPc_W49,EDUCATION,Associate's degree,[0.1089063  0.35839062 0.53270308],0.0
421,CONTROLGRPc_W49,EDUCATION,College graduate/some postgrad,[0.0678455 0.4461666 0.4859879],0.0
422,CONTROLGRPc_W49,EDUCATION,High school graduate,[0.12432889 0.46090853 0.41476257],0.007792393506372949
423,CONTROLGRPc_W49,EDUCATION,Less than high school,[0.13502728 0.4716015  0.39337121],0.003579355758872856
424,CONTROLGRPc_W49,EDUCATION,Postgraduate,[0.07809628 0.3903801  0.53152363],0.001193546915868904
425,CONTROLGRPc_W49,EDUCATION,"Some college, no degree",[0.15836694 0.43804671 0.40358634],0.0
426,FACE3b_W49,EDUCATION,Associate's degree,[0.02723241 0.38951499 0.35167636 0.23157624],0.01086855076221346
427,FACE3b_W49,EDUCATION,College graduate/some postgrad,[0.04404912 0.30912861 0.41594396 0.2308783 ],0.007302504336363658
428,FACE3b_W49,EDUCATION,High school graduate,[0.07342287 0.39938981 0.33031463 0.19687269],0.013317273096830071
429,FACE3b_W49,EDUCATION,Less than high school,[0.0344223  0.42305926 0.31481385 0.22770458],0.025643056743917026
430,FACE3b_W49,EDUCATION,Postgraduate,[0.05415209 0.28475121 0.37713808 0.28395863],0.005164261677082377
431,FACE3b_W49,EDUCATION,"Some college, no degree",[0.08077012 0.36778505 0.3156168  0.23582803],0.010965798123634822
432,CONTROLGRPd_W49,EDUCATION,Associate's degree,[0.15489955 0.55104775 0.29405269],0.018289018572128172
433,CONTROLGRPd_W49,EDUCATION,College graduate/some postgrad,[0.155292   0.57287309 0.27183491],0.0
434,CONTROLGRPd_W49,EDUCATION,High school graduate,[0.16233146 0.53166375 0.30600479],0.00377538269488914
435,CONTROLGRPd_W49,EDUCATION,Less than high school,[0.22676083 0.5341555  0.23908367],0.019769791951607708
436,CONTROLGRPd_W49,EDUCATION,Postgraduate,[0.1658295  0.58881321 0.24535729],0.002974910482568493
437,CONTROLGRPd_W49,EDUCATION,"Some college, no degree",[0.22199771 0.49659609 0.28140621],0.0011034082465589854
438,PWMAN2_W49,EDUCATION,Associate's degree,"[0.1930047  0.06257036 0.17687045 0.03083247 0.02928855 0.3208776
 0.03148603 0.12881002 0.02625983]",0.017145583081650335
439,PWMAN2_W49,EDUCATION,College graduate/some postgrad,"[0.13257101 0.07014011 0.20661552 0.01664165 0.05978816 0.34598336
 0.0180005  0.14258308 0.00767662]",0.0044671816907329255
440,PWMAN2_W49,EDUCATION,High school graduate,"[0.21838726 0.08182026 0.18602717 0.00959214 0.03883732 0.24190081
 0.02859543 0.13849872 0.05634089]",0.0025383476829631733
441,PWMAN2_W49,EDUCATION,Less than high school,"[0.16786916 0.06853242 0.09052069 0.         0.0304024  0.17051385
 0.08008262 0.13418433 0.25789452]",0.011496721908612227
442,PWMAN2_W49,EDUCATION,Postgraduate,"[0.1499929  0.0514542  0.19085157 0.02709936 0.08590229 0.32799835
 0.03584803 0.12290889 0.00794441]",0.002147521467036122
443,PWMAN2_W49,EDUCATION,"Some college, no degree","[0.1688413  0.05634623 0.21527022 0.01595846 0.04393186 0.30739727
 0.03305141 0.13668606 0.02251719]",0.00458453559140547
444,FACE2c_W49,EDUCATION,Associate's degree,[0.15785521 0.57917596 0.23379001 0.02917881],0.015364663636997771
445,FACE2c_W49,EDUCATION,College graduate/some postgrad,[0.14856161 0.56597589 0.24144668 0.04401583],0.011108312263687426
446,FACE2c_W49,EDUCATION,High school graduate,[0.21067512 0.52885319 0.20642619 0.0540455 ],0.025371295769682188
447,FACE2c_W49,EDUCATION,Less than high school,[0.15120411 0.5175201  0.27517291 0.05610287],0.02541524196900766
448,FACE2c_W49,EDUCATION,Postgraduate,[0.15704111 0.51730349 0.27192117 0.05373423],0.01576116031687244
449,FACE2c_W49,EDUCATION,"Some college, no degree",[0.18683    0.56406921 0.20546563 0.04363517],0.017538951544087095
450,CONCERNGRPb_W49,EDUCATION,Associate's degree,[0.4366062  0.44966837 0.11372543],0.0
451,CONCERNGRPb_W49,EDUCATION,College graduate/some postgrad,[0.37989935 0.46180736 0.15829329],0.0
452,CONCERNGRPb_W49,EDUCATION,High school graduate,[0.3931358  0.43036418 0.17650002],0.0015908346869719606
453,CONCERNGRPb_W49,EDUCATION,Less than high school,[0.35037876 0.4132964  0.23632484],0.018011982864948935
454,CONCERNGRPb_W49,EDUCATION,Postgraduate,[0.40733564 0.46967908 0.12298528],0.0009401132921936763
455,CONCERNGRPb_W49,EDUCATION,"Some college, no degree",[0.39480008 0.44343288 0.16176704],0.004386778189920965
456,HOMEASSIST1_W49,EDUCATION,Associate's degree,[0.21889329 0.78110671],0.005356604215614034
457,HOMEASSIST1_W49,EDUCATION,College graduate/some postgrad,[0.29915788 0.70084212],0.0
458,HOMEASSIST1_W49,EDUCATION,High school graduate,[0.20152167 0.79847833],0.0017974058659111615
459,HOMEASSIST1_W49,EDUCATION,Less than high school,[0.14631567 0.85368433],0.0015752061453820812
460,HOMEASSIST1_W49,EDUCATION,Postgraduate,[0.29278658 0.70721342],0.0034674673036306294
461,HOMEASSIST1_W49,EDUCATION,"Some college, no degree",[0.2896394 0.7103606],0.0
462,DATAUSEf_W49,EDUCATION,Associate's degree,[0.38322932 0.61677068],0.3050485447988365
463,DATAUSEf_W49,EDUCATION,College graduate/some postgrad,[0.29372154 0.70627846],0.22928332332933726
464,DATAUSEf_W49,EDUCATION,High school graduate,[0.36719326 0.63280674],0.2783048452853205
465,DATAUSEf_W49,EDUCATION,Less than high school,[0.44357456 0.55642544],0.3889351147890381
466,DATAUSEf_W49,EDUCATION,Postgraduate,[0.26494373 0.73505627],0.1989704539992123
467,DATAUSEf_W49,EDUCATION,"Some college, no degree",[0.32936933 0.67063067],0.23523885203944067
468,RTBFb_W49,EDUCATION,Associate's degree,[0.73220887 0.26779113],0.021024195422885507
469,RTBFb_W49,EDUCATION,College graduate/some postgrad,[0.68500918 0.31499082],0.011331152913377832
470,RTBFb_W49,EDUCATION,High school graduate,[0.68502326 0.31497674],0.013051884135399944
471,RTBFb_W49,EDUCATION,Less than high school,[0.62881648 0.37118352],0.003579355758872855
472,RTBFb_W49,EDUCATION,Postgraduate,[0.73314133 0.26685867],0.00634059676744783
473,RTBFb_W49,EDUCATION,"Some college, no degree",[0.64639606 0.35360394],0.025822787558520258
474,DB1c_W49,EDUCATION,Associate's degree,[0.05271864 0.94728136],0.002420082160970656
475,DB1c_W49,EDUCATION,College graduate/some postgrad,[0.05053939 0.94946061],0.004021908015377345
476,DB1c_W49,EDUCATION,High school graduate,[0.05805572 0.94194428],0.008487665558960432
477,DB1c_W49,EDUCATION,Less than high school,[0.07798952 0.92201048],0.005413172921476483
478,DB1c_W49,EDUCATION,Postgraduate,[0.0470999 0.9529001],0.0022352508288604684
479,DB1c_W49,EDUCATION,"Some college, no degree",[0.07803771 0.92196229],0.004645288750287068
480,FACE4c_W49,EDUCATION,Associate's degree,[0.26384958 0.73615042],0.13345932031273933
481,FACE4c_W49,EDUCATION,College graduate/some postgrad,[0.17652091 0.82347909],0.19051631400372687
482,FACE4c_W49,EDUCATION,High school graduate,[0.26848968 0.73151032],0.2265761282158397
483,FACE4c_W49,EDUCATION,Less than high school,[0.25952997 0.74047003],0.168414153964412
484,FACE4c_W49,EDUCATION,Postgraduate,[0.17488187 0.82511813],0.16470966713240384
485,FACE4c_W49,EDUCATION,"Some college, no degree",[0.1869393 0.8130607],0.19169381406249647
486,TRACKCO1b_W49,EDUCATION,Associate's degree,[0.10446195 0.17625407 0.47562602 0.19842959 0.04522837],0.011893012667848021
487,TRACKCO1b_W49,EDUCATION,College graduate/some postgrad,[0.09028278 0.19673676 0.42951082 0.22595016 0.05751947],0.00041435652452473696
488,TRACKCO1b_W49,EDUCATION,High school graduate,[0.13528294 0.19950752 0.32043392 0.18584276 0.15893284],0.007571463665317256
489,TRACKCO1b_W49,EDUCATION,Less than high school,[0.06583525 0.11885229 0.23368444 0.21923004 0.36239799],0.0
490,TRACKCO1b_W49,EDUCATION,Postgraduate,[0.09776765 0.16826699 0.48772682 0.2022808  0.04395773],0.001193546915868904
491,TRACKCO1b_W49,EDUCATION,"Some college, no degree",[0.14196174 0.21310847 0.38156432 0.17685344 0.08651203],0.0041268119201361515
492,RTDb_W49,EDUCATION,Associate's degree,[0.85767194 0.14232806],0.011744967576881012
493,RTDb_W49,EDUCATION,College graduate/some postgrad,[0.9128362 0.0871638],0.011192503031138848
494,RTDb_W49,EDUCATION,High school graduate,[0.87752274 0.12247726],0.021549444180727125
495,RTDb_W49,EDUCATION,Less than high school,[0.84514045 0.15485955],0.04074357832316778
496,RTDb_W49,EDUCATION,Postgraduate,[0.92887751 0.07112249],0.003308826031392529
497,RTDb_W49,EDUCATION,"Some college, no degree",[0.87254348 0.12745652],0.02878069523485262
498,HOMEASSIST3_W49,EDUCATION,Associate's degree,[0.19500266 0.32003134 0.48496601],0.05358475437442474
499,HOMEASSIST3_W49,EDUCATION,College graduate/some postgrad,[0.16750878 0.30759887 0.52489235],0.0
500,HOMEASSIST3_W49,EDUCATION,High school graduate,[0.17925234 0.40183882 0.41890884],0.0
501,HOMEASSIST3_W49,EDUCATION,Less than high school,[0.20941949 0.32432949 0.46625102],0.0
502,HOMEASSIST3_W49,EDUCATION,Postgraduate,[0.21564949 0.35625354 0.42809696],0.0
503,HOMEASSIST3_W49,EDUCATION,"Some college, no degree",[0.2128951 0.3320893 0.4550156],0.0
504,SMARTAPP_W49,EDUCATION,Associate's degree,[0.46375007 0.16194893 0.33142316 0.04287785],0.0
505,SMARTAPP_W49,EDUCATION,College graduate/some postgrad,[0.43715696 0.19313504 0.32135248 0.04835552],0.004780575875476785
506,SMARTAPP_W49,EDUCATION,High school graduate,[0.44648754 0.17480318 0.30328379 0.07542549],0.0038276700121853036
507,SMARTAPP_W49,EDUCATION,Less than high school,[0.49580831 0.24877712 0.2023328  0.05308178],0.0066676050891446206
508,SMARTAPP_W49,EDUCATION,Postgraduate,[0.42534791 0.20596059 0.34155189 0.02713961],0.0034264466147844418
509,SMARTAPP_W49,EDUCATION,"Some college, no degree",[0.46858845 0.15767312 0.3193877  0.05435073],0.0014953157630971468
510,UNDERSTANDGOV_W49,EDUCATION,Associate's degree,[0.05063629 0.21877991 0.49886589 0.23171791],0.0
511,UNDERSTANDGOV_W49,EDUCATION,College graduate/some postgrad,[0.02682382 0.13000029 0.61895389 0.22422199],0.0
512,UNDERSTANDGOV_W49,EDUCATION,High school graduate,[0.03441801 0.17077595 0.53184212 0.26296393],0.0063347835022194
513,UNDERSTANDGOV_W49,EDUCATION,Less than high school,[0.06179271 0.17170692 0.4858073  0.28069307],0.0
514,UNDERSTANDGOV_W49,EDUCATION,Postgraduate,[0.03014862 0.15875324 0.58072407 0.23037407],0.0
515,UNDERSTANDGOV_W49,EDUCATION,"Some college, no degree",[0.0636763  0.207418   0.46271465 0.26619105],0.0
516,CONCERNGRPe_W49,EDUCATION,Associate's degree,[0.10789438 0.31889402 0.57321159],0.0
517,CONCERNGRPe_W49,EDUCATION,College graduate/some postgrad,[0.0713307  0.37945268 0.54921662],0.006069562466239594
518,CONCERNGRPe_W49,EDUCATION,High school graduate,[0.09339848 0.32278604 0.58381548],0.0010558611962780192
519,CONCERNGRPe_W49,EDUCATION,Less than high school,[0.11457673 0.37752789 0.50789538],0.0
520,CONCERNGRPe_W49,EDUCATION,Postgraduate,[0.0411345  0.37899553 0.57986996],0.0016213138865327399
521,CONCERNGRPe_W49,EDUCATION,"Some college, no degree",[0.11879255 0.29776307 0.58344438],0.0
522,PROFILE5_W49,EDUCATION,Associate's degree,[0.04656659 0.58142277 0.30223983 0.06977082],0.015898949277991122
523,PROFILE5_W49,EDUCATION,College graduate/some postgrad,[0.05958502 0.57833324 0.3104544  0.05162733],0.0015956534349034844
524,PROFILE5_W49,EDUCATION,High school graduate,[0.08674698 0.5246695  0.33045707 0.05812645],0.0026526601917522302
525,PROFILE5_W49,EDUCATION,Less than high school,[0.09221505 0.46773883 0.40099653 0.03904959],0.001090492844584956
526,PROFILE5_W49,EDUCATION,Postgraduate,[0.06303537 0.53547844 0.36945854 0.03202765],0.0018234925580890276
527,PROFILE5_W49,EDUCATION,"Some college, no degree",[0.06907169 0.55413689 0.33317626 0.04361516],0.0016087738590690945
528,ELECTFTGSNSINT_W49,EDUCATION,Associate's degree,[0.16677286 0.48393966 0.34928748],0.020156855668947187
529,ELECTFTGSNSINT_W49,EDUCATION,College graduate/some postgrad,[0.18654243 0.47023585 0.34322172],0.0025671137057726484
530,ELECTFTGSNSINT_W49,EDUCATION,High school graduate,[0.14245327 0.41405372 0.44349301],0.004510415018808906
531,ELECTFTGSNSINT_W49,EDUCATION,Less than high school,[0.0923274  0.40537649 0.50229611],0.028928342992148325
532,ELECTFTGSNSINT_W49,EDUCATION,Postgraduate,[0.16730656 0.48804873 0.34464471],0.003925220249677684
533,ELECTFTGSNSINT_W49,EDUCATION,"Some college, no degree",[0.15481852 0.50194573 0.34323575],0.003375313341616755
534,PP6a_W49,EDUCATION,Associate's degree,[0.114363   0.42379318 0.32836782 0.13347601],0.011666513728527969
535,PP6a_W49,EDUCATION,College graduate/some postgrad,[0.11190023 0.50627542 0.26579208 0.11603227],0.0032023738958323607
536,PP6a_W49,EDUCATION,High school graduate,[0.09193746 0.47082188 0.3010767  0.13616396],0.0072436041486167065
537,PP6a_W49,EDUCATION,Less than high school,[0.0725809  0.46672104 0.27983057 0.18086749],0.01855376312053135
538,PP6a_W49,EDUCATION,Postgraduate,[0.142068   0.48538472 0.27578066 0.09676662],0.0040542001644250465
539,PP6a_W49,EDUCATION,"Some college, no degree",[0.10365767 0.46390688 0.27418688 0.15824856],0.0006390572383622765
540,RTBFd_W49,EDUCATION,Associate's degree,[0.87543029 0.12456971],0.01233554091826241
541,RTBFd_W49,EDUCATION,College graduate/some postgrad,[0.87993788 0.12006212],0.01726421661040434
542,RTBFd_W49,EDUCATION,High school graduate,[0.86259346 0.13740654],0.019889235019910582
543,RTBFd_W49,EDUCATION,Less than high school,[0.84235153 0.15764847],0.003579355758872855
544,RTBFd_W49,EDUCATION,Postgraduate,[0.90658499 0.09341501],0.0009401132921936763
545,RTBFd_W49,EDUCATION,"Some college, no degree",[0.82282016 0.17717984],0.01819517730869037
546,CONCERNGRPf_W49,EDUCATION,Associate's degree,[0.40906502 0.41822482 0.17271017],0.0
547,CONCERNGRPf_W49,EDUCATION,College graduate/some postgrad,[0.43010488 0.44276709 0.12712803],0.007282222015835358
548,CONCERNGRPf_W49,EDUCATION,High school graduate,[0.32571957 0.50159387 0.17268657],0.0
549,CONCERNGRPf_W49,EDUCATION,Less than high school,[0.3741445  0.46675548 0.15910002],0.0
550,CONCERNGRPf_W49,EDUCATION,Postgraduate,[0.44762503 0.47520331 0.07717166],0.0
551,CONCERNGRPf_W49,EDUCATION,"Some college, no degree",[0.44652067 0.4070749  0.14640443],0.0016075936593173785
552,DB1a_W49,EDUCATION,Associate's degree,[0.2434911 0.7565089],0.0024200821609706566
553,DB1a_W49,EDUCATION,College graduate/some postgrad,[0.25003416 0.74996584],0.004021908015377345
554,DB1a_W49,EDUCATION,High school graduate,[0.19282284 0.80717716],0.008811126391480184
555,DB1a_W49,EDUCATION,Less than high school,[0.19181935 0.80818065],0.004642102232737638
556,DB1a_W49,EDUCATION,Postgraduate,[0.23762783 0.76237217],0.0018417577143749703
557,DB1a_W49,EDUCATION,"Some college, no degree",[0.20546684 0.79453316],0.009205401114934005
558,PP5b_W49,EDUCATION,Associate's degree,[0.04493586 0.30104607 0.42430217 0.2297159 ],0.012357925479612954
559,PP5b_W49,EDUCATION,College graduate/some postgrad,[0.03686986 0.2793014  0.42513568 0.25869306],0.0005253751847522141
560,PP5b_W49,EDUCATION,High school graduate,[0.05951934 0.31688593 0.3881427  0.23545203],0.004855991365587086
561,PP5b_W49,EDUCATION,Less than high school,[0.07365855 0.30113107 0.37000362 0.25520676],0.028999214032837273
562,PP5b_W49,EDUCATION,Postgraduate,[0.01701933 0.26682079 0.49209513 0.22406474],0.0009698464355326315
563,PP5b_W49,EDUCATION,"Some college, no degree",[0.06463319 0.30036173 0.37983352 0.25517156],0.0009194875949776849
564,PWMAN_W49,EDUCATION,Associate's degree,[0.20903486 0.79096514],0.002675991779514435
565,PWMAN_W49,EDUCATION,College graduate/some postgrad,[0.25848426 0.74151574],0.007004992482252584
566,PWMAN_W49,EDUCATION,High school graduate,[0.15205 0.84795],0.006095755999428201
567,PWMAN_W49,EDUCATION,Less than high school,[0.11872905 0.88127095],0.005142603657668664
568,PWMAN_W49,EDUCATION,Postgraduate,[0.26058975 0.73941025],0.0
569,PWMAN_W49,EDUCATION,"Some college, no degree",[0.20146079 0.79853921],0.007826892705089874
570,RTDd_W49,EDUCATION,Associate's degree,[0.76788169 0.23211831],0.012609357814789295
571,RTDd_W49,EDUCATION,College graduate/some postgrad,[0.81838939 0.18161061],0.014349120068535592
572,RTDd_W49,EDUCATION,High school graduate,[0.78200634 0.21799366],0.028394460003115712
573,RTDd_W49,EDUCATION,Less than high school,[0.75269556 0.24730444],0.048289471690041136
574,RTDd_W49,EDUCATION,Postgraduate,[0.85722031 0.14277969],0.0010979544134959258
575,RTDd_W49,EDUCATION,"Some college, no degree",[0.81655487 0.18344513],0.01857341277953587
576,FACE3c_W49,EDUCATION,Associate's degree,[0.2170053  0.41059511 0.22002786 0.15237173],0.010868550762213462
577,FACE3c_W49,EDUCATION,College graduate/some postgrad,[0.17399049 0.46702851 0.2169474  0.14203361],0.00354579675711785
578,FACE3c_W49,EDUCATION,High school graduate,[0.22838803 0.48136145 0.15447167 0.13577885],0.01233055644536742
579,FACE3c_W49,EDUCATION,Less than high school,[0.1666846  0.45824152 0.22425629 0.15081759],0.02040312335391033
580,FACE3c_W49,EDUCATION,Postgraduate,[0.18142006 0.44771879 0.24570977 0.12515138],0.006456381607845935
581,FACE3c_W49,EDUCATION,"Some college, no degree",[0.21393734 0.44305228 0.19977893 0.14323144],0.010396480864155386
582,UNDERSTANDCO_W49,EDUCATION,Associate's degree,[0.04692915 0.30609975 0.5301688  0.1168023 ],0.005839302824186296
583,UNDERSTANDCO_W49,EDUCATION,College graduate/some postgrad,[0.05497589 0.3333325  0.52659105 0.08510056],0.0
584,UNDERSTANDCO_W49,EDUCATION,High school graduate,[0.06386248 0.33216834 0.48124258 0.1227266 ],0.013052126201580513
585,UNDERSTANDCO_W49,EDUCATION,Less than high school,[0.04143214 0.24587195 0.45471331 0.25798259],0.018011982864948938
586,UNDERSTANDCO_W49,EDUCATION,Postgraduate,[0.03241619 0.34697594 0.54284804 0.07775983],0.006468693638380838
587,UNDERSTANDCO_W49,EDUCATION,"Some college, no degree",[0.08836381 0.40595315 0.41311724 0.0925658 ],0.0012539695460400645
0,GOVREGV1_W49,CITIZEN,No,[0.67189076 0.20132731 0.12678193],0.011349147228968199
1,GOVREGV1_W49,CITIZEN,Yes,[0.7617179  0.07539236 0.16288974],0.013965142732904615
2,CONTROLGOV_W49,CITIZEN,No,[0.06257261 0.2415987  0.27184011 0.42398858],0.0
3,CONTROLGOV_W49,CITIZEN,Yes,[0.03340701 0.11490111 0.422213   0.42947888],0.002950944566477715
4,SMARTPHONE_W49,CITIZEN,No,[0.88098926 0.11901074],0.018710169747424305
5,SMARTPHONE_W49,CITIZEN,Yes,[0.87621303 0.12378697],0.002315130934857589
6,CONTROLGRPa_W49,CITIZEN,No,[0.19503311 0.61076018 0.19420671],0.0
7,CONTROLGRPa_W49,CITIZEN,Yes,[0.15333894 0.4915979  0.35506316],0.0018787594512059333
8,FACE3a_W49,CITIZEN,No,[0.02532533 0.24505858 0.41894366 0.31067242],0.009507501982330111
9,FACE3a_W49,CITIZEN,Yes,[0.0263648  0.17797604 0.3995957  0.39606346],0.010303423031488082
10,PP6b_W49,CITIZEN,No,[0.08458296 0.40073211 0.34727784 0.16740708],0.0
11,PP6b_W49,CITIZEN,Yes,[0.05537523 0.29810626 0.36863381 0.2778847 ],0.004995322916863751
12,FACE2a_W49,CITIZEN,No,[0.25121451 0.50274223 0.23513084 0.01091242],0.0
13,FACE2a_W49,CITIZEN,Yes,[0.24034953 0.62591826 0.11877959 0.01495262],0.013034685756059138
14,TALKCMNSNSINT_W49,CITIZEN,No,[0.25565784 0.74434216],0.04414363525883553
15,TALKCMNSNSINT_W49,CITIZEN,Yes,[0.28082037 0.71917963],0.06622130440923471
16,DATAUSEc_W49,CITIZEN,No,[0.65141406 0.34858594],0.2508188121735061
17,DATAUSEc_W49,CITIZEN,Yes,[0.590437 0.409563],0.18174923115111913
18,DNATEST_W49,CITIZEN,No,[0.0494397 0.9505603],0.0
19,DNATEST_W49,CITIZEN,Yes,[0.16242808 0.83757192],0.002987621065903697
20,PP5c_W49,CITIZEN,No,[0.02602118 0.27217653 0.40788822 0.29391407],0.01774675138256144
21,PP5c_W49,CITIZEN,Yes,[0.02966051 0.17224519 0.46986203 0.32823228],0.003925507740799314
22,PP5e_W49,CITIZEN,No,[0.04395073 0.28262186 0.3916722  0.28175521],0.015074210013245578
23,PP5e_W49,CITIZEN,Yes,[0.03998081 0.20040545 0.43606419 0.32354955],0.0043493588414673925
24,PUBLICDATA_W49,CITIZEN,No,[0.28038087 0.71961913],0.05511192564748307
25,PUBLICDATA_W49,CITIZEN,Yes,[0.23698974 0.76301026],0.029926337993887015
26,HOMEASSIST5a_W49,CITIZEN,No,[0.52744756 0.47255244],0.0
27,HOMEASSIST5a_W49,CITIZEN,Yes,[0.41452148 0.58547852],0.0015024843702964115
28,PP1_W49,CITIZEN,No,[0.38161162 0.27628066 0.17974483 0.14163648 0.02072641],0.0
29,PP1_W49,CITIZEN,Yes,[0.24512184 0.32430407 0.24833025 0.15471505 0.0275288 ],0.003354391095054504
30,BENEFITCO_W49,CITIZEN,No,[0.18340721 0.39769239 0.41890039 0.        ],0.0
31,BENEFITCO_W49,CITIZEN,Yes,[0.05466323 0.29373816 0.65159861 0.        ],0.004189736773425197
32,POSNEGGOV_W49,CITIZEN,No,[0.26569 0.73431],0.08401869783526847
33,POSNEGGOV_W49,CITIZEN,Yes,[0.32213235 0.67786765],0.03107276633239411
34,RTBFc_W49,CITIZEN,No,[0.62232768 0.37767232],0.07948785875773744
35,RTBFc_W49,CITIZEN,Yes,[0.57194505 0.42805495],0.02117270527843631
36,FACE4d_W49,CITIZEN,No,[0.53122992 0.46877008],0.17517362917580648
37,FACE4d_W49,CITIZEN,Yes,[0.51827978 0.48172022],0.18556812788319504
38,RTDa_W49,CITIZEN,No,[0.44617211 0.55382789],0.054757479253762176
39,RTDa_W49,CITIZEN,Yes,[0.36703656 0.63296344],0.024679157156535052
40,PP4_W49,CITIZEN,No,[0.08067059 0.55529714 0.34540894 0.01862333],0.007505538309961108
41,PP4_W49,CITIZEN,Yes,[0.13081423 0.54618101 0.29175979 0.03124497],0.0006731861969621022
42,PROFILE3_W49,CITIZEN,No,[0.45002212 0.43028768 0.11969021],0.08743686904101128
43,PROFILE3_W49,CITIZEN,Yes,[0.53184966 0.36698028 0.10117006],0.07088077414933026
44,CONCERNCO_W49,CITIZEN,No,[0.44053786 0.34418559 0.17584092 0.03943564],0.0
45,CONCERNCO_W49,CITIZEN,Yes,[0.35829429 0.4378799  0.16865214 0.03517367],0.0018280400928578082
46,CONTROLGRPf_W49,CITIZEN,No,[0.20371351 0.46699614 0.32929035],0.037090738316069016
47,CONTROLGRPf_W49,CITIZEN,Yes,[0.12760108 0.49605942 0.37633949],0.0023391598357214807
48,PP5d_W49,CITIZEN,No,[0.0428428  0.38158656 0.40117047 0.17440016],0.011203708024202237
49,PP5d_W49,CITIZEN,Yes,[0.03579176 0.26718956 0.47843315 0.21858552],0.005063441599936262
50,CONCERNGRPc_W49,CITIZEN,No,[0.24403552 0.54535619 0.21060829],0.0
51,CONCERNGRPc_W49,CITIZEN,Yes,[0.18990355 0.37886359 0.43123286],0.006716659567434792
52,GOVREGV2_W49,CITIZEN,No,[0.47147776 0.52852224],0.0
53,GOVREGV2_W49,CITIZEN,Yes,[0.55977642 0.44022358],0.012616841089238408
54,PP2_W49,CITIZEN,No,[0.11495438 0.13687717 0.42316805 0.32500041],0.0
55,PP2_W49,CITIZEN,Yes,[0.08890202 0.13952049 0.39335635 0.37822114],0.005565152096718782
56,ANONYMOUS1GOV_W49,CITIZEN,No,[0.32483405 0.67516595],0.02746896717133086
57,ANONYMOUS1GOV_W49,CITIZEN,Yes,[0.36810091 0.63189909],0.005692822078142685
58,FACE4a_W49,CITIZEN,No,[0.87658051 0.12341949],0.1042703331168157
59,FACE4a_W49,CITIZEN,Yes,[0.79784412 0.20215588],0.15466661218723673
60,FACE2b_W49,CITIZEN,No,[0.20155507 0.46778161 0.27651986 0.05414346],0.01242424752809694
61,FACE2b_W49,CITIZEN,Yes,[0.18254188 0.55631117 0.21603016 0.04511678],0.014117352438765716
62,SECUR1_W49,CITIZEN,No,[0.14046014 0.69162477 0.16791509],0.0
63,SECUR1_W49,CITIZEN,Yes,[0.05603262 0.70179201 0.24217538],0.00228528423384456
64,LOYALTY_W49,CITIZEN,No,[0.48911924 0.51088076],0.0
65,LOYALTY_W49,CITIZEN,Yes,[0.65732155 0.34267845],0.00223814503558105
66,PP3_W49,CITIZEN,No,[0.15985888 0.51803454 0.32210658],0.0
67,PP3_W49,CITIZEN,Yes,[0.22414662 0.33744344 0.43840994],0.0015885966627465777
68,CONTROLGRPe_W49,CITIZEN,No,[0.13430942 0.50815958 0.23027831 0.12725268],0.011759847095806523
69,CONTROLGRPe_W49,CITIZEN,Yes,[0.09850319 0.43433149 0.4246762  0.04248912],0.0011853480189704388
70,TRACKCO1a_W49,CITIZEN,No,[0.32064249 0.25019788 0.29219544 0.01013666 0.12682754],0.018555735940568332
71,TRACKCO1a_W49,CITIZEN,Yes,[0.41554864 0.31477127 0.18258987 0.04648084 0.04060938],0.005198795932681392
72,CONTROLCO_W49,CITIZEN,No,[0.05401947 0.29204487 0.388631   0.26530466],0.03943563766874679
73,CONTROLCO_W49,CITIZEN,Yes,[0.03311971 0.14451665 0.51664905 0.3057146 ],0.0010990313618048904
74,SOCMEDIAUSEc_W49,CITIZEN,No,[0.3475092 0.6524908],0.04999280850242682
75,SOCMEDIAUSEc_W49,CITIZEN,Yes,[0.22247722 0.77752278],0.015194435838043458
76,PRIVACYREG_W49,CITIZEN,No,[0.03896434 0.43545449 0.41327501 0.11230616],0.014382431670236246
77,PRIVACYREG_W49,CITIZEN,Yes,[0.02993201 0.3300794  0.49773915 0.14224944],0.0016880603509668046
78,TALKDISASNSINT_W49,CITIZEN,No,[0.32653969 0.67346031],0.07267668653522723
79,TALKDISASNSINT_W49,CITIZEN,Yes,[0.2845797 0.7154203],0.047182226485715906
80,PRIVACYNEWS1_W49,CITIZEN,No,[0.12628559 0.40857814 0.39373619 0.07140008],0.0
81,PRIVACYNEWS1_W49,CITIZEN,Yes,[0.10687197 0.46398373 0.33154191 0.09760239],0.002880612635263566
82,HOMEASSIST4_W49,CITIZEN,No,[0.29206976 0.48325924 0.1789319  0.0457391 ],0.0
83,HOMEASSIST4_W49,CITIZEN,Yes,[0.16933903 0.37419575 0.32922946 0.12723576],0.008549422896795937
84,FITTRACK_W49,CITIZEN,No,[0.24049112 0.75950888],0.0
85,FITTRACK_W49,CITIZEN,Yes,[0.21253314 0.78746686],0.0019497212764358247
86,DATAUSEb_W49,CITIZEN,No,[0.68467777 0.31532223],0.23199816401115644
87,DATAUSEb_W49,CITIZEN,Yes,[0.63944852 0.36055148],0.24208116956756218
88,CONCERNGOV_W49,CITIZEN,No,[0.11301284 0.48226251 0.25457355 0.1501511 ],0.0
89,CONCERNGOV_W49,CITIZEN,Yes,[0.26275114 0.38556836 0.25954936 0.09213114],0.005167303992165017
90,HOMEASSIST2_W49,CITIZEN,No,[0.11459845 0.40545531 0.40727511 0.07267113],0.0
91,HOMEASSIST2_W49,CITIZEN,Yes,[0.14485999 0.39877869 0.35892501 0.0974363 ],0.0
92,TRACKGOV1a_W49,CITIZEN,No,[0.22535415 0.23265277 0.24279156 0.08861838 0.21058313],0.0
93,TRACKGOV1a_W49,CITIZEN,Yes,[0.24123593 0.2359997  0.30239572 0.14073851 0.07963014],0.004539773852682474
94,SHARE1_W49,CITIZEN,No,[0.55179813 0.44820187],0.004961230452335092
95,SHARE1_W49,CITIZEN,Yes,[0.51681363 0.48318637],0.005384802271136693
96,HOMEASSIST5b_W49,CITIZEN,No,[0.64990238 0.35009762],0.0
97,HOMEASSIST5b_W49,CITIZEN,Yes,[0.30797097 0.69202903],0.008111453689794159
98,CONCERNGRPd_W49,CITIZEN,No,[0.28584472 0.5117749  0.20238037],0.0
99,CONCERNGRPd_W49,CITIZEN,Yes,[0.29559698 0.5044734  0.19992962],0.0022674316444664853
100,ANONYMOUS1CO_W49,CITIZEN,No,[0.26112601 0.73887399],0.01606961075455875
101,ANONYMOUS1CO_W49,CITIZEN,Yes,[0.38300486 0.61699514],0.004218375378273737
102,PP5a_W49,CITIZEN,No,[0.10623173 0.40610509 0.34329865 0.14436453],0.010547535017102386
103,PP5a_W49,CITIZEN,Yes,[0.04541958 0.37038122 0.40974621 0.17445299],0.005214792021928738
104,POSNEGCO_W49,CITIZEN,No,[0.22962218 0.77037782],0.04014468577834228
105,POSNEGCO_W49,CITIZEN,Yes,[0.17194154 0.82805846],0.018568892265040833
106,BENEFITGOV_W49,CITIZEN,No,[0.0170451  0.37514245 0.60781245 0.        ],0.0
107,BENEFITGOV_W49,CITIZEN,Yes,[0.06301849 0.28848223 0.64849927 0.        ],0.014944704670465965
108,RTBFa_W49,CITIZEN,No,[0.36218315 0.63781685],0.06569227054136159
109,RTBFa_W49,CITIZEN,Yes,[0.39988765 0.60011235],0.01688892769789329
110,TRACKGOV1b_W49,CITIZEN,No,[0.11701506 0.09529692 0.26088159 0.24387426 0.28293216],0.0
111,TRACKGOV1b_W49,CITIZEN,Yes,[0.10503525 0.13650238 0.33067776 0.27525867 0.15252594],0.00377665012100053
112,SOCMEDIAUSEd_W49,CITIZEN,No,[0.44846624 0.55153376],0.05905262852380657
113,SOCMEDIAUSEd_W49,CITIZEN,Yes,[0.28563102 0.71436898],0.014270920105611977
114,DATAUSEd_W49,CITIZEN,No,[0.69379592 0.30620408],0.3469248553891309
115,DATAUSEd_W49,CITIZEN,Yes,[0.53045822 0.46954178],0.22479171630808098
116,DATAUSEa_W49,CITIZEN,No,[0.64659718 0.35340282],0.1500005821223213
117,DATAUSEa_W49,CITIZEN,Yes,[0.61097585 0.38902415],0.19930469946502505
118,SOCMEDIAUSEa_W49,CITIZEN,No,[0.71901898 0.28098102],0.018022434768029748
119,SOCMEDIAUSEa_W49,CITIZEN,Yes,[0.72147939 0.27852061],0.0019381111876732463
120,PP6c_W49,CITIZEN,No,[0.08588723 0.44675008 0.32555677 0.14180591],0.0
121,PP6c_W49,CITIZEN,Yes,[0.08158432 0.42119414 0.31421806 0.18300347],0.005072219714156251
122,FACE4b_W49,CITIZEN,No,[0.35637476 0.64362524],0.21412315078032018
123,FACE4b_W49,CITIZEN,Yes,[0.42732882 0.57267118],0.1755693558948007
124,DATAUSEe_W49,CITIZEN,No,[0.46262335 0.53737665],0.36588850775595294
125,DATAUSEe_W49,CITIZEN,Yes,[0.36346933 0.63653067],0.2758853127665055
126,HOMEIOT_W49,CITIZEN,No,[0.18565373 0.81434627],0.0
127,HOMEIOT_W49,CITIZEN,Yes,[0.19885349 0.80114651],0.004727951855904041
128,SOCMEDIAUSEb_W49,CITIZEN,No,[0.55686978 0.44313022],0.024450572653896847
129,SOCMEDIAUSEb_W49,CITIZEN,Yes,[0.37347635 0.62652365],0.010675974901250863
130,CONTROLGRPb_W49,CITIZEN,No,[0.16149502 0.52089671 0.27062589 0.04698239],0.018555735940568332
131,CONTROLGRPb_W49,CITIZEN,Yes,[0.09109597 0.38588859 0.49017598 0.03283947],0.00338764717175067
132,DB1b_W49,CITIZEN,No,[0.0929613  0.81509281 0.09194589],0.006677033028059043
133,DB1b_W49,CITIZEN,Yes,[0.07847861 0.88378776 0.03773363],0.005159381758624115
134,RTDc_W49,CITIZEN,No,[0.6389124 0.3610876],0.06273003316855522
135,RTDc_W49,CITIZEN,Yes,[0.71341087 0.28658913],0.020880574199919916
136,CONCERNGRPa_W49,CITIZEN,No,[0.356241   0.39566677 0.24809222],0.0
137,CONCERNGRPa_W49,CITIZEN,Yes,[0.25183209 0.35515207 0.39301584],0.0014886698398621288
138,FACE1_W49,CITIZEN,No,[0.26344189 0.58578518 0.15077293],0.006677033028059043
139,FACE1_W49,CITIZEN,Yes,[0.24905822 0.6188002  0.13214159],0.0025089258548548214
140,CONTROLGRPc_W49,CITIZEN,No,[0.1903689  0.61966197 0.18996913],0.04054002952717283
141,CONTROLGRPc_W49,CITIZEN,Yes,[0.11164605 0.42659872 0.46175523],0.0008897394485080509
142,FACE3b_W49,CITIZEN,No,[0.05193923 0.43485269 0.36054501 0.15266307],0.0
143,FACE3b_W49,CITIZEN,Yes,[0.06067604 0.35281845 0.3500936  0.23641191],0.011701370569821446
144,CONTROLGRPd_W49,CITIZEN,No,[0.2583958  0.53471574 0.20688846],0.037090738316069016
145,CONTROLGRPd_W49,CITIZEN,Yes,[0.17305748 0.5417004  0.28524212],0.002986769041132786
146,PWMAN2_W49,CITIZEN,No,"[0.13575944 0.04891093 0.23458186 0.         0.04712543 0.21417484
 0.08984082 0.10745249 0.1221542 ]",0.0
147,PWMAN2_W49,CITIZEN,Yes,"[0.18071647 0.06863638 0.18427514 0.01579132 0.04746097 0.28827183
 0.0304209  0.13735995 0.04706705]",0.005576028556941854
148,FACE2c_W49,CITIZEN,No,[0.16914647 0.4855147  0.289088   0.05625082],0.01242424752809694
149,FACE2c_W49,CITIZEN,Yes,[0.1774871  0.54975951 0.22520785 0.04754554],0.019376505404981426
150,CONCERNGRPb_W49,CITIZEN,No,[0.49217463 0.42562127 0.0822041 ],0.0
151,CONCERNGRPb_W49,CITIZEN,Yes,[0.39010765 0.44417655 0.1657158 ],0.0030789650844553107
152,HOMEASSIST1_W49,CITIZEN,No,[0.29500397 0.70499603],0.0
153,HOMEASSIST1_W49,CITIZEN,Yes,[0.24313257 0.75686743],0.0016788571313478401
154,DATAUSEf_W49,CITIZEN,No,[0.34849663 0.65150337],0.37479959071174357
155,DATAUSEf_W49,CITIZEN,Yes,[0.33891251 0.66108749],0.254326093466344
156,RTBFb_W49,CITIZEN,No,[0.56742597 0.43257403],0.040327102737896844
157,RTBFb_W49,CITIZEN,Yes,[0.68826592 0.31173408],0.013570552012030852
158,DB1c_W49,CITIZEN,No,[0.06137517 0.93862483],0.01964412505818591
159,DB1c_W49,CITIZEN,Yes,[0.06101871 0.93898129],0.0039987526084230085
160,FACE4c_W49,CITIZEN,No,[0.24538827 0.75461173],0.25826754389423906
161,FACE4c_W49,CITIZEN,Yes,[0.21564166 0.78435834],0.18552154617390973
162,TRACKCO1b_W49,CITIZEN,No,[0.09523747 0.1509846  0.36310683 0.19300445 0.19766665],0.01855573594056833
163,TRACKCO1b_W49,CITIZEN,Yes,[0.11866237 0.19156777 0.38215541 0.19729827 0.11031617],0.003772889653043758
164,RTDb_W49,CITIZEN,No,[0.85484225 0.14515775],0.050593029005353014
165,RTDb_W49,CITIZEN,Yes,[0.88845641 0.11154359],0.017851872418322316
166,HOMEASSIST3_W49,CITIZEN,No,[0.19531341 0.38045038 0.42423621],0.0
167,HOMEASSIST3_W49,CITIZEN,Yes,[0.19514413 0.34058177 0.4642741 ],0.004331375388450973
168,SMARTAPP_W49,CITIZEN,No,[0.54565186 0.21742953 0.23691861 0.        ],0.0077235259546981185
169,SMARTAPP_W49,CITIZEN,Yes,[0.44694399 0.18006852 0.3165725  0.05641499],0.0033515659004520006
170,UNDERSTANDGOV_W49,CITIZEN,No,[0.05825233 0.24684281 0.46285031 0.23205455],0.0
171,UNDERSTANDGOV_W49,CITIZEN,Yes,[0.04211585 0.16809475 0.53652566 0.25326374],0.0020025901798988244
172,CONCERNGRPe_W49,CITIZEN,No,[0.10611765 0.46716244 0.42671991],0.0
173,CONCERNGRPe_W49,CITIZEN,Yes,[0.09105283 0.32841411 0.58053306],0.0016810582435152679
174,PROFILE5_W49,CITIZEN,No,[0.0568833  0.58627874 0.3161167  0.04072126],0.0
175,PROFILE5_W49,CITIZEN,Yes,[0.06903339 0.54480123 0.33560196 0.05056342],0.0032369891315041596
176,ELECTFTGSNSINT_W49,CITIZEN,No,[0.1574967  0.27939826 0.56310504],0.015400466955913532
177,ELECTFTGSNSINT_W49,CITIZEN,Yes,[0.15508639 0.47199778 0.37291583],0.006260785697531064
178,PP6a_W49,CITIZEN,No,[0.12999775 0.50646433 0.24989549 0.11364243],0.007199216365459055
179,PP6a_W49,CITIZEN,Yes,[0.10303737 0.47052595 0.28913421 0.13730247],0.0058448983247470394
180,RTBFd_W49,CITIZEN,No,[0.88123228 0.11876772],0.04958297558820091
181,RTBFd_W49,CITIZEN,Yes,[0.86120011 0.13879989],0.013179414965306576
182,CONCERNGRPf_W49,CITIZEN,No,[0.45259503 0.43230311 0.11510185],0.0
183,CONCERNGRPf_W49,CITIZEN,Yes,[0.39725898 0.45514585 0.14759517],0.0017975777158945538
184,DB1a_W49,CITIZEN,No,[0.21181469 0.78818531],0.02351462704722925
185,DB1a_W49,CITIZEN,Yes,[0.21617615 0.78382385],0.0048529526553955605
186,PP5b_W49,CITIZEN,No,[0.04113892 0.37034241 0.34609287 0.24242579],0.030390590949287276
187,PP5b_W49,CITIZEN,Yes,[0.05146664 0.2924154  0.41133088 0.24478708],0.0038036979770188677
188,PWMAN_W49,CITIZEN,No,[0.25232235 0.74767765],0.0
189,PWMAN_W49,CITIZEN,Yes,[0.19360262 0.80639738],0.005409205049268446
190,RTDd_W49,CITIZEN,No,[0.71678722 0.28321278],0.06273003316855522
191,RTDd_W49,CITIZEN,Yes,[0.80946628 0.19053372],0.017034415962456365
192,FACE3c_W49,CITIZEN,No,[0.19114917 0.49160074 0.20294288 0.1143072 ],0.0
193,FACE3c_W49,CITIZEN,Yes,[0.20300792 0.45509968 0.20050408 0.14138831],0.01036149436365122
194,UNDERSTANDCO_W49,CITIZEN,No,[0.09661823 0.26592213 0.52331583 0.11414381],0.018555735940568332
195,UNDERSTANDCO_W49,CITIZEN,Yes,[0.05917468 0.34671285 0.48173487 0.11237761],0.0063664188860741225
0,GOVREGV1_W49,MARITAL,Divorced,[0.76091308 0.08482322 0.1542637 ],0.014241855633028495
1,GOVREGV1_W49,MARITAL,Married,[0.78831544 0.07140783 0.14027673],0.009431736842959082
2,GOVREGV1_W49,MARITAL,Never been married,[0.68482107 0.11452979 0.20064914],0.01750593893700376
3,GOVREGV1_W49,MARITAL,Separated,[0.68310371 0.06033107 0.25656522],0.010768222688781305
4,GOVREGV1_W49,MARITAL,Widowed,[0.77725583 0.06929659 0.15344757],0.0019159775382819615
5,CONTROLGOV_W49,MARITAL,Divorced,[0.00791108 0.11808036 0.44203559 0.43197296],0.013377857155681594
6,CONTROLGOV_W49,MARITAL,Married,[0.02299187 0.09305763 0.45087919 0.43307131],0.0017303276577347454
7,CONTROLGOV_W49,MARITAL,Never been married,[0.04605109 0.18010308 0.36103305 0.41281278],0.0
8,CONTROLGOV_W49,MARITAL,Separated,[0.06872533 0.12243537 0.33597646 0.47286284],0.01607099844848189
9,CONTROLGOV_W49,MARITAL,Widowed,[0.04179933 0.11312792 0.36226292 0.48280983],0.008039617062452376
10,SMARTPHONE_W49,MARITAL,Divorced,[0.78512669 0.21487331],0.0022851050482165236
11,SMARTPHONE_W49,MARITAL,Married,[0.89328675 0.10671325],0.004982367119978048
12,SMARTPHONE_W49,MARITAL,Never been married,[0.91170321 0.08829679],0.003190686655223326
13,SMARTPHONE_W49,MARITAL,Separated,[0.84684458 0.15315542],0.0015401029448284531
14,SMARTPHONE_W49,MARITAL,Widowed,[0.70147942 0.29852058],0.0
15,CONTROLGRPa_W49,MARITAL,Divorced,[0.11134167 0.45114679 0.43751154],0.003167460037050474
16,CONTROLGRPa_W49,MARITAL,Married,[0.13686642 0.49916401 0.36396958],0.0021182397909377294
17,CONTROLGRPa_W49,MARITAL,Never been married,[0.1973655  0.52817375 0.27446075],0.0
18,CONTROLGRPa_W49,MARITAL,Separated,[0.18449724 0.47762648 0.33787629],0.0
19,CONTROLGRPa_W49,MARITAL,Widowed,[0.17684855 0.43504654 0.38810491],0.009832851864035
20,FACE3a_W49,MARITAL,Divorced,[0.02347375 0.1898928  0.40921403 0.37741942],0.013425046107730071
21,FACE3a_W49,MARITAL,Married,[0.02150819 0.17247435 0.41678737 0.38923009],0.011291471225345273
22,FACE3a_W49,MARITAL,Never been married,[0.03645904 0.17802841 0.38428135 0.4012312 ],0.004944212378081051
23,FACE3a_W49,MARITAL,Separated,[0.02017698 0.26727203 0.3493729  0.3631781 ],0.024713864778734232
24,FACE3a_W49,MARITAL,Widowed,[0.01143035 0.20071678 0.37302017 0.4148327 ],0.009499894348967237
25,PP6b_W49,MARITAL,Divorced,[0.04070684 0.24871241 0.39202793 0.31855282],0.004431745724769568
26,PP6b_W49,MARITAL,Married,[0.05111438 0.29060051 0.38176935 0.27651575],0.0016186094067632175
27,PP6b_W49,MARITAL,Never been married,[0.08781609 0.3379441  0.31723195 0.25700785],0.007718540147324884
28,PP6b_W49,MARITAL,Separated,[0.03250862 0.22704433 0.52117987 0.21926718],0.0
29,PP6b_W49,MARITAL,Widowed,[0.03261583 0.26569941 0.4118433  0.28984146],0.006250138080189568
30,FACE2a_W49,MARITAL,Divorced,[0.18009975 0.66270472 0.13841163 0.0187839 ],0.00907615928106762
31,FACE2a_W49,MARITAL,Married,[0.24057857 0.64084425 0.10638084 0.01219635],0.010283683158888137
32,FACE2a_W49,MARITAL,Never been married,[0.27509834 0.56587552 0.14342566 0.01560049],0.013079251991045716
33,FACE2a_W49,MARITAL,Separated,[0.18749512 0.62767739 0.1707339  0.01409359],0.024713864778734232
34,FACE2a_W49,MARITAL,Widowed,[0.25276775 0.57227597 0.13859965 0.03635663],0.02470392139000802
35,TALKCMNSNSINT_W49,MARITAL,Divorced,[0.23844577 0.76155423],0.06499365149347934
36,TALKCMNSNSINT_W49,MARITAL,Married,[0.28124811 0.71875189],0.07441817250338903
37,TALKCMNSNSINT_W49,MARITAL,Never been married,[0.31924941 0.68075059],0.04873275732561192
38,TALKCMNSNSINT_W49,MARITAL,Separated,[0.26463235 0.73536765],0.05147450426764606
39,TALKCMNSNSINT_W49,MARITAL,Widowed,[0.22195003 0.77804997],0.08010073139143882
40,DATAUSEc_W49,MARITAL,Divorced,[0.61865501 0.38134499],0.09134675704026267
41,DATAUSEc_W49,MARITAL,Married,[0.62737275 0.37262725],0.17509699864565612
42,DATAUSEc_W49,MARITAL,Never been married,[0.53261855 0.46738145],0.2368230050875732
43,DATAUSEc_W49,MARITAL,Separated,[0.5570798 0.4429202],0.21052695994202714
44,DATAUSEc_W49,MARITAL,Widowed,[0.58209172 0.41790828],0.17958257072733647
45,DNATEST_W49,MARITAL,Divorced,[0.14358284 0.85641716],0.004944786287632827
46,DNATEST_W49,MARITAL,Married,[0.17640412 0.82359588],0.0015942978174030996
47,DNATEST_W49,MARITAL,Never been married,[0.12762227 0.87237773],0.0018629796999975357
48,DNATEST_W49,MARITAL,Separated,[0.14341097 0.85658903],0.007999445806578905
49,DNATEST_W49,MARITAL,Widowed,[0.17757797 0.82242203],0.007055074202832707
50,PP5c_W49,MARITAL,Divorced,[0.03865552 0.13466496 0.44768225 0.37899726],0.007040689673476518
51,PP5c_W49,MARITAL,Married,[0.01946417 0.17324577 0.49341874 0.31387132],0.004770632011183808
52,PP5c_W49,MARITAL,Never been married,[0.05005736 0.18288095 0.42648851 0.34057318],0.0029258747738725483
53,PP5c_W49,MARITAL,Separated,[0.02131464 0.21709306 0.41332512 0.34826718],0.0
54,PP5c_W49,MARITAL,Widowed,[0.0131157  0.20365593 0.48433415 0.29889422],0.004567171422022135
55,PP5e_W49,MARITAL,Divorced,[0.03087961 0.16383964 0.45573648 0.34954427],0.01113128507063391
56,PP5e_W49,MARITAL,Married,[0.03203201 0.20032405 0.44632354 0.32132039],0.0043149093548726985
57,PP5e_W49,MARITAL,Never been married,[0.05773979 0.24390268 0.37812677 0.32023076],0.004262728126706433
58,PP5e_W49,MARITAL,Separated,[0.02399953 0.20137107 0.42325733 0.35137206],0.0
59,PP5e_W49,MARITAL,Widowed,[0.03069576 0.18870522 0.48746549 0.29313353],0.0
60,PUBLICDATA_W49,MARITAL,Divorced,[0.18669891 0.81330109],0.0118704250634794
61,PUBLICDATA_W49,MARITAL,Married,[0.24015276 0.75984724],0.03544264001826757
62,PUBLICDATA_W49,MARITAL,Never been married,[0.23788638 0.76211362],0.0239927685528246
63,PUBLICDATA_W49,MARITAL,Separated,[0.21447858 0.78552142],0.03463449565130902
64,PUBLICDATA_W49,MARITAL,Widowed,[0.27403415 0.72596585],0.06422025630734857
65,HOMEASSIST5a_W49,MARITAL,Divorced,[0.42507035 0.57492965],0.015096654581286695
66,HOMEASSIST5a_W49,MARITAL,Married,[0.3583993 0.6416007],0.0
67,HOMEASSIST5a_W49,MARITAL,Never been married,[0.54096226 0.45903774],0.0015317543465425396
68,HOMEASSIST5a_W49,MARITAL,Separated,[0.87464795 0.12535205],0.0
69,HOMEASSIST5a_W49,MARITAL,Widowed,[0.45933108 0.54066892],0.0
70,PP1_W49,MARITAL,Divorced,[0.24477413 0.27325972 0.25674088 0.19839157 0.02683371],0.002285105048216523
71,PP1_W49,MARITAL,Married,[0.2566628  0.32325887 0.2449206  0.15769778 0.01745996],0.0021230057855956565
72,PP1_W49,MARITAL,Never been married,[0.24403337 0.34512645 0.24244989 0.12890273 0.03948757],0.0056811507523947796
73,PP1_W49,MARITAL,Separated,[0.31663838 0.26897542 0.28597946 0.10826249 0.02014425],0.007999445806578907
74,PP1_W49,MARITAL,Widowed,[0.14619027 0.29089204 0.22397425 0.27445002 0.06449343],0.0010466644552621696
75,BENEFITCO_W49,MARITAL,Divorced,[0.03688588 0.33496376 0.62815036 0.        ],0.0
76,BENEFITCO_W49,MARITAL,Married,[0.04766382 0.2834307  0.66890547 0.        ],0.0020492932324884285
77,BENEFITCO_W49,MARITAL,Never been married,[0.08511985 0.3300077  0.58487245 0.        ],0.012456032310702232
78,BENEFITCO_W49,MARITAL,Separated,[0.16954751 0.22926245 0.60119005 0.        ],0.0
79,BENEFITCO_W49,MARITAL,Widowed,[0.06876213 0.26095336 0.67028451 0.        ],0.0
80,POSNEGGOV_W49,MARITAL,Divorced,[0.26527383 0.73472617],0.03973633520829203
81,POSNEGGOV_W49,MARITAL,Married,[0.32921926 0.67078074],0.04036815863090457
82,POSNEGGOV_W49,MARITAL,Never been married,[0.34980727 0.65019273],0.03900343851205917
83,POSNEGGOV_W49,MARITAL,Separated,[0.41551517 0.58448483],0.027569951722169285
84,POSNEGGOV_W49,MARITAL,Widowed,[0.2752109 0.7247891],0.003487676605502885
85,RTBFc_W49,MARITAL,Divorced,[0.63030295 0.36969705],0.03985930242503663
86,RTBFc_W49,MARITAL,Married,[0.591407 0.408593],0.02164344893395321
87,RTBFc_W49,MARITAL,Never been married,[0.47293948 0.52706052],0.01547088750220001
88,RTBFc_W49,MARITAL,Separated,[0.53121697 0.46878303],0.06432048897460865
89,RTBFc_W49,MARITAL,Widowed,[0.65574237 0.34425763],0.009823589910985097
90,FACE4d_W49,MARITAL,Divorced,[0.50586627 0.49413373],0.20292917543136654
91,FACE4d_W49,MARITAL,Married,[0.54804066 0.45195934],0.16825991260798515
92,FACE4d_W49,MARITAL,Never been married,[0.44647969 0.55352031],0.19561615172783559
93,FACE4d_W49,MARITAL,Separated,[0.4873477 0.5126523],0.1754781525547025
94,FACE4d_W49,MARITAL,Widowed,[0.52144658 0.47855342],0.3098946216434088
95,RTDa_W49,MARITAL,Divorced,[0.40160873 0.59839127],0.02402201066200892
96,RTDa_W49,MARITAL,Married,[0.35266175 0.64733825],0.02826482378501154
97,RTDa_W49,MARITAL,Never been married,[0.36360638 0.63639362],0.026070111668485732
98,RTDa_W49,MARITAL,Separated,[0.47010336 0.52989664],0.008006491266315346
99,RTDa_W49,MARITAL,Widowed,[0.38043606 0.61956394],0.03672730868426888
100,PP4_W49,MARITAL,Divorced,[0.14110927 0.56518387 0.25299025 0.04071661],0.0
101,PP4_W49,MARITAL,Married,[0.12084209 0.54047395 0.31566027 0.02302369],0.0015064419494463727
102,PP4_W49,MARITAL,Never been married,[0.14736906 0.53824821 0.26702481 0.04735792],0.0032107123054146906
103,PP4_W49,MARITAL,Separated,[0.17183317 0.35210587 0.39610847 0.07995249],0.0
104,PP4_W49,MARITAL,Widowed,[0.11485935 0.5657935  0.3172488  0.00209835],0.0
105,PROFILE3_W49,MARITAL,Divorced,[0.46621412 0.36059167 0.17319421],0.07658262244076047
106,PROFILE3_W49,MARITAL,Married,[0.54294871 0.37065992 0.08639136],0.06583151587735206
107,PROFILE3_W49,MARITAL,Never been married,[0.534378   0.37113898 0.09448302],0.08160254156973187
108,PROFILE3_W49,MARITAL,Separated,[0.38508672 0.36177395 0.25313933],0.09323420895493591
109,PROFILE3_W49,MARITAL,Widowed,[0.43001258 0.4245785  0.14540892],0.1067052309183506
110,CONCERNCO_W49,MARITAL,Divorced,[0.45643076 0.34772634 0.15943551 0.03640739],0.0036610022382342127
111,CONCERNCO_W49,MARITAL,Married,[0.35632264 0.45563521 0.16341419 0.02462796],0.002781551123602429
112,CONCERNCO_W49,MARITAL,Never been married,[0.33306161 0.42313898 0.19282229 0.05097713],0.0
113,CONCERNCO_W49,MARITAL,Separated,[0.46748001 0.25360497 0.18590534 0.09300968],0.0
114,CONCERNCO_W49,MARITAL,Widowed,[0.36847535 0.42729527 0.16150634 0.04272305],0.0
115,CONTROLGRPf_W49,MARITAL,Divorced,[0.09569197 0.53320433 0.3711037 ],0.010832774087331905
116,CONTROLGRPf_W49,MARITAL,Married,[0.11077653 0.49939827 0.3898252 ],0.0031996009419717393
117,CONTROLGRPf_W49,MARITAL,Never been married,[0.1841694  0.47880853 0.33702206],0.007441101920498976
118,CONTROLGRPf_W49,MARITAL,Separated,[0.14301472 0.46095612 0.39602916],0.004920818695017275
119,CONTROLGRPf_W49,MARITAL,Widowed,[0.08639277 0.42718469 0.48642254],0.0
120,PP5d_W49,MARITAL,Divorced,[0.03815478 0.24578249 0.47292519 0.24313754],0.011260928332705176
121,PP5d_W49,MARITAL,Married,[0.0256854  0.27519521 0.48623297 0.21288642],0.005089466125583305
122,PP5d_W49,MARITAL,Never been married,[0.06348441 0.28364127 0.44709373 0.20578059],0.0033426199247849884
123,PP5d_W49,MARITAL,Separated,[0.01853613 0.18503733 0.62719968 0.16922686],0.0
124,PP5d_W49,MARITAL,Widowed,[0.02098956 0.26689026 0.44355311 0.26856707],0.007306250967367486
125,CONCERNGRPc_W49,MARITAL,Divorced,[0.17825253 0.39950991 0.42223756],0.005273763059924561
126,CONCERNGRPc_W49,MARITAL,Married,[0.18867151 0.38557189 0.4257566 ],0.011646294542217288
127,CONCERNGRPc_W49,MARITAL,Never been married,[0.21440571 0.39338129 0.392213  ],0.0
128,CONCERNGRPc_W49,MARITAL,Separated,[0.30093582 0.46589963 0.23316455],0.0
129,CONCERNGRPc_W49,MARITAL,Widowed,[0.22413877 0.3516447  0.42421653],0.0
130,GOVREGV2_W49,MARITAL,Divorced,[0.56177485 0.43822515],0.006678234546031571
131,GOVREGV2_W49,MARITAL,Married,[0.55993241 0.44006759],0.0055161854940251175
132,GOVREGV2_W49,MARITAL,Never been married,[0.48448193 0.51551807],0.03199062898967018
133,GOVREGV2_W49,MARITAL,Separated,[0.65155051 0.34844949],0.023643142324352186
134,GOVREGV2_W49,MARITAL,Widowed,[0.53702493 0.46297507],0.007490997772134774
135,PP2_W49,MARITAL,Divorced,[0.12258587 0.16017836 0.42833131 0.28890446],0.009563415089353936
136,PP2_W49,MARITAL,Married,[0.07844104 0.13559932 0.40607891 0.37988072],0.002525564087357829
137,PP2_W49,MARITAL,Never been married,[0.07954831 0.14437675 0.33827694 0.43779799],0.01318592812140823
138,PP2_W49,MARITAL,Separated,[0.16092852 0.17256792 0.40080365 0.26569991],0.0
139,PP2_W49,MARITAL,Widowed,[0.15329016 0.14208326 0.46285789 0.24176869],0.003065175353825932
140,ANONYMOUS1GOV_W49,MARITAL,Divorced,[0.37285626 0.62714374],0.01538318533900445
141,ANONYMOUS1GOV_W49,MARITAL,Married,[0.38060629 0.61939371],0.0049753807329516965
142,ANONYMOUS1GOV_W49,MARITAL,Never been married,[0.32998989 0.67001011],0.0066883653172093655
143,ANONYMOUS1GOV_W49,MARITAL,Separated,[0.28391681 0.71608319],0.02054905397932149
144,ANONYMOUS1GOV_W49,MARITAL,Widowed,[0.39602357 0.60397643],0.009842976566597826
145,FACE4a_W49,MARITAL,Divorced,[0.81121738 0.18878262],0.12884492971452216
146,FACE4a_W49,MARITAL,Married,[0.84124869 0.15875131],0.10934555417055555
147,FACE4a_W49,MARITAL,Never been married,[0.69214391 0.30785609],0.20901293169128543
148,FACE4a_W49,MARITAL,Separated,[0.86863765 0.13136235],0.28839459889405133
149,FACE4a_W49,MARITAL,Widowed,[0.91225278 0.08774722],0.18795282943411992
150,FACE2b_W49,MARITAL,Divorced,[0.12920312 0.59998576 0.22387045 0.04694068],0.012013834676421736
151,FACE2b_W49,MARITAL,Married,[0.17762779 0.57787619 0.20690246 0.03759356],0.011287744791999378
152,FACE2b_W49,MARITAL,Never been married,[0.23896187 0.46861874 0.24909108 0.04332831],0.015146252855233066
153,FACE2b_W49,MARITAL,Separated,[0.09324489 0.57423009 0.23630655 0.09621847],0.03527392625948668
154,FACE2b_W49,MARITAL,Widowed,[0.16627173 0.48648392 0.23814854 0.10909581],0.0310626962548136
155,SECUR1_W49,MARITAL,Divorced,[0.0719739  0.69809666 0.22992944],0.00491064983138759
156,SECUR1_W49,MARITAL,Married,[0.03879379 0.73005772 0.2311485 ],0.0016619046694999007
157,SECUR1_W49,MARITAL,Never been married,[0.09752144 0.65076548 0.25171308],0.0007690520531435397
158,SECUR1_W49,MARITAL,Separated,[0.07484019 0.73266074 0.19249908],0.0
159,SECUR1_W49,MARITAL,Widowed,[0.04794571 0.63011935 0.32193494],0.0034169430296510867
160,LOYALTY_W49,MARITAL,Divorced,[0.64588955 0.35411045],0.0056797723421992885
161,LOYALTY_W49,MARITAL,Married,[0.71256837 0.28743163],0.0017773268112996944
162,LOYALTY_W49,MARITAL,Never been married,[0.53632528 0.46367472],0.0009075135120191853
163,LOYALTY_W49,MARITAL,Separated,[0.57224649 0.42775351],0.007999445806578905
164,LOYALTY_W49,MARITAL,Widowed,[0.57597074 0.42402926],0.006223794336145535
165,PP3_W49,MARITAL,Divorced,[0.28864144 0.27892935 0.43242922],0.0
166,PP3_W49,MARITAL,Married,[0.19844569 0.34414269 0.45741161],0.0
167,PP3_W49,MARITAL,Never been married,[0.20979359 0.39576208 0.39444433],0.008733645830940193
168,PP3_W49,MARITAL,Separated,[0.18874302 0.4732621  0.33799488],0.0
169,PP3_W49,MARITAL,Widowed,[0.27185458 0.25145786 0.47668755],0.0
170,CONTROLGRPe_W49,MARITAL,Divorced,[0.09549338 0.38851416 0.43729697 0.07869549],0.006678234546031571
171,CONTROLGRPe_W49,MARITAL,Married,[0.08320272 0.44669599 0.44375946 0.02634183],0.00243615125224416
172,CONTROLGRPe_W49,MARITAL,Never been married,[0.13527537 0.49536123 0.31405538 0.05530802],0.0
173,CONTROLGRPe_W49,MARITAL,Separated,[0.14115997 0.20045998 0.62417719 0.03420286],0.0
174,CONTROLGRPe_W49,MARITAL,Widowed,[0.04455942 0.31300171 0.44097388 0.20146499],0.0
175,TRACKCO1a_W49,MARITAL,Divorced,[0.38316995 0.29253222 0.24924484 0.03074862 0.04430436],0.008996721185572855
176,TRACKCO1a_W49,MARITAL,Married,[0.41514849 0.32209365 0.18263651 0.04381889 0.03630245],0.005050731863070356
177,TRACKCO1a_W49,MARITAL,Never been married,[0.4295737  0.30601453 0.1792668  0.04159829 0.04354668],0.00867643641936868
178,TRACKCO1a_W49,MARITAL,Separated,[0.25290463 0.36174568 0.07847787 0.16490515 0.14196667],0.0
179,TRACKCO1a_W49,MARITAL,Widowed,[0.34095942 0.29201439 0.23137317 0.05613449 0.07951852],0.0
180,CONTROLCO_W49,MARITAL,Divorced,[0.01767492 0.11269979 0.5092496  0.36037569],0.0025039841488586493
181,CONTROLCO_W49,MARITAL,Married,[0.03494979 0.14331761 0.52738321 0.29434939],0.005540082132893694
182,CONTROLCO_W49,MARITAL,Never been married,[0.05063501 0.19860738 0.51388958 0.23686803],0.0
183,CONTROLCO_W49,MARITAL,Separated,[0.03056893 0.0890863  0.51653505 0.36380971],0.0
184,CONTROLCO_W49,MARITAL,Widowed,[0.01142828 0.16940428 0.46071494 0.3584525 ],0.0
185,SOCMEDIAUSEc_W49,MARITAL,Divorced,[0.1314443 0.8685557],0.015677960875099747
186,SOCMEDIAUSEc_W49,MARITAL,Married,[0.19700273 0.80299727],0.023209994956041986
187,SOCMEDIAUSEc_W49,MARITAL,Never been married,[0.35914294 0.64085706],0.006649172993045379
188,SOCMEDIAUSEc_W49,MARITAL,Separated,[0.13642168 0.86357832],0.019430560984775823
189,SOCMEDIAUSEc_W49,MARITAL,Widowed,[0.15944482 0.84055518],0.013518613072126115
190,PRIVACYREG_W49,MARITAL,Divorced,[0.0346302  0.36205912 0.47538937 0.1279213 ],0.004431745724769568
191,PRIVACYREG_W49,MARITAL,Married,[0.02401049 0.32889238 0.50697579 0.14012134],0.0006430866476389386
192,PRIVACYREG_W49,MARITAL,Never been married,[0.03679806 0.34314593 0.47074675 0.14930927],0.004040589503511796
193,PRIVACYREG_W49,MARITAL,Separated,[0.02218426 0.3085979  0.5371417  0.13207614],0.010448815869115963
194,PRIVACYREG_W49,MARITAL,Widowed,[0.04213702 0.34130985 0.50777381 0.10877932],0.0
195,TALKDISASNSINT_W49,MARITAL,Divorced,[0.36704949 0.63295051],0.04388646987399746
196,TALKDISASNSINT_W49,MARITAL,Married,[0.26617926 0.73382074],0.057722358590725796
197,TALKDISASNSINT_W49,MARITAL,Never been married,[0.28335436 0.71664564],0.02756977135706433
198,TALKDISASNSINT_W49,MARITAL,Separated,[0.29038847 0.70961153],0.07935133237575374
199,TALKDISASNSINT_W49,MARITAL,Widowed,[0.32104961 0.67895039],0.10228393571994154
200,PRIVACYNEWS1_W49,MARITAL,Divorced,[0.11207095 0.49514715 0.30349713 0.08928476],0.006741632581668561
201,PRIVACYNEWS1_W49,MARITAL,Married,[0.10491397 0.4879968  0.3238498  0.08323943],0.0003420957513956043
202,PRIVACYNEWS1_W49,MARITAL,Never been married,[0.08242673 0.41850896 0.37979121 0.1192731 ],0.0044333500611273
203,PRIVACYNEWS1_W49,MARITAL,Separated,[0.18244422 0.33045152 0.32856453 0.15853973],0.010448815869115963
204,PRIVACYNEWS1_W49,MARITAL,Widowed,[0.16349099 0.47401508 0.27716889 0.08532504],0.0034169430296510867
205,HOMEASSIST4_W49,MARITAL,Divorced,[0.15307978 0.35002349 0.33554379 0.16135294],0.0
206,HOMEASSIST4_W49,MARITAL,Married,[0.17275732 0.37154674 0.32180237 0.13389356],0.004606860234518234
207,HOMEASSIST4_W49,MARITAL,Never been married,[0.19349851 0.37675448 0.33305275 0.09669426],0.017449846574851997
208,HOMEASSIST4_W49,MARITAL,Separated,[0.23161212 0.76838788 0.         0.        ],0.0
209,HOMEASSIST4_W49,MARITAL,Widowed,[0.23931453 0.47881176 0.23848745 0.04338626],0.007573406225872567
210,FITTRACK_W49,MARITAL,Divorced,[0.14714769 0.85285231],0.00666039717270533
211,FITTRACK_W49,MARITAL,Married,[0.23867665 0.76132335],0.0012944136527146648
212,FITTRACK_W49,MARITAL,Never been married,[0.20950946 0.79049054],0.0
213,FITTRACK_W49,MARITAL,Separated,[0.09340053 0.90659947],0.007999445806578905
214,FITTRACK_W49,MARITAL,Widowed,[0.11123398 0.88876602],0.008034786293976944
215,DATAUSEb_W49,MARITAL,Divorced,[0.60170759 0.39829241],0.22509031893686848
216,DATAUSEb_W49,MARITAL,Married,[0.62579953 0.37420047],0.2355895312230777
217,DATAUSEb_W49,MARITAL,Never been married,[0.68614738 0.31385262],0.2669171637294025
218,DATAUSEb_W49,MARITAL,Separated,[0.74761842 0.25238158],0.29902381689268437
219,DATAUSEb_W49,MARITAL,Widowed,[0.57402446 0.42597554],0.26587987525525886
220,CONCERNGOV_W49,MARITAL,Divorced,[0.32606333 0.33106728 0.26292443 0.07994496],0.006678234546031571
221,CONCERNGOV_W49,MARITAL,Married,[0.23603722 0.39565253 0.27316495 0.09514531],0.004538995421672035
222,CONCERNGOV_W49,MARITAL,Never been married,[0.25977575 0.40212772 0.24049443 0.09760209],0.00357018903383166
223,CONCERNGOV_W49,MARITAL,Separated,[0.19741018 0.45414859 0.19217617 0.15626506],0.0
224,CONCERNGOV_W49,MARITAL,Widowed,[0.26477261 0.35015722 0.22344262 0.16162756],0.0034876766055028843
225,HOMEASSIST2_W49,MARITAL,Divorced,[0.17382386 0.30463169 0.40057513 0.12096932],0.0
226,HOMEASSIST2_W49,MARITAL,Married,[0.14407164 0.40600095 0.35600916 0.09391824],0.0
227,HOMEASSIST2_W49,MARITAL,Never been married,[0.10066495 0.47500339 0.28916997 0.13516169],0.0
228,HOMEASSIST2_W49,MARITAL,Separated,[0.05631443 0.43674737 0.34417644 0.16276176],0.0
229,HOMEASSIST2_W49,MARITAL,Widowed,[0.24060173 0.24002116 0.49449275 0.02488436],0.0
230,TRACKGOV1a_W49,MARITAL,Divorced,[0.21266981 0.26156753 0.30388394 0.15471862 0.0671601 ],0.015758814592699295
231,TRACKGOV1a_W49,MARITAL,Married,[0.19705894 0.22171397 0.34557712 0.14737782 0.08827215],0.004667709834966563
232,TRACKGOV1a_W49,MARITAL,Never been married,[0.30569096 0.24994027 0.24897612 0.11858794 0.07680471],0.004407074213204321
233,TRACKGOV1a_W49,MARITAL,Separated,[0.30180513 0.3203556  0.14288847 0.1205521  0.11439869],0.004920818695017275
234,TRACKGOV1a_W49,MARITAL,Widowed,[0.15954397 0.2182889  0.33167401 0.11014595 0.18034718],0.002150528387957784
235,SHARE1_W49,MARITAL,Divorced,[0.54549359 0.45450641],0.007119398144703186
236,SHARE1_W49,MARITAL,Married,[0.54002423 0.45997577],0.003947383828786421
237,SHARE1_W49,MARITAL,Never been married,[0.47101389 0.52898611],0.00885541712827649
238,SHARE1_W49,MARITAL,Separated,[0.45558365 0.54441635],0.007999445806578905
239,SHARE1_W49,MARITAL,Widowed,[0.47828765 0.52171235],0.0
240,HOMEASSIST5b_W49,MARITAL,Divorced,[0.2892083 0.7107917],0.0
241,HOMEASSIST5b_W49,MARITAL,Married,[0.25409279 0.74590721],0.009146392604936283
242,HOMEASSIST5b_W49,MARITAL,Never been married,[0.46214409 0.53785591],0.0
243,HOMEASSIST5b_W49,MARITAL,Separated,[0.59953673 0.40046327],0.0
244,HOMEASSIST5b_W49,MARITAL,Widowed,[0.22486116 0.77513884],0.0
245,CONCERNGRPd_W49,MARITAL,Divorced,[0.2370796  0.55818296 0.20473744],0.0
246,CONCERNGRPd_W49,MARITAL,Married,[0.31012516 0.50780757 0.18206727],0.002808910668714963
247,CONCERNGRPd_W49,MARITAL,Never been married,[0.30202567 0.47159982 0.2263745 ],0.0
248,CONCERNGRPd_W49,MARITAL,Separated,[0.29852897 0.48095821 0.22051283],0.0
249,CONCERNGRPd_W49,MARITAL,Widowed,[0.27839993 0.45748512 0.26411495],0.01667778318396756
250,ANONYMOUS1CO_W49,MARITAL,Divorced,[0.30910833 0.69089167],0.00392755528105544
251,ANONYMOUS1CO_W49,MARITAL,Married,[0.35862781 0.64137219],0.004003071860059326
252,ANONYMOUS1CO_W49,MARITAL,Never been married,[0.43440619 0.56559381],0.003058962090335747
253,ANONYMOUS1CO_W49,MARITAL,Separated,[0.33275924 0.66724076],0.0
254,ANONYMOUS1CO_W49,MARITAL,Widowed,[0.28025024 0.71974976],0.0
255,PP5a_W49,MARITAL,Divorced,[0.0365657  0.33060915 0.42485169 0.20797346],0.007060711341111816
256,PP5a_W49,MARITAL,Married,[0.03853696 0.38110793 0.40947581 0.1708793 ],0.0046373658001804706
257,PP5a_W49,MARITAL,Never been married,[0.0820103  0.37787572 0.35743507 0.18267892],0.007510259317856068
258,PP5a_W49,MARITAL,Separated,[0.02461747 0.32394686 0.46483564 0.18660003],0.0
259,PP5a_W49,MARITAL,Widowed,[0.01654001 0.42116034 0.39797565 0.164324  ],0.0
260,POSNEGCO_W49,MARITAL,Divorced,[0.14411604 0.85588396],0.03808683266175698
261,POSNEGCO_W49,MARITAL,Married,[0.15660061 0.84339939],0.01594783076498282
262,POSNEGCO_W49,MARITAL,Never been married,[0.23838537 0.76161463],0.01353315974239884
263,POSNEGCO_W49,MARITAL,Separated,[0.24006378 0.75993622],0.010768222688781305
264,POSNEGCO_W49,MARITAL,Widowed,[0.1813417 0.8186583],0.04791691672582257
265,BENEFITGOV_W49,MARITAL,Divorced,[0.049835   0.21587568 0.73428932 0.        ],0.014119731903455068
266,BENEFITGOV_W49,MARITAL,Married,[0.02908297 0.27910501 0.69181202 0.        ],0.017662411004332097
267,BENEFITGOV_W49,MARITAL,Never been married,[0.08169278 0.36155262 0.5567546  0.        ],0.006053684491966763
268,BENEFITGOV_W49,MARITAL,Separated,[0.1124416  0.16629459 0.72126381 0.        ],0.0
269,BENEFITGOV_W49,MARITAL,Widowed,[0.03743329 0.36011808 0.60244863 0.        ],0.03566349897151923
270,RTBFa_W49,MARITAL,Divorced,[0.46798332 0.53201668],0.02295922291638573
271,RTBFa_W49,MARITAL,Married,[0.38843814 0.61156186],0.01682919130115511
272,RTBFa_W49,MARITAL,Never been married,[0.38495075 0.61504925],0.01037496933634822
273,RTBFa_W49,MARITAL,Separated,[0.23002068 0.76997932],0.06432048897460865
274,RTBFa_W49,MARITAL,Widowed,[0.36901974 0.63098026],0.039685556485138614
275,TRACKGOV1b_W49,MARITAL,Divorced,[0.13778158 0.14820739 0.29336846 0.25233506 0.16830751],0.013093983926048833
276,TRACKGOV1b_W49,MARITAL,Married,[0.07418382 0.1155058  0.3272815  0.31555862 0.16747026],0.003912893042989801
277,TRACKGOV1b_W49,MARITAL,Never been married,[0.13130598 0.14618535 0.35847623 0.24284424 0.12118819],0.004407074213204321
278,TRACKGOV1b_W49,MARITAL,Separated,[0.09687613 0.18824663 0.25086163 0.23839636 0.22561925],0.004920818695017276
279,TRACKGOV1b_W49,MARITAL,Widowed,[0.09671727 0.11470691 0.30393563 0.23297509 0.25166511],0.0
280,SOCMEDIAUSEd_W49,MARITAL,Divorced,[0.2163807 0.7836193],0.014112069262536501
281,SOCMEDIAUSEd_W49,MARITAL,Married,[0.22478319 0.77521681],0.0191848743472973
282,SOCMEDIAUSEd_W49,MARITAL,Never been married,[0.49936625 0.50063375],0.012669408426658072
283,SOCMEDIAUSEd_W49,MARITAL,Separated,[0.28420303 0.71579697],0.01943056098477582
284,SOCMEDIAUSEd_W49,MARITAL,Widowed,[0.1221099 0.8778901],0.009586529098709039
285,DATAUSEd_W49,MARITAL,Divorced,[0.52846643 0.47153357],0.26150555577308743
286,DATAUSEd_W49,MARITAL,Married,[0.50244939 0.49755061],0.2031442966242675
287,DATAUSEd_W49,MARITAL,Never been married,[0.61701293 0.38298707],0.26013717042428863
288,DATAUSEd_W49,MARITAL,Separated,[0.61513526 0.38486474],0.3606551967198622
289,DATAUSEd_W49,MARITAL,Widowed,[0.47071961 0.52928039],0.2534591469783279
290,DATAUSEa_W49,MARITAL,Divorced,[0.55092388 0.44907612],0.18316127548639996
291,DATAUSEa_W49,MARITAL,Married,[0.66360664 0.33639336],0.18138037979738372
292,DATAUSEa_W49,MARITAL,Never been married,[0.49465033 0.50534967],0.21610493080157664
293,DATAUSEa_W49,MARITAL,Separated,[0.67997998 0.32002002],0.22932323691313258
294,DATAUSEa_W49,MARITAL,Widowed,[0.65383328 0.34616672],0.166803553131741
295,SOCMEDIAUSEa_W49,MARITAL,Divorced,[0.70302981 0.29697019],0.002300009373925112
296,SOCMEDIAUSEa_W49,MARITAL,Married,[0.71986362 0.28013638],0.004231226089309983
297,SOCMEDIAUSEa_W49,MARITAL,Never been married,[0.72244276 0.27755724],0.0003214917862847653
298,SOCMEDIAUSEa_W49,MARITAL,Separated,[0.69736499 0.30263501],0.007969987923734986
299,SOCMEDIAUSEa_W49,MARITAL,Widowed,[0.64236613 0.35763387],0.0
300,PP6c_W49,MARITAL,Divorced,[0.06759042 0.37532559 0.33771702 0.21936697],0.007499407865049973
301,PP6c_W49,MARITAL,Married,[0.07286752 0.43887846 0.32123826 0.16701576],0.0019582176027813504
302,PP6c_W49,MARITAL,Never been married,[0.10499987 0.39806801 0.30332052 0.1936116 ],0.005255572868391914
303,PP6c_W49,MARITAL,Separated,[0.07531939 0.30960704 0.3569427  0.25813088],0.0
304,PP6c_W49,MARITAL,Widowed,[0.05158879 0.41602911 0.31191611 0.220466  ],0.006250138080189568
305,FACE4b_W49,MARITAL,Divorced,[0.3904033 0.6095967],0.16203848430458834
306,FACE4b_W49,MARITAL,Married,[0.43895493 0.56104507],0.17016252829801734
307,FACE4b_W49,MARITAL,Never been married,[0.39878863 0.60121137],0.21205597016059807
308,FACE4b_W49,MARITAL,Separated,[0.47091309 0.52908691],0.16167278599420787
309,FACE4b_W49,MARITAL,Widowed,[0.34251947 0.65748053],0.14846709813024095
310,DATAUSEe_W49,MARITAL,Divorced,[0.34035187 0.65964813],0.2693937174277153
311,DATAUSEe_W49,MARITAL,Married,[0.31444722 0.68555278],0.26076352335908576
312,DATAUSEe_W49,MARITAL,Never been married,[0.50921288 0.49078712],0.3304199869266303
313,DATAUSEe_W49,MARITAL,Separated,[0.36763374 0.63236626],0.3151490472544753
314,DATAUSEe_W49,MARITAL,Widowed,[0.21013337 0.78986663],0.37789861757246773
315,HOMEIOT_W49,MARITAL,Divorced,[0.1082278 0.8917722],0.010592514469725303
316,HOMEIOT_W49,MARITAL,Married,[0.22770149 0.77229851],0.0015639632487650878
317,HOMEIOT_W49,MARITAL,Never been married,[0.19056334 0.80943666],0.0060386987760113805
318,HOMEIOT_W49,MARITAL,Separated,[0.08862507 0.91137493],0.017308919944550426
319,HOMEIOT_W49,MARITAL,Widowed,[0.15336621 0.84663379],0.013064895923692508
320,SOCMEDIAUSEb_W49,MARITAL,Divorced,[0.27454662 0.72545338],0.01473813036053405
321,SOCMEDIAUSEb_W49,MARITAL,Married,[0.3273117 0.6726883],0.012505618171156115
322,SOCMEDIAUSEb_W49,MARITAL,Never been married,[0.56095464 0.43904536],0.010024161617955267
323,SOCMEDIAUSEb_W49,MARITAL,Separated,[0.30489383 0.69510617],0.019430560984775823
324,SOCMEDIAUSEb_W49,MARITAL,Widowed,[0.21702839 0.78297161],0.019640166913499877
325,CONTROLGRPb_W49,MARITAL,Divorced,[0.06760823 0.31096374 0.57322457 0.04820345],0.005150222637763588
326,CONTROLGRPb_W49,MARITAL,Married,[0.08615739 0.38876579 0.50508464 0.01999218],0.0021769711900673843
327,CONTROLGRPb_W49,MARITAL,Never been married,[0.12805505 0.45543969 0.39667446 0.0198308 ],0.009717958884189592
328,CONTROLGRPb_W49,MARITAL,Separated,[0.09741538 0.25452793 0.52619127 0.12186543],0.0
329,CONTROLGRPb_W49,MARITAL,Widowed,[0.11651996 0.37083396 0.39807802 0.11456805],0.00600402658573316
330,DB1b_W49,MARITAL,Divorced,[0.08241055 0.85553348 0.06205597],0.0023677246363792764
331,DB1b_W49,MARITAL,Married,[0.0698371  0.90682805 0.02333485],0.005056438469094776
332,DB1b_W49,MARITAL,Never been married,[0.08483784 0.87768994 0.03747223],0.010414841398937967
333,DB1b_W49,MARITAL,Separated,[0.10457715 0.81707137 0.07835148],0.0015401029448284531
334,DB1b_W49,MARITAL,Widowed,[0.023784   0.82411179 0.15210421],0.006570057798439913
335,RTDc_W49,MARITAL,Divorced,[0.75806642 0.24193358],0.017158249397840875
336,RTDc_W49,MARITAL,Married,[0.75397694 0.24602306],0.02091587567202175
337,RTDc_W49,MARITAL,Never been married,[0.60689092 0.39310908],0.02678570839504786
338,RTDc_W49,MARITAL,Separated,[0.69139037 0.30860963],0.0030940883450306955
339,RTDc_W49,MARITAL,Widowed,[0.65448857 0.34551143],0.015235027047735559
340,CONCERNGRPa_W49,MARITAL,Divorced,[0.28631087 0.31084333 0.4028458 ],0.0025039841488586493
341,CONCERNGRPa_W49,MARITAL,Married,[0.21364645 0.37072923 0.41562432],0.0
342,CONCERNGRPa_W49,MARITAL,Never been married,[0.34207768 0.34537734 0.31254497],0.0005535162233259966
343,CONCERNGRPa_W49,MARITAL,Separated,[0.27578323 0.33438892 0.38982786],0.0
344,CONCERNGRPa_W49,MARITAL,Widowed,[0.29278152 0.30341425 0.40380423],0.0
345,FACE1_W49,MARITAL,Divorced,[0.21504145 0.64898503 0.13597352],0.0006495541438448158
346,FACE1_W49,MARITAL,Married,[0.23681577 0.65248895 0.11069529],0.002585903834106168
347,FACE1_W49,MARITAL,Never been married,[0.31332268 0.53778637 0.14889095],0.00483497576393965
348,FACE1_W49,MARITAL,Separated,[0.16663001 0.6086799  0.22469009],0.0015401029448284527
349,FACE1_W49,MARITAL,Widowed,[0.19396051 0.57512709 0.2309124 ],0.0
350,CONTROLGRPc_W49,MARITAL,Divorced,[0.09862435 0.35816611 0.54320954],0.0025039841488586497
351,CONTROLGRPc_W49,MARITAL,Married,[0.10285725 0.42435254 0.4727902 ],0.0052442416134500175
352,CONTROLGRPc_W49,MARITAL,Never been married,[0.14028206 0.49754242 0.36217552],0.0
353,CONTROLGRPc_W49,MARITAL,Separated,[0.17153603 0.34614051 0.48232346],0.0
354,CONTROLGRPc_W49,MARITAL,Widowed,[0.12379871 0.48179278 0.39440851],0.0
355,FACE3b_W49,MARITAL,Divorced,[0.05430504 0.40475829 0.28837802 0.25255865],0.014130682727967211
356,FACE3b_W49,MARITAL,Married,[0.05902321 0.35336264 0.35668338 0.23093077],0.010313013009287199
357,FACE3b_W49,MARITAL,Never been married,[0.0606772  0.36334493 0.35776296 0.21821492],0.007255281920923641
358,FACE3b_W49,MARITAL,Separated,[0.09969928 0.25523736 0.44417553 0.20088783],0.024713864778734232
359,FACE3b_W49,MARITAL,Widowed,[0.0503378  0.34472463 0.35122848 0.25370909],0.009499894348967235
360,CONTROLGRPd_W49,MARITAL,Divorced,[0.18821651 0.4957283  0.31605519],0.009490267608224232
361,CONTROLGRPd_W49,MARITAL,Married,[0.1450006  0.57863746 0.27636194],0.0049648759604980575
362,CONTROLGRPd_W49,MARITAL,Never been married,[0.24572812 0.52078907 0.23348281],0.007441101920498976
363,CONTROLGRPd_W49,MARITAL,Separated,[0.18317437 0.300157   0.51666862],0.004920818695017275
364,CONTROLGRPd_W49,MARITAL,Widowed,[0.08450095 0.43049855 0.4850005 ],0.0
365,PWMAN2_W49,MARITAL,Divorced,"[0.21132225 0.08347159 0.13571072 0.0094599  0.03267936 0.30322334
 0.01901511 0.12947641 0.0756413 ]",0.008497660247063707
366,PWMAN2_W49,MARITAL,Married,"[0.18287948 0.05498948 0.19503195 0.01652773 0.05457425 0.30874201
 0.02731924 0.13135852 0.02857734]",0.003726171091853476
367,PWMAN2_W49,MARITAL,Never been married,"[0.14879917 0.07420384 0.20647785 0.0190427  0.0478875  0.24687022
 0.05241477 0.15304502 0.05125893]",0.003642824701218452
368,PWMAN2_W49,MARITAL,Separated,"[0.19881625 0.04035173 0.12641863 0.01854338 0.05956307 0.17634144
 0.05529821 0.22943754 0.09522974]",0.016001712562584904
369,PWMAN2_W49,MARITAL,Widowed,"[0.19887555 0.08054709 0.14792824 0.0114628  0.04057101 0.19881042
 0.01605563 0.13966052 0.16608871]",0.00796677293743418
370,FACE2c_W49,MARITAL,Divorced,[0.13855571 0.5667061  0.21731895 0.07741924],0.019061228943233293
371,FACE2c_W49,MARITAL,Married,[0.16999586 0.57915233 0.21948776 0.03136405],0.01658213294020078
372,FACE2c_W49,MARITAL,Never been married,[0.20542025 0.48682504 0.25065174 0.05710297],0.021412020198217876
373,FACE2c_W49,MARITAL,Separated,[0.11539896 0.51622538 0.24312788 0.12524778],0.035273926259486686
374,FACE2c_W49,MARITAL,Widowed,[0.18469335 0.57925109 0.18291996 0.0531356 ],0.03520237111541464
375,CONCERNGRPb_W49,MARITAL,Divorced,[0.48374409 0.34957203 0.16668388],0.007314160864006154
376,CONCERNGRPb_W49,MARITAL,Married,[0.3974075  0.45664661 0.14594589],0.0020806237317770528
377,CONCERNGRPb_W49,MARITAL,Never been married,[0.36360593 0.451616   0.18477807],0.0005535162233259966
378,CONCERNGRPb_W49,MARITAL,Separated,[0.43810981 0.37517781 0.18671238],0.0
379,CONCERNGRPb_W49,MARITAL,Widowed,[0.31119603 0.51385268 0.17495129],0.0
380,HOMEASSIST1_W49,MARITAL,Divorced,[0.16706129 0.83293871],0.003647598009920199
381,HOMEASSIST1_W49,MARITAL,Married,[0.26368194 0.73631806],0.0009139749573546349
382,HOMEASSIST1_W49,MARITAL,Never been married,[0.25436252 0.74563748],0.0011798400010300273
383,HOMEASSIST1_W49,MARITAL,Separated,[0.09958455 0.90041545],0.011988918813944415
384,HOMEASSIST1_W49,MARITAL,Widowed,[0.16706935 0.83293065],0.0
385,DATAUSEf_W49,MARITAL,Divorced,[0.29281343 0.70718657],0.2409146020418585
386,DATAUSEf_W49,MARITAL,Married,[0.35842484 0.64157516],0.23652968382614384
387,DATAUSEf_W49,MARITAL,Never been married,[0.27623819 0.72376181],0.3495698091227808
388,DATAUSEf_W49,MARITAL,Separated,[0.35752693 0.64247307],0.18802246933811465
389,DATAUSEf_W49,MARITAL,Widowed,[0.42670304 0.57329696],0.3090320450656855
390,RTBFb_W49,MARITAL,Divorced,[0.72640038 0.27359962],0.023935556333418102
391,RTBFb_W49,MARITAL,Married,[0.69604371 0.30395629],0.014615022630335721
392,RTBFb_W49,MARITAL,Never been married,[0.6160955 0.3839045],0.008204153413726113
393,RTBFb_W49,MARITAL,Separated,[0.64080939 0.35919061],0.0
394,RTBFb_W49,MARITAL,Widowed,[0.68050377 0.31949623],0.023517983350708538
395,DB1c_W49,MARITAL,Divorced,[0.0603919 0.9396081],0.0013092050096947157
396,DB1c_W49,MARITAL,Married,[0.05756914 0.94243086],0.0048215702305807896
397,DB1c_W49,MARITAL,Never been married,[0.05947304 0.94052696],0.007844455272451752
398,DB1c_W49,MARITAL,Separated,[0.08609686 0.91390314],0.033844642975478276
399,DB1c_W49,MARITAL,Widowed,[0.04986514 0.95013486],0.0
400,FACE4c_W49,MARITAL,Divorced,[0.21817078 0.78182922],0.174637102400303
401,FACE4c_W49,MARITAL,Married,[0.22287331 0.77712669],0.16635507883282494
402,FACE4c_W49,MARITAL,Never been married,[0.19074694 0.80925306],0.24751329483235013
403,FACE4c_W49,MARITAL,Separated,[0.19520787 0.80479213],0.32001928180602845
404,FACE4c_W49,MARITAL,Widowed,[0.16904254 0.83095746],0.11918561621624858
405,TRACKCO1b_W49,MARITAL,Divorced,[0.13251393 0.16451615 0.36261457 0.22222787 0.11812748],0.009131260011180331
406,TRACKCO1b_W49,MARITAL,Married,[0.10563505 0.17915081 0.41513821 0.19918964 0.10088629],0.004344316524936335
407,TRACKCO1b_W49,MARITAL,Never been married,[0.13189429 0.22797504 0.34012767 0.17692472 0.12307828],0.0012769569100254696
408,TRACKCO1b_W49,MARITAL,Separated,[0.06700168 0.20982514 0.26552482 0.28617466 0.17147371],0.0
409,TRACKCO1b_W49,MARITAL,Widowed,[0.13946604 0.14930631 0.35879506 0.22797564 0.12445695],0.0127068141778994
410,RTDb_W49,MARITAL,Divorced,[0.91223919 0.08776081],0.013798754092340038
411,RTDb_W49,MARITAL,Married,[0.92709646 0.07290354],0.018614838789040557
412,RTDb_W49,MARITAL,Never been married,[0.7645935 0.2354065],0.019279892663733617
413,RTDb_W49,MARITAL,Separated,[0.92569766 0.07430234],0.0030940883450306955
414,RTDb_W49,MARITAL,Widowed,[0.87441232 0.12558768],0.0
415,HOMEASSIST3_W49,MARITAL,Divorced,[0.23780786 0.21673278 0.54545936],0.0
416,HOMEASSIST3_W49,MARITAL,Married,[0.19939068 0.34400486 0.45660446],0.0
417,HOMEASSIST3_W49,MARITAL,Never been married,[0.15559359 0.34869016 0.49571625],0.017449846574851997
418,HOMEASSIST3_W49,MARITAL,Separated,[0.43433528 0.35241555 0.21324917],0.0
419,HOMEASSIST3_W49,MARITAL,Widowed,[0.10738178 0.37976164 0.51285658],0.0
420,SMARTAPP_W49,MARITAL,Divorced,[0.46191409 0.19268725 0.29557974 0.04981892],0.0005697499236525504
421,SMARTAPP_W49,MARITAL,Married,[0.43980084 0.2027936  0.30056867 0.05683689],0.005129649209604865
422,SMARTAPP_W49,MARITAL,Never been married,[0.4613546  0.1393542  0.35581618 0.04347503],0.0008628281460268901
423,SMARTAPP_W49,MARITAL,Separated,[0.35255123 0.23688363 0.30670357 0.10386156],0.0
424,SMARTAPP_W49,MARITAL,Widowed,[0.40354902 0.21709277 0.2550663  0.12429191],0.01397833858978375
425,UNDERSTANDGOV_W49,MARITAL,Divorced,[0.03647776 0.14144646 0.65220316 0.16987262],0.013377857155681594
426,UNDERSTANDGOV_W49,MARITAL,Married,[0.02485282 0.16487625 0.54309334 0.26717759],0.000646467096447347
427,UNDERSTANDGOV_W49,MARITAL,Never been married,[0.07075271 0.21320109 0.49625853 0.21978766],0.0011234452717234832
428,UNDERSTANDGOV_W49,MARITAL,Separated,[0.05218262 0.06835079 0.48985492 0.38961168],0.004920818695017276
429,UNDERSTANDGOV_W49,MARITAL,Widowed,[0.0172888  0.17817655 0.51934991 0.28518475],0.0
430,CONCERNGRPe_W49,MARITAL,Divorced,[0.05871091 0.35042748 0.59086161],0.0
431,CONCERNGRPe_W49,MARITAL,Married,[0.07668185 0.33195126 0.59136689],0.00240275771621075
432,CONCERNGRPe_W49,MARITAL,Never been married,[0.11189951 0.3678761  0.52022439],0.0
433,CONCERNGRPe_W49,MARITAL,Separated,[0.1370564  0.31711427 0.54582933],0.0
434,CONCERNGRPe_W49,MARITAL,Widowed,[0.09335902 0.28330935 0.62333163],0.008039617062452374
435,PROFILE5_W49,MARITAL,Divorced,[0.01973394 0.55832736 0.33245191 0.08948679],0.008178555598257106
436,PROFILE5_W49,MARITAL,Married,[0.06958442 0.53951184 0.349461   0.04144274],0.002871441668049739
437,PROFILE5_W49,MARITAL,Never been married,[0.09348596 0.54730726 0.30527071 0.05393607],0.002055368742597486
438,PROFILE5_W49,MARITAL,Separated,[0.01635485 0.40920495 0.569891   0.00454921],0.0
439,PROFILE5_W49,MARITAL,Widowed,[0.07006714 0.48012271 0.39569189 0.05411827],0.0
440,ELECTFTGSNSINT_W49,MARITAL,Divorced,[0.15971244 0.4474942  0.39279336],0.00604629214686108
441,ELECTFTGSNSINT_W49,MARITAL,Married,[0.14370732 0.48683858 0.3694541 ],0.007075936506459298
442,ELECTFTGSNSINT_W49,MARITAL,Never been married,[0.16864618 0.43583419 0.39551964],0.006051070029441905
443,ELECTFTGSNSINT_W49,MARITAL,Separated,[0.1332958  0.34577583 0.52092837],0.014894330787909884
444,ELECTFTGSNSINT_W49,MARITAL,Widowed,[0.12895255 0.39605523 0.47499222],0.006245499571184706
445,PP6a_W49,MARITAL,Divorced,[0.0887689  0.44221722 0.3410457  0.12796819],0.007207445376048972
446,PP6a_W49,MARITAL,Married,[0.10147539 0.47451759 0.2980657  0.12594133],0.0033910413175298323
447,PP6a_W49,MARITAL,Never been married,[0.11700016 0.47866745 0.25836944 0.14596296],0.00766778575698642
448,PP6a_W49,MARITAL,Separated,[0.09749472 0.46852349 0.26442747 0.16955433],0.007969987923734986
449,PP6a_W49,MARITAL,Widowed,[0.08154384 0.44747328 0.32218863 0.14879425],0.00870535494539558
450,RTBFd_W49,MARITAL,Divorced,[0.87057104 0.12942896],0.03302925041653626
451,RTBFd_W49,MARITAL,Married,[0.88403474 0.11596526],0.014031750432602047
452,RTBFd_W49,MARITAL,Never been married,[0.80086296 0.19913704],0.008285452066015412
453,RTBFd_W49,MARITAL,Separated,[0.85418999 0.14581001],0.06432048897460865
454,RTBFd_W49,MARITAL,Widowed,[0.82962606 0.17037394],0.0
455,CONCERNGRPf_W49,MARITAL,Divorced,[0.34007214 0.52461848 0.13530938],0.0
456,CONCERNGRPf_W49,MARITAL,Married,[0.39697806 0.47158945 0.13143249],0.0032455865295280364
457,CONCERNGRPf_W49,MARITAL,Never been married,[0.43486391 0.41463524 0.15050085],0.0
458,CONCERNGRPf_W49,MARITAL,Separated,[0.42125322 0.32498349 0.25376329],0.0
459,CONCERNGRPf_W49,MARITAL,Widowed,[0.36521765 0.42038767 0.21439468],0.0
460,DB1a_W49,MARITAL,Divorced,[0.19474024 0.80525976],0.0015955968061523269
461,DB1a_W49,MARITAL,Married,[0.2375794 0.7624206],0.006667272516518906
462,DB1a_W49,MARITAL,Never been married,[0.16314034 0.83685966],0.00811707807799549
463,DB1a_W49,MARITAL,Separated,[0.21799518 0.78200482],0.033844642975478276
464,DB1a_W49,MARITAL,Widowed,[0.2036967 0.7963033],0.0
465,PP5b_W49,MARITAL,Divorced,[0.04594845 0.2595804  0.42194987 0.27252128],0.009955723543634842
466,PP5b_W49,MARITAL,Married,[0.04938719 0.29981805 0.41880049 0.23199427],0.00414490732286613
467,PP5b_W49,MARITAL,Never been married,[0.05957498 0.30773935 0.36900211 0.26368356],0.006063393546084055
468,PP5b_W49,MARITAL,Separated,[0.02954579 0.23330948 0.53424993 0.2028948 ],0.0
469,PP5b_W49,MARITAL,Widowed,[0.03841459 0.31483047 0.38357275 0.26318219],0.0
470,PWMAN_W49,MARITAL,Divorced,[0.17222187 0.82777813],0.0027882681281059018
471,PWMAN_W49,MARITAL,Married,[0.18009467 0.81990533],0.005420983348636426
472,PWMAN_W49,MARITAL,Never been married,[0.26862121 0.73137879],0.007259494341522198
473,PWMAN_W49,MARITAL,Separated,[0.1638576 0.8361424],0.0015401029448284531
474,PWMAN_W49,MARITAL,Widowed,[0.08109032 0.91890968],0.0019798297710522886
475,RTDd_W49,MARITAL,Divorced,[0.8182593 0.1817407],0.011940069540059897
476,RTDd_W49,MARITAL,Married,[0.85259424 0.14740576],0.0193557916676548
477,RTDd_W49,MARITAL,Never been married,[0.68285206 0.31714794],0.025566453545782908
478,RTDd_W49,MARITAL,Separated,[0.89828106 0.10171894],0.0030940883450306955
479,RTDd_W49,MARITAL,Widowed,[0.79942498 0.20057502],0.0
480,FACE3c_W49,MARITAL,Divorced,[0.19850618 0.46276709 0.19049349 0.14823324],0.013941380816854006
481,FACE3c_W49,MARITAL,Married,[0.23306884 0.48417722 0.17312049 0.10963344],0.009076328228056148
482,FACE3c_W49,MARITAL,Never been married,[0.15387472 0.41187542 0.2536729  0.18057696],0.005714559682961524
483,FACE3c_W49,MARITAL,Separated,[0.18218758 0.34724598 0.34808958 0.12247685],0.024713864778734232
484,FACE3c_W49,MARITAL,Widowed,[0.26507573 0.41507941 0.13072303 0.18912182],0.009499894348967235
485,UNDERSTANDCO_W49,MARITAL,Divorced,[0.04898145 0.3499611  0.45756372 0.14349373],0.0025039841488586497
486,UNDERSTANDCO_W49,MARITAL,Married,[0.05309641 0.34070925 0.51079453 0.09539981],0.005232620183679036
487,UNDERSTANDCO_W49,MARITAL,Never been married,[0.08726775 0.36875427 0.42176453 0.12221345],0.01153351423554092
488,UNDERSTANDCO_W49,MARITAL,Separated,[0.06437178 0.21429979 0.49073825 0.23059017],0.0
489,UNDERSTANDCO_W49,MARITAL,Widowed,[0.06795353 0.33427846 0.4499742  0.14779381],0.0
0,GOVREGV1_W49,RELIG,Agnostic,[0.72243456 0.06205953 0.21550591],0.007077909437078503
1,GOVREGV1_W49,RELIG,Atheist,[0.85797859 0.02880384 0.11321757],0.0
2,GOVREGV1_W49,RELIG,Buddhist,[0.64236935 0.13979035 0.2178403 ],0.0
3,GOVREGV1_W49,RELIG,Hindu,[0.91146277 0.08853723 0.        ],0.0
4,GOVREGV1_W49,RELIG,Jewish,[0.78562493 0.12615074 0.08822433],0.005605278881925695
5,GOVREGV1_W49,RELIG,Mormon,[0.5500199  0.21439452 0.23558558],0.0
6,GOVREGV1_W49,RELIG,Muslim,[0.50910203 0.03478563 0.45611233],0.0
7,GOVREGV1_W49,RELIG,Nothing in particular,[0.79357231 0.04981175 0.15661594],0.011341117117285991
8,GOVREGV1_W49,RELIG,Orthodox,[0.88389074 0.11610926 0.        ],0.0
9,GOVREGV1_W49,RELIG,Other,[0.86096969 0.09648503 0.04254529],0.06563452233713897
10,GOVREGV1_W49,RELIG,Protestant,[0.71811619 0.102977   0.17890681],0.012929286884039989
11,GOVREGV1_W49,RELIG,Roman Catholic,[0.79537832 0.07674337 0.12787832],0.02015897041729638
12,CONTROLGOV_W49,RELIG,Agnostic,[0.00886087 0.09340519 0.46712211 0.43061183],0.0
13,CONTROLGOV_W49,RELIG,Atheist,[0.01926193 0.15757832 0.34489956 0.47826019],0.010047989277761704
14,CONTROLGOV_W49,RELIG,Buddhist,[0.12214051 0.03266063 0.36996066 0.4752382 ],0.0
15,CONTROLGOV_W49,RELIG,Hindu,[0.11938136 0.07291961 0.44501882 0.36268021],0.0
16,CONTROLGOV_W49,RELIG,Jewish,[0.01655446 0.05299635 0.45647742 0.47397176],0.0
17,CONTROLGOV_W49,RELIG,Mormon,[0.09591552 0.05226482 0.49058647 0.36123318],0.0
18,CONTROLGOV_W49,RELIG,Muslim,[0.         0.         0.27221703 0.72778297],0.0
19,CONTROLGOV_W49,RELIG,Nothing in particular,[0.03675293 0.14595066 0.42153919 0.39575722],0.0028810643839809334
20,CONTROLGOV_W49,RELIG,Orthodox,[0.09473651 0.         0.36115933 0.54410416],0.0
21,CONTROLGOV_W49,RELIG,Other,[0.         0.13568769 0.30554812 0.55876419],0.018054606428582524
22,CONTROLGOV_W49,RELIG,Protestant,[0.02972704 0.12661328 0.4107238  0.43293588],0.0022449958052328553
23,CONTROLGOV_W49,RELIG,Roman Catholic,[0.05537029 0.12465637 0.40425302 0.41572032],0.0019218200368317135
24,SMARTPHONE_W49,RELIG,Agnostic,[0.96730222 0.03269778],0.005026710899063192
25,SMARTPHONE_W49,RELIG,Atheist,[0.94773096 0.05226904],0.0
26,SMARTPHONE_W49,RELIG,Buddhist,[0.94471232 0.05528768],0.0
27,SMARTPHONE_W49,RELIG,Hindu,[0.90537104 0.09462896],0.0
28,SMARTPHONE_W49,RELIG,Jewish,[0.86695377 0.13304623],0.0
29,SMARTPHONE_W49,RELIG,Mormon,[0.9529198 0.0470802],0.0
30,SMARTPHONE_W49,RELIG,Muslim,[0.85529586 0.14470414],0.0
31,SMARTPHONE_W49,RELIG,Nothing in particular,[0.90166358 0.09833642],0.0024252900737972488
32,SMARTPHONE_W49,RELIG,Orthodox,[0.91820308 0.08179692],0.0
33,SMARTPHONE_W49,RELIG,Other,[0.85191646 0.14808354],0.009667141559042925
34,SMARTPHONE_W49,RELIG,Protestant,[0.8426763 0.1573237],0.002517454741356551
35,SMARTPHONE_W49,RELIG,Roman Catholic,[0.86168196 0.13831804],0.008475435113033863
36,CONTROLGRPa_W49,RELIG,Agnostic,[0.13882697 0.56223153 0.2989415 ],0.0
37,CONTROLGRPa_W49,RELIG,Atheist,[0.14355435 0.49974984 0.35669581],0.0034250963656635883
38,CONTROLGRPa_W49,RELIG,Buddhist,[0.07500933 0.84382485 0.08116581],0.0
39,CONTROLGRPa_W49,RELIG,Hindu,[0.22430653 0.47411674 0.30157674],0.0
40,CONTROLGRPa_W49,RELIG,Jewish,[0.24750196 0.38449798 0.36800007],0.0
41,CONTROLGRPa_W49,RELIG,Mormon,[0.21290646 0.59859748 0.18849606],0.0
42,CONTROLGRPa_W49,RELIG,Muslim,[0.28126333 0.44930247 0.2694342 ],0.0
43,CONTROLGRPa_W49,RELIG,Nothing in particular,[0.15728889 0.45281987 0.38989124],0.0
44,CONTROLGRPa_W49,RELIG,Orthodox,[0.42612936 0.39797298 0.17589766],0.0
45,CONTROLGRPa_W49,RELIG,Other,[0.10006552 0.27758179 0.62235269],0.01947161837992039
46,CONTROLGRPa_W49,RELIG,Protestant,[0.1656394  0.49817179 0.33618881],0.0019086132721174698
47,CONTROLGRPa_W49,RELIG,Roman Catholic,[0.12145976 0.53158291 0.34695734],0.002120982844217088
48,FACE3a_W49,RELIG,Agnostic,[0.02193209 0.15769813 0.32624933 0.49412044],0.0
49,FACE3a_W49,RELIG,Atheist,[0.         0.10248902 0.32724834 0.57026264],0.0
50,FACE3a_W49,RELIG,Buddhist,[0.09674254 0.09803473 0.15176467 0.65345806],0.0
51,FACE3a_W49,RELIG,Hindu,[0.08570648 0.38252094 0.2069784  0.32479418],0.0
52,FACE3a_W49,RELIG,Jewish,[0.         0.14089872 0.36523861 0.49386267],0.0
53,FACE3a_W49,RELIG,Mormon,[0.00438784 0.17201905 0.47215012 0.35144299],0.03140885274495407
54,FACE3a_W49,RELIG,Muslim,[0.         0.24340756 0.3374378  0.41915465],0.0
55,FACE3a_W49,RELIG,Nothing in particular,[0.03128428 0.14925022 0.40513206 0.41433344],0.010793742134353712
56,FACE3a_W49,RELIG,Orthodox,[0.0561909  0.12944037 0.5140416  0.30032713],0.034617959660630096
57,FACE3a_W49,RELIG,Other,[0.01380352 0.10866924 0.30483424 0.572693  ],0.0
58,FACE3a_W49,RELIG,Protestant,[0.02404896 0.20360406 0.42397849 0.34836849],0.012534171187303702
59,FACE3a_W49,RELIG,Roman Catholic,[0.03787834 0.21766952 0.43467148 0.30978066],0.008782611017190219
60,PP6b_W49,RELIG,Agnostic,[0.08023662 0.4340183  0.30781129 0.17793379],0.0
61,PP6b_W49,RELIG,Atheist,[0.05081198 0.41200857 0.28998328 0.24719618],0.0
62,PP6b_W49,RELIG,Buddhist,[0.08707625 0.52222814 0.21556291 0.1751327 ],0.0
63,PP6b_W49,RELIG,Hindu,[0.24527855 0.42726316 0.21631513 0.11114316],0.0
64,PP6b_W49,RELIG,Jewish,[0.06076078 0.39036857 0.37400128 0.17486936],0.0
65,PP6b_W49,RELIG,Mormon,[0.05800619 0.44880521 0.32421149 0.16897711],0.0
66,PP6b_W49,RELIG,Muslim,[0.04772591 0.23874485 0.36865996 0.34486929],0.0
67,PP6b_W49,RELIG,Nothing in particular,[0.04576274 0.30771171 0.36372875 0.28279681],0.007647978252730599
68,PP6b_W49,RELIG,Orthodox,[0.01526077 0.21600508 0.65788052 0.11085363],0.0
69,PP6b_W49,RELIG,Other,[0.08555718 0.22987858 0.31602542 0.36853882],0.013151057794311211
70,PP6b_W49,RELIG,Protestant,[0.0439403  0.26220131 0.39209532 0.30176306],0.0069572709296262065
71,PP6b_W49,RELIG,Roman Catholic,[0.08726528 0.29016935 0.37439306 0.24817232],0.00020206880208905781
72,FACE2a_W49,RELIG,Agnostic,[0.2802893  0.58069019 0.13242503 0.00659547],0.0005324696432868616
73,FACE2a_W49,RELIG,Atheist,[0.20361237 0.59095822 0.19124182 0.01418759],0.0020455513759382415
74,FACE2a_W49,RELIG,Buddhist,[0.16159348 0.7033429  0.11557694 0.01948667],0.0
75,FACE2a_W49,RELIG,Hindu,[0.48564402 0.28212029 0.23223568 0.        ],0.0
76,FACE2a_W49,RELIG,Jewish,[0.21622869 0.56508277 0.19078738 0.02790117],0.0
77,FACE2a_W49,RELIG,Mormon,[0.2375874  0.6292779  0.09469559 0.03843912],0.03140885274495407
78,FACE2a_W49,RELIG,Muslim,[0.29899251 0.56382125 0.13718624 0.        ],0.0
79,FACE2a_W49,RELIG,Nothing in particular,[0.23280735 0.60218983 0.14184671 0.02315611],0.012876709319497666
80,FACE2a_W49,RELIG,Orthodox,[0.1355055  0.84818407 0.01631043 0.        ],0.0
81,FACE2a_W49,RELIG,Other,[0.19119634 0.6384746  0.1374651  0.03286396],0.00984911435963313
82,FACE2a_W49,RELIG,Protestant,[0.23621818 0.63630117 0.11711487 0.01036578],0.016577423717374293
83,FACE2a_W49,RELIG,Roman Catholic,[0.26755075 0.63050513 0.0867193  0.01522482],0.005517031696198935
84,TALKCMNSNSINT_W49,RELIG,Agnostic,[0.27410032 0.72589968],0.05638932578832981
85,TALKCMNSNSINT_W49,RELIG,Atheist,[0.23217609 0.76782391],0.08906046056263778
86,TALKCMNSNSINT_W49,RELIG,Buddhist,[0.32237556 0.67762444],0.12214050644617402
87,TALKCMNSNSINT_W49,RELIG,Hindu,[0.58585766 0.41414234],0.0
88,TALKCMNSNSINT_W49,RELIG,Jewish,[0.40160995 0.59839005],0.07756798045844256
89,TALKCMNSNSINT_W49,RELIG,Mormon,[0.34563844 0.65436156],0.06411265381676841
90,TALKCMNSNSINT_W49,RELIG,Muslim,[0.50877499 0.49122501],0.0
91,TALKCMNSNSINT_W49,RELIG,Nothing in particular,[0.25693393 0.74306607],0.07066581569194913
92,TALKCMNSNSINT_W49,RELIG,Orthodox,[0.56082417 0.43917583],0.13555147170903176
93,TALKCMNSNSINT_W49,RELIG,Other,[0.19499064 0.80500936],0.0428118369151787
94,TALKCMNSNSINT_W49,RELIG,Protestant,[0.28406183 0.71593817],0.059517576656850264
95,TALKCMNSNSINT_W49,RELIG,Roman Catholic,[0.267022 0.732978],0.07461422185895657
96,DATAUSEc_W49,RELIG,Agnostic,[0.46363966 0.53636034],0.24186703327590564
97,DATAUSEc_W49,RELIG,Atheist,[0.44700666 0.55299334],0.14914620872141388
98,DATAUSEc_W49,RELIG,Buddhist,[0.61771224 0.38228776],0.1943517152440762
99,DATAUSEc_W49,RELIG,Hindu,[0.07313165 0.92686835],0.06757987526592393
100,DATAUSEc_W49,RELIG,Jewish,[0.64339705 0.35660295],0.1028439966686112
101,DATAUSEc_W49,RELIG,Mormon,[0.62765824 0.37234176],0.10343031264866977
102,DATAUSEc_W49,RELIG,Muslim,[0.28439146 0.71560854],0.21378807546529774
103,DATAUSEc_W49,RELIG,Nothing in particular,[0.50042796 0.49957204],0.23132110425184144
104,DATAUSEc_W49,RELIG,Orthodox,[0.47073788 0.52926212],0.37125756097297863
105,DATAUSEc_W49,RELIG,Other,[0.39549231 0.60450769],0.2602425331729433
106,DATAUSEc_W49,RELIG,Protestant,[0.66736592 0.33263408],0.15903083382099223
107,DATAUSEc_W49,RELIG,Roman Catholic,[0.66312863 0.33687137],0.18689085387414148
108,DNATEST_W49,RELIG,Agnostic,[0.18541215 0.81458785],0.0
109,DNATEST_W49,RELIG,Atheist,[0.21251662 0.78748338],0.00490348936391117
110,DNATEST_W49,RELIG,Buddhist,[0.14378811 0.85621189],0.0
111,DNATEST_W49,RELIG,Hindu,[0.05147021 0.94852979],0.0
112,DNATEST_W49,RELIG,Jewish,[0.252748 0.747252],0.005760444878773872
113,DNATEST_W49,RELIG,Mormon,[0.23494414 0.76505586],0.0
114,DNATEST_W49,RELIG,Muslim,[0.02765315 0.97234685],0.0
115,DNATEST_W49,RELIG,Nothing in particular,[0.14502396 0.85497604],0.002811277333526678
116,DNATEST_W49,RELIG,Orthodox,[0.06858838 0.93141162],0.0
117,DNATEST_W49,RELIG,Other,[0.14331148 0.85668852],0.0
118,DNATEST_W49,RELIG,Protestant,[0.14713834 0.85286166],0.0037219090744077736
119,DNATEST_W49,RELIG,Roman Catholic,[0.16500236 0.83499764],0.004026882814430647
120,PP5c_W49,RELIG,Agnostic,[0.02419541 0.12390756 0.51782515 0.33407187],0.0
121,PP5c_W49,RELIG,Atheist,[0.00984804 0.11147216 0.45752393 0.42115586],0.0
122,PP5c_W49,RELIG,Buddhist,[0.10354234 0.1557846  0.41566243 0.32501063],0.0
123,PP5c_W49,RELIG,Hindu,[0.18717347 0.22818077 0.41191084 0.17273492],0.0
124,PP5c_W49,RELIG,Jewish,[0.02498871 0.14901888 0.55853521 0.2674572 ],0.0032036863153670487
125,PP5c_W49,RELIG,Mormon,[0.         0.26176656 0.54131848 0.19691496],0.0
126,PP5c_W49,RELIG,Muslim,[0.00936796 0.29174664 0.3897566  0.3091288 ],0.0
127,PP5c_W49,RELIG,Nothing in particular,[0.02688523 0.16626701 0.45269997 0.35414779],0.0053881896992453
128,PP5c_W49,RELIG,Orthodox,[0.01580409 0.15192635 0.50697205 0.32529752],0.03437836951769078
129,PP5c_W49,RELIG,Other,[0.         0.1433357  0.50185838 0.35480593],0.0
130,PP5c_W49,RELIG,Protestant,[0.03355535 0.18822069 0.46632961 0.31189435],0.007633479225536035
131,PP5c_W49,RELIG,Roman Catholic,[0.03040858 0.2038943  0.44861847 0.31707866],0.0012651376464508453
132,PP5e_W49,RELIG,Agnostic,[0.01055887 0.1560313  0.4676739  0.36573594],0.0
133,PP5e_W49,RELIG,Atheist,[0.00840464 0.11909601 0.3750672  0.49743215],0.0038711664816961045
134,PP5e_W49,RELIG,Buddhist,[0.04699949 0.0540345  0.60766373 0.29130228],0.0
135,PP5e_W49,RELIG,Hindu,[0.18717347 0.20745131 0.53127032 0.0741049 ],0.0
136,PP5e_W49,RELIG,Jewish,[0.02515352 0.0951065  0.56013755 0.31960242],0.0
137,PP5e_W49,RELIG,Mormon,[0.         0.25516771 0.61314138 0.13169091],0.0
138,PP5e_W49,RELIG,Muslim,[0.00936796 0.22543072 0.37020479 0.39499653],0.0
139,PP5e_W49,RELIG,Nothing in particular,[0.04372875 0.1643299  0.43732437 0.35461698],0.006721109995333017
140,PP5e_W49,RELIG,Orthodox,[0.03369617 0.12756982 0.61670596 0.22202805],0.0
141,PP5e_W49,RELIG,Other,[0.00820365 0.16591639 0.36608994 0.45979002],0.0
142,PP5e_W49,RELIG,Protestant,[0.04917104 0.23336119 0.41535767 0.3021101 ],0.006088809756702696
143,PP5e_W49,RELIG,Roman Catholic,[0.04081234 0.25506714 0.43886758 0.26525294],0.0043818176493842205
144,PUBLICDATA_W49,RELIG,Agnostic,[0.21703465 0.78296535],0.0042198101742745055
145,PUBLICDATA_W49,RELIG,Atheist,[0.17720972 0.82279028],0.012659223134280254
146,PUBLICDATA_W49,RELIG,Buddhist,[0.2381825 0.7618175],0.0
147,PUBLICDATA_W49,RELIG,Hindu,[0.22104478 0.77895522],0.0
148,PUBLICDATA_W49,RELIG,Jewish,[0.31559468 0.68440532],0.00874510902097867
149,PUBLICDATA_W49,RELIG,Mormon,[0.23643594 0.76356406],0.006092929650371014
150,PUBLICDATA_W49,RELIG,Muslim,[0.37377722 0.62622278],0.0
151,PUBLICDATA_W49,RELIG,Nothing in particular,[0.26456894 0.73543106],0.030923167238412274
152,PUBLICDATA_W49,RELIG,Orthodox,[0.06650666 0.93349334],0.0633615139962076
153,PUBLICDATA_W49,RELIG,Other,[0.17672327 0.82327673],0.057746871360363224
154,PUBLICDATA_W49,RELIG,Protestant,[0.23689884 0.76310116],0.03914260657837476
155,PUBLICDATA_W49,RELIG,Roman Catholic,[0.25505623 0.74494377],0.03342837464491586
156,HOMEASSIST5a_W49,RELIG,Agnostic,[0.50220612 0.49779388],0.0
157,HOMEASSIST5a_W49,RELIG,Atheist,[0.47867193 0.52132807],0.0
158,HOMEASSIST5a_W49,RELIG,Buddhist,[0.70739933 0.29260067],0.0
159,HOMEASSIST5a_W49,RELIG,Hindu,[0.47618502 0.52381498],0.0
160,HOMEASSIST5a_W49,RELIG,Jewish,[0.31019686 0.68980314],0.0
161,HOMEASSIST5a_W49,RELIG,Mormon,[0.43635028 0.56364972],0.0
162,HOMEASSIST5a_W49,RELIG,Muslim,[0.76565223 0.23434777],0.03405538346892494
163,HOMEASSIST5a_W49,RELIG,Nothing in particular,[0.41896098 0.58103902],0.0
164,HOMEASSIST5a_W49,RELIG,Orthodox,[0.28689854 0.71310146],0.0
165,HOMEASSIST5a_W49,RELIG,Other,[0.03833631 0.96166369],0.0
166,HOMEASSIST5a_W49,RELIG,Protestant,[0.38366857 0.61633143],0.002981080742440732
167,HOMEASSIST5a_W49,RELIG,Roman Catholic,[0.45050766 0.54949234],0.0
168,PP1_W49,RELIG,Agnostic,[0.22393734 0.41658017 0.26296231 0.09652017 0.        ],0.0
169,PP1_W49,RELIG,Atheist,[0.25349455 0.38209447 0.25609345 0.10501491 0.00330262],0.0
170,PP1_W49,RELIG,Buddhist,[0.32728673 0.26123717 0.23276205 0.17871405 0.        ],0.0
171,PP1_W49,RELIG,Hindu,[0.33319904 0.20574175 0.35625295 0.10480626 0.        ],0.0
172,PP1_W49,RELIG,Jewish,[0.215979   0.40505159 0.2542662  0.11825103 0.00645218],0.0
173,PP1_W49,RELIG,Mormon,[0.23678566 0.35730826 0.30881027 0.09230828 0.00478753],0.0
174,PP1_W49,RELIG,Muslim,[0.27577452 0.24071359 0.24763357 0.16107157 0.07480676],0.0
175,PP1_W49,RELIG,Nothing in particular,[0.21753876 0.3438106  0.24350644 0.15713494 0.03800926],0.0021650169712339106
176,PP1_W49,RELIG,Orthodox,[0.3381405  0.47626056 0.1356142  0.03154934 0.0184354 ],0.0
177,PP1_W49,RELIG,Other,[0.31042412 0.33803442 0.25721535 0.0943261  0.        ],0.013151057794311215
178,PP1_W49,RELIG,Protestant,[0.26476411 0.29566198 0.23171992 0.17814707 0.02970692],0.0046410691231159535
179,PP1_W49,RELIG,Roman Catholic,[0.25794593 0.29959948 0.25347509 0.15373693 0.03524256],0.0026248116106884463
180,BENEFITCO_W49,RELIG,Agnostic,[0.01718503 0.28063491 0.70218006 0.        ],0.0
181,BENEFITCO_W49,RELIG,Atheist,[0.06622015 0.33020582 0.60357403 0.        ],0.0
182,BENEFITCO_W49,RELIG,Buddhist,[0.         0.46035808 0.53964192 0.        ],0.0
183,BENEFITCO_W49,RELIG,Hindu,[0.3104108  0.43727964 0.25230956 0.        ],0.0
184,BENEFITCO_W49,RELIG,Jewish,[0.03744552 0.44083865 0.52171583 0.        ],0.0
185,BENEFITCO_W49,RELIG,Mormon,[0.124261   0.32515887 0.55058013 0.        ],0.0
186,BENEFITCO_W49,RELIG,Muslim,[0.        0.2857344 0.7142656 0.       ],0.0
187,BENEFITCO_W49,RELIG,Nothing in particular,[0.08143867 0.29931477 0.61924657 0.        ],0.0
188,BENEFITCO_W49,RELIG,Orthodox,[0.01826993 0.09124722 0.89048285 0.        ],0.0
189,BENEFITCO_W49,RELIG,Other,[0.         0.20261403 0.79738597 0.        ],0.0
190,BENEFITCO_W49,RELIG,Protestant,[0.04641526 0.29801344 0.6555713  0.        ],0.008932416415832246
191,BENEFITCO_W49,RELIG,Roman Catholic,[0.09827219 0.28189639 0.61983143 0.        ],0.0016586548663790198
192,POSNEGGOV_W49,RELIG,Agnostic,[0.24796273 0.75203727],0.0
193,POSNEGGOV_W49,RELIG,Atheist,[0.30792517 0.69207483],0.02278255940450771
194,POSNEGGOV_W49,RELIG,Buddhist,[0.32179114 0.67820886],0.0
195,POSNEGGOV_W49,RELIG,Hindu,[0.27088501 0.72911499],0.0
196,POSNEGGOV_W49,RELIG,Jewish,[0.15961451 0.84038549],0.06663146674654423
197,POSNEGGOV_W49,RELIG,Mormon,[0.33126642 0.66873358],0.0
198,POSNEGGOV_W49,RELIG,Muslim,[0.3964525 0.6035475],0.0
199,POSNEGGOV_W49,RELIG,Nothing in particular,[0.33496482 0.66503518],0.039536760161349604
200,POSNEGGOV_W49,RELIG,Orthodox,[0.31822344 0.68177656],0.0
201,POSNEGGOV_W49,RELIG,Other,[0.15865509 0.84134491],0.015723883721394168
202,POSNEGGOV_W49,RELIG,Protestant,[0.33824175 0.66175825],0.03505158594715397
203,POSNEGGOV_W49,RELIG,Roman Catholic,[0.3066829 0.6933171],0.05811205911495251
204,RTBFc_W49,RELIG,Agnostic,[0.42243692 0.57756308],0.009664950126156225
205,RTBFc_W49,RELIG,Atheist,[0.35031973 0.64968027],0.011105238098295134
206,RTBFc_W49,RELIG,Buddhist,[0.27152433 0.72847567],0.0
207,RTBFc_W49,RELIG,Hindu,[0.52588326 0.47411674],0.0
208,RTBFc_W49,RELIG,Jewish,[0.49712496 0.50287504],0.005605278881925694
209,RTBFc_W49,RELIG,Mormon,[0.42737732 0.57262268],0.013070256434726788
210,RTBFc_W49,RELIG,Muslim,[0.59449242 0.40550758],0.026237659354559163
211,RTBFc_W49,RELIG,Nothing in particular,[0.53075576 0.46924424],0.007979902217492457
212,RTBFc_W49,RELIG,Orthodox,[0.3888414 0.6111586],0.0
213,RTBFc_W49,RELIG,Other,[0.55459806 0.44540194],0.08505271843323967
214,RTBFc_W49,RELIG,Protestant,[0.63987309 0.36012691],0.03319726925560944
215,RTBFc_W49,RELIG,Roman Catholic,[0.64589315 0.35410685],0.025055332654322356
216,FACE4d_W49,RELIG,Agnostic,[0.3509564 0.6490436],0.15341242919300463
217,FACE4d_W49,RELIG,Atheist,[0.36082997 0.63917003],0.14915600486215552
218,FACE4d_W49,RELIG,Buddhist,[0.21893968 0.78106032],0.2594051206193646
219,FACE4d_W49,RELIG,Hindu,[0.63199665 0.36800335],0.038849554182348055
220,FACE4d_W49,RELIG,Jewish,[0.41694703 0.58305297],0.31266972839761
221,FACE4d_W49,RELIG,Mormon,[0.66845156 0.33154844],0.19297182256609752
222,FACE4d_W49,RELIG,Muslim,[0.57860414 0.42139586],0.0
223,FACE4d_W49,RELIG,Nothing in particular,[0.49932868 0.50067132],0.2073671263073566
224,FACE4d_W49,RELIG,Orthodox,[0.60700555 0.39299445],0.3709789400228504
225,FACE4d_W49,RELIG,Other,[0.38619246 0.61380754],0.0873714186050809
226,FACE4d_W49,RELIG,Protestant,[0.57896971 0.42103029],0.1814777587294621
227,FACE4d_W49,RELIG,Roman Catholic,[0.54201719 0.45798281],0.17714097761908312
228,RTDa_W49,RELIG,Agnostic,[0.39264109 0.60735891],0.00463696838225906
229,RTDa_W49,RELIG,Atheist,[0.42729859 0.57270141],0.0
230,RTDa_W49,RELIG,Buddhist,[0.1838131 0.8161869],0.0
231,RTDa_W49,RELIG,Hindu,[0.56794117 0.43205883],0.0
232,RTDa_W49,RELIG,Jewish,[0.43080293 0.56919707],0.005362636306537084
233,RTDa_W49,RELIG,Mormon,[0.24362396 0.75637604],0.0
234,RTDa_W49,RELIG,Muslim,[0.19113308 0.80886692],0.0
235,RTDa_W49,RELIG,Nothing in particular,[0.39494277 0.60505723],0.04422034549007408
236,RTDa_W49,RELIG,Orthodox,[0.17012737 0.82987263],0.0
237,RTDa_W49,RELIG,Other,[0.55738365 0.44261635],0.030287078569099513
238,RTDa_W49,RELIG,Protestant,[0.33967086 0.66032914],0.01913589295809451
239,RTDa_W49,RELIG,Roman Catholic,[0.38983309 0.61016691],0.0471171799315342
240,PP4_W49,RELIG,Agnostic,[0.09073668 0.64874799 0.24624089 0.01427444],0.0
241,PP4_W49,RELIG,Atheist,[0.18552932 0.51535179 0.21479552 0.08432337],0.0
242,PP4_W49,RELIG,Buddhist,[0.27560609 0.51374332 0.21065059 0.        ],0.0
243,PP4_W49,RELIG,Hindu,[0.03023552 0.49275545 0.45991022 0.01709881],0.0
244,PP4_W49,RELIG,Jewish,[0.12800488 0.52140343 0.3505917  0.        ],0.0
245,PP4_W49,RELIG,Mormon,[0.16382872 0.58920439 0.24696689 0.        ],0.0
246,PP4_W49,RELIG,Muslim,[0.13610499 0.43940448 0.31297655 0.11151398],0.04263690591610314
247,PP4_W49,RELIG,Nothing in particular,[0.10909917 0.56188129 0.27953101 0.04948853],0.002258461383602812
248,PP4_W49,RELIG,Orthodox,[0.16588014 0.3825713  0.45154856 0.        ],0.0
249,PP4_W49,RELIG,Other,[0.11283389 0.5056148  0.34755858 0.03399272],0.0
250,PP4_W49,RELIG,Protestant,[0.14491982 0.53423411 0.29344652 0.02739956],0.0
251,PP4_W49,RELIG,Roman Catholic,[0.09835845 0.55105223 0.33622046 0.01436885],0.003740362351222027
252,PROFILE3_W49,RELIG,Agnostic,[0.54299501 0.38386363 0.07314136],0.021046672658453836
253,PROFILE3_W49,RELIG,Atheist,[0.66796865 0.30581183 0.02621952],0.025353493803084014
254,PROFILE3_W49,RELIG,Buddhist,[0.52970192 0.36575644 0.10454164],0.014153165294525077
255,PROFILE3_W49,RELIG,Hindu,[0.49641751 0.47934142 0.02424107],0.05060854983140684
256,PROFILE3_W49,RELIG,Jewish,[0.45606369 0.47943865 0.06449766],0.03238000439040965
257,PROFILE3_W49,RELIG,Mormon,[0.5247024  0.37693946 0.09835814],0.07692195614342333
258,PROFILE3_W49,RELIG,Muslim,[0.41270394 0.34185946 0.2454366 ],0.07396425862430844
259,PROFILE3_W49,RELIG,Nothing in particular,[0.56809995 0.33031257 0.10158748],0.0568227164297115
260,PROFILE3_W49,RELIG,Orthodox,[0.70605605 0.11666813 0.17727582],0.16549232639937422
261,PROFILE3_W49,RELIG,Other,[0.5931717  0.35547915 0.05134915],0.07988912478163844
262,PROFILE3_W49,RELIG,Protestant,[0.49291097 0.3938106  0.11327843],0.09049663283764181
263,PROFILE3_W49,RELIG,Roman Catholic,[0.50311725 0.36478975 0.132093  ],0.09356425755676233
264,CONCERNCO_W49,RELIG,Agnostic,[0.32001001 0.419332   0.22138815 0.03926983],0.0
265,CONCERNCO_W49,RELIG,Atheist,[0.29403266 0.50766628 0.16987306 0.028428  ],0.0
266,CONCERNCO_W49,RELIG,Buddhist,[0.54874214 0.39877076 0.03567706 0.01681004],0.0
267,CONCERNCO_W49,RELIG,Hindu,[0.62640431 0.30540627 0.         0.06818942],0.0
268,CONCERNCO_W49,RELIG,Jewish,[0.27974439 0.51452989 0.19004086 0.01568486],0.0
269,CONCERNCO_W49,RELIG,Mormon,[0.14628341 0.46566882 0.38056835 0.00747943],0.0
270,CONCERNCO_W49,RELIG,Muslim,[0.38173658 0.39920021 0.03549255 0.18357065],0.0
271,CONCERNCO_W49,RELIG,Nothing in particular,[0.36368686 0.39901631 0.17325286 0.06404398],0.0020217492677082147
272,CONCERNCO_W49,RELIG,Orthodox,[0.73074883 0.06571836 0.17012026 0.03341254],0.0
273,CONCERNCO_W49,RELIG,Other,[0.63620694 0.30445274 0.05934032 0.        ],0.0
274,CONCERNCO_W49,RELIG,Protestant,[0.35712564 0.43631712 0.17703677 0.02952047],0.0027168947612633085
275,CONCERNCO_W49,RELIG,Roman Catholic,[0.3795136  0.45552974 0.1448758  0.02008086],0.0013539170884656231
276,CONTROLGRPf_W49,RELIG,Agnostic,[0.09927912 0.57311818 0.32760269],0.0
277,CONTROLGRPf_W49,RELIG,Atheist,[0.11286428 0.45644987 0.43068585],0.0034443428594321274
278,CONTROLGRPf_W49,RELIG,Buddhist,[0.10945878 0.25401581 0.6365254 ],0.0
279,CONTROLGRPf_W49,RELIG,Hindu,[0.289517   0.41810791 0.2923751 ],0.0
280,CONTROLGRPf_W49,RELIG,Jewish,[0.14529929 0.45285626 0.40184445],0.036977539994194855
281,CONTROLGRPf_W49,RELIG,Mormon,[0.         0.72308874 0.27691126],0.0
282,CONTROLGRPf_W49,RELIG,Muslim,[0.02648158 0.40190015 0.57161827],0.0
283,CONTROLGRPf_W49,RELIG,Nothing in particular,[0.11613794 0.497123   0.38673906],0.002881064383980933
284,CONTROLGRPf_W49,RELIG,Orthodox,[0.11663154 0.56393025 0.31943822],0.0
285,CONTROLGRPf_W49,RELIG,Other,[0.11949279 0.56046458 0.32004263],0.018054606428582524
286,CONTROLGRPf_W49,RELIG,Protestant,[0.1415893 0.4894197 0.368991 ],0.002068025104913164
287,CONTROLGRPf_W49,RELIG,Roman Catholic,[0.1661409  0.46544803 0.36841108],0.012964174342134498
288,PP5d_W49,RELIG,Agnostic,[0.04342461 0.22828904 0.50567013 0.22261622],0.0
289,PP5d_W49,RELIG,Atheist,[0.02060798 0.22836372 0.50030656 0.25072174],0.0
290,PP5d_W49,RELIG,Buddhist,[0.01879781 0.23133668 0.60582349 0.14404202],0.0
291,PP5d_W49,RELIG,Hindu,[0.19628379 0.42282097 0.24088921 0.14000603],0.0
292,PP5d_W49,RELIG,Jewish,[0.0193934  0.19256855 0.60071881 0.18731924],0.0
293,PP5d_W49,RELIG,Mormon,[0.         0.29689515 0.48375777 0.21934709],0.0
294,PP5d_W49,RELIG,Muslim,[0.         0.34747306 0.26789206 0.38463488],0.0
295,PP5d_W49,RELIG,Nothing in particular,[0.03135466 0.21827043 0.48947747 0.26089745],0.009147111704427563
296,PP5d_W49,RELIG,Orthodox,[0.0521478  0.03724305 0.7096401  0.20096905],0.0
297,PP5d_W49,RELIG,Other,[0.         0.21694414 0.46949085 0.31356501],0.0
298,PP5d_W49,RELIG,Protestant,[0.03538451 0.30016693 0.47212581 0.19232275],0.00692062444817512
299,PP5d_W49,RELIG,Roman Catholic,[0.05119564 0.31403556 0.43479036 0.19997844],0.003558586146902472
300,CONCERNGRPc_W49,RELIG,Agnostic,[0.17593691 0.38157951 0.44248358],0.0
301,CONCERNGRPc_W49,RELIG,Atheist,[0.20354029 0.36379272 0.43266699],0.0
302,CONCERNGRPc_W49,RELIG,Buddhist,[0.26745538 0.36739515 0.36514947],0.0
303,CONCERNGRPc_W49,RELIG,Hindu,[0.88695477 0.11304523 0.        ],0.0
304,CONCERNGRPc_W49,RELIG,Jewish,[0.29070514 0.09489294 0.61440192],0.01036818154492279
305,CONCERNGRPc_W49,RELIG,Mormon,[0.0831732  0.70917571 0.2076511 ],0.0
306,CONCERNGRPc_W49,RELIG,Muslim,[0.12867979 0.79465415 0.07666606],0.0
307,CONCERNGRPc_W49,RELIG,Nothing in particular,[0.22699553 0.38270297 0.3903015 ],0.0
308,CONCERNGRPc_W49,RELIG,Orthodox,[0.14726524 0.65256008 0.20017468],0.0
309,CONCERNGRPc_W49,RELIG,Other,[0.20026768 0.54793311 0.25179921],0.07682274038066826
310,CONCERNGRPc_W49,RELIG,Protestant,[0.16429955 0.37797596 0.45772448],0.009407991683822673
311,CONCERNGRPc_W49,RELIG,Roman Catholic,[0.19766169 0.38468799 0.41765032],0.006249844543252222
312,GOVREGV2_W49,RELIG,Agnostic,[0.62474907 0.37525093],0.0
313,GOVREGV2_W49,RELIG,Atheist,[0.50857812 0.49142188],0.004960109420845634
314,GOVREGV2_W49,RELIG,Buddhist,[0.66742602 0.33257398],0.0
315,GOVREGV2_W49,RELIG,Hindu,[0.32143614 0.67856386],0.0
316,GOVREGV2_W49,RELIG,Jewish,[0.50694683 0.49305317],0.0
317,GOVREGV2_W49,RELIG,Mormon,[0.76363687 0.23636313],0.0
318,GOVREGV2_W49,RELIG,Muslim,[0.25169117 0.74830883],0.0
319,GOVREGV2_W49,RELIG,Nothing in particular,[0.52660829 0.47339171],0.029260146608017682
320,GOVREGV2_W49,RELIG,Orthodox,[0.46204801 0.53795199],0.0
321,GOVREGV2_W49,RELIG,Other,[0.61419992 0.38580008],0.0
322,GOVREGV2_W49,RELIG,Protestant,[0.55097993 0.44902007],0.007180561466830696
323,GOVREGV2_W49,RELIG,Roman Catholic,[0.5773584 0.4226416],0.015135705008126806
324,PP2_W49,RELIG,Agnostic,[0.03524733 0.08859663 0.34263098 0.53352506],0.0
325,PP2_W49,RELIG,Atheist,[0.01434966 0.06266763 0.3205112  0.60247151],0.0
326,PP2_W49,RELIG,Buddhist,[0.10354234 0.06095668 0.3627868  0.47271417],0.0
327,PP2_W49,RELIG,Hindu,[0.10230294 0.16582154 0.46877007 0.26310545],0.0
328,PP2_W49,RELIG,Jewish,[0.05218386 0.20130445 0.37757456 0.36893713],0.0
329,PP2_W49,RELIG,Mormon,[0.05223125 0.08634417 0.43423829 0.42718628],0.0
330,PP2_W49,RELIG,Muslim,[0.03388114 0.2156081  0.3098515  0.44065926],0.0
331,PP2_W49,RELIG,Nothing in particular,[0.0735114  0.14474672 0.3898888  0.39185308],0.003309918273894553
332,PP2_W49,RELIG,Orthodox,[0.03502405 0.15323109 0.3492957  0.46244915],0.0
333,PP2_W49,RELIG,Other,[0.12890111 0.18994496 0.46420456 0.21694937],0.0
334,PP2_W49,RELIG,Protestant,[0.10791005 0.15871219 0.41105731 0.32232044],0.0067923043402781
335,PP2_W49,RELIG,Roman Catholic,[0.12677405 0.12125131 0.39961296 0.35236168],0.009317163793706996
336,ANONYMOUS1GOV_W49,RELIG,Agnostic,[0.32309723 0.67690277],0.011985212095783194
337,ANONYMOUS1GOV_W49,RELIG,Atheist,[0.42572385 0.57427615],0.0
338,ANONYMOUS1GOV_W49,RELIG,Buddhist,[0.27934148 0.72065852],0.0
339,ANONYMOUS1GOV_W49,RELIG,Hindu,[0.64072497 0.35927503],0.03450561794570649
340,ANONYMOUS1GOV_W49,RELIG,Jewish,[0.32749933 0.67250067],0.0
341,ANONYMOUS1GOV_W49,RELIG,Mormon,[0.3932794 0.6067206],0.0
342,ANONYMOUS1GOV_W49,RELIG,Muslim,[0.30213677 0.69786323],0.0
343,ANONYMOUS1GOV_W49,RELIG,Nothing in particular,[0.38449326 0.61550674],0.008754326103421785
344,ANONYMOUS1GOV_W49,RELIG,Orthodox,[0.39750334 0.60249666],0.0
345,ANONYMOUS1GOV_W49,RELIG,Other,[0.2875556 0.7124444],0.015723883721394164
346,ANONYMOUS1GOV_W49,RELIG,Protestant,[0.37819143 0.62180857],0.005120410857955212
347,ANONYMOUS1GOV_W49,RELIG,Roman Catholic,[0.30010319 0.69989681],0.009255453272999536
348,FACE4a_W49,RELIG,Agnostic,[0.68660437 0.31339563],0.15347423774902305
349,FACE4a_W49,RELIG,Atheist,[0.58233951 0.41766049],0.14883089579828812
350,FACE4a_W49,RELIG,Buddhist,[0.80688496 0.19311504],0.19575901661254502
351,FACE4a_W49,RELIG,Hindu,[0.60691209 0.39308791],0.0
352,FACE4a_W49,RELIG,Jewish,[0.81371614 0.18628386],0.20783697015907074
353,FACE4a_W49,RELIG,Mormon,[1. 0.],0.08331309511910569
354,FACE4a_W49,RELIG,Muslim,[0.86827492 0.13172508],0.121574603031666
355,FACE4a_W49,RELIG,Nothing in particular,[0.75639365 0.24360635],0.2102118629682885
356,FACE4a_W49,RELIG,Orthodox,[1. 0.],0.09697866094116968
357,FACE4a_W49,RELIG,Other,[0.68071213 0.31928787],0.2669623839784912
358,FACE4a_W49,RELIG,Protestant,[0.84946528 0.15053472],0.14149053350205487
359,FACE4a_W49,RELIG,Roman Catholic,[0.86682328 0.13317672],0.1064927809101588
360,FACE2b_W49,RELIG,Agnostic,[0.20990025 0.54442986 0.22179504 0.02387485],0.0017720283208877397
361,FACE2b_W49,RELIG,Atheist,[0.15700271 0.60001773 0.20440282 0.03857673],0.003434543744774113
362,FACE2b_W49,RELIG,Buddhist,[0.14123093 0.59029715 0.19238273 0.07608919],0.0
363,FACE2b_W49,RELIG,Hindu,[0.29215795 0.42698818 0.28085387 0.        ],0.0
364,FACE2b_W49,RELIG,Jewish,[0.20448373 0.54957066 0.21338476 0.03256085],0.0
365,FACE2b_W49,RELIG,Mormon,[0.21061352 0.47357919 0.307525   0.0082823 ],0.03140885274495407
366,FACE2b_W49,RELIG,Muslim,[0.17294048 0.5991514  0.22790812 0.        ],0.0
367,FACE2b_W49,RELIG,Nothing in particular,[0.19525149 0.50925331 0.23854605 0.05694915],0.019165572556399398
368,FACE2b_W49,RELIG,Orthodox,[0.14588106 0.65105021 0.18639175 0.01667698],0.0
369,FACE2b_W49,RELIG,Other,[0.21021309 0.47326103 0.16029564 0.15623024],0.020128647539491392
370,FACE2b_W49,RELIG,Protestant,[0.15845873 0.56783967 0.22736993 0.04633167],0.019542935412629064
371,FACE2b_W49,RELIG,Roman Catholic,[0.21816182 0.55693114 0.18568523 0.03922181],0.006593712712352479
372,SECUR1_W49,RELIG,Agnostic,[0.02638776 0.73965573 0.2339565 ],0.0017762342368858601
373,SECUR1_W49,RELIG,Atheist,[0.03669037 0.68708969 0.27621994],0.0
374,SECUR1_W49,RELIG,Buddhist,[0.17293029 0.65334305 0.17372666],0.0
375,SECUR1_W49,RELIG,Hindu,[0.02248135 0.90923627 0.06828237],0.0
376,SECUR1_W49,RELIG,Jewish,[0.08702535 0.72937857 0.18359609],0.0
377,SECUR1_W49,RELIG,Mormon,[0.10735124 0.60924099 0.28340777],0.0
378,SECUR1_W49,RELIG,Muslim,[0.05393272 0.8358124  0.11025488],0.0
379,SECUR1_W49,RELIG,Nothing in particular,[0.04133485 0.71467943 0.24398573],0.002027064642247931
380,SECUR1_W49,RELIG,Orthodox,[0.08179692 0.68726783 0.23093525],0.0
381,SECUR1_W49,RELIG,Other,[0.03245144 0.80966452 0.15788404],0.0
382,SECUR1_W49,RELIG,Protestant,[0.06568632 0.67826613 0.25604755],0.0020732145034324505
383,SECUR1_W49,RELIG,Roman Catholic,[0.0931433  0.70514729 0.20170941],0.004435028304760763
384,LOYALTY_W49,RELIG,Agnostic,[0.73186657 0.26813343],0.0
385,LOYALTY_W49,RELIG,Atheist,[0.69761272 0.30238728],0.00490348936391117
386,LOYALTY_W49,RELIG,Buddhist,[0.78611916 0.21388084],0.0
387,LOYALTY_W49,RELIG,Hindu,[0.66390996 0.33609004],0.0
388,LOYALTY_W49,RELIG,Jewish,[0.76315073 0.23684927],0.0
389,LOYALTY_W49,RELIG,Mormon,[0.75774877 0.24225123],0.0
390,LOYALTY_W49,RELIG,Muslim,[0.46974717 0.53025283],0.0
391,LOYALTY_W49,RELIG,Nothing in particular,[0.60137406 0.39862594],0.00028667109648760546
392,LOYALTY_W49,RELIG,Orthodox,[0.78870571 0.21129429],0.0
393,LOYALTY_W49,RELIG,Other,[0.6352011 0.3647989],0.0
394,LOYALTY_W49,RELIG,Protestant,[0.64144273 0.35855727],0.003548796688365935
395,LOYALTY_W49,RELIG,Roman Catholic,[0.64941469 0.35058531],0.0016201205653298043
396,PP3_W49,RELIG,Agnostic,[0.14526896 0.33747942 0.51725162],0.0
397,PP3_W49,RELIG,Atheist,[0.07380235 0.41001676 0.51618088],0.0
398,PP3_W49,RELIG,Buddhist,[0.16904087 0.55055504 0.2804041 ],0.0
399,PP3_W49,RELIG,Hindu,[0.13882983 0.5235038  0.33766637],0.0
400,PP3_W49,RELIG,Jewish,[0.09426048 0.40728524 0.49845428],0.0
401,PP3_W49,RELIG,Mormon,[0.22504253 0.36977329 0.40518418],0.0
402,PP3_W49,RELIG,Muslim,[0.25311188 0.43878722 0.3081009 ],0.0
403,PP3_W49,RELIG,Nothing in particular,[0.20188577 0.37313771 0.42497652],0.0077557496512569634
404,PP3_W49,RELIG,Orthodox,[0.13349372 0.29059474 0.57591154],0.0
405,PP3_W49,RELIG,Other,[0.25927027 0.26932948 0.47140025],0.0
406,PP3_W49,RELIG,Protestant,[0.25903905 0.3227515  0.41820944],0.0
407,PP3_W49,RELIG,Roman Catholic,[0.20454697 0.35553572 0.43991731],0.003494899009754226
408,CONTROLGRPe_W49,RELIG,Agnostic,[0.08942651 0.48189037 0.42868312 0.        ],0.0
409,CONTROLGRPe_W49,RELIG,Atheist,[0.041127   0.45949687 0.48199522 0.01738091],0.0
410,CONTROLGRPe_W49,RELIG,Buddhist,[0.07066809 0.24668085 0.68265106 0.        ],0.0
411,CONTROLGRPe_W49,RELIG,Hindu,[0.33182835 0.32661489 0.30705114 0.03450562],0.0
412,CONTROLGRPe_W49,RELIG,Jewish,[0.04620839 0.33536261 0.618429   0.        ],0.0
413,CONTROLGRPe_W49,RELIG,Mormon,[0.03680992 0.48523219 0.47795789 0.        ],0.0
414,CONTROLGRPe_W49,RELIG,Muslim,[0.29869861 0.18006478 0.48117758 0.04005903],0.0
415,CONTROLGRPe_W49,RELIG,Nothing in particular,[0.09618025 0.444339   0.42450897 0.03497178],0.0028810643839809334
416,CONTROLGRPe_W49,RELIG,Orthodox,[0.03145516 0.2415342  0.72701065 0.        ],0.0
417,CONTROLGRPe_W49,RELIG,Other,[0.071122   0.52072326 0.37816386 0.02999088],0.0
418,CONTROLGRPe_W49,RELIG,Protestant,[0.10861909 0.42744448 0.39944708 0.06448934],0.002068025104913164
419,CONTROLGRPe_W49,RELIG,Roman Catholic,[0.11000586 0.4667697  0.35427944 0.068945  ],0.0023946387365817333
420,TRACKCO1a_W49,RELIG,Agnostic,[0.52724973 0.31252198 0.13284272 0.02516227 0.0022233 ],0.0
421,TRACKCO1a_W49,RELIG,Atheist,[0.4906451  0.39164347 0.10373898 0.00900505 0.0049674 ],0.0037509161022020393
422,TRACKCO1a_W49,RELIG,Buddhist,[0.27951813 0.6003251  0.07002716 0.03100793 0.01912169],0.0
423,TRACKCO1a_W49,RELIG,Hindu,[0.60691209 0.         0.39308791 0.         0.        ],0.0
424,TRACKCO1a_W49,RELIG,Jewish,[0.39415725 0.42319887 0.15505125 0.02759263 0.        ],0.0
425,TRACKCO1a_W49,RELIG,Mormon,[0.48329276 0.36793722 0.10383544 0.         0.04493458],0.0
426,TRACKCO1a_W49,RELIG,Muslim,[0.25065977 0.27500245 0.12857179 0.16219533 0.18357065],0.0
427,TRACKCO1a_W49,RELIG,Nothing in particular,[0.43649176 0.25632235 0.1939041  0.05607676 0.05720503],0.002434342715805263
428,TRACKCO1a_W49,RELIG,Orthodox,[0.0492198  0.78065994 0.17012026 0.         0.        ],0.0
429,TRACKCO1a_W49,RELIG,Other,[0.47260777 0.3848783  0.09549597 0.03878839 0.00822957],0.0
430,TRACKCO1a_W49,RELIG,Protestant,[0.37214688 0.30731852 0.21349256 0.04827029 0.05877176],0.010026985655654526
431,TRACKCO1a_W49,RELIG,Roman Catholic,[0.39934848 0.31788885 0.19925468 0.04784089 0.0356671 ],0.003312747497135356
432,CONTROLCO_W49,RELIG,Agnostic,[0.01816552 0.16665537 0.60586191 0.20931721],0.0
433,CONTROLCO_W49,RELIG,Atheist,[0.02892779 0.16132355 0.5657173  0.24403137],0.0
434,CONTROLCO_W49,RELIG,Buddhist,[0.178904   0.31583155 0.36940804 0.1358564 ],0.0
435,CONTROLCO_W49,RELIG,Hindu,[0.06818942 0.15611711 0.36547775 0.41021573],0.0
436,CONTROLCO_W49,RELIG,Jewish,[0.0183534  0.15306651 0.6020339  0.22654618],0.0
437,CONTROLCO_W49,RELIG,Mormon,[0.04371872 0.04944726 0.74845429 0.15837973],0.0
438,CONTROLCO_W49,RELIG,Muslim,[0.         0.20290876 0.54486715 0.25222409],0.18357065451539634
439,CONTROLCO_W49,RELIG,Nothing in particular,[0.03337877 0.13527375 0.48996583 0.34138165],0.0
440,CONTROLCO_W49,RELIG,Orthodox,[0.         0.01580726 0.77897397 0.20521878],0.0
441,CONTROLCO_W49,RELIG,Other,[0.00976968 0.05521903 0.57421626 0.36079503],0.0
442,CONTROLCO_W49,RELIG,Protestant,[0.03560068 0.14724229 0.50071717 0.31643987],0.0019718461453491756
443,CONTROLCO_W49,RELIG,Roman Catholic,[0.03903391 0.17921254 0.47932498 0.30242857],0.0013539170884656231
444,SOCMEDIAUSEc_W49,RELIG,Agnostic,[0.25273622 0.74726378],0.007965123605263354
445,SOCMEDIAUSEc_W49,RELIG,Atheist,[0.34460628 0.65539372],0.0051887721916348975
446,SOCMEDIAUSEc_W49,RELIG,Buddhist,[0.37192529 0.62807471],0.0
447,SOCMEDIAUSEc_W49,RELIG,Hindu,[0.47923913 0.52076087],0.0
448,SOCMEDIAUSEc_W49,RELIG,Jewish,[0.25768524 0.74231476],0.011049514635613083
449,SOCMEDIAUSEc_W49,RELIG,Mormon,[0.22309363 0.77690637],0.03286951189154254
450,SOCMEDIAUSEc_W49,RELIG,Muslim,[0.3483748 0.6516252],0.009367960558038632
451,SOCMEDIAUSEc_W49,RELIG,Nothing in particular,[0.2492337 0.7507663],0.017311064481358305
452,SOCMEDIAUSEc_W49,RELIG,Orthodox,[0.25277398 0.74722602],0.017088400653383674
453,SOCMEDIAUSEc_W49,RELIG,Other,[0.27032815 0.72967185],0.0
454,SOCMEDIAUSEc_W49,RELIG,Protestant,[0.18954635 0.81045365],0.018282265015658786
455,SOCMEDIAUSEc_W49,RELIG,Roman Catholic,[0.22158055 0.77841945],0.025257554461156517
456,PRIVACYREG_W49,RELIG,Agnostic,[0.02640336 0.34302768 0.53487494 0.09569403],0.0
457,PRIVACYREG_W49,RELIG,Atheist,[0.02210425 0.32116333 0.43472672 0.2220057 ],0.0
458,PRIVACYREG_W49,RELIG,Buddhist,[0.1328403  0.26989938 0.39897718 0.19828313],0.0
459,PRIVACYREG_W49,RELIG,Hindu,[0.08002255 0.4823514  0.32205757 0.11556848],0.0
460,PRIVACYREG_W49,RELIG,Jewish,[0.00696991 0.27685009 0.56968217 0.14649784],0.0
461,PRIVACYREG_W49,RELIG,Mormon,[0.         0.36249445 0.45217094 0.1853346 ],0.0
462,PRIVACYREG_W49,RELIG,Muslim,[0.00936796 0.34871668 0.40976427 0.23215109],0.0
463,PRIVACYREG_W49,RELIG,Nothing in particular,[0.0238881  0.30437641 0.51951529 0.1522202 ],0.0019261914832060096
464,PRIVACYREG_W49,RELIG,Orthodox,[0.0170884  0.33466401 0.49010801 0.15813958],0.0
465,PRIVACYREG_W49,RELIG,Other,[0.01971765 0.37507635 0.49788802 0.10731798],0.0
466,PRIVACYREG_W49,RELIG,Protestant,[0.03670593 0.33274647 0.50104921 0.12949838],0.0024682356242942214
467,PRIVACYREG_W49,RELIG,Roman Catholic,[0.03530185 0.37861484 0.4498118  0.13627152],0.005741775739183739
468,TALKDISASNSINT_W49,RELIG,Agnostic,[0.20216132 0.79783868],0.050178274994191106
469,TALKDISASNSINT_W49,RELIG,Atheist,[0.06119633 0.93880367],0.059561032568348514
470,TALKDISASNSINT_W49,RELIG,Buddhist,[0.48114956 0.51885044],0.21357182040795186
471,TALKDISASNSINT_W49,RELIG,Hindu,[0.43366717 0.56633283],0.0
472,TALKDISASNSINT_W49,RELIG,Jewish,[0.08425388 0.91574612],0.042717345517816245
473,TALKDISASNSINT_W49,RELIG,Mormon,[0.30962485 0.69037515],0.07027840752143759
474,TALKDISASNSINT_W49,RELIG,Muslim,[0.59029347 0.40970653],0.0
475,TALKDISASNSINT_W49,RELIG,Nothing in particular,[0.32443823 0.67556177],0.0250449342485446
476,TALKDISASNSINT_W49,RELIG,Orthodox,[0.110173 0.889827],0.0
477,TALKDISASNSINT_W49,RELIG,Other,[0.29249316 0.70750684],0.12123528505184779
478,TALKDISASNSINT_W49,RELIG,Protestant,[0.3035871 0.6964129],0.056295473753037104
479,TALKDISASNSINT_W49,RELIG,Roman Catholic,[0.28969681 0.71030319],0.042317212493496154
480,PRIVACYNEWS1_W49,RELIG,Agnostic,[0.05562461 0.57060907 0.3333222  0.04044412],0.0
481,PRIVACYNEWS1_W49,RELIG,Atheist,[0.08398491 0.46640013 0.34587067 0.10374429],0.00490348936391117
482,PRIVACYNEWS1_W49,RELIG,Buddhist,[0.13693659 0.51034943 0.3425233  0.01019068],0.0
483,PRIVACYNEWS1_W49,RELIG,Hindu,[0.27950181 0.48989325 0.18818786 0.04241708],0.0
484,PRIVACYNEWS1_W49,RELIG,Jewish,[0.10800257 0.63809825 0.2280536  0.02584558],0.0
485,PRIVACYNEWS1_W49,RELIG,Mormon,[0.10057823 0.38876557 0.36763391 0.14302228],0.0
486,PRIVACYNEWS1_W49,RELIG,Muslim,[0.07942315 0.39103898 0.28135538 0.24818249],0.0
487,PRIVACYNEWS1_W49,RELIG,Nothing in particular,[0.10001337 0.43752414 0.35341318 0.10904932],0.0
488,PRIVACYNEWS1_W49,RELIG,Orthodox,[0.16331601 0.55133987 0.21427228 0.07107183],0.0
489,PRIVACYNEWS1_W49,RELIG,Other,[0.09399607 0.54469889 0.22181702 0.13948803],0.0
490,PRIVACYNEWS1_W49,RELIG,Protestant,[0.10493688 0.43896625 0.34791262 0.10818426],0.004888422723211161
491,PRIVACYNEWS1_W49,RELIG,Roman Catholic,[0.14938886 0.47121328 0.31076138 0.06863648],0.0022247660562628438
492,HOMEASSIST4_W49,RELIG,Agnostic,[0.16885126 0.44431023 0.32879273 0.05804578],0.0
493,HOMEASSIST4_W49,RELIG,Atheist,[0.05666374 0.43274437 0.25102087 0.25957102],0.0
494,HOMEASSIST4_W49,RELIG,Buddhist,[0.33168282 0.51570252 0.15261466 0.        ],0.0
495,HOMEASSIST4_W49,RELIG,Hindu,[0.38302775 0.35460039 0.26237186 0.        ],0.0
496,HOMEASSIST4_W49,RELIG,Jewish,[0.24675794 0.32111717 0.19978948 0.2323354 ],0.0
497,HOMEASSIST4_W49,RELIG,Mormon,[0.08367724 0.43443179 0.32980116 0.15208981],0.0
498,HOMEASSIST4_W49,RELIG,Muslim,[0.20568521 0.32271599 0.35071901 0.12087979],0.0
499,HOMEASSIST4_W49,RELIG,Nothing in particular,[0.14492682 0.35716586 0.37651582 0.12139149],0.006387384545709285
500,HOMEASSIST4_W49,RELIG,Orthodox,[0.23976309 0.44233926 0.25773745 0.06016019],0.0
501,HOMEASSIST4_W49,RELIG,Other,[0.12863751 0.23503374 0.15733651 0.47899225],0.0
502,HOMEASSIST4_W49,RELIG,Protestant,[0.17112235 0.38325407 0.33840838 0.10721519],0.01457607270319109
503,HOMEASSIST4_W49,RELIG,Roman Catholic,[0.26225098 0.368122   0.26646579 0.10316122],0.00831844240723305
504,FITTRACK_W49,RELIG,Agnostic,[0.29929317 0.70070683],0.0
505,FITTRACK_W49,RELIG,Atheist,[0.16694784 0.83305216],0.00490348936391117
506,FITTRACK_W49,RELIG,Buddhist,[0.42663376 0.57336624],0.0
507,FITTRACK_W49,RELIG,Hindu,[0.41179252 0.58820748],0.0
508,FITTRACK_W49,RELIG,Jewish,[0.23497774 0.76502226],0.0032036863153670487
509,FITTRACK_W49,RELIG,Mormon,[0.23747212 0.76252788],0.0
510,FITTRACK_W49,RELIG,Muslim,[0.22929863 0.77070137],0.0
511,FITTRACK_W49,RELIG,Nothing in particular,[0.18316194 0.81683806],0.0024252900737972488
512,FITTRACK_W49,RELIG,Orthodox,[0.16502316 0.83497684],0.0
513,FITTRACK_W49,RELIG,Other,[0.12070064 0.87929936],0.0
514,FITTRACK_W49,RELIG,Protestant,[0.21501408 0.78498592],0.001755921081754515
515,FITTRACK_W49,RELIG,Roman Catholic,[0.22909931 0.77090069],0.0016201205653298045
516,DATAUSEb_W49,RELIG,Agnostic,[0.70522718 0.29477282],0.21393849611181448
517,DATAUSEb_W49,RELIG,Atheist,[0.7515502 0.2484498],0.16125773838204957
518,DATAUSEb_W49,RELIG,Buddhist,[0.58463105 0.41536895],0.11792021751220048
519,DATAUSEb_W49,RELIG,Hindu,[0.78313096 0.21686904],0.0
520,DATAUSEb_W49,RELIG,Jewish,[0.6847533 0.3152467],0.17357135587276
521,DATAUSEb_W49,RELIG,Mormon,[0.67318296 0.32681704],0.2735259114640135
522,DATAUSEb_W49,RELIG,Muslim,[0.59198326 0.40801674],0.23437993417986946
523,DATAUSEb_W49,RELIG,Nothing in particular,[0.60231081 0.39768919],0.2859997085414124
524,DATAUSEb_W49,RELIG,Orthodox,[0.49493336 0.50506664],0.20316676070138462
525,DATAUSEb_W49,RELIG,Other,[0.65656309 0.34343691],0.2313721996865947
526,DATAUSEb_W49,RELIG,Protestant,[0.63277683 0.36722317],0.25609846000249675
527,DATAUSEb_W49,RELIG,Roman Catholic,[0.64718929 0.35281071],0.22223554682429356
528,CONCERNGOV_W49,RELIG,Agnostic,[0.27300254 0.42729498 0.244824   0.05487848],0.0
529,CONCERNGOV_W49,RELIG,Atheist,[0.20476636 0.39101518 0.30932273 0.09489573],0.0
530,CONCERNGOV_W49,RELIG,Buddhist,[0.35229592 0.39368827 0.24055079 0.01346502],0.0
531,CONCERNGOV_W49,RELIG,Hindu,[0.38102749 0.27387711 0.20663297 0.13846243],0.0
532,CONCERNGOV_W49,RELIG,Jewish,[0.41319523 0.21098185 0.28279432 0.09302859],0.0
533,CONCERNGOV_W49,RELIG,Mormon,[0.18118076 0.45290785 0.30042442 0.06548698],0.01781980227421059
534,CONCERNGOV_W49,RELIG,Muslim,[0.15708094 0.23559615 0.3362246  0.2710983 ],0.0
535,CONCERNGOV_W49,RELIG,Nothing in particular,[0.23435615 0.41538612 0.25923494 0.0910228 ],0.005749084967438485
536,CONCERNGOV_W49,RELIG,Orthodox,[0.24108356 0.36217677 0.14928397 0.2474557 ],0.0
537,CONCERNGOV_W49,RELIG,Other,[0.33132583 0.38362148 0.15964807 0.12540461],0.018054606428582528
538,CONCERNGOV_W49,RELIG,Protestant,[0.27280391 0.364553   0.26635471 0.09628838],0.006243265866594729
539,CONCERNGOV_W49,RELIG,Roman Catholic,[0.21015957 0.44118296 0.24484101 0.10381646],0.0022366862437077925
540,HOMEASSIST2_W49,RELIG,Agnostic,[0.07066304 0.36283004 0.44932013 0.1171868 ],0.0
541,HOMEASSIST2_W49,RELIG,Atheist,[0.15390066 0.42358971 0.28705615 0.13545347],0.0
542,HOMEASSIST2_W49,RELIG,Buddhist,[0.18541744 0.35741162 0.45717093 0.        ],0.0
543,HOMEASSIST2_W49,RELIG,Hindu,[0.38681227 0.31914539 0.19177051 0.10227183],0.0
544,HOMEASSIST2_W49,RELIG,Jewish,[0.02386576 0.33117126 0.32934623 0.31561675],0.0
545,HOMEASSIST2_W49,RELIG,Mormon,[0.18109395 0.09246738 0.70430589 0.02213278],0.0
546,HOMEASSIST2_W49,RELIG,Muslim,[0.16878329 0.46481076 0.36640595 0.        ],0.0
547,HOMEASSIST2_W49,RELIG,Nothing in particular,[0.15329197 0.4074137  0.34653247 0.09276186],0.0
548,HOMEASSIST2_W49,RELIG,Orthodox,[0.06016019 0.70007671 0.23976309 0.        ],0.0
549,HOMEASSIST2_W49,RELIG,Other,[0.14807665 0.0948856  0.69984219 0.05719555],0.0
550,HOMEASSIST2_W49,RELIG,Protestant,[0.14111326 0.43916289 0.3381126  0.08161124],0.0
551,HOMEASSIST2_W49,RELIG,Roman Catholic,[0.14963753 0.41552447 0.34134825 0.09348975],0.0
552,TRACKGOV1a_W49,RELIG,Agnostic,[0.24110013 0.29507433 0.33635797 0.10702075 0.02044682],0.0
553,TRACKGOV1a_W49,RELIG,Atheist,[0.21646777 0.20925692 0.30587308 0.18266624 0.08573599],0.0
554,TRACKGOV1a_W49,RELIG,Buddhist,[0.48378373 0.         0.41288755 0.10332873 0.        ],0.0
555,TRACKGOV1a_W49,RELIG,Hindu,[0.23831435 0.20332178 0.2453183  0.17898663 0.13405894],0.0
556,TRACKGOV1a_W49,RELIG,Jewish,[0.2122792  0.14724419 0.4681747  0.090551   0.08175091],0.036977539994194855
557,TRACKGOV1a_W49,RELIG,Mormon,[0.14302733 0.28744643 0.32792693 0.2415993  0.        ],0.01781980227421059
558,TRACKGOV1a_W49,RELIG,Muslim,[0.14093476 0.46184153 0.07152304 0.12114298 0.20455769],0.0
559,TRACKGOV1a_W49,RELIG,Nothing in particular,[0.28827641 0.20817416 0.27433467 0.17275366 0.0564611 ],0.0028810643839809334
560,TRACKGOV1a_W49,RELIG,Orthodox,[0.26979271 0.26401151 0.32068699 0.08222743 0.06328135],0.0
561,TRACKGOV1a_W49,RELIG,Other,[0.35874608 0.25475946 0.22808965 0.10594611 0.05245871],0.018054606428582528
562,TRACKGOV1a_W49,RELIG,Protestant,[0.22867124 0.23911326 0.30211006 0.12667437 0.10343106],0.004582038293418261
563,TRACKGOV1a_W49,RELIG,Roman Catholic,[0.21290181 0.24190967 0.29768443 0.11909421 0.12840988],0.007148702401731009
564,SHARE1_W49,RELIG,Agnostic,[0.56388481 0.43611519],0.0
565,SHARE1_W49,RELIG,Atheist,[0.52935014 0.47064986],0.0
566,SHARE1_W49,RELIG,Buddhist,[0.5788248 0.4211752],0.0
567,SHARE1_W49,RELIG,Hindu,[0.54985528 0.45014472],0.0
568,SHARE1_W49,RELIG,Jewish,[0.43180854 0.56819146],0.0
569,SHARE1_W49,RELIG,Mormon,[0.62673535 0.37326465],0.0
570,SHARE1_W49,RELIG,Muslim,[0.33782151 0.66217849],0.0
571,SHARE1_W49,RELIG,Nothing in particular,[0.51259751 0.48740249],0.00429189362825236
572,SHARE1_W49,RELIG,Orthodox,[0.35978981 0.64021019],0.0
573,SHARE1_W49,RELIG,Other,[0.6293457 0.3706543],0.0
574,SHARE1_W49,RELIG,Protestant,[0.5165587 0.4834413],0.007361601620731338
575,SHARE1_W49,RELIG,Roman Catholic,[0.49722902 0.50277098],0.008302677990750929
576,HOMEASSIST5b_W49,RELIG,Agnostic,[0.40123316 0.59876684],0.0
577,HOMEASSIST5b_W49,RELIG,Atheist,[0.25281921 0.74718079],0.0
578,HOMEASSIST5b_W49,RELIG,Buddhist,[0.71222393 0.28777607],0.0
579,HOMEASSIST5b_W49,RELIG,Hindu,[0.71827406 0.28172594],0.0
580,HOMEASSIST5b_W49,RELIG,Jewish,[0.53230192 0.46769808],0.0
581,HOMEASSIST5b_W49,RELIG,Mormon,[0.44228724 0.55771276],0.0
582,HOMEASSIST5b_W49,RELIG,Muslim,[0.08454726 0.91545274],0.0
583,HOMEASSIST5b_W49,RELIG,Nothing in particular,[0.35189502 0.64810498],0.013064389274333794
584,HOMEASSIST5b_W49,RELIG,Orthodox,[0. 1.],0.0
585,HOMEASSIST5b_W49,RELIG,Other,[0.4233513 0.5766487],0.0
586,HOMEASSIST5b_W49,RELIG,Protestant,[0.28090597 0.71909403],0.005414717068396144
587,HOMEASSIST5b_W49,RELIG,Roman Catholic,[0.32779369 0.67220631],0.0194091224108755
588,CONCERNGRPd_W49,RELIG,Agnostic,[0.31036156 0.54083721 0.14880122],0.004919487621075346
589,CONCERNGRPd_W49,RELIG,Atheist,[0.39248661 0.41999329 0.1875201 ],0.0
590,CONCERNGRPd_W49,RELIG,Buddhist,[0.26190588 0.73809412 0.        ],0.0
591,CONCERNGRPd_W49,RELIG,Hindu,[0.32384927 0.55804243 0.11810831],0.0
592,CONCERNGRPd_W49,RELIG,Jewish,[0.32883972 0.49905057 0.17210971],0.0
593,CONCERNGRPd_W49,RELIG,Mormon,[0.20583707 0.54344026 0.25072267],0.0
594,CONCERNGRPd_W49,RELIG,Muslim,[0.17228519 0.31839653 0.50931828],0.0
595,CONCERNGRPd_W49,RELIG,Nothing in particular,[0.30431841 0.49611211 0.19956948],0.002067759692203721
596,CONCERNGRPd_W49,RELIG,Orthodox,[0.37109686 0.62890314 0.        ],0.0
597,CONCERNGRPd_W49,RELIG,Other,[0.35950449 0.30885016 0.33164535],0.0
598,CONCERNGRPd_W49,RELIG,Protestant,[0.28469446 0.50588899 0.20941655],0.002447171328103943
599,CONCERNGRPd_W49,RELIG,Roman Catholic,[0.27513131 0.52648298 0.19838571],0.0019218200368317131
600,ANONYMOUS1CO_W49,RELIG,Agnostic,[0.32445924 0.67554076],0.0
601,ANONYMOUS1CO_W49,RELIG,Atheist,[0.27909099 0.72090901],0.002612775345529477
602,ANONYMOUS1CO_W49,RELIG,Buddhist,[0.55406401 0.44593599],0.0
603,ANONYMOUS1CO_W49,RELIG,Hindu,[0.43734603 0.56265397],0.0
604,ANONYMOUS1CO_W49,RELIG,Jewish,[0.15319095 0.84680905],0.0
605,ANONYMOUS1CO_W49,RELIG,Mormon,[0.42048709 0.57951291],0.0
606,ANONYMOUS1CO_W49,RELIG,Muslim,[0.69826393 0.30173607],0.0
607,ANONYMOUS1CO_W49,RELIG,Nothing in particular,[0.41886953 0.58113047],0.0023225995825702423
608,ANONYMOUS1CO_W49,RELIG,Orthodox,[0.42523108 0.57476892],0.0
609,ANONYMOUS1CO_W49,RELIG,Other,[0.41900599 0.58099401],0.0
610,ANONYMOUS1CO_W49,RELIG,Protestant,[0.36152831 0.63847169],0.006068592137473008
611,ANONYMOUS1CO_W49,RELIG,Roman Catholic,[0.40710796 0.59289204],0.005627360560934351
612,PP5a_W49,RELIG,Agnostic,[0.04829833 0.35679376 0.41655541 0.1783525 ],0.0
613,PP5a_W49,RELIG,Atheist,[0.06465634 0.34790802 0.3987467  0.18868894],0.0038077280395651183
614,PP5a_W49,RELIG,Buddhist,[0.10354234 0.3496147  0.42691708 0.11992587],0.0
615,PP5a_W49,RELIG,Hindu,[0.23616823 0.2944655  0.45007865 0.01928761],0.0
616,PP5a_W49,RELIG,Jewish,[0.09011914 0.29866703 0.46645077 0.14476306],0.0
617,PP5a_W49,RELIG,Mormon,[0.02253058 0.47705722 0.39250883 0.10790337],0.0
618,PP5a_W49,RELIG,Muslim,[0.09448261 0.38237395 0.1992898  0.32385364],0.0
619,PP5a_W49,RELIG,Nothing in particular,[0.04330221 0.32861537 0.41571644 0.21236598],0.005388189699245301
620,PP5a_W49,RELIG,Orthodox,[0.03234917 0.37249518 0.51652955 0.0786261 ],0.0
621,PP5a_W49,RELIG,Other,[0.03067861 0.3426001  0.43131708 0.19540422],0.0
622,PP5a_W49,RELIG,Protestant,[0.04011482 0.39733816 0.40033723 0.16220979],0.009266650622377337
623,PP5a_W49,RELIG,Roman Catholic,[0.06041059 0.38856897 0.39799447 0.15302597],0.002036127441077668
624,POSNEGCO_W49,RELIG,Agnostic,[0.16159119 0.83840881],0.004100870105918697
625,POSNEGCO_W49,RELIG,Atheist,[0.24540668 0.75459332],0.0
626,POSNEGCO_W49,RELIG,Buddhist,[0.17919771 0.82080229],0.12986024914670022
627,POSNEGCO_W49,RELIG,Hindu,[0.22430653 0.77569347],0.0
628,POSNEGCO_W49,RELIG,Jewish,[0.16046811 0.83953189],0.0
629,POSNEGCO_W49,RELIG,Mormon,[0.34387801 0.65612199],0.03314922283151851
630,POSNEGCO_W49,RELIG,Muslim,[0.28481798 0.71518202],0.0
631,POSNEGCO_W49,RELIG,Nothing in particular,[0.13077404 0.86922596],0.011084449166122008
632,POSNEGCO_W49,RELIG,Orthodox,[0.09475492 0.90524508],0.0
633,POSNEGCO_W49,RELIG,Other,[0.12290529 0.87709471],0.07396749350066092
634,POSNEGCO_W49,RELIG,Protestant,[0.17855135 0.82144865],0.025655291340314183
635,POSNEGCO_W49,RELIG,Roman Catholic,[0.1840629 0.8159371],0.019842672822566257
636,BENEFITGOV_W49,RELIG,Agnostic,[0.03256537 0.21888366 0.74855097 0.        ],0.01248079176307002
637,BENEFITGOV_W49,RELIG,Atheist,[0.06505035 0.1734339  0.76151575 0.        ],0.0
638,BENEFITGOV_W49,RELIG,Buddhist,[0.22932864 0.53171977 0.23895159 0.        ],0.0
639,BENEFITGOV_W49,RELIG,Hindu,[0.15362892 0.12606572 0.72030536 0.        ],0.0
640,BENEFITGOV_W49,RELIG,Jewish,[0.10833497 0.08420732 0.80745771 0.        ],0.0
641,BENEFITGOV_W49,RELIG,Mormon,[0.01930635 0.26311145 0.71758219 0.        ],0.0
642,BENEFITGOV_W49,RELIG,Muslim,[0.         0.47837394 0.52162606 0.        ],0.0
643,BENEFITGOV_W49,RELIG,Nothing in particular,[0.07908716 0.25333025 0.66758259 0.        ],0.01349233031254961
644,BENEFITGOV_W49,RELIG,Orthodox,[0.        0.3970377 0.6029623 0.       ],0.0
645,BENEFITGOV_W49,RELIG,Other,[0.03009241 0.13899408 0.83091351 0.        ],0.0
646,BENEFITGOV_W49,RELIG,Protestant,[0.05682932 0.33905166 0.60411902 0.        ],0.018799216902638537
647,BENEFITGOV_W49,RELIG,Roman Catholic,[0.05582627 0.3352114  0.60896233 0.        ],0.01163879609964934
648,RTBFa_W49,RELIG,Agnostic,[0.37410325 0.62589675],0.013438756073783349
649,RTBFa_W49,RELIG,Atheist,[0.44882179 0.55117821],0.0
650,RTBFa_W49,RELIG,Buddhist,[0.50496341 0.49503659],0.0
651,RTBFa_W49,RELIG,Hindu,[0.22430653 0.77569347],0.0
652,RTBFa_W49,RELIG,Jewish,[0.4360598 0.5639402],0.0
653,RTBFa_W49,RELIG,Mormon,[0.49434163 0.50565837],0.013070256434726788
654,RTBFa_W49,RELIG,Muslim,[0.7688866 0.2311134],0.0
655,RTBFa_W49,RELIG,Nothing in particular,[0.40058302 0.59941698],0.00741885712482344
656,RTBFa_W49,RELIG,Orthodox,[0.1495218 0.8504782],0.0
657,RTBFa_W49,RELIG,Other,[0.33589261 0.66410739],0.023371042774016353
658,RTBFa_W49,RELIG,Protestant,[0.39513833 0.60486167],0.028706967785069162
659,RTBFa_W49,RELIG,Roman Catholic,[0.36869502 0.63130498],0.021378079893934625
660,TRACKGOV1b_W49,RELIG,Agnostic,[0.05786701 0.14814106 0.40303869 0.33419298 0.05676025],0.0
661,TRACKGOV1b_W49,RELIG,Atheist,[0.08174653 0.05573576 0.2730148  0.40654618 0.18295673],0.0
662,TRACKGOV1b_W49,RELIG,Buddhist,[0.26190588 0.         0.62130037 0.01346502 0.10332873],0.0
663,TRACKGOV1b_W49,RELIG,Hindu,[0.22701827 0.07291961 0.1899845  0.3021299  0.20794772],0.0
664,TRACKGOV1b_W49,RELIG,Jewish,[0.08439004 0.11577991 0.38885559 0.22217959 0.18879486],0.0
665,TRACKGOV1b_W49,RELIG,Mormon,[0.03213952 0.14222243 0.31174239 0.35573865 0.158157  ],0.01781980227421059
666,TRACKGOV1b_W49,RELIG,Muslim,[0.02648158 0.06567554 0.27661989 0.30552232 0.32570066],0.0
667,TRACKGOV1b_W49,RELIG,Nothing in particular,[0.13044298 0.14626552 0.33398553 0.24345609 0.14584988],0.0028810643839809326
668,TRACKGOV1b_W49,RELIG,Orthodox,[0.13082416 0.05831106 0.25949263 0.50229509 0.04907706],0.0
669,TRACKGOV1b_W49,RELIG,Other,[0.21413424 0.12605197 0.30786087 0.24521226 0.10674066],0.0
670,TRACKGOV1b_W49,RELIG,Protestant,[0.10826686 0.13607886 0.31170077 0.27271817 0.17123534],0.0047580485389637295
671,TRACKGOV1b_W49,RELIG,Roman Catholic,[0.08212463 0.15186827 0.33831734 0.23508702 0.19260274],0.007148702401731011
672,SOCMEDIAUSEd_W49,RELIG,Agnostic,[0.45130429 0.54869571],0.0007416410993716432
673,SOCMEDIAUSEd_W49,RELIG,Atheist,[0.39605141 0.60394859],0.018660335910926473
674,SOCMEDIAUSEd_W49,RELIG,Buddhist,[0.38547379 0.61452621],0.02397662670294664
675,SOCMEDIAUSEd_W49,RELIG,Hindu,[0.42745308 0.57254692],0.012600020651085106
676,SOCMEDIAUSEd_W49,RELIG,Jewish,[0.30627321 0.69372679],0.02158665942700081
677,SOCMEDIAUSEd_W49,RELIG,Mormon,[0.37756795 0.62243205],0.012521509886696938
678,SOCMEDIAUSEd_W49,RELIG,Muslim,[0.42195011 0.57804989],0.009367960558038632
679,SOCMEDIAUSEd_W49,RELIG,Nothing in particular,[0.30215061 0.69784939],0.00572276216518783
680,SOCMEDIAUSEd_W49,RELIG,Orthodox,[0.39077318 0.60922682],0.0
681,SOCMEDIAUSEd_W49,RELIG,Other,[0.28218239 0.71781761],0.01359017983960966
682,SOCMEDIAUSEd_W49,RELIG,Protestant,[0.24509984 0.75490016],0.021327728719114567
683,SOCMEDIAUSEd_W49,RELIG,Roman Catholic,[0.28464469 0.71535531],0.02113917528999472
684,DATAUSEd_W49,RELIG,Agnostic,[0.63293808 0.36706192],0.16739794978344674
685,DATAUSEd_W49,RELIG,Atheist,[0.46931144 0.53068856],0.18036575555051584
686,DATAUSEd_W49,RELIG,Buddhist,[0.57419679 0.42580321],0.31787160259742014
687,DATAUSEd_W49,RELIG,Hindu,[0.79991291 0.20008709],0.34471788373368917
688,DATAUSEd_W49,RELIG,Jewish,[0.33743261 0.66256739],0.1810414367635533
689,DATAUSEd_W49,RELIG,Mormon,[0.53097498 0.46902502],0.21601453216597966
690,DATAUSEd_W49,RELIG,Muslim,[0.2691804 0.7308196],0.48709616995182303
691,DATAUSEd_W49,RELIG,Nothing in particular,[0.56704792 0.43295208],0.250083585643817
692,DATAUSEd_W49,RELIG,Orthodox,[0.81763583 0.18236417],0.17103187607775383
693,DATAUSEd_W49,RELIG,Other,[0.5477512 0.4522488],0.1811178510760085
694,DATAUSEd_W49,RELIG,Protestant,[0.53309307 0.46690693],0.22937785844447686
695,DATAUSEd_W49,RELIG,Roman Catholic,[0.50868065 0.49131935],0.2535917219410274
696,DATAUSEa_W49,RELIG,Agnostic,[0.49064413 0.50935587],0.25380023960456033
697,DATAUSEa_W49,RELIG,Atheist,[0.31079432 0.68920568],0.08789106596411381
698,DATAUSEa_W49,RELIG,Buddhist,[0.41994938 0.58005062],0.03567705510847804
699,DATAUSEa_W49,RELIG,Hindu,[0.67449197 0.32550803],0.0
700,DATAUSEa_W49,RELIG,Jewish,[0.51639457 0.48360543],0.22464297998032134
701,DATAUSEa_W49,RELIG,Mormon,[0.46308601 0.53691399],0.2839874489846493
702,DATAUSEa_W49,RELIG,Muslim,[0.62929221 0.37070779],0.08758095294185718
703,DATAUSEa_W49,RELIG,Nothing in particular,[0.55546619 0.44453381],0.2635748867064929
704,DATAUSEa_W49,RELIG,Orthodox,[0.74080613 0.25919387],0.1954754124160095
705,DATAUSEa_W49,RELIG,Other,[0.30948957 0.69051043],0.26923818892780055
706,DATAUSEa_W49,RELIG,Protestant,[0.68102986 0.31897014],0.19534073928412532
707,DATAUSEa_W49,RELIG,Roman Catholic,[0.7277578 0.2722422],0.14431895088182758
708,SOCMEDIAUSEa_W49,RELIG,Agnostic,[0.71322845 0.28677155],0.003388556120966245
709,SOCMEDIAUSEa_W49,RELIG,Atheist,[0.6079687 0.3920313],0.0
710,SOCMEDIAUSEa_W49,RELIG,Buddhist,[0.72614344 0.27385656],0.0
711,SOCMEDIAUSEa_W49,RELIG,Hindu,[0.88365819 0.11634181],0.0
712,SOCMEDIAUSEa_W49,RELIG,Jewish,[0.63003818 0.36996182],0.0
713,SOCMEDIAUSEa_W49,RELIG,Mormon,[0.78512772 0.21487228],0.0
714,SOCMEDIAUSEa_W49,RELIG,Muslim,[0.70393411 0.29606589],0.0
715,SOCMEDIAUSEa_W49,RELIG,Nothing in particular,[0.72824576 0.27175424],0.004251478296644939
716,SOCMEDIAUSEa_W49,RELIG,Orthodox,[0.85539907 0.14460093],0.0
717,SOCMEDIAUSEa_W49,RELIG,Other,[0.67002544 0.32997456],0.0
718,SOCMEDIAUSEa_W49,RELIG,Protestant,[0.74057356 0.25942644],0.0018154207800236888
719,SOCMEDIAUSEa_W49,RELIG,Roman Catholic,[0.70929037 0.29070963],0.005868595316998192
720,PP6c_W49,RELIG,Agnostic,[0.094275   0.46834907 0.26250797 0.17486797],0.0
721,PP6c_W49,RELIG,Atheist,[0.10016166 0.46070387 0.24830514 0.19082932],0.0
722,PP6c_W49,RELIG,Buddhist,[0.24638512 0.46080605 0.19593456 0.09687428],0.0
723,PP6c_W49,RELIG,Hindu,[0.32017535 0.31429144 0.3462456  0.01928761],0.0
724,PP6c_W49,RELIG,Jewish,[0.0587653  0.43513709 0.29319579 0.21290183],0.0
725,PP6c_W49,RELIG,Mormon,[0.07110779 0.48149731 0.3363888  0.1110061 ],0.0
726,PP6c_W49,RELIG,Muslim,[0.08340912 0.29757472 0.38777876 0.23123741],0.0
727,PP6c_W49,RELIG,Nothing in particular,[0.06697959 0.40560352 0.32136284 0.20605405],0.008111683620251291
728,PP6c_W49,RELIG,Orthodox,[0.14340541 0.35803851 0.47189436 0.02666171],0.0
729,PP6c_W49,RELIG,Other,[0.11403791 0.43978239 0.23022536 0.21595434],0.013151057794311211
730,PP6c_W49,RELIG,Protestant,[0.07889139 0.40833673 0.32057012 0.19220176],0.006909902470915911
731,PP6c_W49,RELIG,Roman Catholic,[0.07517995 0.4560774  0.33810077 0.13064188],0.0002020688020890578
732,FACE4b_W49,RELIG,Agnostic,[0.41808058 0.58191942],0.17508763684179612
733,FACE4b_W49,RELIG,Atheist,[0.30464495 0.69535505],0.08815371907699106
734,FACE4b_W49,RELIG,Buddhist,[0.43923096 0.56076904],0.16706232026317502
735,FACE4b_W49,RELIG,Hindu,[0.1357693 0.8642307],0.0
736,FACE4b_W49,RELIG,Jewish,[0.20277964 0.79722036],0.18433106793407913
737,FACE4b_W49,RELIG,Mormon,[0.40106976 0.59893024],0.14606876433580096
738,FACE4b_W49,RELIG,Muslim,[0.64277478 0.35722522],0.2062357217581246
739,FACE4b_W49,RELIG,Nothing in particular,[0.430726 0.569274],0.21818217818746397
740,FACE4b_W49,RELIG,Orthodox,[0.20470447 0.79529553],0.0
741,FACE4b_W49,RELIG,Other,[0.54819233 0.45180767],0.21601406664096942
742,FACE4b_W49,RELIG,Protestant,[0.43943475 0.56056525],0.1856928075159145
743,FACE4b_W49,RELIG,Roman Catholic,[0.44889382 0.55110618],0.15347445220168307
744,DATAUSEe_W49,RELIG,Agnostic,[0.28046768 0.71953232],0.30051870042759876
745,DATAUSEe_W49,RELIG,Atheist,[0.29189529 0.70810471],0.19969471596280344
746,DATAUSEe_W49,RELIG,Buddhist,[0.39513885 0.60486115],0.3178716025974202
747,DATAUSEe_W49,RELIG,Hindu,[0.57476179 0.42523821],0.34387314184853335
748,DATAUSEe_W49,RELIG,Jewish,[0.34862912 0.65137088],0.21260693122724514
749,DATAUSEe_W49,RELIG,Mormon,[0.48905258 0.51094742],0.2393979436346026
750,DATAUSEe_W49,RELIG,Muslim,[0.14547302 0.85452698],0.5135777542384193
751,DATAUSEe_W49,RELIG,Nothing in particular,[0.42485239 0.57514761],0.25585619074412175
752,DATAUSEe_W49,RELIG,Orthodox,[0.57295103 0.42704897],0.5148135513210604
753,DATAUSEe_W49,RELIG,Other,[0.28620225 0.71379775],0.12919248716327067
754,DATAUSEe_W49,RELIG,Protestant,[0.36902962 0.63097038],0.2765688662001116
755,DATAUSEe_W49,RELIG,Roman Catholic,[0.37579631 0.62420369],0.3424977943173255
756,HOMEIOT_W49,RELIG,Agnostic,[0.23605461 0.76394539],0.0
757,HOMEIOT_W49,RELIG,Atheist,[0.25513215 0.74486785],0.0
758,HOMEIOT_W49,RELIG,Buddhist,[0.1221118 0.8778882],0.0
759,HOMEIOT_W49,RELIG,Hindu,[0.4007612 0.5992388],0.0
760,HOMEIOT_W49,RELIG,Jewish,[0.35619067 0.64380933],0.0
761,HOMEIOT_W49,RELIG,Mormon,[0.1660476 0.8339524],0.0
762,HOMEIOT_W49,RELIG,Muslim,[0.19211865 0.80788135],0.0
763,HOMEIOT_W49,RELIG,Nothing in particular,[0.15618261 0.84381739],0.0011882643165242444
764,HOMEIOT_W49,RELIG,Orthodox,[0.16383685 0.83616315],0.0
765,HOMEIOT_W49,RELIG,Other,[0.11862712 0.88137288],0.0
766,HOMEIOT_W49,RELIG,Protestant,[0.18092575 0.81907425],0.005802454265911736
767,HOMEIOT_W49,RELIG,Roman Catholic,[0.24400727 0.75599273],0.009907762732527177
768,SOCMEDIAUSEb_W49,RELIG,Agnostic,[0.40946746 0.59053254],0.0007416410993716431
769,SOCMEDIAUSEb_W49,RELIG,Atheist,[0.37445394 0.62554606],0.013582654946333357
770,SOCMEDIAUSEb_W49,RELIG,Buddhist,[0.5310889 0.4689111],0.0
771,SOCMEDIAUSEb_W49,RELIG,Hindu,[0.40909332 0.59090668],0.0
772,SOCMEDIAUSEb_W49,RELIG,Jewish,[0.30938795 0.69061205],0.010626088717235008
773,SOCMEDIAUSEb_W49,RELIG,Mormon,[0.50169954 0.49830046],0.0
774,SOCMEDIAUSEb_W49,RELIG,Muslim,[0.46139327 0.53860673],0.009367960558038632
775,SOCMEDIAUSEb_W49,RELIG,Nothing in particular,[0.44369609 0.55630391],0.012793582329250321
776,SOCMEDIAUSEb_W49,RELIG,Orthodox,[0.3767722 0.6232278],0.0
777,SOCMEDIAUSEb_W49,RELIG,Other,[0.35465919 0.64534081],0.0
778,SOCMEDIAUSEb_W49,RELIG,Protestant,[0.34363176 0.65636824],0.011270221721091702
779,SOCMEDIAUSEb_W49,RELIG,Roman Catholic,[0.39295053 0.60704947],0.01791880701755839
780,CONTROLGRPb_W49,RELIG,Agnostic,[0.10430682 0.42129585 0.44860517 0.02579215],0.0
781,CONTROLGRPb_W49,RELIG,Atheist,[0.11232601 0.39902352 0.48750935 0.00114112],0.002612775345529477
782,CONTROLGRPb_W49,RELIG,Buddhist,[0.10103509 0.54572662 0.35323829 0.        ],0.0
783,CONTROLGRPb_W49,RELIG,Hindu,[0.06818942 0.82317159 0.10863899 0.        ],0.0
784,CONTROLGRPb_W49,RELIG,Jewish,[0.07535269 0.52205728 0.39689879 0.00569124],0.015104572479369239
785,CONTROLGRPb_W49,RELIG,Mormon,[0.06787016 0.51051283 0.42161701 0.        ],0.0
786,CONTROLGRPb_W49,RELIG,Muslim,[0.33196577 0.4381362  0.22989803 0.        ],0.0
787,CONTROLGRPb_W49,RELIG,Nothing in particular,[0.10615283 0.35781625 0.51876353 0.01726739],0.0
788,CONTROLGRPb_W49,RELIG,Orthodox,[0.29637231 0.28622952 0.41739817 0.        ],0.0
789,CONTROLGRPb_W49,RELIG,Other,[0.07973796 0.28808335 0.56602944 0.06614925],0.0
790,CONTROLGRPb_W49,RELIG,Protestant,[0.09026727 0.37909747 0.48236907 0.04826618],0.00856615452210904
791,CONTROLGRPb_W49,RELIG,Roman Catholic,[0.06412717 0.41500375 0.48078891 0.04008018],0.0012941479247429867
792,DB1b_W49,RELIG,Agnostic,[0.05699222 0.9300943  0.01291348],0.008289562483248596
793,DB1b_W49,RELIG,Atheist,[0.04408678 0.9468485  0.00906473],0.0
794,DB1b_W49,RELIG,Buddhist,[0.0705526 0.9294474 0.       ],0.0
795,DB1b_W49,RELIG,Hindu,[0.03633889 0.94004182 0.02361929],0.02073814280523636
796,DB1b_W49,RELIG,Jewish,[0.0415159  0.95523881 0.00324529],0.0
797,DB1b_W49,RELIG,Mormon,[0.06802396 0.93197604 0.        ],0.012521509886696938
798,DB1b_W49,RELIG,Muslim,[0.24862851 0.7367219  0.01464959],0.0
799,DB1b_W49,RELIG,Nothing in particular,[0.0765985  0.89687222 0.02652928],0.009462432006283775
800,DB1b_W49,RELIG,Orthodox,[0.06853614 0.93146386 0.        ],0.0
801,DB1b_W49,RELIG,Other,[0.10987451 0.83962712 0.05049837],0.0031864467992184565
802,DB1b_W49,RELIG,Protestant,[0.09753166 0.84581458 0.05665376],0.005306295057027151
803,DB1b_W49,RELIG,Roman Catholic,[0.05850033 0.88782497 0.0536747 ],0.003151167190961387
804,RTDc_W49,RELIG,Agnostic,[0.77805936 0.22194064],0.00463696838225906
805,RTDc_W49,RELIG,Atheist,[0.76848673 0.23151327],0.0
806,RTDc_W49,RELIG,Buddhist,[0.56611795 0.43388205],0.0
807,RTDc_W49,RELIG,Hindu,[0.81829609 0.18170391],0.0
808,RTDc_W49,RELIG,Jewish,[0.66268744 0.33731256],0.0
809,RTDc_W49,RELIG,Mormon,[0.83793116 0.16206884],0.0
810,RTDc_W49,RELIG,Muslim,[0.51635332 0.48364668],0.0
811,RTDc_W49,RELIG,Nothing in particular,[0.68383827 0.31616173],0.036458925810671096
812,RTDc_W49,RELIG,Orthodox,[0.91021274 0.08978726],0.0
813,RTDc_W49,RELIG,Other,[0.7441705 0.2558295],0.023010644376086502
814,RTDc_W49,RELIG,Protestant,[0.68240054 0.31759946],0.02039799925151806
815,RTDc_W49,RELIG,Roman Catholic,[0.73022766 0.26977234],0.03489769728518011
816,CONCERNGRPa_W49,RELIG,Agnostic,[0.31128945 0.39361723 0.29509331],0.0
817,CONCERNGRPa_W49,RELIG,Atheist,[0.35168181 0.28551732 0.36280087],0.0
818,CONCERNGRPa_W49,RELIG,Buddhist,[0.40192128 0.17420058 0.42387814],0.0
819,CONCERNGRPa_W49,RELIG,Hindu,[0.78313096 0.21686904 0.        ],0.0
820,CONCERNGRPa_W49,RELIG,Jewish,[0.16824693 0.49067716 0.3410759 ],0.0
821,CONCERNGRPa_W49,RELIG,Mormon,[0.27692109 0.30541776 0.41766115],0.0
822,CONCERNGRPa_W49,RELIG,Muslim,[0.28979367 0.53925598 0.17095035],0.0
823,CONCERNGRPa_W49,RELIG,Nothing in particular,[0.29755708 0.368412   0.33403091],0.0006512916029369918
824,CONCERNGRPa_W49,RELIG,Orthodox,[0.28035808 0.11377292 0.605869  ],0.0
825,CONCERNGRPa_W49,RELIG,Other,[0.35686338 0.23294575 0.41019087],0.0
826,CONCERNGRPa_W49,RELIG,Protestant,[0.21354404 0.33725893 0.44919703],0.0031925277578107496
827,CONCERNGRPa_W49,RELIG,Roman Catholic,[0.23433887 0.41295837 0.35270276],0.0
828,FACE1_W49,RELIG,Agnostic,[0.32152257 0.65185023 0.0266272 ],0.0023345999399220553
829,FACE1_W49,RELIG,Atheist,[0.42271246 0.54037607 0.03691147],0.0
830,FACE1_W49,RELIG,Buddhist,[0.47193683 0.40404321 0.12401995],0.0
831,FACE1_W49,RELIG,Hindu,[0.4300414  0.53739568 0.03256293],0.02073814280523636
832,FACE1_W49,RELIG,Jewish,[0.35247792 0.61592374 0.03159834],0.0
833,FACE1_W49,RELIG,Mormon,[0.29536349 0.52502483 0.17961167],0.0
834,FACE1_W49,RELIG,Muslim,[0.31201855 0.39180315 0.29617829],0.0
835,FACE1_W49,RELIG,Nothing in particular,[0.24488638 0.6085756  0.14653802],0.00045144757286511976
836,FACE1_W49,RELIG,Orthodox,[0.14634698 0.76873291 0.08492011],0.0
837,FACE1_W49,RELIG,Other,[0.39578368 0.54764864 0.05656768],0.003186446799218456
838,FACE1_W49,RELIG,Protestant,[0.20458404 0.63061913 0.16479683],0.004347566227309977
839,FACE1_W49,RELIG,Roman Catholic,[0.23745421 0.63561648 0.12692931],0.002717042967061384
840,CONTROLGRPc_W49,RELIG,Agnostic,[0.07892862 0.43180965 0.48926173],0.0
841,CONTROLGRPc_W49,RELIG,Atheist,[0.07012854 0.41468108 0.51519038],0.002612775345529477
842,CONTROLGRPc_W49,RELIG,Buddhist,[0.27545199 0.33058473 0.39396327],0.0
843,CONTROLGRPc_W49,RELIG,Hindu,[0.50124704 0.49875296 0.        ],0.0
844,CONTROLGRPc_W49,RELIG,Jewish,[0.05222717 0.47915882 0.46861401],0.0
845,CONTROLGRPc_W49,RELIG,Mormon,[0.10847007 0.51571287 0.37581705],0.0
846,CONTROLGRPc_W49,RELIG,Muslim,[0.37755771 0.25157915 0.37086314],0.0
847,CONTROLGRPc_W49,RELIG,Nothing in particular,[0.13356391 0.39210458 0.47433151],0.0
848,CONTROLGRPc_W49,RELIG,Orthodox,[0.01580726 0.56282861 0.42136414],0.0
849,CONTROLGRPc_W49,RELIG,Other,[0.1024823  0.32066116 0.57685654],0.0
850,CONTROLGRPc_W49,RELIG,Protestant,[0.10786936 0.46880785 0.42332278],0.0016977839396452622
851,CONTROLGRPc_W49,RELIG,Roman Catholic,[0.11998556 0.43245992 0.44755452],0.010780940945158772
852,FACE3b_W49,RELIG,Agnostic,[0.03955994 0.30858262 0.45542792 0.19642952],0.0
853,FACE3b_W49,RELIG,Atheist,[0.01463862 0.22450834 0.39554932 0.36530371],0.0
854,FACE3b_W49,RELIG,Buddhist,[0.09674254 0.28659528 0.20879026 0.40787192],0.0
855,FACE3b_W49,RELIG,Hindu,[0.23349257 0.23871063 0.40166078 0.12613601],0.0
856,FACE3b_W49,RELIG,Jewish,[0.02262513 0.31905796 0.37965303 0.27866388],0.0
857,FACE3b_W49,RELIG,Mormon,[0.09576478 0.40005944 0.29258417 0.21159162],0.03140885274495407
858,FACE3b_W49,RELIG,Muslim,[0.18710031 0.2775125  0.32967301 0.20571418],0.0
859,FACE3b_W49,RELIG,Nothing in particular,[0.04683443 0.33202512 0.3518427  0.26929776],0.014517564497363918
860,FACE3b_W49,RELIG,Orthodox,[0.14163639 0.25410239 0.48610722 0.118154  ],0.0
861,FACE3b_W49,RELIG,Other,[0.09364594 0.20225918 0.31727506 0.38681982],0.0
862,FACE3b_W49,RELIG,Protestant,[0.063101   0.38297208 0.33443767 0.21948925],0.015078154071782467
863,FACE3b_W49,RELIG,Roman Catholic,[0.0709144  0.4395357  0.33421442 0.15533548],0.009597520748221582
864,CONTROLGRPd_W49,RELIG,Agnostic,[0.20073928 0.56343296 0.23582776],0.0
865,CONTROLGRPd_W49,RELIG,Atheist,[0.14540219 0.58763699 0.26696083],0.0
866,CONTROLGRPd_W49,RELIG,Buddhist,[0.04612566 0.43948945 0.5143849 ],0.0
867,CONTROLGRPd_W49,RELIG,Hindu,[0.39087902 0.31866778 0.2904532 ],0.0
868,CONTROLGRPd_W49,RELIG,Jewish,[0.24141774 0.32587563 0.43270663],0.0
869,CONTROLGRPd_W49,RELIG,Mormon,[0.17902229 0.62665002 0.19432769],0.0
870,CONTROLGRPd_W49,RELIG,Muslim,[0.14762456 0.48565104 0.3667244 ],0.0
871,CONTROLGRPd_W49,RELIG,Nothing in particular,[0.17901668 0.57180763 0.2491757 ],0.002881064383980933
872,CONTROLGRPd_W49,RELIG,Orthodox,[0.09473651 0.72536228 0.17990122],0.0
873,CONTROLGRPd_W49,RELIG,Other,[0.21314747 0.7202547  0.06659784],0.0
874,CONTROLGRPd_W49,RELIG,Protestant,[0.18039663 0.51889696 0.30070641],0.006635200465740383
875,CONTROLGRPd_W49,RELIG,Roman Catholic,[0.18118188 0.5220557  0.29676242],0.010714718435278391
876,PWMAN2_W49,RELIG,Agnostic,"[0.0592759  0.0972304  0.21262814 0.00893289 0.07767306 0.35659251
 0.03308771 0.13556224 0.01901714]",0.0
877,PWMAN2_W49,RELIG,Atheist,"[0.13375587 0.07799435 0.2431299  0.02755515 0.07028653 0.27862998
 0.01825998 0.13754702 0.01284124]",0.0023754819100117682
878,PWMAN2_W49,RELIG,Buddhist,"[0.27072166 0.         0.16109404 0.         0.06290958 0.31818204
 0.02156179 0.16553089 0.        ]",0.0
879,PWMAN2_W49,RELIG,Hindu,"[0.02487148 0.         0.28053965 0.02509581 0.25355089 0.26178054
 0.         0.12834234 0.0258193 ]",0.0
880,PWMAN2_W49,RELIG,Jewish,"[0.13556391 0.0394075  0.23445021 0.02459556 0.08204948 0.17460766
 0.05010231 0.25511814 0.00410523]",0.01708489034694026
881,PWMAN2_W49,RELIG,Mormon,"[0.2599731  0.03355047 0.18422559 0.01175796 0.07849643 0.29634983
 0.01262121 0.12302541 0.        ]",0.0
882,PWMAN2_W49,RELIG,Muslim,"[0.10892393 0.07946375 0.27887261 0.03646955 0.01600681 0.10972482
 0.19245699 0.15386785 0.0242137 ]",0.0
883,PWMAN2_W49,RELIG,Nothing in particular,"[0.19687444 0.07761695 0.19143043 0.00815132 0.03048111 0.27444304
 0.03745165 0.15057443 0.03297663]",0.00770839762782267
884,PWMAN2_W49,RELIG,Orthodox,"[0.06745131 0.         0.22838646 0.         0.24038856 0.32343279
 0.03500546 0.10533541 0.        ]",0.0
885,PWMAN2_W49,RELIG,Other,"[0.17265473 0.07426921 0.14518148 0.02831761 0.03933724 0.31899346
 0.         0.15947577 0.0617705 ]",0.0
886,PWMAN2_W49,RELIG,Protestant,"[0.19014051 0.0710823  0.18176986 0.01034812 0.04234142 0.28372087
 0.02989983 0.1229912  0.0677059 ]",0.006359759169822298
887,PWMAN2_W49,RELIG,Roman Catholic,"[0.19142465 0.04725975 0.16415003 0.02865572 0.04371801 0.27983646
 0.04518088 0.13114304 0.06863145]",0.003339095719781001
888,FACE2c_W49,RELIG,Agnostic,[0.20217948 0.55291389 0.22667262 0.01823401],0.0017720283208877401
889,FACE2c_W49,RELIG,Atheist,[0.18706175 0.45627038 0.28618121 0.07048666],0.0059478830374249695
890,FACE2c_W49,RELIG,Buddhist,[0.1528644  0.4559725  0.31507391 0.07608919],0.0
891,FACE2c_W49,RELIG,Hindu,[0.34185657 0.37812907 0.22829799 0.05171638],0.0
892,FACE2c_W49,RELIG,Jewish,[0.20435541 0.43391757 0.34236614 0.01936088],0.0
893,FACE2c_W49,RELIG,Mormon,[0.22175899 0.53629653 0.22547716 0.01646732],0.03140885274495407
894,FACE2c_W49,RELIG,Muslim,[0.03676701 0.48025278 0.43395744 0.04902277],0.0
895,FACE2c_W49,RELIG,Nothing in particular,[0.15744028 0.55329017 0.23117146 0.05809809],0.021986200186516612
896,FACE2c_W49,RELIG,Orthodox,[0.16313921 0.43022676 0.40663403 0.        ],0.0
897,FACE2c_W49,RELIG,Other,[0.14626311 0.46806118 0.32443604 0.06123967],0.03411279519277553
898,FACE2c_W49,RELIG,Protestant,[0.17641158 0.55668837 0.21611347 0.05078658],0.02539718781660606
899,FACE2c_W49,RELIG,Roman Catholic,[0.18445415 0.59035414 0.18668457 0.03850715],0.010027449624782003
900,CONCERNGRPb_W49,RELIG,Agnostic,[0.38747153 0.49362329 0.11890518],0.0
901,CONCERNGRPb_W49,RELIG,Atheist,[0.31061242 0.52033406 0.16905352],0.0
902,CONCERNGRPb_W49,RELIG,Buddhist,[0.37351838 0.58788132 0.0386003 ],0.0
903,CONCERNGRPb_W49,RELIG,Hindu,[0.69459373 0.30540627 0.        ],0.0
904,CONCERNGRPb_W49,RELIG,Jewish,[0.44946562 0.39931603 0.15121836],0.0
905,CONCERNGRPb_W49,RELIG,Mormon,[0.3308135 0.6125466 0.0566399],0.0
906,CONCERNGRPb_W49,RELIG,Muslim,[0.37237807 0.47053795 0.15708398],0.0
907,CONCERNGRPb_W49,RELIG,Nothing in particular,[0.42665402 0.36422629 0.20911969],0.003187211795469521
908,CONCERNGRPb_W49,RELIG,Orthodox,[0.54786059 0.28201915 0.17012026],0.0
909,CONCERNGRPb_W49,RELIG,Other,[0.48285309 0.43553255 0.08161436],0.0
910,CONCERNGRPb_W49,RELIG,Protestant,[0.37170903 0.45481467 0.1734763 ],0.0031925277578107496
911,CONCERNGRPb_W49,RELIG,Roman Catholic,[0.42011104 0.45227651 0.12761245],0.00555073133576511
912,HOMEASSIST1_W49,RELIG,Agnostic,[0.36816827 0.63183173],0.0
913,HOMEASSIST1_W49,RELIG,Atheist,[0.2537209 0.7462791],0.0
914,HOMEASSIST1_W49,RELIG,Buddhist,[0.35826675 0.64173325],0.0
915,HOMEASSIST1_W49,RELIG,Hindu,[0.74083468 0.25916532],0.0
916,HOMEASSIST1_W49,RELIG,Jewish,[0.3617275 0.6382725],0.0
917,HOMEASSIST1_W49,RELIG,Mormon,[0.2973547 0.7026453],0.0
918,HOMEASSIST1_W49,RELIG,Muslim,[0.397722 0.602278],0.0
919,HOMEASSIST1_W49,RELIG,Nothing in particular,[0.23070765 0.76929235],0.0037671495384003556
920,HOMEASSIST1_W49,RELIG,Orthodox,[0.27632882 0.72367118],0.0
921,HOMEASSIST1_W49,RELIG,Other,[0.18435682 0.81564318],0.0
922,HOMEASSIST1_W49,RELIG,Protestant,[0.21416155 0.78583845],0.001568469256645462
923,HOMEASSIST1_W49,RELIG,Roman Catholic,[0.25449991 0.74550009],0.0010406398645526128
924,DATAUSEf_W49,RELIG,Agnostic,[0.18175077 0.81824923],0.17058703007517853
925,DATAUSEf_W49,RELIG,Atheist,[0.20196493 0.79803507],0.17296449083267293
926,DATAUSEf_W49,RELIG,Buddhist,[0.1715055 0.8284945],0.16926611905549668
927,DATAUSEf_W49,RELIG,Hindu,[0.41619674 0.58380326],0.3202833619133149
928,DATAUSEf_W49,RELIG,Jewish,[0.33185129 0.66814871],0.2278872111472796
929,DATAUSEf_W49,RELIG,Mormon,[0.42291551 0.57708449],0.32025717242106344
930,DATAUSEf_W49,RELIG,Muslim,[0.10763776 0.89236224],0.47677471505230185
931,DATAUSEf_W49,RELIG,Nothing in particular,[0.2755497 0.7244503],0.2560428985718518
932,DATAUSEf_W49,RELIG,Orthodox,[0.72316854 0.27683146],0.41848757259080993
933,DATAUSEf_W49,RELIG,Other,[0.18737351 0.81262649],0.29590668455784996
934,DATAUSEf_W49,RELIG,Protestant,[0.39910669 0.60089331],0.26713106287856936
935,DATAUSEf_W49,RELIG,Roman Catholic,[0.40177632 0.59822368],0.3063716351953744
936,RTBFb_W49,RELIG,Agnostic,[0.68559058 0.31440942],0.008002918037187947
937,RTBFb_W49,RELIG,Atheist,[0.60452087 0.39547913],0.0
938,RTBFb_W49,RELIG,Buddhist,[0.60998499 0.39001501],0.0
939,RTBFb_W49,RELIG,Hindu,[0.67449197 0.32550803],0.0
940,RTBFb_W49,RELIG,Jewish,[0.74497252 0.25502748],0.0
941,RTBFb_W49,RELIG,Mormon,[0.7397283 0.2602717],0.0
942,RTBFb_W49,RELIG,Muslim,[0.75792476 0.24207524],0.0
943,RTBFb_W49,RELIG,Nothing in particular,[0.6642446 0.3357554],0.007211959594123116
944,RTBFb_W49,RELIG,Orthodox,[0.77548803 0.22451197],0.0
945,RTBFb_W49,RELIG,Other,[0.73021224 0.26978776],0.06563452233713897
946,RTBFb_W49,RELIG,Protestant,[0.68855611 0.31144389],0.015401438044117085
947,RTBFb_W49,RELIG,Roman Catholic,[0.69224123 0.30775877],0.024960580654050595
948,DB1c_W49,RELIG,Agnostic,[0.05370656 0.94629344],0.0023345999399220557
949,DB1c_W49,RELIG,Atheist,[0.02734199 0.97265801],0.0
950,DB1c_W49,RELIG,Buddhist,[0.27156646 0.72843354],0.0
951,DB1c_W49,RELIG,Hindu,[0.16182843 0.83817157],0.02073814280523636
952,DB1c_W49,RELIG,Jewish,[0.05789389 0.94210611],0.0
953,DB1c_W49,RELIG,Mormon,[0.01494567 0.98505433],0.0
954,DB1c_W49,RELIG,Muslim,[0.07258275 0.92741725],0.0
955,DB1c_W49,RELIG,Nothing in particular,[0.07820404 0.92179596],0.008831271497441798
956,DB1c_W49,RELIG,Orthodox,[0.09577505 0.90422495],0.0
957,DB1c_W49,RELIG,Other,[0.01863192 0.98136808],0.003186446799218456
958,DB1c_W49,RELIG,Protestant,[0.05254562 0.94745438],0.00297763170624375
959,DB1c_W49,RELIG,Roman Catholic,[0.06917524 0.93082476],0.006396146289558941
960,FACE4c_W49,RELIG,Agnostic,[0.17782885 0.82217115],0.12380046080385818
961,FACE4c_W49,RELIG,Atheist,[0.25412904 0.74587096],0.12964374324738157
962,FACE4c_W49,RELIG,Buddhist,[0.14401225 0.85598775],0.18213742345199482
963,FACE4c_W49,RELIG,Hindu,[0.34698051 0.65301949],0.03744544377743752
964,FACE4c_W49,RELIG,Jewish,[0.22227042 0.77772958],0.14371574863471942
965,FACE4c_W49,RELIG,Mormon,[0.10742733 0.89257267],0.1865241949726554
966,FACE4c_W49,RELIG,Muslim,[0.29939945 0.70060055],0.062167915180331094
967,FACE4c_W49,RELIG,Nothing in particular,[0.17253668 0.82746332],0.22983595883771485
968,FACE4c_W49,RELIG,Orthodox,[0.3421922 0.6578078],0.0
969,FACE4c_W49,RELIG,Other,[0.09981316 0.90018684],0.11836768433239375
970,FACE4c_W49,RELIG,Protestant,[0.22669132 0.77330868],0.20588482863316998
971,FACE4c_W49,RELIG,Roman Catholic,[0.26449107 0.73550893],0.18825623014301157
972,TRACKCO1b_W49,RELIG,Agnostic,[0.11425597 0.20845457 0.50774098 0.11838353 0.05116495],0.0
973,TRACKCO1b_W49,RELIG,Atheist,[0.08986154 0.23034004 0.43587212 0.15738424 0.08654206],0.0037509161022020393
974,TRACKCO1b_W49,RELIG,Buddhist,[0.06274356 0.52002027 0.22740737 0.14720004 0.04262876],0.0
975,TRACKCO1b_W49,RELIG,Hindu,[0.284378 0.       0.715622 0.       0.      ],0.0
976,TRACKCO1b_W49,RELIG,Jewish,[0.18004541 0.11180701 0.54656387 0.13399108 0.02759263],0.0
977,TRACKCO1b_W49,RELIG,Mormon,[0.01986514 0.42835608 0.28601879 0.11143294 0.15432705],0.0
978,TRACKCO1b_W49,RELIG,Muslim,[0.14272813 0.11713204 0.13013223 0.42643694 0.18357065],0.0
979,TRACKCO1b_W49,RELIG,Nothing in particular,[0.15701354 0.19541757 0.34635764 0.16704252 0.13416873],0.0058678548391798615
980,TRACKCO1b_W49,RELIG,Orthodox,[0.12262951 0.03639725 0.43065114 0.4103221  0.        ],0.0
981,TRACKCO1b_W49,RELIG,Other,[0.07935041 0.26691545 0.33055117 0.29220905 0.03097391],0.0
982,TRACKCO1b_W49,RELIG,Protestant,[0.10248826 0.16937239 0.36595303 0.21741208 0.14477424],0.004256289720362455
983,TRACKCO1b_W49,RELIG,Roman Catholic,[0.12588971 0.18224245 0.38662488 0.22127123 0.08397173],0.003312747497135356
984,RTDb_W49,RELIG,Agnostic,[0.94765102 0.05234898],0.016622180478042255
985,RTDb_W49,RELIG,Atheist,[0.87849041 0.12150959],0.0
986,RTDb_W49,RELIG,Buddhist,[0.60219401 0.39780599],0.0
987,RTDb_W49,RELIG,Hindu,[1. 0.],0.0
988,RTDb_W49,RELIG,Jewish,[0.91428978 0.08571022],0.0
989,RTDb_W49,RELIG,Mormon,[0.96577323 0.03422677],0.0
990,RTDb_W49,RELIG,Muslim,[0.66397788 0.33602212],0.0
991,RTDb_W49,RELIG,Nothing in particular,[0.81021442 0.18978558],0.029331631502605964
992,RTDb_W49,RELIG,Orthodox,[1. 0.],0.0
993,RTDb_W49,RELIG,Other,[1. 0.],0.007286760654692332
994,RTDb_W49,RELIG,Protestant,[0.89780276 0.10219724],0.0138329399421311
995,RTDb_W49,RELIG,Roman Catholic,[0.90270552 0.09729448],0.032073902215311444
996,HOMEASSIST3_W49,RELIG,Agnostic,[0.17841805 0.33038328 0.49119867],0.0
997,HOMEASSIST3_W49,RELIG,Atheist,[0.08722591 0.19794422 0.71482987],0.0
998,HOMEASSIST3_W49,RELIG,Buddhist,[0.47115856 0.31696134 0.2118801 ],0.0
999,HOMEASSIST3_W49,RELIG,Hindu,[0.22111268 0.3160494  0.46283792],0.0
1000,HOMEASSIST3_W49,RELIG,Jewish,[0.12913063 0.44480391 0.42606546],0.0
1001,HOMEASSIST3_W49,RELIG,Mormon,[0.34722405 0.38830151 0.26447444],0.0
1002,HOMEASSIST3_W49,RELIG,Muslim,[0.28261993 0.25365838 0.46372169],0.0
1003,HOMEASSIST3_W49,RELIG,Nothing in particular,[0.21249222 0.31147209 0.4760357 ],0.0
1004,HOMEASSIST3_W49,RELIG,Orthodox,[0.         0.16090548 0.83909452],0.0
1005,HOMEASSIST3_W49,RELIG,Other,[0.12949745 0.26675708 0.60374547],0.0
1006,HOMEASSIST3_W49,RELIG,Protestant,[0.19284101 0.35093122 0.45622777],0.011126867553671914
1007,HOMEASSIST3_W49,RELIG,Roman Catholic,[0.2070233  0.44588425 0.34709245],0.0
1008,SMARTAPP_W49,RELIG,Agnostic,[0.4875773  0.15121023 0.32895061 0.03226186],0.0
1009,SMARTAPP_W49,RELIG,Atheist,[0.47247663 0.14509976 0.3410187  0.04140491],0.0
1010,SMARTAPP_W49,RELIG,Buddhist,[0.33928033 0.18548705 0.47523263 0.        ],0.0
1011,SMARTAPP_W49,RELIG,Hindu,[0.8166889  0.10355847 0.05844909 0.02130354],0.0
1012,SMARTAPP_W49,RELIG,Jewish,[0.40434826 0.19554195 0.3481629  0.05194689],0.007442361117542909
1013,SMARTAPP_W49,RELIG,Mormon,[0.5221354  0.15961532 0.28619567 0.03205362],0.0
1014,SMARTAPP_W49,RELIG,Muslim,[0.38557217 0.28369615 0.31090696 0.01982472],0.0
1015,SMARTAPP_W49,RELIG,Nothing in particular,[0.45717742 0.17851546 0.31544475 0.04886237],0.004837304103919203
1016,SMARTAPP_W49,RELIG,Orthodox,[0.36370125 0.28028144 0.27881252 0.07720479],0.0
1017,SMARTAPP_W49,RELIG,Other,[0.32780466 0.27508183 0.36039146 0.03672205],0.0
1018,SMARTAPP_W49,RELIG,Protestant,[0.43214331 0.19166522 0.3120671  0.06412437],0.005345635487140898
1019,SMARTAPP_W49,RELIG,Roman Catholic,[0.47645271 0.17550408 0.28439128 0.06365193],0.0020471798390229953
1020,UNDERSTANDGOV_W49,RELIG,Agnostic,[0.02176309 0.1508999  0.73363021 0.0937068 ],0.0
1021,UNDERSTANDGOV_W49,RELIG,Atheist,[0.04585722 0.14941806 0.49674137 0.30798335],0.010047989277761704
1022,UNDERSTANDGOV_W49,RELIG,Buddhist,[0.12214051 0.03266063 0.47782138 0.36737748],0.0
1023,UNDERSTANDGOV_W49,RELIG,Hindu,[0.19230097 0.11160488 0.43926621 0.25682795],0.0
1024,UNDERSTANDGOV_W49,RELIG,Jewish,[0.04052852 0.18962695 0.45473225 0.31511228],0.0
1025,UNDERSTANDGOV_W49,RELIG,Mormon,[0.0178198  0.21366142 0.52925912 0.23925966],0.0
1026,UNDERSTANDGOV_W49,RELIG,Muslim,[0.02561651 0.02648158 0.58883201 0.3590699 ],0.0
1027,UNDERSTANDGOV_W49,RELIG,Nothing in particular,[0.0525906  0.19555449 0.47155975 0.28029516],0.0028810643839809334
1028,UNDERSTANDGOV_W49,RELIG,Orthodox,[0.         0.22556067 0.36839292 0.40604641],0.0
1029,UNDERSTANDGOV_W49,RELIG,Other,[0.00853001 0.07377732 0.56084824 0.35684442],0.0
1030,UNDERSTANDGOV_W49,RELIG,Protestant,[0.03697065 0.17768397 0.54649091 0.23885447],0.000880267679670619
1031,UNDERSTANDGOV_W49,RELIG,Roman Catholic,[0.05341479 0.1813902  0.50001717 0.26517783],0.0019583760979310556
1032,CONCERNGRPe_W49,RELIG,Agnostic,[0.06821151 0.30989702 0.62189147],0.0
1033,CONCERNGRPe_W49,RELIG,Atheist,[0.04765907 0.25029629 0.70204464],0.0
1034,CONCERNGRPe_W49,RELIG,Buddhist,[0.06088929 0.58250968 0.35660103],0.0
1035,CONCERNGRPe_W49,RELIG,Hindu,[0.22100921 0.56501472 0.21397607],0.0
1036,CONCERNGRPe_W49,RELIG,Jewish,[0.12539189 0.3736247  0.50098341],0.0
1037,CONCERNGRPe_W49,RELIG,Mormon,[0.02678802 0.27420147 0.69901051],0.0
1038,CONCERNGRPe_W49,RELIG,Muslim,[0.06730234 0.22784226 0.7048554 ],0.0
1039,CONCERNGRPe_W49,RELIG,Nothing in particular,[0.08572462 0.34089048 0.5733849 ],0.0
1040,CONCERNGRPe_W49,RELIG,Orthodox,[0.06328135 0.62645375 0.3102649 ],0.0
1041,CONCERNGRPe_W49,RELIG,Other,[0.10622318 0.21216068 0.68161614],0.0
1042,CONCERNGRPe_W49,RELIG,Protestant,[0.09749703 0.3203734  0.58212957],0.002932551779540418
1043,CONCERNGRPe_W49,RELIG,Roman Catholic,[0.10424089 0.41236482 0.48339429],0.0019218200368317131
1044,PROFILE5_W49,RELIG,Agnostic,[0.0281693  0.58652247 0.31926947 0.06603877],0.0
1045,PROFILE5_W49,RELIG,Atheist,[0.07592444 0.51303431 0.37554499 0.03549626],0.0027247395057054197
1046,PROFILE5_W49,RELIG,Buddhist,[0.        0.5884661 0.4115339 0.       ],0.0
1047,PROFILE5_W49,RELIG,Hindu,[0.12984661 0.49393622 0.28698966 0.08922751],0.0
1048,PROFILE5_W49,RELIG,Jewish,[0.00604987 0.62402475 0.27528749 0.0946379 ],0.0
1049,PROFILE5_W49,RELIG,Mormon,[0.03980949 0.49568403 0.46450648 0.        ],0.0
1050,PROFILE5_W49,RELIG,Muslim,[0.         0.71778528 0.28221472 0.        ],0.0
1051,PROFILE5_W49,RELIG,Nothing in particular,[0.0882679  0.56551928 0.28968775 0.05652507],0.003902618108430661
1052,PROFILE5_W49,RELIG,Orthodox,[0.03077541 0.52626968 0.44295491 0.        ],0.0
1053,PROFILE5_W49,RELIG,Other,[0.02044077 0.53163776 0.28454601 0.16337546],0.0
1054,PROFILE5_W49,RELIG,Protestant,[0.06376859 0.54758581 0.35157995 0.03706565],0.00345727041787176
1055,PROFILE5_W49,RELIG,Roman Catholic,[0.10370217 0.50656445 0.33229245 0.05744093],0.004690098121371982
1056,ELECTFTGSNSINT_W49,RELIG,Agnostic,[0.19141415 0.47516656 0.33341929],0.0
1057,ELECTFTGSNSINT_W49,RELIG,Atheist,[0.22463281 0.38189275 0.39347444],0.0031096981502811774
1058,ELECTFTGSNSINT_W49,RELIG,Buddhist,[0.34142308 0.26156518 0.39701174],0.015149724019138614
1059,ELECTFTGSNSINT_W49,RELIG,Hindu,[0.2685911  0.32371882 0.40769008],0.0
1060,ELECTFTGSNSINT_W49,RELIG,Jewish,[0.25142609 0.57874372 0.16983019],0.0
1061,ELECTFTGSNSINT_W49,RELIG,Mormon,[0.1464149  0.48240391 0.37118119],0.0
1062,ELECTFTGSNSINT_W49,RELIG,Muslim,[0.20699204 0.29931142 0.49369654],0.0
1063,ELECTFTGSNSINT_W49,RELIG,Nothing in particular,[0.15299539 0.43502205 0.41198256],0.00139068221068128
1064,ELECTFTGSNSINT_W49,RELIG,Orthodox,[0.09552211 0.59223549 0.3122424 ],0.028654375815441193
1065,ELECTFTGSNSINT_W49,RELIG,Other,[0.11386957 0.55795809 0.32817235],0.020905723552954898
1066,ELECTFTGSNSINT_W49,RELIG,Protestant,[0.12606427 0.48510762 0.38882811],0.011054078384950943
1067,ELECTFTGSNSINT_W49,RELIG,Roman Catholic,[0.16839514 0.45875466 0.37285019],0.00420280311431215
1068,PP6a_W49,RELIG,Agnostic,[0.14549512 0.58100702 0.20779764 0.06570023],0.0
1069,PP6a_W49,RELIG,Atheist,[0.1210227  0.51583043 0.2537982  0.10934867],0.0
1070,PP6a_W49,RELIG,Buddhist,[0.18984227 0.50844969 0.17377441 0.12793364],0.0
1071,PP6a_W49,RELIG,Hindu,[0.22207214 0.52612348 0.21431337 0.03749101],0.0
1072,PP6a_W49,RELIG,Jewish,[0.11951082 0.44488336 0.348179   0.08742683],0.015568617694770935
1073,PP6a_W49,RELIG,Mormon,[0.05568047 0.52806514 0.27881091 0.13744348],0.0
1074,PP6a_W49,RELIG,Muslim,[0.08059792 0.38594477 0.33707371 0.1963836 ],0.0
1075,PP6a_W49,RELIG,Nothing in particular,[0.0871764  0.42897105 0.3073652  0.17648735],0.005845060174823587
1076,PP6a_W49,RELIG,Orthodox,[0.16049381 0.24706323 0.59244296 0.        ],0.0
1077,PP6a_W49,RELIG,Other,[0.0591113  0.53352834 0.24253851 0.16482185],0.013151057794311211
1078,PP6a_W49,RELIG,Protestant,[0.08897907 0.47408217 0.2861499  0.15078886],0.00987050837407505
1079,PP6a_W49,RELIG,Roman Catholic,[0.14212683 0.46956345 0.29152796 0.09678177],0.0008493670594448015
1080,RTBFd_W49,RELIG,Agnostic,[0.80068979 0.19931021],0.006293367003124129
1081,RTBFd_W49,RELIG,Atheist,[0.82345868 0.17654132],0.0
1082,RTBFd_W49,RELIG,Buddhist,[0.63917823 0.36082177],0.0
1083,RTBFd_W49,RELIG,Hindu,[0.89136101 0.10863899],0.0
1084,RTBFd_W49,RELIG,Jewish,[0.84726111 0.15273889],0.0
1085,RTBFd_W49,RELIG,Mormon,[0.89942578 0.10057422],0.0
1086,RTBFd_W49,RELIG,Muslim,[1. 0.],0.0
1087,RTBFd_W49,RELIG,Nothing in particular,[0.79701286 0.20298714],0.014132527176578417
1088,RTBFd_W49,RELIG,Orthodox,[0.91847438 0.08152562],0.0
1089,RTBFd_W49,RELIG,Other,[0.96588276 0.03411724],0.023371042774016353
1090,RTBFd_W49,RELIG,Protestant,[0.89404062 0.10595938],0.019473137195883925
1091,RTBFd_W49,RELIG,Roman Catholic,[0.88338429 0.11661571],0.018595101903206568
1092,CONCERNGRPf_W49,RELIG,Agnostic,[0.48720892 0.42120551 0.09158558],0.0
1093,CONCERNGRPf_W49,RELIG,Atheist,[0.41198926 0.41242209 0.17558865],0.0
1094,CONCERNGRPf_W49,RELIG,Buddhist,[0.28338372 0.6071575  0.10945878],0.0
1095,CONCERNGRPf_W49,RELIG,Hindu,[0.60889716 0.30081735 0.09028549],0.0
1096,CONCERNGRPf_W49,RELIG,Jewish,[0.37980439 0.49920671 0.1209889 ],0.0
1097,CONCERNGRPf_W49,RELIG,Mormon,[0.49931788 0.36529786 0.13538426],0.0
1098,CONCERNGRPf_W49,RELIG,Muslim,[0.54907894 0.20898062 0.24194044],0.0
1099,CONCERNGRPf_W49,RELIG,Nothing in particular,[0.38576886 0.44865659 0.16557455],0.0
1100,CONCERNGRPf_W49,RELIG,Orthodox,[0.46164582 0.50225733 0.03609685],0.0
1101,CONCERNGRPf_W49,RELIG,Other,[0.37221755 0.42766612 0.20011633],0.0
1102,CONCERNGRPf_W49,RELIG,Protestant,[0.38051554 0.47255817 0.1469263 ],0.004035522721687731
1103,CONCERNGRPf_W49,RELIG,Roman Catholic,[0.39454546 0.47437584 0.1310787 ],0.0
1104,DB1a_W49,RELIG,Agnostic,[0.20064112 0.79935888],0.0023345999399220553
1105,DB1a_W49,RELIG,Atheist,[0.19249654 0.80750346],0.0
1106,DB1a_W49,RELIG,Buddhist,[0.15901991 0.84098009],0.0
1107,DB1a_W49,RELIG,Hindu,[0.33257491 0.66742509],0.02073814280523636
1108,DB1a_W49,RELIG,Jewish,[0.18331 0.81669],0.0
1109,DB1a_W49,RELIG,Mormon,[0.16968036 0.83031964],0.01468578013831123
1110,DB1a_W49,RELIG,Muslim,[0.33737817 0.66262183],0.0
1111,DB1a_W49,RELIG,Nothing in particular,[0.21793963 0.78206037],0.008063283654571964
1112,DB1a_W49,RELIG,Orthodox,[0.43091636 0.56908364],0.0
1113,DB1a_W49,RELIG,Other,[0.21572917 0.78427083],0.003186446799218456
1114,DB1a_W49,RELIG,Protestant,[0.21402236 0.78597764],0.004706842150121194
1115,DB1a_W49,RELIG,Roman Catholic,[0.22351535 0.77648465],0.007661283936009786
1116,PP5b_W49,RELIG,Agnostic,[0.03551066 0.30745673 0.37302704 0.28400557],0.0
1117,PP5b_W49,RELIG,Atheist,[0.01643224 0.22623826 0.4225156  0.3348139 ],0.0
1118,PP5b_W49,RELIG,Buddhist,[0.01879781 0.32081922 0.50557484 0.15480813],0.0
1119,PP5b_W49,RELIG,Hindu,[0.20047837 0.14465684 0.61244771 0.04241708],0.0
1120,PP5b_W49,RELIG,Jewish,[0.0702852  0.25082509 0.51241753 0.16647217],0.0
1121,PP5b_W49,RELIG,Mormon,[0.02278531 0.33612467 0.50421189 0.13687813],0.0
1122,PP5b_W49,RELIG,Muslim,[0.091412   0.21971542 0.29387605 0.39499653],0.0
1123,PP5b_W49,RELIG,Nothing in particular,[0.03546118 0.27301367 0.38921126 0.30231389],0.009084835169476857
1124,PP5b_W49,RELIG,Orthodox,[0.03234917 0.20609578 0.53747925 0.22407581],0.0
1125,PP5b_W49,RELIG,Other,[0.11152419 0.27381087 0.38172933 0.2329356 ],0.0
1126,PP5b_W49,RELIG,Protestant,[0.05538043 0.31323089 0.4133771  0.21801158],0.005177149976626331
1127,PP5b_W49,RELIG,Roman Catholic,[0.06436655 0.31763881 0.39672041 0.22127422],0.0077511689549224876
1128,PWMAN_W49,RELIG,Agnostic,[0.32658457 0.67341543],0.0
1129,PWMAN_W49,RELIG,Atheist,[0.29241157 0.70758843],0.0
1130,PWMAN_W49,RELIG,Buddhist,[0.33908103 0.66091897],0.0
1131,PWMAN_W49,RELIG,Hindu,[0.10417901 0.89582099],0.0
1132,PWMAN_W49,RELIG,Jewish,[0.19573197 0.80426803],0.0
1133,PWMAN_W49,RELIG,Mormon,[0.2677634 0.7322366],0.0
1134,PWMAN_W49,RELIG,Muslim,[0.39498766 0.60501234],0.0
1135,PWMAN_W49,RELIG,Nothing in particular,[0.19128403 0.80871597],0.0069873868185346185
1136,PWMAN_W49,RELIG,Orthodox,[0.09504971 0.90495029],0.0
1137,PWMAN_W49,RELIG,Other,[0.18508895 0.81491105],0.0
1138,PWMAN_W49,RELIG,Protestant,[0.15527274 0.84472726],0.008378529834380952
1139,PWMAN_W49,RELIG,Roman Catholic,[0.21549787 0.78450213],0.00291037884175588
1140,RTDd_W49,RELIG,Agnostic,[0.7944353 0.2055647],0.00463696838225906
1141,RTDd_W49,RELIG,Atheist,[0.81196091 0.18803909],0.0
1142,RTDd_W49,RELIG,Buddhist,[0.60526465 0.39473535],0.0
1143,RTDd_W49,RELIG,Hindu,[0.65147439 0.34852561],0.0
1144,RTDd_W49,RELIG,Jewish,[0.90936971 0.09063029],0.0
1145,RTDd_W49,RELIG,Mormon,[0.81233238 0.18766762],0.0
1146,RTDd_W49,RELIG,Muslim,[0.50277587 0.49722413],0.0
1147,RTDd_W49,RELIG,Nothing in particular,[0.76506783 0.23493217],0.03902516051420356
1148,RTDd_W49,RELIG,Orthodox,[0.82968052 0.17031948],0.0
1149,RTDd_W49,RELIG,Other,[0.92645642 0.07354358],0.007286760654692333
1150,RTDd_W49,RELIG,Protestant,[0.81197517 0.18802483],0.013488573876763565
1151,RTDd_W49,RELIG,Roman Catholic,[0.82438903 0.17561097],0.030551231225963104
1152,FACE3c_W49,RELIG,Agnostic,[0.10876736 0.42354839 0.3269772  0.14070704],0.0
1153,FACE3c_W49,RELIG,Atheist,[0.0950803  0.3754799  0.23396123 0.29547857],0.0
1154,FACE3c_W49,RELIG,Buddhist,[0.07316087 0.41200423 0.18732294 0.32751197],0.017597383948068323
1155,FACE3c_W49,RELIG,Hindu,[0.33132419 0.35942413 0.20559007 0.10366161],0.0
1156,FACE3c_W49,RELIG,Jewish,[0.1788627  0.45314161 0.19968282 0.16831287],0.022730416695856927
1157,FACE3c_W49,RELIG,Mormon,[0.28208113 0.54804245 0.10412403 0.06575239],0.03140885274495407
1158,FACE3c_W49,RELIG,Muslim,[0.2683806  0.33757352 0.23500866 0.15903721],0.0
1159,FACE3c_W49,RELIG,Nothing in particular,[0.15678594 0.41008548 0.23843077 0.19469781],0.014247572361373063
1160,FACE3c_W49,RELIG,Orthodox,[0.41505822 0.49958935 0.04871193 0.0366405 ],0.0
1161,FACE3c_W49,RELIG,Other,[0.17559896 0.33307736 0.25217477 0.23914891],0.0
1162,FACE3c_W49,RELIG,Protestant,[0.24801753 0.46756215 0.18148157 0.10293875],0.009451141061395014
1163,FACE3c_W49,RELIG,Roman Catholic,[0.22777809 0.55042306 0.13726931 0.08452954],0.007452711088201241
1164,UNDERSTANDCO_W49,RELIG,Agnostic,[0.05983636 0.38136099 0.50864783 0.05015482],0.0
1165,UNDERSTANDCO_W49,RELIG,Atheist,[0.09574518 0.45515317 0.40481213 0.04428952],0.0
1166,UNDERSTANDCO_W49,RELIG,Buddhist,[0.06139279 0.43882916 0.46117775 0.0386003 ],0.0
1167,UNDERSTANDCO_W49,RELIG,Hindu,[0.08853723 0.21618858 0.62708477 0.06818942],0.0
1168,UNDERSTANDCO_W49,RELIG,Jewish,[0.03022702 0.46922091 0.42086165 0.07969042],0.0
1169,UNDERSTANDCO_W49,RELIG,Mormon,[0.07993655 0.33073374 0.50463454 0.08469518],0.0
1170,UNDERSTANDCO_W49,RELIG,Muslim,[0.08502715 0.15390519 0.57749701 0.18357065],0.0
1171,UNDERSTANDCO_W49,RELIG,Nothing in particular,[0.07209228 0.31705843 0.45238583 0.15846346],0.0042935826701732795
1172,UNDERSTANDCO_W49,RELIG,Orthodox,[0.         0.16047328 0.77343602 0.0660907 ],0.0
1173,UNDERSTANDCO_W49,RELIG,Other,[0.01503479 0.29304818 0.58464988 0.10726716],0.0
1174,UNDERSTANDCO_W49,RELIG,Protestant,[0.05572041 0.31472013 0.50697351 0.12258594],0.009651442384662545
1175,UNDERSTANDCO_W49,RELIG,Roman Catholic,[0.06001961 0.38597698 0.45673929 0.09726412],0.012134858033624393
0,GOVREGV1_W49,RELIGATTEND,A few times a year,[0.77814534 0.09355107 0.12830359],0.009584221727396298
1,GOVREGV1_W49,RELIGATTEND,More than once a week,[0.71335215 0.09418553 0.19246232],0.004203146555781672
2,GOVREGV1_W49,RELIGATTEND,Never,[0.77529739 0.06385451 0.1608481 ],0.018998858483156692
3,GOVREGV1_W49,RELIGATTEND,Once a week,[0.66649697 0.11055832 0.22294471],0.0041565150368221854
4,GOVREGV1_W49,RELIGATTEND,Once or twice a month,[0.78960361 0.10642505 0.10397134],0.003609943343734664
5,GOVREGV1_W49,RELIGATTEND,Seldom,[0.78907566 0.06598584 0.1449385 ],0.02094227061969626
6,CONTROLGOV_W49,RELIGATTEND,A few times a year,[0.02620326 0.15126606 0.50445416 0.31807653],0.002127217080998819
7,CONTROLGOV_W49,RELIGATTEND,More than once a week,[0.05079883 0.09511064 0.39776649 0.45632405],0.0
8,CONTROLGOV_W49,RELIGATTEND,Never,[0.02162745 0.1293458  0.37260097 0.47642577],0.004005355356247423
9,CONTROLGOV_W49,RELIGATTEND,Once a week,[0.04890265 0.10456277 0.41319999 0.43333458],0.006147685323300581
10,CONTROLGOV_W49,RELIGATTEND,Once or twice a month,[0.06468558 0.13610558 0.3926695  0.40653934],0.0
11,CONTROLGOV_W49,RELIGATTEND,Seldom,[0.03397383 0.11615217 0.41861    0.431264  ],0.0005657774416345964
12,SMARTPHONE_W49,RELIGATTEND,A few times a year,[0.87231061 0.12768939],0.000812241660359194
13,SMARTPHONE_W49,RELIGATTEND,More than once a week,[0.88914756 0.11085244],0.01012129014083104
14,SMARTPHONE_W49,RELIGATTEND,Never,[0.88690222 0.11309778],0.003281998642081441
15,SMARTPHONE_W49,RELIGATTEND,Once a week,[0.85343247 0.14656753],0.005503148446167091
16,SMARTPHONE_W49,RELIGATTEND,Once or twice a month,[0.89255947 0.10744053],0.00047384427604559996
17,SMARTPHONE_W49,RELIGATTEND,Seldom,[0.87609894 0.12390106],0.0030258150954275286
18,CONTROLGRPa_W49,RELIGATTEND,A few times a year,[0.21485016 0.47305911 0.31209073],0.0059952080527822015
19,CONTROLGRPa_W49,RELIGATTEND,More than once a week,[0.13354684 0.58485849 0.28159467],0.0
20,CONTROLGRPa_W49,RELIGATTEND,Never,[0.1181295  0.50459609 0.37727441],0.0018282061586320153
21,CONTROLGRPa_W49,RELIGATTEND,Once a week,[0.17076995 0.49389243 0.33533762],0.0017466938995992886
22,CONTROLGRPa_W49,RELIGATTEND,Once or twice a month,[0.13490675 0.47830832 0.38678493],0.0
23,CONTROLGRPa_W49,RELIGATTEND,Seldom,[0.16000919 0.48917449 0.35081632],0.0
24,FACE3a_W49,RELIGATTEND,A few times a year,[0.03820694 0.21899036 0.47045787 0.27234484],0.006976685279722029
25,FACE3a_W49,RELIGATTEND,More than once a week,[0.03433464 0.21888317 0.39170136 0.35508083],0.02829194114841991
26,FACE3a_W49,RELIGATTEND,Never,[0.01001536 0.14412308 0.36363677 0.48222479],0.007824993140589914
27,FACE3a_W49,RELIGATTEND,Once a week,[0.0257428  0.20190457 0.42753236 0.34482027],0.013789382215894083
28,FACE3a_W49,RELIGATTEND,Once or twice a month,[0.04740657 0.2137946  0.35266227 0.38613656],0.01756192565251901
29,FACE3a_W49,RELIGATTEND,Seldom,[0.03130535 0.1706082  0.4022755  0.39581095],0.0058311875365077105
30,PP6b_W49,RELIGATTEND,A few times a year,[0.06190054 0.31369378 0.40051666 0.22388902],0.0011477417729635492
31,PP6b_W49,RELIGATTEND,More than once a week,[0.04769792 0.27863962 0.35576762 0.31789484],0.01855945117950654
32,PP6b_W49,RELIGATTEND,Never,[0.05482824 0.32311892 0.33139956 0.29065329],0.007510165613071397
33,PP6b_W49,RELIGATTEND,Once a week,[0.07961316 0.28975411 0.36188486 0.26874786],0.002579859749259857
34,PP6b_W49,RELIGATTEND,Once or twice a month,[0.06853232 0.28660781 0.37776212 0.26709775],0.00047384427604559986
35,PP6b_W49,RELIGATTEND,Seldom,[0.04173943 0.29743849 0.39261503 0.26820705],0.0025137425449938923
36,FACE2a_W49,RELIGATTEND,A few times a year,[0.20518225 0.65779255 0.11564971 0.02137549],0.009175780402808111
37,FACE2a_W49,RELIGATTEND,More than once a week,[0.30062902 0.55368305 0.13037086 0.01531706],0.024478816083509623
38,FACE2a_W49,RELIGATTEND,Never,[0.23884497 0.60669056 0.13773492 0.01672955],0.012282150661527852
39,FACE2a_W49,RELIGATTEND,Once a week,[0.26243965 0.61852413 0.10402477 0.01501144],0.013619395358198304
40,FACE2a_W49,RELIGATTEND,Once or twice a month,[0.21892389 0.68068518 0.09808938 0.00230154],0.0027413849537370645
41,FACE2a_W49,RELIGATTEND,Seldom,[0.24411948 0.60256133 0.14171812 0.01160108],0.011788171760390785
42,TALKCMNSNSINT_W49,RELIGATTEND,A few times a year,[0.32822231 0.67177769],0.03732125774047031
43,TALKCMNSNSINT_W49,RELIGATTEND,More than once a week,[0.28013442 0.71986558],0.10144299927409772
44,TALKCMNSNSINT_W49,RELIGATTEND,Never,[0.24833989 0.75166011],0.07206602958061754
45,TALKCMNSNSINT_W49,RELIGATTEND,Once a week,[0.31189995 0.68810005],0.05331652933950395
46,TALKCMNSNSINT_W49,RELIGATTEND,Once or twice a month,[0.28887262 0.71112738],0.09966050646878881
47,TALKCMNSNSINT_W49,RELIGATTEND,Seldom,[0.2586282 0.7413718],0.06376031891901533
48,DATAUSEc_W49,RELIGATTEND,A few times a year,[0.63465913 0.36534087],0.17304913355698243
49,DATAUSEc_W49,RELIGATTEND,More than once a week,[0.61339618 0.38660382],0.14159110049160775
50,DATAUSEc_W49,RELIGATTEND,Never,[0.54608928 0.45391072],0.21047717385388773
51,DATAUSEc_W49,RELIGATTEND,Once a week,[0.65415871 0.34584129],0.21845715188102557
52,DATAUSEc_W49,RELIGATTEND,Once or twice a month,[0.63610706 0.36389294],0.1963969037805639
53,DATAUSEc_W49,RELIGATTEND,Seldom,[0.56528518 0.43471482],0.1459942774945671
54,DNATEST_W49,RELIGATTEND,A few times a year,[0.15523182 0.84476818],0.0011166595918877407
55,DNATEST_W49,RELIGATTEND,More than once a week,[0.13185394 0.86814606],0.005429629888725724
56,DNATEST_W49,RELIGATTEND,Never,[0.15664964 0.84335036],0.0034323093450617324
57,DNATEST_W49,RELIGATTEND,Once a week,[0.12568648 0.87431352],0.0021902423423564793
58,DNATEST_W49,RELIGATTEND,Once or twice a month,[0.15533612 0.84466388],0.0
59,DNATEST_W49,RELIGATTEND,Seldom,[0.18644917 0.81355083],0.005346441751084203
60,PP5c_W49,RELIGATTEND,A few times a year,[0.03417599 0.22574453 0.47990274 0.26017674],0.00033061829701079733
61,PP5c_W49,RELIGATTEND,More than once a week,[0.01890764 0.22447506 0.51231922 0.24429808],0.00867587296067195
62,PP5c_W49,RELIGATTEND,Never,[0.02198328 0.14234769 0.44620171 0.38946732],0.00604429144134272
63,PP5c_W49,RELIGATTEND,Once a week,[0.0262353  0.18794736 0.46630358 0.31951376],0.010283251046605647
64,PP5c_W49,RELIGATTEND,Once or twice a month,[0.08071806 0.17008881 0.42576079 0.32343234],0.0024988475069245442
65,PP5c_W49,RELIGATTEND,Seldom,[0.02548406 0.17069734 0.48216912 0.32164948],0.0013230093649702318
66,PP5e_W49,RELIGATTEND,A few times a year,[0.04012308 0.25140789 0.45689173 0.2515773 ],0.004540455277870647
67,PP5e_W49,RELIGATTEND,More than once a week,[0.05731378 0.26336126 0.45802321 0.22130176],0.00867587296067195
68,PP5e_W49,RELIGATTEND,Never,[0.01970868 0.15507681 0.40438586 0.42082866],0.007761867723540533
69,PP5e_W49,RELIGATTEND,Once a week,[0.04738531 0.24233775 0.42024727 0.29002967],0.004944575642191057
70,PP5e_W49,RELIGATTEND,Once or twice a month,[0.11483625 0.20637845 0.41636462 0.26242068],0.0
71,PP5e_W49,RELIGATTEND,Seldom,[0.03127349 0.19123216 0.4629154  0.31457895],0.001970685452851415
72,PUBLICDATA_W49,RELIGATTEND,A few times a year,[0.275113 0.724887],0.02528914950479389
73,PUBLICDATA_W49,RELIGATTEND,More than once a week,[0.23080419 0.76919581],0.05916777349402574
74,PUBLICDATA_W49,RELIGATTEND,Never,[0.22929939 0.77070061],0.03222432033996503
75,PUBLICDATA_W49,RELIGATTEND,Once a week,[0.25211537 0.74788463],0.04005567249035069
76,PUBLICDATA_W49,RELIGATTEND,Once or twice a month,[0.26910164 0.73089836],0.009979609304007911
77,PUBLICDATA_W49,RELIGATTEND,Seldom,[0.21455624 0.78544376],0.025329748052988987
78,HOMEASSIST5a_W49,RELIGATTEND,A few times a year,[0.52312289 0.47687711],0.0
79,HOMEASSIST5a_W49,RELIGATTEND,More than once a week,[0.38941845 0.61058155],0.0
80,HOMEASSIST5a_W49,RELIGATTEND,Never,[0.48107956 0.51892044],0.0
81,HOMEASSIST5a_W49,RELIGATTEND,Once a week,[0.40317438 0.59682562],0.0024712105056324566
82,HOMEASSIST5a_W49,RELIGATTEND,Once or twice a month,[0.32905271 0.67094729],0.0
83,HOMEASSIST5a_W49,RELIGATTEND,Seldom,[0.33535147 0.66464853],0.00422497245363625
84,PP1_W49,RELIGATTEND,A few times a year,[0.27884134 0.30684692 0.22201958 0.1686188  0.02367335],0.004208729316438485
85,PP1_W49,RELIGATTEND,More than once a week,[0.27072298 0.30920206 0.19647157 0.19988944 0.02371396],0.0024981791200614015
86,PP1_W49,RELIGATTEND,Never,[0.23838518 0.35040881 0.25092723 0.13633594 0.02394285],0.005504819830233272
87,PP1_W49,RELIGATTEND,Once a week,[0.23724557 0.28609292 0.26652583 0.17565614 0.03447954],0.001032271364753921
88,PP1_W49,RELIGATTEND,Once or twice a month,[0.28533026 0.29529376 0.2379898  0.15625269 0.02513349],0.0
89,PP1_W49,RELIGATTEND,Seldom,[0.24808962 0.3365106  0.25083396 0.13518233 0.02938349],0.0020799796139110535
90,BENEFITCO_W49,RELIGATTEND,A few times a year,[0.0713312  0.31926218 0.60940662 0.        ],0.0019064969345813096
91,BENEFITCO_W49,RELIGATTEND,More than once a week,[0.03488184 0.33277729 0.63234087 0.        ],0.03609770090121667
92,BENEFITCO_W49,RELIGATTEND,Never,[0.07611394 0.29136684 0.63251922 0.        ],0.0026326360766621157
93,BENEFITCO_W49,RELIGATTEND,Once a week,[0.0927502  0.29042646 0.61682334 0.        ],0.0
94,BENEFITCO_W49,RELIGATTEND,Once or twice a month,[0.04759173 0.3276423  0.62476596 0.        ],0.0
95,BENEFITCO_W49,RELIGATTEND,Seldom,[0.02498879 0.2795828  0.69542841 0.        ],0.0015829892796063057
96,POSNEGGOV_W49,RELIGATTEND,A few times a year,[0.3153007 0.6846993],0.037287268802977974
97,POSNEGGOV_W49,RELIGATTEND,More than once a week,[0.2712278 0.7287722],0.10469583860713295
98,POSNEGGOV_W49,RELIGATTEND,Never,[0.29410468 0.70589532],0.025164667444710565
99,POSNEGGOV_W49,RELIGATTEND,Once a week,[0.3351843 0.6648157],0.02672584333819833
100,POSNEGGOV_W49,RELIGATTEND,Once or twice a month,[0.36586119 0.63413881],0.02873376055077433
101,POSNEGGOV_W49,RELIGATTEND,Seldom,[0.34032915 0.65967085],0.03240598551098974
102,RTBFc_W49,RELIGATTEND,A few times a year,[0.66590229 0.33409771],0.02188964638848062
103,RTBFc_W49,RELIGATTEND,More than once a week,[0.60609401 0.39390599],0.024525501143040963
104,RTBFc_W49,RELIGATTEND,Never,[0.48093962 0.51906038],0.012393461567290584
105,RTBFc_W49,RELIGATTEND,Once a week,[0.60236868 0.39763132],0.0338767563757998
106,RTBFc_W49,RELIGATTEND,Once or twice a month,[0.60386012 0.39613988],0.021195525494851198
107,RTBFc_W49,RELIGATTEND,Seldom,[0.5837901 0.4162099],0.030296522062678737
108,FACE4d_W49,RELIGATTEND,A few times a year,[0.57210456 0.42789544],0.17929098075440608
109,FACE4d_W49,RELIGATTEND,More than once a week,[0.55372793 0.44627207],0.26069060976150843
110,FACE4d_W49,RELIGATTEND,Never,[0.45855761 0.54144239],0.1723743671709378
111,FACE4d_W49,RELIGATTEND,Once a week,[0.59270107 0.40729893],0.18086839405667332
112,FACE4d_W49,RELIGATTEND,Once or twice a month,[0.56140726 0.43859274],0.21742172770173743
113,FACE4d_W49,RELIGATTEND,Seldom,[0.48814367 0.51185633],0.17425274069377952
114,RTDa_W49,RELIGATTEND,A few times a year,[0.41374824 0.58625176],0.010543004700211796
115,RTDa_W49,RELIGATTEND,More than once a week,[0.37347276 0.62652724],0.08818554213385897
116,RTDa_W49,RELIGATTEND,Never,[0.38737963 0.61262037],0.02247200524255466
117,RTDa_W49,RELIGATTEND,Once a week,[0.3163523 0.6836477],0.030080436578698848
118,RTDa_W49,RELIGATTEND,Once or twice a month,[0.36827236 0.63172764],0.038358436562550884
119,RTDa_W49,RELIGATTEND,Seldom,[0.36802489 0.63197511],0.018875731355980092
120,PP4_W49,RELIGATTEND,A few times a year,[0.1147876  0.57709535 0.28821391 0.01990314],0.003908421306034056
121,PP4_W49,RELIGATTEND,More than once a week,[0.11559684 0.57192314 0.29326708 0.01921294],0.0
122,PP4_W49,RELIGATTEND,Never,[0.11259862 0.55983171 0.27721653 0.05035314],0.0
123,PP4_W49,RELIGATTEND,Once a week,[0.15080184 0.49119593 0.31896922 0.03903301],0.0015897362361545844
124,PP4_W49,RELIGATTEND,Once or twice a month,[0.18738062 0.48791594 0.29992458 0.02477886],0.0
125,PP4_W49,RELIGATTEND,Seldom,[0.11946781 0.57017821 0.2940758  0.01627818],0.0018703791868732635
126,PROFILE3_W49,RELIGATTEND,A few times a year,[0.49617498 0.36951436 0.13431067],0.07182388250319101
127,PROFILE3_W49,RELIGATTEND,More than once a week,[0.54324605 0.32724678 0.12950718],0.05344089817296014
128,PROFILE3_W49,RELIGATTEND,Never,[0.57716088 0.34667686 0.07616226],0.04575680113473097
129,PROFILE3_W49,RELIGATTEND,Once a week,[0.46876067 0.41694362 0.11429571],0.12308937317017787
130,PROFILE3_W49,RELIGATTEND,Once or twice a month,[0.56525327 0.34512423 0.0896225 ],0.0689105898445881
131,PROFILE3_W49,RELIGATTEND,Seldom,[0.51087169 0.38585059 0.10327772],0.07763070815880294
132,CONCERNCO_W49,RELIGATTEND,A few times a year,[0.38937379 0.42823021 0.17253696 0.00985904],0.0015933056441195027
133,CONCERNCO_W49,RELIGATTEND,More than once a week,[0.34234863 0.48273808 0.16129345 0.01361984],0.0
134,CONCERNCO_W49,RELIGATTEND,Never,[0.35678738 0.43298195 0.15481207 0.0554186 ],0.0018905875075982913
135,CONCERNCO_W49,RELIGATTEND,Once a week,[0.31980794 0.44228578 0.19786738 0.0400389 ],0.0033582261440448296
136,CONCERNCO_W49,RELIGATTEND,Once or twice a month,[0.38499582 0.38217273 0.21197604 0.02085541],0.0
137,CONCERNCO_W49,RELIGATTEND,Seldom,[0.36731885 0.43999452 0.15606886 0.03661777],0.0016258980481087969
138,CONTROLGRPf_W49,RELIGATTEND,A few times a year,[0.16366544 0.56043059 0.27590397],0.0021272170809988186
139,CONTROLGRPf_W49,RELIGATTEND,More than once a week,[0.09801737 0.50519006 0.39679257],0.010975648455499021
140,CONTROLGRPf_W49,RELIGATTEND,Never,[0.10927374 0.46481982 0.42590644],0.003243352743924742
141,CONTROLGRPf_W49,RELIGATTEND,Once a week,[0.14447198 0.47542386 0.38010416],0.009348727949105382
142,CONTROLGRPf_W49,RELIGATTEND,Once or twice a month,[0.14522032 0.59022219 0.26455749],0.0
143,CONTROLGRPf_W49,RELIGATTEND,Seldom,[0.14040596 0.46925626 0.39033779],0.003495072514212708
144,PP5d_W49,RELIGATTEND,A few times a year,[0.04721063 0.31656281 0.47094114 0.16528542],0.0016147214694551741
145,PP5d_W49,RELIGATTEND,More than once a week,[0.01961477 0.30814687 0.51680623 0.15543213],0.0077280884039590434
146,PP5d_W49,RELIGATTEND,Never,[0.02957121 0.23335848 0.46771922 0.26935109],0.007507117475258724
147,PP5d_W49,RELIGATTEND,Once a week,[0.0429371  0.30989438 0.45879162 0.18837691],0.006928805207553697
148,PP5d_W49,RELIGATTEND,Once or twice a month,[0.0598574  0.27699816 0.4333679  0.22977653],0.0
149,PP5d_W49,RELIGATTEND,Seldom,[0.03019856 0.25862228 0.49379952 0.21737964],0.0048475716330948155
150,CONCERNGRPc_W49,RELIGATTEND,A few times a year,[0.20564813 0.45805577 0.3362961 ],0.0043343444978671325
151,CONCERNGRPc_W49,RELIGATTEND,More than once a week,[0.09607187 0.42185552 0.48207261],0.030824400911046098
152,CONCERNGRPc_W49,RELIGATTEND,Never,[0.17499326 0.38051125 0.44449549],0.004425731384635983
153,CONCERNGRPc_W49,RELIGATTEND,Once a week,[0.19866044 0.39705042 0.40428914],0.015988058739001793
154,CONCERNGRPc_W49,RELIGATTEND,Once or twice a month,[0.12273571 0.45807896 0.41918533],0.0
155,CONCERNGRPc_W49,RELIGATTEND,Seldom,[0.2472818  0.30995027 0.44276792],0.0
156,GOVREGV2_W49,RELIGATTEND,A few times a year,[0.49237084 0.50762916],0.005757210248303918
157,GOVREGV2_W49,RELIGATTEND,More than once a week,[0.57187567 0.42812433],0.0
158,GOVREGV2_W49,RELIGATTEND,Never,[0.56742033 0.43257967],0.016950811241128103
159,GOVREGV2_W49,RELIGATTEND,Once a week,[0.60179783 0.39820217],0.007324692923645937
160,GOVREGV2_W49,RELIGATTEND,Once or twice a month,[0.46325854 0.53674146],0.005992914290854602
161,GOVREGV2_W49,RELIGATTEND,Seldom,[0.55783128 0.44216872],0.01709097433570376
162,PP2_W49,RELIGATTEND,A few times a year,[0.11347129 0.15967599 0.4307267  0.29612603],0.0044436949347221606
163,PP2_W49,RELIGATTEND,More than once a week,[0.13971314 0.17139879 0.37088117 0.3180069 ],0.014799874719195636
164,PP2_W49,RELIGATTEND,Never,[0.05140703 0.12648914 0.35259235 0.46951149],0.004475888685806895
165,PP2_W49,RELIGATTEND,Once a week,[0.10734609 0.11966878 0.45722355 0.31576158],0.010313713327629313
166,PP2_W49,RELIGATTEND,Once or twice a month,[0.11155958 0.15329388 0.41713243 0.31801412],0.0
167,PP2_W49,RELIGATTEND,Seldom,[0.09275892 0.1388595  0.37704075 0.39134083],0.0018996025761547845
168,ANONYMOUS1GOV_W49,RELIGATTEND,A few times a year,[0.39168299 0.60831701],0.0
169,ANONYMOUS1GOV_W49,RELIGATTEND,More than once a week,[0.37981181 0.62018819],0.01129561241612947
170,ANONYMOUS1GOV_W49,RELIGATTEND,Never,[0.34870827 0.65129173],0.005689967588147481
171,ANONYMOUS1GOV_W49,RELIGATTEND,Once a week,[0.34053541 0.65946459],0.013529337786565409
172,ANONYMOUS1GOV_W49,RELIGATTEND,Once or twice a month,[0.40083184 0.59916816],0.0
173,ANONYMOUS1GOV_W49,RELIGATTEND,Seldom,[0.36969001 0.63030999],0.008314137220959018
174,FACE4a_W49,RELIGATTEND,A few times a year,[0.83030921 0.16969079],0.13135917729599794
175,FACE4a_W49,RELIGATTEND,More than once a week,[0.81207998 0.18792002],0.1453485342534924
176,FACE4a_W49,RELIGATTEND,Never,[0.74691611 0.25308389],0.17074963499557225
177,FACE4a_W49,RELIGATTEND,Once a week,[0.89432832 0.10567168],0.10626655952396098
178,FACE4a_W49,RELIGATTEND,Once or twice a month,[0.8508824 0.1491176],0.21440887214456433
179,FACE4a_W49,RELIGATTEND,Seldom,[0.76181922 0.23818078],0.1590044380411114
180,FACE2b_W49,RELIGATTEND,A few times a year,[0.1602057  0.55722292 0.22882212 0.05374926],0.013337777812070382
181,FACE2b_W49,RELIGATTEND,More than once a week,[0.18512403 0.57651097 0.20019146 0.03817353],0.011067728534024745
182,FACE2b_W49,RELIGATTEND,Never,[0.20771588 0.54525122 0.20327613 0.04375677],0.015195407415151909
183,FACE2b_W49,RELIGATTEND,Once a week,[0.19187141 0.53523916 0.22247176 0.05041767],0.01827013455962465
184,FACE2b_W49,RELIGATTEND,Once or twice a month,[0.17024963 0.57202288 0.23063676 0.02709073],0.006270080930277627
185,FACE2b_W49,RELIGATTEND,Seldom,[0.16798282 0.55277954 0.2334954  0.04574224],0.01122071372589106
186,SECUR1_W49,RELIGATTEND,A few times a year,[0.07050303 0.69133341 0.23816356],0.003998434393503554
187,SECUR1_W49,RELIGATTEND,More than once a week,[0.10185282 0.65314688 0.2450003 ],0.0
188,SECUR1_W49,RELIGATTEND,Never,[0.0460709  0.72357475 0.23035436],0.004033875749445809
189,SECUR1_W49,RELIGATTEND,Once a week,[0.05753507 0.73023579 0.21222914],0.0018631653124731053
190,SECUR1_W49,RELIGATTEND,Once or twice a month,[0.10655809 0.6634631  0.22997881],0.0
191,SECUR1_W49,RELIGATTEND,Seldom,[0.04984782 0.68146488 0.26868729],0.0002456653443508256
192,LOYALTY_W49,RELIGATTEND,A few times a year,[0.69499775 0.30500225],0.0038906005431459815
193,LOYALTY_W49,RELIGATTEND,More than once a week,[0.62882406 0.37117594],0.008324525251817864
194,LOYALTY_W49,RELIGATTEND,Never,[0.63210776 0.36789224],0.0014586075628256466
195,LOYALTY_W49,RELIGATTEND,Once a week,[0.60959968 0.39040032],0.0021902423423564798
196,LOYALTY_W49,RELIGATTEND,Once or twice a month,[0.61836925 0.38163075],0.0
197,LOYALTY_W49,RELIGATTEND,Seldom,[0.67727567 0.32272433],0.0006142755667809672
198,PP3_W49,RELIGATTEND,A few times a year,[0.20182701 0.35317018 0.4450028 ],0.0
199,PP3_W49,RELIGATTEND,More than once a week,[0.23954732 0.38754274 0.37290994],0.00829803013839933
200,PP3_W49,RELIGATTEND,Never,[0.18862803 0.32442552 0.48694645],0.00042590990644303606
201,PP3_W49,RELIGATTEND,Once a week,[0.24691101 0.33460787 0.41848112],0.002056453116141159
202,PP3_W49,RELIGATTEND,Once or twice a month,[0.24544652 0.36122017 0.39333331],0.0
203,PP3_W49,RELIGATTEND,Seldom,[0.23179714 0.36000255 0.40820031],0.004279191568283704
204,CONTROLGRPe_W49,RELIGATTEND,A few times a year,[0.11787143 0.45735226 0.34851763 0.07625868],0.0026996233198673027
205,CONTROLGRPe_W49,RELIGATTEND,More than once a week,[0.09006964 0.48805325 0.36659752 0.05527959],0.010975648455499023
206,CONTROLGRPe_W49,RELIGATTEND,Never,[0.08987086 0.40811888 0.4804077  0.02160256],0.001999475865076338
207,CONTROLGRPe_W49,RELIGATTEND,Once a week,[0.10046225 0.47839067 0.36400764 0.05713944],0.0
208,CONTROLGRPe_W49,RELIGATTEND,Once or twice a month,[0.15010876 0.38587194 0.40577833 0.05824097],0.0
209,CONTROLGRPe_W49,RELIGATTEND,Seldom,[0.09080932 0.43447328 0.42245149 0.05226591],0.0005657774416345965
210,TRACKCO1a_W49,RELIGATTEND,A few times a year,[0.360599   0.30677872 0.24935637 0.05378813 0.02947778],0.0020409219159863014
211,TRACKCO1a_W49,RELIGATTEND,More than once a week,[0.46696479 0.28315054 0.18399775 0.03991207 0.02597486],0.053703627563990906
212,TRACKCO1a_W49,RELIGATTEND,Never,[0.49242094 0.29015983 0.14034479 0.02759892 0.04947552],0.00227625531049424
213,TRACKCO1a_W49,RELIGATTEND,Once a week,[0.31149678 0.2858042  0.24876429 0.0958445  0.05809022],0.0028480735389416196
214,TRACKCO1a_W49,RELIGATTEND,Once or twice a month,[0.32716851 0.4209762  0.16103655 0.01840019 0.07241856],0.0
215,TRACKCO1a_W49,RELIGATTEND,Seldom,[0.42598637 0.33343092 0.17088944 0.03314867 0.0365446 ],0.002986871915227395
216,CONTROLCO_W49,RELIGATTEND,A few times a year,[0.04983893 0.16743013 0.53831244 0.24441851],0.0015933056441195027
217,CONTROLCO_W49,RELIGATTEND,More than once a week,[0.02432371 0.18836682 0.47279035 0.31451911],0.0
218,CONTROLCO_W49,RELIGATTEND,Never,[0.02265046 0.14824469 0.49773574 0.33136911],0.009534097826683845
219,CONTROLCO_W49,RELIGATTEND,Once a week,[0.04341446 0.17289106 0.48744113 0.29625334],0.0
220,CONTROLCO_W49,RELIGATTEND,Once or twice a month,[0.02600334 0.1421317  0.58791009 0.24395486],0.0
221,CONTROLCO_W49,RELIGATTEND,Seldom,[0.03640873 0.1227629  0.51217069 0.32865768],0.0
222,SOCMEDIAUSEc_W49,RELIGATTEND,A few times a year,[0.21937784 0.78062216],0.012695789541029949
223,SOCMEDIAUSEc_W49,RELIGATTEND,More than once a week,[0.20066133 0.79933867],0.017679251536150055
224,SOCMEDIAUSEc_W49,RELIGATTEND,Never,[0.25541887 0.74458113],0.012185742344163345
225,SOCMEDIAUSEc_W49,RELIGATTEND,Once a week,[0.209828 0.790172],0.023643419105376734
226,SOCMEDIAUSEc_W49,RELIGATTEND,Once or twice a month,[0.21382082 0.78617918],0.02562031064533148
227,SOCMEDIAUSEc_W49,RELIGATTEND,Seldom,[0.23266678 0.76733322],0.018745454824299214
228,PRIVACYREG_W49,RELIGATTEND,A few times a year,[0.03910687 0.40813321 0.4644183  0.08834162],0.0017330413043872438
229,PRIVACYREG_W49,RELIGATTEND,More than once a week,[0.02221033 0.35487097 0.49912731 0.12379139],0.0
230,PRIVACYREG_W49,RELIGATTEND,Never,[0.01697291 0.30800046 0.50412906 0.17089757],0.0035498181382280242
231,PRIVACYREG_W49,RELIGATTEND,Once a week,[0.03768382 0.30228676 0.49689489 0.16313452],0.005972019740165991
232,PRIVACYREG_W49,RELIGATTEND,Once or twice a month,[0.0348479  0.34470152 0.46224298 0.15820759],0.0
233,PRIVACYREG_W49,RELIGATTEND,Seldom,[0.0374735  0.33964442 0.50399703 0.11888505],0.0002781558491233583
234,TALKDISASNSINT_W49,RELIGATTEND,A few times a year,[0.32138111 0.67861889],0.017962414910440035
235,TALKDISASNSINT_W49,RELIGATTEND,More than once a week,[0.32437287 0.67562713],0.0775958210554118
236,TALKDISASNSINT_W49,RELIGATTEND,Never,[0.24079922 0.75920078],0.06171338995151534
237,TALKDISASNSINT_W49,RELIGATTEND,Once a week,[0.31260857 0.68739143],0.05873898990137
238,TALKDISASNSINT_W49,RELIGATTEND,Once or twice a month,[0.29870061 0.70129939],0.04235294387666809
239,TALKDISASNSINT_W49,RELIGATTEND,Seldom,[0.28394337 0.71605663],0.038569898028642885
240,PRIVACYNEWS1_W49,RELIGATTEND,A few times a year,[0.13902803 0.49279041 0.32076027 0.04742129],0.002613568499255259
241,PRIVACYNEWS1_W49,RELIGATTEND,More than once a week,[0.12156284 0.42934212 0.34978791 0.09930713],0.014412815165836508
242,PRIVACYNEWS1_W49,RELIGATTEND,Never,[0.07885508 0.46804036 0.33906073 0.11404384],0.0032430174150649815
243,PRIVACYNEWS1_W49,RELIGATTEND,Once a week,[0.11689232 0.41940383 0.33623744 0.12746641],0.0022343513237083265
244,PRIVACYNEWS1_W49,RELIGATTEND,Once or twice a month,[0.11336309 0.41453568 0.35872191 0.11337932],0.0
245,PRIVACYNEWS1_W49,RELIGATTEND,Seldom,[0.11086541 0.48687001 0.32493401 0.07733056],0.0
246,HOMEASSIST4_W49,RELIGATTEND,A few times a year,[0.19414022 0.39153516 0.353139   0.06118562],0.0
247,HOMEASSIST4_W49,RELIGATTEND,More than once a week,[0.2719358  0.36256827 0.28711906 0.07837687],0.07255962999172953
248,HOMEASSIST4_W49,RELIGATTEND,Never,[0.14941441 0.35961781 0.33461254 0.15635524],0.0
249,HOMEASSIST4_W49,RELIGATTEND,Once a week,[0.17262998 0.41912002 0.27283476 0.13541524],0.015005894061654335
250,HOMEASSIST4_W49,RELIGATTEND,Once or twice a month,[0.18801898 0.39687326 0.25292641 0.16218135],0.0033163972433373026
251,HOMEASSIST4_W49,RELIGATTEND,Seldom,[0.18414108 0.38431769 0.32805887 0.10348236],0.005047346675552566
252,FITTRACK_W49,RELIGATTEND,A few times a year,[0.27272225 0.72727775],0.0011600115729338435
253,FITTRACK_W49,RELIGATTEND,More than once a week,[0.22712302 0.77287698],0.005436324007186809
254,FITTRACK_W49,RELIGATTEND,Never,[0.18321647 0.81678353],0.0031242443937961072
255,FITTRACK_W49,RELIGATTEND,Once a week,[0.21855648 0.78144352],0.0021902423423564798
256,FITTRACK_W49,RELIGATTEND,Once or twice a month,[0.25537506 0.74462494],0.0
257,FITTRACK_W49,RELIGATTEND,Seldom,[0.1937204 0.8062796],0.0
258,DATAUSEb_W49,RELIGATTEND,A few times a year,[0.60289915 0.39710085],0.2494927234667758
259,DATAUSEb_W49,RELIGATTEND,More than once a week,[0.61345574 0.38654426],0.13866295983720775
260,DATAUSEb_W49,RELIGATTEND,Never,[0.67119581 0.32880419],0.23386651524210633
261,DATAUSEb_W49,RELIGATTEND,Once a week,[0.6888416 0.3111584],0.30623182259548587
262,DATAUSEb_W49,RELIGATTEND,Once or twice a month,[0.56287566 0.43712434],0.21358470607707736
263,DATAUSEb_W49,RELIGATTEND,Seldom,[0.64135926 0.35864074],0.23834239234853238
264,CONCERNGOV_W49,RELIGATTEND,A few times a year,[0.21440455 0.47445034 0.26784368 0.04330143],0.004648770854642062
265,CONCERNGOV_W49,RELIGATTEND,More than once a week,[0.32868062 0.26164984 0.27823105 0.13143849],0.013308433053767142
266,CONCERNGOV_W49,RELIGATTEND,Never,[0.24143561 0.37173289 0.26753292 0.11929857],0.001999475865076338
267,CONCERNGOV_W49,RELIGATTEND,Once a week,[0.24678066 0.40093923 0.26796769 0.08431242],0.010428828305570695
268,CONCERNGOV_W49,RELIGATTEND,Once or twice a month,[0.2500978  0.41929052 0.23758934 0.09302233],0.0
269,CONCERNGOV_W49,RELIGATTEND,Seldom,[0.27170066 0.38958922 0.24028562 0.09842451],0.003066778531393416
270,HOMEASSIST2_W49,RELIGATTEND,A few times a year,[0.12090369 0.42965037 0.3755031  0.07394284],0.0
271,HOMEASSIST2_W49,RELIGATTEND,More than once a week,[0.20468281 0.37254744 0.39162851 0.03114124],0.0
272,HOMEASSIST2_W49,RELIGATTEND,Never,[0.1283608  0.38172028 0.38335819 0.10656072],0.0
273,HOMEASSIST2_W49,RELIGATTEND,Once a week,[0.2027856  0.32844933 0.38566917 0.0830959 ],0.0
274,HOMEASSIST2_W49,RELIGATTEND,Once or twice a month,[0.12579338 0.3914395  0.36606798 0.11669914],0.0
275,HOMEASSIST2_W49,RELIGATTEND,Seldom,[0.12321063 0.46144633 0.30408409 0.11125895],0.0
276,TRACKGOV1a_W49,RELIGATTEND,A few times a year,[0.20503797 0.26445146 0.31507204 0.14015245 0.07528608],0.0036343678487643838
277,TRACKGOV1a_W49,RELIGATTEND,More than once a week,[0.2223422  0.23060788 0.26608356 0.09643096 0.1845354 ],0.02262214170517181
278,TRACKGOV1a_W49,RELIGATTEND,Never,[0.26605031 0.22249356 0.27510421 0.1654083  0.07094362],0.0019994758650763375
279,TRACKGOV1a_W49,RELIGATTEND,Once a week,[0.25750947 0.23882945 0.27393958 0.14139107 0.08833044],0.00468002004567969
280,TRACKGOV1a_W49,RELIGATTEND,Once or twice a month,[0.27653666 0.27804429 0.26488488 0.08529961 0.09523456],0.00477843011910182
281,TRACKGOV1a_W49,RELIGATTEND,Seldom,[0.20659975 0.2229421  0.35763439 0.12850319 0.08432057],0.003997179803287207
282,SHARE1_W49,RELIGATTEND,A few times a year,[0.52263963 0.47736037],0.0033274692461052998
283,SHARE1_W49,RELIGATTEND,More than once a week,[0.54225653 0.45774347],0.0
284,SHARE1_W49,RELIGATTEND,Never,[0.5245286 0.4754714],0.008724260585978964
285,SHARE1_W49,RELIGATTEND,Once a week,[0.50020886 0.49979114],0.008550186505061057
286,SHARE1_W49,RELIGATTEND,Once or twice a month,[0.52322395 0.47677605],0.0
287,SHARE1_W49,RELIGATTEND,Seldom,[0.51056494 0.48943506],0.0034817065444362363
288,HOMEASSIST5b_W49,RELIGATTEND,A few times a year,[0.320969 0.679031],0.01185625051094736
289,HOMEASSIST5b_W49,RELIGATTEND,More than once a week,[0.58594128 0.41405872],0.0
290,HOMEASSIST5b_W49,RELIGATTEND,Never,[0.35093508 0.64906492],0.0
291,HOMEASSIST5b_W49,RELIGATTEND,Once a week,[0.32192113 0.67807887],0.017144193755626296
292,HOMEASSIST5b_W49,RELIGATTEND,Once or twice a month,[0.42204601 0.57795399],0.0
293,HOMEASSIST5b_W49,RELIGATTEND,Seldom,[0.24126383 0.75873617],0.01046859676966692
294,CONCERNGRPd_W49,RELIGATTEND,A few times a year,[0.30389566 0.55734502 0.13875932],0.0
295,CONCERNGRPd_W49,RELIGATTEND,More than once a week,[0.34354697 0.41857765 0.23787538],0.0
296,CONCERNGRPd_W49,RELIGATTEND,Never,[0.29693995 0.49709753 0.20596252],0.0
297,CONCERNGRPd_W49,RELIGATTEND,Once a week,[0.28286466 0.50816361 0.20897173],0.007324772673933493
298,CONCERNGRPd_W49,RELIGATTEND,Once or twice a month,[0.28723601 0.46546163 0.24730235],0.0
299,CONCERNGRPd_W49,RELIGATTEND,Seldom,[0.28294228 0.5181872  0.19887053],0.0032378695359502187
300,ANONYMOUS1CO_W49,RELIGATTEND,A few times a year,[0.37666155 0.62333845],0.008019970493618045
301,ANONYMOUS1CO_W49,RELIGATTEND,More than once a week,[0.32261446 0.67738554],0.0
302,ANONYMOUS1CO_W49,RELIGATTEND,Never,[0.36575932 0.63424068],0.008037333050609377
303,ANONYMOUS1CO_W49,RELIGATTEND,Once a week,[0.33741486 0.66258514],0.0011001217096550321
304,ANONYMOUS1CO_W49,RELIGATTEND,Once or twice a month,[0.36221873 0.63778127],0.010249711945644
305,ANONYMOUS1CO_W49,RELIGATTEND,Seldom,[0.43563644 0.56436356],0.0011619646652347739
306,PP5a_W49,RELIGATTEND,A few times a year,[0.0434854  0.40333387 0.42457469 0.12860605],0.001317124072440728
307,PP5a_W49,RELIGATTEND,More than once a week,[0.03950026 0.40611591 0.39304404 0.16133978],0.023088688126508463
308,PP5a_W49,RELIGATTEND,Never,[0.04884042 0.32933577 0.39898024 0.22284358],0.006833301598236504
309,PP5a_W49,RELIGATTEND,Once a week,[0.05951387 0.39750569 0.3848147  0.15816575],0.004705003098412231
310,PP5a_W49,RELIGATTEND,Once or twice a month,[0.09399908 0.40217228 0.36113034 0.14269829],0.0
311,PP5a_W49,RELIGATTEND,Seldom,[0.03366606 0.36862441 0.43578305 0.16192648],0.0038768956381716956
312,POSNEGCO_W49,RELIGATTEND,A few times a year,[0.15839923 0.84160077],0.0015933056441195027
313,POSNEGCO_W49,RELIGATTEND,More than once a week,[0.20974265 0.79025735],0.02311526370279174
314,POSNEGCO_W49,RELIGATTEND,Never,[0.18318954 0.81681046],0.018917198698996173
315,POSNEGCO_W49,RELIGATTEND,Once a week,[0.19776295 0.80223705],0.021734437388746274
316,POSNEGCO_W49,RELIGATTEND,Once or twice a month,[0.20298867 0.79701133],0.020941510503871504
317,POSNEGCO_W49,RELIGATTEND,Seldom,[0.14279558 0.85720442],0.028156475472082016
318,BENEFITGOV_W49,RELIGATTEND,A few times a year,[0.06717504 0.31385578 0.61896918 0.        ],0.0
319,BENEFITGOV_W49,RELIGATTEND,More than once a week,[0.06941687 0.26230393 0.6682792  0.        ],0.02090326910511183
320,BENEFITGOV_W49,RELIGATTEND,Never,[0.0566646  0.23671679 0.70661861 0.        ],0.01484720466337871
321,BENEFITGOV_W49,RELIGATTEND,Once a week,[0.03800586 0.35921136 0.60278279 0.        ],0.029444751375562597
322,BENEFITGOV_W49,RELIGATTEND,Once or twice a month,[0.117248   0.35135551 0.53139649 0.        ],0.011138526768409865
323,BENEFITGOV_W49,RELIGATTEND,Seldom,[0.05447033 0.28234241 0.66318726 0.        ],0.007601847744952845
324,RTBFa_W49,RELIGATTEND,A few times a year,[0.42119152 0.57880848],0.018434245300530196
325,RTBFa_W49,RELIGATTEND,More than once a week,[0.38154522 0.61845478],0.03334335178555601
326,RTBFa_W49,RELIGATTEND,Never,[0.38151161 0.61848839],0.010514053269016754
327,RTBFa_W49,RELIGATTEND,Once a week,[0.3740863 0.6259137],0.02308602733616616
328,RTBFa_W49,RELIGATTEND,Once or twice a month,[0.37865322 0.62134678],0.0370485312627293
329,RTBFa_W49,RELIGATTEND,Seldom,[0.42783276 0.57216724],0.014957610758882519
330,TRACKGOV1b_W49,RELIGATTEND,A few times a year,[0.0839884  0.16031598 0.354096   0.2530623  0.14853731],0.0015071507677655645
331,TRACKGOV1b_W49,RELIGATTEND,More than once a week,[0.12696496 0.10491485 0.32722624 0.19585239 0.24504155],0.021410321154073805
332,TRACKGOV1b_W49,RELIGATTEND,Never,[0.12310867 0.10772383 0.34708412 0.2692027  0.15288069],0.0019994758650763375
333,TRACKGOV1b_W49,RELIGATTEND,Once a week,[0.11904534 0.14435273 0.26453943 0.32025413 0.15180836],0.00861659323032747
334,TRACKGOV1b_W49,RELIGATTEND,Once or twice a month,[0.11105601 0.19166007 0.22692589 0.31160952 0.15874851],0.0
335,TRACKGOV1b_W49,RELIGATTEND,Seldom,[0.07685182 0.13217115 0.36102185 0.27051732 0.15943786],0.000929339505839504
336,SOCMEDIAUSEd_W49,RELIGATTEND,A few times a year,[0.2969023 0.7030977],0.013270121228548879
337,SOCMEDIAUSEd_W49,RELIGATTEND,More than once a week,[0.27885692 0.72114308],0.017007086370354346
338,SOCMEDIAUSEd_W49,RELIGATTEND,Never,[0.30997507 0.69002493],0.010446648706516315
339,SOCMEDIAUSEd_W49,RELIGATTEND,Once a week,[0.29368855 0.70631145],0.026159898807899203
340,SOCMEDIAUSEd_W49,RELIGATTEND,Once or twice a month,[0.35591773 0.64408227],0.018494236096573483
341,SOCMEDIAUSEd_W49,RELIGATTEND,Seldom,[0.2621247 0.7378753],0.01953969854771761
342,DATAUSEd_W49,RELIGATTEND,A few times a year,[0.54466263 0.45533737],0.24687525987574133
343,DATAUSEd_W49,RELIGATTEND,More than once a week,[0.46401609 0.53598391],0.24838605466283703
344,DATAUSEd_W49,RELIGATTEND,Never,[0.56409818 0.43590182],0.2270603679079541
345,DATAUSEd_W49,RELIGATTEND,Once a week,[0.4916979 0.5083021],0.2375075876669738
346,DATAUSEd_W49,RELIGATTEND,Once or twice a month,[0.61507694 0.38492306],0.1915588847060438
347,DATAUSEd_W49,RELIGATTEND,Seldom,[0.54446701 0.45553299],0.2340564334798692
348,DATAUSEa_W49,RELIGATTEND,A few times a year,[0.67792122 0.32207878],0.20741958622837595
349,DATAUSEa_W49,RELIGATTEND,More than once a week,[0.56738318 0.43261682],0.11718173614528803
350,DATAUSEa_W49,RELIGATTEND,Never,[0.51901465 0.48098535],0.21231258293663194
351,DATAUSEa_W49,RELIGATTEND,Once a week,[0.74132982 0.25867018],0.22275924806015918
352,DATAUSEa_W49,RELIGATTEND,Once or twice a month,[0.69368381 0.30631619],0.23999287279271594
353,DATAUSEa_W49,RELIGATTEND,Seldom,[0.58830729 0.41169271],0.16264829995554325
354,SOCMEDIAUSEa_W49,RELIGATTEND,A few times a year,[0.74254159 0.25745841],0.001783614223155212
355,SOCMEDIAUSEa_W49,RELIGATTEND,More than once a week,[0.68326382 0.31673618],0.0
356,SOCMEDIAUSEa_W49,RELIGATTEND,Never,[0.67637958 0.32362042],0.0017653333645138486
357,SOCMEDIAUSEa_W49,RELIGATTEND,Once a week,[0.75392634 0.24607366],0.004650918055110238
358,SOCMEDIAUSEa_W49,RELIGATTEND,Once or twice a month,[0.7669546 0.2330454],0.0
359,SOCMEDIAUSEa_W49,RELIGATTEND,Seldom,[0.73919202 0.26080798],0.005261047745656996
360,PP6c_W49,RELIGATTEND,A few times a year,[0.06061524 0.46259888 0.33577045 0.14101543],0.0037829814671482224
361,PP6c_W49,RELIGATTEND,More than once a week,[0.07163892 0.46401632 0.2626347  0.20171006],0.008751607543985388
362,PP6c_W49,RELIGATTEND,Never,[0.0838114  0.41406005 0.28905134 0.21307721],0.007095175960846073
363,PP6c_W49,RELIGATTEND,Once a week,[0.10496329 0.41684328 0.32772015 0.15047329],0.0007178404137114937
364,PP6c_W49,RELIGATTEND,Once or twice a month,[0.11197142 0.40942215 0.29125479 0.18735163],0.00047384427604559996
365,PP6c_W49,RELIGATTEND,Seldom,[0.07070273 0.40534278 0.34509551 0.17885898],0.00587958127506981
366,FACE4b_W49,RELIGATTEND,A few times a year,[0.47065809 0.52934191],0.17504560241544434
367,FACE4b_W49,RELIGATTEND,More than once a week,[0.48359113 0.51640887],0.1485782697229204
368,FACE4b_W49,RELIGATTEND,Never,[0.43067261 0.56932739],0.2139450190541619
369,FACE4b_W49,RELIGATTEND,Once a week,[0.50050961 0.49949039],0.18853378892619516
370,FACE4b_W49,RELIGATTEND,Once or twice a month,[0.32111756 0.67888244],0.14396947534127444
371,FACE4b_W49,RELIGATTEND,Seldom,[0.35971211 0.64028789],0.14825608234341556
372,DATAUSEe_W49,RELIGATTEND,A few times a year,[0.38799108 0.61200892],0.28841795185989916
373,DATAUSEe_W49,RELIGATTEND,More than once a week,[0.34683266 0.65316734],0.2772486285059642
374,DATAUSEe_W49,RELIGATTEND,Never,[0.36163394 0.63836606],0.2731720747725224
375,DATAUSEe_W49,RELIGATTEND,Once a week,[0.36867542 0.63132458],0.3252029968712487
376,DATAUSEe_W49,RELIGATTEND,Once or twice a month,[0.44811799 0.55188201],0.2083702518479969
377,DATAUSEe_W49,RELIGATTEND,Seldom,[0.35425826 0.64574174],0.2738278442608467
378,HOMEIOT_W49,RELIGATTEND,A few times a year,[0.192366 0.807634],0.009732264435668063
379,HOMEIOT_W49,RELIGATTEND,More than once a week,[0.17387006 0.82612994],0.005988284479055991
380,HOMEIOT_W49,RELIGATTEND,Never,[0.19486316 0.80513684],0.004145593442410727
381,HOMEIOT_W49,RELIGATTEND,Once a week,[0.21594486 0.78405514],0.004375631016799116
382,HOMEIOT_W49,RELIGATTEND,Once or twice a month,[0.23473768 0.76526232],0.0009451398536074089
383,HOMEIOT_W49,RELIGATTEND,Seldom,[0.18630989 0.81369011],0.000655920968042674
384,SOCMEDIAUSEb_W49,RELIGATTEND,A few times a year,[0.40236457 0.59763543],0.011964752477463467
385,SOCMEDIAUSEb_W49,RELIGATTEND,More than once a week,[0.31764064 0.68235936],0.008729591900610756
386,SOCMEDIAUSEb_W49,RELIGATTEND,Never,[0.37917718 0.62082282],0.00656549860255935
387,SOCMEDIAUSEb_W49,RELIGATTEND,Once a week,[0.37920012 0.62079988],0.016728864096235065
388,SOCMEDIAUSEb_W49,RELIGATTEND,Once or twice a month,[0.46714072 0.53285928],0.02562031064533148
389,SOCMEDIAUSEb_W49,RELIGATTEND,Seldom,[0.37543517 0.62456483],0.009754162535718005
390,CONTROLGRPb_W49,RELIGATTEND,A few times a year,[0.1170218  0.4384574  0.39660595 0.04791485],0.0032566955780164715
391,CONTROLGRPb_W49,RELIGATTEND,More than once a week,[0.09109237 0.40312568 0.45789048 0.04789147],0.04205299482386376
392,CONTROLGRPb_W49,RELIGATTEND,Never,[0.08125923 0.3758122  0.52394667 0.0189819 ],0.0014585590550086464
393,CONTROLGRPb_W49,RELIGATTEND,Once a week,[0.10086795 0.39681687 0.45439039 0.04792478],0.0018980777224686515
394,CONTROLGRPb_W49,RELIGATTEND,Once or twice a month,[0.11407249 0.39301211 0.44150252 0.05141287],0.0
395,CONTROLGRPb_W49,RELIGATTEND,Seldom,[0.08403812 0.37689602 0.51914474 0.01992112],0.0
396,DB1b_W49,RELIGATTEND,A few times a year,[0.08586258 0.85277186 0.06136556],0.000670789560108
397,DB1b_W49,RELIGATTEND,More than once a week,[0.12425211 0.82459776 0.05115013],0.01703725959091982
398,DB1b_W49,RELIGATTEND,Never,[0.05523488 0.92437996 0.02038516],0.005461193903743565
399,DB1b_W49,RELIGATTEND,Once a week,[0.0757938 0.8710919 0.0531143],0.006843869906934476
400,DB1b_W49,RELIGATTEND,Once or twice a month,[0.10245056 0.84280917 0.05474027],0.0008370879593211903
401,DB1b_W49,RELIGATTEND,Seldom,[0.08420572 0.87981002 0.03598426],0.004887077088064841
402,RTDc_W49,RELIGATTEND,A few times a year,[0.73842601 0.26157399],0.0010873202170381961
403,RTDc_W49,RELIGATTEND,More than once a week,[0.70924972 0.29075028],0.08679981202093513
404,RTDc_W49,RELIGATTEND,Never,[0.69698886 0.30301114],0.016657699380151058
405,RTDc_W49,RELIGATTEND,Once a week,[0.67061327 0.32938673],0.01872405460430016
406,RTDc_W49,RELIGATTEND,Once or twice a month,[0.63920366 0.36079634],0.01929534392309957
407,RTDc_W49,RELIGATTEND,Seldom,[0.75740585 0.24259415],0.03348563337284608
408,CONCERNGRPa_W49,RELIGATTEND,A few times a year,[0.29182563 0.36530462 0.34286974],0.0
409,CONCERNGRPa_W49,RELIGATTEND,More than once a week,[0.20307069 0.32750318 0.46942613],0.0
410,CONCERNGRPa_W49,RELIGATTEND,Never,[0.29716602 0.34959311 0.35324087],0.004955428399599325
411,CONCERNGRPa_W49,RELIGATTEND,Once a week,[0.2121683  0.36172121 0.42611049],0.0
412,CONCERNGRPa_W49,RELIGATTEND,Once or twice a month,[0.2189358  0.36146495 0.41959925],0.0
413,CONCERNGRPa_W49,RELIGATTEND,Seldom,[0.24605671 0.36542862 0.38851467],0.0
414,FACE1_W49,RELIGATTEND,A few times a year,[0.22545662 0.64965239 0.12489098],0.0
415,FACE1_W49,RELIGATTEND,More than once a week,[0.21018519 0.60990056 0.17991425],0.025108171017682302
416,FACE1_W49,RELIGATTEND,Never,[0.29002195 0.59758549 0.11239256],0.0008552121823500429
417,FACE1_W49,RELIGATTEND,Once a week,[0.23381973 0.62714227 0.139038  ],0.0034433724580531103
418,FACE1_W49,RELIGATTEND,Once or twice a month,[0.25676833 0.60076235 0.14246933],0.0008370879593211904
419,FACE1_W49,RELIGATTEND,Seldom,[0.23744242 0.62133668 0.1412209 ],0.0002781558491233583
420,CONTROLGRPc_W49,RELIGATTEND,A few times a year,[0.1844072  0.44313157 0.37246122],0.0
421,CONTROLGRPc_W49,RELIGATTEND,More than once a week,[0.1376729  0.51200286 0.35032424],0.0
422,CONTROLGRPc_W49,RELIGATTEND,Never,[0.08932199 0.40846197 0.50221603],0.0029617313478917345
423,CONTROLGRPc_W49,RELIGATTEND,Once a week,[0.11320958 0.41366905 0.47312137],0.011944170444475183
424,CONTROLGRPc_W49,RELIGATTEND,Once or twice a month,[0.07855649 0.46185992 0.45958359],0.0
425,CONTROLGRPc_W49,RELIGATTEND,Seldom,[0.10671241 0.44644705 0.44684054],0.0
426,FACE3b_W49,RELIGATTEND,A few times a year,[0.05898077 0.45842035 0.31027939 0.17231949],0.008694161086277328
427,FACE3b_W49,RELIGATTEND,More than once a week,[0.07474182 0.40272341 0.2991785  0.22335627],0.010041879292672687
428,FACE3b_W49,RELIGATTEND,Never,[0.03984853 0.31175587 0.36525917 0.28313643],0.010233838848454227
429,FACE3b_W49,RELIGATTEND,Once a week,[0.06806273 0.38682606 0.33877664 0.20633456],0.019759884526353588
430,FACE3b_W49,RELIGATTEND,Once or twice a month,[0.09564461 0.33575928 0.39616441 0.1724317 ],0.012443878822733616
431,FACE3b_W49,RELIGATTEND,Seldom,[0.0643265  0.32773671 0.36521906 0.24271773],0.007148941390283308
432,CONTROLGRPd_W49,RELIGATTEND,A few times a year,[0.21828746 0.54047107 0.24124147],0.0026558757125488713
433,CONTROLGRPd_W49,RELIGATTEND,More than once a week,[0.18340158 0.53949565 0.27710278],0.010975648455499023
434,CONTROLGRPd_W49,RELIGATTEND,Never,[0.15414989 0.56178076 0.28406935],0.001999475865076338
435,CONTROLGRPd_W49,RELIGATTEND,Once a week,[0.16468075 0.55885303 0.27646622],0.00934872794910538
436,CONTROLGRPd_W49,RELIGATTEND,Once or twice a month,[0.22678324 0.52162462 0.25159214],0.004016149508204814
437,CONTROLGRPd_W49,RELIGATTEND,Seldom,[0.18124062 0.50512504 0.31363434],0.006102891515888967
438,PWMAN2_W49,RELIGATTEND,A few times a year,"[0.1833695  0.05893015 0.17813273 0.01884838 0.04858255 0.26515215
 0.02719329 0.142769   0.07702224]",0.0021460418987783595
439,PWMAN2_W49,RELIGATTEND,More than once a week,"[0.19461121 0.0657466  0.1681514  0.02473059 0.05388568 0.24579284
 0.04173241 0.14688737 0.0584619 ]",0.0
440,PWMAN2_W49,RELIGATTEND,Never,"[0.15612047 0.07853461 0.20255508 0.01099665 0.03981513 0.31007783
 0.03964178 0.13624317 0.02601527]",0.008431279650553375
441,PWMAN2_W49,RELIGATTEND,Once a week,"[0.19766331 0.05365374 0.18477141 0.01312861 0.0368164  0.28507924
 0.02964214 0.13139195 0.0678532 ]",0.00844670087719758
442,PWMAN2_W49,RELIGATTEND,Once or twice a month,"[0.16966577 0.04077964 0.18671413 0.01850706 0.10381719 0.25624573
 0.03858337 0.11969294 0.06599418]",0.0018725246972220656
443,PWMAN2_W49,RELIGATTEND,Seldom,"[0.18282541 0.08071366 0.18175281 0.01557991 0.04418902 0.28105747
 0.02972916 0.13896527 0.0451873 ]",0.00402313438324912
444,FACE2c_W49,RELIGATTEND,A few times a year,[0.18167455 0.53861979 0.23301944 0.04668622],0.015295957025471665
445,FACE2c_W49,RELIGATTEND,More than once a week,[0.21164648 0.52336409 0.23001504 0.03497438],0.02522504092661339
446,FACE2c_W49,RELIGATTEND,Never,[0.19193223 0.51997705 0.23666123 0.05142949],0.019084273834871504
447,FACE2c_W49,RELIGATTEND,Once a week,[0.16253989 0.55906645 0.22183777 0.05655588],0.023998562081646538
448,FACE2c_W49,RELIGATTEND,Once or twice a month,[0.16685342 0.56473387 0.2116945  0.05671821],0.03308012713628129
449,FACE2c_W49,RELIGATTEND,Seldom,[0.16231133 0.5738689  0.22628779 0.03753198],0.009837495837156221
450,CONCERNGRPb_W49,RELIGATTEND,A few times a year,[0.41482253 0.41740437 0.16777309],0.0
451,CONCERNGRPb_W49,RELIGATTEND,More than once a week,[0.31689321 0.49085932 0.19224747],0.0
452,CONCERNGRPb_W49,RELIGATTEND,Never,[0.40382823 0.43389055 0.16228122],0.006678228954174169
453,CONCERNGRPb_W49,RELIGATTEND,Once a week,[0.33398024 0.52941742 0.13660234],0.0
454,CONCERNGRPb_W49,RELIGATTEND,Once or twice a month,[0.41256725 0.41963647 0.16779628],0.0
455,CONCERNGRPb_W49,RELIGATTEND,Seldom,[0.42689309 0.41019576 0.16291116],0.004227134519321876
456,HOMEASSIST1_W49,RELIGATTEND,A few times a year,[0.27140864 0.72859136],0.00228692154208458
457,HOMEASSIST1_W49,RELIGATTEND,More than once a week,[0.19863408 0.80136592],0.0
458,HOMEASSIST1_W49,RELIGATTEND,Never,[0.25760965 0.74239035],0.002213664246056422
459,HOMEASSIST1_W49,RELIGATTEND,Once a week,[0.23386283 0.76613717],0.0032024708319738815
460,HOMEASSIST1_W49,RELIGATTEND,Once or twice a month,[0.23586986 0.76413014],0.0
461,HOMEASSIST1_W49,RELIGATTEND,Seldom,[0.24360899 0.75639101],0.0
462,DATAUSEf_W49,RELIGATTEND,A few times a year,[0.37549868 0.62450132],0.2940105279422485
463,DATAUSEf_W49,RELIGATTEND,More than once a week,[0.36694328 0.63305672],0.27833352537113665
464,DATAUSEf_W49,RELIGATTEND,Never,[0.25693221 0.74306779],0.2198545333790636
465,DATAUSEf_W49,RELIGATTEND,Once a week,[0.46858885 0.53141115],0.31784913802282005
466,DATAUSEf_W49,RELIGATTEND,Once or twice a month,[0.39810069 0.60189931],0.21247910879046553
467,DATAUSEf_W49,RELIGATTEND,Seldom,[0.31033035 0.68966965],0.26371662802844914
468,RTBFb_W49,RELIGATTEND,A few times a year,[0.74018251 0.25981749],0.026252573494922323
469,RTBFb_W49,RELIGATTEND,More than once a week,[0.66023606 0.33976394],0.0066248866402688605
470,RTBFb_W49,RELIGATTEND,Never,[0.66892814 0.33107186],0.009370079166296619
471,RTBFb_W49,RELIGATTEND,Once a week,[0.66908421 0.33091579],0.020925808035666817
472,RTBFb_W49,RELIGATTEND,Once or twice a month,[0.69752027 0.30247973],0.019276303285845574
473,RTBFb_W49,RELIGATTEND,Seldom,[0.67071751 0.32928249],0.011170987900647064
474,DB1c_W49,RELIGATTEND,A few times a year,[0.09777331 0.90222669],0.004887436092879706
475,DB1c_W49,RELIGATTEND,More than once a week,[0.07224216 0.92775784],0.030007738822506284
476,DB1c_W49,RELIGATTEND,Never,[0.04968846 0.95031154],0.003984756868274589
477,DB1c_W49,RELIGATTEND,Once a week,[0.03833597 0.96166403],0.0025360607058310352
478,DB1c_W49,RELIGATTEND,Once or twice a month,[0.07410651 0.92589349],0.0008370879593211904
479,DB1c_W49,RELIGATTEND,Seldom,[0.06102086 0.93897914],0.0032019320789715465
480,FACE4c_W49,RELIGATTEND,A few times a year,[0.24766392 0.75233608],0.2045691700229229
481,FACE4c_W49,RELIGATTEND,More than once a week,[0.19853009 0.80146991],0.2062655474893886
482,FACE4c_W49,RELIGATTEND,Never,[0.21181533 0.78818467],0.18047914400460324
483,FACE4c_W49,RELIGATTEND,Once a week,[0.21410166 0.78589834],0.18659377309139238
484,FACE4c_W49,RELIGATTEND,Once or twice a month,[0.30612045 0.69387955],0.19186758204347276
485,FACE4c_W49,RELIGATTEND,Seldom,[0.19133382 0.80866618],0.19463946291200956
486,TRACKCO1b_W49,RELIGATTEND,A few times a year,[0.12201995 0.19168391 0.35615353 0.23518097 0.09496163],0.0020409219159863014
487,TRACKCO1b_W49,RELIGATTEND,More than once a week,[0.16471135 0.16677779 0.39620802 0.17887189 0.09343095],0.015326574985613043
488,TRACKCO1b_W49,RELIGATTEND,Never,[0.13477183 0.21552033 0.3739498  0.16188213 0.11387591],0.005687226218102082
489,TRACKCO1b_W49,RELIGATTEND,Once a week,[0.07264503 0.15787038 0.35843319 0.26021202 0.15083938],0.005106177973331417
490,TRACKCO1b_W49,RELIGATTEND,Once or twice a month,[0.09475379 0.2187572  0.39681692 0.16265224 0.12701986],0.0
491,TRACKCO1b_W49,RELIGATTEND,Seldom,[0.1182193  0.18016899 0.41283748 0.1827619  0.10601232],0.0027000735754832486
492,RTDb_W49,RELIGATTEND,A few times a year,[0.92577705 0.07422295],0.008034435902830973
493,RTDb_W49,RELIGATTEND,More than once a week,[0.9251054 0.0748946],0.0759491888171587
494,RTDb_W49,RELIGATTEND,Never,[0.84301306 0.15698694],0.017106650906776728
495,RTDb_W49,RELIGATTEND,Once a week,[0.89527206 0.10472794],0.02022498299585147
496,RTDb_W49,RELIGATTEND,Once or twice a month,[0.90435301 0.09564699],0.012013587948534537
497,RTDb_W49,RELIGATTEND,Seldom,[0.89229052 0.10770948],0.0149653500356818
498,HOMEASSIST3_W49,RELIGATTEND,A few times a year,[0.21108204 0.31971781 0.46920015],0.0
499,HOMEASSIST3_W49,RELIGATTEND,More than once a week,[0.23277366 0.38285665 0.38436969],0.07255962999172953
500,HOMEASSIST3_W49,RELIGATTEND,Never,[0.14927809 0.30216612 0.54855579],0.0
501,HOMEASSIST3_W49,RELIGATTEND,Once a week,[0.19634923 0.40685105 0.39679972],0.0
502,HOMEASSIST3_W49,RELIGATTEND,Once or twice a month,[0.15295939 0.38627818 0.46076243],0.0
503,HOMEASSIST3_W49,RELIGATTEND,Seldom,[0.2435998  0.34981201 0.40658819],0.0
504,SMARTAPP_W49,RELIGATTEND,A few times a year,[0.44946734 0.2022919  0.28388061 0.06436016],0.0
505,SMARTAPP_W49,RELIGATTEND,More than once a week,[0.39830623 0.20319281 0.32747851 0.07102245],0.008440783084650294
506,SMARTAPP_W49,RELIGATTEND,Never,[0.45648567 0.15681621 0.3402058  0.04649232],0.0007410740692039807
507,SMARTAPP_W49,RELIGATTEND,Once a week,[0.46746942 0.17618391 0.29683774 0.05950893],0.005589530372376339
508,SMARTAPP_W49,RELIGATTEND,Once or twice a month,[0.43478996 0.21147008 0.3325066  0.02123336],0.015702928762051427
509,SMARTAPP_W49,RELIGATTEND,Seldom,[0.4595714  0.18967285 0.29552586 0.0552299 ],0.0013061342011574792
510,UNDERSTANDGOV_W49,RELIGATTEND,A few times a year,[0.03671602 0.21106075 0.58720377 0.16501945],0.0
511,UNDERSTANDGOV_W49,RELIGATTEND,More than once a week,[0.06246782 0.23415334 0.46364768 0.23973115],0.0
512,UNDERSTANDGOV_W49,RELIGATTEND,Never,[0.04666437 0.15488886 0.51757091 0.28087587],0.0040053553562474226
513,UNDERSTANDGOV_W49,RELIGATTEND,Once a week,[0.04920323 0.17058782 0.52872427 0.25148468],0.0005981857730320955
514,UNDERSTANDGOV_W49,RELIGATTEND,Once or twice a month,[0.05552045 0.2148545  0.53126342 0.19836163],0.0034631501862520996
515,UNDERSTANDGOV_W49,RELIGATTEND,Seldom,[0.0264611  0.14196718 0.53883087 0.29274085],0.0014501267301498275
516,CONCERNGRPe_W49,RELIGATTEND,A few times a year,[0.11200265 0.45858551 0.42941184],0.0
517,CONCERNGRPe_W49,RELIGATTEND,More than once a week,[0.12961061 0.22426362 0.64612578],0.0
518,CONCERNGRPe_W49,RELIGATTEND,Never,[0.07363558 0.28586773 0.64049669],0.0
519,CONCERNGRPe_W49,RELIGATTEND,Once a week,[0.09225342 0.38825694 0.51948964],0.00844500871050999
520,CONCERNGRPe_W49,RELIGATTEND,Once or twice a month,[0.12069129 0.30130427 0.57800444],0.0
521,CONCERNGRPe_W49,RELIGATTEND,Seldom,[0.07923945 0.3290406  0.59171995],0.0
522,PROFILE5_W49,RELIGATTEND,A few times a year,[0.07453968 0.55714997 0.32017118 0.04813917],0.0016049111439320374
523,PROFILE5_W49,RELIGATTEND,More than once a week,[0.06590359 0.51196227 0.4047929  0.01734124],0.0025444741534112634
524,PROFILE5_W49,RELIGATTEND,Never,[0.06474911 0.53379936 0.33860255 0.06284898],0.006274325315870234
525,PROFILE5_W49,RELIGATTEND,Once a week,[0.06726502 0.55721536 0.34769134 0.02782827],0.0012313713578403366
526,PROFILE5_W49,RELIGATTEND,Once or twice a month,[0.10862767 0.53385515 0.31081771 0.04669946],0.0
527,PROFILE5_W49,RELIGATTEND,Seldom,[0.05502074 0.56744291 0.32108952 0.05644683],0.0019564686109123848
528,ELECTFTGSNSINT_W49,RELIGATTEND,A few times a year,[0.16873861 0.48284374 0.34841764],0.008001783693477864
529,ELECTFTGSNSINT_W49,RELIGATTEND,More than once a week,[0.08981133 0.47623316 0.43395552],0.03949500106718538
530,ELECTFTGSNSINT_W49,RELIGATTEND,Never,[0.17452704 0.44001229 0.38546067],0.0035950049830963545
531,ELECTFTGSNSINT_W49,RELIGATTEND,Once a week,[0.14006045 0.43071889 0.42922066],0.0025113608365570387
532,ELECTFTGSNSINT_W49,RELIGATTEND,Once or twice a month,[0.16942596 0.44275121 0.38782282],0.004057218602200249
533,ELECTFTGSNSINT_W49,RELIGATTEND,Seldom,[0.14797407 0.49344434 0.35858158],0.0049011218187453975
534,PP6a_W49,RELIGATTEND,A few times a year,[0.0961396  0.50537199 0.30277322 0.09571519],0.0011477417729635492
535,PP6a_W49,RELIGATTEND,More than once a week,[0.09260695 0.46452539 0.28834845 0.15451921],0.01855945117950654
536,PP6a_W49,RELIGATTEND,Never,[0.10585556 0.46295559 0.27462774 0.15656111],0.00787881393478548
537,PP6a_W49,RELIGATTEND,Once a week,[0.11590189 0.48338659 0.2693165  0.13139502],0.003668882399989104
538,PP6a_W49,RELIGATTEND,Once or twice a month,[0.1463723  0.47950234 0.23344477 0.14068059],0.00047384427604559986
539,PP6a_W49,RELIGATTEND,Seldom,[0.09278319 0.45389837 0.32020014 0.1331183 ],0.006344913119153795
540,RTBFd_W49,RELIGATTEND,A few times a year,[0.88691303 0.11308697],0.01378518128032216
541,RTBFd_W49,RELIGATTEND,More than once a week,[0.86177754 0.13822246],0.00654456402271189
542,RTBFd_W49,RELIGATTEND,Never,[0.83988735 0.16011265],0.005305293934013166
543,RTBFd_W49,RELIGATTEND,Once a week,[0.87358017 0.12641983],0.03176724415744378
544,RTBFd_W49,RELIGATTEND,Once or twice a month,[0.85460155 0.14539845],0.015666359942110908
545,RTBFd_W49,RELIGATTEND,Seldom,[0.86621953 0.13378047],0.017194643090197387
546,CONCERNGRPf_W49,RELIGATTEND,A few times a year,[0.39460457 0.49723494 0.10816049],0.0
547,CONCERNGRPf_W49,RELIGATTEND,More than once a week,[0.37524965 0.48141916 0.14333119],0.0057262544159218925
548,CONCERNGRPf_W49,RELIGATTEND,Never,[0.38441628 0.45659953 0.15898419],0.0
549,CONCERNGRPf_W49,RELIGATTEND,Once a week,[0.3819275 0.4480905 0.169982 ],0.006939776317556897
550,CONCERNGRPf_W49,RELIGATTEND,Once or twice a month,[0.38842783 0.46568763 0.14588454],0.0
551,CONCERNGRPf_W49,RELIGATTEND,Seldom,[0.44792314 0.42507454 0.12700232],0.0
552,DB1a_W49,RELIGATTEND,A few times a year,[0.26105056 0.73894944],0.00903571002171435
553,DB1a_W49,RELIGATTEND,More than once a week,[0.24746045 0.75253955],0.03441870899629707
554,DB1a_W49,RELIGATTEND,Never,[0.20185697 0.79814303],0.003246861798663267
555,DB1a_W49,RELIGATTEND,Once a week,[0.2098511 0.7901489],0.0029586601167238976
556,DB1a_W49,RELIGATTEND,Once or twice a month,[0.21279907 0.78720093],0.0008370879593211903
557,DB1a_W49,RELIGATTEND,Seldom,[0.20071769 0.79928231],0.004202826897568966
558,PP5b_W49,RELIGATTEND,A few times a year,[0.06001339 0.3324017  0.43349047 0.17409445],0.0
559,PP5b_W49,RELIGATTEND,More than once a week,[0.04703657 0.36470492 0.38970101 0.1985575 ],0.0054921922716275814
560,PP5b_W49,RELIGATTEND,Never,[0.03069456 0.26679462 0.39051217 0.31199865],0.007209385357215394
561,PP5b_W49,RELIGATTEND,Once a week,[0.06973421 0.28293839 0.41904567 0.22828174],0.008966639830784717
562,PP5b_W49,RELIGATTEND,Once or twice a month,[0.0808772  0.32345786 0.35035503 0.24530992],0.0
563,PP5b_W49,RELIGATTEND,Seldom,[0.04909965 0.29159779 0.42729887 0.23200369],0.005313312770094889
564,PWMAN_W49,RELIGATTEND,A few times a year,[0.20209681 0.79790319],0.0
565,PWMAN_W49,RELIGATTEND,More than once a week,[0.13447695 0.86552305],0.006352626235213618
566,PWMAN_W49,RELIGATTEND,Never,[0.20964515 0.79035485],0.0055966536348882445
567,PWMAN_W49,RELIGATTEND,Once a week,[0.21018861 0.78981139],0.007297364231654737
568,PWMAN_W49,RELIGATTEND,Once or twice a month,[0.1650942 0.8349058],0.005478552684333019
569,PWMAN_W49,RELIGATTEND,Seldom,[0.19924874 0.80075126],0.00637678300889492
570,RTDd_W49,RELIGATTEND,A few times a year,[0.81757411 0.18242589],0.006603046461253213
571,RTDd_W49,RELIGATTEND,More than once a week,[0.86268216 0.13731784],0.08679981202093513
572,RTDd_W49,RELIGATTEND,Never,[0.76035284 0.23964716],0.01450512286854307
573,RTDd_W49,RELIGATTEND,Once a week,[0.80838406 0.19161594],0.016167333708072072
574,RTDd_W49,RELIGATTEND,Once or twice a month,[0.78526911 0.21473089],0.006020673657679935
575,RTDd_W49,RELIGATTEND,Seldom,[0.83741793 0.16258207],0.024236838167444853
576,FACE3c_W49,RELIGATTEND,A few times a year,[0.24612874 0.50988328 0.14636747 0.09762051],0.007866848085644338
577,FACE3c_W49,RELIGATTEND,More than once a week,[0.24475088 0.46213165 0.17885683 0.11426064],0.018899485934554445
578,FACE3c_W49,RELIGATTEND,Never,[0.13197172 0.42792514 0.24455207 0.19555107],0.00959584174640439
579,FACE3c_W49,RELIGATTEND,Once a week,[0.25186364 0.50580187 0.15325858 0.0890759 ],0.011909196637329977
580,FACE3c_W49,RELIGATTEND,Once or twice a month,[0.28349142 0.42817017 0.19996532 0.0883731 ],0.012443878822733616
581,FACE3c_W49,RELIGATTEND,Seldom,[0.19016751 0.4315096  0.22398248 0.15434042],0.006546675930166451
582,UNDERSTANDCO_W49,RELIGATTEND,A few times a year,[0.08598928 0.38073642 0.47290789 0.06036641],0.00390384102122543
583,UNDERSTANDCO_W49,RELIGATTEND,More than once a week,[0.05530052 0.3309703  0.54290456 0.07082462],0.013204402401516593
584,UNDERSTANDCO_W49,RELIGATTEND,Never,[0.0672969  0.37642868 0.43640439 0.11987003],0.013339185288628465
585,UNDERSTANDCO_W49,RELIGATTEND,Once a week,[0.06067552 0.24957675 0.52958979 0.16015793],0.00809109152927527
586,UNDERSTANDCO_W49,RELIGATTEND,Once or twice a month,[0.01929598 0.3813801  0.47867065 0.12065327],0.0
587,UNDERSTANDCO_W49,RELIGATTEND,Seldom,[0.04996105 0.33592803 0.49752711 0.1165838 ],0.001208335075254817
0,GOVREGV1_W49,POLPARTY,Democrat,[0.82590464 0.06307569 0.11101967],0.006072329645909046
1,GOVREGV1_W49,POLPARTY,Independent,[0.76275292 0.07620434 0.16104275],0.009006095091250084
2,GOVREGV1_W49,POLPARTY,Other,[0.65486617 0.1372888  0.20784502],0.032470692297398115
3,GOVREGV1_W49,POLPARTY,Republican,[0.72498754 0.08479597 0.19021649],0.007974296993544258
4,CONTROLGOV_W49,POLPARTY,Democrat,[0.0238394  0.13821213 0.45141504 0.38653342],0.005464874602358363
5,CONTROLGOV_W49,POLPARTY,Independent,[0.04706645 0.10706687 0.39205106 0.45381562],0.003126029844558364
6,CONTROLGOV_W49,POLPARTY,Other,[0.03696123 0.1476744  0.34154279 0.47382158],0.0
7,CONTROLGOV_W49,POLPARTY,Republican,[0.03691938 0.10939585 0.42277171 0.43091306],0.0
8,SMARTPHONE_W49,POLPARTY,Democrat,[0.86506292 0.13493708],0.0010083831790496595
9,SMARTPHONE_W49,POLPARTY,Independent,[0.88522166 0.11477834],0.006468166703893217
10,SMARTPHONE_W49,POLPARTY,Other,[0.93296772 0.06703228],0.0014165850760271424
11,SMARTPHONE_W49,POLPARTY,Republican,[0.85778521 0.14221479],0.0031671704514010025
12,CONTROLGRPa_W49,POLPARTY,Democrat,[0.17699839 0.5254377  0.2975639 ],0.0034610260616752936
13,CONTROLGRPa_W49,POLPARTY,Independent,[0.15049257 0.4429722  0.40653523],0.0
14,CONTROLGRPa_W49,POLPARTY,Other,[0.17321031 0.52246205 0.30432764],0.0
15,CONTROLGRPa_W49,POLPARTY,Republican,[0.11932378 0.50252556 0.37815067],0.002739355161579329
16,FACE3a_W49,POLPARTY,Democrat,[0.02585427 0.19127615 0.40734056 0.37552903],0.011088850618619446
17,FACE3a_W49,POLPARTY,Independent,[0.02499199 0.15790581 0.40107756 0.41602464],0.007643803820121519
18,FACE3a_W49,POLPARTY,Other,[0.03615648 0.17641727 0.38549627 0.40192998],0.009482322552429097
19,FACE3a_W49,POLPARTY,Republican,[0.02393274 0.20125146 0.39251005 0.38230575],0.01057580186048803
20,PP6b_W49,POLPARTY,Democrat,[0.07490339 0.36409814 0.34525562 0.21574284],0.0020768047432879106
21,PP6b_W49,POLPARTY,Independent,[0.0484038  0.2876056  0.37440195 0.28958865],0.0053712895484733835
22,PP6b_W49,POLPARTY,Other,[0.06460853 0.27581692 0.38014753 0.27942702],0.009445266219113305
23,PP6b_W49,POLPARTY,Republican,[0.04341816 0.25539377 0.38008888 0.32109919],0.0036656871426512514
24,FACE2a_W49,POLPARTY,Democrat,[0.23685065 0.61762322 0.13298099 0.01254514],0.008054345948639586
25,FACE2a_W49,POLPARTY,Independent,[0.22973394 0.62350281 0.13118456 0.01557869],0.011213404838927419
26,FACE2a_W49,POLPARTY,Other,[0.2162745  0.58827972 0.18314086 0.01230491],0.012496472952894992
27,FACE2a_W49,POLPARTY,Republican,[0.27373724 0.62918459 0.08064678 0.01643139],0.012686262752626732
28,TALKCMNSNSINT_W49,POLPARTY,Democrat,[0.30088922 0.69911078],0.05683001663745612
29,TALKCMNSNSINT_W49,POLPARTY,Independent,[0.32015709 0.67984291],0.06291592841904213
30,TALKCMNSNSINT_W49,POLPARTY,Other,[0.18686749 0.81313251],0.061444435690321576
31,TALKCMNSNSINT_W49,POLPARTY,Republican,[0.25632004 0.74367996],0.059366589007852695
32,DATAUSEc_W49,POLPARTY,Democrat,[0.61947567 0.38052433],0.19042093126140774
33,DATAUSEc_W49,POLPARTY,Independent,[0.54199383 0.45800617],0.18947447970535394
34,DATAUSEc_W49,POLPARTY,Other,[0.50744228 0.49255772],0.247678540782054
35,DATAUSEc_W49,POLPARTY,Republican,[0.65300378 0.34699622],0.13053496239194357
36,DNATEST_W49,POLPARTY,Democrat,[0.15167764 0.84832236],0.005443812827030489
37,DNATEST_W49,POLPARTY,Independent,[0.16391661 0.83608339],0.003278232413635251
38,DNATEST_W49,POLPARTY,Other,[0.15155145 0.84844855],0.0
39,DNATEST_W49,POLPARTY,Republican,[0.16568411 0.83431589],0.002122104057004467
40,PP5c_W49,POLPARTY,Democrat,[0.03749652 0.19764629 0.46855245 0.29630474],0.004820801077755183
41,PP5c_W49,POLPARTY,Independent,[0.02797369 0.16959476 0.44033904 0.36209251],0.0012263174362132669
42,PP5c_W49,POLPARTY,Other,[0.02095078 0.15552001 0.46172444 0.36180477],0.008830408225790341
43,PP5c_W49,POLPARTY,Republican,[0.02654954 0.17216456 0.49462453 0.30666137],0.005361035935706192
44,PP5e_W49,POLPARTY,Democrat,[0.04354688 0.20473446 0.43681139 0.31490727],0.0031615168283682443
45,PP5e_W49,POLPARTY,Independent,[0.0420483  0.19806868 0.4074489  0.35243412],0.003008482330678218
46,PP5e_W49,POLPARTY,Other,[0.03611284 0.19479045 0.41126992 0.35782679],0.008890359508685103
47,PP5e_W49,POLPARTY,Republican,[0.03609691 0.22066296 0.46960243 0.2736377 ],0.005491795311715151
48,PUBLICDATA_W49,POLPARTY,Democrat,[0.25945547 0.74054453],0.025145573351491562
49,PUBLICDATA_W49,POLPARTY,Independent,[0.22975271 0.77024729],0.0275645154077775
50,PUBLICDATA_W49,POLPARTY,Other,[0.23127818 0.76872182],0.02691155516774382
51,PUBLICDATA_W49,POLPARTY,Republican,[0.23336176 0.76663824],0.02945196179930429
52,HOMEASSIST5a_W49,POLPARTY,Democrat,[0.48700953 0.51299047],0.0011587945498662332
53,HOMEASSIST5a_W49,POLPARTY,Independent,[0.44942168 0.55057832],0.0
54,HOMEASSIST5a_W49,POLPARTY,Other,[0.44168292 0.55831708],0.0
55,HOMEASSIST5a_W49,POLPARTY,Republican,[0.30472166 0.69527834],0.0039407749947669764
56,PP1_W49,POLPARTY,Democrat,[0.28187427 0.31386022 0.22589915 0.14548332 0.03288304],0.0011708017581837874
57,PP1_W49,POLPARTY,Independent,[0.22746382 0.34594717 0.24452668 0.15806926 0.02399307],0.004501574506779941
58,PP1_W49,POLPARTY,Other,[0.25562627 0.33133466 0.24525087 0.13808026 0.02970793],0.0
59,PP1_W49,POLPARTY,Republican,[0.24627244 0.30107148 0.26273902 0.16526811 0.02464896],0.0037951052621339864
60,BENEFITCO_W49,POLPARTY,Democrat,[0.10079834 0.35002898 0.54917268 0.        ],0.0
61,BENEFITCO_W49,POLPARTY,Independent,[0.02821342 0.2738157  0.69797088 0.        ],0.009508684018217443
62,BENEFITCO_W49,POLPARTY,Other,[0.0763312  0.26457579 0.65909301 0.        ],0.0
63,BENEFITCO_W49,POLPARTY,Republican,[0.03797336 0.27886636 0.68316029 0.        ],0.004015759146877161
64,POSNEGGOV_W49,POLPARTY,Democrat,[0.32922095 0.67077905],0.028991683208530447
65,POSNEGGOV_W49,POLPARTY,Independent,[0.30893073 0.69106927],0.038892007192012405
66,POSNEGGOV_W49,POLPARTY,Other,[0.30801861 0.69198139],0.02040032603328281
67,POSNEGGOV_W49,POLPARTY,Republican,[0.32342468 0.67657532],0.026655007129545508
68,RTBFc_W49,POLPARTY,Democrat,[0.52227705 0.47772295],0.010927234440356457
69,RTBFc_W49,POLPARTY,Independent,[0.50143802 0.49856198],0.02183078862550345
70,RTBFc_W49,POLPARTY,Other,[0.66781405 0.33218595],0.01298231089850098
71,RTBFc_W49,POLPARTY,Republican,[0.65832886 0.34167114],0.028335149724948376
72,FACE4d_W49,POLPARTY,Democrat,[0.4516977 0.5483023],0.16692412334018014
73,FACE4d_W49,POLPARTY,Independent,[0.47954061 0.52045939],0.1772684444905723
74,FACE4d_W49,POLPARTY,Other,[0.55101559 0.44898441],0.22750569411396265
75,FACE4d_W49,POLPARTY,Republican,[0.63579631 0.36420369],0.18591282076710897
76,RTDa_W49,POLPARTY,Democrat,[0.4235996 0.5764004],0.018050036413750727
77,RTDa_W49,POLPARTY,Independent,[0.36563704 0.63436296],0.03623840444590786
78,RTDa_W49,POLPARTY,Other,[0.42981431 0.57018569],0.021025522188173815
79,RTDa_W49,POLPARTY,Republican,[0.28323149 0.71676851],0.02075899885963403
80,PP4_W49,POLPARTY,Democrat,[0.12110254 0.55134633 0.30264944 0.02490169],0.002048614977150384
81,PP4_W49,POLPARTY,Independent,[0.14237502 0.56356051 0.26176195 0.03230252],0.0007263899456548737
82,PP4_W49,POLPARTY,Other,[0.14278168 0.49832207 0.30953092 0.04936533],0.003963710065090614
83,PP4_W49,POLPARTY,Republican,[0.10753468 0.55733527 0.30802758 0.02710247],0.0
84,PROFILE3_W49,POLPARTY,Democrat,[0.52728051 0.35673843 0.11598106],0.06979761236122738
85,PROFILE3_W49,POLPARTY,Independent,[0.54321686 0.36705926 0.08972388],0.05660390687384938
86,PROFILE3_W49,POLPARTY,Other,[0.55307316 0.34990806 0.09701877],0.08228251052439846
87,PROFILE3_W49,POLPARTY,Republican,[0.50289647 0.40412396 0.09297956],0.08258785459857146
88,CONCERNCO_W49,POLPARTY,Democrat,[0.37671169 0.44230783 0.15937515 0.02160534],0.0
89,CONCERNCO_W49,POLPARTY,Independent,[0.3878922  0.41555794 0.15130378 0.04524608],0.0006715184866677177
90,CONCERNCO_W49,POLPARTY,Other,[0.28261714 0.45482852 0.19382449 0.06872985],0.0
91,CONCERNCO_W49,POLPARTY,Republican,[0.35806666 0.43221372 0.18491606 0.02480356],0.006017773994928357
92,CONTROLGRPf_W49,POLPARTY,Democrat,[0.14029795 0.52105452 0.33864754],0.011030714582746352
93,CONTROLGRPf_W49,POLPARTY,Independent,[0.13344809 0.49530206 0.37124985],0.0033109795604262886
94,CONTROLGRPf_W49,POLPARTY,Other,[0.12308603 0.4657244  0.41118958],0.0
95,CONTROLGRPf_W49,POLPARTY,Republican,[0.13145355 0.46687382 0.40167263],0.0
96,PP5d_W49,POLPARTY,Democrat,[0.04558008 0.28727233 0.48503129 0.18211631],0.0017812439662182587
97,PP5d_W49,POLPARTY,Independent,[0.03480502 0.23246765 0.4793874  0.25333993],0.006595535627495797
98,PP5d_W49,POLPARTY,Other,[0.02641108 0.26027065 0.45953035 0.25378791],0.01169406979677782
99,PP5d_W49,POLPARTY,Republican,[0.03256491 0.29773643 0.46670181 0.20299685],0.004469759992476012
100,CONCERNGRPc_W49,POLPARTY,Democrat,[0.22888618 0.3962212  0.37489262],0.007141809275943677
101,CONCERNGRPc_W49,POLPARTY,Independent,[0.17761262 0.38708909 0.4352983 ],0.0006004019787079189
102,CONCERNGRPc_W49,POLPARTY,Other,[0.21364915 0.41875512 0.36759572],0.0
103,CONCERNGRPc_W49,POLPARTY,Republican,[0.14035585 0.37281924 0.48682491],0.012110661938178531
104,GOVREGV2_W49,POLPARTY,Democrat,[0.49469719 0.50530281],0.007632848669426484
105,GOVREGV2_W49,POLPARTY,Independent,[0.55464438 0.44535562],0.006705536241470313
106,GOVREGV2_W49,POLPARTY,Other,[0.56220052 0.43779948],0.017964177035868324
107,GOVREGV2_W49,POLPARTY,Republican,[0.60945062 0.39054938],0.006291259506440807
108,PP2_W49,POLPARTY,Democrat,[0.08911564 0.12487769 0.41151087 0.3744958 ],0.0007135734922342837
109,PP2_W49,POLPARTY,Independent,[0.08609777 0.15192675 0.36909946 0.39287602],0.007076055405212456
110,PP2_W49,POLPARTY,Other,[0.08592983 0.16551619 0.4093983  0.33915568],0.012173651965509492
111,PP2_W49,POLPARTY,Republican,[0.09483237 0.12888871 0.39439362 0.3818853 ],0.005526659596595544
112,ANONYMOUS1GOV_W49,POLPARTY,Democrat,[0.38104072 0.61895928],0.00845378856100255
113,ANONYMOUS1GOV_W49,POLPARTY,Independent,[0.33009609 0.66990391],0.004357175009381752
114,ANONYMOUS1GOV_W49,POLPARTY,Other,[0.34907652 0.65092348],0.004008443142895527
115,ANONYMOUS1GOV_W49,POLPARTY,Republican,[0.38690863 0.61309137],0.002752377734463087
116,FACE4a_W49,POLPARTY,Democrat,[0.79135555 0.20864445],0.1760282917463941
117,FACE4a_W49,POLPARTY,Independent,[0.79693315 0.20306685],0.14854616139338703
118,FACE4a_W49,POLPARTY,Other,[0.62339258 0.37660742],0.24808727242890624
119,FACE4a_W49,POLPARTY,Republican,[0.8952156 0.1047844],0.08256647965153392
120,FACE2b_W49,POLPARTY,Democrat,[0.18588641 0.53166806 0.23869609 0.04374943],0.01177026327053545
121,FACE2b_W49,POLPARTY,Independent,[0.17898328 0.56480273 0.20802005 0.04819393],0.013476567657965196
122,FACE2b_W49,POLPARTY,Other,[0.19209823 0.47490136 0.28368414 0.04931628],0.018669881150335594
123,FACE2b_W49,POLPARTY,Republican,[0.18214555 0.60489472 0.16877513 0.04418459],0.010714810680799308
124,SECUR1_W49,POLPARTY,Democrat,[0.06664969 0.69389268 0.23945762],0.002281113259955553
125,SECUR1_W49,POLPARTY,Independent,[0.05293288 0.74849871 0.19856841],0.0026140154938291958
126,SECUR1_W49,POLPARTY,Other,[0.08388053 0.66589389 0.25022558],0.004346963493057863
127,SECUR1_W49,POLPARTY,Republican,[0.0541546  0.68026762 0.26557779],0.0004840341930438286
128,LOYALTY_W49,POLPARTY,Democrat,[0.64928679 0.35071321],0.0019034919030949656
129,LOYALTY_W49,POLPARTY,Independent,[0.66076553 0.33923447],0.000557474033975673
130,LOYALTY_W49,POLPARTY,Other,[0.58842455 0.41157545],0.00043096270113742835
131,LOYALTY_W49,POLPARTY,Republican,[0.67698217 0.32301783],0.004005936714342641
132,PP3_W49,POLPARTY,Democrat,[0.20084259 0.38153177 0.41762563],0.000330001245275007
133,PP3_W49,POLPARTY,Independent,[0.22755797 0.36579655 0.40664548],0.0
134,PP3_W49,POLPARTY,Other,[0.24822389 0.33435602 0.41742009],0.0
135,PP3_W49,POLPARTY,Republican,[0.21182305 0.29841349 0.48976347],0.003969764988771928
136,CONTROLGRPe_W49,POLPARTY,Democrat,[0.11058985 0.44653918 0.3655657  0.07730527],0.002391738385599981
137,CONTROLGRPe_W49,POLPARTY,Independent,[0.08905776 0.4478828  0.42773058 0.03532886],0.0020411667319362786
138,CONTROLGRPe_W49,POLPARTY,Other,[0.11662316 0.44382433 0.42289158 0.01666094],0.0
139,CONTROLGRPe_W49,POLPARTY,Republican,[0.09601534 0.41946048 0.44760785 0.03691633],0.0015197033921174668
140,TRACKCO1a_W49,POLPARTY,Democrat,[0.37965746 0.34967509 0.18024329 0.0441225  0.04630165],0.003568536256628681
141,TRACKCO1a_W49,POLPARTY,Independent,[0.41792477 0.32102905 0.16464347 0.03839045 0.05801226],0.009093075308568318
142,TRACKCO1a_W49,POLPARTY,Other,[0.44510568 0.24436452 0.19309924 0.08881225 0.02861832],0.0
143,TRACKCO1a_W49,POLPARTY,Republican,[0.42732334 0.29770034 0.21814527 0.02897548 0.02785558],0.008672554160124411
144,CONTROLCO_W49,POLPARTY,Democrat,[0.04221161 0.1446066  0.55769348 0.25548831],0.0008039087986568991
145,CONTROLCO_W49,POLPARTY,Independent,[0.03365321 0.17796576 0.49384962 0.29453142],0.0070921520390642276
146,CONTROLCO_W49,POLPARTY,Other,[0.01489156 0.16018315 0.47005485 0.35487044],0.0
147,CONTROLCO_W49,POLPARTY,Republican,[0.03304041 0.12774632 0.49000322 0.34921005],0.003051363135216024
148,SOCMEDIAUSEc_W49,POLPARTY,Democrat,[0.26061671 0.73938329],0.02343789569110307
149,SOCMEDIAUSEc_W49,POLPARTY,Independent,[0.22827352 0.77172648],0.011553106230416143
150,SOCMEDIAUSEc_W49,POLPARTY,Other,[0.26630103 0.73369897],0.017337319733518396
151,SOCMEDIAUSEc_W49,POLPARTY,Republican,[0.17638571 0.82361429],0.015725284364342798
152,PRIVACYREG_W49,POLPARTY,Democrat,[0.0416294  0.3517892  0.48184515 0.12473625],0.0037151517610766014
153,PRIVACYREG_W49,POLPARTY,Independent,[0.03079371 0.33222494 0.4904294  0.14655195],0.001048885743123102
154,PRIVACYREG_W49,POLPARTY,Other,[0.02521379 0.33410262 0.49403726 0.14664633],0.005609747206151724
155,PRIVACYREG_W49,POLPARTY,Republican,[0.02391861 0.32012773 0.50566712 0.15028654],0.0004840341930438286
156,TALKDISASNSINT_W49,POLPARTY,Democrat,[0.27435593 0.72564407],0.04216516710129748
157,TALKDISASNSINT_W49,POLPARTY,Independent,[0.32084273 0.67915727],0.05930715863629211
158,TALKDISASNSINT_W49,POLPARTY,Other,[0.29256016 0.70743984],0.03672640904453432
159,TALKDISASNSINT_W49,POLPARTY,Republican,[0.26135837 0.73864163],0.04444292112855705
160,PRIVACYNEWS1_W49,POLPARTY,Democrat,[0.11786688 0.48278944 0.32330851 0.07603517],0.0033147652395272872
161,PRIVACYNEWS1_W49,POLPARTY,Independent,[0.10329862 0.48026005 0.33466714 0.08177419],0.004101765423480415
162,PRIVACYNEWS1_W49,POLPARTY,Other,[0.10744325 0.36310862 0.36063765 0.16881049],0.0039060137092977428
163,PRIVACYNEWS1_W49,POLPARTY,Republican,[0.0998212 0.4689461 0.334327  0.0969057],0.0
164,HOMEASSIST4_W49,POLPARTY,Democrat,[0.19594797 0.39658101 0.32220369 0.08526733],0.003546617200666679
165,HOMEASSIST4_W49,POLPARTY,Independent,[0.15115897 0.41354405 0.29235446 0.14294252],0.018688233900075103
166,HOMEASSIST4_W49,POLPARTY,Other,[0.28232202 0.33807087 0.26233829 0.11726882],0.0
167,HOMEASSIST4_W49,POLPARTY,Republican,[0.12202111 0.35789613 0.37247649 0.14760626],0.006164235413791814
168,FITTRACK_W49,POLPARTY,Democrat,[0.25747156 0.74252844],0.0030815686277116732
169,FITTRACK_W49,POLPARTY,Independent,[0.21586728 0.78413272],0.0024598507588821715
170,FITTRACK_W49,POLPARTY,Other,[0.17668047 0.82331953],0.0
171,FITTRACK_W49,POLPARTY,Republican,[0.18874906 0.81125094],0.000670119326645141
172,DATAUSEb_W49,POLPARTY,Democrat,[0.67154457 0.32845543],0.1985581482437594
173,DATAUSEb_W49,POLPARTY,Independent,[0.64607544 0.35392456],0.23210105239065643
174,DATAUSEb_W49,POLPARTY,Other,[0.632358 0.367642],0.3421562002594872
175,DATAUSEb_W49,POLPARTY,Republican,[0.5991152 0.4008848],0.23684424797584872
176,CONCERNGOV_W49,POLPARTY,Democrat,[0.24145172 0.41635454 0.24313923 0.09905451],0.0028183106803235524
177,CONCERNGOV_W49,POLPARTY,Independent,[0.25990076 0.41234115 0.25720008 0.07055801],0.003112564127693349
178,CONCERNGOV_W49,POLPARTY,Other,[0.29759371 0.36439322 0.23231034 0.10570274],0.001058715061107682
179,CONCERNGOV_W49,POLPARTY,Republican,[0.23741414 0.36245272 0.29645655 0.10367658],0.0078004329626191965
180,HOMEASSIST2_W49,POLPARTY,Democrat,[0.1304146  0.37176307 0.40486842 0.09295391],0.0
181,HOMEASSIST2_W49,POLPARTY,Independent,[0.13179311 0.4546371  0.37202221 0.04154759],0.0
182,HOMEASSIST2_W49,POLPARTY,Other,[0.21268042 0.37187006 0.26185219 0.15359733],0.0
183,HOMEASSIST2_W49,POLPARTY,Republican,[0.13407841 0.40222726 0.34298646 0.12070786],0.0
184,TRACKGOV1a_W49,POLPARTY,Democrat,[0.21999367 0.27242113 0.27464237 0.13583717 0.09710566],0.004662789551248212
185,TRACKGOV1a_W49,POLPARTY,Independent,[0.27493793 0.22130173 0.33455639 0.12508146 0.0441225 ],0.005350840213895609
186,TRACKGOV1a_W49,POLPARTY,Other,[0.30099788 0.21810782 0.25222296 0.11467853 0.11399281],0.004055341034190383
187,TRACKGOV1a_W49,POLPARTY,Republican,[0.21292098 0.21144129 0.31270281 0.16662654 0.09630839],0.004492206975021558
188,SHARE1_W49,POLPARTY,Democrat,[0.5000903 0.4999097],0.004978429648513698
189,SHARE1_W49,POLPARTY,Independent,[0.56500981 0.43499019],0.0019859548367014246
190,SHARE1_W49,POLPARTY,Other,[0.53689347 0.46310653],0.014377925197790312
191,SHARE1_W49,POLPARTY,Republican,[0.47869068 0.52130932],0.005132122397719922
192,HOMEASSIST5b_W49,POLPARTY,Democrat,[0.36715723 0.63284277],0.007230760435610185
193,HOMEASSIST5b_W49,POLPARTY,Independent,[0.34475043 0.65524957],0.007067581744614675
194,HOMEASSIST5b_W49,POLPARTY,Other,[0.47365059 0.52634941],0.0
195,HOMEASSIST5b_W49,POLPARTY,Republican,[0.19768674 0.80231326],0.013428967602963863
196,CONCERNGRPd_W49,POLPARTY,Democrat,[0.31075212 0.49961718 0.1896307 ],0.0
197,CONCERNGRPd_W49,POLPARTY,Independent,[0.29695597 0.51161752 0.19142651],0.003715453605672797
198,CONCERNGRPd_W49,POLPARTY,Other,[0.33058706 0.46839509 0.20101785],0.0
199,CONCERNGRPd_W49,POLPARTY,Republican,[0.26784379 0.51529804 0.21685817],0.004108078219293286
200,ANONYMOUS1CO_W49,POLPARTY,Democrat,[0.34846393 0.65153607],0.004836274666213871
201,ANONYMOUS1CO_W49,POLPARTY,Independent,[0.43601963 0.56398037],0.0017942226285570391
202,ANONYMOUS1CO_W49,POLPARTY,Other,[0.34832857 0.65167143],0.00755260962421149
203,ANONYMOUS1CO_W49,POLPARTY,Republican,[0.37020607 0.62979393],0.004000074607448381
204,PP5a_W49,POLPARTY,Democrat,[0.05082124 0.41031957 0.39350755 0.14535164],0.002314103245036711
205,PP5a_W49,POLPARTY,Independent,[0.04616164 0.34607705 0.41111975 0.19664156],0.004593177132627845
206,PP5a_W49,POLPARTY,Other,[0.06627272 0.31366142 0.40864953 0.21141634],0.011409702698850074
207,PP5a_W49,POLPARTY,Republican,[0.04236474 0.38183684 0.4132598  0.16253863],0.006041847247965456
208,POSNEGCO_W49,POLPARTY,Democrat,[0.19574442 0.80425558],0.013761995287349402
209,POSNEGCO_W49,POLPARTY,Independent,[0.18120285 0.81879715],0.017236098106770927
210,POSNEGCO_W49,POLPARTY,Other,[0.15253931 0.84746069],0.02691130855674852
211,POSNEGCO_W49,POLPARTY,Republican,[0.15489697 0.84510303],0.022614894955056194
212,BENEFITGOV_W49,POLPARTY,Democrat,[0.07509392 0.30215874 0.62274734 0.        ],0.007366814810101284
213,BENEFITGOV_W49,POLPARTY,Independent,[0.06938115 0.27708868 0.65353016 0.        ],0.01360983722077944
214,BENEFITGOV_W49,POLPARTY,Other,[0.08131553 0.32939437 0.58929009 0.        ],0.010894677684060503
215,BENEFITGOV_W49,POLPARTY,Republican,[0.02366572 0.28848809 0.6878462  0.        ],0.01853934324068404
216,RTBFa_W49,POLPARTY,Democrat,[0.36800824 0.63199176],0.008050533517312743
217,RTBFa_W49,POLPARTY,Independent,[0.39782398 0.60217602],0.01709720482806514
218,RTBFa_W49,POLPARTY,Other,[0.46541017 0.53458983],0.014511195131329957
219,RTBFa_W49,POLPARTY,Republican,[0.39855159 0.60144841],0.020957210322005582
220,TRACKGOV1b_W49,POLPARTY,Democrat,[0.10148128 0.13270302 0.33147077 0.272697   0.16164793],0.00035217910545327355
221,TRACKGOV1b_W49,POLPARTY,Independent,[0.10383646 0.13822681 0.34116563 0.29417249 0.12259861],0.005350840213895609
222,TRACKGOV1b_W49,POLPARTY,Other,[0.14197051 0.1164706  0.36561504 0.20850462 0.16743923],0.004055341034190384
223,TRACKGOV1b_W49,POLPARTY,Republican,[0.10034963 0.13836661 0.28965408 0.2869305  0.18469918],0.007029254274536986
224,SOCMEDIAUSEd_W49,POLPARTY,Democrat,[0.31007238 0.68992762],0.0188662924716423
225,SOCMEDIAUSEd_W49,POLPARTY,Independent,[0.33517637 0.66482363],0.012148755232190476
226,SOCMEDIAUSEd_W49,POLPARTY,Other,[0.36012257 0.63987743],0.012698262020027698
227,SOCMEDIAUSEd_W49,POLPARTY,Republican,[0.19816805 0.80183195],0.019384977067924365
228,DATAUSEd_W49,POLPARTY,Democrat,[0.61299032 0.38700968],0.23009639381511865
229,DATAUSEd_W49,POLPARTY,Independent,[0.5002423 0.4997577],0.21837651801065558
230,DATAUSEd_W49,POLPARTY,Other,[0.5311945 0.4688055],0.31646895274224507
231,DATAUSEd_W49,POLPARTY,Republican,[0.48999012 0.51000988],0.1972984816404387
232,DATAUSEa_W49,POLPARTY,Democrat,[0.60430972 0.39569028],0.20767399991617394
233,DATAUSEa_W49,POLPARTY,Independent,[0.62647181 0.37352819],0.19533657136425298
234,DATAUSEa_W49,POLPARTY,Other,[0.3946844 0.6053156],0.23096148120209878
235,DATAUSEa_W49,POLPARTY,Republican,[0.71516718 0.28483282],0.14753720385546393
236,SOCMEDIAUSEa_W49,POLPARTY,Democrat,[0.73086166 0.26913834],0.0043735963135765115
237,SOCMEDIAUSEa_W49,POLPARTY,Independent,[0.71145374 0.28854626],0.001278991183863001
238,SOCMEDIAUSEa_W49,POLPARTY,Other,[0.72209631 0.27790369],0.003715969864424106
239,SOCMEDIAUSEa_W49,POLPARTY,Republican,[0.72575362 0.27424638],0.0021129551706282226
240,PP6c_W49,POLPARTY,Democrat,[0.08960182 0.43148362 0.32075741 0.15815715],0.0020768047432879106
241,PP6c_W49,POLPARTY,Independent,[0.07211007 0.42589775 0.30890749 0.19308469],0.0051662861784674856
242,PP6c_W49,POLPARTY,Other,[0.07854097 0.37376433 0.33556133 0.21213337],0.011246218426061523
243,PP6c_W49,POLPARTY,Republican,[0.08416227 0.44019704 0.29558851 0.18005217],0.002676726484826765
244,FACE4b_W49,POLPARTY,Democrat,[0.37138136 0.62861864],0.17695483939551065
245,FACE4b_W49,POLPARTY,Independent,[0.45183328 0.54816672],0.18668781824596617
246,FACE4b_W49,POLPARTY,Other,[0.42626944 0.57373056],0.2208296495020096
247,FACE4b_W49,POLPARTY,Republican,[0.46461487 0.53538513],0.1453648470428346
248,DATAUSEe_W49,POLPARTY,Democrat,[0.46908258 0.53091742],0.2814182242978723
249,DATAUSEe_W49,POLPARTY,Independent,[0.3540277 0.6459723],0.2697227104617265
250,DATAUSEe_W49,POLPARTY,Other,[0.32461073 0.67538927],0.27846994965523064
251,DATAUSEe_W49,POLPARTY,Republican,[0.2856693 0.7143307],0.2803675133786936
252,HOMEIOT_W49,POLPARTY,Democrat,[0.18275978 0.81724022],0.002872177049723176
253,HOMEIOT_W49,POLPARTY,Independent,[0.20062243 0.79937757],0.0038495907769997327
254,HOMEIOT_W49,POLPARTY,Other,[0.21603984 0.78396016],0.012869900644278454
255,HOMEIOT_W49,POLPARTY,Republican,[0.20960612 0.79039388],0.0023631973253994258
256,SOCMEDIAUSEb_W49,POLPARTY,Democrat,[0.4347048 0.5652952],0.015060464569031411
257,SOCMEDIAUSEb_W49,POLPARTY,Independent,[0.37241245 0.62758755],0.009402557479674748
258,SOCMEDIAUSEb_W49,POLPARTY,Other,[0.46038879 0.53961121],0.005722463202180022
259,SOCMEDIAUSEb_W49,POLPARTY,Republican,[0.29627884 0.70372116],0.01219402800614213
260,CONTROLGRPb_W49,POLPARTY,Democrat,[0.09291307 0.40624051 0.44340557 0.05744085],0.00500267906582678
261,CONTROLGRPb_W49,POLPARTY,Independent,[0.09142269 0.39635237 0.48869936 0.02352558],0.008165953431033665
262,CONTROLGRPb_W49,POLPARTY,Other,[0.12664427 0.44506386 0.42516286 0.00312901],0.0
263,CONTROLGRPb_W49,POLPARTY,Republican,[0.08496974 0.34881761 0.54430273 0.02190992],0.0012178057379506773
264,DB1b_W49,POLPARTY,Democrat,[0.08081535 0.85189897 0.06728568],0.0029161646761249396
265,DB1b_W49,POLPARTY,Independent,[0.09280457 0.87763562 0.02955981],0.003361838729135911
266,DB1b_W49,POLPARTY,Other,[0.0857625  0.90451196 0.00972554],0.0064738590999062345
267,DB1b_W49,POLPARTY,Republican,[0.06486999 0.90561848 0.02951153],0.006231611133288953
268,RTDc_W49,POLPARTY,Democrat,[0.68673546 0.31326454],0.023172030244941924
269,RTDc_W49,POLPARTY,Independent,[0.75041425 0.24958575],0.023768993521664547
270,RTDc_W49,POLPARTY,Other,[0.68968949 0.31031051],0.00988471785837042
271,RTDc_W49,POLPARTY,Republican,[0.69173935 0.30826065],0.02144304701253626
272,CONCERNGRPa_W49,POLPARTY,Democrat,[0.2753697  0.38323881 0.34139149],0.0012005301915513477
273,CONCERNGRPa_W49,POLPARTY,Independent,[0.29292349 0.35026527 0.35681123],0.0
274,CONCERNGRPa_W49,POLPARTY,Other,[0.34938017 0.3334971  0.31712273],0.007552609624211488
275,CONCERNGRPa_W49,POLPARTY,Republican,[0.15582741 0.34125886 0.50291374],0.0
276,FACE1_W49,POLPARTY,Democrat,[0.26877597 0.60232041 0.12890362],0.002277553092018064
277,FACE1_W49,POLPARTY,Independent,[0.25135384 0.63294262 0.11570353],0.005960904730599401
278,FACE1_W49,POLPARTY,Other,[0.27817853 0.56311514 0.15870633],0.001145606388653448
279,FACE1_W49,POLPARTY,Republican,[0.21619273 0.65329376 0.1305135 ],0.0005276050841689838
280,CONTROLGRPc_W49,POLPARTY,Democrat,[0.13036015 0.44868248 0.42095738],0.007524540712087327
281,CONTROLGRPc_W49,POLPARTY,Independent,[0.08771278 0.43769185 0.47459537],0.0
282,CONTROLGRPc_W49,POLPARTY,Other,[0.16673056 0.44113979 0.39212965],0.0
283,CONTROLGRPc_W49,POLPARTY,Republican,[0.10045075 0.40612047 0.49342879],0.0016608975486407359
284,FACE3b_W49,POLPARTY,Democrat,[0.06133889 0.37109363 0.37409317 0.1934743 ],0.009710625096397625
285,FACE3b_W49,POLPARTY,Independent,[0.06831582 0.34119143 0.33108617 0.25940658],0.00859840223347468
286,FACE3b_W49,POLPARTY,Other,[0.05309362 0.34120477 0.33073923 0.27496238],0.012845655273397474
287,FACE3b_W49,POLPARTY,Republican,[0.05416455 0.37066992 0.34724211 0.22792342],0.0119759640184981
288,CONTROLGRPd_W49,POLPARTY,Democrat,[0.19371112 0.53718772 0.26910116],0.007895758699478785
289,CONTROLGRPd_W49,POLPARTY,Independent,[0.18014822 0.56438711 0.25546467],0.0030324063292918317
290,CONTROLGRPd_W49,POLPARTY,Other,[0.17950122 0.56008775 0.26041102],0.011178165338401151
291,CONTROLGRPd_W49,POLPARTY,Republican,[0.16277228 0.49982115 0.33740658],0.000966259640087932
292,PWMAN2_W49,POLPARTY,Democrat,"[0.17503097 0.06798724 0.17479907 0.01540798 0.05393013 0.25684997
 0.0333621  0.13506456 0.08756798]",0.00212988876585612
293,PWMAN2_W49,POLPARTY,Independent,"[0.13878949 0.07880375 0.20504162 0.00786237 0.05055278 0.30447868
 0.0514051  0.1260687  0.03699752]",0.0049300070698336555
294,PWMAN2_W49,POLPARTY,Other,"[0.18551483 0.05256618 0.16548237 0.01680557 0.03528324 0.30201608
 0.0205703  0.20932298 0.01243846]",0.013447401130895266
295,PWMAN2_W49,POLPARTY,Republican,"[0.21443382 0.06593918 0.19452966 0.02169994 0.04520163 0.28951893
 0.0233435  0.11013195 0.03520139]",0.005537896700820291
296,FACE2c_W49,POLPARTY,Democrat,[0.15718426 0.52728003 0.26450398 0.05103173],0.015548009440552438
297,FACE2c_W49,POLPARTY,Independent,[0.15368858 0.56877489 0.23531648 0.04222005],0.021957455293062547
298,FACE2c_W49,POLPARTY,Other,[0.19576832 0.46666101 0.27401051 0.06356016],0.015851730300208082
299,FACE2c_W49,POLPARTY,Republican,[0.2173749  0.59000228 0.15005617 0.04256665],0.014841073505445375
300,CONCERNGRPb_W49,POLPARTY,Democrat,[0.38785321 0.46014953 0.15199726],0.0012005301915513477
301,CONCERNGRPb_W49,POLPARTY,Independent,[0.40551057 0.44984576 0.14464367],0.0
302,CONCERNGRPb_W49,POLPARTY,Other,[0.42376554 0.38034629 0.19588817],0.01115081517309717
303,CONCERNGRPb_W49,POLPARTY,Republican,[0.38371163 0.45247169 0.16381667],0.003945604556263846
304,HOMEASSIST1_W49,POLPARTY,Democrat,[0.26024915 0.73975085],0.0031231931866117454
305,HOMEASSIST1_W49,POLPARTY,Independent,[0.24849476 0.75150524],0.00020369974983447666
306,HOMEASSIST1_W49,POLPARTY,Other,[0.25229336 0.74770664],0.0013142057884149069
307,HOMEASSIST1_W49,POLPARTY,Republican,[0.23120199 0.76879801],0.0014030772238858226
308,DATAUSEf_W49,POLPARTY,Democrat,[0.35188995 0.64811005],0.25690354118617537
309,DATAUSEf_W49,POLPARTY,Independent,[0.28196088 0.71803912],0.2420950992754611
310,DATAUSEf_W49,POLPARTY,Other,[0.29390919 0.70609081],0.28719655532987115
311,DATAUSEf_W49,POLPARTY,Republican,[0.41616065 0.58383935],0.25976598515138744
312,RTBFb_W49,POLPARTY,Democrat,[0.6537267 0.3462733],0.009635019935083582
313,RTBFb_W49,POLPARTY,Independent,[0.68040153 0.31959847],0.007210479083296143
314,RTBFb_W49,POLPARTY,Other,[0.72714667 0.27285333],0.015927537624564274
315,RTBFb_W49,POLPARTY,Republican,[0.70238433 0.29761567],0.021271615600284174
316,DB1c_W49,POLPARTY,Democrat,[0.06063629 0.93936371],0.0022775530920180645
317,DB1c_W49,POLPARTY,Independent,[0.06513524 0.93486476],0.005371692640574802
318,DB1c_W49,POLPARTY,Other,[0.06594998 0.93405002],0.003447257403459002
319,DB1c_W49,POLPARTY,Republican,[0.05590539 0.94409461],0.0021362144989444543
320,FACE4c_W49,POLPARTY,Democrat,[0.21460147 0.78539853],0.20585982881303655
321,FACE4c_W49,POLPARTY,Independent,[0.19923666 0.80076334],0.1480287071938162
322,FACE4c_W49,POLPARTY,Other,[0.22410753 0.77589247],0.2644151960731335
323,FACE4c_W49,POLPARTY,Republican,[0.23583954 0.76416046],0.17905643787277048
324,TRACKCO1b_W49,POLPARTY,Democrat,[0.09792956 0.18550264 0.40659202 0.20542169 0.10455409],0.003568536256628681
325,TRACKCO1b_W49,POLPARTY,Independent,[0.09997945 0.22094756 0.3796306  0.18157817 0.11786421],0.004254335429099245
326,TRACKCO1b_W49,POLPARTY,Other,[0.18233013 0.16039481 0.35910221 0.14275176 0.15542108],0.0
327,TRACKCO1b_W49,POLPARTY,Republican,[0.1264073  0.1760469  0.37366719 0.2237818  0.10009681],0.00738618093016938
328,RTDb_W49,POLPARTY,Democrat,[0.89431478 0.10568522],0.011729229676925813
329,RTDb_W49,POLPARTY,Independent,[0.87785649 0.12214351],0.01796668671568077
330,RTDb_W49,POLPARTY,Other,[0.83582202 0.16417798],0.02739165824376187
331,RTDb_W49,POLPARTY,Republican,[0.90017018 0.09982982],0.017530691467886737
332,HOMEASSIST3_W49,POLPARTY,Democrat,[0.19686934 0.40451227 0.39861839],0.0
333,HOMEASSIST3_W49,POLPARTY,Independent,[0.18653698 0.29408386 0.51937916],0.014265948561895779
334,HOMEASSIST3_W49,POLPARTY,Other,[0.24029326 0.34160849 0.41809826],0.0
335,HOMEASSIST3_W49,POLPARTY,Republican,[0.18068114 0.33347368 0.48584518],0.0
336,SMARTAPP_W49,POLPARTY,Democrat,[0.46286259 0.20692832 0.29008543 0.04012365],0.0020534414468122474
337,SMARTAPP_W49,POLPARTY,Independent,[0.4310246  0.17239365 0.34434162 0.05224013],0.004193567830168025
338,SMARTAPP_W49,POLPARTY,Other,[0.49688372 0.11814325 0.32806841 0.05690462],0.0060167896273685345
339,SMARTAPP_W49,POLPARTY,Republican,[0.43828956 0.19956079 0.29126983 0.07087982],0.002388042957804214
340,UNDERSTANDGOV_W49,POLPARTY,Democrat,[0.03349115 0.15688017 0.56093951 0.24868917],0.002993387431586536
341,UNDERSTANDGOV_W49,POLPARTY,Independent,[0.03566707 0.21610384 0.50925109 0.23897801],0.0020411667319362777
342,UNDERSTANDGOV_W49,POLPARTY,Other,[0.0980507  0.19782555 0.42625329 0.27787046],0.0
343,UNDERSTANDGOV_W49,POLPARTY,Republican,[0.03536435 0.14382997 0.57485326 0.24595242],0.0008077451053655848
344,CONCERNGRPe_W49,POLPARTY,Democrat,[0.13582139 0.34081564 0.52336297],0.0
345,CONCERNGRPe_W49,POLPARTY,Independent,[0.07982492 0.34771356 0.57246152],0.001809632774655238
346,CONCERNGRPe_W49,POLPARTY,Other,[0.10858154 0.34746461 0.54395385],0.0
347,CONCERNGRPe_W49,POLPARTY,Republican,[0.0433641  0.31484653 0.64178937],0.004108078219293286
348,PROFILE5_W49,POLPARTY,Democrat,[0.08022596 0.556596   0.31925624 0.0439218 ],0.00597631744279127
349,PROFILE5_W49,POLPARTY,Independent,[0.05727238 0.56260772 0.33604918 0.04407072],0.0010166788555901931
350,PROFILE5_W49,POLPARTY,Other,[0.08432416 0.49759659 0.34233548 0.07574378],0.0029999235451187343
351,PROFILE5_W49,POLPARTY,Republican,[0.06421314 0.53421917 0.3497077  0.05185999],0.0019495380903849643
352,ELECTFTGSNSINT_W49,POLPARTY,Democrat,[0.21526083 0.41873309 0.36600608],0.006395012725135693
353,ELECTFTGSNSINT_W49,POLPARTY,Independent,[0.11053442 0.50678065 0.38268493],0.00886902164325961
354,ELECTFTGSNSINT_W49,POLPARTY,Other,[0.13456427 0.41537257 0.45006316],0.00797347892764557
355,ELECTFTGSNSINT_W49,POLPARTY,Republican,[0.14919238 0.49992949 0.35087813],0.0018052616581812257
356,PP6a_W49,POLPARTY,Democrat,[0.12713731 0.50796035 0.24599379 0.11890855],0.004672132210557225
357,PP6a_W49,POLPARTY,Independent,[0.08817601 0.48106782 0.2814492  0.14930697],0.006264346370171876
358,PP6a_W49,POLPARTY,Other,[0.0818873  0.43231806 0.329906   0.15588863],0.008256924347055482
359,PP6a_W49,POLPARTY,Republican,[0.10718463 0.44620484 0.31164332 0.1349672 ],0.004234141560615402
360,RTBFd_W49,POLPARTY,Democrat,[0.87653454 0.12346546],0.0035863747595925523
361,RTBFd_W49,POLPARTY,Independent,[0.83473746 0.16526254],0.010393599310184016
362,RTBFd_W49,POLPARTY,Other,[0.81047591 0.18952409],0.001312279588848126
363,RTBFd_W49,POLPARTY,Republican,[0.89634477 0.10365523],0.030463474979876264
364,CONCERNGRPf_W49,POLPARTY,Democrat,[0.39398364 0.47137913 0.13463724],0.0
365,CONCERNGRPf_W49,POLPARTY,Independent,[0.43119027 0.45901929 0.10979043],0.0
366,CONCERNGRPf_W49,POLPARTY,Other,[0.40348421 0.43544275 0.16107304],0.0
367,CONCERNGRPf_W49,POLPARTY,Republican,[0.37393946 0.43624887 0.18981167],0.006978041720540277
368,DB1a_W49,POLPARTY,Democrat,[0.21492639 0.78507361],0.00534332801112249
369,DB1a_W49,POLPARTY,Independent,[0.1974261 0.8025739],0.004100755361250149
370,DB1a_W49,POLPARTY,Other,[0.20166326 0.79833674],0.003447257403459002
371,DB1a_W49,POLPARTY,Republican,[0.25026422 0.74973578],0.0019423496680753608
372,PP5b_W49,POLPARTY,Democrat,[0.0586209  0.32484346 0.41026683 0.20626882],0.0062855022924358656
373,PP5b_W49,POLPARTY,Independent,[0.05733861 0.26937402 0.3839314  0.28935597],0.003383571263954314
374,PP5b_W49,POLPARTY,Other,[0.02910982 0.26932503 0.41052043 0.29104472],0.01249405034659238
375,PP5b_W49,POLPARTY,Republican,[0.04834157 0.30283946 0.42930058 0.21951839],0.002508796474414596
376,PWMAN_W49,POLPARTY,Democrat,[0.23070724 0.76929276],0.00197060499918139
377,PWMAN_W49,POLPARTY,Independent,[0.19803693 0.80196307],0.0021653620240105202
378,PWMAN_W49,POLPARTY,Other,[0.20879647 0.79120353],0.004782756309124474
379,PWMAN_W49,POLPARTY,Republican,[0.15594854 0.84405146],0.007432869052998163
380,RTDd_W49,POLPARTY,Democrat,[0.7817381 0.2182619],0.0186015715517325
381,RTDd_W49,POLPARTY,Independent,[0.78883043 0.21116957],0.01839656015704782
382,RTDd_W49,POLPARTY,Other,[0.77535496 0.22464504],0.012672223774807208
383,RTDd_W49,POLPARTY,Republican,[0.85157485 0.14842515],0.020043074899044958
384,FACE3c_W49,POLPARTY,Democrat,[0.16574494 0.45098329 0.22772437 0.15554739],0.012313432941759773
385,FACE3c_W49,POLPARTY,Independent,[0.16653121 0.46681917 0.22506764 0.14158198],0.007643803820121519
386,FACE3c_W49,POLPARTY,Other,[0.14586815 0.39091619 0.25411312 0.20910254],0.0066641717023015815
387,FACE3c_W49,POLPARTY,Republican,[0.31762843 0.49128061 0.10709817 0.08399279],0.007995796631765098
388,UNDERSTANDCO_W49,POLPARTY,Democrat,[0.0649423  0.33831665 0.49786153 0.09887951],0.0036495575503971596
389,UNDERSTANDCO_W49,POLPARTY,Independent,[0.06755578 0.35052107 0.48609073 0.09583242],0.004528126061643389
390,UNDERSTANDCO_W49,POLPARTY,Other,[0.05543664 0.33344629 0.48283396 0.1282831 ],0.02203822335534801
391,UNDERSTANDCO_W49,POLPARTY,Republican,[0.05674996 0.34073374 0.46170826 0.14080803],0.004878685724154885
0,GOVREGV1_W49,INCOME,"$100,000 or more",[0.82534144 0.04889393 0.12576463],0.004238302540564493
1,GOVREGV1_W49,INCOME,"$30,000-$50,000",[0.71070097 0.08867932 0.20061971],0.018590007257347666
2,GOVREGV1_W49,INCOME,"$50,000-$75,000",[0.78438811 0.05568609 0.1599258 ],0.008926135965656948
3,GOVREGV1_W49,INCOME,"$75,000-$100,000",[0.76137132 0.06088125 0.17774743],0.007288436866988876
4,GOVREGV1_W49,INCOME,"Less than $30,000",[0.7063512  0.12535048 0.16829833],0.018736808076727604
5,CONTROLGOV_W49,INCOME,"$100,000 or more",[0.0302264  0.07570812 0.49119138 0.4028741 ],0.001469194128726116
6,CONTROLGOV_W49,INCOME,"$30,000-$50,000",[0.02720965 0.1123861  0.43390077 0.42650348],0.0073162954824143355
7,CONTROLGOV_W49,INCOME,"$50,000-$75,000",[0.03718522 0.0840586  0.4638467  0.41490949],0.0
8,CONTROLGOV_W49,INCOME,"$75,000-$100,000",[0.01172023 0.12248932 0.38375924 0.4820312 ],0.0011373861510292596
9,CONTROLGOV_W49,INCOME,"Less than $30,000",[0.05336741 0.19202596 0.33431985 0.42028678],0.0012506692315011321
10,SMARTPHONE_W49,INCOME,"$100,000 or more",[0.97104605 0.02895395],0.0
11,SMARTPHONE_W49,INCOME,"$30,000-$50,000",[0.8848737 0.1151263],0.0018829069808047952
12,SMARTPHONE_W49,INCOME,"$50,000-$75,000",[0.91460063 0.08539937],0.00498378230903991
13,SMARTPHONE_W49,INCOME,"$75,000-$100,000",[0.92877966 0.07122034],0.0
14,SMARTPHONE_W49,INCOME,"Less than $30,000",[0.77130424 0.22869576],0.006947225984755298
15,CONTROLGRPa_W49,INCOME,"$100,000 or more",[0.11572632 0.48958805 0.39468563],0.003970520212589626
16,CONTROLGRPa_W49,INCOME,"$30,000-$50,000",[0.15846143 0.51541316 0.32612541],0.0016509343106809846
17,CONTROLGRPa_W49,INCOME,"$50,000-$75,000",[0.1673539  0.48086323 0.35178288],0.0025024419921172206
18,CONTROLGRPa_W49,INCOME,"$75,000-$100,000",[0.09166509 0.46032492 0.44800999],0.0
19,CONTROLGRPa_W49,INCOME,"Less than $30,000",[0.20497492 0.5176416  0.27738348],0.0
20,FACE3a_W49,INCOME,"$100,000 or more",[0.01982145 0.1421545  0.42069394 0.4173301 ],0.00980557162634018
21,FACE3a_W49,INCOME,"$30,000-$50,000",[0.0287304  0.16833677 0.41845484 0.38447799],0.016274075717309943
22,FACE3a_W49,INCOME,"$50,000-$75,000",[0.0155991  0.17400092 0.4091186  0.40128138],0.0038910686443962214
23,FACE3a_W49,INCOME,"$75,000-$100,000",[0.00469361 0.21555225 0.40194545 0.3778087 ],0.0028446680763291442
24,FACE3a_W49,INCOME,"Less than $30,000",[0.04977389 0.21848529 0.36676813 0.36497268],0.01254064022800522
25,PP6b_W49,INCOME,"$100,000 or more",[0.06253469 0.33690104 0.34755594 0.25300834],0.0024151219468236053
26,PP6b_W49,INCOME,"$30,000-$50,000",[0.03435018 0.30098444 0.40133157 0.26333381],0.0035333589266888354
27,PP6b_W49,INCOME,"$50,000-$75,000",[0.06922107 0.26255308 0.37960585 0.28862   ],0.0005825368644130579
28,PP6b_W49,INCOME,"$75,000-$100,000",[0.03648751 0.3202329  0.37815785 0.26512174],0.00318441877021329
29,PP6b_W49,INCOME,"Less than $30,000",[0.07579744 0.29911667 0.35505107 0.27003482],0.00958216637828192
30,FACE2a_W49,INCOME,"$100,000 or more",[0.25053005 0.63875476 0.10335075 0.00736445],0.013431259196207697
31,FACE2a_W49,INCOME,"$30,000-$50,000",[0.24536781 0.60110701 0.13932983 0.01419536],0.013762762600390558
32,FACE2a_W49,INCOME,"$50,000-$75,000",[0.23008006 0.63146039 0.12581829 0.01264126],0.010338187153360403
33,FACE2a_W49,INCOME,"$75,000-$100,000",[0.23485773 0.64001285 0.11126152 0.0138679 ],0.001550110066476719
34,FACE2a_W49,INCOME,"Less than $30,000",[0.23892427 0.58763182 0.15160548 0.02183842],0.013888981418244276
35,TALKCMNSNSINT_W49,INCOME,"$100,000 or more",[0.23675758 0.76324242],0.07909314123932433
36,TALKCMNSNSINT_W49,INCOME,"$30,000-$50,000",[0.35762266 0.64237734],0.05871050083968117
37,TALKCMNSNSINT_W49,INCOME,"$50,000-$75,000",[0.22906302 0.77093698],0.053897818427766926
38,TALKCMNSNSINT_W49,INCOME,"$75,000-$100,000",[0.27649884 0.72350116],0.055960588586620674
39,TALKCMNSNSINT_W49,INCOME,"Less than $30,000",[0.29646737 0.70353263],0.0583976553011337
40,DATAUSEc_W49,INCOME,"$100,000 or more",[0.59963528 0.40036472],0.19190320793310342
41,DATAUSEc_W49,INCOME,"$30,000-$50,000",[0.61678148 0.38321852],0.18585710126406033
42,DATAUSEc_W49,INCOME,"$50,000-$75,000",[0.52486083 0.47513917],0.12255882258424057
43,DATAUSEc_W49,INCOME,"$75,000-$100,000",[0.57540058 0.42459942],0.1594722401917306
44,DATAUSEc_W49,INCOME,"Less than $30,000",[0.64375375 0.35624625],0.2278249710938927
45,DNATEST_W49,INCOME,"$100,000 or more",[0.21213086 0.78786914],0.00041343351740365773
46,DNATEST_W49,INCOME,"$30,000-$50,000",[0.13721439 0.86278561],0.0015257684785128056
47,DNATEST_W49,INCOME,"$50,000-$75,000",[0.17686531 0.82313469],0.00027510486352684695
48,DNATEST_W49,INCOME,"$75,000-$100,000",[0.20875322 0.79124678],0.0035838040540167706
49,DNATEST_W49,INCOME,"Less than $30,000",[0.09740037 0.90259963],0.006044368491350645
50,PP5c_W49,INCOME,"$100,000 or more",[0.01962884 0.17336082 0.48366777 0.32334257],0.0005470274653201618
51,PP5c_W49,INCOME,"$30,000-$50,000",[0.0335944  0.17075347 0.45063049 0.34502164],0.006577266269921241
52,PP5c_W49,INCOME,"$50,000-$75,000",[0.01899824 0.17315893 0.4863226  0.32152022],0.0003166215334825835
53,PP5c_W49,INCOME,"$75,000-$100,000",[0.01373782 0.16386862 0.50510386 0.31728971],0.0034355536852009034
54,PP5c_W49,INCOME,"Less than $30,000",[0.04719125 0.19569448 0.43176788 0.32534639],0.008268184074287298
55,PP5e_W49,INCOME,"$100,000 or more",[0.01949387 0.18384105 0.44194956 0.35471551],0.0010765195266713727
56,PP5e_W49,INCOME,"$30,000-$50,000",[0.03876825 0.17937264 0.51630812 0.26555098],0.007783920184601164
57,PP5e_W49,INCOME,"$50,000-$75,000",[0.02483693 0.22468055 0.43210854 0.31837397],0.0006928464375839644
58,PP5e_W49,INCOME,"$75,000-$100,000",[0.01989923 0.2035225  0.44082933 0.33574894],0.0017741371621285858
59,PP5e_W49,INCOME,"Less than $30,000",[0.07347157 0.23120818 0.37141592 0.32390434],0.008400749439317928
60,PUBLICDATA_W49,INCOME,"$100,000 or more",[0.22586773 0.77413227],0.016888356125316036
61,PUBLICDATA_W49,INCOME,"$30,000-$50,000",[0.26011323 0.73988677],0.025306536195983883
62,PUBLICDATA_W49,INCOME,"$50,000-$75,000",[0.21507887 0.78492113],0.017349286344940554
63,PUBLICDATA_W49,INCOME,"$75,000-$100,000",[0.23964506 0.76035494],0.025193964476720208
64,PUBLICDATA_W49,INCOME,"Less than $30,000",[0.25792538 0.74207462],0.043202201062366975
65,HOMEASSIST5a_W49,INCOME,"$100,000 or more",[0.37098088 0.62901912],0.0
66,HOMEASSIST5a_W49,INCOME,"$30,000-$50,000",[0.44087595 0.55912405],0.0058747634063742735
67,HOMEASSIST5a_W49,INCOME,"$50,000-$75,000",[0.43300403 0.56699597],0.0
68,HOMEASSIST5a_W49,INCOME,"$75,000-$100,000",[0.45411961 0.54588039],0.0
69,HOMEASSIST5a_W49,INCOME,"Less than $30,000",[0.50527592 0.49472408],0.0021548927244295513
70,PP1_W49,INCOME,"$100,000 or more",[0.26136155 0.39398065 0.23434096 0.10458084 0.00573599],0.00028613468712084634
71,PP1_W49,INCOME,"$30,000-$50,000",[0.26865613 0.30611503 0.23520627 0.15941889 0.03060368],0.0050621495270859445
72,PP1_W49,INCOME,"$50,000-$75,000",[0.24513954 0.32845273 0.27511674 0.14843104 0.00285994],0.0028957997459697566
73,PP1_W49,INCOME,"$75,000-$100,000",[0.20677302 0.35758733 0.28172924 0.13848021 0.01543021],0.0016945348573770029
74,PP1_W49,INCOME,"Less than $30,000",[0.25671283 0.27124132 0.21381451 0.19610208 0.06212926],0.0044681282950247495
75,BENEFITCO_W49,INCOME,"$100,000 or more",[0.03768097 0.34368338 0.61863565 0.        ],0.0
76,BENEFITCO_W49,INCOME,"$30,000-$50,000",[0.05614762 0.25189397 0.69195841 0.        ],0.003827256204821893
77,BENEFITCO_W49,INCOME,"$50,000-$75,000",[0.06144223 0.32937853 0.60917925 0.        ],0.0
78,BENEFITCO_W49,INCOME,"$75,000-$100,000",[0.04912648 0.2644354  0.68643812 0.        ],0.002893698180851357
79,BENEFITCO_W49,INCOME,"Less than $30,000",[0.09849796 0.28519687 0.61630516 0.        ],0.011114421601273499
80,POSNEGGOV_W49,INCOME,"$100,000 or more",[0.32779555 0.67220445],0.0218787991194565
81,POSNEGGOV_W49,INCOME,"$30,000-$50,000",[0.32397052 0.67602948],0.05350531183213374
82,POSNEGGOV_W49,INCOME,"$50,000-$75,000",[0.28445092 0.71554908],0.021931459826737543
83,POSNEGGOV_W49,INCOME,"$75,000-$100,000",[0.37407928 0.62592072],0.014509376319740768
84,POSNEGGOV_W49,INCOME,"Less than $30,000",[0.29307038 0.70692962],0.030819444656814732
85,RTBFc_W49,INCOME,"$100,000 or more",[0.5056148 0.4943852],0.006304021037251045
86,RTBFc_W49,INCOME,"$30,000-$50,000",[0.62933466 0.37066534],0.03034223044089239
87,RTBFc_W49,INCOME,"$50,000-$75,000",[0.54753171 0.45246829],0.016084969776873608
88,RTBFc_W49,INCOME,"$75,000-$100,000",[0.51150842 0.48849158],0.021731544277692073
89,RTBFc_W49,INCOME,"Less than $30,000",[0.61481139 0.38518861],0.033030751385651654
90,FACE4d_W49,INCOME,"$100,000 or more",[0.51095041 0.48904959],0.16464638098371745
91,FACE4d_W49,INCOME,"$30,000-$50,000",[0.56420807 0.43579193],0.1671665981059395
92,FACE4d_W49,INCOME,"$50,000-$75,000",[0.46483113 0.53516887],0.18619880263212982
93,FACE4d_W49,INCOME,"$75,000-$100,000",[0.53416846 0.46583154],0.20417246817415052
94,FACE4d_W49,INCOME,"Less than $30,000",[0.50772623 0.49227377],0.18868774802212576
95,RTDa_W49,INCOME,"$100,000 or more",[0.34639199 0.65360801],0.012329707414981924
96,RTDa_W49,INCOME,"$30,000-$50,000",[0.33371801 0.66628199],0.03295232914767752
97,RTDa_W49,INCOME,"$50,000-$75,000",[0.40118419 0.59881581],0.02294020694789199
98,RTDa_W49,INCOME,"$75,000-$100,000",[0.34380551 0.65619449],0.00491818540118123
99,RTDa_W49,INCOME,"Less than $30,000",[0.40332255 0.59667745],0.04014025732779258
100,PP4_W49,INCOME,"$100,000 or more",[0.12653091 0.55463227 0.30768024 0.01115657],0.0
101,PP4_W49,INCOME,"$30,000-$50,000",[0.08191294 0.58947423 0.29945689 0.02915595],0.0
102,PP4_W49,INCOME,"$50,000-$75,000",[0.12928256 0.54277716 0.28850425 0.03943603],0.0012905731066475518
103,PP4_W49,INCOME,"$75,000-$100,000",[0.11348939 0.54546493 0.29817182 0.04287387],0.0
104,PP4_W49,INCOME,"Less than $30,000",[0.16309525 0.51776647 0.28489571 0.03424257],0.0037709092582555795
105,PROFILE3_W49,INCOME,"$100,000 or more",[0.62039485 0.3486959  0.03090925],0.04701417390036409
106,PROFILE3_W49,INCOME,"$30,000-$50,000",[0.4645842  0.41979035 0.11562545],0.07255455308157065
107,PROFILE3_W49,INCOME,"$50,000-$75,000",[0.57394824 0.36662361 0.05942815],0.05681669041636729
108,PROFILE3_W49,INCOME,"$75,000-$100,000",[0.62467524 0.32846052 0.04686424],0.04241212347146288
109,PROFILE3_W49,INCOME,"Less than $30,000",[0.41933416 0.3595517  0.22111414],0.11488737740178115
110,CONCERNCO_W49,INCOME,"$100,000 or more",[0.329342   0.49267342 0.16214638 0.0158382 ],0.0017585870181480682
111,CONCERNCO_W49,INCOME,"$30,000-$50,000",[0.34807655 0.47067259 0.1423521  0.03889877],0.0029118188509367647
112,CONCERNCO_W49,INCOME,"$50,000-$75,000",[0.40034486 0.37271485 0.1948184  0.03212189],0.0011460931408302432
113,CONCERNCO_W49,INCOME,"$75,000-$100,000",[0.27056325 0.51647811 0.20636361 0.00659503],0.0022897531365747223
114,CONCERNCO_W49,INCOME,"Less than $30,000",[0.40058341 0.37770528 0.15905008 0.06266123],0.001372519672223011
115,CONTROLGRPf_W49,INCOME,"$100,000 or more",[0.12556461 0.52450884 0.34992655],0.001469194128726116
116,CONTROLGRPf_W49,INCOME,"$30,000-$50,000",[0.11209423 0.45987077 0.428035  ],0.005094838576128017
117,CONTROLGRPf_W49,INCOME,"$50,000-$75,000",[0.08347293 0.51610801 0.40041906],0.003129126628673246
118,CONTROLGRPf_W49,INCOME,"$75,000-$100,000",[0.1194671  0.55745064 0.32308227],0.0028742379936980388
119,CONTROLGRPf_W49,INCOME,"Less than $30,000",[0.18601433 0.46063966 0.35334602],0.005984851963764709
120,PP5d_W49,INCOME,"$100,000 or more",[0.02389741 0.24001442 0.48966279 0.24642538],0.005112952696483481
121,PP5d_W49,INCOME,"$30,000-$50,000",[0.03845198 0.26461105 0.51007939 0.18685758],0.007839932517240921
122,PP5d_W49,INCOME,"$50,000-$75,000",[0.02062511 0.26018552 0.48331448 0.23587489],0.0003790667024816481
123,PP5d_W49,INCOME,"$75,000-$100,000",[0.01494108 0.3069319  0.45118683 0.22694019],0.0005874804086638294
124,PP5d_W49,INCOME,"Less than $30,000",[0.06080945 0.30172667 0.43824957 0.1992143 ],0.007763922720166554
125,CONCERNGRPc_W49,INCOME,"$100,000 or more",[0.20092914 0.41315596 0.3859149 ],0.008495917482280482
126,CONCERNGRPc_W49,INCOME,"$30,000-$50,000",[0.15418016 0.3939065  0.45191334],0.00205310049621711
127,CONCERNGRPc_W49,INCOME,"$50,000-$75,000",[0.22462092 0.40842178 0.3669573 ],0.00748313308055607
128,CONCERNGRPc_W49,INCOME,"$75,000-$100,000",[0.18048307 0.34171606 0.47780087],0.012691781850014794
129,CONCERNGRPc_W49,INCOME,"Less than $30,000",[0.21916458 0.37112261 0.40971281],0.0
130,GOVREGV2_W49,INCOME,"$100,000 or more",[0.5419578 0.4580422],0.008647527252754247
131,GOVREGV2_W49,INCOME,"$30,000-$50,000",[0.58139011 0.41860989],0.013138000619346462
132,GOVREGV2_W49,INCOME,"$50,000-$75,000",[0.56224587 0.43775413],0.006954903622799914
133,GOVREGV2_W49,INCOME,"$75,000-$100,000",[0.59876632 0.40123368],0.0
134,GOVREGV2_W49,INCOME,"Less than $30,000",[0.51065065 0.48934935],0.021993201872262613
135,PP2_W49,INCOME,"$100,000 or more",[0.05314507 0.08992966 0.3632672  0.49365808],0.0006092917375798574
136,PP2_W49,INCOME,"$30,000-$50,000",[0.08633139 0.15963735 0.39978204 0.35424922],0.009831078998480047
137,PP2_W49,INCOME,"$50,000-$75,000",[0.06508232 0.15737474 0.37032786 0.40721508],0.0018645949491142813
138,PP2_W49,INCOME,"$75,000-$100,000",[0.05618998 0.10570594 0.40648718 0.4316169 ],0.003887548899663925
139,PP2_W49,INCOME,"Less than $30,000",[0.14859366 0.16129236 0.42757344 0.26254054],0.009385140107580455
140,ANONYMOUS1GOV_W49,INCOME,"$100,000 or more",[0.35614078 0.64385922],0.0
141,ANONYMOUS1GOV_W49,INCOME,"$30,000-$50,000",[0.36468828 0.63531172],0.007926561870711184
142,ANONYMOUS1GOV_W49,INCOME,"$50,000-$75,000",[0.36444153 0.63555847],0.005295763203239949
143,ANONYMOUS1GOV_W49,INCOME,"$75,000-$100,000",[0.3018456 0.6981544],0.0038771121242225344
144,ANONYMOUS1GOV_W49,INCOME,"Less than $30,000",[0.40019402 0.59980598],0.010780591960648496
145,FACE4a_W49,INCOME,"$100,000 or more",[0.83999728 0.16000272],0.12674446403322784
146,FACE4a_W49,INCOME,"$30,000-$50,000",[0.78350363 0.21649637],0.1647690226785884
147,FACE4a_W49,INCOME,"$50,000-$75,000",[0.82437092 0.17562908],0.1313957219662833
148,FACE4a_W49,INCOME,"$75,000-$100,000",[0.8160735 0.1839265],0.1631300461448999
149,FACE4a_W49,INCOME,"Less than $30,000",[0.74022327 0.25977673],0.1702561220322354
150,FACE2b_W49,INCOME,"$100,000 or more",[0.20140132 0.57319739 0.18952588 0.03587541],0.011174156972873295
151,FACE2b_W49,INCOME,"$30,000-$50,000",[0.18741968 0.5276355  0.24890304 0.03604178],0.023715794262424778
152,FACE2b_W49,INCOME,"$50,000-$75,000",[0.16569433 0.5906362  0.20567179 0.03799768],0.011026721031453973
153,FACE2b_W49,INCOME,"$75,000-$100,000",[0.15748088 0.58468738 0.21252103 0.0453107 ],0.001550110066476719
154,FACE2b_W49,INCOME,"Less than $30,000",[0.18670001 0.50806104 0.24137659 0.06386237],0.01604448201338022
155,SECUR1_W49,INCOME,"$100,000 or more",[0.02909784 0.77870599 0.19219617],0.0018683043102729554
156,SECUR1_W49,INCOME,"$30,000-$50,000",[0.07035553 0.69301981 0.23662466],0.0018391236248532451
157,SECUR1_W49,INCOME,"$50,000-$75,000",[0.03036242 0.71978369 0.24985389],0.0
158,SECUR1_W49,INCOME,"$75,000-$100,000",[0.02231761 0.68510353 0.29257886],0.0021754129758735185
159,SECUR1_W49,INCOME,"Less than $30,000",[0.12284365 0.62656741 0.25058894],0.004132390426797805
160,LOYALTY_W49,INCOME,"$100,000 or more",[0.78186744 0.21813256],0.001540810132992742
161,LOYALTY_W49,INCOME,"$30,000-$50,000",[0.62018149 0.37981851],0.0015257684785128056
162,LOYALTY_W49,INCOME,"$50,000-$75,000",[0.69152833 0.30847167],0.0008171759251724358
163,LOYALTY_W49,INCOME,"$75,000-$100,000",[0.73278004 0.26721996],0.0011070544487131733
164,LOYALTY_W49,INCOME,"Less than $30,000",[0.5048701 0.4951299],0.0029445950706888163
165,PP3_W49,INCOME,"$100,000 or more",[0.13510883 0.32607348 0.53881769],0.0
166,PP3_W49,INCOME,"$30,000-$50,000",[0.18130969 0.44481138 0.37387893],0.002609202087798887
167,PP3_W49,INCOME,"$50,000-$75,000",[0.19176384 0.29767512 0.51056105],0.0
168,PP3_W49,INCOME,"$75,000-$100,000",[0.16398549 0.35170888 0.48430563],0.0
169,PP3_W49,INCOME,"Less than $30,000",[0.30286513 0.33919685 0.35793802],0.003111408542947859
170,CONTROLGRPe_W49,INCOME,"$100,000 or more",[0.07126618 0.5224314  0.39977911 0.00652331],0.0
171,CONTROLGRPe_W49,INCOME,"$30,000-$50,000",[0.12179438 0.4100124  0.44350024 0.02469298],0.0031408877090256574
172,CONTROLGRPe_W49,INCOME,"$50,000-$75,000",[0.05841187 0.45228388 0.48092491 0.00837934],0.0
173,CONTROLGRPe_W49,INCOME,"$75,000-$100,000",[0.04210618 0.46980527 0.48255413 0.00553443],0.0044821898665746256
174,CONTROLGRPe_W49,INCOME,"Less than $30,000",[0.1480024  0.3985312  0.32398384 0.12948255],0.0
175,TRACKCO1a_W49,INCOME,"$100,000 or more",[0.42318682 0.39104437 0.15892032 0.01387017 0.01297831],0.0013724854884459884
176,TRACKCO1a_W49,INCOME,"$30,000-$50,000",[0.40949647 0.29691972 0.18114688 0.06461885 0.04781808],0.009381701142478828
177,TRACKCO1a_W49,INCOME,"$50,000-$75,000",[0.4564256  0.31754506 0.17509403 0.02986824 0.02106707],0.0
178,TRACKCO1a_W49,INCOME,"$75,000-$100,000",[0.46718981 0.30187407 0.18013983 0.03719656 0.01359973],0.005602539503243991
179,TRACKCO1a_W49,INCOME,"Less than $30,000",[0.3374339  0.25659322 0.24347778 0.07240944 0.09008566],0.00991392229603173
180,CONTROLCO_W49,INCOME,"$100,000 or more",[0.02781027 0.15274509 0.53428535 0.28515929],0.0
181,CONTROLCO_W49,INCOME,"$30,000-$50,000",[0.05038202 0.15691442 0.4864605  0.30624306],0.004293071474507969
182,CONTROLCO_W49,INCOME,"$50,000-$75,000",[0.02349779 0.14102536 0.58074895 0.25472789],0.012104308320730986
183,CONTROLCO_W49,INCOME,"$75,000-$100,000",[0.00251275 0.14556316 0.53790801 0.31401607],0.0022897531365747223
184,CONTROLCO_W49,INCOME,"Less than $30,000",[0.04803998 0.16469047 0.45635975 0.33090979],0.0
185,SOCMEDIAUSEc_W49,INCOME,"$100,000 or more",[0.29072841 0.70927159],0.005880784698361215
186,SOCMEDIAUSEc_W49,INCOME,"$30,000-$50,000",[0.22716571 0.77283429],0.024048994308998844
187,SOCMEDIAUSEc_W49,INCOME,"$50,000-$75,000",[0.22722183 0.77277817],0.016114413679628427
188,SOCMEDIAUSEc_W49,INCOME,"$75,000-$100,000",[0.23951096 0.76048904],0.00820812413232577
189,SOCMEDIAUSEc_W49,INCOME,"Less than $30,000",[0.19491634 0.80508366],0.027445425944681762
190,PRIVACYREG_W49,INCOME,"$100,000 or more",[0.02293249 0.31623985 0.51372151 0.14710615],0.0
191,PRIVACYREG_W49,INCOME,"$30,000-$50,000",[0.03006489 0.30965296 0.53504339 0.12523877],0.0022639062075071018
192,PRIVACYREG_W49,INCOME,"$50,000-$75,000",[0.02567966 0.34759901 0.47860841 0.14811292],0.0008653919855243327
193,PRIVACYREG_W49,INCOME,"$75,000-$100,000",[0.02056867 0.30971339 0.51829357 0.15142437],0.0016945348573770029
194,PRIVACYREG_W49,INCOME,"Less than $30,000",[0.04791943 0.3658103  0.44658125 0.13968902],0.005882346565821232
195,TALKDISASNSINT_W49,INCOME,"$100,000 or more",[0.23037579 0.76962421],0.05660129998158307
196,TALKDISASNSINT_W49,INCOME,"$30,000-$50,000",[0.30187445 0.69812555],0.03112119084519514
197,TALKDISASNSINT_W49,INCOME,"$50,000-$75,000",[0.25302741 0.74697259],0.05404508337919012
198,TALKDISASNSINT_W49,INCOME,"$75,000-$100,000",[0.24113916 0.75886084],0.06847483090474371
199,TALKDISASNSINT_W49,INCOME,"Less than $30,000",[0.34076101 0.65923899],0.039918957258639934
200,PRIVACYNEWS1_W49,INCOME,"$100,000 or more",[0.11152975 0.50476952 0.320471   0.06322973],0.0
201,PRIVACYNEWS1_W49,INCOME,"$30,000-$50,000",[0.10575667 0.44211587 0.34191788 0.11020959],0.002457668163458597
202,PRIVACYNEWS1_W49,INCOME,"$50,000-$75,000",[0.10171428 0.4729101  0.33613149 0.08924413],0.0
203,PRIVACYNEWS1_W49,INCOME,"$75,000-$100,000",[0.07498098 0.49152117 0.35443418 0.07906367],0.0
204,PRIVACYNEWS1_W49,INCOME,"Less than $30,000",[0.12806623 0.40795283 0.34310033 0.12088061],0.0069703609615592915
205,HOMEASSIST4_W49,INCOME,"$100,000 or more",[0.13932527 0.38634124 0.32951995 0.14481353],0.0
206,HOMEASSIST4_W49,INCOME,"$30,000-$50,000",[0.32478298 0.28714149 0.29478612 0.09328941],0.005685933826992509
207,HOMEASSIST4_W49,INCOME,"$50,000-$75,000",[0.11052442 0.40141314 0.32745107 0.16061138],0.009334641400160363
208,HOMEASSIST4_W49,INCOME,"$75,000-$100,000",[0.16149137 0.40796589 0.31275846 0.11778428],0.008146222002855199
209,HOMEASSIST4_W49,INCOME,"Less than $30,000",[0.20307049 0.42418354 0.29875715 0.07398883],0.024211371312473556
210,FITTRACK_W49,INCOME,"$100,000 or more",[0.30844696 0.69155304],0.0009763252932534325
211,FITTRACK_W49,INCOME,"$30,000-$50,000",[0.19028966 0.80971034],0.0015257684785128056
212,FITTRACK_W49,INCOME,"$50,000-$75,000",[0.22277587 0.77722413],0.00031662153348258347
213,FITTRACK_W49,INCOME,"$75,000-$100,000",[0.30952636 0.69047364],0.0011070544487131733
214,FITTRACK_W49,INCOME,"Less than $30,000",[0.12086751 0.87913249],0.0031056539133074335
215,DATAUSEb_W49,INCOME,"$100,000 or more",[0.67238258 0.32761742],0.2010315779435038
216,DATAUSEb_W49,INCOME,"$30,000-$50,000",[0.59835335 0.40164665],0.27655844376671995
217,DATAUSEb_W49,INCOME,"$50,000-$75,000",[0.66711383 0.33288617],0.20547295846819483
218,DATAUSEb_W49,INCOME,"$75,000-$100,000",[0.57513056 0.42486944],0.2714622510589112
219,DATAUSEb_W49,INCOME,"Less than $30,000",[0.66976132 0.33023868],0.269717397164301
220,CONCERNGOV_W49,INCOME,"$100,000 or more",[0.21143698 0.44211965 0.28261015 0.06383322],0.001469194128726116
221,CONCERNGOV_W49,INCOME,"$30,000-$50,000",[0.27749996 0.4141529  0.22480085 0.08354629],0.005807931748605185
222,CONCERNGOV_W49,INCOME,"$50,000-$75,000",[0.26525801 0.43209271 0.24336863 0.05928065],0.003770195187561747
223,CONCERNGOV_W49,INCOME,"$75,000-$100,000",[0.20237633 0.35184323 0.34353111 0.10224933],0.006165165263222877
224,CONCERNGOV_W49,INCOME,"Less than $30,000",[0.2634021  0.34632413 0.24824519 0.14202858],0.0073635915523310655
225,HOMEASSIST2_W49,INCOME,"$100,000 or more",[0.14826679 0.42234876 0.33276387 0.09662059],0.0
226,HOMEASSIST2_W49,INCOME,"$30,000-$50,000",[0.16337838 0.36981772 0.36526545 0.10153845],0.0
227,HOMEASSIST2_W49,INCOME,"$50,000-$75,000",[0.10960103 0.39942891 0.3885185  0.10245156],0.0
228,HOMEASSIST2_W49,INCOME,"$75,000-$100,000",[0.09833276 0.38318415 0.41602599 0.1024571 ],0.0
229,HOMEASSIST2_W49,INCOME,"Less than $30,000",[0.17462123 0.37577556 0.36063852 0.08896469],0.0
230,TRACKGOV1a_W49,INCOME,"$100,000 or more",[0.21562322 0.2602122  0.32034111 0.15425019 0.04957328],0.0021067663698756205
231,TRACKGOV1a_W49,INCOME,"$30,000-$50,000",[0.30812823 0.21879081 0.29166567 0.11863673 0.06277857],0.007031983033962513
232,TRACKGOV1a_W49,INCOME,"$50,000-$75,000",[0.23488703 0.24433467 0.33339297 0.13536446 0.05202087],0.0031291266286732453
233,TRACKGOV1a_W49,INCOME,"$75,000-$100,000",[0.20244186 0.25720134 0.333745   0.15286944 0.05374237],0.00589248235320704
234,TRACKGOV1a_W49,INCOME,"Less than $30,000",[0.24155166 0.22655063 0.25541527 0.1232058  0.15327664],0.003803420501243194
235,SHARE1_W49,INCOME,"$100,000 or more",[0.53768548 0.46231452],0.00027963047209596725
236,SHARE1_W49,INCOME,"$30,000-$50,000",[0.50981304 0.49018696],0.009421362109986448
237,SHARE1_W49,INCOME,"$50,000-$75,000",[0.52613284 0.47386716],0.0
238,SHARE1_W49,INCOME,"$75,000-$100,000",[0.55817034 0.44182966],0.003209074924102217
239,SHARE1_W49,INCOME,"Less than $30,000",[0.48649123 0.51350877],0.009623755700572062
240,HOMEASSIST5b_W49,INCOME,"$100,000 or more",[0.2840836 0.7159164],0.007109370670082903
241,HOMEASSIST5b_W49,INCOME,"$30,000-$50,000",[0.30503028 0.69496972],0.0
242,HOMEASSIST5b_W49,INCOME,"$50,000-$75,000",[0.28104159 0.71895841],0.019838594573012586
243,HOMEASSIST5b_W49,INCOME,"$75,000-$100,000",[0.39733071 0.60266929],0.015395386342286686
244,HOMEASSIST5b_W49,INCOME,"Less than $30,000",[0.47739121 0.52260879],0.0
245,CONCERNGRPd_W49,INCOME,"$100,000 or more",[0.27915462 0.56333283 0.15751255],0.0
246,CONCERNGRPd_W49,INCOME,"$30,000-$50,000",[0.34970496 0.50012552 0.15016952],0.005717231415212514
247,CONCERNGRPd_W49,INCOME,"$50,000-$75,000",[0.32056373 0.46773832 0.21169795],0.0
248,CONCERNGRPd_W49,INCOME,"$75,000-$100,000",[0.31198619 0.46005868 0.22795512],0.0
249,CONCERNGRPd_W49,INCOME,"Less than $30,000",[0.2632056  0.48694949 0.24984492],0.0036157011247865724
250,ANONYMOUS1CO_W49,INCOME,"$100,000 or more",[0.33401798 0.66598202],0.0007192358872790964
251,ANONYMOUS1CO_W49,INCOME,"$30,000-$50,000",[0.41786464 0.58213536],0.0013812526235712046
252,ANONYMOUS1CO_W49,INCOME,"$50,000-$75,000",[0.39567004 0.60432996],0.008754288088199683
253,ANONYMOUS1CO_W49,INCOME,"$75,000-$100,000",[0.39542602 0.60457398],0.0022897531365747227
254,ANONYMOUS1CO_W49,INCOME,"Less than $30,000",[0.37298075 0.62701925],0.007462714664741144
255,PP5a_W49,INCOME,"$100,000 or more",[0.04862928 0.38628214 0.39943263 0.16565596],0.0011007166899017254
256,PP5a_W49,INCOME,"$30,000-$50,000",[0.04338961 0.34398801 0.45070263 0.16191975],0.007793484037769797
257,PP5a_W49,INCOME,"$50,000-$75,000",[0.02888316 0.40858094 0.40659972 0.15593618],0.0
258,PP5a_W49,INCOME,"$75,000-$100,000",[0.04504903 0.38264114 0.37988618 0.19242365],0.002284603023475903
259,PP5a_W49,INCOME,"Less than $30,000",[0.06753665 0.34436394 0.39897851 0.1891209 ],0.010544551448905357
260,POSNEGCO_W49,INCOME,"$100,000 or more",[0.20301683 0.79698317],0.00951869857003213
261,POSNEGCO_W49,INCOME,"$30,000-$50,000",[0.14742741 0.85257259],0.016351562876423843
262,POSNEGCO_W49,INCOME,"$50,000-$75,000",[0.14194153 0.85805847],0.01983922111175615
263,POSNEGCO_W49,INCOME,"$75,000-$100,000",[0.16765062 0.83234938],0.018790987160999716
264,POSNEGCO_W49,INCOME,"Less than $30,000",[0.20381729 0.79618271],0.023656416928206435
265,BENEFITGOV_W49,INCOME,"$100,000 or more",[0.02440163 0.28387706 0.69172131 0.        ],0.020343518750203314
266,BENEFITGOV_W49,INCOME,"$30,000-$50,000",[0.05390357 0.23897424 0.70712219 0.        ],0.012464447239890679
267,BENEFITGOV_W49,INCOME,"$50,000-$75,000",[0.03795084 0.28553529 0.67651387 0.        ],0.0
268,BENEFITGOV_W49,INCOME,"$75,000-$100,000",[0.02617869 0.34107664 0.63274466 0.        ],0.009021290766303567
269,BENEFITGOV_W49,INCOME,"Less than $30,000",[0.12525561 0.32091747 0.55382692 0.        ],0.017634588432144428
270,RTBFa_W49,INCOME,"$100,000 or more",[0.40455503 0.59544497],0.002254378967113733
271,RTBFa_W49,INCOME,"$30,000-$50,000",[0.42441577 0.57558423],0.011674258347412121
272,RTBFa_W49,INCOME,"$50,000-$75,000",[0.38527996 0.61472004],0.013570514139479864
273,RTBFa_W49,INCOME,"$75,000-$100,000",[0.36794185 0.63205815],0.007854936668789746
274,RTBFa_W49,INCOME,"Less than $30,000",[0.40354867 0.59645133],0.034993367484757454
275,TRACKGOV1b_W49,INCOME,"$100,000 or more",[0.07330766 0.12063571 0.36731371 0.30573228 0.13301065],0.0006375722411495048
276,TRACKGOV1b_W49,INCOME,"$30,000-$50,000",[0.1293572  0.1642908  0.34963574 0.25797613 0.09874014],0.007031983033962513
277,TRACKGOV1b_W49,INCOME,"$50,000-$75,000",[0.11273788 0.12805071 0.35714839 0.25101027 0.15105276],0.0
278,TRACKGOV1b_W49,INCOME,"$75,000-$100,000",[0.09360356 0.08785459 0.32991997 0.33831752 0.15030435],0.0011373861510292596
279,TRACKGOV1b_W49,INCOME,"Less than $30,000",[0.12270152 0.15387267 0.27030167 0.22697172 0.22615243],0.005964997899786479
280,SOCMEDIAUSEd_W49,INCOME,"$100,000 or more",[0.32424355 0.67575645],0.009314566153396845
281,SOCMEDIAUSEd_W49,INCOME,"$30,000-$50,000",[0.30725641 0.69274359],0.013568993697064127
282,SOCMEDIAUSEd_W49,INCOME,"$50,000-$75,000",[0.2381368 0.7618632],0.011807560343720245
283,SOCMEDIAUSEd_W49,INCOME,"$75,000-$100,000",[0.28289879 0.71710121],0.019960979704555223
284,SOCMEDIAUSEd_W49,INCOME,"Less than $30,000",[0.31178419 0.68821581],0.026311092857258883
285,DATAUSEd_W49,INCOME,"$100,000 or more",[0.48280757 0.51719243],0.19264877256089222
286,DATAUSEd_W49,INCOME,"$30,000-$50,000",[0.57719289 0.42280711],0.22849817594127247
287,DATAUSEd_W49,INCOME,"$50,000-$75,000",[0.54972619 0.45027381],0.15950960092770758
288,DATAUSEd_W49,INCOME,"$75,000-$100,000",[0.50426497 0.49573503],0.2769759464838576
289,DATAUSEd_W49,INCOME,"Less than $30,000",[0.58546548 0.41453452],0.27615105930513156
290,DATAUSEa_W49,INCOME,"$100,000 or more",[0.64203025 0.35796975],0.14314754702097268
291,DATAUSEa_W49,INCOME,"$30,000-$50,000",[0.58711401 0.41288599],0.21546078318044912
292,DATAUSEa_W49,INCOME,"$50,000-$75,000",[0.6093369 0.3906631],0.19437470325224393
293,DATAUSEa_W49,INCOME,"$75,000-$100,000",[0.69037767 0.30962233],0.17380442385736417
294,DATAUSEa_W49,INCOME,"Less than $30,000",[0.55446796 0.44553204],0.23689379725869822
295,SOCMEDIAUSEa_W49,INCOME,"$100,000 or more",[0.70684995 0.29315005],0.0008385866648892663
296,SOCMEDIAUSEa_W49,INCOME,"$30,000-$50,000",[0.73551194 0.26448806],0.0029035672642516914
297,SOCMEDIAUSEa_W49,INCOME,"$50,000-$75,000",[0.71615533 0.28384467],0.0038239185911853333
298,SOCMEDIAUSEa_W49,INCOME,"$75,000-$100,000",[0.74421376 0.25578624],0.004253448168790404
299,SOCMEDIAUSEa_W49,INCOME,"Less than $30,000",[0.72527826 0.27472174],0.003718157873773409
300,PP6c_W49,INCOME,"$100,000 or more",[0.08374349 0.46203514 0.30480229 0.14941908],0.0027022733850763907
301,PP6c_W49,INCOME,"$30,000-$50,000",[0.08088407 0.42535359 0.32526668 0.16849566],0.00469099177776869
302,PP6c_W49,INCOME,"$50,000-$75,000",[0.07688395 0.41150214 0.33317746 0.17843645],0.003809848449531458
303,PP6c_W49,INCOME,"$75,000-$100,000",[0.05894767 0.47680243 0.31424344 0.15000646],0.003184418770213289
304,PP6c_W49,INCOME,"Less than $30,000",[0.10049927 0.38071976 0.29751866 0.22126231],0.0062467417409944
305,FACE4b_W49,INCOME,"$100,000 or more",[0.4062178 0.5937822],0.14538197027595873
306,FACE4b_W49,INCOME,"$30,000-$50,000",[0.44143443 0.55856557],0.20934819210013525
307,FACE4b_W49,INCOME,"$50,000-$75,000",[0.39234843 0.60765157],0.1509212422466584
308,FACE4b_W49,INCOME,"$75,000-$100,000",[0.43894297 0.56105703],0.18232365272971796
309,FACE4b_W49,INCOME,"Less than $30,000",[0.42393127 0.57606873],0.19560962614407357
310,DATAUSEe_W49,INCOME,"$100,000 or more",[0.30494019 0.69505981],0.23257183851211394
311,DATAUSEe_W49,INCOME,"$30,000-$50,000",[0.38345205 0.61654795],0.2773294336547528
312,DATAUSEe_W49,INCOME,"$50,000-$75,000",[0.28448884 0.71551116],0.250676940006059
313,DATAUSEe_W49,INCOME,"$75,000-$100,000",[0.40046789 0.59953211],0.261334382498096
314,DATAUSEe_W49,INCOME,"Less than $30,000",[0.46625995 0.53374005],0.32942202475548643
315,HOMEIOT_W49,INCOME,"$100,000 or more",[0.33304162 0.66695838],0.004988649729580436
316,HOMEIOT_W49,INCOME,"$30,000-$50,000",[0.12996316 0.87003684],0.009176509199674748
317,HOMEIOT_W49,INCOME,"$50,000-$75,000",[0.17804625 0.82195375],0.0
318,HOMEIOT_W49,INCOME,"$75,000-$100,000",[0.24539547 0.75460453],0.0017274035969232506
319,HOMEIOT_W49,INCOME,"Less than $30,000",[0.12612707 0.87387293],0.004182360529697092
320,SOCMEDIAUSEb_W49,INCOME,"$100,000 or more",[0.3960542 0.6039458],0.004933741307099796
321,SOCMEDIAUSEb_W49,INCOME,"$30,000-$50,000",[0.41240657 0.58759343],0.015260344520451158
322,SOCMEDIAUSEb_W49,INCOME,"$50,000-$75,000",[0.36238219 0.63761781],0.004174224460333249
323,SOCMEDIAUSEb_W49,INCOME,"$75,000-$100,000",[0.36793524 0.63206476],0.0074682060519028195
324,SOCMEDIAUSEb_W49,INCOME,"Less than $30,000",[0.38973993 0.61026007],0.020083396932500133
325,CONTROLGRPb_W49,INCOME,"$100,000 or more",[0.08174915 0.39696416 0.51963017 0.00165652],0.00193273678069681
326,CONTROLGRPb_W49,INCOME,"$30,000-$50,000",[0.09201983 0.40572764 0.46370773 0.03854481],0.0062705632153574825
327,CONTROLGRPb_W49,INCOME,"$50,000-$75,000",[0.103336   0.40060051 0.48956289 0.0065006 ],0.0014936967072085778
328,CONTROLGRPb_W49,INCOME,"$75,000-$100,000",[0.05467231 0.34943387 0.58861745 0.00727637],0.0
329,CONTROLGRPb_W49,INCOME,"Less than $30,000",[0.11232908 0.3997094  0.41263397 0.07532755],0.008413586912802517
330,DB1b_W49,INCOME,"$100,000 or more",[0.05611332 0.93987118 0.0040155 ],0.0027499670984691116
331,DB1b_W49,INCOME,"$30,000-$50,000",[0.11176955 0.8566457  0.03158474],0.004671169204512046
332,DB1b_W49,INCOME,"$50,000-$75,000",[0.07357886 0.91899689 0.00742425],0.0006423916071365113
333,DB1b_W49,INCOME,"$75,000-$100,000",[0.06535572 0.92824872 0.00639556],0.0049633196022342545
334,DB1b_W49,INCOME,"Less than $30,000",[0.09231166 0.80386679 0.10382155],0.008544831614476767
335,RTDc_W49,INCOME,"$100,000 or more",[0.77658227 0.22341773],0.015283462003652682
336,RTDc_W49,INCOME,"$30,000-$50,000",[0.68999914 0.31000086],0.023923932175698444
337,RTDc_W49,INCOME,"$50,000-$75,000",[0.7343586 0.2656414],0.009799190507877666
338,RTDc_W49,INCOME,"$75,000-$100,000",[0.74225296 0.25774704],0.0038559766921271526
339,RTDc_W49,INCOME,"Less than $30,000",[0.62776533 0.37223467],0.04201127656691949
340,CONCERNGRPa_W49,INCOME,"$100,000 or more",[0.21600705 0.35544839 0.42854456],0.0
341,CONCERNGRPa_W49,INCOME,"$30,000-$50,000",[0.21778813 0.39567087 0.38654099],0.002062715919426651
342,CONCERNGRPa_W49,INCOME,"$50,000-$75,000",[0.25088863 0.36863469 0.38047668],0.0
343,CONCERNGRPa_W49,INCOME,"$75,000-$100,000",[0.22654866 0.33858463 0.43486672],0.0
344,CONCERNGRPa_W49,INCOME,"Less than $30,000",[0.33422048 0.32514044 0.34063907],0.0037852161454630024
345,FACE1_W49,INCOME,"$100,000 or more",[0.31197245 0.64077116 0.04725638],0.00070535479932792
346,FACE1_W49,INCOME,"$30,000-$50,000",[0.24331777 0.62287546 0.13380677],0.0007287686063391448
347,FACE1_W49,INCOME,"$50,000-$75,000",[0.25134236 0.64555939 0.10309824],0.0
348,FACE1_W49,INCOME,"$75,000-$100,000",[0.23698727 0.67951586 0.08349687],0.0039157151590314245
349,FACE1_W49,INCOME,"Less than $30,000",[0.22554372 0.5507484  0.22370789],0.005686510434143654
350,CONTROLGRPc_W49,INCOME,"$100,000 or more",[0.0696169  0.42444771 0.50593539],0.0007192358872790965
351,CONTROLGRPc_W49,INCOME,"$30,000-$50,000",[0.11941858 0.47805598 0.40252544],0.012063275497435381
352,CONTROLGRPc_W49,INCOME,"$50,000-$75,000",[0.10935107 0.41711065 0.47353827],0.002696857494362907
353,CONTROLGRPc_W49,INCOME,"$75,000-$100,000",[0.09687728 0.36402346 0.53909926],0.0
354,CONTROLGRPc_W49,INCOME,"Less than $30,000",[0.16168851 0.45836766 0.37994383],0.0
355,FACE3b_W49,INCOME,"$100,000 or more",[0.04991425 0.32787356 0.375837   0.24637518],0.0036129402999200287
356,FACE3b_W49,INCOME,"$30,000-$50,000",[0.07079376 0.35348494 0.32572706 0.24999424],0.014925446271325913
357,FACE3b_W49,INCOME,"$50,000-$75,000",[0.06408643 0.33913881 0.35278836 0.2439864 ],0.008437057663364948
358,FACE3b_W49,INCOME,"$75,000-$100,000",[0.03479555 0.39462702 0.36216498 0.20841245],0.01404250001600463
359,FACE3b_W49,INCOME,"Less than $30,000",[0.07538981 0.38573739 0.33226908 0.20660373],0.014370719920293071
360,CONTROLGRPd_W49,INCOME,"$100,000 or more",[0.16593793 0.58560147 0.2484606 ],0.003019830976156191
361,CONTROLGRPd_W49,INCOME,"$30,000-$50,000",[0.16918946 0.52206155 0.30874898],0.010265945155360279
362,CONTROLGRPd_W49,INCOME,"$50,000-$75,000",[0.13661113 0.56187762 0.30151125],0.0
363,CONTROLGRPd_W49,INCOME,"$75,000-$100,000",[0.14973706 0.59050205 0.25976089],0.0011373861510292596
364,CONTROLGRPd_W49,INCOME,"Less than $30,000",[0.23057437 0.49322619 0.27619944],0.005984851963764709
365,PWMAN2_W49,INCOME,"$100,000 or more","[0.1368156  0.04925694 0.21334403 0.01921617 0.06766026 0.34544185
 0.02639251 0.13641203 0.0054606 ]",0.004001958631575819
366,PWMAN2_W49,INCOME,"$30,000-$50,000","[0.20337658 0.07035842 0.2037277  0.01195664 0.05462088 0.24743749
 0.0429466  0.12657681 0.03899888]",0.006434940739120169
367,PWMAN2_W49,INCOME,"$50,000-$75,000","[0.19224648 0.08046685 0.202463   0.00922538 0.04883104 0.30133582
 0.03996695 0.11624747 0.00921701]",0.0031522777284609545
368,PWMAN2_W49,INCOME,"$75,000-$100,000","[0.21010794 0.05258318 0.15504775 0.02130993 0.04764987 0.32666005
 0.01917566 0.15933006 0.00813557]",0.0011455678883468693
369,PWMAN2_W49,INCOME,"Less than $30,000","[0.18361021 0.07600452 0.16228666 0.01722074 0.03424935 0.23114268
 0.03101233 0.13901023 0.12546329]",0.009039223052276403
370,FACE2c_W49,INCOME,"$100,000 or more",[0.19010734 0.54260838 0.22807657 0.03920771],0.01511099926600237
371,FACE2c_W49,INCOME,"$30,000-$50,000",[0.18947355 0.55142955 0.2096532  0.0494437 ],0.02160135332225298
372,FACE2c_W49,INCOME,"$50,000-$75,000",[0.16407639 0.54487722 0.25660202 0.03444437],0.00902032502701974
373,FACE2c_W49,INCOME,"$75,000-$100,000",[0.155077   0.58032708 0.22752892 0.03706701],0.008355490979807721
374,FACE2c_W49,INCOME,"Less than $30,000",[0.17836897 0.51886096 0.23295393 0.06981613],0.030244501722701767
375,CONCERNGRPb_W49,INCOME,"$100,000 or more",[0.3681423 0.4973909 0.1344668],0.004572109486380043
376,CONCERNGRPb_W49,INCOME,"$30,000-$50,000",[0.40607228 0.44052993 0.15339779],0.002062715919426651
377,CONCERNGRPb_W49,INCOME,"$50,000-$75,000",[0.39934388 0.44168894 0.15896717],0.0
378,CONCERNGRPb_W49,INCOME,"$75,000-$100,000",[0.39031544 0.4563096  0.15337496],0.0
379,CONCERNGRPb_W49,INCOME,"Less than $30,000",[0.41598125 0.39436248 0.18965627],0.005588564447045397
380,HOMEASSIST1_W49,INCOME,"$100,000 or more",[0.34721798 0.65278202],0.0
381,HOMEASSIST1_W49,INCOME,"$30,000-$50,000",[0.23617427 0.76382573],0.001957852836802185
382,HOMEASSIST1_W49,INCOME,"$50,000-$75,000",[0.25018508 0.74981492],0.0
383,HOMEASSIST1_W49,INCOME,"$75,000-$100,000",[0.31994743 0.68005257],0.003615935599080585
384,HOMEASSIST1_W49,INCOME,"Less than $30,000",[0.15418355 0.84581645],0.0027567711411126544
385,DATAUSEf_W49,INCOME,"$100,000 or more",[0.30011664 0.69988336],0.18218168704862964
386,DATAUSEf_W49,INCOME,"$30,000-$50,000",[0.34878401 0.65121599],0.2790597091715303
387,DATAUSEf_W49,INCOME,"$50,000-$75,000",[0.28892404 0.71107596],0.22565259948400093
388,DATAUSEf_W49,INCOME,"$75,000-$100,000",[0.34178162 0.65821838],0.26196908083587317
389,DATAUSEf_W49,INCOME,"Less than $30,000",[0.3782487 0.6217513],0.3149260314528942
390,RTBFb_W49,INCOME,"$100,000 or more",[0.71928824 0.28071176],0.006323800151454797
391,RTBFb_W49,INCOME,"$30,000-$50,000",[0.69072195 0.30927805],0.0120682340896104
392,RTBFb_W49,INCOME,"$50,000-$75,000",[0.67858698 0.32141302],0.014755752029609609
393,RTBFb_W49,INCOME,"$75,000-$100,000",[0.63385743 0.36614257],0.018728008137648442
394,RTBFb_W49,INCOME,"Less than $30,000",[0.65157267 0.34842733],0.008903690609466905
395,DB1c_W49,INCOME,"$100,000 or more",[0.0530866 0.9469134],0.004314073500535936
396,DB1c_W49,INCOME,"$30,000-$50,000",[0.09639171 0.90360829],0.0031161701050650536
397,DB1c_W49,INCOME,"$50,000-$75,000",[0.03866188 0.96133812],0.0009043123601496961
398,DB1c_W49,INCOME,"$75,000-$100,000",[0.04106249 0.95893751],0.0014042009221129732
399,DB1c_W49,INCOME,"Less than $30,000",[0.068135 0.931865],0.009432689277028165
400,FACE4c_W49,INCOME,"$100,000 or more",[0.2126864 0.7873136],0.14402780039070617
401,FACE4c_W49,INCOME,"$30,000-$50,000",[0.2056873 0.7943127],0.18613727805246572
402,FACE4c_W49,INCOME,"$50,000-$75,000",[0.20389825 0.79610175],0.16279449048442446
403,FACE4c_W49,INCOME,"$75,000-$100,000",[0.21101669 0.78898331],0.21585151070375524
404,FACE4c_W49,INCOME,"Less than $30,000",[0.25230772 0.74769228],0.22958274938249626
405,TRACKCO1b_W49,INCOME,"$100,000 or more",[0.10021813 0.20209294 0.42436844 0.22224142 0.05107906],0.0013724854884459882
406,TRACKCO1b_W49,INCOME,"$30,000-$50,000",[0.10844743 0.17183516 0.39878324 0.19361853 0.12731563],0.007436426511711383
407,TRACKCO1b_W49,INCOME,"$50,000-$75,000",[0.15522991 0.18261516 0.37227871 0.19784074 0.09203548],0.0
408,TRACKCO1b_W49,INCOME,"$75,000-$100,000",[0.07895746 0.18861304 0.46177967 0.21199102 0.05865881],0.005602539503243991
409,TRACKCO1b_W49,INCOME,"Less than $30,000",[0.13452763 0.18145575 0.31716215 0.17459191 0.19226256],0.005138780007398225
410,RTDb_W49,INCOME,"$100,000 or more",[0.91893081 0.08106919],0.01015264586370675
411,RTDb_W49,INCOME,"$30,000-$50,000",[0.90754588 0.09245412],0.010170634779118302
412,RTDb_W49,INCOME,"$50,000-$75,000",[0.90432575 0.09567425],0.012828646341547453
413,RTDb_W49,INCOME,"$75,000-$100,000",[0.91806139 0.08193861],0.002718590541097893
414,RTDb_W49,INCOME,"Less than $30,000",[0.81437812 0.18562188],0.04075894402744276
415,HOMEASSIST3_W49,INCOME,"$100,000 or more",[0.19405591 0.32968281 0.47626128],0.0
416,HOMEASSIST3_W49,INCOME,"$30,000-$50,000",[0.24284379 0.43238506 0.32477115],0.0
417,HOMEASSIST3_W49,INCOME,"$50,000-$75,000",[0.15116834 0.33390856 0.5149231 ],0.0
418,HOMEASSIST3_W49,INCOME,"$75,000-$100,000",[0.17793726 0.32442128 0.49764146],0.0
419,HOMEASSIST3_W49,INCOME,"Less than $30,000",[0.18571385 0.34968177 0.46460439],0.022878833879439026
420,SMARTAPP_W49,INCOME,"$100,000 or more",[0.43907056 0.18242438 0.33700889 0.04149617],0.001014343753226082
421,SMARTAPP_W49,INCOME,"$30,000-$50,000",[0.46784126 0.15427497 0.30030966 0.07757411],0.004716938556316508
422,SMARTAPP_W49,INCOME,"$50,000-$75,000",[0.42152481 0.20081069 0.32788445 0.04978005],0.0
423,SMARTAPP_W49,INCOME,"$75,000-$100,000",[0.44175156 0.1808159  0.32905734 0.0483752 ],0.0006325293676821549
424,SMARTAPP_W49,INCOME,"Less than $30,000",[0.48836967 0.18239439 0.27610626 0.05312968],0.004701669133114283
425,UNDERSTANDGOV_W49,INCOME,"$100,000 or more",[0.02678116 0.16564394 0.5860717  0.2215032 ],0.0
426,UNDERSTANDGOV_W49,INCOME,"$30,000-$50,000",[0.02946841 0.18964845 0.54170907 0.23917407],0.003140887709025658
427,UNDERSTANDGOV_W49,INCOME,"$50,000-$75,000",[0.02971174 0.15475877 0.53282895 0.28270054],0.0
428,UNDERSTANDGOV_W49,INCOME,"$75,000-$100,000",[0.03956041 0.16598493 0.51123809 0.28321657],0.0011373861510292594
429,UNDERSTANDGOV_W49,INCOME,"Less than $30,000",[0.07492416 0.17513095 0.49444061 0.25550429],0.0019396442321189516
430,CONCERNGRPe_W49,INCOME,"$100,000 or more",[0.05580408 0.36843744 0.57575848],0.0009996968424509812
431,CONCERNGRPe_W49,INCOME,"$30,000-$50,000",[0.10541809 0.34763371 0.5469482 ],0.0016693556499314931
432,CONCERNGRPe_W49,INCOME,"$50,000-$75,000",[0.07470455 0.3092532  0.61604225],0.0
433,CONCERNGRPe_W49,INCOME,"$75,000-$100,000",[0.04750251 0.35450996 0.59798753],0.0
434,CONCERNGRPe_W49,INCOME,"Less than $30,000",[0.14049023 0.31326494 0.54624483],0.003615701124786572
435,PROFILE5_W49,INCOME,"$100,000 or more",[0.06679068 0.59409736 0.30073309 0.03837887],0.00218606882276421
436,PROFILE5_W49,INCOME,"$30,000-$50,000",[0.0750418  0.54416244 0.31674061 0.06405515],0.002265212473525368
437,PROFILE5_W49,INCOME,"$50,000-$75,000",[0.06405441 0.52343989 0.37637705 0.03612865],0.0010777759958605097
438,PROFILE5_W49,INCOME,"$75,000-$100,000",[0.08018598 0.5572901  0.33163684 0.03088708],0.0030011134941460276
439,PROFILE5_W49,INCOME,"Less than $30,000",[0.07055343 0.5142726  0.3405106  0.07466337],0.005603223263054567
440,ELECTFTGSNSINT_W49,INCOME,"$100,000 or more",[0.13744042 0.52187346 0.34068612],0.004089439309182632
441,ELECTFTGSNSINT_W49,INCOME,"$30,000-$50,000",[0.18648877 0.43284937 0.38066186],0.011395117991635109
442,ELECTFTGSNSINT_W49,INCOME,"$50,000-$75,000",[0.13042231 0.5072287  0.36234899],0.0
443,ELECTFTGSNSINT_W49,INCOME,"$75,000-$100,000",[0.17470236 0.46771046 0.35758718],0.0
444,ELECTFTGSNSINT_W49,INCOME,"Less than $30,000",[0.16320428 0.39769683 0.43909889],0.0085468462365537
445,PP6a_W49,INCOME,"$100,000 or more",[0.10655757 0.52864791 0.27120977 0.09358475],0.0032537086117128723
446,PP6a_W49,INCOME,"$30,000-$50,000",[0.09315403 0.4802007  0.29514104 0.13150423],0.0022639062075071018
447,PP6a_W49,INCOME,"$50,000-$75,000",[0.08697981 0.47040158 0.30508502 0.13753359],0.0044347422158878625
448,PP6a_W49,INCOME,"$75,000-$100,000",[0.13555864 0.46101231 0.26370677 0.13972228],0.0031844187702132895
449,PP6a_W49,INCOME,"Less than $30,000",[0.1098501  0.44001934 0.28710104 0.16302952],0.010987238733825464
450,RTBFd_W49,INCOME,"$100,000 or more",[0.88689498 0.11310502],0.0
451,RTBFd_W49,INCOME,"$30,000-$50,000",[0.85983936 0.14016064],0.01593450566644158
452,RTBFd_W49,INCOME,"$50,000-$75,000",[0.85118748 0.14881252],0.010777741279602739
453,RTBFd_W49,INCOME,"$75,000-$100,000",[0.85881327 0.14118673],0.020704908113080112
454,RTBFd_W49,INCOME,"Less than $30,000",[0.84525991 0.15474009],0.020871423259364665
455,CONCERNGRPf_W49,INCOME,"$100,000 or more",[0.42023001 0.45860804 0.12116195],0.0
456,CONCERNGRPf_W49,INCOME,"$30,000-$50,000",[0.44564819 0.41640325 0.13794856],0.0
457,CONCERNGRPf_W49,INCOME,"$50,000-$75,000",[0.39829697 0.48522134 0.1164817 ],0.0
458,CONCERNGRPf_W49,INCOME,"$75,000-$100,000",[0.36616809 0.46772988 0.16610203],0.0
459,CONCERNGRPf_W49,INCOME,"Less than $30,000",[0.36814698 0.45023839 0.18161462],0.004632837792588146
460,DB1a_W49,INCOME,"$100,000 or more",[0.25311134 0.74688866],0.005315365734119757
461,DB1a_W49,INCOME,"$30,000-$50,000",[0.22370865 0.77629135],0.0069230807079127795
462,DB1a_W49,INCOME,"$50,000-$75,000",[0.22588445 0.77411555],0.0
463,DB1a_W49,INCOME,"$75,000-$100,000",[0.22795979 0.77204021],0.0014042009221129732
464,DB1a_W49,INCOME,"Less than $30,000",[0.17335086 0.82664914],0.009511481197135616
465,PP5b_W49,INCOME,"$100,000 or more",[0.03091117 0.28407234 0.42634535 0.25867114],0.001563595189150582
466,PP5b_W49,INCOME,"$30,000-$50,000",[0.04985903 0.30452394 0.40257319 0.24304385],0.007793484037769798
467,PP5b_W49,INCOME,"$50,000-$75,000",[0.04587541 0.28946924 0.42010744 0.24454791],0.0
468,PP5b_W49,INCOME,"$75,000-$100,000",[0.0409406  0.32042404 0.3953456  0.24328976],0.0005874804086638295
469,PP5b_W49,INCOME,"Less than $30,000",[0.06950337 0.29876488 0.39249764 0.23923411],0.010906515066116966
470,PWMAN_W49,INCOME,"$100,000 or more",[0.26170758 0.73829242],0.0027217096413135636
471,PWMAN_W49,INCOME,"$30,000-$50,000",[0.18488653 0.81511347],0.004646255287035449
472,PWMAN_W49,INCOME,"$50,000-$75,000",[0.18853655 0.81146345],0.004856678396696139
473,PWMAN_W49,INCOME,"$75,000-$100,000",[0.21501226 0.78498774],0.0023814375797478918
474,PWMAN_W49,INCOME,"Less than $30,000",[0.1653276 0.8346724],0.008091994955958514
475,RTDd_W49,INCOME,"$100,000 or more",[0.81043014 0.18956986],0.01234168355111347
476,RTDd_W49,INCOME,"$30,000-$50,000",[0.82966403 0.17033597],0.018718418096761228
477,RTDd_W49,INCOME,"$50,000-$75,000",[0.85475825 0.14524175],0.008940298108946629
478,RTDd_W49,INCOME,"$75,000-$100,000",[0.8584014 0.1415986],0.0038559766921271526
479,RTDd_W49,INCOME,"Less than $30,000",[0.71469141 0.28530859],0.03560381278522168
480,FACE3c_W49,INCOME,"$100,000 or more",[0.21677349 0.45645282 0.19437036 0.13240333],0.009391677075031789
481,FACE3c_W49,INCOME,"$30,000-$50,000",[0.19490061 0.44549701 0.19224694 0.16735545],0.016605502416038604
482,FACE3c_W49,INCOME,"$50,000-$75,000",[0.20013615 0.46097598 0.20044906 0.1384388 ],0.0012872293805291145
483,FACE3c_W49,INCOME,"$75,000-$100,000",[0.18870036 0.49979019 0.22062104 0.0908884 ],0.007142988967299932
484,FACE3c_W49,INCOME,"Less than $30,000",[0.20123071 0.4269667  0.2098981  0.16190448],0.012922918033232632
485,UNDERSTANDCO_W49,INCOME,"$100,000 or more",[0.06353148 0.37693359 0.49399565 0.06553929],0.0038980592607459003
486,UNDERSTANDCO_W49,INCOME,"$30,000-$50,000",[0.07628803 0.30334566 0.4966081  0.12375822],0.022411520860083533
487,UNDERSTANDCO_W49,INCOME,"$50,000-$75,000",[0.06224314 0.37265956 0.4689364  0.09616089],0.0
488,UNDERSTANDCO_W49,INCOME,"$75,000-$100,000",[0.03374264 0.37003758 0.49897335 0.09724643],0.0022897531365747223
489,UNDERSTANDCO_W49,INCOME,"Less than $30,000",[0.06369428 0.30195107 0.47845682 0.15589783],0.006175839879936744
0,GOVREGV1_W49,POLIDEOLOGY,Conservative,[0.73193525 0.09170701 0.17635774],0.011562698917060054
1,GOVREGV1_W49,POLIDEOLOGY,Liberal,[0.82507256 0.0611617  0.11376574],0.02063399331175226
2,GOVREGV1_W49,POLIDEOLOGY,Moderate,[0.76837763 0.07496736 0.156655  ],0.0089608709004453
3,GOVREGV1_W49,POLIDEOLOGY,Very conservative,[0.58837026 0.14841874 0.263211  ],0.0029279323910830143
4,GOVREGV1_W49,POLIDEOLOGY,Very liberal,[0.82935424 0.04633421 0.12431156],0.001307833505061363
5,CONTROLGOV_W49,POLIDEOLOGY,Conservative,[0.0373108  0.10722073 0.40528383 0.45018464],0.00448912428118624
6,CONTROLGOV_W49,POLIDEOLOGY,Liberal,[0.02065728 0.13136016 0.44773166 0.4002509 ],0.0031596043032770657
7,CONTROLGOV_W49,POLIDEOLOGY,Moderate,[0.03514181 0.13188012 0.41257051 0.42040756],0.001212256590604586
8,CONTROLGOV_W49,POLIDEOLOGY,Very conservative,[0.05305508 0.09856682 0.39240364 0.45597445],0.00388510345904604
9,CONTROLGOV_W49,POLIDEOLOGY,Very liberal,[0.05706156 0.13638973 0.40420678 0.40234192],0.0038232616140733027
10,SMARTPHONE_W49,POLIDEOLOGY,Conservative,[0.84414616 0.15585384],0.003999201574796596
11,SMARTPHONE_W49,POLIDEOLOGY,Liberal,[0.91707754 0.08292246],0.005082411571837279
12,SMARTPHONE_W49,POLIDEOLOGY,Moderate,[0.87461634 0.12538366],0.0018099951356149954
13,SMARTPHONE_W49,POLIDEOLOGY,Very conservative,[0.85763083 0.14236917],0.0004231532090917081
14,SMARTPHONE_W49,POLIDEOLOGY,Very liberal,[0.89468995 0.10531005],0.005528818882306445
15,CONTROLGRPa_W49,POLIDEOLOGY,Conservative,[0.10392716 0.49182873 0.40424412],0.001373330889642697
16,CONTROLGRPa_W49,POLIDEOLOGY,Liberal,[0.14339347 0.53350794 0.32309859],0.0
17,CONTROLGRPa_W49,POLIDEOLOGY,Moderate,[0.18253055 0.50387789 0.31359156],0.001929992100211996
18,CONTROLGRPa_W49,POLIDEOLOGY,Very conservative,[0.13855196 0.38135773 0.48009031],0.00744843152116713
19,CONTROLGRPa_W49,POLIDEOLOGY,Very liberal,[0.20576044 0.48114734 0.31309222],0.0019486350520773205
20,FACE3a_W49,POLIDEOLOGY,Conservative,[0.02204039 0.18359279 0.41117107 0.38319575],0.019172079111407014
21,FACE3a_W49,POLIDEOLOGY,Liberal,[0.02120363 0.17328607 0.42560329 0.37990701],0.0015006618562042905
22,FACE3a_W49,POLIDEOLOGY,Moderate,[0.03339373 0.18630758 0.41180117 0.36849751],0.008749118377183182
23,FACE3a_W49,POLIDEOLOGY,Very conservative,[0.01924953 0.20323673 0.40451914 0.3729946 ],0.006450843341179749
24,FACE3a_W49,POLIDEOLOGY,Very liberal,[0.02360596 0.14477935 0.29531238 0.53630231],0.0
25,PP6b_W49,POLIDEOLOGY,Conservative,[0.0475065  0.21769972 0.42064741 0.31414637],0.005405716751650499
26,PP6b_W49,POLIDEOLOGY,Liberal,[0.07388019 0.4012268  0.31487939 0.21001362],0.0025504374167011653
27,PP6b_W49,POLIDEOLOGY,Moderate,[0.05537727 0.31393521 0.38161415 0.24907337],0.0038587287487841233
28,PP6b_W49,POLIDEOLOGY,Very conservative,[0.033446   0.24923988 0.2998883  0.41742582],0.0
29,PP6b_W49,POLIDEOLOGY,Very liberal,[0.09080751 0.32019961 0.35977792 0.22921496],0.0
30,FACE2a_W49,POLIDEOLOGY,Conservative,[0.26137122 0.62934783 0.10315392 0.00612703],0.02284548596900992
31,FACE2a_W49,POLIDEOLOGY,Liberal,[0.22295197 0.63142888 0.13347795 0.0121412 ],0.007211847485379596
32,FACE2a_W49,POLIDEOLOGY,Moderate,[0.22579422 0.62888659 0.13273701 0.01258218],0.00805212150736957
33,FACE2a_W49,POLIDEOLOGY,Very conservative,[0.31961993 0.56525894 0.09148159 0.02363954],0.014845004581464599
34,FACE2a_W49,POLIDEOLOGY,Very liberal,[0.22546765 0.58433562 0.155142   0.03505474],0.0035726059279818203
35,TALKCMNSNSINT_W49,POLIDEOLOGY,Conservative,[0.27962715 0.72037285],0.06651331171405209
36,TALKCMNSNSINT_W49,POLIDEOLOGY,Liberal,[0.250832 0.749168],0.08102858504511741
37,TALKCMNSNSINT_W49,POLIDEOLOGY,Moderate,[0.30608877 0.69391123],0.056335916493707325
38,TALKCMNSNSINT_W49,POLIDEOLOGY,Very conservative,[0.28189843 0.71810157],0.029027786941071314
39,TALKCMNSNSINT_W49,POLIDEOLOGY,Very liberal,[0.23226863 0.76773137],0.04733780029667637
40,DATAUSEc_W49,POLIDEOLOGY,Conservative,[0.66719161 0.33280839],0.162920732187252
41,DATAUSEc_W49,POLIDEOLOGY,Liberal,[0.57464504 0.42535496],0.18454633152081287
42,DATAUSEc_W49,POLIDEOLOGY,Moderate,[0.59897856 0.40102144],0.20120357845059914
43,DATAUSEc_W49,POLIDEOLOGY,Very conservative,[0.60073029 0.39926971],0.13508515609155294
44,DATAUSEc_W49,POLIDEOLOGY,Very liberal,[0.44992469 0.55007531],0.18841575492782603
45,DNATEST_W49,POLIDEOLOGY,Conservative,[0.1589425 0.8410575],0.006728932245454977
46,DNATEST_W49,POLIDEOLOGY,Liberal,[0.1855517 0.8144483],0.002173739773020405
47,DNATEST_W49,POLIDEOLOGY,Moderate,[0.13700302 0.86299698],0.0008638834993991235
48,DNATEST_W49,POLIDEOLOGY,Very conservative,[0.14266082 0.85733918],0.0039717658549890565
49,DNATEST_W49,POLIDEOLOGY,Very liberal,[0.19052794 0.80947206],0.00655139192335876
50,PP5c_W49,POLIDEOLOGY,Conservative,[0.01423473 0.16213709 0.47657094 0.34705724],0.004878523949020737
51,PP5c_W49,POLIDEOLOGY,Liberal,[0.02168051 0.16899029 0.47993289 0.32939632],0.001439227097979503
52,PP5c_W49,POLIDEOLOGY,Moderate,[0.03743226 0.19601654 0.47857881 0.28797238],0.005438262595751746
53,PP5c_W49,POLIDEOLOGY,Very conservative,[0.04387481 0.15085604 0.41779853 0.38747063],0.004095548281513341
54,PP5c_W49,POLIDEOLOGY,Very liberal,[0.03417061 0.17184766 0.41334376 0.38063797],0.0
55,PP5e_W49,POLIDEOLOGY,Conservative,[0.02599318 0.21069451 0.45891042 0.30440189],0.0037173240069225456
56,PP5e_W49,POLIDEOLOGY,Liberal,[0.02429301 0.2028153  0.4526829  0.32020879],0.0016906298023716237
57,PP5e_W49,POLIDEOLOGY,Moderate,[0.04423902 0.23186097 0.42790465 0.29599536],0.006295027375691435
58,PP5e_W49,POLIDEOLOGY,Very conservative,[0.05825313 0.17945189 0.39642657 0.3658684 ],0.0
59,PP5e_W49,POLIDEOLOGY,Very liberal,[0.05423631 0.12115062 0.40329504 0.42131803],0.0
60,PUBLICDATA_W49,POLIDEOLOGY,Conservative,[0.22474659 0.77525341],0.04039043539833599
61,PUBLICDATA_W49,POLIDEOLOGY,Liberal,[0.24944841 0.75055159],0.031082583799219812
62,PUBLICDATA_W49,POLIDEOLOGY,Moderate,[0.24030412 0.75969588],0.027972846852976192
63,PUBLICDATA_W49,POLIDEOLOGY,Very conservative,[0.25523097 0.74476903],0.02166222357754099
64,PUBLICDATA_W49,POLIDEOLOGY,Very liberal,[0.25578175 0.74421825],0.006236535128916518
65,HOMEASSIST5a_W49,POLIDEOLOGY,Conservative,[0.35371639 0.64628361],0.004999920711608509
66,HOMEASSIST5a_W49,POLIDEOLOGY,Liberal,[0.50378594 0.49621406],0.0
67,HOMEASSIST5a_W49,POLIDEOLOGY,Moderate,[0.47438573 0.52561427],0.0010115471735007069
68,HOMEASSIST5a_W49,POLIDEOLOGY,Very conservative,[0.29212526 0.70787474],0.0
69,HOMEASSIST5a_W49,POLIDEOLOGY,Very liberal,[0.33096756 0.66903244],0.0
70,PP1_W49,POLIDEOLOGY,Conservative,[0.23965182 0.31513358 0.24494146 0.17216391 0.02810922],0.004665789991717628
71,PP1_W49,POLIDEOLOGY,Liberal,[0.24800447 0.36418458 0.2324797  0.13149544 0.02383582],0.0
72,PP1_W49,POLIDEOLOGY,Moderate,[0.2385916  0.31808483 0.2610026  0.15644291 0.02587806],0.0025472774128155427
73,PP1_W49,POLIDEOLOGY,Very conservative,[0.25904734 0.2783003  0.22937016 0.17924636 0.05403584],0.001506228523733672
74,PP1_W49,POLIDEOLOGY,Very liberal,[0.3432188  0.32678067 0.21288678 0.10292925 0.01418451],0.0007077162466100722
75,BENEFITCO_W49,POLIDEOLOGY,Conservative,[0.02461555 0.28566871 0.68971574 0.        ],0.0
76,BENEFITCO_W49,POLIDEOLOGY,Liberal,[0.07406494 0.33959433 0.58634074 0.        ],0.0
77,BENEFITCO_W49,POLIDEOLOGY,Moderate,[0.05618638 0.31157827 0.63223535 0.        ],0.002801649419837846
78,BENEFITCO_W49,POLIDEOLOGY,Very conservative,[0.08332491 0.27340782 0.64326728 0.        ],0.004109951960142166
79,BENEFITCO_W49,POLIDEOLOGY,Very liberal,[0.11498377 0.2326341  0.65238214 0.        ],0.0
80,POSNEGGOV_W49,POLIDEOLOGY,Conservative,[0.30629138 0.69370862],0.03958221874869193
81,POSNEGGOV_W49,POLIDEOLOGY,Liberal,[0.34431431 0.65568569],0.02478709871804084
82,POSNEGGOV_W49,POLIDEOLOGY,Moderate,[0.31710885 0.68289115],0.03333175910551629
83,POSNEGGOV_W49,POLIDEOLOGY,Very conservative,[0.302893 0.697107],0.017305443715341793
84,POSNEGGOV_W49,POLIDEOLOGY,Very liberal,[0.31112196 0.68887804],0.008645257596208076
85,RTBFc_W49,POLIDEOLOGY,Conservative,[0.63859973 0.36140027],0.03526052405216046
86,RTBFc_W49,POLIDEOLOGY,Liberal,[0.53186182 0.46813818],0.01865831270370912
87,RTBFc_W49,POLIDEOLOGY,Moderate,[0.57937211 0.42062789],0.025313986885575575
88,RTBFc_W49,POLIDEOLOGY,Very conservative,[0.6574703 0.3425297],0.030321042117342385
89,RTBFc_W49,POLIDEOLOGY,Very liberal,[0.37771797 0.62228203],0.0
90,FACE4d_W49,POLIDEOLOGY,Conservative,[0.62431233 0.37568767],0.2030510153581709
91,FACE4d_W49,POLIDEOLOGY,Liberal,[0.41696505 0.58303495],0.16501251129970387
92,FACE4d_W49,POLIDEOLOGY,Moderate,[0.53235772 0.46764228],0.19377986265440364
93,FACE4d_W49,POLIDEOLOGY,Very conservative,[0.58491779 0.41508221],0.16165307079163124
94,FACE4d_W49,POLIDEOLOGY,Very liberal,[0.36233101 0.63766899],0.1429195010977201
95,RTDa_W49,POLIDEOLOGY,Conservative,[0.28313869 0.71686131],0.028272455668552545
96,RTDa_W49,POLIDEOLOGY,Liberal,[0.37431201 0.62568799],0.02704153975043574
97,RTDa_W49,POLIDEOLOGY,Moderate,[0.38426841 0.61573159],0.02611592738156847
98,RTDa_W49,POLIDEOLOGY,Very conservative,[0.41051492 0.58948508],0.010106967058052491
99,RTDa_W49,POLIDEOLOGY,Very liberal,[0.5161106 0.4838894],0.01832324683216486
100,PP4_W49,POLIDEOLOGY,Conservative,[0.12201549 0.54057355 0.3149065  0.02250446],0.002043259999235735
101,PP4_W49,POLIDEOLOGY,Liberal,[0.11039444 0.55882863 0.28124756 0.04952937],0.0011354570501232839
102,PP4_W49,POLIDEOLOGY,Moderate,[0.13255691 0.55011429 0.29964101 0.0176878 ],0.000603797524571146
103,PP4_W49,POLIDEOLOGY,Very conservative,[0.12016573 0.56481077 0.25589762 0.05912588],0.0
104,PP4_W49,POLIDEOLOGY,Very liberal,[0.18186802 0.46864433 0.31508049 0.03440717],0.0025676574407659126
105,PROFILE3_W49,POLIDEOLOGY,Conservative,[0.48771922 0.40890801 0.10337276],0.09880848679100329
106,PROFILE3_W49,POLIDEOLOGY,Liberal,[0.57987174 0.33287643 0.08725183],0.040153146733204075
107,PROFILE3_W49,POLIDEOLOGY,Moderate,[0.52148688 0.36302141 0.11549171],0.06613954832716055
108,PROFILE3_W49,POLIDEOLOGY,Very conservative,[0.48359601 0.44186591 0.07453808],0.1101673594510019
109,PROFILE3_W49,POLIDEOLOGY,Very liberal,[0.57419126 0.32001543 0.10579331],0.05586691927166885
110,CONCERNCO_W49,POLIDEOLOGY,Conservative,[0.34070824 0.46497095 0.17283735 0.02148345],0.002631872702637489
111,CONCERNCO_W49,POLIDEOLOGY,Liberal,[0.33139859 0.43267405 0.21317091 0.02275645],0.0
112,CONCERNCO_W49,POLIDEOLOGY,Moderate,[0.37577012 0.43289715 0.15741534 0.03391739],0.0024236778369169606
113,CONCERNCO_W49,POLIDEOLOGY,Very conservative,[0.33833283 0.39861615 0.17724563 0.0858054 ],0.0029279323910830143
114,CONCERNCO_W49,POLIDEOLOGY,Very liberal,[0.3873379  0.4351689  0.12312581 0.05436738],0.0
115,CONTROLGRPf_W49,POLIDEOLOGY,Conservative,[0.13031685 0.4704769  0.39920625],0.002981985030877876
116,CONTROLGRPf_W49,POLIDEOLOGY,Liberal,[0.12273825 0.50536589 0.37189586],0.008735564459500205
117,CONTROLGRPf_W49,POLIDEOLOGY,Moderate,[0.13312288 0.51684931 0.3500278 ],0.0012332623440762264
118,CONTROLGRPf_W49,POLIDEOLOGY,Very conservative,[0.11979443 0.42438359 0.45582198],0.0
119,CONTROLGRPf_W49,POLIDEOLOGY,Very liberal,[0.16191476 0.51944225 0.31864299],0.012365666823541099
120,PP5d_W49,POLIDEOLOGY,Conservative,[0.02390232 0.27482086 0.48819954 0.21307728],0.004460832840485272
121,PP5d_W49,POLIDEOLOGY,Liberal,[0.03484758 0.26428608 0.52155626 0.17931007],0.00047129152911936907
122,PP5d_W49,POLIDEOLOGY,Moderate,[0.04221975 0.29059621 0.45921417 0.20796986],0.005998520618273258
123,PP5d_W49,POLIDEOLOGY,Very conservative,[0.04386986 0.25704005 0.41425352 0.28483658],0.009225404272824513
124,PP5d_W49,POLIDEOLOGY,Very liberal,[0.03168236 0.23804729 0.48164903 0.24862132],0.0
125,CONCERNGRPc_W49,POLIDEOLOGY,Conservative,[0.16177717 0.35476843 0.48345441],0.006572631617676691
126,CONCERNGRPc_W49,POLIDEOLOGY,Liberal,[0.19377588 0.42238441 0.38383971],0.0029678528970213678
127,CONCERNGRPc_W49,POLIDEOLOGY,Moderate,[0.20724914 0.40816089 0.38458997],0.007810496077749059
128,CONCERNGRPc_W49,POLIDEOLOGY,Very conservative,[0.24515649 0.24757668 0.50726683],0.01758021464290154
129,CONCERNGRPc_W49,POLIDEOLOGY,Very liberal,[0.19972223 0.43516058 0.36511719],0.0
130,GOVREGV2_W49,POLIDEOLOGY,Conservative,[0.60767016 0.39232984],0.008872480408136492
131,GOVREGV2_W49,POLIDEOLOGY,Liberal,[0.45028641 0.54971359],0.006420523134784863
132,GOVREGV2_W49,POLIDEOLOGY,Moderate,[0.58573456 0.41426544],0.013918982969446868
133,GOVREGV2_W49,POLIDEOLOGY,Very conservative,[0.59154421 0.40845579],0.0
134,GOVREGV2_W49,POLIDEOLOGY,Very liberal,[0.42968731 0.57031269],0.003628293360188138
135,PP2_W49,POLIDEOLOGY,Conservative,[0.08442436 0.13854958 0.39817261 0.37885344],0.005220212033983577
136,PP2_W49,POLIDEOLOGY,Liberal,[0.06704389 0.11837792 0.38101901 0.43355917],0.0053293874234208415
137,PP2_W49,POLIDEOLOGY,Moderate,[0.10300509 0.151115   0.41476071 0.33111919],0.0025346882475336683
138,PP2_W49,POLIDEOLOGY,Very conservative,[0.13090544 0.14755564 0.36674217 0.35479674],0.003434472054273426
139,PP2_W49,POLIDEOLOGY,Very liberal,[0.06800116 0.11592955 0.32645355 0.48961574],0.006574398085975975
140,ANONYMOUS1GOV_W49,POLIDEOLOGY,Conservative,[0.35390935 0.64609065],0.010935227152282064
141,ANONYMOUS1GOV_W49,POLIDEOLOGY,Liberal,[0.37576147 0.62423853],0.00822736148394856
142,ANONYMOUS1GOV_W49,POLIDEOLOGY,Moderate,[0.3545791 0.6454209],0.004127228244799473
143,ANONYMOUS1GOV_W49,POLIDEOLOGY,Very conservative,[0.41227357 0.58772643],0.007850315030762754
144,ANONYMOUS1GOV_W49,POLIDEOLOGY,Very liberal,[0.34264323 0.65735677],0.0
145,FACE4a_W49,POLIDEOLOGY,Conservative,[0.88366898 0.11633102],0.09071071077847936
146,FACE4a_W49,POLIDEOLOGY,Liberal,[0.7309853 0.2690147],0.16574404488479558
147,FACE4a_W49,POLIDEOLOGY,Moderate,[0.83962624 0.16037376],0.1677863841046429
148,FACE4a_W49,POLIDEOLOGY,Very conservative,[0.81854252 0.18145748],0.09907236361952117
149,FACE4a_W49,POLIDEOLOGY,Very liberal,[0.54194293 0.45805707],0.2346627906339395
150,FACE2b_W49,POLIDEOLOGY,Conservative,[0.21787593 0.56872216 0.16573698 0.04766493],0.020459775366264903
151,FACE2b_W49,POLIDEOLOGY,Liberal,[0.16811388 0.54964241 0.24374496 0.03849874],0.011435239356683023
152,FACE2b_W49,POLIDEOLOGY,Moderate,[0.16418263 0.56104334 0.23308533 0.0416887 ],0.010511778048695885
153,FACE2b_W49,POLIDEOLOGY,Very conservative,[0.24165519 0.56508291 0.16840198 0.02485992],0.017643505869876903
154,FACE2b_W49,POLIDEOLOGY,Very liberal,[0.1689015  0.48150634 0.25999868 0.08959349],0.004138857070637299
155,SECUR1_W49,POLIDEOLOGY,Conservative,[0.04891721 0.68262952 0.26845328],0.0013717384101547912
156,SECUR1_W49,POLIDEOLOGY,Liberal,[0.06596183 0.68987117 0.24416699],0.0
157,SECUR1_W49,POLIDEOLOGY,Moderate,[0.06398245 0.71207205 0.2239455 ],0.0027292162944527287
158,SECUR1_W49,POLIDEOLOGY,Very conservative,[0.0786339  0.68733266 0.23403344],0.003392701937395722
159,SECUR1_W49,POLIDEOLOGY,Very liberal,[0.04951065 0.73300321 0.21748614],0.0
160,LOYALTY_W49,POLIDEOLOGY,Conservative,[0.65954499 0.34045501],0.0027948185923700386
161,LOYALTY_W49,POLIDEOLOGY,Liberal,[0.67386628 0.32613372],0.0018437709609991858
162,LOYALTY_W49,POLIDEOLOGY,Moderate,[0.63311031 0.36688969],0.0009007253494945226
163,LOYALTY_W49,POLIDEOLOGY,Very conservative,[0.59845695 0.40154305],0.007933210204906681
164,LOYALTY_W49,POLIDEOLOGY,Very liberal,[0.67032735 0.32967265],0.0
165,PP3_W49,POLIDEOLOGY,Conservative,[0.22885707 0.3282496  0.44289333],0.004439323977923746
166,PP3_W49,POLIDEOLOGY,Liberal,[0.16656982 0.3779456  0.45548458],0.005706484093186334
167,PP3_W49,POLIDEOLOGY,Moderate,[0.22794188 0.34941062 0.4226475 ],0.00025544172957815914
168,PP3_W49,POLIDEOLOGY,Very conservative,[0.29477562 0.31076958 0.3944548 ],0.0
169,PP3_W49,POLIDEOLOGY,Very liberal,[0.17192057 0.37700097 0.45107847],0.0
170,CONTROLGRPe_W49,POLIDEOLOGY,Conservative,[0.09910646 0.41882785 0.45170004 0.03036565],0.004593831112191003
171,CONTROLGRPe_W49,POLIDEOLOGY,Liberal,[0.07699231 0.46905928 0.41560632 0.03834209],0.0
172,CONTROLGRPe_W49,POLIDEOLOGY,Moderate,[0.10065773 0.44112286 0.39250349 0.06571592],0.0
173,CONTROLGRPe_W49,POLIDEOLOGY,Very conservative,[0.09336251 0.4418481  0.41597192 0.04881746],0.0
174,CONTROLGRPe_W49,POLIDEOLOGY,Very liberal,[0.13332346 0.43005512 0.38332292 0.05329849],0.0
175,TRACKCO1a_W49,POLIDEOLOGY,Conservative,[0.44260922 0.29286008 0.1932752  0.04444682 0.02680868],0.0054630400638328025
176,TRACKCO1a_W49,POLIDEOLOGY,Liberal,[0.42600027 0.35462402 0.14736395 0.04330913 0.02870263],0.0003590658914692959
177,TRACKCO1a_W49,POLIDEOLOGY,Moderate,[0.37695287 0.32255249 0.19050508 0.05311702 0.05687254],0.003700879336185376
178,TRACKCO1a_W49,POLIDEOLOGY,Very conservative,[0.40629026 0.20746618 0.24931873 0.04089203 0.0960328 ],0.01234358714953479
179,TRACKCO1a_W49,POLIDEOLOGY,Very liberal,[0.46111146 0.32108522 0.18085614 0.02687717 0.01007001],0.0017003099015554456
180,CONTROLCO_W49,POLIDEOLOGY,Conservative,[0.01816429 0.137645   0.47168446 0.37250624],0.0
181,CONTROLCO_W49,POLIDEOLOGY,Liberal,[0.03425518 0.14863118 0.54989142 0.26722222],0.009900036269594606
182,CONTROLCO_W49,POLIDEOLOGY,Moderate,[0.03460646 0.15414813 0.53063209 0.28061332],0.002109992334053407
183,CONTROLCO_W49,POLIDEOLOGY,Very conservative,[0.07490823 0.14471232 0.40174531 0.37863413],0.002927932391083014
184,CONTROLCO_W49,POLIDEOLOGY,Very liberal,[0.02672836 0.14457504 0.58726214 0.24143446],0.0
185,SOCMEDIAUSEc_W49,POLIDEOLOGY,Conservative,[0.18928743 0.81071257],0.012578392923862435
186,SOCMEDIAUSEc_W49,POLIDEOLOGY,Liberal,[0.2777102 0.7222898],0.03314055853916362
187,SOCMEDIAUSEc_W49,POLIDEOLOGY,Moderate,[0.22588622 0.77411378],0.015360455573361074
188,SOCMEDIAUSEc_W49,POLIDEOLOGY,Very conservative,[0.17312924 0.82687076],0.015166451533295123
189,SOCMEDIAUSEc_W49,POLIDEOLOGY,Very liberal,[0.35311648 0.64688352],0.009510427957322262
190,PRIVACYREG_W49,POLIDEOLOGY,Conservative,[0.02477492 0.29675706 0.53880235 0.13966567],0.0023544465797519717
191,PRIVACYREG_W49,POLIDEOLOGY,Liberal,[0.02322087 0.3217703  0.52579112 0.1292177 ],0.004741468467578326
192,PRIVACYREG_W49,POLIDEOLOGY,Moderate,[0.03530076 0.37129032 0.47425725 0.11915168],0.0008364521182137676
193,PRIVACYREG_W49,POLIDEOLOGY,Very conservative,[0.05175349 0.30812161 0.42126849 0.21885641],0.001506228523733672
194,PRIVACYREG_W49,POLIDEOLOGY,Very liberal,[0.02439296 0.37034322 0.44292215 0.16234167],0.0
195,TALKDISASNSINT_W49,POLIDEOLOGY,Conservative,[0.30137314 0.69862686],0.05906925958046418
196,TALKDISASNSINT_W49,POLIDEOLOGY,Liberal,[0.24483656 0.75516344],0.06187345952382986
197,TALKDISASNSINT_W49,POLIDEOLOGY,Moderate,[0.32992718 0.67007282],0.031936794297608984
198,TALKDISASNSINT_W49,POLIDEOLOGY,Very conservative,[0.27169925 0.72830075],0.03762037787260151
199,TALKDISASNSINT_W49,POLIDEOLOGY,Very liberal,[0.15859156 0.84140844],0.02892935978165772
200,PRIVACYNEWS1_W49,POLIDEOLOGY,Conservative,[0.11013644 0.46595511 0.32055098 0.10335748],0.0007904612638972874
201,PRIVACYNEWS1_W49,POLIDEOLOGY,Liberal,[0.09549752 0.46588233 0.35783507 0.08078509],0.0024551415508187024
202,PRIVACYNEWS1_W49,POLIDEOLOGY,Moderate,[0.10029321 0.46366759 0.35117398 0.08486523],0.0010541457988698772
203,PRIVACYNEWS1_W49,POLIDEOLOGY,Very conservative,[0.16208275 0.40694138 0.30503589 0.12593997],0.0018864734136620498
204,PRIVACYNEWS1_W49,POLIDEOLOGY,Very liberal,[0.13472146 0.52021869 0.27403833 0.07102152],0.0
205,HOMEASSIST4_W49,POLIDEOLOGY,Conservative,[0.127776   0.38960951 0.32498132 0.15763317],0.012263328155849613
206,HOMEASSIST4_W49,POLIDEOLOGY,Liberal,[0.2351462  0.41974328 0.28904635 0.05606417],0.0
207,HOMEASSIST4_W49,POLIDEOLOGY,Moderate,[0.17811856 0.36998232 0.32418777 0.12771135],0.0030198914839658767
208,HOMEASSIST4_W49,POLIDEOLOGY,Very conservative,[0.18004506 0.36673533 0.34050792 0.11271168],0.0
209,HOMEASSIST4_W49,POLIDEOLOGY,Very liberal,[0.16152977 0.36320172 0.33509921 0.14016931],0.0
210,FITTRACK_W49,POLIDEOLOGY,Conservative,[0.1682372 0.8317628],0.0007904612638972874
211,FITTRACK_W49,POLIDEOLOGY,Liberal,[0.26456064 0.73543936],0.0024009078753308363
212,FITTRACK_W49,POLIDEOLOGY,Moderate,[0.23512047 0.76487953],0.00046558492294284683
213,FITTRACK_W49,POLIDEOLOGY,Very conservative,[0.15464084 0.84535916],0.006521248966359121
214,FITTRACK_W49,POLIDEOLOGY,Very liberal,[0.19790814 0.80209186],0.005528818882306446
215,DATAUSEb_W49,POLIDEOLOGY,Conservative,[0.64976041 0.35023959],0.263960368038425
216,DATAUSEb_W49,POLIDEOLOGY,Liberal,[0.64958822 0.35041178],0.2400222442247377
217,DATAUSEb_W49,POLIDEOLOGY,Moderate,[0.64412762 0.35587238],0.23813357106096475
218,DATAUSEb_W49,POLIDEOLOGY,Very conservative,[0.55094317 0.44905683],0.24854390572502816
219,DATAUSEb_W49,POLIDEOLOGY,Very liberal,[0.70671092 0.29328908],0.1732309713260082
220,CONCERNGOV_W49,POLIDEOLOGY,Conservative,[0.23679592 0.37670635 0.27719493 0.1093028 ],0.005392687421895935
221,CONCERNGOV_W49,POLIDEOLOGY,Liberal,[0.20024163 0.43954788 0.29886267 0.06134782],0.0
222,CONCERNGOV_W49,POLIDEOLOGY,Moderate,[0.24434192 0.38881405 0.26648578 0.10035825],0.005969734140795586
223,CONCERNGOV_W49,POLIDEOLOGY,Very conservative,[0.36947419 0.31871473 0.21589437 0.09591672],0.0
224,CONCERNGOV_W49,POLIDEOLOGY,Very liberal,[0.31791281 0.43238823 0.17393202 0.07576694],0.0038232616140733027
225,HOMEASSIST2_W49,POLIDEOLOGY,Conservative,[0.12909937 0.39616645 0.39036064 0.08437355],0.0
226,HOMEASSIST2_W49,POLIDEOLOGY,Liberal,[0.12108936 0.42610788 0.35364337 0.09915939],0.0
227,HOMEASSIST2_W49,POLIDEOLOGY,Moderate,[0.14061886 0.41212058 0.35944638 0.08781418],0.0
228,HOMEASSIST2_W49,POLIDEOLOGY,Very conservative,[0.28664005 0.29077827 0.2607537  0.16182798],0.0
229,HOMEASSIST2_W49,POLIDEOLOGY,Very liberal,[0.15100623 0.3715849  0.36847828 0.10893059],0.0
230,TRACKGOV1a_W49,POLIDEOLOGY,Conservative,[0.20929768 0.21036324 0.31951632 0.16058704 0.10023571],0.00784932998555598
231,TRACKGOV1a_W49,POLIDEOLOGY,Liberal,[0.22898692 0.24441594 0.29645958 0.16328591 0.06685166],0.0
232,TRACKGOV1a_W49,POLIDEOLOGY,Moderate,[0.25945405 0.22134935 0.31920197 0.1209159  0.07907874],0.0036953790239053746
233,TRACKGOV1a_W49,POLIDEOLOGY,Very conservative,[0.27625917 0.2454283  0.24468721 0.13268929 0.10093604],0.00500444331794654
234,TRACKGOV1a_W49,POLIDEOLOGY,Very liberal,[0.2222886  0.37126315 0.22795152 0.11871498 0.05978175],0.009846148549494955
235,SHARE1_W49,POLIDEOLOGY,Conservative,[0.51258015 0.48741985],0.007379466630469154
236,SHARE1_W49,POLIDEOLOGY,Liberal,[0.49949152 0.50050848],0.005673648636244931
237,SHARE1_W49,POLIDEOLOGY,Moderate,[0.52902268 0.47097732],0.004113335064584728
238,SHARE1_W49,POLIDEOLOGY,Very conservative,[0.52891433 0.47108567],0.002655571621888511
239,SHARE1_W49,POLIDEOLOGY,Very liberal,[0.53285898 0.46714102],0.0
240,HOMEASSIST5b_W49,POLIDEOLOGY,Conservative,[0.26570942 0.73429058],0.02486027019677022
241,HOMEASSIST5b_W49,POLIDEOLOGY,Liberal,[0.40182088 0.59817912],0.0
242,HOMEASSIST5b_W49,POLIDEOLOGY,Moderate,[0.31588338 0.68411662],0.0060036712034016206
243,HOMEASSIST5b_W49,POLIDEOLOGY,Very conservative,[0.21245471 0.78754529],0.0
244,HOMEASSIST5b_W49,POLIDEOLOGY,Very liberal,[0.44573414 0.55426586],0.0
245,CONCERNGRPd_W49,POLIDEOLOGY,Conservative,[0.25880296 0.51878671 0.22241033],0.0
246,CONCERNGRPd_W49,POLIDEOLOGY,Liberal,[0.26958356 0.51608529 0.21433115],0.002260430332437754
247,CONCERNGRPd_W49,POLIDEOLOGY,Moderate,[0.28984079 0.50836349 0.20179572],0.003587587158664736
248,CONCERNGRPd_W49,POLIDEOLOGY,Very conservative,[0.37621459 0.46412264 0.15966277],0.0038851034590460408
249,CONCERNGRPd_W49,POLIDEOLOGY,Very liberal,[0.40963823 0.473082   0.11727976],0.0
250,ANONYMOUS1CO_W49,POLIDEOLOGY,Conservative,[0.34642295 0.65357705],0.0008354920614642923
251,ANONYMOUS1CO_W49,POLIDEOLOGY,Liberal,[0.3358266 0.6641734],0.0015671987379157924
252,ANONYMOUS1CO_W49,POLIDEOLOGY,Moderate,[0.43612894 0.56387106],0.00759657013692904
253,ANONYMOUS1CO_W49,POLIDEOLOGY,Very conservative,[0.38737842 0.61262158],0.0029279323910830143
254,ANONYMOUS1CO_W49,POLIDEOLOGY,Very liberal,[0.28612127 0.71387873],0.0017003099015554454
255,PP5a_W49,POLIDEOLOGY,Conservative,[0.03058967 0.37370029 0.41723686 0.17847318],0.0051479887070066685
256,PP5a_W49,POLIDEOLOGY,Liberal,[0.04404345 0.42027326 0.40173643 0.13394685],0.001670647990467756
257,PP5a_W49,POLIDEOLOGY,Moderate,[0.0554749  0.36953043 0.41744744 0.15754724],0.0052186038096734425
258,PP5a_W49,POLIDEOLOGY,Very conservative,[0.04707189 0.31823202 0.35930079 0.2753953 ],0.0
259,PP5a_W49,POLIDEOLOGY,Very liberal,[0.06960725 0.34919475 0.3860449  0.1951531 ],0.0
260,POSNEGCO_W49,POLIDEOLOGY,Conservative,[0.14054978 0.85945022],0.020077256934079985
261,POSNEGCO_W49,POLIDEOLOGY,Liberal,[0.21027162 0.78972838],0.01689246504691177
262,POSNEGCO_W49,POLIDEOLOGY,Moderate,[0.15655202 0.84344798],0.01597159240313292
263,POSNEGCO_W49,POLIDEOLOGY,Very conservative,[0.22402747 0.77597253],0.0379490182241602
264,POSNEGCO_W49,POLIDEOLOGY,Very liberal,[0.21197992 0.78802008],0.0031988445400553014
265,BENEFITGOV_W49,POLIDEOLOGY,Conservative,[0.02697506 0.29441235 0.67861259 0.        ],0.01940427058043246
266,BENEFITGOV_W49,POLIDEOLOGY,Liberal,[0.04080562 0.28663395 0.67256043 0.        ],0.0037701307661513416
267,BENEFITGOV_W49,POLIDEOLOGY,Moderate,[0.06071121 0.27420332 0.66508547 0.        ],0.014423682175571325
268,BENEFITGOV_W49,POLIDEOLOGY,Very conservative,[0.05937527 0.32323168 0.61739306 0.        ],0.019019102391244613
269,BENEFITGOV_W49,POLIDEOLOGY,Very liberal,[0.13774307 0.38501592 0.47724101 0.        ],0.0
270,RTBFa_W49,POLIDEOLOGY,Conservative,[0.40112442 0.59887558],0.024411833773454232
271,RTBFa_W49,POLIDEOLOGY,Liberal,[0.41038046 0.58961954],0.010065263454704008
272,RTBFa_W49,POLIDEOLOGY,Moderate,[0.40007625 0.59992375],0.020831673244880004
273,RTBFa_W49,POLIDEOLOGY,Very conservative,[0.41123802 0.58876198],0.027849969263008444
274,RTBFa_W49,POLIDEOLOGY,Very liberal,[0.33023393 0.66976607],0.008342040405240314
275,TRACKGOV1b_W49,POLIDEOLOGY,Conservative,[0.0826138  0.10637733 0.33454598 0.29193367 0.18452923],0.00784932998555598
276,TRACKGOV1b_W49,POLIDEOLOGY,Liberal,[0.09118875 0.12697924 0.34974519 0.29072016 0.14136666],0.0
277,TRACKGOV1b_W49,POLIDEOLOGY,Moderate,[0.12020541 0.14597825 0.31477499 0.26659004 0.15245131],0.004931183634126873
278,TRACKGOV1b_W49,POLIDEOLOGY,Very conservative,[0.15746752 0.16971052 0.25830077 0.26161437 0.15290682],0.0
279,TRACKGOV1b_W49,POLIDEOLOGY,Very liberal,[0.1051701  0.1200457  0.3904492  0.25576889 0.12856611],0.0
280,SOCMEDIAUSEd_W49,POLIDEOLOGY,Conservative,[0.23288708 0.76711292],0.012204454833024061
281,SOCMEDIAUSEd_W49,POLIDEOLOGY,Liberal,[0.36146776 0.63853224],0.020821062619721713
282,SOCMEDIAUSEd_W49,POLIDEOLOGY,Moderate,[0.30037033 0.69962967],0.018696593102292273
283,SOCMEDIAUSEd_W49,POLIDEOLOGY,Very conservative,[0.21460296 0.78539704],0.022963922481472006
284,SOCMEDIAUSEd_W49,POLIDEOLOGY,Very liberal,[0.38708781 0.61291219],0.004848202082898088
285,DATAUSEd_W49,POLIDEOLOGY,Conservative,[0.48898065 0.51101935],0.213548478929772
286,DATAUSEd_W49,POLIDEOLOGY,Liberal,[0.60627732 0.39372268],0.18319210419092796
287,DATAUSEd_W49,POLIDEOLOGY,Moderate,[0.56136311 0.43863689],0.2688622254963941
288,DATAUSEd_W49,POLIDEOLOGY,Very conservative,[0.43156024 0.56843976],0.14589510449479515
289,DATAUSEd_W49,POLIDEOLOGY,Very liberal,[0.55915885 0.44084115],0.2513019537628603
290,DATAUSEa_W49,POLIDEOLOGY,Conservative,[0.67719864 0.32280136],0.19563600918868365
291,DATAUSEa_W49,POLIDEOLOGY,Liberal,[0.56494735 0.43505265],0.17713370444384835
292,DATAUSEa_W49,POLIDEOLOGY,Moderate,[0.66642803 0.33357197],0.19843278378846327
293,DATAUSEa_W49,POLIDEOLOGY,Very conservative,[0.54285377 0.45714623],0.1293348955809181
294,DATAUSEa_W49,POLIDEOLOGY,Very liberal,[0.38069704 0.61930296],0.23869963715247483
295,SOCMEDIAUSEa_W49,POLIDEOLOGY,Conservative,[0.72434402 0.27565598],0.004636455548459959
296,SOCMEDIAUSEa_W49,POLIDEOLOGY,Liberal,[0.71156341 0.28843659],0.00568155347546295
297,SOCMEDIAUSEa_W49,POLIDEOLOGY,Moderate,[0.73050062 0.26949938],0.0012299644622003193
298,SOCMEDIAUSEa_W49,POLIDEOLOGY,Very conservative,[0.67592146 0.32407854],0.0
299,SOCMEDIAUSEa_W49,POLIDEOLOGY,Very liberal,[0.72346166 0.27653834],0.0026265423670149514
300,PP6c_W49,POLIDEOLOGY,Conservative,[0.06496443 0.4252205  0.32594086 0.18387421],0.009541380282067729
301,PP6c_W49,POLIDEOLOGY,Liberal,[0.07298014 0.47188487 0.30194438 0.1531906 ],0.0017252208567753798
302,PP6c_W49,POLIDEOLOGY,Moderate,[0.081386   0.42578999 0.33843335 0.15439066],0.0037379898825532602
303,PP6c_W49,POLIDEOLOGY,Very conservative,[0.11476367 0.3707068  0.24198075 0.27254877],0.003832071445108078
304,PP6c_W49,POLIDEOLOGY,Very liberal,[0.13196192 0.35434788 0.2794274  0.2342628 ],0.0
305,FACE4b_W49,POLIDEOLOGY,Conservative,[0.45167375 0.54832625],0.1707387293806666
306,FACE4b_W49,POLIDEOLOGY,Liberal,[0.40988445 0.59011555],0.14563729627714025
307,FACE4b_W49,POLIDEOLOGY,Moderate,[0.42733385 0.57266615],0.21261590638917968
308,FACE4b_W49,POLIDEOLOGY,Very conservative,[0.50757674 0.49242326],0.1326730340490428
309,FACE4b_W49,POLIDEOLOGY,Very liberal,[0.31823646 0.68176354],0.17497767074553072
310,DATAUSEe_W49,POLIDEOLOGY,Conservative,[0.30067272 0.69932728],0.2766863376313501
311,DATAUSEe_W49,POLIDEOLOGY,Liberal,[0.40818078 0.59181922],0.2853273185458843
312,DATAUSEe_W49,POLIDEOLOGY,Moderate,[0.42132836 0.57867164],0.2902976043720535
313,DATAUSEe_W49,POLIDEOLOGY,Very conservative,[0.29434346 0.70565654],0.20547082005633027
314,DATAUSEe_W49,POLIDEOLOGY,Very liberal,[0.32849441 0.67150559],0.23551692366771582
315,HOMEIOT_W49,POLIDEOLOGY,Conservative,[0.21611842 0.78388158],0.0018190066872073554
316,HOMEIOT_W49,POLIDEOLOGY,Liberal,[0.1701874 0.8298126],0.011510792598056726
317,HOMEIOT_W49,POLIDEOLOGY,Moderate,[0.21598471 0.78401529],0.0028743316562232237
318,HOMEIOT_W49,POLIDEOLOGY,Very conservative,[0.150506 0.849494],0.004354551750632954
319,HOMEIOT_W49,POLIDEOLOGY,Very liberal,[0.19834367 0.80165633],0.0
320,SOCMEDIAUSEb_W49,POLIDEOLOGY,Conservative,[0.29505747 0.70494253],0.009435686074086493
321,SOCMEDIAUSEb_W49,POLIDEOLOGY,Liberal,[0.46537059 0.53462941],0.023641228851972878
322,SOCMEDIAUSEb_W49,POLIDEOLOGY,Moderate,[0.39332805 0.60667195],0.006767775000340005
323,SOCMEDIAUSEb_W49,POLIDEOLOGY,Very conservative,[0.2691586 0.7308414],0.01254315219740664
324,SOCMEDIAUSEb_W49,POLIDEOLOGY,Very liberal,[0.52792038 0.47207962],0.013237135656493832
325,CONTROLGRPb_W49,POLIDEOLOGY,Conservative,[0.06994331 0.33896148 0.55848443 0.03261077],0.0
326,CONTROLGRPb_W49,POLIDEOLOGY,Liberal,[0.06273581 0.47120223 0.42930668 0.03675529],0.002612434744804312
327,CONTROLGRPb_W49,POLIDEOLOGY,Moderate,[0.09939528 0.40830453 0.45229583 0.04000436],0.003916209313094791
328,CONTROLGRPb_W49,POLIDEOLOGY,Very conservative,[0.10181044 0.33825444 0.54078502 0.0191501 ],0.0
329,CONTROLGRPb_W49,POLIDEOLOGY,Very liberal,[0.17657273 0.35204089 0.44537463 0.02601175],0.0017003099015554454
330,DB1b_W49,POLIDEOLOGY,Conservative,[0.06285448 0.90557629 0.03156923],0.006624781171255908
331,DB1b_W49,POLIDEOLOGY,Liberal,[0.08532018 0.87701858 0.03766125],0.00476276000450914
332,DB1b_W49,POLIDEOLOGY,Moderate,[0.08152855 0.86532719 0.05314425],0.004099846659753368
333,DB1b_W49,POLIDEOLOGY,Very conservative,[0.07006847 0.89635048 0.03358105],0.000759157477744307
334,DB1b_W49,POLIDEOLOGY,Very liberal,[0.0916381  0.86978589 0.03857601],0.0017446016634045049
335,RTDc_W49,POLIDEOLOGY,Conservative,[0.65504736 0.34495264],0.024232555196844436
336,RTDc_W49,POLIDEOLOGY,Liberal,[0.67893256 0.32106744],0.018887903935066425
337,RTDc_W49,POLIDEOLOGY,Moderate,[0.72825461 0.27174539],0.023882120678814654
338,RTDc_W49,POLIDEOLOGY,Very conservative,[0.76048103 0.23951897],0.0
339,RTDc_W49,POLIDEOLOGY,Very liberal,[0.78948643 0.21051357],0.020277494795450317
340,CONCERNGRPa_W49,POLIDEOLOGY,Conservative,[0.1772768 0.3542133 0.4685099],0.0
341,CONCERNGRPa_W49,POLIDEOLOGY,Liberal,[0.26352447 0.42194519 0.31453034],0.0
342,CONCERNGRPa_W49,POLIDEOLOGY,Moderate,[0.25312057 0.36808203 0.37879741],0.0010137997476082038
343,CONCERNGRPa_W49,POLIDEOLOGY,Very conservative,[0.31066795 0.24642415 0.4429079 ],0.0
344,CONCERNGRPa_W49,POLIDEOLOGY,Very liberal,[0.39945805 0.28977348 0.31076847],0.0
345,FACE1_W49,POLIDEOLOGY,Conservative,[0.22614863 0.64546634 0.12838503],0.00177271746599482
346,FACE1_W49,POLIDEOLOGY,Liberal,[0.26416289 0.64794799 0.08788912],0.0016242370218089298
347,FACE1_W49,POLIDEOLOGY,Moderate,[0.23436075 0.61545199 0.15018726],0.0012313867413169242
348,FACE1_W49,POLIDEOLOGY,Very conservative,[0.24089492 0.5918579  0.16724718],0.0
349,FACE1_W49,POLIDEOLOGY,Very liberal,[0.36712194 0.55156254 0.08131552],0.0017446016634045049
350,CONTROLGRPc_W49,POLIDEOLOGY,Conservative,[0.0818483  0.43083586 0.48731584],0.001965985963242433
351,CONTROLGRPc_W49,POLIDEOLOGY,Liberal,[0.10366082 0.46981404 0.42652514],0.0
352,CONTROLGRPc_W49,POLIDEOLOGY,Moderate,[0.11342648 0.45769868 0.42887485],0.0059289529592749645
353,CONTROLGRPc_W49,POLIDEOLOGY,Very conservative,[0.13348488 0.34790386 0.51861126],0.0
354,CONTROLGRPc_W49,POLIDEOLOGY,Very liberal,[0.18159639 0.36794822 0.45045538],0.0017003099015554454
355,FACE3b_W49,POLIDEOLOGY,Conservative,[0.07411245 0.3514187  0.33882843 0.23564043],0.020401083843151792
356,FACE3b_W49,POLIDEOLOGY,Liberal,[0.04587049 0.3640348  0.36865881 0.2214359 ],0.003315521750870715
357,FACE3b_W49,POLIDEOLOGY,Moderate,[0.06169413 0.38204052 0.35173397 0.20453138],0.008842589209447565
358,FACE3b_W49,POLIDEOLOGY,Very conservative,[0.06733382 0.3566781  0.29163742 0.28435066],0.007851275334068477
359,FACE3b_W49,POLIDEOLOGY,Very liberal,[0.04738989 0.2444323  0.41180812 0.29636969],0.0
360,CONTROLGRPd_W49,POLIDEOLOGY,Conservative,[0.20327964 0.49980304 0.29691732],0.00834610781181489
361,CONTROLGRPd_W49,POLIDEOLOGY,Liberal,[0.17346226 0.58205879 0.24447894],0.010787540800682893
362,CONTROLGRPd_W49,POLIDEOLOGY,Moderate,[0.15802189 0.56401676 0.27796135],0.0010259057911892273
363,CONTROLGRPd_W49,POLIDEOLOGY,Very conservative,[0.16281221 0.51723114 0.31995665],0.0
364,CONTROLGRPd_W49,POLIDEOLOGY,Very liberal,[0.21062968 0.49220219 0.29716813],0.0
365,PWMAN2_W49,POLIDEOLOGY,Conservative,"[0.18308123 0.08089535 0.20986628 0.01440849 0.04163972 0.28729065
 0.03469579 0.10949829 0.0386242 ]",0.00809733154108624
366,PWMAN2_W49,POLIDEOLOGY,Liberal,"[0.14739027 0.06063449 0.20091369 0.01160747 0.05159441 0.28025347
 0.04289449 0.15532042 0.04939129]",0.0
367,PWMAN2_W49,POLIDEOLOGY,Moderate,"[0.19102516 0.07022821 0.17799488 0.01431787 0.04966274 0.27050826
 0.03015912 0.129999   0.06610477]",0.003077304797664252
368,PWMAN2_W49,POLIDEOLOGY,Very conservative,"[0.19145321 0.05820356 0.14643396 0.02315697 0.03802191 0.36184122
 0.03480245 0.10617534 0.03991139]",0.013412191403015248
369,PWMAN2_W49,POLIDEOLOGY,Very liberal,"[0.13637821 0.0504274  0.19873496 0.02361449 0.05432308 0.29266777
 0.01693218 0.17476371 0.0521582 ]",0.0015634543833315353
370,FACE2c_W49,POLIDEOLOGY,Conservative,[0.22067846 0.56807282 0.17593103 0.03531769],0.02585564797954022
371,FACE2c_W49,POLIDEOLOGY,Liberal,[0.15851084 0.54292009 0.25931578 0.03925329],0.01724212140412746
372,FACE2c_W49,POLIDEOLOGY,Moderate,[0.15454382 0.54364895 0.24773022 0.05407701],0.011719684611066204
373,FACE2c_W49,POLIDEOLOGY,Very conservative,[0.24745005 0.57182063 0.14477522 0.03595409],0.02569980857926217
374,FACE2c_W49,POLIDEOLOGY,Very liberal,[0.13402112 0.50903944 0.27911963 0.07781981],0.005954280790322786
375,CONCERNGRPb_W49,POLIDEOLOGY,Conservative,[0.36788958 0.47572717 0.15638325],0.004670368247859944
376,CONCERNGRPb_W49,POLIDEOLOGY,Liberal,[0.38888396 0.45219642 0.15891963],0.0
377,CONCERNGRPb_W49,POLIDEOLOGY,Moderate,[0.40269361 0.43383667 0.16346972],0.002317913067537314
378,CONCERNGRPb_W49,POLIDEOLOGY,Very conservative,[0.40242887 0.3797212  0.21784993],0.0
379,CONCERNGRPb_W49,POLIDEOLOGY,Very liberal,[0.43719063 0.45327594 0.10953343],0.0
380,HOMEASSIST1_W49,POLIDEOLOGY,Conservative,[0.2189921 0.7810079],0.0025756967301773692
381,HOMEASSIST1_W49,POLIDEOLOGY,Liberal,[0.28773683 0.71226317],0.0014806304274051388
382,HOMEASSIST1_W49,POLIDEOLOGY,Moderate,[0.25354334 0.74645666],0.0012895865295383382
383,HOMEASSIST1_W49,POLIDEOLOGY,Very conservative,[0.1866962 0.8133038],0.00219554163791025
384,HOMEASSIST1_W49,POLIDEOLOGY,Very liberal,[0.27297265 0.72702735],0.0
385,DATAUSEf_W49,POLIDEOLOGY,Conservative,[0.39937711 0.60062289],0.27839938229169126
386,DATAUSEf_W49,POLIDEOLOGY,Liberal,[0.24283883 0.75716117],0.24716280015519948
387,DATAUSEf_W49,POLIDEOLOGY,Moderate,[0.3586338 0.6413662],0.2681427711157002
388,DATAUSEf_W49,POLIDEOLOGY,Very conservative,[0.44986938 0.55013062],0.21085633999671835
389,DATAUSEf_W49,POLIDEOLOGY,Very liberal,[0.18369991 0.81630009],0.2147045285306146
390,RTBFb_W49,POLIDEOLOGY,Conservative,[0.70894771 0.29105229],0.02903893301306103
391,RTBFb_W49,POLIDEOLOGY,Liberal,[0.70347578 0.29652422],0.01755187370293151
392,RTBFb_W49,POLIDEOLOGY,Moderate,[0.66422291 0.33577709],0.012496007190479596
393,RTBFb_W49,POLIDEOLOGY,Very conservative,[0.7089567 0.2910433],0.0
394,RTBFb_W49,POLIDEOLOGY,Very liberal,[0.62327254 0.37672746],0.001307833505061363
395,DB1c_W49,POLIDEOLOGY,Conservative,[0.05399885 0.94600115],0.007726827754584656
396,DB1c_W49,POLIDEOLOGY,Liberal,[0.05332904 0.94667096],0.005884417579893935
397,DB1c_W49,POLIDEOLOGY,Moderate,[0.07988912 0.92011088],0.0027174165549185476
398,DB1c_W49,POLIDEOLOGY,Very conservative,[0.02876283 0.97123717],0.0007591574777443069
399,DB1c_W49,POLIDEOLOGY,Very liberal,[0.04643981 0.95356019],0.0017446016634045046
400,FACE4c_W49,POLIDEOLOGY,Conservative,[0.25541103 0.74458897],0.20289520713056414
401,FACE4c_W49,POLIDEOLOGY,Liberal,[0.22979144 0.77020856],0.17926374815130922
402,FACE4c_W49,POLIDEOLOGY,Moderate,[0.20219595 0.79780405],0.20214836098364683
403,FACE4c_W49,POLIDEOLOGY,Very conservative,[0.26443128 0.73556872],0.17297339652232585
404,FACE4c_W49,POLIDEOLOGY,Very liberal,[0.12397029 0.87602971],0.1321844802756151
405,TRACKCO1b_W49,POLIDEOLOGY,Conservative,[0.12410553 0.18257144 0.36536487 0.19978636 0.1281718 ],0.003811135305229151
406,TRACKCO1b_W49,POLIDEOLOGY,Liberal,[0.10386662 0.23949553 0.40557279 0.16905342 0.08201164],0.0003590658914692959
407,TRACKCO1b_W49,POLIDEOLOGY,Moderate,[0.11669219 0.17767637 0.3709508  0.21950974 0.11517091],0.005466116248481123
408,TRACKCO1b_W49,POLIDEOLOGY,Very conservative,[0.11808101 0.19243984 0.33431373 0.17542848 0.17973693],0.012484114868653284
409,TRACKCO1b_W49,POLIDEOLOGY,Very liberal,[0.0997573  0.18547404 0.44582775 0.1765116  0.09242931],0.0017003099015554454
410,RTDb_W49,POLIDEOLOGY,Conservative,[0.87665963 0.12334037],0.02320374469806843
411,RTDb_W49,POLIDEOLOGY,Liberal,[0.87491129 0.12508871],0.012267616432851682
412,RTDb_W49,POLIDEOLOGY,Moderate,[0.89989129 0.10010871],0.020898487556925704
413,RTDb_W49,POLIDEOLOGY,Very conservative,[0.89621362 0.10378638],0.0
414,RTDb_W49,POLIDEOLOGY,Very liberal,[0.8642659 0.1357341],0.0045268938656042165
415,HOMEASSIST3_W49,POLIDEOLOGY,Conservative,[0.19458521 0.34614413 0.45927067],0.0
416,HOMEASSIST3_W49,POLIDEOLOGY,Liberal,[0.26936832 0.38940702 0.34122465],0.0
417,HOMEASSIST3_W49,POLIDEOLOGY,Moderate,[0.15066391 0.31627991 0.53305618],0.0
418,HOMEASSIST3_W49,POLIDEOLOGY,Very conservative,[0.20057195 0.34017891 0.45924915],0.0
419,HOMEASSIST3_W49,POLIDEOLOGY,Very liberal,[0.20619719 0.33119975 0.46260306],0.0
420,SMARTAPP_W49,POLIDEOLOGY,Conservative,[0.44148326 0.18268765 0.30016933 0.07565976],0.0003419091666911703
421,SMARTAPP_W49,POLIDEOLOGY,Liberal,[0.47395844 0.17320425 0.31968804 0.03314927],0.004535931084863865
422,SMARTAPP_W49,POLIDEOLOGY,Moderate,[0.45103908 0.18284739 0.32374762 0.04236591],0.004680162600571201
423,SMARTAPP_W49,POLIDEOLOGY,Very conservative,[0.45294182 0.19563775 0.26864878 0.08277166],0.0006731072569208015
424,SMARTAPP_W49,POLIDEOLOGY,Very liberal,[0.44506595 0.2011934  0.29177776 0.0619629 ],0.0
425,UNDERSTANDGOV_W49,POLIDEOLOGY,Conservative,[0.03756097 0.17220535 0.56556301 0.22467067],0.002981985030877876
426,UNDERSTANDGOV_W49,POLIDEOLOGY,Liberal,[0.02676837 0.15032733 0.55818516 0.26471914],0.0042682257473940464
427,UNDERSTANDGOV_W49,POLIDEOLOGY,Moderate,[0.04415058 0.16649416 0.52812779 0.26122748],0.0009243109273606483
428,UNDERSTANDGOV_W49,POLIDEOLOGY,Very conservative,[0.05005749 0.20150871 0.48567673 0.26275707],0.0
429,UNDERSTANDGOV_W49,POLIDEOLOGY,Very liberal,[0.09264104 0.22770158 0.49662045 0.18303694],0.0
430,CONCERNGRPe_W49,POLIDEOLOGY,Conservative,[0.05033415 0.30304728 0.64661857],0.0
431,CONCERNGRPe_W49,POLIDEOLOGY,Liberal,[0.0908355  0.33799291 0.57117159],0.0
432,CONCERNGRPe_W49,POLIDEOLOGY,Moderate,[0.10970606 0.35982454 0.5304694 ],0.0027199472616810643
433,CONCERNGRPe_W49,POLIDEOLOGY,Very conservative,[0.09538295 0.31084843 0.59376862],0.006480643014419895
434,CONCERNGRPe_W49,POLIDEOLOGY,Very liberal,[0.11624511 0.33990163 0.54385326],0.0
435,PROFILE5_W49,POLIDEOLOGY,Conservative,[0.05555216 0.50999969 0.38232527 0.05212288],0.0015085950299518628
436,PROFILE5_W49,POLIDEOLOGY,Liberal,[0.08197178 0.61609473 0.26340228 0.0385312 ],0.005219933293741412
437,PROFILE5_W49,POLIDEOLOGY,Moderate,[0.06006101 0.55232686 0.3450341  0.04257803],0.002807687640287531
438,PROFILE5_W49,POLIDEOLOGY,Very conservative,[0.073976   0.54148495 0.34102051 0.04351854],0.004546750006798066
439,PROFILE5_W49,POLIDEOLOGY,Very liberal,[0.09571725 0.47480354 0.33737056 0.09210865],0.0021891175711333064
440,ELECTFTGSNSINT_W49,POLIDEOLOGY,Conservative,[0.14498137 0.50220485 0.35281378],0.010844780953160155
441,ELECTFTGSNSINT_W49,POLIDEOLOGY,Liberal,[0.19279651 0.42416376 0.38303973],0.0027107385462723445
442,ELECTFTGSNSINT_W49,POLIDEOLOGY,Moderate,[0.11516823 0.47961579 0.40521598],0.002375848174897039
443,ELECTFTGSNSINT_W49,POLIDEOLOGY,Very conservative,[0.21681968 0.42430635 0.35887396],0.009440311665660332
444,ELECTFTGSNSINT_W49,POLIDEOLOGY,Very liberal,[0.2462563  0.41090684 0.34283686],0.0034049802272262185
445,PP6a_W49,POLIDEOLOGY,Conservative,[0.1057087  0.43734918 0.3072985  0.14964362],0.00841352902918775
446,PP6a_W49,POLIDEOLOGY,Liberal,[0.11145849 0.53861186 0.26113341 0.08879624],0.0017252208567753798
447,PP6a_W49,POLIDEOLOGY,Moderate,[0.10332541 0.46815645 0.29615971 0.13235843],0.004993055437493606
448,PP6a_W49,POLIDEOLOGY,Very conservative,[0.07989481 0.46437221 0.26109154 0.19464144],0.0
449,PP6a_W49,POLIDEOLOGY,Very liberal,[0.11761057 0.48951792 0.27095897 0.12191254],0.002763683895281266
450,RTBFd_W49,POLIDEOLOGY,Conservative,[0.90087643 0.09912357],0.023982390365933953
451,RTBFd_W49,POLIDEOLOGY,Liberal,[0.89121655 0.10878345],0.0030918759604789134
452,RTBFd_W49,POLIDEOLOGY,Moderate,[0.84774187 0.15225813],0.018462383306936347
453,RTBFd_W49,POLIDEOLOGY,Very conservative,[0.83798029 0.16201971],0.025280055196507105
454,RTBFd_W49,POLIDEOLOGY,Very liberal,[0.78948516 0.21051484],0.0
455,CONCERNGRPf_W49,POLIDEOLOGY,Conservative,[0.37009662 0.44723033 0.18267304],0.0015920859518981825
456,CONCERNGRPf_W49,POLIDEOLOGY,Liberal,[0.35516562 0.49102394 0.15381044],0.0
457,CONCERNGRPf_W49,POLIDEOLOGY,Moderate,[0.403252   0.46252172 0.13422628],0.0033736351146560328
458,CONCERNGRPf_W49,POLIDEOLOGY,Very conservative,[0.53733602 0.35489741 0.10776657],0.0
459,CONCERNGRPf_W49,POLIDEOLOGY,Very liberal,[0.47789644 0.44858136 0.0735222 ],0.0
460,DB1a_W49,POLIDEOLOGY,Conservative,[0.21740061 0.78259939],0.007234099611385027
461,DB1a_W49,POLIDEOLOGY,Liberal,[0.17793009 0.82206991],0.009549348527673076
462,DB1a_W49,POLIDEOLOGY,Moderate,[0.24224119 0.75775881],0.0034095124607305067
463,DB1a_W49,POLIDEOLOGY,Very conservative,[0.19403199 0.80596801],0.0
464,DB1a_W49,POLIDEOLOGY,Very liberal,[0.20213303 0.79786697],0.004468849259552057
465,PP5b_W49,POLIDEOLOGY,Conservative,[0.03507719 0.29563254 0.41556709 0.25372318],0.007165463570339836
466,PP5b_W49,POLIDEOLOGY,Liberal,[0.03205216 0.32692387 0.42277609 0.21824787],0.004741468467578326
467,PP5b_W49,POLIDEOLOGY,Moderate,[0.06409532 0.31115877 0.41490933 0.20983658],0.004873077555760255
468,PP5b_W49,POLIDEOLOGY,Very conservative,[0.06520776 0.26707192 0.31639752 0.3513228 ],0.0
469,PP5b_W49,POLIDEOLOGY,Very liberal,[0.04601512 0.20042097 0.42531834 0.32824558],0.0
470,PWMAN_W49,POLIDEOLOGY,Conservative,[0.17668488 0.82331512],0.005779543535590318
471,PWMAN_W49,POLIDEOLOGY,Liberal,[0.23993208 0.76006792],0.0015678857549764498
472,PWMAN_W49,POLIDEOLOGY,Moderate,[0.19231714 0.80768286],0.005655289884945467
473,PWMAN_W49,POLIDEOLOGY,Very conservative,[0.14547446 0.85452554],0.002743586399858457
474,PWMAN_W49,POLIDEOLOGY,Very liberal,[0.2585112 0.7414888],0.002733196810237712
475,RTDd_W49,POLIDEOLOGY,Conservative,[0.81753842 0.18246158],0.01894344893451157
476,RTDd_W49,POLIDEOLOGY,Liberal,[0.75991024 0.24008976],0.02073991632116848
477,RTDd_W49,POLIDEOLOGY,Moderate,[0.80874201 0.19125799],0.018180185148366296
478,RTDd_W49,POLIDEOLOGY,Very conservative,[0.85643757 0.14356243],0.0
479,RTDd_W49,POLIDEOLOGY,Very liberal,[0.79269112 0.20730888],0.020277494795450317
480,FACE3c_W49,POLIDEOLOGY,Conservative,[0.28038833 0.48283785 0.14333473 0.09343909],0.015806073727379785
481,FACE3c_W49,POLIDEOLOGY,Liberal,[0.11148633 0.45170643 0.27996763 0.15683962],0.004687087018414889
482,FACE3c_W49,POLIDEOLOGY,Moderate,[0.19875668 0.47604064 0.19262558 0.1325771 ],0.0065169318925463755
483,FACE3c_W49,POLIDEOLOGY,Very conservative,[0.27881447 0.48250738 0.13250759 0.10617056],0.007851275334068477
484,FACE3c_W49,POLIDEOLOGY,Very liberal,[0.13188003 0.31669241 0.27437523 0.27705233],0.0042608200335542855
485,UNDERSTANDCO_W49,POLIDEOLOGY,Conservative,[0.04632946 0.29841593 0.49583719 0.15941742],0.002162981433207417
486,UNDERSTANDCO_W49,POLIDEOLOGY,Liberal,[0.06363247 0.34835894 0.49587112 0.09213748],0.010177285988392175
487,UNDERSTANDCO_W49,POLIDEOLOGY,Moderate,[0.0688677  0.35987328 0.47730727 0.09395175],0.008546416736874781
488,UNDERSTANDCO_W49,POLIDEOLOGY,Very conservative,[0.06213488 0.37212465 0.41665804 0.14908243],0.0029279323910830143
489,UNDERSTANDCO_W49,POLIDEOLOGY,Very liberal,[0.05803645 0.35358496 0.50646662 0.08191197],0.0
0,GOVREGV1_W49,RACE,Asian,[0.65552031 0.14227318 0.20220651],0.0
1,GOVREGV1_W49,RACE,Black,[0.70536662 0.11204508 0.1825883 ],0.0027075905381991833
2,GOVREGV1_W49,RACE,Hispanic,[0.75326293 0.13663071 0.11010635],0.0
3,GOVREGV1_W49,RACE,Other,[0.69885842 0.02996043 0.27118115],0.07658604821496999
4,GOVREGV1_W49,RACE,White,[0.77829203 0.06412573 0.15758224],0.01612717205188805
5,CONTROLGOV_W49,RACE,Asian,[0.05856945 0.05813374 0.42174663 0.46155018],0.0
6,CONTROLGOV_W49,RACE,Black,[0.05274787 0.17984343 0.30096981 0.46643889],0.0070766633177875155
7,CONTROLGOV_W49,RACE,Hispanic,[0.03734964 0.19846989 0.39526746 0.36891302],0.0
8,CONTROLGOV_W49,RACE,Other,[0.         0.06756026 0.50946422 0.42297553],0.0
9,CONTROLGOV_W49,RACE,White,[0.0290926  0.11167754 0.43422451 0.42500536],0.0026866060546961927
10,SMARTPHONE_W49,RACE,Asian,[0.91366217 0.08633783],0.0
11,SMARTPHONE_W49,RACE,Black,[0.81491015 0.18508985],0.0019707858965898523
12,SMARTPHONE_W49,RACE,Hispanic,[0.85207452 0.14792548],0.0005349295712996471
13,SMARTPHONE_W49,RACE,Other,[0.8463562 0.1536438],0.023987648933742788
14,SMARTPHONE_W49,RACE,White,[0.89048868 0.10951132],0.004185995229730057
15,CONTROLGRPa_W49,RACE,Asian,[0.17789706 0.46551234 0.3565906 ],0.0
16,CONTROLGRPa_W49,RACE,Black,[0.27067152 0.46769496 0.26163351],0.0013374044518116622
17,CONTROLGRPa_W49,RACE,Hispanic,[0.21755435 0.59792395 0.1845217 ],0.0
18,CONTROLGRPa_W49,RACE,Other,[0.11136599 0.55506058 0.33357343],0.0
19,CONTROLGRPa_W49,RACE,White,[0.12385329 0.51125338 0.36489333],0.0022371291497741016
20,FACE3a_W49,RACE,Asian,[0.0519266  0.18045231 0.42761492 0.34000617],0.0
21,FACE3a_W49,RACE,Black,[0.05632595 0.2710195  0.36658303 0.30607152],0.008905679198667167
22,FACE3a_W49,RACE,Hispanic,[0.04744805 0.26682528 0.33620604 0.34952064],0.02636531188266076
23,FACE3a_W49,RACE,Other,[0.         0.26653846 0.33718567 0.39627587],0.0
24,FACE3a_W49,RACE,White,[0.02001986 0.16349128 0.41176558 0.40472328],0.009460023584892776
25,PP6b_W49,RACE,Asian,[0.16739139 0.32049803 0.30135844 0.21075213],0.0
26,PP6b_W49,RACE,Black,[0.0555122  0.29952011 0.35599155 0.28897613],0.0028750085943963295
27,PP6b_W49,RACE,Hispanic,[0.10533161 0.34133348 0.3045081  0.24882681],0.00240503946451841
28,PP6b_W49,RACE,Other,[0.04464731 0.19133858 0.45924507 0.30476904],0.06029187743903649
29,PP6b_W49,RACE,White,[0.0500013  0.30529243 0.3778475  0.26685877],0.0051260420205451115
30,FACE2a_W49,RACE,Asian,[0.33497762 0.4436145  0.21366148 0.0077464 ],0.0
31,FACE2a_W49,RACE,Black,[0.2068556  0.63542191 0.13549788 0.02222461],0.007555372302754358
32,FACE2a_W49,RACE,Hispanic,[0.2312863  0.57541937 0.17831727 0.01497706],0.0006649764519384933
33,FACE2a_W49,RACE,Other,[0.35135643 0.56552947 0.0831141  0.        ],0.0
34,FACE2a_W49,RACE,White,[0.2435854  0.62834468 0.11552581 0.01254411],0.013679340924615944
35,TALKCMNSNSINT_W49,RACE,Asian,[0.31977215 0.68022785],0.008358902917736145
36,TALKCMNSNSINT_W49,RACE,Black,[0.41275868 0.58724132],0.01291118567979713
37,TALKCMNSNSINT_W49,RACE,Hispanic,[0.33558819 0.66441181],0.11616116611127819
38,TALKCMNSNSINT_W49,RACE,Other,[0.08247675 0.91752325],0.0
39,TALKCMNSNSINT_W49,RACE,White,[0.24810458 0.75189542],0.0675890496814798
40,DATAUSEc_W49,RACE,Asian,[0.45517031 0.54482969],0.2279927997665652
41,DATAUSEc_W49,RACE,Black,[0.55790257 0.44209743],0.19778292806359093
42,DATAUSEc_W49,RACE,Hispanic,[0.69958505 0.30041495],0.20312287927565556
43,DATAUSEc_W49,RACE,Other,[0.58495819 0.41504181],0.3012360078867849
44,DATAUSEc_W49,RACE,White,[0.61194283 0.38805717],0.17186565033255014
45,DNATEST_W49,RACE,Asian,[0.07783725 0.92216275],0.0
46,DNATEST_W49,RACE,Black,[0.10518834 0.89481166],0.0014981332318578196
47,DNATEST_W49,RACE,Hispanic,[0.07264331 0.92735669],0.0
48,DNATEST_W49,RACE,Other,[0.12404415 0.87595585],0.0
49,DNATEST_W49,RACE,White,[0.17681251 0.82318749],0.0028046630978929748
50,PP5c_W49,RACE,Asian,[0.09443859 0.15147682 0.50518186 0.24890272],0.0
51,PP5c_W49,RACE,Black,[0.08357108 0.26945289 0.34831241 0.29866362],0.012478695570135331
52,PP5c_W49,RACE,Hispanic,[0.04293111 0.18203432 0.42307602 0.35195856],0.003349154010190682
53,PP5c_W49,RACE,Other,[0.00713484 0.38315748 0.2709245  0.33878318],0.09765268458568169
54,PP5c_W49,RACE,White,[0.01541572 0.1632796  0.4899922  0.33131247],0.0029695782757202765
55,PP5e_W49,RACE,Asian,[0.06210232 0.18486716 0.463728   0.28930252],0.0
56,PP5e_W49,RACE,Black,[0.08029377 0.30570101 0.36327761 0.25072762],0.011236153275686188
57,PP5e_W49,RACE,Hispanic,[0.06013498 0.23223662 0.38176433 0.32586407],0.00740462001267304
58,PP5e_W49,RACE,Other,[0.01529611 0.20756132 0.41241548 0.36472709],0.0602918774390365
59,PP5e_W49,RACE,White,[0.02913351 0.18876985 0.4537402  0.32835644],0.003477081187915212
60,PUBLICDATA_W49,RACE,Asian,[0.21827446 0.78172554],0.0
61,PUBLICDATA_W49,RACE,Black,[0.25122681 0.74877319],0.0192342918195493
62,PUBLICDATA_W49,RACE,Hispanic,[0.29869237 0.70130763],0.04918459135332476
63,PUBLICDATA_W49,RACE,Other,[0.19044112 0.80955888],0.10548576560673636
64,PUBLICDATA_W49,RACE,White,[0.23747944 0.76252056],0.030214013239423854
65,HOMEASSIST5a_W49,RACE,Asian,[0.58523675 0.41476325],0.0
66,HOMEASSIST5a_W49,RACE,Black,[0.51444278 0.48555722],0.0045811302338925036
67,HOMEASSIST5a_W49,RACE,Hispanic,[0.60190242 0.39809758],0.0
68,HOMEASSIST5a_W49,RACE,Other,[1. 0.],0.0
69,HOMEASSIST5a_W49,RACE,White,[0.38098563 0.61901437],0.0
70,PP1_W49,RACE,Asian,[0.24020476 0.29496466 0.26488614 0.18300944 0.01693499],0.0
71,PP1_W49,RACE,Black,[0.32956781 0.24217014 0.19699616 0.18013425 0.05113164],0.002701319782289503
72,PP1_W49,RACE,Hispanic,[0.30710663 0.18903051 0.25599847 0.22122722 0.02663718],0.0
73,PP1_W49,RACE,Other,[0.36397415 0.07593843 0.19337652 0.16765877 0.19905212],0.0
74,PP1_W49,RACE,White,[0.23518513 0.34816344 0.25397058 0.14061404 0.02206681],0.0033046945174713
75,BENEFITCO_W49,RACE,Asian,[0.05041967 0.34341906 0.60616127 0.        ],0.0
76,BENEFITCO_W49,RACE,Black,[0.11160038 0.36394617 0.52445345 0.        ],0.0029417599115702745
77,BENEFITCO_W49,RACE,Hispanic,[0.20855845 0.25538428 0.53605727 0.        ],0.0
78,BENEFITCO_W49,RACE,Other,[0.11483734 0.11406699 0.77109567 0.        ],0.0
79,BENEFITCO_W49,RACE,White,[0.04423445 0.2852668  0.67049875 0.        ],0.004936740090550295
80,POSNEGGOV_W49,RACE,Asian,[0.38081836 0.61918164],0.0033822173539144957
81,POSNEGGOV_W49,RACE,Black,[0.298115 0.701885],0.04421980694745822
82,POSNEGGOV_W49,RACE,Hispanic,[0.34678803 0.65321197],0.07016202532832996
83,POSNEGGOV_W49,RACE,Other,[0.28867578 0.71132422],0.0
84,POSNEGGOV_W49,RACE,White,[0.32121894 0.67878106],0.029936976254412533
85,RTBFc_W49,RACE,Asian,[0.58993707 0.41006293],0.0
86,RTBFc_W49,RACE,Black,[0.59912045 0.40087955],0.029371216353459018
87,RTBFc_W49,RACE,Hispanic,[0.54542998 0.45457002],0.04187666507700402
88,RTBFc_W49,RACE,Other,[0.71410343 0.28589657],0.13289516092913126
89,RTBFc_W49,RACE,White,[0.57562769 0.42437231],0.020896808192543366
90,FACE4d_W49,RACE,Asian,[0.52556959 0.47443041],0.0939784129107586
91,FACE4d_W49,RACE,Black,[0.42015948 0.57984052],0.14803171936183357
92,FACE4d_W49,RACE,Hispanic,[0.53447486 0.46552514],0.19331701804620388
93,FACE4d_W49,RACE,Other,[0. 1.],0.09201720594240773
94,FACE4d_W49,RACE,White,[0.52919226 0.47080774],0.18636400102048137
95,RTDa_W49,RACE,Asian,[0.47385221 0.52614779],0.0
96,RTDa_W49,RACE,Black,[0.48610899 0.51389101],0.02984111705945035
97,RTDa_W49,RACE,Hispanic,[0.49562002 0.50437998],0.02600041963977504
98,RTDa_W49,RACE,Other,[0.36337531 0.63662469],0.11274702242085408
99,RTDa_W49,RACE,White,[0.33644747 0.66355253],0.026908548484318843
100,PP4_W49,RACE,Asian,[0.05357179 0.56025608 0.35492595 0.03124618],0.0
101,PP4_W49,RACE,Black,[0.18808184 0.51244147 0.26966898 0.02980771],0.0012763632440467808
102,PP4_W49,RACE,Hispanic,[0.11884437 0.51953614 0.32555471 0.03606479],0.004135096136735363
103,PP4_W49,RACE,Other,[0.18063523 0.44405163 0.35209265 0.0232205 ],0.0
104,PP4_W49,RACE,White,[0.11600968 0.56283108 0.28968276 0.03147648],0.0013328325730080168
105,PROFILE3_W49,RACE,Asian,[0.55302769 0.36745712 0.07951519],0.0013050565716807012
106,PROFILE3_W49,RACE,Black,[0.41565313 0.37254426 0.21180262],0.12262626005586162
107,PROFILE3_W49,RACE,Hispanic,[0.47144908 0.38842102 0.14012991],0.10620057570888713
108,PROFILE3_W49,RACE,Other,[0.42614709 0.45129086 0.12256205],0.09384570629402024
109,PROFILE3_W49,RACE,White,[0.55133224 0.36526402 0.08340374],0.0650839716964868
110,CONCERNCO_W49,RACE,Asian,[0.46943104 0.40617272 0.04297756 0.08141868],0.0
111,CONCERNCO_W49,RACE,Black,[0.46395813 0.36588238 0.10083799 0.0693215 ],0.0
112,CONCERNCO_W49,RACE,Hispanic,[0.37913456 0.44152487 0.1437723  0.03556827],0.0
113,CONCERNCO_W49,RACE,Other,[0.48256552 0.12224422 0.31860421 0.07658605],0.0
114,CONCERNCO_W49,RACE,White,[0.33091905 0.4531332  0.18822925 0.02771851],0.002409258686762885
115,CONTROLGRPf_W49,RACE,Asian,[0.20412758 0.41118386 0.38468856],0.0
116,CONTROLGRPf_W49,RACE,Black,[0.1431442  0.49271222 0.36414358],0.006430168816963546
117,CONTROLGRPf_W49,RACE,Hispanic,[0.21944637 0.42623761 0.35431602],0.021974738983002465
118,CONTROLGRPf_W49,RACE,Other,[0.28867578 0.34373163 0.36759259],0.0
119,CONTROLGRPf_W49,RACE,White,[0.11997286 0.5035796  0.37644754],0.0022210312347785855
120,PP5d_W49,RACE,Asian,[0.07754579 0.29047307 0.37756462 0.25441653],0.0
121,PP5d_W49,RACE,Black,[0.07068285 0.32989042 0.40955583 0.18987089],0.007395006793673861
122,PP5d_W49,RACE,Hispanic,[0.05367263 0.29540348 0.45642441 0.19449947],0.0
123,PP5d_W49,RACE,Other,[0.01632601 0.28286734 0.36280525 0.33800139],0.06029187743903649
124,PP5d_W49,RACE,White,[0.02876859 0.26284413 0.49291825 0.21546903],0.004840158443238719
125,CONCERNGRPc_W49,RACE,Asian,[0.41553996 0.45865708 0.12580296],0.0
126,CONCERNGRPc_W49,RACE,Black,[0.26039987 0.45922393 0.2803762 ],0.0
127,CONCERNGRPc_W49,RACE,Hispanic,[0.16855174 0.48406458 0.34738368],0.0
128,CONCERNGRPc_W49,RACE,Other,[0.24345414 0.2849784  0.47156745],0.0
129,CONCERNGRPc_W49,RACE,White,[0.16253213 0.36783893 0.46962893],0.008766131281394227
130,GOVREGV2_W49,RACE,Asian,[0.51209959 0.48790041],0.0
131,GOVREGV2_W49,RACE,Black,[0.553011 0.446989],0.025264422239349566
132,GOVREGV2_W49,RACE,Hispanic,[0.44551738 0.55448262],0.0
133,GOVREGV2_W49,RACE,Other,[0.83714587 0.16285413],0.0
134,GOVREGV2_W49,RACE,White,[0.56029317 0.43970683],0.008815232627864022
135,PP2_W49,RACE,Asian,[0.05332889 0.12562586 0.3706914  0.45035384],0.0
136,PP2_W49,RACE,Black,[0.18147492 0.22704477 0.36625404 0.22522626],0.013745319866771903
137,PP2_W49,RACE,Hispanic,[0.11935806 0.13273928 0.44412758 0.30377507],0.0026537243094631644
138,PP2_W49,RACE,Other,[0.26945706 0.26655522 0.25198323 0.21200448],0.0
139,PP2_W49,RACE,White,[0.07412153 0.12574605 0.39058777 0.40954465],0.004763223712109902
140,ANONYMOUS1GOV_W49,RACE,Asian,[0.42899177 0.57100823],0.0
141,ANONYMOUS1GOV_W49,RACE,Black,[0.39396259 0.60603741],0.0030922726728746046
142,ANONYMOUS1GOV_W49,RACE,Hispanic,[0.42635454 0.57364546],0.005913691988430091
143,ANONYMOUS1GOV_W49,RACE,Other,[0.52403891 0.47596109],0.0
144,ANONYMOUS1GOV_W49,RACE,White,[0.35346781 0.64653219],0.007727868281048794
145,FACE4a_W49,RACE,Asian,[0.73869488 0.26130512],0.08685282485584554
146,FACE4a_W49,RACE,Black,[0.74153673 0.25846327],0.23719847001102448
147,FACE4a_W49,RACE,Hispanic,[0.684112 0.315888],0.19822498037752045
148,FACE4a_W49,RACE,Other,[0.78371973 0.21628027],0.16774591392125204
149,FACE4a_W49,RACE,White,[0.82676494 0.17323506],0.1288049502887156
150,FACE2b_W49,RACE,Asian,[0.28026997 0.44506777 0.25211622 0.02254604],0.0
151,FACE2b_W49,RACE,Black,[0.12251164 0.50652853 0.30749212 0.06346772],0.007555372302754358
152,FACE2b_W49,RACE,Hispanic,[0.17530047 0.52047753 0.26670663 0.03751537],0.0
153,FACE2b_W49,RACE,Other,[0.1605494  0.33976787 0.38905381 0.11062893],0.0
154,FACE2b_W49,RACE,White,[0.18986328 0.56710099 0.20249328 0.04054245],0.01602830694545345
155,SECUR1_W49,RACE,Asian,[0.03200469 0.76578484 0.20221047],0.0
156,SECUR1_W49,RACE,Black,[0.11714562 0.61523781 0.26761657],0.0018042220785719023
157,SECUR1_W49,RACE,Hispanic,[0.10769313 0.70132511 0.19098176],0.0026301356257904967
158,SECUR1_W49,RACE,Other,[0.03918957 0.67622953 0.2845809 ],0.06029187743903649
159,SECUR1_W49,RACE,White,[0.046153   0.71351341 0.24033359],0.0017338173969236575
160,LOYALTY_W49,RACE,Asian,[0.66479133 0.33520867],0.0
161,LOYALTY_W49,RACE,Black,[0.50944724 0.49055276],0.0036666607960742165
162,LOYALTY_W49,RACE,Hispanic,[0.38922506 0.61077494],0.0
163,LOYALTY_W49,RACE,Other,[0.56327425 0.43672575],0.0
164,LOYALTY_W49,RACE,White,[0.6967723 0.3032277],0.0022363651239707904
165,PP3_W49,RACE,Asian,[0.03799267 0.46425049 0.49775684],0.0
166,PP3_W49,RACE,Black,[0.31739122 0.37940128 0.3032075 ],0.0
167,PP3_W49,RACE,Hispanic,[0.21954979 0.50894277 0.27150744],0.0
168,PP3_W49,RACE,Other,[0.48837937 0.2199108  0.29170983],0.0
169,PP3_W49,RACE,White,[0.20303217 0.32753412 0.4694337 ],0.0029315355981777203
170,CONTROLGRPe_W49,RACE,Asian,[0.17900977 0.3910067  0.42998353 0.        ],0.0
171,CONTROLGRPe_W49,RACE,Black,[0.17569019 0.37420181 0.33637167 0.11373633],0.006430168816963547
172,CONTROLGRPe_W49,RACE,Hispanic,[0.12635277 0.44285122 0.32327388 0.10752214],0.0
173,CONTROLGRPe_W49,RACE,Other,[0.         0.63240741 0.36759259 0.        ],0.0
174,CONTROLGRPe_W49,RACE,White,[0.08496415 0.44684946 0.43557166 0.03261473],0.0015451728549780452
175,TRACKCO1a_W49,RACE,Asian,[0.29843507 0.29303527 0.29931413 0.04147971 0.06773581],0.0
176,TRACKCO1a_W49,RACE,Black,[0.29151825 0.29568094 0.19773591 0.08585737 0.12920752],0.0
177,TRACKCO1a_W49,RACE,Hispanic,[0.39153411 0.28122932 0.24333579 0.03505945 0.04884132],0.016002879008390005
178,TRACKCO1a_W49,RACE,Other,[0.29883336 0.25274169 0.22494982 0.14688908 0.07658605],0.0
179,TRACKCO1a_W49,RACE,White,[0.44285137 0.31405333 0.17617754 0.03840329 0.02851447],0.006172910741933806
180,CONTROLCO_W49,RACE,Asian,[0.0362888  0.23768196 0.34988902 0.37614022],0.058107395610498075
181,CONTROLCO_W49,RACE,Black,[0.05907126 0.17692329 0.47676154 0.28724391],0.0
182,CONTROLCO_W49,RACE,Hispanic,[0.06223754 0.13601229 0.68413254 0.11761763],0.0
183,CONTROLCO_W49,RACE,Other,[0.03587131 0.09487743 0.3822475  0.48700376],0.0
184,CONTROLCO_W49,RACE,White,[0.02779499 0.13852597 0.52308533 0.31059371],0.0014484643229645156
185,SOCMEDIAUSEc_W49,RACE,Asian,[0.36690786 0.63309214],0.0
186,SOCMEDIAUSEc_W49,RACE,Black,[0.27104875 0.72895125],0.03678113918171237
187,SOCMEDIAUSEc_W49,RACE,Hispanic,[0.24366358 0.75633642],0.034486489795195314
188,SOCMEDIAUSEc_W49,RACE,Other,[0.13828813 0.86171187],0.0
189,SOCMEDIAUSEc_W49,RACE,White,[0.21048889 0.78951111],0.014406345901072537
190,PRIVACYREG_W49,RACE,Asian,[0.0539901  0.34664876 0.41473975 0.18462139],0.0
191,PRIVACYREG_W49,RACE,Black,[0.09466344 0.40513159 0.38489018 0.11531478],0.0014981332318578196
192,PRIVACYREG_W49,RACE,Hispanic,[0.0396294  0.3719125  0.46145271 0.12700539],0.012445150226255522
193,PRIVACYREG_W49,RACE,Other,[0.03237787 0.31973603 0.55230716 0.09557894],0.06029187743903649
194,PRIVACYREG_W49,RACE,White,[0.01847656 0.31931704 0.51732248 0.14488393],0.0011643125253841388
195,TALKDISASNSINT_W49,RACE,Asian,[0.28365517 0.71634483],0.058127207903856816
196,TALKDISASNSINT_W49,RACE,Black,[0.43106843 0.56893157],0.017913785755889314
197,TALKDISASNSINT_W49,RACE,Hispanic,[0.28528767 0.71471233],0.029046199279312533
198,TALKDISASNSINT_W49,RACE,Other,[0.30944353 0.69055647],0.16138166771339357
199,TALKDISASNSINT_W49,RACE,White,[0.25597363 0.74402637],0.04996704791651539
200,PRIVACYNEWS1_W49,RACE,Asian,[0.11367846 0.40425604 0.38978769 0.09227782],0.0
201,PRIVACYNEWS1_W49,RACE,Black,[0.14383024 0.40090376 0.31610329 0.13916272],0.0033023553104297217
202,PRIVACYNEWS1_W49,RACE,Hispanic,[0.12693311 0.39726827 0.37207528 0.10372335],0.0
203,PRIVACYNEWS1_W49,RACE,Other,[0.20426103 0.43855849 0.2165278  0.14065267],0.06029187743903649
204,PRIVACYNEWS1_W49,RACE,White,[0.09618215 0.48294917 0.336955   0.08391368],0.0024233549665166536
205,HOMEASSIST4_W49,RACE,Asian,[0.26790699 0.44307715 0.21693838 0.07207749],0.0
206,HOMEASSIST4_W49,RACE,Black,[0.36660254 0.28292011 0.27416456 0.07631278],0.0024250798489094446
207,HOMEASSIST4_W49,RACE,Hispanic,[0.21459985 0.32327713 0.37840299 0.08372003],0.0
208,HOMEASSIST4_W49,RACE,Other,[0.13778866 0.64274505 0.21946629 0.        ],0.0
209,HOMEASSIST4_W49,RACE,White,[0.13988344 0.39507858 0.33223258 0.13280541],0.010342611290184678
210,FITTRACK_W49,RACE,Asian,[0.31896368 0.68103632],0.0
211,FITTRACK_W49,RACE,Black,[0.22680699 0.77319301],0.004581709044911229
212,FITTRACK_W49,RACE,Hispanic,[0.21833215 0.78166785],0.0
213,FITTRACK_W49,RACE,Other,[0.22826535 0.77173465],0.0
214,FITTRACK_W49,RACE,White,[0.20885142 0.79114858],0.0017833334863460422
215,DATAUSEb_W49,RACE,Asian,[0.69986395 0.30013605],0.16822419743296202
216,DATAUSEb_W49,RACE,Black,[0.60681211 0.39318789],0.26301608339982263
217,DATAUSEb_W49,RACE,Hispanic,[0.69501786 0.30498214],0.30558104448270584
218,DATAUSEb_W49,RACE,Other,[0.73681972 0.26318028],0.41036782828000373
219,DATAUSEb_W49,RACE,White,[0.64548314 0.35451686],0.2298756751834984
220,CONCERNGOV_W49,RACE,Asian,[0.27418839 0.41814991 0.24705973 0.06060197],0.0
221,CONCERNGOV_W49,RACE,Black,[0.35369322 0.33937374 0.1773364  0.12959664],0.008939800788126583
222,CONCERNGOV_W49,RACE,Hispanic,[0.3051163  0.36797496 0.17846977 0.14843896],0.010543327181462343
223,CONCERNGOV_W49,RACE,Other,[0.28014125 0.56030706 0.15955169 0.        ],0.0
224,CONCERNGOV_W49,RACE,White,[0.22975875 0.39764338 0.2883513  0.08424657],0.004180888389749656
225,HOMEASSIST2_W49,RACE,Asian,[0.22920948 0.37455996 0.31317407 0.08305649],0.0
226,HOMEASSIST2_W49,RACE,Black,[0.18418959 0.50620174 0.23944742 0.07016125],0.0
227,HOMEASSIST2_W49,RACE,Hispanic,[0.1635507  0.32566803 0.45754323 0.05323805],0.0
228,HOMEASSIST2_W49,RACE,Other,[0.44078752 0.45218452 0.10702796 0.        ],0.0
229,HOMEASSIST2_W49,RACE,White,[0.13077704 0.39260642 0.38065647 0.09596007],0.0
230,TRACKGOV1a_W49,RACE,Asian,[0.23045858 0.2680003  0.30288127 0.10907483 0.08958501],0.0
231,TRACKGOV1a_W49,RACE,Black,[0.36962824 0.2387393  0.16615698 0.09196938 0.1335061 ],0.005442186993758531
232,TRACKGOV1a_W49,RACE,Hispanic,[0.32687173 0.28190875 0.14880268 0.05947171 0.18294513],0.0
233,TRACKGOV1a_W49,RACE,Other,[0.42297553 0.22111552 0.28834869 0.06756026 0.        ],0.0
234,TRACKGOV1a_W49,RACE,White,[0.20904874 0.23155446 0.3361167  0.1529413  0.0703388 ],0.004546689153156491
235,SHARE1_W49,RACE,Asian,[0.48860733 0.51139267],0.0
236,SHARE1_W49,RACE,Black,[0.5319333 0.4680667],0.015047260284194282
237,SHARE1_W49,RACE,Hispanic,[0.49088622 0.50911378],0.0
238,SHARE1_W49,RACE,Other,[0.3212982 0.6787018],0.06029187743903649
239,SHARE1_W49,RACE,White,[0.51673215 0.48326785],0.003972289125958629
240,HOMEASSIST5b_W49,RACE,Asian,[0.52842295 0.47157705],0.0
241,HOMEASSIST5b_W49,RACE,Black,[0.46062976 0.53937024],0.0
242,HOMEASSIST5b_W49,RACE,Hispanic,[0.27664311 0.72335689],0.0
243,HOMEASSIST5b_W49,RACE,Other,[0.19768785 0.80231215],0.0
244,HOMEASSIST5b_W49,RACE,White,[0.30667126 0.69332874],0.010460039913359637
245,CONCERNGRPd_W49,RACE,Asian,[0.38814272 0.4156797  0.19617758],0.0
246,CONCERNGRPd_W49,RACE,Black,[0.39059347 0.38904328 0.22036325],0.008939800788126583
247,CONCERNGRPd_W49,RACE,Hispanic,[0.32663003 0.41353199 0.25983798],0.0
248,CONCERNGRPd_W49,RACE,Other,[0.49319547 0.50680453 0.        ],0.0
249,CONCERNGRPd_W49,RACE,White,[0.27233034 0.53772397 0.18994569],0.001490167977629754
250,ANONYMOUS1CO_W49,RACE,Asian,[0.45344291 0.54655709],0.023678157235983485
251,ANONYMOUS1CO_W49,RACE,Black,[0.43481033 0.56518967],0.0055909073636875965
252,ANONYMOUS1CO_W49,RACE,Hispanic,[0.40206253 0.59793747],0.0
253,ANONYMOUS1CO_W49,RACE,Other,[0.38171179 0.61828821],0.07658604821496999
254,ANONYMOUS1CO_W49,RACE,White,[0.3529602 0.6470398],0.0021886178668035056
255,PP5a_W49,RACE,Asian,[0.09781807 0.33826518 0.40046548 0.16345126],0.0
256,PP5a_W49,RACE,Black,[0.08668096 0.36364278 0.36666109 0.18301517],0.011236153275686188
257,PP5a_W49,RACE,Hispanic,[0.10232955 0.30759235 0.39032157 0.19975653],0.011348799413112733
258,PP5a_W49,RACE,Other,[0.05149847 0.42163051 0.2430637  0.28380733],0.06029187743903649
259,PP5a_W49,RACE,White,[0.03521595 0.3832559  0.41540303 0.16612512],0.004020946958120206
260,POSNEGCO_W49,RACE,Asian,[0.22763886 0.77236114],0.04198862170748033
261,POSNEGCO_W49,RACE,Black,[0.17126891 0.82873109],0.0204118321276591
262,POSNEGCO_W49,RACE,Hispanic,[0.14775413 0.85224587],0.016002879008390005
263,POSNEGCO_W49,RACE,Other,[0.0088563 0.9911437],0.07658604821496999
264,POSNEGCO_W49,RACE,White,[0.18147183 0.81852817],0.015576569571690214
265,BENEFITGOV_W49,RACE,Asian,[0.05536011 0.30977709 0.63486279 0.        ],0.0
266,BENEFITGOV_W49,RACE,Black,[0.19352389 0.29829979 0.50817631 0.        ],0.013478165801108336
267,BENEFITGOV_W49,RACE,Hispanic,[0.11585632 0.31326058 0.5708831  0.        ],0.01600050488495517
268,BENEFITGOV_W49,RACE,Other,[0.         0.42237801 0.57762199 0.        ],0.0
269,BENEFITGOV_W49,RACE,White,[0.03745385 0.28009638 0.68244977 0.        ],0.015288968695258335
270,RTBFa_W49,RACE,Asian,[0.54732912 0.45267088],0.0
271,RTBFa_W49,RACE,Black,[0.43412967 0.56587033],0.023517807604326677
272,RTBFa_W49,RACE,Hispanic,[0.38557068 0.61442932],0.02587378606861402
273,RTBFa_W49,RACE,Other,[0.25705454 0.74294546],0.0
274,RTBFa_W49,RACE,White,[0.38954653 0.61045347],0.01780141518968227
275,TRACKGOV1b_W49,RACE,Asian,[0.06769357 0.10479126 0.38684984 0.32117457 0.11949076],0.0
276,TRACKGOV1b_W49,RACE,Black,[0.25827726 0.22100307 0.23300347 0.12788355 0.15983265],0.011496629483221388
277,TRACKGOV1b_W49,RACE,Hispanic,[0.10529277 0.16832371 0.30627388 0.16775968 0.25234997],0.0
278,TRACKGOV1b_W49,RACE,Other,[0.15933293 0.33386254 0.15089558 0.26391752 0.09199143],0.0
279,TRACKGOV1b_W49,RACE,White,[0.08145575 0.11757656 0.3395956  0.30389662 0.15747547],0.0036764277863921375
280,SOCMEDIAUSEd_W49,RACE,Asian,[0.46816025 0.53183975],0.0025284150905695315
281,SOCMEDIAUSEd_W49,RACE,Black,[0.3193078 0.6806922],0.03566985445880525
282,SOCMEDIAUSEd_W49,RACE,Hispanic,[0.4057875 0.5942125],0.02434045006729677
283,SOCMEDIAUSEd_W49,RACE,Other,[0.36685877 0.63314123],0.01907922419421093
284,SOCMEDIAUSEd_W49,RACE,White,[0.26825919 0.73174081],0.013506984869620249
285,DATAUSEd_W49,RACE,Asian,[0.67448342 0.32551658],0.24345003655401512
286,DATAUSEd_W49,RACE,Black,[0.59800689 0.40199311],0.23528078382663659
287,DATAUSEd_W49,RACE,Hispanic,[0.64473024 0.35526976],0.2730968341257377
288,DATAUSEd_W49,RACE,Other,[0.39619078 0.60380922],0.3338625426169072
289,DATAUSEd_W49,RACE,White,[0.51710927 0.48289073],0.2145372863839295
290,DATAUSEa_W49,RACE,Asian,[0.60665797 0.39334203],0.10104797768638187
291,DATAUSEa_W49,RACE,Black,[0.64187859 0.35812141],0.19184002828000063
292,DATAUSEa_W49,RACE,Hispanic,[0.53225494 0.46774506],0.2661452315085147
293,DATAUSEa_W49,RACE,Other,[0.80072001 0.19927999],0.3323410284998254
294,DATAUSEa_W49,RACE,White,[0.61969585 0.38030415],0.1892173975031119
295,SOCMEDIAUSEa_W49,RACE,Asian,[0.78642035 0.21357965],0.0
296,SOCMEDIAUSEa_W49,RACE,Black,[0.73875043 0.26124957],0.0023970599939498395
297,SOCMEDIAUSEa_W49,RACE,Hispanic,[0.63520143 0.36479857],0.007520608659042717
298,SOCMEDIAUSEa_W49,RACE,Other,[0.63430959 0.36569041],0.0
299,SOCMEDIAUSEa_W49,RACE,White,[0.72946749 0.27053251],0.002870239064015063
300,PP6c_W49,RACE,Asian,[0.16679267 0.39266503 0.33132255 0.10921975],0.006942760028560003
301,PP6c_W49,RACE,Black,[0.07752793 0.39000016 0.32475246 0.20771945],0.004078195144828012
302,PP6c_W49,RACE,Hispanic,[0.10111946 0.38924505 0.31909386 0.19054163],0.0
303,PP6c_W49,RACE,Other,[0.05149847 0.32150995 0.24475318 0.3822384 ],0.06029187743903649
304,PP6c_W49,RACE,White,[0.07750788 0.44410776 0.31108502 0.16729935],0.004763993989509278
305,FACE4b_W49,RACE,Asian,[0.38604589 0.61395411],0.16281622737458576
306,FACE4b_W49,RACE,Black,[0.39695954 0.60304046],0.21545708146882162
307,FACE4b_W49,RACE,Hispanic,[0.26567464 0.73432536],0.16750187310939688
308,FACE4b_W49,RACE,Other,[0.53486782 0.46513218],0.14991688276010748
309,FACE4b_W49,RACE,White,[0.43671603 0.56328397],0.17344443372372884
310,DATAUSEe_W49,RACE,Asian,[0.50967624 0.49032376],0.2928828498325173
311,DATAUSEe_W49,RACE,Black,[0.54560158 0.45439842],0.27816099020255375
312,DATAUSEe_W49,RACE,Hispanic,[0.448902 0.551098],0.32612020520521245
313,DATAUSEe_W49,RACE,Other,[0. 1.],0.37666454053532356
314,DATAUSEe_W49,RACE,White,[0.33499964 0.66500036],0.27001346640871643
315,HOMEIOT_W49,RACE,Asian,[0.25230173 0.74769827],0.0
316,HOMEIOT_W49,RACE,Black,[0.19512678 0.80487322],0.011411464540481923
317,HOMEIOT_W49,RACE,Hispanic,[0.18048953 0.81951047],0.0
318,HOMEIOT_W49,RACE,Other,[0.15174691 0.84825309],0.0
319,HOMEIOT_W49,RACE,White,[0.20165552 0.79834448],0.004072422886214925
320,SOCMEDIAUSEb_W49,RACE,Asian,[0.42881246 0.57118754],0.0
321,SOCMEDIAUSEb_W49,RACE,Black,[0.48605969 0.51394031],0.01416658018692217
322,SOCMEDIAUSEb_W49,RACE,Hispanic,[0.48398188 0.51601812],0.024776597059382933
323,SOCMEDIAUSEb_W49,RACE,Other,[0.40817829 0.59182171],0.0
324,SOCMEDIAUSEb_W49,RACE,White,[0.35165084 0.64834916],0.010600079280602442
325,CONTROLGRPb_W49,RACE,Asian,[0.13017947 0.55570806 0.31411247 0.        ],0.0
326,CONTROLGRPb_W49,RACE,Black,[0.14470987 0.4272239  0.3361085  0.09195773],0.0
327,CONTROLGRPb_W49,RACE,Hispanic,[0.1896714  0.4854005  0.27544932 0.04947878],0.016002879008390005
328,CONTROLGRPb_W49,RACE,Other,[0.16637694 0.30246238 0.43251296 0.09864773],0.0
329,CONTROLGRPb_W49,RACE,White,[0.07371824 0.37784187 0.52823389 0.02020601],0.004464737074485417
330,DB1b_W49,RACE,Asian,[0.09650321 0.90349679 0.        ],0.0
331,DB1b_W49,RACE,Black,[0.19268079 0.70439819 0.10292102],0.007446388036868919
332,DB1b_W49,RACE,Hispanic,[0.0397289  0.87804722 0.08222388],0.0026301356257904967
333,DB1b_W49,RACE,Other,[0.05329468 0.86713686 0.07956845],0.023987648933742785
334,DB1b_W49,RACE,White,[0.06618722 0.90736301 0.02644977],0.005015331786233714
335,RTDc_W49,RACE,Asian,[0.74198809 0.25801191],0.0
336,RTDc_W49,RACE,Black,[0.59548522 0.40451478],0.04934056873431126
337,RTDc_W49,RACE,Hispanic,[0.67876119 0.32123881],0.006576305490239572
338,RTDc_W49,RACE,Other,[0.77869078 0.22130922],0.11274702242085408
339,RTDc_W49,RACE,White,[0.72906963 0.27093037],0.020276593993879634
340,CONCERNGRPa_W49,RACE,Asian,[0.38126933 0.41588732 0.20284335],0.0
341,CONCERNGRPa_W49,RACE,Black,[0.38693049 0.33391476 0.27915475],0.0
342,CONCERNGRPa_W49,RACE,Hispanic,[0.3741975  0.30982887 0.31597363],0.0
343,CONCERNGRPa_W49,RACE,Other,[0.45125618 0.08103661 0.46770721],0.07658604821496998
344,CONCERNGRPa_W49,RACE,White,[0.21513467 0.36204577 0.42281957],0.0003550752878879177
345,FACE1_W49,RACE,Asian,[0.39312564 0.50313045 0.10374391],0.0
346,FACE1_W49,RACE,Black,[0.25448215 0.530656   0.21486185],0.005209192195038095
347,FACE1_W49,RACE,Hispanic,[0.23280077 0.57163308 0.19556614],0.0
348,FACE1_W49,RACE,Other,[0.30626647 0.44851905 0.24521448],0.023987648933742788
349,FACE1_W49,RACE,White,[0.24111376 0.64494102 0.11394522],0.0026012013525459126
350,CONTROLGRPc_W49,RACE,Asian,[0.16896495 0.50767579 0.32335926],0.0
351,CONTROLGRPc_W49,RACE,Black,[0.21219796 0.46912713 0.31867491],0.0
352,CONTROLGRPc_W49,RACE,Hispanic,[0.2201498  0.49519734 0.28465286],0.034962622317853194
353,CONTROLGRPc_W49,RACE,Other,[0.12841772 0.37661057 0.49497171],0.0
354,CONTROLGRPc_W49,RACE,White,[0.0907996  0.42773006 0.48147034],0.001172628819055326
355,FACE3b_W49,RACE,Asian,[0.10071755 0.32686505 0.3612084  0.211209  ],0.0
356,FACE3b_W49,RACE,Black,[0.09999924 0.43863376 0.27812847 0.18323853],0.015045713201980978
357,FACE3b_W49,RACE,Hispanic,[0.07179718 0.53357113 0.22638481 0.16824689],0.020073329475811214
358,FACE3b_W49,RACE,Other,[0.15224079 0.32263518 0.20005889 0.32506514],0.1106289269936808
359,FACE3b_W49,RACE,White,[0.05195437 0.33922876 0.37024975 0.23856712],0.008797758706546456
360,CONTROLGRPd_W49,RACE,Asian,[0.25712305 0.45684669 0.28603026],0.0
361,CONTROLGRPd_W49,RACE,Black,[0.25314241 0.43610997 0.31074762],0.006430168816963546
362,CONTROLGRPd_W49,RACE,Hispanic,[0.27486688 0.51006168 0.21507144],0.03609992963879089
363,CONTROLGRPd_W49,RACE,Other,[0.06756026 0.84276336 0.08967639],0.0
364,CONTROLGRPd_W49,RACE,White,[0.15578201 0.55781053 0.28640746],0.0022786618950832132
365,PWMAN2_W49,RACE,Asian,"[0.15525796 0.07533352 0.20176061 0.00592352 0.11316994 0.22855943
 0.05463933 0.16535569 0.        ]",0.0
366,PWMAN2_W49,RACE,Black,"[0.17423068 0.11693029 0.15122944 0.01761786 0.04225939 0.24234347
 0.01534308 0.10982249 0.13022329]",0.00328644730075408
367,PWMAN2_W49,RACE,Hispanic,"[0.15356805 0.06652399 0.19727937 0.02801859 0.02700854 0.19571927
 0.05147466 0.17387818 0.10652935]",0.005991415021309597
368,PWMAN2_W49,RACE,Other,"[0.32832623 0.04140581 0.15037793 0.03098075 0.07249117 0.15129774
 0.07377419 0.05309256 0.09825361]",0.07087381411687424
369,PWMAN2_W49,RACE,White,"[0.18354167 0.06046075 0.19630899 0.01465016 0.04666992 0.29764492
 0.03497647 0.13280698 0.03294014]",0.004563642385096972
370,FACE2c_W49,RACE,Asian,[0.24526411 0.38978846 0.32813218 0.03681525],0.0
371,FACE2c_W49,RACE,Black,[0.14605269 0.49833601 0.28576853 0.06984277],0.016377002806279857
372,FACE2c_W49,RACE,Hispanic,[0.09365528 0.50140422 0.30249212 0.10244838],0.03314575502958378
373,FACE2c_W49,RACE,Other,[0.24990861 0.57517866 0.06943128 0.10548144],0.1106289269936808
374,FACE2c_W49,RACE,White,[0.18701131 0.56766332 0.20841391 0.03691146],0.017485254734292677
375,CONCERNGRPb_W49,RACE,Asian,[0.49065596 0.47802427 0.03131978],0.0
376,CONCERNGRPb_W49,RACE,Black,[0.4362211  0.36322466 0.20055424],0.0
377,CONCERNGRPb_W49,RACE,Hispanic,[0.46817555 0.40908731 0.12273714],0.0
378,CONCERNGRPb_W49,RACE,Other,[0.44461372 0.26776743 0.28761885],0.07658604821496998
379,CONCERNGRPb_W49,RACE,White,[0.37246455 0.46288696 0.16464849],0.0024509990302190193
380,HOMEASSIST1_W49,RACE,Asian,[0.39349292 0.60650708],0.0
381,HOMEASSIST1_W49,RACE,Black,[0.19742548 0.80257452],0.005478006187154127
382,HOMEASSIST1_W49,RACE,Hispanic,[0.21236533 0.78763467],0.0
383,HOMEASSIST1_W49,RACE,Other,[0.1384673 0.8615327],0.0
384,HOMEASSIST1_W49,RACE,White,[0.25553017 0.74446983],0.0011512608046501276
385,DATAUSEf_W49,RACE,Asian,[0.34649937 0.65350063],0.3761872479081169
386,DATAUSEf_W49,RACE,Black,[0.34425138 0.65574862],0.2902598342318478
387,DATAUSEf_W49,RACE,Hispanic,[0.35480195 0.64519805],0.33023481955091133
388,DATAUSEf_W49,RACE,Other,[0.14381248 0.85618752],0.5302198040726416
389,DATAUSEf_W49,RACE,White,[0.34562175 0.65437825],0.2358540420639543
390,RTBFb_W49,RACE,Asian,[0.62858775 0.37141225],0.0
391,RTBFb_W49,RACE,Black,[0.65552031 0.34447969],0.007659764635807474
392,RTBFb_W49,RACE,Hispanic,[0.66962101 0.33037899],0.02379745605581967
393,RTBFb_W49,RACE,Other,[0.76738209 0.23261791],0.0
394,RTBFb_W49,RACE,White,[0.68186457 0.31813543],0.015770623833750365
395,DB1c_W49,RACE,Asian,[0.13218928 0.86781072],0.0
396,DB1c_W49,RACE,Black,[0.11829364 0.88170636],0.0031152652467073077
397,DB1c_W49,RACE,Hispanic,[0.07458851 0.92541149],0.014489451010719157
398,DB1c_W49,RACE,Other,[0.06095345 0.93904655],0.023987648933742788
399,DB1c_W49,RACE,White,[0.04790612 0.95209388],0.004166018063532192
400,FACE4c_W49,RACE,Asian,[0.1939954 0.8060046],0.1685182488882298
401,FACE4c_W49,RACE,Black,[0.20079149 0.79920851],0.21388769453661438
402,FACE4c_W49,RACE,Hispanic,[0.24791347 0.75208653],0.27230160377963003
403,FACE4c_W49,RACE,Other,[0.08495351 0.91504649],0.0
404,FACE4c_W49,RACE,White,[0.21925909 0.78074091],0.17967872097025575
405,TRACKCO1b_W49,RACE,Asian,[0.1619198  0.2837201  0.26365509 0.2040981  0.08660691],0.0
406,TRACKCO1b_W49,RACE,Black,[0.138244   0.13401391 0.27798145 0.22843203 0.22132861],0.002333911823859692
407,TRACKCO1b_W49,RACE,Hispanic,[0.14159054 0.18037639 0.38232793 0.15691016 0.13879498],0.016002879008390005
408,TRACKCO1b_W49,RACE,Other,[0.13324004 0.09311299 0.20511894 0.32556505 0.24296298],0.0
409,TRACKCO1b_W49,RACE,White,[0.10385227 0.19490772 0.4154162  0.19235341 0.0934704 ],0.002965965203601073
410,RTDb_W49,RACE,Asian,[0.8380695 0.1619305],0.0
411,RTDb_W49,RACE,Black,[0.80964195 0.19035805],0.031744625678904306
412,RTDb_W49,RACE,Hispanic,[0.80438204 0.19561796],0.0074532028731985394
413,RTDb_W49,RACE,Other,[1. 0.],0.11274702242085408
414,RTDb_W49,RACE,White,[0.90814496 0.09185504],0.01819775722603643
415,HOMEASSIST3_W49,RACE,Asian,[0.28625443 0.24042307 0.47332249],0.0
416,HOMEASSIST3_W49,RACE,Black,[0.2453847  0.33997281 0.41464249],0.0
417,HOMEASSIST3_W49,RACE,Hispanic,[0.17776238 0.35510836 0.46712926],0.0
418,HOMEASSIST3_W49,RACE,Other,[0.25022699 0.64274505 0.10702796],0.0
419,HOMEASSIST3_W49,RACE,White,[0.17987305 0.35498319 0.46514376],0.005399171328516038
420,SMARTAPP_W49,RACE,Asian,[0.39457017 0.21082069 0.37370825 0.02090089],0.009265201011565428
421,SMARTAPP_W49,RACE,Black,[0.50251815 0.23587773 0.22098154 0.04062258],0.010022991465472425
422,SMARTAPP_W49,RACE,Hispanic,[0.47057257 0.15438444 0.35137283 0.02367016],0.0
423,SMARTAPP_W49,RACE,Other,[0.59400241 0.09865954 0.28939749 0.01794056],0.0
424,SMARTAPP_W49,RACE,White,[0.44944037 0.17084458 0.31835611 0.06135894],0.0028879903511520653
425,UNDERSTANDGOV_W49,RACE,Asian,[0.06156772 0.20557293 0.47192093 0.26093843],0.0
426,UNDERSTANDGOV_W49,RACE,Black,[0.0806626  0.18260408 0.41238201 0.32435132],0.0
427,UNDERSTANDGOV_W49,RACE,Hispanic,[0.06347294 0.29768866 0.42606878 0.21276962],0.0
428,UNDERSTANDGOV_W49,RACE,Other,[0.         0.41747278 0.21493463 0.36759259],0.0
429,UNDERSTANDGOV_W49,RACE,White,[0.03514544 0.15549517 0.57005639 0.239303  ],0.0024552766493739697
430,CONCERNGRPe_W49,RACE,Asian,[0.19809828 0.42595936 0.37594236],0.0
431,CONCERNGRPe_W49,RACE,Black,[0.25912475 0.35073383 0.39014142],0.00893980078812658
432,CONCERNGRPe_W49,RACE,Hispanic,[0.1609193  0.36819532 0.47088538],0.0
433,CONCERNGRPe_W49,RACE,Other,[0.20242341 0.14737437 0.65020222],0.0
434,CONCERNGRPe_W49,RACE,White,[0.05443873 0.31836484 0.62719643],0.0007257947745446826
435,PROFILE5_W49,RACE,Asian,[0.1019984  0.51767952 0.30810433 0.07221775],0.015835966226436456
436,PROFILE5_W49,RACE,Black,[0.09617767 0.57712154 0.30199405 0.02470675],0.0
437,PROFILE5_W49,RACE,Hispanic,[0.09414252 0.51480034 0.31697979 0.07407734],0.0008963959220693771
438,PROFILE5_W49,RACE,Other,[0.0137018  0.51768453 0.26235706 0.20625661],0.0320718978081646
439,PROFILE5_W49,RACE,White,[0.06321924 0.55022454 0.33889355 0.04766267],0.0023843653891743254
440,ELECTFTGSNSINT_W49,RACE,Asian,[0.22631638 0.38260579 0.39107783],0.0
441,ELECTFTGSNSINT_W49,RACE,Black,[0.18019552 0.35637742 0.46342705],0.006445173970667147
442,ELECTFTGSNSINT_W49,RACE,Hispanic,[0.2067295 0.3347525 0.458518 ],0.02405280028015138
443,ELECTFTGSNSINT_W49,RACE,Other,[0.25054658 0.19252264 0.55693078],0.0
444,ELECTFTGSNSINT_W49,RACE,White,[0.14083919 0.49441247 0.36474833],0.005165748037111947
445,PP6a_W49,RACE,Asian,[0.15838175 0.52057125 0.24140475 0.07964225],0.0
446,PP6a_W49,RACE,Black,[0.09827612 0.46651617 0.25781048 0.17739723],0.004078195144828012
447,PP6a_W49,RACE,Hispanic,[0.1312958  0.46859032 0.22947155 0.17064233],0.0
448,PP6a_W49,RACE,Other,[0.06709423 0.50652702 0.28576698 0.14061177],0.06029187743903649
449,PP6a_W49,RACE,White,[0.10148467 0.47936946 0.29696133 0.12218454],0.006437750817067215
450,RTBFd_W49,RACE,Asian,[0.8113742 0.1886258],0.0
451,RTBFd_W49,RACE,Black,[0.80939972 0.19060028],0.026222335383655537
452,RTBFd_W49,RACE,Hispanic,[0.83743182 0.16256818],0.02587378606861402
453,RTBFd_W49,RACE,Other,[0.97592969 0.02407031],0.15485703535575976
454,RTBFd_W49,RACE,White,[0.87899832 0.12100168],0.010699155984964268
455,CONCERNGRPf_W49,RACE,Asian,[0.56789035 0.32174301 0.11036664],0.0
456,CONCERNGRPf_W49,RACE,Black,[0.49694136 0.35471884 0.1483398 ],0.011175265493757042
457,CONCERNGRPf_W49,RACE,Hispanic,[0.4528385  0.37054221 0.17661929],0.0
458,CONCERNGRPf_W49,RACE,Other,[0.8201734  0.10368118 0.07614543],0.0
459,CONCERNGRPf_W49,RACE,White,[0.37435361 0.48688377 0.13876262],0.0005298997811313956
460,DB1a_W49,RACE,Asian,[0.20054147 0.79945853],0.0
461,DB1a_W49,RACE,Black,[0.20534034 0.79465966],0.008992379911524408
462,DB1a_W49,RACE,Hispanic,[0.19306775 0.80693225],0.014569607686780874
463,DB1a_W49,RACE,Other,[0.21589802 0.78410198],0.023987648933742785
464,DB1a_W49,RACE,White,[0.2190328 0.7809672],0.004592120642143424
465,PP5b_W49,RACE,Asian,[0.07442388 0.33883348 0.39312105 0.19362159],0.0
466,PP5b_W49,RACE,Black,[0.11694972 0.31936991 0.36565792 0.19802246],0.006917663851048113
467,PP5b_W49,RACE,Hispanic,[0.08206771 0.25972716 0.39488804 0.26331709],0.020444795629177573
468,PP5b_W49,RACE,Other,[0.05843599 0.17038411 0.4422022  0.3289777 ],0.08477910630448364
469,PP5b_W49,RACE,White,[0.0366022  0.29382776 0.41948649 0.25008355],0.00334131417105663
470,PWMAN_W49,RACE,Asian,[0.23841295 0.76158705],0.0
471,PWMAN_W49,RACE,Black,[0.20911651 0.79088349],0.0048546620799103735
472,PWMAN_W49,RACE,Hispanic,[0.2255475 0.7744525],0.0
473,PWMAN_W49,RACE,Other,[0.14930672 0.85069328],0.0
474,PWMAN_W49,RACE,White,[0.19340431 0.80659569],0.004953205539926515
475,RTDd_W49,RACE,Asian,[0.71532317 0.28467683],0.0
476,RTDd_W49,RACE,Black,[0.70435059 0.29564941],0.034152734951473473
477,RTDd_W49,RACE,Hispanic,[0.74886338 0.25113662],0.006576305490239572
478,RTDd_W49,RACE,Other,[0.77869078 0.22130922],0.11274702242085408
479,RTDd_W49,RACE,White,[0.82875156 0.17124844],0.018001599519033237
480,FACE3c_W49,RACE,Asian,[0.1981929  0.35927448 0.31677604 0.12575657],0.0020618111952397686
481,FACE3c_W49,RACE,Black,[0.13501557 0.42616086 0.23463255 0.20419102],0.010446155870379687
482,FACE3c_W49,RACE,Hispanic,[0.20225787 0.46969395 0.16491494 0.16313324],0.01773834331730774
483,FACE3c_W49,RACE,Other,[0.32104119 0.32840148 0.24648513 0.1040722 ],0.0
484,FACE3c_W49,RACE,White,[0.21540398 0.47455643 0.18611788 0.12392171],0.008948431842996487
485,UNDERSTANDCO_W49,RACE,Asian,[0.10960629 0.25431731 0.45621924 0.17985716],0.0
486,UNDERSTANDCO_W49,RACE,Black,[0.08509053 0.30314831 0.45648305 0.15527811],0.005221920680721028
487,UNDERSTANDCO_W49,RACE,Hispanic,[0.12147505 0.28750012 0.49516145 0.09586337],0.016002879008390005
488,UNDERSTANDCO_W49,RACE,Other,[0.0766953  0.25425488 0.46075493 0.20829489],0.07658604821496999
489,UNDERSTANDCO_W49,RACE,White,[0.04608749 0.36015982 0.49501403 0.09873866],0.006054633329877299
